ISO-10303-21;
HEADER;
FILE_DESCRIPTION(('FreeCAD Model'),'2;1');
FILE_NAME('Open CASCADE Shape Model','2026-10-09T13:52:47',('FreeCAD'),(
    'FreeCAD'),'Open CASCADE STEP processor 7.8','FreeCAD','Unknown');
FILE_SCHEMA(('AUTOMOTIVE_DESIGN { 1 0 10303 214 1 1 1 1 }'));
ENDSEC;
DATA;
#1 = APPLICATION_PROTOCOL_DEFINITION('international standard',
  'automotive_design',2000,#2);
#2 = APPLICATION_CONTEXT(
  'core data for automotive mechanical design processes');
#3 = SHAPE_DEFINITION_REPRESENTATION(#4,#10);
#4 = PRODUCT_DEFINITION_SHAPE('','',#5);
#5 = PRODUCT_DEFINITION('design','',#6,#9);
#6 = PRODUCT_DEFINITION_FORMATION('','',#7);
#7 = PRODUCT('Open CASCADE STEP translator 7.8 2',
  'Open CASCADE STEP translator 7.8 2','',(#8));
#8 = PRODUCT_CONTEXT('',#2,'mechanical');
#9 = PRODUCT_DEFINITION_CONTEXT('part definition',#2,'design');
#10 = ADVANCED_BREP_SHAPE_REPRESENTATION('',(#11,#15),#9537);
#11 = AXIS2_PLACEMENT_3D('',#12,#13,#14);
#12 = CARTESIAN_POINT('',(0.,0.,0.));
#13 = DIRECTION('',(0.,0.,1.));
#14 = DIRECTION('',(1.,0.,-0.));
#15 = MANIFOLD_SOLID_BREP('',#16);
#16 = CLOSED_SHELL('',(#17,#137,#213,#469,#523,#642,#718,#921,#994,#1041
    ,#1087,#1160,#1207,#1253,#1302,#1416,#1492,#1547,#1574,#2036,#2083,
    #2130,#2155,#2202,#2249,#2274,#2406,#2538,#2614,#2669,#2696,#2752,
    #2777,#2852,#2905,#2958,#3089,#3249,#3295,#3341,#3352,#3427,#3480,
    #3533,#3664,#4359,#4519,#4565,#4611,#4622,#4671,#4720,#4747,#4796,
    #4845,#4872,#4928,#4953,#4959,#5035,#5084,#5133,#5237,#5283,#5310,
    #5336,#5405,#5481,#5530,#5579,#5683,#5729,#5756,#5782,#7130,#7366,
    #7411,#7621,#7690,#7696,#7703,#7730,#7757,#7764,#7771,#7798,#7825,
    #7832,#8088,#8386,#8663,#8898,#9197,#9224,#9397,#9477,#9533));
#17 = ADVANCED_FACE('',(#18),#32,.F.);
#18 = FACE_BOUND('',#19,.F.);
#19 = EDGE_LOOP('',(#20,#55,#83,#111));
#20 = ORIENTED_EDGE('',*,*,#21,.F.);
#21 = EDGE_CURVE('',#22,#24,#26,.T.);
#22 = VERTEX_POINT('',#23);
#23 = CARTESIAN_POINT('',(47.,0.,0.));
#24 = VERTEX_POINT('',#25);
#25 = CARTESIAN_POINT('',(0.,0.,1.043609643148E-14));
#26 = SURFACE_CURVE('',#27,(#31,#43),.PCURVE_S1.);
#27 = LINE('',#28,#29);
#28 = CARTESIAN_POINT('',(47.,0.,0.));
#29 = VECTOR('',#30,1.);
#30 = DIRECTION('',(-1.,0.,2.22044604925E-16));
#31 = PCURVE('',#32,#37);
#32 = PLANE('',#33);
#33 = AXIS2_PLACEMENT_3D('',#34,#35,#36);
#34 = CARTESIAN_POINT('',(47.,0.,0.));
#35 = DIRECTION('',(2.22044604925E-16,0.,1.));
#36 = DIRECTION('',(-1.,0.,2.22044604925E-16));
#37 = DEFINITIONAL_REPRESENTATION('',(#38),#42);
#38 = LINE('',#39,#40);
#39 = CARTESIAN_POINT('',(0.,0.));
#40 = VECTOR('',#41,1.);
#41 = DIRECTION('',(1.,0.));
#42 = ( GEOMETRIC_REPRESENTATION_CONTEXT(2) 
PARAMETRIC_REPRESENTATION_CONTEXT() REPRESENTATION_CONTEXT('2D SPACE',''
  ) );
#43 = PCURVE('',#44,#49);
#44 = PLANE('',#45);
#45 = AXIS2_PLACEMENT_3D('',#46,#47,#48);
#46 = CARTESIAN_POINT('',(47.,0.,0.));
#47 = DIRECTION('',(-0.,1.,0.));
#48 = DIRECTION('',(-1.,0.,2.22044604925E-16));
#49 = DEFINITIONAL_REPRESENTATION('',(#50),#54);
#50 = LINE('',#51,#52);
#51 = CARTESIAN_POINT('',(0.,0.));
#52 = VECTOR('',#53,1.);
#53 = DIRECTION('',(1.,0.));
#54 = ( GEOMETRIC_REPRESENTATION_CONTEXT(2) 
PARAMETRIC_REPRESENTATION_CONTEXT() REPRESENTATION_CONTEXT('2D SPACE',''
  ) );
#55 = ORIENTED_EDGE('',*,*,#56,.T.);
#56 = EDGE_CURVE('',#22,#57,#59,.T.);
#57 = VERTEX_POINT('',#58);
#58 = CARTESIAN_POINT('',(47.,82.,0.));
#59 = SURFACE_CURVE('',#60,(#64,#71),.PCURVE_S1.);
#60 = LINE('',#61,#62);
#61 = CARTESIAN_POINT('',(47.,0.,0.));
#62 = VECTOR('',#63,1.);
#63 = DIRECTION('',(-0.,1.,0.));
#64 = PCURVE('',#32,#65);
#65 = DEFINITIONAL_REPRESENTATION('',(#66),#70);
#66 = LINE('',#67,#68);
#67 = CARTESIAN_POINT('',(0.,0.));
#68 = VECTOR('',#69,1.);
#69 = DIRECTION('',(0.,-1.));
#70 = ( GEOMETRIC_REPRESENTATION_CONTEXT(2) 
PARAMETRIC_REPRESENTATION_CONTEXT() REPRESENTATION_CONTEXT('2D SPACE',''
  ) );
#71 = PCURVE('',#72,#77);
#72 = PLANE('',#73);
#73 = AXIS2_PLACEMENT_3D('',#74,#75,#76);
#74 = CARTESIAN_POINT('',(47.,0.,0.));
#75 = DIRECTION('',(-1.,0.,2.22044604925E-16));
#76 = DIRECTION('',(2.22044604925E-16,0.,1.));
#77 = DEFINITIONAL_REPRESENTATION('',(#78),#82);
#78 = LINE('',#79,#80);
#79 = CARTESIAN_POINT('',(0.,0.));
#80 = VECTOR('',#81,1.);
#81 = DIRECTION('',(0.,1.));
#82 = ( GEOMETRIC_REPRESENTATION_CONTEXT(2) 
PARAMETRIC_REPRESENTATION_CONTEXT() REPRESENTATION_CONTEXT('2D SPACE',''
  ) );
#83 = ORIENTED_EDGE('',*,*,#84,.T.);
#84 = EDGE_CURVE('',#57,#85,#87,.T.);
#85 = VERTEX_POINT('',#86);
#86 = CARTESIAN_POINT('',(0.,82.,1.043609643148E-14));
#87 = SURFACE_CURVE('',#88,(#92,#99),.PCURVE_S1.);
#88 = LINE('',#89,#90);
#89 = CARTESIAN_POINT('',(47.,82.,0.));
#90 = VECTOR('',#91,1.);
#91 = DIRECTION('',(-1.,0.,2.22044604925E-16));
#92 = PCURVE('',#32,#93);
#93 = DEFINITIONAL_REPRESENTATION('',(#94),#98);
#94 = LINE('',#95,#96);
#95 = CARTESIAN_POINT('',(0.,-82.));
#96 = VECTOR('',#97,1.);
#97 = DIRECTION('',(1.,0.));
#98 = ( GEOMETRIC_REPRESENTATION_CONTEXT(2) 
PARAMETRIC_REPRESENTATION_CONTEXT() REPRESENTATION_CONTEXT('2D SPACE',''
  ) );
#99 = PCURVE('',#100,#105);
#100 = PLANE('',#101);
#101 = AXIS2_PLACEMENT_3D('',#102,#103,#104);
#102 = CARTESIAN_POINT('',(47.,82.,0.));
#103 = DIRECTION('',(-0.,1.,0.));
#104 = DIRECTION('',(-1.,0.,2.22044604925E-16));
#105 = DEFINITIONAL_REPRESENTATION('',(#106),#110);
#106 = LINE('',#107,#108);
#107 = CARTESIAN_POINT('',(0.,0.));
#108 = VECTOR('',#109,1.);
#109 = DIRECTION('',(1.,0.));
#110 = ( GEOMETRIC_REPRESENTATION_CONTEXT(2) 
PARAMETRIC_REPRESENTATION_CONTEXT() REPRESENTATION_CONTEXT('2D SPACE',''
  ) );
#111 = ORIENTED_EDGE('',*,*,#112,.F.);
#112 = EDGE_CURVE('',#24,#85,#113,.T.);
#113 = SURFACE_CURVE('',#114,(#118,#125),.PCURVE_S1.);
#114 = LINE('',#115,#116);
#115 = CARTESIAN_POINT('',(0.,0.,1.043609643148E-14));
#116 = VECTOR('',#117,1.);
#117 = DIRECTION('',(-0.,1.,0.));
#118 = PCURVE('',#32,#119);
#119 = DEFINITIONAL_REPRESENTATION('',(#120),#124);
#120 = LINE('',#121,#122);
#121 = CARTESIAN_POINT('',(47.,0.));
#122 = VECTOR('',#123,1.);
#123 = DIRECTION('',(0.,-1.));
#124 = ( GEOMETRIC_REPRESENTATION_CONTEXT(2) 
PARAMETRIC_REPRESENTATION_CONTEXT() REPRESENTATION_CONTEXT('2D SPACE',''
  ) );
#125 = PCURVE('',#126,#131);
#126 = PLANE('',#127);
#127 = AXIS2_PLACEMENT_3D('',#128,#129,#130);
#128 = CARTESIAN_POINT('',(0.,0.,1.043609643148E-14));
#129 = DIRECTION('',(-1.,0.,2.22044604925E-16));
#130 = DIRECTION('',(2.22044604925E-16,0.,1.));
#131 = DEFINITIONAL_REPRESENTATION('',(#132),#136);
#132 = LINE('',#133,#134);
#133 = CARTESIAN_POINT('',(0.,0.));
#134 = VECTOR('',#135,1.);
#135 = DIRECTION('',(0.,1.));
#136 = ( GEOMETRIC_REPRESENTATION_CONTEXT(2) 
PARAMETRIC_REPRESENTATION_CONTEXT() REPRESENTATION_CONTEXT('2D SPACE',''
  ) );
#137 = ADVANCED_FACE('',(#138),#44,.F.);
#138 = FACE_BOUND('',#139,.F.);
#139 = EDGE_LOOP('',(#140,#163,#164,#187));
#140 = ORIENTED_EDGE('',*,*,#141,.F.);
#141 = EDGE_CURVE('',#22,#142,#144,.T.);
#142 = VERTEX_POINT('',#143);
#143 = CARTESIAN_POINT('',(47.,0.,76.));
#144 = SURFACE_CURVE('',#145,(#149,#156),.PCURVE_S1.);
#145 = LINE('',#146,#147);
#146 = CARTESIAN_POINT('',(47.,0.,0.));
#147 = VECTOR('',#148,1.);
#148 = DIRECTION('',(2.22044604925E-16,0.,1.));
#149 = PCURVE('',#44,#150);
#150 = DEFINITIONAL_REPRESENTATION('',(#151),#155);
#151 = LINE('',#152,#153);
#152 = CARTESIAN_POINT('',(0.,0.));
#153 = VECTOR('',#154,1.);
#154 = DIRECTION('',(0.,1.));
#155 = ( GEOMETRIC_REPRESENTATION_CONTEXT(2) 
PARAMETRIC_REPRESENTATION_CONTEXT() REPRESENTATION_CONTEXT('2D SPACE',''
  ) );
#156 = PCURVE('',#72,#157);
#157 = DEFINITIONAL_REPRESENTATION('',(#158),#162);
#158 = LINE('',#159,#160);
#159 = CARTESIAN_POINT('',(0.,0.));
#160 = VECTOR('',#161,1.);
#161 = DIRECTION('',(1.,0.));
#162 = ( GEOMETRIC_REPRESENTATION_CONTEXT(2) 
PARAMETRIC_REPRESENTATION_CONTEXT() REPRESENTATION_CONTEXT('2D SPACE',''
  ) );
#163 = ORIENTED_EDGE('',*,*,#21,.T.);
#164 = ORIENTED_EDGE('',*,*,#165,.T.);
#165 = EDGE_CURVE('',#24,#166,#168,.T.);
#166 = VERTEX_POINT('',#167);
#167 = CARTESIAN_POINT('',(1.42108547152E-14,0.,76.));
#168 = SURFACE_CURVE('',#169,(#173,#180),.PCURVE_S1.);
#169 = LINE('',#170,#171);
#170 = CARTESIAN_POINT('',(0.,0.,1.043609643148E-14));
#171 = VECTOR('',#172,1.);
#172 = DIRECTION('',(2.22044604925E-16,0.,1.));
#173 = PCURVE('',#44,#174);
#174 = DEFINITIONAL_REPRESENTATION('',(#175),#179);
#175 = LINE('',#176,#177);
#176 = CARTESIAN_POINT('',(47.,0.));
#177 = VECTOR('',#178,1.);
#178 = DIRECTION('',(0.,1.));
#179 = ( GEOMETRIC_REPRESENTATION_CONTEXT(2) 
PARAMETRIC_REPRESENTATION_CONTEXT() REPRESENTATION_CONTEXT('2D SPACE',''
  ) );
#180 = PCURVE('',#126,#181);
#181 = DEFINITIONAL_REPRESENTATION('',(#182),#186);
#182 = LINE('',#183,#184);
#183 = CARTESIAN_POINT('',(0.,0.));
#184 = VECTOR('',#185,1.);
#185 = DIRECTION('',(1.,0.));
#186 = ( GEOMETRIC_REPRESENTATION_CONTEXT(2) 
PARAMETRIC_REPRESENTATION_CONTEXT() REPRESENTATION_CONTEXT('2D SPACE',''
  ) );
#187 = ORIENTED_EDGE('',*,*,#188,.F.);
#188 = EDGE_CURVE('',#142,#166,#189,.T.);
#189 = SURFACE_CURVE('',#190,(#194,#201),.PCURVE_S1.);
#190 = LINE('',#191,#192);
#191 = CARTESIAN_POINT('',(47.,0.,76.));
#192 = VECTOR('',#193,1.);
#193 = DIRECTION('',(-1.,0.,2.22044604925E-16));
#194 = PCURVE('',#44,#195);
#195 = DEFINITIONAL_REPRESENTATION('',(#196),#200);
#196 = LINE('',#197,#198);
#197 = CARTESIAN_POINT('',(0.,76.));
#198 = VECTOR('',#199,1.);
#199 = DIRECTION('',(1.,0.));
#200 = ( GEOMETRIC_REPRESENTATION_CONTEXT(2) 
PARAMETRIC_REPRESENTATION_CONTEXT() REPRESENTATION_CONTEXT('2D SPACE',''
  ) );
#201 = PCURVE('',#202,#207);
#202 = PLANE('',#203);
#203 = AXIS2_PLACEMENT_3D('',#204,#205,#206);
#204 = CARTESIAN_POINT('',(47.,0.,0.));
#205 = DIRECTION('',(0.,1.,0.));
#206 = DIRECTION('',(-1.,0.,2.22044604925E-16));
#207 = DEFINITIONAL_REPRESENTATION('',(#208),#212);
#208 = LINE('',#209,#210);
#209 = CARTESIAN_POINT('',(7.105427357601E-15,76.));
#210 = VECTOR('',#211,1.);
#211 = DIRECTION('',(1.,0.));
#212 = ( GEOMETRIC_REPRESENTATION_CONTEXT(2) 
PARAMETRIC_REPRESENTATION_CONTEXT() REPRESENTATION_CONTEXT('2D SPACE',''
  ) );
#213 = ADVANCED_FACE('',(#214),#126,.T.);
#214 = FACE_BOUND('',#215,.T.);
#215 = EDGE_LOOP('',(#216,#217,#218,#246,#272,#298,#324,#347,#373,#399,
    #425,#448));
#216 = ORIENTED_EDGE('',*,*,#112,.F.);
#217 = ORIENTED_EDGE('',*,*,#165,.T.);
#218 = ORIENTED_EDGE('',*,*,#219,.T.);
#219 = EDGE_CURVE('',#166,#220,#222,.T.);
#220 = VERTEX_POINT('',#221);
#221 = CARTESIAN_POINT('',(1.42108547152E-14,9.8,76.));
#222 = SURFACE_CURVE('',#223,(#227,#234),.PCURVE_S1.);
#223 = LINE('',#224,#225);
#224 = CARTESIAN_POINT('',(1.42108547152E-14,0.,76.));
#225 = VECTOR('',#226,1.);
#226 = DIRECTION('',(-0.,1.,0.));
#227 = PCURVE('',#126,#228);
#228 = DEFINITIONAL_REPRESENTATION('',(#229),#233);
#229 = LINE('',#230,#231);
#230 = CARTESIAN_POINT('',(76.,0.));
#231 = VECTOR('',#232,1.);
#232 = DIRECTION('',(0.,1.));
#233 = ( GEOMETRIC_REPRESENTATION_CONTEXT(2) 
PARAMETRIC_REPRESENTATION_CONTEXT() REPRESENTATION_CONTEXT('2D SPACE',''
  ) );
#234 = PCURVE('',#235,#240);
#235 = PLANE('',#236);
#236 = AXIS2_PLACEMENT_3D('',#237,#238,#239);
#237 = CARTESIAN_POINT('',(1.42108547152E-14,0.,1.043609643148E-14));
#238 = DIRECTION('',(-1.,0.,2.22044604925E-16));
#239 = DIRECTION('',(2.22044604925E-16,0.,1.));
#240 = DEFINITIONAL_REPRESENTATION('',(#241),#245);
#241 = LINE('',#242,#243);
#242 = CARTESIAN_POINT('',(76.,0.));
#243 = VECTOR('',#244,1.);
#244 = DIRECTION('',(0.,1.));
#245 = ( GEOMETRIC_REPRESENTATION_CONTEXT(2) 
PARAMETRIC_REPRESENTATION_CONTEXT() REPRESENTATION_CONTEXT('2D SPACE',''
  ) );
#246 = ORIENTED_EDGE('',*,*,#247,.T.);
#247 = EDGE_CURVE('',#220,#248,#250,.T.);
#248 = VERTEX_POINT('',#249);
#249 = CARTESIAN_POINT('',(7.105427357601E-15,9.8,29.));
#250 = SURFACE_CURVE('',#251,(#255,#261),.PCURVE_S1.);
#251 = LINE('',#252,#253);
#252 = CARTESIAN_POINT('',(0.,9.8,14.5));
#253 = VECTOR('',#254,1.);
#254 = DIRECTION('',(-2.22044604925E-16,0.,-1.));
#255 = PCURVE('',#126,#256);
#256 = DEFINITIONAL_REPRESENTATION('',(#257),#260);
#257 = B_SPLINE_CURVE_WITH_KNOTS('',1,(#258,#259),.UNSPECIFIED.,.F.,.F.,
  (2,2),(-93.5,-14.5),.PIECEWISE_BEZIER_KNOTS.);
#258 = CARTESIAN_POINT('',(108.,9.8));
#259 = CARTESIAN_POINT('',(29.,9.8));
#260 = ( GEOMETRIC_REPRESENTATION_CONTEXT(2) 
PARAMETRIC_REPRESENTATION_CONTEXT() REPRESENTATION_CONTEXT('2D SPACE',''
  ) );
#261 = PCURVE('',#262,#267);
#262 = PLANE('',#263);
#263 = AXIS2_PLACEMENT_3D('',#264,#265,#266);
#264 = CARTESIAN_POINT('',(26.1,9.8,29.));
#265 = DIRECTION('',(-0.,1.,0.));
#266 = DIRECTION('',(-1.,0.,2.22044604925E-16));
#267 = DEFINITIONAL_REPRESENTATION('',(#268),#271);
#268 = B_SPLINE_CURVE_WITH_KNOTS('',1,(#269,#270),.UNSPECIFIED.,.F.,.F.,
  (2,2),(-93.5,-14.5),.PIECEWISE_BEZIER_KNOTS.);
#269 = CARTESIAN_POINT('',(26.1,79.));
#270 = CARTESIAN_POINT('',(26.1,0.));
#271 = ( GEOMETRIC_REPRESENTATION_CONTEXT(2) 
PARAMETRIC_REPRESENTATION_CONTEXT() REPRESENTATION_CONTEXT('2D SPACE',''
  ) );
#272 = ORIENTED_EDGE('',*,*,#273,.T.);
#273 = EDGE_CURVE('',#248,#274,#276,.T.);
#274 = VERTEX_POINT('',#275);
#275 = CARTESIAN_POINT('',(7.105427357601E-15,16.2,29.));
#276 = SURFACE_CURVE('',#277,(#281,#287),.PCURVE_S1.);
#277 = LINE('',#278,#279);
#278 = CARTESIAN_POINT('',(7.105427357601E-15,4.9,29.));
#279 = VECTOR('',#280,1.);
#280 = DIRECTION('',(-0.,1.,0.));
#281 = PCURVE('',#126,#282);
#282 = DEFINITIONAL_REPRESENTATION('',(#283),#286);
#283 = B_SPLINE_CURVE_WITH_KNOTS('',1,(#284,#285),.UNSPECIFIED.,.F.,.F.,
  (2,2),(4.9,11.3),.PIECEWISE_BEZIER_KNOTS.);
#284 = CARTESIAN_POINT('',(29.,9.8));
#285 = CARTESIAN_POINT('',(29.,16.2));
#286 = ( GEOMETRIC_REPRESENTATION_CONTEXT(2) 
PARAMETRIC_REPRESENTATION_CONTEXT() REPRESENTATION_CONTEXT('2D SPACE',''
  ) );
#287 = PCURVE('',#288,#293);
#288 = PLANE('',#289);
#289 = AXIS2_PLACEMENT_3D('',#290,#291,#292);
#290 = CARTESIAN_POINT('',(26.1,9.8,29.));
#291 = DIRECTION('',(2.22044604925E-16,0.,1.));
#292 = DIRECTION('',(-1.,0.,2.22044604925E-16));
#293 = DEFINITIONAL_REPRESENTATION('',(#294),#297);
#294 = B_SPLINE_CURVE_WITH_KNOTS('',1,(#295,#296),.UNSPECIFIED.,.F.,.F.,
  (2,2),(4.9,11.3),.PIECEWISE_BEZIER_KNOTS.);
#295 = CARTESIAN_POINT('',(26.1,0.));
#296 = CARTESIAN_POINT('',(26.1,-6.4));
#297 = ( GEOMETRIC_REPRESENTATION_CONTEXT(2) 
PARAMETRIC_REPRESENTATION_CONTEXT() REPRESENTATION_CONTEXT('2D SPACE',''
  ) );
#298 = ORIENTED_EDGE('',*,*,#299,.F.);
#299 = EDGE_CURVE('',#300,#274,#302,.T.);
#300 = VERTEX_POINT('',#301);
#301 = CARTESIAN_POINT('',(1.42108547152E-14,16.2,76.));
#302 = SURFACE_CURVE('',#303,(#307,#313),.PCURVE_S1.);
#303 = LINE('',#304,#305);
#304 = CARTESIAN_POINT('',(0.,16.2,14.5));
#305 = VECTOR('',#306,1.);
#306 = DIRECTION('',(-2.22044604925E-16,0.,-1.));
#307 = PCURVE('',#126,#308);
#308 = DEFINITIONAL_REPRESENTATION('',(#309),#312);
#309 = B_SPLINE_CURVE_WITH_KNOTS('',1,(#310,#311),.UNSPECIFIED.,.F.,.F.,
  (2,2),(-93.5,-14.5),.PIECEWISE_BEZIER_KNOTS.);
#310 = CARTESIAN_POINT('',(108.,16.2));
#311 = CARTESIAN_POINT('',(29.,16.2));
#312 = ( GEOMETRIC_REPRESENTATION_CONTEXT(2) 
PARAMETRIC_REPRESENTATION_CONTEXT() REPRESENTATION_CONTEXT('2D SPACE',''
  ) );
#313 = PCURVE('',#314,#319);
#314 = PLANE('',#315);
#315 = AXIS2_PLACEMENT_3D('',#316,#317,#318);
#316 = CARTESIAN_POINT('',(26.1,16.2,29.));
#317 = DIRECTION('',(-0.,1.,0.));
#318 = DIRECTION('',(-1.,0.,2.22044604925E-16));
#319 = DEFINITIONAL_REPRESENTATION('',(#320),#323);
#320 = B_SPLINE_CURVE_WITH_KNOTS('',1,(#321,#322),.UNSPECIFIED.,.F.,.F.,
  (2,2),(-93.5,-14.5),.PIECEWISE_BEZIER_KNOTS.);
#321 = CARTESIAN_POINT('',(26.1,79.));
#322 = CARTESIAN_POINT('',(26.1,0.));
#323 = ( GEOMETRIC_REPRESENTATION_CONTEXT(2) 
PARAMETRIC_REPRESENTATION_CONTEXT() REPRESENTATION_CONTEXT('2D SPACE',''
  ) );
#324 = ORIENTED_EDGE('',*,*,#325,.T.);
#325 = EDGE_CURVE('',#300,#326,#328,.T.);
#326 = VERTEX_POINT('',#327);
#327 = CARTESIAN_POINT('',(1.42108547152E-14,65.8,76.));
#328 = SURFACE_CURVE('',#329,(#333,#340),.PCURVE_S1.);
#329 = LINE('',#330,#331);
#330 = CARTESIAN_POINT('',(1.42108547152E-14,0.,76.));
#331 = VECTOR('',#332,1.);
#332 = DIRECTION('',(-0.,1.,0.));
#333 = PCURVE('',#126,#334);
#334 = DEFINITIONAL_REPRESENTATION('',(#335),#339);
#335 = LINE('',#336,#337);
#336 = CARTESIAN_POINT('',(76.,0.));
#337 = VECTOR('',#338,1.);
#338 = DIRECTION('',(0.,1.));
#339 = ( GEOMETRIC_REPRESENTATION_CONTEXT(2) 
PARAMETRIC_REPRESENTATION_CONTEXT() REPRESENTATION_CONTEXT('2D SPACE',''
  ) );
#340 = PCURVE('',#235,#341);
#341 = DEFINITIONAL_REPRESENTATION('',(#342),#346);
#342 = LINE('',#343,#344);
#343 = CARTESIAN_POINT('',(76.,0.));
#344 = VECTOR('',#345,1.);
#345 = DIRECTION('',(0.,1.));
#346 = ( GEOMETRIC_REPRESENTATION_CONTEXT(2) 
PARAMETRIC_REPRESENTATION_CONTEXT() REPRESENTATION_CONTEXT('2D SPACE',''
  ) );
#347 = ORIENTED_EDGE('',*,*,#348,.T.);
#348 = EDGE_CURVE('',#326,#349,#351,.T.);
#349 = VERTEX_POINT('',#350);
#350 = CARTESIAN_POINT('',(7.105427357601E-15,65.8,29.));
#351 = SURFACE_CURVE('',#352,(#356,#362),.PCURVE_S1.);
#352 = LINE('',#353,#354);
#353 = CARTESIAN_POINT('',(0.,65.8,14.5));
#354 = VECTOR('',#355,1.);
#355 = DIRECTION('',(-2.22044604925E-16,0.,-1.));
#356 = PCURVE('',#126,#357);
#357 = DEFINITIONAL_REPRESENTATION('',(#358),#361);
#358 = B_SPLINE_CURVE_WITH_KNOTS('',1,(#359,#360),.UNSPECIFIED.,.F.,.F.,
  (2,2),(-93.5,-14.5),.PIECEWISE_BEZIER_KNOTS.);
#359 = CARTESIAN_POINT('',(108.,65.8));
#360 = CARTESIAN_POINT('',(29.,65.8));
#361 = ( GEOMETRIC_REPRESENTATION_CONTEXT(2) 
PARAMETRIC_REPRESENTATION_CONTEXT() REPRESENTATION_CONTEXT('2D SPACE',''
  ) );
#362 = PCURVE('',#363,#368);
#363 = PLANE('',#364);
#364 = AXIS2_PLACEMENT_3D('',#365,#366,#367);
#365 = CARTESIAN_POINT('',(26.1,65.8,29.));
#366 = DIRECTION('',(-0.,1.,0.));
#367 = DIRECTION('',(-1.,0.,2.22044604925E-16));
#368 = DEFINITIONAL_REPRESENTATION('',(#369),#372);
#369 = B_SPLINE_CURVE_WITH_KNOTS('',1,(#370,#371),.UNSPECIFIED.,.F.,.F.,
  (2,2),(-93.5,-14.5),.PIECEWISE_BEZIER_KNOTS.);
#370 = CARTESIAN_POINT('',(26.1,79.));
#371 = CARTESIAN_POINT('',(26.1,0.));
#372 = ( GEOMETRIC_REPRESENTATION_CONTEXT(2) 
PARAMETRIC_REPRESENTATION_CONTEXT() REPRESENTATION_CONTEXT('2D SPACE',''
  ) );
#373 = ORIENTED_EDGE('',*,*,#374,.T.);
#374 = EDGE_CURVE('',#349,#375,#377,.T.);
#375 = VERTEX_POINT('',#376);
#376 = CARTESIAN_POINT('',(7.105427357601E-15,72.2,29.));
#377 = SURFACE_CURVE('',#378,(#382,#388),.PCURVE_S1.);
#378 = LINE('',#379,#380);
#379 = CARTESIAN_POINT('',(7.105427357601E-15,32.9,29.));
#380 = VECTOR('',#381,1.);
#381 = DIRECTION('',(-0.,1.,0.));
#382 = PCURVE('',#126,#383);
#383 = DEFINITIONAL_REPRESENTATION('',(#384),#387);
#384 = B_SPLINE_CURVE_WITH_KNOTS('',1,(#385,#386),.UNSPECIFIED.,.F.,.F.,
  (2,2),(32.9,39.3),.PIECEWISE_BEZIER_KNOTS.);
#385 = CARTESIAN_POINT('',(29.,65.8));
#386 = CARTESIAN_POINT('',(29.,72.2));
#387 = ( GEOMETRIC_REPRESENTATION_CONTEXT(2) 
PARAMETRIC_REPRESENTATION_CONTEXT() REPRESENTATION_CONTEXT('2D SPACE',''
  ) );
#388 = PCURVE('',#389,#394);
#389 = PLANE('',#390);
#390 = AXIS2_PLACEMENT_3D('',#391,#392,#393);
#391 = CARTESIAN_POINT('',(26.1,65.8,29.));
#392 = DIRECTION('',(2.22044604925E-16,0.,1.));
#393 = DIRECTION('',(-1.,0.,2.22044604925E-16));
#394 = DEFINITIONAL_REPRESENTATION('',(#395),#398);
#395 = B_SPLINE_CURVE_WITH_KNOTS('',1,(#396,#397),.UNSPECIFIED.,.F.,.F.,
  (2,2),(32.9,39.3),.PIECEWISE_BEZIER_KNOTS.);
#396 = CARTESIAN_POINT('',(26.1,0.));
#397 = CARTESIAN_POINT('',(26.1,-6.4));
#398 = ( GEOMETRIC_REPRESENTATION_CONTEXT(2) 
PARAMETRIC_REPRESENTATION_CONTEXT() REPRESENTATION_CONTEXT('2D SPACE',''
  ) );
#399 = ORIENTED_EDGE('',*,*,#400,.F.);
#400 = EDGE_CURVE('',#401,#375,#403,.T.);
#401 = VERTEX_POINT('',#402);
#402 = CARTESIAN_POINT('',(1.42108547152E-14,72.2,76.));
#403 = SURFACE_CURVE('',#404,(#408,#414),.PCURVE_S1.);
#404 = LINE('',#405,#406);
#405 = CARTESIAN_POINT('',(0.,72.2,14.5));
#406 = VECTOR('',#407,1.);
#407 = DIRECTION('',(-2.22044604925E-16,0.,-1.));
#408 = PCURVE('',#126,#409);
#409 = DEFINITIONAL_REPRESENTATION('',(#410),#413);
#410 = B_SPLINE_CURVE_WITH_KNOTS('',1,(#411,#412),.UNSPECIFIED.,.F.,.F.,
  (2,2),(-93.5,-14.5),.PIECEWISE_BEZIER_KNOTS.);
#411 = CARTESIAN_POINT('',(108.,72.2));
#412 = CARTESIAN_POINT('',(29.,72.2));
#413 = ( GEOMETRIC_REPRESENTATION_CONTEXT(2) 
PARAMETRIC_REPRESENTATION_CONTEXT() REPRESENTATION_CONTEXT('2D SPACE',''
  ) );
#414 = PCURVE('',#415,#420);
#415 = PLANE('',#416);
#416 = AXIS2_PLACEMENT_3D('',#417,#418,#419);
#417 = CARTESIAN_POINT('',(26.1,72.2,29.));
#418 = DIRECTION('',(-0.,1.,0.));
#419 = DIRECTION('',(-1.,0.,2.22044604925E-16));
#420 = DEFINITIONAL_REPRESENTATION('',(#421),#424);
#421 = B_SPLINE_CURVE_WITH_KNOTS('',1,(#422,#423),.UNSPECIFIED.,.F.,.F.,
  (2,2),(-93.5,-14.5),.PIECEWISE_BEZIER_KNOTS.);
#422 = CARTESIAN_POINT('',(26.1,79.));
#423 = CARTESIAN_POINT('',(26.1,0.));
#424 = ( GEOMETRIC_REPRESENTATION_CONTEXT(2) 
PARAMETRIC_REPRESENTATION_CONTEXT() REPRESENTATION_CONTEXT('2D SPACE',''
  ) );
#425 = ORIENTED_EDGE('',*,*,#426,.T.);
#426 = EDGE_CURVE('',#401,#427,#429,.T.);
#427 = VERTEX_POINT('',#428);
#428 = CARTESIAN_POINT('',(1.42108547152E-14,82.,76.));
#429 = SURFACE_CURVE('',#430,(#434,#441),.PCURVE_S1.);
#430 = LINE('',#431,#432);
#431 = CARTESIAN_POINT('',(1.42108547152E-14,0.,76.));
#432 = VECTOR('',#433,1.);
#433 = DIRECTION('',(-0.,1.,0.));
#434 = PCURVE('',#126,#435);
#435 = DEFINITIONAL_REPRESENTATION('',(#436),#440);
#436 = LINE('',#437,#438);
#437 = CARTESIAN_POINT('',(76.,0.));
#438 = VECTOR('',#439,1.);
#439 = DIRECTION('',(0.,1.));
#440 = ( GEOMETRIC_REPRESENTATION_CONTEXT(2) 
PARAMETRIC_REPRESENTATION_CONTEXT() REPRESENTATION_CONTEXT('2D SPACE',''
  ) );
#441 = PCURVE('',#235,#442);
#442 = DEFINITIONAL_REPRESENTATION('',(#443),#447);
#443 = LINE('',#444,#445);
#444 = CARTESIAN_POINT('',(76.,0.));
#445 = VECTOR('',#446,1.);
#446 = DIRECTION('',(0.,1.));
#447 = ( GEOMETRIC_REPRESENTATION_CONTEXT(2) 
PARAMETRIC_REPRESENTATION_CONTEXT() REPRESENTATION_CONTEXT('2D SPACE',''
  ) );
#448 = ORIENTED_EDGE('',*,*,#449,.F.);
#449 = EDGE_CURVE('',#85,#427,#450,.T.);
#450 = SURFACE_CURVE('',#451,(#455,#462),.PCURVE_S1.);
#451 = LINE('',#452,#453);
#452 = CARTESIAN_POINT('',(0.,82.,1.043609643148E-14));
#453 = VECTOR('',#454,1.);
#454 = DIRECTION('',(2.22044604925E-16,0.,1.));
#455 = PCURVE('',#126,#456);
#456 = DEFINITIONAL_REPRESENTATION('',(#457),#461);
#457 = LINE('',#458,#459);
#458 = CARTESIAN_POINT('',(0.,82.));
#459 = VECTOR('',#460,1.);
#460 = DIRECTION('',(1.,0.));
#461 = ( GEOMETRIC_REPRESENTATION_CONTEXT(2) 
PARAMETRIC_REPRESENTATION_CONTEXT() REPRESENTATION_CONTEXT('2D SPACE',''
  ) );
#462 = PCURVE('',#100,#463);
#463 = DEFINITIONAL_REPRESENTATION('',(#464),#468);
#464 = LINE('',#465,#466);
#465 = CARTESIAN_POINT('',(47.,0.));
#466 = VECTOR('',#467,1.);
#467 = DIRECTION('',(0.,1.));
#468 = ( GEOMETRIC_REPRESENTATION_CONTEXT(2) 
PARAMETRIC_REPRESENTATION_CONTEXT() REPRESENTATION_CONTEXT('2D SPACE',''
  ) );
#469 = ADVANCED_FACE('',(#470),#100,.T.);
#470 = FACE_BOUND('',#471,.T.);
#471 = EDGE_LOOP('',(#472,#495,#496,#497));
#472 = ORIENTED_EDGE('',*,*,#473,.F.);
#473 = EDGE_CURVE('',#57,#474,#476,.T.);
#474 = VERTEX_POINT('',#475);
#475 = CARTESIAN_POINT('',(47.,82.,76.));
#476 = SURFACE_CURVE('',#477,(#481,#488),.PCURVE_S1.);
#477 = LINE('',#478,#479);
#478 = CARTESIAN_POINT('',(47.,82.,0.));
#479 = VECTOR('',#480,1.);
#480 = DIRECTION('',(2.22044604925E-16,0.,1.));
#481 = PCURVE('',#100,#482);
#482 = DEFINITIONAL_REPRESENTATION('',(#483),#487);
#483 = LINE('',#484,#485);
#484 = CARTESIAN_POINT('',(0.,0.));
#485 = VECTOR('',#486,1.);
#486 = DIRECTION('',(0.,1.));
#487 = ( GEOMETRIC_REPRESENTATION_CONTEXT(2) 
PARAMETRIC_REPRESENTATION_CONTEXT() REPRESENTATION_CONTEXT('2D SPACE',''
  ) );
#488 = PCURVE('',#72,#489);
#489 = DEFINITIONAL_REPRESENTATION('',(#490),#494);
#490 = LINE('',#491,#492);
#491 = CARTESIAN_POINT('',(0.,82.));
#492 = VECTOR('',#493,1.);
#493 = DIRECTION('',(1.,0.));
#494 = ( GEOMETRIC_REPRESENTATION_CONTEXT(2) 
PARAMETRIC_REPRESENTATION_CONTEXT() REPRESENTATION_CONTEXT('2D SPACE',''
  ) );
#495 = ORIENTED_EDGE('',*,*,#84,.T.);
#496 = ORIENTED_EDGE('',*,*,#449,.T.);
#497 = ORIENTED_EDGE('',*,*,#498,.F.);
#498 = EDGE_CURVE('',#474,#427,#499,.T.);
#499 = SURFACE_CURVE('',#500,(#504,#511),.PCURVE_S1.);
#500 = LINE('',#501,#502);
#501 = CARTESIAN_POINT('',(47.,82.,76.));
#502 = VECTOR('',#503,1.);
#503 = DIRECTION('',(-1.,0.,2.22044604925E-16));
#504 = PCURVE('',#100,#505);
#505 = DEFINITIONAL_REPRESENTATION('',(#506),#510);
#506 = LINE('',#507,#508);
#507 = CARTESIAN_POINT('',(0.,76.));
#508 = VECTOR('',#509,1.);
#509 = DIRECTION('',(1.,0.));
#510 = ( GEOMETRIC_REPRESENTATION_CONTEXT(2) 
PARAMETRIC_REPRESENTATION_CONTEXT() REPRESENTATION_CONTEXT('2D SPACE',''
  ) );
#511 = PCURVE('',#512,#517);
#512 = PLANE('',#513);
#513 = AXIS2_PLACEMENT_3D('',#514,#515,#516);
#514 = CARTESIAN_POINT('',(47.,82.,0.));
#515 = DIRECTION('',(0.,1.,0.));
#516 = DIRECTION('',(-1.,0.,2.22044604925E-16));
#517 = DEFINITIONAL_REPRESENTATION('',(#518),#522);
#518 = LINE('',#519,#520);
#519 = CARTESIAN_POINT('',(7.105427357601E-15,76.));
#520 = VECTOR('',#521,1.);
#521 = DIRECTION('',(1.,0.));
#522 = ( GEOMETRIC_REPRESENTATION_CONTEXT(2) 
PARAMETRIC_REPRESENTATION_CONTEXT() REPRESENTATION_CONTEXT('2D SPACE',''
  ) );
#523 = ADVANCED_FACE('',(#524,#555),#72,.F.);
#524 = FACE_BOUND('',#525,.F.);
#525 = EDGE_LOOP('',(#526,#527,#528,#554));
#526 = ORIENTED_EDGE('',*,*,#56,.F.);
#527 = ORIENTED_EDGE('',*,*,#141,.T.);
#528 = ORIENTED_EDGE('',*,*,#529,.T.);
#529 = EDGE_CURVE('',#142,#474,#530,.T.);
#530 = SURFACE_CURVE('',#531,(#535,#542),.PCURVE_S1.);
#531 = LINE('',#532,#533);
#532 = CARTESIAN_POINT('',(47.,0.,76.));
#533 = VECTOR('',#534,1.);
#534 = DIRECTION('',(-0.,1.,0.));
#535 = PCURVE('',#72,#536);
#536 = DEFINITIONAL_REPRESENTATION('',(#537),#541);
#537 = LINE('',#538,#539);
#538 = CARTESIAN_POINT('',(76.,0.));
#539 = VECTOR('',#540,1.);
#540 = DIRECTION('',(0.,1.));
#541 = ( GEOMETRIC_REPRESENTATION_CONTEXT(2) 
PARAMETRIC_REPRESENTATION_CONTEXT() REPRESENTATION_CONTEXT('2D SPACE',''
  ) );
#542 = PCURVE('',#543,#548);
#543 = PLANE('',#544);
#544 = AXIS2_PLACEMENT_3D('',#545,#546,#547);
#545 = CARTESIAN_POINT('',(47.,0.,0.));
#546 = DIRECTION('',(-1.,0.,2.22044604925E-16));
#547 = DIRECTION('',(2.22044604925E-16,0.,1.));
#548 = DEFINITIONAL_REPRESENTATION('',(#549),#553);
#549 = LINE('',#550,#551);
#550 = CARTESIAN_POINT('',(76.,0.));
#551 = VECTOR('',#552,1.);
#552 = DIRECTION('',(0.,1.));
#553 = ( GEOMETRIC_REPRESENTATION_CONTEXT(2) 
PARAMETRIC_REPRESENTATION_CONTEXT() REPRESENTATION_CONTEXT('2D SPACE',''
  ) );
#554 = ORIENTED_EDGE('',*,*,#473,.F.);
#555 = FACE_BOUND('',#556,.F.);
#556 = EDGE_LOOP('',(#557,#587,#616));
#557 = ORIENTED_EDGE('',*,*,#558,.F.);
#558 = EDGE_CURVE('',#559,#561,#563,.T.);
#559 = VERTEX_POINT('',#560);
#560 = CARTESIAN_POINT('',(47.,39.020101012678,24.979898987322));
#561 = VERTEX_POINT('',#562);
#562 = CARTESIAN_POINT('',(47.,41.,26.959797974645));
#563 = SURFACE_CURVE('',#564,(#568,#575),.PCURVE_S1.);
#564 = LINE('',#565,#566);
#565 = CARTESIAN_POINT('',(47.,39.020101012678,24.979898987322));
#566 = VECTOR('',#567,1.);
#567 = DIRECTION('',(1.570092458684E-16,0.707106781187,0.707106781187));
#568 = PCURVE('',#72,#569);
#569 = DEFINITIONAL_REPRESENTATION('',(#570),#574);
#570 = LINE('',#571,#572);
#571 = CARTESIAN_POINT('',(24.979898987322,39.020101012678));
#572 = VECTOR('',#573,1.);
#573 = DIRECTION('',(0.707106781187,0.707106781187));
#574 = ( GEOMETRIC_REPRESENTATION_CONTEXT(2) 
PARAMETRIC_REPRESENTATION_CONTEXT() REPRESENTATION_CONTEXT('2D SPACE',''
  ) );
#575 = PCURVE('',#576,#581);
#576 = PLANE('',#577);
#577 = AXIS2_PLACEMENT_3D('',#578,#579,#580);
#578 = CARTESIAN_POINT('',(47.,39.020101012678,24.979898987322));
#579 = DIRECTION('',(-1.570092458684E-16,0.707106781187,-0.707106781187)
  );
#580 = DIRECTION('',(1.570092458684E-16,0.707106781187,0.707106781187));
#581 = DEFINITIONAL_REPRESENTATION('',(#582),#586);
#582 = LINE('',#583,#584);
#583 = CARTESIAN_POINT('',(0.,0.));
#584 = VECTOR('',#585,1.);
#585 = DIRECTION('',(1.,0.));
#586 = ( GEOMETRIC_REPRESENTATION_CONTEXT(2) 
PARAMETRIC_REPRESENTATION_CONTEXT() REPRESENTATION_CONTEXT('2D SPACE',''
  ) );
#587 = ORIENTED_EDGE('',*,*,#588,.F.);
#588 = EDGE_CURVE('',#589,#559,#591,.T.);
#589 = VERTEX_POINT('',#590);
#590 = CARTESIAN_POINT('',(47.,42.979898987322,24.979898987322));
#591 = SURFACE_CURVE('',#592,(#597,#604),.PCURVE_S1.);
#592 = CIRCLE('',#593,2.8);
#593 = AXIS2_PLACEMENT_3D('',#594,#595,#596);
#594 = CARTESIAN_POINT('',(47.,41.,23.));
#595 = DIRECTION('',(-1.,-0.,2.22044604925E-16));
#596 = DIRECTION('',(2.22044604925E-16,0.,1.));
#597 = PCURVE('',#72,#598);
#598 = DEFINITIONAL_REPRESENTATION('',(#599),#603);
#599 = CIRCLE('',#600,2.8);
#600 = AXIS2_PLACEMENT_2D('',#601,#602);
#601 = CARTESIAN_POINT('',(23.,41.));
#602 = DIRECTION('',(1.,0.));
#603 = ( GEOMETRIC_REPRESENTATION_CONTEXT(2) 
PARAMETRIC_REPRESENTATION_CONTEXT() REPRESENTATION_CONTEXT('2D SPACE',''
  ) );
#604 = PCURVE('',#605,#610);
#605 = CYLINDRICAL_SURFACE('',#606,2.8);
#606 = AXIS2_PLACEMENT_3D('',#607,#608,#609);
#607 = CARTESIAN_POINT('',(47.,41.,23.));
#608 = DIRECTION('',(-1.,0.,2.22044604925E-16));
#609 = DIRECTION('',(2.22044604925E-16,0.,1.));
#610 = DEFINITIONAL_REPRESENTATION('',(#611),#615);
#611 = LINE('',#612,#613);
#612 = CARTESIAN_POINT('',(0.,0.));
#613 = VECTOR('',#614,1.);
#614 = DIRECTION('',(1.,0.));
#615 = ( GEOMETRIC_REPRESENTATION_CONTEXT(2) 
PARAMETRIC_REPRESENTATION_CONTEXT() REPRESENTATION_CONTEXT('2D SPACE',''
  ) );
#616 = ORIENTED_EDGE('',*,*,#617,.F.);
#617 = EDGE_CURVE('',#561,#589,#618,.T.);
#618 = SURFACE_CURVE('',#619,(#623,#630),.PCURVE_S1.);
#619 = LINE('',#620,#621);
#620 = CARTESIAN_POINT('',(47.,41.,26.959797974645));
#621 = VECTOR('',#622,1.);
#622 = DIRECTION('',(-1.570092458684E-16,0.707106781187,-0.707106781187)
  );
#623 = PCURVE('',#72,#624);
#624 = DEFINITIONAL_REPRESENTATION('',(#625),#629);
#625 = LINE('',#626,#627);
#626 = CARTESIAN_POINT('',(26.959797974645,41.));
#627 = VECTOR('',#628,1.);
#628 = DIRECTION('',(-0.707106781187,0.707106781187));
#629 = ( GEOMETRIC_REPRESENTATION_CONTEXT(2) 
PARAMETRIC_REPRESENTATION_CONTEXT() REPRESENTATION_CONTEXT('2D SPACE',''
  ) );
#630 = PCURVE('',#631,#636);
#631 = PLANE('',#632);
#632 = AXIS2_PLACEMENT_3D('',#633,#634,#635);
#633 = CARTESIAN_POINT('',(47.,41.,26.959797974645));
#634 = DIRECTION('',(-1.570092458684E-16,-0.707106781187,-0.707106781187
    ));
#635 = DIRECTION('',(-1.570092458684E-16,0.707106781187,-0.707106781187)
  );
#636 = DEFINITIONAL_REPRESENTATION('',(#637),#641);
#637 = LINE('',#638,#639);
#638 = CARTESIAN_POINT('',(0.,0.));
#639 = VECTOR('',#640,1.);
#640 = DIRECTION('',(1.,0.));
#641 = ( GEOMETRIC_REPRESENTATION_CONTEXT(2) 
PARAMETRIC_REPRESENTATION_CONTEXT() REPRESENTATION_CONTEXT('2D SPACE',''
  ) );
#642 = ADVANCED_FACE('',(#643),#202,.F.);
#643 = FACE_BOUND('',#644,.F.);
#644 = EDGE_LOOP('',(#645,#668,#669,#692));
#645 = ORIENTED_EDGE('',*,*,#646,.F.);
#646 = EDGE_CURVE('',#142,#647,#649,.T.);
#647 = VERTEX_POINT('',#648);
#648 = CARTESIAN_POINT('',(47.,0.,110.));
#649 = SURFACE_CURVE('',#650,(#654,#661),.PCURVE_S1.);
#650 = LINE('',#651,#652);
#651 = CARTESIAN_POINT('',(47.,0.,0.));
#652 = VECTOR('',#653,1.);
#653 = DIRECTION('',(2.22044604925E-16,0.,1.));
#654 = PCURVE('',#202,#655);
#655 = DEFINITIONAL_REPRESENTATION('',(#656),#660);
#656 = LINE('',#657,#658);
#657 = CARTESIAN_POINT('',(0.,0.));
#658 = VECTOR('',#659,1.);
#659 = DIRECTION('',(0.,1.));
#660 = ( GEOMETRIC_REPRESENTATION_CONTEXT(2) 
PARAMETRIC_REPRESENTATION_CONTEXT() REPRESENTATION_CONTEXT('2D SPACE',''
  ) );
#661 = PCURVE('',#543,#662);
#662 = DEFINITIONAL_REPRESENTATION('',(#663),#667);
#663 = LINE('',#664,#665);
#664 = CARTESIAN_POINT('',(0.,0.));
#665 = VECTOR('',#666,1.);
#666 = DIRECTION('',(1.,0.));
#667 = ( GEOMETRIC_REPRESENTATION_CONTEXT(2) 
PARAMETRIC_REPRESENTATION_CONTEXT() REPRESENTATION_CONTEXT('2D SPACE',''
  ) );
#668 = ORIENTED_EDGE('',*,*,#188,.T.);
#669 = ORIENTED_EDGE('',*,*,#670,.T.);
#670 = EDGE_CURVE('',#166,#671,#673,.T.);
#671 = VERTEX_POINT('',#672);
#672 = CARTESIAN_POINT('',(3.552713678801E-14,0.,110.));
#673 = SURFACE_CURVE('',#674,(#678,#685),.PCURVE_S1.);
#674 = LINE('',#675,#676);
#675 = CARTESIAN_POINT('',(1.42108547152E-14,0.,1.043609643148E-14));
#676 = VECTOR('',#677,1.);
#677 = DIRECTION('',(2.22044604925E-16,0.,1.));
#678 = PCURVE('',#202,#679);
#679 = DEFINITIONAL_REPRESENTATION('',(#680),#684);
#680 = LINE('',#681,#682);
#681 = CARTESIAN_POINT('',(47.,0.));
#682 = VECTOR('',#683,1.);
#683 = DIRECTION('',(0.,1.));
#684 = ( GEOMETRIC_REPRESENTATION_CONTEXT(2) 
PARAMETRIC_REPRESENTATION_CONTEXT() REPRESENTATION_CONTEXT('2D SPACE',''
  ) );
#685 = PCURVE('',#235,#686);
#686 = DEFINITIONAL_REPRESENTATION('',(#687),#691);
#687 = LINE('',#688,#689);
#688 = CARTESIAN_POINT('',(0.,0.));
#689 = VECTOR('',#690,1.);
#690 = DIRECTION('',(1.,0.));
#691 = ( GEOMETRIC_REPRESENTATION_CONTEXT(2) 
PARAMETRIC_REPRESENTATION_CONTEXT() REPRESENTATION_CONTEXT('2D SPACE',''
  ) );
#692 = ORIENTED_EDGE('',*,*,#693,.F.);
#693 = EDGE_CURVE('',#647,#671,#694,.T.);
#694 = SURFACE_CURVE('',#695,(#699,#706),.PCURVE_S1.);
#695 = LINE('',#696,#697);
#696 = CARTESIAN_POINT('',(47.,0.,110.));
#697 = VECTOR('',#698,1.);
#698 = DIRECTION('',(-1.,0.,2.22044604925E-16));
#699 = PCURVE('',#202,#700);
#700 = DEFINITIONAL_REPRESENTATION('',(#701),#705);
#701 = LINE('',#702,#703);
#702 = CARTESIAN_POINT('',(0.,110.));
#703 = VECTOR('',#704,1.);
#704 = DIRECTION('',(1.,0.));
#705 = ( GEOMETRIC_REPRESENTATION_CONTEXT(2) 
PARAMETRIC_REPRESENTATION_CONTEXT() REPRESENTATION_CONTEXT('2D SPACE',''
  ) );
#706 = PCURVE('',#707,#712);
#707 = PLANE('',#708);
#708 = AXIS2_PLACEMENT_3D('',#709,#710,#711);
#709 = CARTESIAN_POINT('',(47.,0.,110.));
#710 = DIRECTION('',(2.22044604925E-16,0.,1.));
#711 = DIRECTION('',(-1.,0.,2.22044604925E-16));
#712 = DEFINITIONAL_REPRESENTATION('',(#713),#717);
#713 = LINE('',#714,#715);
#714 = CARTESIAN_POINT('',(0.,0.));
#715 = VECTOR('',#716,1.);
#716 = DIRECTION('',(1.,0.));
#717 = ( GEOMETRIC_REPRESENTATION_CONTEXT(2) 
PARAMETRIC_REPRESENTATION_CONTEXT() REPRESENTATION_CONTEXT('2D SPACE',''
  ) );
#718 = ADVANCED_FACE('',(#719),#235,.T.);
#719 = FACE_BOUND('',#720,.T.);
#720 = EDGE_LOOP('',(#721,#744,#745,#771,#797,#821,#822,#848,#874,#898,
    #899,#900));
#721 = ORIENTED_EDGE('',*,*,#722,.F.);
#722 = EDGE_CURVE('',#427,#723,#725,.T.);
#723 = VERTEX_POINT('',#724);
#724 = CARTESIAN_POINT('',(3.552713678801E-14,82.,110.));
#725 = SURFACE_CURVE('',#726,(#730,#737),.PCURVE_S1.);
#726 = LINE('',#727,#728);
#727 = CARTESIAN_POINT('',(1.42108547152E-14,82.,1.043609643148E-14));
#728 = VECTOR('',#729,1.);
#729 = DIRECTION('',(2.22044604925E-16,0.,1.));
#730 = PCURVE('',#235,#731);
#731 = DEFINITIONAL_REPRESENTATION('',(#732),#736);
#732 = LINE('',#733,#734);
#733 = CARTESIAN_POINT('',(0.,82.));
#734 = VECTOR('',#735,1.);
#735 = DIRECTION('',(1.,0.));
#736 = ( GEOMETRIC_REPRESENTATION_CONTEXT(2) 
PARAMETRIC_REPRESENTATION_CONTEXT() REPRESENTATION_CONTEXT('2D SPACE',''
  ) );
#737 = PCURVE('',#512,#738);
#738 = DEFINITIONAL_REPRESENTATION('',(#739),#743);
#739 = LINE('',#740,#741);
#740 = CARTESIAN_POINT('',(47.,0.));
#741 = VECTOR('',#742,1.);
#742 = DIRECTION('',(0.,1.));
#743 = ( GEOMETRIC_REPRESENTATION_CONTEXT(2) 
PARAMETRIC_REPRESENTATION_CONTEXT() REPRESENTATION_CONTEXT('2D SPACE',''
  ) );
#744 = ORIENTED_EDGE('',*,*,#426,.F.);
#745 = ORIENTED_EDGE('',*,*,#746,.F.);
#746 = EDGE_CURVE('',#747,#401,#749,.T.);
#747 = VERTEX_POINT('',#748);
#748 = CARTESIAN_POINT('',(3.552713678801E-14,72.2,108.));
#749 = SURFACE_CURVE('',#750,(#754,#760),.PCURVE_S1.);
#750 = LINE('',#751,#752);
#751 = CARTESIAN_POINT('',(1.42108547152E-14,72.2,14.5));
#752 = VECTOR('',#753,1.);
#753 = DIRECTION('',(-2.22044604925E-16,0.,-1.));
#754 = PCURVE('',#235,#755);
#755 = DEFINITIONAL_REPRESENTATION('',(#756),#759);
#756 = B_SPLINE_CURVE_WITH_KNOTS('',1,(#757,#758),.UNSPECIFIED.,.F.,.F.,
  (2,2),(-93.5,-14.5),.PIECEWISE_BEZIER_KNOTS.);
#757 = CARTESIAN_POINT('',(108.,72.2));
#758 = CARTESIAN_POINT('',(29.,72.2));
#759 = ( GEOMETRIC_REPRESENTATION_CONTEXT(2) 
PARAMETRIC_REPRESENTATION_CONTEXT() REPRESENTATION_CONTEXT('2D SPACE',''
  ) );
#760 = PCURVE('',#761,#766);
#761 = PLANE('',#762);
#762 = AXIS2_PLACEMENT_3D('',#763,#764,#765);
#763 = CARTESIAN_POINT('',(26.1,72.2,29.));
#764 = DIRECTION('',(0.,1.,0.));
#765 = DIRECTION('',(-1.,0.,2.22044604925E-16));
#766 = DEFINITIONAL_REPRESENTATION('',(#767),#770);
#767 = B_SPLINE_CURVE_WITH_KNOTS('',1,(#768,#769),.UNSPECIFIED.,.F.,.F.,
  (2,2),(-93.5,-14.5),.PIECEWISE_BEZIER_KNOTS.);
#768 = CARTESIAN_POINT('',(26.1,79.));
#769 = CARTESIAN_POINT('',(26.1,0.));
#770 = ( GEOMETRIC_REPRESENTATION_CONTEXT(2) 
PARAMETRIC_REPRESENTATION_CONTEXT() REPRESENTATION_CONTEXT('2D SPACE',''
  ) );
#771 = ORIENTED_EDGE('',*,*,#772,.F.);
#772 = EDGE_CURVE('',#773,#747,#775,.T.);
#773 = VERTEX_POINT('',#774);
#774 = CARTESIAN_POINT('',(3.552713678801E-14,65.8,108.));
#775 = SURFACE_CURVE('',#776,(#780,#786),.PCURVE_S1.);
#776 = LINE('',#777,#778);
#777 = CARTESIAN_POINT('',(3.552713678801E-14,32.9,108.));
#778 = VECTOR('',#779,1.);
#779 = DIRECTION('',(0.,1.,0.));
#780 = PCURVE('',#235,#781);
#781 = DEFINITIONAL_REPRESENTATION('',(#782),#785);
#782 = B_SPLINE_CURVE_WITH_KNOTS('',1,(#783,#784),.UNSPECIFIED.,.F.,.F.,
  (2,2),(32.9,39.3),.PIECEWISE_BEZIER_KNOTS.);
#783 = CARTESIAN_POINT('',(108.,65.8));
#784 = CARTESIAN_POINT('',(108.,72.2));
#785 = ( GEOMETRIC_REPRESENTATION_CONTEXT(2) 
PARAMETRIC_REPRESENTATION_CONTEXT() REPRESENTATION_CONTEXT('2D SPACE',''
  ) );
#786 = PCURVE('',#787,#792);
#787 = PLANE('',#788);
#788 = AXIS2_PLACEMENT_3D('',#789,#790,#791);
#789 = CARTESIAN_POINT('',(26.1,65.8,108.));
#790 = DIRECTION('',(2.22044604925E-16,0.,1.));
#791 = DIRECTION('',(-1.,0.,2.22044604925E-16));
#792 = DEFINITIONAL_REPRESENTATION('',(#793),#796);
#793 = B_SPLINE_CURVE_WITH_KNOTS('',1,(#794,#795),.UNSPECIFIED.,.F.,.F.,
  (2,2),(32.9,39.3),.PIECEWISE_BEZIER_KNOTS.);
#794 = CARTESIAN_POINT('',(26.1,0.));
#795 = CARTESIAN_POINT('',(26.1,-6.4));
#796 = ( GEOMETRIC_REPRESENTATION_CONTEXT(2) 
PARAMETRIC_REPRESENTATION_CONTEXT() REPRESENTATION_CONTEXT('2D SPACE',''
  ) );
#797 = ORIENTED_EDGE('',*,*,#798,.T.);
#798 = EDGE_CURVE('',#773,#326,#799,.T.);
#799 = SURFACE_CURVE('',#800,(#804,#810),.PCURVE_S1.);
#800 = LINE('',#801,#802);
#801 = CARTESIAN_POINT('',(1.42108547152E-14,65.8,14.5));
#802 = VECTOR('',#803,1.);
#803 = DIRECTION('',(-2.22044604925E-16,0.,-1.));
#804 = PCURVE('',#235,#805);
#805 = DEFINITIONAL_REPRESENTATION('',(#806),#809);
#806 = B_SPLINE_CURVE_WITH_KNOTS('',1,(#807,#808),.UNSPECIFIED.,.F.,.F.,
  (2,2),(-93.5,-14.5),.PIECEWISE_BEZIER_KNOTS.);
#807 = CARTESIAN_POINT('',(108.,65.8));
#808 = CARTESIAN_POINT('',(29.,65.8));
#809 = ( GEOMETRIC_REPRESENTATION_CONTEXT(2) 
PARAMETRIC_REPRESENTATION_CONTEXT() REPRESENTATION_CONTEXT('2D SPACE',''
  ) );
#810 = PCURVE('',#811,#816);
#811 = PLANE('',#812);
#812 = AXIS2_PLACEMENT_3D('',#813,#814,#815);
#813 = CARTESIAN_POINT('',(26.1,65.8,29.));
#814 = DIRECTION('',(0.,1.,0.));
#815 = DIRECTION('',(-1.,0.,2.22044604925E-16));
#816 = DEFINITIONAL_REPRESENTATION('',(#817),#820);
#817 = B_SPLINE_CURVE_WITH_KNOTS('',1,(#818,#819),.UNSPECIFIED.,.F.,.F.,
  (2,2),(-93.5,-14.5),.PIECEWISE_BEZIER_KNOTS.);
#818 = CARTESIAN_POINT('',(26.1,79.));
#819 = CARTESIAN_POINT('',(26.1,0.));
#820 = ( GEOMETRIC_REPRESENTATION_CONTEXT(2) 
PARAMETRIC_REPRESENTATION_CONTEXT() REPRESENTATION_CONTEXT('2D SPACE',''
  ) );
#821 = ORIENTED_EDGE('',*,*,#325,.F.);
#822 = ORIENTED_EDGE('',*,*,#823,.F.);
#823 = EDGE_CURVE('',#824,#300,#826,.T.);
#824 = VERTEX_POINT('',#825);
#825 = CARTESIAN_POINT('',(3.552713678801E-14,16.2,108.));
#826 = SURFACE_CURVE('',#827,(#831,#837),.PCURVE_S1.);
#827 = LINE('',#828,#829);
#828 = CARTESIAN_POINT('',(1.42108547152E-14,16.2,14.5));
#829 = VECTOR('',#830,1.);
#830 = DIRECTION('',(-2.22044604925E-16,0.,-1.));
#831 = PCURVE('',#235,#832);
#832 = DEFINITIONAL_REPRESENTATION('',(#833),#836);
#833 = B_SPLINE_CURVE_WITH_KNOTS('',1,(#834,#835),.UNSPECIFIED.,.F.,.F.,
  (2,2),(-93.5,-14.5),.PIECEWISE_BEZIER_KNOTS.);
#834 = CARTESIAN_POINT('',(108.,16.2));
#835 = CARTESIAN_POINT('',(29.,16.2));
#836 = ( GEOMETRIC_REPRESENTATION_CONTEXT(2) 
PARAMETRIC_REPRESENTATION_CONTEXT() REPRESENTATION_CONTEXT('2D SPACE',''
  ) );
#837 = PCURVE('',#838,#843);
#838 = PLANE('',#839);
#839 = AXIS2_PLACEMENT_3D('',#840,#841,#842);
#840 = CARTESIAN_POINT('',(26.1,16.2,29.));
#841 = DIRECTION('',(0.,1.,0.));
#842 = DIRECTION('',(-1.,0.,2.22044604925E-16));
#843 = DEFINITIONAL_REPRESENTATION('',(#844),#847);
#844 = B_SPLINE_CURVE_WITH_KNOTS('',1,(#845,#846),.UNSPECIFIED.,.F.,.F.,
  (2,2),(-93.5,-14.5),.PIECEWISE_BEZIER_KNOTS.);
#845 = CARTESIAN_POINT('',(26.1,79.));
#846 = CARTESIAN_POINT('',(26.1,0.));
#847 = ( GEOMETRIC_REPRESENTATION_CONTEXT(2) 
PARAMETRIC_REPRESENTATION_CONTEXT() REPRESENTATION_CONTEXT('2D SPACE',''
  ) );
#848 = ORIENTED_EDGE('',*,*,#849,.F.);
#849 = EDGE_CURVE('',#850,#824,#852,.T.);
#850 = VERTEX_POINT('',#851);
#851 = CARTESIAN_POINT('',(3.552713678801E-14,9.8,108.));
#852 = SURFACE_CURVE('',#853,(#857,#863),.PCURVE_S1.);
#853 = LINE('',#854,#855);
#854 = CARTESIAN_POINT('',(3.552713678801E-14,4.9,108.));
#855 = VECTOR('',#856,1.);
#856 = DIRECTION('',(0.,1.,0.));
#857 = PCURVE('',#235,#858);
#858 = DEFINITIONAL_REPRESENTATION('',(#859),#862);
#859 = B_SPLINE_CURVE_WITH_KNOTS('',1,(#860,#861),.UNSPECIFIED.,.F.,.F.,
  (2,2),(4.9,11.3),.PIECEWISE_BEZIER_KNOTS.);
#860 = CARTESIAN_POINT('',(108.,9.8));
#861 = CARTESIAN_POINT('',(108.,16.2));
#862 = ( GEOMETRIC_REPRESENTATION_CONTEXT(2) 
PARAMETRIC_REPRESENTATION_CONTEXT() REPRESENTATION_CONTEXT('2D SPACE',''
  ) );
#863 = PCURVE('',#864,#869);
#864 = PLANE('',#865);
#865 = AXIS2_PLACEMENT_3D('',#866,#867,#868);
#866 = CARTESIAN_POINT('',(26.1,9.8,108.));
#867 = DIRECTION('',(2.22044604925E-16,0.,1.));
#868 = DIRECTION('',(-1.,0.,2.22044604925E-16));
#869 = DEFINITIONAL_REPRESENTATION('',(#870),#873);
#870 = B_SPLINE_CURVE_WITH_KNOTS('',1,(#871,#872),.UNSPECIFIED.,.F.,.F.,
  (2,2),(4.9,11.3),.PIECEWISE_BEZIER_KNOTS.);
#871 = CARTESIAN_POINT('',(26.1,0.));
#872 = CARTESIAN_POINT('',(26.1,-6.4));
#873 = ( GEOMETRIC_REPRESENTATION_CONTEXT(2) 
PARAMETRIC_REPRESENTATION_CONTEXT() REPRESENTATION_CONTEXT('2D SPACE',''
  ) );
#874 = ORIENTED_EDGE('',*,*,#875,.T.);
#875 = EDGE_CURVE('',#850,#220,#876,.T.);
#876 = SURFACE_CURVE('',#877,(#881,#887),.PCURVE_S1.);
#877 = LINE('',#878,#879);
#878 = CARTESIAN_POINT('',(1.42108547152E-14,9.8,14.5));
#879 = VECTOR('',#880,1.);
#880 = DIRECTION('',(-2.22044604925E-16,0.,-1.));
#881 = PCURVE('',#235,#882);
#882 = DEFINITIONAL_REPRESENTATION('',(#883),#886);
#883 = B_SPLINE_CURVE_WITH_KNOTS('',1,(#884,#885),.UNSPECIFIED.,.F.,.F.,
  (2,2),(-93.5,-14.5),.PIECEWISE_BEZIER_KNOTS.);
#884 = CARTESIAN_POINT('',(108.,9.8));
#885 = CARTESIAN_POINT('',(29.,9.8));
#886 = ( GEOMETRIC_REPRESENTATION_CONTEXT(2) 
PARAMETRIC_REPRESENTATION_CONTEXT() REPRESENTATION_CONTEXT('2D SPACE',''
  ) );
#887 = PCURVE('',#888,#893);
#888 = PLANE('',#889);
#889 = AXIS2_PLACEMENT_3D('',#890,#891,#892);
#890 = CARTESIAN_POINT('',(26.1,9.8,29.));
#891 = DIRECTION('',(0.,1.,0.));
#892 = DIRECTION('',(-1.,0.,2.22044604925E-16));
#893 = DEFINITIONAL_REPRESENTATION('',(#894),#897);
#894 = B_SPLINE_CURVE_WITH_KNOTS('',1,(#895,#896),.UNSPECIFIED.,.F.,.F.,
  (2,2),(-93.5,-14.5),.PIECEWISE_BEZIER_KNOTS.);
#895 = CARTESIAN_POINT('',(26.1,79.));
#896 = CARTESIAN_POINT('',(26.1,0.));
#897 = ( GEOMETRIC_REPRESENTATION_CONTEXT(2) 
PARAMETRIC_REPRESENTATION_CONTEXT() REPRESENTATION_CONTEXT('2D SPACE',''
  ) );
#898 = ORIENTED_EDGE('',*,*,#219,.F.);
#899 = ORIENTED_EDGE('',*,*,#670,.T.);
#900 = ORIENTED_EDGE('',*,*,#901,.T.);
#901 = EDGE_CURVE('',#671,#723,#902,.T.);
#902 = SURFACE_CURVE('',#903,(#907,#914),.PCURVE_S1.);
#903 = LINE('',#904,#905);
#904 = CARTESIAN_POINT('',(3.552713678801E-14,0.,110.));
#905 = VECTOR('',#906,1.);
#906 = DIRECTION('',(0.,1.,0.));
#907 = PCURVE('',#235,#908);
#908 = DEFINITIONAL_REPRESENTATION('',(#909),#913);
#909 = LINE('',#910,#911);
#910 = CARTESIAN_POINT('',(110.,0.));
#911 = VECTOR('',#912,1.);
#912 = DIRECTION('',(0.,1.));
#913 = ( GEOMETRIC_REPRESENTATION_CONTEXT(2) 
PARAMETRIC_REPRESENTATION_CONTEXT() REPRESENTATION_CONTEXT('2D SPACE',''
  ) );
#914 = PCURVE('',#707,#915);
#915 = DEFINITIONAL_REPRESENTATION('',(#916),#920);
#916 = LINE('',#917,#918);
#917 = CARTESIAN_POINT('',(47.,0.));
#918 = VECTOR('',#919,1.);
#919 = DIRECTION('',(0.,-1.));
#920 = ( GEOMETRIC_REPRESENTATION_CONTEXT(2) 
PARAMETRIC_REPRESENTATION_CONTEXT() REPRESENTATION_CONTEXT('2D SPACE',''
  ) );
#921 = ADVANCED_FACE('',(#922),#415,.F.);
#922 = FACE_BOUND('',#923,.F.);
#923 = EDGE_LOOP('',(#924,#946,#972,#993));
#924 = ORIENTED_EDGE('',*,*,#925,.T.);
#925 = EDGE_CURVE('',#401,#926,#928,.T.);
#926 = VERTEX_POINT('',#927);
#927 = CARTESIAN_POINT('',(4.,72.2,76.));
#928 = SURFACE_CURVE('',#929,(#933,#939),.PCURVE_S1.);
#929 = LINE('',#930,#931);
#930 = CARTESIAN_POINT('',(36.55,72.2,76.));
#931 = VECTOR('',#932,1.);
#932 = DIRECTION('',(1.,0.,-2.22044604925E-16));
#933 = PCURVE('',#415,#934);
#934 = DEFINITIONAL_REPRESENTATION('',(#935),#938);
#935 = B_SPLINE_CURVE_WITH_KNOTS('',1,(#936,#937),.UNSPECIFIED.,.F.,.F.,
  (2,2),(-36.55,-32.55),.PIECEWISE_BEZIER_KNOTS.);
#936 = CARTESIAN_POINT('',(26.1,47.));
#937 = CARTESIAN_POINT('',(22.1,47.));
#938 = ( GEOMETRIC_REPRESENTATION_CONTEXT(2) 
PARAMETRIC_REPRESENTATION_CONTEXT() REPRESENTATION_CONTEXT('2D SPACE',''
  ) );
#939 = PCURVE('',#761,#940);
#940 = DEFINITIONAL_REPRESENTATION('',(#941),#945);
#941 = LINE('',#942,#943);
#942 = CARTESIAN_POINT('',(-10.45,47.));
#943 = VECTOR('',#944,1.);
#944 = DIRECTION('',(-1.,0.));
#945 = ( GEOMETRIC_REPRESENTATION_CONTEXT(2) 
PARAMETRIC_REPRESENTATION_CONTEXT() REPRESENTATION_CONTEXT('2D SPACE',''
  ) );
#946 = ORIENTED_EDGE('',*,*,#947,.T.);
#947 = EDGE_CURVE('',#926,#948,#950,.T.);
#948 = VERTEX_POINT('',#949);
#949 = CARTESIAN_POINT('',(4.,72.2,29.));
#950 = SURFACE_CURVE('',#951,(#955,#961),.PCURVE_S1.);
#951 = LINE('',#952,#953);
#952 = CARTESIAN_POINT('',(4.,72.2,18.5));
#953 = VECTOR('',#954,1.);
#954 = DIRECTION('',(-2.22044604925E-16,0.,-1.));
#955 = PCURVE('',#415,#956);
#956 = DEFINITIONAL_REPRESENTATION('',(#957),#960);
#957 = B_SPLINE_CURVE_WITH_KNOTS('',1,(#958,#959),.UNSPECIFIED.,.F.,.F.,
  (2,2),(-89.5,-10.5),.PIECEWISE_BEZIER_KNOTS.);
#958 = CARTESIAN_POINT('',(22.1,79.));
#959 = CARTESIAN_POINT('',(22.1,0.));
#960 = ( GEOMETRIC_REPRESENTATION_CONTEXT(2) 
PARAMETRIC_REPRESENTATION_CONTEXT() REPRESENTATION_CONTEXT('2D SPACE',''
  ) );
#961 = PCURVE('',#962,#967);
#962 = PLANE('',#963);
#963 = AXIS2_PLACEMENT_3D('',#964,#965,#966);
#964 = CARTESIAN_POINT('',(4.,61.,8.));
#965 = DIRECTION('',(-1.,0.,2.22044604925E-16));
#966 = DIRECTION('',(2.22044604925E-16,0.,1.));
#967 = DEFINITIONAL_REPRESENTATION('',(#968),#971);
#968 = B_SPLINE_CURVE_WITH_KNOTS('',1,(#969,#970),.UNSPECIFIED.,.F.,.F.,
  (2,2),(-89.5,-10.5),.PIECEWISE_BEZIER_KNOTS.);
#969 = CARTESIAN_POINT('',(100.,11.2));
#970 = CARTESIAN_POINT('',(21.,11.2));
#971 = ( GEOMETRIC_REPRESENTATION_CONTEXT(2) 
PARAMETRIC_REPRESENTATION_CONTEXT() REPRESENTATION_CONTEXT('2D SPACE',''
  ) );
#972 = ORIENTED_EDGE('',*,*,#973,.T.);
#973 = EDGE_CURVE('',#948,#375,#974,.T.);
#974 = SURFACE_CURVE('',#975,(#979,#986),.PCURVE_S1.);
#975 = LINE('',#976,#977);
#976 = CARTESIAN_POINT('',(26.1,72.2,29.));
#977 = VECTOR('',#978,1.);
#978 = DIRECTION('',(-1.,0.,2.22044604925E-16));
#979 = PCURVE('',#415,#980);
#980 = DEFINITIONAL_REPRESENTATION('',(#981),#985);
#981 = LINE('',#982,#983);
#982 = CARTESIAN_POINT('',(0.,0.));
#983 = VECTOR('',#984,1.);
#984 = DIRECTION('',(1.,0.));
#985 = ( GEOMETRIC_REPRESENTATION_CONTEXT(2) 
PARAMETRIC_REPRESENTATION_CONTEXT() REPRESENTATION_CONTEXT('2D SPACE',''
  ) );
#986 = PCURVE('',#389,#987);
#987 = DEFINITIONAL_REPRESENTATION('',(#988),#992);
#988 = LINE('',#989,#990);
#989 = CARTESIAN_POINT('',(0.,-6.4));
#990 = VECTOR('',#991,1.);
#991 = DIRECTION('',(1.,0.));
#992 = ( GEOMETRIC_REPRESENTATION_CONTEXT(2) 
PARAMETRIC_REPRESENTATION_CONTEXT() REPRESENTATION_CONTEXT('2D SPACE',''
  ) );
#993 = ORIENTED_EDGE('',*,*,#400,.F.);
#994 = ADVANCED_FACE('',(#995),#389,.T.);
#995 = FACE_BOUND('',#996,.T.);
#996 = EDGE_LOOP('',(#997,#1020,#1039,#1040));
#997 = ORIENTED_EDGE('',*,*,#998,.F.);
#998 = EDGE_CURVE('',#999,#349,#1001,.T.);
#999 = VERTEX_POINT('',#1000);
#1000 = CARTESIAN_POINT('',(4.,65.8,29.));
#1001 = SURFACE_CURVE('',#1002,(#1006,#1013),.PCURVE_S1.);
#1002 = LINE('',#1003,#1004);
#1003 = CARTESIAN_POINT('',(26.1,65.8,29.));
#1004 = VECTOR('',#1005,1.);
#1005 = DIRECTION('',(-1.,0.,2.22044604925E-16));
#1006 = PCURVE('',#389,#1007);
#1007 = DEFINITIONAL_REPRESENTATION('',(#1008),#1012);
#1008 = LINE('',#1009,#1010);
#1009 = CARTESIAN_POINT('',(0.,0.));
#1010 = VECTOR('',#1011,1.);
#1011 = DIRECTION('',(1.,0.));
#1012 = ( GEOMETRIC_REPRESENTATION_CONTEXT(2) 
PARAMETRIC_REPRESENTATION_CONTEXT() REPRESENTATION_CONTEXT('2D SPACE',''
  ) );
#1013 = PCURVE('',#363,#1014);
#1014 = DEFINITIONAL_REPRESENTATION('',(#1015),#1019);
#1015 = LINE('',#1016,#1017);
#1016 = CARTESIAN_POINT('',(0.,0.));
#1017 = VECTOR('',#1018,1.);
#1018 = DIRECTION('',(1.,0.));
#1019 = ( GEOMETRIC_REPRESENTATION_CONTEXT(2) 
PARAMETRIC_REPRESENTATION_CONTEXT() REPRESENTATION_CONTEXT('2D SPACE',''
  ) );
#1020 = ORIENTED_EDGE('',*,*,#1021,.T.);
#1021 = EDGE_CURVE('',#999,#948,#1022,.T.);
#1022 = SURFACE_CURVE('',#1023,(#1027,#1033),.PCURVE_S1.);
#1023 = LINE('',#1024,#1025);
#1024 = CARTESIAN_POINT('',(4.,63.4,29.));
#1025 = VECTOR('',#1026,1.);
#1026 = DIRECTION('',(-0.,1.,0.));
#1027 = PCURVE('',#389,#1028);
#1028 = DEFINITIONAL_REPRESENTATION('',(#1029),#1032);
#1029 = B_SPLINE_CURVE_WITH_KNOTS('',1,(#1030,#1031),.UNSPECIFIED.,.F.,
  .F.,(2,2),(2.4,8.8),.PIECEWISE_BEZIER_KNOTS.);
#1030 = CARTESIAN_POINT('',(22.1,0.));
#1031 = CARTESIAN_POINT('',(22.1,-6.4));
#1032 = ( GEOMETRIC_REPRESENTATION_CONTEXT(2) 
PARAMETRIC_REPRESENTATION_CONTEXT() REPRESENTATION_CONTEXT('2D SPACE',''
  ) );
#1033 = PCURVE('',#962,#1034);
#1034 = DEFINITIONAL_REPRESENTATION('',(#1035),#1038);
#1035 = B_SPLINE_CURVE_WITH_KNOTS('',1,(#1036,#1037),.UNSPECIFIED.,.F.,
  .F.,(2,2),(2.4,8.8),.PIECEWISE_BEZIER_KNOTS.);
#1036 = CARTESIAN_POINT('',(21.,4.8));
#1037 = CARTESIAN_POINT('',(21.,11.2));
#1038 = ( GEOMETRIC_REPRESENTATION_CONTEXT(2) 
PARAMETRIC_REPRESENTATION_CONTEXT() REPRESENTATION_CONTEXT('2D SPACE',''
  ) );
#1039 = ORIENTED_EDGE('',*,*,#973,.T.);
#1040 = ORIENTED_EDGE('',*,*,#374,.F.);
#1041 = ADVANCED_FACE('',(#1042),#363,.T.);
#1042 = FACE_BOUND('',#1043,.T.);
#1043 = EDGE_LOOP('',(#1044,#1066,#1085,#1086));
#1044 = ORIENTED_EDGE('',*,*,#1045,.T.);
#1045 = EDGE_CURVE('',#326,#1046,#1048,.T.);
#1046 = VERTEX_POINT('',#1047);
#1047 = CARTESIAN_POINT('',(4.,65.8,76.));
#1048 = SURFACE_CURVE('',#1049,(#1053,#1059),.PCURVE_S1.);
#1049 = LINE('',#1050,#1051);
#1050 = CARTESIAN_POINT('',(36.55,65.8,76.));
#1051 = VECTOR('',#1052,1.);
#1052 = DIRECTION('',(1.,0.,-2.22044604925E-16));
#1053 = PCURVE('',#363,#1054);
#1054 = DEFINITIONAL_REPRESENTATION('',(#1055),#1058);
#1055 = B_SPLINE_CURVE_WITH_KNOTS('',1,(#1056,#1057),.UNSPECIFIED.,.F.,
  .F.,(2,2),(-36.55,-32.55),.PIECEWISE_BEZIER_KNOTS.);
#1056 = CARTESIAN_POINT('',(26.1,47.));
#1057 = CARTESIAN_POINT('',(22.1,47.));
#1058 = ( GEOMETRIC_REPRESENTATION_CONTEXT(2) 
PARAMETRIC_REPRESENTATION_CONTEXT() REPRESENTATION_CONTEXT('2D SPACE',''
  ) );
#1059 = PCURVE('',#811,#1060);
#1060 = DEFINITIONAL_REPRESENTATION('',(#1061),#1065);
#1061 = LINE('',#1062,#1063);
#1062 = CARTESIAN_POINT('',(-10.45,47.));
#1063 = VECTOR('',#1064,1.);
#1064 = DIRECTION('',(-1.,0.));
#1065 = ( GEOMETRIC_REPRESENTATION_CONTEXT(2) 
PARAMETRIC_REPRESENTATION_CONTEXT() REPRESENTATION_CONTEXT('2D SPACE',''
  ) );
#1066 = ORIENTED_EDGE('',*,*,#1067,.T.);
#1067 = EDGE_CURVE('',#1046,#999,#1068,.T.);
#1068 = SURFACE_CURVE('',#1069,(#1073,#1079),.PCURVE_S1.);
#1069 = LINE('',#1070,#1071);
#1070 = CARTESIAN_POINT('',(4.,65.8,18.5));
#1071 = VECTOR('',#1072,1.);
#1072 = DIRECTION('',(-2.22044604925E-16,0.,-1.));
#1073 = PCURVE('',#363,#1074);
#1074 = DEFINITIONAL_REPRESENTATION('',(#1075),#1078);
#1075 = B_SPLINE_CURVE_WITH_KNOTS('',1,(#1076,#1077),.UNSPECIFIED.,.F.,
  .F.,(2,2),(-89.5,-10.5),.PIECEWISE_BEZIER_KNOTS.);
#1076 = CARTESIAN_POINT('',(22.1,79.));
#1077 = CARTESIAN_POINT('',(22.1,0.));
#1078 = ( GEOMETRIC_REPRESENTATION_CONTEXT(2) 
PARAMETRIC_REPRESENTATION_CONTEXT() REPRESENTATION_CONTEXT('2D SPACE',''
  ) );
#1079 = PCURVE('',#962,#1080);
#1080 = DEFINITIONAL_REPRESENTATION('',(#1081),#1084);
#1081 = B_SPLINE_CURVE_WITH_KNOTS('',1,(#1082,#1083),.UNSPECIFIED.,.F.,
  .F.,(2,2),(-89.5,-10.5),.PIECEWISE_BEZIER_KNOTS.);
#1082 = CARTESIAN_POINT('',(100.,4.8));
#1083 = CARTESIAN_POINT('',(21.,4.8));
#1084 = ( GEOMETRIC_REPRESENTATION_CONTEXT(2) 
PARAMETRIC_REPRESENTATION_CONTEXT() REPRESENTATION_CONTEXT('2D SPACE',''
  ) );
#1085 = ORIENTED_EDGE('',*,*,#998,.T.);
#1086 = ORIENTED_EDGE('',*,*,#348,.F.);
#1087 = ADVANCED_FACE('',(#1088),#314,.F.);
#1088 = FACE_BOUND('',#1089,.F.);
#1089 = EDGE_LOOP('',(#1090,#1112,#1138,#1159));
#1090 = ORIENTED_EDGE('',*,*,#1091,.T.);
#1091 = EDGE_CURVE('',#300,#1092,#1094,.T.);
#1092 = VERTEX_POINT('',#1093);
#1093 = CARTESIAN_POINT('',(4.,16.2,76.));
#1094 = SURFACE_CURVE('',#1095,(#1099,#1105),.PCURVE_S1.);
#1095 = LINE('',#1096,#1097);
#1096 = CARTESIAN_POINT('',(36.55,16.2,76.));
#1097 = VECTOR('',#1098,1.);
#1098 = DIRECTION('',(1.,0.,-2.22044604925E-16));
#1099 = PCURVE('',#314,#1100);
#1100 = DEFINITIONAL_REPRESENTATION('',(#1101),#1104);
#1101 = B_SPLINE_CURVE_WITH_KNOTS('',1,(#1102,#1103),.UNSPECIFIED.,.F.,
  .F.,(2,2),(-36.55,-32.55),.PIECEWISE_BEZIER_KNOTS.);
#1102 = CARTESIAN_POINT('',(26.1,47.));
#1103 = CARTESIAN_POINT('',(22.1,47.));
#1104 = ( GEOMETRIC_REPRESENTATION_CONTEXT(2) 
PARAMETRIC_REPRESENTATION_CONTEXT() REPRESENTATION_CONTEXT('2D SPACE',''
  ) );
#1105 = PCURVE('',#838,#1106);
#1106 = DEFINITIONAL_REPRESENTATION('',(#1107),#1111);
#1107 = LINE('',#1108,#1109);
#1108 = CARTESIAN_POINT('',(-10.45,47.));
#1109 = VECTOR('',#1110,1.);
#1110 = DIRECTION('',(-1.,0.));
#1111 = ( GEOMETRIC_REPRESENTATION_CONTEXT(2) 
PARAMETRIC_REPRESENTATION_CONTEXT() REPRESENTATION_CONTEXT('2D SPACE',''
  ) );
#1112 = ORIENTED_EDGE('',*,*,#1113,.T.);
#1113 = EDGE_CURVE('',#1092,#1114,#1116,.T.);
#1114 = VERTEX_POINT('',#1115);
#1115 = CARTESIAN_POINT('',(4.,16.2,29.));
#1116 = SURFACE_CURVE('',#1117,(#1121,#1127),.PCURVE_S1.);
#1117 = LINE('',#1118,#1119);
#1118 = CARTESIAN_POINT('',(4.,16.2,18.5));
#1119 = VECTOR('',#1120,1.);
#1120 = DIRECTION('',(-2.22044604925E-16,0.,-1.));
#1121 = PCURVE('',#314,#1122);
#1122 = DEFINITIONAL_REPRESENTATION('',(#1123),#1126);
#1123 = B_SPLINE_CURVE_WITH_KNOTS('',1,(#1124,#1125),.UNSPECIFIED.,.F.,
  .F.,(2,2),(-89.5,-10.5),.PIECEWISE_BEZIER_KNOTS.);
#1124 = CARTESIAN_POINT('',(22.1,79.));
#1125 = CARTESIAN_POINT('',(22.1,0.));
#1126 = ( GEOMETRIC_REPRESENTATION_CONTEXT(2) 
PARAMETRIC_REPRESENTATION_CONTEXT() REPRESENTATION_CONTEXT('2D SPACE',''
  ) );
#1127 = PCURVE('',#1128,#1133);
#1128 = PLANE('',#1129);
#1129 = AXIS2_PLACEMENT_3D('',#1130,#1131,#1132);
#1130 = CARTESIAN_POINT('',(4.,4.,8.));
#1131 = DIRECTION('',(-1.,0.,2.22044604925E-16));
#1132 = DIRECTION('',(2.22044604925E-16,0.,1.));
#1133 = DEFINITIONAL_REPRESENTATION('',(#1134),#1137);
#1134 = B_SPLINE_CURVE_WITH_KNOTS('',1,(#1135,#1136),.UNSPECIFIED.,.F.,
  .F.,(2,2),(-89.5,-10.5),.PIECEWISE_BEZIER_KNOTS.);
#1135 = CARTESIAN_POINT('',(100.,12.2));
#1136 = CARTESIAN_POINT('',(21.,12.2));
#1137 = ( GEOMETRIC_REPRESENTATION_CONTEXT(2) 
PARAMETRIC_REPRESENTATION_CONTEXT() REPRESENTATION_CONTEXT('2D SPACE',''
  ) );
#1138 = ORIENTED_EDGE('',*,*,#1139,.T.);
#1139 = EDGE_CURVE('',#1114,#274,#1140,.T.);
#1140 = SURFACE_CURVE('',#1141,(#1145,#1152),.PCURVE_S1.);
#1141 = LINE('',#1142,#1143);
#1142 = CARTESIAN_POINT('',(26.1,16.2,29.));
#1143 = VECTOR('',#1144,1.);
#1144 = DIRECTION('',(-1.,0.,2.22044604925E-16));
#1145 = PCURVE('',#314,#1146);
#1146 = DEFINITIONAL_REPRESENTATION('',(#1147),#1151);
#1147 = LINE('',#1148,#1149);
#1148 = CARTESIAN_POINT('',(0.,0.));
#1149 = VECTOR('',#1150,1.);
#1150 = DIRECTION('',(1.,0.));
#1151 = ( GEOMETRIC_REPRESENTATION_CONTEXT(2) 
PARAMETRIC_REPRESENTATION_CONTEXT() REPRESENTATION_CONTEXT('2D SPACE',''
  ) );
#1152 = PCURVE('',#288,#1153);
#1153 = DEFINITIONAL_REPRESENTATION('',(#1154),#1158);
#1154 = LINE('',#1155,#1156);
#1155 = CARTESIAN_POINT('',(0.,-6.4));
#1156 = VECTOR('',#1157,1.);
#1157 = DIRECTION('',(1.,0.));
#1158 = ( GEOMETRIC_REPRESENTATION_CONTEXT(2) 
PARAMETRIC_REPRESENTATION_CONTEXT() REPRESENTATION_CONTEXT('2D SPACE',''
  ) );
#1159 = ORIENTED_EDGE('',*,*,#299,.F.);
#1160 = ADVANCED_FACE('',(#1161),#288,.T.);
#1161 = FACE_BOUND('',#1162,.T.);
#1162 = EDGE_LOOP('',(#1163,#1186,#1205,#1206));
#1163 = ORIENTED_EDGE('',*,*,#1164,.F.);
#1164 = EDGE_CURVE('',#1165,#248,#1167,.T.);
#1165 = VERTEX_POINT('',#1166);
#1166 = CARTESIAN_POINT('',(4.,9.8,29.));
#1167 = SURFACE_CURVE('',#1168,(#1172,#1179),.PCURVE_S1.);
#1168 = LINE('',#1169,#1170);
#1169 = CARTESIAN_POINT('',(26.1,9.8,29.));
#1170 = VECTOR('',#1171,1.);
#1171 = DIRECTION('',(-1.,0.,2.22044604925E-16));
#1172 = PCURVE('',#288,#1173);
#1173 = DEFINITIONAL_REPRESENTATION('',(#1174),#1178);
#1174 = LINE('',#1175,#1176);
#1175 = CARTESIAN_POINT('',(0.,0.));
#1176 = VECTOR('',#1177,1.);
#1177 = DIRECTION('',(1.,0.));
#1178 = ( GEOMETRIC_REPRESENTATION_CONTEXT(2) 
PARAMETRIC_REPRESENTATION_CONTEXT() REPRESENTATION_CONTEXT('2D SPACE',''
  ) );
#1179 = PCURVE('',#262,#1180);
#1180 = DEFINITIONAL_REPRESENTATION('',(#1181),#1185);
#1181 = LINE('',#1182,#1183);
#1182 = CARTESIAN_POINT('',(0.,0.));
#1183 = VECTOR('',#1184,1.);
#1184 = DIRECTION('',(1.,0.));
#1185 = ( GEOMETRIC_REPRESENTATION_CONTEXT(2) 
PARAMETRIC_REPRESENTATION_CONTEXT() REPRESENTATION_CONTEXT('2D SPACE',''
  ) );
#1186 = ORIENTED_EDGE('',*,*,#1187,.T.);
#1187 = EDGE_CURVE('',#1165,#1114,#1188,.T.);
#1188 = SURFACE_CURVE('',#1189,(#1193,#1199),.PCURVE_S1.);
#1189 = LINE('',#1190,#1191);
#1190 = CARTESIAN_POINT('',(4.,6.9,29.));
#1191 = VECTOR('',#1192,1.);
#1192 = DIRECTION('',(-0.,1.,0.));
#1193 = PCURVE('',#288,#1194);
#1194 = DEFINITIONAL_REPRESENTATION('',(#1195),#1198);
#1195 = B_SPLINE_CURVE_WITH_KNOTS('',1,(#1196,#1197),.UNSPECIFIED.,.F.,
  .F.,(2,2),(2.9,9.3),.PIECEWISE_BEZIER_KNOTS.);
#1196 = CARTESIAN_POINT('',(22.1,0.));
#1197 = CARTESIAN_POINT('',(22.1,-6.4));
#1198 = ( GEOMETRIC_REPRESENTATION_CONTEXT(2) 
PARAMETRIC_REPRESENTATION_CONTEXT() REPRESENTATION_CONTEXT('2D SPACE',''
  ) );
#1199 = PCURVE('',#1128,#1200);
#1200 = DEFINITIONAL_REPRESENTATION('',(#1201),#1204);
#1201 = B_SPLINE_CURVE_WITH_KNOTS('',1,(#1202,#1203),.UNSPECIFIED.,.F.,
  .F.,(2,2),(2.9,9.3),.PIECEWISE_BEZIER_KNOTS.);
#1202 = CARTESIAN_POINT('',(21.,5.8));
#1203 = CARTESIAN_POINT('',(21.,12.2));
#1204 = ( GEOMETRIC_REPRESENTATION_CONTEXT(2) 
PARAMETRIC_REPRESENTATION_CONTEXT() REPRESENTATION_CONTEXT('2D SPACE',''
  ) );
#1205 = ORIENTED_EDGE('',*,*,#1139,.T.);
#1206 = ORIENTED_EDGE('',*,*,#273,.F.);
#1207 = ADVANCED_FACE('',(#1208),#262,.T.);
#1208 = FACE_BOUND('',#1209,.T.);
#1209 = EDGE_LOOP('',(#1210,#1232,#1251,#1252));
#1210 = ORIENTED_EDGE('',*,*,#1211,.T.);
#1211 = EDGE_CURVE('',#220,#1212,#1214,.T.);
#1212 = VERTEX_POINT('',#1213);
#1213 = CARTESIAN_POINT('',(4.,9.8,76.));
#1214 = SURFACE_CURVE('',#1215,(#1219,#1225),.PCURVE_S1.);
#1215 = LINE('',#1216,#1217);
#1216 = CARTESIAN_POINT('',(36.55,9.8,76.));
#1217 = VECTOR('',#1218,1.);
#1218 = DIRECTION('',(1.,0.,-2.22044604925E-16));
#1219 = PCURVE('',#262,#1220);
#1220 = DEFINITIONAL_REPRESENTATION('',(#1221),#1224);
#1221 = B_SPLINE_CURVE_WITH_KNOTS('',1,(#1222,#1223),.UNSPECIFIED.,.F.,
  .F.,(2,2),(-36.55,-32.55),.PIECEWISE_BEZIER_KNOTS.);
#1222 = CARTESIAN_POINT('',(26.1,47.));
#1223 = CARTESIAN_POINT('',(22.1,47.));
#1224 = ( GEOMETRIC_REPRESENTATION_CONTEXT(2) 
PARAMETRIC_REPRESENTATION_CONTEXT() REPRESENTATION_CONTEXT('2D SPACE',''
  ) );
#1225 = PCURVE('',#888,#1226);
#1226 = DEFINITIONAL_REPRESENTATION('',(#1227),#1231);
#1227 = LINE('',#1228,#1229);
#1228 = CARTESIAN_POINT('',(-10.45,47.));
#1229 = VECTOR('',#1230,1.);
#1230 = DIRECTION('',(-1.,0.));
#1231 = ( GEOMETRIC_REPRESENTATION_CONTEXT(2) 
PARAMETRIC_REPRESENTATION_CONTEXT() REPRESENTATION_CONTEXT('2D SPACE',''
  ) );
#1232 = ORIENTED_EDGE('',*,*,#1233,.T.);
#1233 = EDGE_CURVE('',#1212,#1165,#1234,.T.);
#1234 = SURFACE_CURVE('',#1235,(#1239,#1245),.PCURVE_S1.);
#1235 = LINE('',#1236,#1237);
#1236 = CARTESIAN_POINT('',(4.,9.8,18.5));
#1237 = VECTOR('',#1238,1.);
#1238 = DIRECTION('',(-2.22044604925E-16,0.,-1.));
#1239 = PCURVE('',#262,#1240);
#1240 = DEFINITIONAL_REPRESENTATION('',(#1241),#1244);
#1241 = B_SPLINE_CURVE_WITH_KNOTS('',1,(#1242,#1243),.UNSPECIFIED.,.F.,
  .F.,(2,2),(-89.5,-10.5),.PIECEWISE_BEZIER_KNOTS.);
#1242 = CARTESIAN_POINT('',(22.1,79.));
#1243 = CARTESIAN_POINT('',(22.1,0.));
#1244 = ( GEOMETRIC_REPRESENTATION_CONTEXT(2) 
PARAMETRIC_REPRESENTATION_CONTEXT() REPRESENTATION_CONTEXT('2D SPACE',''
  ) );
#1245 = PCURVE('',#1128,#1246);
#1246 = DEFINITIONAL_REPRESENTATION('',(#1247),#1250);
#1247 = B_SPLINE_CURVE_WITH_KNOTS('',1,(#1248,#1249),.UNSPECIFIED.,.F.,
  .F.,(2,2),(-89.5,-10.5),.PIECEWISE_BEZIER_KNOTS.);
#1248 = CARTESIAN_POINT('',(100.,5.8));
#1249 = CARTESIAN_POINT('',(21.,5.8));
#1250 = ( GEOMETRIC_REPRESENTATION_CONTEXT(2) 
PARAMETRIC_REPRESENTATION_CONTEXT() REPRESENTATION_CONTEXT('2D SPACE',''
  ) );
#1251 = ORIENTED_EDGE('',*,*,#1164,.T.);
#1252 = ORIENTED_EDGE('',*,*,#247,.F.);
#1253 = ADVANCED_FACE('',(#1254),#512,.T.);
#1254 = FACE_BOUND('',#1255,.T.);
#1255 = EDGE_LOOP('',(#1256,#1279,#1280,#1281));
#1256 = ORIENTED_EDGE('',*,*,#1257,.F.);
#1257 = EDGE_CURVE('',#474,#1258,#1260,.T.);
#1258 = VERTEX_POINT('',#1259);
#1259 = CARTESIAN_POINT('',(47.,82.,110.));
#1260 = SURFACE_CURVE('',#1261,(#1265,#1272),.PCURVE_S1.);
#1261 = LINE('',#1262,#1263);
#1262 = CARTESIAN_POINT('',(47.,82.,0.));
#1263 = VECTOR('',#1264,1.);
#1264 = DIRECTION('',(2.22044604925E-16,0.,1.));
#1265 = PCURVE('',#512,#1266);
#1266 = DEFINITIONAL_REPRESENTATION('',(#1267),#1271);
#1267 = LINE('',#1268,#1269);
#1268 = CARTESIAN_POINT('',(0.,0.));
#1269 = VECTOR('',#1270,1.);
#1270 = DIRECTION('',(0.,1.));
#1271 = ( GEOMETRIC_REPRESENTATION_CONTEXT(2) 
PARAMETRIC_REPRESENTATION_CONTEXT() REPRESENTATION_CONTEXT('2D SPACE',''
  ) );
#1272 = PCURVE('',#543,#1273);
#1273 = DEFINITIONAL_REPRESENTATION('',(#1274),#1278);
#1274 = LINE('',#1275,#1276);
#1275 = CARTESIAN_POINT('',(0.,82.));
#1276 = VECTOR('',#1277,1.);
#1277 = DIRECTION('',(1.,0.));
#1278 = ( GEOMETRIC_REPRESENTATION_CONTEXT(2) 
PARAMETRIC_REPRESENTATION_CONTEXT() REPRESENTATION_CONTEXT('2D SPACE',''
  ) );
#1279 = ORIENTED_EDGE('',*,*,#498,.T.);
#1280 = ORIENTED_EDGE('',*,*,#722,.T.);
#1281 = ORIENTED_EDGE('',*,*,#1282,.F.);
#1282 = EDGE_CURVE('',#1258,#723,#1283,.T.);
#1283 = SURFACE_CURVE('',#1284,(#1288,#1295),.PCURVE_S1.);
#1284 = LINE('',#1285,#1286);
#1285 = CARTESIAN_POINT('',(47.,82.,110.));
#1286 = VECTOR('',#1287,1.);
#1287 = DIRECTION('',(-1.,0.,2.22044604925E-16));
#1288 = PCURVE('',#512,#1289);
#1289 = DEFINITIONAL_REPRESENTATION('',(#1290),#1294);
#1290 = LINE('',#1291,#1292);
#1291 = CARTESIAN_POINT('',(0.,110.));
#1292 = VECTOR('',#1293,1.);
#1293 = DIRECTION('',(1.,0.));
#1294 = ( GEOMETRIC_REPRESENTATION_CONTEXT(2) 
PARAMETRIC_REPRESENTATION_CONTEXT() REPRESENTATION_CONTEXT('2D SPACE',''
  ) );
#1295 = PCURVE('',#707,#1296);
#1296 = DEFINITIONAL_REPRESENTATION('',(#1297),#1301);
#1297 = LINE('',#1298,#1299);
#1298 = CARTESIAN_POINT('',(0.,-82.));
#1299 = VECTOR('',#1300,1.);
#1300 = DIRECTION('',(1.,0.));
#1301 = ( GEOMETRIC_REPRESENTATION_CONTEXT(2) 
PARAMETRIC_REPRESENTATION_CONTEXT() REPRESENTATION_CONTEXT('2D SPACE',''
  ) );
#1302 = ADVANCED_FACE('',(#1303,#1329),#543,.F.);
#1303 = FACE_BOUND('',#1304,.F.);
#1304 = EDGE_LOOP('',(#1305,#1306,#1307,#1308));
#1305 = ORIENTED_EDGE('',*,*,#1257,.F.);
#1306 = ORIENTED_EDGE('',*,*,#529,.F.);
#1307 = ORIENTED_EDGE('',*,*,#646,.T.);
#1308 = ORIENTED_EDGE('',*,*,#1309,.T.);
#1309 = EDGE_CURVE('',#647,#1258,#1310,.T.);
#1310 = SURFACE_CURVE('',#1311,(#1315,#1322),.PCURVE_S1.);
#1311 = LINE('',#1312,#1313);
#1312 = CARTESIAN_POINT('',(47.,0.,110.));
#1313 = VECTOR('',#1314,1.);
#1314 = DIRECTION('',(0.,1.,0.));
#1315 = PCURVE('',#543,#1316);
#1316 = DEFINITIONAL_REPRESENTATION('',(#1317),#1321);
#1317 = LINE('',#1318,#1319);
#1318 = CARTESIAN_POINT('',(110.,0.));
#1319 = VECTOR('',#1320,1.);
#1320 = DIRECTION('',(0.,1.));
#1321 = ( GEOMETRIC_REPRESENTATION_CONTEXT(2) 
PARAMETRIC_REPRESENTATION_CONTEXT() REPRESENTATION_CONTEXT('2D SPACE',''
  ) );
#1322 = PCURVE('',#707,#1323);
#1323 = DEFINITIONAL_REPRESENTATION('',(#1324),#1328);
#1324 = LINE('',#1325,#1326);
#1325 = CARTESIAN_POINT('',(0.,0.));
#1326 = VECTOR('',#1327,1.);
#1327 = DIRECTION('',(0.,-1.));
#1328 = ( GEOMETRIC_REPRESENTATION_CONTEXT(2) 
PARAMETRIC_REPRESENTATION_CONTEXT() REPRESENTATION_CONTEXT('2D SPACE',''
  ) );
#1329 = FACE_BOUND('',#1330,.F.);
#1330 = EDGE_LOOP('',(#1331,#1361,#1390));
#1331 = ORIENTED_EDGE('',*,*,#1332,.F.);
#1332 = EDGE_CURVE('',#1333,#1335,#1337,.T.);
#1333 = VERTEX_POINT('',#1334);
#1334 = CARTESIAN_POINT('',(47.,39.020101012678,88.979898987322));
#1335 = VERTEX_POINT('',#1336);
#1336 = CARTESIAN_POINT('',(47.,41.,90.959797974645));
#1337 = SURFACE_CURVE('',#1338,(#1342,#1349),.PCURVE_S1.);
#1338 = LINE('',#1339,#1340);
#1339 = CARTESIAN_POINT('',(47.,39.020101012678,88.979898987322));
#1340 = VECTOR('',#1341,1.);
#1341 = DIRECTION('',(1.570092458684E-16,0.707106781187,0.707106781187)
  );
#1342 = PCURVE('',#543,#1343);
#1343 = DEFINITIONAL_REPRESENTATION('',(#1344),#1348);
#1344 = LINE('',#1345,#1346);
#1345 = CARTESIAN_POINT('',(88.979898987322,39.020101012678));
#1346 = VECTOR('',#1347,1.);
#1347 = DIRECTION('',(0.707106781187,0.707106781187));
#1348 = ( GEOMETRIC_REPRESENTATION_CONTEXT(2) 
PARAMETRIC_REPRESENTATION_CONTEXT() REPRESENTATION_CONTEXT('2D SPACE',''
  ) );
#1349 = PCURVE('',#1350,#1355);
#1350 = PLANE('',#1351);
#1351 = AXIS2_PLACEMENT_3D('',#1352,#1353,#1354);
#1352 = CARTESIAN_POINT('',(47.,39.020101012678,88.979898987322));
#1353 = DIRECTION('',(-1.570092458684E-16,0.707106781187,-0.707106781187
    ));
#1354 = DIRECTION('',(1.570092458684E-16,0.707106781187,0.707106781187)
  );
#1355 = DEFINITIONAL_REPRESENTATION('',(#1356),#1360);
#1356 = LINE('',#1357,#1358);
#1357 = CARTESIAN_POINT('',(0.,0.));
#1358 = VECTOR('',#1359,1.);
#1359 = DIRECTION('',(1.,0.));
#1360 = ( GEOMETRIC_REPRESENTATION_CONTEXT(2) 
PARAMETRIC_REPRESENTATION_CONTEXT() REPRESENTATION_CONTEXT('2D SPACE',''
  ) );
#1361 = ORIENTED_EDGE('',*,*,#1362,.F.);
#1362 = EDGE_CURVE('',#1363,#1333,#1365,.T.);
#1363 = VERTEX_POINT('',#1364);
#1364 = CARTESIAN_POINT('',(47.,42.979898987322,88.979898987322));
#1365 = SURFACE_CURVE('',#1366,(#1371,#1378),.PCURVE_S1.);
#1366 = CIRCLE('',#1367,2.8);
#1367 = AXIS2_PLACEMENT_3D('',#1368,#1369,#1370);
#1368 = CARTESIAN_POINT('',(47.,41.,87.));
#1369 = DIRECTION('',(-1.,0.,2.22044604925E-16));
#1370 = DIRECTION('',(2.22044604925E-16,0.,1.));
#1371 = PCURVE('',#543,#1372);
#1372 = DEFINITIONAL_REPRESENTATION('',(#1373),#1377);
#1373 = CIRCLE('',#1374,2.8);
#1374 = AXIS2_PLACEMENT_2D('',#1375,#1376);
#1375 = CARTESIAN_POINT('',(87.,41.));
#1376 = DIRECTION('',(1.,0.));
#1377 = ( GEOMETRIC_REPRESENTATION_CONTEXT(2) 
PARAMETRIC_REPRESENTATION_CONTEXT() REPRESENTATION_CONTEXT('2D SPACE',''
  ) );
#1378 = PCURVE('',#1379,#1384);
#1379 = CYLINDRICAL_SURFACE('',#1380,2.8);
#1380 = AXIS2_PLACEMENT_3D('',#1381,#1382,#1383);
#1381 = CARTESIAN_POINT('',(47.,41.,87.));
#1382 = DIRECTION('',(-1.,0.,2.22044604925E-16));
#1383 = DIRECTION('',(2.22044604925E-16,0.,1.));
#1384 = DEFINITIONAL_REPRESENTATION('',(#1385),#1389);
#1385 = LINE('',#1386,#1387);
#1386 = CARTESIAN_POINT('',(0.,0.));
#1387 = VECTOR('',#1388,1.);
#1388 = DIRECTION('',(1.,0.));
#1389 = ( GEOMETRIC_REPRESENTATION_CONTEXT(2) 
PARAMETRIC_REPRESENTATION_CONTEXT() REPRESENTATION_CONTEXT('2D SPACE',''
  ) );
#1390 = ORIENTED_EDGE('',*,*,#1391,.F.);
#1391 = EDGE_CURVE('',#1335,#1363,#1392,.T.);
#1392 = SURFACE_CURVE('',#1393,(#1397,#1404),.PCURVE_S1.);
#1393 = LINE('',#1394,#1395);
#1394 = CARTESIAN_POINT('',(47.,41.,90.959797974645));
#1395 = VECTOR('',#1396,1.);
#1396 = DIRECTION('',(-1.570092458684E-16,0.707106781187,-0.707106781187
    ));
#1397 = PCURVE('',#543,#1398);
#1398 = DEFINITIONAL_REPRESENTATION('',(#1399),#1403);
#1399 = LINE('',#1400,#1401);
#1400 = CARTESIAN_POINT('',(90.959797974645,41.));
#1401 = VECTOR('',#1402,1.);
#1402 = DIRECTION('',(-0.707106781187,0.707106781187));
#1403 = ( GEOMETRIC_REPRESENTATION_CONTEXT(2) 
PARAMETRIC_REPRESENTATION_CONTEXT() REPRESENTATION_CONTEXT('2D SPACE',''
  ) );
#1404 = PCURVE('',#1405,#1410);
#1405 = PLANE('',#1406);
#1406 = AXIS2_PLACEMENT_3D('',#1407,#1408,#1409);
#1407 = CARTESIAN_POINT('',(47.,41.,90.959797974645));
#1408 = DIRECTION('',(-1.570092458684E-16,-0.707106781187,
    -0.707106781187));
#1409 = DIRECTION('',(-1.570092458684E-16,0.707106781187,-0.707106781187
    ));
#1410 = DEFINITIONAL_REPRESENTATION('',(#1411),#1415);
#1411 = LINE('',#1412,#1413);
#1412 = CARTESIAN_POINT('',(0.,0.));
#1413 = VECTOR('',#1414,1.);
#1414 = DIRECTION('',(1.,0.));
#1415 = ( GEOMETRIC_REPRESENTATION_CONTEXT(2) 
PARAMETRIC_REPRESENTATION_CONTEXT() REPRESENTATION_CONTEXT('2D SPACE',''
  ) );
#1416 = ADVANCED_FACE('',(#1417),#576,.T.);
#1417 = FACE_BOUND('',#1418,.T.);
#1418 = EDGE_LOOP('',(#1419,#1442,#1470,#1491));
#1419 = ORIENTED_EDGE('',*,*,#1420,.T.);
#1420 = EDGE_CURVE('',#559,#1421,#1423,.T.);
#1421 = VERTEX_POINT('',#1422);
#1422 = CARTESIAN_POINT('',(41.5,39.020101012678,24.979898987322));
#1423 = SURFACE_CURVE('',#1424,(#1428,#1435),.PCURVE_S1.);
#1424 = LINE('',#1425,#1426);
#1425 = CARTESIAN_POINT('',(47.,39.020101012678,24.979898987322));
#1426 = VECTOR('',#1427,1.);
#1427 = DIRECTION('',(-1.,0.,2.22044604925E-16));
#1428 = PCURVE('',#576,#1429);
#1429 = DEFINITIONAL_REPRESENTATION('',(#1430),#1434);
#1430 = LINE('',#1431,#1432);
#1431 = CARTESIAN_POINT('',(0.,0.));
#1432 = VECTOR('',#1433,1.);
#1433 = DIRECTION('',(0.,-1.));
#1434 = ( GEOMETRIC_REPRESENTATION_CONTEXT(2) 
PARAMETRIC_REPRESENTATION_CONTEXT() REPRESENTATION_CONTEXT('2D SPACE',''
  ) );
#1435 = PCURVE('',#605,#1436);
#1436 = DEFINITIONAL_REPRESENTATION('',(#1437),#1441);
#1437 = LINE('',#1438,#1439);
#1438 = CARTESIAN_POINT('',(5.497787143782,0.));
#1439 = VECTOR('',#1440,1.);
#1440 = DIRECTION('',(0.,1.));
#1441 = ( GEOMETRIC_REPRESENTATION_CONTEXT(2) 
PARAMETRIC_REPRESENTATION_CONTEXT() REPRESENTATION_CONTEXT('2D SPACE',''
  ) );
#1442 = ORIENTED_EDGE('',*,*,#1443,.T.);
#1443 = EDGE_CURVE('',#1421,#1444,#1446,.T.);
#1444 = VERTEX_POINT('',#1445);
#1445 = CARTESIAN_POINT('',(41.5,41.,26.959797974645));
#1446 = SURFACE_CURVE('',#1447,(#1451,#1458),.PCURVE_S1.);
#1447 = LINE('',#1448,#1449);
#1448 = CARTESIAN_POINT('',(41.5,39.020101012678,24.979898987322));
#1449 = VECTOR('',#1450,1.);
#1450 = DIRECTION('',(1.570092458684E-16,0.707106781187,0.707106781187)
  );
#1451 = PCURVE('',#576,#1452);
#1452 = DEFINITIONAL_REPRESENTATION('',(#1453),#1457);
#1453 = LINE('',#1454,#1455);
#1454 = CARTESIAN_POINT('',(0.,-5.5));
#1455 = VECTOR('',#1456,1.);
#1456 = DIRECTION('',(1.,0.));
#1457 = ( GEOMETRIC_REPRESENTATION_CONTEXT(2) 
PARAMETRIC_REPRESENTATION_CONTEXT() REPRESENTATION_CONTEXT('2D SPACE',''
  ) );
#1458 = PCURVE('',#1459,#1464);
#1459 = PLANE('',#1460);
#1460 = AXIS2_PLACEMENT_3D('',#1461,#1462,#1463);
#1461 = CARTESIAN_POINT('',(41.5,41.,25.559797974645));
#1462 = DIRECTION('',(-1.,0.,2.22044604925E-16));
#1463 = DIRECTION('',(2.22044604925E-16,0.,1.));
#1464 = DEFINITIONAL_REPRESENTATION('',(#1465),#1469);
#1465 = LINE('',#1466,#1467);
#1466 = CARTESIAN_POINT('',(-0.579898987322,-1.979898987322));
#1467 = VECTOR('',#1468,1.);
#1468 = DIRECTION('',(0.707106781187,0.707106781187));
#1469 = ( GEOMETRIC_REPRESENTATION_CONTEXT(2) 
PARAMETRIC_REPRESENTATION_CONTEXT() REPRESENTATION_CONTEXT('2D SPACE',''
  ) );
#1470 = ORIENTED_EDGE('',*,*,#1471,.F.);
#1471 = EDGE_CURVE('',#561,#1444,#1472,.T.);
#1472 = SURFACE_CURVE('',#1473,(#1477,#1484),.PCURVE_S1.);
#1473 = LINE('',#1474,#1475);
#1474 = CARTESIAN_POINT('',(47.,41.,26.959797974645));
#1475 = VECTOR('',#1476,1.);
#1476 = DIRECTION('',(-1.,0.,2.22044604925E-16));
#1477 = PCURVE('',#576,#1478);
#1478 = DEFINITIONAL_REPRESENTATION('',(#1479),#1483);
#1479 = LINE('',#1480,#1481);
#1480 = CARTESIAN_POINT('',(2.8,0.));
#1481 = VECTOR('',#1482,1.);
#1482 = DIRECTION('',(0.,-1.));
#1483 = ( GEOMETRIC_REPRESENTATION_CONTEXT(2) 
PARAMETRIC_REPRESENTATION_CONTEXT() REPRESENTATION_CONTEXT('2D SPACE',''
  ) );
#1484 = PCURVE('',#631,#1485);
#1485 = DEFINITIONAL_REPRESENTATION('',(#1486),#1490);
#1486 = LINE('',#1487,#1488);
#1487 = CARTESIAN_POINT('',(0.,0.));
#1488 = VECTOR('',#1489,1.);
#1489 = DIRECTION('',(0.,-1.));
#1490 = ( GEOMETRIC_REPRESENTATION_CONTEXT(2) 
PARAMETRIC_REPRESENTATION_CONTEXT() REPRESENTATION_CONTEXT('2D SPACE',''
  ) );
#1491 = ORIENTED_EDGE('',*,*,#558,.F.);
#1492 = ADVANCED_FACE('',(#1493),#605,.F.);
#1493 = FACE_BOUND('',#1494,.F.);
#1494 = EDGE_LOOP('',(#1495,#1524,#1545,#1546));
#1495 = ORIENTED_EDGE('',*,*,#1496,.F.);
#1496 = EDGE_CURVE('',#1497,#1421,#1499,.T.);
#1497 = VERTEX_POINT('',#1498);
#1498 = CARTESIAN_POINT('',(41.5,42.979898987322,24.979898987322));
#1499 = SURFACE_CURVE('',#1500,(#1505,#1512),.PCURVE_S1.);
#1500 = CIRCLE('',#1501,2.8);
#1501 = AXIS2_PLACEMENT_3D('',#1502,#1503,#1504);
#1502 = CARTESIAN_POINT('',(41.5,41.,23.));
#1503 = DIRECTION('',(-1.,-0.,2.22044604925E-16));
#1504 = DIRECTION('',(2.22044604925E-16,0.,1.));
#1505 = PCURVE('',#605,#1506);
#1506 = DEFINITIONAL_REPRESENTATION('',(#1507),#1511);
#1507 = LINE('',#1508,#1509);
#1508 = CARTESIAN_POINT('',(0.,5.5));
#1509 = VECTOR('',#1510,1.);
#1510 = DIRECTION('',(1.,0.));
#1511 = ( GEOMETRIC_REPRESENTATION_CONTEXT(2) 
PARAMETRIC_REPRESENTATION_CONTEXT() REPRESENTATION_CONTEXT('2D SPACE',''
  ) );
#1512 = PCURVE('',#1513,#1518);
#1513 = PLANE('',#1514);
#1514 = AXIS2_PLACEMENT_3D('',#1515,#1516,#1517);
#1515 = CARTESIAN_POINT('',(41.5,41.,23.));
#1516 = DIRECTION('',(-1.,0.,2.22044604925E-16));
#1517 = DIRECTION('',(2.22044604925E-16,0.,1.));
#1518 = DEFINITIONAL_REPRESENTATION('',(#1519),#1523);
#1519 = CIRCLE('',#1520,2.8);
#1520 = AXIS2_PLACEMENT_2D('',#1521,#1522);
#1521 = CARTESIAN_POINT('',(0.,0.));
#1522 = DIRECTION('',(1.,0.));
#1523 = ( GEOMETRIC_REPRESENTATION_CONTEXT(2) 
PARAMETRIC_REPRESENTATION_CONTEXT() REPRESENTATION_CONTEXT('2D SPACE',''
  ) );
#1524 = ORIENTED_EDGE('',*,*,#1525,.F.);
#1525 = EDGE_CURVE('',#589,#1497,#1526,.T.);
#1526 = SURFACE_CURVE('',#1527,(#1531,#1538),.PCURVE_S1.);
#1527 = LINE('',#1528,#1529);
#1528 = CARTESIAN_POINT('',(47.,42.979898987322,24.979898987322));
#1529 = VECTOR('',#1530,1.);
#1530 = DIRECTION('',(-1.,0.,2.22044604925E-16));
#1531 = PCURVE('',#605,#1532);
#1532 = DEFINITIONAL_REPRESENTATION('',(#1533),#1537);
#1533 = LINE('',#1534,#1535);
#1534 = CARTESIAN_POINT('',(0.785398163397,0.));
#1535 = VECTOR('',#1536,1.);
#1536 = DIRECTION('',(0.,1.));
#1537 = ( GEOMETRIC_REPRESENTATION_CONTEXT(2) 
PARAMETRIC_REPRESENTATION_CONTEXT() REPRESENTATION_CONTEXT('2D SPACE',''
  ) );
#1538 = PCURVE('',#631,#1539);
#1539 = DEFINITIONAL_REPRESENTATION('',(#1540),#1544);
#1540 = LINE('',#1541,#1542);
#1541 = CARTESIAN_POINT('',(2.8,0.));
#1542 = VECTOR('',#1543,1.);
#1543 = DIRECTION('',(0.,-1.));
#1544 = ( GEOMETRIC_REPRESENTATION_CONTEXT(2) 
PARAMETRIC_REPRESENTATION_CONTEXT() REPRESENTATION_CONTEXT('2D SPACE',''
  ) );
#1545 = ORIENTED_EDGE('',*,*,#588,.T.);
#1546 = ORIENTED_EDGE('',*,*,#1420,.T.);
#1547 = ADVANCED_FACE('',(#1548),#631,.T.);
#1548 = FACE_BOUND('',#1549,.T.);
#1549 = EDGE_LOOP('',(#1550,#1551,#1572,#1573));
#1550 = ORIENTED_EDGE('',*,*,#1471,.T.);
#1551 = ORIENTED_EDGE('',*,*,#1552,.T.);
#1552 = EDGE_CURVE('',#1444,#1497,#1553,.T.);
#1553 = SURFACE_CURVE('',#1554,(#1558,#1565),.PCURVE_S1.);
#1554 = LINE('',#1555,#1556);
#1555 = CARTESIAN_POINT('',(41.5,41.,26.959797974645));
#1556 = VECTOR('',#1557,1.);
#1557 = DIRECTION('',(-1.570092458684E-16,0.707106781187,-0.707106781187
    ));
#1558 = PCURVE('',#631,#1559);
#1559 = DEFINITIONAL_REPRESENTATION('',(#1560),#1564);
#1560 = LINE('',#1561,#1562);
#1561 = CARTESIAN_POINT('',(0.,-5.5));
#1562 = VECTOR('',#1563,1.);
#1563 = DIRECTION('',(1.,0.));
#1564 = ( GEOMETRIC_REPRESENTATION_CONTEXT(2) 
PARAMETRIC_REPRESENTATION_CONTEXT() REPRESENTATION_CONTEXT('2D SPACE',''
  ) );
#1565 = PCURVE('',#1459,#1566);
#1566 = DEFINITIONAL_REPRESENTATION('',(#1567),#1571);
#1567 = LINE('',#1568,#1569);
#1568 = CARTESIAN_POINT('',(1.4,0.));
#1569 = VECTOR('',#1570,1.);
#1570 = DIRECTION('',(-0.707106781187,0.707106781187));
#1571 = ( GEOMETRIC_REPRESENTATION_CONTEXT(2) 
PARAMETRIC_REPRESENTATION_CONTEXT() REPRESENTATION_CONTEXT('2D SPACE',''
  ) );
#1572 = ORIENTED_EDGE('',*,*,#1525,.F.);
#1573 = ORIENTED_EDGE('',*,*,#617,.F.);
#1574 = ADVANCED_FACE('',(#1575,#1581,#1687,#1793,#1899,#1930),#707,.T.
  );
#1575 = FACE_BOUND('',#1576,.T.);
#1576 = EDGE_LOOP('',(#1577,#1578,#1579,#1580));
#1577 = ORIENTED_EDGE('',*,*,#693,.F.);
#1578 = ORIENTED_EDGE('',*,*,#1309,.T.);
#1579 = ORIENTED_EDGE('',*,*,#1282,.T.);
#1580 = ORIENTED_EDGE('',*,*,#901,.F.);
#1581 = FACE_BOUND('',#1582,.T.);
#1582 = EDGE_LOOP('',(#1583,#1611,#1637,#1663));
#1583 = ORIENTED_EDGE('',*,*,#1584,.T.);
#1584 = EDGE_CURVE('',#1585,#1587,#1589,.T.);
#1585 = VERTEX_POINT('',#1586);
#1586 = CARTESIAN_POINT('',(36.35,73.35,110.));
#1587 = VERTEX_POINT('',#1588);
#1588 = CARTESIAN_POINT('',(36.35,64.65,110.));
#1589 = SURFACE_CURVE('',#1590,(#1594,#1600),.PCURVE_S1.);
#1590 = LINE('',#1591,#1592);
#1591 = CARTESIAN_POINT('',(36.35,32.325,110.));
#1592 = VECTOR('',#1593,1.);
#1593 = DIRECTION('',(0.,-1.,0.));
#1594 = PCURVE('',#707,#1595);
#1595 = DEFINITIONAL_REPRESENTATION('',(#1596),#1599);
#1596 = B_SPLINE_CURVE_WITH_KNOTS('',1,(#1597,#1598),.UNSPECIFIED.,.F.,
  .F.,(2,2),(-41.025,-32.325),.PIECEWISE_BEZIER_KNOTS.);
#1597 = CARTESIAN_POINT('',(10.65,-73.35));
#1598 = CARTESIAN_POINT('',(10.65,-64.65));
#1599 = ( GEOMETRIC_REPRESENTATION_CONTEXT(2) 
PARAMETRIC_REPRESENTATION_CONTEXT() REPRESENTATION_CONTEXT('2D SPACE',''
  ) );
#1600 = PCURVE('',#1601,#1606);
#1601 = PLANE('',#1602);
#1602 = AXIS2_PLACEMENT_3D('',#1603,#1604,#1605);
#1603 = CARTESIAN_POINT('',(36.35,64.65,8.));
#1604 = DIRECTION('',(-1.,0.,2.22044604925E-16));
#1605 = DIRECTION('',(2.22044604925E-16,0.,1.));
#1606 = DEFINITIONAL_REPRESENTATION('',(#1607),#1610);
#1607 = B_SPLINE_CURVE_WITH_KNOTS('',1,(#1608,#1609),.UNSPECIFIED.,.F.,
  .F.,(2,2),(-41.025,-32.325),.PIECEWISE_BEZIER_KNOTS.);
#1608 = CARTESIAN_POINT('',(102.,8.7));
#1609 = CARTESIAN_POINT('',(102.,0.));
#1610 = ( GEOMETRIC_REPRESENTATION_CONTEXT(2) 
PARAMETRIC_REPRESENTATION_CONTEXT() REPRESENTATION_CONTEXT('2D SPACE',''
  ) );
#1611 = ORIENTED_EDGE('',*,*,#1612,.T.);
#1612 = EDGE_CURVE('',#1587,#1613,#1615,.T.);
#1613 = VERTEX_POINT('',#1614);
#1614 = CARTESIAN_POINT('',(25.65,64.65,110.));
#1615 = SURFACE_CURVE('',#1616,(#1620,#1626),.PCURVE_S1.);
#1616 = LINE('',#1617,#1618);
#1617 = CARTESIAN_POINT('',(41.675,64.65,110.));
#1618 = VECTOR('',#1619,1.);
#1619 = DIRECTION('',(-1.,0.,2.22044604925E-16));
#1620 = PCURVE('',#707,#1621);
#1621 = DEFINITIONAL_REPRESENTATION('',(#1622),#1625);
#1622 = B_SPLINE_CURVE_WITH_KNOTS('',1,(#1623,#1624),.UNSPECIFIED.,.F.,
  .F.,(2,2),(5.325,16.025),.PIECEWISE_BEZIER_KNOTS.);
#1623 = CARTESIAN_POINT('',(10.65,-64.65));
#1624 = CARTESIAN_POINT('',(21.35,-64.65));
#1625 = ( GEOMETRIC_REPRESENTATION_CONTEXT(2) 
PARAMETRIC_REPRESENTATION_CONTEXT() REPRESENTATION_CONTEXT('2D SPACE',''
  ) );
#1626 = PCURVE('',#1627,#1632);
#1627 = PLANE('',#1628);
#1628 = AXIS2_PLACEMENT_3D('',#1629,#1630,#1631);
#1629 = CARTESIAN_POINT('',(36.35,64.65,8.));
#1630 = DIRECTION('',(0.,1.,0.));
#1631 = DIRECTION('',(-1.,0.,2.22044604925E-16));
#1632 = DEFINITIONAL_REPRESENTATION('',(#1633),#1636);
#1633 = B_SPLINE_CURVE_WITH_KNOTS('',1,(#1634,#1635),.UNSPECIFIED.,.F.,
  .F.,(2,2),(5.325,16.025),.PIECEWISE_BEZIER_KNOTS.);
#1634 = CARTESIAN_POINT('',(0.,102.));
#1635 = CARTESIAN_POINT('',(10.7,102.));
#1636 = ( GEOMETRIC_REPRESENTATION_CONTEXT(2) 
PARAMETRIC_REPRESENTATION_CONTEXT() REPRESENTATION_CONTEXT('2D SPACE',''
  ) );
#1637 = ORIENTED_EDGE('',*,*,#1638,.F.);
#1638 = EDGE_CURVE('',#1639,#1613,#1641,.T.);
#1639 = VERTEX_POINT('',#1640);
#1640 = CARTESIAN_POINT('',(25.65,73.35,110.));
#1641 = SURFACE_CURVE('',#1642,(#1646,#1652),.PCURVE_S1.);
#1642 = LINE('',#1643,#1644);
#1643 = CARTESIAN_POINT('',(25.65,32.325,110.));
#1644 = VECTOR('',#1645,1.);
#1645 = DIRECTION('',(0.,-1.,0.));
#1646 = PCURVE('',#707,#1647);
#1647 = DEFINITIONAL_REPRESENTATION('',(#1648),#1651);
#1648 = B_SPLINE_CURVE_WITH_KNOTS('',1,(#1649,#1650),.UNSPECIFIED.,.F.,
  .F.,(2,2),(-41.025,-32.325),.PIECEWISE_BEZIER_KNOTS.);
#1649 = CARTESIAN_POINT('',(21.35,-73.35));
#1650 = CARTESIAN_POINT('',(21.35,-64.65));
#1651 = ( GEOMETRIC_REPRESENTATION_CONTEXT(2) 
PARAMETRIC_REPRESENTATION_CONTEXT() REPRESENTATION_CONTEXT('2D SPACE',''
  ) );
#1652 = PCURVE('',#1653,#1658);
#1653 = PLANE('',#1654);
#1654 = AXIS2_PLACEMENT_3D('',#1655,#1656,#1657);
#1655 = CARTESIAN_POINT('',(25.65,64.65,8.));
#1656 = DIRECTION('',(-1.,0.,2.22044604925E-16));
#1657 = DIRECTION('',(2.22044604925E-16,0.,1.));
#1658 = DEFINITIONAL_REPRESENTATION('',(#1659),#1662);
#1659 = B_SPLINE_CURVE_WITH_KNOTS('',1,(#1660,#1661),.UNSPECIFIED.,.F.,
  .F.,(2,2),(-41.025,-32.325),.PIECEWISE_BEZIER_KNOTS.);
#1660 = CARTESIAN_POINT('',(102.,8.7));
#1661 = CARTESIAN_POINT('',(102.,0.));
#1662 = ( GEOMETRIC_REPRESENTATION_CONTEXT(2) 
PARAMETRIC_REPRESENTATION_CONTEXT() REPRESENTATION_CONTEXT('2D SPACE',''
  ) );
#1663 = ORIENTED_EDGE('',*,*,#1664,.F.);
#1664 = EDGE_CURVE('',#1585,#1639,#1665,.T.);
#1665 = SURFACE_CURVE('',#1666,(#1670,#1676),.PCURVE_S1.);
#1666 = LINE('',#1667,#1668);
#1667 = CARTESIAN_POINT('',(41.675,73.35,110.));
#1668 = VECTOR('',#1669,1.);
#1669 = DIRECTION('',(-1.,0.,2.22044604925E-16));
#1670 = PCURVE('',#707,#1671);
#1671 = DEFINITIONAL_REPRESENTATION('',(#1672),#1675);
#1672 = B_SPLINE_CURVE_WITH_KNOTS('',1,(#1673,#1674),.UNSPECIFIED.,.F.,
  .F.,(2,2),(5.325,16.025),.PIECEWISE_BEZIER_KNOTS.);
#1673 = CARTESIAN_POINT('',(10.65,-73.35));
#1674 = CARTESIAN_POINT('',(21.35,-73.35));
#1675 = ( GEOMETRIC_REPRESENTATION_CONTEXT(2) 
PARAMETRIC_REPRESENTATION_CONTEXT() REPRESENTATION_CONTEXT('2D SPACE',''
  ) );
#1676 = PCURVE('',#1677,#1682);
#1677 = PLANE('',#1678);
#1678 = AXIS2_PLACEMENT_3D('',#1679,#1680,#1681);
#1679 = CARTESIAN_POINT('',(36.35,73.35,8.));
#1680 = DIRECTION('',(0.,1.,0.));
#1681 = DIRECTION('',(-1.,0.,2.22044604925E-16));
#1682 = DEFINITIONAL_REPRESENTATION('',(#1683),#1686);
#1683 = B_SPLINE_CURVE_WITH_KNOTS('',1,(#1684,#1685),.UNSPECIFIED.,.F.,
  .F.,(2,2),(5.325,16.025),.PIECEWISE_BEZIER_KNOTS.);
#1684 = CARTESIAN_POINT('',(0.,102.));
#1685 = CARTESIAN_POINT('',(10.7,102.));
#1686 = ( GEOMETRIC_REPRESENTATION_CONTEXT(2) 
PARAMETRIC_REPRESENTATION_CONTEXT() REPRESENTATION_CONTEXT('2D SPACE',''
  ) );
#1687 = FACE_BOUND('',#1688,.T.);
#1688 = EDGE_LOOP('',(#1689,#1717,#1743,#1769));
#1689 = ORIENTED_EDGE('',*,*,#1690,.T.);
#1690 = EDGE_CURVE('',#1691,#1693,#1695,.T.);
#1691 = VERTEX_POINT('',#1692);
#1692 = CARTESIAN_POINT('',(22.,78.,110.));
#1693 = VERTEX_POINT('',#1694);
#1694 = CARTESIAN_POINT('',(22.,61.,110.));
#1695 = SURFACE_CURVE('',#1696,(#1700,#1706),.PCURVE_S1.);
#1696 = LINE('',#1697,#1698);
#1697 = CARTESIAN_POINT('',(22.,30.5,110.));
#1698 = VECTOR('',#1699,1.);
#1699 = DIRECTION('',(0.,-1.,0.));
#1700 = PCURVE('',#707,#1701);
#1701 = DEFINITIONAL_REPRESENTATION('',(#1702),#1705);
#1702 = B_SPLINE_CURVE_WITH_KNOTS('',1,(#1703,#1704),.UNSPECIFIED.,.F.,
  .F.,(2,2),(-47.5,-30.5),.PIECEWISE_BEZIER_KNOTS.);
#1703 = CARTESIAN_POINT('',(25.,-78.));
#1704 = CARTESIAN_POINT('',(25.,-61.));
#1705 = ( GEOMETRIC_REPRESENTATION_CONTEXT(2) 
PARAMETRIC_REPRESENTATION_CONTEXT() REPRESENTATION_CONTEXT('2D SPACE',''
  ) );
#1706 = PCURVE('',#1707,#1712);
#1707 = PLANE('',#1708);
#1708 = AXIS2_PLACEMENT_3D('',#1709,#1710,#1711);
#1709 = CARTESIAN_POINT('',(22.,61.,8.));
#1710 = DIRECTION('',(-1.,0.,2.22044604925E-16));
#1711 = DIRECTION('',(2.22044604925E-16,0.,1.));
#1712 = DEFINITIONAL_REPRESENTATION('',(#1713),#1716);
#1713 = B_SPLINE_CURVE_WITH_KNOTS('',1,(#1714,#1715),.UNSPECIFIED.,.F.,
  .F.,(2,2),(-47.5,-30.5),.PIECEWISE_BEZIER_KNOTS.);
#1714 = CARTESIAN_POINT('',(102.,17.));
#1715 = CARTESIAN_POINT('',(102.,0.));
#1716 = ( GEOMETRIC_REPRESENTATION_CONTEXT(2) 
PARAMETRIC_REPRESENTATION_CONTEXT() REPRESENTATION_CONTEXT('2D SPACE',''
  ) );
#1717 = ORIENTED_EDGE('',*,*,#1718,.T.);
#1718 = EDGE_CURVE('',#1693,#1719,#1721,.T.);
#1719 = VERTEX_POINT('',#1720);
#1720 = CARTESIAN_POINT('',(4.,61.,110.));
#1721 = SURFACE_CURVE('',#1722,(#1726,#1732),.PCURVE_S1.);
#1722 = LINE('',#1723,#1724);
#1723 = CARTESIAN_POINT('',(34.5,61.,110.));
#1724 = VECTOR('',#1725,1.);
#1725 = DIRECTION('',(-1.,0.,2.22044604925E-16));
#1726 = PCURVE('',#707,#1727);
#1727 = DEFINITIONAL_REPRESENTATION('',(#1728),#1731);
#1728 = B_SPLINE_CURVE_WITH_KNOTS('',1,(#1729,#1730),.UNSPECIFIED.,.F.,
  .F.,(2,2),(12.5,30.5),.PIECEWISE_BEZIER_KNOTS.);
#1729 = CARTESIAN_POINT('',(25.,-61.));
#1730 = CARTESIAN_POINT('',(43.,-61.));
#1731 = ( GEOMETRIC_REPRESENTATION_CONTEXT(2) 
PARAMETRIC_REPRESENTATION_CONTEXT() REPRESENTATION_CONTEXT('2D SPACE',''
  ) );
#1732 = PCURVE('',#1733,#1738);
#1733 = PLANE('',#1734);
#1734 = AXIS2_PLACEMENT_3D('',#1735,#1736,#1737);
#1735 = CARTESIAN_POINT('',(22.,61.,8.));
#1736 = DIRECTION('',(0.,1.,0.));
#1737 = DIRECTION('',(-1.,0.,2.22044604925E-16));
#1738 = DEFINITIONAL_REPRESENTATION('',(#1739),#1742);
#1739 = B_SPLINE_CURVE_WITH_KNOTS('',1,(#1740,#1741),.UNSPECIFIED.,.F.,
  .F.,(2,2),(12.5,30.5),.PIECEWISE_BEZIER_KNOTS.);
#1740 = CARTESIAN_POINT('',(0.,102.));
#1741 = CARTESIAN_POINT('',(18.,102.));
#1742 = ( GEOMETRIC_REPRESENTATION_CONTEXT(2) 
PARAMETRIC_REPRESENTATION_CONTEXT() REPRESENTATION_CONTEXT('2D SPACE',''
  ) );
#1743 = ORIENTED_EDGE('',*,*,#1744,.F.);
#1744 = EDGE_CURVE('',#1745,#1719,#1747,.T.);
#1745 = VERTEX_POINT('',#1746);
#1746 = CARTESIAN_POINT('',(4.,78.,110.));
#1747 = SURFACE_CURVE('',#1748,(#1752,#1758),.PCURVE_S1.);
#1748 = LINE('',#1749,#1750);
#1749 = CARTESIAN_POINT('',(4.,30.5,110.));
#1750 = VECTOR('',#1751,1.);
#1751 = DIRECTION('',(0.,-1.,0.));
#1752 = PCURVE('',#707,#1753);
#1753 = DEFINITIONAL_REPRESENTATION('',(#1754),#1757);
#1754 = B_SPLINE_CURVE_WITH_KNOTS('',1,(#1755,#1756),.UNSPECIFIED.,.F.,
  .F.,(2,2),(-47.5,-30.5),.PIECEWISE_BEZIER_KNOTS.);
#1755 = CARTESIAN_POINT('',(43.,-78.));
#1756 = CARTESIAN_POINT('',(43.,-61.));
#1757 = ( GEOMETRIC_REPRESENTATION_CONTEXT(2) 
PARAMETRIC_REPRESENTATION_CONTEXT() REPRESENTATION_CONTEXT('2D SPACE',''
  ) );
#1758 = PCURVE('',#1759,#1764);
#1759 = PLANE('',#1760);
#1760 = AXIS2_PLACEMENT_3D('',#1761,#1762,#1763);
#1761 = CARTESIAN_POINT('',(4.,61.,8.));
#1762 = DIRECTION('',(-1.,0.,2.22044604925E-16));
#1763 = DIRECTION('',(2.22044604925E-16,0.,1.));
#1764 = DEFINITIONAL_REPRESENTATION('',(#1765),#1768);
#1765 = B_SPLINE_CURVE_WITH_KNOTS('',1,(#1766,#1767),.UNSPECIFIED.,.F.,
  .F.,(2,2),(-47.5,-30.5),.PIECEWISE_BEZIER_KNOTS.);
#1766 = CARTESIAN_POINT('',(102.,17.));
#1767 = CARTESIAN_POINT('',(102.,0.));
#1768 = ( GEOMETRIC_REPRESENTATION_CONTEXT(2) 
PARAMETRIC_REPRESENTATION_CONTEXT() REPRESENTATION_CONTEXT('2D SPACE',''
  ) );
#1769 = ORIENTED_EDGE('',*,*,#1770,.F.);
#1770 = EDGE_CURVE('',#1691,#1745,#1771,.T.);
#1771 = SURFACE_CURVE('',#1772,(#1776,#1782),.PCURVE_S1.);
#1772 = LINE('',#1773,#1774);
#1773 = CARTESIAN_POINT('',(34.5,78.,110.));
#1774 = VECTOR('',#1775,1.);
#1775 = DIRECTION('',(-1.,0.,2.22044604925E-16));
#1776 = PCURVE('',#707,#1777);
#1777 = DEFINITIONAL_REPRESENTATION('',(#1778),#1781);
#1778 = B_SPLINE_CURVE_WITH_KNOTS('',1,(#1779,#1780),.UNSPECIFIED.,.F.,
  .F.,(2,2),(12.5,30.5),.PIECEWISE_BEZIER_KNOTS.);
#1779 = CARTESIAN_POINT('',(25.,-78.));
#1780 = CARTESIAN_POINT('',(43.,-78.));
#1781 = ( GEOMETRIC_REPRESENTATION_CONTEXT(2) 
PARAMETRIC_REPRESENTATION_CONTEXT() REPRESENTATION_CONTEXT('2D SPACE',''
  ) );
#1782 = PCURVE('',#1783,#1788);
#1783 = PLANE('',#1784);
#1784 = AXIS2_PLACEMENT_3D('',#1785,#1786,#1787);
#1785 = CARTESIAN_POINT('',(22.,78.,8.));
#1786 = DIRECTION('',(0.,1.,0.));
#1787 = DIRECTION('',(-1.,0.,2.22044604925E-16));
#1788 = DEFINITIONAL_REPRESENTATION('',(#1789),#1792);
#1789 = B_SPLINE_CURVE_WITH_KNOTS('',1,(#1790,#1791),.UNSPECIFIED.,.F.,
  .F.,(2,2),(12.5,30.5),.PIECEWISE_BEZIER_KNOTS.);
#1790 = CARTESIAN_POINT('',(0.,102.));
#1791 = CARTESIAN_POINT('',(18.,102.));
#1792 = ( GEOMETRIC_REPRESENTATION_CONTEXT(2) 
PARAMETRIC_REPRESENTATION_CONTEXT() REPRESENTATION_CONTEXT('2D SPACE',''
  ) );
#1793 = FACE_BOUND('',#1794,.T.);
#1794 = EDGE_LOOP('',(#1795,#1823,#1849,#1875));
#1795 = ORIENTED_EDGE('',*,*,#1796,.T.);
#1796 = EDGE_CURVE('',#1797,#1799,#1801,.T.);
#1797 = VERTEX_POINT('',#1798);
#1798 = CARTESIAN_POINT('',(36.35,17.35,110.));
#1799 = VERTEX_POINT('',#1800);
#1800 = CARTESIAN_POINT('',(36.35,8.65,110.));
#1801 = SURFACE_CURVE('',#1802,(#1806,#1812),.PCURVE_S1.);
#1802 = LINE('',#1803,#1804);
#1803 = CARTESIAN_POINT('',(36.35,4.325,110.));
#1804 = VECTOR('',#1805,1.);
#1805 = DIRECTION('',(0.,-1.,0.));
#1806 = PCURVE('',#707,#1807);
#1807 = DEFINITIONAL_REPRESENTATION('',(#1808),#1811);
#1808 = B_SPLINE_CURVE_WITH_KNOTS('',1,(#1809,#1810),.UNSPECIFIED.,.F.,
  .F.,(2,2),(-13.025,-4.325),.PIECEWISE_BEZIER_KNOTS.);
#1809 = CARTESIAN_POINT('',(10.65,-17.35));
#1810 = CARTESIAN_POINT('',(10.65,-8.65));
#1811 = ( GEOMETRIC_REPRESENTATION_CONTEXT(2) 
PARAMETRIC_REPRESENTATION_CONTEXT() REPRESENTATION_CONTEXT('2D SPACE',''
  ) );
#1812 = PCURVE('',#1813,#1818);
#1813 = PLANE('',#1814);
#1814 = AXIS2_PLACEMENT_3D('',#1815,#1816,#1817);
#1815 = CARTESIAN_POINT('',(36.35,8.65,8.));
#1816 = DIRECTION('',(-1.,0.,2.22044604925E-16));
#1817 = DIRECTION('',(2.22044604925E-16,0.,1.));
#1818 = DEFINITIONAL_REPRESENTATION('',(#1819),#1822);
#1819 = B_SPLINE_CURVE_WITH_KNOTS('',1,(#1820,#1821),.UNSPECIFIED.,.F.,
  .F.,(2,2),(-13.025,-4.325),.PIECEWISE_BEZIER_KNOTS.);
#1820 = CARTESIAN_POINT('',(102.,8.7));
#1821 = CARTESIAN_POINT('',(102.,0.));
#1822 = ( GEOMETRIC_REPRESENTATION_CONTEXT(2) 
PARAMETRIC_REPRESENTATION_CONTEXT() REPRESENTATION_CONTEXT('2D SPACE',''
  ) );
#1823 = ORIENTED_EDGE('',*,*,#1824,.T.);
#1824 = EDGE_CURVE('',#1799,#1825,#1827,.T.);
#1825 = VERTEX_POINT('',#1826);
#1826 = CARTESIAN_POINT('',(25.65,8.65,110.));
#1827 = SURFACE_CURVE('',#1828,(#1832,#1838),.PCURVE_S1.);
#1828 = LINE('',#1829,#1830);
#1829 = CARTESIAN_POINT('',(41.675,8.65,110.));
#1830 = VECTOR('',#1831,1.);
#1831 = DIRECTION('',(-1.,0.,2.22044604925E-16));
#1832 = PCURVE('',#707,#1833);
#1833 = DEFINITIONAL_REPRESENTATION('',(#1834),#1837);
#1834 = B_SPLINE_CURVE_WITH_KNOTS('',1,(#1835,#1836),.UNSPECIFIED.,.F.,
  .F.,(2,2),(5.325,16.025),.PIECEWISE_BEZIER_KNOTS.);
#1835 = CARTESIAN_POINT('',(10.65,-8.65));
#1836 = CARTESIAN_POINT('',(21.35,-8.65));
#1837 = ( GEOMETRIC_REPRESENTATION_CONTEXT(2) 
PARAMETRIC_REPRESENTATION_CONTEXT() REPRESENTATION_CONTEXT('2D SPACE',''
  ) );
#1838 = PCURVE('',#1839,#1844);
#1839 = PLANE('',#1840);
#1840 = AXIS2_PLACEMENT_3D('',#1841,#1842,#1843);
#1841 = CARTESIAN_POINT('',(36.35,8.65,8.));
#1842 = DIRECTION('',(0.,1.,0.));
#1843 = DIRECTION('',(-1.,0.,2.22044604925E-16));
#1844 = DEFINITIONAL_REPRESENTATION('',(#1845),#1848);
#1845 = B_SPLINE_CURVE_WITH_KNOTS('',1,(#1846,#1847),.UNSPECIFIED.,.F.,
  .F.,(2,2),(5.325,16.025),.PIECEWISE_BEZIER_KNOTS.);
#1846 = CARTESIAN_POINT('',(0.,102.));
#1847 = CARTESIAN_POINT('',(10.7,102.));
#1848 = ( GEOMETRIC_REPRESENTATION_CONTEXT(2) 
PARAMETRIC_REPRESENTATION_CONTEXT() REPRESENTATION_CONTEXT('2D SPACE',''
  ) );
#1849 = ORIENTED_EDGE('',*,*,#1850,.F.);
#1850 = EDGE_CURVE('',#1851,#1825,#1853,.T.);
#1851 = VERTEX_POINT('',#1852);
#1852 = CARTESIAN_POINT('',(25.65,17.35,110.));
#1853 = SURFACE_CURVE('',#1854,(#1858,#1864),.PCURVE_S1.);
#1854 = LINE('',#1855,#1856);
#1855 = CARTESIAN_POINT('',(25.65,4.325,110.));
#1856 = VECTOR('',#1857,1.);
#1857 = DIRECTION('',(0.,-1.,0.));
#1858 = PCURVE('',#707,#1859);
#1859 = DEFINITIONAL_REPRESENTATION('',(#1860),#1863);
#1860 = B_SPLINE_CURVE_WITH_KNOTS('',1,(#1861,#1862),.UNSPECIFIED.,.F.,
  .F.,(2,2),(-13.025,-4.325),.PIECEWISE_BEZIER_KNOTS.);
#1861 = CARTESIAN_POINT('',(21.35,-17.35));
#1862 = CARTESIAN_POINT('',(21.35,-8.65));
#1863 = ( GEOMETRIC_REPRESENTATION_CONTEXT(2) 
PARAMETRIC_REPRESENTATION_CONTEXT() REPRESENTATION_CONTEXT('2D SPACE',''
  ) );
#1864 = PCURVE('',#1865,#1870);
#1865 = PLANE('',#1866);
#1866 = AXIS2_PLACEMENT_3D('',#1867,#1868,#1869);
#1867 = CARTESIAN_POINT('',(25.65,8.65,8.));
#1868 = DIRECTION('',(-1.,0.,2.22044604925E-16));
#1869 = DIRECTION('',(2.22044604925E-16,0.,1.));
#1870 = DEFINITIONAL_REPRESENTATION('',(#1871),#1874);
#1871 = B_SPLINE_CURVE_WITH_KNOTS('',1,(#1872,#1873),.UNSPECIFIED.,.F.,
  .F.,(2,2),(-13.025,-4.325),.PIECEWISE_BEZIER_KNOTS.);
#1872 = CARTESIAN_POINT('',(102.,8.7));
#1873 = CARTESIAN_POINT('',(102.,0.));
#1874 = ( GEOMETRIC_REPRESENTATION_CONTEXT(2) 
PARAMETRIC_REPRESENTATION_CONTEXT() REPRESENTATION_CONTEXT('2D SPACE',''
  ) );
#1875 = ORIENTED_EDGE('',*,*,#1876,.F.);
#1876 = EDGE_CURVE('',#1797,#1851,#1877,.T.);
#1877 = SURFACE_CURVE('',#1878,(#1882,#1888),.PCURVE_S1.);
#1878 = LINE('',#1879,#1880);
#1879 = CARTESIAN_POINT('',(41.675,17.35,110.));
#1880 = VECTOR('',#1881,1.);
#1881 = DIRECTION('',(-1.,0.,2.22044604925E-16));
#1882 = PCURVE('',#707,#1883);
#1883 = DEFINITIONAL_REPRESENTATION('',(#1884),#1887);
#1884 = B_SPLINE_CURVE_WITH_KNOTS('',1,(#1885,#1886),.UNSPECIFIED.,.F.,
  .F.,(2,2),(5.325,16.025),.PIECEWISE_BEZIER_KNOTS.);
#1885 = CARTESIAN_POINT('',(10.65,-17.35));
#1886 = CARTESIAN_POINT('',(21.35,-17.35));
#1887 = ( GEOMETRIC_REPRESENTATION_CONTEXT(2) 
PARAMETRIC_REPRESENTATION_CONTEXT() REPRESENTATION_CONTEXT('2D SPACE',''
  ) );
#1888 = PCURVE('',#1889,#1894);
#1889 = PLANE('',#1890);
#1890 = AXIS2_PLACEMENT_3D('',#1891,#1892,#1893);
#1891 = CARTESIAN_POINT('',(36.35,17.35,8.));
#1892 = DIRECTION('',(0.,1.,0.));
#1893 = DIRECTION('',(-1.,0.,2.22044604925E-16));
#1894 = DEFINITIONAL_REPRESENTATION('',(#1895),#1898);
#1895 = B_SPLINE_CURVE_WITH_KNOTS('',1,(#1896,#1897),.UNSPECIFIED.,.F.,
  .F.,(2,2),(5.325,16.025),.PIECEWISE_BEZIER_KNOTS.);
#1896 = CARTESIAN_POINT('',(0.,102.));
#1897 = CARTESIAN_POINT('',(10.7,102.));
#1898 = ( GEOMETRIC_REPRESENTATION_CONTEXT(2) 
PARAMETRIC_REPRESENTATION_CONTEXT() REPRESENTATION_CONTEXT('2D SPACE',''
  ) );
#1899 = FACE_BOUND('',#1900,.T.);
#1900 = EDGE_LOOP('',(#1901));
#1901 = ORIENTED_EDGE('',*,*,#1902,.F.);
#1902 = EDGE_CURVE('',#1903,#1903,#1905,.T.);
#1903 = VERTEX_POINT('',#1904);
#1904 = CARTESIAN_POINT('',(31.7,41.,110.));
#1905 = SURFACE_CURVE('',#1906,(#1911,#1918),.PCURVE_S1.);
#1906 = CIRCLE('',#1907,12.7);
#1907 = AXIS2_PLACEMENT_3D('',#1908,#1909,#1910);
#1908 = CARTESIAN_POINT('',(19.,41.,110.));
#1909 = DIRECTION('',(1.110223024625E-16,-0.,1.));
#1910 = DIRECTION('',(1.,0.,-1.110223024625E-16));
#1911 = PCURVE('',#707,#1912);
#1912 = DEFINITIONAL_REPRESENTATION('',(#1913),#1917);
#1913 = CIRCLE('',#1914,12.7);
#1914 = AXIS2_PLACEMENT_2D('',#1915,#1916);
#1915 = CARTESIAN_POINT('',(28.,-41.));
#1916 = DIRECTION('',(-1.,0.));
#1917 = ( GEOMETRIC_REPRESENTATION_CONTEXT(2) 
PARAMETRIC_REPRESENTATION_CONTEXT() REPRESENTATION_CONTEXT('2D SPACE',''
  ) );
#1918 = PCURVE('',#1919,#1924);
#1919 = CONICAL_SURFACE('',#1920,10.35,0.785398163397);
#1920 = AXIS2_PLACEMENT_3D('',#1921,#1922,#1923);
#1921 = CARTESIAN_POINT('',(19.,41.,107.65));
#1922 = DIRECTION('',(1.110223024625E-16,0.,1.));
#1923 = DIRECTION('',(1.,0.,-1.110223024625E-16));
#1924 = DEFINITIONAL_REPRESENTATION('',(#1925),#1929);
#1925 = LINE('',#1926,#1927);
#1926 = CARTESIAN_POINT('',(0.,2.35));
#1927 = VECTOR('',#1928,1.);
#1928 = DIRECTION('',(1.,0.));
#1929 = ( GEOMETRIC_REPRESENTATION_CONTEXT(2) 
PARAMETRIC_REPRESENTATION_CONTEXT() REPRESENTATION_CONTEXT('2D SPACE',''
  ) );
#1930 = FACE_BOUND('',#1931,.T.);
#1931 = EDGE_LOOP('',(#1932,#1960,#1986,#2012));
#1932 = ORIENTED_EDGE('',*,*,#1933,.T.);
#1933 = EDGE_CURVE('',#1934,#1936,#1938,.T.);
#1934 = VERTEX_POINT('',#1935);
#1935 = CARTESIAN_POINT('',(22.,21.,110.));
#1936 = VERTEX_POINT('',#1937);
#1937 = CARTESIAN_POINT('',(22.,4.,110.));
#1938 = SURFACE_CURVE('',#1939,(#1943,#1949),.PCURVE_S1.);
#1939 = LINE('',#1940,#1941);
#1940 = CARTESIAN_POINT('',(22.,2.,110.));
#1941 = VECTOR('',#1942,1.);
#1942 = DIRECTION('',(0.,-1.,0.));
#1943 = PCURVE('',#707,#1944);
#1944 = DEFINITIONAL_REPRESENTATION('',(#1945),#1948);
#1945 = B_SPLINE_CURVE_WITH_KNOTS('',1,(#1946,#1947),.UNSPECIFIED.,.F.,
  .F.,(2,2),(-19.,-2.),.PIECEWISE_BEZIER_KNOTS.);
#1946 = CARTESIAN_POINT('',(25.,-21.));
#1947 = CARTESIAN_POINT('',(25.,-4.));
#1948 = ( GEOMETRIC_REPRESENTATION_CONTEXT(2) 
PARAMETRIC_REPRESENTATION_CONTEXT() REPRESENTATION_CONTEXT('2D SPACE',''
  ) );
#1949 = PCURVE('',#1950,#1955);
#1950 = PLANE('',#1951);
#1951 = AXIS2_PLACEMENT_3D('',#1952,#1953,#1954);
#1952 = CARTESIAN_POINT('',(22.,4.,8.));
#1953 = DIRECTION('',(-1.,0.,2.22044604925E-16));
#1954 = DIRECTION('',(2.22044604925E-16,0.,1.));
#1955 = DEFINITIONAL_REPRESENTATION('',(#1956),#1959);
#1956 = B_SPLINE_CURVE_WITH_KNOTS('',1,(#1957,#1958),.UNSPECIFIED.,.F.,
  .F.,(2,2),(-19.,-2.),.PIECEWISE_BEZIER_KNOTS.);
#1957 = CARTESIAN_POINT('',(102.,17.));
#1958 = CARTESIAN_POINT('',(102.,0.));
#1959 = ( GEOMETRIC_REPRESENTATION_CONTEXT(2) 
PARAMETRIC_REPRESENTATION_CONTEXT() REPRESENTATION_CONTEXT('2D SPACE',''
  ) );
#1960 = ORIENTED_EDGE('',*,*,#1961,.T.);
#1961 = EDGE_CURVE('',#1936,#1962,#1964,.T.);
#1962 = VERTEX_POINT('',#1963);
#1963 = CARTESIAN_POINT('',(4.,4.,110.));
#1964 = SURFACE_CURVE('',#1965,(#1969,#1975),.PCURVE_S1.);
#1965 = LINE('',#1966,#1967);
#1966 = CARTESIAN_POINT('',(34.5,4.,110.));
#1967 = VECTOR('',#1968,1.);
#1968 = DIRECTION('',(-1.,0.,2.22044604925E-16));
#1969 = PCURVE('',#707,#1970);
#1970 = DEFINITIONAL_REPRESENTATION('',(#1971),#1974);
#1971 = B_SPLINE_CURVE_WITH_KNOTS('',1,(#1972,#1973),.UNSPECIFIED.,.F.,
  .F.,(2,2),(12.5,30.5),.PIECEWISE_BEZIER_KNOTS.);
#1972 = CARTESIAN_POINT('',(25.,-4.));
#1973 = CARTESIAN_POINT('',(43.,-4.));
#1974 = ( GEOMETRIC_REPRESENTATION_CONTEXT(2) 
PARAMETRIC_REPRESENTATION_CONTEXT() REPRESENTATION_CONTEXT('2D SPACE',''
  ) );
#1975 = PCURVE('',#1976,#1981);
#1976 = PLANE('',#1977);
#1977 = AXIS2_PLACEMENT_3D('',#1978,#1979,#1980);
#1978 = CARTESIAN_POINT('',(22.,4.,8.));
#1979 = DIRECTION('',(0.,1.,0.));
#1980 = DIRECTION('',(-1.,0.,2.22044604925E-16));
#1981 = DEFINITIONAL_REPRESENTATION('',(#1982),#1985);
#1982 = B_SPLINE_CURVE_WITH_KNOTS('',1,(#1983,#1984),.UNSPECIFIED.,.F.,
  .F.,(2,2),(12.5,30.5),.PIECEWISE_BEZIER_KNOTS.);
#1983 = CARTESIAN_POINT('',(0.,102.));
#1984 = CARTESIAN_POINT('',(18.,102.));
#1985 = ( GEOMETRIC_REPRESENTATION_CONTEXT(2) 
PARAMETRIC_REPRESENTATION_CONTEXT() REPRESENTATION_CONTEXT('2D SPACE',''
  ) );
#1986 = ORIENTED_EDGE('',*,*,#1987,.F.);
#1987 = EDGE_CURVE('',#1988,#1962,#1990,.T.);
#1988 = VERTEX_POINT('',#1989);
#1989 = CARTESIAN_POINT('',(4.,21.,110.));
#1990 = SURFACE_CURVE('',#1991,(#1995,#2001),.PCURVE_S1.);
#1991 = LINE('',#1992,#1993);
#1992 = CARTESIAN_POINT('',(4.,2.,110.));
#1993 = VECTOR('',#1994,1.);
#1994 = DIRECTION('',(0.,-1.,0.));
#1995 = PCURVE('',#707,#1996);
#1996 = DEFINITIONAL_REPRESENTATION('',(#1997),#2000);
#1997 = B_SPLINE_CURVE_WITH_KNOTS('',1,(#1998,#1999),.UNSPECIFIED.,.F.,
  .F.,(2,2),(-19.,-2.),.PIECEWISE_BEZIER_KNOTS.);
#1998 = CARTESIAN_POINT('',(43.,-21.));
#1999 = CARTESIAN_POINT('',(43.,-4.));
#2000 = ( GEOMETRIC_REPRESENTATION_CONTEXT(2) 
PARAMETRIC_REPRESENTATION_CONTEXT() REPRESENTATION_CONTEXT('2D SPACE',''
  ) );
#2001 = PCURVE('',#2002,#2007);
#2002 = PLANE('',#2003);
#2003 = AXIS2_PLACEMENT_3D('',#2004,#2005,#2006);
#2004 = CARTESIAN_POINT('',(4.,4.,8.));
#2005 = DIRECTION('',(-1.,0.,2.22044604925E-16));
#2006 = DIRECTION('',(2.22044604925E-16,0.,1.));
#2007 = DEFINITIONAL_REPRESENTATION('',(#2008),#2011);
#2008 = B_SPLINE_CURVE_WITH_KNOTS('',1,(#2009,#2010),.UNSPECIFIED.,.F.,
  .F.,(2,2),(-19.,-2.),.PIECEWISE_BEZIER_KNOTS.);
#2009 = CARTESIAN_POINT('',(102.,17.));
#2010 = CARTESIAN_POINT('',(102.,0.));
#2011 = ( GEOMETRIC_REPRESENTATION_CONTEXT(2) 
PARAMETRIC_REPRESENTATION_CONTEXT() REPRESENTATION_CONTEXT('2D SPACE',''
  ) );
#2012 = ORIENTED_EDGE('',*,*,#2013,.F.);
#2013 = EDGE_CURVE('',#1934,#1988,#2014,.T.);
#2014 = SURFACE_CURVE('',#2015,(#2019,#2025),.PCURVE_S1.);
#2015 = LINE('',#2016,#2017);
#2016 = CARTESIAN_POINT('',(34.5,21.,110.));
#2017 = VECTOR('',#2018,1.);
#2018 = DIRECTION('',(-1.,0.,2.22044604925E-16));
#2019 = PCURVE('',#707,#2020);
#2020 = DEFINITIONAL_REPRESENTATION('',(#2021),#2024);
#2021 = B_SPLINE_CURVE_WITH_KNOTS('',1,(#2022,#2023),.UNSPECIFIED.,.F.,
  .F.,(2,2),(12.5,30.5),.PIECEWISE_BEZIER_KNOTS.);
#2022 = CARTESIAN_POINT('',(25.,-21.));
#2023 = CARTESIAN_POINT('',(43.,-21.));
#2024 = ( GEOMETRIC_REPRESENTATION_CONTEXT(2) 
PARAMETRIC_REPRESENTATION_CONTEXT() REPRESENTATION_CONTEXT('2D SPACE',''
  ) );
#2025 = PCURVE('',#2026,#2031);
#2026 = PLANE('',#2027);
#2027 = AXIS2_PLACEMENT_3D('',#2028,#2029,#2030);
#2028 = CARTESIAN_POINT('',(22.,21.,8.));
#2029 = DIRECTION('',(0.,1.,0.));
#2030 = DIRECTION('',(-1.,0.,2.22044604925E-16));
#2031 = DEFINITIONAL_REPRESENTATION('',(#2032),#2035);
#2032 = B_SPLINE_CURVE_WITH_KNOTS('',1,(#2033,#2034),.UNSPECIFIED.,.F.,
  .F.,(2,2),(12.5,30.5),.PIECEWISE_BEZIER_KNOTS.);
#2033 = CARTESIAN_POINT('',(0.,102.));
#2034 = CARTESIAN_POINT('',(18.,102.));
#2035 = ( GEOMETRIC_REPRESENTATION_CONTEXT(2) 
PARAMETRIC_REPRESENTATION_CONTEXT() REPRESENTATION_CONTEXT('2D SPACE',''
  ) );
#2036 = ADVANCED_FACE('',(#2037),#888,.T.);
#2037 = FACE_BOUND('',#2038,.T.);
#2038 = EDGE_LOOP('',(#2039,#2062,#2081,#2082));
#2039 = ORIENTED_EDGE('',*,*,#2040,.F.);
#2040 = EDGE_CURVE('',#2041,#850,#2043,.T.);
#2041 = VERTEX_POINT('',#2042);
#2042 = CARTESIAN_POINT('',(4.,9.8,108.));
#2043 = SURFACE_CURVE('',#2044,(#2048,#2055),.PCURVE_S1.);
#2044 = LINE('',#2045,#2046);
#2045 = CARTESIAN_POINT('',(26.1,9.8,108.));
#2046 = VECTOR('',#2047,1.);
#2047 = DIRECTION('',(-1.,0.,2.22044604925E-16));
#2048 = PCURVE('',#888,#2049);
#2049 = DEFINITIONAL_REPRESENTATION('',(#2050),#2054);
#2050 = LINE('',#2051,#2052);
#2051 = CARTESIAN_POINT('',(0.,79.));
#2052 = VECTOR('',#2053,1.);
#2053 = DIRECTION('',(1.,0.));
#2054 = ( GEOMETRIC_REPRESENTATION_CONTEXT(2) 
PARAMETRIC_REPRESENTATION_CONTEXT() REPRESENTATION_CONTEXT('2D SPACE',''
  ) );
#2055 = PCURVE('',#864,#2056);
#2056 = DEFINITIONAL_REPRESENTATION('',(#2057),#2061);
#2057 = LINE('',#2058,#2059);
#2058 = CARTESIAN_POINT('',(0.,0.));
#2059 = VECTOR('',#2060,1.);
#2060 = DIRECTION('',(1.,0.));
#2061 = ( GEOMETRIC_REPRESENTATION_CONTEXT(2) 
PARAMETRIC_REPRESENTATION_CONTEXT() REPRESENTATION_CONTEXT('2D SPACE',''
  ) );
#2062 = ORIENTED_EDGE('',*,*,#2063,.T.);
#2063 = EDGE_CURVE('',#2041,#1212,#2064,.T.);
#2064 = SURFACE_CURVE('',#2065,(#2069,#2075),.PCURVE_S1.);
#2065 = LINE('',#2066,#2067);
#2066 = CARTESIAN_POINT('',(4.,9.8,18.5));
#2067 = VECTOR('',#2068,1.);
#2068 = DIRECTION('',(-2.22044604925E-16,0.,-1.));
#2069 = PCURVE('',#888,#2070);
#2070 = DEFINITIONAL_REPRESENTATION('',(#2071),#2074);
#2071 = B_SPLINE_CURVE_WITH_KNOTS('',1,(#2072,#2073),.UNSPECIFIED.,.F.,
  .F.,(2,2),(-89.5,-10.5),.PIECEWISE_BEZIER_KNOTS.);
#2072 = CARTESIAN_POINT('',(22.1,79.));
#2073 = CARTESIAN_POINT('',(22.1,0.));
#2074 = ( GEOMETRIC_REPRESENTATION_CONTEXT(2) 
PARAMETRIC_REPRESENTATION_CONTEXT() REPRESENTATION_CONTEXT('2D SPACE',''
  ) );
#2075 = PCURVE('',#2002,#2076);
#2076 = DEFINITIONAL_REPRESENTATION('',(#2077),#2080);
#2077 = B_SPLINE_CURVE_WITH_KNOTS('',1,(#2078,#2079),.UNSPECIFIED.,.F.,
  .F.,(2,2),(-89.5,-10.5),.PIECEWISE_BEZIER_KNOTS.);
#2078 = CARTESIAN_POINT('',(100.,5.8));
#2079 = CARTESIAN_POINT('',(21.,5.8));
#2080 = ( GEOMETRIC_REPRESENTATION_CONTEXT(2) 
PARAMETRIC_REPRESENTATION_CONTEXT() REPRESENTATION_CONTEXT('2D SPACE',''
  ) );
#2081 = ORIENTED_EDGE('',*,*,#1211,.F.);
#2082 = ORIENTED_EDGE('',*,*,#875,.F.);
#2083 = ADVANCED_FACE('',(#2084),#864,.F.);
#2084 = FACE_BOUND('',#2085,.F.);
#2085 = EDGE_LOOP('',(#2086,#2087,#2108,#2129));
#2086 = ORIENTED_EDGE('',*,*,#2040,.F.);
#2087 = ORIENTED_EDGE('',*,*,#2088,.T.);
#2088 = EDGE_CURVE('',#2041,#2089,#2091,.T.);
#2089 = VERTEX_POINT('',#2090);
#2090 = CARTESIAN_POINT('',(4.,16.2,108.));
#2091 = SURFACE_CURVE('',#2092,(#2096,#2102),.PCURVE_S1.);
#2092 = LINE('',#2093,#2094);
#2093 = CARTESIAN_POINT('',(4.,6.9,108.));
#2094 = VECTOR('',#2095,1.);
#2095 = DIRECTION('',(0.,1.,0.));
#2096 = PCURVE('',#864,#2097);
#2097 = DEFINITIONAL_REPRESENTATION('',(#2098),#2101);
#2098 = B_SPLINE_CURVE_WITH_KNOTS('',1,(#2099,#2100),.UNSPECIFIED.,.F.,
  .F.,(2,2),(2.9,9.3),.PIECEWISE_BEZIER_KNOTS.);
#2099 = CARTESIAN_POINT('',(22.1,0.));
#2100 = CARTESIAN_POINT('',(22.1,-6.4));
#2101 = ( GEOMETRIC_REPRESENTATION_CONTEXT(2) 
PARAMETRIC_REPRESENTATION_CONTEXT() REPRESENTATION_CONTEXT('2D SPACE',''
  ) );
#2102 = PCURVE('',#2002,#2103);
#2103 = DEFINITIONAL_REPRESENTATION('',(#2104),#2107);
#2104 = B_SPLINE_CURVE_WITH_KNOTS('',1,(#2105,#2106),.UNSPECIFIED.,.F.,
  .F.,(2,2),(2.9,9.3),.PIECEWISE_BEZIER_KNOTS.);
#2105 = CARTESIAN_POINT('',(100.,5.8));
#2106 = CARTESIAN_POINT('',(100.,12.2));
#2107 = ( GEOMETRIC_REPRESENTATION_CONTEXT(2) 
PARAMETRIC_REPRESENTATION_CONTEXT() REPRESENTATION_CONTEXT('2D SPACE',''
  ) );
#2108 = ORIENTED_EDGE('',*,*,#2109,.T.);
#2109 = EDGE_CURVE('',#2089,#824,#2110,.T.);
#2110 = SURFACE_CURVE('',#2111,(#2115,#2122),.PCURVE_S1.);
#2111 = LINE('',#2112,#2113);
#2112 = CARTESIAN_POINT('',(26.1,16.2,108.));
#2113 = VECTOR('',#2114,1.);
#2114 = DIRECTION('',(-1.,0.,2.22044604925E-16));
#2115 = PCURVE('',#864,#2116);
#2116 = DEFINITIONAL_REPRESENTATION('',(#2117),#2121);
#2117 = LINE('',#2118,#2119);
#2118 = CARTESIAN_POINT('',(0.,-6.4));
#2119 = VECTOR('',#2120,1.);
#2120 = DIRECTION('',(1.,0.));
#2121 = ( GEOMETRIC_REPRESENTATION_CONTEXT(2) 
PARAMETRIC_REPRESENTATION_CONTEXT() REPRESENTATION_CONTEXT('2D SPACE',''
  ) );
#2122 = PCURVE('',#838,#2123);
#2123 = DEFINITIONAL_REPRESENTATION('',(#2124),#2128);
#2124 = LINE('',#2125,#2126);
#2125 = CARTESIAN_POINT('',(0.,79.));
#2126 = VECTOR('',#2127,1.);
#2127 = DIRECTION('',(1.,0.));
#2128 = ( GEOMETRIC_REPRESENTATION_CONTEXT(2) 
PARAMETRIC_REPRESENTATION_CONTEXT() REPRESENTATION_CONTEXT('2D SPACE',''
  ) );
#2129 = ORIENTED_EDGE('',*,*,#849,.F.);
#2130 = ADVANCED_FACE('',(#2131),#838,.F.);
#2131 = FACE_BOUND('',#2132,.F.);
#2132 = EDGE_LOOP('',(#2133,#2134,#2153,#2154));
#2133 = ORIENTED_EDGE('',*,*,#2109,.F.);
#2134 = ORIENTED_EDGE('',*,*,#2135,.T.);
#2135 = EDGE_CURVE('',#2089,#1092,#2136,.T.);
#2136 = SURFACE_CURVE('',#2137,(#2141,#2147),.PCURVE_S1.);
#2137 = LINE('',#2138,#2139);
#2138 = CARTESIAN_POINT('',(4.,16.2,18.5));
#2139 = VECTOR('',#2140,1.);
#2140 = DIRECTION('',(-2.22044604925E-16,0.,-1.));
#2141 = PCURVE('',#838,#2142);
#2142 = DEFINITIONAL_REPRESENTATION('',(#2143),#2146);
#2143 = B_SPLINE_CURVE_WITH_KNOTS('',1,(#2144,#2145),.UNSPECIFIED.,.F.,
  .F.,(2,2),(-89.5,-10.5),.PIECEWISE_BEZIER_KNOTS.);
#2144 = CARTESIAN_POINT('',(22.1,79.));
#2145 = CARTESIAN_POINT('',(22.1,0.));
#2146 = ( GEOMETRIC_REPRESENTATION_CONTEXT(2) 
PARAMETRIC_REPRESENTATION_CONTEXT() REPRESENTATION_CONTEXT('2D SPACE',''
  ) );
#2147 = PCURVE('',#2002,#2148);
#2148 = DEFINITIONAL_REPRESENTATION('',(#2149),#2152);
#2149 = B_SPLINE_CURVE_WITH_KNOTS('',1,(#2150,#2151),.UNSPECIFIED.,.F.,
  .F.,(2,2),(-89.5,-10.5),.PIECEWISE_BEZIER_KNOTS.);
#2150 = CARTESIAN_POINT('',(100.,12.2));
#2151 = CARTESIAN_POINT('',(21.,12.2));
#2152 = ( GEOMETRIC_REPRESENTATION_CONTEXT(2) 
PARAMETRIC_REPRESENTATION_CONTEXT() REPRESENTATION_CONTEXT('2D SPACE',''
  ) );
#2153 = ORIENTED_EDGE('',*,*,#1091,.F.);
#2154 = ORIENTED_EDGE('',*,*,#823,.F.);
#2155 = ADVANCED_FACE('',(#2156),#811,.T.);
#2156 = FACE_BOUND('',#2157,.T.);
#2157 = EDGE_LOOP('',(#2158,#2181,#2200,#2201));
#2158 = ORIENTED_EDGE('',*,*,#2159,.F.);
#2159 = EDGE_CURVE('',#2160,#773,#2162,.T.);
#2160 = VERTEX_POINT('',#2161);
#2161 = CARTESIAN_POINT('',(4.,65.8,108.));
#2162 = SURFACE_CURVE('',#2163,(#2167,#2174),.PCURVE_S1.);
#2163 = LINE('',#2164,#2165);
#2164 = CARTESIAN_POINT('',(26.1,65.8,108.));
#2165 = VECTOR('',#2166,1.);
#2166 = DIRECTION('',(-1.,0.,2.22044604925E-16));
#2167 = PCURVE('',#811,#2168);
#2168 = DEFINITIONAL_REPRESENTATION('',(#2169),#2173);
#2169 = LINE('',#2170,#2171);
#2170 = CARTESIAN_POINT('',(0.,79.));
#2171 = VECTOR('',#2172,1.);
#2172 = DIRECTION('',(1.,0.));
#2173 = ( GEOMETRIC_REPRESENTATION_CONTEXT(2) 
PARAMETRIC_REPRESENTATION_CONTEXT() REPRESENTATION_CONTEXT('2D SPACE',''
  ) );
#2174 = PCURVE('',#787,#2175);
#2175 = DEFINITIONAL_REPRESENTATION('',(#2176),#2180);
#2176 = LINE('',#2177,#2178);
#2177 = CARTESIAN_POINT('',(0.,0.));
#2178 = VECTOR('',#2179,1.);
#2179 = DIRECTION('',(1.,0.));
#2180 = ( GEOMETRIC_REPRESENTATION_CONTEXT(2) 
PARAMETRIC_REPRESENTATION_CONTEXT() REPRESENTATION_CONTEXT('2D SPACE',''
  ) );
#2181 = ORIENTED_EDGE('',*,*,#2182,.T.);
#2182 = EDGE_CURVE('',#2160,#1046,#2183,.T.);
#2183 = SURFACE_CURVE('',#2184,(#2188,#2194),.PCURVE_S1.);
#2184 = LINE('',#2185,#2186);
#2185 = CARTESIAN_POINT('',(4.,65.8,18.5));
#2186 = VECTOR('',#2187,1.);
#2187 = DIRECTION('',(-2.22044604925E-16,0.,-1.));
#2188 = PCURVE('',#811,#2189);
#2189 = DEFINITIONAL_REPRESENTATION('',(#2190),#2193);
#2190 = B_SPLINE_CURVE_WITH_KNOTS('',1,(#2191,#2192),.UNSPECIFIED.,.F.,
  .F.,(2,2),(-89.5,-10.5),.PIECEWISE_BEZIER_KNOTS.);
#2191 = CARTESIAN_POINT('',(22.1,79.));
#2192 = CARTESIAN_POINT('',(22.1,0.));
#2193 = ( GEOMETRIC_REPRESENTATION_CONTEXT(2) 
PARAMETRIC_REPRESENTATION_CONTEXT() REPRESENTATION_CONTEXT('2D SPACE',''
  ) );
#2194 = PCURVE('',#1759,#2195);
#2195 = DEFINITIONAL_REPRESENTATION('',(#2196),#2199);
#2196 = B_SPLINE_CURVE_WITH_KNOTS('',1,(#2197,#2198),.UNSPECIFIED.,.F.,
  .F.,(2,2),(-89.5,-10.5),.PIECEWISE_BEZIER_KNOTS.);
#2197 = CARTESIAN_POINT('',(100.,4.8));
#2198 = CARTESIAN_POINT('',(21.,4.8));
#2199 = ( GEOMETRIC_REPRESENTATION_CONTEXT(2) 
PARAMETRIC_REPRESENTATION_CONTEXT() REPRESENTATION_CONTEXT('2D SPACE',''
  ) );
#2200 = ORIENTED_EDGE('',*,*,#1045,.F.);
#2201 = ORIENTED_EDGE('',*,*,#798,.F.);
#2202 = ADVANCED_FACE('',(#2203),#787,.F.);
#2203 = FACE_BOUND('',#2204,.F.);
#2204 = EDGE_LOOP('',(#2205,#2206,#2227,#2248));
#2205 = ORIENTED_EDGE('',*,*,#2159,.F.);
#2206 = ORIENTED_EDGE('',*,*,#2207,.T.);
#2207 = EDGE_CURVE('',#2160,#2208,#2210,.T.);
#2208 = VERTEX_POINT('',#2209);
#2209 = CARTESIAN_POINT('',(4.,72.2,108.));
#2210 = SURFACE_CURVE('',#2211,(#2215,#2221),.PCURVE_S1.);
#2211 = LINE('',#2212,#2213);
#2212 = CARTESIAN_POINT('',(4.,63.4,108.));
#2213 = VECTOR('',#2214,1.);
#2214 = DIRECTION('',(0.,1.,0.));
#2215 = PCURVE('',#787,#2216);
#2216 = DEFINITIONAL_REPRESENTATION('',(#2217),#2220);
#2217 = B_SPLINE_CURVE_WITH_KNOTS('',1,(#2218,#2219),.UNSPECIFIED.,.F.,
  .F.,(2,2),(2.4,8.8),.PIECEWISE_BEZIER_KNOTS.);
#2218 = CARTESIAN_POINT('',(22.1,0.));
#2219 = CARTESIAN_POINT('',(22.1,-6.4));
#2220 = ( GEOMETRIC_REPRESENTATION_CONTEXT(2) 
PARAMETRIC_REPRESENTATION_CONTEXT() REPRESENTATION_CONTEXT('2D SPACE',''
  ) );
#2221 = PCURVE('',#1759,#2222);
#2222 = DEFINITIONAL_REPRESENTATION('',(#2223),#2226);
#2223 = B_SPLINE_CURVE_WITH_KNOTS('',1,(#2224,#2225),.UNSPECIFIED.,.F.,
  .F.,(2,2),(2.4,8.8),.PIECEWISE_BEZIER_KNOTS.);
#2224 = CARTESIAN_POINT('',(100.,4.8));
#2225 = CARTESIAN_POINT('',(100.,11.2));
#2226 = ( GEOMETRIC_REPRESENTATION_CONTEXT(2) 
PARAMETRIC_REPRESENTATION_CONTEXT() REPRESENTATION_CONTEXT('2D SPACE',''
  ) );
#2227 = ORIENTED_EDGE('',*,*,#2228,.T.);
#2228 = EDGE_CURVE('',#2208,#747,#2229,.T.);
#2229 = SURFACE_CURVE('',#2230,(#2234,#2241),.PCURVE_S1.);
#2230 = LINE('',#2231,#2232);
#2231 = CARTESIAN_POINT('',(26.1,72.2,108.));
#2232 = VECTOR('',#2233,1.);
#2233 = DIRECTION('',(-1.,0.,2.22044604925E-16));
#2234 = PCURVE('',#787,#2235);
#2235 = DEFINITIONAL_REPRESENTATION('',(#2236),#2240);
#2236 = LINE('',#2237,#2238);
#2237 = CARTESIAN_POINT('',(0.,-6.4));
#2238 = VECTOR('',#2239,1.);
#2239 = DIRECTION('',(1.,0.));
#2240 = ( GEOMETRIC_REPRESENTATION_CONTEXT(2) 
PARAMETRIC_REPRESENTATION_CONTEXT() REPRESENTATION_CONTEXT('2D SPACE',''
  ) );
#2241 = PCURVE('',#761,#2242);
#2242 = DEFINITIONAL_REPRESENTATION('',(#2243),#2247);
#2243 = LINE('',#2244,#2245);
#2244 = CARTESIAN_POINT('',(0.,79.));
#2245 = VECTOR('',#2246,1.);
#2246 = DIRECTION('',(1.,0.));
#2247 = ( GEOMETRIC_REPRESENTATION_CONTEXT(2) 
PARAMETRIC_REPRESENTATION_CONTEXT() REPRESENTATION_CONTEXT('2D SPACE',''
  ) );
#2248 = ORIENTED_EDGE('',*,*,#772,.F.);
#2249 = ADVANCED_FACE('',(#2250),#761,.F.);
#2250 = FACE_BOUND('',#2251,.F.);
#2251 = EDGE_LOOP('',(#2252,#2253,#2272,#2273));
#2252 = ORIENTED_EDGE('',*,*,#2228,.F.);
#2253 = ORIENTED_EDGE('',*,*,#2254,.T.);
#2254 = EDGE_CURVE('',#2208,#926,#2255,.T.);
#2255 = SURFACE_CURVE('',#2256,(#2260,#2266),.PCURVE_S1.);
#2256 = LINE('',#2257,#2258);
#2257 = CARTESIAN_POINT('',(4.,72.2,18.5));
#2258 = VECTOR('',#2259,1.);
#2259 = DIRECTION('',(-2.22044604925E-16,0.,-1.));
#2260 = PCURVE('',#761,#2261);
#2261 = DEFINITIONAL_REPRESENTATION('',(#2262),#2265);
#2262 = B_SPLINE_CURVE_WITH_KNOTS('',1,(#2263,#2264),.UNSPECIFIED.,.F.,
  .F.,(2,2),(-89.5,-10.5),.PIECEWISE_BEZIER_KNOTS.);
#2263 = CARTESIAN_POINT('',(22.1,79.));
#2264 = CARTESIAN_POINT('',(22.1,0.));
#2265 = ( GEOMETRIC_REPRESENTATION_CONTEXT(2) 
PARAMETRIC_REPRESENTATION_CONTEXT() REPRESENTATION_CONTEXT('2D SPACE',''
  ) );
#2266 = PCURVE('',#1759,#2267);
#2267 = DEFINITIONAL_REPRESENTATION('',(#2268),#2271);
#2268 = B_SPLINE_CURVE_WITH_KNOTS('',1,(#2269,#2270),.UNSPECIFIED.,.F.,
  .F.,(2,2),(-89.5,-10.5),.PIECEWISE_BEZIER_KNOTS.);
#2269 = CARTESIAN_POINT('',(100.,11.2));
#2270 = CARTESIAN_POINT('',(21.,11.2));
#2271 = ( GEOMETRIC_REPRESENTATION_CONTEXT(2) 
PARAMETRIC_REPRESENTATION_CONTEXT() REPRESENTATION_CONTEXT('2D SPACE',''
  ) );
#2272 = ORIENTED_EDGE('',*,*,#925,.F.);
#2273 = ORIENTED_EDGE('',*,*,#746,.F.);
#2274 = ADVANCED_FACE('',(#2275),#962,.F.);
#2275 = FACE_BOUND('',#2276,.F.);
#2276 = EDGE_LOOP('',(#2277,#2307,#2335,#2363,#2383,#2384,#2385,#2386));
#2277 = ORIENTED_EDGE('',*,*,#2278,.F.);
#2278 = EDGE_CURVE('',#2279,#2281,#2283,.T.);
#2279 = VERTEX_POINT('',#2280);
#2280 = CARTESIAN_POINT('',(4.,78.,8.));
#2281 = VERTEX_POINT('',#2282);
#2282 = CARTESIAN_POINT('',(4.,78.,76.));
#2283 = SURFACE_CURVE('',#2284,(#2288,#2295),.PCURVE_S1.);
#2284 = LINE('',#2285,#2286);
#2285 = CARTESIAN_POINT('',(4.,78.,8.));
#2286 = VECTOR('',#2287,1.);
#2287 = DIRECTION('',(2.22044604925E-16,0.,1.));
#2288 = PCURVE('',#962,#2289);
#2289 = DEFINITIONAL_REPRESENTATION('',(#2290),#2294);
#2290 = LINE('',#2291,#2292);
#2291 = CARTESIAN_POINT('',(0.,17.));
#2292 = VECTOR('',#2293,1.);
#2293 = DIRECTION('',(1.,0.));
#2294 = ( GEOMETRIC_REPRESENTATION_CONTEXT(2) 
PARAMETRIC_REPRESENTATION_CONTEXT() REPRESENTATION_CONTEXT('2D SPACE',''
  ) );
#2295 = PCURVE('',#2296,#2301);
#2296 = PLANE('',#2297);
#2297 = AXIS2_PLACEMENT_3D('',#2298,#2299,#2300);
#2298 = CARTESIAN_POINT('',(22.,78.,8.));
#2299 = DIRECTION('',(-0.,1.,0.));
#2300 = DIRECTION('',(-1.,0.,2.22044604925E-16));
#2301 = DEFINITIONAL_REPRESENTATION('',(#2302),#2306);
#2302 = LINE('',#2303,#2304);
#2303 = CARTESIAN_POINT('',(18.,0.));
#2304 = VECTOR('',#2305,1.);
#2305 = DIRECTION('',(0.,1.));
#2306 = ( GEOMETRIC_REPRESENTATION_CONTEXT(2) 
PARAMETRIC_REPRESENTATION_CONTEXT() REPRESENTATION_CONTEXT('2D SPACE',''
  ) );
#2307 = ORIENTED_EDGE('',*,*,#2308,.F.);
#2308 = EDGE_CURVE('',#2309,#2279,#2311,.T.);
#2309 = VERTEX_POINT('',#2310);
#2310 = CARTESIAN_POINT('',(4.,61.,8.));
#2311 = SURFACE_CURVE('',#2312,(#2316,#2323),.PCURVE_S1.);
#2312 = LINE('',#2313,#2314);
#2313 = CARTESIAN_POINT('',(4.,61.,8.));
#2314 = VECTOR('',#2315,1.);
#2315 = DIRECTION('',(-0.,1.,0.));
#2316 = PCURVE('',#962,#2317);
#2317 = DEFINITIONAL_REPRESENTATION('',(#2318),#2322);
#2318 = LINE('',#2319,#2320);
#2319 = CARTESIAN_POINT('',(0.,0.));
#2320 = VECTOR('',#2321,1.);
#2321 = DIRECTION('',(0.,1.));
#2322 = ( GEOMETRIC_REPRESENTATION_CONTEXT(2) 
PARAMETRIC_REPRESENTATION_CONTEXT() REPRESENTATION_CONTEXT('2D SPACE',''
  ) );
#2323 = PCURVE('',#2324,#2329);
#2324 = PLANE('',#2325);
#2325 = AXIS2_PLACEMENT_3D('',#2326,#2327,#2328);
#2326 = CARTESIAN_POINT('',(22.,61.,8.));
#2327 = DIRECTION('',(2.22044604925E-16,0.,1.));
#2328 = DIRECTION('',(-1.,0.,2.22044604925E-16));
#2329 = DEFINITIONAL_REPRESENTATION('',(#2330),#2334);
#2330 = LINE('',#2331,#2332);
#2331 = CARTESIAN_POINT('',(18.,0.));
#2332 = VECTOR('',#2333,1.);
#2333 = DIRECTION('',(0.,-1.));
#2334 = ( GEOMETRIC_REPRESENTATION_CONTEXT(2) 
PARAMETRIC_REPRESENTATION_CONTEXT() REPRESENTATION_CONTEXT('2D SPACE',''
  ) );
#2335 = ORIENTED_EDGE('',*,*,#2336,.T.);
#2336 = EDGE_CURVE('',#2309,#2337,#2339,.T.);
#2337 = VERTEX_POINT('',#2338);
#2338 = CARTESIAN_POINT('',(4.,61.,76.));
#2339 = SURFACE_CURVE('',#2340,(#2344,#2351),.PCURVE_S1.);
#2340 = LINE('',#2341,#2342);
#2341 = CARTESIAN_POINT('',(4.,61.,8.));
#2342 = VECTOR('',#2343,1.);
#2343 = DIRECTION('',(2.22044604925E-16,0.,1.));
#2344 = PCURVE('',#962,#2345);
#2345 = DEFINITIONAL_REPRESENTATION('',(#2346),#2350);
#2346 = LINE('',#2347,#2348);
#2347 = CARTESIAN_POINT('',(0.,0.));
#2348 = VECTOR('',#2349,1.);
#2349 = DIRECTION('',(1.,0.));
#2350 = ( GEOMETRIC_REPRESENTATION_CONTEXT(2) 
PARAMETRIC_REPRESENTATION_CONTEXT() REPRESENTATION_CONTEXT('2D SPACE',''
  ) );
#2351 = PCURVE('',#2352,#2357);
#2352 = PLANE('',#2353);
#2353 = AXIS2_PLACEMENT_3D('',#2354,#2355,#2356);
#2354 = CARTESIAN_POINT('',(22.,61.,8.));
#2355 = DIRECTION('',(-0.,1.,0.));
#2356 = DIRECTION('',(-1.,0.,2.22044604925E-16));
#2357 = DEFINITIONAL_REPRESENTATION('',(#2358),#2362);
#2358 = LINE('',#2359,#2360);
#2359 = CARTESIAN_POINT('',(18.,0.));
#2360 = VECTOR('',#2361,1.);
#2361 = DIRECTION('',(0.,1.));
#2362 = ( GEOMETRIC_REPRESENTATION_CONTEXT(2) 
PARAMETRIC_REPRESENTATION_CONTEXT() REPRESENTATION_CONTEXT('2D SPACE',''
  ) );
#2363 = ORIENTED_EDGE('',*,*,#2364,.T.);
#2364 = EDGE_CURVE('',#2337,#1046,#2365,.T.);
#2365 = SURFACE_CURVE('',#2366,(#2370,#2376),.PCURVE_S1.);
#2366 = LINE('',#2367,#2368);
#2367 = CARTESIAN_POINT('',(4.,30.5,76.));
#2368 = VECTOR('',#2369,1.);
#2369 = DIRECTION('',(-0.,1.,0.));
#2370 = PCURVE('',#962,#2371);
#2371 = DEFINITIONAL_REPRESENTATION('',(#2372),#2375);
#2372 = B_SPLINE_CURVE_WITH_KNOTS('',1,(#2373,#2374),.UNSPECIFIED.,.F.,
  .F.,(2,2),(30.5,47.5),.PIECEWISE_BEZIER_KNOTS.);
#2373 = CARTESIAN_POINT('',(68.,0.));
#2374 = CARTESIAN_POINT('',(68.,17.));
#2375 = ( GEOMETRIC_REPRESENTATION_CONTEXT(2) 
PARAMETRIC_REPRESENTATION_CONTEXT() REPRESENTATION_CONTEXT('2D SPACE',''
  ) );
#2376 = PCURVE('',#1759,#2377);
#2377 = DEFINITIONAL_REPRESENTATION('',(#2378),#2382);
#2378 = LINE('',#2379,#2380);
#2379 = CARTESIAN_POINT('',(68.,-30.5));
#2380 = VECTOR('',#2381,1.);
#2381 = DIRECTION('',(0.,1.));
#2382 = ( GEOMETRIC_REPRESENTATION_CONTEXT(2) 
PARAMETRIC_REPRESENTATION_CONTEXT() REPRESENTATION_CONTEXT('2D SPACE',''
  ) );
#2383 = ORIENTED_EDGE('',*,*,#1067,.T.);
#2384 = ORIENTED_EDGE('',*,*,#1021,.T.);
#2385 = ORIENTED_EDGE('',*,*,#947,.F.);
#2386 = ORIENTED_EDGE('',*,*,#2387,.T.);
#2387 = EDGE_CURVE('',#926,#2281,#2388,.T.);
#2388 = SURFACE_CURVE('',#2389,(#2393,#2399),.PCURVE_S1.);
#2389 = LINE('',#2390,#2391);
#2390 = CARTESIAN_POINT('',(4.,30.5,76.));
#2391 = VECTOR('',#2392,1.);
#2392 = DIRECTION('',(-0.,1.,0.));
#2393 = PCURVE('',#962,#2394);
#2394 = DEFINITIONAL_REPRESENTATION('',(#2395),#2398);
#2395 = B_SPLINE_CURVE_WITH_KNOTS('',1,(#2396,#2397),.UNSPECIFIED.,.F.,
  .F.,(2,2),(30.5,47.5),.PIECEWISE_BEZIER_KNOTS.);
#2396 = CARTESIAN_POINT('',(68.,0.));
#2397 = CARTESIAN_POINT('',(68.,17.));
#2398 = ( GEOMETRIC_REPRESENTATION_CONTEXT(2) 
PARAMETRIC_REPRESENTATION_CONTEXT() REPRESENTATION_CONTEXT('2D SPACE',''
  ) );
#2399 = PCURVE('',#1759,#2400);
#2400 = DEFINITIONAL_REPRESENTATION('',(#2401),#2405);
#2401 = LINE('',#2402,#2403);
#2402 = CARTESIAN_POINT('',(68.,-30.5));
#2403 = VECTOR('',#2404,1.);
#2404 = DIRECTION('',(0.,1.));
#2405 = ( GEOMETRIC_REPRESENTATION_CONTEXT(2) 
PARAMETRIC_REPRESENTATION_CONTEXT() REPRESENTATION_CONTEXT('2D SPACE',''
  ) );
#2406 = ADVANCED_FACE('',(#2407),#1128,.F.);
#2407 = FACE_BOUND('',#2408,.F.);
#2408 = EDGE_LOOP('',(#2409,#2439,#2467,#2495,#2515,#2516,#2517,#2518));
#2409 = ORIENTED_EDGE('',*,*,#2410,.F.);
#2410 = EDGE_CURVE('',#2411,#2413,#2415,.T.);
#2411 = VERTEX_POINT('',#2412);
#2412 = CARTESIAN_POINT('',(4.,21.,8.));
#2413 = VERTEX_POINT('',#2414);
#2414 = CARTESIAN_POINT('',(4.,21.,76.));
#2415 = SURFACE_CURVE('',#2416,(#2420,#2427),.PCURVE_S1.);
#2416 = LINE('',#2417,#2418);
#2417 = CARTESIAN_POINT('',(4.,21.,8.));
#2418 = VECTOR('',#2419,1.);
#2419 = DIRECTION('',(2.22044604925E-16,0.,1.));
#2420 = PCURVE('',#1128,#2421);
#2421 = DEFINITIONAL_REPRESENTATION('',(#2422),#2426);
#2422 = LINE('',#2423,#2424);
#2423 = CARTESIAN_POINT('',(0.,17.));
#2424 = VECTOR('',#2425,1.);
#2425 = DIRECTION('',(1.,0.));
#2426 = ( GEOMETRIC_REPRESENTATION_CONTEXT(2) 
PARAMETRIC_REPRESENTATION_CONTEXT() REPRESENTATION_CONTEXT('2D SPACE',''
  ) );
#2427 = PCURVE('',#2428,#2433);
#2428 = PLANE('',#2429);
#2429 = AXIS2_PLACEMENT_3D('',#2430,#2431,#2432);
#2430 = CARTESIAN_POINT('',(22.,21.,8.));
#2431 = DIRECTION('',(-0.,1.,0.));
#2432 = DIRECTION('',(-1.,0.,2.22044604925E-16));
#2433 = DEFINITIONAL_REPRESENTATION('',(#2434),#2438);
#2434 = LINE('',#2435,#2436);
#2435 = CARTESIAN_POINT('',(18.,0.));
#2436 = VECTOR('',#2437,1.);
#2437 = DIRECTION('',(0.,1.));
#2438 = ( GEOMETRIC_REPRESENTATION_CONTEXT(2) 
PARAMETRIC_REPRESENTATION_CONTEXT() REPRESENTATION_CONTEXT('2D SPACE',''
  ) );
#2439 = ORIENTED_EDGE('',*,*,#2440,.F.);
#2440 = EDGE_CURVE('',#2441,#2411,#2443,.T.);
#2441 = VERTEX_POINT('',#2442);
#2442 = CARTESIAN_POINT('',(4.,4.,8.));
#2443 = SURFACE_CURVE('',#2444,(#2448,#2455),.PCURVE_S1.);
#2444 = LINE('',#2445,#2446);
#2445 = CARTESIAN_POINT('',(4.,4.,8.));
#2446 = VECTOR('',#2447,1.);
#2447 = DIRECTION('',(-0.,1.,0.));
#2448 = PCURVE('',#1128,#2449);
#2449 = DEFINITIONAL_REPRESENTATION('',(#2450),#2454);
#2450 = LINE('',#2451,#2452);
#2451 = CARTESIAN_POINT('',(0.,0.));
#2452 = VECTOR('',#2453,1.);
#2453 = DIRECTION('',(0.,1.));
#2454 = ( GEOMETRIC_REPRESENTATION_CONTEXT(2) 
PARAMETRIC_REPRESENTATION_CONTEXT() REPRESENTATION_CONTEXT('2D SPACE',''
  ) );
#2455 = PCURVE('',#2456,#2461);
#2456 = PLANE('',#2457);
#2457 = AXIS2_PLACEMENT_3D('',#2458,#2459,#2460);
#2458 = CARTESIAN_POINT('',(22.,4.,8.));
#2459 = DIRECTION('',(2.22044604925E-16,0.,1.));
#2460 = DIRECTION('',(-1.,0.,2.22044604925E-16));
#2461 = DEFINITIONAL_REPRESENTATION('',(#2462),#2466);
#2462 = LINE('',#2463,#2464);
#2463 = CARTESIAN_POINT('',(18.,0.));
#2464 = VECTOR('',#2465,1.);
#2465 = DIRECTION('',(0.,-1.));
#2466 = ( GEOMETRIC_REPRESENTATION_CONTEXT(2) 
PARAMETRIC_REPRESENTATION_CONTEXT() REPRESENTATION_CONTEXT('2D SPACE',''
  ) );
#2467 = ORIENTED_EDGE('',*,*,#2468,.T.);
#2468 = EDGE_CURVE('',#2441,#2469,#2471,.T.);
#2469 = VERTEX_POINT('',#2470);
#2470 = CARTESIAN_POINT('',(4.,4.,76.));
#2471 = SURFACE_CURVE('',#2472,(#2476,#2483),.PCURVE_S1.);
#2472 = LINE('',#2473,#2474);
#2473 = CARTESIAN_POINT('',(4.,4.,8.));
#2474 = VECTOR('',#2475,1.);
#2475 = DIRECTION('',(2.22044604925E-16,0.,1.));
#2476 = PCURVE('',#1128,#2477);
#2477 = DEFINITIONAL_REPRESENTATION('',(#2478),#2482);
#2478 = LINE('',#2479,#2480);
#2479 = CARTESIAN_POINT('',(0.,0.));
#2480 = VECTOR('',#2481,1.);
#2481 = DIRECTION('',(1.,0.));
#2482 = ( GEOMETRIC_REPRESENTATION_CONTEXT(2) 
PARAMETRIC_REPRESENTATION_CONTEXT() REPRESENTATION_CONTEXT('2D SPACE',''
  ) );
#2483 = PCURVE('',#2484,#2489);
#2484 = PLANE('',#2485);
#2485 = AXIS2_PLACEMENT_3D('',#2486,#2487,#2488);
#2486 = CARTESIAN_POINT('',(22.,4.,8.));
#2487 = DIRECTION('',(-0.,1.,0.));
#2488 = DIRECTION('',(-1.,0.,2.22044604925E-16));
#2489 = DEFINITIONAL_REPRESENTATION('',(#2490),#2494);
#2490 = LINE('',#2491,#2492);
#2491 = CARTESIAN_POINT('',(18.,0.));
#2492 = VECTOR('',#2493,1.);
#2493 = DIRECTION('',(0.,1.));
#2494 = ( GEOMETRIC_REPRESENTATION_CONTEXT(2) 
PARAMETRIC_REPRESENTATION_CONTEXT() REPRESENTATION_CONTEXT('2D SPACE',''
  ) );
#2495 = ORIENTED_EDGE('',*,*,#2496,.T.);
#2496 = EDGE_CURVE('',#2469,#1212,#2497,.T.);
#2497 = SURFACE_CURVE('',#2498,(#2502,#2508),.PCURVE_S1.);
#2498 = LINE('',#2499,#2500);
#2499 = CARTESIAN_POINT('',(4.,2.,76.));
#2500 = VECTOR('',#2501,1.);
#2501 = DIRECTION('',(-0.,1.,0.));
#2502 = PCURVE('',#1128,#2503);
#2503 = DEFINITIONAL_REPRESENTATION('',(#2504),#2507);
#2504 = B_SPLINE_CURVE_WITH_KNOTS('',1,(#2505,#2506),.UNSPECIFIED.,.F.,
  .F.,(2,2),(2.,19.),.PIECEWISE_BEZIER_KNOTS.);
#2505 = CARTESIAN_POINT('',(68.,0.));
#2506 = CARTESIAN_POINT('',(68.,17.));
#2507 = ( GEOMETRIC_REPRESENTATION_CONTEXT(2) 
PARAMETRIC_REPRESENTATION_CONTEXT() REPRESENTATION_CONTEXT('2D SPACE',''
  ) );
#2508 = PCURVE('',#2002,#2509);
#2509 = DEFINITIONAL_REPRESENTATION('',(#2510),#2514);
#2510 = LINE('',#2511,#2512);
#2511 = CARTESIAN_POINT('',(68.,-2.));
#2512 = VECTOR('',#2513,1.);
#2513 = DIRECTION('',(0.,1.));
#2514 = ( GEOMETRIC_REPRESENTATION_CONTEXT(2) 
PARAMETRIC_REPRESENTATION_CONTEXT() REPRESENTATION_CONTEXT('2D SPACE',''
  ) );
#2515 = ORIENTED_EDGE('',*,*,#1233,.T.);
#2516 = ORIENTED_EDGE('',*,*,#1187,.T.);
#2517 = ORIENTED_EDGE('',*,*,#1113,.F.);
#2518 = ORIENTED_EDGE('',*,*,#2519,.T.);
#2519 = EDGE_CURVE('',#1092,#2413,#2520,.T.);
#2520 = SURFACE_CURVE('',#2521,(#2525,#2531),.PCURVE_S1.);
#2521 = LINE('',#2522,#2523);
#2522 = CARTESIAN_POINT('',(4.,2.,76.));
#2523 = VECTOR('',#2524,1.);
#2524 = DIRECTION('',(-0.,1.,0.));
#2525 = PCURVE('',#1128,#2526);
#2526 = DEFINITIONAL_REPRESENTATION('',(#2527),#2530);
#2527 = B_SPLINE_CURVE_WITH_KNOTS('',1,(#2528,#2529),.UNSPECIFIED.,.F.,
  .F.,(2,2),(2.,19.),.PIECEWISE_BEZIER_KNOTS.);
#2528 = CARTESIAN_POINT('',(68.,0.));
#2529 = CARTESIAN_POINT('',(68.,17.));
#2530 = ( GEOMETRIC_REPRESENTATION_CONTEXT(2) 
PARAMETRIC_REPRESENTATION_CONTEXT() REPRESENTATION_CONTEXT('2D SPACE',''
  ) );
#2531 = PCURVE('',#2002,#2532);
#2532 = DEFINITIONAL_REPRESENTATION('',(#2533),#2537);
#2533 = LINE('',#2534,#2535);
#2534 = CARTESIAN_POINT('',(68.,-2.));
#2535 = VECTOR('',#2536,1.);
#2536 = DIRECTION('',(0.,1.));
#2537 = ( GEOMETRIC_REPRESENTATION_CONTEXT(2) 
PARAMETRIC_REPRESENTATION_CONTEXT() REPRESENTATION_CONTEXT('2D SPACE',''
  ) );
#2538 = ADVANCED_FACE('',(#2539),#1350,.T.);
#2539 = FACE_BOUND('',#2540,.T.);
#2540 = EDGE_LOOP('',(#2541,#2564,#2592,#2613));
#2541 = ORIENTED_EDGE('',*,*,#2542,.T.);
#2542 = EDGE_CURVE('',#1333,#2543,#2545,.T.);
#2543 = VERTEX_POINT('',#2544);
#2544 = CARTESIAN_POINT('',(41.5,39.020101012678,88.979898987322));
#2545 = SURFACE_CURVE('',#2546,(#2550,#2557),.PCURVE_S1.);
#2546 = LINE('',#2547,#2548);
#2547 = CARTESIAN_POINT('',(47.,39.020101012678,88.979898987322));
#2548 = VECTOR('',#2549,1.);
#2549 = DIRECTION('',(-1.,0.,2.22044604925E-16));
#2550 = PCURVE('',#1350,#2551);
#2551 = DEFINITIONAL_REPRESENTATION('',(#2552),#2556);
#2552 = LINE('',#2553,#2554);
#2553 = CARTESIAN_POINT('',(0.,0.));
#2554 = VECTOR('',#2555,1.);
#2555 = DIRECTION('',(0.,-1.));
#2556 = ( GEOMETRIC_REPRESENTATION_CONTEXT(2) 
PARAMETRIC_REPRESENTATION_CONTEXT() REPRESENTATION_CONTEXT('2D SPACE',''
  ) );
#2557 = PCURVE('',#1379,#2558);
#2558 = DEFINITIONAL_REPRESENTATION('',(#2559),#2563);
#2559 = LINE('',#2560,#2561);
#2560 = CARTESIAN_POINT('',(5.497787143782,0.));
#2561 = VECTOR('',#2562,1.);
#2562 = DIRECTION('',(0.,1.));
#2563 = ( GEOMETRIC_REPRESENTATION_CONTEXT(2) 
PARAMETRIC_REPRESENTATION_CONTEXT() REPRESENTATION_CONTEXT('2D SPACE',''
  ) );
#2564 = ORIENTED_EDGE('',*,*,#2565,.T.);
#2565 = EDGE_CURVE('',#2543,#2566,#2568,.T.);
#2566 = VERTEX_POINT('',#2567);
#2567 = CARTESIAN_POINT('',(41.5,41.,90.959797974645));
#2568 = SURFACE_CURVE('',#2569,(#2573,#2580),.PCURVE_S1.);
#2569 = LINE('',#2570,#2571);
#2570 = CARTESIAN_POINT('',(41.5,39.020101012678,88.979898987322));
#2571 = VECTOR('',#2572,1.);
#2572 = DIRECTION('',(1.570092458684E-16,0.707106781187,0.707106781187)
  );
#2573 = PCURVE('',#1350,#2574);
#2574 = DEFINITIONAL_REPRESENTATION('',(#2575),#2579);
#2575 = LINE('',#2576,#2577);
#2576 = CARTESIAN_POINT('',(0.,-5.5));
#2577 = VECTOR('',#2578,1.);
#2578 = DIRECTION('',(1.,0.));
#2579 = ( GEOMETRIC_REPRESENTATION_CONTEXT(2) 
PARAMETRIC_REPRESENTATION_CONTEXT() REPRESENTATION_CONTEXT('2D SPACE',''
  ) );
#2580 = PCURVE('',#2581,#2586);
#2581 = PLANE('',#2582);
#2582 = AXIS2_PLACEMENT_3D('',#2583,#2584,#2585);
#2583 = CARTESIAN_POINT('',(41.5,41.,89.559797974645));
#2584 = DIRECTION('',(-1.,0.,2.22044604925E-16));
#2585 = DIRECTION('',(2.22044604925E-16,0.,1.));
#2586 = DEFINITIONAL_REPRESENTATION('',(#2587),#2591);
#2587 = LINE('',#2588,#2589);
#2588 = CARTESIAN_POINT('',(-0.579898987322,-1.979898987322));
#2589 = VECTOR('',#2590,1.);
#2590 = DIRECTION('',(0.707106781187,0.707106781187));
#2591 = ( GEOMETRIC_REPRESENTATION_CONTEXT(2) 
PARAMETRIC_REPRESENTATION_CONTEXT() REPRESENTATION_CONTEXT('2D SPACE',''
  ) );
#2592 = ORIENTED_EDGE('',*,*,#2593,.F.);
#2593 = EDGE_CURVE('',#1335,#2566,#2594,.T.);
#2594 = SURFACE_CURVE('',#2595,(#2599,#2606),.PCURVE_S1.);
#2595 = LINE('',#2596,#2597);
#2596 = CARTESIAN_POINT('',(47.,41.,90.959797974645));
#2597 = VECTOR('',#2598,1.);
#2598 = DIRECTION('',(-1.,0.,2.22044604925E-16));
#2599 = PCURVE('',#1350,#2600);
#2600 = DEFINITIONAL_REPRESENTATION('',(#2601),#2605);
#2601 = LINE('',#2602,#2603);
#2602 = CARTESIAN_POINT('',(2.8,0.));
#2603 = VECTOR('',#2604,1.);
#2604 = DIRECTION('',(0.,-1.));
#2605 = ( GEOMETRIC_REPRESENTATION_CONTEXT(2) 
PARAMETRIC_REPRESENTATION_CONTEXT() REPRESENTATION_CONTEXT('2D SPACE',''
  ) );
#2606 = PCURVE('',#1405,#2607);
#2607 = DEFINITIONAL_REPRESENTATION('',(#2608),#2612);
#2608 = LINE('',#2609,#2610);
#2609 = CARTESIAN_POINT('',(0.,0.));
#2610 = VECTOR('',#2611,1.);
#2611 = DIRECTION('',(0.,-1.));
#2612 = ( GEOMETRIC_REPRESENTATION_CONTEXT(2) 
PARAMETRIC_REPRESENTATION_CONTEXT() REPRESENTATION_CONTEXT('2D SPACE',''
  ) );
#2613 = ORIENTED_EDGE('',*,*,#1332,.F.);
#2614 = ADVANCED_FACE('',(#2615),#1379,.F.);
#2615 = FACE_BOUND('',#2616,.F.);
#2616 = EDGE_LOOP('',(#2617,#2646,#2667,#2668));
#2617 = ORIENTED_EDGE('',*,*,#2618,.F.);
#2618 = EDGE_CURVE('',#2619,#2543,#2621,.T.);
#2619 = VERTEX_POINT('',#2620);
#2620 = CARTESIAN_POINT('',(41.5,42.979898987322,88.979898987322));
#2621 = SURFACE_CURVE('',#2622,(#2627,#2634),.PCURVE_S1.);
#2622 = CIRCLE('',#2623,2.8);
#2623 = AXIS2_PLACEMENT_3D('',#2624,#2625,#2626);
#2624 = CARTESIAN_POINT('',(41.5,41.,87.));
#2625 = DIRECTION('',(-1.,0.,2.22044604925E-16));
#2626 = DIRECTION('',(2.22044604925E-16,0.,1.));
#2627 = PCURVE('',#1379,#2628);
#2628 = DEFINITIONAL_REPRESENTATION('',(#2629),#2633);
#2629 = LINE('',#2630,#2631);
#2630 = CARTESIAN_POINT('',(0.,5.5));
#2631 = VECTOR('',#2632,1.);
#2632 = DIRECTION('',(1.,0.));
#2633 = ( GEOMETRIC_REPRESENTATION_CONTEXT(2) 
PARAMETRIC_REPRESENTATION_CONTEXT() REPRESENTATION_CONTEXT('2D SPACE',''
  ) );
#2634 = PCURVE('',#2635,#2640);
#2635 = PLANE('',#2636);
#2636 = AXIS2_PLACEMENT_3D('',#2637,#2638,#2639);
#2637 = CARTESIAN_POINT('',(41.5,41.,87.));
#2638 = DIRECTION('',(-1.,0.,2.22044604925E-16));
#2639 = DIRECTION('',(2.22044604925E-16,0.,1.));
#2640 = DEFINITIONAL_REPRESENTATION('',(#2641),#2645);
#2641 = CIRCLE('',#2642,2.8);
#2642 = AXIS2_PLACEMENT_2D('',#2643,#2644);
#2643 = CARTESIAN_POINT('',(0.,0.));
#2644 = DIRECTION('',(1.,0.));
#2645 = ( GEOMETRIC_REPRESENTATION_CONTEXT(2) 
PARAMETRIC_REPRESENTATION_CONTEXT() REPRESENTATION_CONTEXT('2D SPACE',''
  ) );
#2646 = ORIENTED_EDGE('',*,*,#2647,.F.);
#2647 = EDGE_CURVE('',#1363,#2619,#2648,.T.);
#2648 = SURFACE_CURVE('',#2649,(#2653,#2660),.PCURVE_S1.);
#2649 = LINE('',#2650,#2651);
#2650 = CARTESIAN_POINT('',(47.,42.979898987322,88.979898987322));
#2651 = VECTOR('',#2652,1.);
#2652 = DIRECTION('',(-1.,0.,2.22044604925E-16));
#2653 = PCURVE('',#1379,#2654);
#2654 = DEFINITIONAL_REPRESENTATION('',(#2655),#2659);
#2655 = LINE('',#2656,#2657);
#2656 = CARTESIAN_POINT('',(0.785398163397,0.));
#2657 = VECTOR('',#2658,1.);
#2658 = DIRECTION('',(0.,1.));
#2659 = ( GEOMETRIC_REPRESENTATION_CONTEXT(2) 
PARAMETRIC_REPRESENTATION_CONTEXT() REPRESENTATION_CONTEXT('2D SPACE',''
  ) );
#2660 = PCURVE('',#1405,#2661);
#2661 = DEFINITIONAL_REPRESENTATION('',(#2662),#2666);
#2662 = LINE('',#2663,#2664);
#2663 = CARTESIAN_POINT('',(2.8,0.));
#2664 = VECTOR('',#2665,1.);
#2665 = DIRECTION('',(0.,-1.));
#2666 = ( GEOMETRIC_REPRESENTATION_CONTEXT(2) 
PARAMETRIC_REPRESENTATION_CONTEXT() REPRESENTATION_CONTEXT('2D SPACE',''
  ) );
#2667 = ORIENTED_EDGE('',*,*,#1362,.T.);
#2668 = ORIENTED_EDGE('',*,*,#2542,.T.);
#2669 = ADVANCED_FACE('',(#2670),#1405,.T.);
#2670 = FACE_BOUND('',#2671,.T.);
#2671 = EDGE_LOOP('',(#2672,#2673,#2694,#2695));
#2672 = ORIENTED_EDGE('',*,*,#2593,.T.);
#2673 = ORIENTED_EDGE('',*,*,#2674,.T.);
#2674 = EDGE_CURVE('',#2566,#2619,#2675,.T.);
#2675 = SURFACE_CURVE('',#2676,(#2680,#2687),.PCURVE_S1.);
#2676 = LINE('',#2677,#2678);
#2677 = CARTESIAN_POINT('',(41.5,41.,90.959797974645));
#2678 = VECTOR('',#2679,1.);
#2679 = DIRECTION('',(-1.570092458684E-16,0.707106781187,-0.707106781187
    ));
#2680 = PCURVE('',#1405,#2681);
#2681 = DEFINITIONAL_REPRESENTATION('',(#2682),#2686);
#2682 = LINE('',#2683,#2684);
#2683 = CARTESIAN_POINT('',(0.,-5.5));
#2684 = VECTOR('',#2685,1.);
#2685 = DIRECTION('',(1.,0.));
#2686 = ( GEOMETRIC_REPRESENTATION_CONTEXT(2) 
PARAMETRIC_REPRESENTATION_CONTEXT() REPRESENTATION_CONTEXT('2D SPACE',''
  ) );
#2687 = PCURVE('',#2581,#2688);
#2688 = DEFINITIONAL_REPRESENTATION('',(#2689),#2693);
#2689 = LINE('',#2690,#2691);
#2690 = CARTESIAN_POINT('',(1.4,0.));
#2691 = VECTOR('',#2692,1.);
#2692 = DIRECTION('',(-0.707106781187,0.707106781187));
#2693 = ( GEOMETRIC_REPRESENTATION_CONTEXT(2) 
PARAMETRIC_REPRESENTATION_CONTEXT() REPRESENTATION_CONTEXT('2D SPACE',''
  ) );
#2694 = ORIENTED_EDGE('',*,*,#2647,.F.);
#2695 = ORIENTED_EDGE('',*,*,#1391,.F.);
#2696 = ADVANCED_FACE('',(#2697),#1459,.F.);
#2697 = FACE_BOUND('',#2698,.F.);
#2698 = EDGE_LOOP('',(#2699,#2728,#2729,#2730));
#2699 = ORIENTED_EDGE('',*,*,#2700,.F.);
#2700 = EDGE_CURVE('',#1421,#2701,#2703,.T.);
#2701 = VERTEX_POINT('',#2702);
#2702 = CARTESIAN_POINT('',(41.5,41.,25.8));
#2703 = SURFACE_CURVE('',#2704,(#2709,#2716),.PCURVE_S1.);
#2704 = CIRCLE('',#2705,2.8);
#2705 = AXIS2_PLACEMENT_3D('',#2706,#2707,#2708);
#2706 = CARTESIAN_POINT('',(41.5,41.,23.));
#2707 = DIRECTION('',(-1.,-0.,2.22044604925E-16));
#2708 = DIRECTION('',(2.22044604925E-16,0.,1.));
#2709 = PCURVE('',#1459,#2710);
#2710 = DEFINITIONAL_REPRESENTATION('',(#2711),#2715);
#2711 = CIRCLE('',#2712,2.8);
#2712 = AXIS2_PLACEMENT_2D('',#2713,#2714);
#2713 = CARTESIAN_POINT('',(-2.559797974645,0.));
#2714 = DIRECTION('',(1.,0.));
#2715 = ( GEOMETRIC_REPRESENTATION_CONTEXT(2) 
PARAMETRIC_REPRESENTATION_CONTEXT() REPRESENTATION_CONTEXT('2D SPACE',''
  ) );
#2716 = PCURVE('',#2717,#2722);
#2717 = PLANE('',#2718);
#2718 = AXIS2_PLACEMENT_3D('',#2719,#2720,#2721);
#2719 = CARTESIAN_POINT('',(41.5,41.,23.));
#2720 = DIRECTION('',(-1.,0.,2.22044604925E-16));
#2721 = DIRECTION('',(2.22044604925E-16,0.,1.));
#2722 = DEFINITIONAL_REPRESENTATION('',(#2723),#2727);
#2723 = CIRCLE('',#2724,2.8);
#2724 = AXIS2_PLACEMENT_2D('',#2725,#2726);
#2725 = CARTESIAN_POINT('',(0.,0.));
#2726 = DIRECTION('',(1.,0.));
#2727 = ( GEOMETRIC_REPRESENTATION_CONTEXT(2) 
PARAMETRIC_REPRESENTATION_CONTEXT() REPRESENTATION_CONTEXT('2D SPACE',''
  ) );
#2728 = ORIENTED_EDGE('',*,*,#1443,.T.);
#2729 = ORIENTED_EDGE('',*,*,#1552,.T.);
#2730 = ORIENTED_EDGE('',*,*,#2731,.F.);
#2731 = EDGE_CURVE('',#2701,#1497,#2732,.T.);
#2732 = SURFACE_CURVE('',#2733,(#2738,#2745),.PCURVE_S1.);
#2733 = CIRCLE('',#2734,2.8);
#2734 = AXIS2_PLACEMENT_3D('',#2735,#2736,#2737);
#2735 = CARTESIAN_POINT('',(41.5,41.,23.));
#2736 = DIRECTION('',(-1.,-0.,2.22044604925E-16));
#2737 = DIRECTION('',(2.22044604925E-16,0.,1.));
#2738 = PCURVE('',#1459,#2739);
#2739 = DEFINITIONAL_REPRESENTATION('',(#2740),#2744);
#2740 = CIRCLE('',#2741,2.8);
#2741 = AXIS2_PLACEMENT_2D('',#2742,#2743);
#2742 = CARTESIAN_POINT('',(-2.559797974645,0.));
#2743 = DIRECTION('',(1.,0.));
#2744 = ( GEOMETRIC_REPRESENTATION_CONTEXT(2) 
PARAMETRIC_REPRESENTATION_CONTEXT() REPRESENTATION_CONTEXT('2D SPACE',''
  ) );
#2745 = PCURVE('',#2717,#2746);
#2746 = DEFINITIONAL_REPRESENTATION('',(#2747),#2751);
#2747 = CIRCLE('',#2748,2.8);
#2748 = AXIS2_PLACEMENT_2D('',#2749,#2750);
#2749 = CARTESIAN_POINT('',(0.,0.));
#2750 = DIRECTION('',(1.,0.));
#2751 = ( GEOMETRIC_REPRESENTATION_CONTEXT(2) 
PARAMETRIC_REPRESENTATION_CONTEXT() REPRESENTATION_CONTEXT('2D SPACE',''
  ) );
#2752 = ADVANCED_FACE('',(#2753),#1513,.F.);
#2753 = FACE_BOUND('',#2754,.F.);
#2754 = EDGE_LOOP('',(#2755,#2776));
#2755 = ORIENTED_EDGE('',*,*,#2756,.F.);
#2756 = EDGE_CURVE('',#1497,#1421,#2757,.T.);
#2757 = SURFACE_CURVE('',#2758,(#2762,#2769),.PCURVE_S1.);
#2758 = LINE('',#2759,#2760);
#2759 = CARTESIAN_POINT('',(41.5,42.979898987322,24.979898987322));
#2760 = VECTOR('',#2761,1.);
#2761 = DIRECTION('',(0.,-1.,0.));
#2762 = PCURVE('',#1513,#2763);
#2763 = DEFINITIONAL_REPRESENTATION('',(#2764),#2768);
#2764 = LINE('',#2765,#2766);
#2765 = CARTESIAN_POINT('',(1.979898987322,1.979898987322));
#2766 = VECTOR('',#2767,1.);
#2767 = DIRECTION('',(0.,-1.));
#2768 = ( GEOMETRIC_REPRESENTATION_CONTEXT(2) 
PARAMETRIC_REPRESENTATION_CONTEXT() REPRESENTATION_CONTEXT('2D SPACE',''
  ) );
#2769 = PCURVE('',#2717,#2770);
#2770 = DEFINITIONAL_REPRESENTATION('',(#2771),#2775);
#2771 = LINE('',#2772,#2773);
#2772 = CARTESIAN_POINT('',(1.979898987322,1.979898987322));
#2773 = VECTOR('',#2774,1.);
#2774 = DIRECTION('',(0.,-1.));
#2775 = ( GEOMETRIC_REPRESENTATION_CONTEXT(2) 
PARAMETRIC_REPRESENTATION_CONTEXT() REPRESENTATION_CONTEXT('2D SPACE',''
  ) );
#2776 = ORIENTED_EDGE('',*,*,#1496,.T.);
#2777 = ADVANCED_FACE('',(#2778),#1601,.T.);
#2778 = FACE_BOUND('',#2779,.T.);
#2779 = EDGE_LOOP('',(#2780,#2803,#2830,#2851));
#2780 = ORIENTED_EDGE('',*,*,#2781,.F.);
#2781 = EDGE_CURVE('',#2782,#1585,#2784,.T.);
#2782 = VERTEX_POINT('',#2783);
#2783 = CARTESIAN_POINT('',(36.35,73.35,76.));
#2784 = SURFACE_CURVE('',#2785,(#2789,#2796),.PCURVE_S1.);
#2785 = LINE('',#2786,#2787);
#2786 = CARTESIAN_POINT('',(36.35,73.35,8.));
#2787 = VECTOR('',#2788,1.);
#2788 = DIRECTION('',(2.22044604925E-16,0.,1.));
#2789 = PCURVE('',#1601,#2790);
#2790 = DEFINITIONAL_REPRESENTATION('',(#2791),#2795);
#2791 = LINE('',#2792,#2793);
#2792 = CARTESIAN_POINT('',(0.,8.7));
#2793 = VECTOR('',#2794,1.);
#2794 = DIRECTION('',(1.,0.));
#2795 = ( GEOMETRIC_REPRESENTATION_CONTEXT(2) 
PARAMETRIC_REPRESENTATION_CONTEXT() REPRESENTATION_CONTEXT('2D SPACE',''
  ) );
#2796 = PCURVE('',#1677,#2797);
#2797 = DEFINITIONAL_REPRESENTATION('',(#2798),#2802);
#2798 = LINE('',#2799,#2800);
#2799 = CARTESIAN_POINT('',(0.,0.));
#2800 = VECTOR('',#2801,1.);
#2801 = DIRECTION('',(0.,1.));
#2802 = ( GEOMETRIC_REPRESENTATION_CONTEXT(2) 
PARAMETRIC_REPRESENTATION_CONTEXT() REPRESENTATION_CONTEXT('2D SPACE',''
  ) );
#2803 = ORIENTED_EDGE('',*,*,#2804,.F.);
#2804 = EDGE_CURVE('',#2805,#2782,#2807,.T.);
#2805 = VERTEX_POINT('',#2806);
#2806 = CARTESIAN_POINT('',(36.35,64.65,76.));
#2807 = SURFACE_CURVE('',#2808,(#2812,#2819),.PCURVE_S1.);
#2808 = LINE('',#2809,#2810);
#2809 = CARTESIAN_POINT('',(36.35,32.325,76.));
#2810 = VECTOR('',#2811,1.);
#2811 = DIRECTION('',(-0.,1.,0.));
#2812 = PCURVE('',#1601,#2813);
#2813 = DEFINITIONAL_REPRESENTATION('',(#2814),#2818);
#2814 = LINE('',#2815,#2816);
#2815 = CARTESIAN_POINT('',(68.,-32.325));
#2816 = VECTOR('',#2817,1.);
#2817 = DIRECTION('',(0.,1.));
#2818 = ( GEOMETRIC_REPRESENTATION_CONTEXT(2) 
PARAMETRIC_REPRESENTATION_CONTEXT() REPRESENTATION_CONTEXT('2D SPACE',''
  ) );
#2819 = PCURVE('',#2820,#2825);
#2820 = PLANE('',#2821);
#2821 = AXIS2_PLACEMENT_3D('',#2822,#2823,#2824);
#2822 = CARTESIAN_POINT('',(36.35,64.65,8.));
#2823 = DIRECTION('',(-1.,0.,2.22044604925E-16));
#2824 = DIRECTION('',(2.22044604925E-16,0.,1.));
#2825 = DEFINITIONAL_REPRESENTATION('',(#2826),#2829);
#2826 = B_SPLINE_CURVE_WITH_KNOTS('',1,(#2827,#2828),.UNSPECIFIED.,.F.,
  .F.,(2,2),(32.325,41.025),.PIECEWISE_BEZIER_KNOTS.);
#2827 = CARTESIAN_POINT('',(68.,0.));
#2828 = CARTESIAN_POINT('',(68.,8.7));
#2829 = ( GEOMETRIC_REPRESENTATION_CONTEXT(2) 
PARAMETRIC_REPRESENTATION_CONTEXT() REPRESENTATION_CONTEXT('2D SPACE',''
  ) );
#2830 = ORIENTED_EDGE('',*,*,#2831,.T.);
#2831 = EDGE_CURVE('',#2805,#1587,#2832,.T.);
#2832 = SURFACE_CURVE('',#2833,(#2837,#2844),.PCURVE_S1.);
#2833 = LINE('',#2834,#2835);
#2834 = CARTESIAN_POINT('',(36.35,64.65,8.));
#2835 = VECTOR('',#2836,1.);
#2836 = DIRECTION('',(2.22044604925E-16,0.,1.));
#2837 = PCURVE('',#1601,#2838);
#2838 = DEFINITIONAL_REPRESENTATION('',(#2839),#2843);
#2839 = LINE('',#2840,#2841);
#2840 = CARTESIAN_POINT('',(0.,0.));
#2841 = VECTOR('',#2842,1.);
#2842 = DIRECTION('',(1.,0.));
#2843 = ( GEOMETRIC_REPRESENTATION_CONTEXT(2) 
PARAMETRIC_REPRESENTATION_CONTEXT() REPRESENTATION_CONTEXT('2D SPACE',''
  ) );
#2844 = PCURVE('',#1627,#2845);
#2845 = DEFINITIONAL_REPRESENTATION('',(#2846),#2850);
#2846 = LINE('',#2847,#2848);
#2847 = CARTESIAN_POINT('',(0.,0.));
#2848 = VECTOR('',#2849,1.);
#2849 = DIRECTION('',(0.,1.));
#2850 = ( GEOMETRIC_REPRESENTATION_CONTEXT(2) 
PARAMETRIC_REPRESENTATION_CONTEXT() REPRESENTATION_CONTEXT('2D SPACE',''
  ) );
#2851 = ORIENTED_EDGE('',*,*,#1584,.F.);
#2852 = ADVANCED_FACE('',(#2853),#1677,.F.);
#2853 = FACE_BOUND('',#2854,.F.);
#2854 = EDGE_LOOP('',(#2855,#2856,#2883,#2904));
#2855 = ORIENTED_EDGE('',*,*,#2781,.F.);
#2856 = ORIENTED_EDGE('',*,*,#2857,.F.);
#2857 = EDGE_CURVE('',#2858,#2782,#2860,.T.);
#2858 = VERTEX_POINT('',#2859);
#2859 = CARTESIAN_POINT('',(25.65,73.35,76.));
#2860 = SURFACE_CURVE('',#2861,(#2865,#2872),.PCURVE_S1.);
#2861 = LINE('',#2862,#2863);
#2862 = CARTESIAN_POINT('',(41.675,73.35,76.));
#2863 = VECTOR('',#2864,1.);
#2864 = DIRECTION('',(1.,0.,-2.22044604925E-16));
#2865 = PCURVE('',#1677,#2866);
#2866 = DEFINITIONAL_REPRESENTATION('',(#2867),#2871);
#2867 = LINE('',#2868,#2869);
#2868 = CARTESIAN_POINT('',(-5.325,68.));
#2869 = VECTOR('',#2870,1.);
#2870 = DIRECTION('',(-1.,0.));
#2871 = ( GEOMETRIC_REPRESENTATION_CONTEXT(2) 
PARAMETRIC_REPRESENTATION_CONTEXT() REPRESENTATION_CONTEXT('2D SPACE',''
  ) );
#2872 = PCURVE('',#2873,#2878);
#2873 = PLANE('',#2874);
#2874 = AXIS2_PLACEMENT_3D('',#2875,#2876,#2877);
#2875 = CARTESIAN_POINT('',(36.35,73.35,8.));
#2876 = DIRECTION('',(-0.,1.,0.));
#2877 = DIRECTION('',(-1.,0.,2.22044604925E-16));
#2878 = DEFINITIONAL_REPRESENTATION('',(#2879),#2882);
#2879 = B_SPLINE_CURVE_WITH_KNOTS('',1,(#2880,#2881),.UNSPECIFIED.,.F.,
  .F.,(2,2),(-16.025,-5.325),.PIECEWISE_BEZIER_KNOTS.);
#2880 = CARTESIAN_POINT('',(10.7,68.));
#2881 = CARTESIAN_POINT('',(0.,68.));
#2882 = ( GEOMETRIC_REPRESENTATION_CONTEXT(2) 
PARAMETRIC_REPRESENTATION_CONTEXT() REPRESENTATION_CONTEXT('2D SPACE',''
  ) );
#2883 = ORIENTED_EDGE('',*,*,#2884,.T.);
#2884 = EDGE_CURVE('',#2858,#1639,#2885,.T.);
#2885 = SURFACE_CURVE('',#2886,(#2890,#2897),.PCURVE_S1.);
#2886 = LINE('',#2887,#2888);
#2887 = CARTESIAN_POINT('',(25.65,73.35,8.));
#2888 = VECTOR('',#2889,1.);
#2889 = DIRECTION('',(2.22044604925E-16,0.,1.));
#2890 = PCURVE('',#1677,#2891);
#2891 = DEFINITIONAL_REPRESENTATION('',(#2892),#2896);
#2892 = LINE('',#2893,#2894);
#2893 = CARTESIAN_POINT('',(10.7,0.));
#2894 = VECTOR('',#2895,1.);
#2895 = DIRECTION('',(0.,1.));
#2896 = ( GEOMETRIC_REPRESENTATION_CONTEXT(2) 
PARAMETRIC_REPRESENTATION_CONTEXT() REPRESENTATION_CONTEXT('2D SPACE',''
  ) );
#2897 = PCURVE('',#1653,#2898);
#2898 = DEFINITIONAL_REPRESENTATION('',(#2899),#2903);
#2899 = LINE('',#2900,#2901);
#2900 = CARTESIAN_POINT('',(0.,8.7));
#2901 = VECTOR('',#2902,1.);
#2902 = DIRECTION('',(1.,0.));
#2903 = ( GEOMETRIC_REPRESENTATION_CONTEXT(2) 
PARAMETRIC_REPRESENTATION_CONTEXT() REPRESENTATION_CONTEXT('2D SPACE',''
  ) );
#2904 = ORIENTED_EDGE('',*,*,#1664,.F.);
#2905 = ADVANCED_FACE('',(#2906),#1627,.T.);
#2906 = FACE_BOUND('',#2907,.T.);
#2907 = EDGE_LOOP('',(#2908,#2909,#2936,#2957));
#2908 = ORIENTED_EDGE('',*,*,#2831,.F.);
#2909 = ORIENTED_EDGE('',*,*,#2910,.F.);
#2910 = EDGE_CURVE('',#2911,#2805,#2913,.T.);
#2911 = VERTEX_POINT('',#2912);
#2912 = CARTESIAN_POINT('',(25.65,64.65,76.));
#2913 = SURFACE_CURVE('',#2914,(#2918,#2925),.PCURVE_S1.);
#2914 = LINE('',#2915,#2916);
#2915 = CARTESIAN_POINT('',(41.675,64.65,76.));
#2916 = VECTOR('',#2917,1.);
#2917 = DIRECTION('',(1.,0.,-2.22044604925E-16));
#2918 = PCURVE('',#1627,#2919);
#2919 = DEFINITIONAL_REPRESENTATION('',(#2920),#2924);
#2920 = LINE('',#2921,#2922);
#2921 = CARTESIAN_POINT('',(-5.325,68.));
#2922 = VECTOR('',#2923,1.);
#2923 = DIRECTION('',(-1.,0.));
#2924 = ( GEOMETRIC_REPRESENTATION_CONTEXT(2) 
PARAMETRIC_REPRESENTATION_CONTEXT() REPRESENTATION_CONTEXT('2D SPACE',''
  ) );
#2925 = PCURVE('',#2926,#2931);
#2926 = PLANE('',#2927);
#2927 = AXIS2_PLACEMENT_3D('',#2928,#2929,#2930);
#2928 = CARTESIAN_POINT('',(36.35,64.65,8.));
#2929 = DIRECTION('',(-0.,1.,0.));
#2930 = DIRECTION('',(-1.,0.,2.22044604925E-16));
#2931 = DEFINITIONAL_REPRESENTATION('',(#2932),#2935);
#2932 = B_SPLINE_CURVE_WITH_KNOTS('',1,(#2933,#2934),.UNSPECIFIED.,.F.,
  .F.,(2,2),(-16.025,-5.325),.PIECEWISE_BEZIER_KNOTS.);
#2933 = CARTESIAN_POINT('',(10.7,68.));
#2934 = CARTESIAN_POINT('',(0.,68.));
#2935 = ( GEOMETRIC_REPRESENTATION_CONTEXT(2) 
PARAMETRIC_REPRESENTATION_CONTEXT() REPRESENTATION_CONTEXT('2D SPACE',''
  ) );
#2936 = ORIENTED_EDGE('',*,*,#2937,.T.);
#2937 = EDGE_CURVE('',#2911,#1613,#2938,.T.);
#2938 = SURFACE_CURVE('',#2939,(#2943,#2950),.PCURVE_S1.);
#2939 = LINE('',#2940,#2941);
#2940 = CARTESIAN_POINT('',(25.65,64.65,8.));
#2941 = VECTOR('',#2942,1.);
#2942 = DIRECTION('',(2.22044604925E-16,0.,1.));
#2943 = PCURVE('',#1627,#2944);
#2944 = DEFINITIONAL_REPRESENTATION('',(#2945),#2949);
#2945 = LINE('',#2946,#2947);
#2946 = CARTESIAN_POINT('',(10.7,0.));
#2947 = VECTOR('',#2948,1.);
#2948 = DIRECTION('',(0.,1.));
#2949 = ( GEOMETRIC_REPRESENTATION_CONTEXT(2) 
PARAMETRIC_REPRESENTATION_CONTEXT() REPRESENTATION_CONTEXT('2D SPACE',''
  ) );
#2950 = PCURVE('',#1653,#2951);
#2951 = DEFINITIONAL_REPRESENTATION('',(#2952),#2956);
#2952 = LINE('',#2953,#2954);
#2953 = CARTESIAN_POINT('',(0.,0.));
#2954 = VECTOR('',#2955,1.);
#2955 = DIRECTION('',(1.,0.));
#2956 = ( GEOMETRIC_REPRESENTATION_CONTEXT(2) 
PARAMETRIC_REPRESENTATION_CONTEXT() REPRESENTATION_CONTEXT('2D SPACE',''
  ) );
#2957 = ORIENTED_EDGE('',*,*,#1612,.F.);
#2958 = ADVANCED_FACE('',(#2959),#1653,.F.);
#2959 = FACE_BOUND('',#2960,.F.);
#2960 = EDGE_LOOP('',(#2961,#2962,#2989,#3015,#3041,#3067,#3087,#3088));
#2961 = ORIENTED_EDGE('',*,*,#2884,.F.);
#2962 = ORIENTED_EDGE('',*,*,#2963,.F.);
#2963 = EDGE_CURVE('',#2964,#2858,#2966,.T.);
#2964 = VERTEX_POINT('',#2965);
#2965 = CARTESIAN_POINT('',(25.65,72.2,76.));
#2966 = SURFACE_CURVE('',#2967,(#2971,#2978),.PCURVE_S1.);
#2967 = LINE('',#2968,#2969);
#2968 = CARTESIAN_POINT('',(25.65,32.325,76.));
#2969 = VECTOR('',#2970,1.);
#2970 = DIRECTION('',(-0.,1.,0.));
#2971 = PCURVE('',#1653,#2972);
#2972 = DEFINITIONAL_REPRESENTATION('',(#2973),#2977);
#2973 = LINE('',#2974,#2975);
#2974 = CARTESIAN_POINT('',(68.,-32.325));
#2975 = VECTOR('',#2976,1.);
#2976 = DIRECTION('',(0.,1.));
#2977 = ( GEOMETRIC_REPRESENTATION_CONTEXT(2) 
PARAMETRIC_REPRESENTATION_CONTEXT() REPRESENTATION_CONTEXT('2D SPACE',''
  ) );
#2978 = PCURVE('',#2979,#2984);
#2979 = PLANE('',#2980);
#2980 = AXIS2_PLACEMENT_3D('',#2981,#2982,#2983);
#2981 = CARTESIAN_POINT('',(25.65,64.65,8.));
#2982 = DIRECTION('',(-1.,0.,2.22044604925E-16));
#2983 = DIRECTION('',(2.22044604925E-16,0.,1.));
#2984 = DEFINITIONAL_REPRESENTATION('',(#2985),#2988);
#2985 = B_SPLINE_CURVE_WITH_KNOTS('',1,(#2986,#2987),.UNSPECIFIED.,.F.,
  .F.,(2,2),(32.325,41.025),.PIECEWISE_BEZIER_KNOTS.);
#2986 = CARTESIAN_POINT('',(68.,0.));
#2987 = CARTESIAN_POINT('',(68.,8.7));
#2988 = ( GEOMETRIC_REPRESENTATION_CONTEXT(2) 
PARAMETRIC_REPRESENTATION_CONTEXT() REPRESENTATION_CONTEXT('2D SPACE',''
  ) );
#2989 = ORIENTED_EDGE('',*,*,#2990,.F.);
#2990 = EDGE_CURVE('',#2991,#2964,#2993,.T.);
#2991 = VERTEX_POINT('',#2992);
#2992 = CARTESIAN_POINT('',(25.65,72.2,108.));
#2993 = SURFACE_CURVE('',#2994,(#2998,#3004),.PCURVE_S1.);
#2994 = LINE('',#2995,#2996);
#2995 = CARTESIAN_POINT('',(25.65,72.2,18.5));
#2996 = VECTOR('',#2997,1.);
#2997 = DIRECTION('',(-2.22044604925E-16,0.,-1.));
#2998 = PCURVE('',#1653,#2999);
#2999 = DEFINITIONAL_REPRESENTATION('',(#3000),#3003);
#3000 = B_SPLINE_CURVE_WITH_KNOTS('',1,(#3001,#3002),.UNSPECIFIED.,.F.,
  .F.,(2,2),(-89.5,-10.5),.PIECEWISE_BEZIER_KNOTS.);
#3001 = CARTESIAN_POINT('',(100.,7.55));
#3002 = CARTESIAN_POINT('',(21.,7.55));
#3003 = ( GEOMETRIC_REPRESENTATION_CONTEXT(2) 
PARAMETRIC_REPRESENTATION_CONTEXT() REPRESENTATION_CONTEXT('2D SPACE',''
  ) );
#3004 = PCURVE('',#3005,#3010);
#3005 = PLANE('',#3006);
#3006 = AXIS2_PLACEMENT_3D('',#3007,#3008,#3009);
#3007 = CARTESIAN_POINT('',(26.1,72.2,29.));
#3008 = DIRECTION('',(0.,1.,0.));
#3009 = DIRECTION('',(-1.,0.,2.22044604925E-16));
#3010 = DEFINITIONAL_REPRESENTATION('',(#3011),#3014);
#3011 = B_SPLINE_CURVE_WITH_KNOTS('',1,(#3012,#3013),.UNSPECIFIED.,.F.,
  .F.,(2,2),(-89.5,-10.5),.PIECEWISE_BEZIER_KNOTS.);
#3012 = CARTESIAN_POINT('',(0.45,79.));
#3013 = CARTESIAN_POINT('',(0.45,0.));
#3014 = ( GEOMETRIC_REPRESENTATION_CONTEXT(2) 
PARAMETRIC_REPRESENTATION_CONTEXT() REPRESENTATION_CONTEXT('2D SPACE',''
  ) );
#3015 = ORIENTED_EDGE('',*,*,#3016,.F.);
#3016 = EDGE_CURVE('',#3017,#2991,#3019,.T.);
#3017 = VERTEX_POINT('',#3018);
#3018 = CARTESIAN_POINT('',(25.65,65.8,108.));
#3019 = SURFACE_CURVE('',#3020,(#3024,#3030),.PCURVE_S1.);
#3020 = LINE('',#3021,#3022);
#3021 = CARTESIAN_POINT('',(25.65,65.225,108.));
#3022 = VECTOR('',#3023,1.);
#3023 = DIRECTION('',(0.,1.,0.));
#3024 = PCURVE('',#1653,#3025);
#3025 = DEFINITIONAL_REPRESENTATION('',(#3026),#3029);
#3026 = B_SPLINE_CURVE_WITH_KNOTS('',1,(#3027,#3028),.UNSPECIFIED.,.F.,
  .F.,(2,2),(0.575,6.975),.PIECEWISE_BEZIER_KNOTS.);
#3027 = CARTESIAN_POINT('',(100.,1.15));
#3028 = CARTESIAN_POINT('',(100.,7.55));
#3029 = ( GEOMETRIC_REPRESENTATION_CONTEXT(2) 
PARAMETRIC_REPRESENTATION_CONTEXT() REPRESENTATION_CONTEXT('2D SPACE',''
  ) );
#3030 = PCURVE('',#3031,#3036);
#3031 = PLANE('',#3032);
#3032 = AXIS2_PLACEMENT_3D('',#3033,#3034,#3035);
#3033 = CARTESIAN_POINT('',(26.1,65.8,108.));
#3034 = DIRECTION('',(2.22044604925E-16,0.,1.));
#3035 = DIRECTION('',(-1.,0.,2.22044604925E-16));
#3036 = DEFINITIONAL_REPRESENTATION('',(#3037),#3040);
#3037 = B_SPLINE_CURVE_WITH_KNOTS('',1,(#3038,#3039),.UNSPECIFIED.,.F.,
  .F.,(2,2),(0.575,6.975),.PIECEWISE_BEZIER_KNOTS.);
#3038 = CARTESIAN_POINT('',(0.45,0.));
#3039 = CARTESIAN_POINT('',(0.45,-6.4));
#3040 = ( GEOMETRIC_REPRESENTATION_CONTEXT(2) 
PARAMETRIC_REPRESENTATION_CONTEXT() REPRESENTATION_CONTEXT('2D SPACE',''
  ) );
#3041 = ORIENTED_EDGE('',*,*,#3042,.T.);
#3042 = EDGE_CURVE('',#3017,#3043,#3045,.T.);
#3043 = VERTEX_POINT('',#3044);
#3044 = CARTESIAN_POINT('',(25.65,65.8,76.));
#3045 = SURFACE_CURVE('',#3046,(#3050,#3056),.PCURVE_S1.);
#3046 = LINE('',#3047,#3048);
#3047 = CARTESIAN_POINT('',(25.65,65.8,18.5));
#3048 = VECTOR('',#3049,1.);
#3049 = DIRECTION('',(-2.22044604925E-16,0.,-1.));
#3050 = PCURVE('',#1653,#3051);
#3051 = DEFINITIONAL_REPRESENTATION('',(#3052),#3055);
#3052 = B_SPLINE_CURVE_WITH_KNOTS('',1,(#3053,#3054),.UNSPECIFIED.,.F.,
  .F.,(2,2),(-89.5,-10.5),.PIECEWISE_BEZIER_KNOTS.);
#3053 = CARTESIAN_POINT('',(100.,1.15));
#3054 = CARTESIAN_POINT('',(21.,1.15));
#3055 = ( GEOMETRIC_REPRESENTATION_CONTEXT(2) 
PARAMETRIC_REPRESENTATION_CONTEXT() REPRESENTATION_CONTEXT('2D SPACE',''
  ) );
#3056 = PCURVE('',#3057,#3062);
#3057 = PLANE('',#3058);
#3058 = AXIS2_PLACEMENT_3D('',#3059,#3060,#3061);
#3059 = CARTESIAN_POINT('',(26.1,65.8,29.));
#3060 = DIRECTION('',(0.,1.,0.));
#3061 = DIRECTION('',(-1.,0.,2.22044604925E-16));
#3062 = DEFINITIONAL_REPRESENTATION('',(#3063),#3066);
#3063 = B_SPLINE_CURVE_WITH_KNOTS('',1,(#3064,#3065),.UNSPECIFIED.,.F.,
  .F.,(2,2),(-89.5,-10.5),.PIECEWISE_BEZIER_KNOTS.);
#3064 = CARTESIAN_POINT('',(0.45,79.));
#3065 = CARTESIAN_POINT('',(0.45,0.));
#3066 = ( GEOMETRIC_REPRESENTATION_CONTEXT(2) 
PARAMETRIC_REPRESENTATION_CONTEXT() REPRESENTATION_CONTEXT('2D SPACE',''
  ) );
#3067 = ORIENTED_EDGE('',*,*,#3068,.F.);
#3068 = EDGE_CURVE('',#2911,#3043,#3069,.T.);
#3069 = SURFACE_CURVE('',#3070,(#3074,#3081),.PCURVE_S1.);
#3070 = LINE('',#3071,#3072);
#3071 = CARTESIAN_POINT('',(25.65,32.325,76.));
#3072 = VECTOR('',#3073,1.);
#3073 = DIRECTION('',(-0.,1.,0.));
#3074 = PCURVE('',#1653,#3075);
#3075 = DEFINITIONAL_REPRESENTATION('',(#3076),#3080);
#3076 = LINE('',#3077,#3078);
#3077 = CARTESIAN_POINT('',(68.,-32.325));
#3078 = VECTOR('',#3079,1.);
#3079 = DIRECTION('',(0.,1.));
#3080 = ( GEOMETRIC_REPRESENTATION_CONTEXT(2) 
PARAMETRIC_REPRESENTATION_CONTEXT() REPRESENTATION_CONTEXT('2D SPACE',''
  ) );
#3081 = PCURVE('',#2979,#3082);
#3082 = DEFINITIONAL_REPRESENTATION('',(#3083),#3086);
#3083 = B_SPLINE_CURVE_WITH_KNOTS('',1,(#3084,#3085),.UNSPECIFIED.,.F.,
  .F.,(2,2),(32.325,41.025),.PIECEWISE_BEZIER_KNOTS.);
#3084 = CARTESIAN_POINT('',(68.,0.));
#3085 = CARTESIAN_POINT('',(68.,8.7));
#3086 = ( GEOMETRIC_REPRESENTATION_CONTEXT(2) 
PARAMETRIC_REPRESENTATION_CONTEXT() REPRESENTATION_CONTEXT('2D SPACE',''
  ) );
#3087 = ORIENTED_EDGE('',*,*,#2937,.T.);
#3088 = ORIENTED_EDGE('',*,*,#1638,.F.);
#3089 = ADVANCED_FACE('',(#3090),#1707,.T.);
#3090 = FACE_BOUND('',#3091,.T.);
#3091 = EDGE_LOOP('',(#3092,#3115,#3142,#3163,#3184,#3205,#3227,#3248));
#3092 = ORIENTED_EDGE('',*,*,#3093,.F.);
#3093 = EDGE_CURVE('',#3094,#1691,#3096,.T.);
#3094 = VERTEX_POINT('',#3095);
#3095 = CARTESIAN_POINT('',(22.,78.,76.));
#3096 = SURFACE_CURVE('',#3097,(#3101,#3108),.PCURVE_S1.);
#3097 = LINE('',#3098,#3099);
#3098 = CARTESIAN_POINT('',(22.,78.,8.));
#3099 = VECTOR('',#3100,1.);
#3100 = DIRECTION('',(2.22044604925E-16,0.,1.));
#3101 = PCURVE('',#1707,#3102);
#3102 = DEFINITIONAL_REPRESENTATION('',(#3103),#3107);
#3103 = LINE('',#3104,#3105);
#3104 = CARTESIAN_POINT('',(0.,17.));
#3105 = VECTOR('',#3106,1.);
#3106 = DIRECTION('',(1.,0.));
#3107 = ( GEOMETRIC_REPRESENTATION_CONTEXT(2) 
PARAMETRIC_REPRESENTATION_CONTEXT() REPRESENTATION_CONTEXT('2D SPACE',''
  ) );
#3108 = PCURVE('',#1783,#3109);
#3109 = DEFINITIONAL_REPRESENTATION('',(#3110),#3114);
#3110 = LINE('',#3111,#3112);
#3111 = CARTESIAN_POINT('',(0.,0.));
#3112 = VECTOR('',#3113,1.);
#3113 = DIRECTION('',(0.,1.));
#3114 = ( GEOMETRIC_REPRESENTATION_CONTEXT(2) 
PARAMETRIC_REPRESENTATION_CONTEXT() REPRESENTATION_CONTEXT('2D SPACE',''
  ) );
#3115 = ORIENTED_EDGE('',*,*,#3116,.F.);
#3116 = EDGE_CURVE('',#3117,#3094,#3119,.T.);
#3117 = VERTEX_POINT('',#3118);
#3118 = CARTESIAN_POINT('',(22.,72.2,76.));
#3119 = SURFACE_CURVE('',#3120,(#3124,#3131),.PCURVE_S1.);
#3120 = LINE('',#3121,#3122);
#3121 = CARTESIAN_POINT('',(22.,30.5,76.));
#3122 = VECTOR('',#3123,1.);
#3123 = DIRECTION('',(-0.,1.,0.));
#3124 = PCURVE('',#1707,#3125);
#3125 = DEFINITIONAL_REPRESENTATION('',(#3126),#3130);
#3126 = LINE('',#3127,#3128);
#3127 = CARTESIAN_POINT('',(68.,-30.5));
#3128 = VECTOR('',#3129,1.);
#3129 = DIRECTION('',(0.,1.));
#3130 = ( GEOMETRIC_REPRESENTATION_CONTEXT(2) 
PARAMETRIC_REPRESENTATION_CONTEXT() REPRESENTATION_CONTEXT('2D SPACE',''
  ) );
#3131 = PCURVE('',#3132,#3137);
#3132 = PLANE('',#3133);
#3133 = AXIS2_PLACEMENT_3D('',#3134,#3135,#3136);
#3134 = CARTESIAN_POINT('',(22.,61.,8.));
#3135 = DIRECTION('',(-1.,0.,2.22044604925E-16));
#3136 = DIRECTION('',(2.22044604925E-16,0.,1.));
#3137 = DEFINITIONAL_REPRESENTATION('',(#3138),#3141);
#3138 = B_SPLINE_CURVE_WITH_KNOTS('',1,(#3139,#3140),.UNSPECIFIED.,.F.,
  .F.,(2,2),(30.5,47.5),.PIECEWISE_BEZIER_KNOTS.);
#3139 = CARTESIAN_POINT('',(68.,0.));
#3140 = CARTESIAN_POINT('',(68.,17.));
#3141 = ( GEOMETRIC_REPRESENTATION_CONTEXT(2) 
PARAMETRIC_REPRESENTATION_CONTEXT() REPRESENTATION_CONTEXT('2D SPACE',''
  ) );
#3142 = ORIENTED_EDGE('',*,*,#3143,.F.);
#3143 = EDGE_CURVE('',#3144,#3117,#3146,.T.);
#3144 = VERTEX_POINT('',#3145);
#3145 = CARTESIAN_POINT('',(22.,72.2,108.));
#3146 = SURFACE_CURVE('',#3147,(#3151,#3157),.PCURVE_S1.);
#3147 = LINE('',#3148,#3149);
#3148 = CARTESIAN_POINT('',(22.,72.2,18.5));
#3149 = VECTOR('',#3150,1.);
#3150 = DIRECTION('',(-2.22044604925E-16,0.,-1.));
#3151 = PCURVE('',#1707,#3152);
#3152 = DEFINITIONAL_REPRESENTATION('',(#3153),#3156);
#3153 = B_SPLINE_CURVE_WITH_KNOTS('',1,(#3154,#3155),.UNSPECIFIED.,.F.,
  .F.,(2,2),(-89.5,-10.5),.PIECEWISE_BEZIER_KNOTS.);
#3154 = CARTESIAN_POINT('',(100.,11.2));
#3155 = CARTESIAN_POINT('',(21.,11.2));
#3156 = ( GEOMETRIC_REPRESENTATION_CONTEXT(2) 
PARAMETRIC_REPRESENTATION_CONTEXT() REPRESENTATION_CONTEXT('2D SPACE',''
  ) );
#3157 = PCURVE('',#3005,#3158);
#3158 = DEFINITIONAL_REPRESENTATION('',(#3159),#3162);
#3159 = B_SPLINE_CURVE_WITH_KNOTS('',1,(#3160,#3161),.UNSPECIFIED.,.F.,
  .F.,(2,2),(-89.5,-10.5),.PIECEWISE_BEZIER_KNOTS.);
#3160 = CARTESIAN_POINT('',(4.1,79.));
#3161 = CARTESIAN_POINT('',(4.1,0.));
#3162 = ( GEOMETRIC_REPRESENTATION_CONTEXT(2) 
PARAMETRIC_REPRESENTATION_CONTEXT() REPRESENTATION_CONTEXT('2D SPACE',''
  ) );
#3163 = ORIENTED_EDGE('',*,*,#3164,.F.);
#3164 = EDGE_CURVE('',#3165,#3144,#3167,.T.);
#3165 = VERTEX_POINT('',#3166);
#3166 = CARTESIAN_POINT('',(22.,65.8,108.));
#3167 = SURFACE_CURVE('',#3168,(#3172,#3178),.PCURVE_S1.);
#3168 = LINE('',#3169,#3170);
#3169 = CARTESIAN_POINT('',(22.,63.4,108.));
#3170 = VECTOR('',#3171,1.);
#3171 = DIRECTION('',(0.,1.,0.));
#3172 = PCURVE('',#1707,#3173);
#3173 = DEFINITIONAL_REPRESENTATION('',(#3174),#3177);
#3174 = B_SPLINE_CURVE_WITH_KNOTS('',1,(#3175,#3176),.UNSPECIFIED.,.F.,
  .F.,(2,2),(2.4,8.8),.PIECEWISE_BEZIER_KNOTS.);
#3175 = CARTESIAN_POINT('',(100.,4.8));
#3176 = CARTESIAN_POINT('',(100.,11.2));
#3177 = ( GEOMETRIC_REPRESENTATION_CONTEXT(2) 
PARAMETRIC_REPRESENTATION_CONTEXT() REPRESENTATION_CONTEXT('2D SPACE',''
  ) );
#3178 = PCURVE('',#3031,#3179);
#3179 = DEFINITIONAL_REPRESENTATION('',(#3180),#3183);
#3180 = B_SPLINE_CURVE_WITH_KNOTS('',1,(#3181,#3182),.UNSPECIFIED.,.F.,
  .F.,(2,2),(2.4,8.8),.PIECEWISE_BEZIER_KNOTS.);
#3181 = CARTESIAN_POINT('',(4.1,0.));
#3182 = CARTESIAN_POINT('',(4.1,-6.4));
#3183 = ( GEOMETRIC_REPRESENTATION_CONTEXT(2) 
PARAMETRIC_REPRESENTATION_CONTEXT() REPRESENTATION_CONTEXT('2D SPACE',''
  ) );
#3184 = ORIENTED_EDGE('',*,*,#3185,.T.);
#3185 = EDGE_CURVE('',#3165,#3186,#3188,.T.);
#3186 = VERTEX_POINT('',#3187);
#3187 = CARTESIAN_POINT('',(22.,65.8,76.));
#3188 = SURFACE_CURVE('',#3189,(#3193,#3199),.PCURVE_S1.);
#3189 = LINE('',#3190,#3191);
#3190 = CARTESIAN_POINT('',(22.,65.8,18.5));
#3191 = VECTOR('',#3192,1.);
#3192 = DIRECTION('',(-2.22044604925E-16,0.,-1.));
#3193 = PCURVE('',#1707,#3194);
#3194 = DEFINITIONAL_REPRESENTATION('',(#3195),#3198);
#3195 = B_SPLINE_CURVE_WITH_KNOTS('',1,(#3196,#3197),.UNSPECIFIED.,.F.,
  .F.,(2,2),(-89.5,-10.5),.PIECEWISE_BEZIER_KNOTS.);
#3196 = CARTESIAN_POINT('',(100.,4.8));
#3197 = CARTESIAN_POINT('',(21.,4.8));
#3198 = ( GEOMETRIC_REPRESENTATION_CONTEXT(2) 
PARAMETRIC_REPRESENTATION_CONTEXT() REPRESENTATION_CONTEXT('2D SPACE',''
  ) );
#3199 = PCURVE('',#3057,#3200);
#3200 = DEFINITIONAL_REPRESENTATION('',(#3201),#3204);
#3201 = B_SPLINE_CURVE_WITH_KNOTS('',1,(#3202,#3203),.UNSPECIFIED.,.F.,
  .F.,(2,2),(-89.5,-10.5),.PIECEWISE_BEZIER_KNOTS.);
#3202 = CARTESIAN_POINT('',(4.1,79.));
#3203 = CARTESIAN_POINT('',(4.1,0.));
#3204 = ( GEOMETRIC_REPRESENTATION_CONTEXT(2) 
PARAMETRIC_REPRESENTATION_CONTEXT() REPRESENTATION_CONTEXT('2D SPACE',''
  ) );
#3205 = ORIENTED_EDGE('',*,*,#3206,.F.);
#3206 = EDGE_CURVE('',#3207,#3186,#3209,.T.);
#3207 = VERTEX_POINT('',#3208);
#3208 = CARTESIAN_POINT('',(22.,61.,76.));
#3209 = SURFACE_CURVE('',#3210,(#3214,#3221),.PCURVE_S1.);
#3210 = LINE('',#3211,#3212);
#3211 = CARTESIAN_POINT('',(22.,30.5,76.));
#3212 = VECTOR('',#3213,1.);
#3213 = DIRECTION('',(-0.,1.,0.));
#3214 = PCURVE('',#1707,#3215);
#3215 = DEFINITIONAL_REPRESENTATION('',(#3216),#3220);
#3216 = LINE('',#3217,#3218);
#3217 = CARTESIAN_POINT('',(68.,-30.5));
#3218 = VECTOR('',#3219,1.);
#3219 = DIRECTION('',(0.,1.));
#3220 = ( GEOMETRIC_REPRESENTATION_CONTEXT(2) 
PARAMETRIC_REPRESENTATION_CONTEXT() REPRESENTATION_CONTEXT('2D SPACE',''
  ) );
#3221 = PCURVE('',#3132,#3222);
#3222 = DEFINITIONAL_REPRESENTATION('',(#3223),#3226);
#3223 = B_SPLINE_CURVE_WITH_KNOTS('',1,(#3224,#3225),.UNSPECIFIED.,.F.,
  .F.,(2,2),(30.5,47.5),.PIECEWISE_BEZIER_KNOTS.);
#3224 = CARTESIAN_POINT('',(68.,0.));
#3225 = CARTESIAN_POINT('',(68.,17.));
#3226 = ( GEOMETRIC_REPRESENTATION_CONTEXT(2) 
PARAMETRIC_REPRESENTATION_CONTEXT() REPRESENTATION_CONTEXT('2D SPACE',''
  ) );
#3227 = ORIENTED_EDGE('',*,*,#3228,.T.);
#3228 = EDGE_CURVE('',#3207,#1693,#3229,.T.);
#3229 = SURFACE_CURVE('',#3230,(#3234,#3241),.PCURVE_S1.);
#3230 = LINE('',#3231,#3232);
#3231 = CARTESIAN_POINT('',(22.,61.,8.));
#3232 = VECTOR('',#3233,1.);
#3233 = DIRECTION('',(2.22044604925E-16,0.,1.));
#3234 = PCURVE('',#1707,#3235);
#3235 = DEFINITIONAL_REPRESENTATION('',(#3236),#3240);
#3236 = LINE('',#3237,#3238);
#3237 = CARTESIAN_POINT('',(0.,0.));
#3238 = VECTOR('',#3239,1.);
#3239 = DIRECTION('',(1.,0.));
#3240 = ( GEOMETRIC_REPRESENTATION_CONTEXT(2) 
PARAMETRIC_REPRESENTATION_CONTEXT() REPRESENTATION_CONTEXT('2D SPACE',''
  ) );
#3241 = PCURVE('',#1733,#3242);
#3242 = DEFINITIONAL_REPRESENTATION('',(#3243),#3247);
#3243 = LINE('',#3244,#3245);
#3244 = CARTESIAN_POINT('',(0.,0.));
#3245 = VECTOR('',#3246,1.);
#3246 = DIRECTION('',(0.,1.));
#3247 = ( GEOMETRIC_REPRESENTATION_CONTEXT(2) 
PARAMETRIC_REPRESENTATION_CONTEXT() REPRESENTATION_CONTEXT('2D SPACE',''
  ) );
#3248 = ORIENTED_EDGE('',*,*,#1690,.F.);
#3249 = ADVANCED_FACE('',(#3250),#1783,.F.);
#3250 = FACE_BOUND('',#3251,.F.);
#3251 = EDGE_LOOP('',(#3252,#3253,#3273,#3294));
#3252 = ORIENTED_EDGE('',*,*,#3093,.F.);
#3253 = ORIENTED_EDGE('',*,*,#3254,.F.);
#3254 = EDGE_CURVE('',#2281,#3094,#3255,.T.);
#3255 = SURFACE_CURVE('',#3256,(#3260,#3267),.PCURVE_S1.);
#3256 = LINE('',#3257,#3258);
#3257 = CARTESIAN_POINT('',(34.5,78.,76.));
#3258 = VECTOR('',#3259,1.);
#3259 = DIRECTION('',(1.,0.,-2.22044604925E-16));
#3260 = PCURVE('',#1783,#3261);
#3261 = DEFINITIONAL_REPRESENTATION('',(#3262),#3266);
#3262 = LINE('',#3263,#3264);
#3263 = CARTESIAN_POINT('',(-12.5,68.));
#3264 = VECTOR('',#3265,1.);
#3265 = DIRECTION('',(-1.,0.));
#3266 = ( GEOMETRIC_REPRESENTATION_CONTEXT(2) 
PARAMETRIC_REPRESENTATION_CONTEXT() REPRESENTATION_CONTEXT('2D SPACE',''
  ) );
#3267 = PCURVE('',#2296,#3268);
#3268 = DEFINITIONAL_REPRESENTATION('',(#3269),#3272);
#3269 = B_SPLINE_CURVE_WITH_KNOTS('',1,(#3270,#3271),.UNSPECIFIED.,.F.,
  .F.,(2,2),(-30.5,-12.5),.PIECEWISE_BEZIER_KNOTS.);
#3270 = CARTESIAN_POINT('',(18.,68.));
#3271 = CARTESIAN_POINT('',(0.,68.));
#3272 = ( GEOMETRIC_REPRESENTATION_CONTEXT(2) 
PARAMETRIC_REPRESENTATION_CONTEXT() REPRESENTATION_CONTEXT('2D SPACE',''
  ) );
#3273 = ORIENTED_EDGE('',*,*,#3274,.T.);
#3274 = EDGE_CURVE('',#2281,#1745,#3275,.T.);
#3275 = SURFACE_CURVE('',#3276,(#3280,#3287),.PCURVE_S1.);
#3276 = LINE('',#3277,#3278);
#3277 = CARTESIAN_POINT('',(4.,78.,8.));
#3278 = VECTOR('',#3279,1.);
#3279 = DIRECTION('',(2.22044604925E-16,0.,1.));
#3280 = PCURVE('',#1783,#3281);
#3281 = DEFINITIONAL_REPRESENTATION('',(#3282),#3286);
#3282 = LINE('',#3283,#3284);
#3283 = CARTESIAN_POINT('',(18.,0.));
#3284 = VECTOR('',#3285,1.);
#3285 = DIRECTION('',(0.,1.));
#3286 = ( GEOMETRIC_REPRESENTATION_CONTEXT(2) 
PARAMETRIC_REPRESENTATION_CONTEXT() REPRESENTATION_CONTEXT('2D SPACE',''
  ) );
#3287 = PCURVE('',#1759,#3288);
#3288 = DEFINITIONAL_REPRESENTATION('',(#3289),#3293);
#3289 = LINE('',#3290,#3291);
#3290 = CARTESIAN_POINT('',(0.,17.));
#3291 = VECTOR('',#3292,1.);
#3292 = DIRECTION('',(1.,0.));
#3293 = ( GEOMETRIC_REPRESENTATION_CONTEXT(2) 
PARAMETRIC_REPRESENTATION_CONTEXT() REPRESENTATION_CONTEXT('2D SPACE',''
  ) );
#3294 = ORIENTED_EDGE('',*,*,#1770,.F.);
#3295 = ADVANCED_FACE('',(#3296),#1733,.T.);
#3296 = FACE_BOUND('',#3297,.T.);
#3297 = EDGE_LOOP('',(#3298,#3299,#3319,#3340));
#3298 = ORIENTED_EDGE('',*,*,#3228,.F.);
#3299 = ORIENTED_EDGE('',*,*,#3300,.F.);
#3300 = EDGE_CURVE('',#2337,#3207,#3301,.T.);
#3301 = SURFACE_CURVE('',#3302,(#3306,#3313),.PCURVE_S1.);
#3302 = LINE('',#3303,#3304);
#3303 = CARTESIAN_POINT('',(34.5,61.,76.));
#3304 = VECTOR('',#3305,1.);
#3305 = DIRECTION('',(1.,0.,-2.22044604925E-16));
#3306 = PCURVE('',#1733,#3307);
#3307 = DEFINITIONAL_REPRESENTATION('',(#3308),#3312);
#3308 = LINE('',#3309,#3310);
#3309 = CARTESIAN_POINT('',(-12.5,68.));
#3310 = VECTOR('',#3311,1.);
#3311 = DIRECTION('',(-1.,0.));
#3312 = ( GEOMETRIC_REPRESENTATION_CONTEXT(2) 
PARAMETRIC_REPRESENTATION_CONTEXT() REPRESENTATION_CONTEXT('2D SPACE',''
  ) );
#3313 = PCURVE('',#2352,#3314);
#3314 = DEFINITIONAL_REPRESENTATION('',(#3315),#3318);
#3315 = B_SPLINE_CURVE_WITH_KNOTS('',1,(#3316,#3317),.UNSPECIFIED.,.F.,
  .F.,(2,2),(-30.5,-12.5),.PIECEWISE_BEZIER_KNOTS.);
#3316 = CARTESIAN_POINT('',(18.,68.));
#3317 = CARTESIAN_POINT('',(0.,68.));
#3318 = ( GEOMETRIC_REPRESENTATION_CONTEXT(2) 
PARAMETRIC_REPRESENTATION_CONTEXT() REPRESENTATION_CONTEXT('2D SPACE',''
  ) );
#3319 = ORIENTED_EDGE('',*,*,#3320,.T.);
#3320 = EDGE_CURVE('',#2337,#1719,#3321,.T.);
#3321 = SURFACE_CURVE('',#3322,(#3326,#3333),.PCURVE_S1.);
#3322 = LINE('',#3323,#3324);
#3323 = CARTESIAN_POINT('',(4.,61.,8.));
#3324 = VECTOR('',#3325,1.);
#3325 = DIRECTION('',(2.22044604925E-16,0.,1.));
#3326 = PCURVE('',#1733,#3327);
#3327 = DEFINITIONAL_REPRESENTATION('',(#3328),#3332);
#3328 = LINE('',#3329,#3330);
#3329 = CARTESIAN_POINT('',(18.,0.));
#3330 = VECTOR('',#3331,1.);
#3331 = DIRECTION('',(0.,1.));
#3332 = ( GEOMETRIC_REPRESENTATION_CONTEXT(2) 
PARAMETRIC_REPRESENTATION_CONTEXT() REPRESENTATION_CONTEXT('2D SPACE',''
  ) );
#3333 = PCURVE('',#1759,#3334);
#3334 = DEFINITIONAL_REPRESENTATION('',(#3335),#3339);
#3335 = LINE('',#3336,#3337);
#3336 = CARTESIAN_POINT('',(0.,0.));
#3337 = VECTOR('',#3338,1.);
#3338 = DIRECTION('',(1.,0.));
#3339 = ( GEOMETRIC_REPRESENTATION_CONTEXT(2) 
PARAMETRIC_REPRESENTATION_CONTEXT() REPRESENTATION_CONTEXT('2D SPACE',''
  ) );
#3340 = ORIENTED_EDGE('',*,*,#1718,.F.);
#3341 = ADVANCED_FACE('',(#3342),#1759,.F.);
#3342 = FACE_BOUND('',#3343,.F.);
#3343 = EDGE_LOOP('',(#3344,#3345,#3346,#3347,#3348,#3349,#3350,#3351));
#3344 = ORIENTED_EDGE('',*,*,#3274,.F.);
#3345 = ORIENTED_EDGE('',*,*,#2387,.F.);
#3346 = ORIENTED_EDGE('',*,*,#2254,.F.);
#3347 = ORIENTED_EDGE('',*,*,#2207,.F.);
#3348 = ORIENTED_EDGE('',*,*,#2182,.T.);
#3349 = ORIENTED_EDGE('',*,*,#2364,.F.);
#3350 = ORIENTED_EDGE('',*,*,#3320,.T.);
#3351 = ORIENTED_EDGE('',*,*,#1744,.F.);
#3352 = ADVANCED_FACE('',(#3353),#1813,.T.);
#3353 = FACE_BOUND('',#3354,.T.);
#3354 = EDGE_LOOP('',(#3355,#3378,#3405,#3426));
#3355 = ORIENTED_EDGE('',*,*,#3356,.F.);
#3356 = EDGE_CURVE('',#3357,#1797,#3359,.T.);
#3357 = VERTEX_POINT('',#3358);
#3358 = CARTESIAN_POINT('',(36.35,17.35,76.));
#3359 = SURFACE_CURVE('',#3360,(#3364,#3371),.PCURVE_S1.);
#3360 = LINE('',#3361,#3362);
#3361 = CARTESIAN_POINT('',(36.35,17.35,8.));
#3362 = VECTOR('',#3363,1.);
#3363 = DIRECTION('',(2.22044604925E-16,0.,1.));
#3364 = PCURVE('',#1813,#3365);
#3365 = DEFINITIONAL_REPRESENTATION('',(#3366),#3370);
#3366 = LINE('',#3367,#3368);
#3367 = CARTESIAN_POINT('',(0.,8.7));
#3368 = VECTOR('',#3369,1.);
#3369 = DIRECTION('',(1.,0.));
#3370 = ( GEOMETRIC_REPRESENTATION_CONTEXT(2) 
PARAMETRIC_REPRESENTATION_CONTEXT() REPRESENTATION_CONTEXT('2D SPACE',''
  ) );
#3371 = PCURVE('',#1889,#3372);
#3372 = DEFINITIONAL_REPRESENTATION('',(#3373),#3377);
#3373 = LINE('',#3374,#3375);
#3374 = CARTESIAN_POINT('',(0.,0.));
#3375 = VECTOR('',#3376,1.);
#3376 = DIRECTION('',(0.,1.));
#3377 = ( GEOMETRIC_REPRESENTATION_CONTEXT(2) 
PARAMETRIC_REPRESENTATION_CONTEXT() REPRESENTATION_CONTEXT('2D SPACE',''
  ) );
#3378 = ORIENTED_EDGE('',*,*,#3379,.F.);
#3379 = EDGE_CURVE('',#3380,#3357,#3382,.T.);
#3380 = VERTEX_POINT('',#3381);
#3381 = CARTESIAN_POINT('',(36.35,8.65,76.));
#3382 = SURFACE_CURVE('',#3383,(#3387,#3394),.PCURVE_S1.);
#3383 = LINE('',#3384,#3385);
#3384 = CARTESIAN_POINT('',(36.35,4.325,76.));
#3385 = VECTOR('',#3386,1.);
#3386 = DIRECTION('',(-0.,1.,0.));
#3387 = PCURVE('',#1813,#3388);
#3388 = DEFINITIONAL_REPRESENTATION('',(#3389),#3393);
#3389 = LINE('',#3390,#3391);
#3390 = CARTESIAN_POINT('',(68.,-4.325));
#3391 = VECTOR('',#3392,1.);
#3392 = DIRECTION('',(0.,1.));
#3393 = ( GEOMETRIC_REPRESENTATION_CONTEXT(2) 
PARAMETRIC_REPRESENTATION_CONTEXT() REPRESENTATION_CONTEXT('2D SPACE',''
  ) );
#3394 = PCURVE('',#3395,#3400);
#3395 = PLANE('',#3396);
#3396 = AXIS2_PLACEMENT_3D('',#3397,#3398,#3399);
#3397 = CARTESIAN_POINT('',(36.35,8.65,8.));
#3398 = DIRECTION('',(-1.,0.,2.22044604925E-16));
#3399 = DIRECTION('',(2.22044604925E-16,0.,1.));
#3400 = DEFINITIONAL_REPRESENTATION('',(#3401),#3404);
#3401 = B_SPLINE_CURVE_WITH_KNOTS('',1,(#3402,#3403),.UNSPECIFIED.,.F.,
  .F.,(2,2),(4.325,13.025),.PIECEWISE_BEZIER_KNOTS.);
#3402 = CARTESIAN_POINT('',(68.,0.));
#3403 = CARTESIAN_POINT('',(68.,8.7));
#3404 = ( GEOMETRIC_REPRESENTATION_CONTEXT(2) 
PARAMETRIC_REPRESENTATION_CONTEXT() REPRESENTATION_CONTEXT('2D SPACE',''
  ) );
#3405 = ORIENTED_EDGE('',*,*,#3406,.T.);
#3406 = EDGE_CURVE('',#3380,#1799,#3407,.T.);
#3407 = SURFACE_CURVE('',#3408,(#3412,#3419),.PCURVE_S1.);
#3408 = LINE('',#3409,#3410);
#3409 = CARTESIAN_POINT('',(36.35,8.65,8.));
#3410 = VECTOR('',#3411,1.);
#3411 = DIRECTION('',(2.22044604925E-16,0.,1.));
#3412 = PCURVE('',#1813,#3413);
#3413 = DEFINITIONAL_REPRESENTATION('',(#3414),#3418);
#3414 = LINE('',#3415,#3416);
#3415 = CARTESIAN_POINT('',(0.,0.));
#3416 = VECTOR('',#3417,1.);
#3417 = DIRECTION('',(1.,0.));
#3418 = ( GEOMETRIC_REPRESENTATION_CONTEXT(2) 
PARAMETRIC_REPRESENTATION_CONTEXT() REPRESENTATION_CONTEXT('2D SPACE',''
  ) );
#3419 = PCURVE('',#1839,#3420);
#3420 = DEFINITIONAL_REPRESENTATION('',(#3421),#3425);
#3421 = LINE('',#3422,#3423);
#3422 = CARTESIAN_POINT('',(0.,0.));
#3423 = VECTOR('',#3424,1.);
#3424 = DIRECTION('',(0.,1.));
#3425 = ( GEOMETRIC_REPRESENTATION_CONTEXT(2) 
PARAMETRIC_REPRESENTATION_CONTEXT() REPRESENTATION_CONTEXT('2D SPACE',''
  ) );
#3426 = ORIENTED_EDGE('',*,*,#1796,.F.);
#3427 = ADVANCED_FACE('',(#3428),#1889,.F.);
#3428 = FACE_BOUND('',#3429,.F.);
#3429 = EDGE_LOOP('',(#3430,#3431,#3458,#3479));
#3430 = ORIENTED_EDGE('',*,*,#3356,.F.);
#3431 = ORIENTED_EDGE('',*,*,#3432,.F.);
#3432 = EDGE_CURVE('',#3433,#3357,#3435,.T.);
#3433 = VERTEX_POINT('',#3434);
#3434 = CARTESIAN_POINT('',(25.65,17.35,76.));
#3435 = SURFACE_CURVE('',#3436,(#3440,#3447),.PCURVE_S1.);
#3436 = LINE('',#3437,#3438);
#3437 = CARTESIAN_POINT('',(41.675,17.35,76.));
#3438 = VECTOR('',#3439,1.);
#3439 = DIRECTION('',(1.,0.,-2.22044604925E-16));
#3440 = PCURVE('',#1889,#3441);
#3441 = DEFINITIONAL_REPRESENTATION('',(#3442),#3446);
#3442 = LINE('',#3443,#3444);
#3443 = CARTESIAN_POINT('',(-5.325,68.));
#3444 = VECTOR('',#3445,1.);
#3445 = DIRECTION('',(-1.,0.));
#3446 = ( GEOMETRIC_REPRESENTATION_CONTEXT(2) 
PARAMETRIC_REPRESENTATION_CONTEXT() REPRESENTATION_CONTEXT('2D SPACE',''
  ) );
#3447 = PCURVE('',#3448,#3453);
#3448 = PLANE('',#3449);
#3449 = AXIS2_PLACEMENT_3D('',#3450,#3451,#3452);
#3450 = CARTESIAN_POINT('',(36.35,17.35,8.));
#3451 = DIRECTION('',(-0.,1.,0.));
#3452 = DIRECTION('',(-1.,0.,2.22044604925E-16));
#3453 = DEFINITIONAL_REPRESENTATION('',(#3454),#3457);
#3454 = B_SPLINE_CURVE_WITH_KNOTS('',1,(#3455,#3456),.UNSPECIFIED.,.F.,
  .F.,(2,2),(-16.025,-5.325),.PIECEWISE_BEZIER_KNOTS.);
#3455 = CARTESIAN_POINT('',(10.7,68.));
#3456 = CARTESIAN_POINT('',(0.,68.));
#3457 = ( GEOMETRIC_REPRESENTATION_CONTEXT(2) 
PARAMETRIC_REPRESENTATION_CONTEXT() REPRESENTATION_CONTEXT('2D SPACE',''
  ) );
#3458 = ORIENTED_EDGE('',*,*,#3459,.T.);
#3459 = EDGE_CURVE('',#3433,#1851,#3460,.T.);
#3460 = SURFACE_CURVE('',#3461,(#3465,#3472),.PCURVE_S1.);
#3461 = LINE('',#3462,#3463);
#3462 = CARTESIAN_POINT('',(25.65,17.35,8.));
#3463 = VECTOR('',#3464,1.);
#3464 = DIRECTION('',(2.22044604925E-16,0.,1.));
#3465 = PCURVE('',#1889,#3466);
#3466 = DEFINITIONAL_REPRESENTATION('',(#3467),#3471);
#3467 = LINE('',#3468,#3469);
#3468 = CARTESIAN_POINT('',(10.7,0.));
#3469 = VECTOR('',#3470,1.);
#3470 = DIRECTION('',(0.,1.));
#3471 = ( GEOMETRIC_REPRESENTATION_CONTEXT(2) 
PARAMETRIC_REPRESENTATION_CONTEXT() REPRESENTATION_CONTEXT('2D SPACE',''
  ) );
#3472 = PCURVE('',#1865,#3473);
#3473 = DEFINITIONAL_REPRESENTATION('',(#3474),#3478);
#3474 = LINE('',#3475,#3476);
#3475 = CARTESIAN_POINT('',(0.,8.7));
#3476 = VECTOR('',#3477,1.);
#3477 = DIRECTION('',(1.,0.));
#3478 = ( GEOMETRIC_REPRESENTATION_CONTEXT(2) 
PARAMETRIC_REPRESENTATION_CONTEXT() REPRESENTATION_CONTEXT('2D SPACE',''
  ) );
#3479 = ORIENTED_EDGE('',*,*,#1876,.F.);
#3480 = ADVANCED_FACE('',(#3481),#1839,.T.);
#3481 = FACE_BOUND('',#3482,.T.);
#3482 = EDGE_LOOP('',(#3483,#3484,#3511,#3532));
#3483 = ORIENTED_EDGE('',*,*,#3406,.F.);
#3484 = ORIENTED_EDGE('',*,*,#3485,.F.);
#3485 = EDGE_CURVE('',#3486,#3380,#3488,.T.);
#3486 = VERTEX_POINT('',#3487);
#3487 = CARTESIAN_POINT('',(25.65,8.65,76.));
#3488 = SURFACE_CURVE('',#3489,(#3493,#3500),.PCURVE_S1.);
#3489 = LINE('',#3490,#3491);
#3490 = CARTESIAN_POINT('',(41.675,8.65,76.));
#3491 = VECTOR('',#3492,1.);
#3492 = DIRECTION('',(1.,0.,-2.22044604925E-16));
#3493 = PCURVE('',#1839,#3494);
#3494 = DEFINITIONAL_REPRESENTATION('',(#3495),#3499);
#3495 = LINE('',#3496,#3497);
#3496 = CARTESIAN_POINT('',(-5.325,68.));
#3497 = VECTOR('',#3498,1.);
#3498 = DIRECTION('',(-1.,0.));
#3499 = ( GEOMETRIC_REPRESENTATION_CONTEXT(2) 
PARAMETRIC_REPRESENTATION_CONTEXT() REPRESENTATION_CONTEXT('2D SPACE',''
  ) );
#3500 = PCURVE('',#3501,#3506);
#3501 = PLANE('',#3502);
#3502 = AXIS2_PLACEMENT_3D('',#3503,#3504,#3505);
#3503 = CARTESIAN_POINT('',(36.35,8.65,8.));
#3504 = DIRECTION('',(-0.,1.,0.));
#3505 = DIRECTION('',(-1.,0.,2.22044604925E-16));
#3506 = DEFINITIONAL_REPRESENTATION('',(#3507),#3510);
#3507 = B_SPLINE_CURVE_WITH_KNOTS('',1,(#3508,#3509),.UNSPECIFIED.,.F.,
  .F.,(2,2),(-16.025,-5.325),.PIECEWISE_BEZIER_KNOTS.);
#3508 = CARTESIAN_POINT('',(10.7,68.));
#3509 = CARTESIAN_POINT('',(0.,68.));
#3510 = ( GEOMETRIC_REPRESENTATION_CONTEXT(2) 
PARAMETRIC_REPRESENTATION_CONTEXT() REPRESENTATION_CONTEXT('2D SPACE',''
  ) );
#3511 = ORIENTED_EDGE('',*,*,#3512,.T.);
#3512 = EDGE_CURVE('',#3486,#1825,#3513,.T.);
#3513 = SURFACE_CURVE('',#3514,(#3518,#3525),.PCURVE_S1.);
#3514 = LINE('',#3515,#3516);
#3515 = CARTESIAN_POINT('',(25.65,8.65,8.));
#3516 = VECTOR('',#3517,1.);
#3517 = DIRECTION('',(2.22044604925E-16,0.,1.));
#3518 = PCURVE('',#1839,#3519);
#3519 = DEFINITIONAL_REPRESENTATION('',(#3520),#3524);
#3520 = LINE('',#3521,#3522);
#3521 = CARTESIAN_POINT('',(10.7,0.));
#3522 = VECTOR('',#3523,1.);
#3523 = DIRECTION('',(0.,1.));
#3524 = ( GEOMETRIC_REPRESENTATION_CONTEXT(2) 
PARAMETRIC_REPRESENTATION_CONTEXT() REPRESENTATION_CONTEXT('2D SPACE',''
  ) );
#3525 = PCURVE('',#1865,#3526);
#3526 = DEFINITIONAL_REPRESENTATION('',(#3527),#3531);
#3527 = LINE('',#3528,#3529);
#3528 = CARTESIAN_POINT('',(0.,0.));
#3529 = VECTOR('',#3530,1.);
#3530 = DIRECTION('',(1.,0.));
#3531 = ( GEOMETRIC_REPRESENTATION_CONTEXT(2) 
PARAMETRIC_REPRESENTATION_CONTEXT() REPRESENTATION_CONTEXT('2D SPACE',''
  ) );
#3532 = ORIENTED_EDGE('',*,*,#1824,.F.);
#3533 = ADVANCED_FACE('',(#3534),#1865,.F.);
#3534 = FACE_BOUND('',#3535,.F.);
#3535 = EDGE_LOOP('',(#3536,#3537,#3564,#3590,#3616,#3642,#3662,#3663));
#3536 = ORIENTED_EDGE('',*,*,#3459,.F.);
#3537 = ORIENTED_EDGE('',*,*,#3538,.F.);
#3538 = EDGE_CURVE('',#3539,#3433,#3541,.T.);
#3539 = VERTEX_POINT('',#3540);
#3540 = CARTESIAN_POINT('',(25.65,16.2,76.));
#3541 = SURFACE_CURVE('',#3542,(#3546,#3553),.PCURVE_S1.);
#3542 = LINE('',#3543,#3544);
#3543 = CARTESIAN_POINT('',(25.65,4.325,76.));
#3544 = VECTOR('',#3545,1.);
#3545 = DIRECTION('',(-0.,1.,0.));
#3546 = PCURVE('',#1865,#3547);
#3547 = DEFINITIONAL_REPRESENTATION('',(#3548),#3552);
#3548 = LINE('',#3549,#3550);
#3549 = CARTESIAN_POINT('',(68.,-4.325));
#3550 = VECTOR('',#3551,1.);
#3551 = DIRECTION('',(0.,1.));
#3552 = ( GEOMETRIC_REPRESENTATION_CONTEXT(2) 
PARAMETRIC_REPRESENTATION_CONTEXT() REPRESENTATION_CONTEXT('2D SPACE',''
  ) );
#3553 = PCURVE('',#3554,#3559);
#3554 = PLANE('',#3555);
#3555 = AXIS2_PLACEMENT_3D('',#3556,#3557,#3558);
#3556 = CARTESIAN_POINT('',(25.65,8.65,8.));
#3557 = DIRECTION('',(-1.,0.,2.22044604925E-16));
#3558 = DIRECTION('',(2.22044604925E-16,0.,1.));
#3559 = DEFINITIONAL_REPRESENTATION('',(#3560),#3563);
#3560 = B_SPLINE_CURVE_WITH_KNOTS('',1,(#3561,#3562),.UNSPECIFIED.,.F.,
  .F.,(2,2),(4.325,13.025),.PIECEWISE_BEZIER_KNOTS.);
#3561 = CARTESIAN_POINT('',(68.,0.));
#3562 = CARTESIAN_POINT('',(68.,8.7));
#3563 = ( GEOMETRIC_REPRESENTATION_CONTEXT(2) 
PARAMETRIC_REPRESENTATION_CONTEXT() REPRESENTATION_CONTEXT('2D SPACE',''
  ) );
#3564 = ORIENTED_EDGE('',*,*,#3565,.F.);
#3565 = EDGE_CURVE('',#3566,#3539,#3568,.T.);
#3566 = VERTEX_POINT('',#3567);
#3567 = CARTESIAN_POINT('',(25.65,16.2,108.));
#3568 = SURFACE_CURVE('',#3569,(#3573,#3579),.PCURVE_S1.);
#3569 = LINE('',#3570,#3571);
#3570 = CARTESIAN_POINT('',(25.65,16.2,18.5));
#3571 = VECTOR('',#3572,1.);
#3572 = DIRECTION('',(-2.22044604925E-16,0.,-1.));
#3573 = PCURVE('',#1865,#3574);
#3574 = DEFINITIONAL_REPRESENTATION('',(#3575),#3578);
#3575 = B_SPLINE_CURVE_WITH_KNOTS('',1,(#3576,#3577),.UNSPECIFIED.,.F.,
  .F.,(2,2),(-89.5,-10.5),.PIECEWISE_BEZIER_KNOTS.);
#3576 = CARTESIAN_POINT('',(100.,7.55));
#3577 = CARTESIAN_POINT('',(21.,7.55));
#3578 = ( GEOMETRIC_REPRESENTATION_CONTEXT(2) 
PARAMETRIC_REPRESENTATION_CONTEXT() REPRESENTATION_CONTEXT('2D SPACE',''
  ) );
#3579 = PCURVE('',#3580,#3585);
#3580 = PLANE('',#3581);
#3581 = AXIS2_PLACEMENT_3D('',#3582,#3583,#3584);
#3582 = CARTESIAN_POINT('',(26.1,16.2,29.));
#3583 = DIRECTION('',(0.,1.,0.));
#3584 = DIRECTION('',(-1.,0.,2.22044604925E-16));
#3585 = DEFINITIONAL_REPRESENTATION('',(#3586),#3589);
#3586 = B_SPLINE_CURVE_WITH_KNOTS('',1,(#3587,#3588),.UNSPECIFIED.,.F.,
  .F.,(2,2),(-89.5,-10.5),.PIECEWISE_BEZIER_KNOTS.);
#3587 = CARTESIAN_POINT('',(0.45,79.));
#3588 = CARTESIAN_POINT('',(0.45,0.));
#3589 = ( GEOMETRIC_REPRESENTATION_CONTEXT(2) 
PARAMETRIC_REPRESENTATION_CONTEXT() REPRESENTATION_CONTEXT('2D SPACE',''
  ) );
#3590 = ORIENTED_EDGE('',*,*,#3591,.F.);
#3591 = EDGE_CURVE('',#3592,#3566,#3594,.T.);
#3592 = VERTEX_POINT('',#3593);
#3593 = CARTESIAN_POINT('',(25.65,9.8,108.));
#3594 = SURFACE_CURVE('',#3595,(#3599,#3605),.PCURVE_S1.);
#3595 = LINE('',#3596,#3597);
#3596 = CARTESIAN_POINT('',(25.65,9.225,108.));
#3597 = VECTOR('',#3598,1.);
#3598 = DIRECTION('',(0.,1.,0.));
#3599 = PCURVE('',#1865,#3600);
#3600 = DEFINITIONAL_REPRESENTATION('',(#3601),#3604);
#3601 = B_SPLINE_CURVE_WITH_KNOTS('',1,(#3602,#3603),.UNSPECIFIED.,.F.,
  .F.,(2,2),(0.575,6.975),.PIECEWISE_BEZIER_KNOTS.);
#3602 = CARTESIAN_POINT('',(100.,1.15));
#3603 = CARTESIAN_POINT('',(100.,7.55));
#3604 = ( GEOMETRIC_REPRESENTATION_CONTEXT(2) 
PARAMETRIC_REPRESENTATION_CONTEXT() REPRESENTATION_CONTEXT('2D SPACE',''
  ) );
#3605 = PCURVE('',#3606,#3611);
#3606 = PLANE('',#3607);
#3607 = AXIS2_PLACEMENT_3D('',#3608,#3609,#3610);
#3608 = CARTESIAN_POINT('',(26.1,9.8,108.));
#3609 = DIRECTION('',(2.22044604925E-16,0.,1.));
#3610 = DIRECTION('',(-1.,0.,2.22044604925E-16));
#3611 = DEFINITIONAL_REPRESENTATION('',(#3612),#3615);
#3612 = B_SPLINE_CURVE_WITH_KNOTS('',1,(#3613,#3614),.UNSPECIFIED.,.F.,
  .F.,(2,2),(0.575,6.975),.PIECEWISE_BEZIER_KNOTS.);
#3613 = CARTESIAN_POINT('',(0.45,0.));
#3614 = CARTESIAN_POINT('',(0.45,-6.4));
#3615 = ( GEOMETRIC_REPRESENTATION_CONTEXT(2) 
PARAMETRIC_REPRESENTATION_CONTEXT() REPRESENTATION_CONTEXT('2D SPACE',''
  ) );
#3616 = ORIENTED_EDGE('',*,*,#3617,.T.);
#3617 = EDGE_CURVE('',#3592,#3618,#3620,.T.);
#3618 = VERTEX_POINT('',#3619);
#3619 = CARTESIAN_POINT('',(25.65,9.8,76.));
#3620 = SURFACE_CURVE('',#3621,(#3625,#3631),.PCURVE_S1.);
#3621 = LINE('',#3622,#3623);
#3622 = CARTESIAN_POINT('',(25.65,9.8,18.5));
#3623 = VECTOR('',#3624,1.);
#3624 = DIRECTION('',(-2.22044604925E-16,0.,-1.));
#3625 = PCURVE('',#1865,#3626);
#3626 = DEFINITIONAL_REPRESENTATION('',(#3627),#3630);
#3627 = B_SPLINE_CURVE_WITH_KNOTS('',1,(#3628,#3629),.UNSPECIFIED.,.F.,
  .F.,(2,2),(-89.5,-10.5),.PIECEWISE_BEZIER_KNOTS.);
#3628 = CARTESIAN_POINT('',(100.,1.15));
#3629 = CARTESIAN_POINT('',(21.,1.15));
#3630 = ( GEOMETRIC_REPRESENTATION_CONTEXT(2) 
PARAMETRIC_REPRESENTATION_CONTEXT() REPRESENTATION_CONTEXT('2D SPACE',''
  ) );
#3631 = PCURVE('',#3632,#3637);
#3632 = PLANE('',#3633);
#3633 = AXIS2_PLACEMENT_3D('',#3634,#3635,#3636);
#3634 = CARTESIAN_POINT('',(26.1,9.8,29.));
#3635 = DIRECTION('',(0.,1.,0.));
#3636 = DIRECTION('',(-1.,0.,2.22044604925E-16));
#3637 = DEFINITIONAL_REPRESENTATION('',(#3638),#3641);
#3638 = B_SPLINE_CURVE_WITH_KNOTS('',1,(#3639,#3640),.UNSPECIFIED.,.F.,
  .F.,(2,2),(-89.5,-10.5),.PIECEWISE_BEZIER_KNOTS.);
#3639 = CARTESIAN_POINT('',(0.45,79.));
#3640 = CARTESIAN_POINT('',(0.45,0.));
#3641 = ( GEOMETRIC_REPRESENTATION_CONTEXT(2) 
PARAMETRIC_REPRESENTATION_CONTEXT() REPRESENTATION_CONTEXT('2D SPACE',''
  ) );
#3642 = ORIENTED_EDGE('',*,*,#3643,.F.);
#3643 = EDGE_CURVE('',#3486,#3618,#3644,.T.);
#3644 = SURFACE_CURVE('',#3645,(#3649,#3656),.PCURVE_S1.);
#3645 = LINE('',#3646,#3647);
#3646 = CARTESIAN_POINT('',(25.65,4.325,76.));
#3647 = VECTOR('',#3648,1.);
#3648 = DIRECTION('',(-0.,1.,0.));
#3649 = PCURVE('',#1865,#3650);
#3650 = DEFINITIONAL_REPRESENTATION('',(#3651),#3655);
#3651 = LINE('',#3652,#3653);
#3652 = CARTESIAN_POINT('',(68.,-4.325));
#3653 = VECTOR('',#3654,1.);
#3654 = DIRECTION('',(0.,1.));
#3655 = ( GEOMETRIC_REPRESENTATION_CONTEXT(2) 
PARAMETRIC_REPRESENTATION_CONTEXT() REPRESENTATION_CONTEXT('2D SPACE',''
  ) );
#3656 = PCURVE('',#3554,#3657);
#3657 = DEFINITIONAL_REPRESENTATION('',(#3658),#3661);
#3658 = B_SPLINE_CURVE_WITH_KNOTS('',1,(#3659,#3660),.UNSPECIFIED.,.F.,
  .F.,(2,2),(4.325,13.025),.PIECEWISE_BEZIER_KNOTS.);
#3659 = CARTESIAN_POINT('',(68.,0.));
#3660 = CARTESIAN_POINT('',(68.,8.7));
#3661 = ( GEOMETRIC_REPRESENTATION_CONTEXT(2) 
PARAMETRIC_REPRESENTATION_CONTEXT() REPRESENTATION_CONTEXT('2D SPACE',''
  ) );
#3662 = ORIENTED_EDGE('',*,*,#3512,.T.);
#3663 = ORIENTED_EDGE('',*,*,#1850,.F.);
#3664 = ADVANCED_FACE('',(#3665),#1919,.F.);
#3665 = FACE_BOUND('',#3666,.F.);
#3666 = EDGE_LOOP('',(#3667,#3690,#3691,#3692,#3986,#4235,#4267,#4296));
#3667 = ORIENTED_EDGE('',*,*,#3668,.T.);
#3668 = EDGE_CURVE('',#3669,#1903,#3671,.T.);
#3669 = VERTEX_POINT('',#3670);
#3670 = CARTESIAN_POINT('',(29.729120562825,41.,108.02912056282));
#3671 = SEAM_CURVE('',#3672,(#3676,#3683),.PCURVE_S1.);
#3672 = LINE('',#3673,#3674);
#3673 = CARTESIAN_POINT('',(29.35,41.,107.65));
#3674 = VECTOR('',#3675,1.);
#3675 = DIRECTION('',(0.707106781187,-1.731912112471E-16,0.707106781187)
  );
#3676 = PCURVE('',#1919,#3677);
#3677 = DEFINITIONAL_REPRESENTATION('',(#3678),#3682);
#3678 = LINE('',#3679,#3680);
#3679 = CARTESIAN_POINT('',(6.28318530718,-0.));
#3680 = VECTOR('',#3681,1.);
#3681 = DIRECTION('',(0.,1.));
#3682 = ( GEOMETRIC_REPRESENTATION_CONTEXT(2) 
PARAMETRIC_REPRESENTATION_CONTEXT() REPRESENTATION_CONTEXT('2D SPACE',''
  ) );
#3683 = PCURVE('',#1919,#3684);
#3684 = DEFINITIONAL_REPRESENTATION('',(#3685),#3689);
#3685 = LINE('',#3686,#3687);
#3686 = CARTESIAN_POINT('',(0.,-0.));
#3687 = VECTOR('',#3688,1.);
#3688 = DIRECTION('',(0.,1.));
#3689 = ( GEOMETRIC_REPRESENTATION_CONTEXT(2) 
PARAMETRIC_REPRESENTATION_CONTEXT() REPRESENTATION_CONTEXT('2D SPACE',''
  ) );
#3690 = ORIENTED_EDGE('',*,*,#1902,.F.);
#3691 = ORIENTED_EDGE('',*,*,#3668,.F.);
#3692 = ORIENTED_EDGE('',*,*,#3693,.T.);
#3693 = EDGE_CURVE('',#3669,#3694,#3696,.T.);
#3694 = VERTEX_POINT('',#3695);
#3695 = CARTESIAN_POINT('',(6.802056428384,39.068040591568,
    109.64999168146));
#3696 = SURFACE_CURVE('',#3697,(#3745,#3796),.PCURVE_S1.);
#3697 = B_SPLINE_CURVE_WITH_KNOTS('',6,(#3698,#3699,#3700,#3701,#3702,
    #3703,#3704,#3705,#3706,#3707,#3708,#3709,#3710,#3711,#3712,#3713,
    #3714,#3715,#3716,#3717,#3718,#3719,#3720,#3721,#3722,#3723,#3724,
    #3725,#3726,#3727,#3728,#3729,#3730,#3731,#3732,#3733,#3734,#3735,
    #3736,#3737,#3738,#3739,#3740,#3741,#3742,#3743,#3744),
  .UNSPECIFIED.,.F.,.F.,(7,5,5,5,5,5,5,5,5,7),(0.,0.105978525587,
    0.21558714727,0.330617617389,0.45122812666,0.57761049399,
    0.711255517893,0.851105492419,0.961865783403,1.),.UNSPECIFIED.);
#3698 = CARTESIAN_POINT('',(29.729120562825,41.,108.02912056282));
#3699 = CARTESIAN_POINT('',(29.759837870149,41.670713323142,
    108.05983787023));
#3700 = CARTESIAN_POINT('',(29.740141859124,42.343841985831,
    108.0904561562));
#3701 = CARTESIAN_POINT('',(29.669999305838,43.01457454505,
    108.12097303971));
#3702 = CARTESIAN_POINT('',(29.550005069222,43.678252992142,
    108.15139011815));
#3703 = CARTESIAN_POINT('',(29.381265930023,44.330364162783,
    108.18170997243));
#3704 = CARTESIAN_POINT('',(28.942271930434,45.624537786845,
    108.24318699764));
#3705 = CARTESIAN_POINT('',(28.668716709431,46.265552929043,
    108.27434020499));
#3706 = CARTESIAN_POINT('',(28.346642188837,46.884784079172,
    108.30538889231));
#3707 = CARTESIAN_POINT('',(27.978469739291,47.47782170364,
    108.33633689395));
#3708 = CARTESIAN_POINT('',(27.567079108377,48.040605644919,
    108.36718723202));
#3709 = CARTESIAN_POINT('',(26.642344227844,49.124492313123,
    108.43020947939));
#3710 = CARTESIAN_POINT('',(26.124913759094,49.642214239561,
    108.46237462096));
#3711 = CARTESIAN_POINT('',(25.567492041058,50.118384170893,
    108.49443093952));
#3712 = CARTESIAN_POINT('',(24.974437056932,50.549439640182,
    108.5263816115));
#3713 = CARTESIAN_POINT('',(24.350444380165,50.932386940066,
    108.55822911433));
#3714 = CARTESIAN_POINT('',(23.01923254375,51.613505126054,
    108.62325168184));
#3715 = CARTESIAN_POINT('',(22.30936355681,51.906703708297,
    108.65642011418));
#3716 = CARTESIAN_POINT('',(21.576840074811,52.141752699558,
    108.68947257529));
#3717 = CARTESIAN_POINT('',(20.827678862802,52.316860043042,
    108.72241295619));
#3718 = CARTESIAN_POINT('',(20.068001641799,52.430982321447,
    108.75524505529));
#3719 = CARTESIAN_POINT('',(18.50355402248,52.539435497723,
    108.82225328864));
#3720 = CARTESIAN_POINT('',(17.698258177488,52.527779666991,
    108.85642310062));
#3721 = CARTESIAN_POINT('',(16.895351103314,52.448737460661,
    108.89047282679));
#3722 = CARTESIAN_POINT('',(16.101768776682,52.303135540034,
    108.92440784306));
#3723 = CARTESIAN_POINT('',(15.324218236514,52.092629163311,
    108.95823245417));
#3724 = CARTESIAN_POINT('',(13.770681926248,51.531386173942,
    109.02759055205));
#3725 = CARTESIAN_POINT('',(12.997230752237,51.173241625971,
    109.06311597658));
#3726 = CARTESIAN_POINT('',(12.256424078816,50.748478224588,
    109.09851489405));
#3727 = CARTESIAN_POINT('',(11.555107770971,50.261202484498,
    109.13379212988));
#3728 = CARTESIAN_POINT('',(10.899482392656,49.716299114649,
    109.16895118995));
#3729 = CARTESIAN_POINT('',(9.662427881144,48.4951667218,109.2406486655)
  );
#3730 = CARTESIAN_POINT('',(9.085745945812,47.813905224637,
    109.27718169315));
#3731 = CARTESIAN_POINT('',(8.571204870193,47.082424074245,
    109.31357970975));
#3732 = CARTESIAN_POINT('',(8.123749301317,46.308046369544,
    109.34984812318));
#3733 = CARTESIAN_POINT('',(7.747290646681,45.498583434593,
    109.38599227487));
#3734 = CARTESIAN_POINT('',(7.20469380891,44.000229146007,
    109.45053080793));
#3735 = CARTESIAN_POINT('',(7.011069407796,43.321208068775,
    109.47897645908));
#3736 = CARTESIAN_POINT('',(6.864959847158,42.62951376707,
    109.50734327438));
#3737 = CARTESIAN_POINT('',(6.76716119241,41.929322075748,
    109.53563375506));
#3738 = CARTESIAN_POINT('',(6.718018079859,41.224832687761,
    109.56385003587));
#3739 = CARTESIAN_POINT('',(6.717152201854,40.27769750964,
    109.60167962288));
#3740 = CARTESIAN_POINT('',(6.722679481721,40.035109960673,
    109.61135955114));
#3741 = CARTESIAN_POINT('',(6.733949624585,39.792681612632,
    109.62103069251));
#3742 = CARTESIAN_POINT('',(6.75094984966,39.550581916347,109.6306930777
    ));
#3743 = CARTESIAN_POINT('',(6.773660777178,39.308979184489,
    109.64034673323));
#3744 = CARTESIAN_POINT('',(6.802056428384,39.068040591568,
    109.64999168146));
#3745 = PCURVE('',#1919,#3746);
#3746 = DEFINITIONAL_REPRESENTATION('',(#3747),#3795);
#3747 = B_SPLINE_CURVE_WITH_KNOTS('',6,(#3748,#3749,#3750,#3751,#3752,
    #3753,#3754,#3755,#3756,#3757,#3758,#3759,#3760,#3761,#3762,#3763,
    #3764,#3765,#3766,#3767,#3768,#3769,#3770,#3771,#3772,#3773,#3774,
    #3775,#3776,#3777,#3778,#3779,#3780,#3781,#3782,#3783,#3784,#3785,
    #3786,#3787,#3788,#3789,#3790,#3791,#3792,#3793,#3794),
  .UNSPECIFIED.,.F.,.F.,(7,5,5,5,5,5,5,5,5,7),(0.,0.105978525587,
    0.21558714727,0.330617617389,0.45122812666,0.57761049399,
    0.711255517893,0.851105492419,0.961865783403,1.),.UNSPECIFIED.);
#3748 = CARTESIAN_POINT('',(0.,0.379120562825));
#3749 = CARTESIAN_POINT('',(6.251335505226E-02,0.409837870191));
#3750 = CARTESIAN_POINT('',(0.124822267533,0.440456156296));
#3751 = CARTESIAN_POINT('',(0.186923415797,0.470973039638));
#3752 = CARTESIAN_POINT('',(0.248822901463,0.501390118184));
#3753 = CARTESIAN_POINT('',(0.310525976458,0.531709972432));
#3754 = CARTESIAN_POINT('',(0.435638438883,0.593186997648));
#3755 = CARTESIAN_POINT('',(0.49903982233,0.624340204995));
#3756 = CARTESIAN_POINT('',(0.562229267878,0.655388892314));
#3757 = CARTESIAN_POINT('',(0.625213239115,0.686336893954));
#3758 = CARTESIAN_POINT('',(0.687997240228,0.717187232025));
#3759 = CARTESIAN_POINT('',(0.816252312909,0.780209479392));
#3760 = CARTESIAN_POINT('',(0.88170949041,0.812374620967));
#3761 = CARTESIAN_POINT('',(0.946943844455,0.844430939529));
#3762 = CARTESIAN_POINT('',(1.011962669917,0.876381611509));
#3763 = CARTESIAN_POINT('',(1.076772193961,0.908229114335));
#3764 = CARTESIAN_POINT('',(1.209095601913,0.973251681849));
#3765 = CARTESIAN_POINT('',(1.276596126389,1.006420114183));
#3766 = CARTESIAN_POINT('',(1.34386298695,1.039472575297));
#3767 = CARTESIAN_POINT('',(1.410904458851,1.072412956198));
#3768 = CARTESIAN_POINT('',(1.47772752736,1.105245055297));
#3769 = CARTESIAN_POINT('',(1.614111113742,1.172253288642));
#3770 = CARTESIAN_POINT('',(1.683658853301,1.20642310062));
#3771 = CARTESIAN_POINT('',(1.752962035608,1.240472826792));
#3772 = CARTESIAN_POINT('',(1.822029945911,1.274407843062));
#3773 = CARTESIAN_POINT('',(1.89087035463,1.308232454179));
#3774 = CARTESIAN_POINT('',(2.032023193831,1.377590552052));
#3775 = CARTESIAN_POINT('',(2.104318876429,1.413115976584));
#3776 = CARTESIAN_POINT('',(2.176353758455,1.448514894054));
#3777 = CARTESIAN_POINT('',(2.248138701908,1.483792129888));
#3778 = CARTESIAN_POINT('',(2.319682793026,1.51895118995));
#3779 = CARTESIAN_POINT('',(2.465579949838,1.590648665502));
#3780 = CARTESIAN_POINT('',(2.539922157736,1.627181693156));
#3781 = CARTESIAN_POINT('',(2.613992464642,1.663579709755));
#3782 = CARTESIAN_POINT('',(2.687803108135,1.699848123183));
#3783 = CARTESIAN_POINT('',(2.761364238303,1.735992274879));
#3784 = CARTESIAN_POINT('',(2.892717584455,1.800530807937));
#3785 = CARTESIAN_POINT('',(2.950613408725,1.828976458982));
#3786 = CARTESIAN_POINT('',(3.008349332083,1.85734327467));
#3787 = CARTESIAN_POINT('',(3.065929438721,1.885633754756));
#3788 = CARTESIAN_POINT('',(3.123357291485,1.913850035974));
#3789 = CARTESIAN_POINT('',(3.200348871245,1.951679622982));
#3790 = CARTESIAN_POINT('',(3.220049491878,1.96135955129));
#3791 = CARTESIAN_POINT('',(3.239732043819,1.971030692667));
#3792 = CARTESIAN_POINT('',(3.259396586933,1.980693077791));
#3793 = CARTESIAN_POINT('',(3.279043180219,1.990346733235));
#3794 = CARTESIAN_POINT('',(3.298671881815,1.999991681462));
#3795 = ( GEOMETRIC_REPRESENTATION_CONTEXT(2) 
PARAMETRIC_REPRESENTATION_CONTEXT() REPRESENTATION_CONTEXT('2D SPACE',''
  ) );
#3796 = PCURVE('',#3797,#3936);
#3797 = B_SPLINE_SURFACE_WITH_KNOTS('',1,9,(
    (#3798,#3799,#3800,#3801,#3802,#3803,#3804,#3805,#3806,#3807,#3808
      ,#3809,#3810,#3811,#3812,#3813,#3814,#3815,#3816,#3817,#3818,#3819
      ,#3820,#3821,#3822,#3823,#3824,#3825,#3826,#3827,#3828,#3829,#3830
      ,#3831,#3832,#3833,#3834,#3835,#3836,#3837,#3838,#3839,#3840,#3841
      ,#3842,#3843,#3844,#3845,#3846,#3847,#3848,#3849,#3850,#3851,#3852
      ,#3853,#3854,#3855,#3856,#3857,#3858,#3859,#3860,#3861,#3862,#3863
      ,#3864,#3865,#3866)
    ,(#3867,#3868,#3869,#3870,#3871,#3872,#3873,#3874,#3875,#3876,#3877
      ,#3878,#3879,#3880,#3881,#3882,#3883,#3884,#3885,#3886,#3887,#3888
      ,#3889,#3890,#3891,#3892,#3893,#3894,#3895,#3896,#3897,#3898,#3899
      ,#3900,#3901,#3902,#3903,#3904,#3905,#3906,#3907,#3908,#3909,#3910
      ,#3911,#3912,#3913,#3914,#3915,#3916,#3917,#3918,#3919,#3920,#3921
      ,#3922,#3923,#3924,#3925,#3926,#3927,#3928,#3929,#3930,#3931,#3932
      ,#3933,#3934,#3935
    )),.UNSPECIFIED.,.F.,.F.,.F.,(2,2),(10,8,9,8,9,8,9,8,10),(0.,
    2.914515397111),(0.,6.153880704209,12.307761408417,18.461642112626,
    24.615522816834,30.769403521043,36.923284225252,43.07716492946,
    49.231045633669),.UNSPECIFIED.);
#3798 = CARTESIAN_POINT('',(31.35,41.,76.5));
#3799 = CARTESIAN_POINT('',(31.350007039382,47.107254896197,
    76.972194064706));
#3800 = CARTESIAN_POINT('',(27.951729966663,53.215368313812,
    77.444499930607));
#3801 = CARTESIAN_POINT('',(21.160728045496,57.155056619132,
    77.916572601661));
#3802 = CARTESIAN_POINT('',(12.558415682207,56.808396493297,
    78.388966011083));
#3803 = CARTESIAN_POINT('',(5.397147276099,51.313941299601,
    78.861058327773));
#3804 = CARTESIAN_POINT('',(2.836465904335,43.093941792466,
    79.333346715349));
#3805 = CARTESIAN_POINT('',(4.883804562889,35.514924974138,
    79.805547712883));
#3806 = CARTESIAN_POINT('',(9.904487486786,30.651473103036,
    80.277772293091));
#3807 = CARTESIAN_POINT('',(21.702682426203,27.490157100148,
    81.222218250039));
#3808 = CARTESIAN_POINT('',(28.482447823347,29.191690504963,
    81.694442830262));
#3809 = CARTESIAN_POINT('',(34.044998701414,34.731635039417,
    82.166643827709));
#3810 = CARTESIAN_POINT('',(35.937397913407,43.130714090344,
    82.638932215517));
#3811 = CARTESIAN_POINT('',(32.482752284538,51.469688934592,
    83.11102453183));
#3812 = CARTESIAN_POINT('',(25.206308068864,56.071036528341,
    83.583417941652));
#3813 = CARTESIAN_POINT('',(17.355235967355,56.054698900032,
    84.055490612429));
#3814 = CARTESIAN_POINT('',(11.35821695012,52.46403501008,
    84.527796478444));
#3815 = CARTESIAN_POINT('',(8.304583779549,47.175000426468,
    84.999990543133));
#3816 = CARTESIAN_POINT('',(5.250957256095,41.885964853127,
    85.472211340382));
#3817 = CARTESIAN_POINT('',(5.139883815835,34.897046817647,
    85.944475302191));
#3818 = CARTESIAN_POINT('',(9.05123366091,28.089673329193,
    86.416600581608));
#3819 = CARTESIAN_POINT('',(16.674370733215,24.088736031825,
    86.888940576793));
#3820 = CARTESIAN_POINT('',(25.623450175396,25.266437634843,
    87.361076612994));
#3821 = CARTESIAN_POINT('',(31.951057609244,31.104826618523,
    87.83333667749));
#3822 = CARTESIAN_POINT('',(33.967522374449,38.69211642239,
    88.305551551632));
#3823 = CARTESIAN_POINT('',(32.051208158605,45.414330959978,
    88.777771581995));
#3824 = CARTESIAN_POINT('',(23.414329899681,54.051208350192,
    89.722218589705));
#3825 = CARTESIAN_POINT('',(16.692113914975,55.967519932043,
    90.194442344941));
#3826 = CARTESIAN_POINT('',(9.104831550353,53.951062621655,
    90.666644381263));
#3827 = CARTESIAN_POINT('',(3.266425954709,47.623446449417,
    91.138931708793));
#3828 = CARTESIAN_POINT('',(2.088749638314,38.674359538174,
    91.61102490086));
#3829 = CARTESIAN_POINT('',(6.089661229822,31.051253549179,
    92.083417733675));
#3830 = CARTESIAN_POINT('',(12.897058007811,27.13986628598,
    92.555490697315));
#3831 = CARTESIAN_POINT('',(19.885960740932,27.250962927381,
    93.027796457843));
#3832 = CARTESIAN_POINT('',(25.175001937726,30.304584652058,
    93.499990543107));
#3833 = CARTESIAN_POINT('',(30.464037869267,33.358210553238,
    93.972211361056));
#3834 = CARTESIAN_POINT('',(34.054689298281,39.355254423159,
    94.444475217186));
#3835 = CARTESIAN_POINT('',(34.071047740473,47.206287646535,
    94.916600789755));
#3836 = CARTESIAN_POINT('',(29.46968597496,54.482769665408,
    95.388940207576));
#3837 = CARTESIAN_POINT('',(21.130705116662,57.937389661276,
    95.861077119869));
#3838 = CARTESIAN_POINT('',(12.731641744221,56.045000466212,
    96.333336123849));
#3839 = CARTESIAN_POINT('',(7.191687225587,50.482446873089,
    96.805552036986));
#3840 = CARTESIAN_POINT('',(5.490156673243,43.702681412163,
    97.277771242324));
#3841 = CARTESIAN_POINT('',(8.651474056702,31.90448679072,
    98.222219300801));
#3842 = CARTESIAN_POINT('',(13.514927658488,26.883805424405,
    98.694438506196));
#3843 = CARTESIAN_POINT('',(21.093936867359,24.836464029191,
    99.166654419105));
#3844 = CARTESIAN_POINT('',(29.3139499039,27.397144663225,
    99.638913423603));
#3845 = CARTESIAN_POINT('',(34.808395000406,34.558432180126,
    100.11105033511));
#3846 = CARTESIAN_POINT('',(35.155051990412,43.16070477246,
    100.58338975374));
#3847 = CARTESIAN_POINT('',(31.215371932348,49.951750742872,
    101.05551532575));
#3848 = CARTESIAN_POINT('',(25.10725243397,53.350000071809,
    101.52777918213));
#3849 = CARTESIAN_POINT('',(18.999999999995,53.350000000001,
    101.99999999999));
#3850 = CARTESIAN_POINT('',(12.89274510381,53.350007039375,
    102.4721940647));
#3851 = CARTESIAN_POINT('',(6.784631686178,49.951729966682,
    102.94449993061));
#3852 = CARTESIAN_POINT('',(2.844943380882,43.160728045466,
    103.41657260165));
#3853 = CARTESIAN_POINT('',(3.191603506688,34.55841568224,
    103.88896601109));
#3854 = CARTESIAN_POINT('',(8.68605870041,27.397147276076,
    104.36105832775));
#3855 = CARTESIAN_POINT('',(16.906058207529,24.836465904345,
    104.83334671535));
#3856 = CARTESIAN_POINT('',(24.485075025864,26.883804562887,
    105.30554771287));
#3857 = CARTESIAN_POINT('',(29.348526896964,31.904487486786,
    105.77777229309));
#3858 = CARTESIAN_POINT('',(32.509842899852,43.702682426203,
    106.72221825003));
#3859 = CARTESIAN_POINT('',(30.808309495015,50.482447823348,
    107.19444283026));
#3860 = CARTESIAN_POINT('',(25.268364960683,56.044998701413,
    107.6666438277));
#3861 = CARTESIAN_POINT('',(16.869285909435,57.937397913403,
    108.13893221551));
#3862 = CARTESIAN_POINT('',(8.530311065692,54.48275228455,
    108.61102453183));
#3863 = CARTESIAN_POINT('',(3.928963471433,47.206308068852,
    109.08341794164));
#3864 = CARTESIAN_POINT('',(3.945301100069,39.355235967359,
    109.55549061242));
#3865 = CARTESIAN_POINT('',(7.53596498991,33.358216950125,
    110.02779647845));
#3866 = CARTESIAN_POINT('',(12.824999573531,30.304583779551,
    110.49999054312));
#3867 = CARTESIAN_POINT('',(29.23,41.,78.5));
#3868 = CARTESIAN_POINT('',(29.230035196899,46.058836377645,
    78.972223911674));
#3869 = CARTESIAN_POINT('',(26.415019739101,51.118682018758,
    79.444441115187));
#3870 = CARTESIAN_POINT('',(20.789898473237,54.381478006974,
    79.916672310774));
#3871 = CARTESIAN_POINT('',(13.66411793591,54.095262759217,
    80.388884261238));
#3872 = CARTESIAN_POINT('',(7.732233716275,49.543024797279,
    80.861114278373));
#3873 = CARTESIAN_POINT('',(5.611081140419,42.734701383128,
    81.333332530276));
#3874 = CARTESIAN_POINT('',(7.30698419083,36.456447565063,
    81.805556026139));
#3875 = CARTESIAN_POINT('',(11.465819033684,32.427895706738,
    82.27777810685));
#3876 = CARTESIAN_POINT('',(21.238740026296,29.809251175183,
    83.222222460549));
#3877 = CARTESIAN_POINT('',(26.854675713666,31.218669561431,
    83.694444541337));
#3878 = CARTESIAN_POINT('',(31.462475628715,35.807807161976,
    84.16666803676));
#3879 = CARTESIAN_POINT('',(33.02974121121,42.764613671409,
    84.63888628984));
#3880 = CARTESIAN_POINT('',(30.168536429745,49.672925053108,
    85.111116305058));
#3881 = CARTESIAN_POINT('',(24.140772532126,53.483562280577,
    85.583328257577));
#3882 = CARTESIAN_POINT('',(17.637637773197,53.470619341048,
    86.055559451694));
#3883 = CARTESIAN_POINT('',(12.669998600754,50.496069161133,
    86.527776655879));
#3884 = CARTESIAN_POINT('',(10.140549908106,46.115005955875,
    87.000000567383));
#3885 = CARTESIAN_POINT('',(7.611130102698,41.733925901699,
    87.472222875182));
#3886 = CARTESIAN_POINT('',(7.519036934134,35.944489699351,
    87.944442592828));
#3887 = CARTESIAN_POINT('',(10.759193660215,30.306231720723,
    88.416670632045));
#3888 = CARTESIAN_POINT('',(17.073350576479,26.991244767687,
    88.888885787235));
#3889 = CARTESIAN_POINT('',(24.486679190681,27.96762884255,
    89.361113181303));
#3890 = CARTESIAN_POINT('',(29.727782331532,32.80325142625,
    89.833333132522));
#3891 = CARTESIAN_POINT('',(31.398229100003,39.08832150987,
    90.305555795824));
#3892 = CARTESIAN_POINT('',(29.810843492355,44.65657004654,
    90.777778149513));
#3893 = CARTESIAN_POINT('',(22.656569043926,51.81084256889,
    91.722222440169));
#3894 = CARTESIAN_POINT('',(17.088315988715,53.398218805127,
    92.194444570455));
#3895 = CARTESIAN_POINT('',(10.80327652827,51.727808364671,
    92.666668003551));
#3896 = CARTESIAN_POINT('',(5.967580319583,46.486670657723,
    93.138886320229));
#3897 = CARTESIAN_POINT('',(4.991301600861,39.073294560976,
    93.61111628294));
#3898 = CARTESIAN_POINT('',(8.306179027054,32.759304332644,
    94.08332827003));
#3899 = CARTESIAN_POINT('',(13.944530718831,29.518945682687,
    94.55555944662));
#3900 = CARTESIAN_POINT('',(19.733907414861,29.611162183775,
    95.027776657107));
#3901 = CARTESIAN_POINT('',(24.115005865212,32.140549855712,
    95.500000567388));
#3902 = CARTESIAN_POINT('',(28.496087700473,34.66996655023,
    95.972222873956));
#3903 = CARTESIAN_POINT('',(31.47056082586,39.637718922663,
    96.444442597881));
#3904 = CARTESIAN_POINT('',(31.483631776167,46.140671562109,
    96.916670619633));
#3905 = CARTESIAN_POINT('',(27.672904963451,52.168613656168,
    97.38888580931));
#3906 = CARTESIAN_POINT('',(20.764582014142,55.029703455819,
    97.861113150942));
#3907 = CARTESIAN_POINT('',(13.807842264681,53.462484350987,
    98.333333165721));
#3908 = CARTESIAN_POINT('',(9.2186578798,48.854676079696,98.805555766707
    ));
#3909 = CARTESIAN_POINT('',(7.809249877897,43.23873961973,
    99.277778169893));
#3910 = CARTESIAN_POINT('',(10.427897028885,33.465819332127,
    100.2222223975));
#3911 = CARTESIAN_POINT('',(14.456457536459,29.30699034591,
    100.69444480077));
#3912 = CARTESIAN_POINT('',(20.734666516464,27.611071145869,
    101.16666740129));
#3913 = CARTESIAN_POINT('',(27.54307128825,29.732216845017,
    101.63888741733));
#3914 = CARTESIAN_POINT('',(32.095241266519,35.664194862711,
    102.11111475688));
#3915 = CARTESIAN_POINT('',(32.381468614484,42.789776281798,
    102.58332994882));
#3916 = CARTESIAN_POINT('',(29.118691847949,48.415119274634,
    103.05555796893));
#3917 = CARTESIAN_POINT('',(24.058836538431,51.229998170506,
    103.52777769361));
#3918 = CARTESIAN_POINT('',(18.999999999996,51.230000000009,104.));
#3919 = CARTESIAN_POINT('',(13.941163622351,51.230035196889,
    104.47222391167));
#3920 = CARTESIAN_POINT('',(8.881317981256,48.415019739116,
    104.94444111519));
#3921 = CARTESIAN_POINT('',(5.618521993006,42.789898473217,
    105.41667231076));
#3922 = CARTESIAN_POINT('',(5.904737240802,35.664117935931,
    105.88888426124));
#3923 = CARTESIAN_POINT('',(10.456975202709,29.73223371626,
    106.36111427836));
#3924 = CARTESIAN_POINT('',(17.265298616877,27.611081140425,
    106.83333253028));
#3925 = CARTESIAN_POINT('',(23.543552434936,29.306984190829,
    107.30555602613));
#3926 = CARTESIAN_POINT('',(27.572104293262,33.465819033684,
    107.77777810685));
#3927 = CARTESIAN_POINT('',(30.190748824817,43.238740026296,
    108.72222246054));
#3928 = CARTESIAN_POINT('',(28.781330438549,48.854675713666,
    109.19444454134));
#3929 = CARTESIAN_POINT('',(24.192192838113,53.462475628722,
    109.66666803675));
#3930 = CARTESIAN_POINT('',(17.2353863284,55.029741211193,
    110.13888628984));
#3931 = CARTESIAN_POINT('',(10.327074947134,52.168536429771,
    110.61111630505));
#3932 = CARTESIAN_POINT('',(6.516437719238,46.140772532107,
    111.08332825757));
#3933 = CARTESIAN_POINT('',(6.529380659025,39.637637773199,
    111.55555945169));
#3934 = CARTESIAN_POINT('',(9.503930838872,34.669998600769,
    112.02777665587));
#3935 = CARTESIAN_POINT('',(13.884994044116,32.140549908104,
    112.50000056738));
#3936 = DEFINITIONAL_REPRESENTATION('',(#3937),#3985);
#3937 = B_SPLINE_CURVE_WITH_KNOTS('',6,(#3938,#3939,#3940,#3941,#3942,
    #3943,#3944,#3945,#3946,#3947,#3948,#3949,#3950,#3951,#3952,#3953,
    #3954,#3955,#3956,#3957,#3958,#3959,#3960,#3961,#3962,#3963,#3964,
    #3965,#3966,#3967,#3968,#3969,#3970,#3971,#3972,#3973,#3974,#3975,
    #3976,#3977,#3978,#3979,#3980,#3981,#3982,#3983,#3984),
  .UNSPECIFIED.,.F.,.F.,(7,5,5,5,5,5,5,5,5,7),(0.,0.105978525587,
    0.21558714727,0.330617617389,0.45122812666,0.57761049399,
    0.711255517893,0.851105492419,0.961865783403,1.),.UNSPECIFIED.);
#3938 = CARTESIAN_POINT('',(2.228328230308,43.439153636427));
#3939 = CARTESIAN_POINT('',(2.186099515968,43.525591154208));
#3940 = CARTESIAN_POINT('',(2.144010183168,43.611746801448));
#3941 = CARTESIAN_POINT('',(2.1020613468,43.69761604094));
#3942 = CARTESIAN_POINT('',(2.060247392908,43.783206737972));
#3943 = CARTESIAN_POINT('',(2.018565165781,43.86852578012));
#3944 = CARTESIAN_POINT('',(1.934046980285,44.041522657899));
#3945 = CARTESIAN_POINT('',(1.891216404263,44.129189407817));
#3946 = CARTESIAN_POINT('',(1.848528994964,44.216562558743));
#3947 = CARTESIAN_POINT('',(1.805981350024,44.303651040834));
#3948 = CARTESIAN_POINT('',(1.763570030696,44.390462647014));
#3949 = CARTESIAN_POINT('',(1.676934431607,44.567800863887));
#3950 = CARTESIAN_POINT('',(1.632719643764,44.658308243341));
#3951 = CARTESIAN_POINT('',(1.588656360725,44.748507508491));
#3952 = CARTESIAN_POINT('',(1.544738842104,44.838408965889));
#3953 = CARTESIAN_POINT('',(1.500961966717,44.928021294442));
#3954 = CARTESIAN_POINT('',(1.411578990218,45.110985810405));
#3955 = CARTESIAN_POINT('',(1.365981789662,45.204319551081));
#3956 = CARTESIAN_POINT('',(1.320540483347,45.297330475426));
#3957 = CARTESIAN_POINT('',(1.275249354279,45.390029897595));
#3958 = CARTESIAN_POINT('',(1.230104348457,45.482427341806));
#3959 = CARTESIAN_POINT('',(1.137963673439,45.671007229107));
#3960 = CARTESIAN_POINT('',(1.090976578935,45.76717199749));
#3961 = CARTESIAN_POINT('',(1.044154954101,45.862998461503));
#3962 = CARTESIAN_POINT('',(0.997493718137,45.958499446022));
#3963 = CARTESIAN_POINT('',(0.950988236443,46.05368578312));
#3964 = CARTESIAN_POINT('',(0.855635916137,46.248859256842));
#3965 = CARTESIAN_POINT('',(0.806800631529,46.348823236449));
#3966 = CARTESIAN_POINT('',(0.758143795826,46.448426697912));
#3967 = CARTESIAN_POINT('',(0.709657230197,46.547684759131));
#3968 = CARTESIAN_POINT('',(0.66133344536,46.64660995177));
#3969 = CARTESIAN_POINT('',(0.562786915503,46.848344480318));
#3970 = CARTESIAN_POINT('',(0.512571423783,46.95113880845));
#3971 = CARTESIAN_POINT('',(0.462537628404,47.053557133927));
#3972 = CARTESIAN_POINT('',(0.412676611287,47.155616173154));
#3973 = CARTESIAN_POINT('',(0.362982191073,47.257329821859));
#3974 = CARTESIAN_POINT('',(0.27424430125,47.438952678805));
#3975 = CARTESIAN_POINT('',(0.235131210663,47.519005275384));
#3976 = CARTESIAN_POINT('',(0.196125994062,47.59883657665));
#3977 = CARTESIAN_POINT('',(0.157226522626,47.678452311146));
#3978 = CARTESIAN_POINT('',(0.118430771436,47.75785756067));
#3979 = CARTESIAN_POINT('',(6.641978169688E-02,47.864313728444));
#3980 = CARTESIAN_POINT('',(5.311130212622E-02,47.891553774427));
#3981 = CARTESIAN_POINT('',(3.981513159188E-02,47.918768863553));
#3982 = CARTESIAN_POINT('',(2.653122485095E-02,47.945959083945));
#3983 = CARTESIAN_POINT('',(1.325953230499E-02,47.973124521936));
#3984 = CARTESIAN_POINT('',(0.,48.000265262071));
#3985 = ( GEOMETRIC_REPRESENTATION_CONTEXT(2) 
PARAMETRIC_REPRESENTATION_CONTEXT() REPRESENTATION_CONTEXT('2D SPACE',''
  ) );
#3986 = ORIENTED_EDGE('',*,*,#3987,.T.);
#3987 = EDGE_CURVE('',#3694,#3988,#3990,.T.);
#3988 = VERTEX_POINT('',#3989);
#3989 = CARTESIAN_POINT('',(12.825001583097,30.304587260223,
    109.64999834505));
#3990 = SURFACE_CURVE('',#3991,(#4024,#4060),.PCURVE_S1.);
#3991 = B_SPLINE_CURVE_WITH_KNOTS('',6,(#3992,#3993,#3994,#3995,#3996,
    #3997,#3998,#3999,#4000,#4001,#4002,#4003,#4004,#4005,#4006,#4007,
    #4008,#4009,#4010,#4011,#4012,#4013,#4014,#4015,#4016,#4017,#4018,
    #4019,#4020,#4021,#4022,#4023),.UNSPECIFIED.,.F.,.F.,(7,5,5,5,5,5,7)
  ,(0.,0.187062456184,0.278828419156,0.601167824766,0.923530555628,
    0.95529919283,1.),.UNSPECIFIED.);
#3992 = CARTESIAN_POINT('',(6.802056428383,39.068040591569,
    109.64999168146));
#3993 = CARTESIAN_POINT('',(6.855670597493,38.729532856604,
    109.64999172955));
#3994 = CARTESIAN_POINT('',(6.920557420257,38.392809859062,
    109.64999205821));
#3995 = CARTESIAN_POINT('',(6.996642359249,38.058342239433,
    109.64999261343));
#3996 = CARTESIAN_POINT('',(7.083825262969,37.726594372754,
    109.64999332616));
#3997 = CARTESIAN_POINT('',(7.181980365843,37.398024368605,
    109.6499941123));
#3998 = CARTESIAN_POINT('',(7.344415868855,36.913680308775,
    109.64999524578));
#3999 = CARTESIAN_POINT('',(7.400479553283,36.755149875189,
    109.64999561351));
#4000 = CARTESIAN_POINT('',(7.459129503519,36.597545989961,
    109.64999596499));
#4001 = CARTESIAN_POINT('',(7.520346453554,36.440921328618,
    109.64999629003));
#4002 = CARTESIAN_POINT('',(7.584109709358,36.285328022618,
    109.64999657917));
#4003 = CARTESIAN_POINT('',(7.883240058865,35.588080711506,
    109.64999768254));
#4004 = CARTESIAN_POINT('',(8.147231626433,35.058696521103,
    109.64999799038));
#4005 = CARTESIAN_POINT('',(8.441407191991,34.544919699347,
    109.64999739917));
#4006 = CARTESIAN_POINT('',(8.764594095852,34.048879396674,
    109.64999570992));
#4007 = CARTESIAN_POINT('',(9.1154316173,33.572589630603,109.64999343681
    ));
#4008 = CARTESIAN_POINT('',(9.86930075974,32.663250120261,
    109.64998937959));
#4009 = CARTESIAN_POINT('',(10.272348352407,32.23018880753,
    109.6499875894));
#4010 = CARTESIAN_POINT('',(10.699931279579,31.820640800389,
    109.64998687653));
#4011 = CARTESIAN_POINT('',(11.150321577536,31.436315695511,
    109.6499882068));
#4012 = CARTESIAN_POINT('',(11.621643708389,31.078760073508,
    109.64999242562));
#4013 = CARTESIAN_POINT('',(12.160173763362,30.716879503312,
    109.64999604314));
#4014 = CARTESIAN_POINT('',(12.208668158453,30.684688927894,
    109.64999635863));
#4015 = CARTESIAN_POINT('',(12.257344229175,30.652772885847,
    109.64999666144));
#4016 = CARTESIAN_POINT('',(12.306200033602,30.621132660624,
    109.64999694742));
#4017 = CARTESIAN_POINT('',(12.355233617951,30.589769517797,
    109.64999721193));
#4018 = CARTESIAN_POINT('',(12.47368425679,30.514946089154,
    109.64999778454));
#4019 = CARTESIAN_POINT('',(12.543273584475,30.471758526428,
    109.64999806653));
#4020 = CARTESIAN_POINT('',(12.613205523337,30.42912549285,
    109.64999828149));
#4021 = CARTESIAN_POINT('',(12.683474553014,30.387050393291,
    109.64999841271));
#4022 = CARTESIAN_POINT('',(12.754075109091,30.345536561525,
    109.64999844108));
#4023 = CARTESIAN_POINT('',(12.825001583097,30.304587260223,
    109.64999834505));
#4024 = PCURVE('',#1919,#4025);
#4025 = DEFINITIONAL_REPRESENTATION('',(#4026),#4059);
#4026 = B_SPLINE_CURVE_WITH_KNOTS('',6,(#4027,#4028,#4029,#4030,#4031,
    #4032,#4033,#4034,#4035,#4036,#4037,#4038,#4039,#4040,#4041,#4042,
    #4043,#4044,#4045,#4046,#4047,#4048,#4049,#4050,#4051,#4052,#4053,
    #4054,#4055,#4056,#4057,#4058),.UNSPECIFIED.,.F.,.F.,(7,5,5,5,5,5,7)
  ,(0.,0.187062456184,0.278828419156,0.601167824766,0.923530555628,
    0.95529919283,1.),.UNSPECIFIED.);
#4027 = CARTESIAN_POINT('',(3.298671881815,1.999991681462));
#4028 = CARTESIAN_POINT('',(3.326423094587,1.999991729555));
#4029 = CARTESIAN_POINT('',(3.354174325294,1.999992058222));
#4030 = CARTESIAN_POINT('',(3.381925563612,1.999992613443));
#4031 = CARTESIAN_POINT('',(3.409676799656,1.999993326164));
#4032 = CARTESIAN_POINT('',(3.437428023973,1.999994112303));
#4033 = CARTESIAN_POINT('',(3.478792947646,1.999995245785));
#4034 = CARTESIAN_POINT('',(3.492406667399,1.999995613514));
#4035 = CARTESIAN_POINT('',(3.506020386508,1.999995964995));
#4036 = CARTESIAN_POINT('',(3.519634104709,1.999996290032));
#4037 = CARTESIAN_POINT('',(3.533247821772,1.999996579165));
#4038 = CARTESIAN_POINT('',(3.594681414228,1.999997682544));
#4039 = CARTESIAN_POINT('',(3.642502065964,1.999997990372));
#4040 = CARTESIAN_POINT('',(3.690321793518,1.999997399177));
#4041 = CARTESIAN_POINT('',(3.738141518971,1.999995709911));
#4042 = CARTESIAN_POINT('',(3.785962172051,1.999993436814));
#4043 = CARTESIAN_POINT('',(3.881605400793,1.999989379601));
#4044 = CARTESIAN_POINT('',(3.929429516004,1.999987589433));
#4045 = CARTESIAN_POINT('',(3.977252752136,1.999986876509));
#4046 = CARTESIAN_POINT('',(4.025076041237,1.999988206867));
#4047 = CARTESIAN_POINT('',(4.072900216058,1.999992425628));
#4048 = CARTESIAN_POINT('',(4.125436564601,1.999996043143));
#4049 = CARTESIAN_POINT('',(4.130149527883,1.999996358631));
#4050 = CARTESIAN_POINT('',(4.134862490966,1.999996661436));
#4051 = CARTESIAN_POINT('',(4.139575453824,1.999996947415));
#4052 = CARTESIAN_POINT('',(4.144288416432,1.99999721192));
#4053 = CARTESIAN_POINT('',(4.155632863113,1.999997784529));
#4054 = CARTESIAN_POINT('',(4.162264346932,1.999998066499));
#4055 = CARTESIAN_POINT('',(4.168895830146,1.999998281451));
#4056 = CARTESIAN_POINT('',(4.175527312684,1.999998412689));
#4057 = CARTESIAN_POINT('',(4.182158794471,1.99999844108));
#4058 = CARTESIAN_POINT('',(4.188790275436,1.999998345059));
#4059 = ( GEOMETRIC_REPRESENTATION_CONTEXT(2) 
PARAMETRIC_REPRESENTATION_CONTEXT() REPRESENTATION_CONTEXT('2D SPACE',''
  ) );
#4060 = PCURVE('',#4061,#4200);
#4061 = B_SPLINE_SURFACE_WITH_KNOTS('',1,9,(
    (#4062,#4063,#4064,#4065,#4066,#4067,#4068,#4069,#4070,#4071,#4072
      ,#4073,#4074,#4075,#4076,#4077,#4078,#4079,#4080,#4081,#4082,#4083
      ,#4084,#4085,#4086,#4087,#4088,#4089,#4090,#4091,#4092,#4093,#4094
      ,#4095,#4096,#4097,#4098,#4099,#4100,#4101,#4102,#4103,#4104,#4105
      ,#4106,#4107,#4108,#4109,#4110,#4111,#4112,#4113,#4114,#4115,#4116
      ,#4117,#4118,#4119,#4120,#4121,#4122,#4123,#4124,#4125,#4126,#4127
      ,#4128,#4129,#4130)
    ,(#4131,#4132,#4133,#4134,#4135,#4136,#4137,#4138,#4139,#4140,#4141
      ,#4142,#4143,#4144,#4145,#4146,#4147,#4148,#4149,#4150,#4151,#4152
      ,#4153,#4154,#4155,#4156,#4157,#4158,#4159,#4160,#4161,#4162,#4163
      ,#4164,#4165,#4166,#4167,#4168,#4169,#4170,#4171,#4172,#4173,#4174
      ,#4175,#4176,#4177,#4178,#4179,#4180,#4181,#4182,#4183,#4184,#4185
      ,#4186,#4187,#4188,#4189,#4190,#4191,#4192,#4193,#4194,#4195,#4196
      ,#4197,#4198,#4199
    )),.UNSPECIFIED.,.F.,.F.,.F.,(2,2),(10,8,9,8,9,8,9,8,10),(0.,1.),(0.
    ,6.153880704209,12.307761408417,18.461642112626,24.615522816834,
    30.769403521043,36.923284225252,43.07716492946,49.231045633669),
  .UNSPECIFIED.);
#4062 = CARTESIAN_POINT('',(31.35,41.,75.5));
#4063 = CARTESIAN_POINT('',(31.349992960623,47.107253727004,
    75.972194064706));
#4064 = CARTESIAN_POINT('',(27.951754309133,53.21536797162,
    76.444499930641));
#4065 = CARTESIAN_POINT('',(21.160696257412,57.155051588978,
    76.91657260158));
#4066 = CARTESIAN_POINT('',(12.558438592607,56.808389248397,
    77.388966011208));
#4067 = CARTESIAN_POINT('',(5.397142053316,51.313948551369,
    77.86105832767));
#4068 = CARTESIAN_POINT('',(2.83646939077,43.093934511954,
    78.333346715402));
#4069 = CARTESIAN_POINT('',(4.88380763724,35.514927965928,
    78.805547712874));
#4070 = CARTESIAN_POINT('',(9.904489382943,30.651475399162,
    79.277772293094));
#4071 = CARTESIAN_POINT('',(21.702681885484,27.490159336069,
    80.222218250041));
#4072 = CARTESIAN_POINT('',(28.482445359336,29.191690897785,
    80.694442830245));
#4073 = CARTESIAN_POINT('',(34.044999600972,34.731642001625,
    81.166643827805));
#4074 = CARTESIAN_POINT('',(35.937383279179,43.130709604961,
    81.638932215301));
#4075 = CARTESIAN_POINT('',(32.482770586441,51.46967974612,
    82.111024532149));
#4076 = CARTESIAN_POINT('',(25.206280677971,56.07105100761,
    82.58341794136));
#4077 = CARTESIAN_POINT('',(17.355257849605,56.05468126155,
    83.055490612605));
#4078 = CARTESIAN_POINT('',(11.358208267908,52.464038672685,
    83.527796478389));
#4079 = CARTESIAN_POINT('',(8.304587874491,47.174998062254,
    83.999990543144));
#4080 = CARTESIAN_POINT('',(5.250962552669,41.885963145215,
    84.472211340362));
#4081 = CARTESIAN_POINT('',(5.139873570148,34.897053128121,
    84.944475302254));
#4082 = CARTESIAN_POINT('',(9.051251589607,28.089668786393,
    85.416600581493));
#4083 = CARTESIAN_POINT('',(16.674365528043,24.0887474027,
    85.888940576949));
#4084 = CARTESIAN_POINT('',(25.623443154846,25.266433314555,
    86.36107661287));
#4085 = CARTESIAN_POINT('',(31.951062576678,31.104832157379,
    86.833336677555));
#4086 = CARTESIAN_POINT('',(33.967516553861,38.692116328287,
    87.305551551618));
#4087 = CARTESIAN_POINT('',(32.051205676336,45.414329741779,87.777771582
    ));
#4088 = CARTESIAN_POINT('',(23.414329102918,54.051206228385,
    88.722218589706));
#4089 = CARTESIAN_POINT('',(16.692116062613,55.967518238514,
    89.194442344925));
#4090 = CARTESIAN_POINT('',(9.104827050502,53.951057180375,
    89.66664438136));
#4091 = CARTESIAN_POINT('',(3.266441090458,47.623442890077,
    90.138931708576));
#4092 = CARTESIAN_POINT('',(2.088738222804,38.674376738838,
    90.61102490118));
#4093 = CARTESIAN_POINT('',(6.089677801497,31.05122726231,
    91.083417733382));
#4094 = CARTESIAN_POINT('',(12.897047839672,27.139892523723,
    91.555490697492));
#4095 = CARTESIAN_POINT('',(19.885966437594,27.25095540919,
    92.027796457787));
#4096 = CARTESIAN_POINT('',(25.174999573504,30.304588747011,
    92.499990543118));
#4097 = CARTESIAN_POINT('',(30.464034136264,33.35821469093,
    92.972211361035));
#4098 = CARTESIAN_POINT('',(34.054695016033,39.355243792818,
    93.444475217248));
#4099 = CARTESIAN_POINT('',(34.071034485245,47.206300649091,
    93.916600789643));
#4100 = CARTESIAN_POINT('',(29.469684797234,54.482757030806,
    94.388940207728));
#4101 = CARTESIAN_POINT('',(21.130713356861,57.937390145856,
    94.861077119748));
#4102 = CARTESIAN_POINT('',(12.731634672828,56.044997876366,
    95.333336123913));
#4103 = CARTESIAN_POINT('',(7.191692313428,50.482444286942,
    95.805552036973));
#4104 = CARTESIAN_POINT('',(5.490159432049,43.70268105619,
    96.277771242329));
#4105 = CARTESIAN_POINT('',(8.651475807624,31.904488585422,
    97.222219300802));
#4106 = CARTESIAN_POINT('',(13.51492664535,26.883806045494,
    97.694438506185));
#4107 = CARTESIAN_POINT('',(21.093943484958,24.836471510482,
    98.166654419189));
#4108 = CARTESIAN_POINT('',(29.313938575693,27.397146170952,
    98.63891342341));
#4109 = CARTESIAN_POINT('',(34.808396286106,34.558424293338,
    99.111050335405));
#4110 = CARTESIAN_POINT('',(35.155050782432,43.160721833379,
    99.583389753481));
#4111 = CARTESIAN_POINT('',(31.215367619306,49.951735250492,
    100.05551532589));
#4112 = CARTESIAN_POINT('',(25.107251259616,53.350000793226,
    100.52777918209));
#4113 = CARTESIAN_POINT('',(18.999999999997,53.349999999997,
    100.99999999999));
#4114 = CARTESIAN_POINT('',(12.892746273003,53.349992960619,
    101.4721940647));
#4115 = CARTESIAN_POINT('',(6.784632028368,49.951754309152,
    101.94449993064));
#4116 = CARTESIAN_POINT('',(2.844948411037,43.160696257379,
    102.41657260157));
#4117 = CARTESIAN_POINT('',(3.191610751587,34.558438592643,
    102.88896601121));
#4118 = CARTESIAN_POINT('',(8.686051448642,27.39714205329,
    103.36105832765));
#4119 = CARTESIAN_POINT('',(16.906065488041,24.836469390781,
    103.8333467154));
#4120 = CARTESIAN_POINT('',(24.485072034074,26.883807637238,
    104.30554771287));
#4121 = CARTESIAN_POINT('',(29.348524600838,31.904489382943,
    104.77777229309));
#4122 = CARTESIAN_POINT('',(32.509840663931,43.702681885484,
    105.72221825004));
#4123 = CARTESIAN_POINT('',(30.808309102194,50.482445359337,
    106.19444283024));
#4124 = CARTESIAN_POINT('',(25.268357998472,56.044999600973,
    106.6666438278));
#4125 = CARTESIAN_POINT('',(16.869290394828,57.93738327917,
    107.13893221529));
#4126 = CARTESIAN_POINT('',(8.530320254153,54.482770586459,
    107.61102453215));
#4127 = CARTESIAN_POINT('',(3.928948992171,47.20628067795,
    108.08341794135));
#4128 = CARTESIAN_POINT('',(3.94531873855,39.355257849617,
    108.55549061259));
#4129 = CARTESIAN_POINT('',(7.535961327302,33.358208267906,
    109.0277964784));
#4130 = CARTESIAN_POINT('',(12.825001937748,30.304587874496,
    109.49999054313));
#4131 = CARTESIAN_POINT('',(31.35,41.,76.5));
#4132 = CARTESIAN_POINT('',(31.350007039382,47.107254896197,
    76.972194064706));
#4133 = CARTESIAN_POINT('',(27.951729966663,53.215368313812,
    77.444499930607));
#4134 = CARTESIAN_POINT('',(21.160728045497,57.155056619132,
    77.916572601661));
#4135 = CARTESIAN_POINT('',(12.558415682207,56.808396493297,
    78.388966011083));
#4136 = CARTESIAN_POINT('',(5.3971472761,51.313941299601,78.861058327773
    ));
#4137 = CARTESIAN_POINT('',(2.836465904335,43.093941792466,
    79.333346715349));
#4138 = CARTESIAN_POINT('',(4.883804562889,35.514924974138,
    79.805547712883));
#4139 = CARTESIAN_POINT('',(9.904487486786,30.651473103036,
    80.277772293091));
#4140 = CARTESIAN_POINT('',(21.702682426203,27.490157100148,
    81.222218250039));
#4141 = CARTESIAN_POINT('',(28.482447823347,29.191690504962,
    81.694442830262));
#4142 = CARTESIAN_POINT('',(34.044998701413,34.731635039417,
    82.166643827709));
#4143 = CARTESIAN_POINT('',(35.937397913407,43.130714090344,
    82.638932215517));
#4144 = CARTESIAN_POINT('',(32.482752284538,51.469688934593,
    83.11102453183));
#4145 = CARTESIAN_POINT('',(25.206308068864,56.07103652834,
    83.583417941652));
#4146 = CARTESIAN_POINT('',(17.355235967355,56.054698900032,
    84.055490612429));
#4147 = CARTESIAN_POINT('',(11.35821695012,52.46403501008,
    84.527796478444));
#4148 = CARTESIAN_POINT('',(8.304583779549,47.175000426468,
    84.999990543133));
#4149 = CARTESIAN_POINT('',(5.250957256095,41.885964853127,
    85.472211340382));
#4150 = CARTESIAN_POINT('',(5.139883815835,34.897046817647,
    85.944475302191));
#4151 = CARTESIAN_POINT('',(9.05123366091,28.089673329193,
    86.416600581608));
#4152 = CARTESIAN_POINT('',(16.674370733214,24.088736031826,
    86.888940576793));
#4153 = CARTESIAN_POINT('',(25.623450175397,25.266437634842,
    87.361076612994));
#4154 = CARTESIAN_POINT('',(31.951057609244,31.104826618523,
    87.83333667749));
#4155 = CARTESIAN_POINT('',(33.967522374449,38.69211642239,
    88.305551551632));
#4156 = CARTESIAN_POINT('',(32.051208158605,45.414330959978,
    88.777771581995));
#4157 = CARTESIAN_POINT('',(23.414329899681,54.051208350192,
    89.722218589705));
#4158 = CARTESIAN_POINT('',(16.692113914975,55.967519932043,
    90.194442344941));
#4159 = CARTESIAN_POINT('',(9.104831550354,53.951062621655,
    90.666644381263));
#4160 = CARTESIAN_POINT('',(3.266425954708,47.623446449417,
    91.138931708793));
#4161 = CARTESIAN_POINT('',(2.088749638315,38.674359538174,
    91.61102490086));
#4162 = CARTESIAN_POINT('',(6.089661229821,31.05125354918,
    92.083417733675));
#4163 = CARTESIAN_POINT('',(12.897058007811,27.13986628598,
    92.555490697315));
#4164 = CARTESIAN_POINT('',(19.885960740932,27.250962927381,
    93.027796457843));
#4165 = CARTESIAN_POINT('',(25.175001937726,30.304584652058,
    93.499990543107));
#4166 = CARTESIAN_POINT('',(30.464037869267,33.358210553238,
    93.972211361056));
#4167 = CARTESIAN_POINT('',(34.054689298281,39.355254423159,
    94.444475217186));
#4168 = CARTESIAN_POINT('',(34.071047740473,47.206287646535,
    94.916600789755));
#4169 = CARTESIAN_POINT('',(29.46968597496,54.482769665408,
    95.388940207576));
#4170 = CARTESIAN_POINT('',(21.130705116662,57.937389661276,
    95.861077119869));
#4171 = CARTESIAN_POINT('',(12.731641744221,56.045000466212,
    96.333336123849));
#4172 = CARTESIAN_POINT('',(7.191687225587,50.482446873089,
    96.805552036986));
#4173 = CARTESIAN_POINT('',(5.490156673243,43.702681412163,
    97.277771242324));
#4174 = CARTESIAN_POINT('',(8.651474056702,31.90448679072,
    98.222219300801));
#4175 = CARTESIAN_POINT('',(13.514927658488,26.883805424405,
    98.694438506196));
#4176 = CARTESIAN_POINT('',(21.09393686736,24.836464029191,
    99.166654419105));
#4177 = CARTESIAN_POINT('',(29.313949903899,27.397144663225,
    99.638913423603));
#4178 = CARTESIAN_POINT('',(34.808395000407,34.558432180125,
    100.11105033511));
#4179 = CARTESIAN_POINT('',(35.155051990411,43.16070477246,
    100.58338975374));
#4180 = CARTESIAN_POINT('',(31.215371932348,49.951750742872,
    101.05551532575));
#4181 = CARTESIAN_POINT('',(25.10725243397,53.350000071809,
    101.52777918213));
#4182 = CARTESIAN_POINT('',(18.999999999995,53.350000000001,
    101.99999999999));
#4183 = CARTESIAN_POINT('',(12.89274510381,53.350007039375,
    102.4721940647));
#4184 = CARTESIAN_POINT('',(6.784631686178,49.951729966682,
    102.94449993061));
#4185 = CARTESIAN_POINT('',(2.844943380883,43.160728045466,
    103.41657260165));
#4186 = CARTESIAN_POINT('',(3.191603506688,34.558415682239,
    103.88896601109));
#4187 = CARTESIAN_POINT('',(8.686058700411,27.397147276077,
    104.36105832775));
#4188 = CARTESIAN_POINT('',(16.906058207528,24.836465904345,
    104.83334671535));
#4189 = CARTESIAN_POINT('',(24.485075025864,26.883804562887,
    105.30554771287));
#4190 = CARTESIAN_POINT('',(29.348526896964,31.904487486786,
    105.77777229309));
#4191 = CARTESIAN_POINT('',(32.509842899852,43.702682426203,
    106.72221825003));
#4192 = CARTESIAN_POINT('',(30.808309495015,50.482447823348,
    107.19444283026));
#4193 = CARTESIAN_POINT('',(25.268364960684,56.044998701414,
    107.6666438277));
#4194 = CARTESIAN_POINT('',(16.869285909435,57.937397913402,
    108.13893221551));
#4195 = CARTESIAN_POINT('',(8.530311065693,54.48275228455,
    108.61102453183));
#4196 = CARTESIAN_POINT('',(3.928963471433,47.206308068852,
    109.08341794164));
#4197 = CARTESIAN_POINT('',(3.945301100069,39.355235967359,
    109.55549061242));
#4198 = CARTESIAN_POINT('',(7.53596498991,33.358216950125,
    110.02779647845));
#4199 = CARTESIAN_POINT('',(12.824999573531,30.304583779551,
    110.49999054312));
#4200 = DEFINITIONAL_REPRESENTATION('',(#4201),#4234);
#4201 = B_SPLINE_CURVE_WITH_KNOTS('',6,(#4202,#4203,#4204,#4205,#4206,
    #4207,#4208,#4209,#4210,#4211,#4212,#4213,#4214,#4215,#4216,#4217,
    #4218,#4219,#4220,#4221,#4222,#4223,#4224,#4225,#4226,#4227,#4228,
    #4229,#4230,#4231,#4232,#4233),.UNSPECIFIED.,.F.,.F.,(7,5,5,5,5,5,7)
  ,(0.,0.187062456184,0.278828419156,0.601167824766,0.923530555628,
    0.95529919283,1.),.UNSPECIFIED.);
#4202 = CARTESIAN_POINT('',(1.,48.000265262071));
#4203 = CARTESIAN_POINT('',(0.973499722672,48.038637055447));
#4204 = CARTESIAN_POINT('',(0.946999641748,48.077008955569));
#4205 = CARTESIAN_POINT('',(0.920499701674,48.11538096083));
#4206 = CARTESIAN_POINT('',(0.89399983604,48.153753064157));
#4207 = CARTESIAN_POINT('',(0.867499967578,48.192125253011));
#4208 = CARTESIAN_POINT('',(0.828000102449,48.249321527471));
#4209 = CARTESIAN_POINT('',(0.815000171362,48.268145568139));
#4210 = CARTESIAN_POINT('',(0.802000204639,48.286969630212));
#4211 = CARTESIAN_POINT('',(0.789000193096,48.305793712101));
#4212 = CARTESIAN_POINT('',(0.776000128632,48.32461781181));
#4213 = CARTESIAN_POINT('',(0.717335443698,48.409563982253));
#4214 = CARTESIAN_POINT('',(0.671669387449,48.475687322186));
#4215 = CARTESIAN_POINT('',(0.62600317668,48.541809504283));
#4216 = CARTESIAN_POINT('',(0.580335857431,48.607931643795));
#4217 = CARTESIAN_POINT('',(0.534667248849,48.67405480183));
#4218 = CARTESIAN_POINT('',(0.443329411059,48.806302957553));
#4219 = CARTESIAN_POINT('',(0.397658705777,48.872430083742));
#4220 = CARTESIAN_POINT('',(0.3519904622,48.938555441368));
#4221 = CARTESIAN_POINT('',(0.306324932219,49.004680248814));
#4222 = CARTESIAN_POINT('',(0.260662240263,49.070805831926));
#4223 = CARTESIAN_POINT('',(0.210500054534,49.143447055183));
#4224 = CARTESIAN_POINT('',(0.206000071484,49.149963600838));
#4225 = CARTESIAN_POINT('',(0.201500082213,49.156480148646));
#4226 = CARTESIAN_POINT('',(0.19700008245,49.162996699225));
#4227 = CARTESIAN_POINT('',(0.192500067402,49.169513253235));
#4228 = CARTESIAN_POINT('',(0.181668150908,49.185199087579));
#4229 = CARTESIAN_POINT('',(0.175336229241,49.194368371989));
#4230 = CARTESIAN_POINT('',(0.169004252002,49.203537666565));
#4231 = CARTESIAN_POINT('',(0.162672201945,49.212706973451));
#4232 = CARTESIAN_POINT('',(0.15634005933,49.22187629498));
#4233 = CARTESIAN_POINT('',(0.150007801924,49.231045633669));
#4234 = ( GEOMETRIC_REPRESENTATION_CONTEXT(2) 
PARAMETRIC_REPRESENTATION_CONTEXT() REPRESENTATION_CONTEXT('2D SPACE',''
  ) );
#4235 = ORIENTED_EDGE('',*,*,#4236,.T.);
#4236 = EDGE_CURVE('',#3988,#4237,#4239,.T.);
#4237 = VERTEX_POINT('',#4238);
#4238 = CARTESIAN_POINT('',(13.825000000028,32.036637070815,107.65));
#4239 = SURFACE_CURVE('',#4240,(#4245,#4255),.PCURVE_S1.);
#4240 = HYPERBOLA('',#4241,4.515327424232E-06,4.515327424232E-06);
#4241 = AXIS2_PLACEMENT_3D('',#4242,#4243,#4244);
#4242 = CARTESIAN_POINT('',(18.999996089611,41.000002257662,97.3));
#4243 = DIRECTION('',(-0.866025621917,0.499999622184,-1.159619867457E-12
    ));
#4244 = DIRECTION('',(-1.004232761367E-12,5.798575696485E-13,1.));
#4245 = PCURVE('',#1919,#4246);
#4246 = DEFINITIONAL_REPRESENTATION('',(#4247),#4254);
#4247 = B_SPLINE_CURVE_WITH_KNOTS('',5,(#4248,#4249,#4250,#4251,#4252,
    #4253),.UNSPECIFIED.,.F.,.F.,(6,6),(-15.53090090787,-15.33816655478)
  ,.PIECEWISE_BEZIER_KNOTS.);
#4248 = CARTESIAN_POINT('',(4.188790281263,2.20000260061));
#4249 = CARTESIAN_POINT('',(4.188790267394,1.716239274118));
#4250 = CARTESIAN_POINT('',(4.188790252857,1.255785382608));
#4251 = CARTESIAN_POINT('',(4.188790237609,0.817143533919));
#4252 = CARTESIAN_POINT('',(4.188790221603,0.398960110889));
#4253 = CARTESIAN_POINT('',(4.188790204786,-8.881784197001E-16));
#4254 = ( GEOMETRIC_REPRESENTATION_CONTEXT(2) 
PARAMETRIC_REPRESENTATION_CONTEXT() REPRESENTATION_CONTEXT('2D SPACE',''
  ) );
#4255 = PCURVE('',#4256,#4261);
#4256 = PLANE('',#4257);
#4257 = AXIS2_PLACEMENT_3D('',#4258,#4259,#4260);
#4258 = CARTESIAN_POINT('',(13.534220312803,31.532991371383,
    109.99999725013));
#4259 = DIRECTION('',(-0.866025621917,0.499999622184,-1.159619867457E-12
    ));
#4260 = DIRECTION('',(-0.499999622184,-0.866025621917,5.551110928525E-17
    ));
#4261 = DEFINITIONAL_REPRESENTATION('',(#4262),#4266);
#4262 = ( BOUNDED_CURVE() B_SPLINE_CURVE(2,(#4263,#4264,#4265),
.UNSPECIFIED.,.F.,.F.) B_SPLINE_CURVE_WITH_KNOTS((3,3),(-15.53090090787,
-15.33816655478),.PIECEWISE_BEZIER_KNOTS.) CURVE() 
GEOMETRIC_REPRESENTATION_ITEM() RATIONAL_B_SPLINE_CURVE((1.,
1.004646910868,1.)) REPRESENTATION_ITEM('') );
#4263 = CARTESIAN_POINT('',(1.618442786783,-0.149994649522));
#4264 = CARTESIAN_POINT('',(0.412764392743,-1.355673043562));
#4265 = CARTESIAN_POINT('',(-0.581559813828,-2.349997250132));
#4266 = ( GEOMETRIC_REPRESENTATION_CONTEXT(2) 
PARAMETRIC_REPRESENTATION_CONTEXT() REPRESENTATION_CONTEXT('2D SPACE',''
  ) );
#4267 = ORIENTED_EDGE('',*,*,#4268,.T.);
#4268 = EDGE_CURVE('',#4237,#4269,#4271,.T.);
#4269 = VERTEX_POINT('',#4270);
#4270 = CARTESIAN_POINT('',(26.418993193389,33.783272663429,
    107.65000000009));
#4271 = SURFACE_CURVE('',#4272,(#4277,#4284),.PCURVE_S1.);
#4272 = CIRCLE('',#4273,10.35);
#4273 = AXIS2_PLACEMENT_3D('',#4274,#4275,#4276);
#4274 = CARTESIAN_POINT('',(19.,41.,107.65));
#4275 = DIRECTION('',(1.110223024625E-16,-0.,1.));
#4276 = DIRECTION('',(1.,0.,-1.110223024625E-16));
#4277 = PCURVE('',#1919,#4278);
#4278 = DEFINITIONAL_REPRESENTATION('',(#4279),#4283);
#4279 = LINE('',#4280,#4281);
#4280 = CARTESIAN_POINT('',(0.,0.));
#4281 = VECTOR('',#4282,1.);
#4282 = DIRECTION('',(1.,0.));
#4283 = ( GEOMETRIC_REPRESENTATION_CONTEXT(2) 
PARAMETRIC_REPRESENTATION_CONTEXT() REPRESENTATION_CONTEXT('2D SPACE',''
  ) );
#4284 = PCURVE('',#4285,#4290);
#4285 = CYLINDRICAL_SURFACE('',#4286,10.35);
#4286 = AXIS2_PLACEMENT_3D('',#4287,#4288,#4289);
#4287 = CARTESIAN_POINT('',(19.,41.,76.));
#4288 = DIRECTION('',(1.110223024625E-16,0.,1.));
#4289 = DIRECTION('',(-1.,1.224646799147E-16,1.110223024625E-16));
#4290 = DEFINITIONAL_REPRESENTATION('',(#4291),#4295);
#4291 = LINE('',#4292,#4293);
#4292 = CARTESIAN_POINT('',(-3.14159265359,31.65));
#4293 = VECTOR('',#4294,1.);
#4294 = DIRECTION('',(1.,0.));
#4295 = ( GEOMETRIC_REPRESENTATION_CONTEXT(2) 
PARAMETRIC_REPRESENTATION_CONTEXT() REPRESENTATION_CONTEXT('2D SPACE',''
  ) );
#4296 = ORIENTED_EDGE('',*,*,#4297,.T.);
#4297 = EDGE_CURVE('',#4269,#3669,#4298,.T.);
#4298 = SURFACE_CURVE('',#4299,(#4317,#4338),.PCURVE_S1.);
#4299 = B_SPLINE_CURVE_WITH_KNOTS('',6,(#4300,#4301,#4302,#4303,#4304,
    #4305,#4306,#4307,#4308,#4309,#4310,#4311,#4312,#4313,#4314,#4315,
    #4316),.UNSPECIFIED.,.F.,.F.,(7,5,5,7),(0.,0.486036324455,
    0.740297403629,1.),.UNSPECIFIED.);
#4300 = CARTESIAN_POINT('',(26.419049885639,33.783338805625,107.65));
#4301 = CARTESIAN_POINT('',(26.900448507779,34.233416783175,
    107.68125218542));
#4302 = CARTESIAN_POINT('',(27.347503035927,34.720398934344,
    107.71239624165));
#4303 = CARTESIAN_POINT('',(27.756776400431,35.24080331176,
    107.74343055125));
#4304 = CARTESIAN_POINT('',(28.125411179068,35.790809549654,
    107.77435884024));
#4305 = CARTESIAN_POINT('',(28.451034211907,36.366339564093,
    107.80518592901));
#4306 = CARTESIAN_POINT('',(28.878698561895,37.275168260595,
    107.85198112954));
#4307 = CARTESIAN_POINT('',(29.013315586976,37.593111452479,
    107.86802528368));
#4308 = CARTESIAN_POINT('',(29.135404764997,37.916236028898,
    107.88404141925));
#4309 = CARTESIAN_POINT('',(29.244749573879,38.243912538713,
    107.90002975226));
#4310 = CARTESIAN_POINT('',(29.34117294657,38.575506794526,
    107.91598765077));
#4311 = CARTESIAN_POINT('',(29.509700762967,39.252402638157,
    107.94818926079));
#4312 = CARTESIAN_POINT('',(29.581240584427,39.597848311277,
    107.96443150323));
#4313 = CARTESIAN_POINT('',(29.639024045005,39.946020260474,
    107.98064542879));
#4314 = CARTESIAN_POINT('',(29.682956717453,40.296229499424,
    107.99683149159));
#4315 = CARTESIAN_POINT('',(29.712989889295,40.647786261545,
    108.01298988925));
#4316 = CARTESIAN_POINT('',(29.729120562825,41.,108.02912056282));
#4317 = PCURVE('',#1919,#4318);
#4318 = DEFINITIONAL_REPRESENTATION('',(#4319),#4337);
#4319 = B_SPLINE_CURVE_WITH_KNOTS('',6,(#4320,#4321,#4322,#4323,#4324,
    #4325,#4326,#4327,#4328,#4329,#4330,#4331,#4332,#4333,#4334,#4335,
    #4336),.UNSPECIFIED.,.F.,.F.,(7,5,5,7),(0.,0.486036324455,
    0.740297403629,1.),.UNSPECIFIED.);
#4320 = CARTESIAN_POINT('',(5.511614677753,0.));
#4321 = CARTESIAN_POINT('',(5.575217018282,3.125218534527E-02));
#4322 = CARTESIAN_POINT('',(5.638600606777,6.239624182101E-02));
#4323 = CARTESIAN_POINT('',(5.701761998802,9.343055110159E-02));
#4324 = CARTESIAN_POINT('',(5.764707950399,0.124358840298));
#4325 = CARTESIAN_POINT('',(5.827444120032,0.15518592901));
#4326 = CARTESIAN_POINT('',(5.922673943521,0.201981129544));
#4327 = CARTESIAN_POINT('',(5.955323867235,0.218025283683));
#4328 = CARTESIAN_POINT('',(5.987916466368,0.234041419258));
#4329 = CARTESIAN_POINT('',(6.020452072351,0.250029752266));
#4330 = CARTESIAN_POINT('',(6.05293139741,0.265987650772));
#4331 = CARTESIAN_POINT('',(6.11847141487,0.298189260793));
#4332 = CARTESIAN_POINT('',(6.1515298313,0.314431503223));
#4333 = CARTESIAN_POINT('',(6.184530077878,0.330645428781));
#4334 = CARTESIAN_POINT('',(6.217472511934,0.346831491603));
#4335 = CARTESIAN_POINT('',(6.250357477872,0.362989889273));
#4336 = CARTESIAN_POINT('',(6.28318530718,0.379120562825));
#4337 = ( GEOMETRIC_REPRESENTATION_CONTEXT(2) 
PARAMETRIC_REPRESENTATION_CONTEXT() REPRESENTATION_CONTEXT('2D SPACE',''
  ) );
#4338 = PCURVE('',#3797,#4339);
#4339 = DEFINITIONAL_REPRESENTATION('',(#4340),#4358);
#4340 = B_SPLINE_CURVE_WITH_KNOTS('',6,(#4341,#4342,#4343,#4344,#4345,
    #4346,#4347,#4348,#4349,#4350,#4351,#4352,#4353,#4354,#4355,#4356,
    #4357),.UNSPECIFIED.,.F.,.F.,(7,5,5,7),(0.,0.486036324455,
    0.740297403629,1.),.UNSPECIFIED.);
#4341 = CARTESIAN_POINT('',(2.7495461336,42.372299837038));
#4342 = CARTESIAN_POINT('',(2.70657964194,42.460244943065));
#4343 = CARTESIAN_POINT('',(2.663760097349,42.547887471098));
#4344 = CARTESIAN_POINT('',(2.62109031016,42.635222290615));
#4345 = CARTESIAN_POINT('',(2.578566796617,42.722258248417));
#4346 = CARTESIAN_POINT('',(2.536188880031,42.809002995673));
#4347 = CARTESIAN_POINT('',(2.471864093792,42.940676185189));
#4348 = CARTESIAN_POINT('',(2.449810170746,42.985821113275));
#4349 = CARTESIAN_POINT('',(2.427796575625,43.0308853946));
#4350 = CARTESIAN_POINT('',(2.405818351392,43.075874278018));
#4351 = CARTESIAN_POINT('',(2.383876277831,43.12078316714));
#4352 = CARTESIAN_POINT('',(2.339599573805,43.211404849477));
#4353 = CARTESIAN_POINT('',(2.317266212679,43.257114253335));
#4354 = CARTESIAN_POINT('',(2.294972519318,43.302743240593));
#4355 = CARTESIAN_POINT('',(2.272718509432,43.348292454423));
#4356 = CARTESIAN_POINT('',(2.250503924206,43.393762438384));
#4357 = CARTESIAN_POINT('',(2.228328230308,43.439153636427));
#4358 = ( GEOMETRIC_REPRESENTATION_CONTEXT(2) 
PARAMETRIC_REPRESENTATION_CONTEXT() REPRESENTATION_CONTEXT('2D SPACE',''
  ) );
#4359 = ADVANCED_FACE('',(#4360),#1950,.T.);
#4360 = FACE_BOUND('',#4361,.T.);
#4361 = EDGE_LOOP('',(#4362,#4385,#4412,#4433,#4454,#4475,#4497,#4518));
#4362 = ORIENTED_EDGE('',*,*,#4363,.F.);
#4363 = EDGE_CURVE('',#4364,#1934,#4366,.T.);
#4364 = VERTEX_POINT('',#4365);
#4365 = CARTESIAN_POINT('',(22.,21.,76.));
#4366 = SURFACE_CURVE('',#4367,(#4371,#4378),.PCURVE_S1.);
#4367 = LINE('',#4368,#4369);
#4368 = CARTESIAN_POINT('',(22.,21.,8.));
#4369 = VECTOR('',#4370,1.);
#4370 = DIRECTION('',(2.22044604925E-16,0.,1.));
#4371 = PCURVE('',#1950,#4372);
#4372 = DEFINITIONAL_REPRESENTATION('',(#4373),#4377);
#4373 = LINE('',#4374,#4375);
#4374 = CARTESIAN_POINT('',(0.,17.));
#4375 = VECTOR('',#4376,1.);
#4376 = DIRECTION('',(1.,0.));
#4377 = ( GEOMETRIC_REPRESENTATION_CONTEXT(2) 
PARAMETRIC_REPRESENTATION_CONTEXT() REPRESENTATION_CONTEXT('2D SPACE',''
  ) );
#4378 = PCURVE('',#2026,#4379);
#4379 = DEFINITIONAL_REPRESENTATION('',(#4380),#4384);
#4380 = LINE('',#4381,#4382);
#4381 = CARTESIAN_POINT('',(0.,0.));
#4382 = VECTOR('',#4383,1.);
#4383 = DIRECTION('',(0.,1.));
#4384 = ( GEOMETRIC_REPRESENTATION_CONTEXT(2) 
PARAMETRIC_REPRESENTATION_CONTEXT() REPRESENTATION_CONTEXT('2D SPACE',''
  ) );
#4385 = ORIENTED_EDGE('',*,*,#4386,.F.);
#4386 = EDGE_CURVE('',#4387,#4364,#4389,.T.);
#4387 = VERTEX_POINT('',#4388);
#4388 = CARTESIAN_POINT('',(22.,16.2,76.));
#4389 = SURFACE_CURVE('',#4390,(#4394,#4401),.PCURVE_S1.);
#4390 = LINE('',#4391,#4392);
#4391 = CARTESIAN_POINT('',(22.,2.,76.));
#4392 = VECTOR('',#4393,1.);
#4393 = DIRECTION('',(-0.,1.,0.));
#4394 = PCURVE('',#1950,#4395);
#4395 = DEFINITIONAL_REPRESENTATION('',(#4396),#4400);
#4396 = LINE('',#4397,#4398);
#4397 = CARTESIAN_POINT('',(68.,-2.));
#4398 = VECTOR('',#4399,1.);
#4399 = DIRECTION('',(0.,1.));
#4400 = ( GEOMETRIC_REPRESENTATION_CONTEXT(2) 
PARAMETRIC_REPRESENTATION_CONTEXT() REPRESENTATION_CONTEXT('2D SPACE',''
  ) );
#4401 = PCURVE('',#4402,#4407);
#4402 = PLANE('',#4403);
#4403 = AXIS2_PLACEMENT_3D('',#4404,#4405,#4406);
#4404 = CARTESIAN_POINT('',(22.,4.,8.));
#4405 = DIRECTION('',(-1.,0.,2.22044604925E-16));
#4406 = DIRECTION('',(2.22044604925E-16,0.,1.));
#4407 = DEFINITIONAL_REPRESENTATION('',(#4408),#4411);
#4408 = B_SPLINE_CURVE_WITH_KNOTS('',1,(#4409,#4410),.UNSPECIFIED.,.F.,
  .F.,(2,2),(2.,19.),.PIECEWISE_BEZIER_KNOTS.);
#4409 = CARTESIAN_POINT('',(68.,0.));
#4410 = CARTESIAN_POINT('',(68.,17.));
#4411 = ( GEOMETRIC_REPRESENTATION_CONTEXT(2) 
PARAMETRIC_REPRESENTATION_CONTEXT() REPRESENTATION_CONTEXT('2D SPACE',''
  ) );
#4412 = ORIENTED_EDGE('',*,*,#4413,.F.);
#4413 = EDGE_CURVE('',#4414,#4387,#4416,.T.);
#4414 = VERTEX_POINT('',#4415);
#4415 = CARTESIAN_POINT('',(22.,16.2,108.));
#4416 = SURFACE_CURVE('',#4417,(#4421,#4427),.PCURVE_S1.);
#4417 = LINE('',#4418,#4419);
#4418 = CARTESIAN_POINT('',(22.,16.2,18.5));
#4419 = VECTOR('',#4420,1.);
#4420 = DIRECTION('',(-2.22044604925E-16,0.,-1.));
#4421 = PCURVE('',#1950,#4422);
#4422 = DEFINITIONAL_REPRESENTATION('',(#4423),#4426);
#4423 = B_SPLINE_CURVE_WITH_KNOTS('',1,(#4424,#4425),.UNSPECIFIED.,.F.,
  .F.,(2,2),(-89.5,-10.5),.PIECEWISE_BEZIER_KNOTS.);
#4424 = CARTESIAN_POINT('',(100.,12.2));
#4425 = CARTESIAN_POINT('',(21.,12.2));
#4426 = ( GEOMETRIC_REPRESENTATION_CONTEXT(2) 
PARAMETRIC_REPRESENTATION_CONTEXT() REPRESENTATION_CONTEXT('2D SPACE',''
  ) );
#4427 = PCURVE('',#3580,#4428);
#4428 = DEFINITIONAL_REPRESENTATION('',(#4429),#4432);
#4429 = B_SPLINE_CURVE_WITH_KNOTS('',1,(#4430,#4431),.UNSPECIFIED.,.F.,
  .F.,(2,2),(-89.5,-10.5),.PIECEWISE_BEZIER_KNOTS.);
#4430 = CARTESIAN_POINT('',(4.1,79.));
#4431 = CARTESIAN_POINT('',(4.1,0.));
#4432 = ( GEOMETRIC_REPRESENTATION_CONTEXT(2) 
PARAMETRIC_REPRESENTATION_CONTEXT() REPRESENTATION_CONTEXT('2D SPACE',''
  ) );
#4433 = ORIENTED_EDGE('',*,*,#4434,.F.);
#4434 = EDGE_CURVE('',#4435,#4414,#4437,.T.);
#4435 = VERTEX_POINT('',#4436);
#4436 = CARTESIAN_POINT('',(22.,9.8,108.));
#4437 = SURFACE_CURVE('',#4438,(#4442,#4448),.PCURVE_S1.);
#4438 = LINE('',#4439,#4440);
#4439 = CARTESIAN_POINT('',(22.,6.9,108.));
#4440 = VECTOR('',#4441,1.);
#4441 = DIRECTION('',(0.,1.,0.));
#4442 = PCURVE('',#1950,#4443);
#4443 = DEFINITIONAL_REPRESENTATION('',(#4444),#4447);
#4444 = B_SPLINE_CURVE_WITH_KNOTS('',1,(#4445,#4446),.UNSPECIFIED.,.F.,
  .F.,(2,2),(2.9,9.3),.PIECEWISE_BEZIER_KNOTS.);
#4445 = CARTESIAN_POINT('',(100.,5.8));
#4446 = CARTESIAN_POINT('',(100.,12.2));
#4447 = ( GEOMETRIC_REPRESENTATION_CONTEXT(2) 
PARAMETRIC_REPRESENTATION_CONTEXT() REPRESENTATION_CONTEXT('2D SPACE',''
  ) );
#4448 = PCURVE('',#3606,#4449);
#4449 = DEFINITIONAL_REPRESENTATION('',(#4450),#4453);
#4450 = B_SPLINE_CURVE_WITH_KNOTS('',1,(#4451,#4452),.UNSPECIFIED.,.F.,
  .F.,(2,2),(2.9,9.3),.PIECEWISE_BEZIER_KNOTS.);
#4451 = CARTESIAN_POINT('',(4.1,0.));
#4452 = CARTESIAN_POINT('',(4.1,-6.4));
#4453 = ( GEOMETRIC_REPRESENTATION_CONTEXT(2) 
PARAMETRIC_REPRESENTATION_CONTEXT() REPRESENTATION_CONTEXT('2D SPACE',''
  ) );
#4454 = ORIENTED_EDGE('',*,*,#4455,.T.);
#4455 = EDGE_CURVE('',#4435,#4456,#4458,.T.);
#4456 = VERTEX_POINT('',#4457);
#4457 = CARTESIAN_POINT('',(22.,9.8,76.));
#4458 = SURFACE_CURVE('',#4459,(#4463,#4469),.PCURVE_S1.);
#4459 = LINE('',#4460,#4461);
#4460 = CARTESIAN_POINT('',(22.,9.8,18.5));
#4461 = VECTOR('',#4462,1.);
#4462 = DIRECTION('',(-2.22044604925E-16,0.,-1.));
#4463 = PCURVE('',#1950,#4464);
#4464 = DEFINITIONAL_REPRESENTATION('',(#4465),#4468);
#4465 = B_SPLINE_CURVE_WITH_KNOTS('',1,(#4466,#4467),.UNSPECIFIED.,.F.,
  .F.,(2,2),(-89.5,-10.5),.PIECEWISE_BEZIER_KNOTS.);
#4466 = CARTESIAN_POINT('',(100.,5.8));
#4467 = CARTESIAN_POINT('',(21.,5.8));
#4468 = ( GEOMETRIC_REPRESENTATION_CONTEXT(2) 
PARAMETRIC_REPRESENTATION_CONTEXT() REPRESENTATION_CONTEXT('2D SPACE',''
  ) );
#4469 = PCURVE('',#3632,#4470);
#4470 = DEFINITIONAL_REPRESENTATION('',(#4471),#4474);
#4471 = B_SPLINE_CURVE_WITH_KNOTS('',1,(#4472,#4473),.UNSPECIFIED.,.F.,
  .F.,(2,2),(-89.5,-10.5),.PIECEWISE_BEZIER_KNOTS.);
#4472 = CARTESIAN_POINT('',(4.1,79.));
#4473 = CARTESIAN_POINT('',(4.1,0.));
#4474 = ( GEOMETRIC_REPRESENTATION_CONTEXT(2) 
PARAMETRIC_REPRESENTATION_CONTEXT() REPRESENTATION_CONTEXT('2D SPACE',''
  ) );
#4475 = ORIENTED_EDGE('',*,*,#4476,.F.);
#4476 = EDGE_CURVE('',#4477,#4456,#4479,.T.);
#4477 = VERTEX_POINT('',#4478);
#4478 = CARTESIAN_POINT('',(22.,4.,76.));
#4479 = SURFACE_CURVE('',#4480,(#4484,#4491),.PCURVE_S1.);
#4480 = LINE('',#4481,#4482);
#4481 = CARTESIAN_POINT('',(22.,2.,76.));
#4482 = VECTOR('',#4483,1.);
#4483 = DIRECTION('',(-0.,1.,0.));
#4484 = PCURVE('',#1950,#4485);
#4485 = DEFINITIONAL_REPRESENTATION('',(#4486),#4490);
#4486 = LINE('',#4487,#4488);
#4487 = CARTESIAN_POINT('',(68.,-2.));
#4488 = VECTOR('',#4489,1.);
#4489 = DIRECTION('',(0.,1.));
#4490 = ( GEOMETRIC_REPRESENTATION_CONTEXT(2) 
PARAMETRIC_REPRESENTATION_CONTEXT() REPRESENTATION_CONTEXT('2D SPACE',''
  ) );
#4491 = PCURVE('',#4402,#4492);
#4492 = DEFINITIONAL_REPRESENTATION('',(#4493),#4496);
#4493 = B_SPLINE_CURVE_WITH_KNOTS('',1,(#4494,#4495),.UNSPECIFIED.,.F.,
  .F.,(2,2),(2.,19.),.PIECEWISE_BEZIER_KNOTS.);
#4494 = CARTESIAN_POINT('',(68.,0.));
#4495 = CARTESIAN_POINT('',(68.,17.));
#4496 = ( GEOMETRIC_REPRESENTATION_CONTEXT(2) 
PARAMETRIC_REPRESENTATION_CONTEXT() REPRESENTATION_CONTEXT('2D SPACE',''
  ) );
#4497 = ORIENTED_EDGE('',*,*,#4498,.T.);
#4498 = EDGE_CURVE('',#4477,#1936,#4499,.T.);
#4499 = SURFACE_CURVE('',#4500,(#4504,#4511),.PCURVE_S1.);
#4500 = LINE('',#4501,#4502);
#4501 = CARTESIAN_POINT('',(22.,4.,8.));
#4502 = VECTOR('',#4503,1.);
#4503 = DIRECTION('',(2.22044604925E-16,0.,1.));
#4504 = PCURVE('',#1950,#4505);
#4505 = DEFINITIONAL_REPRESENTATION('',(#4506),#4510);
#4506 = LINE('',#4507,#4508);
#4507 = CARTESIAN_POINT('',(0.,0.));
#4508 = VECTOR('',#4509,1.);
#4509 = DIRECTION('',(1.,0.));
#4510 = ( GEOMETRIC_REPRESENTATION_CONTEXT(2) 
PARAMETRIC_REPRESENTATION_CONTEXT() REPRESENTATION_CONTEXT('2D SPACE',''
  ) );
#4511 = PCURVE('',#1976,#4512);
#4512 = DEFINITIONAL_REPRESENTATION('',(#4513),#4517);
#4513 = LINE('',#4514,#4515);
#4514 = CARTESIAN_POINT('',(0.,0.));
#4515 = VECTOR('',#4516,1.);
#4516 = DIRECTION('',(0.,1.));
#4517 = ( GEOMETRIC_REPRESENTATION_CONTEXT(2) 
PARAMETRIC_REPRESENTATION_CONTEXT() REPRESENTATION_CONTEXT('2D SPACE',''
  ) );
#4518 = ORIENTED_EDGE('',*,*,#1933,.F.);
#4519 = ADVANCED_FACE('',(#4520),#2026,.F.);
#4520 = FACE_BOUND('',#4521,.F.);
#4521 = EDGE_LOOP('',(#4522,#4523,#4543,#4564));
#4522 = ORIENTED_EDGE('',*,*,#4363,.F.);
#4523 = ORIENTED_EDGE('',*,*,#4524,.F.);
#4524 = EDGE_CURVE('',#2413,#4364,#4525,.T.);
#4525 = SURFACE_CURVE('',#4526,(#4530,#4537),.PCURVE_S1.);
#4526 = LINE('',#4527,#4528);
#4527 = CARTESIAN_POINT('',(34.5,21.,76.));
#4528 = VECTOR('',#4529,1.);
#4529 = DIRECTION('',(1.,0.,-2.22044604925E-16));
#4530 = PCURVE('',#2026,#4531);
#4531 = DEFINITIONAL_REPRESENTATION('',(#4532),#4536);
#4532 = LINE('',#4533,#4534);
#4533 = CARTESIAN_POINT('',(-12.5,68.));
#4534 = VECTOR('',#4535,1.);
#4535 = DIRECTION('',(-1.,0.));
#4536 = ( GEOMETRIC_REPRESENTATION_CONTEXT(2) 
PARAMETRIC_REPRESENTATION_CONTEXT() REPRESENTATION_CONTEXT('2D SPACE',''
  ) );
#4537 = PCURVE('',#2428,#4538);
#4538 = DEFINITIONAL_REPRESENTATION('',(#4539),#4542);
#4539 = B_SPLINE_CURVE_WITH_KNOTS('',1,(#4540,#4541),.UNSPECIFIED.,.F.,
  .F.,(2,2),(-30.5,-12.5),.PIECEWISE_BEZIER_KNOTS.);
#4540 = CARTESIAN_POINT('',(18.,68.));
#4541 = CARTESIAN_POINT('',(0.,68.));
#4542 = ( GEOMETRIC_REPRESENTATION_CONTEXT(2) 
PARAMETRIC_REPRESENTATION_CONTEXT() REPRESENTATION_CONTEXT('2D SPACE',''
  ) );
#4543 = ORIENTED_EDGE('',*,*,#4544,.T.);
#4544 = EDGE_CURVE('',#2413,#1988,#4545,.T.);
#4545 = SURFACE_CURVE('',#4546,(#4550,#4557),.PCURVE_S1.);
#4546 = LINE('',#4547,#4548);
#4547 = CARTESIAN_POINT('',(4.,21.,8.));
#4548 = VECTOR('',#4549,1.);
#4549 = DIRECTION('',(2.22044604925E-16,0.,1.));
#4550 = PCURVE('',#2026,#4551);
#4551 = DEFINITIONAL_REPRESENTATION('',(#4552),#4556);
#4552 = LINE('',#4553,#4554);
#4553 = CARTESIAN_POINT('',(18.,0.));
#4554 = VECTOR('',#4555,1.);
#4555 = DIRECTION('',(0.,1.));
#4556 = ( GEOMETRIC_REPRESENTATION_CONTEXT(2) 
PARAMETRIC_REPRESENTATION_CONTEXT() REPRESENTATION_CONTEXT('2D SPACE',''
  ) );
#4557 = PCURVE('',#2002,#4558);
#4558 = DEFINITIONAL_REPRESENTATION('',(#4559),#4563);
#4559 = LINE('',#4560,#4561);
#4560 = CARTESIAN_POINT('',(0.,17.));
#4561 = VECTOR('',#4562,1.);
#4562 = DIRECTION('',(1.,0.));
#4563 = ( GEOMETRIC_REPRESENTATION_CONTEXT(2) 
PARAMETRIC_REPRESENTATION_CONTEXT() REPRESENTATION_CONTEXT('2D SPACE',''
  ) );
#4564 = ORIENTED_EDGE('',*,*,#2013,.F.);
#4565 = ADVANCED_FACE('',(#4566),#1976,.T.);
#4566 = FACE_BOUND('',#4567,.T.);
#4567 = EDGE_LOOP('',(#4568,#4569,#4589,#4610));
#4568 = ORIENTED_EDGE('',*,*,#4498,.F.);
#4569 = ORIENTED_EDGE('',*,*,#4570,.F.);
#4570 = EDGE_CURVE('',#2469,#4477,#4571,.T.);
#4571 = SURFACE_CURVE('',#4572,(#4576,#4583),.PCURVE_S1.);
#4572 = LINE('',#4573,#4574);
#4573 = CARTESIAN_POINT('',(34.5,4.,76.));
#4574 = VECTOR('',#4575,1.);
#4575 = DIRECTION('',(1.,0.,-2.22044604925E-16));
#4576 = PCURVE('',#1976,#4577);
#4577 = DEFINITIONAL_REPRESENTATION('',(#4578),#4582);
#4578 = LINE('',#4579,#4580);
#4579 = CARTESIAN_POINT('',(-12.5,68.));
#4580 = VECTOR('',#4581,1.);
#4581 = DIRECTION('',(-1.,0.));
#4582 = ( GEOMETRIC_REPRESENTATION_CONTEXT(2) 
PARAMETRIC_REPRESENTATION_CONTEXT() REPRESENTATION_CONTEXT('2D SPACE',''
  ) );
#4583 = PCURVE('',#2484,#4584);
#4584 = DEFINITIONAL_REPRESENTATION('',(#4585),#4588);
#4585 = B_SPLINE_CURVE_WITH_KNOTS('',1,(#4586,#4587),.UNSPECIFIED.,.F.,
  .F.,(2,2),(-30.5,-12.5),.PIECEWISE_BEZIER_KNOTS.);
#4586 = CARTESIAN_POINT('',(18.,68.));
#4587 = CARTESIAN_POINT('',(0.,68.));
#4588 = ( GEOMETRIC_REPRESENTATION_CONTEXT(2) 
PARAMETRIC_REPRESENTATION_CONTEXT() REPRESENTATION_CONTEXT('2D SPACE',''
  ) );
#4589 = ORIENTED_EDGE('',*,*,#4590,.T.);
#4590 = EDGE_CURVE('',#2469,#1962,#4591,.T.);
#4591 = SURFACE_CURVE('',#4592,(#4596,#4603),.PCURVE_S1.);
#4592 = LINE('',#4593,#4594);
#4593 = CARTESIAN_POINT('',(4.,4.,8.));
#4594 = VECTOR('',#4595,1.);
#4595 = DIRECTION('',(2.22044604925E-16,0.,1.));
#4596 = PCURVE('',#1976,#4597);
#4597 = DEFINITIONAL_REPRESENTATION('',(#4598),#4602);
#4598 = LINE('',#4599,#4600);
#4599 = CARTESIAN_POINT('',(18.,0.));
#4600 = VECTOR('',#4601,1.);
#4601 = DIRECTION('',(0.,1.));
#4602 = ( GEOMETRIC_REPRESENTATION_CONTEXT(2) 
PARAMETRIC_REPRESENTATION_CONTEXT() REPRESENTATION_CONTEXT('2D SPACE',''
  ) );
#4603 = PCURVE('',#2002,#4604);
#4604 = DEFINITIONAL_REPRESENTATION('',(#4605),#4609);
#4605 = LINE('',#4606,#4607);
#4606 = CARTESIAN_POINT('',(0.,0.));
#4607 = VECTOR('',#4608,1.);
#4608 = DIRECTION('',(1.,0.));
#4609 = ( GEOMETRIC_REPRESENTATION_CONTEXT(2) 
PARAMETRIC_REPRESENTATION_CONTEXT() REPRESENTATION_CONTEXT('2D SPACE',''
  ) );
#4610 = ORIENTED_EDGE('',*,*,#1961,.F.);
#4611 = ADVANCED_FACE('',(#4612),#2002,.F.);
#4612 = FACE_BOUND('',#4613,.F.);
#4613 = EDGE_LOOP('',(#4614,#4615,#4616,#4617,#4618,#4619,#4620,#4621));
#4614 = ORIENTED_EDGE('',*,*,#4544,.F.);
#4615 = ORIENTED_EDGE('',*,*,#2519,.F.);
#4616 = ORIENTED_EDGE('',*,*,#2135,.F.);
#4617 = ORIENTED_EDGE('',*,*,#2088,.F.);
#4618 = ORIENTED_EDGE('',*,*,#2063,.T.);
#4619 = ORIENTED_EDGE('',*,*,#2496,.F.);
#4620 = ORIENTED_EDGE('',*,*,#4590,.T.);
#4621 = ORIENTED_EDGE('',*,*,#1987,.F.);
#4622 = ADVANCED_FACE('',(#4623),#2296,.F.);
#4623 = FACE_BOUND('',#4624,.F.);
#4624 = EDGE_LOOP('',(#4625,#4648,#4669,#4670));
#4625 = ORIENTED_EDGE('',*,*,#4626,.F.);
#4626 = EDGE_CURVE('',#4627,#3094,#4629,.T.);
#4627 = VERTEX_POINT('',#4628);
#4628 = CARTESIAN_POINT('',(22.,78.,8.));
#4629 = SURFACE_CURVE('',#4630,(#4634,#4641),.PCURVE_S1.);
#4630 = LINE('',#4631,#4632);
#4631 = CARTESIAN_POINT('',(22.,78.,8.));
#4632 = VECTOR('',#4633,1.);
#4633 = DIRECTION('',(2.22044604925E-16,0.,1.));
#4634 = PCURVE('',#2296,#4635);
#4635 = DEFINITIONAL_REPRESENTATION('',(#4636),#4640);
#4636 = LINE('',#4637,#4638);
#4637 = CARTESIAN_POINT('',(0.,0.));
#4638 = VECTOR('',#4639,1.);
#4639 = DIRECTION('',(0.,1.));
#4640 = ( GEOMETRIC_REPRESENTATION_CONTEXT(2) 
PARAMETRIC_REPRESENTATION_CONTEXT() REPRESENTATION_CONTEXT('2D SPACE',''
  ) );
#4641 = PCURVE('',#3132,#4642);
#4642 = DEFINITIONAL_REPRESENTATION('',(#4643),#4647);
#4643 = LINE('',#4644,#4645);
#4644 = CARTESIAN_POINT('',(0.,17.));
#4645 = VECTOR('',#4646,1.);
#4646 = DIRECTION('',(1.,0.));
#4647 = ( GEOMETRIC_REPRESENTATION_CONTEXT(2) 
PARAMETRIC_REPRESENTATION_CONTEXT() REPRESENTATION_CONTEXT('2D SPACE',''
  ) );
#4648 = ORIENTED_EDGE('',*,*,#4649,.T.);
#4649 = EDGE_CURVE('',#4627,#2279,#4650,.T.);
#4650 = SURFACE_CURVE('',#4651,(#4655,#4662),.PCURVE_S1.);
#4651 = LINE('',#4652,#4653);
#4652 = CARTESIAN_POINT('',(22.,78.,8.));
#4653 = VECTOR('',#4654,1.);
#4654 = DIRECTION('',(-1.,0.,2.22044604925E-16));
#4655 = PCURVE('',#2296,#4656);
#4656 = DEFINITIONAL_REPRESENTATION('',(#4657),#4661);
#4657 = LINE('',#4658,#4659);
#4658 = CARTESIAN_POINT('',(0.,0.));
#4659 = VECTOR('',#4660,1.);
#4660 = DIRECTION('',(1.,0.));
#4661 = ( GEOMETRIC_REPRESENTATION_CONTEXT(2) 
PARAMETRIC_REPRESENTATION_CONTEXT() REPRESENTATION_CONTEXT('2D SPACE',''
  ) );
#4662 = PCURVE('',#2324,#4663);
#4663 = DEFINITIONAL_REPRESENTATION('',(#4664),#4668);
#4664 = LINE('',#4665,#4666);
#4665 = CARTESIAN_POINT('',(0.,-17.));
#4666 = VECTOR('',#4667,1.);
#4667 = DIRECTION('',(1.,0.));
#4668 = ( GEOMETRIC_REPRESENTATION_CONTEXT(2) 
PARAMETRIC_REPRESENTATION_CONTEXT() REPRESENTATION_CONTEXT('2D SPACE',''
  ) );
#4669 = ORIENTED_EDGE('',*,*,#2278,.T.);
#4670 = ORIENTED_EDGE('',*,*,#3254,.T.);
#4671 = ADVANCED_FACE('',(#4672),#2352,.T.);
#4672 = FACE_BOUND('',#4673,.T.);
#4673 = EDGE_LOOP('',(#4674,#4697,#4718,#4719));
#4674 = ORIENTED_EDGE('',*,*,#4675,.F.);
#4675 = EDGE_CURVE('',#4676,#3207,#4678,.T.);
#4676 = VERTEX_POINT('',#4677);
#4677 = CARTESIAN_POINT('',(22.,61.,8.));
#4678 = SURFACE_CURVE('',#4679,(#4683,#4690),.PCURVE_S1.);
#4679 = LINE('',#4680,#4681);
#4680 = CARTESIAN_POINT('',(22.,61.,8.));
#4681 = VECTOR('',#4682,1.);
#4682 = DIRECTION('',(2.22044604925E-16,0.,1.));
#4683 = PCURVE('',#2352,#4684);
#4684 = DEFINITIONAL_REPRESENTATION('',(#4685),#4689);
#4685 = LINE('',#4686,#4687);
#4686 = CARTESIAN_POINT('',(0.,0.));
#4687 = VECTOR('',#4688,1.);
#4688 = DIRECTION('',(0.,1.));
#4689 = ( GEOMETRIC_REPRESENTATION_CONTEXT(2) 
PARAMETRIC_REPRESENTATION_CONTEXT() REPRESENTATION_CONTEXT('2D SPACE',''
  ) );
#4690 = PCURVE('',#3132,#4691);
#4691 = DEFINITIONAL_REPRESENTATION('',(#4692),#4696);
#4692 = LINE('',#4693,#4694);
#4693 = CARTESIAN_POINT('',(0.,0.));
#4694 = VECTOR('',#4695,1.);
#4695 = DIRECTION('',(1.,0.));
#4696 = ( GEOMETRIC_REPRESENTATION_CONTEXT(2) 
PARAMETRIC_REPRESENTATION_CONTEXT() REPRESENTATION_CONTEXT('2D SPACE',''
  ) );
#4697 = ORIENTED_EDGE('',*,*,#4698,.T.);
#4698 = EDGE_CURVE('',#4676,#2309,#4699,.T.);
#4699 = SURFACE_CURVE('',#4700,(#4704,#4711),.PCURVE_S1.);
#4700 = LINE('',#4701,#4702);
#4701 = CARTESIAN_POINT('',(22.,61.,8.));
#4702 = VECTOR('',#4703,1.);
#4703 = DIRECTION('',(-1.,0.,2.22044604925E-16));
#4704 = PCURVE('',#2352,#4705);
#4705 = DEFINITIONAL_REPRESENTATION('',(#4706),#4710);
#4706 = LINE('',#4707,#4708);
#4707 = CARTESIAN_POINT('',(0.,0.));
#4708 = VECTOR('',#4709,1.);
#4709 = DIRECTION('',(1.,0.));
#4710 = ( GEOMETRIC_REPRESENTATION_CONTEXT(2) 
PARAMETRIC_REPRESENTATION_CONTEXT() REPRESENTATION_CONTEXT('2D SPACE',''
  ) );
#4711 = PCURVE('',#2324,#4712);
#4712 = DEFINITIONAL_REPRESENTATION('',(#4713),#4717);
#4713 = LINE('',#4714,#4715);
#4714 = CARTESIAN_POINT('',(0.,0.));
#4715 = VECTOR('',#4716,1.);
#4716 = DIRECTION('',(1.,0.));
#4717 = ( GEOMETRIC_REPRESENTATION_CONTEXT(2) 
PARAMETRIC_REPRESENTATION_CONTEXT() REPRESENTATION_CONTEXT('2D SPACE',''
  ) );
#4718 = ORIENTED_EDGE('',*,*,#2336,.T.);
#4719 = ORIENTED_EDGE('',*,*,#3300,.T.);
#4720 = ADVANCED_FACE('',(#4721),#2324,.T.);
#4721 = FACE_BOUND('',#4722,.T.);
#4722 = EDGE_LOOP('',(#4723,#4724,#4745,#4746));
#4723 = ORIENTED_EDGE('',*,*,#4698,.F.);
#4724 = ORIENTED_EDGE('',*,*,#4725,.T.);
#4725 = EDGE_CURVE('',#4676,#4627,#4726,.T.);
#4726 = SURFACE_CURVE('',#4727,(#4731,#4738),.PCURVE_S1.);
#4727 = LINE('',#4728,#4729);
#4728 = CARTESIAN_POINT('',(22.,61.,8.));
#4729 = VECTOR('',#4730,1.);
#4730 = DIRECTION('',(-0.,1.,0.));
#4731 = PCURVE('',#2324,#4732);
#4732 = DEFINITIONAL_REPRESENTATION('',(#4733),#4737);
#4733 = LINE('',#4734,#4735);
#4734 = CARTESIAN_POINT('',(0.,0.));
#4735 = VECTOR('',#4736,1.);
#4736 = DIRECTION('',(0.,-1.));
#4737 = ( GEOMETRIC_REPRESENTATION_CONTEXT(2) 
PARAMETRIC_REPRESENTATION_CONTEXT() REPRESENTATION_CONTEXT('2D SPACE',''
  ) );
#4738 = PCURVE('',#3132,#4739);
#4739 = DEFINITIONAL_REPRESENTATION('',(#4740),#4744);
#4740 = LINE('',#4741,#4742);
#4741 = CARTESIAN_POINT('',(0.,0.));
#4742 = VECTOR('',#4743,1.);
#4743 = DIRECTION('',(0.,1.));
#4744 = ( GEOMETRIC_REPRESENTATION_CONTEXT(2) 
PARAMETRIC_REPRESENTATION_CONTEXT() REPRESENTATION_CONTEXT('2D SPACE',''
  ) );
#4745 = ORIENTED_EDGE('',*,*,#4649,.T.);
#4746 = ORIENTED_EDGE('',*,*,#2308,.F.);
#4747 = ADVANCED_FACE('',(#4748),#2428,.F.);
#4748 = FACE_BOUND('',#4749,.F.);
#4749 = EDGE_LOOP('',(#4750,#4773,#4794,#4795));
#4750 = ORIENTED_EDGE('',*,*,#4751,.F.);
#4751 = EDGE_CURVE('',#4752,#4364,#4754,.T.);
#4752 = VERTEX_POINT('',#4753);
#4753 = CARTESIAN_POINT('',(22.,21.,8.));
#4754 = SURFACE_CURVE('',#4755,(#4759,#4766),.PCURVE_S1.);
#4755 = LINE('',#4756,#4757);
#4756 = CARTESIAN_POINT('',(22.,21.,8.));
#4757 = VECTOR('',#4758,1.);
#4758 = DIRECTION('',(2.22044604925E-16,0.,1.));
#4759 = PCURVE('',#2428,#4760);
#4760 = DEFINITIONAL_REPRESENTATION('',(#4761),#4765);
#4761 = LINE('',#4762,#4763);
#4762 = CARTESIAN_POINT('',(0.,0.));
#4763 = VECTOR('',#4764,1.);
#4764 = DIRECTION('',(0.,1.));
#4765 = ( GEOMETRIC_REPRESENTATION_CONTEXT(2) 
PARAMETRIC_REPRESENTATION_CONTEXT() REPRESENTATION_CONTEXT('2D SPACE',''
  ) );
#4766 = PCURVE('',#4402,#4767);
#4767 = DEFINITIONAL_REPRESENTATION('',(#4768),#4772);
#4768 = LINE('',#4769,#4770);
#4769 = CARTESIAN_POINT('',(0.,17.));
#4770 = VECTOR('',#4771,1.);
#4771 = DIRECTION('',(1.,0.));
#4772 = ( GEOMETRIC_REPRESENTATION_CONTEXT(2) 
PARAMETRIC_REPRESENTATION_CONTEXT() REPRESENTATION_CONTEXT('2D SPACE',''
  ) );
#4773 = ORIENTED_EDGE('',*,*,#4774,.T.);
#4774 = EDGE_CURVE('',#4752,#2411,#4775,.T.);
#4775 = SURFACE_CURVE('',#4776,(#4780,#4787),.PCURVE_S1.);
#4776 = LINE('',#4777,#4778);
#4777 = CARTESIAN_POINT('',(22.,21.,8.));
#4778 = VECTOR('',#4779,1.);
#4779 = DIRECTION('',(-1.,0.,2.22044604925E-16));
#4780 = PCURVE('',#2428,#4781);
#4781 = DEFINITIONAL_REPRESENTATION('',(#4782),#4786);
#4782 = LINE('',#4783,#4784);
#4783 = CARTESIAN_POINT('',(0.,0.));
#4784 = VECTOR('',#4785,1.);
#4785 = DIRECTION('',(1.,0.));
#4786 = ( GEOMETRIC_REPRESENTATION_CONTEXT(2) 
PARAMETRIC_REPRESENTATION_CONTEXT() REPRESENTATION_CONTEXT('2D SPACE',''
  ) );
#4787 = PCURVE('',#2456,#4788);
#4788 = DEFINITIONAL_REPRESENTATION('',(#4789),#4793);
#4789 = LINE('',#4790,#4791);
#4790 = CARTESIAN_POINT('',(0.,-17.));
#4791 = VECTOR('',#4792,1.);
#4792 = DIRECTION('',(1.,0.));
#4793 = ( GEOMETRIC_REPRESENTATION_CONTEXT(2) 
PARAMETRIC_REPRESENTATION_CONTEXT() REPRESENTATION_CONTEXT('2D SPACE',''
  ) );
#4794 = ORIENTED_EDGE('',*,*,#2410,.T.);
#4795 = ORIENTED_EDGE('',*,*,#4524,.T.);
#4796 = ADVANCED_FACE('',(#4797),#2484,.T.);
#4797 = FACE_BOUND('',#4798,.T.);
#4798 = EDGE_LOOP('',(#4799,#4822,#4843,#4844));
#4799 = ORIENTED_EDGE('',*,*,#4800,.F.);
#4800 = EDGE_CURVE('',#4801,#4477,#4803,.T.);
#4801 = VERTEX_POINT('',#4802);
#4802 = CARTESIAN_POINT('',(22.,4.,8.));
#4803 = SURFACE_CURVE('',#4804,(#4808,#4815),.PCURVE_S1.);
#4804 = LINE('',#4805,#4806);
#4805 = CARTESIAN_POINT('',(22.,4.,8.));
#4806 = VECTOR('',#4807,1.);
#4807 = DIRECTION('',(2.22044604925E-16,0.,1.));
#4808 = PCURVE('',#2484,#4809);
#4809 = DEFINITIONAL_REPRESENTATION('',(#4810),#4814);
#4810 = LINE('',#4811,#4812);
#4811 = CARTESIAN_POINT('',(0.,0.));
#4812 = VECTOR('',#4813,1.);
#4813 = DIRECTION('',(0.,1.));
#4814 = ( GEOMETRIC_REPRESENTATION_CONTEXT(2) 
PARAMETRIC_REPRESENTATION_CONTEXT() REPRESENTATION_CONTEXT('2D SPACE',''
  ) );
#4815 = PCURVE('',#4402,#4816);
#4816 = DEFINITIONAL_REPRESENTATION('',(#4817),#4821);
#4817 = LINE('',#4818,#4819);
#4818 = CARTESIAN_POINT('',(0.,0.));
#4819 = VECTOR('',#4820,1.);
#4820 = DIRECTION('',(1.,0.));
#4821 = ( GEOMETRIC_REPRESENTATION_CONTEXT(2) 
PARAMETRIC_REPRESENTATION_CONTEXT() REPRESENTATION_CONTEXT('2D SPACE',''
  ) );
#4822 = ORIENTED_EDGE('',*,*,#4823,.T.);
#4823 = EDGE_CURVE('',#4801,#2441,#4824,.T.);
#4824 = SURFACE_CURVE('',#4825,(#4829,#4836),.PCURVE_S1.);
#4825 = LINE('',#4826,#4827);
#4826 = CARTESIAN_POINT('',(22.,4.,8.));
#4827 = VECTOR('',#4828,1.);
#4828 = DIRECTION('',(-1.,0.,2.22044604925E-16));
#4829 = PCURVE('',#2484,#4830);
#4830 = DEFINITIONAL_REPRESENTATION('',(#4831),#4835);
#4831 = LINE('',#4832,#4833);
#4832 = CARTESIAN_POINT('',(0.,0.));
#4833 = VECTOR('',#4834,1.);
#4834 = DIRECTION('',(1.,0.));
#4835 = ( GEOMETRIC_REPRESENTATION_CONTEXT(2) 
PARAMETRIC_REPRESENTATION_CONTEXT() REPRESENTATION_CONTEXT('2D SPACE',''
  ) );
#4836 = PCURVE('',#2456,#4837);
#4837 = DEFINITIONAL_REPRESENTATION('',(#4838),#4842);
#4838 = LINE('',#4839,#4840);
#4839 = CARTESIAN_POINT('',(0.,0.));
#4840 = VECTOR('',#4841,1.);
#4841 = DIRECTION('',(1.,0.));
#4842 = ( GEOMETRIC_REPRESENTATION_CONTEXT(2) 
PARAMETRIC_REPRESENTATION_CONTEXT() REPRESENTATION_CONTEXT('2D SPACE',''
  ) );
#4843 = ORIENTED_EDGE('',*,*,#2468,.T.);
#4844 = ORIENTED_EDGE('',*,*,#4570,.T.);
#4845 = ADVANCED_FACE('',(#4846),#2456,.T.);
#4846 = FACE_BOUND('',#4847,.T.);
#4847 = EDGE_LOOP('',(#4848,#4849,#4870,#4871));
#4848 = ORIENTED_EDGE('',*,*,#4823,.F.);
#4849 = ORIENTED_EDGE('',*,*,#4850,.T.);
#4850 = EDGE_CURVE('',#4801,#4752,#4851,.T.);
#4851 = SURFACE_CURVE('',#4852,(#4856,#4863),.PCURVE_S1.);
#4852 = LINE('',#4853,#4854);
#4853 = CARTESIAN_POINT('',(22.,4.,8.));
#4854 = VECTOR('',#4855,1.);
#4855 = DIRECTION('',(-0.,1.,0.));
#4856 = PCURVE('',#2456,#4857);
#4857 = DEFINITIONAL_REPRESENTATION('',(#4858),#4862);
#4858 = LINE('',#4859,#4860);
#4859 = CARTESIAN_POINT('',(0.,0.));
#4860 = VECTOR('',#4861,1.);
#4861 = DIRECTION('',(0.,-1.));
#4862 = ( GEOMETRIC_REPRESENTATION_CONTEXT(2) 
PARAMETRIC_REPRESENTATION_CONTEXT() REPRESENTATION_CONTEXT('2D SPACE',''
  ) );
#4863 = PCURVE('',#4402,#4864);
#4864 = DEFINITIONAL_REPRESENTATION('',(#4865),#4869);
#4865 = LINE('',#4866,#4867);
#4866 = CARTESIAN_POINT('',(0.,0.));
#4867 = VECTOR('',#4868,1.);
#4868 = DIRECTION('',(0.,1.));
#4869 = ( GEOMETRIC_REPRESENTATION_CONTEXT(2) 
PARAMETRIC_REPRESENTATION_CONTEXT() REPRESENTATION_CONTEXT('2D SPACE',''
  ) );
#4870 = ORIENTED_EDGE('',*,*,#4774,.T.);
#4871 = ORIENTED_EDGE('',*,*,#2440,.F.);
#4872 = ADVANCED_FACE('',(#4873),#2581,.F.);
#4873 = FACE_BOUND('',#4874,.F.);
#4874 = EDGE_LOOP('',(#4875,#4904,#4905,#4906));
#4875 = ORIENTED_EDGE('',*,*,#4876,.F.);
#4876 = EDGE_CURVE('',#2543,#4877,#4879,.T.);
#4877 = VERTEX_POINT('',#4878);
#4878 = CARTESIAN_POINT('',(41.5,41.,89.8));
#4879 = SURFACE_CURVE('',#4880,(#4885,#4892),.PCURVE_S1.);
#4880 = CIRCLE('',#4881,2.8);
#4881 = AXIS2_PLACEMENT_3D('',#4882,#4883,#4884);
#4882 = CARTESIAN_POINT('',(41.5,41.,87.));
#4883 = DIRECTION('',(-1.,0.,2.22044604925E-16));
#4884 = DIRECTION('',(2.22044604925E-16,0.,1.));
#4885 = PCURVE('',#2581,#4886);
#4886 = DEFINITIONAL_REPRESENTATION('',(#4887),#4891);
#4887 = CIRCLE('',#4888,2.8);
#4888 = AXIS2_PLACEMENT_2D('',#4889,#4890);
#4889 = CARTESIAN_POINT('',(-2.559797974645,0.));
#4890 = DIRECTION('',(1.,0.));
#4891 = ( GEOMETRIC_REPRESENTATION_CONTEXT(2) 
PARAMETRIC_REPRESENTATION_CONTEXT() REPRESENTATION_CONTEXT('2D SPACE',''
  ) );
#4892 = PCURVE('',#4893,#4898);
#4893 = PLANE('',#4894);
#4894 = AXIS2_PLACEMENT_3D('',#4895,#4896,#4897);
#4895 = CARTESIAN_POINT('',(41.5,41.,87.));
#4896 = DIRECTION('',(-1.,0.,2.22044604925E-16));
#4897 = DIRECTION('',(2.22044604925E-16,0.,1.));
#4898 = DEFINITIONAL_REPRESENTATION('',(#4899),#4903);
#4899 = CIRCLE('',#4900,2.8);
#4900 = AXIS2_PLACEMENT_2D('',#4901,#4902);
#4901 = CARTESIAN_POINT('',(0.,0.));
#4902 = DIRECTION('',(1.,0.));
#4903 = ( GEOMETRIC_REPRESENTATION_CONTEXT(2) 
PARAMETRIC_REPRESENTATION_CONTEXT() REPRESENTATION_CONTEXT('2D SPACE',''
  ) );
#4904 = ORIENTED_EDGE('',*,*,#2565,.T.);
#4905 = ORIENTED_EDGE('',*,*,#2674,.T.);
#4906 = ORIENTED_EDGE('',*,*,#4907,.F.);
#4907 = EDGE_CURVE('',#4877,#2619,#4908,.T.);
#4908 = SURFACE_CURVE('',#4909,(#4914,#4921),.PCURVE_S1.);
#4909 = CIRCLE('',#4910,2.8);
#4910 = AXIS2_PLACEMENT_3D('',#4911,#4912,#4913);
#4911 = CARTESIAN_POINT('',(41.5,41.,87.));
#4912 = DIRECTION('',(-1.,0.,2.22044604925E-16));
#4913 = DIRECTION('',(2.22044604925E-16,0.,1.));
#4914 = PCURVE('',#2581,#4915);
#4915 = DEFINITIONAL_REPRESENTATION('',(#4916),#4920);
#4916 = CIRCLE('',#4917,2.8);
#4917 = AXIS2_PLACEMENT_2D('',#4918,#4919);
#4918 = CARTESIAN_POINT('',(-2.559797974645,0.));
#4919 = DIRECTION('',(1.,0.));
#4920 = ( GEOMETRIC_REPRESENTATION_CONTEXT(2) 
PARAMETRIC_REPRESENTATION_CONTEXT() REPRESENTATION_CONTEXT('2D SPACE',''
  ) );
#4921 = PCURVE('',#4893,#4922);
#4922 = DEFINITIONAL_REPRESENTATION('',(#4923),#4927);
#4923 = CIRCLE('',#4924,2.8);
#4924 = AXIS2_PLACEMENT_2D('',#4925,#4926);
#4925 = CARTESIAN_POINT('',(0.,0.));
#4926 = DIRECTION('',(1.,0.));
#4927 = ( GEOMETRIC_REPRESENTATION_CONTEXT(2) 
PARAMETRIC_REPRESENTATION_CONTEXT() REPRESENTATION_CONTEXT('2D SPACE',''
  ) );
#4928 = ADVANCED_FACE('',(#4929),#2635,.F.);
#4929 = FACE_BOUND('',#4930,.F.);
#4930 = EDGE_LOOP('',(#4931,#4952));
#4931 = ORIENTED_EDGE('',*,*,#4932,.F.);
#4932 = EDGE_CURVE('',#2619,#2543,#4933,.T.);
#4933 = SURFACE_CURVE('',#4934,(#4938,#4945),.PCURVE_S1.);
#4934 = LINE('',#4935,#4936);
#4935 = CARTESIAN_POINT('',(41.5,42.979898987322,88.979898987322));
#4936 = VECTOR('',#4937,1.);
#4937 = DIRECTION('',(0.,-1.,0.));
#4938 = PCURVE('',#2635,#4939);
#4939 = DEFINITIONAL_REPRESENTATION('',(#4940),#4944);
#4940 = LINE('',#4941,#4942);
#4941 = CARTESIAN_POINT('',(1.979898987322,1.979898987322));
#4942 = VECTOR('',#4943,1.);
#4943 = DIRECTION('',(0.,-1.));
#4944 = ( GEOMETRIC_REPRESENTATION_CONTEXT(2) 
PARAMETRIC_REPRESENTATION_CONTEXT() REPRESENTATION_CONTEXT('2D SPACE',''
  ) );
#4945 = PCURVE('',#4893,#4946);
#4946 = DEFINITIONAL_REPRESENTATION('',(#4947),#4951);
#4947 = LINE('',#4948,#4949);
#4948 = CARTESIAN_POINT('',(1.979898987322,1.979898987322));
#4949 = VECTOR('',#4950,1.);
#4950 = DIRECTION('',(0.,-1.));
#4951 = ( GEOMETRIC_REPRESENTATION_CONTEXT(2) 
PARAMETRIC_REPRESENTATION_CONTEXT() REPRESENTATION_CONTEXT('2D SPACE',''
  ) );
#4952 = ORIENTED_EDGE('',*,*,#2618,.T.);
#4953 = ADVANCED_FACE('',(#4954),#2717,.F.);
#4954 = FACE_BOUND('',#4955,.F.);
#4955 = EDGE_LOOP('',(#4956,#4957,#4958));
#4956 = ORIENTED_EDGE('',*,*,#2700,.T.);
#4957 = ORIENTED_EDGE('',*,*,#2731,.T.);
#4958 = ORIENTED_EDGE('',*,*,#2756,.T.);
#4959 = ADVANCED_FACE('',(#4960),#2820,.T.);
#4960 = FACE_BOUND('',#4961,.T.);
#4961 = EDGE_LOOP('',(#4962,#4985,#5013,#5034));
#4962 = ORIENTED_EDGE('',*,*,#4963,.F.);
#4963 = EDGE_CURVE('',#4964,#2782,#4966,.T.);
#4964 = VERTEX_POINT('',#4965);
#4965 = CARTESIAN_POINT('',(36.35,73.35,8.));
#4966 = SURFACE_CURVE('',#4967,(#4971,#4978),.PCURVE_S1.);
#4967 = LINE('',#4968,#4969);
#4968 = CARTESIAN_POINT('',(36.35,73.35,8.));
#4969 = VECTOR('',#4970,1.);
#4970 = DIRECTION('',(2.22044604925E-16,0.,1.));
#4971 = PCURVE('',#2820,#4972);
#4972 = DEFINITIONAL_REPRESENTATION('',(#4973),#4977);
#4973 = LINE('',#4974,#4975);
#4974 = CARTESIAN_POINT('',(0.,8.7));
#4975 = VECTOR('',#4976,1.);
#4976 = DIRECTION('',(1.,0.));
#4977 = ( GEOMETRIC_REPRESENTATION_CONTEXT(2) 
PARAMETRIC_REPRESENTATION_CONTEXT() REPRESENTATION_CONTEXT('2D SPACE',''
  ) );
#4978 = PCURVE('',#2873,#4979);
#4979 = DEFINITIONAL_REPRESENTATION('',(#4980),#4984);
#4980 = LINE('',#4981,#4982);
#4981 = CARTESIAN_POINT('',(0.,0.));
#4982 = VECTOR('',#4983,1.);
#4983 = DIRECTION('',(0.,1.));
#4984 = ( GEOMETRIC_REPRESENTATION_CONTEXT(2) 
PARAMETRIC_REPRESENTATION_CONTEXT() REPRESENTATION_CONTEXT('2D SPACE',''
  ) );
#4985 = ORIENTED_EDGE('',*,*,#4986,.F.);
#4986 = EDGE_CURVE('',#4987,#4964,#4989,.T.);
#4987 = VERTEX_POINT('',#4988);
#4988 = CARTESIAN_POINT('',(36.35,64.65,8.));
#4989 = SURFACE_CURVE('',#4990,(#4994,#5001),.PCURVE_S1.);
#4990 = LINE('',#4991,#4992);
#4991 = CARTESIAN_POINT('',(36.35,64.65,8.));
#4992 = VECTOR('',#4993,1.);
#4993 = DIRECTION('',(-0.,1.,0.));
#4994 = PCURVE('',#2820,#4995);
#4995 = DEFINITIONAL_REPRESENTATION('',(#4996),#5000);
#4996 = LINE('',#4997,#4998);
#4997 = CARTESIAN_POINT('',(0.,0.));
#4998 = VECTOR('',#4999,1.);
#4999 = DIRECTION('',(0.,1.));
#5000 = ( GEOMETRIC_REPRESENTATION_CONTEXT(2) 
PARAMETRIC_REPRESENTATION_CONTEXT() REPRESENTATION_CONTEXT('2D SPACE',''
  ) );
#5001 = PCURVE('',#5002,#5007);
#5002 = PLANE('',#5003);
#5003 = AXIS2_PLACEMENT_3D('',#5004,#5005,#5006);
#5004 = CARTESIAN_POINT('',(36.35,64.65,8.));
#5005 = DIRECTION('',(2.22044604925E-16,0.,1.));
#5006 = DIRECTION('',(-1.,0.,2.22044604925E-16));
#5007 = DEFINITIONAL_REPRESENTATION('',(#5008),#5012);
#5008 = LINE('',#5009,#5010);
#5009 = CARTESIAN_POINT('',(0.,0.));
#5010 = VECTOR('',#5011,1.);
#5011 = DIRECTION('',(0.,-1.));
#5012 = ( GEOMETRIC_REPRESENTATION_CONTEXT(2) 
PARAMETRIC_REPRESENTATION_CONTEXT() REPRESENTATION_CONTEXT('2D SPACE',''
  ) );
#5013 = ORIENTED_EDGE('',*,*,#5014,.T.);
#5014 = EDGE_CURVE('',#4987,#2805,#5015,.T.);
#5015 = SURFACE_CURVE('',#5016,(#5020,#5027),.PCURVE_S1.);
#5016 = LINE('',#5017,#5018);
#5017 = CARTESIAN_POINT('',(36.35,64.65,8.));
#5018 = VECTOR('',#5019,1.);
#5019 = DIRECTION('',(2.22044604925E-16,0.,1.));
#5020 = PCURVE('',#2820,#5021);
#5021 = DEFINITIONAL_REPRESENTATION('',(#5022),#5026);
#5022 = LINE('',#5023,#5024);
#5023 = CARTESIAN_POINT('',(0.,0.));
#5024 = VECTOR('',#5025,1.);
#5025 = DIRECTION('',(1.,0.));
#5026 = ( GEOMETRIC_REPRESENTATION_CONTEXT(2) 
PARAMETRIC_REPRESENTATION_CONTEXT() REPRESENTATION_CONTEXT('2D SPACE',''
  ) );
#5027 = PCURVE('',#2926,#5028);
#5028 = DEFINITIONAL_REPRESENTATION('',(#5029),#5033);
#5029 = LINE('',#5030,#5031);
#5030 = CARTESIAN_POINT('',(0.,0.));
#5031 = VECTOR('',#5032,1.);
#5032 = DIRECTION('',(0.,1.));
#5033 = ( GEOMETRIC_REPRESENTATION_CONTEXT(2) 
PARAMETRIC_REPRESENTATION_CONTEXT() REPRESENTATION_CONTEXT('2D SPACE',''
  ) );
#5034 = ORIENTED_EDGE('',*,*,#2804,.T.);
#5035 = ADVANCED_FACE('',(#5036),#2873,.F.);
#5036 = FACE_BOUND('',#5037,.F.);
#5037 = EDGE_LOOP('',(#5038,#5039,#5062,#5083));
#5038 = ORIENTED_EDGE('',*,*,#4963,.F.);
#5039 = ORIENTED_EDGE('',*,*,#5040,.T.);
#5040 = EDGE_CURVE('',#4964,#5041,#5043,.T.);
#5041 = VERTEX_POINT('',#5042);
#5042 = CARTESIAN_POINT('',(25.65,73.35,8.));
#5043 = SURFACE_CURVE('',#5044,(#5048,#5055),.PCURVE_S1.);
#5044 = LINE('',#5045,#5046);
#5045 = CARTESIAN_POINT('',(36.35,73.35,8.));
#5046 = VECTOR('',#5047,1.);
#5047 = DIRECTION('',(-1.,0.,2.22044604925E-16));
#5048 = PCURVE('',#2873,#5049);
#5049 = DEFINITIONAL_REPRESENTATION('',(#5050),#5054);
#5050 = LINE('',#5051,#5052);
#5051 = CARTESIAN_POINT('',(0.,0.));
#5052 = VECTOR('',#5053,1.);
#5053 = DIRECTION('',(1.,0.));
#5054 = ( GEOMETRIC_REPRESENTATION_CONTEXT(2) 
PARAMETRIC_REPRESENTATION_CONTEXT() REPRESENTATION_CONTEXT('2D SPACE',''
  ) );
#5055 = PCURVE('',#5002,#5056);
#5056 = DEFINITIONAL_REPRESENTATION('',(#5057),#5061);
#5057 = LINE('',#5058,#5059);
#5058 = CARTESIAN_POINT('',(0.,-8.7));
#5059 = VECTOR('',#5060,1.);
#5060 = DIRECTION('',(1.,0.));
#5061 = ( GEOMETRIC_REPRESENTATION_CONTEXT(2) 
PARAMETRIC_REPRESENTATION_CONTEXT() REPRESENTATION_CONTEXT('2D SPACE',''
  ) );
#5062 = ORIENTED_EDGE('',*,*,#5063,.T.);
#5063 = EDGE_CURVE('',#5041,#2858,#5064,.T.);
#5064 = SURFACE_CURVE('',#5065,(#5069,#5076),.PCURVE_S1.);
#5065 = LINE('',#5066,#5067);
#5066 = CARTESIAN_POINT('',(25.65,73.35,8.));
#5067 = VECTOR('',#5068,1.);
#5068 = DIRECTION('',(2.22044604925E-16,0.,1.));
#5069 = PCURVE('',#2873,#5070);
#5070 = DEFINITIONAL_REPRESENTATION('',(#5071),#5075);
#5071 = LINE('',#5072,#5073);
#5072 = CARTESIAN_POINT('',(10.7,0.));
#5073 = VECTOR('',#5074,1.);
#5074 = DIRECTION('',(0.,1.));
#5075 = ( GEOMETRIC_REPRESENTATION_CONTEXT(2) 
PARAMETRIC_REPRESENTATION_CONTEXT() REPRESENTATION_CONTEXT('2D SPACE',''
  ) );
#5076 = PCURVE('',#2979,#5077);
#5077 = DEFINITIONAL_REPRESENTATION('',(#5078),#5082);
#5078 = LINE('',#5079,#5080);
#5079 = CARTESIAN_POINT('',(0.,8.7));
#5080 = VECTOR('',#5081,1.);
#5081 = DIRECTION('',(1.,0.));
#5082 = ( GEOMETRIC_REPRESENTATION_CONTEXT(2) 
PARAMETRIC_REPRESENTATION_CONTEXT() REPRESENTATION_CONTEXT('2D SPACE',''
  ) );
#5083 = ORIENTED_EDGE('',*,*,#2857,.T.);
#5084 = ADVANCED_FACE('',(#5085),#2926,.T.);
#5085 = FACE_BOUND('',#5086,.T.);
#5086 = EDGE_LOOP('',(#5087,#5088,#5111,#5132));
#5087 = ORIENTED_EDGE('',*,*,#5014,.F.);
#5088 = ORIENTED_EDGE('',*,*,#5089,.T.);
#5089 = EDGE_CURVE('',#4987,#5090,#5092,.T.);
#5090 = VERTEX_POINT('',#5091);
#5091 = CARTESIAN_POINT('',(25.65,64.65,8.));
#5092 = SURFACE_CURVE('',#5093,(#5097,#5104),.PCURVE_S1.);
#5093 = LINE('',#5094,#5095);
#5094 = CARTESIAN_POINT('',(36.35,64.65,8.));
#5095 = VECTOR('',#5096,1.);
#5096 = DIRECTION('',(-1.,0.,2.22044604925E-16));
#5097 = PCURVE('',#2926,#5098);
#5098 = DEFINITIONAL_REPRESENTATION('',(#5099),#5103);
#5099 = LINE('',#5100,#5101);
#5100 = CARTESIAN_POINT('',(0.,0.));
#5101 = VECTOR('',#5102,1.);
#5102 = DIRECTION('',(1.,0.));
#5103 = ( GEOMETRIC_REPRESENTATION_CONTEXT(2) 
PARAMETRIC_REPRESENTATION_CONTEXT() REPRESENTATION_CONTEXT('2D SPACE',''
  ) );
#5104 = PCURVE('',#5002,#5105);
#5105 = DEFINITIONAL_REPRESENTATION('',(#5106),#5110);
#5106 = LINE('',#5107,#5108);
#5107 = CARTESIAN_POINT('',(0.,0.));
#5108 = VECTOR('',#5109,1.);
#5109 = DIRECTION('',(1.,0.));
#5110 = ( GEOMETRIC_REPRESENTATION_CONTEXT(2) 
PARAMETRIC_REPRESENTATION_CONTEXT() REPRESENTATION_CONTEXT('2D SPACE',''
  ) );
#5111 = ORIENTED_EDGE('',*,*,#5112,.T.);
#5112 = EDGE_CURVE('',#5090,#2911,#5113,.T.);
#5113 = SURFACE_CURVE('',#5114,(#5118,#5125),.PCURVE_S1.);
#5114 = LINE('',#5115,#5116);
#5115 = CARTESIAN_POINT('',(25.65,64.65,8.));
#5116 = VECTOR('',#5117,1.);
#5117 = DIRECTION('',(2.22044604925E-16,0.,1.));
#5118 = PCURVE('',#2926,#5119);
#5119 = DEFINITIONAL_REPRESENTATION('',(#5120),#5124);
#5120 = LINE('',#5121,#5122);
#5121 = CARTESIAN_POINT('',(10.7,0.));
#5122 = VECTOR('',#5123,1.);
#5123 = DIRECTION('',(0.,1.));
#5124 = ( GEOMETRIC_REPRESENTATION_CONTEXT(2) 
PARAMETRIC_REPRESENTATION_CONTEXT() REPRESENTATION_CONTEXT('2D SPACE',''
  ) );
#5125 = PCURVE('',#2979,#5126);
#5126 = DEFINITIONAL_REPRESENTATION('',(#5127),#5131);
#5127 = LINE('',#5128,#5129);
#5128 = CARTESIAN_POINT('',(0.,0.));
#5129 = VECTOR('',#5130,1.);
#5130 = DIRECTION('',(1.,0.));
#5131 = ( GEOMETRIC_REPRESENTATION_CONTEXT(2) 
PARAMETRIC_REPRESENTATION_CONTEXT() REPRESENTATION_CONTEXT('2D SPACE',''
  ) );
#5132 = ORIENTED_EDGE('',*,*,#2910,.T.);
#5133 = ADVANCED_FACE('',(#5134),#2979,.F.);
#5134 = FACE_BOUND('',#5135,.F.);
#5135 = EDGE_LOOP('',(#5136,#5137,#5158,#5159,#5160,#5186,#5212,#5236));
#5136 = ORIENTED_EDGE('',*,*,#5063,.F.);
#5137 = ORIENTED_EDGE('',*,*,#5138,.F.);
#5138 = EDGE_CURVE('',#5090,#5041,#5139,.T.);
#5139 = SURFACE_CURVE('',#5140,(#5144,#5151),.PCURVE_S1.);
#5140 = LINE('',#5141,#5142);
#5141 = CARTESIAN_POINT('',(25.65,64.65,8.));
#5142 = VECTOR('',#5143,1.);
#5143 = DIRECTION('',(-0.,1.,0.));
#5144 = PCURVE('',#2979,#5145);
#5145 = DEFINITIONAL_REPRESENTATION('',(#5146),#5150);
#5146 = LINE('',#5147,#5148);
#5147 = CARTESIAN_POINT('',(0.,0.));
#5148 = VECTOR('',#5149,1.);
#5149 = DIRECTION('',(0.,1.));
#5150 = ( GEOMETRIC_REPRESENTATION_CONTEXT(2) 
PARAMETRIC_REPRESENTATION_CONTEXT() REPRESENTATION_CONTEXT('2D SPACE',''
  ) );
#5151 = PCURVE('',#5002,#5152);
#5152 = DEFINITIONAL_REPRESENTATION('',(#5153),#5157);
#5153 = LINE('',#5154,#5155);
#5154 = CARTESIAN_POINT('',(10.7,0.));
#5155 = VECTOR('',#5156,1.);
#5156 = DIRECTION('',(0.,-1.));
#5157 = ( GEOMETRIC_REPRESENTATION_CONTEXT(2) 
PARAMETRIC_REPRESENTATION_CONTEXT() REPRESENTATION_CONTEXT('2D SPACE',''
  ) );
#5158 = ORIENTED_EDGE('',*,*,#5112,.T.);
#5159 = ORIENTED_EDGE('',*,*,#3068,.T.);
#5160 = ORIENTED_EDGE('',*,*,#5161,.T.);
#5161 = EDGE_CURVE('',#3043,#5162,#5164,.T.);
#5162 = VERTEX_POINT('',#5163);
#5163 = CARTESIAN_POINT('',(25.65,65.8,29.));
#5164 = SURFACE_CURVE('',#5165,(#5169,#5175),.PCURVE_S1.);
#5165 = LINE('',#5166,#5167);
#5166 = CARTESIAN_POINT('',(25.65,65.8,18.5));
#5167 = VECTOR('',#5168,1.);
#5168 = DIRECTION('',(-2.22044604925E-16,0.,-1.));
#5169 = PCURVE('',#2979,#5170);
#5170 = DEFINITIONAL_REPRESENTATION('',(#5171),#5174);
#5171 = B_SPLINE_CURVE_WITH_KNOTS('',1,(#5172,#5173),.UNSPECIFIED.,.F.,
  .F.,(2,2),(-89.5,-10.5),.PIECEWISE_BEZIER_KNOTS.);
#5172 = CARTESIAN_POINT('',(100.,1.15));
#5173 = CARTESIAN_POINT('',(21.,1.15));
#5174 = ( GEOMETRIC_REPRESENTATION_CONTEXT(2) 
PARAMETRIC_REPRESENTATION_CONTEXT() REPRESENTATION_CONTEXT('2D SPACE',''
  ) );
#5175 = PCURVE('',#5176,#5181);
#5176 = PLANE('',#5177);
#5177 = AXIS2_PLACEMENT_3D('',#5178,#5179,#5180);
#5178 = CARTESIAN_POINT('',(26.1,65.8,29.));
#5179 = DIRECTION('',(-0.,1.,0.));
#5180 = DIRECTION('',(-1.,0.,2.22044604925E-16));
#5181 = DEFINITIONAL_REPRESENTATION('',(#5182),#5185);
#5182 = B_SPLINE_CURVE_WITH_KNOTS('',1,(#5183,#5184),.UNSPECIFIED.,.F.,
  .F.,(2,2),(-89.5,-10.5),.PIECEWISE_BEZIER_KNOTS.);
#5183 = CARTESIAN_POINT('',(0.45,79.));
#5184 = CARTESIAN_POINT('',(0.45,0.));
#5185 = ( GEOMETRIC_REPRESENTATION_CONTEXT(2) 
PARAMETRIC_REPRESENTATION_CONTEXT() REPRESENTATION_CONTEXT('2D SPACE',''
  ) );
#5186 = ORIENTED_EDGE('',*,*,#5187,.T.);
#5187 = EDGE_CURVE('',#5162,#5188,#5190,.T.);
#5188 = VERTEX_POINT('',#5189);
#5189 = CARTESIAN_POINT('',(25.65,72.2,29.));
#5190 = SURFACE_CURVE('',#5191,(#5195,#5201),.PCURVE_S1.);
#5191 = LINE('',#5192,#5193);
#5192 = CARTESIAN_POINT('',(25.65,65.225,29.));
#5193 = VECTOR('',#5194,1.);
#5194 = DIRECTION('',(-0.,1.,0.));
#5195 = PCURVE('',#2979,#5196);
#5196 = DEFINITIONAL_REPRESENTATION('',(#5197),#5200);
#5197 = B_SPLINE_CURVE_WITH_KNOTS('',1,(#5198,#5199),.UNSPECIFIED.,.F.,
  .F.,(2,2),(0.575,6.975),.PIECEWISE_BEZIER_KNOTS.);
#5198 = CARTESIAN_POINT('',(21.,1.15));
#5199 = CARTESIAN_POINT('',(21.,7.55));
#5200 = ( GEOMETRIC_REPRESENTATION_CONTEXT(2) 
PARAMETRIC_REPRESENTATION_CONTEXT() REPRESENTATION_CONTEXT('2D SPACE',''
  ) );
#5201 = PCURVE('',#5202,#5207);
#5202 = PLANE('',#5203);
#5203 = AXIS2_PLACEMENT_3D('',#5204,#5205,#5206);
#5204 = CARTESIAN_POINT('',(26.1,65.8,29.));
#5205 = DIRECTION('',(2.22044604925E-16,0.,1.));
#5206 = DIRECTION('',(-1.,0.,2.22044604925E-16));
#5207 = DEFINITIONAL_REPRESENTATION('',(#5208),#5211);
#5208 = B_SPLINE_CURVE_WITH_KNOTS('',1,(#5209,#5210),.UNSPECIFIED.,.F.,
  .F.,(2,2),(0.575,6.975),.PIECEWISE_BEZIER_KNOTS.);
#5209 = CARTESIAN_POINT('',(0.45,0.));
#5210 = CARTESIAN_POINT('',(0.45,-6.4));
#5211 = ( GEOMETRIC_REPRESENTATION_CONTEXT(2) 
PARAMETRIC_REPRESENTATION_CONTEXT() REPRESENTATION_CONTEXT('2D SPACE',''
  ) );
#5212 = ORIENTED_EDGE('',*,*,#5213,.F.);
#5213 = EDGE_CURVE('',#2964,#5188,#5214,.T.);
#5214 = SURFACE_CURVE('',#5215,(#5219,#5225),.PCURVE_S1.);
#5215 = LINE('',#5216,#5217);
#5216 = CARTESIAN_POINT('',(25.65,72.2,18.5));
#5217 = VECTOR('',#5218,1.);
#5218 = DIRECTION('',(-2.22044604925E-16,0.,-1.));
#5219 = PCURVE('',#2979,#5220);
#5220 = DEFINITIONAL_REPRESENTATION('',(#5221),#5224);
#5221 = B_SPLINE_CURVE_WITH_KNOTS('',1,(#5222,#5223),.UNSPECIFIED.,.F.,
  .F.,(2,2),(-89.5,-10.5),.PIECEWISE_BEZIER_KNOTS.);
#5222 = CARTESIAN_POINT('',(100.,7.55));
#5223 = CARTESIAN_POINT('',(21.,7.55));
#5224 = ( GEOMETRIC_REPRESENTATION_CONTEXT(2) 
PARAMETRIC_REPRESENTATION_CONTEXT() REPRESENTATION_CONTEXT('2D SPACE',''
  ) );
#5225 = PCURVE('',#5226,#5231);
#5226 = PLANE('',#5227);
#5227 = AXIS2_PLACEMENT_3D('',#5228,#5229,#5230);
#5228 = CARTESIAN_POINT('',(26.1,72.2,29.));
#5229 = DIRECTION('',(-0.,1.,0.));
#5230 = DIRECTION('',(-1.,0.,2.22044604925E-16));
#5231 = DEFINITIONAL_REPRESENTATION('',(#5232),#5235);
#5232 = B_SPLINE_CURVE_WITH_KNOTS('',1,(#5233,#5234),.UNSPECIFIED.,.F.,
  .F.,(2,2),(-89.5,-10.5),.PIECEWISE_BEZIER_KNOTS.);
#5233 = CARTESIAN_POINT('',(0.45,79.));
#5234 = CARTESIAN_POINT('',(0.45,0.));
#5235 = ( GEOMETRIC_REPRESENTATION_CONTEXT(2) 
PARAMETRIC_REPRESENTATION_CONTEXT() REPRESENTATION_CONTEXT('2D SPACE',''
  ) );
#5236 = ORIENTED_EDGE('',*,*,#2963,.T.);
#5237 = ADVANCED_FACE('',(#5238),#3057,.T.);
#5238 = FACE_BOUND('',#5239,.T.);
#5239 = EDGE_LOOP('',(#5240,#5261,#5262,#5282));
#5240 = ORIENTED_EDGE('',*,*,#5241,.F.);
#5241 = EDGE_CURVE('',#3017,#3165,#5242,.T.);
#5242 = SURFACE_CURVE('',#5243,(#5247,#5254),.PCURVE_S1.);
#5243 = LINE('',#5244,#5245);
#5244 = CARTESIAN_POINT('',(26.1,65.8,108.));
#5245 = VECTOR('',#5246,1.);
#5246 = DIRECTION('',(-1.,0.,2.22044604925E-16));
#5247 = PCURVE('',#3057,#5248);
#5248 = DEFINITIONAL_REPRESENTATION('',(#5249),#5253);
#5249 = LINE('',#5250,#5251);
#5250 = CARTESIAN_POINT('',(0.,79.));
#5251 = VECTOR('',#5252,1.);
#5252 = DIRECTION('',(1.,0.));
#5253 = ( GEOMETRIC_REPRESENTATION_CONTEXT(2) 
PARAMETRIC_REPRESENTATION_CONTEXT() REPRESENTATION_CONTEXT('2D SPACE',''
  ) );
#5254 = PCURVE('',#3031,#5255);
#5255 = DEFINITIONAL_REPRESENTATION('',(#5256),#5260);
#5256 = LINE('',#5257,#5258);
#5257 = CARTESIAN_POINT('',(0.,0.));
#5258 = VECTOR('',#5259,1.);
#5259 = DIRECTION('',(1.,0.));
#5260 = ( GEOMETRIC_REPRESENTATION_CONTEXT(2) 
PARAMETRIC_REPRESENTATION_CONTEXT() REPRESENTATION_CONTEXT('2D SPACE',''
  ) );
#5261 = ORIENTED_EDGE('',*,*,#3042,.T.);
#5262 = ORIENTED_EDGE('',*,*,#5263,.F.);
#5263 = EDGE_CURVE('',#3186,#3043,#5264,.T.);
#5264 = SURFACE_CURVE('',#5265,(#5269,#5276),.PCURVE_S1.);
#5265 = LINE('',#5266,#5267);
#5266 = CARTESIAN_POINT('',(36.55,65.8,76.));
#5267 = VECTOR('',#5268,1.);
#5268 = DIRECTION('',(1.,0.,-2.22044604925E-16));
#5269 = PCURVE('',#3057,#5270);
#5270 = DEFINITIONAL_REPRESENTATION('',(#5271),#5275);
#5271 = LINE('',#5272,#5273);
#5272 = CARTESIAN_POINT('',(-10.45,47.));
#5273 = VECTOR('',#5274,1.);
#5274 = DIRECTION('',(-1.,0.));
#5275 = ( GEOMETRIC_REPRESENTATION_CONTEXT(2) 
PARAMETRIC_REPRESENTATION_CONTEXT() REPRESENTATION_CONTEXT('2D SPACE',''
  ) );
#5276 = PCURVE('',#5176,#5277);
#5277 = DEFINITIONAL_REPRESENTATION('',(#5278),#5281);
#5278 = B_SPLINE_CURVE_WITH_KNOTS('',1,(#5279,#5280),.UNSPECIFIED.,.F.,
  .F.,(2,2),(-14.55,-10.9),.PIECEWISE_BEZIER_KNOTS.);
#5279 = CARTESIAN_POINT('',(4.1,47.));
#5280 = CARTESIAN_POINT('',(0.45,47.));
#5281 = ( GEOMETRIC_REPRESENTATION_CONTEXT(2) 
PARAMETRIC_REPRESENTATION_CONTEXT() REPRESENTATION_CONTEXT('2D SPACE',''
  ) );
#5282 = ORIENTED_EDGE('',*,*,#3185,.F.);
#5283 = ADVANCED_FACE('',(#5284),#3031,.F.);
#5284 = FACE_BOUND('',#5285,.F.);
#5285 = EDGE_LOOP('',(#5286,#5287,#5288,#5309));
#5286 = ORIENTED_EDGE('',*,*,#5241,.F.);
#5287 = ORIENTED_EDGE('',*,*,#3016,.T.);
#5288 = ORIENTED_EDGE('',*,*,#5289,.T.);
#5289 = EDGE_CURVE('',#2991,#3144,#5290,.T.);
#5290 = SURFACE_CURVE('',#5291,(#5295,#5302),.PCURVE_S1.);
#5291 = LINE('',#5292,#5293);
#5292 = CARTESIAN_POINT('',(26.1,72.2,108.));
#5293 = VECTOR('',#5294,1.);
#5294 = DIRECTION('',(-1.,0.,2.22044604925E-16));
#5295 = PCURVE('',#3031,#5296);
#5296 = DEFINITIONAL_REPRESENTATION('',(#5297),#5301);
#5297 = LINE('',#5298,#5299);
#5298 = CARTESIAN_POINT('',(0.,-6.4));
#5299 = VECTOR('',#5300,1.);
#5300 = DIRECTION('',(1.,0.));
#5301 = ( GEOMETRIC_REPRESENTATION_CONTEXT(2) 
PARAMETRIC_REPRESENTATION_CONTEXT() REPRESENTATION_CONTEXT('2D SPACE',''
  ) );
#5302 = PCURVE('',#3005,#5303);
#5303 = DEFINITIONAL_REPRESENTATION('',(#5304),#5308);
#5304 = LINE('',#5305,#5306);
#5305 = CARTESIAN_POINT('',(0.,79.));
#5306 = VECTOR('',#5307,1.);
#5307 = DIRECTION('',(1.,0.));
#5308 = ( GEOMETRIC_REPRESENTATION_CONTEXT(2) 
PARAMETRIC_REPRESENTATION_CONTEXT() REPRESENTATION_CONTEXT('2D SPACE',''
  ) );
#5309 = ORIENTED_EDGE('',*,*,#3164,.F.);
#5310 = ADVANCED_FACE('',(#5311),#3005,.F.);
#5311 = FACE_BOUND('',#5312,.F.);
#5312 = EDGE_LOOP('',(#5313,#5314,#5315,#5335));
#5313 = ORIENTED_EDGE('',*,*,#5289,.F.);
#5314 = ORIENTED_EDGE('',*,*,#2990,.T.);
#5315 = ORIENTED_EDGE('',*,*,#5316,.F.);
#5316 = EDGE_CURVE('',#3117,#2964,#5317,.T.);
#5317 = SURFACE_CURVE('',#5318,(#5322,#5329),.PCURVE_S1.);
#5318 = LINE('',#5319,#5320);
#5319 = CARTESIAN_POINT('',(36.55,72.2,76.));
#5320 = VECTOR('',#5321,1.);
#5321 = DIRECTION('',(1.,0.,-2.22044604925E-16));
#5322 = PCURVE('',#3005,#5323);
#5323 = DEFINITIONAL_REPRESENTATION('',(#5324),#5328);
#5324 = LINE('',#5325,#5326);
#5325 = CARTESIAN_POINT('',(-10.45,47.));
#5326 = VECTOR('',#5327,1.);
#5327 = DIRECTION('',(-1.,0.));
#5328 = ( GEOMETRIC_REPRESENTATION_CONTEXT(2) 
PARAMETRIC_REPRESENTATION_CONTEXT() REPRESENTATION_CONTEXT('2D SPACE',''
  ) );
#5329 = PCURVE('',#5226,#5330);
#5330 = DEFINITIONAL_REPRESENTATION('',(#5331),#5334);
#5331 = B_SPLINE_CURVE_WITH_KNOTS('',1,(#5332,#5333),.UNSPECIFIED.,.F.,
  .F.,(2,2),(-14.55,-10.9),.PIECEWISE_BEZIER_KNOTS.);
#5332 = CARTESIAN_POINT('',(4.1,47.));
#5333 = CARTESIAN_POINT('',(0.45,47.));
#5334 = ( GEOMETRIC_REPRESENTATION_CONTEXT(2) 
PARAMETRIC_REPRESENTATION_CONTEXT() REPRESENTATION_CONTEXT('2D SPACE',''
  ) );
#5335 = ORIENTED_EDGE('',*,*,#3143,.F.);
#5336 = ADVANCED_FACE('',(#5337),#3132,.T.);
#5337 = FACE_BOUND('',#5338,.T.);
#5338 = EDGE_LOOP('',(#5339,#5340,#5341,#5342,#5343,#5364,#5385,#5404));
#5339 = ORIENTED_EDGE('',*,*,#4626,.F.);
#5340 = ORIENTED_EDGE('',*,*,#4725,.F.);
#5341 = ORIENTED_EDGE('',*,*,#4675,.T.);
#5342 = ORIENTED_EDGE('',*,*,#3206,.T.);
#5343 = ORIENTED_EDGE('',*,*,#5344,.T.);
#5344 = EDGE_CURVE('',#3186,#5345,#5347,.T.);
#5345 = VERTEX_POINT('',#5346);
#5346 = CARTESIAN_POINT('',(22.,65.8,29.));
#5347 = SURFACE_CURVE('',#5348,(#5352,#5358),.PCURVE_S1.);
#5348 = LINE('',#5349,#5350);
#5349 = CARTESIAN_POINT('',(22.,65.8,18.5));
#5350 = VECTOR('',#5351,1.);
#5351 = DIRECTION('',(-2.22044604925E-16,0.,-1.));
#5352 = PCURVE('',#3132,#5353);
#5353 = DEFINITIONAL_REPRESENTATION('',(#5354),#5357);
#5354 = B_SPLINE_CURVE_WITH_KNOTS('',1,(#5355,#5356),.UNSPECIFIED.,.F.,
  .F.,(2,2),(-89.5,-10.5),.PIECEWISE_BEZIER_KNOTS.);
#5355 = CARTESIAN_POINT('',(100.,4.8));
#5356 = CARTESIAN_POINT('',(21.,4.8));
#5357 = ( GEOMETRIC_REPRESENTATION_CONTEXT(2) 
PARAMETRIC_REPRESENTATION_CONTEXT() REPRESENTATION_CONTEXT('2D SPACE',''
  ) );
#5358 = PCURVE('',#5176,#5359);
#5359 = DEFINITIONAL_REPRESENTATION('',(#5360),#5363);
#5360 = B_SPLINE_CURVE_WITH_KNOTS('',1,(#5361,#5362),.UNSPECIFIED.,.F.,
  .F.,(2,2),(-89.5,-10.5),.PIECEWISE_BEZIER_KNOTS.);
#5361 = CARTESIAN_POINT('',(4.1,79.));
#5362 = CARTESIAN_POINT('',(4.1,0.));
#5363 = ( GEOMETRIC_REPRESENTATION_CONTEXT(2) 
PARAMETRIC_REPRESENTATION_CONTEXT() REPRESENTATION_CONTEXT('2D SPACE',''
  ) );
#5364 = ORIENTED_EDGE('',*,*,#5365,.T.);
#5365 = EDGE_CURVE('',#5345,#5366,#5368,.T.);
#5366 = VERTEX_POINT('',#5367);
#5367 = CARTESIAN_POINT('',(22.,72.2,29.));
#5368 = SURFACE_CURVE('',#5369,(#5373,#5379),.PCURVE_S1.);
#5369 = LINE('',#5370,#5371);
#5370 = CARTESIAN_POINT('',(22.,63.4,29.));
#5371 = VECTOR('',#5372,1.);
#5372 = DIRECTION('',(-0.,1.,0.));
#5373 = PCURVE('',#3132,#5374);
#5374 = DEFINITIONAL_REPRESENTATION('',(#5375),#5378);
#5375 = B_SPLINE_CURVE_WITH_KNOTS('',1,(#5376,#5377),.UNSPECIFIED.,.F.,
  .F.,(2,2),(2.4,8.8),.PIECEWISE_BEZIER_KNOTS.);
#5376 = CARTESIAN_POINT('',(21.,4.8));
#5377 = CARTESIAN_POINT('',(21.,11.2));
#5378 = ( GEOMETRIC_REPRESENTATION_CONTEXT(2) 
PARAMETRIC_REPRESENTATION_CONTEXT() REPRESENTATION_CONTEXT('2D SPACE',''
  ) );
#5379 = PCURVE('',#5202,#5380);
#5380 = DEFINITIONAL_REPRESENTATION('',(#5381),#5384);
#5381 = B_SPLINE_CURVE_WITH_KNOTS('',1,(#5382,#5383),.UNSPECIFIED.,.F.,
  .F.,(2,2),(2.4,8.8),.PIECEWISE_BEZIER_KNOTS.);
#5382 = CARTESIAN_POINT('',(4.1,0.));
#5383 = CARTESIAN_POINT('',(4.1,-6.4));
#5384 = ( GEOMETRIC_REPRESENTATION_CONTEXT(2) 
PARAMETRIC_REPRESENTATION_CONTEXT() REPRESENTATION_CONTEXT('2D SPACE',''
  ) );
#5385 = ORIENTED_EDGE('',*,*,#5386,.F.);
#5386 = EDGE_CURVE('',#3117,#5366,#5387,.T.);
#5387 = SURFACE_CURVE('',#5388,(#5392,#5398),.PCURVE_S1.);
#5388 = LINE('',#5389,#5390);
#5389 = CARTESIAN_POINT('',(22.,72.2,18.5));
#5390 = VECTOR('',#5391,1.);
#5391 = DIRECTION('',(-2.22044604925E-16,0.,-1.));
#5392 = PCURVE('',#3132,#5393);
#5393 = DEFINITIONAL_REPRESENTATION('',(#5394),#5397);
#5394 = B_SPLINE_CURVE_WITH_KNOTS('',1,(#5395,#5396),.UNSPECIFIED.,.F.,
  .F.,(2,2),(-89.5,-10.5),.PIECEWISE_BEZIER_KNOTS.);
#5395 = CARTESIAN_POINT('',(100.,11.2));
#5396 = CARTESIAN_POINT('',(21.,11.2));
#5397 = ( GEOMETRIC_REPRESENTATION_CONTEXT(2) 
PARAMETRIC_REPRESENTATION_CONTEXT() REPRESENTATION_CONTEXT('2D SPACE',''
  ) );
#5398 = PCURVE('',#5226,#5399);
#5399 = DEFINITIONAL_REPRESENTATION('',(#5400),#5403);
#5400 = B_SPLINE_CURVE_WITH_KNOTS('',1,(#5401,#5402),.UNSPECIFIED.,.F.,
  .F.,(2,2),(-89.5,-10.5),.PIECEWISE_BEZIER_KNOTS.);
#5401 = CARTESIAN_POINT('',(4.1,79.));
#5402 = CARTESIAN_POINT('',(4.1,0.));
#5403 = ( GEOMETRIC_REPRESENTATION_CONTEXT(2) 
PARAMETRIC_REPRESENTATION_CONTEXT() REPRESENTATION_CONTEXT('2D SPACE',''
  ) );
#5404 = ORIENTED_EDGE('',*,*,#3116,.T.);
#5405 = ADVANCED_FACE('',(#5406),#3395,.T.);
#5406 = FACE_BOUND('',#5407,.T.);
#5407 = EDGE_LOOP('',(#5408,#5431,#5459,#5480));
#5408 = ORIENTED_EDGE('',*,*,#5409,.F.);
#5409 = EDGE_CURVE('',#5410,#3357,#5412,.T.);
#5410 = VERTEX_POINT('',#5411);
#5411 = CARTESIAN_POINT('',(36.35,17.35,8.));
#5412 = SURFACE_CURVE('',#5413,(#5417,#5424),.PCURVE_S1.);
#5413 = LINE('',#5414,#5415);
#5414 = CARTESIAN_POINT('',(36.35,17.35,8.));
#5415 = VECTOR('',#5416,1.);
#5416 = DIRECTION('',(2.22044604925E-16,0.,1.));
#5417 = PCURVE('',#3395,#5418);
#5418 = DEFINITIONAL_REPRESENTATION('',(#5419),#5423);
#5419 = LINE('',#5420,#5421);
#5420 = CARTESIAN_POINT('',(0.,8.7));
#5421 = VECTOR('',#5422,1.);
#5422 = DIRECTION('',(1.,0.));
#5423 = ( GEOMETRIC_REPRESENTATION_CONTEXT(2) 
PARAMETRIC_REPRESENTATION_CONTEXT() REPRESENTATION_CONTEXT('2D SPACE',''
  ) );
#5424 = PCURVE('',#3448,#5425);
#5425 = DEFINITIONAL_REPRESENTATION('',(#5426),#5430);
#5426 = LINE('',#5427,#5428);
#5427 = CARTESIAN_POINT('',(0.,0.));
#5428 = VECTOR('',#5429,1.);
#5429 = DIRECTION('',(0.,1.));
#5430 = ( GEOMETRIC_REPRESENTATION_CONTEXT(2) 
PARAMETRIC_REPRESENTATION_CONTEXT() REPRESENTATION_CONTEXT('2D SPACE',''
  ) );
#5431 = ORIENTED_EDGE('',*,*,#5432,.F.);
#5432 = EDGE_CURVE('',#5433,#5410,#5435,.T.);
#5433 = VERTEX_POINT('',#5434);
#5434 = CARTESIAN_POINT('',(36.35,8.65,8.));
#5435 = SURFACE_CURVE('',#5436,(#5440,#5447),.PCURVE_S1.);
#5436 = LINE('',#5437,#5438);
#5437 = CARTESIAN_POINT('',(36.35,8.65,8.));
#5438 = VECTOR('',#5439,1.);
#5439 = DIRECTION('',(-0.,1.,0.));
#5440 = PCURVE('',#3395,#5441);
#5441 = DEFINITIONAL_REPRESENTATION('',(#5442),#5446);
#5442 = LINE('',#5443,#5444);
#5443 = CARTESIAN_POINT('',(0.,0.));
#5444 = VECTOR('',#5445,1.);
#5445 = DIRECTION('',(0.,1.));
#5446 = ( GEOMETRIC_REPRESENTATION_CONTEXT(2) 
PARAMETRIC_REPRESENTATION_CONTEXT() REPRESENTATION_CONTEXT('2D SPACE',''
  ) );
#5447 = PCURVE('',#5448,#5453);
#5448 = PLANE('',#5449);
#5449 = AXIS2_PLACEMENT_3D('',#5450,#5451,#5452);
#5450 = CARTESIAN_POINT('',(36.35,8.65,8.));
#5451 = DIRECTION('',(2.22044604925E-16,0.,1.));
#5452 = DIRECTION('',(-1.,0.,2.22044604925E-16));
#5453 = DEFINITIONAL_REPRESENTATION('',(#5454),#5458);
#5454 = LINE('',#5455,#5456);
#5455 = CARTESIAN_POINT('',(0.,0.));
#5456 = VECTOR('',#5457,1.);
#5457 = DIRECTION('',(0.,-1.));
#5458 = ( GEOMETRIC_REPRESENTATION_CONTEXT(2) 
PARAMETRIC_REPRESENTATION_CONTEXT() REPRESENTATION_CONTEXT('2D SPACE',''
  ) );
#5459 = ORIENTED_EDGE('',*,*,#5460,.T.);
#5460 = EDGE_CURVE('',#5433,#3380,#5461,.T.);
#5461 = SURFACE_CURVE('',#5462,(#5466,#5473),.PCURVE_S1.);
#5462 = LINE('',#5463,#5464);
#5463 = CARTESIAN_POINT('',(36.35,8.65,8.));
#5464 = VECTOR('',#5465,1.);
#5465 = DIRECTION('',(2.22044604925E-16,0.,1.));
#5466 = PCURVE('',#3395,#5467);
#5467 = DEFINITIONAL_REPRESENTATION('',(#5468),#5472);
#5468 = LINE('',#5469,#5470);
#5469 = CARTESIAN_POINT('',(0.,0.));
#5470 = VECTOR('',#5471,1.);
#5471 = DIRECTION('',(1.,0.));
#5472 = ( GEOMETRIC_REPRESENTATION_CONTEXT(2) 
PARAMETRIC_REPRESENTATION_CONTEXT() REPRESENTATION_CONTEXT('2D SPACE',''
  ) );
#5473 = PCURVE('',#3501,#5474);
#5474 = DEFINITIONAL_REPRESENTATION('',(#5475),#5479);
#5475 = LINE('',#5476,#5477);
#5476 = CARTESIAN_POINT('',(0.,0.));
#5477 = VECTOR('',#5478,1.);
#5478 = DIRECTION('',(0.,1.));
#5479 = ( GEOMETRIC_REPRESENTATION_CONTEXT(2) 
PARAMETRIC_REPRESENTATION_CONTEXT() REPRESENTATION_CONTEXT('2D SPACE',''
  ) );
#5480 = ORIENTED_EDGE('',*,*,#3379,.T.);
#5481 = ADVANCED_FACE('',(#5482),#3448,.F.);
#5482 = FACE_BOUND('',#5483,.F.);
#5483 = EDGE_LOOP('',(#5484,#5485,#5508,#5529));
#5484 = ORIENTED_EDGE('',*,*,#5409,.F.);
#5485 = ORIENTED_EDGE('',*,*,#5486,.T.);
#5486 = EDGE_CURVE('',#5410,#5487,#5489,.T.);
#5487 = VERTEX_POINT('',#5488);
#5488 = CARTESIAN_POINT('',(25.65,17.35,8.));
#5489 = SURFACE_CURVE('',#5490,(#5494,#5501),.PCURVE_S1.);
#5490 = LINE('',#5491,#5492);
#5491 = CARTESIAN_POINT('',(36.35,17.35,8.));
#5492 = VECTOR('',#5493,1.);
#5493 = DIRECTION('',(-1.,0.,2.22044604925E-16));
#5494 = PCURVE('',#3448,#5495);
#5495 = DEFINITIONAL_REPRESENTATION('',(#5496),#5500);
#5496 = LINE('',#5497,#5498);
#5497 = CARTESIAN_POINT('',(0.,0.));
#5498 = VECTOR('',#5499,1.);
#5499 = DIRECTION('',(1.,0.));
#5500 = ( GEOMETRIC_REPRESENTATION_CONTEXT(2) 
PARAMETRIC_REPRESENTATION_CONTEXT() REPRESENTATION_CONTEXT('2D SPACE',''
  ) );
#5501 = PCURVE('',#5448,#5502);
#5502 = DEFINITIONAL_REPRESENTATION('',(#5503),#5507);
#5503 = LINE('',#5504,#5505);
#5504 = CARTESIAN_POINT('',(0.,-8.7));
#5505 = VECTOR('',#5506,1.);
#5506 = DIRECTION('',(1.,0.));
#5507 = ( GEOMETRIC_REPRESENTATION_CONTEXT(2) 
PARAMETRIC_REPRESENTATION_CONTEXT() REPRESENTATION_CONTEXT('2D SPACE',''
  ) );
#5508 = ORIENTED_EDGE('',*,*,#5509,.T.);
#5509 = EDGE_CURVE('',#5487,#3433,#5510,.T.);
#5510 = SURFACE_CURVE('',#5511,(#5515,#5522),.PCURVE_S1.);
#5511 = LINE('',#5512,#5513);
#5512 = CARTESIAN_POINT('',(25.65,17.35,8.));
#5513 = VECTOR('',#5514,1.);
#5514 = DIRECTION('',(2.22044604925E-16,0.,1.));
#5515 = PCURVE('',#3448,#5516);
#5516 = DEFINITIONAL_REPRESENTATION('',(#5517),#5521);
#5517 = LINE('',#5518,#5519);
#5518 = CARTESIAN_POINT('',(10.7,0.));
#5519 = VECTOR('',#5520,1.);
#5520 = DIRECTION('',(0.,1.));
#5521 = ( GEOMETRIC_REPRESENTATION_CONTEXT(2) 
PARAMETRIC_REPRESENTATION_CONTEXT() REPRESENTATION_CONTEXT('2D SPACE',''
  ) );
#5522 = PCURVE('',#3554,#5523);
#5523 = DEFINITIONAL_REPRESENTATION('',(#5524),#5528);
#5524 = LINE('',#5525,#5526);
#5525 = CARTESIAN_POINT('',(0.,8.7));
#5526 = VECTOR('',#5527,1.);
#5527 = DIRECTION('',(1.,0.));
#5528 = ( GEOMETRIC_REPRESENTATION_CONTEXT(2) 
PARAMETRIC_REPRESENTATION_CONTEXT() REPRESENTATION_CONTEXT('2D SPACE',''
  ) );
#5529 = ORIENTED_EDGE('',*,*,#3432,.T.);
#5530 = ADVANCED_FACE('',(#5531),#3501,.T.);
#5531 = FACE_BOUND('',#5532,.T.);
#5532 = EDGE_LOOP('',(#5533,#5534,#5557,#5578));
#5533 = ORIENTED_EDGE('',*,*,#5460,.F.);
#5534 = ORIENTED_EDGE('',*,*,#5535,.T.);
#5535 = EDGE_CURVE('',#5433,#5536,#5538,.T.);
#5536 = VERTEX_POINT('',#5537);
#5537 = CARTESIAN_POINT('',(25.65,8.65,8.));
#5538 = SURFACE_CURVE('',#5539,(#5543,#5550),.PCURVE_S1.);
#5539 = LINE('',#5540,#5541);
#5540 = CARTESIAN_POINT('',(36.35,8.65,8.));
#5541 = VECTOR('',#5542,1.);
#5542 = DIRECTION('',(-1.,0.,2.22044604925E-16));
#5543 = PCURVE('',#3501,#5544);
#5544 = DEFINITIONAL_REPRESENTATION('',(#5545),#5549);
#5545 = LINE('',#5546,#5547);
#5546 = CARTESIAN_POINT('',(0.,0.));
#5547 = VECTOR('',#5548,1.);
#5548 = DIRECTION('',(1.,0.));
#5549 = ( GEOMETRIC_REPRESENTATION_CONTEXT(2) 
PARAMETRIC_REPRESENTATION_CONTEXT() REPRESENTATION_CONTEXT('2D SPACE',''
  ) );
#5550 = PCURVE('',#5448,#5551);
#5551 = DEFINITIONAL_REPRESENTATION('',(#5552),#5556);
#5552 = LINE('',#5553,#5554);
#5553 = CARTESIAN_POINT('',(0.,0.));
#5554 = VECTOR('',#5555,1.);
#5555 = DIRECTION('',(1.,0.));
#5556 = ( GEOMETRIC_REPRESENTATION_CONTEXT(2) 
PARAMETRIC_REPRESENTATION_CONTEXT() REPRESENTATION_CONTEXT('2D SPACE',''
  ) );
#5557 = ORIENTED_EDGE('',*,*,#5558,.T.);
#5558 = EDGE_CURVE('',#5536,#3486,#5559,.T.);
#5559 = SURFACE_CURVE('',#5560,(#5564,#5571),.PCURVE_S1.);
#5560 = LINE('',#5561,#5562);
#5561 = CARTESIAN_POINT('',(25.65,8.65,8.));
#5562 = VECTOR('',#5563,1.);
#5563 = DIRECTION('',(2.22044604925E-16,0.,1.));
#5564 = PCURVE('',#3501,#5565);
#5565 = DEFINITIONAL_REPRESENTATION('',(#5566),#5570);
#5566 = LINE('',#5567,#5568);
#5567 = CARTESIAN_POINT('',(10.7,0.));
#5568 = VECTOR('',#5569,1.);
#5569 = DIRECTION('',(0.,1.));
#5570 = ( GEOMETRIC_REPRESENTATION_CONTEXT(2) 
PARAMETRIC_REPRESENTATION_CONTEXT() REPRESENTATION_CONTEXT('2D SPACE',''
  ) );
#5571 = PCURVE('',#3554,#5572);
#5572 = DEFINITIONAL_REPRESENTATION('',(#5573),#5577);
#5573 = LINE('',#5574,#5575);
#5574 = CARTESIAN_POINT('',(0.,0.));
#5575 = VECTOR('',#5576,1.);
#5576 = DIRECTION('',(1.,0.));
#5577 = ( GEOMETRIC_REPRESENTATION_CONTEXT(2) 
PARAMETRIC_REPRESENTATION_CONTEXT() REPRESENTATION_CONTEXT('2D SPACE',''
  ) );
#5578 = ORIENTED_EDGE('',*,*,#3485,.T.);
#5579 = ADVANCED_FACE('',(#5580),#3554,.F.);
#5580 = FACE_BOUND('',#5581,.F.);
#5581 = EDGE_LOOP('',(#5582,#5583,#5604,#5605,#5606,#5632,#5658,#5682));
#5582 = ORIENTED_EDGE('',*,*,#5509,.F.);
#5583 = ORIENTED_EDGE('',*,*,#5584,.F.);
#5584 = EDGE_CURVE('',#5536,#5487,#5585,.T.);
#5585 = SURFACE_CURVE('',#5586,(#5590,#5597),.PCURVE_S1.);
#5586 = LINE('',#5587,#5588);
#5587 = CARTESIAN_POINT('',(25.65,8.65,8.));
#5588 = VECTOR('',#5589,1.);
#5589 = DIRECTION('',(-0.,1.,0.));
#5590 = PCURVE('',#3554,#5591);
#5591 = DEFINITIONAL_REPRESENTATION('',(#5592),#5596);
#5592 = LINE('',#5593,#5594);
#5593 = CARTESIAN_POINT('',(0.,0.));
#5594 = VECTOR('',#5595,1.);
#5595 = DIRECTION('',(0.,1.));
#5596 = ( GEOMETRIC_REPRESENTATION_CONTEXT(2) 
PARAMETRIC_REPRESENTATION_CONTEXT() REPRESENTATION_CONTEXT('2D SPACE',''
  ) );
#5597 = PCURVE('',#5448,#5598);
#5598 = DEFINITIONAL_REPRESENTATION('',(#5599),#5603);
#5599 = LINE('',#5600,#5601);
#5600 = CARTESIAN_POINT('',(10.7,0.));
#5601 = VECTOR('',#5602,1.);
#5602 = DIRECTION('',(0.,-1.));
#5603 = ( GEOMETRIC_REPRESENTATION_CONTEXT(2) 
PARAMETRIC_REPRESENTATION_CONTEXT() REPRESENTATION_CONTEXT('2D SPACE',''
  ) );
#5604 = ORIENTED_EDGE('',*,*,#5558,.T.);
#5605 = ORIENTED_EDGE('',*,*,#3643,.T.);
#5606 = ORIENTED_EDGE('',*,*,#5607,.T.);
#5607 = EDGE_CURVE('',#3618,#5608,#5610,.T.);
#5608 = VERTEX_POINT('',#5609);
#5609 = CARTESIAN_POINT('',(25.65,9.8,29.));
#5610 = SURFACE_CURVE('',#5611,(#5615,#5621),.PCURVE_S1.);
#5611 = LINE('',#5612,#5613);
#5612 = CARTESIAN_POINT('',(25.65,9.8,18.5));
#5613 = VECTOR('',#5614,1.);
#5614 = DIRECTION('',(-2.22044604925E-16,0.,-1.));
#5615 = PCURVE('',#3554,#5616);
#5616 = DEFINITIONAL_REPRESENTATION('',(#5617),#5620);
#5617 = B_SPLINE_CURVE_WITH_KNOTS('',1,(#5618,#5619),.UNSPECIFIED.,.F.,
  .F.,(2,2),(-89.5,-10.5),.PIECEWISE_BEZIER_KNOTS.);
#5618 = CARTESIAN_POINT('',(100.,1.15));
#5619 = CARTESIAN_POINT('',(21.,1.15));
#5620 = ( GEOMETRIC_REPRESENTATION_CONTEXT(2) 
PARAMETRIC_REPRESENTATION_CONTEXT() REPRESENTATION_CONTEXT('2D SPACE',''
  ) );
#5621 = PCURVE('',#5622,#5627);
#5622 = PLANE('',#5623);
#5623 = AXIS2_PLACEMENT_3D('',#5624,#5625,#5626);
#5624 = CARTESIAN_POINT('',(26.1,9.8,29.));
#5625 = DIRECTION('',(-0.,1.,0.));
#5626 = DIRECTION('',(-1.,0.,2.22044604925E-16));
#5627 = DEFINITIONAL_REPRESENTATION('',(#5628),#5631);
#5628 = B_SPLINE_CURVE_WITH_KNOTS('',1,(#5629,#5630),.UNSPECIFIED.,.F.,
  .F.,(2,2),(-89.5,-10.5),.PIECEWISE_BEZIER_KNOTS.);
#5629 = CARTESIAN_POINT('',(0.45,79.));
#5630 = CARTESIAN_POINT('',(0.45,0.));
#5631 = ( GEOMETRIC_REPRESENTATION_CONTEXT(2) 
PARAMETRIC_REPRESENTATION_CONTEXT() REPRESENTATION_CONTEXT('2D SPACE',''
  ) );
#5632 = ORIENTED_EDGE('',*,*,#5633,.T.);
#5633 = EDGE_CURVE('',#5608,#5634,#5636,.T.);
#5634 = VERTEX_POINT('',#5635);
#5635 = CARTESIAN_POINT('',(25.65,16.2,29.));
#5636 = SURFACE_CURVE('',#5637,(#5641,#5647),.PCURVE_S1.);
#5637 = LINE('',#5638,#5639);
#5638 = CARTESIAN_POINT('',(25.65,9.225,29.));
#5639 = VECTOR('',#5640,1.);
#5640 = DIRECTION('',(-0.,1.,0.));
#5641 = PCURVE('',#3554,#5642);
#5642 = DEFINITIONAL_REPRESENTATION('',(#5643),#5646);
#5643 = B_SPLINE_CURVE_WITH_KNOTS('',1,(#5644,#5645),.UNSPECIFIED.,.F.,
  .F.,(2,2),(0.575,6.975),.PIECEWISE_BEZIER_KNOTS.);
#5644 = CARTESIAN_POINT('',(21.,1.15));
#5645 = CARTESIAN_POINT('',(21.,7.55));
#5646 = ( GEOMETRIC_REPRESENTATION_CONTEXT(2) 
PARAMETRIC_REPRESENTATION_CONTEXT() REPRESENTATION_CONTEXT('2D SPACE',''
  ) );
#5647 = PCURVE('',#5648,#5653);
#5648 = PLANE('',#5649);
#5649 = AXIS2_PLACEMENT_3D('',#5650,#5651,#5652);
#5650 = CARTESIAN_POINT('',(26.1,9.8,29.));
#5651 = DIRECTION('',(2.22044604925E-16,0.,1.));
#5652 = DIRECTION('',(-1.,0.,2.22044604925E-16));
#5653 = DEFINITIONAL_REPRESENTATION('',(#5654),#5657);
#5654 = B_SPLINE_CURVE_WITH_KNOTS('',1,(#5655,#5656),.UNSPECIFIED.,.F.,
  .F.,(2,2),(0.575,6.975),.PIECEWISE_BEZIER_KNOTS.);
#5655 = CARTESIAN_POINT('',(0.45,0.));
#5656 = CARTESIAN_POINT('',(0.45,-6.4));
#5657 = ( GEOMETRIC_REPRESENTATION_CONTEXT(2) 
PARAMETRIC_REPRESENTATION_CONTEXT() REPRESENTATION_CONTEXT('2D SPACE',''
  ) );
#5658 = ORIENTED_EDGE('',*,*,#5659,.F.);
#5659 = EDGE_CURVE('',#3539,#5634,#5660,.T.);
#5660 = SURFACE_CURVE('',#5661,(#5665,#5671),.PCURVE_S1.);
#5661 = LINE('',#5662,#5663);
#5662 = CARTESIAN_POINT('',(25.65,16.2,18.5));
#5663 = VECTOR('',#5664,1.);
#5664 = DIRECTION('',(-2.22044604925E-16,0.,-1.));
#5665 = PCURVE('',#3554,#5666);
#5666 = DEFINITIONAL_REPRESENTATION('',(#5667),#5670);
#5667 = B_SPLINE_CURVE_WITH_KNOTS('',1,(#5668,#5669),.UNSPECIFIED.,.F.,
  .F.,(2,2),(-89.5,-10.5),.PIECEWISE_BEZIER_KNOTS.);
#5668 = CARTESIAN_POINT('',(100.,7.55));
#5669 = CARTESIAN_POINT('',(21.,7.55));
#5670 = ( GEOMETRIC_REPRESENTATION_CONTEXT(2) 
PARAMETRIC_REPRESENTATION_CONTEXT() REPRESENTATION_CONTEXT('2D SPACE',''
  ) );
#5671 = PCURVE('',#5672,#5677);
#5672 = PLANE('',#5673);
#5673 = AXIS2_PLACEMENT_3D('',#5674,#5675,#5676);
#5674 = CARTESIAN_POINT('',(26.1,16.2,29.));
#5675 = DIRECTION('',(-0.,1.,0.));
#5676 = DIRECTION('',(-1.,0.,2.22044604925E-16));
#5677 = DEFINITIONAL_REPRESENTATION('',(#5678),#5681);
#5678 = B_SPLINE_CURVE_WITH_KNOTS('',1,(#5679,#5680),.UNSPECIFIED.,.F.,
  .F.,(2,2),(-89.5,-10.5),.PIECEWISE_BEZIER_KNOTS.);
#5679 = CARTESIAN_POINT('',(0.45,79.));
#5680 = CARTESIAN_POINT('',(0.45,0.));
#5681 = ( GEOMETRIC_REPRESENTATION_CONTEXT(2) 
PARAMETRIC_REPRESENTATION_CONTEXT() REPRESENTATION_CONTEXT('2D SPACE',''
  ) );
#5682 = ORIENTED_EDGE('',*,*,#3538,.T.);
#5683 = ADVANCED_FACE('',(#5684),#3632,.T.);
#5684 = FACE_BOUND('',#5685,.T.);
#5685 = EDGE_LOOP('',(#5686,#5707,#5708,#5728));
#5686 = ORIENTED_EDGE('',*,*,#5687,.F.);
#5687 = EDGE_CURVE('',#3592,#4435,#5688,.T.);
#5688 = SURFACE_CURVE('',#5689,(#5693,#5700),.PCURVE_S1.);
#5689 = LINE('',#5690,#5691);
#5690 = CARTESIAN_POINT('',(26.1,9.8,108.));
#5691 = VECTOR('',#5692,1.);
#5692 = DIRECTION('',(-1.,0.,2.22044604925E-16));
#5693 = PCURVE('',#3632,#5694);
#5694 = DEFINITIONAL_REPRESENTATION('',(#5695),#5699);
#5695 = LINE('',#5696,#5697);
#5696 = CARTESIAN_POINT('',(0.,79.));
#5697 = VECTOR('',#5698,1.);
#5698 = DIRECTION('',(1.,0.));
#5699 = ( GEOMETRIC_REPRESENTATION_CONTEXT(2) 
PARAMETRIC_REPRESENTATION_CONTEXT() REPRESENTATION_CONTEXT('2D SPACE',''
  ) );
#5700 = PCURVE('',#3606,#5701);
#5701 = DEFINITIONAL_REPRESENTATION('',(#5702),#5706);
#5702 = LINE('',#5703,#5704);
#5703 = CARTESIAN_POINT('',(0.,0.));
#5704 = VECTOR('',#5705,1.);
#5705 = DIRECTION('',(1.,0.));
#5706 = ( GEOMETRIC_REPRESENTATION_CONTEXT(2) 
PARAMETRIC_REPRESENTATION_CONTEXT() REPRESENTATION_CONTEXT('2D SPACE',''
  ) );
#5707 = ORIENTED_EDGE('',*,*,#3617,.T.);
#5708 = ORIENTED_EDGE('',*,*,#5709,.F.);
#5709 = EDGE_CURVE('',#4456,#3618,#5710,.T.);
#5710 = SURFACE_CURVE('',#5711,(#5715,#5722),.PCURVE_S1.);
#5711 = LINE('',#5712,#5713);
#5712 = CARTESIAN_POINT('',(36.55,9.8,76.));
#5713 = VECTOR('',#5714,1.);
#5714 = DIRECTION('',(1.,0.,-2.22044604925E-16));
#5715 = PCURVE('',#3632,#5716);
#5716 = DEFINITIONAL_REPRESENTATION('',(#5717),#5721);
#5717 = LINE('',#5718,#5719);
#5718 = CARTESIAN_POINT('',(-10.45,47.));
#5719 = VECTOR('',#5720,1.);
#5720 = DIRECTION('',(-1.,0.));
#5721 = ( GEOMETRIC_REPRESENTATION_CONTEXT(2) 
PARAMETRIC_REPRESENTATION_CONTEXT() REPRESENTATION_CONTEXT('2D SPACE',''
  ) );
#5722 = PCURVE('',#5622,#5723);
#5723 = DEFINITIONAL_REPRESENTATION('',(#5724),#5727);
#5724 = B_SPLINE_CURVE_WITH_KNOTS('',1,(#5725,#5726),.UNSPECIFIED.,.F.,
  .F.,(2,2),(-14.55,-10.9),.PIECEWISE_BEZIER_KNOTS.);
#5725 = CARTESIAN_POINT('',(4.1,47.));
#5726 = CARTESIAN_POINT('',(0.45,47.));
#5727 = ( GEOMETRIC_REPRESENTATION_CONTEXT(2) 
PARAMETRIC_REPRESENTATION_CONTEXT() REPRESENTATION_CONTEXT('2D SPACE',''
  ) );
#5728 = ORIENTED_EDGE('',*,*,#4455,.F.);
#5729 = ADVANCED_FACE('',(#5730),#3606,.F.);
#5730 = FACE_BOUND('',#5731,.F.);
#5731 = EDGE_LOOP('',(#5732,#5733,#5734,#5755));
#5732 = ORIENTED_EDGE('',*,*,#5687,.F.);
#5733 = ORIENTED_EDGE('',*,*,#3591,.T.);
#5734 = ORIENTED_EDGE('',*,*,#5735,.T.);
#5735 = EDGE_CURVE('',#3566,#4414,#5736,.T.);
#5736 = SURFACE_CURVE('',#5737,(#5741,#5748),.PCURVE_S1.);
#5737 = LINE('',#5738,#5739);
#5738 = CARTESIAN_POINT('',(26.1,16.2,108.));
#5739 = VECTOR('',#5740,1.);
#5740 = DIRECTION('',(-1.,0.,2.22044604925E-16));
#5741 = PCURVE('',#3606,#5742);
#5742 = DEFINITIONAL_REPRESENTATION('',(#5743),#5747);
#5743 = LINE('',#5744,#5745);
#5744 = CARTESIAN_POINT('',(0.,-6.4));
#5745 = VECTOR('',#5746,1.);
#5746 = DIRECTION('',(1.,0.));
#5747 = ( GEOMETRIC_REPRESENTATION_CONTEXT(2) 
PARAMETRIC_REPRESENTATION_CONTEXT() REPRESENTATION_CONTEXT('2D SPACE',''
  ) );
#5748 = PCURVE('',#3580,#5749);
#5749 = DEFINITIONAL_REPRESENTATION('',(#5750),#5754);
#5750 = LINE('',#5751,#5752);
#5751 = CARTESIAN_POINT('',(0.,79.));
#5752 = VECTOR('',#5753,1.);
#5753 = DIRECTION('',(1.,0.));
#5754 = ( GEOMETRIC_REPRESENTATION_CONTEXT(2) 
PARAMETRIC_REPRESENTATION_CONTEXT() REPRESENTATION_CONTEXT('2D SPACE',''
  ) );
#5755 = ORIENTED_EDGE('',*,*,#4434,.F.);
#5756 = ADVANCED_FACE('',(#5757),#3580,.F.);
#5757 = FACE_BOUND('',#5758,.F.);
#5758 = EDGE_LOOP('',(#5759,#5760,#5761,#5781));
#5759 = ORIENTED_EDGE('',*,*,#5735,.F.);
#5760 = ORIENTED_EDGE('',*,*,#3565,.T.);
#5761 = ORIENTED_EDGE('',*,*,#5762,.F.);
#5762 = EDGE_CURVE('',#4387,#3539,#5763,.T.);
#5763 = SURFACE_CURVE('',#5764,(#5768,#5775),.PCURVE_S1.);
#5764 = LINE('',#5765,#5766);
#5765 = CARTESIAN_POINT('',(36.55,16.2,76.));
#5766 = VECTOR('',#5767,1.);
#5767 = DIRECTION('',(1.,0.,-2.22044604925E-16));
#5768 = PCURVE('',#3580,#5769);
#5769 = DEFINITIONAL_REPRESENTATION('',(#5770),#5774);
#5770 = LINE('',#5771,#5772);
#5771 = CARTESIAN_POINT('',(-10.45,47.));
#5772 = VECTOR('',#5773,1.);
#5773 = DIRECTION('',(-1.,0.));
#5774 = ( GEOMETRIC_REPRESENTATION_CONTEXT(2) 
PARAMETRIC_REPRESENTATION_CONTEXT() REPRESENTATION_CONTEXT('2D SPACE',''
  ) );
#5775 = PCURVE('',#5672,#5776);
#5776 = DEFINITIONAL_REPRESENTATION('',(#5777),#5780);
#5777 = B_SPLINE_CURVE_WITH_KNOTS('',1,(#5778,#5779),.UNSPECIFIED.,.F.,
  .F.,(2,2),(-14.55,-10.9),.PIECEWISE_BEZIER_KNOTS.);
#5778 = CARTESIAN_POINT('',(4.1,47.));
#5779 = CARTESIAN_POINT('',(0.45,47.));
#5780 = ( GEOMETRIC_REPRESENTATION_CONTEXT(2) 
PARAMETRIC_REPRESENTATION_CONTEXT() REPRESENTATION_CONTEXT('2D SPACE',''
  ) );
#5781 = ORIENTED_EDGE('',*,*,#4413,.F.);
#5782 = ADVANCED_FACE('',(#5783),#3797,.T.);
#5783 = FACE_BOUND('',#5784,.T.);
#5784 = EDGE_LOOP('',(#5785,#5873,#5899,#6008,#6264,#6499,#6734,#6990,
    #7128,#7129));
#5785 = ORIENTED_EDGE('',*,*,#5786,.F.);
#5786 = EDGE_CURVE('',#5787,#3694,#5789,.T.);
#5787 = VERTEX_POINT('',#5788);
#5788 = CARTESIAN_POINT('',(31.35,41.,76.5));
#5789 = SURFACE_CURVE('',#5790,(#5860,#5866),.PCURVE_S1.);
#5790 = B_SPLINE_CURVE_WITH_KNOTS('',9,(#5791,#5792,#5793,#5794,#5795,
    #5796,#5797,#5798,#5799,#5800,#5801,#5802,#5803,#5804,#5805,#5806,
    #5807,#5808,#5809,#5810,#5811,#5812,#5813,#5814,#5815,#5816,#5817,
    #5818,#5819,#5820,#5821,#5822,#5823,#5824,#5825,#5826,#5827,#5828,
    #5829,#5830,#5831,#5832,#5833,#5834,#5835,#5836,#5837,#5838,#5839,
    #5840,#5841,#5842,#5843,#5844,#5845,#5846,#5847,#5848,#5849,#5850,
    #5851,#5852,#5853,#5854,#5855,#5856,#5857,#5858,#5859),
  .UNSPECIFIED.,.F.,.F.,(10,8,9,8,9,8,9,8,10),(0.,6.153880704209,
    12.307761408417,18.461642112626,24.615522816834,30.769403521043,
    36.923284225252,43.07716492946,49.231045633669),.UNSPECIFIED.);
#5791 = CARTESIAN_POINT('',(31.35,41.,76.5));
#5792 = CARTESIAN_POINT('',(31.350007039382,47.107254896197,
    76.972194064706));
#5793 = CARTESIAN_POINT('',(27.951729966663,53.215368313812,
    77.444499930607));
#5794 = CARTESIAN_POINT('',(21.160728045497,57.155056619132,
    77.916572601661));
#5795 = CARTESIAN_POINT('',(12.558415682207,56.808396493297,
    78.388966011083));
#5796 = CARTESIAN_POINT('',(5.3971472761,51.313941299601,78.861058327773
    ));
#5797 = CARTESIAN_POINT('',(2.836465904335,43.093941792466,
    79.333346715349));
#5798 = CARTESIAN_POINT('',(4.883804562889,35.514924974138,
    79.805547712883));
#5799 = CARTESIAN_POINT('',(9.904487486786,30.651473103036,
    80.277772293091));
#5800 = CARTESIAN_POINT('',(21.702682426203,27.490157100148,
    81.222218250039));
#5801 = CARTESIAN_POINT('',(28.482447823347,29.191690504962,
    81.694442830262));
#5802 = CARTESIAN_POINT('',(34.044998701413,34.731635039417,
    82.166643827709));
#5803 = CARTESIAN_POINT('',(35.937397913407,43.130714090344,
    82.638932215517));
#5804 = CARTESIAN_POINT('',(32.482752284538,51.469688934593,
    83.11102453183));
#5805 = CARTESIAN_POINT('',(25.206308068864,56.07103652834,
    83.583417941652));
#5806 = CARTESIAN_POINT('',(17.355235967355,56.054698900032,
    84.055490612429));
#5807 = CARTESIAN_POINT('',(11.35821695012,52.46403501008,
    84.527796478444));
#5808 = CARTESIAN_POINT('',(8.304583779549,47.175000426468,
    84.999990543133));
#5809 = CARTESIAN_POINT('',(5.250957256095,41.885964853127,
    85.472211340382));
#5810 = CARTESIAN_POINT('',(5.139883815835,34.897046817647,
    85.944475302191));
#5811 = CARTESIAN_POINT('',(9.05123366091,28.089673329193,
    86.416600581608));
#5812 = CARTESIAN_POINT('',(16.674370733214,24.088736031826,
    86.888940576793));
#5813 = CARTESIAN_POINT('',(25.623450175397,25.266437634842,
    87.361076612994));
#5814 = CARTESIAN_POINT('',(31.951057609244,31.104826618523,
    87.83333667749));
#5815 = CARTESIAN_POINT('',(33.967522374449,38.69211642239,
    88.305551551632));
#5816 = CARTESIAN_POINT('',(32.051208158605,45.414330959978,
    88.777771581995));
#5817 = CARTESIAN_POINT('',(23.414329899681,54.051208350192,
    89.722218589705));
#5818 = CARTESIAN_POINT('',(16.692113914975,55.967519932043,
    90.194442344941));
#5819 = CARTESIAN_POINT('',(9.104831550354,53.951062621655,
    90.666644381263));
#5820 = CARTESIAN_POINT('',(3.266425954708,47.623446449417,
    91.138931708793));
#5821 = CARTESIAN_POINT('',(2.088749638315,38.674359538174,
    91.61102490086));
#5822 = CARTESIAN_POINT('',(6.089661229821,31.05125354918,
    92.083417733675));
#5823 = CARTESIAN_POINT('',(12.897058007811,27.13986628598,
    92.555490697315));
#5824 = CARTESIAN_POINT('',(19.885960740932,27.250962927381,
    93.027796457843));
#5825 = CARTESIAN_POINT('',(25.175001937726,30.304584652058,
    93.499990543107));
#5826 = CARTESIAN_POINT('',(30.464037869267,33.358210553238,
    93.972211361056));
#5827 = CARTESIAN_POINT('',(34.054689298281,39.355254423159,
    94.444475217186));
#5828 = CARTESIAN_POINT('',(34.071047740473,47.206287646535,
    94.916600789755));
#5829 = CARTESIAN_POINT('',(29.46968597496,54.482769665408,
    95.388940207576));
#5830 = CARTESIAN_POINT('',(21.130705116662,57.937389661276,
    95.861077119869));
#5831 = CARTESIAN_POINT('',(12.731641744221,56.045000466212,
    96.333336123849));
#5832 = CARTESIAN_POINT('',(7.191687225587,50.482446873089,
    96.805552036986));
#5833 = CARTESIAN_POINT('',(5.490156673243,43.702681412163,
    97.277771242324));
#5834 = CARTESIAN_POINT('',(8.651474056702,31.90448679072,
    98.222219300801));
#5835 = CARTESIAN_POINT('',(13.514927658488,26.883805424405,
    98.694438506196));
#5836 = CARTESIAN_POINT('',(21.09393686736,24.836464029191,
    99.166654419105));
#5837 = CARTESIAN_POINT('',(29.313949903899,27.397144663225,
    99.638913423603));
#5838 = CARTESIAN_POINT('',(34.808395000407,34.558432180125,
    100.11105033511));
#5839 = CARTESIAN_POINT('',(35.155051990411,43.16070477246,
    100.58338975374));
#5840 = CARTESIAN_POINT('',(31.215371932348,49.951750742872,
    101.05551532575));
#5841 = CARTESIAN_POINT('',(25.10725243397,53.350000071809,
    101.52777918213));
#5842 = CARTESIAN_POINT('',(18.999999999995,53.350000000001,
    101.99999999999));
#5843 = CARTESIAN_POINT('',(12.89274510381,53.350007039375,
    102.4721940647));
#5844 = CARTESIAN_POINT('',(6.784631686178,49.951729966682,
    102.94449993061));
#5845 = CARTESIAN_POINT('',(2.844943380883,43.160728045466,
    103.41657260165));
#5846 = CARTESIAN_POINT('',(3.191603506688,34.558415682239,
    103.88896601109));
#5847 = CARTESIAN_POINT('',(8.686058700411,27.397147276077,
    104.36105832775));
#5848 = CARTESIAN_POINT('',(16.906058207528,24.836465904345,
    104.83334671535));
#5849 = CARTESIAN_POINT('',(24.485075025864,26.883804562887,
    105.30554771287));
#5850 = CARTESIAN_POINT('',(29.348526896964,31.904487486786,
    105.77777229309));
#5851 = CARTESIAN_POINT('',(32.509842899852,43.702682426203,
    106.72221825003));
#5852 = CARTESIAN_POINT('',(30.808309495015,50.482447823348,
    107.19444283026));
#5853 = CARTESIAN_POINT('',(25.268364960684,56.044998701414,
    107.6666438277));
#5854 = CARTESIAN_POINT('',(16.869285909435,57.937397913402,
    108.13893221551));
#5855 = CARTESIAN_POINT('',(8.530311065693,54.48275228455,
    108.61102453183));
#5856 = CARTESIAN_POINT('',(3.928963471433,47.206308068852,
    109.08341794164));
#5857 = CARTESIAN_POINT('',(3.945301100069,39.355235967359,
    109.55549061242));
#5858 = CARTESIAN_POINT('',(7.53596498991,33.358216950125,
    110.02779647845));
#5859 = CARTESIAN_POINT('',(12.824999573531,30.304583779551,
    110.49999054312));
#5860 = PCURVE('',#3797,#5861);
#5861 = DEFINITIONAL_REPRESENTATION('',(#5862),#5865);
#5862 = B_SPLINE_CURVE_WITH_KNOTS('',1,(#5863,#5864),.UNSPECIFIED.,.F.,
  .F.,(2,2),(0.,49.231045633669),.PIECEWISE_BEZIER_KNOTS.);
#5863 = CARTESIAN_POINT('',(0.,0.));
#5864 = CARTESIAN_POINT('',(0.,49.231045633669));
#5865 = ( GEOMETRIC_REPRESENTATION_CONTEXT(2) 
PARAMETRIC_REPRESENTATION_CONTEXT() REPRESENTATION_CONTEXT('2D SPACE',''
  ) );
#5866 = PCURVE('',#4061,#5867);
#5867 = DEFINITIONAL_REPRESENTATION('',(#5868),#5872);
#5868 = LINE('',#5869,#5870);
#5869 = CARTESIAN_POINT('',(1.,0.));
#5870 = VECTOR('',#5871,1.);
#5871 = DIRECTION('',(0.,1.));
#5872 = ( GEOMETRIC_REPRESENTATION_CONTEXT(2) 
PARAMETRIC_REPRESENTATION_CONTEXT() REPRESENTATION_CONTEXT('2D SPACE',''
  ) );
#5873 = ORIENTED_EDGE('',*,*,#5874,.T.);
#5874 = EDGE_CURVE('',#5787,#5875,#5877,.T.);
#5875 = VERTEX_POINT('',#5876);
#5876 = CARTESIAN_POINT('',(29.35,41.,78.38679245283));
#5877 = SURFACE_CURVE('',#5878,(#5881,#5888),.PCURVE_S1.);
#5878 = B_SPLINE_CURVE_WITH_KNOTS('',1,(#5879,#5880),.UNSPECIFIED.,.F.,
  .F.,(2,2),(0.,2.914515397111),.PIECEWISE_BEZIER_KNOTS.);
#5879 = CARTESIAN_POINT('',(31.35,41.,76.5));
#5880 = CARTESIAN_POINT('',(29.23,41.,78.5));
#5881 = PCURVE('',#3797,#5882);
#5882 = DEFINITIONAL_REPRESENTATION('',(#5883),#5887);
#5883 = LINE('',#5884,#5885);
#5884 = CARTESIAN_POINT('',(0.,0.));
#5885 = VECTOR('',#5886,1.);
#5886 = DIRECTION('',(1.,0.));
#5887 = ( GEOMETRIC_REPRESENTATION_CONTEXT(2) 
PARAMETRIC_REPRESENTATION_CONTEXT() REPRESENTATION_CONTEXT('2D SPACE',''
  ) );
#5888 = PCURVE('',#5889,#5894);
#5889 = PLANE('',#5890);
#5890 = AXIS2_PLACEMENT_3D('',#5891,#5892,#5893);
#5891 = CARTESIAN_POINT('',(29.931559813838,41.,76.));
#5892 = DIRECTION('',(-0.,-1.,0.));
#5893 = DIRECTION('',(-1.110223024625E-16,0.,-1.));
#5894 = DEFINITIONAL_REPRESENTATION('',(#5895),#5898);
#5895 = B_SPLINE_CURVE_WITH_KNOTS('',1,(#5896,#5897),.UNSPECIFIED.,.F.,
  .F.,(2,2),(0.,2.914515397111),.PIECEWISE_BEZIER_KNOTS.);
#5896 = CARTESIAN_POINT('',(-0.5,1.418440186162));
#5897 = CARTESIAN_POINT('',(-2.5,-0.701559813838));
#5898 = ( GEOMETRIC_REPRESENTATION_CONTEXT(2) 
PARAMETRIC_REPRESENTATION_CONTEXT() REPRESENTATION_CONTEXT('2D SPACE',''
  ) );
#5899 = ORIENTED_EDGE('',*,*,#5900,.T.);
#5900 = EDGE_CURVE('',#5875,#5901,#5903,.T.);
#5901 = VERTEX_POINT('',#5902);
#5902 = CARTESIAN_POINT('',(8.65,41.,81.386810152071));
#5903 = SURFACE_CURVE('',#5904,(#5935,#5969),.PCURVE_S1.);
#5904 = B_SPLINE_CURVE_WITH_KNOTS('',8,(#5905,#5906,#5907,#5908,#5909,
    #5910,#5911,#5912,#5913,#5914,#5915,#5916,#5917,#5918,#5919,#5920,
    #5921,#5922,#5923,#5924,#5925,#5926,#5927,#5928,#5929,#5930,#5931,
    #5932,#5933,#5934),.UNSPECIFIED.,.F.,.F.,(9,7,7,7,9),(0.,
    0.260467632303,0.530740031434,0.823666115112,1.),.UNSPECIFIED.);
#5905 = CARTESIAN_POINT('',(29.35,41.,78.38679245283));
#5906 = CARTESIAN_POINT('',(29.35,42.058340087638,78.484445364261));
#5907 = CARTESIAN_POINT('',(29.226318997285,43.117466760717,
    78.582138300833));
#5908 = CARTESIAN_POINT('',(28.978637713758,44.159282200345,
    78.679824831059));
#5909 = CARTESIAN_POINT('',(28.610189030108,45.166994666443,
    78.77748764817));
#5910 = CARTESIAN_POINT('',(28.126426310635,46.124715458861,
    78.875143761416));
#5911 = CARTESIAN_POINT('',(27.535213045962,47.017595498488,
    78.972823077232));
#5912 = CARTESIAN_POINT('',(26.846612782601,47.83178126929,
    79.070540289371));
#5913 = CARTESIAN_POINT('',(25.272441173494,49.305718607181,
    79.269503624084));
#5914 = CARTESIAN_POINT('',(24.379101514695,49.959747810457,
    79.370911887127));
#5915 = CARTESIAN_POINT('',(23.408618988986,50.503029384127,
    79.4722749091));
#5916 = CARTESIAN_POINT('',(22.377279329842,50.925512730506,
    79.573610504126));
#5917 = CARTESIAN_POINT('',(21.302300447047,51.219728213462,
    79.674946592217));
#5918 = CARTESIAN_POINT('',(20.201884360632,51.381098316742,
    79.776310504437));
#5919 = CARTESIAN_POINT('',(19.09505823005,51.407663609094,
    79.877717514994));
#5920 = CARTESIAN_POINT('',(16.817315880856,51.187002953585,
    80.088844011403));
#5921 = CARTESIAN_POINT('',(15.646321062633,50.916400906988,
    80.198777495408));
#5922 = CARTESIAN_POINT('',(14.51517783504,50.49185728619,80.30863230938
    ));
#5923 = CARTESIAN_POINT('',(13.447060585814,49.921024335988,
    80.418443327294));
#5924 = CARTESIAN_POINT('',(12.463310088189,49.214659475376,
    80.5282637927));
#5925 = CARTESIAN_POINT('',(11.58299614297,48.387163637839,
    80.638138801155));
#5926 = CARTESIAN_POINT('',(10.82321141629,47.455947937896,
    80.748093492872));
#5927 = CARTESIAN_POINT('',(9.820365594533,45.834269555447,
    80.92403149562));
#5928 = CARTESIAN_POINT('',(9.491675067698,45.194976862682,
    80.990154396896));
#5929 = CARTESIAN_POINT('',(9.214003386016,44.530352019099,
    81.056271710536));
#5930 = CARTESIAN_POINT('',(8.989579246018,43.845175719899,
    81.122381024773));
#5931 = CARTESIAN_POINT('',(8.820084643964,43.144390946146,
    81.188487372889));
#5932 = CARTESIAN_POINT('',(8.706685721787,42.433084994878,
    81.254596620208));
#5933 = CARTESIAN_POINT('',(8.650000000348,41.716489722286,
    81.32070862197));
#5934 = CARTESIAN_POINT('',(8.65,41.,81.386810152071));
#5935 = PCURVE('',#3797,#5936);
#5936 = DEFINITIONAL_REPRESENTATION('',(#5937),#5968);
#5937 = B_SPLINE_CURVE_WITH_KNOTS('',8,(#5938,#5939,#5940,#5941,#5942,
    #5943,#5944,#5945,#5946,#5947,#5948,#5949,#5950,#5951,#5952,#5953,
    #5954,#5955,#5956,#5957,#5958,#5959,#5960,#5961,#5962,#5963,#5964,
    #5965,#5966,#5967),.UNSPECIFIED.,.F.,.F.,(9,7,7,7,9),(0.,
    0.260467632303,0.530740031434,0.823666115112,1.),.UNSPECIFIED.);
#5938 = CARTESIAN_POINT('',(2.749542827464,0.));
#5939 = CARTESIAN_POINT('',(2.74955238001,0.141389182997));
#5940 = CARTESIAN_POINT('',(2.749520284905,0.28287770352));
#5941 = CARTESIAN_POINT('',(2.749534453335,0.42431097933));
#5942 = CARTESIAN_POINT('',(2.749549599534,0.565708947119));
#5943 = CARTESIAN_POINT('',(2.749553238259,0.707108642614));
#5944 = CARTESIAN_POINT('',(2.749549327076,0.848549436274));
#5945 = CARTESIAN_POINT('',(2.749543894054,0.990046615));
#5946 = CARTESIAN_POINT('',(2.749537768827,1.27814602505));
#5947 = CARTESIAN_POINT('',(2.749537257505,1.424982851512));
#5948 = CARTESIAN_POINT('',(2.749543581001,1.571747378897));
#5949 = CARTESIAN_POINT('',(2.749558766423,1.718463387349));
#5950 = CARTESIAN_POINT('',(2.749574105742,1.865179956814));
#5951 = CARTESIAN_POINT('',(2.749581717522,2.011944493168));
#5952 = CARTESIAN_POINT('',(2.749580405771,2.158780301397));
#5953 = CARTESIAN_POINT('',(2.749563954803,2.464501888152));
#5954 = CARTESIAN_POINT('',(2.749547650567,2.623698687593));
#5955 = CARTESIAN_POINT('',(2.749526662533,2.782786228998));
#5956 = CARTESIAN_POINT('',(2.749509080682,2.941806970433));
#5957 = CARTESIAN_POINT('',(2.749506155315,3.10082682846));
#5958 = CARTESIAN_POINT('',(2.749516544688,3.259912433357));
#5959 = CARTESIAN_POINT('',(2.749532882465,3.419107506869));
#5960 = CARTESIAN_POINT('',(2.749558103856,3.673835735601));
#5961 = CARTESIAN_POINT('',(2.74956737279,3.769570637121));
#5962 = CARTESIAN_POINT('',(2.74957501178,3.86529905032));
#5963 = CARTESIAN_POINT('',(2.749579641127,3.961018877671));
#5964 = CARTESIAN_POINT('',(2.749580572849,4.056738100676));
#5965 = CARTESIAN_POINT('',(2.749578064027,4.152464936075));
#5966 = CARTESIAN_POINT('',(2.74957317352,4.248198098937));
#5967 = CARTESIAN_POINT('',(2.749567222044,4.343917172647));
#5968 = ( GEOMETRIC_REPRESENTATION_CONTEXT(2) 
PARAMETRIC_REPRESENTATION_CONTEXT() REPRESENTATION_CONTEXT('2D SPACE',''
  ) );
#5969 = PCURVE('',#5970,#5975);
#5970 = CYLINDRICAL_SURFACE('',#5971,10.35);
#5971 = AXIS2_PLACEMENT_3D('',#5972,#5973,#5974);
#5972 = CARTESIAN_POINT('',(19.,41.,76.));
#5973 = DIRECTION('',(1.110223024625E-16,0.,1.));
#5974 = DIRECTION('',(-1.,1.224646799147E-16,1.110223024625E-16));
#5975 = DEFINITIONAL_REPRESENTATION('',(#5976),#6007);
#5976 = B_SPLINE_CURVE_WITH_KNOTS('',8,(#5977,#5978,#5979,#5980,#5981,
    #5982,#5983,#5984,#5985,#5986,#5987,#5988,#5989,#5990,#5991,#5992,
    #5993,#5994,#5995,#5996,#5997,#5998,#5999,#6000,#6001,#6002,#6003,
    #6004,#6005,#6006),.UNSPECIFIED.,.F.,.F.,(9,7,7,7,9),(0.,
    0.260467632303,0.530740031434,0.823666115112,1.),.UNSPECIFIED.);
#5977 = CARTESIAN_POINT('',(3.14159265359,2.38679245283));
#5978 = CARTESIAN_POINT('',(3.243847734521,2.484445364261));
#5979 = CARTESIAN_POINT('',(3.346178705391,2.582138300833));
#5980 = CARTESIAN_POINT('',(3.448467093785,2.679824831059));
#5981 = CARTESIAN_POINT('',(3.550726479348,2.77748764817));
#5982 = CARTESIAN_POINT('',(3.652986484438,2.875143761417));
#5983 = CARTESIAN_POINT('',(3.755276700311,2.972823077232));
#5984 = CARTESIAN_POINT('',(3.857608717363,3.070540289371));
#5985 = CARTESIAN_POINT('',(4.065966547604,3.269503624084));
#5986 = CARTESIAN_POINT('',(4.172162093682,3.370911887127));
#5987 = CARTESIAN_POINT('',(4.278306171036,3.4722749091));
#5988 = CARTESIAN_POINT('',(4.384415189105,3.573610504126));
#5989 = CARTESIAN_POINT('',(4.490523823536,3.674946592217));
#5990 = CARTESIAN_POINT('',(4.59666646276,3.776310504437));
#5991 = CARTESIAN_POINT('',(4.702860240227,3.877717514994));
#5992 = CARTESIAN_POINT('',(4.923962254717,4.088844011403));
#5993 = CARTESIAN_POINT('',(5.039095405106,4.198777495408));
#5994 = CARTESIAN_POINT('',(5.15414974324,4.30863230938));
#5995 = CARTESIAN_POINT('',(5.269156329746,4.418443327294));
#5996 = CARTESIAN_POINT('',(5.384162628915,4.5282637927));
#5997 = CARTESIAN_POINT('',(5.499216215838,4.638138801155));
#5998 = CARTESIAN_POINT('',(5.614348608367,4.748093492872));
#5999 = CARTESIAN_POINT('',(5.798571733286,4.92403149562));
#6000 = CARTESIAN_POINT('',(5.867808513559,4.990154396896));
#6001 = CARTESIAN_POINT('',(5.937040552102,5.056271710536));
#6002 = CARTESIAN_POINT('',(6.006266406152,5.122381024773));
#6003 = CARTESIAN_POINT('',(6.075491942119,5.188487372889));
#6004 = CARTESIAN_POINT('',(6.14472318636,5.254596620208));
#6005 = CARTESIAN_POINT('',(6.213959247055,5.32070862197));
#6006 = CARTESIAN_POINT('',(6.28318530718,5.386810152071));
#6007 = ( GEOMETRIC_REPRESENTATION_CONTEXT(2) 
PARAMETRIC_REPRESENTATION_CONTEXT() REPRESENTATION_CONTEXT('2D SPACE',''
  ) );
#6008 = ORIENTED_EDGE('',*,*,#6009,.T.);
#6009 = EDGE_CURVE('',#5901,#6010,#6012,.T.);
#6010 = VERTEX_POINT('',#6011);
#6011 = CARTESIAN_POINT('',(8.65,41.,87.386794681294));
#6012 = SURFACE_CURVE('',#6013,(#6093,#6176),.PCURVE_S1.);
#6013 = B_SPLINE_CURVE_WITH_KNOTS('',8,(#6014,#6015,#6016,#6017,#6018,
    #6019,#6020,#6021,#6022,#6023,#6024,#6025,#6026,#6027,#6028,#6029,
    #6030,#6031,#6032,#6033,#6034,#6035,#6036,#6037,#6038,#6039,#6040,
    #6041,#6042,#6043,#6044,#6045,#6046,#6047,#6048,#6049,#6050,#6051,
    #6052,#6053,#6054,#6055,#6056,#6057,#6058,#6059,#6060,#6061,#6062,
    #6063,#6064,#6065,#6066,#6067,#6068,#6069,#6070,#6071,#6072,#6073,
    #6074,#6075,#6076,#6077,#6078,#6079,#6080,#6081,#6082,#6083,#6084,
    #6085,#6086,#6087,#6088,#6089,#6090,#6091,#6092),.UNSPECIFIED.,.F.,
  .F.,(9,7,7,7,7,7,7,7,7,7,7,9),(0.,0.124517228556,0.192667139403,
    0.226674465492,0.264361584142,0.372840713702,0.509123041886,
    0.58708347776,0.720907014616,0.863908286361,0.919391922379,1.),
  .UNSPECIFIED.);
#6014 = CARTESIAN_POINT('',(8.65,41.,81.386810152071));
#6015 = CARTESIAN_POINT('',(8.65,39.988051083222,81.480169999949));
#6016 = CARTESIAN_POINT('',(8.763075758686,38.975452894233,
    81.573587821562));
#6017 = CARTESIAN_POINT('',(8.989479430973,37.977950120177,
    81.666974206822));
#6018 = CARTESIAN_POINT('',(9.326539691598,37.010250045931,
    81.760340493913));
#6019 = CARTESIAN_POINT('',(9.769675515262,36.086315107325,
    81.853712029438));
#6020 = CARTESIAN_POINT('',(10.312287022083,35.2192686606,
    81.947108044451));
#6021 = CARTESIAN_POINT('',(10.945893328217,34.421402787819,
    82.040532493325));
#6022 = CARTESIAN_POINT('',(12.049739161632,33.310842842949,
    82.185001798264));
#6023 = CARTESIAN_POINT('',(12.464244592236,32.941866018547,
    82.236106361038));
#6024 = CARTESIAN_POINT('',(12.901068428563,32.598497495597,
    82.28720913625));
#6025 = CARTESIAN_POINT('',(13.358348333228,32.282304749975,
    82.33830943472));
#6026 = CARTESIAN_POINT('',(13.834110444358,31.994681260395,
    82.389409486173));
#6027 = CARTESIAN_POINT('',(14.326275938565,31.73685271012,
    82.44051229325));
#6028 = CARTESIAN_POINT('',(14.832659795066,31.509871216102,
    82.491618631494));
#6029 = CARTESIAN_POINT('',(15.609598401066,31.217154552264,
    82.568224763001));
#6030 = CARTESIAN_POINT('',(15.871209721129,31.127604456226,
    82.593726902304));
#6031 = CARTESIAN_POINT('',(16.135513469054,31.046053595786,
    82.619228536701));
#6032 = CARTESIAN_POINT('',(16.402224095097,30.972595857249,
    82.644729021061));
#6033 = CARTESIAN_POINT('',(16.671052751853,30.907312714878,
    82.670228141624));
#6034 = CARTESIAN_POINT('',(16.941707294252,30.850273230887,
    82.695726116002));
#6035 = CARTESIAN_POINT('',(17.213892279562,30.801534055447,
    82.721223593177));
#6036 = CARTESIAN_POINT('',(17.79031094785,30.716373861663,
    82.774978753819));
#6037 = CARTESIAN_POINT('',(18.094834824412,30.681855813066,
    82.803236858745));
#6038 = CARTESIAN_POINT('',(18.400467800348,30.657645375069,
    82.831495607296));
#6039 = CARTESIAN_POINT('',(18.706799007409,30.643783255682,
    82.85975476998));
#6040 = CARTESIAN_POINT('',(19.013419505817,30.64029077675,
    82.888014248797));
#6041 = CARTESIAN_POINT('',(19.319922284265,30.647169873945,
    82.91627407724));
#6042 = CARTESIAN_POINT('',(19.625902259924,30.664403096776,
    82.944534420291));
#6043 = CARTESIAN_POINT('',(20.809028032974,30.771255387188,
    83.054142875868));
#6044 = CARTESIAN_POINT('',(21.679695596643,30.936067920795,
    83.135521369154));
#6045 = CARTESIAN_POINT('',(22.532760588119,31.185578375395,
    83.216883065392));
#6046 = CARTESIAN_POINT('',(23.358648769678,31.517434678688,
    83.298227162803));
#6047 = CARTESIAN_POINT('',(24.148283308683,31.928152866444,
    83.379569452632));
#6048 = CARTESIAN_POINT('',(24.893113452415,32.413110413076,
    83.460924951487));
#6049 = CARTESIAN_POINT('',(25.585125652818,32.966575505603,
    83.542297497956));
#6050 = CARTESIAN_POINT('',(27.010972820257,34.353677588287,
    83.725837829788));
#6051 = CARTESIAN_POINT('',(27.711154498739,35.223822202924,
    83.828129684393));
#6052 = CARTESIAN_POINT('',(28.302304724216,36.177493791659,
    83.930371695452));
#6053 = CARTESIAN_POINT('',(28.773387406179,37.198444449346,
    84.032577413495));
#6054 = CARTESIAN_POINT('',(29.11597331256,38.269362029599,
    84.134774757017));
#6055 = CARTESIAN_POINT('',(29.324589945406,39.371787235336,
    84.236998732847));
#6056 = CARTESIAN_POINT('',(29.396415717035,40.486305574965,
    84.339270745845));
#6057 = CARTESIAN_POINT('',(29.296799388794,42.224702758705,
    84.499909586863));
#6058 = CARTESIAN_POINT('',(29.216287406031,42.854819370648,
    84.558370664743));
#6059 = CARTESIAN_POINT('',(29.091708895244,43.478757416085,
    84.616830081283));
#6060 = CARTESIAN_POINT('',(28.923644805018,44.092917408982,
    84.675287452816));
#6061 = CARTESIAN_POINT('',(28.71301207909,44.69380317876,
    84.733746150714));
#6062 = CARTESIAN_POINT('',(28.461045264881,45.27802107213,
    84.792209465331));
#6063 = CARTESIAN_POINT('',(28.169308445921,45.842288332344,
    84.850676939133));
#6064 = CARTESIAN_POINT('',(27.27401015989,47.312386664622,
    85.009497540817));
#6065 = CARTESIAN_POINT('',(26.596251032465,48.174147092172,
    85.109941163059));
#6066 = CARTESIAN_POINT('',(25.816392871424,48.951700965534,
    85.210340388562));
#6067 = CARTESIAN_POINT('',(24.947019754685,49.631369906208,
    85.310705469806));
#6068 = CARTESIAN_POINT('',(24.002269220055,50.201631867239,
    85.411062710432));
#6069 = CARTESIAN_POINT('',(22.997942891001,50.653384997321,
    85.511444123884));
#6070 = CARTESIAN_POINT('',(21.951297855461,50.979745697752,
    85.611868785559));
#6071 = CARTESIAN_POINT('',(19.738904323943,51.388807806185,
    85.819436770598));
#6072 = CARTESIAN_POINT('',(18.567701399995,51.453672052158,
    85.926775361013));
#6073 = CARTESIAN_POINT('',(17.391964977913,51.367130407974,
    86.034052267963));
#6074 = CARTESIAN_POINT('',(16.234384617584,51.129916219747,
    86.141295247927));
#6075 = CARTESIAN_POINT('',(15.116855282924,50.7459937197,
    86.248546505677));
#6076 = CARTESIAN_POINT('',(14.060242884077,50.223071054451,
    86.355828844518));
#6077 = CARTESIAN_POINT('',(13.084474280155,49.572037974534,
    86.463171102806));
#6078 = CARTESIAN_POINT('',(11.867304167773,48.513354486579,
    86.612002516172));
#6079 = CARTESIAN_POINT('',(11.541809524335,48.200483491911,
    86.653605307419));
#6080 = CARTESIAN_POINT('',(11.232044009716,47.871538389434,
    86.695206188332));
#6081 = CARTESIAN_POINT('',(10.938922710338,47.527439234177,
    86.73681055728));
#6082 = CARTESIAN_POINT('',(10.663295777566,47.169163575859,
    86.778416049216));
#6083 = CARTESIAN_POINT('',(10.405949224624,46.797748433552,
    86.820022711664));
#6084 = CARTESIAN_POINT('',(10.167601882021,46.414293597477,
    86.8616370489));
#6085 = CARTESIAN_POINT('',(9.631151950146,45.447061857443,
    86.963680556188));
#6086 = CARTESIAN_POINT('',(9.354816608662,44.851115776851,
    87.024119933382));
#6087 = CARTESIAN_POINT('',(9.121896576466,44.235706215997,
    87.084560862155));
#6088 = CARTESIAN_POINT('',(8.933958397376,43.604540430225,
    87.145003748673));
#6089 = CARTESIAN_POINT('',(8.792183982453,42.961430387378,
    87.20544935094));
#6090 = CARTESIAN_POINT('',(8.697388536649,42.310283777066,
    87.265898843562));
#6091 = CARTESIAN_POINT('',(8.649999999523,41.65510412323,
    87.326350741281));
#6092 = CARTESIAN_POINT('',(8.65,41.,87.386794681294));
#6093 = PCURVE('',#3797,#6094);
#6094 = DEFINITIONAL_REPRESENTATION('',(#6095),#6175);
#6095 = B_SPLINE_CURVE_WITH_KNOTS('',8,(#6096,#6097,#6098,#6099,#6100,
    #6101,#6102,#6103,#6104,#6105,#6106,#6107,#6108,#6109,#6110,#6111,
    #6112,#6113,#6114,#6115,#6116,#6117,#6118,#6119,#6120,#6121,#6122,
    #6123,#6124,#6125,#6126,#6127,#6128,#6129,#6130,#6131,#6132,#6133,
    #6134,#6135,#6136,#6137,#6138,#6139,#6140,#6141,#6142,#6143,#6144,
    #6145,#6146,#6147,#6148,#6149,#6150,#6151,#6152,#6153,#6154,#6155,
    #6156,#6157,#6158,#6159,#6160,#6161,#6162,#6163,#6164,#6165,#6166,
    #6167,#6168,#6169,#6170,#6171,#6172,#6173,#6174),.UNSPECIFIED.,.F.,
  .F.,(9,7,7,7,7,7,7,7,7,7,7,9),(0.,0.124517228556,0.192667139403,
    0.226674465492,0.264361584142,0.372840713702,0.509123041886,
    0.58708347776,0.720907014616,0.863908286361,0.919391922379,1.),
  .UNSPECIFIED.);
#6096 = CARTESIAN_POINT('',(2.749567228113,4.343917173992));
#6097 = CARTESIAN_POINT('',(2.749558821748,4.479107965967));
#6098 = CARTESIAN_POINT('',(2.749548240748,4.614384863066));
#6099 = CARTESIAN_POINT('',(2.749539171599,4.749614738986));
#6100 = CARTESIAN_POINT('',(2.749535636222,4.884810014799));
#6101 = CARTESIAN_POINT('',(2.749540614487,5.020004430782));
#6102 = CARTESIAN_POINT('',(2.749546953371,5.155232940423));
#6103 = CARTESIAN_POINT('',(2.749548673175,5.290507211157));
#6104 = CARTESIAN_POINT('',(2.749545387714,5.499697974045));
#6105 = CARTESIAN_POINT('',(2.749543035683,5.573698283507));
#6106 = CARTESIAN_POINT('',(2.749539756061,5.647696926311));
#6107 = CARTESIAN_POINT('',(2.749535964635,5.721692491409));
#6108 = CARTESIAN_POINT('',(2.749533163019,5.795686715326));
#6109 = CARTESIAN_POINT('',(2.749533497379,5.869681813309));
#6110 = CARTESIAN_POINT('',(2.749537943529,5.943677938721));
#6111 = CARTESIAN_POINT('',(2.749545700712,6.054593759066));
#6112 = CARTESIAN_POINT('',(2.749548836227,6.091517025399));
#6113 = CARTESIAN_POINT('',(2.749551075866,6.128440450812));
#6114 = CARTESIAN_POINT('',(2.749551581312,6.16536393415));
#6115 = CARTESIAN_POINT('',(2.749550125017,6.202287391994));
#6116 = CARTESIAN_POINT('',(2.749547090201,6.23921075866));
#6117 = CARTESIAN_POINT('',(2.749543470853,6.276133986199));
#6118 = CARTESIAN_POINT('',(2.749537991367,6.353975394507));
#6119 = CARTESIAN_POINT('',(2.749535667619,6.394894646191));
#6120 = CARTESIAN_POINT('',(2.749534115595,6.43581406302));
#6121 = CARTESIAN_POINT('',(2.749533434154,6.476733214462));
#6122 = CARTESIAN_POINT('',(2.749533605915,6.51765197589));
#6123 = CARTESIAN_POINT('',(2.749534497249,6.558570528575));
#6124 = CARTESIAN_POINT('',(2.749535858284,6.599489359692));
#6125 = CARTESIAN_POINT('',(2.749541538681,6.758193682488));
#6126 = CARTESIAN_POINT('',(2.749547342602,6.876021689556));
#6127 = CARTESIAN_POINT('',(2.749549895943,6.993828604841));
#6128 = CARTESIAN_POINT('',(2.749546105162,7.111616341234));
#6129 = CARTESIAN_POINT('',(2.749541384329,7.229402384422));
#6130 = CARTESIAN_POINT('',(2.74953913099,7.347205102135));
#6131 = CARTESIAN_POINT('',(2.749540602607,7.465028803085));
#6132 = CARTESIAN_POINT('',(2.749550665678,7.730780052701));
#6133 = CARTESIAN_POINT('',(2.749560998551,7.878885519819));
#6134 = CARTESIAN_POINT('',(2.749574667638,8.02691549992));
#6135 = CARTESIAN_POINT('',(2.749585688563,8.174895560044));
#6136 = CARTESIAN_POINT('',(2.749585363987,8.322874767335));
#6137 = CARTESIAN_POINT('',(2.749574977138,8.470902535637));
#6138 = CARTESIAN_POINT('',(2.749559835507,8.619004584911));
#6139 = CARTESIAN_POINT('',(2.749536887881,8.8516279191));
#6140 = CARTESIAN_POINT('',(2.749528712688,8.936286042014));
#6141 = CARTESIAN_POINT('',(2.749521685897,9.020940618266));
#6142 = CARTESIAN_POINT('',(2.749516810058,9.105590096155));
#6143 = CARTESIAN_POINT('',(2.74951476049,9.190238686312));
#6144 = CARTESIAN_POINT('',(2.749515704294,9.274890987042));
#6145 = CARTESIAN_POINT('',(2.749519294915,9.359546680198));
#6146 = CARTESIAN_POINT('',(2.749534364628,9.589499479678));
#6147 = CARTESIAN_POINT('',(2.749549672225,9.734923815177));
#6148 = CARTESIAN_POINT('',(2.749567266741,9.880281593091));
#6149 = CARTESIAN_POINT('',(2.749580980796,10.025593786834));
#6150 = CARTESIAN_POINT('',(2.749583825929,10.170905427262));
#6151 = CARTESIAN_POINT('',(2.749577173248,10.316261506576));
#6152 = CARTESIAN_POINT('',(2.749566824627,10.461683880501));
#6153 = CARTESIAN_POINT('',(2.749547028689,10.762256166332));
#6154 = CARTESIAN_POINT('',(2.749537631767,10.917688769371));
#6155 = CARTESIAN_POINT('',(2.749534948342,11.073025385758));
#6156 = CARTESIAN_POINT('',(2.74954164905,11.22830355246));
#6157 = CARTESIAN_POINT('',(2.749557103991,11.383585006653));
#6158 = CARTESIAN_POINT('',(2.74955441537,11.538929493447));
#6159 = CARTESIAN_POINT('',(2.749542702757,11.694369708384));
#6160 = CARTESIAN_POINT('',(2.749533805854,11.909882257519));
#6161 = CARTESIAN_POINT('',(2.749532314283,11.970123413538));
#6162 = CARTESIAN_POINT('',(2.749531397157,12.030361232668));
#6163 = CARTESIAN_POINT('',(2.749535108999,12.090599502884));
#6164 = CARTESIAN_POINT('',(2.749540373015,12.150837856885));
#6165 = CARTESIAN_POINT('',(2.749546829786,12.211076720609));
#6166 = CARTESIAN_POINT('',(2.749559798726,12.271320226467));
#6167 = CARTESIAN_POINT('',(2.74955541023,12.419080721233));
#6168 = CARTESIAN_POINT('',(2.749542655783,12.506607960675));
#6169 = CARTESIAN_POINT('',(2.749536206585,12.59413106224));
#6170 = CARTESIAN_POINT('',(2.749537006668,12.681649841587));
#6171 = CARTESIAN_POINT('',(2.749540804416,12.769169689503));
#6172 = CARTESIAN_POINT('',(2.749544220429,12.856695520623));
#6173 = CARTESIAN_POINT('',(2.749546562577,12.944225710097));
#6174 = CARTESIAN_POINT('',(2.749547388232,13.031746018204));
#6175 = ( GEOMETRIC_REPRESENTATION_CONTEXT(2) 
PARAMETRIC_REPRESENTATION_CONTEXT() REPRESENTATION_CONTEXT('2D SPACE',''
  ) );
#6176 = PCURVE('',#6177,#6182);
#6177 = CYLINDRICAL_SURFACE('',#6178,10.35);
#6178 = AXIS2_PLACEMENT_3D('',#6179,#6180,#6181);
#6179 = CARTESIAN_POINT('',(19.,41.,76.));
#6180 = DIRECTION('',(1.110223024625E-16,0.,1.));
#6181 = DIRECTION('',(-1.,1.224646799147E-16,1.110223024625E-16));
#6182 = DEFINITIONAL_REPRESENTATION('',(#6183),#6263);
#6183 = B_SPLINE_CURVE_WITH_KNOTS('',8,(#6184,#6185,#6186,#6187,#6188,
    #6189,#6190,#6191,#6192,#6193,#6194,#6195,#6196,#6197,#6198,#6199,
    #6200,#6201,#6202,#6203,#6204,#6205,#6206,#6207,#6208,#6209,#6210,
    #6211,#6212,#6213,#6214,#6215,#6216,#6217,#6218,#6219,#6220,#6221,
    #6222,#6223,#6224,#6225,#6226,#6227,#6228,#6229,#6230,#6231,#6232,
    #6233,#6234,#6235,#6236,#6237,#6238,#6239,#6240,#6241,#6242,#6243,
    #6244,#6245,#6246,#6247,#6248,#6249,#6250,#6251,#6252,#6253,#6254,
    #6255,#6256,#6257,#6258,#6259,#6260,#6261,#6262),.UNSPECIFIED.,.F.,
  .F.,(9,7,7,7,7,7,7,7,7,7,7,9),(0.,0.124517228556,0.192667139403,
    0.226674465492,0.264361584142,0.372840713702,0.509123041886,
    0.58708347776,0.720907014616,0.863908286361,0.919391922379,1.),
  .UNSPECIFIED.);
#6184 = CARTESIAN_POINT('',(0.,5.386810152071));
#6185 = CARTESIAN_POINT('',(9.77728422008E-02,5.480169999949));
#6186 = CARTESIAN_POINT('',(0.195608341973,5.573587821562));
#6187 = CARTESIAN_POINT('',(0.29341010796,5.666974206822));
#6188 = CARTESIAN_POINT('',(0.391186757881,5.760340493913));
#6189 = CARTESIAN_POINT('',(0.488962050748,5.853712029438));
#6190 = CARTESIAN_POINT('',(0.586760687182,5.947108044451));
#6191 = CARTESIAN_POINT('',(0.68459164705,6.040532493325));
#6192 = CARTESIAN_POINT('',(0.835879428643,6.185001798264));
#6193 = CARTESIAN_POINT('',(0.889396830731,6.236106361038));
#6194 = CARTESIAN_POINT('',(0.942913177219,6.28720913625));
#6195 = CARTESIAN_POINT('',(0.996427614329,6.33830943472));
#6196 = CARTESIAN_POINT('',(1.049941552162,6.389409486173));
#6197 = CARTESIAN_POINT('',(1.103456653803,6.44051229325));
#6198 = CARTESIAN_POINT('',(1.156972882682,6.491618631494));
#6199 = CARTESIAN_POINT('',(1.237190365937,6.568224763001));
#6200 = CARTESIAN_POINT('',(1.263894144618,6.593726902304));
#6201 = CARTESIAN_POINT('',(1.290597952853,6.619228536701));
#6202 = CARTESIAN_POINT('',(1.317301791699,6.644729021061));
#6203 = CARTESIAN_POINT('',(1.344005654609,6.670228141624));
#6204 = CARTESIAN_POINT('',(1.370709527438,6.695726116002));
#6205 = CARTESIAN_POINT('',(1.397413388433,6.721223593177));
#6206 = CARTESIAN_POINT('',(1.453710538313,6.774978753819));
#6207 = CARTESIAN_POINT('',(1.48330451843,6.803236858745));
#6208 = CARTESIAN_POINT('',(1.512898554492,6.831495607296));
#6209 = CARTESIAN_POINT('',(1.542492291596,6.85975476998));
#6210 = CARTESIAN_POINT('',(1.572085614039,6.888014248797));
#6211 = CARTESIAN_POINT('',(1.60167864532,6.91627407724));
#6212 = CARTESIAN_POINT('',(1.631271748136,6.944534420291));
#6213 = CARTESIAN_POINT('',(1.746048663967,7.054142875868));
#6214 = CARTESIAN_POINT('',(1.831262438387,7.135521369154));
#6215 = CARTESIAN_POINT('',(1.916460472927,7.216883065392));
#6216 = CARTESIAN_POINT('',(2.00164505981,7.298227162803));
#6217 = CARTESIAN_POINT('',(2.086829269563,7.379569452632));
#6218 = CARTESIAN_POINT('',(2.17202627546,7.460924951487));
#6219 = CARTESIAN_POINT('',(2.257238928974,7.542297497956));
#6220 = CARTESIAN_POINT('',(2.449436432467,7.725837829788));
#6221 = CARTESIAN_POINT('',(2.556550070001,7.828129684393));
#6222 = CARTESIAN_POINT('',(2.663608887201,7.930371695452));
#6223 = CARTESIAN_POINT('',(2.770630795604,8.032577413495));
#6224 = CARTESIAN_POINT('',(2.877651388518,8.134774757017));
#6225 = CARTESIAN_POINT('',(2.984706937978,8.236998732847));
#6226 = CARTESIAN_POINT('',(3.091816320845,8.339270745845));
#6227 = CARTESIAN_POINT('',(3.260052942012,8.499909586863));
#6228 = CARTESIAN_POINT('',(3.321279008214,8.558370664743));
#6229 = CARTESIAN_POINT('',(3.382502591431,8.616830081283));
#6230 = CARTESIAN_POINT('',(3.443722559426,8.675287452816));
#6231 = CARTESIAN_POINT('',(3.504941925546,8.733746150714));
#6232 = CARTESIAN_POINT('',(3.566163971688,8.792209465331));
#6233 = CARTESIAN_POINT('',(3.627388426997,8.850676939133));
#6234 = CARTESIAN_POINT('',(3.793694081728,9.009497540817));
#6235 = CARTESIAN_POINT('',(3.898867171945,9.109941163059));
#6236 = CARTESIAN_POINT('',(4.003991840581,9.210340388562));
#6237 = CARTESIAN_POINT('',(4.109083298025,9.310705469806));
#6238 = CARTESIAN_POINT('',(4.214174488702,9.411062710432));
#6239 = CARTESIAN_POINT('',(4.319298480527,9.511444123884));
#6240 = CARTESIAN_POINT('',(4.424471051598,9.611868785559));
#6241 = CARTESIAN_POINT('',(4.641851984187,9.819436770598));
#6242 = CARTESIAN_POINT('',(4.754264839529,9.926775361013));
#6243 = CARTESIAN_POINT('',(4.866608200202,10.034052267963));
#6244 = CARTESIAN_POINT('',(4.978908449709,10.141295247927));
#6245 = CARTESIAN_POINT('',(5.091209079127,10.248546505677));
#6246 = CARTESIAN_POINT('',(5.203553513491,10.355828844518));
#6247 = CARTESIAN_POINT('',(5.315968270796,10.463171102806));
#6248 = CARTESIAN_POINT('',(5.471829997576,10.612002516172));
#6249 = CARTESIAN_POINT('',(5.515397362475,10.653605307419));
#6250 = CARTESIAN_POINT('',(5.558963324341,10.695206188332));
#6251 = CARTESIAN_POINT('',(5.602528816669,10.73681055728));
#6252 = CARTESIAN_POINT('',(5.646095076737,10.778416049216));
#6253 = CARTESIAN_POINT('',(5.689662821303,10.820022711664));
#6254 = CARTESIAN_POINT('',(5.733231484366,10.8616370489));
#6255 = CARTESIAN_POINT('',(5.840094871907,10.963680556188));
#6256 = CARTESIAN_POINT('',(5.90339764618,11.024119933382));
#6257 = CARTESIAN_POINT('',(5.966697230362,11.084560862155));
#6258 = CARTESIAN_POINT('',(6.029992909122,11.145003748673));
#6259 = CARTESIAN_POINT('',(6.093288551119,11.20544935094));
#6260 = CARTESIAN_POINT('',(6.156587948031,11.265898843562));
#6261 = CARTESIAN_POINT('',(6.21989022281,11.326350741281));
#6262 = CARTESIAN_POINT('',(6.28318530718,11.386794681294));
#6263 = ( GEOMETRIC_REPRESENTATION_CONTEXT(2) 
PARAMETRIC_REPRESENTATION_CONTEXT() REPRESENTATION_CONTEXT('2D SPACE',''
  ) );
#6264 = ORIENTED_EDGE('',*,*,#6265,.T.);
#6265 = EDGE_CURVE('',#6010,#6266,#6268,.T.);
#6266 = VERTEX_POINT('',#6267);
#6267 = CARTESIAN_POINT('',(8.65,41.,93.386778603656));
#6268 = SURFACE_CURVE('',#6269,(#6342,#6418),.PCURVE_S1.);
#6269 = B_SPLINE_CURVE_WITH_KNOTS('',8,(#6270,#6271,#6272,#6273,#6274,
    #6275,#6276,#6277,#6278,#6279,#6280,#6281,#6282,#6283,#6284,#6285,
    #6286,#6287,#6288,#6289,#6290,#6291,#6292,#6293,#6294,#6295,#6296,
    #6297,#6298,#6299,#6300,#6301,#6302,#6303,#6304,#6305,#6306,#6307,
    #6308,#6309,#6310,#6311,#6312,#6313,#6314,#6315,#6316,#6317,#6318,
    #6319,#6320,#6321,#6322,#6323,#6324,#6325,#6326,#6327,#6328,#6329,
    #6330,#6331,#6332,#6333,#6334,#6335,#6336,#6337,#6338,#6339,#6340,
    #6341),.UNSPECIFIED.,.F.,.F.,(9,7,7,7,7,7,7,7,7,7,9),(0.,
    8.410888958092E-02,0.220309083977,0.381502596133,0.515366881249,
    0.588305285214,0.627364313589,0.648950452362,0.792938463792,
    0.898868123056,1.),.UNSPECIFIED.);
#6270 = CARTESIAN_POINT('',(8.65,41.,87.386794681294));
#6271 = CARTESIAN_POINT('',(8.65,40.316497011398,87.449858876186));
#6272 = CARTESIAN_POINT('',(8.701586225356,39.632914453168,
    87.512929220134));
#6273 = CARTESIAN_POINT('',(8.804778640609,38.953913678067,
    87.57599471741));
#6274 = CARTESIAN_POINT('',(8.959071108615,38.284034092575,
    87.639055744869));
#6275 = CARTESIAN_POINT('',(9.163501217613,37.62770518234,
    87.702117910731));
#6276 = CARTESIAN_POINT('',(9.416672525296,36.989245088143,
    87.765186142271));
#6277 = CARTESIAN_POINT('',(9.716729219874,36.372845732372,
    87.828259002439));
#6278 = CARTESIAN_POINT('',(10.619230390784,34.826650968667,
    87.993445149362));
#6279 = CARTESIAN_POINT('',(11.294521651435,33.938058690136,
    88.095665085785));
#6280 = CARTESIAN_POINT('',(12.07700065579,33.135033965061,
    88.19783522883));
#6281 = CARTESIAN_POINT('',(12.953584265395,32.432171866553,
    88.299968736584));
#6282 = CARTESIAN_POINT('',(13.909534883254,31.841800616595,
    88.402093373887));
#6283 = CARTESIAN_POINT('',(14.928293639359,31.373662574659,
    88.504244319539));
#6284 = CARTESIAN_POINT('',(15.991740181992,31.035163183497,
    88.606443033692));
#6285 = CARTESIAN_POINT('',(18.366558241077,30.586680290049,
    88.829404224237));
#6286 = CARTESIAN_POINT('',(19.691144382528,30.529363739044,
    88.950462297566));
#6287 = CARTESIAN_POINT('',(21.018272697554,30.665546673098,
    89.071398909884));
#6288 = CARTESIAN_POINT('',(22.315423012027,30.992990329831,
    89.192282685258));
#6289 = CARTESIAN_POINT('',(23.551485420574,31.504823900787,
    89.313177956458));
#6290 = CARTESIAN_POINT('',(24.697405340061,32.187987932024,
    89.434136520657));
#6291 = CARTESIAN_POINT('',(25.725746906762,33.024864881703,
    89.555215366895));
#6292 = CARTESIAN_POINT('',(27.350126364033,34.788614408777,
    89.776446255446));
#6293 = CARTESIAN_POINT('',(27.991568533863,35.677984574656,
    89.876892647495));
#6294 = CARTESIAN_POINT('',(28.523873327547,36.642293232263,
    89.977288964386));
#6295 = CARTESIAN_POINT('',(28.937347866393,37.665663716062,
    90.077652053617));
#6296 = CARTESIAN_POINT('',(29.224810023374,38.731308671033,
    90.178019278481));
#6297 = CARTESIAN_POINT('',(29.381876266795,39.821514986275,
    90.278424742267));
#6298 = CARTESIAN_POINT('',(29.406688165298,40.917793364214,
    90.378879678369));
#6299 = CARTESIAN_POINT('',(29.244223940822,42.590506290313,
    90.533941120032));
#6300 = CARTESIAN_POINT('',(29.148306583169,43.176754457486,
    90.588634095614));
#6301 = CARTESIAN_POINT('',(29.014055895287,43.756281251659,
    90.643324629996));
#6302 = CARTESIAN_POINT('',(28.84204082603,44.326165206204,
    90.69801176899));
#6303 = CARTESIAN_POINT('',(28.633084767941,44.883566733136,
    90.752697720885));
#6304 = CARTESIAN_POINT('',(28.388255038485,45.425727480399,
    90.807385448567));
#6305 = CARTESIAN_POINT('',(28.10887274167,45.949976708063,
    90.862075661558));
#6306 = CARTESIAN_POINT('',(27.629288241816,46.723515977824,
    90.94604877377));
#6307 = CARTESIAN_POINT('',(27.452577992799,46.987425667536,
    90.975334534736));
#6308 = CARTESIAN_POINT('',(27.266652780199,47.245085801638,
    91.004621011667));
#6309 = CARTESIAN_POINT('',(27.071770890948,47.4961219944,
    91.033908348669));
#6310 = CARTESIAN_POINT('',(26.868208381708,47.740173425328,
    91.063196313166));
#6311 = CARTESIAN_POINT('',(26.656259078867,47.976892839166,
    91.092484295902));
#6312 = CARTESIAN_POINT('',(26.43623457854,48.205946545898,
    91.121771310943));
#6313 = CARTESIAN_POINT('',(26.082586000257,48.549188525513,
    91.167240301705));
#6314 = CARTESIAN_POINT('',(25.954342441328,48.668923513815,
    91.18342390787));
#6315 = CARTESIAN_POINT('',(25.823786296552,48.786167736351,
    91.199607329021));
#6316 = CARTESIAN_POINT('',(25.690972717823,48.900870256093,
    91.215790910285));
#6317 = CARTESIAN_POINT('',(25.555959282151,49.012980848296,
    91.231974827066));
#6318 = CARTESIAN_POINT('',(25.418805991667,49.122450000487,
    91.24815908504));
#6319 = CARTESIAN_POINT('',(25.279575273624,49.229228912472,
    91.26434352016));
#6320 = CARTESIAN_POINT('',(24.196183820719,50.027260994067,
    91.388483283454));
#6321 = CARTESIAN_POINT('',(23.1633228575,50.600284630837,
    91.496565964505));
#6322 = CARTESIAN_POINT('',(22.059414041073,51.037135384222,
    91.604598624292));
#6323 = CARTESIAN_POINT('',(20.905647065103,51.328411294182,
    91.712570298016));
#6324 = CARTESIAN_POINT('',(19.723908671169,51.468046009736,
    91.820535564926));
#6325 = CARTESIAN_POINT('',(18.536806548707,51.453902276757,
    91.92854361526));
#6326 = CARTESIAN_POINT('',(17.367479651168,51.287209432988,
    92.036624450746));
#6327 = CARTESIAN_POINT('',(15.409995757574,50.745536268881,
    92.224022758631));
#6328 = CARTESIAN_POINT('',(14.601854856988,50.436998077261,
    92.303480678349));
#6329 = CARTESIAN_POINT('',(13.824446307358,50.051963198105,
    92.382926780678));
#6330 = CARTESIAN_POINT('',(13.086172286261,49.594129798063,
    92.462360989037));
#6331 = CARTESIAN_POINT('',(12.394778194829,49.068173283898,
    92.541792683872));
#6332 = CARTESIAN_POINT('',(11.75739607331,48.479657928832,
    92.621232181913));
#6333 = CARTESIAN_POINT('',(11.180478660376,47.835107729839,
    92.700681698382));
#6334 = CARTESIAN_POINT('',(10.181840550518,46.480699115869,
    92.855928910149));
#6335 = CARTESIAN_POINT('',(9.753994924882,45.774742505388,
    92.931772436242));
#6336 = CARTESIAN_POINT('',(9.390990573379,45.030927186826,
    93.007604674358));
#6337 = CARTESIAN_POINT('',(9.09664087665,44.256263033533,
    93.083428237397));
#6338 = CARTESIAN_POINT('',(8.873831602927,43.458076934992,
    93.159254187417));
#6339 = CARTESIAN_POINT('',(8.724587751204,42.643979071866,
    93.235092853268));
#6340 = CARTESIAN_POINT('',(8.65,41.821875602016,93.310944961596));
#6341 = CARTESIAN_POINT('',(8.65,41.,93.386778603656));
#6342 = PCURVE('',#3797,#6343);
#6343 = DEFINITIONAL_REPRESENTATION('',(#6344),#6417);
#6344 = B_SPLINE_CURVE_WITH_KNOTS('',8,(#6345,#6346,#6347,#6348,#6349,
    #6350,#6351,#6352,#6353,#6354,#6355,#6356,#6357,#6358,#6359,#6360,
    #6361,#6362,#6363,#6364,#6365,#6366,#6367,#6368,#6369,#6370,#6371,
    #6372,#6373,#6374,#6375,#6376,#6377,#6378,#6379,#6380,#6381,#6382,
    #6383,#6384,#6385,#6386,#6387,#6388,#6389,#6390,#6391,#6392,#6393,
    #6394,#6395,#6396,#6397,#6398,#6399,#6400,#6401,#6402,#6403,#6404,
    #6405,#6406,#6407,#6408,#6409,#6410,#6411,#6412,#6413,#6414,#6415,
    #6416),.UNSPECIFIED.,.F.,.F.,(9,7,7,7,7,7,7,7,7,7,9),(0.,
    8.410888958092E-02,0.220309083977,0.381502596133,0.515366881249,
    0.588305285214,0.627364313589,0.648950452362,0.792938463792,
    0.898868123056,1.),.UNSPECIFIED.);
#6345 = CARTESIAN_POINT('',(2.749547441042,13.031746016191));
#6346 = CARTESIAN_POINT('',(2.749548303173,13.12306034357));
#6347 = CARTESIAN_POINT('',(2.749547509829,13.214385219539));
#6348 = CARTESIAN_POINT('',(2.749544657133,13.305705123894));
#6349 = CARTESIAN_POINT('',(2.749541029757,13.397019325825));
#6350 = CARTESIAN_POINT('',(2.749538293535,13.488334290656));
#6351 = CARTESIAN_POINT('',(2.749537642558,13.579655966458));
#6352 = CARTESIAN_POINT('',(2.749539400771,13.670981950537));
#6353 = CARTESIAN_POINT('',(2.74954903282,13.910157283877));
#6354 = CARTESIAN_POINT('',(2.749560069778,14.058157915889));
#6355 = CARTESIAN_POINT('',(2.749574400425,14.206083175772));
#6356 = CARTESIAN_POINT('',(2.749585609251,14.35395849071));
#6357 = CARTESIAN_POINT('',(2.749585061387,14.50183264331));
#6358 = CARTESIAN_POINT('',(2.749574352426,14.649754986033));
#6359 = CARTESIAN_POINT('',(2.749558974338,14.79775113559));
#6360 = CARTESIAN_POINT('',(2.749526944196,15.120624507194));
#6361 = CARTESIAN_POINT('',(2.749510544193,15.295929494862));
#6362 = CARTESIAN_POINT('',(2.749503866113,15.471048950389));
#6363 = CARTESIAN_POINT('',(2.749515980206,15.646073227045));
#6364 = CARTESIAN_POINT('',(2.749543282047,15.821099058327));
#6365 = CARTESIAN_POINT('',(2.749565670569,15.996221418112));
#6366 = CARTESIAN_POINT('',(2.749576728715,16.17152920112));
#6367 = CARTESIAN_POINT('',(2.749578180268,16.491863875573));
#6368 = CARTESIAN_POINT('',(2.749571765078,16.637313806097));
#6369 = CARTESIAN_POINT('',(2.749559057178,16.782697481824));
#6370 = CARTESIAN_POINT('',(2.749544373705,16.928035007832));
#6371 = CARTESIAN_POINT('',(2.749536818335,17.073371439408));
#6372 = CARTESIAN_POINT('',(2.749538804324,17.218753759294));
#6373 = CARTESIAN_POINT('',(2.749543225054,17.364205294466));
#6374 = CARTESIAN_POINT('',(2.749547269831,17.588725890467));
#6375 = CARTESIAN_POINT('',(2.749548118606,17.667918940531));
#6376 = CARTESIAN_POINT('',(2.749547846455,17.747109569592));
#6377 = CARTESIAN_POINT('',(2.749545654796,17.826297189508));
#6378 = CARTESIAN_POINT('',(2.749541722434,17.905484820154));
#6379 = CARTESIAN_POINT('',(2.7495374963,17.984675313991));
#6380 = CARTESIAN_POINT('',(2.749535040083,18.063867647843));
#6381 = CARTESIAN_POINT('',(2.749535655312,18.185457745924));
#6382 = CARTESIAN_POINT('',(2.749536555563,18.227861811246));
#6383 = CARTESIAN_POINT('',(2.749538556032,18.270265820057));
#6384 = CARTESIAN_POINT('',(2.74954164541,18.312669992251));
#6385 = CARTESIAN_POINT('',(2.749545386557,18.355074425423));
#6386 = CARTESIAN_POINT('',(2.749548916499,18.397479094865));
#6387 = CARTESIAN_POINT('',(2.749550946427,18.439883853572));
#6388 = CARTESIAN_POINT('',(2.749549106951,18.505723503657));
#6389 = CARTESIAN_POINT('',(2.749547766848,18.529158242684));
#6390 = CARTESIAN_POINT('',(2.749546033443,18.552593104612));
#6391 = CARTESIAN_POINT('',(2.749544142693,18.576028354723));
#6392 = CARTESIAN_POINT('',(2.749542274456,18.599464068283));
#6393 = CARTESIAN_POINT('',(2.749540552491,18.62290013054));
#6394 = CARTESIAN_POINT('',(2.749539044459,18.646336236729));
#6395 = CARTESIAN_POINT('',(2.749529206884,18.826096904335));
#6396 = CARTESIAN_POINT('',(2.749531338405,18.982595474712));
#6397 = CARTESIAN_POINT('',(2.749555687747,19.138999539413));
#6398 = CARTESIAN_POINT('',(2.749552464602,19.295342694859));
#6399 = CARTESIAN_POINT('',(2.749543359099,19.451682418305));
#6400 = CARTESIAN_POINT('',(2.749537660002,19.608080706246));
#6401 = CARTESIAN_POINT('',(2.749539504774,19.764576889222));
#6402 = CARTESIAN_POINT('',(2.749551293771,20.035912664939));
#6403 = CARTESIAN_POINT('',(2.749558980757,20.150957864315));
#6404 = CARTESIAN_POINT('',(2.749568487523,20.265984144253));
#6405 = CARTESIAN_POINT('',(2.749577155703,20.380994035304));
#6406 = CARTESIAN_POINT('',(2.749581880842,20.496004204766));
#6407 = CARTESIAN_POINT('',(2.749581027362,20.611031216138));
#6408 = CARTESIAN_POINT('',(2.749575388331,20.726077488982));
#6409 = CARTESIAN_POINT('',(2.749558330561,20.950888043012));
#6410 = CARTESIAN_POINT('',(2.749547192025,21.060718407487));
#6411 = CARTESIAN_POINT('',(2.749534749417,21.170533723054));
#6412 = CARTESIAN_POINT('',(2.749523502768,21.280335289013));
#6413 = CARTESIAN_POINT('',(2.749516051131,21.390136540415));
#6414 = CARTESIAN_POINT('',(2.749513848489,21.499950988418));
#6415 = CARTESIAN_POINT('',(2.749516545595,21.609780032211));
#6416 = CARTESIAN_POINT('',(2.749522849935,21.719578753108));
#6417 = ( GEOMETRIC_REPRESENTATION_CONTEXT(2) 
PARAMETRIC_REPRESENTATION_CONTEXT() REPRESENTATION_CONTEXT('2D SPACE',''
  ) );
#6418 = PCURVE('',#6419,#6424);
#6419 = CYLINDRICAL_SURFACE('',#6420,10.35);
#6420 = AXIS2_PLACEMENT_3D('',#6421,#6422,#6423);
#6421 = CARTESIAN_POINT('',(19.,41.,76.));
#6422 = DIRECTION('',(1.110223024625E-16,0.,1.));
#6423 = DIRECTION('',(-1.,1.224646799147E-16,1.110223024625E-16));
#6424 = DEFINITIONAL_REPRESENTATION('',(#6425),#6498);
#6425 = B_SPLINE_CURVE_WITH_KNOTS('',8,(#6426,#6427,#6428,#6429,#6430,
    #6431,#6432,#6433,#6434,#6435,#6436,#6437,#6438,#6439,#6440,#6441,
    #6442,#6443,#6444,#6445,#6446,#6447,#6448,#6449,#6450,#6451,#6452,
    #6453,#6454,#6455,#6456,#6457,#6458,#6459,#6460,#6461,#6462,#6463,
    #6464,#6465,#6466,#6467,#6468,#6469,#6470,#6471,#6472,#6473,#6474,
    #6475,#6476,#6477,#6478,#6479,#6480,#6481,#6482,#6483,#6484,#6485,
    #6486,#6487,#6488,#6489,#6490,#6491,#6492,#6493,#6494,#6495,#6496,
    #6497),.UNSPECIFIED.,.F.,.F.,(9,7,7,7,7,7,7,7,7,7,9),(0.,
    8.410888958092E-02,0.220309083977,0.381502596133,0.515366881249,
    0.588305285214,0.627364313589,0.648950452362,0.792938463792,
    0.898868123056,1.),.UNSPECIFIED.);
#6426 = CARTESIAN_POINT('',(0.,11.386794681294));
#6427 = CARTESIAN_POINT('',(6.603893609678E-02,11.449858876186));
#6428 = CARTESIAN_POINT('',(0.132085449389,11.512929220134));
#6429 = CARTESIAN_POINT('',(0.198128592329,11.57599471741));
#6430 = CARTESIAN_POINT('',(0.264168022557,11.639055744869));
#6431 = CARTESIAN_POINT('',(0.330208464631,11.702117910731));
#6432 = CARTESIAN_POINT('',(0.396254137462,11.765186142271));
#6433 = CARTESIAN_POINT('',(0.462303147458,11.828259002439));
#6434 = CARTESIAN_POINT('',(0.635280410076,11.993445149362));
#6435 = CARTESIAN_POINT('',(0.742318233258,12.095665085785));
#6436 = CARTESIAN_POINT('',(0.849301260602,12.19783522883));
#6437 = CARTESIAN_POINT('',(0.956247324932,12.299968736584));
#6438 = CARTESIAN_POINT('',(1.063191858462,12.402093373887));
#6439 = CARTESIAN_POINT('',(1.170171104376,12.504244319539));
#6440 = CARTESIAN_POINT('',(1.277203867523,12.606443033692));
#6441 = CARTESIAN_POINT('',(1.510710623761,12.829404224237));
#6442 = CARTESIAN_POINT('',(1.637494073094,12.950462297566));
#6443 = CARTESIAN_POINT('',(1.764143770134,13.071398909884));
#6444 = CARTESIAN_POINT('',(1.890724817784,13.192282685258));
#6445 = CARTESIAN_POINT('',(2.017306181598,13.313177956458));
#6446 = CARTESIAN_POINT('',(2.143956745925,13.434136520657));
#6447 = CARTESIAN_POINT('',(2.270741554937,13.555215366895));
#6448 = CARTESIAN_POINT('',(2.502412572521,13.776446255446));
#6449 = CARTESIAN_POINT('',(2.60760457325,13.876892647495));
#6450 = CARTESIAN_POINT('',(2.712749227716,13.977288964386));
#6451 = CARTESIAN_POINT('',(2.817861122736,14.077652053617));
#6452 = CARTESIAN_POINT('',(2.922972515391,14.178019278481));
#6453 = CARTESIAN_POINT('',(3.028116282069,14.278424742267));
#6454 = CARTESIAN_POINT('',(3.133308911787,14.378879678369));
#6455 = CARTESIAN_POINT('',(3.295684194054,14.533941120032));
#6456 = CARTESIAN_POINT('',(3.352957073164,14.588634095614));
#6457 = CARTESIAN_POINT('',(3.410228031764,14.643324629996));
#6458 = CARTESIAN_POINT('',(3.467496772486,14.69801176899));
#6459 = CARTESIAN_POINT('',(3.524765684684,14.752697720885));
#6460 = CARTESIAN_POINT('',(3.582037065694,14.807385448567));
#6461 = CARTESIAN_POINT('',(3.639310327003,14.862075661558));
#6462 = CARTESIAN_POINT('',(3.727247061795,14.94604877377));
#6463 = CARTESIAN_POINT('',(3.757914860726,14.975334534736));
#6464 = CARTESIAN_POINT('',(3.788582697368,15.004621011667));
#6465 = CARTESIAN_POINT('',(3.819250631676,15.033908348669));
#6466 = CARTESIAN_POINT('',(3.849918668318,15.063196313166));
#6467 = CARTESIAN_POINT('',(3.880586756668,15.092484295902));
#6468 = CARTESIAN_POINT('',(3.911254790811,15.121771310943));
#6469 = CARTESIAN_POINT('',(3.958871310484,15.167240301705));
#6470 = CARTESIAN_POINT('',(3.975819863479,15.18342390787));
#6471 = CARTESIAN_POINT('',(3.99276857056,15.199607329021));
#6472 = CARTESIAN_POINT('',(4.009717599959,15.215790910285));
#6473 = CARTESIAN_POINT('',(4.026666986111,15.231974827066));
#6474 = CARTESIAN_POINT('',(4.043616629652,15.24815908504));
#6475 = CARTESIAN_POINT('',(4.060566297418,15.26434352016));
#6476 = CARTESIAN_POINT('',(4.190574267685,15.388483283454));
#6477 = CARTESIAN_POINT('',(4.303757683238,15.496565964505));
#6478 = CARTESIAN_POINT('',(4.416869001609,15.604598624292));
#6479 = CARTESIAN_POINT('',(4.529935496466,15.712570298016));
#6480 = CARTESIAN_POINT('',(4.643001431891,15.820535564926));
#6481 = CARTESIAN_POINT('',(4.756111201035,15.92854361526));
#6482 = CARTESIAN_POINT('',(4.869292695127,16.036624450746));
#6483 = CARTESIAN_POINT('',(5.065529146273,16.224022758631));
#6484 = CARTESIAN_POINT('',(5.148732691847,16.303480678349));
#6485 = CARTESIAN_POINT('',(5.231922440302,16.382926780678));
#6486 = CARTESIAN_POINT('',(5.315099978241,16.462360989037));
#6487 = CARTESIAN_POINT('',(5.398277316017,16.541792683872));
#6488 = CARTESIAN_POINT('',(5.481466553094,16.621232181914));
#6489 = CARTESIAN_POINT('',(5.564669597663,16.700681698382));
#6490 = CARTESIAN_POINT('',(5.727255666169,16.855928910149));
#6491 = CARTESIAN_POINT('',(5.806686483487,16.931772436242));
#6492 = CARTESIAN_POINT('',(5.886106513292,17.007604674358));
#6493 = CARTESIAN_POINT('',(5.965516772799,17.083428237397));
#6494 = CARTESIAN_POINT('',(6.044926956544,17.159254187417));
#6495 = CARTESIAN_POINT('',(6.124346740506,17.235092853268));
#6496 = CARTESIAN_POINT('',(6.203777036453,17.310944961596));
#6497 = CARTESIAN_POINT('',(6.28318530718,17.386778603656));
#6498 = ( GEOMETRIC_REPRESENTATION_CONTEXT(2) 
PARAMETRIC_REPRESENTATION_CONTEXT() REPRESENTATION_CONTEXT('2D SPACE',''
  ) );
#6499 = ORIENTED_EDGE('',*,*,#6500,.T.);
#6500 = EDGE_CURVE('',#6266,#6501,#6503,.T.);
#6501 = VERTEX_POINT('',#6502);
#6502 = CARTESIAN_POINT('',(8.65,41.,99.386790391081));
#6503 = SURFACE_CURVE('',#6504,(#6577,#6653),.PCURVE_S1.);
#6504 = B_SPLINE_CURVE_WITH_KNOTS('',8,(#6505,#6506,#6507,#6508,#6509,
    #6510,#6511,#6512,#6513,#6514,#6515,#6516,#6517,#6518,#6519,#6520,
    #6521,#6522,#6523,#6524,#6525,#6526,#6527,#6528,#6529,#6530,#6531,
    #6532,#6533,#6534,#6535,#6536,#6537,#6538,#6539,#6540,#6541,#6542,
    #6543,#6544,#6545,#6546,#6547,#6548,#6549,#6550,#6551,#6552,#6553,
    #6554,#6555,#6556,#6557,#6558,#6559,#6560,#6561,#6562,#6563,#6564,
    #6565,#6566,#6567,#6568,#6569,#6570,#6571,#6572,#6573,#6574,#6575,
    #6576),.UNSPECIFIED.,.F.,.F.,(9,7,7,7,7,7,7,7,7,7,9),(0.,
    0.139411123815,0.240682088827,0.287251800974,0.311905076661,
    0.351433718053,0.502479798296,0.637322011571,0.799170538022,
    0.903102578894,1.),.UNSPECIFIED.);
#6505 = CARTESIAN_POINT('',(8.65,41.,93.386778603656));
#6506 = CARTESIAN_POINT('',(8.65,39.86716605287,93.491304062069));
#6507 = CARTESIAN_POINT('',(8.791705045081,38.7332300143,93.595935905475
    ));
#6508 = CARTESIAN_POINT('',(9.075593747828,37.620609291947,
    93.700513028388));
#6509 = CARTESIAN_POINT('',(9.497330991201,36.549873386158,
    93.805050633819));
#6510 = CARTESIAN_POINT('',(10.049784229911,35.54035433687,
    93.909579626461));
#6511 = CARTESIAN_POINT('',(10.722667711912,34.609906700009,
    94.01413765624));
#6512 = CARTESIAN_POINT('',(11.502963422317,33.775023707059,
    94.118750260501));
#6513 = CARTESIAN_POINT('',(13.005277913306,32.522794873149,
    94.299183240187));
#6514 = CARTESIAN_POINT('',(13.68544854301,32.053198491139,
    94.375123975281));
#6515 = CARTESIAN_POINT('',(14.407362446597,31.64624157212,
    94.451055853954));
#6516 = CARTESIAN_POINT('',(15.164223039966,31.306161057975,
    94.52698133592));
#6517 = CARTESIAN_POINT('',(15.948861173707,31.036282740207,
    94.602909824699));
#6518 = CARTESIAN_POINT('',(16.753773128002,30.839086157224,
    94.678849002313));
#6519 = CARTESIAN_POINT('',(17.57110389683,30.716131586139,
    94.75479747184));
#6520 = CARTESIAN_POINT('',(18.770371987696,30.645630231532,
    94.865638614835));
#6521 = CARTESIAN_POINT('',(19.149084198459,30.639206725338,
    94.900554534615));
#6522 = CARTESIAN_POINT('',(19.527960154499,30.648615716224,
    94.935470463339));
#6523 = CARTESIAN_POINT('',(19.906224151276,30.673857503396,
    94.970386064759));
#6524 = CARTESIAN_POINT('',(20.283104676279,30.714887037108,
    95.005301455043));
#6525 = CARTESIAN_POINT('',(20.657834562568,30.771614866838,
    95.040216919845));
#6526 = CARTESIAN_POINT('',(21.029651236725,30.843906560979,
    95.075132586392));
#6527 = CARTESIAN_POINT('',(21.592687690467,30.977993859118,
    95.128531750104));
#6528 = CARTESIAN_POINT('',(21.78655775107,31.028720667277,95.1470161649
    ));
#6529 = CARTESIAN_POINT('',(21.979288525431,31.083731836512,
    95.165500654623));
#6530 = CARTESIAN_POINT('',(22.170765614515,31.142995992125,
    95.18398488178));
#6531 = CARTESIAN_POINT('',(22.36087893785,31.206479570748,
    95.202468811754));
#6532 = CARTESIAN_POINT('',(22.549522733522,31.274146820348,
    95.220952712808));
#6533 = CARTESIAN_POINT('',(22.73659555818,31.345959800219,
    95.239437156082));
#6534 = CARTESIAN_POINT('',(23.219275064331,31.543604937436,
    95.28756292717));
#6535 = CARTESIAN_POINT('',(23.512234212324,31.675877056931,
    95.317205066478));
#6536 = CARTESIAN_POINT('',(23.800438456023,31.818514676612,
    95.346847093134));
#6537 = CARTESIAN_POINT('',(24.083460058148,31.971317332811,
    95.376487493042));
#6538 = CARTESIAN_POINT('',(24.360882819135,32.134064161055,
    95.406125578392));
#6539 = CARTESIAN_POINT('',(24.63230207713,32.306513896065,
    95.435761487664));
#6540 = CARTESIAN_POINT('',(24.897324707994,32.488404871755,
    95.465396185622));
#6541 = CARTESIAN_POINT('',(26.142367699809,33.409492158663,
    95.608273213488));
#6542 = CARTESIAN_POINT('',(27.031507288236,34.274236274615,
    95.721666394153));
#6543 = CARTESIAN_POINT('',(27.799301895329,35.257100604674,
    95.835002123749));
#6544 = CARTESIAN_POINT('',(28.428470929117,36.337646462093,
    95.948264685337));
#6545 = CARTESIAN_POINT('',(28.905233418539,37.493567471159,
    96.061520444776));
#6546 = CARTESIAN_POINT('',(29.220209426503,38.700364911456,
    96.174827938702));
#6547 = CARTESIAN_POINT('',(29.367657205129,39.931870294396,
    96.288228045054));
#6548 = CARTESIAN_POINT('',(29.331919207965,42.254881837737,
    96.502590239842));
#6549 = CARTESIAN_POINT('',(29.182472148043,43.349464706841,
    96.603787024428));
#6550 = CARTESIAN_POINT('',(28.900345886165,44.42274587268,
    96.704937129635));
#6551 = CARTESIAN_POINT('',(28.489589124419,45.456149738598,
    96.806052397649));
#6552 = CARTESIAN_POINT('',(27.956732662412,46.432209720642,
    96.907159717951));
#6553 = CARTESIAN_POINT('',(27.311051090278,47.334749240021,
    97.008292633683));
#6554 = CARTESIAN_POINT('',(26.564250916896,48.148805786776,
    97.109470920043));
#6555 = CARTESIAN_POINT('',(24.732846007476,49.717050037068,
    97.33190732496));
#6556 = CARTESIAN_POINT('',(23.607787741198,50.42894960374,
    97.453462018926));
#6557 = CARTESIAN_POINT('',(22.383426849937,50.972864831039,
    97.574892596763));
#6558 = CARTESIAN_POINT('',(21.089461533431,51.334404148591,
    97.696269525853));
#6559 = CARTESIAN_POINT('',(19.756677444979,51.503955437774,
    97.81765783197));
#6560 = CARTESIAN_POINT('',(18.417171829754,51.478414666556,
    97.939109955875));
#6561 = CARTESIAN_POINT('',(17.103908383659,51.259498031318,
    98.060684831804));
#6562 = CARTESIAN_POINT('',(15.046409837825,50.602343490061,
    98.259965632563));
#6563 = CARTESIAN_POINT('',(14.265557625579,50.270250500424,
    98.337913962278));
#6564 = CARTESIAN_POINT('',(13.516980939926,49.865690266598,
    98.415847694364));
#6565 = CARTESIAN_POINT('',(12.808480765322,49.392436842351,
    98.493769265239));
#6566 = CARTESIAN_POINT('',(12.147219698518,48.855149723034,
    98.571691510393));
#6567 = CARTESIAN_POINT('',(11.539764033685,48.259296602759,
    98.649626955549));
#6568 = CARTESIAN_POINT('',(10.992022793157,47.611216866687,
    98.727577160113));
#6569 = CARTESIAN_POINT('',(10.058773597493,46.272291251813,
    98.878159428764));
#6570 = CARTESIAN_POINT('',(9.664557019505,45.586969087898,
    98.950832620887));
#6571 = CARTESIAN_POINT('',(9.330580655518,44.868234248215,
    99.023498522336));
#6572 = CARTESIAN_POINT('',(9.06007205145,44.122318565619,
    99.096156077296));
#6573 = CARTESIAN_POINT('',(8.855469209147,43.355707140991,
    99.168810473949));
#6574 = CARTESIAN_POINT('',(8.718474560865,42.575111301746,
    99.241469024695));
#6575 = CARTESIAN_POINT('',(8.65,41.787475865595,99.314136029418));
#6576 = CARTESIAN_POINT('',(8.65,41.,99.386790391081));
#6577 = PCURVE('',#3797,#6578);
#6578 = DEFINITIONAL_REPRESENTATION('',(#6579),#6652);
#6579 = B_SPLINE_CURVE_WITH_KNOTS('',8,(#6580,#6581,#6582,#6583,#6584,
    #6585,#6586,#6587,#6588,#6589,#6590,#6591,#6592,#6593,#6594,#6595,
    #6596,#6597,#6598,#6599,#6600,#6601,#6602,#6603,#6604,#6605,#6606,
    #6607,#6608,#6609,#6610,#6611,#6612,#6613,#6614,#6615,#6616,#6617,
    #6618,#6619,#6620,#6621,#6622,#6623,#6624,#6625,#6626,#6627,#6628,
    #6629,#6630,#6631,#6632,#6633,#6634,#6635,#6636,#6637,#6638,#6639,
    #6640,#6641,#6642,#6643,#6644,#6645,#6646,#6647,#6648,#6649,#6650,
    #6651),.UNSPECIFIED.,.F.,.F.,(9,7,7,7,7,7,7,7,7,7,9),(0.,
    0.139411123815,0.240682088827,0.287251800974,0.311905076661,
    0.351433718053,0.502479798296,0.637322011571,0.799170538022,
    0.903102578894,1.),.UNSPECIFIED.);
#6580 = CARTESIAN_POINT('',(2.749522849935,21.719578753108));
#6581 = CARTESIAN_POINT('',(2.749531539534,21.87092004865));
#6582 = CARTESIAN_POINT('',(2.749547096038,22.022408563511));
#6583 = CARTESIAN_POINT('',(2.749566029171,22.173814489514));
#6584 = CARTESIAN_POINT('',(2.74958143006,22.325166705067));
#6585 = CARTESIAN_POINT('',(2.749584605314,22.476518597301));
#6586 = CARTESIAN_POINT('',(2.749577191649,22.627923055954));
#6587 = CARTESIAN_POINT('',(2.749566076702,22.779410214635));
#6588 = CARTESIAN_POINT('',(2.74954903518,23.040689037511));
#6589 = CARTESIAN_POINT('',(2.749542532201,23.150655551861));
#6590 = CARTESIAN_POINT('',(2.74953853141,23.260606756115));
#6591 = CARTESIAN_POINT('',(2.749538709522,23.37054454583));
#6592 = CARTESIAN_POINT('',(2.74954257874,23.480483021728));
#6593 = CARTESIAN_POINT('',(2.749547336155,23.590436092216));
#6594 = CARTESIAN_POINT('',(2.74954956828,23.70040512634));
#6595 = CARTESIAN_POINT('',(2.749548461195,23.860901090162));
#6596 = CARTESIAN_POINT('',(2.749547474575,23.911459342262));
#6597 = CARTESIAN_POINT('',(2.749545800672,23.962018290219));
#6598 = CARTESIAN_POINT('',(2.749543480344,24.012577406553));
#6599 = CARTESIAN_POINT('',(2.749540728558,24.063136645879));
#6600 = CARTESIAN_POINT('',(2.749537943478,24.113696026186));
#6601 = CARTESIAN_POINT('',(2.749535640785,24.1642552193));
#6602 = CARTESIAN_POINT('',(2.749533610435,24.241577726876));
#6603 = CARTESIAN_POINT('',(2.749533166387,24.268343081869));
#6604 = CARTESIAN_POINT('',(2.749533078602,24.295108191361));
#6605 = CARTESIAN_POINT('',(2.749533417707,24.321872496494));
#6606 = CARTESIAN_POINT('',(2.749534227436,24.348635903691));
#6607 = CARTESIAN_POINT('',(2.749535524627,24.375398784655));
#6608 = CARTESIAN_POINT('',(2.749537299227,24.402161976371));
#6609 = CARTESIAN_POINT('',(2.749543065873,24.471841012127));
#6610 = CARTESIAN_POINT('',(2.749549654878,24.514755450765));
#6611 = CARTESIAN_POINT('',(2.749555869805,24.55767009798));
#6612 = CARTESIAN_POINT('',(2.749559540622,24.600584917613));
#6613 = CARTESIAN_POINT('',(2.749559738764,24.643499836388));
#6614 = CARTESIAN_POINT('',(2.749556777133,24.686414743912));
#6615 = CARTESIAN_POINT('',(2.749552210093,24.729329492673));
#6616 = CARTESIAN_POINT('',(2.749535930818,24.936227594132));
#6617 = CARTESIAN_POINT('',(2.749528556395,25.100425064287));
#6618 = CARTESIAN_POINT('',(2.749560099909,25.264500676773));
#6619 = CARTESIAN_POINT('',(2.749555708286,25.428506050516));
#6620 = CARTESIAN_POINT('',(2.74954368947,25.592509153291));
#6621 = CARTESIAN_POINT('',(2.749535537023,25.756583324554));
#6622 = CARTESIAN_POINT('',(2.749536605013,25.920782434265));
#6623 = CARTESIAN_POINT('',(2.749550019334,26.23115954638));
#6624 = CARTESIAN_POINT('',(2.74956118603,26.377678554338));
#6625 = CARTESIAN_POINT('',(2.749575183379,26.52412715924));
#6626 = CARTESIAN_POINT('',(2.749585677035,26.670528802231));
#6627 = CARTESIAN_POINT('',(2.749584647876,26.816930386598));
#6628 = CARTESIAN_POINT('',(2.749573809587,26.963378779077));
#6629 = CARTESIAN_POINT('',(2.749558527086,27.109897282854));
#6630 = CARTESIAN_POINT('',(2.749526599713,27.432010677484));
#6631 = CARTESIAN_POINT('',(2.749510263661,27.608034694352));
#6632 = CARTESIAN_POINT('',(2.749503866199,27.783869119254));
#6633 = CARTESIAN_POINT('',(2.749516524165,27.959606928242));
#6634 = CARTESIAN_POINT('',(2.749544258384,28.135346230619));
#6635 = CARTESIAN_POINT('',(2.749566543946,28.31118335331));
#6636 = CARTESIAN_POINT('',(2.749577196703,28.487209776193));
#6637 = CARTESIAN_POINT('',(2.749577776928,28.77576220543));
#6638 = CARTESIAN_POINT('',(2.749573764648,28.888633185602));
#6639 = CARTESIAN_POINT('',(2.74956592631,29.001486830505));
#6640 = CARTESIAN_POINT('',(2.749556037103,29.114324904124));
#6641 = CARTESIAN_POINT('',(2.74954730287,29.227162806461));
#6642 = CARTESIAN_POINT('',(2.749542214848,29.340016199044));
#6643 = CARTESIAN_POINT('',(2.749540753868,29.452887358896));
#6644 = CARTESIAN_POINT('',(2.749542209834,29.670924810426));
#6645 = CARTESIAN_POINT('',(2.74954486311,29.776150916337));
#6646 = CARTESIAN_POINT('',(2.749548179963,29.881365806206));
#6647 = CARTESIAN_POINT('',(2.749550371491,29.986569728749));
#6648 = CARTESIAN_POINT('',(2.749548325056,30.091773289121));
#6649 = CARTESIAN_POINT('',(2.749542009105,30.196987106827));
#6650 = CARTESIAN_POINT('',(2.749536693358,30.302212171823));
#6651 = CARTESIAN_POINT('',(2.749535572872,30.407414761481));
#6652 = ( GEOMETRIC_REPRESENTATION_CONTEXT(2) 
PARAMETRIC_REPRESENTATION_CONTEXT() REPRESENTATION_CONTEXT('2D SPACE',''
  ) );
#6653 = PCURVE('',#6654,#6659);
#6654 = CYLINDRICAL_SURFACE('',#6655,10.35);
#6655 = AXIS2_PLACEMENT_3D('',#6656,#6657,#6658);
#6656 = CARTESIAN_POINT('',(19.,41.,76.));
#6657 = DIRECTION('',(1.110223024625E-16,0.,1.));
#6658 = DIRECTION('',(-1.,1.224646799147E-16,1.110223024625E-16));
#6659 = DEFINITIONAL_REPRESENTATION('',(#6660),#6733);
#6660 = B_SPLINE_CURVE_WITH_KNOTS('',8,(#6661,#6662,#6663,#6664,#6665,
    #6666,#6667,#6668,#6669,#6670,#6671,#6672,#6673,#6674,#6675,#6676,
    #6677,#6678,#6679,#6680,#6681,#6682,#6683,#6684,#6685,#6686,#6687,
    #6688,#6689,#6690,#6691,#6692,#6693,#6694,#6695,#6696,#6697,#6698,
    #6699,#6700,#6701,#6702,#6703,#6704,#6705,#6706,#6707,#6708,#6709,
    #6710,#6711,#6712,#6713,#6714,#6715,#6716,#6717,#6718,#6719,#6720,
    #6721,#6722,#6723,#6724,#6725,#6726,#6727,#6728,#6729,#6730,#6731,
    #6732),.UNSPECIFIED.,.F.,.F.,(9,7,7,7,7,7,7,7,7,7,9),(0.,
    0.139411123815,0.240682088827,0.287251800974,0.311905076661,
    0.351433718053,0.502479798296,0.637322011571,0.799170538022,
    0.903102578894,1.),.UNSPECIFIED.);
#6661 = CARTESIAN_POINT('',(0.,17.386778603656));
#6662 = CARTESIAN_POINT('',(0.109452555278,17.491304062069));
#6663 = CARTESIAN_POINT('',(0.219011400328,17.595935905475));
#6664 = CARTESIAN_POINT('',(0.328510199058,17.700513028388));
#6665 = CARTESIAN_POINT('',(0.437969845635,17.805050633819));
#6666 = CARTESIAN_POINT('',(0.547429369277,17.909579626461));
#6667 = CARTESIAN_POINT('',(0.656927663447,18.01413765624));
#6668 = CARTESIAN_POINT('',(0.766486463151,18.118750260501));
#6669 = CARTESIAN_POINT('',(0.955449491024,18.299183240187));
#6670 = CARTESIAN_POINT('',(1.034980034516,18.37512397528));
#6671 = CARTESIAN_POINT('',(1.114499504803,18.451055853954));
#6672 = CARTESIAN_POINT('',(1.194009031102,18.52698133592));
#6673 = CARTESIAN_POINT('',(1.273518479044,18.602909824699));
#6674 = CARTESIAN_POINT('',(1.353037731204,18.678849002313));
#6675 = CARTESIAN_POINT('',(1.432567961516,18.75479747184));
#6676 = CARTESIAN_POINT('',(1.548639322344,18.865638614835));
#6677 = CARTESIAN_POINT('',(1.585203230612,18.900554534615));
#6678 = CARTESIAN_POINT('',(1.621767647575,18.935470463339));
#6679 = CARTESIAN_POINT('',(1.658332240231,18.970386064759));
#6680 = CARTESIAN_POINT('',(1.69489703023,19.005301455043));
#6681 = CARTESIAN_POINT('',(1.731462083229,19.040216919845));
#6682 = CARTESIAN_POINT('',(1.768027200273,19.075132586392));
#6683 = CARTESIAN_POINT('',(1.823948237256,19.128531750104));
#6684 = CARTESIAN_POINT('',(1.843305483499,19.1470161649));
#6685 = CARTESIAN_POINT('',(1.862662611878,19.165500654623));
#6686 = CARTESIAN_POINT('',(1.882019216881,19.18398488178));
#6687 = CARTESIAN_POINT('',(1.901375225549,19.202468811754));
#6688 = CARTESIAN_POINT('',(1.920730897471,19.220952712808));
#6689 = CARTESIAN_POINT('',(1.940086824786,19.239437156082));
#6690 = CARTESIAN_POINT('',(1.990480787752,19.28756292717));
#6691 = CARTESIAN_POINT('',(2.021517727716,19.317205066478));
#6692 = CARTESIAN_POINT('',(2.052554721474,19.346847093134));
#6693 = CARTESIAN_POINT('',(2.083591742877,19.376487493042));
#6694 = CARTESIAN_POINT('',(2.114628770223,19.406125578392));
#6695 = CARTESIAN_POINT('',(2.145665786262,19.435761487664));
#6696 = CARTESIAN_POINT('',(2.176702778194,19.465396185622));
#6697 = CARTESIAN_POINT('',(2.32633756714,19.608273213488));
#6698 = CARTESIAN_POINT('',(2.445090164648,19.721666394153));
#6699 = CARTESIAN_POINT('',(2.563749709822,19.835002123749));
#6700 = CARTESIAN_POINT('',(2.682356937703,19.948264685337));
#6701 = CARTESIAN_POINT('',(2.80096485283,20.061520444776));
#6702 = CARTESIAN_POINT('',(2.919625848816,20.174827938702));
#6703 = CARTESIAN_POINT('',(3.038378290344,20.288228045054));
#6704 = CARTESIAN_POINT('',(3.262850409166,20.502590239842));
#6705 = CARTESIAN_POINT('',(3.368816662058,20.603787024428));
#6706 = CARTESIAN_POINT('',(3.474731685447,20.704937129635));
#6707 = CARTESIAN_POINT('',(3.580611923394,20.806052397649));
#6708 = CARTESIAN_POINT('',(3.686491465522,20.907159717951));
#6709 = CARTESIAN_POINT('',(3.792404733996,21.008292633683));
#6710 = CARTESIAN_POINT('',(3.898368849196,21.109470920043));
#6711 = CARTESIAN_POINT('',(4.131325987263,21.33190732496));
#6712 = CARTESIAN_POINT('',(4.258629457776,21.453462018926));
#6713 = CARTESIAN_POINT('',(4.385796240725,21.574892596763));
#6714 = CARTESIAN_POINT('',(4.51289332688,21.696269525853));
#6715 = CARTESIAN_POINT('',(4.639990658537,21.81765783197));
#6716 = CARTESIAN_POINT('',(4.767158130787,21.939109955875));
#6717 = CARTESIAN_POINT('',(4.894462675652,22.060684831804));
#6718 = CARTESIAN_POINT('',(5.103148315893,22.259965632563));
#6719 = CARTESIAN_POINT('',(5.184778595444,22.337913962278));
#6720 = CARTESIAN_POINT('',(5.266396649305,22.415847694364));
#6721 = CARTESIAN_POINT('',(5.348003804655,22.493769265239));
#6722 = CARTESIAN_POINT('',(5.429611084399,22.571691510393));
#6723 = CARTESIAN_POINT('',(5.511229536166,22.649626955549));
#6724 = CARTESIAN_POINT('',(5.592860483323,22.727577160113));
#6725 = CARTESIAN_POINT('',(5.750549098028,22.878159428764));
#6726 = CARTESIAN_POINT('',(5.826650086939,22.950832620887));
#6727 = CARTESIAN_POINT('',(5.902742424974,23.023498522336));
#6728 = CARTESIAN_POINT('',(5.978826291788,23.096156077296));
#6729 = CARTESIAN_POINT('',(6.054909613349,23.168810473949));
#6730 = CARTESIAN_POINT('',(6.131000631716,23.241469024695));
#6731 = CARTESIAN_POINT('',(6.207100682484,23.314136029418));
#6732 = CARTESIAN_POINT('',(6.28318530718,23.386790391081));
#6733 = ( GEOMETRIC_REPRESENTATION_CONTEXT(2) 
PARAMETRIC_REPRESENTATION_CONTEXT() REPRESENTATION_CONTEXT('2D SPACE',''
  ) );
#6734 = ORIENTED_EDGE('',*,*,#6735,.T.);
#6735 = EDGE_CURVE('',#6501,#6736,#6738,.T.);
#6736 = VERTEX_POINT('',#6737);
#6737 = CARTESIAN_POINT('',(8.65,41.,105.38681466915));
#6738 = SURFACE_CURVE('',#6739,(#6819,#6902),.PCURVE_S1.);
#6739 = B_SPLINE_CURVE_WITH_KNOTS('',8,(#6740,#6741,#6742,#6743,#6744,
    #6745,#6746,#6747,#6748,#6749,#6750,#6751,#6752,#6753,#6754,#6755,
    #6756,#6757,#6758,#6759,#6760,#6761,#6762,#6763,#6764,#6765,#6766,
    #6767,#6768,#6769,#6770,#6771,#6772,#6773,#6774,#6775,#6776,#6777,
    #6778,#6779,#6780,#6781,#6782,#6783,#6784,#6785,#6786,#6787,#6788,
    #6789,#6790,#6791,#6792,#6793,#6794,#6795,#6796,#6797,#6798,#6799,
    #6800,#6801,#6802,#6803,#6804,#6805,#6806,#6807,#6808,#6809,#6810,
    #6811,#6812,#6813,#6814,#6815,#6816,#6817,#6818),.UNSPECIFIED.,.F.,
  .F.,(9,7,7,7,7,7,7,7,7,7,7,9),(0.,1.620301611589E-02,
    7.660275808312E-02,0.138648071764,0.289798301057,0.45236607633,
    0.606045556641,0.719975280518,0.747680719974,0.787850403934,
    0.847128656349,1.),.UNSPECIFIED.);
#6740 = CARTESIAN_POINT('',(8.65,41.,99.386790391081));
#6741 = CARTESIAN_POINT('',(8.65,40.868343054641,99.398937368203));
#6742 = CARTESIAN_POINT('',(8.651914396062,40.736678673475,
    99.41108508771));
#6743 = CARTESIAN_POINT('',(8.655742768525,40.605046635853,
    99.423232888345));
#6744 = CARTESIAN_POINT('',(8.661484229194,40.473483637067,
    99.435380388173));
#6745 = CARTESIAN_POINT('',(8.669137421336,40.342023288356,
    99.447527484593));
#6746 = CARTESIAN_POINT('',(8.678700519687,40.210696116898,
    99.459674354326));
#6747 = CARTESIAN_POINT('',(8.690171230446,40.079529565818,
    99.471821453425));
#6748 = CARTESIAN_POINT('',(8.753406670263,39.46028993946,
    99.529253674009));
#6749 = CARTESIAN_POINT('',(8.829730153557,38.974707317301,
    99.57453936035));
#6750 = CARTESIAN_POINT('',(8.932347701425,38.493506634039,
    99.619834526343));
#6751 = CARTESIAN_POINT('',(9.0609573485,38.018349396833,99.665117007174
    ));
#6752 = CARTESIAN_POINT('',(9.21513507595,37.550862954523,
    99.710391152022));
#6753 = CARTESIAN_POINT('',(9.394338765661,37.092639299497,
    99.755671484517));
#6754 = CARTESIAN_POINT('',(9.597906152801,36.645229553586,
    99.800954164478));
#6755 = CARTESIAN_POINT('',(10.058376618736,35.763200342855,
    99.892753593833));
#6756 = CARTESIAN_POINT('',(10.316596762692,35.329232604606,
    99.939273623636));
#6757 = CARTESIAN_POINT('',(10.598854075531,34.909881060489,
    99.985794375962));
#6758 = CARTESIAN_POINT('',(10.904174311956,34.506694446948,
    100.03231480873));
#6759 = CARTESIAN_POINT('',(11.231472670064,34.121134703648,
    100.07883508304));
#6760 = CARTESIAN_POINT('',(11.579557523901,33.75457863135,
    100.12535572887));
#6761 = CARTESIAN_POINT('',(11.947127749375,33.408314326621,
    100.17187646548));
#6762 = CARTESIAN_POINT('',(13.272221442446,32.29232253771,
    100.33171892043));
#6763 = CARTESIAN_POINT('',(14.32023925013,31.627472274037,
    100.44519004103));
#6764 = CARTESIAN_POINT('',(15.455136431261,31.108245234101,
    100.55856899103));
#6765 = CARTESIAN_POINT('',(16.652958983521,30.746734579578,
    100.67190383747));
#6766 = CARTESIAN_POINT('',(17.888769016533,30.551169625847,
    100.78524798505));
#6767 = CARTESIAN_POINT('',(19.136534862973,30.52498957293,
    100.89864207332));
#6768 = CARTESIAN_POINT('',(20.369423702645,30.667731842661,
    101.01212059351));
#6769 = CARTESIAN_POINT('',(22.839512471938,31.298157449656,
    101.24732226684));
#6770 = CARTESIAN_POINT('',(24.074150183874,31.812141557682,
    101.36941447936));
#6771 = CARTESIAN_POINT('',(25.227618797517,32.50551594926,
    101.49136688774));
#6772 = CARTESIAN_POINT('',(26.27069269543,33.362000184834,
    101.61324921854));
#6773 = CARTESIAN_POINT('',(27.177497650447,34.361630033261,
    101.73514302291));
#6774 = CARTESIAN_POINT('',(27.926827474993,35.479542452865,
    101.85711683274));
#6775 = CARTESIAN_POINT('',(28.500988131594,36.6873629536,
    101.97922958687));
#6776 = CARTESIAN_POINT('',(29.258350656968,39.143054622176,
    102.21635519686));
#6777 = CARTESIAN_POINT('',(29.462354568173,40.388829384923,
    102.33174779178));
#6778 = CARTESIAN_POINT('',(29.492512010045,41.658083458391,
    102.44703667416));
#6779 = CARTESIAN_POINT('',(29.347099949603,42.922669534605,
    102.56226079563));
#6780 = CARTESIAN_POINT('',(29.028530182883,44.155090627344,
    102.67747633009));
#6781 = CARTESIAN_POINT('',(28.544419590219,45.328823669618,
    102.79275156177));
#6782 = CARTESIAN_POINT('',(27.906468479505,46.418187985972,
    102.90813355941));
#6783 = CARTESIAN_POINT('',(26.561895370612,48.127222386558,
    103.10876676302));
#6784 = CARTESIAN_POINT('',(25.914841982858,48.796611291625,
    103.19422226355));
#6785 = CARTESIAN_POINT('',(25.200407302695,49.398359264248,
    103.27966020879));
#6786 = CARTESIAN_POINT('',(24.426995084414,49.924726765513,
    103.36508129898));
#6787 = CARTESIAN_POINT('',(23.60380351133,50.369230146533,
    103.45049749812));
#6788 = CARTESIAN_POINT('',(22.740820065435,50.726688414004,
    103.53592243117));
#6789 = CARTESIAN_POINT('',(21.848776319482,50.993200547877,
    103.62137073965));
#6790 = CARTESIAN_POINT('',(20.718240687977,51.208860559005,
    103.72755919235));
#6791 = CARTESIAN_POINT('',(20.496045403678,51.24554896196,
    103.74833118963));
#6792 = CARTESIAN_POINT('',(20.272958230326,51.276709582993,
    103.76910378195));
#6793 = CARTESIAN_POINT('',(20.049138752076,51.302317384623,
    103.7898770406));
#6794 = CARTESIAN_POINT('',(19.824748294796,51.322352940063,
    103.8106508483));
#6795 = CARTESIAN_POINT('',(19.599949926064,51.336802433222,
    103.83142489927));
#6796 = CARTESIAN_POINT('',(19.374908455167,51.345657658701,
    103.85219869915));
#6797 = CARTESIAN_POINT('',(18.823395328827,51.353640271554,
    103.90308981895));
#6798 = CARTESIAN_POINT('',(18.496850440118,51.346599455052,
    103.93320755282));
#6799 = CARTESIAN_POINT('',(18.170637280766,51.327789072107,
    103.96332040691));
#6800 = CARTESIAN_POINT('',(17.845241619931,51.297227177113,
    103.99343206963));
#6801 = CARTESIAN_POINT('',(17.521151694887,51.254955058139,
    104.02354608954));
#6802 = CARTESIAN_POINT('',(17.198857291228,51.201038474959,
    104.05366235377));
#6803 = CARTESIAN_POINT('',(16.878849690528,51.135569456008,
    104.08377823283));
#6804 = CARTESIAN_POINT('',(16.093491485146,50.945186428723,
    104.15833669494));
#6805 = CARTESIAN_POINT('',(15.631384970226,50.806802160191,
    104.20278138249));
#6806 = CARTESIAN_POINT('',(15.176866835136,50.643892770284,
    104.24722652337));
#6807 = CARTESIAN_POINT('',(14.731452549792,50.456950749586,
    104.29167142504));
#6808 = CARTESIAN_POINT('',(14.296612185588,50.246576126337,
    104.33611622153));
#6809 = CARTESIAN_POINT('',(13.873770667546,50.013474142524,
    104.38056118904));
#6810 = CARTESIAN_POINT('',(13.464305252602,49.758458637395,
    104.425005789));
#6811 = CARTESIAN_POINT('',(12.051489661426,48.770697434191,
    104.58405700325));
#6812 = CARTESIAN_POINT('',(11.12964382711,47.918297674474,
    104.69882242334));
#6813 = CARTESIAN_POINT('',(10.329113092181,46.941811633893,
    104.81349035752));
#6814 = CARTESIAN_POINT('',(9.668299069602,45.862033073605,
    104.9281127973));
#6815 = CARTESIAN_POINT('',(9.161988157747,44.701751046838,
    105.04274592466));
#6816 = CARTESIAN_POINT('',(8.820382486367,43.486137384204,
    105.15743140506));
#6817 = CARTESIAN_POINT('',(8.65,42.242182215766,105.27220770597));
#6818 = CARTESIAN_POINT('',(8.65,41.,105.38681466915));
#6819 = PCURVE('',#3797,#6820);
#6820 = DEFINITIONAL_REPRESENTATION('',(#6821),#6901);
#6821 = B_SPLINE_CURVE_WITH_KNOTS('',8,(#6822,#6823,#6824,#6825,#6826,
    #6827,#6828,#6829,#6830,#6831,#6832,#6833,#6834,#6835,#6836,#6837,
    #6838,#6839,#6840,#6841,#6842,#6843,#6844,#6845,#6846,#6847,#6848,
    #6849,#6850,#6851,#6852,#6853,#6854,#6855,#6856,#6857,#6858,#6859,
    #6860,#6861,#6862,#6863,#6864,#6865,#6866,#6867,#6868,#6869,#6870,
    #6871,#6872,#6873,#6874,#6875,#6876,#6877,#6878,#6879,#6880,#6881,
    #6882,#6883,#6884,#6885,#6886,#6887,#6888,#6889,#6890,#6891,#6892,
    #6893,#6894,#6895,#6896,#6897,#6898,#6899,#6900),.UNSPECIFIED.,.F.,
  .F.,(9,7,7,7,7,7,7,7,7,7,7,9),(0.,1.620301611589E-02,
    7.660275808312E-02,0.138648071764,0.289798301057,0.45236607633,
    0.606045556641,0.719975280518,0.747680719974,0.787850403934,
    0.847128656349,1.),.UNSPECIFIED.);
#6822 = CARTESIAN_POINT('',(2.749535572872,30.407414761481));
#6823 = CARTESIAN_POINT('',(2.749535385539,30.425003429532));
#6824 = CARTESIAN_POINT('',(2.749535313046,30.442593058429));
#6825 = CARTESIAN_POINT('',(2.749535372762,30.460182673428));
#6826 = CARTESIAN_POINT('',(2.749535577019,30.477771709249));
#6827 = CARTESIAN_POINT('',(2.749535933107,30.49536001008));
#6828 = CARTESIAN_POINT('',(2.74953644328,30.512947829572));
#6829 = CARTESIAN_POINT('',(2.749537104752,30.530535830844));
#6830 = CARTESIAN_POINT('',(2.749540910277,30.613692292865));
#6831 = CARTESIAN_POINT('',(2.749542960167,30.679262658702));
#6832 = CARTESIAN_POINT('',(2.749559697454,30.744832156966));
#6833 = CARTESIAN_POINT('',(2.74955584399,30.810403747068));
#6834 = CARTESIAN_POINT('',(2.749541419672,30.875973770422));
#6835 = CARTESIAN_POINT('',(2.749538915323,30.941540909267));
#6836 = CARTESIAN_POINT('',(2.749535528239,31.007112324293));
#6837 = CARTESIAN_POINT('',(2.749533574405,31.140037262613));
#6838 = CARTESIAN_POINT('',(2.749534761392,31.207395780542));
#6839 = CARTESIAN_POINT('',(2.749537657595,31.274753646338));
#6840 = CARTESIAN_POINT('',(2.749541028988,31.342110577271));
#6841 = CARTESIAN_POINT('',(2.749543792452,31.409467882803));
#6842 = CARTESIAN_POINT('',(2.749545463896,31.476826811342));
#6843 = CARTESIAN_POINT('',(2.749546137399,31.544186862934));
#6844 = CARTESIAN_POINT('',(2.749545649359,31.775634735912));
#6845 = CARTESIAN_POINT('',(2.749540604029,31.939942746645));
#6846 = CARTESIAN_POINT('',(2.749533895708,32.104118949339));
#6847 = CARTESIAN_POINT('',(2.749539989097,32.268218571143));
#6848 = CARTESIAN_POINT('',(2.749558817585,32.432319006752));
#6849 = CARTESIAN_POINT('',(2.749573942589,32.596495434979));
#6850 = CARTESIAN_POINT('',(2.749580232314,32.760802897254));
#6851 = CARTESIAN_POINT('',(2.74957443231,33.101374081279));
#6852 = CARTESIAN_POINT('',(2.749560939679,33.278173584621));
#6853 = CARTESIAN_POINT('',(2.749537186878,33.454780850296));
#6854 = CARTESIAN_POINT('',(2.749511260714,33.631288805156));
#6855 = CARTESIAN_POINT('',(2.749503442577,33.807795380704));
#6856 = CARTESIAN_POINT('',(2.749513945727,33.984399597328));
#6857 = CARTESIAN_POINT('',(2.74953209454,34.161197404436));
#6858 = CARTESIAN_POINT('',(2.749565239514,34.504515697828));
#6859 = CARTESIAN_POINT('',(2.749580384187,34.671585888042));
#6860 = CARTESIAN_POINT('',(2.749587096649,34.838514283914));
#6861 = CARTESIAN_POINT('',(2.749578795159,35.005363826125));
#6862 = CARTESIAN_POINT('',(2.749558198145,35.172213151764));
#6863 = CARTESIAN_POINT('',(2.749544448386,35.3391421137));
#6864 = CARTESIAN_POINT('',(2.749540309158,35.50621612043));
#6865 = CARTESIAN_POINT('',(2.749542616853,35.796725074567));
#6866 = CARTESIAN_POINT('',(2.749546593199,35.920458289613));
#6867 = CARTESIAN_POINT('',(2.749551856077,36.044164806762));
#6868 = CARTESIAN_POINT('',(2.749554261977,36.167849757028));
#6869 = CARTESIAN_POINT('',(2.749549019711,36.291535224684));
#6870 = CARTESIAN_POINT('',(2.749534802621,36.415242256407));
#6871 = CARTESIAN_POINT('',(2.749528444593,36.538975326081));
#6872 = CARTESIAN_POINT('',(2.749530892445,36.692730792654));
#6873 = CARTESIAN_POINT('',(2.7495318226,36.722807137419));
#6874 = CARTESIAN_POINT('',(2.749533292528,36.75288380746));
#6875 = CARTESIAN_POINT('',(2.749535257392,36.782960950535));
#6876 = CARTESIAN_POINT('',(2.749537539076,36.813038573835));
#6877 = CARTESIAN_POINT('',(2.749539826183,36.843116543982));
#6878 = CARTESIAN_POINT('',(2.749541674034,36.873194587031));
#6879 = CARTESIAN_POINT('',(2.749543708996,36.946881478028));
#6880 = CARTESIAN_POINT('',(2.749546544929,36.990488293406));
#6881 = CARTESIAN_POINT('',(2.749544230534,37.034093160522));
#6882 = CARTESIAN_POINT('',(2.749540262756,37.077697945417));
#6883 = CARTESIAN_POINT('',(2.749538361425,37.121304090184));
#6884 = CARTESIAN_POINT('',(2.749538230973,37.164911725071));
#6885 = CARTESIAN_POINT('',(2.749537139862,37.208519756767));
#6886 = CARTESIAN_POINT('',(2.749537580204,37.316477879548));
#6887 = CARTESIAN_POINT('',(2.74953931571,37.380830815118));
#6888 = CARTESIAN_POINT('',(2.749542096987,37.445183367992));
#6889 = CARTESIAN_POINT('',(2.749544960352,37.509535492931));
#6890 = CARTESIAN_POINT('',(2.749547085088,37.573888199505));
#6891 = CARTESIAN_POINT('',(2.74954812421,37.638242232404));
#6892 = CARTESIAN_POINT('',(2.749548186607,37.702596703598));
#6893 = CARTESIAN_POINT('',(2.749545623987,37.932900943633));
#6894 = CARTESIAN_POINT('',(2.749538730128,38.099084900448));
#6895 = CARTESIAN_POINT('',(2.749530407764,38.26512911979));
#6896 = CARTESIAN_POINT('',(2.749536310696,38.431093329899));
#6897 = CARTESIAN_POINT('',(2.749556344142,38.597058974739));
#6898 = CARTESIAN_POINT('',(2.749572625338,38.763104153687));
#6899 = CARTESIAN_POINT('',(2.749579664825,38.929290021034));
#6900 = CARTESIAN_POINT('',(2.749577161852,39.095240173772));
#6901 = ( GEOMETRIC_REPRESENTATION_CONTEXT(2) 
PARAMETRIC_REPRESENTATION_CONTEXT() REPRESENTATION_CONTEXT('2D SPACE',''
  ) );
#6902 = PCURVE('',#6903,#6908);
#6903 = CYLINDRICAL_SURFACE('',#6904,10.35);
#6904 = AXIS2_PLACEMENT_3D('',#6905,#6906,#6907);
#6905 = CARTESIAN_POINT('',(19.,41.,76.));
#6906 = DIRECTION('',(1.110223024625E-16,0.,1.));
#6907 = DIRECTION('',(-1.,1.224646799147E-16,1.110223024625E-16));
#6908 = DEFINITIONAL_REPRESENTATION('',(#6909),#6989);
#6909 = B_SPLINE_CURVE_WITH_KNOTS('',8,(#6910,#6911,#6912,#6913,#6914,
    #6915,#6916,#6917,#6918,#6919,#6920,#6921,#6922,#6923,#6924,#6925,
    #6926,#6927,#6928,#6929,#6930,#6931,#6932,#6933,#6934,#6935,#6936,
    #6937,#6938,#6939,#6940,#6941,#6942,#6943,#6944,#6945,#6946,#6947,
    #6948,#6949,#6950,#6951,#6952,#6953,#6954,#6955,#6956,#6957,#6958,
    #6959,#6960,#6961,#6962,#6963,#6964,#6965,#6966,#6967,#6968,#6969,
    #6970,#6971,#6972,#6973,#6974,#6975,#6976,#6977,#6978,#6979,#6980,
    #6981,#6982,#6983,#6984,#6985,#6986,#6987,#6988),.UNSPECIFIED.,.F.,
  .F.,(9,7,7,7,7,7,7,7,7,7,7,9),(0.,1.620301611589E-02,
    7.660275808312E-02,0.138648071764,0.289798301057,0.45236607633,
    0.606045556641,0.719975280518,0.747680719974,0.787850403934,
    0.847128656349,1.),.UNSPECIFIED.);
#6910 = CARTESIAN_POINT('',(0.,23.386790391081));
#6911 = CARTESIAN_POINT('',(1.272047781244E-02,23.398937368203));
#6912 = CARTESIAN_POINT('',(2.54416736266E-02,23.41108508771));
#6913 = CARTESIAN_POINT('',(3.816288237895E-02,23.423232888345));
#6914 = CARTESIAN_POINT('',(5.088369444662E-02,23.435380388173));
#6915 = CARTESIAN_POINT('',(6.360399564738E-02,23.447527484593));
#6916 = CARTESIAN_POINT('',(7.632396723962E-02,23.459674354326));
#6917 = CARTESIAN_POINT('',(8.904408592238E-02,23.471821453425));
#6918 = CARTESIAN_POINT('',(0.14918514749,23.529253674009));
#6919 = CARTESIAN_POINT('',(0.196607764038,23.57453936035));
#6920 = CARTESIAN_POINT('',(0.244029768911,23.619834526343));
#6921 = CARTESIAN_POINT('',(0.291451051396,23.665117007174));
#6922 = CARTESIAN_POINT('',(0.338872291333,23.710391152022));
#6923 = CARTESIAN_POINT('',(0.386294145471,23.755671484517));
#6924 = CARTESIAN_POINT('',(0.433716697148,23.800954164478));
#6925 = CARTESIAN_POINT('',(0.529851165553,23.892753593833));
#6926 = CARTESIAN_POINT('',(0.578566137104,23.939273623636));
#6927 = CARTESIAN_POINT('',(0.627280245134,23.985794375962));
#6928 = CARTESIAN_POINT('',(0.67599334355,24.032314808739));
#6929 = CARTESIAN_POINT('',(0.724706501481,24.078835083047));
#6930 = CARTESIAN_POINT('',(0.773420751694,24.12535572887));
#6931 = CARTESIAN_POINT('',(0.822135838605,24.171876465488));
#6932 = CARTESIAN_POINT('',(0.989520303358,24.331718920431));
#6933 = CARTESIAN_POINT('',(1.108349411733,24.445190041031));
#6934 = CARTESIAN_POINT('',(1.227084867422,24.558568991032));
#6935 = CARTESIAN_POINT('',(1.345766562625,24.671903837473));
#6936 = CARTESIAN_POINT('',(1.464448435746,24.78524798505));
#6937 = CARTESIAN_POINT('',(1.58318442569,24.898642073322));
#6938 = CARTESIAN_POINT('',(1.702014450305,25.012120593512));
#6939 = CARTESIAN_POINT('',(1.948320682009,25.247322266843));
#6940 = CARTESIAN_POINT('',(2.076184314916,25.369414479365));
#6941 = CARTESIAN_POINT('',(2.203908876826,25.49136688774));
#6942 = CARTESIAN_POINT('',(2.331562302462,25.613249218545));
#6943 = CARTESIAN_POINT('',(2.459215422279,25.735143022912));
#6944 = CARTESIAN_POINT('',(2.586938808641,25.857116832742));
#6945 = CARTESIAN_POINT('',(2.714801732935,25.979229586872));
#6946 = CARTESIAN_POINT('',(2.963094361305,26.216355196862));
#6947 = CARTESIAN_POINT('',(3.083921645945,26.33174779178));
#6948 = CARTESIAN_POINT('',(3.204646362363,26.447036674161));
#6949 = CARTESIAN_POINT('',(3.325314487019,26.562260795632));
#6950 = CARTESIAN_POINT('',(3.445983804163,26.677476330093));
#6951 = CARTESIAN_POINT('',(3.566711575641,26.792751561774));
#6952 = CARTESIAN_POINT('',(3.687543740801,26.908133559417));
#6953 = CARTESIAN_POINT('',(3.897645361694,27.108766763024));
#6954 = CARTESIAN_POINT('',(3.987131004462,27.194222263552));
#6955 = CARTESIAN_POINT('',(4.076596516571,27.279660208799));
#6956 = CARTESIAN_POINT('',(4.166045605862,27.365081298983));
#6957 = CARTESIAN_POINT('',(4.25549463871,27.450497498126));
#6958 = CARTESIAN_POINT('',(4.344960111098,27.535922431174));
#6959 = CARTESIAN_POINT('',(4.434446309747,27.621370739654));
#6960 = CARTESIAN_POINT('',(4.545646444405,27.727559192355));
#6961 = CARTESIAN_POINT('',(4.567398528158,27.748331189633));
#6962 = CARTESIAN_POINT('',(4.589150889272,27.769103781956));
#6963 = CARTESIAN_POINT('',(4.610903613751,27.7898770406));
#6964 = CARTESIAN_POINT('',(4.632656676289,27.810650848305));
#6965 = CARTESIAN_POINT('',(4.654409940266,27.83142489927));
#6966 = CARTESIAN_POINT('',(4.676163157752,27.852198699156));
#6967 = CARTESIAN_POINT('',(4.729455031526,27.903089818958));
#6968 = CARTESIAN_POINT('',(4.760992111885,27.933207552826));
#6969 = CARTESIAN_POINT('',(4.79252849517,27.963320406916));
#6970 = CARTESIAN_POINT('',(4.82406505225,27.993432069633));
#6971 = CARTESIAN_POINT('',(4.855602317052,28.023546089543));
#6972 = CARTESIAN_POINT('',(4.887140435688,28.053662353778));
#6973 = CARTESIAN_POINT('',(4.91867898793,28.083778232835));
#6974 = CARTESIAN_POINT('',(4.996756736822,28.158336694949));
#6975 = CARTESIAN_POINT('',(5.043297921615,28.202781382495));
#6976 = CARTESIAN_POINT('',(5.089838472765,28.247226523373));
#6977 = CARTESIAN_POINT('',(5.136378419533,28.291671425042));
#6978 = CARTESIAN_POINT('',(5.182918601823,28.336116221536));
#6979 = CARTESIAN_POINT('',(5.229459672538,28.380561189045));
#6980 = CARTESIAN_POINT('',(5.276001083536,28.425005789));
#6981 = CARTESIAN_POINT('',(5.442558356021,28.584057003255));
#6982 = CARTESIAN_POINT('',(5.562744095647,28.698822423343));
#6983 = CARTESIAN_POINT('',(5.682830542733,28.813490357522));
#6984 = CARTESIAN_POINT('',(5.802860852688,28.928112797309));
#6985 = CARTESIAN_POINT('',(5.922891734915,29.042745924662));
#6986 = CARTESIAN_POINT('',(6.042979231077,29.157431405062));
#6987 = CARTESIAN_POINT('',(6.163167701792,29.272207705976));
#6988 = CARTESIAN_POINT('',(6.28318530718,29.38681466915));
#6989 = ( GEOMETRIC_REPRESENTATION_CONTEXT(2) 
PARAMETRIC_REPRESENTATION_CONTEXT() REPRESENTATION_CONTEXT('2D SPACE',''
  ) );
#6990 = ORIENTED_EDGE('',*,*,#6991,.T.);
#6991 = EDGE_CURVE('',#6736,#4269,#6992,.T.);
#6992 = SURFACE_CURVE('',#6993,(#7036,#7082),.PCURVE_S1.);
#6993 = B_SPLINE_CURVE_WITH_KNOTS('',6,(#6994,#6995,#6996,#6997,#6998,
    #6999,#7000,#7001,#7002,#7003,#7004,#7005,#7006,#7007,#7008,#7009,
    #7010,#7011,#7012,#7013,#7014,#7015,#7016,#7017,#7018,#7019,#7020,
    #7021,#7022,#7023,#7024,#7025,#7026,#7027,#7028,#7029,#7030,#7031,
    #7032,#7033,#7034,#7035),.UNSPECIFIED.,.F.,.F.,(7,5,5,5,5,5,5,5,7),(
    0.,0.128336363602,0.22330659329,0.375623119975,0.526546704625,
    0.659445005577,0.815386719259,0.927145455722,1.),.UNSPECIFIED.);
#6994 = CARTESIAN_POINT('',(8.65,41.,105.38681466915));
#6995 = CARTESIAN_POINT('',(8.649997661483,39.609555018931,
    105.5151018234));
#6996 = CARTESIAN_POINT('',(8.874172299451,38.217644979478,
    105.64350804024));
#6997 = CARTESIAN_POINT('',(9.323275219545,36.872798195815,
    105.77176106702));
#6998 = CARTESIAN_POINT('',(9.983021901182,35.617829856548,
    105.90001886469));
#6999 = CARTESIAN_POINT('',(10.832399280495,34.492597501068,
    106.02843144697));
#7000 = CARTESIAN_POINT('',(12.57856715605,32.817898608707,
    106.25168147951));
#7001 = CARTESIAN_POINT('',(13.406436310581,32.194097458866,
    106.34663570593));
#7002 = CARTESIAN_POINT('',(14.305761955791,31.671787735364,
    106.44159119604));
#7003 = CARTESIAN_POINT('',(15.261105320511,31.260775191133,
    106.53654497485));
#7004 = CARTESIAN_POINT('',(16.255379508978,30.967619509534,
    106.63149382722));
#7005 = CARTESIAN_POINT('',(18.896885843064,30.519760802269,
    106.87869447243));
#7006 = CARTESIAN_POINT('',(20.580055811721,30.554713595833,
    107.03122920068));
#7007 = CARTESIAN_POINT('',(22.237293289765,30.916348408209,
    107.18342203465));
#7008 = CARTESIAN_POINT('',(23.795266394316,31.586946282124,
    107.33565291409));
#7009 = CARTESIAN_POINT('',(25.184229412198,32.538235150262,
    107.48820353588));
#7010 = CARTESIAN_POINT('',(27.49845426329,34.870330836627,
    107.79135584796));
#7011 = CARTESIAN_POINT('',(28.432393796576,36.251716843236,
    107.94241105164));
#7012 = CARTESIAN_POINT('',(29.090072493145,37.797423068129,
    108.09339009232));
#7013 = CARTESIAN_POINT('',(29.444199687445,39.439528515291,
    108.24409338619));
#7014 = CARTESIAN_POINT('',(29.477841204234,41.10665592418,
    108.39526134585));
#7015 = CARTESIAN_POINT('',(28.967067272997,44.139017872026,
    108.67899870056));
#7016 = CARTESIAN_POINT('',(28.490549325706,45.520656803342,
    108.81200265921));
#7017 = CARTESIAN_POINT('',(27.784802878043,46.810498315716,
    108.94481680811));
#7018 = CARTESIAN_POINT('',(26.873994838896,47.964690587438,
    109.07764492923));
#7019 = CARTESIAN_POINT('',(25.789032204717,48.943861917554,
    109.21064836204));
#7020 = CARTESIAN_POINT('',(23.152537957234,50.629841851008,
    109.49940879227));
#7021 = CARTESIAN_POINT('',(21.547607867055,51.263172482615,
    109.65561984697));
#7022 = CARTESIAN_POINT('',(19.835917665279,51.569305514303,
    109.81144854194));
#7023 = CARTESIAN_POINT('',(18.097339270599,51.536059444955,
    109.96725698346));
#7024 = CARTESIAN_POINT('',(16.412779194098,51.162856768457,
    110.12345143118));
#7025 = CARTESIAN_POINT('',(13.754006895368,50.003825434899,
    110.39106149613));
#7026 = CARTESIAN_POINT('',(12.711406566406,49.363720080104,
    110.50285161459));
#7027 = CARTESIAN_POINT('',(11.764748674275,48.580077736513,
    110.61457728716));
#7028 = CARTESIAN_POINT('',(10.937917809216,47.67089226279,
    110.72630189438));
#7029 = CARTESIAN_POINT('',(10.249975621886,46.659209575861,
    110.83808985153));
#7030 = CARTESIAN_POINT('',(9.36624464822,44.864768903823,
    111.02263950347));
#7031 = CARTESIAN_POINT('',(9.082252376539,44.124593979068,
    111.09547097889));
#7032 = CARTESIAN_POINT('',(8.866759859748,43.359997691653,
    111.16830153308));
#7033 = CARTESIAN_POINT('',(8.722257009002,42.57887327597,
    111.24113096884));
#7034 = CARTESIAN_POINT('',(8.649997745401,41.789391366937,
    111.31396025391));
#7035 = CARTESIAN_POINT('',(8.65,41.,111.38679152097));
#7036 = PCURVE('',#3797,#7037);
#7037 = DEFINITIONAL_REPRESENTATION('',(#7038),#7081);
#7038 = B_SPLINE_CURVE_WITH_KNOTS('',6,(#7039,#7040,#7041,#7042,#7043,
    #7044,#7045,#7046,#7047,#7048,#7049,#7050,#7051,#7052,#7053,#7054,
    #7055,#7056,#7057,#7058,#7059,#7060,#7061,#7062,#7063,#7064,#7065,
    #7066,#7067,#7068,#7069,#7070,#7071,#7072,#7073,#7074,#7075,#7076,
    #7077,#7078,#7079,#7080),.UNSPECIFIED.,.F.,.F.,(7,5,5,5,5,5,5,5,7),(
    0.,0.128336363602,0.22330659329,0.375623119975,0.526546704625,
    0.659445005577,0.815386719259,0.927145455722,1.),.UNSPECIFIED.);
#7039 = CARTESIAN_POINT('',(2.749577161852,39.095240173772));
#7040 = CARTESIAN_POINT('',(2.749574279349,39.280999236315));
#7041 = CARTESIAN_POINT('',(2.749559511236,39.466942508034));
#7042 = CARTESIAN_POINT('',(2.74953000346,39.65267861064));
#7043 = CARTESIAN_POINT('',(2.749510695461,39.838411486521));
#7044 = CARTESIAN_POINT('',(2.749511899627,40.024348104678));
#7045 = CARTESIAN_POINT('',(2.749531211574,40.347588696313));
#7046 = CARTESIAN_POINT('',(2.749546822718,40.485064239139));
#7047 = CARTESIAN_POINT('',(2.749562989229,40.622541059915));
#7048 = CARTESIAN_POINT('',(2.74957483293,40.760019698062));
#7049 = CARTESIAN_POINT('',(2.749579685564,40.897498149397));
#7050 = CARTESIAN_POINT('',(2.74957319112,41.255444197908));
#7051 = CARTESIAN_POINT('',(2.749556019039,41.476327265527));
#7052 = CARTESIAN_POINT('',(2.749520630813,41.696733379947));
#7053 = CARTESIAN_POINT('',(2.749542889949,41.917137302963));
#7054 = CARTESIAN_POINT('',(2.749550417949,42.138018841225));
#7055 = CARTESIAN_POINT('',(2.749564476574,42.576960910682));
#7056 = CARTESIAN_POINT('',(2.749434709732,42.795813545824));
#7057 = CARTESIAN_POINT('',(2.749676205829,43.014187000943));
#7058 = CARTESIAN_POINT('',(2.749483511725,43.232592607008));
#7059 = CARTESIAN_POINT('',(2.74953621008,43.451427206683));
#7060 = CARTESIAN_POINT('',(2.749548152123,43.862259065935));
#7061 = CARTESIAN_POINT('',(2.749553181325,44.054840067518));
#7062 = CARTESIAN_POINT('',(2.749531400442,44.247172869239));
#7063 = CARTESIAN_POINT('',(2.74953595565,44.439499734004));
#7064 = CARTESIAN_POINT('',(2.749550965383,44.632070057221));
#7065 = CARTESIAN_POINT('',(2.74957847964,45.050159715809));
#7066 = CARTESIAN_POINT('',(2.749592316495,45.276335189515));
#7067 = CARTESIAN_POINT('',(2.749577294985,45.501985691602));
#7068 = CARTESIAN_POINT('',(2.749530583539,45.72763835536));
#7069 = CARTESIAN_POINT('',(2.749515311085,45.953818706528));
#7070 = CARTESIAN_POINT('',(2.749519164071,46.341306740425));
#7071 = CARTESIAN_POINT('',(2.749531038187,46.503163895559));
#7072 = CARTESIAN_POINT('',(2.749552520153,46.66491818821));
#7073 = CARTESIAN_POINT('',(2.74957154895,46.826673375818));
#7074 = CARTESIAN_POINT('',(2.749577790044,46.988532998584));
#7075 = CARTESIAN_POINT('',(2.749574818085,47.255758611748));
#7076 = CARTESIAN_POINT('',(2.749569376838,47.361222058802));
#7077 = CARTESIAN_POINT('',(2.749561710958,47.466686293245));
#7078 = CARTESIAN_POINT('',(2.749553758357,47.572149057018));
#7079 = CARTESIAN_POINT('',(2.749547265029,47.6776101758));
#7080 = CARTESIAN_POINT('',(2.749543785046,47.783071559012));
#7081 = ( GEOMETRIC_REPRESENTATION_CONTEXT(2) 
PARAMETRIC_REPRESENTATION_CONTEXT() REPRESENTATION_CONTEXT('2D SPACE',''
  ) );
#7082 = PCURVE('',#4285,#7083);
#7083 = DEFINITIONAL_REPRESENTATION('',(#7084),#7127);
#7084 = B_SPLINE_CURVE_WITH_KNOTS('',6,(#7085,#7086,#7087,#7088,#7089,
    #7090,#7091,#7092,#7093,#7094,#7095,#7096,#7097,#7098,#7099,#7100,
    #7101,#7102,#7103,#7104,#7105,#7106,#7107,#7108,#7109,#7110,#7111,
    #7112,#7113,#7114,#7115,#7116,#7117,#7118,#7119,#7120,#7121,#7122,
    #7123,#7124,#7125,#7126),.UNSPECIFIED.,.F.,.F.,(7,5,5,5,5,5,5,5,7),(
    0.,0.128336363602,0.22330659329,0.375623119975,0.526546704625,
    0.659445005577,0.815386719259,0.927145455722,1.),.UNSPECIFIED.);
#7085 = CARTESIAN_POINT('',(0.,29.38681466915));
#7086 = CARTESIAN_POINT('',(0.13434370324,29.515101823409));
#7087 = CARTESIAN_POINT('',(0.268820103109,29.643508040243));
#7088 = CARTESIAN_POINT('',(0.40314677524,29.771761067029));
#7089 = CARTESIAN_POINT('',(0.537472285435,29.900018864698));
#7090 = CARTESIAN_POINT('',(0.671945058936,30.028431446979));
#7091 = CARTESIAN_POINT('',(0.905718139272,30.251681479514));
#7092 = CARTESIAN_POINT('',(1.005142581124,30.346635705935));
#7093 = CARTESIAN_POINT('',(1.104567694298,30.441591196041));
#7094 = CARTESIAN_POINT('',(1.20399397319,30.536544974856));
#7095 = CARTESIAN_POINT('',(1.30342021791,30.631493827229));
#7096 = CARTESIAN_POINT('',(1.562292845685,30.878694472435));
#7097 = CARTESIAN_POINT('',(1.722039989621,31.031229200683));
#7098 = CARTESIAN_POINT('',(1.88144460801,31.183422034657));
#7099 = CARTESIAN_POINT('',(2.0408468204,31.335652914095));
#7100 = CARTESIAN_POINT('',(2.200588797948,31.488203535884));
#7101 = CARTESIAN_POINT('',(2.518033893011,31.791355847969));
#7102 = CARTESIAN_POINT('',(2.676307819982,31.942411051643));
#7103 = CARTESIAN_POINT('',(2.834251082728,32.09339009232));
#7104 = CARTESIAN_POINT('',(2.992198987972,32.244093386194));
#7105 = CARTESIAN_POINT('',(3.150472113485,32.395261345859));
#7106 = CARTESIAN_POINT('',(3.447586962855,32.678998700565));
#7107 = CARTESIAN_POINT('',(3.586861248467,32.81200265921));
#7108 = CARTESIAN_POINT('',(3.725958285977,32.944816808113));
#7109 = CARTESIAN_POINT('',(3.865054593464,33.077644929239));
#7110 = CARTESIAN_POINT('',(4.004326273512,33.210648362041));
#7111 = CARTESIAN_POINT('',(4.30669803722,33.499408792278));
#7112 = CARTESIAN_POINT('',(4.470272353932,33.655619846978));
#7113 = CARTESIAN_POINT('',(4.633464433224,33.811448541949));
#7114 = CARTESIAN_POINT('',(4.796659671753,33.967256983462));
#7115 = CARTESIAN_POINT('',(4.960237402993,34.123451431186));
#7116 = CARTESIAN_POINT('',(5.24047547481,34.391061496138));
#7117 = CARTESIAN_POINT('',(5.357533390979,34.502851614596));
#7118 = CARTESIAN_POINT('',(5.474516405215,34.614577287165));
#7119 = CARTESIAN_POINT('',(5.591499692386,34.726301894389));
#7120 = CARTESIAN_POINT('',(5.708558617356,34.838089851533));
#7121 = CARTESIAN_POINT('',(5.901820579339,35.022639503471));
#7122 = CARTESIAN_POINT('',(5.978093707924,35.09547097889));
#7123 = CARTESIAN_POINT('',(6.054367729916,35.16830153308));
#7124 = CARTESIAN_POINT('',(6.130640971902,35.241130968843));
#7125 = CARTESIAN_POINT('',(6.206913137463,35.313960253918));
#7126 = CARTESIAN_POINT('',(6.28318530718,35.386791520977));
#7127 = ( GEOMETRIC_REPRESENTATION_CONTEXT(2) 
PARAMETRIC_REPRESENTATION_CONTEXT() REPRESENTATION_CONTEXT('2D SPACE',''
  ) );
#7128 = ORIENTED_EDGE('',*,*,#4297,.T.);
#7129 = ORIENTED_EDGE('',*,*,#3693,.T.);
#7130 = ADVANCED_FACE('',(#7131),#4285,.F.);
#7131 = FACE_BOUND('',#7132,.F.);
#7132 = EDGE_LOOP('',(#7133,#7134,#7155,#7344,#7365));
#7133 = ORIENTED_EDGE('',*,*,#4268,.F.);
#7134 = ORIENTED_EDGE('',*,*,#7135,.F.);
#7135 = EDGE_CURVE('',#7136,#4237,#7138,.T.);
#7136 = VERTEX_POINT('',#7137);
#7137 = CARTESIAN_POINT('',(13.824999999997,32.036637070833,
    107.61321819407));
#7138 = SURFACE_CURVE('',#7139,(#7143,#7149),.PCURVE_S1.);
#7139 = LINE('',#7140,#7141);
#7140 = CARTESIAN_POINT('',(13.825000000028,32.036637070815,76.));
#7141 = VECTOR('',#7142,1.);
#7142 = DIRECTION('',(1.110223024625E-16,0.,1.));
#7143 = PCURVE('',#4285,#7144);
#7144 = DEFINITIONAL_REPRESENTATION('',(#7145),#7148);
#7145 = B_SPLINE_CURVE_WITH_KNOTS('',1,(#7146,#7147),.UNSPECIFIED.,.F.,
  .F.,(2,2),(31.000000567446,34.0000006),.PIECEWISE_BEZIER_KNOTS.);
#7146 = CARTESIAN_POINT('',(1.0471975512,31.000000567446));
#7147 = CARTESIAN_POINT('',(1.0471975512,34.0000006));
#7148 = ( GEOMETRIC_REPRESENTATION_CONTEXT(2) 
PARAMETRIC_REPRESENTATION_CONTEXT() REPRESENTATION_CONTEXT('2D SPACE',''
  ) );
#7149 = PCURVE('',#4256,#7150);
#7150 = DEFINITIONAL_REPRESENTATION('',(#7151),#7154);
#7151 = B_SPLINE_CURVE_WITH_KNOTS('',1,(#7152,#7153),.UNSPECIFIED.,.F.,
  .F.,(2,2),(31.000000567446,34.0000006),.PIECEWISE_BEZIER_KNOTS.);
#7152 = CARTESIAN_POINT('',(-0.581559813828,-2.999996682687));
#7153 = CARTESIAN_POINT('',(-0.581559813828,3.349867618851E-06));
#7154 = ( GEOMETRIC_REPRESENTATION_CONTEXT(2) 
PARAMETRIC_REPRESENTATION_CONTEXT() REPRESENTATION_CONTEXT('2D SPACE',''
  ) );
#7155 = ORIENTED_EDGE('',*,*,#7156,.F.);
#7156 = EDGE_CURVE('',#7157,#7136,#7159,.T.);
#7157 = VERTEX_POINT('',#7158);
#7158 = CARTESIAN_POINT('',(8.65,41.,106.61321685486));
#7159 = SURFACE_CURVE('',#7160,(#7173,#7189),.PCURVE_S1.);
#7160 = B_SPLINE_CURVE_WITH_KNOTS('',6,(#7161,#7162,#7163,#7164,#7165,
    #7166,#7167,#7168,#7169,#7170,#7171,#7172),.UNSPECIFIED.,.F.,.F.,(7,
    5,7),(0.,0.498920300583,1.),.UNSPECIFIED.);
#7161 = CARTESIAN_POINT('',(8.65,41.,106.61321685486));
#7162 = CARTESIAN_POINT('',(8.65,40.098784884704,106.69636874765));
#7163 = CARTESIAN_POINT('',(8.744167130484,39.197438135123,
    106.7795302888));
#7164 = CARTESIAN_POINT('',(8.9325499117,38.308575853486,106.86267334517
    ));
#7165 = CARTESIAN_POINT('',(9.212853606774,37.444264622807,
    106.94581739932));
#7166 = CARTESIAN_POINT('',(9.581059316632,36.616142645187,
    107.02898241801));
#7167 = CARTESIAN_POINT('',(10.482426739932,35.050828623082,
    107.19564176094));
#7168 = CARTESIAN_POINT('',(11.016490875592,34.313706213858,
    107.27917181938));
#7169 = CARTESIAN_POINT('',(11.626613394909,33.634983922928,
    107.36268539895));
#7170 = CARTESIAN_POINT('',(12.304637411389,33.024097645224,
    107.44619749647));
#7171 = CARTESIAN_POINT('',(13.041144677205,32.489196152453,
    107.52970305108));
#7172 = CARTESIAN_POINT('',(13.824999999997,32.036637070833,
    107.61321819407));
#7173 = PCURVE('',#4285,#7174);
#7174 = DEFINITIONAL_REPRESENTATION('',(#7175),#7188);
#7175 = B_SPLINE_CURVE_WITH_KNOTS('',6,(#7176,#7177,#7178,#7179,#7180,
    #7181,#7182,#7183,#7184,#7185,#7186,#7187),.UNSPECIFIED.,.F.,.F.,(7,
    5,7),(0.,0.498920300583,1.),.UNSPECIFIED.);
#7176 = CARTESIAN_POINT('',(0.,30.613216854864));
#7177 = CARTESIAN_POINT('',(8.707392418318E-02,30.696368747659));
#7178 = CARTESIAN_POINT('',(0.174160314181,30.7795302888));
#7179 = CARTESIAN_POINT('',(0.261230268332,30.862673345173));
#7180 = CARTESIAN_POINT('',(0.348302014343,30.945817399323));
#7181 = CARTESIAN_POINT('',(0.43539210036,31.028982418016));
#7182 = CARTESIAN_POINT('',(0.609912543152,31.195641760947));
#7183 = CARTESIAN_POINT('',(0.697380076461,31.27917181938));
#7184 = CARTESIAN_POINT('',(0.784830181758,31.362685398955));
#7185 = CARTESIAN_POINT('',(0.87227965807,31.44619749647));
#7186 = CARTESIAN_POINT('',(0.959746520932,31.529703051085));
#7187 = CARTESIAN_POINT('',(1.047197551196,31.613218194073));
#7188 = ( GEOMETRIC_REPRESENTATION_CONTEXT(2) 
PARAMETRIC_REPRESENTATION_CONTEXT() REPRESENTATION_CONTEXT('2D SPACE',''
  ) );
#7189 = PCURVE('',#7190,#7329);
#7190 = B_SPLINE_SURFACE_WITH_KNOTS('',1,9,(
    (#7191,#7192,#7193,#7194,#7195,#7196,#7197,#7198,#7199,#7200,#7201
      ,#7202,#7203,#7204,#7205,#7206,#7207,#7208,#7209,#7210,#7211,#7212
      ,#7213,#7214,#7215,#7216,#7217,#7218,#7219,#7220,#7221,#7222,#7223
      ,#7224,#7225,#7226,#7227,#7228,#7229,#7230,#7231,#7232,#7233,#7234
      ,#7235,#7236,#7237,#7238,#7239,#7240,#7241,#7242,#7243,#7244,#7245
      ,#7246,#7247,#7248,#7249,#7250,#7251,#7252,#7253,#7254,#7255,#7256
      ,#7257,#7258,#7259)
    ,(#7260,#7261,#7262,#7263,#7264,#7265,#7266,#7267,#7268,#7269,#7270
      ,#7271,#7272,#7273,#7274,#7275,#7276,#7277,#7278,#7279,#7280,#7281
      ,#7282,#7283,#7284,#7285,#7286,#7287,#7288,#7289,#7290,#7291,#7292
      ,#7293,#7294,#7295,#7296,#7297,#7298,#7299,#7300,#7301,#7302,#7303
      ,#7304,#7305,#7306,#7307,#7308,#7309,#7310,#7311,#7312,#7313,#7314
      ,#7315,#7316,#7317,#7318,#7319,#7320,#7321,#7322,#7323,#7324,#7325
      ,#7326,#7327,#7328
    )),.UNSPECIFIED.,.F.,.F.,.F.,(2,2),(10,8,9,8,9,8,9,8,10),(0.,
    2.914515397111),(0.,6.153880704209,12.307761408417,18.461642112626,
    24.615522816834,30.769403521043,36.923284225252,43.07716492946,
    49.231045633669),.UNSPECIFIED.);
#7191 = CARTESIAN_POINT('',(29.23,41.,73.5));
#7192 = CARTESIAN_POINT('',(29.229964803106,46.058830531683,
    73.972223911674));
#7193 = CARTESIAN_POINT('',(26.415141451448,51.118680307798,
    74.444441115357));
#7194 = CARTESIAN_POINT('',(20.789739532814,54.381452856208,
    74.91667231037));
#7195 = CARTESIAN_POINT('',(13.664232487911,54.095226534718,
    75.388884261864));
#7196 = CARTESIAN_POINT('',(7.732207602356,49.543061056122,
    75.86111427786));
#7197 = CARTESIAN_POINT('',(5.611098572595,42.734664980564,
    76.333332530544));
#7198 = CARTESIAN_POINT('',(7.306999562586,36.456462524012,
    76.805556026094));
#7199 = CARTESIAN_POINT('',(11.465828514465,32.427907187368,
    77.277778106868));
#7200 = CARTESIAN_POINT('',(21.238737322701,29.809262354787,
    78.222222460558));
#7201 = CARTESIAN_POINT('',(26.854663393613,31.218671525542,
    78.694444541255));
#7202 = CARTESIAN_POINT('',(31.46248012651,35.807841973013,
    79.166668037241));
#7203 = CARTESIAN_POINT('',(33.029668040068,42.764591244495,
    79.638886288761));
#7204 = CARTESIAN_POINT('',(30.168627939255,49.672879110744,
    80.111116306651));
#7205 = CARTESIAN_POINT('',(24.140635577666,53.483634676925,
    80.583328256118));
#7206 = CARTESIAN_POINT('',(17.637747184445,53.470531148637,
    81.055559452575));
#7207 = CARTESIAN_POINT('',(12.669955189695,50.496087474157,
    81.527776655602));
#7208 = CARTESIAN_POINT('',(10.140570382815,46.114994134805,
    82.000000567439));
#7209 = CARTESIAN_POINT('',(7.611156585568,41.733917362135,
    82.47222287508));
#7210 = CARTESIAN_POINT('',(7.518985705697,35.94452125172,
    82.944442593143));
#7211 = CARTESIAN_POINT('',(10.759283303701,30.30620900672,
    83.416670631477));
#7212 = CARTESIAN_POINT('',(17.073324550619,26.991301622064,
    83.888885788011));
#7213 = CARTESIAN_POINT('',(24.486644087929,27.96760724111,
    84.361113180683));
#7214 = CARTESIAN_POINT('',(29.727807168698,32.803279120532,
    84.833333132849));
#7215 = CARTESIAN_POINT('',(31.398199997065,39.088321039359,
    85.305555795757));
#7216 = CARTESIAN_POINT('',(29.810831081009,44.656563955545,
    85.777778149536));
#7217 = CARTESIAN_POINT('',(22.656565060108,51.810831959854,
    86.722222440177));
#7218 = CARTESIAN_POINT('',(17.088326726901,53.398210337479,
    87.194444570376));
#7219 = CARTESIAN_POINT('',(10.803254029012,51.727781158268,
    87.66666800403));
#7220 = CARTESIAN_POINT('',(5.967655998328,46.486652861021,
    88.138886319152));
#7221 = CARTESIAN_POINT('',(4.991244523308,39.073380564298,
    88.611116284531));
#7222 = CARTESIAN_POINT('',(8.30626188543,32.759172898294,
    89.083328268572));
#7223 = CARTESIAN_POINT('',(13.944479878137,29.519076871407,
    89.555559447501));
#7224 = CARTESIAN_POINT('',(19.73393589817,29.611124592818,
    90.02777665683));
#7225 = CARTESIAN_POINT('',(24.114994044103,32.140570330481,
    90.500000567444));
#7226 = CARTESIAN_POINT('',(28.496069035456,34.669987238687,
    90.972222873854));
#7227 = CARTESIAN_POINT('',(31.470589414619,39.637665770959,
    91.444442598196));
#7228 = CARTESIAN_POINT('',(31.483565500033,46.140736574885,
    91.916670619066));
#7229 = CARTESIAN_POINT('',(27.672899074816,52.16855048316,
    92.388885810085));
#7230 = CARTESIAN_POINT('',(20.764623215141,55.029705878711,
    92.861113150322));
#7231 = CARTESIAN_POINT('',(13.807806907714,53.462471401764,
    93.333333166049));
#7232 = CARTESIAN_POINT('',(9.218683319006,48.854663148959,
    93.805555766638));
#7233 = CARTESIAN_POINT('',(7.809263671928,43.238737839865,
    94.277778169918));
#7234 = CARTESIAN_POINT('',(10.427905783494,33.465828305638,
    95.222222397509));
#7235 = CARTESIAN_POINT('',(14.456452470767,29.306993451352,
    95.694444800716));
#7236 = CARTESIAN_POINT('',(20.734699604456,27.611108552321,
    96.166667401709));
#7237 = CARTESIAN_POINT('',(27.543014647213,29.732224383652,
    96.63888741637));
#7238 = CARTESIAN_POINT('',(32.095247695014,35.664155428776,
    97.111114758321));
#7239 = CARTESIAN_POINT('',(32.381462574586,42.789861586391,
    97.583329947529));
#7240 = CARTESIAN_POINT('',(29.11867028274,48.415041812736,
    98.055557969673));
#7241 = CARTESIAN_POINT('',(24.058830666664,51.230001777592,
    98.527777693439));
#7242 = CARTESIAN_POINT('',(19.000000000001,51.229999999989,
    99.000000000003));
#7243 = CARTESIAN_POINT('',(13.941169468318,51.229964803107,
    99.47222391167));
#7244 = CARTESIAN_POINT('',(8.881319692204,48.415141451463,
    99.944441115361));
#7245 = CARTESIAN_POINT('',(5.618547143783,42.789739532785,
    100.41667231036));
#7246 = CARTESIAN_POINT('',(5.904773465293,35.664232487942,
    100.88888426187));
#7247 = CARTESIAN_POINT('',(10.456938943871,29.732207602335,
    101.36111427785));
#7248 = CARTESIAN_POINT('',(17.265335019439,27.611098572603,
    101.83333253054));
#7249 = CARTESIAN_POINT('',(23.543537475987,29.306999562585,
    102.30555602609));
#7250 = CARTESIAN_POINT('',(27.572092812632,33.465828514465,
    102.77777810686));
#7251 = CARTESIAN_POINT('',(30.190737645213,43.238737322701,
    103.72222246055));
#7252 = CARTESIAN_POINT('',(28.781328474443,48.854663393611,
    104.19444454125));
#7253 = CARTESIAN_POINT('',(24.192158027053,53.462480126523,
    104.66666803723));
#7254 = CARTESIAN_POINT('',(17.235408755364,55.029668040031,
    105.13888628876));
#7255 = CARTESIAN_POINT('',(10.327120889435,52.168627939317,
    105.61111630665));
#7256 = CARTESIAN_POINT('',(6.516365322933,46.140635577599,
    106.08332825611));
#7257 = CARTESIAN_POINT('',(6.529468851429,39.637747184491,
    106.55555945258));
#7258 = CARTESIAN_POINT('',(9.503912525832,34.669955189677,
    107.0277766556));
#7259 = CARTESIAN_POINT('',(13.885005865199,32.140570382829,
    107.50000056744));
#7260 = CARTESIAN_POINT('',(31.35,41.,75.5));
#7261 = CARTESIAN_POINT('',(31.349992960623,47.107253727004,
    75.972194064706));
#7262 = CARTESIAN_POINT('',(27.951754309133,53.21536797162,
    76.444499930641));
#7263 = CARTESIAN_POINT('',(21.160696257412,57.155051588979,
    76.91657260158));
#7264 = CARTESIAN_POINT('',(12.558438592607,56.808389248397,
    77.388966011208));
#7265 = CARTESIAN_POINT('',(5.397142053316,51.313948551369,
    77.86105832767));
#7266 = CARTESIAN_POINT('',(2.83646939077,43.093934511954,
    78.333346715402));
#7267 = CARTESIAN_POINT('',(4.88380763724,35.514927965928,
    78.805547712874));
#7268 = CARTESIAN_POINT('',(9.904489382943,30.651475399162,
    79.277772293094));
#7269 = CARTESIAN_POINT('',(21.702681885484,27.490159336069,
    80.222218250041));
#7270 = CARTESIAN_POINT('',(28.482445359337,29.191690897785,
    80.694442830245));
#7271 = CARTESIAN_POINT('',(34.044999600972,34.731642001625,
    81.166643827805));
#7272 = CARTESIAN_POINT('',(35.937383279179,43.130709604961,
    81.638932215301));
#7273 = CARTESIAN_POINT('',(32.48277058644,51.46967974612,
    82.111024532149));
#7274 = CARTESIAN_POINT('',(25.206280677972,56.071051007609,
    82.583417941359));
#7275 = CARTESIAN_POINT('',(17.355257849605,56.05468126155,
    83.055490612605));
#7276 = CARTESIAN_POINT('',(11.358208267908,52.464038672685,
    83.527796478389));
#7277 = CARTESIAN_POINT('',(8.304587874491,47.174998062254,
    83.999990543144));
#7278 = CARTESIAN_POINT('',(5.250962552669,41.885963145215,
    84.472211340362));
#7279 = CARTESIAN_POINT('',(5.139873570148,34.897053128121,
    84.944475302254));
#7280 = CARTESIAN_POINT('',(9.051251589607,28.089668786393,
    85.416600581493));
#7281 = CARTESIAN_POINT('',(16.674365528043,24.0887474027,
    85.888940576949));
#7282 = CARTESIAN_POINT('',(25.623443154846,25.266433314555,
    86.36107661287));
#7283 = CARTESIAN_POINT('',(31.951062576677,31.104832157379,
    86.833336677556));
#7284 = CARTESIAN_POINT('',(33.967516553861,38.692116328287,
    87.305551551618));
#7285 = CARTESIAN_POINT('',(32.051205676336,45.414329741779,87.777771582
    ));
#7286 = CARTESIAN_POINT('',(23.414329102918,54.051206228385,
    88.722218589706));
#7287 = CARTESIAN_POINT('',(16.692116062613,55.967518238514,
    89.194442344925));
#7288 = CARTESIAN_POINT('',(9.104827050502,53.951057180375,
    89.66664438136));
#7289 = CARTESIAN_POINT('',(3.266441090458,47.623442890077,
    90.138931708576));
#7290 = CARTESIAN_POINT('',(2.088738222804,38.674376738838,
    90.61102490118));
#7291 = CARTESIAN_POINT('',(6.089677801497,31.05122726231,
    91.083417733382));
#7292 = CARTESIAN_POINT('',(12.897047839672,27.139892523724,
    91.555490697492));
#7293 = CARTESIAN_POINT('',(19.885966437594,27.25095540919,
    92.027796457787));
#7294 = CARTESIAN_POINT('',(25.174999573504,30.304588747011,
    92.499990543118));
#7295 = CARTESIAN_POINT('',(30.464034136264,33.35821469093,
    92.972211361035));
#7296 = CARTESIAN_POINT('',(34.054695016033,39.355243792818,
    93.444475217249));
#7297 = CARTESIAN_POINT('',(34.071034485246,47.20630064909,
    93.916600789643));
#7298 = CARTESIAN_POINT('',(29.469684797233,54.482757030806,
    94.388940207729));
#7299 = CARTESIAN_POINT('',(21.130713356862,57.937390145856,
    94.861077119747));
#7300 = CARTESIAN_POINT('',(12.731634672828,56.044997876366,
    95.333336123913));
#7301 = CARTESIAN_POINT('',(7.191692313428,50.482444286942,
    95.805552036973));
#7302 = CARTESIAN_POINT('',(5.490159432049,43.70268105619,
    96.277771242329));
#7303 = CARTESIAN_POINT('',(8.651475807624,31.904488585422,
    97.222219300802));
#7304 = CARTESIAN_POINT('',(13.514926645349,26.883806045494,
    97.694438506184));
#7305 = CARTESIAN_POINT('',(21.093943484958,24.836471510483,
    98.166654419189));
#7306 = CARTESIAN_POINT('',(29.313938575692,27.397146170951,
    98.638913423409));
#7307 = CARTESIAN_POINT('',(34.808396286106,34.558424293339,
    99.111050335406));
#7308 = CARTESIAN_POINT('',(35.155050782432,43.160721833378,
    99.58338975348));
#7309 = CARTESIAN_POINT('',(31.215367619306,49.951735250493,
    100.05551532589));
#7310 = CARTESIAN_POINT('',(25.107251259616,53.350000793226,
    100.52777918209));
#7311 = CARTESIAN_POINT('',(18.999999999997,53.349999999997,
    100.99999999999));
#7312 = CARTESIAN_POINT('',(12.892746273003,53.349992960619,
    101.4721940647));
#7313 = CARTESIAN_POINT('',(6.784632028368,49.951754309152,
    101.94449993064));
#7314 = CARTESIAN_POINT('',(2.844948411037,43.160696257379,
    102.41657260157));
#7315 = CARTESIAN_POINT('',(3.191610751587,34.558438592643,
    102.88896601121));
#7316 = CARTESIAN_POINT('',(8.686051448642,27.397142053291,
    103.36105832766));
#7317 = CARTESIAN_POINT('',(16.906065488041,24.836469390781,
    103.8333467154));
#7318 = CARTESIAN_POINT('',(24.485072034074,26.883807637238,
    104.30554771287));
#7319 = CARTESIAN_POINT('',(29.348524600838,31.904489382943,
    104.77777229309));
#7320 = CARTESIAN_POINT('',(32.509840663931,43.702681885483,
    105.72221825004));
#7321 = CARTESIAN_POINT('',(30.808309102194,50.482445359337,
    106.19444283024));
#7322 = CARTESIAN_POINT('',(25.268357998472,56.044999600973,
    106.6666438278));
#7323 = CARTESIAN_POINT('',(16.869290394828,57.937383279171,
    107.13893221529));
#7324 = CARTESIAN_POINT('',(8.530320254153,54.482770586458,
    107.61102453215));
#7325 = CARTESIAN_POINT('',(3.928948992172,47.206280677951,
    108.08341794135));
#7326 = CARTESIAN_POINT('',(3.94531873855,39.355257849617,
    108.55549061259));
#7327 = CARTESIAN_POINT('',(7.535961327302,33.358208267907,
    109.0277964784));
#7328 = CARTESIAN_POINT('',(12.825001937748,30.304587874496,
    109.49999054313));
#7329 = DEFINITIONAL_REPRESENTATION('',(#7330),#7343);
#7330 = B_SPLINE_CURVE_WITH_KNOTS('',6,(#7331,#7332,#7333,#7334,#7335,
    #7336,#7337,#7338,#7339,#7340,#7341,#7342),.UNSPECIFIED.,.F.,.F.,(7,
    5,7),(0.,0.498920300583,1.),.UNSPECIFIED.);
#7331 = CARTESIAN_POINT('',(0.164988104509,47.783071744705));
#7332 = CARTESIAN_POINT('',(0.164992781231,47.903468704523));
#7333 = CARTESIAN_POINT('',(0.164993893109,48.023883176995));
#7334 = CARTESIAN_POINT('',(0.164990211107,48.14427564736));
#7335 = CARTESIAN_POINT('',(0.16498410344,48.264671972675));
#7336 = CARTESIAN_POINT('',(0.164982095893,48.385094580086));
#7337 = CARTESIAN_POINT('',(0.164984668938,48.626410073949));
#7338 = CARTESIAN_POINT('',(0.164989594417,48.747354359843));
#7339 = CARTESIAN_POINT('',(0.164995809679,48.868273503164));
#7340 = CARTESIAN_POINT('',(0.165003412127,48.989189122331));
#7341 = CARTESIAN_POINT('',(0.164979915469,49.110126168262));
#7342 = CARTESIAN_POINT('',(0.164988084968,49.231045633669));
#7343 = ( GEOMETRIC_REPRESENTATION_CONTEXT(2) 
PARAMETRIC_REPRESENTATION_CONTEXT() REPRESENTATION_CONTEXT('2D SPACE',''
  ) );
#7344 = ORIENTED_EDGE('',*,*,#7345,.F.);
#7345 = EDGE_CURVE('',#6736,#7157,#7346,.T.);
#7346 = SURFACE_CURVE('',#7347,(#7351,#7358),.PCURVE_S1.);
#7347 = LINE('',#7348,#7349);
#7348 = CARTESIAN_POINT('',(8.65,41.,76.));
#7349 = VECTOR('',#7350,1.);
#7350 = DIRECTION('',(1.110223024625E-16,0.,1.));
#7351 = PCURVE('',#4285,#7352);
#7352 = DEFINITIONAL_REPRESENTATION('',(#7353),#7357);
#7353 = LINE('',#7354,#7355);
#7354 = CARTESIAN_POINT('',(0.,-0.));
#7355 = VECTOR('',#7356,1.);
#7356 = DIRECTION('',(0.,1.));
#7357 = ( GEOMETRIC_REPRESENTATION_CONTEXT(2) 
PARAMETRIC_REPRESENTATION_CONTEXT() REPRESENTATION_CONTEXT('2D SPACE',''
  ) );
#7358 = PCURVE('',#6903,#7359);
#7359 = DEFINITIONAL_REPRESENTATION('',(#7360),#7364);
#7360 = LINE('',#7361,#7362);
#7361 = CARTESIAN_POINT('',(6.28318530718,-0.));
#7362 = VECTOR('',#7363,1.);
#7363 = DIRECTION('',(0.,1.));
#7364 = ( GEOMETRIC_REPRESENTATION_CONTEXT(2) 
PARAMETRIC_REPRESENTATION_CONTEXT() REPRESENTATION_CONTEXT('2D SPACE',''
  ) );
#7365 = ORIENTED_EDGE('',*,*,#6991,.T.);
#7366 = ADVANCED_FACE('',(#7367),#4256,.T.);
#7367 = FACE_BOUND('',#7368,.T.);
#7368 = EDGE_LOOP('',(#7369,#7370,#7391,#7410));
#7369 = ORIENTED_EDGE('',*,*,#7135,.F.);
#7370 = ORIENTED_EDGE('',*,*,#7371,.T.);
#7371 = EDGE_CURVE('',#7136,#7372,#7374,.T.);
#7372 = VERTEX_POINT('',#7373);
#7373 = CARTESIAN_POINT('',(12.825001937748,30.304587874496,
    109.49999054313));
#7374 = SURFACE_CURVE('',#7375,(#7378,#7384),.PCURVE_S1.);
#7375 = B_SPLINE_CURVE_WITH_KNOTS('',1,(#7376,#7377),.UNSPECIFIED.,.F.,
  .F.,(2,2),(0.,2.914515397111),.PIECEWISE_BEZIER_KNOTS.);
#7376 = CARTESIAN_POINT('',(13.885005865199,32.140570382829,
    107.50000056744));
#7377 = CARTESIAN_POINT('',(12.825001937748,30.304587874496,
    109.49999054313));
#7378 = PCURVE('',#4256,#7379);
#7379 = DEFINITIONAL_REPRESENTATION('',(#7380),#7383);
#7380 = B_SPLINE_CURVE_WITH_KNOTS('',1,(#7381,#7382),.UNSPECIFIED.,.F.,
  .F.,(2,2),(0.,2.914515397111),.PIECEWISE_BEZIER_KNOTS.);
#7381 = CARTESIAN_POINT('',(-0.701571634917,-2.499996682692));
#7382 = CARTESIAN_POINT('',(1.418437821929,-0.500006706996));
#7383 = ( GEOMETRIC_REPRESENTATION_CONTEXT(2) 
PARAMETRIC_REPRESENTATION_CONTEXT() REPRESENTATION_CONTEXT('2D SPACE',''
  ) );
#7384 = PCURVE('',#7190,#7385);
#7385 = DEFINITIONAL_REPRESENTATION('',(#7386),#7390);
#7386 = LINE('',#7387,#7388);
#7387 = CARTESIAN_POINT('',(0.,49.231045633669));
#7388 = VECTOR('',#7389,1.);
#7389 = DIRECTION('',(1.,0.));
#7390 = ( GEOMETRIC_REPRESENTATION_CONTEXT(2) 
PARAMETRIC_REPRESENTATION_CONTEXT() REPRESENTATION_CONTEXT('2D SPACE',''
  ) );
#7391 = ORIENTED_EDGE('',*,*,#7392,.T.);
#7392 = EDGE_CURVE('',#7372,#3988,#7393,.T.);
#7393 = SURFACE_CURVE('',#7394,(#7397,#7403),.PCURVE_S1.);
#7394 = B_SPLINE_CURVE_WITH_KNOTS('',1,(#7395,#7396),.UNSPECIFIED.,.F.,
  .F.,(2,2),(0.,1.),.PIECEWISE_BEZIER_KNOTS.);
#7395 = CARTESIAN_POINT('',(12.825001937748,30.304587874496,
    109.49999054313));
#7396 = CARTESIAN_POINT('',(12.824999573531,30.304583779551,
    110.49999054312));
#7397 = PCURVE('',#4256,#7398);
#7398 = DEFINITIONAL_REPRESENTATION('',(#7399),#7402);
#7399 = B_SPLINE_CURVE_WITH_KNOTS('',1,(#7400,#7401),.UNSPECIFIED.,.F.,
  .F.,(2,2),(0.,1.),.PIECEWISE_BEZIER_KNOTS.);
#7400 = CARTESIAN_POINT('',(1.418437821929,-0.500006706996));
#7401 = CARTESIAN_POINT('',(1.418442550364,0.499993292993));
#7402 = ( GEOMETRIC_REPRESENTATION_CONTEXT(2) 
PARAMETRIC_REPRESENTATION_CONTEXT() REPRESENTATION_CONTEXT('2D SPACE',''
  ) );
#7403 = PCURVE('',#4061,#7404);
#7404 = DEFINITIONAL_REPRESENTATION('',(#7405),#7409);
#7405 = LINE('',#7406,#7407);
#7406 = CARTESIAN_POINT('',(0.,49.231045633669));
#7407 = VECTOR('',#7408,1.);
#7408 = DIRECTION('',(1.,0.));
#7409 = ( GEOMETRIC_REPRESENTATION_CONTEXT(2) 
PARAMETRIC_REPRESENTATION_CONTEXT() REPRESENTATION_CONTEXT('2D SPACE',''
  ) );
#7410 = ORIENTED_EDGE('',*,*,#4236,.T.);
#7411 = ADVANCED_FACE('',(#7412),#4061,.T.);
#7412 = FACE_BOUND('',#7413,.T.);
#7413 = EDGE_LOOP('',(#7414,#7502,#7599,#7618,#7619,#7620));
#7414 = ORIENTED_EDGE('',*,*,#7415,.F.);
#7415 = EDGE_CURVE('',#7416,#7372,#7418,.T.);
#7416 = VERTEX_POINT('',#7417);
#7417 = CARTESIAN_POINT('',(27.263645477262,50.177930844162,
    76.300010074737));
#7418 = SURFACE_CURVE('',#7419,(#7489,#7495),.PCURVE_S1.);
#7419 = B_SPLINE_CURVE_WITH_KNOTS('',9,(#7420,#7421,#7422,#7423,#7424,
    #7425,#7426,#7427,#7428,#7429,#7430,#7431,#7432,#7433,#7434,#7435,
    #7436,#7437,#7438,#7439,#7440,#7441,#7442,#7443,#7444,#7445,#7446,
    #7447,#7448,#7449,#7450,#7451,#7452,#7453,#7454,#7455,#7456,#7457,
    #7458,#7459,#7460,#7461,#7462,#7463,#7464,#7465,#7466,#7467,#7468,
    #7469,#7470,#7471,#7472,#7473,#7474,#7475,#7476,#7477,#7478,#7479,
    #7480,#7481,#7482,#7483,#7484,#7485,#7486,#7487,#7488),
  .UNSPECIFIED.,.F.,.F.,(10,8,9,8,9,8,9,8,10),(0.,6.153880704209,
    12.307761408417,18.461642112626,24.615522816834,30.769403521043,
    36.923284225252,43.07716492946,49.231045633669),.UNSPECIFIED.);
#7420 = CARTESIAN_POINT('',(31.35,41.,75.5));
#7421 = CARTESIAN_POINT('',(31.349992960623,47.107253727004,
    75.972194064706));
#7422 = CARTESIAN_POINT('',(27.951754309133,53.21536797162,
    76.444499930641));
#7423 = CARTESIAN_POINT('',(21.160696257412,57.155051588979,
    76.91657260158));
#7424 = CARTESIAN_POINT('',(12.558438592607,56.808389248397,
    77.388966011208));
#7425 = CARTESIAN_POINT('',(5.397142053316,51.313948551369,
    77.86105832767));
#7426 = CARTESIAN_POINT('',(2.83646939077,43.093934511954,
    78.333346715402));
#7427 = CARTESIAN_POINT('',(4.88380763724,35.514927965928,
    78.805547712874));
#7428 = CARTESIAN_POINT('',(9.904489382943,30.651475399162,
    79.277772293094));
#7429 = CARTESIAN_POINT('',(21.702681885484,27.490159336069,
    80.222218250041));
#7430 = CARTESIAN_POINT('',(28.482445359337,29.191690897785,
    80.694442830245));
#7431 = CARTESIAN_POINT('',(34.044999600972,34.731642001625,
    81.166643827805));
#7432 = CARTESIAN_POINT('',(35.937383279179,43.130709604961,
    81.638932215301));
#7433 = CARTESIAN_POINT('',(32.48277058644,51.46967974612,
    82.111024532149));
#7434 = CARTESIAN_POINT('',(25.206280677972,56.071051007609,
    82.583417941359));
#7435 = CARTESIAN_POINT('',(17.355257849605,56.05468126155,
    83.055490612605));
#7436 = CARTESIAN_POINT('',(11.358208267908,52.464038672685,
    83.527796478389));
#7437 = CARTESIAN_POINT('',(8.304587874491,47.174998062254,
    83.999990543144));
#7438 = CARTESIAN_POINT('',(5.250962552669,41.885963145215,
    84.472211340362));
#7439 = CARTESIAN_POINT('',(5.139873570148,34.897053128121,
    84.944475302254));
#7440 = CARTESIAN_POINT('',(9.051251589607,28.089668786393,
    85.416600581493));
#7441 = CARTESIAN_POINT('',(16.674365528043,24.0887474027,
    85.888940576949));
#7442 = CARTESIAN_POINT('',(25.623443154846,25.266433314555,
    86.36107661287));
#7443 = CARTESIAN_POINT('',(31.951062576677,31.104832157379,
    86.833336677556));
#7444 = CARTESIAN_POINT('',(33.967516553861,38.692116328287,
    87.305551551618));
#7445 = CARTESIAN_POINT('',(32.051205676336,45.414329741779,87.777771582
    ));
#7446 = CARTESIAN_POINT('',(23.414329102918,54.051206228385,
    88.722218589706));
#7447 = CARTESIAN_POINT('',(16.692116062613,55.967518238514,
    89.194442344925));
#7448 = CARTESIAN_POINT('',(9.104827050502,53.951057180375,
    89.66664438136));
#7449 = CARTESIAN_POINT('',(3.266441090458,47.623442890077,
    90.138931708576));
#7450 = CARTESIAN_POINT('',(2.088738222804,38.674376738838,
    90.61102490118));
#7451 = CARTESIAN_POINT('',(6.089677801497,31.05122726231,
    91.083417733382));
#7452 = CARTESIAN_POINT('',(12.897047839672,27.139892523724,
    91.555490697492));
#7453 = CARTESIAN_POINT('',(19.885966437594,27.25095540919,
    92.027796457787));
#7454 = CARTESIAN_POINT('',(25.174999573504,30.304588747011,
    92.499990543118));
#7455 = CARTESIAN_POINT('',(30.464034136264,33.35821469093,
    92.972211361035));
#7456 = CARTESIAN_POINT('',(34.054695016033,39.355243792818,
    93.444475217249));
#7457 = CARTESIAN_POINT('',(34.071034485246,47.20630064909,
    93.916600789643));
#7458 = CARTESIAN_POINT('',(29.469684797233,54.482757030806,
    94.388940207729));
#7459 = CARTESIAN_POINT('',(21.130713356862,57.937390145856,
    94.861077119747));
#7460 = CARTESIAN_POINT('',(12.731634672828,56.044997876366,
    95.333336123913));
#7461 = CARTESIAN_POINT('',(7.191692313428,50.482444286942,
    95.805552036973));
#7462 = CARTESIAN_POINT('',(5.490159432049,43.70268105619,
    96.277771242329));
#7463 = CARTESIAN_POINT('',(8.651475807624,31.904488585422,
    97.222219300802));
#7464 = CARTESIAN_POINT('',(13.514926645349,26.883806045494,
    97.694438506184));
#7465 = CARTESIAN_POINT('',(21.093943484958,24.836471510483,
    98.166654419189));
#7466 = CARTESIAN_POINT('',(29.313938575692,27.397146170951,
    98.638913423409));
#7467 = CARTESIAN_POINT('',(34.808396286106,34.558424293339,
    99.111050335406));
#7468 = CARTESIAN_POINT('',(35.155050782432,43.160721833378,
    99.58338975348));
#7469 = CARTESIAN_POINT('',(31.215367619306,49.951735250493,
    100.05551532589));
#7470 = CARTESIAN_POINT('',(25.107251259616,53.350000793226,
    100.52777918209));
#7471 = CARTESIAN_POINT('',(18.999999999997,53.349999999997,
    100.99999999999));
#7472 = CARTESIAN_POINT('',(12.892746273003,53.349992960619,
    101.4721940647));
#7473 = CARTESIAN_POINT('',(6.784632028368,49.951754309152,
    101.94449993064));
#7474 = CARTESIAN_POINT('',(2.844948411037,43.160696257379,
    102.41657260157));
#7475 = CARTESIAN_POINT('',(3.191610751587,34.558438592643,
    102.88896601121));
#7476 = CARTESIAN_POINT('',(8.686051448642,27.397142053291,
    103.36105832766));
#7477 = CARTESIAN_POINT('',(16.906065488041,24.836469390781,
    103.8333467154));
#7478 = CARTESIAN_POINT('',(24.485072034074,26.883807637238,
    104.30554771287));
#7479 = CARTESIAN_POINT('',(29.348524600838,31.904489382943,
    104.77777229309));
#7480 = CARTESIAN_POINT('',(32.509840663931,43.702681885483,
    105.72221825004));
#7481 = CARTESIAN_POINT('',(30.808309102194,50.482445359337,
    106.19444283024));
#7482 = CARTESIAN_POINT('',(25.268357998472,56.044999600973,
    106.6666438278));
#7483 = CARTESIAN_POINT('',(16.869290394828,57.937383279171,
    107.13893221529));
#7484 = CARTESIAN_POINT('',(8.530320254153,54.482770586458,
    107.61102453215));
#7485 = CARTESIAN_POINT('',(3.928948992172,47.206280677951,
    108.08341794135));
#7486 = CARTESIAN_POINT('',(3.94531873855,39.355257849617,
    108.55549061259));
#7487 = CARTESIAN_POINT('',(7.535961327302,33.358208267907,
    109.0277964784));
#7488 = CARTESIAN_POINT('',(12.825001937748,30.304587874496,
    109.49999054313));
#7489 = PCURVE('',#4061,#7490);
#7490 = DEFINITIONAL_REPRESENTATION('',(#7491),#7494);
#7491 = B_SPLINE_CURVE_WITH_KNOTS('',1,(#7492,#7493),.UNSPECIFIED.,.F.,
  .F.,(2,2),(0.,49.231045633669),.PIECEWISE_BEZIER_KNOTS.);
#7492 = CARTESIAN_POINT('',(0.,0.));
#7493 = CARTESIAN_POINT('',(0.,49.231045633669));
#7494 = ( GEOMETRIC_REPRESENTATION_CONTEXT(2) 
PARAMETRIC_REPRESENTATION_CONTEXT() REPRESENTATION_CONTEXT('2D SPACE',''
  ) );
#7495 = PCURVE('',#7190,#7496);
#7496 = DEFINITIONAL_REPRESENTATION('',(#7497),#7501);
#7497 = LINE('',#7498,#7499);
#7498 = CARTESIAN_POINT('',(2.914515397111,0.));
#7499 = VECTOR('',#7500,1.);
#7500 = DIRECTION('',(0.,1.));
#7501 = ( GEOMETRIC_REPRESENTATION_CONTEXT(2) 
PARAMETRIC_REPRESENTATION_CONTEXT() REPRESENTATION_CONTEXT('2D SPACE',''
  ) );
#7502 = ORIENTED_EDGE('',*,*,#7503,.F.);
#7503 = EDGE_CURVE('',#7504,#7416,#7506,.T.);
#7504 = VERTEX_POINT('',#7505);
#7505 = CARTESIAN_POINT('',(31.35,41.,76.3));
#7506 = SURFACE_CURVE('',#7507,(#7534,#7564),.PCURVE_S1.);
#7507 = B_SPLINE_CURVE_WITH_KNOTS('',5,(#7508,#7509,#7510,#7511,#7512,
    #7513,#7514,#7515,#7516,#7517,#7518,#7519,#7520,#7521,#7522,#7523,
    #7524,#7525,#7526,#7527,#7528,#7529,#7530,#7531,#7532,#7533),
  .UNSPECIFIED.,.F.,.F.,(6,4,4,4,4,4,6),(0.,4.625375903769E-02,
    7.875746409574E-02,0.112511452968,0.38376845931,0.692499982922,1.),
  .UNSPECIFIED.);
#7508 = CARTESIAN_POINT('',(31.35,41.,76.3));
#7509 = CARTESIAN_POINT('',(31.350000066182,41.095712310163,
    76.299999933813));
#7510 = CARTESIAN_POINT('',(31.349072744854,41.191424636819,
    76.300000043962));
#7511 = CARTESIAN_POINT('',(31.347218075359,41.287124993464,
    76.300000290566));
#7512 = CARTESIAN_POINT('',(31.344436322663,41.382801400536,
    76.30000064039));
#7513 = CARTESIAN_POINT('',(31.338122027819,41.545650911801,
    76.30000136653));
#7514 = CARTESIAN_POINT('',(31.335058505193,41.612842199354,
    76.300001704004));
#7515 = CARTESIAN_POINT('',(31.331537579768,41.680011593573,
    76.300002069984));
#7516 = CARTESIAN_POINT('',(31.327559477068,41.7471549433,
    76.300002456485));
#7517 = CARTESIAN_POINT('',(31.318518882463,41.883962825198,
    76.300003272559));
#7518 = CARTESIAN_POINT('',(31.313420564672,41.953624990187,
    76.30000370319));
#7519 = CARTESIAN_POINT('',(31.307829838907,42.023249950533,
    76.30000414123));
#7520 = CARTESIAN_POINT('',(31.301747083966,42.092833066636,
    76.300004580428));
#7521 = CARTESIAN_POINT('',(31.242339400845,42.721186627503,
    76.300008514309));
#7522 = CARTESIAN_POINT('',(31.157757802302,43.277006216766,
    76.300011737569));
#7523 = CARTESIAN_POINT('',(31.041659554507,43.827411240747,
    76.300012222268));
#7524 = CARTESIAN_POINT('',(30.894541683218,44.370039226733,
    76.300011364232));
#7525 = CARTESIAN_POINT('',(30.515294550348,45.508705264663,
    76.30000819162));
#7526 = CARTESIAN_POINT('',(30.274224077736,46.101778694492,
    76.30000570362));
#7527 = CARTESIAN_POINT('',(29.995091705714,46.678404687938,
    76.300003812555));
#7528 = CARTESIAN_POINT('',(29.67944778596,47.235378850367,
    76.300003226158));
#7529 = CARTESIAN_POINT('',(28.980463436279,48.301892674188,
    76.30000394902));
#7530 = CARTESIAN_POINT('',(28.597388999344,48.811626511005,
    76.300005267154));
#7531 = CARTESIAN_POINT('',(28.181977132809,49.295940626554,
    76.300007273799));
#7532 = CARTESIAN_POINT('',(27.736518559312,49.7521657348,
    76.300009040225));
#7533 = CARTESIAN_POINT('',(27.263645477262,50.177930844162,
    76.300010074737));
#7534 = PCURVE('',#4061,#7535);
#7535 = DEFINITIONAL_REPRESENTATION('',(#7536),#7563);
#7536 = B_SPLINE_CURVE_WITH_KNOTS('',5,(#7537,#7538,#7539,#7540,#7541,
    #7542,#7543,#7544,#7545,#7546,#7547,#7548,#7549,#7550,#7551,#7552,
    #7553,#7554,#7555,#7556,#7557,#7558,#7559,#7560,#7561,#7562),
  .UNSPECIFIED.,.F.,.F.,(6,4,4,4,4,4,6),(0.,4.625375903769E-02,
    7.875746409574E-02,0.112511452968,0.38376845931,0.692499982922,1.),
  .UNSPECIFIED.);
#7537 = CARTESIAN_POINT('',(0.7999999999,1.448045673441E-10));
#7538 = CARTESIAN_POINT('',(0.792599753554,1.071589225877E-02));
#7539 = CARTESIAN_POINT('',(0.78519967002,2.143175977716E-02));
#7540 = CARTESIAN_POINT('',(0.777799707881,3.21476076884E-02));
#7541 = CARTESIAN_POINT('',(0.770399832804,4.286344017224E-02));
#7542 = CARTESIAN_POINT('',(0.757799977193,6.110954297855E-02));
#7543 = CARTESIAN_POINT('',(0.752599966287,6.863981947235E-02));
#7544 = CARTESIAN_POINT('',(0.747399975234,7.617009134844E-02));
#7545 = CARTESIAN_POINT('',(0.742199995802,8.370035976047E-02));
#7546 = CARTESIAN_POINT('',(0.731600024784,9.90505500897E-02));
#7547 = CARTESIAN_POINT('',(0.726200033537,0.106870471827));
#7548 = CARTESIAN_POINT('',(0.720800039664,0.114690392123));
#7549 = CARTESIAN_POINT('',(0.715400036748,0.122510312023));
#7550 = CARTESIAN_POINT('',(0.666603890285,0.193173418538));
#7551 = CARTESIAN_POINT('',(0.623206479385,0.256017131398));
#7552 = CARTESIAN_POINT('',(0.579806241783,0.318860435501));
#7553 = CARTESIAN_POINT('',(0.53640345601,0.38170517418));
#7554 = CARTESIAN_POINT('',(0.443600235183,0.516076608168));
#7555 = CARTESIAN_POINT('',(0.394198520878,0.587604855346));
#7556 = CARTESIAN_POINT('',(0.344798373773,0.659131689973));
#7557 = CARTESIAN_POINT('',(0.295398303575,0.73066036612));
#7558 = CARTESIAN_POINT('',(0.196798710581,0.873430259516));
#7559 = CARTESIAN_POINT('',(0.147597907713,0.944673342313));
#7560 = CARTESIAN_POINT('',(9.839929189127E-02,1.015914370039));
#7561 = CARTESIAN_POINT('',(4.919955490472E-02,1.087156767316));
#7562 = CARTESIAN_POINT('',(0.,1.158397911498));
#7563 = ( GEOMETRIC_REPRESENTATION_CONTEXT(2) 
PARAMETRIC_REPRESENTATION_CONTEXT() REPRESENTATION_CONTEXT('2D SPACE',''
  ) );
#7564 = PCURVE('',#7565,#7570);
#7565 = CONICAL_SURFACE('',#7566,12.65,0.785398163397);
#7566 = AXIS2_PLACEMENT_3D('',#7567,#7568,#7569);
#7567 = CARTESIAN_POINT('',(19.,41.,76.));
#7568 = DIRECTION('',(-1.110223024625E-16,-0.,-1.));
#7569 = DIRECTION('',(1.,0.,-1.110223024625E-16));
#7570 = DEFINITIONAL_REPRESENTATION('',(#7571),#7598);
#7571 = B_SPLINE_CURVE_WITH_KNOTS('',5,(#7572,#7573,#7574,#7575,#7576,
    #7577,#7578,#7579,#7580,#7581,#7582,#7583,#7584,#7585,#7586,#7587,
    #7588,#7589,#7590,#7591,#7592,#7593,#7594,#7595,#7596,#7597),
  .UNSPECIFIED.,.F.,.F.,(6,4,4,4,4,4,6),(0.,4.625375903769E-02,
    7.875746409574E-02,0.112511452968,0.38376845931,0.692499982922,1.),
  .UNSPECIFIED.);
#7572 = CARTESIAN_POINT('',(0.,-0.3));
#7573 = CARTESIAN_POINT('',(-7.749984628609E-03,-0.299999933815));
#7574 = CARTESIAN_POINT('',(-1.54999704575E-02,-0.300000043962));
#7575 = CARTESIAN_POINT('',(-2.324995735142E-02,-0.300000290565));
#7576 = CARTESIAN_POINT('',(-3.099994517572E-02,-0.30000064039));
#7577 = CARTESIAN_POINT('',(-4.419604995128E-02,-0.30000136653));
#7578 = CARTESIAN_POINT('',(-4.964216650947E-02,-0.300001704004));
#7579 = CARTESIAN_POINT('',(-5.508828342484E-02,-0.300002069984));
#7580 = CARTESIAN_POINT('',(-6.053440065221E-02,-0.300002456485));
#7581 = CARTESIAN_POINT('',(-7.163612537709E-02,-0.300003272559));
#7582 = CARTESIAN_POINT('',(-7.729173290208E-02,-0.30000370319));
#7583 = CARTESIAN_POINT('',(-8.29473406721E-02,-0.30000414123));
#7584 = CARTESIAN_POINT('',(-8.860294863917E-02,-0.300004580428));
#7585 = CARTESIAN_POINT('',(-0.139708691052,-0.300008514309));
#7586 = CARTESIAN_POINT('',(-0.185159191441,-0.300011737569));
#7587 = CARTESIAN_POINT('',(-0.230609011234,-0.300012222268));
#7588 = CARTESIAN_POINT('',(-0.276059470653,-0.300011364232));
#7589 = CARTESIAN_POINT('',(-0.37323865459,-0.30000819162));
#7590 = CARTESIAN_POINT('',(-0.424968405936,-0.30000570362));
#7591 = CARTESIAN_POINT('',(-0.476696845998,-0.300003812555));
#7592 = CARTESIAN_POINT('',(-0.528426583411,-0.300003226158));
#7593 = CARTESIAN_POINT('',(-0.631678366437,-0.30000394902));
#7594 = CARTESIAN_POINT('',(-0.683201761013,-0.300005267154));
#7595 = CARTESIAN_POINT('',(-0.734723914372,-0.300007273799));
#7596 = CARTESIAN_POINT('',(-0.786247343469,-0.300009040225));
#7597 = CARTESIAN_POINT('',(-0.837770110187,-0.300010074737));
#7598 = ( GEOMETRIC_REPRESENTATION_CONTEXT(2) 
PARAMETRIC_REPRESENTATION_CONTEXT() REPRESENTATION_CONTEXT('2D SPACE',''
  ) );
#7599 = ORIENTED_EDGE('',*,*,#7600,.T.);
#7600 = EDGE_CURVE('',#7504,#5787,#7601,.T.);
#7601 = SURFACE_CURVE('',#7602,(#7605,#7612),.PCURVE_S1.);
#7602 = B_SPLINE_CURVE_WITH_KNOTS('',1,(#7603,#7604),.UNSPECIFIED.,.F.,
  .F.,(2,2),(0.,1.),.PIECEWISE_BEZIER_KNOTS.);
#7603 = CARTESIAN_POINT('',(31.35,41.,75.5));
#7604 = CARTESIAN_POINT('',(31.35,41.,76.5));
#7605 = PCURVE('',#4061,#7606);
#7606 = DEFINITIONAL_REPRESENTATION('',(#7607),#7611);
#7607 = LINE('',#7608,#7609);
#7608 = CARTESIAN_POINT('',(0.,0.));
#7609 = VECTOR('',#7610,1.);
#7610 = DIRECTION('',(1.,0.));
#7611 = ( GEOMETRIC_REPRESENTATION_CONTEXT(2) 
PARAMETRIC_REPRESENTATION_CONTEXT() REPRESENTATION_CONTEXT('2D SPACE',''
  ) );
#7612 = PCURVE('',#5889,#7613);
#7613 = DEFINITIONAL_REPRESENTATION('',(#7614),#7617);
#7614 = B_SPLINE_CURVE_WITH_KNOTS('',1,(#7615,#7616),.UNSPECIFIED.,.F.,
  .F.,(2,2),(0.,1.),.PIECEWISE_BEZIER_KNOTS.);
#7615 = CARTESIAN_POINT('',(0.5,1.418440186162));
#7616 = CARTESIAN_POINT('',(-0.5,1.418440186162));
#7617 = ( GEOMETRIC_REPRESENTATION_CONTEXT(2) 
PARAMETRIC_REPRESENTATION_CONTEXT() REPRESENTATION_CONTEXT('2D SPACE',''
  ) );
#7618 = ORIENTED_EDGE('',*,*,#5786,.T.);
#7619 = ORIENTED_EDGE('',*,*,#3987,.T.);
#7620 = ORIENTED_EDGE('',*,*,#7392,.F.);
#7621 = ADVANCED_FACE('',(#7622),#4402,.T.);
#7622 = FACE_BOUND('',#7623,.T.);
#7623 = EDGE_LOOP('',(#7624,#7625,#7626,#7627,#7628,#7649,#7670,#7689));
#7624 = ORIENTED_EDGE('',*,*,#4751,.F.);
#7625 = ORIENTED_EDGE('',*,*,#4850,.F.);
#7626 = ORIENTED_EDGE('',*,*,#4800,.T.);
#7627 = ORIENTED_EDGE('',*,*,#4476,.T.);
#7628 = ORIENTED_EDGE('',*,*,#7629,.T.);
#7629 = EDGE_CURVE('',#4456,#7630,#7632,.T.);
#7630 = VERTEX_POINT('',#7631);
#7631 = CARTESIAN_POINT('',(22.,9.8,29.));
#7632 = SURFACE_CURVE('',#7633,(#7637,#7643),.PCURVE_S1.);
#7633 = LINE('',#7634,#7635);
#7634 = CARTESIAN_POINT('',(22.,9.8,18.5));
#7635 = VECTOR('',#7636,1.);
#7636 = DIRECTION('',(-2.22044604925E-16,0.,-1.));
#7637 = PCURVE('',#4402,#7638);
#7638 = DEFINITIONAL_REPRESENTATION('',(#7639),#7642);
#7639 = B_SPLINE_CURVE_WITH_KNOTS('',1,(#7640,#7641),.UNSPECIFIED.,.F.,
  .F.,(2,2),(-89.5,-10.5),.PIECEWISE_BEZIER_KNOTS.);
#7640 = CARTESIAN_POINT('',(100.,5.8));
#7641 = CARTESIAN_POINT('',(21.,5.8));
#7642 = ( GEOMETRIC_REPRESENTATION_CONTEXT(2) 
PARAMETRIC_REPRESENTATION_CONTEXT() REPRESENTATION_CONTEXT('2D SPACE',''
  ) );
#7643 = PCURVE('',#5622,#7644);
#7644 = DEFINITIONAL_REPRESENTATION('',(#7645),#7648);
#7645 = B_SPLINE_CURVE_WITH_KNOTS('',1,(#7646,#7647),.UNSPECIFIED.,.F.,
  .F.,(2,2),(-89.5,-10.5),.PIECEWISE_BEZIER_KNOTS.);
#7646 = CARTESIAN_POINT('',(4.1,79.));
#7647 = CARTESIAN_POINT('',(4.1,0.));
#7648 = ( GEOMETRIC_REPRESENTATION_CONTEXT(2) 
PARAMETRIC_REPRESENTATION_CONTEXT() REPRESENTATION_CONTEXT('2D SPACE',''
  ) );
#7649 = ORIENTED_EDGE('',*,*,#7650,.T.);
#7650 = EDGE_CURVE('',#7630,#7651,#7653,.T.);
#7651 = VERTEX_POINT('',#7652);
#7652 = CARTESIAN_POINT('',(22.,16.2,29.));
#7653 = SURFACE_CURVE('',#7654,(#7658,#7664),.PCURVE_S1.);
#7654 = LINE('',#7655,#7656);
#7655 = CARTESIAN_POINT('',(22.,6.9,29.));
#7656 = VECTOR('',#7657,1.);
#7657 = DIRECTION('',(-0.,1.,0.));
#7658 = PCURVE('',#4402,#7659);
#7659 = DEFINITIONAL_REPRESENTATION('',(#7660),#7663);
#7660 = B_SPLINE_CURVE_WITH_KNOTS('',1,(#7661,#7662),.UNSPECIFIED.,.F.,
  .F.,(2,2),(2.9,9.3),.PIECEWISE_BEZIER_KNOTS.);
#7661 = CARTESIAN_POINT('',(21.,5.8));
#7662 = CARTESIAN_POINT('',(21.,12.2));
#7663 = ( GEOMETRIC_REPRESENTATION_CONTEXT(2) 
PARAMETRIC_REPRESENTATION_CONTEXT() REPRESENTATION_CONTEXT('2D SPACE',''
  ) );
#7664 = PCURVE('',#5648,#7665);
#7665 = DEFINITIONAL_REPRESENTATION('',(#7666),#7669);
#7666 = B_SPLINE_CURVE_WITH_KNOTS('',1,(#7667,#7668),.UNSPECIFIED.,.F.,
  .F.,(2,2),(2.9,9.3),.PIECEWISE_BEZIER_KNOTS.);
#7667 = CARTESIAN_POINT('',(4.1,0.));
#7668 = CARTESIAN_POINT('',(4.1,-6.4));
#7669 = ( GEOMETRIC_REPRESENTATION_CONTEXT(2) 
PARAMETRIC_REPRESENTATION_CONTEXT() REPRESENTATION_CONTEXT('2D SPACE',''
  ) );
#7670 = ORIENTED_EDGE('',*,*,#7671,.F.);
#7671 = EDGE_CURVE('',#4387,#7651,#7672,.T.);
#7672 = SURFACE_CURVE('',#7673,(#7677,#7683),.PCURVE_S1.);
#7673 = LINE('',#7674,#7675);
#7674 = CARTESIAN_POINT('',(22.,16.2,18.5));
#7675 = VECTOR('',#7676,1.);
#7676 = DIRECTION('',(-2.22044604925E-16,0.,-1.));
#7677 = PCURVE('',#4402,#7678);
#7678 = DEFINITIONAL_REPRESENTATION('',(#7679),#7682);
#7679 = B_SPLINE_CURVE_WITH_KNOTS('',1,(#7680,#7681),.UNSPECIFIED.,.F.,
  .F.,(2,2),(-89.5,-10.5),.PIECEWISE_BEZIER_KNOTS.);
#7680 = CARTESIAN_POINT('',(100.,12.2));
#7681 = CARTESIAN_POINT('',(21.,12.2));
#7682 = ( GEOMETRIC_REPRESENTATION_CONTEXT(2) 
PARAMETRIC_REPRESENTATION_CONTEXT() REPRESENTATION_CONTEXT('2D SPACE',''
  ) );
#7683 = PCURVE('',#5672,#7684);
#7684 = DEFINITIONAL_REPRESENTATION('',(#7685),#7688);
#7685 = B_SPLINE_CURVE_WITH_KNOTS('',1,(#7686,#7687),.UNSPECIFIED.,.F.,
  .F.,(2,2),(-89.5,-10.5),.PIECEWISE_BEZIER_KNOTS.);
#7686 = CARTESIAN_POINT('',(4.1,79.));
#7687 = CARTESIAN_POINT('',(4.1,0.));
#7688 = ( GEOMETRIC_REPRESENTATION_CONTEXT(2) 
PARAMETRIC_REPRESENTATION_CONTEXT() REPRESENTATION_CONTEXT('2D SPACE',''
  ) );
#7689 = ORIENTED_EDGE('',*,*,#4386,.T.);
#7690 = ADVANCED_FACE('',(#7691),#4893,.F.);
#7691 = FACE_BOUND('',#7692,.F.);
#7692 = EDGE_LOOP('',(#7693,#7694,#7695));
#7693 = ORIENTED_EDGE('',*,*,#4876,.T.);
#7694 = ORIENTED_EDGE('',*,*,#4907,.T.);
#7695 = ORIENTED_EDGE('',*,*,#4932,.T.);
#7696 = ADVANCED_FACE('',(#7697),#5002,.T.);
#7697 = FACE_BOUND('',#7698,.T.);
#7698 = EDGE_LOOP('',(#7699,#7700,#7701,#7702));
#7699 = ORIENTED_EDGE('',*,*,#5089,.F.);
#7700 = ORIENTED_EDGE('',*,*,#4986,.T.);
#7701 = ORIENTED_EDGE('',*,*,#5040,.T.);
#7702 = ORIENTED_EDGE('',*,*,#5138,.F.);
#7703 = ADVANCED_FACE('',(#7704),#5226,.F.);
#7704 = FACE_BOUND('',#7705,.F.);
#7705 = EDGE_LOOP('',(#7706,#7707,#7708,#7729));
#7706 = ORIENTED_EDGE('',*,*,#5316,.T.);
#7707 = ORIENTED_EDGE('',*,*,#5213,.T.);
#7708 = ORIENTED_EDGE('',*,*,#7709,.T.);
#7709 = EDGE_CURVE('',#5188,#5366,#7710,.T.);
#7710 = SURFACE_CURVE('',#7711,(#7715,#7722),.PCURVE_S1.);
#7711 = LINE('',#7712,#7713);
#7712 = CARTESIAN_POINT('',(26.1,72.2,29.));
#7713 = VECTOR('',#7714,1.);
#7714 = DIRECTION('',(-1.,0.,2.22044604925E-16));
#7715 = PCURVE('',#5226,#7716);
#7716 = DEFINITIONAL_REPRESENTATION('',(#7717),#7721);
#7717 = LINE('',#7718,#7719);
#7718 = CARTESIAN_POINT('',(0.,0.));
#7719 = VECTOR('',#7720,1.);
#7720 = DIRECTION('',(1.,0.));
#7721 = ( GEOMETRIC_REPRESENTATION_CONTEXT(2) 
PARAMETRIC_REPRESENTATION_CONTEXT() REPRESENTATION_CONTEXT('2D SPACE',''
  ) );
#7722 = PCURVE('',#5202,#7723);
#7723 = DEFINITIONAL_REPRESENTATION('',(#7724),#7728);
#7724 = LINE('',#7725,#7726);
#7725 = CARTESIAN_POINT('',(0.,-6.4));
#7726 = VECTOR('',#7727,1.);
#7727 = DIRECTION('',(1.,0.));
#7728 = ( GEOMETRIC_REPRESENTATION_CONTEXT(2) 
PARAMETRIC_REPRESENTATION_CONTEXT() REPRESENTATION_CONTEXT('2D SPACE',''
  ) );
#7729 = ORIENTED_EDGE('',*,*,#5386,.F.);
#7730 = ADVANCED_FACE('',(#7731),#5202,.T.);
#7731 = FACE_BOUND('',#7732,.T.);
#7732 = EDGE_LOOP('',(#7733,#7754,#7755,#7756));
#7733 = ORIENTED_EDGE('',*,*,#7734,.F.);
#7734 = EDGE_CURVE('',#5162,#5345,#7735,.T.);
#7735 = SURFACE_CURVE('',#7736,(#7740,#7747),.PCURVE_S1.);
#7736 = LINE('',#7737,#7738);
#7737 = CARTESIAN_POINT('',(26.1,65.8,29.));
#7738 = VECTOR('',#7739,1.);
#7739 = DIRECTION('',(-1.,0.,2.22044604925E-16));
#7740 = PCURVE('',#5202,#7741);
#7741 = DEFINITIONAL_REPRESENTATION('',(#7742),#7746);
#7742 = LINE('',#7743,#7744);
#7743 = CARTESIAN_POINT('',(0.,0.));
#7744 = VECTOR('',#7745,1.);
#7745 = DIRECTION('',(1.,0.));
#7746 = ( GEOMETRIC_REPRESENTATION_CONTEXT(2) 
PARAMETRIC_REPRESENTATION_CONTEXT() REPRESENTATION_CONTEXT('2D SPACE',''
  ) );
#7747 = PCURVE('',#5176,#7748);
#7748 = DEFINITIONAL_REPRESENTATION('',(#7749),#7753);
#7749 = LINE('',#7750,#7751);
#7750 = CARTESIAN_POINT('',(0.,0.));
#7751 = VECTOR('',#7752,1.);
#7752 = DIRECTION('',(1.,0.));
#7753 = ( GEOMETRIC_REPRESENTATION_CONTEXT(2) 
PARAMETRIC_REPRESENTATION_CONTEXT() REPRESENTATION_CONTEXT('2D SPACE',''
  ) );
#7754 = ORIENTED_EDGE('',*,*,#5187,.T.);
#7755 = ORIENTED_EDGE('',*,*,#7709,.T.);
#7756 = ORIENTED_EDGE('',*,*,#5365,.F.);
#7757 = ADVANCED_FACE('',(#7758),#5176,.T.);
#7758 = FACE_BOUND('',#7759,.T.);
#7759 = EDGE_LOOP('',(#7760,#7761,#7762,#7763));
#7760 = ORIENTED_EDGE('',*,*,#5263,.T.);
#7761 = ORIENTED_EDGE('',*,*,#5161,.T.);
#7762 = ORIENTED_EDGE('',*,*,#7734,.T.);
#7763 = ORIENTED_EDGE('',*,*,#5344,.F.);
#7764 = ADVANCED_FACE('',(#7765),#5448,.T.);
#7765 = FACE_BOUND('',#7766,.T.);
#7766 = EDGE_LOOP('',(#7767,#7768,#7769,#7770));
#7767 = ORIENTED_EDGE('',*,*,#5535,.F.);
#7768 = ORIENTED_EDGE('',*,*,#5432,.T.);
#7769 = ORIENTED_EDGE('',*,*,#5486,.T.);
#7770 = ORIENTED_EDGE('',*,*,#5584,.F.);
#7771 = ADVANCED_FACE('',(#7772),#5672,.F.);
#7772 = FACE_BOUND('',#7773,.F.);
#7773 = EDGE_LOOP('',(#7774,#7775,#7776,#7797));
#7774 = ORIENTED_EDGE('',*,*,#5762,.T.);
#7775 = ORIENTED_EDGE('',*,*,#5659,.T.);
#7776 = ORIENTED_EDGE('',*,*,#7777,.T.);
#7777 = EDGE_CURVE('',#5634,#7651,#7778,.T.);
#7778 = SURFACE_CURVE('',#7779,(#7783,#7790),.PCURVE_S1.);
#7779 = LINE('',#7780,#7781);
#7780 = CARTESIAN_POINT('',(26.1,16.2,29.));
#7781 = VECTOR('',#7782,1.);
#7782 = DIRECTION('',(-1.,0.,2.22044604925E-16));
#7783 = PCURVE('',#5672,#7784);
#7784 = DEFINITIONAL_REPRESENTATION('',(#7785),#7789);
#7785 = LINE('',#7786,#7787);
#7786 = CARTESIAN_POINT('',(0.,0.));
#7787 = VECTOR('',#7788,1.);
#7788 = DIRECTION('',(1.,0.));
#7789 = ( GEOMETRIC_REPRESENTATION_CONTEXT(2) 
PARAMETRIC_REPRESENTATION_CONTEXT() REPRESENTATION_CONTEXT('2D SPACE',''
  ) );
#7790 = PCURVE('',#5648,#7791);
#7791 = DEFINITIONAL_REPRESENTATION('',(#7792),#7796);
#7792 = LINE('',#7793,#7794);
#7793 = CARTESIAN_POINT('',(0.,-6.4));
#7794 = VECTOR('',#7795,1.);
#7795 = DIRECTION('',(1.,0.));
#7796 = ( GEOMETRIC_REPRESENTATION_CONTEXT(2) 
PARAMETRIC_REPRESENTATION_CONTEXT() REPRESENTATION_CONTEXT('2D SPACE',''
  ) );
#7797 = ORIENTED_EDGE('',*,*,#7671,.F.);
#7798 = ADVANCED_FACE('',(#7799),#5648,.T.);
#7799 = FACE_BOUND('',#7800,.T.);
#7800 = EDGE_LOOP('',(#7801,#7822,#7823,#7824));
#7801 = ORIENTED_EDGE('',*,*,#7802,.F.);
#7802 = EDGE_CURVE('',#5608,#7630,#7803,.T.);
#7803 = SURFACE_CURVE('',#7804,(#7808,#7815),.PCURVE_S1.);
#7804 = LINE('',#7805,#7806);
#7805 = CARTESIAN_POINT('',(26.1,9.8,29.));
#7806 = VECTOR('',#7807,1.);
#7807 = DIRECTION('',(-1.,0.,2.22044604925E-16));
#7808 = PCURVE('',#5648,#7809);
#7809 = DEFINITIONAL_REPRESENTATION('',(#7810),#7814);
#7810 = LINE('',#7811,#7812);
#7811 = CARTESIAN_POINT('',(0.,0.));
#7812 = VECTOR('',#7813,1.);
#7813 = DIRECTION('',(1.,0.));
#7814 = ( GEOMETRIC_REPRESENTATION_CONTEXT(2) 
PARAMETRIC_REPRESENTATION_CONTEXT() REPRESENTATION_CONTEXT('2D SPACE',''
  ) );
#7815 = PCURVE('',#5622,#7816);
#7816 = DEFINITIONAL_REPRESENTATION('',(#7817),#7821);
#7817 = LINE('',#7818,#7819);
#7818 = CARTESIAN_POINT('',(0.,0.));
#7819 = VECTOR('',#7820,1.);
#7820 = DIRECTION('',(1.,0.));
#7821 = ( GEOMETRIC_REPRESENTATION_CONTEXT(2) 
PARAMETRIC_REPRESENTATION_CONTEXT() REPRESENTATION_CONTEXT('2D SPACE',''
  ) );
#7822 = ORIENTED_EDGE('',*,*,#5633,.T.);
#7823 = ORIENTED_EDGE('',*,*,#7777,.T.);
#7824 = ORIENTED_EDGE('',*,*,#7650,.F.);
#7825 = ADVANCED_FACE('',(#7826),#5622,.T.);
#7826 = FACE_BOUND('',#7827,.T.);
#7827 = EDGE_LOOP('',(#7828,#7829,#7830,#7831));
#7828 = ORIENTED_EDGE('',*,*,#5709,.T.);
#7829 = ORIENTED_EDGE('',*,*,#5607,.T.);
#7830 = ORIENTED_EDGE('',*,*,#7802,.T.);
#7831 = ORIENTED_EDGE('',*,*,#7629,.F.);
#7832 = ADVANCED_FACE('',(#7833),#6903,.F.);
#7833 = FACE_BOUND('',#7834,.F.);
#7834 = EDGE_LOOP('',(#7835,#7836,#8066,#8087));
#7835 = ORIENTED_EDGE('',*,*,#7345,.T.);
#7836 = ORIENTED_EDGE('',*,*,#7837,.F.);
#7837 = EDGE_CURVE('',#7838,#7157,#7840,.T.);
#7838 = VERTEX_POINT('',#7839);
#7839 = CARTESIAN_POINT('',(8.65,41.,100.61319412252));
#7840 = SURFACE_CURVE('',#7841,(#7914,#7990),.PCURVE_S1.);
#7841 = B_SPLINE_CURVE_WITH_KNOTS('',8,(#7842,#7843,#7844,#7845,#7846,
    #7847,#7848,#7849,#7850,#7851,#7852,#7853,#7854,#7855,#7856,#7857,
    #7858,#7859,#7860,#7861,#7862,#7863,#7864,#7865,#7866,#7867,#7868,
    #7869,#7870,#7871,#7872,#7873,#7874,#7875,#7876,#7877,#7878,#7879,
    #7880,#7881,#7882,#7883,#7884,#7885,#7886,#7887,#7888,#7889,#7890,
    #7891,#7892,#7893,#7894,#7895,#7896,#7897,#7898,#7899,#7900,#7901,
    #7902,#7903,#7904,#7905,#7906,#7907,#7908,#7909,#7910,#7911,#7912,
    #7913),.UNSPECIFIED.,.F.,.F.,(9,7,7,7,7,7,7,7,7,7,9),(0.,
    0.11974056421,0.25920350387,0.417811211979,0.450811836296,
    0.501828573979,0.554983230829,0.650680973825,0.808839629393,
    0.889587309937,1.),.UNSPECIFIED.);
#7842 = CARTESIAN_POINT('',(8.65,41.,100.61319412252));
#7843 = CARTESIAN_POINT('',(8.65,40.026919095668,100.70297565963));
#7844 = CARTESIAN_POINT('',(8.75455622982,39.053293499691,
    100.79281151641));
#7845 = CARTESIAN_POINT('',(8.963872548958,38.093060276935,
    100.8826253896));
#7846 = CARTESIAN_POINT('',(9.275687822197,37.159308349412,
    100.97242103317));
#7847 = CARTESIAN_POINT('',(9.686080070353,36.264496091571,
    101.06221440948));
#7848 = CARTESIAN_POINT('',(10.189396078281,35.420398835767,
    101.15202243361));
#7849 = CARTESIAN_POINT('',(10.778338595915,34.638106566234,
    101.24185082307));
#7850 = CARTESIAN_POINT('',(12.217723406597,33.100142725799,
    101.43619249901));
#7851 = CARTESIAN_POINT('',(13.096490517093,32.368763992372,
    101.54085347255));
#7852 = CARTESIAN_POINT('',(14.064586910198,31.750213429637,
    101.6454543079));
#7853 = CARTESIAN_POINT('',(15.104763993567,31.256572757856,
    101.75001860885));
#7854 = CARTESIAN_POINT('',(16.198563388676,30.89709565302,
    101.85458932039));
#7855 = CARTESIAN_POINT('',(17.326240336469,30.677786921311,
    101.95920335694));
#7856 = CARTESIAN_POINT('',(18.466994612023,30.601781611406,
    102.0638778294));
#7857 = CARTESIAN_POINT('',(20.885277026426,30.741849689686,
    102.28738468212));
#7858 = CARTESIAN_POINT('',(22.163549558061,30.99965202048,
    102.40650762231));
#7859 = CARTESIAN_POINT('',(23.399447788423,31.439788922784,
    102.52550977737));
#7860 = CARTESIAN_POINT('',(24.563368235754,32.05288044146,
    102.64444319787));
#7861 = CARTESIAN_POINT('',(25.628057331785,32.825552973305,
    102.7633686686));
#7862 = CARTESIAN_POINT('',(26.569474423935,33.739275661428,
    102.88238058692));
#7863 = CARTESIAN_POINT('',(27.366111401365,34.77167078173,
    103.00150760998));
#7864 = CARTESIAN_POINT('',(28.134486007906,36.126029448617,
    103.14517504122));
#7865 = CARTESIAN_POINT('',(28.25990833502,36.363194541175,
    103.16991689403));
#7866 = CARTESIAN_POINT('',(28.378286110847,36.604036236774,
    103.19465785915));
#7867 = CARTESIAN_POINT('',(28.489497575584,36.848317680382,
    103.21939865759));
#7868 = CARTESIAN_POINT('',(28.593429245441,37.095793015076,
    103.24413968924));
#7869 = CARTESIAN_POINT('',(28.689975912642,37.346207382039,
    103.26888103286));
#7870 = CARTESIAN_POINT('',(28.779040645429,37.599296920568,
    103.29362244611));
#7871 = CARTESIAN_POINT('',(28.986519231787,38.249761918844,
    103.35661115695));
#7872 = CARTESIAN_POINT('',(29.094417597418,38.650487094858,
    103.39485881671));
#7873 = CARTESIAN_POINT('',(29.183926903148,39.056005568155,
    103.43311308725));
#7874 = CARTESIAN_POINT('',(29.254804976403,39.465343864259,
    103.47136437306));
#7875 = CARTESIAN_POINT('',(29.306868831499,39.877509560678,
    103.50961433088));
#7876 = CARTESIAN_POINT('',(29.339996803751,40.291492975797,
    103.54786729167));
#7877 = CARTESIAN_POINT('',(29.354133307598,40.706269098724,
    103.58611762446));
#7878 = CARTESIAN_POINT('',(29.344254113338,41.552690303214,
    103.66421548947));
#7879 = CARTESIAN_POINT('',(29.318614162843,41.98436857317,
    103.70406735054));
#7880 = CARTESIAN_POINT('',(29.272385158753,42.41466130907,
    103.74391916795));
#7881 = CARTESIAN_POINT('',(29.205658917724,42.842417088177,
    103.7837707859));
#7882 = CARTESIAN_POINT('',(29.118603124479,43.266500201304,
    103.82362269802));
#7883 = CARTESIAN_POINT('',(29.011458596844,43.685790671046,
    103.86347540689));
#7884 = CARTESIAN_POINT('',(28.884539840421,44.099184763406,
    103.90332890496));
#7885 = CARTESIAN_POINT('',(28.474843899798,45.237284233927,
    104.01493286258));
#7886 = CARTESIAN_POINT('',(28.148553368206,45.946536985033,
    104.0867021358));
#7887 = CARTESIAN_POINT('',(27.761673080938,46.626786236574,
    104.15846569793));
#7888 = CARTESIAN_POINT('',(27.317289396368,47.27201924459,
    104.23021922636));
#7889 = CARTESIAN_POINT('',(26.819125404382,47.876692243137,
    104.30196977563));
#7890 = CARTESIAN_POINT('',(26.27148613468,48.435707535195,
    104.37372612114));
#7891 = CARTESIAN_POINT('',(25.679292817456,48.944453962044,
    104.44548814551));
#7892 = CARTESIAN_POINT('',(24.005215960719,50.149986717217,
    104.63581098353));
#7893 = CARTESIAN_POINT('',(22.853963642566,50.754239010124,
    104.75457533573));
#7894 = CARTESIAN_POINT('',(21.621079211257,51.191250369517,
    104.87323007083));
#7895 = CARTESIAN_POINT('',(20.33519466461,51.449718783875,
    104.99183591849));
#7896 = CARTESIAN_POINT('',(19.025633351855,51.522878781805,
    105.11045200748));
#7897 = CARTESIAN_POINT('',(17.722475941691,51.409906305997,
    105.22912679504));
#7898 = CARTESIAN_POINT('',(16.456276614706,51.114539306072,
    105.34790889976));
#7899 = CARTESIAN_POINT('',(14.646141021335,50.412598202064,
    105.52703743337));
#7900 = CARTESIAN_POINT('',(14.051467191885,50.130997004839,
    105.58758461657));
#7901 = CARTESIAN_POINT('',(13.477766996671,49.806516262298,
    105.64812711655));
#7902 = CARTESIAN_POINT('',(12.928629848427,49.44100730927,
    105.7086651475));
#7903 = CARTESIAN_POINT('',(12.407421178068,49.036651177989,
    105.76920318259));
#7904 = CARTESIAN_POINT('',(11.917287728086,48.595942373695,
    105.82974542395));
#7905 = CARTESIAN_POINT('',(11.461139738547,48.121704685941,
    105.89029111535));
#7906 = CARTESIAN_POINT('',(10.467953868032,46.927206515053,
    106.03360888882));
#7907 = CARTESIAN_POINT('',(9.962439002034,46.180178866198,
    106.11642139929));
#7908 = CARTESIAN_POINT('',(9.532057238157,45.384283188333,106.199220718
    ));
#7909 = CARTESIAN_POINT('',(9.182144862004,44.548431997705,
    106.28201047726));
#7910 = CARTESIAN_POINT('',(8.916809715332,43.682009743401,
    106.36480311074));
#7911 = CARTESIAN_POINT('',(8.738895937339,42.794859238645,
    106.44760949093));
#7912 = CARTESIAN_POINT('',(8.65,41.897253307583,106.53043050388));
#7913 = CARTESIAN_POINT('',(8.65,41.,106.61321685486));
#7914 = PCURVE('',#6903,#7915);
#7915 = DEFINITIONAL_REPRESENTATION('',(#7916),#7989);
#7916 = B_SPLINE_CURVE_WITH_KNOTS('',8,(#7917,#7918,#7919,#7920,#7921,
    #7922,#7923,#7924,#7925,#7926,#7927,#7928,#7929,#7930,#7931,#7932,
    #7933,#7934,#7935,#7936,#7937,#7938,#7939,#7940,#7941,#7942,#7943,
    #7944,#7945,#7946,#7947,#7948,#7949,#7950,#7951,#7952,#7953,#7954,
    #7955,#7956,#7957,#7958,#7959,#7960,#7961,#7962,#7963,#7964,#7965,
    #7966,#7967,#7968,#7969,#7970,#7971,#7972,#7973,#7974,#7975,#7976,
    #7977,#7978,#7979,#7980,#7981,#7982,#7983,#7984,#7985,#7986,#7987,
    #7988),.UNSPECIFIED.,.F.,.F.,(9,7,7,7,7,7,7,7,7,7,9),(0.,
    0.11974056421,0.25920350387,0.417811211979,0.450811836296,
    0.501828573979,0.554983230829,0.650680973825,0.808839629393,
    0.889587309937,1.),.UNSPECIFIED.);
#7917 = CARTESIAN_POINT('',(0.,24.613194122522));
#7918 = CARTESIAN_POINT('',(9.401747867939E-02,24.702975659634));
#7919 = CARTESIAN_POINT('',(0.188087528841,24.792811516411));
#7920 = CARTESIAN_POINT('',(0.282130372816,24.882625389603));
#7921 = CARTESIAN_POINT('',(0.376151968748,24.972421033171));
#7922 = CARTESIAN_POINT('',(0.470173087681,25.062214409485));
#7923 = CARTESIAN_POINT('',(0.564214375506,25.152022433615));
#7924 = CARTESIAN_POINT('',(0.658282219469,25.241850823077));
#7925 = CARTESIAN_POINT('',(0.861804642149,25.436192499018));
#7926 = CARTESIAN_POINT('',(0.971415337255,25.540853472551));
#7927 = CARTESIAN_POINT('',(1.08096668217,25.645454307904));
#7928 = CARTESIAN_POINT('',(1.19047876295,25.75001860885));
#7929 = CARTESIAN_POINT('',(1.299989888474,25.854589320392));
#7930 = CARTESIAN_POINT('',(1.409538699018,25.959203356944));
#7931 = CARTESIAN_POINT('',(1.519147271413,26.063877829407));
#7932 = CARTESIAN_POINT('',(1.753189341285,26.287384682129));
#7933 = CARTESIAN_POINT('',(1.877926982171,26.406507622318));
#7934 = CARTESIAN_POINT('',(2.002543440586,26.525509777378));
#7935 = CARTESIAN_POINT('',(2.127095091901,26.644443197875));
#7936 = CARTESIAN_POINT('',(2.251646853355,26.763368668604));
#7937 = CARTESIAN_POINT('',(2.376262764121,26.882380586922));
#7938 = CARTESIAN_POINT('',(2.50100145617,27.001507609989));
#7939 = CARTESIAN_POINT('',(2.651449826,27.145175041229));
#7940 = CARTESIAN_POINT('',(2.677359883856,27.169916894036));
#7941 = CARTESIAN_POINT('',(2.703269614294,27.194657859158));
#7942 = CARTESIAN_POINT('',(2.72917981633,27.219398657599));
#7943 = CARTESIAN_POINT('',(2.755090812387,27.244139689246));
#7944 = CARTESIAN_POINT('',(2.781002448297,27.268881032869));
#7945 = CARTESIAN_POINT('',(2.806914093297,27.293622446119));
#7946 = CARTESIAN_POINT('',(2.872880596358,27.35661115695));
#7947 = CARTESIAN_POINT('',(2.912934998635,27.394858816714));
#7948 = CARTESIAN_POINT('',(2.952988633751,27.433113087251));
#7949 = CARTESIAN_POINT('',(2.993042686971,27.471364373064));
#7950 = CARTESIAN_POINT('',(3.03309784359,27.509614330884));
#7951 = CARTESIAN_POINT('',(3.073154075434,27.547867291671));
#7952 = CARTESIAN_POINT('',(3.113210393387,27.586117624465));
#7953 = CARTESIAN_POINT('',(3.194995790115,27.664215489478));
#7954 = CARTESIAN_POINT('',(3.236729901373,27.704067350541));
#7955 = CARTESIAN_POINT('',(3.278464139741,27.743919167957));
#7956 = CARTESIAN_POINT('',(3.320197910879,27.783770785901));
#7957 = CARTESIAN_POINT('',(3.361931442767,27.82362269802));
#7958 = CARTESIAN_POINT('',(3.403665185358,27.863475406891));
#7959 = CARTESIAN_POINT('',(3.445399234367,27.903328904961));
#7960 = CARTESIAN_POINT('',(3.562268360606,28.014932862588));
#7961 = CARTESIAN_POINT('',(3.637422313964,28.086702135808));
#7962 = CARTESIAN_POINT('',(3.712570027193,28.158465697934));
#7963 = CARTESIAN_POINT('',(3.787708851239,28.230219226361));
#7964 = CARTESIAN_POINT('',(3.86284737134,28.301969775634));
#7965 = CARTESIAN_POINT('',(3.937994610264,28.373726121143));
#7966 = CARTESIAN_POINT('',(4.013149163539,28.445488145516));
#7967 = CARTESIAN_POINT('',(4.212469873849,28.635810983536));
#7968 = CARTESIAN_POINT('',(4.336849404299,28.754575335738));
#7969 = CARTESIAN_POINT('',(4.461108886172,28.873230070834));
#7970 = CARTESIAN_POINT('',(4.585304317212,28.99183591849));
#7971 = CARTESIAN_POINT('',(4.709499720326,29.110452007488));
#7972 = CARTESIAN_POINT('',(4.833759144417,29.229126795044));
#7973 = CARTESIAN_POINT('',(4.958138677816,29.34790889976));
#7974 = CARTESIAN_POINT('',(5.14572048005,29.527037433373));
#7975 = CARTESIAN_POINT('',(5.209127032984,29.587584616578));
#7976 = CARTESIAN_POINT('',(5.272530806228,29.648127116553));
#7977 = CARTESIAN_POINT('',(5.335931633341,29.708665147506));
#7978 = CARTESIAN_POINT('',(5.399333468258,29.769203182591));
#7979 = CARTESIAN_POINT('',(5.462739802734,29.829745423952));
#7980 = CARTESIAN_POINT('',(5.526148987258,29.890291115358));
#7981 = CARTESIAN_POINT('',(5.676241930019,30.033608888822));
#7982 = CARTESIAN_POINT('',(5.762966911488,30.11642139929));
#7983 = CARTESIAN_POINT('',(5.849674322461,30.19922071801));
#7984 = CARTESIAN_POINT('',(5.936367566185,30.282010477267));
#7985 = CARTESIAN_POINT('',(6.023061021013,30.364803110746));
#7986 = CARTESIAN_POINT('',(6.109768980874,30.447609490931));
#7987 = CARTESIAN_POINT('',(6.19649416635,30.530430503884));
#7988 = CARTESIAN_POINT('',(6.28318530718,30.613216854864));
#7989 = ( GEOMETRIC_REPRESENTATION_CONTEXT(2) 
PARAMETRIC_REPRESENTATION_CONTEXT() REPRESENTATION_CONTEXT('2D SPACE',''
  ) );
#7990 = PCURVE('',#7190,#7991);
#7991 = DEFINITIONAL_REPRESENTATION('',(#7992),#8065);
#7992 = B_SPLINE_CURVE_WITH_KNOTS('',8,(#7993,#7994,#7995,#7996,#7997,
    #7998,#7999,#8000,#8001,#8002,#8003,#8004,#8005,#8006,#8007,#8008,
    #8009,#8010,#8011,#8012,#8013,#8014,#8015,#8016,#8017,#8018,#8019,
    #8020,#8021,#8022,#8023,#8024,#8025,#8026,#8027,#8028,#8029,#8030,
    #8031,#8032,#8033,#8034,#8035,#8036,#8037,#8038,#8039,#8040,#8041,
    #8042,#8043,#8044,#8045,#8046,#8047,#8048,#8049,#8050,#8051,#8052,
    #8053,#8054,#8055,#8056,#8057,#8058,#8059,#8060,#8061,#8062,#8063,
    #8064),.UNSPECIFIED.,.F.,.F.,(9,7,7,7,7,7,7,7,7,7,9),(0.,
    0.11974056421,0.25920350387,0.417811211979,0.450811836296,
    0.501828573979,0.554983230829,0.650680973825,0.808839629393,
    0.889587309937,1.),.UNSPECIFIED.);
#7993 = CARTESIAN_POINT('',(0.164955074788,39.095240065664));
#7994 = CARTESIAN_POINT('',(0.164956881619,39.225239415957));
#7995 = CARTESIAN_POINT('',(0.164964329431,39.355311814581));
#7996 = CARTESIAN_POINT('',(0.16497748134,39.485346713856));
#7997 = CARTESIAN_POINT('',(0.164993868362,39.615352002653));
#7998 = CARTESIAN_POINT('',(0.165008060191,39.745356189726));
#7999 = CARTESIAN_POINT('',(0.165015806305,39.875387991053));
#8000 = CARTESIAN_POINT('',(0.165016317257,40.005456469852));
#8001 = CARTESIAN_POINT('',(0.165004951432,40.286869054896));
#8002 = CARTESIAN_POINT('',(0.1649910034,40.438429065903));
#8003 = CARTESIAN_POINT('',(0.164971608706,40.589907410458));
#8004 = CARTESIAN_POINT('',(0.164953099009,40.741331974856));
#8005 = CARTESIAN_POINT('',(0.16494516089,40.892755317425));
#8006 = CARTESIAN_POINT('',(0.164948740752,41.044229948834));
#8007 = CARTESIAN_POINT('',(0.164958163262,41.195786284344));
#8008 = CARTESIAN_POINT('',(0.164979919149,41.519396316135));
#8009 = CARTESIAN_POINT('',(0.164992603331,41.691870386469));
#8010 = CARTESIAN_POINT('',(0.164997950318,41.864176853747));
#8011 = CARTESIAN_POINT('',(0.164992116505,42.036394904847));
#8012 = CARTESIAN_POINT('',(0.164970661525,42.20861696648));
#8013 = CARTESIAN_POINT('',(0.164982949817,42.380930673633));
#8014 = CARTESIAN_POINT('',(0.164995947386,42.553410344475));
#8015 = CARTESIAN_POINT('',(0.164996854842,42.761435850551));
#8016 = CARTESIAN_POINT('',(0.164996558023,42.797261653849));
#8017 = CARTESIAN_POINT('',(0.164995554506,42.833086873995));
#8018 = CARTESIAN_POINT('',(0.164993764303,42.868912634463));
#8019 = CARTESIAN_POINT('',(0.164991281022,42.904739421268));
#8020 = CARTESIAN_POINT('',(0.16498837187,42.940567082962));
#8021 = CARTESIAN_POINT('',(0.164985477651,42.976394830635));
#8022 = CARTESIAN_POINT('',(0.164979711413,43.067606445331));
#8023 = CARTESIAN_POINT('',(0.164977040429,43.12299063703));
#8024 = CARTESIAN_POINT('',(0.16498604776,43.178372797074));
#8025 = CARTESIAN_POINT('',(0.164991322059,43.233754344555));
#8026 = CARTESIAN_POINT('',(0.164992790562,43.289137750675));
#8027 = CARTESIAN_POINT('',(0.164996135002,43.344523641028));
#8028 = CARTESIAN_POINT('',(0.164995882205,43.399909300427));
#8029 = CARTESIAN_POINT('',(0.164994133901,43.51299455395));
#8030 = CARTESIAN_POINT('',(0.164992096954,43.570700954107));
#8031 = CARTESIAN_POINT('',(0.164989471391,43.628407875927));
#8032 = CARTESIAN_POINT('',(0.164986934087,43.686114421221));
#8033 = CARTESIAN_POINT('',(0.164984995559,43.743820797513));
#8034 = CARTESIAN_POINT('',(0.164983870062,43.80152751963));
#8035 = CARTESIAN_POINT('',(0.16498350275,43.859234631134));
#8036 = CARTESIAN_POINT('',(0.164984206134,44.020833330198));
#8037 = CARTESIAN_POINT('',(0.164986642845,44.124750802107));
#8038 = CARTESIAN_POINT('',(0.164990179438,44.228658911643));
#8039 = CARTESIAN_POINT('',(0.164992270271,44.332553929208));
#8040 = CARTESIAN_POINT('',(0.164991055229,44.436447917843));
#8041 = CARTESIAN_POINT('',(0.164986433189,44.540353684546));
#8042 = CARTESIAN_POINT('',(0.164979862403,44.644269610407));
#8043 = CARTESIAN_POINT('',(0.164961360944,44.919870121096));
#8044 = CARTESIAN_POINT('',(0.164948770626,45.091850079478));
#8045 = CARTESIAN_POINT('',(0.164942206793,45.263665327296));
#8046 = CARTESIAN_POINT('',(0.164952216469,45.435393319615));
#8047 = CARTESIAN_POINT('',(0.164977608138,45.607120857165));
#8048 = CARTESIAN_POINT('',(0.165000316058,45.778936055235));
#8049 = CARTESIAN_POINT('',(0.165012729139,45.950916874745));
#8050 = CARTESIAN_POINT('',(0.1650146632,46.210288041616));
#8051 = CARTESIAN_POINT('',(0.165012428102,46.29796088421));
#8052 = CARTESIAN_POINT('',(0.165007191128,46.38562992836));
#8053 = CARTESIAN_POINT('',(0.164999432299,46.47329500727));
#8054 = CARTESIAN_POINT('',(0.164990132024,46.560961623784));
#8055 = CARTESIAN_POINT('',(0.164980564151,46.64863459676));
#8056 = CARTESIAN_POINT('',(0.164971974812,46.736311593011));
#8057 = CARTESIAN_POINT('',(0.164955810912,46.943847766982));
#8058 = CARTESIAN_POINT('',(0.164949777756,47.063763952328));
#8059 = CARTESIAN_POINT('',(0.164949146575,47.183655668849));
#8060 = CARTESIAN_POINT('',(0.164954727941,47.30352737059));
#8061 = CARTESIAN_POINT('',(0.164964859149,47.423398713277));
#8062 = CARTESIAN_POINT('',(0.164975400007,47.543289553779));
#8063 = CARTESIAN_POINT('',(0.164983448346,47.663204058748));
#8064 = CARTESIAN_POINT('',(0.164988104509,47.783071744705));
#8065 = ( GEOMETRIC_REPRESENTATION_CONTEXT(2) 
PARAMETRIC_REPRESENTATION_CONTEXT() REPRESENTATION_CONTEXT('2D SPACE',''
  ) );
#8066 = ORIENTED_EDGE('',*,*,#8067,.F.);
#8067 = EDGE_CURVE('',#6501,#7838,#8068,.T.);
#8068 = SURFACE_CURVE('',#8069,(#8073,#8080),.PCURVE_S1.);
#8069 = LINE('',#8070,#8071);
#8070 = CARTESIAN_POINT('',(8.65,41.,76.));
#8071 = VECTOR('',#8072,1.);
#8072 = DIRECTION('',(1.110223024625E-16,0.,1.));
#8073 = PCURVE('',#6903,#8074);
#8074 = DEFINITIONAL_REPRESENTATION('',(#8075),#8079);
#8075 = LINE('',#8076,#8077);
#8076 = CARTESIAN_POINT('',(0.,-0.));
#8077 = VECTOR('',#8078,1.);
#8078 = DIRECTION('',(0.,1.));
#8079 = ( GEOMETRIC_REPRESENTATION_CONTEXT(2) 
PARAMETRIC_REPRESENTATION_CONTEXT() REPRESENTATION_CONTEXT('2D SPACE',''
  ) );
#8080 = PCURVE('',#6654,#8081);
#8081 = DEFINITIONAL_REPRESENTATION('',(#8082),#8086);
#8082 = LINE('',#8083,#8084);
#8083 = CARTESIAN_POINT('',(6.28318530718,-0.));
#8084 = VECTOR('',#8085,1.);
#8085 = DIRECTION('',(0.,1.));
#8086 = ( GEOMETRIC_REPRESENTATION_CONTEXT(2) 
PARAMETRIC_REPRESENTATION_CONTEXT() REPRESENTATION_CONTEXT('2D SPACE',''
  ) );
#8087 = ORIENTED_EDGE('',*,*,#6735,.T.);
#8088 = ADVANCED_FACE('',(#8089),#6654,.F.);
#8089 = FACE_BOUND('',#8090,.F.);
#8090 = EDGE_LOOP('',(#8091,#8092,#8364,#8385));
#8091 = ORIENTED_EDGE('',*,*,#8067,.T.);
#8092 = ORIENTED_EDGE('',*,*,#8093,.F.);
#8093 = EDGE_CURVE('',#8094,#7838,#8096,.T.);
#8094 = VERTEX_POINT('',#8095);
#8095 = CARTESIAN_POINT('',(8.65,41.,94.613226931382));
#8096 = SURFACE_CURVE('',#8097,(#8184,#8274),.PCURVE_S1.);
#8097 = B_SPLINE_CURVE_WITH_KNOTS('',8,(#8098,#8099,#8100,#8101,#8102,
    #8103,#8104,#8105,#8106,#8107,#8108,#8109,#8110,#8111,#8112,#8113,
    #8114,#8115,#8116,#8117,#8118,#8119,#8120,#8121,#8122,#8123,#8124,
    #8125,#8126,#8127,#8128,#8129,#8130,#8131,#8132,#8133,#8134,#8135,
    #8136,#8137,#8138,#8139,#8140,#8141,#8142,#8143,#8144,#8145,#8146,
    #8147,#8148,#8149,#8150,#8151,#8152,#8153,#8154,#8155,#8156,#8157,
    #8158,#8159,#8160,#8161,#8162,#8163,#8164,#8165,#8166,#8167,#8168,
    #8169,#8170,#8171,#8172,#8173,#8174,#8175,#8176,#8177,#8178,#8179,
    #8180,#8181,#8182,#8183),.UNSPECIFIED.,.F.,.F.,(9,7,7,7,7,7,7,7,7,7,
    7,7,9),(0.,9.280464196176E-03,3.643868864578E-02,8.122993733899E-02,
    0.199429293226,0.337331861278,0.446679808327,0.544823186296,
    0.664180344605,0.696538204177,0.751678508598,0.850469878278,1.),
  .UNSPECIFIED.);
#8098 = CARTESIAN_POINT('',(8.65,41.,94.613226931382));
#8099 = CARTESIAN_POINT('',(8.65,40.924571936934,94.620186228311));
#8100 = CARTESIAN_POINT('',(8.650628173611,40.849149602497,
    94.627144962431));
#8101 = CARTESIAN_POINT('',(8.651884453672,40.773736634455,
    94.634103359442));
#8102 = CARTESIAN_POINT('',(8.653768722806,40.698337288113,
    94.641061588206));
#8103 = CARTESIAN_POINT('',(8.656280813418,40.622956436313,
    94.648019760754));
#8104 = CARTESIAN_POINT('',(8.659420507695,40.547599569434,
    94.654977932282));
#8105 = CARTESIAN_POINT('',(8.663187537611,40.472272795391,
    94.661936101153));
#8106 = CARTESIAN_POINT('',(8.680440265315,40.176655335121,
    94.689256320944));
#8107 = CARTESIAN_POINT('',(8.698668267202,39.956639510809,
    94.709618245189));
#8108 = CARTESIAN_POINT('',(8.722257282758,39.737086842612,
    94.729980088766));
#8109 = CARTESIAN_POINT('',(8.751193568586,39.518149093228,
    94.750341941851));
#8110 = CARTESIAN_POINT('',(8.785457945705,39.299978312147,
    94.770703877656));
#8111 = CARTESIAN_POINT('',(8.825025799557,39.082726835648,
    94.791065952432));
#8112 = CARTESIAN_POINT('',(8.86986708,38.8665472868,94.811428205467));
#8113 = CARTESIAN_POINT('',(9.002540465762,38.297074188181,
    94.86537384586));
#8114 = CARTESIAN_POINT('',(9.099384439905,37.945875111809,
    94.898959764017));
#8115 = CARTESIAN_POINT('',(9.210321641218,37.598666652024,
    94.932547021368));
#8116 = CARTESIAN_POINT('',(9.335159134227,37.25610706766,
    94.966134554106));
#8117 = CARTESIAN_POINT('',(9.473667630516,36.9188415707,94.999721626809
    ));
#8118 = CARTESIAN_POINT('',(9.625581488718,36.587502326277,
    95.033307832441));
#8119 = CARTESIAN_POINT('',(9.790598714525,36.262708452679,
    95.066893092347));
#8120 = CARTESIAN_POINT('',(10.43752945724,35.106841326086,
    95.189103759307));
#8121 = CARTESIAN_POINT('',(10.995833949651,34.317937987036,
    95.277772913889));
#8122 = CARTESIAN_POINT('',(11.63691963555,33.590127792088,
    95.366417388319));
#8123 = CARTESIAN_POINT('',(12.352767211282,32.933353145502,
    95.455049622629));
#8124 = CARTESIAN_POINT('',(13.134264805545,32.356260528124,
    95.543683179778));
#8125 = CARTESIAN_POINT('',(13.971180062824,31.866136455811,
    95.632333244209));
#8126 = CARTESIAN_POINT('',(14.852224432472,31.4689351211,95.72100382263
    ));
#8127 = CARTESIAN_POINT('',(16.829238028145,30.818334888722,
    95.913027302072));
#8128 = CARTESIAN_POINT('',(17.938150482276,30.599418575649,
    96.016518760712));
#8129 = CARTESIAN_POINT('',(19.070967897308,30.519119780636,
    96.119952639892));
#8130 = CARTESIAN_POINT('',(20.207466207508,30.57973546591,
    96.223351310221));
#8131 = CARTESIAN_POINT('',(21.32770257847,30.780626049815,
    96.326757499514));
#8132 = CARTESIAN_POINT('',(22.412121608921,31.117845387705,
    96.430206606853));
#8133 = CARTESIAN_POINT('',(23.441577839824,31.584538336207,
    96.533714465794));
#8134 = CARTESIAN_POINT('',(25.156061141384,32.632495069629,
    96.719127535466));
#8135 = CARTESIAN_POINT('',(25.869108113741,33.170538606642,
    96.801158575824));
#8136 = CARTESIAN_POINT('',(26.527948934571,33.777785953619,
    96.88317182985));
#8137 = CARTESIAN_POINT('',(27.124869058286,34.447722835899,
    96.965167806415));
#8138 = CARTESIAN_POINT('',(27.653131762836,35.173022663719,
    97.047158558678));
#8139 = CARTESIAN_POINT('',(28.107008220709,35.945549159918,
    97.129158380088));
#8140 = CARTESIAN_POINT('',(28.481772789865,36.756389147345,
    97.211172293442));
#8141 = CARTESIAN_POINT('',(29.036438992357,38.348851915974,
    97.366741315414));
#8142 = CARTESIAN_POINT('',(29.232526514829,39.125397956131,
    97.440345307081));
#8143 = CARTESIAN_POINT('',(29.359807391811,39.918163444079,
    97.513941537039));
#8144 = CARTESIAN_POINT('',(29.416815552553,40.719994819391,
    97.587531092737));
#8145 = CARTESIAN_POINT('',(29.402960286515,41.523715699502,
    97.661122569591));
#8146 = CARTESIAN_POINT('',(29.318457697081,42.322137431307,
    97.73472411336));
#8147 = CARTESIAN_POINT('',(29.164387781302,43.108064939111,
    97.808336284916));
#8148 = CARTESIAN_POINT('',(28.67348343605,44.806205124375,
    97.97143843856));
#8149 = CARTESIAN_POINT('',(28.304131650288,45.709727166304,
    98.060991447993));
#8150 = CARTESIAN_POINT('',(27.83846211044,46.571599728965,
    98.150517421834));
#8151 = CARTESIAN_POINT('',(27.282212554449,47.379983634409,
    98.240019826682));
#8152 = CARTESIAN_POINT('',(26.642538332094,48.124088970588,
    98.329516719583));
#8153 = CARTESIAN_POINT('',(25.928049978228,48.794252457663,
    98.41903214872));
#8154 = CARTESIAN_POINT('',(25.148726687302,49.381925881159,
    98.508575502975));
#8155 = CARTESIAN_POINT('',(24.090782334754,50.015297907151,
    98.62234363569));
#8156 = CARTESIAN_POINT('',(23.861219262466,50.143832265346,
    98.646608482834));
#8157 = CARTESIAN_POINT('',(23.627952446401,50.265683059619,
    98.67087379854));
#8158 = CARTESIAN_POINT('',(23.391207999105,50.380726540817,
    98.695139653836));
#8159 = CARTESIAN_POINT('',(23.151217897385,50.488847590992,
    98.719405997221));
#8160 = CARTESIAN_POINT('',(22.908220129271,50.589940103662,
    98.743672610286));
#8161 = CARTESIAN_POINT('',(22.662458840978,50.683907364071,
    98.767939063328));
#8162 = CARTESIAN_POINT('',(21.991105707582,50.918499795013,
    98.833555149971));
#8163 = CARTESIAN_POINT('',(21.560709480516,51.045400838398,
    98.874904718322));
#8164 = CARTESIAN_POINT('',(21.124212761159,51.150940186267,
    98.916254237358));
#8165 = CARTESIAN_POINT('',(20.682850235234,51.234782242978,
    98.957598886987));
#8166 = CARTESIAN_POINT('',(20.237874835015,51.296676659858,
    98.998943388473));
#8167 = CARTESIAN_POINT('',(19.790555729307,51.336457325211,
    99.040290160807));
#8168 = CARTESIAN_POINT('',(19.342177646832,51.354045490567,
    99.081632416784));
#8169 = CARTESIAN_POINT('',(18.091155398286,51.341237904729,
    99.197071568493));
#8170 = CARTESIAN_POINT('',(17.28878243297,51.261830790278,
    99.271184757299));
#8171 = CARTESIAN_POINT('',(16.494591815294,51.111252432348,
    99.345277220103));
#8172 = CARTESIAN_POINT('',(15.715951708334,50.890566972093,
    99.419355889264));
#8173 = CARTESIAN_POINT('',(14.95995433518,50.601693365147,
    99.493435421918));
#8174 = CARTESIAN_POINT('',(14.233426337715,50.247336510538,
    99.567525781816));
#8175 = CARTESIAN_POINT('',(13.542902535286,49.831042966048,
    99.641628013575));
#8176 = CARTESIAN_POINT('',(11.913175023824,48.640449900139,
    99.827847817687));
#8177 = CARTESIAN_POINT('',(11.026755722285,47.790891984103,
    99.940130344556));
#8178 = CARTESIAN_POINT('',(10.258362005234,46.824665596732,
    100.052327588));
#8179 = CARTESIAN_POINT('',(9.624941275771,45.761469588388,
    100.16446504958));
#8180 = CARTESIAN_POINT('',(9.140063440407,44.62281291309,
    100.27659606793));
#8181 = CARTESIAN_POINT('',(8.813095434359,43.432332295996,100.388781223
    ));
#8182 = CARTESIAN_POINT('',(8.65,42.215328787509,100.50106152783));
#8183 = CARTESIAN_POINT('',(8.65,41.,100.61319412252));
#8184 = PCURVE('',#6654,#8185);
#8185 = DEFINITIONAL_REPRESENTATION('',(#8186),#8273);
#8186 = B_SPLINE_CURVE_WITH_KNOTS('',8,(#8187,#8188,#8189,#8190,#8191,
    #8192,#8193,#8194,#8195,#8196,#8197,#8198,#8199,#8200,#8201,#8202,
    #8203,#8204,#8205,#8206,#8207,#8208,#8209,#8210,#8211,#8212,#8213,
    #8214,#8215,#8216,#8217,#8218,#8219,#8220,#8221,#8222,#8223,#8224,
    #8225,#8226,#8227,#8228,#8229,#8230,#8231,#8232,#8233,#8234,#8235,
    #8236,#8237,#8238,#8239,#8240,#8241,#8242,#8243,#8244,#8245,#8246,
    #8247,#8248,#8249,#8250,#8251,#8252,#8253,#8254,#8255,#8256,#8257,
    #8258,#8259,#8260,#8261,#8262,#8263,#8264,#8265,#8266,#8267,#8268,
    #8269,#8270,#8271,#8272),.UNSPECIFIED.,.F.,.F.,(9,7,7,7,7,7,7,7,7,7,
    7,7,9),(0.,9.280464196176E-03,3.643868864578E-02,8.122993733899E-02,
    0.199429293226,0.337331861278,0.446679808327,0.544823186296,
    0.664180344605,0.696538204177,0.751678508598,0.850469878278,1.),
  .UNSPECIFIED.);
#8187 = CARTESIAN_POINT('',(0.,18.613226931382));
#8188 = CARTESIAN_POINT('',(7.287735561904E-03,18.620186228311));
#8189 = CARTESIAN_POINT('',(1.457491760029E-02,18.627144962431));
#8190 = CARTESIAN_POINT('',(2.186178442752E-02,18.634103359442));
#8191 = CARTESIAN_POINT('',(2.91485144836E-02,18.641061588206));
#8192 = CARTESIAN_POINT('',(3.643522633616E-02,18.648019760754));
#8193 = CARTESIAN_POINT('',(4.372197868048E-02,18.654977932282));
#8194 = CARTESIAN_POINT('',(5.10087703395E-02,18.661936101153));
#8195 = CARTESIAN_POINT('',(7.961944485873E-02,18.689256320944));
#8196 = CARTESIAN_POINT('',(0.100943489213,18.709618245189));
#8197 = CARTESIAN_POINT('',(0.122267836468,18.729980088766));
#8198 = CARTESIAN_POINT('',(0.143592548326,18.750341941851));
#8199 = CARTESIAN_POINT('',(0.164917585053,18.770703877656));
#8200 = CARTESIAN_POINT('',(0.186242805478,18.791065952432));
#8201 = CARTESIAN_POINT('',(0.20756796699,18.811428205467));
#8202 = CARTESIAN_POINT('',(0.264063013112,18.86537384586));
#8203 = CARTESIAN_POINT('',(0.299233090112,18.898959764017));
#8204 = CARTESIAN_POINT('',(0.334403170481,18.932547021368));
#8205 = CARTESIAN_POINT('',(0.369573374927,18.966134554106));
#8206 = CARTESIAN_POINT('',(0.404743730921,18.999721626809));
#8207 = CARTESIAN_POINT('',(0.439914172704,19.033307832441));
#8208 = CARTESIAN_POINT('',(0.475084541284,19.066893092347));
#8209 = CARTESIAN_POINT('',(0.603064599074,19.189103759307));
#8210 = CARTESIAN_POINT('',(0.69592334845,19.277772913889));
#8211 = CARTESIAN_POINT('',(0.788756109973,19.366417388319));
#8212 = CARTESIAN_POINT('',(0.881568238767,19.455049622629));
#8213 = CARTESIAN_POINT('',(0.974379622931,19.543683179778));
#8214 = CARTESIAN_POINT('',(1.067210066312,19.632333244209));
#8215 = CARTESIAN_POINT('',(1.160065578983,19.72100382263));
#8216 = CARTESIAN_POINT('',(1.361158613545,19.913027302072));
#8217 = CARTESIAN_POINT('',(1.469542366577,20.016518760712));
#8218 = CARTESIAN_POINT('',(1.577869369972,20.119952639891));
#8219 = CARTESIAN_POINT('',(1.68615851301,20.223351310221));
#8220 = CARTESIAN_POINT('',(1.794447081234,20.326757499514));
#8221 = CARTESIAN_POINT('',(1.902772428989,20.430206606853));
#8222 = CARTESIAN_POINT('',(2.011154918146,20.533714465794));
#8223 = CARTESIAN_POINT('',(2.205299315479,20.719127535466));
#8224 = CARTESIAN_POINT('',(2.291193096329,20.801158575824));
#8225 = CARTESIAN_POINT('',(2.377070069237,20.883171829849));
#8226 = CARTESIAN_POINT('',(2.462932882266,20.965167806415));
#8227 = CARTESIAN_POINT('',(2.548795291751,21.047158558678));
#8228 = CARTESIAN_POINT('',(2.63467128133,21.129158380089));
#8229 = CARTESIAN_POINT('',(2.720564123879,21.211172293442));
#8230 = CARTESIAN_POINT('',(2.883491218234,21.366741315414));
#8231 = CARTESIAN_POINT('',(2.960576633135,21.440345307081));
#8232 = CARTESIAN_POINT('',(3.037652648657,21.513941537039));
#8233 = CARTESIAN_POINT('',(3.11471896979,21.587531092737));
#8234 = CARTESIAN_POINT('',(3.191783928015,21.661122569591));
#8235 = CARTESIAN_POINT('',(3.268856499717,21.73472411336));
#8236 = CARTESIAN_POINT('',(3.345938596236,21.808336284916));
#8237 = CARTESIAN_POINT('',(3.516728239763,21.97143843856));
#8238 = CARTESIAN_POINT('',(3.610501609088,22.060991447993));
#8239 = CARTESIAN_POINT('',(3.704248443225,22.150517421836));
#8240 = CARTESIAN_POINT('',(3.797974458382,22.24001982668));
#8241 = CARTESIAN_POINT('',(3.891699376128,22.329516719584));
#8242 = CARTESIAN_POINT('',(3.985443521092,22.41903214872));
#8243 = CARTESIAN_POINT('',(4.079213460503,22.508575502975));
#8244 = CARTESIAN_POINT('',(4.198348494027,22.62234363569));
#8245 = CARTESIAN_POINT('',(4.223757831298,22.646608482834));
#8246 = CARTESIAN_POINT('',(4.249167493394,22.67087379854));
#8247 = CARTESIAN_POINT('',(4.274577597671,22.695139653836));
#8248 = CARTESIAN_POINT('',(4.299988156886,22.719405997221));
#8249 = CARTESIAN_POINT('',(4.325399028011,22.743672610286));
#8250 = CARTESIAN_POINT('',(4.350809861038,22.767939063328));
#8251 = CARTESIAN_POINT('',(4.419520978451,22.833555149971));
#8252 = CARTESIAN_POINT('',(4.462822057774,22.874904718322));
#8253 = CARTESIAN_POINT('',(4.506122441754,22.916254237358));
#8254 = CARTESIAN_POINT('',(4.549422542594,22.957598886987));
#8255 = CARTESIAN_POINT('',(4.592723027078,22.998943388472));
#8256 = CARTESIAN_POINT('',(4.636024360725,23.040290160807));
#8257 = CARTESIAN_POINT('',(4.679326248024,23.081632416784));
#8258 = CARTESIAN_POINT('',(4.800204297002,23.197071568493));
#8259 = CARTESIAN_POINT('',(4.877802744615,23.271184757299));
#8260 = CARTESIAN_POINT('',(4.955392476107,23.345277220103));
#8261 = CARTESIAN_POINT('',(5.032973666825,23.419355889264));
#8262 = CARTESIAN_POINT('',(5.110554709152,23.493435421918));
#8263 = CARTESIAN_POINT('',(5.188144399892,23.567525781816));
#8264 = CARTESIAN_POINT('',(5.265743748217,23.641628013575));
#8265 = CARTESIAN_POINT('',(5.460748309146,23.827847817687));
#8266 = CARTESIAN_POINT('',(5.578324427389,23.940130344555));
#8267 = CARTESIAN_POINT('',(5.695811934357,24.052327588005));
#8268 = CARTESIAN_POINT('',(5.813248031663,24.164465049582));
#8269 = CARTESIAN_POINT('',(5.930686080144,24.276596067931));
#8270 = CARTESIAN_POINT('',(6.048177733677,24.388781223001));
#8271 = CARTESIAN_POINT('',(6.165762235923,24.501061527839));
#8272 = CARTESIAN_POINT('',(6.28318530718,24.613194122522));
#8273 = ( GEOMETRIC_REPRESENTATION_CONTEXT(2) 
PARAMETRIC_REPRESENTATION_CONTEXT() REPRESENTATION_CONTEXT('2D SPACE',''
  ) );
#8274 = PCURVE('',#7190,#8275);
#8275 = DEFINITIONAL_REPRESENTATION('',(#8276),#8363);
#8276 = B_SPLINE_CURVE_WITH_KNOTS('',8,(#8277,#8278,#8279,#8280,#8281,
    #8282,#8283,#8284,#8285,#8286,#8287,#8288,#8289,#8290,#8291,#8292,
    #8293,#8294,#8295,#8296,#8297,#8298,#8299,#8300,#8301,#8302,#8303,
    #8304,#8305,#8306,#8307,#8308,#8309,#8310,#8311,#8312,#8313,#8314,
    #8315,#8316,#8317,#8318,#8319,#8320,#8321,#8322,#8323,#8324,#8325,
    #8326,#8327,#8328,#8329,#8330,#8331,#8332,#8333,#8334,#8335,#8336,
    #8337,#8338,#8339,#8340,#8341,#8342,#8343,#8344,#8345,#8346,#8347,
    #8348,#8349,#8350,#8351,#8352,#8353,#8354,#8355,#8356,#8357,#8358,
    #8359,#8360,#8361,#8362),.UNSPECIFIED.,.F.,.F.,(9,7,7,7,7,7,7,7,7,7,
    7,7,9),(0.,9.280464196176E-03,3.643868864578E-02,8.122993733899E-02,
    0.199429293226,0.337331861278,0.446679808327,0.544823186296,
    0.664180344605,0.696538204177,0.751678508598,0.850469878278,1.),
  .UNSPECIFIED.);
#8277 = CARTESIAN_POINT('',(0.164996529501,30.407414799114));
#8278 = CARTESIAN_POINT('',(0.164996607658,30.417491588063));
#8279 = CARTESIAN_POINT('',(0.164996646463,30.427567601183));
#8280 = CARTESIAN_POINT('',(0.164996643127,30.43764316805));
#8281 = CARTESIAN_POINT('',(0.164996595262,30.447718535546));
#8282 = CARTESIAN_POINT('',(0.164996500886,30.457793867856));
#8283 = CARTESIAN_POINT('',(0.164996358419,30.467869246474));
#8284 = CARTESIAN_POINT('',(0.164996166684,30.477944670199));
#8285 = CARTESIAN_POINT('',(0.164995217381,30.51750452484));
#8286 = CARTESIAN_POINT('',(0.16499411536,30.54698911459));
#8287 = CARTESIAN_POINT('',(0.164992537813,30.576474060032));
#8288 = CARTESIAN_POINT('',(0.164990508952,30.605959467677));
#8289 = CARTESIAN_POINT('',(0.16498815824,30.635445314899));
#8290 = CARTESIAN_POINT('',(0.164985720382,30.664931449936));
#8291 = CARTESIAN_POINT('',(0.164983535332,30.69441759189));
#8292 = CARTESIAN_POINT('',(0.164979595763,30.772533279402));
#8293 = CARTESIAN_POINT('',(0.164981256427,30.821163096072));
#8294 = CARTESIAN_POINT('',(0.164984957253,30.8697928247));
#8295 = CARTESIAN_POINT('',(0.164989110502,30.918422502543));
#8296 = CARTESIAN_POINT('',(0.164992613728,30.967052160147));
#8297 = CARTESIAN_POINT('',(0.164994849781,31.015681821351));
#8298 = CARTESIAN_POINT('',(0.164995686803,31.064311503284));
#8299 = CARTESIAN_POINT('',(0.164994927834,31.241269872769));
#8300 = CARTESIAN_POINT('',(0.164987607684,31.369667593184));
#8301 = CARTESIAN_POINT('',(0.164978432958,31.498031420188));
#8302 = CARTESIAN_POINT('',(0.164980002524,31.626366848032));
#8303 = CARTESIAN_POINT('',(0.164985822568,31.754699967932));
#8304 = CARTESIAN_POINT('',(0.164990513167,31.883058112158));
#8305 = CARTESIAN_POINT('',(0.164991190847,32.011449947404));
#8306 = CARTESIAN_POINT('',(0.164984341829,32.289501360973));
#8307 = CARTESIAN_POINT('',(0.164975414333,32.439362958709));
#8308 = CARTESIAN_POINT('',(0.164961457354,32.589146180422));
#8309 = CARTESIAN_POINT('',(0.164947789596,32.738878133337));
#8310 = CARTESIAN_POINT('',(0.164944732992,32.888610429977));
#8311 = CARTESIAN_POINT('',(0.164952662002,33.038393955163));
#8312 = CARTESIAN_POINT('',(0.164966767171,33.188256414231));
#8313 = CARTESIAN_POINT('',(0.164993307882,33.456702963124));
#8314 = CARTESIAN_POINT('',(0.165005497787,33.575469494787));
#8315 = CARTESIAN_POINT('',(0.165015415675,33.69421252987));
#8316 = CARTESIAN_POINT('',(0.165020091115,33.812935756709));
#8317 = CARTESIAN_POINT('',(0.165017747309,33.931658393398));
#8318 = CARTESIAN_POINT('',(0.165009533629,34.050399994418));
#8319 = CARTESIAN_POINT('',(0.164998148261,34.169165151646));
#8320 = CARTESIAN_POINT('',(0.164975784865,34.394446949542));
#8321 = CARTESIAN_POINT('',(0.164964882654,34.501034296157));
#8322 = CARTESIAN_POINT('',(0.164955633322,34.607608761694));
#8323 = CARTESIAN_POINT('',(0.164950152482,34.714169818623));
#8324 = CARTESIAN_POINT('',(0.164949579902,34.820728780356));
#8325 = CARTESIAN_POINT('',(0.164953474298,34.927297880194));
#8326 = CARTESIAN_POINT('',(0.164960026413,35.033879727994));
#8327 = CARTESIAN_POINT('',(0.164976366588,35.27003083224));
#8328 = CARTESIAN_POINT('',(0.164986557093,35.399690950636));
#8329 = CARTESIAN_POINT('',(0.164994548142,35.529314107689));
#8330 = CARTESIAN_POINT('',(0.164996940186,35.658908700825));
#8331 = CARTESIAN_POINT('',(0.164991816995,35.788502780132));
#8332 = CARTESIAN_POINT('',(0.16498530785,35.918125076507));
#8333 = CARTESIAN_POINT('',(0.164982589555,36.047784040988));
#8334 = CARTESIAN_POINT('',(0.164983501861,36.212516197245));
#8335 = CARTESIAN_POINT('',(0.164983948123,36.247650571387));
#8336 = CARTESIAN_POINT('',(0.164984645608,36.282785374373));
#8337 = CARTESIAN_POINT('',(0.164985557336,36.317920745793));
#8338 = CARTESIAN_POINT('',(0.164986614197,36.353056679744));
#8339 = CARTESIAN_POINT('',(0.164987719334,36.388192956215));
#8340 = CARTESIAN_POINT('',(0.164988752524,36.423329072465));
#8341 = CARTESIAN_POINT('',(0.164990975392,36.518337115404));
#8342 = CARTESIAN_POINT('',(0.164991018512,36.57821008686));
#8343 = CARTESIAN_POINT('',(0.164993139398,36.6380809224));
#8344 = CARTESIAN_POINT('',(0.164987750042,36.697952169525));
#8345 = CARTESIAN_POINT('',(0.164982416531,36.757823146669));
#8346 = CARTESIAN_POINT('',(0.164980509663,36.817694007166));
#8347 = CARTESIAN_POINT('',(0.164968695908,36.877568171804));
#8348 = CARTESIAN_POINT('',(0.164982486836,37.044707120106));
#8349 = CARTESIAN_POINT('',(0.165003597795,37.151999960796));
#8350 = CARTESIAN_POINT('',(0.165005625265,37.259281752694));
#8351 = CARTESIAN_POINT('',(0.1649972109,37.366553946978));
#8352 = CARTESIAN_POINT('',(0.16498858573,37.473827601026));
#8353 = CARTESIAN_POINT('',(0.164983055235,37.581113857739));
#8354 = CARTESIAN_POINT('',(0.164981385559,37.68841346833));
#8355 = CARTESIAN_POINT('',(0.164983209295,37.958052705456));
#8356 = CARTESIAN_POINT('',(0.16498980169,38.120628102265));
#8357 = CARTESIAN_POINT('',(0.164997835389,38.283078578949));
#8358 = CARTESIAN_POINT('',(0.164992459856,38.445455816959));
#8359 = CARTESIAN_POINT('',(0.16497437836,38.607836350278));
#8360 = CARTESIAN_POINT('',(0.16495939549,38.770292193181));
#8361 = CARTESIAN_POINT('',(0.164952818147,38.932877458335));
#8362 = CARTESIAN_POINT('',(0.164955074788,39.095240065664));
#8363 = ( GEOMETRIC_REPRESENTATION_CONTEXT(2) 
PARAMETRIC_REPRESENTATION_CONTEXT() REPRESENTATION_CONTEXT('2D SPACE',''
  ) );
#8364 = ORIENTED_EDGE('',*,*,#8365,.F.);
#8365 = EDGE_CURVE('',#6266,#8094,#8366,.T.);
#8366 = SURFACE_CURVE('',#8367,(#8371,#8378),.PCURVE_S1.);
#8367 = LINE('',#8368,#8369);
#8368 = CARTESIAN_POINT('',(8.65,41.,76.));
#8369 = VECTOR('',#8370,1.);
#8370 = DIRECTION('',(1.110223024625E-16,0.,1.));
#8371 = PCURVE('',#6654,#8372);
#8372 = DEFINITIONAL_REPRESENTATION('',(#8373),#8377);
#8373 = LINE('',#8374,#8375);
#8374 = CARTESIAN_POINT('',(0.,-0.));
#8375 = VECTOR('',#8376,1.);
#8376 = DIRECTION('',(0.,1.));
#8377 = ( GEOMETRIC_REPRESENTATION_CONTEXT(2) 
PARAMETRIC_REPRESENTATION_CONTEXT() REPRESENTATION_CONTEXT('2D SPACE',''
  ) );
#8378 = PCURVE('',#6419,#8379);
#8379 = DEFINITIONAL_REPRESENTATION('',(#8380),#8384);
#8380 = LINE('',#8381,#8382);
#8381 = CARTESIAN_POINT('',(6.28318530718,-0.));
#8382 = VECTOR('',#8383,1.);
#8383 = DIRECTION('',(0.,1.));
#8384 = ( GEOMETRIC_REPRESENTATION_CONTEXT(2) 
PARAMETRIC_REPRESENTATION_CONTEXT() REPRESENTATION_CONTEXT('2D SPACE',''
  ) );
#8385 = ORIENTED_EDGE('',*,*,#6500,.T.);
#8386 = ADVANCED_FACE('',(#8387),#6419,.F.);
#8387 = FACE_BOUND('',#8388,.F.);
#8388 = EDGE_LOOP('',(#8389,#8390,#8641,#8662));
#8389 = ORIENTED_EDGE('',*,*,#8365,.T.);
#8390 = ORIENTED_EDGE('',*,*,#8391,.F.);
#8391 = EDGE_CURVE('',#8392,#8094,#8394,.T.);
#8392 = VERTEX_POINT('',#8393);
#8393 = CARTESIAN_POINT('',(8.65,41.,88.613231921438));
#8394 = SURFACE_CURVE('',#8395,(#8475,#8558),.PCURVE_S1.);
#8395 = B_SPLINE_CURVE_WITH_KNOTS('',8,(#8396,#8397,#8398,#8399,#8400,
    #8401,#8402,#8403,#8404,#8405,#8406,#8407,#8408,#8409,#8410,#8411,
    #8412,#8413,#8414,#8415,#8416,#8417,#8418,#8419,#8420,#8421,#8422,
    #8423,#8424,#8425,#8426,#8427,#8428,#8429,#8430,#8431,#8432,#8433,
    #8434,#8435,#8436,#8437,#8438,#8439,#8440,#8441,#8442,#8443,#8444,
    #8445,#8446,#8447,#8448,#8449,#8450,#8451,#8452,#8453,#8454,#8455,
    #8456,#8457,#8458,#8459,#8460,#8461,#8462,#8463,#8464,#8465,#8466,
    #8467,#8468,#8469,#8470,#8471,#8472,#8473,#8474),.UNSPECIFIED.,.F.,
  .F.,(9,7,7,7,7,7,7,7,7,7,7,9),(0.,0.128866705857,0.251589376423,
    0.310161370039,0.338080207727,0.370770558367,0.487626293855,
    0.632056423335,0.715577509326,0.806251843576,0.906829668458,1.),
  .UNSPECIFIED.);
#8396 = CARTESIAN_POINT('',(8.65,41.,88.613231921438));
#8397 = CARTESIAN_POINT('',(8.65,39.952657940994,88.709857949218));
#8398 = CARTESIAN_POINT('',(8.771123762772,38.904571228587,
    88.806548629886));
#8399 = CARTESIAN_POINT('',(9.013670859762,37.873240980722,
    88.903199787198));
#8400 = CARTESIAN_POINT('',(9.374556232827,36.874960143235,
    88.999825735834));
#8401 = CARTESIAN_POINT('',(9.848537622913,35.925150686741,
    89.09645749373));
#8402 = CARTESIAN_POINT('',(10.428060874732,35.038241497896,
    89.193121856763));
#8403 = CARTESIAN_POINT('',(11.103459536577,34.227697482731,
    89.289827122801));
#8404 = CARTESIAN_POINT('',(12.584106248773,32.817479872667,
    89.478495666087));
#8405 = CARTESIAN_POINT('',(13.382527671879,32.208738202081,
    89.570579690535));
#8406 = CARTESIAN_POINT('',(14.246407441648,31.689657826552,
    89.662632391016));
#8407 = CARTESIAN_POINT('',(15.163824455452,31.268138304251,
    89.754659256304));
#8408 = CARTESIAN_POINT('',(16.122101780487,30.950283766029,
    89.84668104357));
#8409 = CARTESIAN_POINT('',(17.107807499325,30.740281331857,
    89.938725238989));
#8410 = CARTESIAN_POINT('',(18.106833654592,30.64048346001,
    90.030802032526));
#8411 = CARTESIAN_POINT('',(19.58020577869,30.655316768698,
    90.166751865755));
#8412 = CARTESIAN_POINT('',(20.055986328225,30.685130493114,
    90.210676516192));
#8413 = CARTESIAN_POINT('',(20.529978570662,30.739953789718,
    90.254601405391));
#8414 = CARTESIAN_POINT('',(21.000646020676,30.81965552602,
    90.298525873774));
#8415 = CARTESIAN_POINT('',(21.466472217719,30.923993874939,
    90.342449771891));
#8416 = CARTESIAN_POINT('',(21.92596097158,31.052618958347,
    90.386372726344));
#8417 = CARTESIAN_POINT('',(22.37763771324,31.205069559295,
    90.430293756264));
#8418 = CARTESIAN_POINT('',(23.030932450924,31.464510102398,
    90.495144881715));
#8419 = CARTESIAN_POINT('',(23.239720180307,31.55354211539,
    90.516078595065));
#8420 = CARTESIAN_POINT('',(23.44625756513,31.647797673097,
    90.537012677599));
#8421 = CARTESIAN_POINT('',(23.65039010544,31.747209260533,
    90.557947276832));
#8422 = CARTESIAN_POINT('',(23.85196637535,31.851704116514,
    90.578882390574));
#8423 = CARTESIAN_POINT('',(24.050838023041,31.961204233656,
    90.599817866935));
#8424 = CARTESIAN_POINT('',(24.246859770764,32.075626358376,
    90.620753404323));
#8425 = CARTESIAN_POINT('',(24.665909094421,32.334519195212,
    90.666201652874));
#8426 = CARTESIAN_POINT('',(24.887837488179,32.480790241422,
    90.690715730006));
#8427 = CARTESIAN_POINT('',(25.105444745158,32.633553539507,
    90.715230165913));
#8428 = CARTESIAN_POINT('',(25.318508037067,32.792658797811,
    90.739744490879));
#8429 = CARTESIAN_POINT('',(25.526811558275,32.957947023028,
    90.764258382403));
#8430 = CARTESIAN_POINT('',(25.730146525814,33.12925052021,
    90.788771665196));
#8431 = CARTESIAN_POINT('',(25.928311179375,33.306392892759,
    90.813284311182));
#8432 = CARTESIAN_POINT('',(26.810297004303,34.142616677693,
    90.925418099309));
#8433 = CARTESIAN_POINT('',(27.431313109477,34.868652775204,
    91.01308058051));
#8434 = CARTESIAN_POINT('',(27.974664144452,35.658540340941,
    91.100720512677));
#8435 = CARTESIAN_POINT('',(28.432910182617,36.502420779274,
    91.188350258264));
#8436 = CARTESIAN_POINT('',(28.800077322312,37.389714081724,
    91.275982413966));
#8437 = CARTESIAN_POINT('',(29.071719487919,38.309120958785,
    91.363630886832));
#8438 = CARTESIAN_POINT('',(29.244871167327,39.248679244143,
    91.451299097147));
#8439 = CARTESIAN_POINT('',(29.409927142908,41.365848950463,
    91.647226620125));
#8440 = CARTESIAN_POINT('',(29.349576238223,42.549311210238,
    91.755647471668));
#8441 = CARTESIAN_POINT('',(29.135084029154,43.720938720668,
    91.863994022228));
#8442 = CARTESIAN_POINT('',(28.769728620764,44.857539049804,
    91.972296125368));
#8443 = CARTESIAN_POINT('',(28.260023064592,45.937130402864,
    92.080606409821));
#8444 = CARTESIAN_POINT('',(27.616241863856,46.939225624133,
    92.188967787766));
#8445 = CARTESIAN_POINT('',(26.851807850974,47.844675390919,
    92.297404609182));
#8446 = CARTESIAN_POINT('',(25.484758295346,49.095135162028,
    92.468358105286));
#8447 = CARTESIAN_POINT('',(24.949464224729,49.515817699019,
    92.531003446644));
#8448 = CARTESIAN_POINT('',(24.383126744158,49.895907472692,
    92.593644591663));
#8449 = CARTESIAN_POINT('',(23.789366970062,50.232763421514,
    92.656279629801));
#8450 = CARTESIAN_POINT('',(23.172022696376,50.52415023726,
    92.718912233748));
#8451 = CARTESIAN_POINT('',(22.535131190529,50.768219517938,
    92.781546636487));
#8452 = CARTESIAN_POINT('',(21.882934085408,50.963533412011,
    92.844182447904));
#8453 = CARTESIAN_POINT('',(20.500088795397,51.267197928112,
    92.974799915249));
#8454 = CARTESIAN_POINT('',(19.767283744443,51.366716379684,
    93.042800559382));
#8455 = CARTESIAN_POINT('',(19.02723303263,51.406389405565,
    93.110795073905));
#8456 = CARTESIAN_POINT('',(18.285649909484,51.38567314243,
    93.17878339265));
#8457 = CARTESIAN_POINT('',(17.54821446903,51.30465909472,
    93.246773183154));
#8458 = CARTESIAN_POINT('',(16.820565747553,51.164034468449,
    93.314771675794));
#8459 = CARTESIAN_POINT('',(16.108288505947,50.965120310791,
    93.382777691606));
#8460 = CARTESIAN_POINT('',(14.64998655173,50.426988877565,
    93.526196618288));
#8461 = CARTESIAN_POINT('',(13.908414825867,50.074688229111,
    93.601642212003));
#8462 = CARTESIAN_POINT('',(13.199801044585,49.655827356341,
    93.677079665069));
#8463 = CARTESIAN_POINT('',(12.53107486613,49.174100765824,
    93.752508419849));
#8464 = CARTESIAN_POINT('',(11.908577476122,48.633961754501,
    93.827935721588));
#8465 = CARTESIAN_POINT('',(11.33809816618,48.040558475491,
    93.903369696498));
#8466 = CARTESIAN_POINT('',(10.824822249256,47.399782902993,
    93.978812004657));
#8467 = CARTESIAN_POINT('',(9.954778695803,46.087230683807,
    94.124101097685));
#8468 = CARTESIAN_POINT('',(9.589085612242,45.420937307824,
    94.193981130542));
#8469 = CARTESIAN_POINT('',(9.279659581458,44.724848452095,
    94.263855043976));
#8470 = CARTESIAN_POINT('',(9.029268005582,44.004545221641,
    94.333723250957));
#8471 = CARTESIAN_POINT('',(8.840002903961,43.265824311794,
    94.403594082959));
#8472 = CARTESIAN_POINT('',(8.713321526857,42.514672134133,
    94.473473864438));
#8473 = CARTESIAN_POINT('',(8.65,41.757265662625,94.54335855102));
#8474 = CARTESIAN_POINT('',(8.65,41.,94.613226931382));
#8475 = PCURVE('',#6419,#8476);
#8476 = DEFINITIONAL_REPRESENTATION('',(#8477),#8557);
#8477 = B_SPLINE_CURVE_WITH_KNOTS('',8,(#8478,#8479,#8480,#8481,#8482,
    #8483,#8484,#8485,#8486,#8487,#8488,#8489,#8490,#8491,#8492,#8493,
    #8494,#8495,#8496,#8497,#8498,#8499,#8500,#8501,#8502,#8503,#8504,
    #8505,#8506,#8507,#8508,#8509,#8510,#8511,#8512,#8513,#8514,#8515,
    #8516,#8517,#8518,#8519,#8520,#8521,#8522,#8523,#8524,#8525,#8526,
    #8527,#8528,#8529,#8530,#8531,#8532,#8533,#8534,#8535,#8536,#8537,
    #8538,#8539,#8540,#8541,#8542,#8543,#8544,#8545,#8546,#8547,#8548,
    #8549,#8550,#8551,#8552,#8553,#8554,#8555,#8556),.UNSPECIFIED.,.F.,
  .F.,(9,7,7,7,7,7,7,7,7,7,7,9),(0.,0.128866705857,0.251589376423,
    0.310161370039,0.338080207727,0.370770558367,0.487626293855,
    0.632056423335,0.715577509326,0.806251843576,0.906829668458,1.),
  .UNSPECIFIED.);
#8478 = CARTESIAN_POINT('',(0.,12.613231921438));
#8479 = CARTESIAN_POINT('',(0.101192469469,12.709857949218));
#8480 = CARTESIAN_POINT('',(0.202456788939,12.806548629886));
#8481 = CARTESIAN_POINT('',(0.303681780355,12.903199787198));
#8482 = CARTESIAN_POINT('',(0.404878574269,12.999825735834));
#8483 = CARTESIAN_POINT('',(0.506075116568,13.09645749373));
#8484 = CARTESIAN_POINT('',(0.60729941618,13.193121856763));
#8485 = CARTESIAN_POINT('',(0.708563184771,13.289827122801));
#8486 = CARTESIAN_POINT('',(0.906124181539,13.478495666087));
#8487 = CARTESIAN_POINT('',(1.002547891581,13.570579690535));
#8488 = CARTESIAN_POINT('',(1.098940849408,13.662632391016));
#8489 = CARTESIAN_POINT('',(1.19531099091,13.754659256304));
#8490 = CARTESIAN_POINT('',(1.291680811897,13.84668104357));
#8491 = CARTESIAN_POINT('',(1.388073105509,13.938725238989));
#8492 = CARTESIAN_POINT('',(1.484495348192,14.030802032526));
#8493 = CARTESIAN_POINT('',(1.626857356893,14.166751865755));
#8494 = CARTESIAN_POINT('',(1.672853148476,14.210676516192));
#8495 = CARTESIAN_POINT('',(1.718848798268,14.254601405391));
#8496 = CARTESIAN_POINT('',(1.764843953428,14.298525873774));
#8497 = CARTESIAN_POINT('',(1.810839136434,14.342449771891));
#8498 = CARTESIAN_POINT('',(1.856834790063,14.386372726344));
#8499 = CARTESIAN_POINT('',(1.90283029385,14.430293756264));
#8500 = CARTESIAN_POINT('',(1.970745742758,14.495144881715));
#8501 = CARTESIAN_POINT('',(1.992669077794,14.516078595065));
#8502 = CARTESIAN_POINT('',(2.01459269675,14.537012677599));
#8503 = CARTESIAN_POINT('',(2.036516376499,14.557947276832));
#8504 = CARTESIAN_POINT('',(2.058439931176,14.578882390574));
#8505 = CARTESIAN_POINT('',(2.080363212182,14.599817866935));
#8506 = CARTESIAN_POINT('',(2.102286108179,14.620753404323));
#8507 = CARTESIAN_POINT('',(2.149877670634,14.666201652874));
#8508 = CARTESIAN_POINT('',(2.175547328815,14.690715730006));
#8509 = CARTESIAN_POINT('',(2.201217322869,14.715230165913));
#8510 = CARTESIAN_POINT('',(2.226887481456,14.739744490879));
#8511 = CARTESIAN_POINT('',(2.252557658662,14.764258382403));
#8512 = CARTESIAN_POINT('',(2.278227734,14.788771665196));
#8513 = CARTESIAN_POINT('',(2.30389761241,14.813284311182));
#8514 = CARTESIAN_POINT('',(2.421326453305,14.925418099309));
#8515 = CARTESIAN_POINT('',(2.513132691841,15.01308058051));
#8516 = CARTESIAN_POINT('',(2.604915679712,15.100720512677));
#8517 = CARTESIAN_POINT('',(2.696679463758,15.188350258264));
#8518 = CARTESIAN_POINT('',(2.788442177926,15.275982413966));
#8519 = CARTESIAN_POINT('',(2.880222627971,15.363630886832));
#8520 = CARTESIAN_POINT('',(2.972026851964,15.451299097147));
#8521 = CARTESIAN_POINT('',(3.177205006288,15.647226620125));
#8522 = CARTESIAN_POINT('',(3.290749800937,15.755647471668));
#8523 = CARTESIAN_POINT('',(3.404221948857,15.863994022228));
#8524 = CARTESIAN_POINT('',(3.517648015483,15.972296125368));
#8525 = CARTESIAN_POINT('',(3.631073253993,16.080606409821));
#8526 = CARTESIAN_POINT('',(3.744542742172,16.188967787766));
#8527 = CARTESIAN_POINT('',(3.858086389732,16.297404609182));
#8528 = CARTESIAN_POINT('',(4.037090616666,16.468358105286));
#8529 = CARTESIAN_POINT('',(4.102686057247,16.531003446644));
#8530 = CARTESIAN_POINT('',(4.168277919266,16.593644591663));
#8531 = CARTESIAN_POINT('',(4.233865145607,16.656279629801));
#8532 = CARTESIAN_POINT('',(4.299452210044,16.718912233748));
#8533 = CARTESIAN_POINT('',(4.365043672539,16.781546636487));
#8534 = CARTESIAN_POINT('',(4.430638760186,16.844182447904));
#8535 = CARTESIAN_POINT('',(4.567430470935,16.974799915249));
#8536 = CARTESIAN_POINT('',(4.638647237645,17.042800559382));
#8537 = CARTESIAN_POINT('',(4.709858566191,17.110795073905));
#8538 = CARTESIAN_POINT('',(4.781063079099,17.17878339265));
#8539 = CARTESIAN_POINT('',(4.852267567701,17.246773183154));
#8540 = CARTESIAN_POINT('',(4.923478829155,17.314771675794));
#8541 = CARTESIAN_POINT('',(4.994695501919,17.382777691606));
#8542 = CARTESIAN_POINT('',(5.144881273106,17.526196618288));
#8543 = CARTESIAN_POINT('',(5.223884129691,17.601642212003));
#8544 = CARTESIAN_POINT('',(5.302876639307,17.677079665069));
#8545 = CARTESIAN_POINT('',(5.381859594457,17.752508419849));
#8546 = CARTESIAN_POINT('',(5.460842439499,17.827935721588));
#8547 = CARTESIAN_POINT('',(5.539834737192,17.903369696498));
#8548 = CARTESIAN_POINT('',(5.618837645004,17.978812004657));
#8549 = CARTESIAN_POINT('',(5.770985303593,18.124101097685));
#8550 = CARTESIAN_POINT('',(5.844164655448,18.193981130542));
#8551 = CARTESIAN_POINT('',(5.917337713398,18.263855043976));
#8552 = CARTESIAN_POINT('',(5.990502838894,18.333723250957));
#8553 = CARTESIAN_POINT('',(6.063667793387,18.403594082959));
#8554 = CARTESIAN_POINT('',(6.136840456932,18.473473864438));
#8555 = CARTESIAN_POINT('',(6.210019542675,18.54335855102));
#8556 = CARTESIAN_POINT('',(6.28318530718,18.613226931382));
#8557 = ( GEOMETRIC_REPRESENTATION_CONTEXT(2) 
PARAMETRIC_REPRESENTATION_CONTEXT() REPRESENTATION_CONTEXT('2D SPACE',''
  ) );
#8558 = PCURVE('',#7190,#8559);
#8559 = DEFINITIONAL_REPRESENTATION('',(#8560),#8640);
#8560 = B_SPLINE_CURVE_WITH_KNOTS('',8,(#8561,#8562,#8563,#8564,#8565,
    #8566,#8567,#8568,#8569,#8570,#8571,#8572,#8573,#8574,#8575,#8576,
    #8577,#8578,#8579,#8580,#8581,#8582,#8583,#8584,#8585,#8586,#8587,
    #8588,#8589,#8590,#8591,#8592,#8593,#8594,#8595,#8596,#8597,#8598,
    #8599,#8600,#8601,#8602,#8603,#8604,#8605,#8606,#8607,#8608,#8609,
    #8610,#8611,#8612,#8613,#8614,#8615,#8616,#8617,#8618,#8619,#8620,
    #8621,#8622,#8623,#8624,#8625,#8626,#8627,#8628,#8629,#8630,#8631,
    #8632,#8633,#8634,#8635,#8636,#8637,#8638,#8639),.UNSPECIFIED.,.F.,
  .F.,(9,7,7,7,7,7,7,7,7,7,7,9),(0.,0.128866705857,0.251589376423,
    0.310161370039,0.338080207727,0.370770558367,0.487626293855,
    0.632056423335,0.715577509326,0.806251843576,0.906829668458,1.),
  .UNSPECIFIED.);
#8561 = CARTESIAN_POINT('',(0.165008328366,21.719578718505));
#8562 = CARTESIAN_POINT('',(0.165000114886,21.859498655597));
#8563 = CARTESIAN_POINT('',(0.164985917267,21.99951815425));
#8564 = CARTESIAN_POINT('',(0.164968475725,22.139483647439));
#8565 = CARTESIAN_POINT('',(0.164953151478,22.279410535382));
#8566 = CARTESIAN_POINT('',(0.164946628038,22.419337090264));
#8567 = CARTESIAN_POINT('',(0.164949637575,22.559301384251));
#8568 = CARTESIAN_POINT('',(0.164958120292,22.69931946635));
#8569 = CARTESIAN_POINT('',(0.164977141408,22.972487321307));
#8570 = CARTESIAN_POINT('',(0.164987581396,23.105812030506));
#8571 = CARTESIAN_POINT('',(0.164995433535,23.239093954834));
#8572 = CARTESIAN_POINT('',(0.164997097436,23.372344619334));
#8573 = CARTESIAN_POINT('',(0.164990640095,23.505596000445));
#8574 = CARTESIAN_POINT('',(0.164983752944,23.638880255014));
#8575 = CARTESIAN_POINT('',(0.164981754579,23.772206853124));
#8576 = CARTESIAN_POINT('',(0.1649844331,23.96905573414));
#8577 = CARTESIAN_POINT('',(0.164986181991,24.032655657283));
#8578 = CARTESIAN_POINT('',(0.164988653281,24.096255208353));
#8579 = CARTESIAN_POINT('',(0.164991522098,24.159853755099));
#8580 = CARTESIAN_POINT('',(0.164993976901,24.22345188749));
#8581 = CARTESIAN_POINT('',(0.164994926967,24.28705014863));
#8582 = CARTESIAN_POINT('',(0.164993740276,24.350647746239));
#8583 = CARTESIAN_POINT('',(0.16499044958,24.444553625269));
#8584 = CARTESIAN_POINT('',(0.164988886179,24.474866608034));
#8585 = CARTESIAN_POINT('',(0.164987413622,24.505180035102));
#8586 = CARTESIAN_POINT('',(0.164986439171,24.535493715403));
#8587 = CARTESIAN_POINT('',(0.164986185324,24.565807424688));
#8588 = CARTESIAN_POINT('',(0.16498668982,24.59612090553));
#8589 = CARTESIAN_POINT('',(0.164987805631,24.626433867321));
#8590 = CARTESIAN_POINT('',(0.164990834781,24.692238645683));
#8591 = CARTESIAN_POINT('',(0.164993394195,24.72773179818));
#8592 = CARTESIAN_POINT('',(0.164996132521,24.763225292399));
#8593 = CARTESIAN_POINT('',(0.164998505734,24.798718988763));
#8594 = CARTESIAN_POINT('',(0.16500017247,24.834212759484));
#8595 = CARTESIAN_POINT('',(0.165000994032,24.869706488564));
#8596 = CARTESIAN_POINT('',(0.165001034382,24.905200071796));
#8597 = CARTESIAN_POINT('',(0.164998864944,25.06756880504));
#8598 = CARTESIAN_POINT('',(0.164989509724,25.194510912723));
#8599 = CARTESIAN_POINT('',(0.164977323551,25.321423182977));
#8600 = CARTESIAN_POINT('',(0.164976565998,25.448309347596));
#8601 = CARTESIAN_POINT('',(0.164981956181,25.575192893415));
#8602 = CARTESIAN_POINT('',(0.164987804266,25.702099611061));
#8603 = CARTESIAN_POINT('',(0.164990432835,25.829038106976));
#8604 = CARTESIAN_POINT('',(0.164987756557,26.112738319865));
#8605 = CARTESIAN_POINT('',(0.164980418178,26.269735961173));
#8606 = CARTESIAN_POINT('',(0.164966010983,26.426633040499));
#8607 = CARTESIAN_POINT('',(0.164949735517,26.583467617549));
#8608 = CARTESIAN_POINT('',(0.164945119545,26.740302455758));
#8609 = CARTESIAN_POINT('',(0.164952931201,26.897198927508));
#8610 = CARTESIAN_POINT('',(0.164967556531,27.054197869043));
#8611 = CARTESIAN_POINT('',(0.164991514603,27.301709927456));
#8612 = CARTESIAN_POINT('',(0.165000480334,27.392409714734));
#8613 = CARTESIAN_POINT('',(0.165008451178,27.483104414375));
#8614 = CARTESIAN_POINT('',(0.165014107358,27.573792571333));
#8615 = CARTESIAN_POINT('',(0.165016525081,27.664480421463));
#8616 = CARTESIAN_POINT('',(0.16501545141,27.755174345333));
#8617 = CARTESIAN_POINT('',(0.16501132067,27.845873346514));
#8618 = CARTESIAN_POINT('',(0.164998163795,28.035016845857));
#8619 = CARTESIAN_POINT('',(0.164988759754,28.133489213906));
#8620 = CARTESIAN_POINT('',(0.164977833095,28.231954219366));
#8621 = CARTESIAN_POINT('',(0.164967210099,28.330409951784));
#8622 = CARTESIAN_POINT('',(0.164958691539,28.428865724246));
#8623 = CARTESIAN_POINT('',(0.164953489945,28.527330801335));
#8624 = CARTESIAN_POINT('',(0.164951923121,28.625803160164));
#8625 = CARTESIAN_POINT('',(0.164954961985,28.833466720794));
#8626 = CARTESIAN_POINT('',(0.164960280843,28.942704537813));
#8627 = CARTESIAN_POINT('',(0.164968548318,29.05192763758));
#8628 = CARTESIAN_POINT('',(0.164977859521,29.161137105397));
#8629 = CARTESIAN_POINT('',(0.164985426521,29.270346202337));
#8630 = CARTESIAN_POINT('',(0.164989404978,29.37956852751));
#8631 = CARTESIAN_POINT('',(0.164990219615,29.488806062645));
#8632 = CARTESIAN_POINT('',(0.16498846823,29.699182331363));
#8633 = CARTESIAN_POINT('',(0.16498629132,29.80036882047));
#8634 = CARTESIAN_POINT('',(0.164983290447,29.901547267534));
#8635 = CARTESIAN_POINT('',(0.164982351914,30.002715402621));
#8636 = CARTESIAN_POINT('',(0.164985198821,30.103883577355));
#8637 = CARTESIAN_POINT('',(0.164990802594,30.205061971391));
#8638 = CARTESIAN_POINT('',(0.164995744837,30.306248125189));
#8639 = CARTESIAN_POINT('',(0.164996529501,30.407414799114));
#8640 = ( GEOMETRIC_REPRESENTATION_CONTEXT(2) 
PARAMETRIC_REPRESENTATION_CONTEXT() REPRESENTATION_CONTEXT('2D SPACE',''
  ) );
#8641 = ORIENTED_EDGE('',*,*,#8642,.F.);
#8642 = EDGE_CURVE('',#6010,#8392,#8643,.T.);
#8643 = SURFACE_CURVE('',#8644,(#8648,#8655),.PCURVE_S1.);
#8644 = LINE('',#8645,#8646);
#8645 = CARTESIAN_POINT('',(8.65,41.,76.));
#8646 = VECTOR('',#8647,1.);
#8647 = DIRECTION('',(1.110223024625E-16,0.,1.));
#8648 = PCURVE('',#6419,#8649);
#8649 = DEFINITIONAL_REPRESENTATION('',(#8650),#8654);
#8650 = LINE('',#8651,#8652);
#8651 = CARTESIAN_POINT('',(0.,-0.));
#8652 = VECTOR('',#8653,1.);
#8653 = DIRECTION('',(0.,1.));
#8654 = ( GEOMETRIC_REPRESENTATION_CONTEXT(2) 
PARAMETRIC_REPRESENTATION_CONTEXT() REPRESENTATION_CONTEXT('2D SPACE',''
  ) );
#8655 = PCURVE('',#6177,#8656);
#8656 = DEFINITIONAL_REPRESENTATION('',(#8657),#8661);
#8657 = LINE('',#8658,#8659);
#8658 = CARTESIAN_POINT('',(6.28318530718,-0.));
#8659 = VECTOR('',#8660,1.);
#8660 = DIRECTION('',(0.,1.));
#8661 = ( GEOMETRIC_REPRESENTATION_CONTEXT(2) 
PARAMETRIC_REPRESENTATION_CONTEXT() REPRESENTATION_CONTEXT('2D SPACE',''
  ) );
#8662 = ORIENTED_EDGE('',*,*,#6265,.T.);
#8663 = ADVANCED_FACE('',(#8664),#6177,.F.);
#8664 = FACE_BOUND('',#8665,.F.);
#8665 = EDGE_LOOP('',(#8666,#8667,#8876,#8897));
#8666 = ORIENTED_EDGE('',*,*,#8642,.T.);
#8667 = ORIENTED_EDGE('',*,*,#8668,.F.);
#8668 = EDGE_CURVE('',#8669,#8392,#8671,.T.);
#8669 = VERTEX_POINT('',#8670);
#8670 = CARTESIAN_POINT('',(8.65,41.,82.613213864721));
#8671 = SURFACE_CURVE('',#8672,(#8738,#8807),.PCURVE_S1.);
#8672 = B_SPLINE_CURVE_WITH_KNOTS('',8,(#8673,#8674,#8675,#8676,#8677,
    #8678,#8679,#8680,#8681,#8682,#8683,#8684,#8685,#8686,#8687,#8688,
    #8689,#8690,#8691,#8692,#8693,#8694,#8695,#8696,#8697,#8698,#8699,
    #8700,#8701,#8702,#8703,#8704,#8705,#8706,#8707,#8708,#8709,#8710,
    #8711,#8712,#8713,#8714,#8715,#8716,#8717,#8718,#8719,#8720,#8721,
    #8722,#8723,#8724,#8725,#8726,#8727,#8728,#8729,#8730,#8731,#8732,
    #8733,#8734,#8735,#8736,#8737),.UNSPECIFIED.,.F.,.F.,(9,7,7,7,7,7,7,
    7,7,9),(0.,0.113121159155,0.214914305315,0.32591201407,
    0.479729564878,0.608777219465,0.648156356342,0.764701246506,
    0.889636121415,1.),.UNSPECIFIED.);
#8673 = CARTESIAN_POINT('',(8.65,41.,82.613213864721));
#8674 = CARTESIAN_POINT('',(8.65,40.08070404439,82.698030822131));
#8675 = CARTESIAN_POINT('',(8.743317376207,39.160997479478,
    82.782888466961));
#8676 = CARTESIAN_POINT('',(8.930097528572,38.252549078308,
    82.867729996826));
#8677 = CARTESIAN_POINT('',(9.208567491073,37.366409787722,
    82.952555028109));
#8678 = CARTESIAN_POINT('',(9.575592677642,36.513142943579,
    83.037374873689));
#8679 = CARTESIAN_POINT('',(10.02665172896,35.70279188863,
    83.122205510413));
#8680 = CARTESIAN_POINT('',(10.555887326437,34.944869176306,
    83.207053181991));
#8681 = CARTESIAN_POINT('',(11.695279307445,33.621117169604,
    83.368186898041));
#8682 = CARTESIAN_POINT('',(12.292372947181,33.043248824349,
    83.444528567265));
#8683 = CARTESIAN_POINT('',(12.941461700887,32.520918437723,
    83.520860530966));
#8684 = CARTESIAN_POINT('',(13.636431743182,32.059505313462,
    83.597185110458));
#8685 = CARTESIAN_POINT('',(14.370645023648,31.663528844688,
    83.673512567996));
#8686 = CARTESIAN_POINT('',(15.136990877097,31.336707988547,
    83.749852200064));
#8687 = CARTESIAN_POINT('',(15.927861955997,31.081892729678,
    83.826204608486));
#8688 = CARTESIAN_POINT('',(17.615302423398,30.703453868898,
    83.985777335785));
#8689 = CARTESIAN_POINT('',(18.51552967712,30.593648759868,
    84.069047979925));
#8690 = CARTESIAN_POINT('',(19.425073637566,30.573968040113,
    84.152299513706));
#8691 = CARTESIAN_POINT('',(20.333394511158,30.645101091524,
    84.235532880958));
#8692 = CARTESIAN_POINT('',(21.23010230697,30.806401295888,
    84.318761064771));
#8693 = CARTESIAN_POINT('',(22.104983630682,31.055860394175,
    84.401999337708));
#8694 = CARTESIAN_POINT('',(22.948022194215,31.390141219379,
    84.485253072023));
#8695 = CARTESIAN_POINT('',(24.860217759901,32.377757043972,
    84.683802287821));
#8696 = CARTESIAN_POINT('',(25.893296483203,33.105539436494,
    84.799291835331));
#8697 = CARTESIAN_POINT('',(26.821141732271,33.974134285195,
    84.914688746148));
#8698 = CARTESIAN_POINT('',(27.622377030643,34.96499143926,
    85.030040656133));
#8699 = CARTESIAN_POINT('',(28.279025212598,36.057050823388,
    85.145401322818));
#8700 = CARTESIAN_POINT('',(28.777457099958,37.226212230106,
    85.26081312034));
#8701 = CARTESIAN_POINT('',(29.10754852413,38.446049965676,
    85.376318461857));
#8702 = CARTESIAN_POINT('',(29.399399750327,40.726301469573,
    85.5884195135));
#8703 = CARTESIAN_POINT('',(29.412171134704,41.782762012057,
    85.685251323665));
#8704 = CARTESIAN_POINT('',(29.302029989946,42.837989472223,
    85.782044621096));
#8705 = CARTESIAN_POINT('',(29.069980058179,43.875352756485,
    85.878813156043));
#8706 = CARTESIAN_POINT('',(28.719289941155,44.878826166102,
    85.975588184841));
#8707 = CARTESIAN_POINT('',(28.255657303476,45.833087564541,
    86.072395329952));
#8708 = CARTESIAN_POINT('',(27.686995304955,46.723510850661,
    86.169220325401));
#8709 = CARTESIAN_POINT('',(26.822492915667,47.784801446703,
    86.29550259462));
#8710 = CARTESIAN_POINT('',(26.611596255342,48.025796433199,
    86.325028207575));
#8711 = CARTESIAN_POINT('',(26.39222600399,48.259286038413,
    86.354554782861));
#8712 = CARTESIAN_POINT('',(26.164695219949,48.484922692084,
    86.384082751927));
#8713 = CARTESIAN_POINT('',(25.929332500935,48.702375874867,
    86.413612119192));
#8714 = CARTESIAN_POINT('',(25.686481984051,48.911332118336,
    86.443142462051));
#8715 = CARTESIAN_POINT('',(25.43650334578,49.11149500498,
    86.472672930866));
#8716 = CARTESIAN_POINT('',(24.419959577902,49.86812783499,
    86.589596016552));
#8717 = CARTESIAN_POINT('',(23.600640323113,50.354468823685,
    86.677026743274));
#8718 = CARTESIAN_POINT('',(22.731964539231,50.753850323743,
    86.764428255857));
#8719 = CARTESIAN_POINT('',(21.824813679407,51.060672968384,
    86.851818525741));
#8720 = CARTESIAN_POINT('',(20.890535104943,51.270883117178,
    86.939213845115));
#8721 = CARTESIAN_POINT('',(19.940928239423,51.38203476296,
    87.026628023082));
#8722 = CARTESIAN_POINT('',(18.98819903041,51.393243723031,
    87.114062780392));
#8723 = CARTESIAN_POINT('',(17.034018692689,51.212168836069,
    87.29513562096));
#8724 = CARTESIAN_POINT('',(16.032854296627,51.005071624853,
    87.388872975523));
#8725 = CARTESIAN_POINT('',(15.057392856866,50.685779018691,
    87.482574176284));
#8726 = CARTESIAN_POINT('',(14.122175431672,50.25834945585,
    87.576248642309));
#8727 = CARTESIAN_POINT('',(13.24080895053,49.728700756526,
    87.669925136477));
#8728 = CARTESIAN_POINT('',(12.425867663651,49.104706923862,
    87.763630837858));
#8729 = CARTESIAN_POINT('',(11.688930364697,48.39606082659,
    87.857374453866));
#8730 = CARTESIAN_POINT('',(10.466691833924,46.925339828234,
    88.033821028395));
#8731 = CARTESIAN_POINT('',(9.961513684308,46.178470223572,
    88.116616254126));
#8732 = CARTESIAN_POINT('',(9.531424551671,45.382778110189,
    88.199396974583));
#8733 = CARTESIAN_POINT('',(9.181758571025,44.547175217997,
    88.282163478241));
#8734 = CARTESIAN_POINT('',(8.9166159471,43.681041299183,88.364926508393
    ));
#8735 = CARTESIAN_POINT('',(8.738832930186,42.794209693794,
    88.447698257348));
#8736 = CARTESIAN_POINT('',(8.65,41.896935241596,88.530482175235));
#8737 = CARTESIAN_POINT('',(8.65,41.,88.613231921438));
#8738 = PCURVE('',#6177,#8739);
#8739 = DEFINITIONAL_REPRESENTATION('',(#8740),#8806);
#8740 = B_SPLINE_CURVE_WITH_KNOTS('',8,(#8741,#8742,#8743,#8744,#8745,
    #8746,#8747,#8748,#8749,#8750,#8751,#8752,#8753,#8754,#8755,#8756,
    #8757,#8758,#8759,#8760,#8761,#8762,#8763,#8764,#8765,#8766,#8767,
    #8768,#8769,#8770,#8771,#8772,#8773,#8774,#8775,#8776,#8777,#8778,
    #8779,#8780,#8781,#8782,#8783,#8784,#8785,#8786,#8787,#8788,#8789,
    #8790,#8791,#8792,#8793,#8794,#8795,#8796,#8797,#8798,#8799,#8800,
    #8801,#8802,#8803,#8804,#8805),.UNSPECIFIED.,.F.,.F.,(9,7,7,7,7,7,7,
    7,7,9),(0.,0.113121159155,0.214914305315,0.32591201407,
    0.479729564878,0.608777219465,0.648156356342,0.764701246506,
    0.889636121415,1.),.UNSPECIFIED.);
#8741 = CARTESIAN_POINT('',(0.,6.613213864721));
#8742 = CARTESIAN_POINT('',(8.882086527637E-02,6.698030822131));
#8743 = CARTESIAN_POINT('',(0.177681371247,6.782888466961));
#8744 = CARTESIAN_POINT('',(0.266522117397,6.867729996826));
#8745 = CARTESIAN_POINT('',(0.355346155109,6.952555028109));
#8746 = CARTESIAN_POINT('',(0.444169387217,7.037374873689));
#8747 = CARTESIAN_POINT('',(0.533008069758,7.122205510413));
#8748 = CARTESIAN_POINT('',(0.621866893294,7.207053181991));
#8749 = CARTESIAN_POINT('',(0.790618356347,7.368186898041));
#8750 = CARTESIAN_POINT('',(0.870569229524,7.444528567265));
#8751 = CARTESIAN_POINT('',(0.950508470011,7.520860530966));
#8752 = CARTESIAN_POINT('',(1.030436709187,7.597185110458));
#8753 = CARTESIAN_POINT('',(1.110363941221,7.673512567996));
#8754 = CARTESIAN_POINT('',(1.190300548115,7.749852200064));
#8755 = CARTESIAN_POINT('',(1.270248787855,7.826204608486));
#8756 = CARTESIAN_POINT('',(1.437336299718,7.985777335785));
#8757 = CARTESIAN_POINT('',(1.524528243091,8.069047979925));
#8758 = CARTESIAN_POINT('',(1.611702093365,8.152299513706));
#8759 = CARTESIAN_POINT('',(1.698861025285,8.235532880958));
#8760 = CARTESIAN_POINT('',(1.786019743993,8.318761064771));
#8761 = CARTESIAN_POINT('',(1.873193085508,8.401999337708));
#8762 = CARTESIAN_POINT('',(1.960384553172,8.485253072023));
#8763 = CARTESIAN_POINT('',(2.168324608174,8.683802287821));
#8764 = CARTESIAN_POINT('',(2.289276383087,8.799291835331));
#8765 = CARTESIAN_POINT('',(2.410125758455,8.914688746148));
#8766 = CARTESIAN_POINT('',(2.530917673457,9.030040656133));
#8767 = CARTESIAN_POINT('',(2.651709925834,9.145401322818));
#8768 = CARTESIAN_POINT('',(2.77255979065,9.26081312034));
#8769 = CARTESIAN_POINT('',(2.89351336156,9.376318461857));
#8770 = CARTESIAN_POINT('',(3.115624740327,9.5884195135));
#8771 = CARTESIAN_POINT('',(3.217028846301,9.685251323665));
#8772 = CARTESIAN_POINT('',(3.318393270827,9.782044621096));
#8773 = CARTESIAN_POINT('',(3.419728386678,9.878813156043));
#8774 = CARTESIAN_POINT('',(3.521062520956,9.975588184841));
#8775 = CARTESIAN_POINT('',(3.622424060833,10.072395329952));
#8776 = CARTESIAN_POINT('',(3.723826204803,10.169220325401));
#8777 = CARTESIAN_POINT('',(3.856080541945,10.29550259462));
#8778 = CARTESIAN_POINT('',(3.887002515735,10.325028207575));
#8779 = CARTESIAN_POINT('',(3.9179245095,10.354554782861));
#8780 = CARTESIAN_POINT('',(3.948846436321,10.384082751927));
#8781 = CARTESIAN_POINT('',(3.979768263793,10.413612119192));
#8782 = CARTESIAN_POINT('',(4.010690014033,10.443142462051));
#8783 = CARTESIAN_POINT('',(4.04161176367,10.472672930866));
#8784 = CARTESIAN_POINT('',(4.164048781452,10.589596016552));
#8785 = CARTESIAN_POINT('',(4.255606950152,10.677026743274));
#8786 = CARTESIAN_POINT('',(4.347142120568,10.764428255857));
#8787 = CARTESIAN_POINT('',(4.438659164276,10.851818525741));
#8788 = CARTESIAN_POINT('',(4.530176311211,10.939213845115));
#8789 = CARTESIAN_POINT('',(4.621711697429,11.026628023082));
#8790 = CARTESIAN_POINT('',(4.713270221406,11.114062780392));
#8791 = CARTESIAN_POINT('',(4.902888736544,11.29513562096));
#8792 = CARTESIAN_POINT('',(5.001053090639,11.388872975523));
#8793 = CARTESIAN_POINT('',(5.099184047877,11.482574176284));
#8794 = CARTESIAN_POINT('',(5.197290494714,11.576248642309));
#8795 = CARTESIAN_POINT('',(5.295397278454,11.669925136477));
#8796 = CARTESIAN_POINT('',(5.393529284502,11.763630837858));
#8797 = CARTESIAN_POINT('',(5.491695387621,11.857374453866));
#8798 = CARTESIAN_POINT('',(5.676458571372,12.033821028395));
#8799 = CARTESIAN_POINT('',(5.763153145171,12.116616254126));
#8800 = CARTESIAN_POINT('',(5.849830539039,12.199396974583));
#8801 = CARTESIAN_POINT('',(5.936493333192,12.282163478241));
#8802 = CARTESIAN_POINT('',(6.023155652204,12.364926508393));
#8803 = CARTESIAN_POINT('',(6.109831736646,12.447698257348));
#8804 = CARTESIAN_POINT('',(6.196524897364,12.530482175235));
#8805 = CARTESIAN_POINT('',(6.28318530718,12.613231921438));
#8806 = ( GEOMETRIC_REPRESENTATION_CONTEXT(2) 
PARAMETRIC_REPRESENTATION_CONTEXT() REPRESENTATION_CONTEXT('2D SPACE',''
  ) );
#8807 = PCURVE('',#7190,#8808);
#8808 = DEFINITIONAL_REPRESENTATION('',(#8809),#8875);
#8809 = B_SPLINE_CURVE_WITH_KNOTS('',8,(#8810,#8811,#8812,#8813,#8814,
    #8815,#8816,#8817,#8818,#8819,#8820,#8821,#8822,#8823,#8824,#8825,
    #8826,#8827,#8828,#8829,#8830,#8831,#8832,#8833,#8834,#8835,#8836,
    #8837,#8838,#8839,#8840,#8841,#8842,#8843,#8844,#8845,#8846,#8847,
    #8848,#8849,#8850,#8851,#8852,#8853,#8854,#8855,#8856,#8857,#8858,
    #8859,#8860,#8861,#8862,#8863,#8864,#8865,#8866,#8867,#8868,#8869,
    #8870,#8871,#8872,#8873,#8874),.UNSPECIFIED.,.F.,.F.,(9,7,7,7,7,7,7,
    7,7,9),(0.,0.113121159155,0.214914305315,0.32591201407,
    0.479729564878,0.608777219465,0.648156356342,0.764701246506,
    0.889636121415,1.),.UNSPECIFIED.);
#8810 = CARTESIAN_POINT('',(0.164983318336,13.031745841072));
#8811 = CARTESIAN_POINT('',(0.16498007738,13.154561634919));
#8812 = CARTESIAN_POINT('',(0.164980823547,13.277432381303));
#8813 = CARTESIAN_POINT('',(0.164986372223,13.40027502177));
#8814 = CARTESIAN_POINT('',(0.164992592693,13.523093105242));
#8815 = CARTESIAN_POINT('',(0.164993484541,13.64590897463));
#8816 = CARTESIAN_POINT('',(0.164989061514,13.768745750279));
#8817 = CARTESIAN_POINT('',(0.164981395777,13.891610413957));
#8818 = CARTESIAN_POINT('',(0.164965977967,14.124942831365));
#8819 = CARTESIAN_POINT('',(0.164958309142,14.235491045458));
#8820 = CARTESIAN_POINT('',(0.164952233117,14.346023623578));
#8821 = CARTESIAN_POINT('',(0.164950206719,14.456541485762));
#8822 = CARTESIAN_POINT('',(0.164953440244,14.567058288885));
#8823 = CARTESIAN_POINT('',(0.164961273909,14.677588149572));
#8824 = CARTESIAN_POINT('',(0.164971604383,14.788134029165));
#8825 = CARTESIAN_POINT('',(0.16499394337,15.019168662566));
#8826 = CARTESIAN_POINT('',(0.165006019158,15.139730219097));
#8827 = CARTESIAN_POINT('',(0.165015690521,15.26026649346));
#8828 = CARTESIAN_POINT('',(0.16501988731,15.380781902873));
#8829 = CARTESIAN_POINT('',(0.165016855775,15.501296989064));
#8830 = CARTESIAN_POINT('',(0.165007982969,15.621832488061));
#8831 = CARTESIAN_POINT('',(0.164996167996,15.74239329811));
#8832 = CARTESIAN_POINT('',(0.164967757116,16.029915219167));
#8833 = CARTESIAN_POINT('',(0.164951045963,16.197157446845));
#8834 = CARTESIAN_POINT('',(0.164941707716,16.364258213281));
#8835 = CARTESIAN_POINT('',(0.164947196031,16.531279087723));
#8836 = CARTESIAN_POINT('',(0.164966713186,16.698298702216));
#8837 = CARTESIAN_POINT('',(0.164981858221,16.865396696972));
#8838 = CARTESIAN_POINT('',(0.164988511776,17.032638578157));
#8839 = CARTESIAN_POINT('',(0.164990263192,17.339753207093));
#8840 = CARTESIAN_POINT('',(0.16498706321,17.479966129767));
#8841 = CARTESIAN_POINT('',(0.164981519982,17.620125615394));
#8842 = CARTESIAN_POINT('',(0.164979254041,17.760245989237));
#8843 = CARTESIAN_POINT('',(0.164987108159,17.90036571045));
#8844 = CARTESIAN_POINT('',(0.165006183057,18.040520785939));
#8845 = CARTESIAN_POINT('',(0.164998907566,18.180727890619));
#8846 = CARTESIAN_POINT('',(0.164985435589,18.363594457849));
#8847 = CARTESIAN_POINT('',(0.164981846051,18.406350283293));
#8848 = CARTESIAN_POINT('',(0.164979514796,18.449106251901));
#8849 = CARTESIAN_POINT('',(0.164979364291,18.491862071815));
#8850 = CARTESIAN_POINT('',(0.164981541468,18.53461760344));
#8851 = CARTESIAN_POINT('',(0.164985417728,18.577372859444));
#8852 = CARTESIAN_POINT('',(0.16498958894,18.620128004759));
#8853 = CARTESIAN_POINT('',(0.164998642469,18.78942035503));
#8854 = CARTESIAN_POINT('',(0.164998773698,18.916017462784));
#8855 = CARTESIAN_POINT('',(0.164985435236,19.042585653119));
#8856 = CARTESIAN_POINT('',(0.164979282552,19.169130424361));
#8857 = CARTESIAN_POINT('',(0.16498071762,19.295674967743));
#8858 = CARTESIAN_POINT('',(0.164985311099,19.422243679559));
#8859 = CARTESIAN_POINT('',(0.164988846384,19.548843241137));
#8860 = CARTESIAN_POINT('',(0.164990159541,19.811030326851));
#8861 = CARTESIAN_POINT('',(0.164987498969,19.9467620287));
#8862 = CARTESIAN_POINT('',(0.164979234582,20.082446948953));
#8863 = CARTESIAN_POINT('',(0.164965885456,20.218098210384));
#8864 = CARTESIAN_POINT('',(0.164954134029,20.353750820996));
#8865 = CARTESIAN_POINT('',(0.164949097001,20.489439051233));
#8866 = CARTESIAN_POINT('',(0.164951424896,20.625174862812));
#8867 = CARTESIAN_POINT('',(0.164966002565,20.880650065202));
#8868 = CARTESIAN_POINT('',(0.164977068261,21.000524232875));
#8869 = CARTESIAN_POINT('',(0.164991005507,21.120374544074));
#8870 = CARTESIAN_POINT('',(0.165004836643,21.240204375182));
#8871 = CARTESIAN_POINT('',(0.16501458682,21.360033231696));
#8872 = CARTESIAN_POINT('',(0.165018017069,21.479880992429));
#8873 = CARTESIAN_POINT('',(0.165015362324,21.599752419637));
#8874 = CARTESIAN_POINT('',(0.165008328366,21.719578718505));
#8875 = ( GEOMETRIC_REPRESENTATION_CONTEXT(2) 
PARAMETRIC_REPRESENTATION_CONTEXT() REPRESENTATION_CONTEXT('2D SPACE',''
  ) );
#8876 = ORIENTED_EDGE('',*,*,#8877,.F.);
#8877 = EDGE_CURVE('',#5901,#8669,#8878,.T.);
#8878 = SURFACE_CURVE('',#8879,(#8883,#8890),.PCURVE_S1.);
#8879 = LINE('',#8880,#8881);
#8880 = CARTESIAN_POINT('',(8.65,41.,76.));
#8881 = VECTOR('',#8882,1.);
#8882 = DIRECTION('',(1.110223024625E-16,0.,1.));
#8883 = PCURVE('',#6177,#8884);
#8884 = DEFINITIONAL_REPRESENTATION('',(#8885),#8889);
#8885 = LINE('',#8886,#8887);
#8886 = CARTESIAN_POINT('',(0.,-0.));
#8887 = VECTOR('',#8888,1.);
#8888 = DIRECTION('',(0.,1.));
#8889 = ( GEOMETRIC_REPRESENTATION_CONTEXT(2) 
PARAMETRIC_REPRESENTATION_CONTEXT() REPRESENTATION_CONTEXT('2D SPACE',''
  ) );
#8890 = PCURVE('',#5970,#8891);
#8891 = DEFINITIONAL_REPRESENTATION('',(#8892),#8896);
#8892 = LINE('',#8893,#8894);
#8893 = CARTESIAN_POINT('',(6.28318530718,-0.));
#8894 = VECTOR('',#8895,1.);
#8895 = DIRECTION('',(0.,1.));
#8896 = ( GEOMETRIC_REPRESENTATION_CONTEXT(2) 
PARAMETRIC_REPRESENTATION_CONTEXT() REPRESENTATION_CONTEXT('2D SPACE',''
  ) );
#8897 = ORIENTED_EDGE('',*,*,#6009,.T.);
#8898 = ADVANCED_FACE('',(#8899),#5970,.F.);
#8899 = FACE_BOUND('',#8900,.F.);
#8900 = EDGE_LOOP('',(#8901,#8902,#8903,#9154,#9178));
#8901 = ORIENTED_EDGE('',*,*,#5900,.T.);
#8902 = ORIENTED_EDGE('',*,*,#8877,.T.);
#8903 = ORIENTED_EDGE('',*,*,#8904,.F.);
#8904 = EDGE_CURVE('',#8905,#8669,#8907,.T.);
#8905 = VERTEX_POINT('',#8906);
#8906 = CARTESIAN_POINT('',(21.011578566724,30.847362331525,78.3));
#8907 = SURFACE_CURVE('',#8908,(#8988,#9071),.PCURVE_S1.);
#8908 = B_SPLINE_CURVE_WITH_KNOTS('',8,(#8909,#8910,#8911,#8912,#8913,
    #8914,#8915,#8916,#8917,#8918,#8919,#8920,#8921,#8922,#8923,#8924,
    #8925,#8926,#8927,#8928,#8929,#8930,#8931,#8932,#8933,#8934,#8935,
    #8936,#8937,#8938,#8939,#8940,#8941,#8942,#8943,#8944,#8945,#8946,
    #8947,#8948,#8949,#8950,#8951,#8952,#8953,#8954,#8955,#8956,#8957,
    #8958,#8959,#8960,#8961,#8962,#8963,#8964,#8965,#8966,#8967,#8968,
    #8969,#8970,#8971,#8972,#8973,#8974,#8975,#8976,#8977,#8978,#8979,
    #8980,#8981,#8982,#8983,#8984,#8985,#8986,#8987),.UNSPECIFIED.,.F.,
  .F.,(9,7,7,7,7,7,7,7,7,7,7,9),(0.,0.134600327907,0.210191348548,
    0.273304649688,0.400399132124,0.558413642931,0.689598257461,
    0.836518958791,0.881159050592,0.914313586908,0.954058385464,1.),
  .UNSPECIFIED.);
#8909 = CARTESIAN_POINT('',(8.65,41.,76.613202015155));
#8910 = CARTESIAN_POINT('',(8.65,39.906208601231,76.714124870117));
#8911 = CARTESIAN_POINT('',(8.782105745434,38.811473908961,
    76.815135991803));
#8912 = CARTESIAN_POINT('',(9.046712796386,37.735883944355,
    76.916097473717));
#8913 = CARTESIAN_POINT('',(9.440092340876,36.697979185341,
    77.017021411494));
#8914 = CARTESIAN_POINT('',(9.956022216654,35.715237555802,
    77.117937671947));
#8915 = CARTESIAN_POINT('',(10.585539296667,34.803903103185,
    77.218887913035));
#8916 = CARTESIAN_POINT('',(11.317230017095,33.97903171218,
    77.31989037222));
#8917 = CARTESIAN_POINT('',(12.595654535677,32.846215120229,
    77.477494330522));
#8918 = CARTESIAN_POINT('',(13.083088855328,32.469969683405,
    77.534178627475));
#8919 = CARTESIAN_POINT('',(13.595676733547,32.127124575837,
    77.590862314257));
#8920 = CARTESIAN_POINT('',(14.130729069313,31.819621294199,
    77.647535915032));
#8921 = CARTESIAN_POINT('',(14.685407386634,31.549132325932,
    77.7042154123));
#8922 = CARTESIAN_POINT('',(15.256743956441,31.317062834372,
    77.760882228406));
#8923 = CARTESIAN_POINT('',(15.84162339475,31.124549877635,
    77.817556424776));
#8924 = CARTESIAN_POINT('',(16.933698243929,30.845397247756,
    77.921556711014));
#8925 = CARTESIAN_POINT('',(17.437849365058,30.746509128263,
    77.968886380423));
#8926 = CARTESIAN_POINT('',(17.947328018698,30.676248961621,
    78.016213926097));
#8927 = CARTESIAN_POINT('',(18.460222738633,30.634940716703,
    78.063537207287));
#8928 = CARTESIAN_POINT('',(18.974620580912,30.622753711066,
    78.11085772754));
#8929 = CARTESIAN_POINT('',(19.488609088793,30.639710944489,
    78.158177854352));
#8930 = CARTESIAN_POINT('',(20.000277447426,30.685688465574,
    78.205499010837));
#8931 = CARTESIAN_POINT('',(21.529573462482,30.910867831654,
    78.34811522598));
#8932 = CARTESIAN_POINT('',(22.53496582987,31.177976339953,
    78.443475990122));
#8933 = CARTESIAN_POINT('',(23.507265074225,31.559565078002,
    78.538806316151));
#8934 = CARTESIAN_POINT('',(24.431428521438,32.050476640088,
    78.634113831928));
#8935 = CARTESIAN_POINT('',(25.293529231929,32.643643235109,
    78.729415593768));
#8936 = CARTESIAN_POINT('',(26.080871698702,33.329970839507,
    78.824737352519));
#8937 = CARTESIAN_POINT('',(26.781944510457,34.098501476527,
    78.920091268816));
#8938 = CARTESIAN_POINT('',(28.139598262456,35.97612501224,
    79.133854235917));
#8939 = CARTESIAN_POINT('',(28.745681925796,37.125104896521,
    79.252514747846));
#8940 = CARTESIAN_POINT('',(29.184993822279,38.355921334513,
    79.371066076648));
#8941 = CARTESIAN_POINT('',(29.446197558081,39.640043197827,
    79.489568660176));
#8942 = CARTESIAN_POINT('',(29.522479231679,40.948238963711,
    79.608081596018));
#8943 = CARTESIAN_POINT('',(29.412942099695,42.250508722855,
    79.726653211233));
#8944 = CARTESIAN_POINT('',(29.121237688376,43.516369066878,
    79.845331734446));
#8945 = CARTESIAN_POINT('',(28.277645884488,45.710031048194,
    80.062178647412));
#8946 = CARTESIAN_POINT('',(27.777564606723,46.660771904307,
    80.160608581173));
#8947 = CARTESIAN_POINT('',(27.166401321101,47.549832903823,
    80.258991212678));
#8948 = CARTESIAN_POINT('',(26.453417079757,48.362392703773,
    80.357342561755));
#8949 = CARTESIAN_POINT('',(25.649670824783,49.085324649585,
    80.455697722852));
#8950 = CARTESIAN_POINT('',(24.768145103255,49.707397919195,
    80.554089782418));
#8951 = CARTESIAN_POINT('',(23.823553182347,50.21912840333,
    80.652530587647));
#8952 = CARTESIAN_POINT('',(21.724264997597,51.056161312303,
    80.861055297059));
#8953 = CARTESIAN_POINT('',(20.55557405291,51.35268767026,
    80.971355702816));
#8954 = CARTESIAN_POINT('',(19.351634675759,51.49309400753,
    81.081578792863));
#8955 = CARTESIAN_POINT('',(18.136782181971,51.473572964756,
    81.191751465698));
#8956 = CARTESIAN_POINT('',(16.935133763066,51.293926859647,
    81.301912050701));
#8957 = CARTESIAN_POINT('',(15.770451724951,50.958302178833,
    81.412117921425));
#8958 = CARTESIAN_POINT('',(14.666109206118,50.474461086112,
    81.522406749128));
#8959 = CARTESIAN_POINT('',(13.333999535513,49.668941079029,
    81.666040305966));
#8960 = CARTESIAN_POINT('',(13.03108565838,49.468788198853,
    81.699512639825));
#8961 = CARTESIAN_POINT('',(12.736272373054,49.256551761718,
    81.732985398514));
#8962 = CARTESIAN_POINT('',(12.450123026727,49.032616957882,
    81.766458187751));
#8963 = CARTESIAN_POINT('',(12.173176091328,48.797398032067,
    81.799930690243));
#8964 = CARTESIAN_POINT('',(11.905945163521,48.55133828346,
    81.833402665694));
#8965 = CARTESIAN_POINT('',(11.64891896471,48.294910065713,
    81.866873950797));
#8966 = CARTESIAN_POINT('',(11.219589656812,47.83083525437,
    81.925203260887));
#8967 = CARTESIAN_POINT('',(11.042503575464,47.62761397626,
    81.950061440199));
#8968 = CARTESIAN_POINT('',(10.871491078153,47.419153811129,
    81.974919115861));
#8969 = CARTESIAN_POINT('',(10.706731583292,47.20566554491,
    81.999776482284));
#8970 = CARTESIAN_POINT('',(10.548395946547,46.987367890957,
    82.024633809607));
#8971 = CARTESIAN_POINT('',(10.396646460834,46.764487490043,
    82.049491443696));
#8972 = CARTESIAN_POINT('',(10.251636856318,46.537258910361,
    82.074349806146));
#8973 = CARTESIAN_POINT('',(9.947932163876,46.028607130892,
    82.129010424008));
#8974 = CARTESIAN_POINT('',(9.79223902069,45.745378194919,
    82.158812091595));
#8975 = CARTESIAN_POINT('',(9.646680328889,45.456651403277,
    82.188614772575));
#8976 = CARTESIAN_POINT('',(9.511482179191,45.162850770655,
    82.218418159417));
#8977 = CARTESIAN_POINT('',(9.386849037342,44.864410824074,
    82.248221586359));
#8978 = CARTESIAN_POINT('',(9.272963486459,44.5617766642,82.278024354249
    ));
#8979 = CARTESIAN_POINT('',(9.169985969365,44.25540402666,
    82.307826055384));
#8980 = CARTESIAN_POINT('',(8.971789589081,43.587836364766,
    82.372074144025));
#8981 = CARTESIAN_POINT('',(8.880277006089,43.225519461717,
    82.406521999915));
#8982 = CARTESIAN_POINT('',(8.8037316493,42.859525542808,82.440969963813
    ));
#8983 = CARTESIAN_POINT('',(8.742324138256,42.490579064109,
    82.475418122596));
#8984 = CARTESIAN_POINT('',(8.696182688839,42.119411551082,
    82.509866745224));
#8985 = CARTESIAN_POINT('',(8.665393545224,41.746761332572,
    82.544315932696));
#8986 = CARTESIAN_POINT('',(8.649999999647,41.373373486896,
    82.57876532495));
#8987 = CARTESIAN_POINT('',(8.65,41.,82.613213864721));
#8988 = PCURVE('',#5970,#8989);
#8989 = DEFINITIONAL_REPRESENTATION('',(#8990),#9070);
#8990 = B_SPLINE_CURVE_WITH_KNOTS('',8,(#8991,#8992,#8993,#8994,#8995,
    #8996,#8997,#8998,#8999,#9000,#9001,#9002,#9003,#9004,#9005,#9006,
    #9007,#9008,#9009,#9010,#9011,#9012,#9013,#9014,#9015,#9016,#9017,
    #9018,#9019,#9020,#9021,#9022,#9023,#9024,#9025,#9026,#9027,#9028,
    #9029,#9030,#9031,#9032,#9033,#9034,#9035,#9036,#9037,#9038,#9039,
    #9040,#9041,#9042,#9043,#9044,#9045,#9046,#9047,#9048,#9049,#9050,
    #9051,#9052,#9053,#9054,#9055,#9056,#9057,#9058,#9059,#9060,#9061,
    #9062,#9063,#9064,#9065,#9066,#9067,#9068,#9069),.UNSPECIFIED.,.F.,
  .F.,(9,7,7,7,7,7,7,7,7,7,7,9),(0.,0.134600327907,0.210191348548,
    0.273304649688,0.400399132124,0.558413642931,0.689598257461,
    0.836518958791,0.881159050592,0.914313586908,0.954058385464,1.),
  .UNSPECIFIED.);
#8991 = CARTESIAN_POINT('',(0.,0.613202015155));
#8992 = CARTESIAN_POINT('',(0.105680328383,0.714124870117));
#8993 = CARTESIAN_POINT('',(0.211451649506,0.815135991803));
#8994 = CARTESIAN_POINT('',(0.317172763617,0.916097473716));
#8995 = CARTESIAN_POINT('',(0.422859307659,1.017021411494));
#8996 = CARTESIAN_POINT('',(0.528544604018,1.117937671947));
#8997 = CARTESIAN_POINT('',(0.634262283653,1.218887913035));
#8998 = CARTESIAN_POINT('',(0.740028599092,1.31989037222));
#8999 = CARTESIAN_POINT('',(0.905063463963,1.477494330522));
#9000 = CARTESIAN_POINT('',(0.96442022559,1.534178627475));
#9001 = CARTESIAN_POINT('',(1.023774312185,1.590862314257));
#9002 = CARTESIAN_POINT('',(1.083125680094,1.647535915032));
#9003 = CARTESIAN_POINT('',(1.142476508764,1.7042154123));
#9004 = CARTESIAN_POINT('',(1.201830039951,1.760882228406));
#9005 = CARTESIAN_POINT('',(1.261186192877,1.817556424776));
#9006 = CARTESIAN_POINT('',(1.370093283717,1.921556711014));
#9007 = CARTESIAN_POINT('',(1.419652309247,1.968886380423));
#9008 = CARTESIAN_POINT('',(1.469210535396,2.016213926097));
#9009 = CARTESIAN_POINT('',(1.518766692261,2.063537207287));
#9010 = CARTESIAN_POINT('',(1.568321596429,2.11085772754));
#9011 = CARTESIAN_POINT('',(1.617876750101,2.158177854352));
#9012 = CARTESIAN_POINT('',(1.667433055788,2.205499010837));
#9013 = CARTESIAN_POINT('',(1.816784287967,2.34811522598));
#9014 = CARTESIAN_POINT('',(1.916646825805,2.443475990122));
#9015 = CARTESIAN_POINT('',(2.016472381925,2.538806316151));
#9016 = CARTESIAN_POINT('',(2.116270863189,2.634113831929));
#9017 = CARTESIAN_POINT('',(2.216069002186,2.729415593768));
#9018 = CARTESIAN_POINT('',(2.315893614281,2.824737352519));
#9019 = CARTESIAN_POINT('',(2.415755279342,2.920091268816));
#9020 = CARTESIAN_POINT('',(2.639624284745,3.133854235917));
#9021 = CARTESIAN_POINT('',(2.763895127075,3.252514747846));
#9022 = CARTESIAN_POINT('',(2.888046467129,3.371066076648));
#9023 = CARTESIAN_POINT('',(3.012133969948,3.489568660175));
#9024 = CARTESIAN_POINT('',(3.136221466021,3.608081596019));
#9025 = CARTESIAN_POINT('',(3.260372803374,3.726653211233));
#9026 = CARTESIAN_POINT('',(3.384643726418,3.845331734446));
#9027 = CARTESIAN_POINT('',(3.611723589576,4.062178647412));
#9028 = CARTESIAN_POINT('',(3.714803915299,4.160608581173));
#9029 = CARTESIAN_POINT('',(3.817840344672,4.258991212678));
#9030 = CARTESIAN_POINT('',(3.920847231526,4.357342561755));
#9031 = CARTESIAN_POINT('',(4.023855764751,4.455697722852));
#9032 = CARTESIAN_POINT('',(4.12689675037,4.554089782418));
#9033 = CARTESIAN_POINT('',(4.229983182118,4.652530587647));
#9034 = CARTESIAN_POINT('',(4.44834141762,4.861055297059));
#9035 = CARTESIAN_POINT('',(4.563839039367,4.971355702816));
#9036 = CARTESIAN_POINT('',(4.679254807027,5.081578792863));
#9037 = CARTESIAN_POINT('',(4.794621809972,5.191751465697));
#9038 = CARTESIAN_POINT('',(4.909987948258,5.301912050702));
#9039 = CARTESIAN_POINT('',(5.025401914419,5.412117921424));
#9040 = CARTESIAN_POINT('',(5.140895791601,5.522406749128));
#9041 = CARTESIAN_POINT('',(5.291303567554,5.666040305966));
#9042 = CARTESIAN_POINT('',(5.326354182917,5.699512639825));
#9043 = CARTESIAN_POINT('',(5.361405048561,5.732985398514));
#9044 = CARTESIAN_POINT('',(5.396455947576,5.766458187751));
#9045 = CARTESIAN_POINT('',(5.431506753143,5.799930690243));
#9046 = CARTESIAN_POINT('',(5.466557428531,5.833402665694));
#9047 = CARTESIAN_POINT('',(5.501608027099,5.866873950797));
#9048 = CARTESIAN_POINT('',(5.562691088401,5.925203260887));
#9049 = CARTESIAN_POINT('',(5.588723198086,5.950061440199));
#9050 = CARTESIAN_POINT('',(5.614755300714,5.974919115861));
#9051 = CARTESIAN_POINT('',(5.640787557903,5.999776482284));
#9052 = CARTESIAN_POINT('',(5.666820013529,6.024633809607));
#9053 = CARTESIAN_POINT('',(5.692852593721,6.049491443696));
#9054 = CARTESIAN_POINT('',(5.718885106862,6.074349806146));
#9055 = CARTESIAN_POINT('',(5.776123894183,6.129010424008));
#9056 = CARTESIAN_POINT('',(5.807331220021,6.158812091595));
#9057 = CARTESIAN_POINT('',(5.838538960346,6.188614772575));
#9058 = CARTESIAN_POINT('',(5.869747061497,6.218418159417));
#9059 = CARTESIAN_POINT('',(5.900955531524,6.248221586359));
#9060 = CARTESIAN_POINT('',(5.932164294814,6.278024354249));
#9061 = CARTESIAN_POINT('',(5.963373046701,6.307826055384));
#9062 = CARTESIAN_POINT('',(6.030654978856,6.372074144025));
#9063 = CARTESIAN_POINT('',(6.066730148778,6.406521999915));
#9064 = CARTESIAN_POINT('',(6.102805850283,6.440969963813));
#9065 = CARTESIAN_POINT('',(6.138881828926,6.475418122596));
#9066 = CARTESIAN_POINT('',(6.174958059612,6.509866745224));
#9067 = CARTESIAN_POINT('',(6.211034456153,6.544315932696));
#9068 = CARTESIAN_POINT('',(6.247110574146,6.57876532495));
#9069 = CARTESIAN_POINT('',(6.28318530718,6.613213864721));
#9070 = ( GEOMETRIC_REPRESENTATION_CONTEXT(2) 
PARAMETRIC_REPRESENTATION_CONTEXT() REPRESENTATION_CONTEXT('2D SPACE',''
  ) );
#9071 = PCURVE('',#7190,#9072);
#9072 = DEFINITIONAL_REPRESENTATION('',(#9073),#9153);
#9073 = B_SPLINE_CURVE_WITH_KNOTS('',8,(#9074,#9075,#9076,#9077,#9078,
    #9079,#9080,#9081,#9082,#9083,#9084,#9085,#9086,#9087,#9088,#9089,
    #9090,#9091,#9092,#9093,#9094,#9095,#9096,#9097,#9098,#9099,#9100,
    #9101,#9102,#9103,#9104,#9105,#9106,#9107,#9108,#9109,#9110,#9111,
    #9112,#9113,#9114,#9115,#9116,#9117,#9118,#9119,#9120,#9121,#9122,
    #9123,#9124,#9125,#9126,#9127,#9128,#9129,#9130,#9131,#9132,#9133,
    #9134,#9135,#9136,#9137,#9138,#9139,#9140,#9141,#9142,#9143,#9144,
    #9145,#9146,#9147,#9148,#9149,#9150,#9151,#9152),.UNSPECIFIED.,.F.,
  .F.,(9,7,7,7,7,7,7,7,7,7,7,9),(0.,0.134600327907,0.210191348548,
    0.273304649688,0.400399132124,0.558413642931,0.689598257461,
    0.836518958791,0.881159050592,0.914313586908,0.954058385464,1.),
  .UNSPECIFIED.);
#9074 = CARTESIAN_POINT('',(0.164963139718,4.343917150812));
#9075 = CARTESIAN_POINT('',(0.164972172741,4.490041636491));
#9076 = CARTESIAN_POINT('',(0.164983825452,4.63629132692));
#9077 = CARTESIAN_POINT('',(0.164993420451,4.782471184948));
#9078 = CARTESIAN_POINT('',(0.164996160319,4.928603491552));
#9079 = CARTESIAN_POINT('',(0.164987973084,5.074735539055));
#9080 = CARTESIAN_POINT('',(0.164981834341,5.220914754129));
#9081 = CARTESIAN_POINT('',(0.164983340531,5.367161983344));
#9082 = CARTESIAN_POINT('',(0.164990536605,5.595360940885));
#9083 = CARTESIAN_POINT('',(0.16499389365,5.677434876125));
#9084 = CARTESIAN_POINT('',(0.164998784968,5.759506403359));
#9085 = CARTESIAN_POINT('',(0.164998604928,5.841568365371));
#9086 = CARTESIAN_POINT('',(0.165000394021,5.923636908751));
#9087 = CARTESIAN_POINT('',(0.164989626797,6.005699566443));
#9088 = CARTESIAN_POINT('',(0.164979328791,6.087772444325));
#9089 = CARTESIAN_POINT('',(0.164982215327,6.238359071416));
#9090 = CARTESIAN_POINT('',(0.164989813809,6.306883554151));
#9091 = CARTESIAN_POINT('',(0.164995583449,6.37540677896));
#9092 = CARTESIAN_POINT('',(0.164997634642,6.443927523659));
#9093 = CARTESIAN_POINT('',(0.164996817692,6.51244712046));
#9094 = CARTESIAN_POINT('',(0.164994505093,6.580967633684));
#9095 = CARTESIAN_POINT('',(0.164991640474,6.649490186347));
#9096 = CARTESIAN_POINT('',(0.164983846137,6.856002207347));
#9097 = CARTESIAN_POINT('',(0.164979655535,6.994086080975));
#9098 = CARTESIAN_POINT('',(0.164982561723,7.132118829515));
#9099 = CARTESIAN_POINT('',(0.164991739671,7.270112317676));
#9100 = CARTESIAN_POINT('',(0.164994742925,7.408103609627));
#9101 = CARTESIAN_POINT('',(0.164990844422,7.546130714308));
#9102 = CARTESIAN_POINT('',(0.164982318885,7.68420897975));
#9103 = CARTESIAN_POINT('',(0.164961566279,7.993752376191));
#9104 = CARTESIAN_POINT('',(0.164948917779,8.165582034582));
#9105 = CARTESIAN_POINT('',(0.164942172134,8.337247733648));
#9106 = CARTESIAN_POINT('',(0.164951900072,8.50882648234));
#9107 = CARTESIAN_POINT('',(0.164977122713,8.680404824978));
#9108 = CARTESIAN_POINT('',(0.164999879805,8.852070583528));
#9109 = CARTESIAN_POINT('',(0.165012479609,9.023901234398));
#9110 = CARTESIAN_POINT('',(0.165015222144,9.337886752512));
#9111 = CARTESIAN_POINT('',(0.165008832721,9.4804168824));
#9112 = CARTESIAN_POINT('',(0.164994384748,9.622886527127));
#9113 = CARTESIAN_POINT('',(0.164974979892,9.765315801065));
#9114 = CARTESIAN_POINT('',(0.164958328552,9.907747858748));
#9115 = CARTESIAN_POINT('',(0.164950373365,10.050224703655));
#9116 = CARTESIAN_POINT('',(0.164950759261,10.192763842999));
#9117 = CARTESIAN_POINT('',(0.164962937916,10.494689667996));
#9118 = CARTESIAN_POINT('',(0.164976149514,10.654388432062));
#9119 = CARTESIAN_POINT('',(0.164991537099,10.813973083022));
#9120 = CARTESIAN_POINT('',(0.165001802101,10.973489821242));
#9121 = CARTESIAN_POINT('',(0.164994702725,11.133006310275));
#9122 = CARTESIAN_POINT('',(0.164983885425,11.292592065982));
#9123 = CARTESIAN_POINT('',(0.164981188252,11.452289872716));
#9124 = CARTESIAN_POINT('',(0.164984565126,11.660263875936));
#9125 = CARTESIAN_POINT('',(0.164985911065,11.708729538449));
#9126 = CARTESIAN_POINT('',(0.164987639181,11.757195436366));
#9127 = CARTESIAN_POINT('',(0.164989541048,11.805661205869));
#9128 = CARTESIAN_POINT('',(0.164991376653,11.854126626014));
#9129 = CARTESIAN_POINT('',(0.164992874397,11.902591618725));
#9130 = CARTESIAN_POINT('',(0.16499373109,11.951056248797));
#9131 = CARTESIAN_POINT('',(0.164993523477,12.03551565882));
#9132 = CARTESIAN_POINT('',(0.164993050947,12.071510074226));
#9133 = CARTESIAN_POINT('',(0.16499197049,12.107504364412));
#9134 = CARTESIAN_POINT('',(0.164990307488,12.143498785657));
#9135 = CARTESIAN_POINT('',(0.164988336591,12.179493456218));
#9136 = CARTESIAN_POINT('',(0.16498658171,12.215488356329));
#9137 = CARTESIAN_POINT('',(0.164985816017,12.251483328203));
#9138 = CARTESIAN_POINT('',(0.164988555545,12.330627646505));
#9139 = CARTESIAN_POINT('',(0.164989900805,12.37377828798));
#9140 = CARTESIAN_POINT('',(0.164992614075,12.41692903753));
#9141 = CARTESIAN_POINT('',(0.164996310317,12.460079832437));
#9142 = CARTESIAN_POINT('',(0.164999665344,12.503231024441));
#9143 = CARTESIAN_POINT('',(0.165001378049,12.546382894005));
#9144 = CARTESIAN_POINT('',(0.16500113264,12.589535164568));
#9145 = CARTESIAN_POINT('',(0.164999899944,12.682565818327));
#9146 = CARTESIAN_POINT('',(0.164998000407,12.732447179901));
#9147 = CARTESIAN_POINT('',(0.164995363762,12.782329583639));
#9148 = CARTESIAN_POINT('',(0.164992280312,12.832212646953));
#9149 = CARTESIAN_POINT('',(0.164989149937,12.882096276645));
#9150 = CARTESIAN_POINT('',(0.164986500423,12.931980292107));
#9151 = CARTESIAN_POINT('',(0.164984703343,12.981864017608));
#9152 = CARTESIAN_POINT('',(0.164983387509,13.031745843685));
#9153 = ( GEOMETRIC_REPRESENTATION_CONTEXT(2) 
PARAMETRIC_REPRESENTATION_CONTEXT() REPRESENTATION_CONTEXT('2D SPACE',''
  ) );
#9154 = ORIENTED_EDGE('',*,*,#9155,.T.);
#9155 = EDGE_CURVE('',#8905,#9156,#9158,.T.);
#9156 = VERTEX_POINT('',#9157);
#9157 = CARTESIAN_POINT('',(29.35,41.,78.3));
#9158 = SURFACE_CURVE('',#9159,(#9164,#9171),.PCURVE_S1.);
#9159 = CIRCLE('',#9160,10.35);
#9160 = AXIS2_PLACEMENT_3D('',#9161,#9162,#9163);
#9161 = CARTESIAN_POINT('',(19.,41.,78.3));
#9162 = DIRECTION('',(1.110223024625E-16,-0.,1.));
#9163 = DIRECTION('',(1.,0.,-1.110223024625E-16));
#9164 = PCURVE('',#5970,#9165);
#9165 = DEFINITIONAL_REPRESENTATION('',(#9166),#9170);
#9166 = LINE('',#9167,#9168);
#9167 = CARTESIAN_POINT('',(-3.14159265359,2.3));
#9168 = VECTOR('',#9169,1.);
#9169 = DIRECTION('',(1.,0.));
#9170 = ( GEOMETRIC_REPRESENTATION_CONTEXT(2) 
PARAMETRIC_REPRESENTATION_CONTEXT() REPRESENTATION_CONTEXT('2D SPACE',''
  ) );
#9171 = PCURVE('',#7565,#9172);
#9172 = DEFINITIONAL_REPRESENTATION('',(#9173),#9177);
#9173 = LINE('',#9174,#9175);
#9174 = CARTESIAN_POINT('',(-0.,-2.3));
#9175 = VECTOR('',#9176,1.);
#9176 = DIRECTION('',(-1.,-0.));
#9177 = ( GEOMETRIC_REPRESENTATION_CONTEXT(2) 
PARAMETRIC_REPRESENTATION_CONTEXT() REPRESENTATION_CONTEXT('2D SPACE',''
  ) );
#9178 = ORIENTED_EDGE('',*,*,#9179,.T.);
#9179 = EDGE_CURVE('',#9156,#5875,#9180,.T.);
#9180 = SURFACE_CURVE('',#9181,(#9185,#9191),.PCURVE_S1.);
#9181 = LINE('',#9182,#9183);
#9182 = CARTESIAN_POINT('',(29.35,41.,76.));
#9183 = VECTOR('',#9184,1.);
#9184 = DIRECTION('',(1.110223024625E-16,0.,1.));
#9185 = PCURVE('',#5970,#9186);
#9186 = DEFINITIONAL_REPRESENTATION('',(#9187),#9190);
#9187 = B_SPLINE_CURVE_WITH_KNOTS('',1,(#9188,#9189),.UNSPECIFIED.,.F.,
  .F.,(2,2),(-6.E-07,3.),.PIECEWISE_BEZIER_KNOTS.);
#9188 = CARTESIAN_POINT('',(3.14159265359,-6.E-07));
#9189 = CARTESIAN_POINT('',(3.14159265359,3.));
#9190 = ( GEOMETRIC_REPRESENTATION_CONTEXT(2) 
PARAMETRIC_REPRESENTATION_CONTEXT() REPRESENTATION_CONTEXT('2D SPACE',''
  ) );
#9191 = PCURVE('',#5889,#9192);
#9192 = DEFINITIONAL_REPRESENTATION('',(#9193),#9196);
#9193 = B_SPLINE_CURVE_WITH_KNOTS('',1,(#9194,#9195),.UNSPECIFIED.,.F.,
  .F.,(2,2),(-6.E-07,3.),.PIECEWISE_BEZIER_KNOTS.);
#9194 = CARTESIAN_POINT('',(5.999999996246E-07,-0.581559813838));
#9195 = CARTESIAN_POINT('',(-3.,-0.581559813838));
#9196 = ( GEOMETRIC_REPRESENTATION_CONTEXT(2) 
PARAMETRIC_REPRESENTATION_CONTEXT() REPRESENTATION_CONTEXT('2D SPACE',''
  ) );
#9197 = ADVANCED_FACE('',(#9198),#5889,.F.);
#9198 = FACE_BOUND('',#9199,.F.);
#9199 = EDGE_LOOP('',(#9200,#9201,#9222,#9223));
#9200 = ORIENTED_EDGE('',*,*,#9179,.F.);
#9201 = ORIENTED_EDGE('',*,*,#9202,.F.);
#9202 = EDGE_CURVE('',#7504,#9156,#9203,.T.);
#9203 = SURFACE_CURVE('',#9204,(#9208,#9215),.PCURVE_S1.);
#9204 = LINE('',#9205,#9206);
#9205 = CARTESIAN_POINT('',(31.65,41.,76.));
#9206 = VECTOR('',#9207,1.);
#9207 = DIRECTION('',(-0.707106781187,1.731912112471E-16,0.707106781187)
  );
#9208 = PCURVE('',#5889,#9209);
#9209 = DEFINITIONAL_REPRESENTATION('',(#9210),#9214);
#9210 = LINE('',#9211,#9212);
#9211 = CARTESIAN_POINT('',(-3.754231581398E-16,1.718440186162));
#9212 = VECTOR('',#9213,1.);
#9213 = DIRECTION('',(-0.707106781187,-0.707106781187));
#9214 = ( GEOMETRIC_REPRESENTATION_CONTEXT(2) 
PARAMETRIC_REPRESENTATION_CONTEXT() REPRESENTATION_CONTEXT('2D SPACE',''
  ) );
#9215 = PCURVE('',#7565,#9216);
#9216 = DEFINITIONAL_REPRESENTATION('',(#9217),#9221);
#9217 = LINE('',#9218,#9219);
#9218 = CARTESIAN_POINT('',(-6.28318530718,0.));
#9219 = VECTOR('',#9220,1.);
#9220 = DIRECTION('',(-0.,-1.));
#9221 = ( GEOMETRIC_REPRESENTATION_CONTEXT(2) 
PARAMETRIC_REPRESENTATION_CONTEXT() REPRESENTATION_CONTEXT('2D SPACE',''
  ) );
#9222 = ORIENTED_EDGE('',*,*,#7600,.T.);
#9223 = ORIENTED_EDGE('',*,*,#5874,.T.);
#9224 = ADVANCED_FACE('',(#9225),#7190,.T.);
#9225 = FACE_BOUND('',#9226,.T.);
#9226 = EDGE_LOOP('',(#9227,#9228,#9229,#9230,#9231,#9232,#9233,#9234,
    #9396));
#9227 = ORIENTED_EDGE('',*,*,#7371,.F.);
#9228 = ORIENTED_EDGE('',*,*,#7156,.F.);
#9229 = ORIENTED_EDGE('',*,*,#7837,.F.);
#9230 = ORIENTED_EDGE('',*,*,#8093,.F.);
#9231 = ORIENTED_EDGE('',*,*,#8391,.F.);
#9232 = ORIENTED_EDGE('',*,*,#8668,.F.);
#9233 = ORIENTED_EDGE('',*,*,#8904,.F.);
#9234 = ORIENTED_EDGE('',*,*,#9235,.F.);
#9235 = EDGE_CURVE('',#7416,#8905,#9236,.T.);
#9236 = SURFACE_CURVE('',#9237,(#9288,#9342),.PCURVE_S1.);
#9237 = B_SPLINE_CURVE_WITH_KNOTS('',7,(#9238,#9239,#9240,#9241,#9242,
    #9243,#9244,#9245,#9246,#9247,#9248,#9249,#9250,#9251,#9252,#9253,
    #9254,#9255,#9256,#9257,#9258,#9259,#9260,#9261,#9262,#9263,#9264,
    #9265,#9266,#9267,#9268,#9269,#9270,#9271,#9272,#9273,#9274,#9275,
    #9276,#9277,#9278,#9279,#9280,#9281,#9282,#9283,#9284,#9285,#9286,
    #9287),.UNSPECIFIED.,.F.,.F.,(8,6,6,6,6,6,6,6,8),(0.,0.154513221467,
    0.299278320131,0.434696005283,0.561179408815,0.680110448944,
    0.792729306954,0.898352608814,1.),.UNSPECIFIED.);
#9238 = CARTESIAN_POINT('',(27.263645477262,50.177930844162,
    76.300010074737));
#9239 = CARTESIAN_POINT('',(26.476757914969,50.831700858873,
    76.340682485426));
#9240 = CARTESIAN_POINT('',(25.626519284634,51.409462850012,
    76.381515881784));
#9241 = CARTESIAN_POINT('',(24.721777451973,51.9032081145,
    76.422494264266));
#9242 = CARTESIAN_POINT('',(23.77234672266,52.306584696937,
    76.463623267713));
#9243 = CARTESIAN_POINT('',(22.788816644519,52.614600777782,
    76.504912213431));
#9244 = CARTESIAN_POINT('',(21.782565184744,52.823653987969,
    76.54637054581));
#9245 = CARTESIAN_POINT('',(19.813384179174,53.033605402166,
    76.626973581949));
#9246 = CARTESIAN_POINT('',(18.851341294664,53.046845346466,
    76.666114859114));
#9247 = CARTESIAN_POINT('',(17.889907924557,52.970249320115,
    76.705397720017));
#9248 = CARTESIAN_POINT('',(16.939132403318,52.803868505214,
    76.744825181073));
#9249 = CARTESIAN_POINT('',(16.00900765621,52.549042800878,
    76.784405347605));
#9250 = CARTESIAN_POINT('',(15.109436347809,52.20844820374,
    76.824141804654));
#9251 = CARTESIAN_POINT('',(13.446314166429,51.39174554255,
    76.901329485106));
#9252 = CARTESIAN_POINT('',(12.677457340577,50.925673927207,
    76.938775045276));
#9253 = CARTESIAN_POINT('',(11.951564113517,50.391773979141,
    76.976350203194));
#9254 = CARTESIAN_POINT('',(11.275916969424,49.794609167895,
    77.01405709235));
#9255 = CARTESIAN_POINT('',(10.657205778226,49.139624280485,
    77.05190325011));
#9256 = CARTESIAN_POINT('',(10.101484584298,48.43316464037,
    77.089893594406));
#9257 = CARTESIAN_POINT('',(9.158597384642,46.981711831636,
    77.16363251668));
#9258 = CARTESIAN_POINT('',(8.762600458149,46.242137926171,
    77.199373546378));
#9259 = CARTESIAN_POINT('',(8.43027084231,45.470001209487,
    77.235237602604));
#9260 = CARTESIAN_POINT('',(8.164989718159,44.671783367247,
    77.271227752351));
#9261 = CARTESIAN_POINT('',(7.969356998405,43.854347195392,
    77.307350445977));
#9262 = CARTESIAN_POINT('',(7.845153979501,43.02493365612,
    77.343609034046));
#9263 = CARTESIAN_POINT('',(7.744208532586,41.407278007634,
    77.414211766621));
#9264 = CARTESIAN_POINT('',(7.759091943808,40.619347544696,
    77.448548989135));
#9265 = CARTESIAN_POINT('',(7.838452042522,39.833806303349,
    77.483002593544));
#9266 = CARTESIAN_POINT('',(7.982120505878,39.056989583356,
    77.517573967528));
#9267 = CARTESIAN_POINT('',(8.189202278735,38.295197489335,
    77.552267689685));
#9268 = CARTESIAN_POINT('',(8.458050022344,37.554678743022,
    77.587086623356));
#9269 = CARTESIAN_POINT('',(9.096734329651,36.166340436286,
    77.655111259595));
#9270 = CARTESIAN_POINT('',(9.460517643984,35.515547112006,
    77.688311251601));
#9271 = CARTESIAN_POINT('',(9.875302885834,34.894455334174,
    77.721621797346));
#9272 = CARTESIAN_POINT('',(10.338330708166,34.307946711408,
    77.755045398756));
#9273 = CARTESIAN_POINT('',(10.846302855648,33.760585616547,
    77.788587155378));
#9274 = CARTESIAN_POINT('',(11.395368615343,33.256596855569,
    77.8222499208));
#9275 = CARTESIAN_POINT('',(12.53029622392,32.371321230268,
    77.887709501474));
#9276 = CARTESIAN_POINT('',(13.111849004765,31.984282844191,
    77.919497983713));
#9277 = CARTESIAN_POINT('',(13.721981399014,31.641806353382,
    77.951388998867));
#9278 = CARTESIAN_POINT('',(14.356676912822,31.346558148618,
    77.983386682798));
#9279 = CARTESIAN_POINT('',(15.011643292689,31.100756289041,
    78.01548746219));
#9280 = CARTESIAN_POINT('',(15.682299949585,30.906181377786,
    78.047699563041));
#9281 = CARTESIAN_POINT('',(17.019555225233,30.627279961815,
    78.111135422118));
#9282 = CARTESIAN_POINT('',(17.685459021713,30.539055653345,
    78.142353632492));
#9283 = CARTESIAN_POINT('',(18.357096529315,30.500490559796,
    78.173671597984));
#9284 = CARTESIAN_POINT('',(19.030038511555,30.512171943379,
    78.205091501656));
#9285 = CARTESIAN_POINT('',(19.699798324543,30.574219429064,
    78.236618530296));
#9286 = CARTESIAN_POINT('',(20.361838249241,30.686265317641,
    78.26825546679));
#9287 = CARTESIAN_POINT('',(21.011578532479,30.847362322644,78.3));
#9288 = PCURVE('',#7190,#9289);
#9289 = DEFINITIONAL_REPRESENTATION('',(#9290),#9341);
#9290 = B_SPLINE_CURVE_WITH_KNOTS('',7,(#9291,#9292,#9293,#9294,#9295,
    #9296,#9297,#9298,#9299,#9300,#9301,#9302,#9303,#9304,#9305,#9306,
    #9307,#9308,#9309,#9310,#9311,#9312,#9313,#9314,#9315,#9316,#9317,
    #9318,#9319,#9320,#9321,#9322,#9323,#9324,#9325,#9326,#9327,#9328,
    #9329,#9330,#9331,#9332,#9333,#9334,#9335,#9336,#9337,#9338,#9339,
    #9340),.UNSPECIFIED.,.F.,.F.,(8,6,6,6,6,6,6,6,8),(0.,0.154513221467,
    0.299278320131,0.434696005283,0.561179408815,0.680110448944,
    0.792729306954,0.898352608814,1.),.UNSPECIFIED.);
#9291 = CARTESIAN_POINT('',(2.914515397111,1.158397911498));
#9292 = CARTESIAN_POINT('',(2.858602231849,1.272847300147));
#9293 = CARTESIAN_POINT('',(2.80246532384,1.387752272234));
#9294 = CARTESIAN_POINT('',(2.746124426191,1.5030699417));
#9295 = CARTESIAN_POINT('',(2.689571157608,1.618816688141));
#9296 = CARTESIAN_POINT('',(2.632796625585,1.735014794792));
#9297 = CARTESIAN_POINT('',(2.575791603738,1.851687091065));
#9298 = CARTESIAN_POINT('',(2.464971301211,2.078512026249));
#9299 = CARTESIAN_POINT('',(2.411160184295,2.188655577115));
#9300 = CARTESIAN_POINT('',(2.357159941521,2.299191988117));
#9301 = CARTESIAN_POINT('',(2.302966575535,2.41012962501));
#9302 = CARTESIAN_POINT('',(2.248566779451,2.521493474932));
#9303 = CARTESIAN_POINT('',(2.193952047151,2.633297202901));
#9304 = CARTESIAN_POINT('',(2.087858511319,2.850479814099));
#9305 = CARTESIAN_POINT('',(2.036387793362,2.955842460506));
#9306 = CARTESIAN_POINT('',(1.984734634205,3.061574067501));
#9307 = CARTESIAN_POINT('',(1.932894579527,3.167682153469));
#9308 = CARTESIAN_POINT('',(1.880857621373,3.274187572507));
#9309 = CARTESIAN_POINT('',(1.828619119116,3.381102048161));
#9310 = CARTESIAN_POINT('',(1.727222820189,3.588623937527));
#9311 = CARTESIAN_POINT('',(1.67807553459,3.689209976035));
#9312 = CARTESIAN_POINT('',(1.628760128031,3.790141205698));
#9313 = CARTESIAN_POINT('',(1.579274651965,3.891423996575));
#9314 = CARTESIAN_POINT('',(1.529611473644,3.993075268373));
#9315 = CARTESIAN_POINT('',(1.479765705407,4.095104728348));
#9316 = CARTESIAN_POINT('',(1.382711644285,4.293770909388));
#9317 = CARTESIAN_POINT('',(1.335512524057,4.390388494309));
#9318 = CARTESIAN_POINT('',(1.288154982977,4.487332002511));
#9319 = CARTESIAN_POINT('',(1.240635151426,4.5846072916));
#9320 = CARTESIAN_POINT('',(1.192944991368,4.68222898187));
#9321 = CARTESIAN_POINT('',(1.145079842596,4.780205852622));
#9322 = CARTESIAN_POINT('',(1.051563035689,4.971624309202));
#9323 = CARTESIAN_POINT('',(1.005919459882,5.06504959502));
#9324 = CARTESIAN_POINT('',(0.960122387241,5.158787482422));
#9325 = CARTESIAN_POINT('',(0.914170071956,5.252843327318));
#9326 = CARTESIAN_POINT('',(0.868057418678,5.347229572711));
#9327 = CARTESIAN_POINT('',(0.821781323155,5.441953430105));
#9328 = CARTESIAN_POINT('',(0.731796307613,5.626148473736));
#9329 = CARTESIAN_POINT('',(0.688098935528,5.715596121311));
#9330 = CARTESIAN_POINT('',(0.644259188271,5.805333688403));
#9331 = CARTESIAN_POINT('',(0.600271951613,5.895372256489));
#9332 = CARTESIAN_POINT('',(0.556132441935,5.985711388054));
#9333 = CARTESIAN_POINT('',(0.511833984583,6.07636965713));
#9334 = CARTESIAN_POINT('',(0.424627383043,6.254873665294));
#9335 = CARTESIAN_POINT('',(0.381722198794,6.342708426299));
#9336 = CARTESIAN_POINT('',(0.338672044151,6.430831687489));
#9337 = CARTESIAN_POINT('',(0.295474912307,6.51924860199));
#9338 = CARTESIAN_POINT('',(0.252128510818,6.607968951535));
#9339 = CARTESIAN_POINT('',(0.20863089025,6.696998697482));
#9340 = CARTESIAN_POINT('',(0.164986659393,6.786329915095));
#9341 = ( GEOMETRIC_REPRESENTATION_CONTEXT(2) 
PARAMETRIC_REPRESENTATION_CONTEXT() REPRESENTATION_CONTEXT('2D SPACE',''
  ) );
#9342 = PCURVE('',#7565,#9343);
#9343 = DEFINITIONAL_REPRESENTATION('',(#9344),#9395);
#9344 = B_SPLINE_CURVE_WITH_KNOTS('',7,(#9345,#9346,#9347,#9348,#9349,
    #9350,#9351,#9352,#9353,#9354,#9355,#9356,#9357,#9358,#9359,#9360,
    #9361,#9362,#9363,#9364,#9365,#9366,#9367,#9368,#9369,#9370,#9371,
    #9372,#9373,#9374,#9375,#9376,#9377,#9378,#9379,#9380,#9381,#9382,
    #9383,#9384,#9385,#9386,#9387,#9388,#9389,#9390,#9391,#9392,#9393,
    #9394),.UNSPECIFIED.,.F.,.F.,(8,6,6,6,6,6,6,6,8),(0.,0.154513221467,
    0.299278320131,0.434696005283,0.561179408815,0.680110448944,
    0.792729306954,0.898352608814,1.),.UNSPECIFIED.);
#9345 = CARTESIAN_POINT('',(-0.837770110187,-0.300010074737));
#9346 = CARTESIAN_POINT('',(-0.92054179208,-0.340682485426));
#9347 = CARTESIAN_POINT('',(-1.003643545789,-0.381515881784));
#9348 = CARTESIAN_POINT('',(-1.087044243772,-0.422494264266));
#9349 = CARTESIAN_POINT('',(-1.1707553568,-0.463623267713));
#9350 = CARTESIAN_POINT('',(-1.254792640312,-0.504912213431));
#9351 = CARTESIAN_POINT('',(-1.339172511088,-0.54637054581));
#9352 = CARTESIAN_POINT('',(-1.503216469934,-0.626973581949));
#9353 = CARTESIAN_POINT('',(-1.5828740267,-0.666114859114));
#9354 = CARTESIAN_POINT('',(-1.662815445904,-0.705397720017));
#9355 = CARTESIAN_POINT('',(-1.743046935585,-0.744825181073));
#9356 = CARTESIAN_POINT('',(-1.823586727456,-0.784405347605));
#9357 = CARTESIAN_POINT('',(-1.904444788991,-0.824141804654));
#9358 = CARTESIAN_POINT('',(-2.061514621815,-0.901329485106));
#9359 = CARTESIAN_POINT('',(-2.137714634384,-0.938775045276));
#9360 = CARTESIAN_POINT('',(-2.214181596057,-0.976350203194));
#9361 = CARTESIAN_POINT('',(-2.290920864518,-1.01405709235));
#9362 = CARTESIAN_POINT('',(-2.367947421701,-1.05190325011));
#9363 = CARTESIAN_POINT('',(-2.445269681215,-1.089893594406));
#9364 = CARTESIAN_POINT('',(-2.595352617202,-1.16363251668));
#9365 = CARTESIAN_POINT('',(-2.668097848646,-1.199373546378));
#9366 = CARTESIAN_POINT('',(-2.741092641787,-1.235237602604));
#9367 = CARTESIAN_POINT('',(-2.814341676893,-1.271227752351));
#9368 = CARTESIAN_POINT('',(-2.887857311016,-1.307350445977));
#9369 = CARTESIAN_POINT('',(-2.961646678995,-1.343609034046));
#9370 = CARTESIAN_POINT('',(-3.10532576213,-1.414211766621));
#9371 = CARTESIAN_POINT('',(-3.175201610849,-1.448548989135));
#9372 = CARTESIAN_POINT('',(-3.245313401728,-1.483002593544));
#9373 = CARTESIAN_POINT('',(-3.315665327761,-1.517573967528));
#9374 = CARTESIAN_POINT('',(-3.386267809424,-1.552267689685));
#9375 = CARTESIAN_POINT('',(-3.457126979033,-1.587086623356));
#9376 = CARTESIAN_POINT('',(-3.595564658878,-1.655111259595));
#9377 = CARTESIAN_POINT('',(-3.663131411967,-1.688311251601));
#9378 = CARTESIAN_POINT('',(-3.730923843389,-1.721621797346));
#9379 = CARTESIAN_POINT('',(-3.798945739069,-1.755045398756));
#9380 = CARTESIAN_POINT('',(-3.867206218667,-1.788587155378));
#9381 = CARTESIAN_POINT('',(-3.935710825854,-1.8222499208));
#9382 = CARTESIAN_POINT('',(-4.068921894947,-1.887709501474));
#9383 = CARTESIAN_POINT('',(-4.13361105991,-1.919497983714));
#9384 = CARTESIAN_POINT('',(-4.198511706815,-1.951388998866));
#9385 = CARTESIAN_POINT('',(-4.263627810036,-1.983386682799));
#9386 = CARTESIAN_POINT('',(-4.32896633354,-2.01548746219));
#9387 = CARTESIAN_POINT('',(-4.394532173387,-2.047699563041));
#9388 = CARTESIAN_POINT('',(-4.523629573917,-2.111135422118));
#9389 = CARTESIAN_POINT('',(-4.587154709583,-2.142353632451));
#9390 = CARTESIAN_POINT('',(-4.6508883001,-2.173671598049));
#9391 = CARTESIAN_POINT('',(-4.714833463917,-2.205091501671));
#9392 = CARTESIAN_POINT('',(-4.778997290409,-2.236618530196));
#9393 = CARTESIAN_POINT('',(-4.843384384515,-2.268255466861));
#9394 = CARTESIAN_POINT('',(-4.907989271042,-2.3));
#9395 = ( GEOMETRIC_REPRESENTATION_CONTEXT(2) 
PARAMETRIC_REPRESENTATION_CONTEXT() REPRESENTATION_CONTEXT('2D SPACE',''
  ) );
#9396 = ORIENTED_EDGE('',*,*,#7415,.T.);
#9397 = ADVANCED_FACE('',(#9398),#7565,.F.);
#9398 = FACE_BOUND('',#9399,.F.);
#9399 = EDGE_LOOP('',(#9400,#9423,#9424,#9425,#9426,#9427,#9428,#9456));
#9400 = ORIENTED_EDGE('',*,*,#9401,.T.);
#9401 = EDGE_CURVE('',#9402,#7504,#9404,.T.);
#9402 = VERTEX_POINT('',#9403);
#9403 = CARTESIAN_POINT('',(31.65,41.,76.));
#9404 = SEAM_CURVE('',#9405,(#9409,#9416),.PCURVE_S1.);
#9405 = LINE('',#9406,#9407);
#9406 = CARTESIAN_POINT('',(31.65,41.,76.));
#9407 = VECTOR('',#9408,1.);
#9408 = DIRECTION('',(-0.707106781187,1.731912112471E-16,0.707106781187)
  );
#9409 = PCURVE('',#7565,#9410);
#9410 = DEFINITIONAL_REPRESENTATION('',(#9411),#9415);
#9411 = LINE('',#9412,#9413);
#9412 = CARTESIAN_POINT('',(-6.28318530718,0.));
#9413 = VECTOR('',#9414,1.);
#9414 = DIRECTION('',(-0.,-1.));
#9415 = ( GEOMETRIC_REPRESENTATION_CONTEXT(2) 
PARAMETRIC_REPRESENTATION_CONTEXT() REPRESENTATION_CONTEXT('2D SPACE',''
  ) );
#9416 = PCURVE('',#7565,#9417);
#9417 = DEFINITIONAL_REPRESENTATION('',(#9418),#9422);
#9418 = LINE('',#9419,#9420);
#9419 = CARTESIAN_POINT('',(0.,-0.));
#9420 = VECTOR('',#9421,1.);
#9421 = DIRECTION('',(-0.,-1.));
#9422 = ( GEOMETRIC_REPRESENTATION_CONTEXT(2) 
PARAMETRIC_REPRESENTATION_CONTEXT() REPRESENTATION_CONTEXT('2D SPACE',''
  ) );
#9423 = ORIENTED_EDGE('',*,*,#9202,.T.);
#9424 = ORIENTED_EDGE('',*,*,#9155,.F.);
#9425 = ORIENTED_EDGE('',*,*,#9235,.F.);
#9426 = ORIENTED_EDGE('',*,*,#7503,.F.);
#9427 = ORIENTED_EDGE('',*,*,#9401,.F.);
#9428 = ORIENTED_EDGE('',*,*,#9429,.T.);
#9429 = EDGE_CURVE('',#9402,#9430,#9432,.T.);
#9430 = VERTEX_POINT('',#9431);
#9431 = CARTESIAN_POINT('',(6.35,41.,76.));
#9432 = SURFACE_CURVE('',#9433,(#9438,#9444),.PCURVE_S1.);
#9433 = CIRCLE('',#9434,12.65);
#9434 = AXIS2_PLACEMENT_3D('',#9435,#9436,#9437);
#9435 = CARTESIAN_POINT('',(19.,41.,76.));
#9436 = DIRECTION('',(2.22044604925E-16,0.,1.));
#9437 = DIRECTION('',(-1.,0.,2.22044604925E-16));
#9438 = PCURVE('',#7565,#9439);
#9439 = DEFINITIONAL_REPRESENTATION('',(#9440),#9443);
#9440 = B_SPLINE_CURVE_WITH_KNOTS('',1,(#9441,#9442),.UNSPECIFIED.,.F.,
  .F.,(2,2),(3.14159265359,6.28318530718),.PIECEWISE_BEZIER_KNOTS.);
#9441 = CARTESIAN_POINT('',(0.,0.));
#9442 = CARTESIAN_POINT('',(-3.14159265359,0.));
#9443 = ( GEOMETRIC_REPRESENTATION_CONTEXT(2) 
PARAMETRIC_REPRESENTATION_CONTEXT() REPRESENTATION_CONTEXT('2D SPACE',''
  ) );
#9444 = PCURVE('',#9445,#9450);
#9445 = CYLINDRICAL_SURFACE('',#9446,12.65);
#9446 = AXIS2_PLACEMENT_3D('',#9447,#9448,#9449);
#9447 = CARTESIAN_POINT('',(19.,41.,8.));
#9448 = DIRECTION('',(2.22044604925E-16,0.,1.));
#9449 = DIRECTION('',(-1.,0.,2.22044604925E-16));
#9450 = DEFINITIONAL_REPRESENTATION('',(#9451),#9455);
#9451 = LINE('',#9452,#9453);
#9452 = CARTESIAN_POINT('',(0.,68.));
#9453 = VECTOR('',#9454,1.);
#9454 = DIRECTION('',(1.,0.));
#9455 = ( GEOMETRIC_REPRESENTATION_CONTEXT(2) 
PARAMETRIC_REPRESENTATION_CONTEXT() REPRESENTATION_CONTEXT('2D SPACE',''
  ) );
#9456 = ORIENTED_EDGE('',*,*,#9457,.T.);
#9457 = EDGE_CURVE('',#9430,#9402,#9458,.T.);
#9458 = SURFACE_CURVE('',#9459,(#9464,#9470),.PCURVE_S1.);
#9459 = CIRCLE('',#9460,12.65);
#9460 = AXIS2_PLACEMENT_3D('',#9461,#9462,#9463);
#9461 = CARTESIAN_POINT('',(19.,41.,76.));
#9462 = DIRECTION('',(2.22044604925E-16,0.,1.));
#9463 = DIRECTION('',(-1.,0.,2.22044604925E-16));
#9464 = PCURVE('',#7565,#9465);
#9465 = DEFINITIONAL_REPRESENTATION('',(#9466),#9469);
#9466 = B_SPLINE_CURVE_WITH_KNOTS('',1,(#9467,#9468),.UNSPECIFIED.,.F.,
  .F.,(2,2),(0.,3.14159265359),.PIECEWISE_BEZIER_KNOTS.);
#9467 = CARTESIAN_POINT('',(-3.14159265359,0.));
#9468 = CARTESIAN_POINT('',(-6.28318530718,0.));
#9469 = ( GEOMETRIC_REPRESENTATION_CONTEXT(2) 
PARAMETRIC_REPRESENTATION_CONTEXT() REPRESENTATION_CONTEXT('2D SPACE',''
  ) );
#9470 = PCURVE('',#9445,#9471);
#9471 = DEFINITIONAL_REPRESENTATION('',(#9472),#9476);
#9472 = LINE('',#9473,#9474);
#9473 = CARTESIAN_POINT('',(0.,68.));
#9474 = VECTOR('',#9475,1.);
#9475 = DIRECTION('',(1.,0.));
#9476 = ( GEOMETRIC_REPRESENTATION_CONTEXT(2) 
PARAMETRIC_REPRESENTATION_CONTEXT() REPRESENTATION_CONTEXT('2D SPACE',''
  ) );
#9477 = ADVANCED_FACE('',(#9478),#9445,.F.);
#9478 = FACE_BOUND('',#9479,.F.);
#9479 = EDGE_LOOP('',(#9480,#9503,#9504,#9505,#9506));
#9480 = ORIENTED_EDGE('',*,*,#9481,.T.);
#9481 = EDGE_CURVE('',#9482,#9430,#9484,.T.);
#9482 = VERTEX_POINT('',#9483);
#9483 = CARTESIAN_POINT('',(6.35,41.,8.));
#9484 = SEAM_CURVE('',#9485,(#9489,#9496),.PCURVE_S1.);
#9485 = LINE('',#9486,#9487);
#9486 = CARTESIAN_POINT('',(6.35,41.,8.));
#9487 = VECTOR('',#9488,1.);
#9488 = DIRECTION('',(2.22044604925E-16,0.,1.));
#9489 = PCURVE('',#9445,#9490);
#9490 = DEFINITIONAL_REPRESENTATION('',(#9491),#9495);
#9491 = LINE('',#9492,#9493);
#9492 = CARTESIAN_POINT('',(6.28318530718,-0.));
#9493 = VECTOR('',#9494,1.);
#9494 = DIRECTION('',(0.,1.));
#9495 = ( GEOMETRIC_REPRESENTATION_CONTEXT(2) 
PARAMETRIC_REPRESENTATION_CONTEXT() REPRESENTATION_CONTEXT('2D SPACE',''
  ) );
#9496 = PCURVE('',#9445,#9497);
#9497 = DEFINITIONAL_REPRESENTATION('',(#9498),#9502);
#9498 = LINE('',#9499,#9500);
#9499 = CARTESIAN_POINT('',(0.,-0.));
#9500 = VECTOR('',#9501,1.);
#9501 = DIRECTION('',(0.,1.));
#9502 = ( GEOMETRIC_REPRESENTATION_CONTEXT(2) 
PARAMETRIC_REPRESENTATION_CONTEXT() REPRESENTATION_CONTEXT('2D SPACE',''
  ) );
#9503 = ORIENTED_EDGE('',*,*,#9429,.F.);
#9504 = ORIENTED_EDGE('',*,*,#9457,.F.);
#9505 = ORIENTED_EDGE('',*,*,#9481,.F.);
#9506 = ORIENTED_EDGE('',*,*,#9507,.T.);
#9507 = EDGE_CURVE('',#9482,#9482,#9508,.T.);
#9508 = SURFACE_CURVE('',#9509,(#9514,#9521),.PCURVE_S1.);
#9509 = CIRCLE('',#9510,12.65);
#9510 = AXIS2_PLACEMENT_3D('',#9511,#9512,#9513);
#9511 = CARTESIAN_POINT('',(19.,41.,8.));
#9512 = DIRECTION('',(2.22044604925E-16,0.,1.));
#9513 = DIRECTION('',(-1.,0.,2.22044604925E-16));
#9514 = PCURVE('',#9445,#9515);
#9515 = DEFINITIONAL_REPRESENTATION('',(#9516),#9520);
#9516 = LINE('',#9517,#9518);
#9517 = CARTESIAN_POINT('',(0.,0.));
#9518 = VECTOR('',#9519,1.);
#9519 = DIRECTION('',(1.,0.));
#9520 = ( GEOMETRIC_REPRESENTATION_CONTEXT(2) 
PARAMETRIC_REPRESENTATION_CONTEXT() REPRESENTATION_CONTEXT('2D SPACE',''
  ) );
#9521 = PCURVE('',#9522,#9527);
#9522 = PLANE('',#9523);
#9523 = AXIS2_PLACEMENT_3D('',#9524,#9525,#9526);
#9524 = CARTESIAN_POINT('',(19.,41.,8.));
#9525 = DIRECTION('',(2.22044604925E-16,0.,1.));
#9526 = DIRECTION('',(-1.,0.,2.22044604925E-16));
#9527 = DEFINITIONAL_REPRESENTATION('',(#9528),#9532);
#9528 = CIRCLE('',#9529,12.65);
#9529 = AXIS2_PLACEMENT_2D('',#9530,#9531);
#9530 = CARTESIAN_POINT('',(0.,0.));
#9531 = DIRECTION('',(1.,0.));
#9532 = ( GEOMETRIC_REPRESENTATION_CONTEXT(2) 
PARAMETRIC_REPRESENTATION_CONTEXT() REPRESENTATION_CONTEXT('2D SPACE',''
  ) );
#9533 = ADVANCED_FACE('',(#9534),#9522,.T.);
#9534 = FACE_BOUND('',#9535,.F.);
#9535 = EDGE_LOOP('',(#9536));
#9536 = ORIENTED_EDGE('',*,*,#9507,.F.);
#9537 = ( GEOMETRIC_REPRESENTATION_CONTEXT(3) 
GLOBAL_UNCERTAINTY_ASSIGNED_CONTEXT((#9541)) 
GLOBAL_UNIT_ASSIGNED_CONTEXT((#9538,#9539,#9540)) REPRESENTATION_CONTEXT
('Context #1','3D Context with UNIT and UNCERTAINTY') );
#9538 = ( LENGTH_UNIT() NAMED_UNIT(*) SI_UNIT(.MILLI.,.METRE.) );
#9539 = ( NAMED_UNIT(*) PLANE_ANGLE_UNIT() SI_UNIT($,.RADIAN.) );
#9540 = ( NAMED_UNIT(*) SI_UNIT($,.STERADIAN.) SOLID_ANGLE_UNIT() );
#9541 = UNCERTAINTY_MEASURE_WITH_UNIT(LENGTH_MEASURE(2.E-06),#9538,
  'distance_accuracy_value','confusion accuracy');
#9542 = PRODUCT_RELATED_PRODUCT_CATEGORY('part',$,(#7));
ENDSEC;
END-ISO-10303-21;
