ISO-10303-21;
HEADER;
FILE_DESCRIPTION(('FreeCAD Model'),'2;1');
FILE_NAME('Open CASCADE Shape Model','2026-10-09T13:52:47',('FreeCAD'),(
    'FreeCAD'),'Open CASCADE STEP processor 7.8','FreeCAD','Unknown');
FILE_SCHEMA(('AUTOMOTIVE_DESIGN { 1 0 10303 214 1 1 1 1 }'));
ENDSEC;
DATA;
#1 = APPLICATION_PROTOCOL_DEFINITION('international standard',
  'automotive_design',2000,#2);
#2 = APPLICATION_CONTEXT(
  'core data for automotive mechanical design processes');
#3 = SHAPE_DEFINITION_REPRESENTATION(#4,#10);
#4 = PRODUCT_DEFINITION_SHAPE('','',#5);
#5 = PRODUCT_DEFINITION('design','',#6,#9);
#6 = PRODUCT_DEFINITION_FORMATION('','',#7);
#7 = PRODUCT('Open CASCADE STEP translator 7.8 3',
  'Open CASCADE STEP translator 7.8 3','',(#8));
#8 = PRODUCT_CONTEXT('',#2,'mechanical');
#9 = PRODUCT_DEFINITION_CONTEXT('part definition',#2,'design');
#10 = ADVANCED_BREP_SHAPE_REPRESENTATION('',(#11,#15),#9828);
#11 = AXIS2_PLACEMENT_3D('',#12,#13,#14);
#12 = CARTESIAN_POINT('',(0.,0.,0.));
#13 = DIRECTION('',(0.,0.,1.));
#14 = DIRECTION('',(1.,0.,-0.));
#15 = MANIFOLD_SOLID_BREP('',#16);
#16 = CLOSED_SHELL('',(#17,#1135,#1223,#4658,#4893,#8028,#8073,#8111,
    #8136,#8163,#8190,#8217,#8244,#8271,#8298,#8325,#8352,#8379,#8406,
    #8433,#8460,#8487,#8558,#8590,#8644,#8651,#8875,#9044,#9051,#9082,
    #9112,#9142,#9172,#9202,#9232,#9308,#9357,#9406,#9455,#9504,#9531,
    #9571,#9626,#9661,#9715,#9769,#9824));
#17 = ADVANCED_FACE('',(#18),#32,.T.);
#18 = FACE_BOUND('',#19,.T.);
#19 = EDGE_LOOP('',(#20,#55,#84,#110,#590,#618));
#20 = ORIENTED_EDGE('',*,*,#21,.T.);
#21 = EDGE_CURVE('',#22,#24,#26,.T.);
#22 = VERTEX_POINT('',#23);
#23 = CARTESIAN_POINT('',(27.994405276015,18.,93.186781190701));
#24 = VERTEX_POINT('',#25);
#25 = CARTESIAN_POINT('',(27.994405276015,18.,95.));
#26 = SURFACE_CURVE('',#27,(#31,#43),.PCURVE_S1.);
#27 = LINE('',#28,#29);
#28 = CARTESIAN_POINT('',(27.994405276015,18.,3.608224830032E-16));
#29 = VECTOR('',#30,1.);
#30 = DIRECTION('',(0.,0.,1.));
#31 = PCURVE('',#32,#37);
#32 = CYLINDRICAL_SURFACE('',#33,10.);
#33 = AXIS2_PLACEMENT_3D('',#34,#35,#36);
#34 = CARTESIAN_POINT('',(17.994405276015,18.,3.608224830032E-16));
#35 = DIRECTION('',(0.,0.,1.));
#36 = DIRECTION('',(1.,0.,0.));
#37 = DEFINITIONAL_REPRESENTATION('',(#38),#42);
#38 = LINE('',#39,#40);
#39 = CARTESIAN_POINT('',(6.28318530718,-0.));
#40 = VECTOR('',#41,1.);
#41 = DIRECTION('',(0.,1.));
#42 = ( GEOMETRIC_REPRESENTATION_CONTEXT(2) 
PARAMETRIC_REPRESENTATION_CONTEXT() REPRESENTATION_CONTEXT('2D SPACE',''
  ) );
#43 = PCURVE('',#44,#49);
#44 = CYLINDRICAL_SURFACE('',#45,10.);
#45 = AXIS2_PLACEMENT_3D('',#46,#47,#48);
#46 = CARTESIAN_POINT('',(17.994405276015,18.,3.608224830032E-16));
#47 = DIRECTION('',(0.,0.,1.));
#48 = DIRECTION('',(1.,0.,0.));
#49 = DEFINITIONAL_REPRESENTATION('',(#50),#54);
#50 = LINE('',#51,#52);
#51 = CARTESIAN_POINT('',(0.,-0.));
#52 = VECTOR('',#53,1.);
#53 = DIRECTION('',(0.,1.));
#54 = ( GEOMETRIC_REPRESENTATION_CONTEXT(2) 
PARAMETRIC_REPRESENTATION_CONTEXT() REPRESENTATION_CONTEXT('2D SPACE',''
  ) );
#55 = ORIENTED_EDGE('',*,*,#56,.F.);
#56 = EDGE_CURVE('',#57,#24,#59,.T.);
#57 = VERTEX_POINT('',#58);
#58 = CARTESIAN_POINT('',(7.994405276015,18.,95.));
#59 = SURFACE_CURVE('',#60,(#65,#72),.PCURVE_S1.);
#60 = CIRCLE('',#61,10.);
#61 = AXIS2_PLACEMENT_3D('',#62,#63,#64);
#62 = CARTESIAN_POINT('',(17.994405276015,18.,95.));
#63 = DIRECTION('',(0.,0.,1.));
#64 = DIRECTION('',(1.,0.,0.));
#65 = PCURVE('',#32,#66);
#66 = DEFINITIONAL_REPRESENTATION('',(#67),#71);
#67 = LINE('',#68,#69);
#68 = CARTESIAN_POINT('',(0.,95.));
#69 = VECTOR('',#70,1.);
#70 = DIRECTION('',(1.,0.));
#71 = ( GEOMETRIC_REPRESENTATION_CONTEXT(2) 
PARAMETRIC_REPRESENTATION_CONTEXT() REPRESENTATION_CONTEXT('2D SPACE',''
  ) );
#72 = PCURVE('',#73,#78);
#73 = PLANE('',#74);
#74 = AXIS2_PLACEMENT_3D('',#75,#76,#77);
#75 = CARTESIAN_POINT('',(17.994405276015,18.,95.));
#76 = DIRECTION('',(0.,0.,1.));
#77 = DIRECTION('',(1.,0.,0.));
#78 = DEFINITIONAL_REPRESENTATION('',(#79),#83);
#79 = CIRCLE('',#80,10.);
#80 = AXIS2_PLACEMENT_2D('',#81,#82);
#81 = CARTESIAN_POINT('',(0.,0.));
#82 = DIRECTION('',(1.,0.));
#83 = ( GEOMETRIC_REPRESENTATION_CONTEXT(2) 
PARAMETRIC_REPRESENTATION_CONTEXT() REPRESENTATION_CONTEXT('2D SPACE',''
  ) );
#84 = ORIENTED_EDGE('',*,*,#85,.F.);
#85 = EDGE_CURVE('',#86,#57,#88,.T.);
#86 = VERTEX_POINT('',#87);
#87 = CARTESIAN_POINT('',(7.994405276015,17.999999999999,91.813197682189
    ));
#88 = SURFACE_CURVE('',#89,(#93,#99),.PCURVE_S1.);
#89 = LINE('',#90,#91);
#90 = CARTESIAN_POINT('',(7.994405276015,17.99999999997,
    3.622575888323E-16));
#91 = VECTOR('',#92,1.);
#92 = DIRECTION('',(0.,0.,1.));
#93 = PCURVE('',#32,#94);
#94 = DEFINITIONAL_REPRESENTATION('',(#95),#98);
#95 = B_SPLINE_CURVE_WITH_KNOTS('',1,(#96,#97),.UNSPECIFIED.,.F.,.F.,(2,
    2),(91.239999426215,95.0000006),.PIECEWISE_BEZIER_KNOTS.);
#96 = CARTESIAN_POINT('',(3.141592653593,91.239999426215));
#97 = CARTESIAN_POINT('',(3.141592653593,95.0000006));
#98 = ( GEOMETRIC_REPRESENTATION_CONTEXT(2) 
PARAMETRIC_REPRESENTATION_CONTEXT() REPRESENTATION_CONTEXT('2D SPACE',''
  ) );
#99 = PCURVE('',#100,#105);
#100 = PLANE('',#101);
#101 = AXIS2_PLACEMENT_3D('',#102,#103,#104);
#102 = CARTESIAN_POINT('',(7.438845221752,18.000000253684,
    94.000002656578));
#103 = DIRECTION('',(4.566285756967E-07,1.,-3.142809238493E-13));
#104 = DIRECTION('',(1.,-4.566285756967E-07,0.));
#105 = DEFINITIONAL_REPRESENTATION('',(#106),#109);
#106 = B_SPLINE_CURVE_WITH_KNOTS('',1,(#107,#108),.UNSPECIFIED.,.F.,.F.,
  (2,2),(91.239999426215,95.0000006),.PIECEWISE_BEZIER_KNOTS.);
#107 = CARTESIAN_POINT('',(0.555560054262,2.760003230362));
#108 = CARTESIAN_POINT('',(0.555560054262,-0.999997943422));
#109 = ( GEOMETRIC_REPRESENTATION_CONTEXT(2) 
PARAMETRIC_REPRESENTATION_CONTEXT() REPRESENTATION_CONTEXT('2D SPACE',''
  ) );
#110 = ORIENTED_EDGE('',*,*,#111,.F.);
#111 = EDGE_CURVE('',#112,#86,#114,.T.);
#112 = VERTEX_POINT('',#113);
#113 = CARTESIAN_POINT('',(27.994405276015,18.,88.813209300314));
#114 = SURFACE_CURVE('',#115,(#153,#194),.PCURVE_S1.);
#115 = B_SPLINE_CURVE_WITH_KNOTS('',8,(#116,#117,#118,#119,#120,#121,
    #122,#123,#124,#125,#126,#127,#128,#129,#130,#131,#132,#133,#134,
    #135,#136,#137,#138,#139,#140,#141,#142,#143,#144,#145,#146,#147,
    #148,#149,#150,#151,#152),.UNSPECIFIED.,.F.,.F.,(9,7,7,7,7,9),(0.,
    0.264647878003,0.421552914398,0.607774812481,0.793611092132,1.),
  .UNSPECIFIED.);
#116 = CARTESIAN_POINT('',(27.994405276015,18.,88.813209300314));
#117 = CARTESIAN_POINT('',(27.994405276015,19.039344916059,
    88.91246031366));
#118 = CARTESIAN_POINT('',(27.870949587955,20.079207207784,
    89.011759333037));
#119 = CARTESIAN_POINT('',(27.623823072078,21.101551204751,
    89.111018606578));
#120 = CARTESIAN_POINT('',(27.256269455165,22.089443654457,
    89.210258089629));
#121 = CARTESIAN_POINT('',(26.77382526416,23.026793865075,
    89.309512891155));
#122 = CARTESIAN_POINT('',(26.184561727205,23.898522857163,
    89.40880817398));
#123 = CARTESIAN_POINT('',(25.49883665062,24.690564565398,
    89.508152170034));
#124 = CARTESIAN_POINT('',(24.275324113964,25.805750410785,
    89.666238883111));
#125 = CARTESIAN_POINT('',(23.79087046619,26.188645387429,
    89.725056231866));
#126 = CARTESIAN_POINT('',(23.279909957789,26.537022092014,
    89.783868468911));
#127 = CARTESIAN_POINT('',(22.745214339807,26.848815809572,
    89.842687275219));
#128 = CARTESIAN_POINT('',(22.189780521419,27.122230140744,
    89.90151745794));
#129 = CARTESIAN_POINT('',(21.616830569928,27.355737001784,
    89.960356950403));
#130 = CARTESIAN_POINT('',(21.029811710763,27.548076624557,
    90.019196812111));
#131 = CARTESIAN_POINT('',(19.723357094739,27.876498987486,
    90.147836671079));
#132 = CARTESIAN_POINT('',(18.999292124514,27.995509062127,
    90.217654502599));
#133 = CARTESIAN_POINT('',(18.266189106706,28.053813565438,
    90.287474123471));
#134 = CARTESIAN_POINT('',(17.530005648203,28.050638161523,
    90.357294661157));
#135 = CARTESIAN_POINT('',(16.796669272881,27.985908393615,
    90.42711497042));
#136 = CARTESIAN_POINT('',(16.072077421603,27.860249684079,
    90.496933633326));
#137 = CARTESIAN_POINT('',(15.362097452218,27.674987334409,
    90.56674895924));
#138 = CARTESIAN_POINT('',(13.984463670762,27.189808577922,
    90.706224451523));
#139 = CARTESIAN_POINT('',(13.316366990884,26.890029887618,
    90.775910455585));
#140 = CARTESIAN_POINT('',(12.674036311455,26.534775995621,
    90.845600742936));
#141 = CARTESIAN_POINT('',(12.062836204352,26.126680643036,
    90.915294920947));
#142 = CARTESIAN_POINT('',(11.487770777887,25.668958651681,
    90.984994983653));
#143 = CARTESIAN_POINT('',(10.953489496925,25.165380777568,
    91.054700002979));
#144 = CARTESIAN_POINT('',(10.464238680259,24.620323422863,
    91.124399244195));
#145 = CARTESIAN_POINT('',(9.53450988009,23.393186708889,91.271412171524
    ));
#146 = CARTESIAN_POINT('',(9.1046640237,22.701634599199,91.348833471456)
  );
#147 = CARTESIAN_POINT('',(8.739686169916,21.971144040048,
    91.426250726313));
#148 = CARTESIAN_POINT('',(8.443649092982,21.209050195603,
    91.503650672269));
#149 = CARTESIAN_POINT('',(8.219551001204,20.422961770706,
    91.581039188905));
#150 = CARTESIAN_POINT('',(8.069444113385,19.620700606967,
    91.658428959289));
#151 = CARTESIAN_POINT('',(7.994405276015,18.810298310469,
    91.735826767668));
#152 = CARTESIAN_POINT('',(7.994405276015,17.999999999999,
    91.813197682189));
#153 = PCURVE('',#32,#154);
#154 = DEFINITIONAL_REPRESENTATION('',(#155),#193);
#155 = B_SPLINE_CURVE_WITH_KNOTS('',8,(#156,#157,#158,#159,#160,#161,
    #162,#163,#164,#165,#166,#167,#168,#169,#170,#171,#172,#173,#174,
    #175,#176,#177,#178,#179,#180,#181,#182,#183,#184,#185,#186,#187,
    #188,#189,#190,#191,#192),.UNSPECIFIED.,.F.,.F.,(9,7,7,7,7,9),(0.,
    0.264647878003,0.421552914398,0.607774812481,0.793611092132,1.),
  .UNSPECIFIED.);
#156 = CARTESIAN_POINT('',(0.,88.813209300314));
#157 = CARTESIAN_POINT('',(0.103934491606,88.91246031366));
#158 = CARTESIAN_POINT('',(0.207920577815,89.011759333037));
#159 = CARTESIAN_POINT('',(0.311866610626,89.111018606578));
#160 = CARTESIAN_POINT('',(0.415793194195,89.210258089629));
#161 = CARTESIAN_POINT('',(0.519736007934,89.309512891155));
#162 = CARTESIAN_POINT('',(0.623720280704,89.40880817398));
#163 = CARTESIAN_POINT('',(0.72775430465,89.508152170034));
#164 = CARTESIAN_POINT('',(0.893302557347,89.666238883111));
#165 = CARTESIAN_POINT('',(0.954895611361,89.725056231866));
#166 = CARTESIAN_POINT('',(1.016483000888,89.783868468911));
#167 = CARTESIAN_POINT('',(1.078077066671,89.842687275219));
#168 = CARTESIAN_POINT('',(1.139682954554,89.90151745794));
#169 = CARTESIAN_POINT('',(1.201298615479,89.960356950403));
#170 = CARTESIAN_POINT('',(1.262914805488,90.019196812111));
#171 = CARTESIAN_POINT('',(1.397625046828,90.147836671079));
#172 = CARTESIAN_POINT('',(1.470737916901,90.217654502599));
#173 = CARTESIAN_POINT('',(1.543852985311,90.287474123471));
#174 = CARTESIAN_POINT('',(1.616969225306,90.357294661157));
#175 = CARTESIAN_POINT('',(1.690085294013,90.42711497042));
#176 = CARTESIAN_POINT('',(1.76319953244,90.496933633326));
#177 = CARTESIAN_POINT('',(1.836309965474,90.56674895924));
#178 = CARTESIAN_POINT('',(1.982367257711,90.706224451523));
#179 = CARTESIAN_POINT('',(2.055341293836,90.775910455585));
#180 = CARTESIAN_POINT('',(2.128319414762,90.845600742936));
#181 = CARTESIAN_POINT('',(2.201301397688,90.915294920947));
#182 = CARTESIAN_POINT('',(2.274289901872,90.984994983653));
#183 = CARTESIAN_POINT('',(2.347284654171,91.054700002979));
#184 = CARTESIAN_POINT('',(2.420274781653,91.124399244195));
#185 = CARTESIAN_POINT('',(2.5742312741,91.271412171524));
#186 = CARTESIAN_POINT('',(2.655310594056,91.348833471456));
#187 = CARTESIAN_POINT('',(2.736386546279,91.426250726313));
#188 = CARTESIAN_POINT('',(2.817443835084,91.503650672269));
#189 = CARTESIAN_POINT('',(2.898485877952,91.581039188905));
#190 = CARTESIAN_POINT('',(2.979522550888,91.658428959289));
#191 = CARTESIAN_POINT('',(3.060562822543,91.735826767668));
#192 = CARTESIAN_POINT('',(3.14159265359,91.813197682189));
#193 = ( GEOMETRIC_REPRESENTATION_CONTEXT(2) 
PARAMETRIC_REPRESENTATION_CONTEXT() REPRESENTATION_CONTEXT('2D SPACE',''
  ) );
#194 = PCURVE('',#195,#550);
#195 = B_SPLINE_SURFACE_WITH_KNOTS('',1,11,(
    (#196,#197,#198,#199,#200,#201,#202,#203,#204,#205,#206,#207,#208
      ,#209,#210,#211,#212,#213,#214,#215,#216,#217,#218,#219,#220,#221
      ,#222,#223,#224,#225,#226,#227,#228,#229,#230,#231,#232,#233,#234
      ,#235,#236,#237,#238,#239,#240,#241,#242,#243,#244,#245,#246,#247
      ,#248,#249,#250,#251,#252,#253,#254,#255,#256,#257,#258,#259,#260
      ,#261,#262,#263,#264,#265,#266,#267,#268,#269,#270,#271,#272,#273
      ,#274,#275,#276,#277,#278,#279,#280,#281,#282,#283,#284,#285,#286
      ,#287,#288,#289,#290,#291,#292,#293,#294,#295,#296,#297,#298,#299
      ,#300,#301,#302,#303,#304,#305,#306,#307,#308,#309,#310,#311,#312
      ,#313,#314,#315,#316,#317,#318,#319,#320,#321,#322,#323,#324,#325
      ,#326,#327,#328,#329,#330,#331,#332,#333,#334,#335,#336,#337,#338
      ,#339,#340,#341,#342,#343,#344,#345,#346,#347,#348,#349,#350,#351
      ,#352,#353,#354,#355,#356,#357,#358,#359,#360,#361,#362,#363,#364
      ,#365,#366,#367,#368,#369,#370,#371,#372)
    ,(#373,#374,#375,#376,#377,#378,#379,#380,#381,#382,#383,#384,#385
      ,#386,#387,#388,#389,#390,#391,#392,#393,#394,#395,#396,#397,#398
      ,#399,#400,#401,#402,#403,#404,#405,#406,#407,#408,#409,#410,#411
      ,#412,#413,#414,#415,#416,#417,#418,#419,#420,#421,#422,#423,#424
      ,#425,#426,#427,#428,#429,#430,#431,#432,#433,#434,#435,#436,#437
      ,#438,#439,#440,#441,#442,#443,#444,#445,#446,#447,#448,#449,#450
      ,#451,#452,#453,#454,#455,#456,#457,#458,#459,#460,#461,#462,#463
      ,#464,#465,#466,#467,#468,#469,#470,#471,#472,#473,#474,#475,#476
      ,#477,#478,#479,#480,#481,#482,#483,#484,#485,#486,#487,#488,#489
      ,#490,#491,#492,#493,#494,#495,#496,#497,#498,#499,#500,#501,#502
      ,#503,#504,#505,#506,#507,#508,#509,#510,#511,#512,#513,#514,#515
      ,#516,#517,#518,#519,#520,#521,#522,#523,#524,#525,#526,#527,#528
      ,#529,#530,#531,#532,#533,#534,#535,#536,#537,#538,#539,#540,#541
      ,#542,#543,#544,#545,#546,#547,#548,#549
  )),.UNSPECIFIED.,.F.,.F.,.F.,(2,2),(12,11,11,11,11,11,11,11,11,11,11,
    11,11,11,11,11,12),(0.,2.914515397111),(0.,8.416336845462,
    16.832673690923,25.249010536385,33.665347381847,42.081684227309,
    50.49802107277,58.914357918232,67.330694763694,75.747031609156,
    84.163368454617,92.579705300079,100.99604214554,109.412378991,
    117.82871583646,126.24505268192,134.66138952738),
  .PIECEWISE_BEZIER_KNOTS.);
#196 = CARTESIAN_POINT('',(27.874405276015,18.,-1.3));
#197 = CARTESIAN_POINT('',(27.874456939104,23.467088292647,
    -0.771593603607));
#198 = CARTESIAN_POINT('',(24.547016347473,28.934042773823,
    -0.243172613542));
#199 = CARTESIAN_POINT('',(17.888280975534,32.151710182433,
    0.285203223284));
#200 = CARTESIAN_POINT('',(9.631351521794,30.861569050915,0.81367809664)
  );
#201 = CARTESIAN_POINT('',(3.132737131426,24.332165903945,1.341990104383
    ));
#202 = CARTESIAN_POINT('',(2.180657286222,14.689122819978,1.870508725478
    ));
#203 = CARTESIAN_POINT('',(7.28457051151,7.016889081677,2.398822867495)
  );
#204 = CARTESIAN_POINT('',(15.128554042724,4.141060020656,2.927294316219
    ));
#205 = CARTESIAN_POINT('',(22.288316035253,5.997638182733,3.455673689761
    ));
#206 = CARTESIAN_POINT('',(26.617968871679,10.710472028243,
    3.984091922747));
#207 = CARTESIAN_POINT('',(27.684563846399,16.072507618481,4.5125));
#208 = CARTESIAN_POINT('',(28.751190532298,21.434537263604,
    5.040906396393));
#209 = CARTESIAN_POINT('',(26.554235688795,27.445597203892,
    5.569327386458));
#210 = CARTESIAN_POINT('',(20.651181820775,31.900492863409,
    6.097703223286));
#211 = CARTESIAN_POINT('',(12.301212902434,32.245988457986,
    6.626178096637));
#212 = CARTESIAN_POINT('',(4.653644202822,27.10986273568,7.154490104386)
  );
#213 = CARTESIAN_POINT('',(1.838593924414,17.837849584218,7.683008725475
    ));
#214 = CARTESIAN_POINT('',(5.347658337645,9.317311591229,8.211322867498)
  );
#215 = CARTESIAN_POINT('',(12.479875507202,4.966455506214,8.739794316218
    ));
#216 = CARTESIAN_POINT('',(19.86426511216,5.390559766825,9.268173689761)
  );
#217 = CARTESIAN_POINT('',(25.030153155905,9.168164465409,9.796591922747
    ));
#218 = CARTESIAN_POINT('',(27.122335057228,14.219087688232,10.325));
#219 = CARTESIAN_POINT('',(29.214546900564,19.269998893635,
    10.853406396394));
#220 = CARTESIAN_POINT('',(28.232505547769,25.594162630552,
    11.381827386456));
#221 = CARTESIAN_POINT('',(23.311984233327,31.115087399167,
    11.910203223287));
#222 = CARTESIAN_POINT('',(15.189860473222,33.082942517795,
    12.438678096641));
#223 = CARTESIAN_POINT('',(6.687229240673,29.537472651436,
    12.966990104376));
#224 = CARTESIAN_POINT('',(2.117389332563,20.992807697919,
    13.495508725491));
#225 = CARTESIAN_POINT('',(3.89675355624,11.951404947085,14.023822867482
    ));
#226 = CARTESIAN_POINT('',(10.043117258128,6.292722797332,
    14.552294316229));
#227 = CARTESIAN_POINT('',(17.368356524171,5.268055067644,
    15.080673689756));
#228 = CARTESIAN_POINT('',(23.171957594819,7.965259389207,
    15.609091922747));
#229 = CARTESIAN_POINT('',(26.209325045556,12.510966097771,16.1375));
#230 = CARTESIAN_POINT('',(29.246719518564,17.056655178382,
    16.66590639639));
#231 = CARTESIAN_POINT('',(29.517330954818,23.450888646259,
    17.194327386469));
#232 = CARTESIAN_POINT('',(25.768435068778,29.825676481007,
    17.722703223263));
#233 = CARTESIAN_POINT('',(18.186285127909,33.340267555585,
    18.251178096663));
#234 = CARTESIAN_POINT('',(9.155342712417,31.521703963073,
    18.779490104374));
#235 = CARTESIAN_POINT('',(3.006329559552,24.032753890569,
    19.308008725465));
#236 = CARTESIAN_POINT('',(2.987613624307,14.817942418452,
    19.836322867521));
#237 = CARTESIAN_POINT('',(7.911922548462,8.068894185985,20.364794316197
    ));
#238 = CARTESIAN_POINT('',(14.896506638652,5.634831871987,
    20.893173689772));
#239 = CARTESIAN_POINT('',(21.114791601686,7.147983767162,
    21.421591922744));
#240 = CARTESIAN_POINT('',(24.980620274148,11.013785001868,
    21.949999999999));
#241 = CARTESIAN_POINT('',(28.846472010506,14.879563675663,
    22.478406396398));
#242 = CARTESIAN_POINT('',(30.359336790321,21.098140067966,
    23.006827386442));
#243 = CARTESIAN_POINT('',(27.926134298841,28.081811448066,
    23.535203223314));
#244 = CARTESIAN_POINT('',(21.175335947581,33.008074713395,
    24.063678096606));
#245 = CARTESIAN_POINT('',(11.963136401554,32.986303775337,
    24.591990104402));
#246 = CARTESIAN_POINT('',(4.471253130724,26.840864733641,
    25.120508725483));
#247 = CARTESIAN_POINT('',(2.655176279819,17.806764578677,
    25.648822867475));
#248 = CARTESIAN_POINT('',(6.168191995628,10.226712401369,
    26.177294316239));
#249 = CARTESIAN_POINT('',(12.543707260417,6.476795153154,
    26.705673689751));
#250 = CARTESIAN_POINT('',(18.937710912049,6.747745042996,
    27.234091922749));
#251 = CARTESIAN_POINT('',(23.483439178233,9.785080230471,
    27.762500000001));
#252 = CARTESIAN_POINT('',(28.029185663878,12.822388790773,
    28.290906396384));
#253 = CARTESIAN_POINT('',(30.726165241869,18.62633170473,
    28.819327386487));
#254 = CARTESIAN_POINT('',(29.702162752455,25.950508054312,
    29.34770322323));
#255 = CARTESIAN_POINT('',(24.042145385578,32.099129977766,
    29.876178096701));
#256 = CARTESIAN_POINT('',(15.00270837069,33.874988336681,
    30.404490104353));
#257 = CARTESIAN_POINT('',(6.45586385559,29.309226103991,30.933008725458
    ));
#258 = CARTESIAN_POINT('',(2.912216902816,20.803012667224,
    31.461322867548));
#259 = CARTESIAN_POINT('',(4.878936187177,12.683253700088,
    31.989794316172));
#260 = CARTESIAN_POINT('',(10.400375150107,7.761588734205,
    32.518173689784));
#261 = CARTESIAN_POINT('',(16.724379515782,6.779924166552,
    33.046591922741));
#262 = CARTESIAN_POINT('',(21.775317587784,8.872070218786,
    33.574999999999));
#263 = CARTESIAN_POINT('',(26.826268334402,10.964186601182,
    34.103406396393));
#264 = CARTESIAN_POINT('',(30.603719298123,16.130453764928,
    34.631827386463));
#265 = CARTESIAN_POINT('',(31.02826865203,23.513671095466,
    35.160203223271));
#266 = CARTESIAN_POINT('',(26.676543562453,30.648363582978,
    35.688678096661));
#267 = CARTESIAN_POINT('',(18.15724957481,34.153606000012,
    36.216990104365));
#268 = CARTESIAN_POINT('',(8.883894255547,31.342980256812,
    36.745508725485));
#269 = CARTESIAN_POINT('',(3.748857567447,23.69154255115,37.273822867499
    ));
#270 = CARTESIAN_POINT('',(4.093700500236,15.344114577464,
    37.802294316213));
#271 = CARTESIAN_POINT('',(8.548877358852,9.439838718366,38.330673689764
    ));
#272 = CARTESIAN_POINT('',(14.559854497244,7.243284512121,
    38.859091922746));
#273 = CARTESIAN_POINT('',(19.921897657538,8.309841429603,
    39.387499999999));
#274 = CARTESIAN_POINT('',(25.283947460588,9.376366774761,39.9159063964)
  );
#275 = CARTESIAN_POINT('',(29.996704487851,13.70642143851,
    40.444327386435));
#276 = CARTESIAN_POINT('',(31.853490491578,20.86494684849,
    40.972703223334));
#277 = CARTESIAN_POINT('',(28.977292033964,28.711527669023,
    41.501178096568));
#278 = CARTESIAN_POINT('',(21.305532763832,33.811449643769,
    42.029490104453));
#279 = CARTESIAN_POINT('',(11.662036484842,32.863971161211,
    42.558008725433));
#280 = CARTESIAN_POINT('',(5.132946641456,26.361349646704,
    43.086322867512));
#281 = CARTESIAN_POINT('',(3.842661102279,18.107039642151,
    43.614794316219));
#282 = CARTESIAN_POINT('',(7.060365908306,11.447050900028,
    44.143173689758));
#283 = CARTESIAN_POINT('',(12.527317339032,8.120019401426,
    44.671591922747));
#284 = CARTESIAN_POINT('',(17.994405276015,8.11999999999,45.2));
#285 = CARTESIAN_POINT('',(23.46149356866,8.119948336938,45.728406396399
    ));
#286 = CARTESIAN_POINT('',(28.928448049824,11.447388928499,
    46.256827386434));
#287 = CARTESIAN_POINT('',(32.146115458497,18.106124300512,
    46.785203223339));
#288 = CARTESIAN_POINT('',(30.855974326843,26.363053754243,
    47.313678096556));
#289 = CARTESIAN_POINT('',(24.326571180045,32.86166814448,
    47.841990104476));
#290 = CARTESIAN_POINT('',(14.683528095955,33.813747989981,
    48.370508725401));
#291 = CARTESIAN_POINT('',(7.011294357673,28.709834764282,
    48.898822867543));
#292 = CARTESIAN_POINT('',(4.135465296715,20.865851233492,
    49.427294316198));
#293 = CARTESIAN_POINT('',(5.992043458711,13.706089240617,
    49.955673689767));
#294 = CARTESIAN_POINT('',(10.704877304276,9.376436404419,
    50.484091922746));
#295 = CARTESIAN_POINT('',(16.06691289449,8.309841429578,51.0125));
#296 = CARTESIAN_POINT('',(21.428942539647,7.24321474385,51.540906396401
    ));
#297 = CARTESIAN_POINT('',(27.440002479775,9.440169586939,
    52.069327386435));
#298 = CARTESIAN_POINT('',(31.894898139793,15.343223455639,
    52.597703223318));
#299 = CARTESIAN_POINT('',(32.240393733314,23.693192373211,
    53.126178096632));
#300 = CARTESIAN_POINT('',(27.104268012588,31.340761073357,
    53.654490104318));
#301 = CARTESIAN_POINT('',(17.832254859406,34.155811351687,
    54.183008725621));
#302 = CARTESIAN_POINT('',(9.311716867779,30.646746938157,
    54.711322867331));
#303 = CARTESIAN_POINT('',(4.960860781999,23.514529768986,55.23979431634
    ));
#304 = CARTESIAN_POINT('',(5.384965042895,16.130140163789,
    55.768173689705));
#305 = CARTESIAN_POINT('',(9.162569741417,10.9642521201,56.296591922759)
  );
#306 = CARTESIAN_POINT('',(14.213492964255,8.872070218815,
    56.825000000002));
#307 = CARTESIAN_POINT('',(19.264404169612,6.779858375369,
    57.353406396386));
#308 = CARTESIAN_POINT('',(25.588567906696,7.761899728407,
    57.881827386473));
#309 = CARTESIAN_POINT('',(31.109492674868,12.682421042472,
    58.41020322327));
#310 = CARTESIAN_POINT('',(33.077347794362,20.804544802963,
    58.938678096626));
#311 = CARTESIAN_POINT('',(29.531877926736,29.307176035321,
    59.466990104452));
#312 = CARTESIAN_POINT('',(20.987212974618,33.877015943323,
    59.995508725359));
#313 = CARTESIAN_POINT('',(11.945810222623,32.097651719942,
    60.523822867622));
#314 = CARTESIAN_POINT('',(6.287128073584,25.951288017792,61.05229431613
    ));
#315 = CARTESIAN_POINT('',(5.262460343572,18.626048751847,
    61.580673689801));
#316 = CARTESIAN_POINT('',(7.959664665253,12.822447681236,
    62.109091922738));
#317 = CARTESIAN_POINT('',(12.505371373766,9.785080230422,
    62.637499999998));
#318 = CARTESIAN_POINT('',(17.051060454473,6.747685757556,
    63.165906396411));
#319 = CARTESIAN_POINT('',(23.44529392205,6.477074321018,63.694327386397
    ));
#320 = CARTESIAN_POINT('',(29.820081757497,10.225970207425,
    64.222703223415));
#321 = CARTESIAN_POINT('',(33.334672830861,17.808120148018,
    64.751178096451));
#322 = CARTESIAN_POINT('',(31.516109239934,26.839062563523,
    65.279490104578));
#323 = CARTESIAN_POINT('',(24.027159165867,32.988075716642,
    65.808008725335));
#324 = CARTESIAN_POINT('',(14.812347694915,33.006791651545,
    66.33632286757));
#325 = CARTESIAN_POINT('',(8.063299461789,28.082482727621,
    66.864794316194));
#326 = CARTESIAN_POINT('',(5.629237148089,21.097898637377,
    67.393173689767));
#327 = CARTESIAN_POINT('',(7.142389043133,14.879613674286,
    67.921591922745));
#328 = CARTESIAN_POINT('',(11.008190277911,11.0137850019,68.450000000001
    ));
#329 = CARTESIAN_POINT('',(14.873968951578,7.147933265417,
    68.978406396386));
#330 = CARTESIAN_POINT('',(21.092545344244,5.635068485828,69.50682738648
    ));
#331 = CARTESIAN_POINT('',(28.076216723569,8.068270977087,
    70.035203223247));
#332 = CARTESIAN_POINT('',(33.002479990142,14.819069328363,
    70.563678096679));
#333 = CARTESIAN_POINT('',(32.980709050585,24.03126887471,
    71.091990104369));
#334 = CARTESIAN_POINT('',(26.835270010236,31.523152144968,
    71.620508725456));
#335 = CARTESIAN_POINT('',(17.801169854382,33.339228996454,
    72.14882286754));
#336 = CARTESIAN_POINT('',(10.221117677499,29.82621328026,
    72.677294316179));
#337 = CARTESIAN_POINT('',(6.47120042913,23.450698015622,73.205673689781
    ));
#338 = CARTESIAN_POINT('',(6.742150319036,17.056694363982,
    73.734091922742));
#339 = CARTESIAN_POINT('',(9.779485506464,12.510966097764,
    74.262499999999));
#340 = CARTESIAN_POINT('',(12.816794066862,7.965219612184,
    74.790906396399));
#341 = CARTESIAN_POINT('',(18.620736980565,5.268240034088,
    75.319327386438));
#342 = CARTESIAN_POINT('',(25.94491333064,6.292242523534,75.847703223332
    ));
#343 = CARTESIAN_POINT('',(32.0935352534,11.952259890683,76.376178096559
    ));
#344 = CARTESIAN_POINT('',(33.869393612979,20.991696904807,
    76.904490104483));
#345 = CARTESIAN_POINT('',(29.303631379976,29.538541421084,
    77.433008725389));
#346 = CARTESIAN_POINT('',(20.797417943014,33.08218837262,
    77.961322867553));
#347 = CARTESIAN_POINT('',(12.677658976431,31.115469089201,
    78.489794316192));
#348 = CARTESIAN_POINT('',(7.755994009951,25.594030125742,79.01817368977
    ));
#349 = CARTESIAN_POINT('',(6.77432944271,19.270025760292,79.546591922745
    ));
#350 = CARTESIAN_POINT('',(8.866475494755,14.21908768821,80.075));
#351 = CARTESIAN_POINT('',(10.958591877379,9.168136941687,
    80.603406396406));
#352 = CARTESIAN_POINT('',(16.124859040497,5.390685977821,
    81.131827386414));
#353 = CARTESIAN_POINT('',(23.50807637225,4.96613662386,81.660203223363)
  );
#354 = CARTESIAN_POINT('',(30.642768858047,9.317861714092,
    82.188678096567));
#355 = CARTESIAN_POINT('',(34.148011276806,17.837155700278,
    82.716990104381));
#356 = CARTESIAN_POINT('',(31.337385532496,27.110511021492,
    83.245508725581));
#357 = CARTESIAN_POINT('',(23.685947827065,32.245547707792,
    83.773822867343));
#358 = CARTESIAN_POINT('',(15.338519853751,31.900704776177,
    84.302294316343));
#359 = CARTESIAN_POINT('',(9.434243994169,27.445527917036,84.8306736897)
  );
#360 = CARTESIAN_POINT('',(7.23768978822,21.434550778789,85.359091922761
    ));
#361 = CARTESIAN_POINT('',(8.304246705612,16.072507618477,
    85.887500000002));
#362 = CARTESIAN_POINT('',(9.370771050986,10.710457810455,
    86.415906344236));
#363 = CARTESIAN_POINT('',(13.700831157401,5.997700810299,
    86.944327618227));
#364 = CARTESIAN_POINT('',(20.859340107249,4.1409147245,87.472702596378)
  );
#365 = CARTESIAN_POINT('',(28.705957017293,7.017113362157,
    88.001179352464));
#366 = CARTESIAN_POINT('',(33.805816698781,14.688872321495,
    88.529488110367));
#367 = CARTESIAN_POINT('',(32.858426069747,24.332369038722,
    89.058011314904));
#368 = CARTESIAN_POINT('',(26.355701413089,30.861458367771,
    89.586320075762));
#369 = CARTESIAN_POINT('',(18.101493063102,32.151744413695,
    90.114796828065));
#370 = CARTESIAN_POINT('',(11.441420123755,28.934039188066,
    90.64317180883));
#371 = CARTESIAN_POINT('',(8.114446892328,23.467088047659,
    91.171593081739));
#372 = CARTESIAN_POINT('',(8.114394277872,17.999999945209,91.69999942621
    ));
#373 = CARTESIAN_POINT('',(29.994405276015,18.,0.7));
#374 = CARTESIAN_POINT('',(29.994412031004,24.640187576464,
    1.228453999475));
#375 = CARTESIAN_POINT('',(25.953242201928,31.280169509821,
    1.756664771653));
#376 = CARTESIAN_POINT('',(17.864982518176,35.188447191113,
    2.285628099493));
#377 = CARTESIAN_POINT('',(7.837809448988,33.62101830745,2.812940799405)
  );
#378 = CARTESIAN_POINT('',(-5.743566553709E-02,25.69134235637,
    3.342967991545));
#379 = CARTESIAN_POINT('',(-1.211381959061,13.978217338817,
    3.869551494881));
#380 = CARTESIAN_POINT('',(4.98567675872,4.66056286702,4.399543166958));
#381 = CARTESIAN_POINT('',(14.514049604179,1.167089393988,4.926912879013
    ));
#382 = CARTESIAN_POINT('',(23.209525635945,3.422307186275,5.455817305743
    ));
#383 = CARTESIAN_POINT('',(28.468388809757,9.146315894617,5.984074011932
    ));
#384 = CARTESIAN_POINT('',(29.763828640853,15.658916135806,
    6.512500000001));
#385 = CARTESIAN_POINT('',(31.059271598588,22.171513052087,
    7.040953999474));
#386 = CARTESIAN_POINT('',(28.391147928177,29.472302717738,
    7.569164771653));
#387 = CARTESIAN_POINT('',(21.220769037654,34.883425125545,
    8.098128099497));
#388 = CARTESIAN_POINT('',(11.080475081676,35.302318371319,
    8.625440799392));
#389 = CARTESIAN_POINT('',(1.789931853404,29.06529483197,9.155467991566)
  );
#390 = CARTESIAN_POINT('',(-1.626959017153,17.80235798116,9.682051494856
    ));
#391 = CARTESIAN_POINT('',(2.633240743702,7.454753446601,10.21204316698)
  );
#392 = CARTESIAN_POINT('',(11.296985711915,2.169512760007,
    10.739412878997));
#393 = CARTESIAN_POINT('',(20.265351775284,2.684993955696,
    11.268317305751));
#394 = CARTESIAN_POINT('',(26.539866069946,7.273064131709,
    11.796574011928));
#395 = CARTESIAN_POINT('',(29.08095966615,13.407798811618,
    12.325000000002));
#396 = CARTESIAN_POINT('',(31.622055680257,19.54252962053,
    12.853453999469));
#397 = CARTESIAN_POINT('',(30.429512664864,27.223561765956,
    13.381664771668));
#398 = CARTESIAN_POINT('',(24.452568207141,33.929582500729,
    13.910628099465));
#399 = CARTESIAN_POINT('',(14.588839174342,36.318700043444,
    14.437940799448));
#400 = CARTESIAN_POINT('',(4.260028198431,32.014014232648,
    14.967967991488));
#401 = CARTESIAN_POINT('',(-1.288498049281,21.63409389547,
    15.494551494945));
#402 = CARTESIAN_POINT('',(0.871125667049,10.654191937364,
    16.024543166899));
#403 = CARTESIAN_POINT('',(8.337299897529,3.780292872835,16.551912879057
    ));
#404 = CARTESIAN_POINT('',(17.233906714221,2.53622781864,17.080817305713
    ));
#405 = CARTESIAN_POINT('',(24.282946064175,5.812042498484,
    17.609074011949));
#406 = CARTESIAN_POINT('',(27.972040623644,11.333157203766,
    18.137499999992));
#407 = CARTESIAN_POINT('',(31.661136799367,16.854267640709,18.6659539995
    ));
#408 = CARTESIAN_POINT('',(31.990003198285,24.620364508157,
    19.194164771602));
#409 = CARTESIAN_POINT('',(27.436183796956,32.363574953795,
    19.72312809957));
#410 = CARTESIAN_POINT('',(18.228077262465,36.631104346182,
    20.250440799312));
#411 = CARTESIAN_POINT('',(7.257928952161,34.424182925475,
    20.780467991639));
#412 = CARTESIAN_POINT('',(-0.209005920522,25.326173619431,21.3070514948
    ));
#413 = CARTESIAN_POINT('',(-0.232951377135,14.135925712383,
    21.837043167018));
#414 = CARTESIAN_POINT('',(5.748731227101,5.937528356062,22.364412878973
    ));
#415 = CARTESIAN_POINT('',(14.231687186388,2.981725774326,
    22.893317305767));
#416 = CARTESIAN_POINT('',(21.784360962567,4.819397236962,
    23.421574011916));
#417 = CARTESIAN_POINT('',(26.479686650254,9.514718625759,
    23.950000000012));
#418 = CARTESIAN_POINT('',(31.175013090422,14.210035512938,
    24.478453999441));
#419 = CARTESIAN_POINT('',(33.012650752378,21.762750355016,
    25.00666477172));
#420 = CARTESIAN_POINT('',(30.056957133236,30.24558327663,
    25.535628099394));
#421 = CARTESIAN_POINT('',(21.858335467145,36.22752575728,
    26.062940799526));
#422 = CARTESIAN_POINT('',(10.668426470013,36.203179479301,
    26.592967991411));
#423 = CARTESIAN_POINT('',(1.570033091837,28.736712599761,
    27.119551495018));
#424 = CARTESIAN_POINT('',(-0.636561327088,17.766153695258,
    27.64954316683));
#425 = CARTESIAN_POINT('',(3.630756942884,8.55831785987,28.176912879116)
  );
#426 = CARTESIAN_POINT('',(11.374066804591,4.004367586158,
    28.705817305669));
#427 = CARTESIAN_POINT('',(19.140129989359,4.333275147849,
    29.234074011977));
#428 = CARTESIAN_POINT('',(24.661248072249,8.022364652373,
    29.762499999977));
#429 = CARTESIAN_POINT('',(30.182366014942,11.711449594939,
    30.290953999543));
#430 = CARTESIAN_POINT('',(33.458155555152,18.760535815969,
    30.819164771526));
#431 = CARTESIAN_POINT('',(32.214173366351,27.657000701458,
    31.348128099662));
#432 = CARTESIAN_POINT('',(25.340105001606,35.123473575712,
    31.875440799234));
#433 = CARTESIAN_POINT('',(14.36045724477,37.282638054192,
    32.405467991675));
#434 = CARTESIAN_POINT('',(3.980251516491,31.734645736031,
    32.932051494816));
#435 = CARTESIAN_POINT('',(-0.324193678951,21.405368260576,
    33.462043166961));
#436 = CARTESIAN_POINT('',(2.064769608925,11.5419459133,33.989412879046)
  );
#437 = CARTESIAN_POINT('',(8.770862317515,5.564853702835,34.518317305708
    ));
#438 = CARTESIAN_POINT('',(16.451869457944,4.37235763042,35.046574011948
    ));
#439 = CARTESIAN_POINT('',(22.586606464396,6.913445609864,
    35.575000000001));
#440 = CARTESIAN_POINT('',(28.721342443352,9.454529142376,
    36.103453999484));
#441 = CARTESIAN_POINT('',(33.309397106854,15.729094311972,
    36.631664771619));
#442 = CARTESIAN_POINT('',(33.824931886351,24.697305005108,
    37.160628099562));
#443 = CARTESIAN_POINT('',(28.539583415006,33.361375907543,
    37.687940799305));
#444 = CARTESIAN_POINT('',(18.192138604593,37.621075662456,
    38.217967991659));
#445 = CARTESIAN_POINT('',(6.929026010734,34.204764139251,
    38.744551494774));
#446 = CARTESIAN_POINT('',(0.692147453941,24.913716433264,
    39.274543167043));
#447 = CARTESIAN_POINT('',(1.11094924017,14.773753363657,39.801912878956
    ));
#448 = CARTESIAN_POINT('',(6.522113413716,7.60321551796,40.330817305777)
  );
#449 = CARTESIAN_POINT('',(13.822887712958,4.935142766793,
    40.859074011912));
#450 = CARTESIAN_POINT('',(20.335489140207,6.230576635159,
    41.387500000012));
#451 = CARTESIAN_POINT('',(26.848088692158,7.526006342513,
    41.915953999445));
#452 = CARTESIAN_POINT('',(32.572092111242,12.784922440027,
    42.444164771695));
#453 = CARTESIAN_POINT('',(34.827332146575,21.480235633313,
    42.973128099468));
#454 = CARTESIAN_POINT('',(31.333816546342,31.00894917798,
    43.500440799379));
#455 = CARTESIAN_POINT('',(22.016221183461,37.205486336677,
    44.03046799163));
#456 = CARTESIAN_POINT('',(10.303036824644,36.052142544292,
    44.557051494761));
#457 = CARTESIAN_POINT('',(2.373404651685,28.15637436072,45.087043167078
    ));
#458 = CARTESIAN_POINT('',(0.805950618537,18.129543662918,
    45.614412878918));
#459 = CARTESIAN_POINT('',(4.714238252446,10.041119930162,
    46.143317305802));
#460 = CARTESIAN_POINT('',(11.354215048505,6.000003039775,
    46.671574011904));
#461 = CARTESIAN_POINT('',(17.994405276014,5.999999999999,
    47.200000000009));
#462 = CARTESIAN_POINT('',(24.634592852484,5.999993245014,
    47.728453999456));
#463 = CARTESIAN_POINT('',(31.274574785822,10.041163074085,
    48.256664771659));
#464 = CARTESIAN_POINT('',(35.182852467154,18.129422757833,
    48.785628099549));
#465 = CARTESIAN_POINT('',(33.61542358343,28.156595827041,
    49.312940799239));
#466 = CARTESIAN_POINT('',(25.685747632415,36.051840941535,
    49.842967991823));
#467 = CARTESIAN_POINT('',(13.972622614819,37.205787235089,
    50.369551494542));
#468 = CARTESIAN_POINT('',(4.654968143031,31.008728517286,
    50.899543167281));
#469 = CARTESIAN_POINT('',(1.161494670015,21.480355671844,
    51.426912878763));
#470 = CARTESIAN_POINT('',(3.416712462278,12.784879640061,
    51.955817305901));
#471 = CARTESIAN_POINT('',(9.140721170639,7.526016466266,52.48407401185)
  );
#472 = CARTESIAN_POINT('',(15.653321411818,6.230576635157,
    53.012500000035));
#473 = CARTESIAN_POINT('',(22.165918328114,4.935133677441,
    53.540953999356));
#474 = CARTESIAN_POINT('',(29.466707993723,7.603257347816,
    54.069164771903));
#475 = CARTESIAN_POINT('',(34.877830401616,14.773636238372,
    54.598128099115));
#476 = CARTESIAN_POINT('',(35.296723647254,24.91393019437,
    55.125440799847));
#477 = CARTESIAN_POINT('',(29.059700108068,34.204473422521,
    55.655467991137));
#478 = CARTESIAN_POINT('',(17.796763257116,37.621364293292,
    56.182051495179));
#479 = CARTESIAN_POINT('',(7.449158722637,33.361164532201,
    56.712043166793));
#480 = CARTESIAN_POINT('',(2.163918036025,24.697419564165,
    57.239412879081));
#481 = CARTESIAN_POINT('',(2.679399231704,15.729053500707,
    57.768317305716));
#482 = CARTESIAN_POINT('',(7.267469407725,9.45453920607,58.296574011954)
  );
#483 = CARTESIAN_POINT('',(13.402204087636,6.913445609867,
    58.824999999977));
#484 = CARTESIAN_POINT('',(19.536934896534,4.372349595751,
    59.353453999544));
#485 = CARTESIAN_POINT('',(27.217967041996,5.564892611158,59.8816647715)
  );
#486 = CARTESIAN_POINT('',(33.923987776693,11.541837068876,
    60.410628099759));
#487 = CARTESIAN_POINT('',(36.313105319538,21.405566101637,
    60.937940799036));
#488 = CARTESIAN_POINT('',(32.008419508569,31.734377077667,
    61.467967991956));
#489 = CARTESIAN_POINT('',(21.628499171564,37.282903325186,
    61.994551494514));
#490 = CARTESIAN_POINT('',(10.648597213333,35.123279609062,
    62.52454316722));
#491 = CARTESIAN_POINT('',(3.774698148869,27.65710537843,63.051912878862
    ));
#492 = CARTESIAN_POINT('',(2.530633094647,18.760498561811,63.58081730582
    ));
#493 = CARTESIAN_POINT('',(5.806447774505,11.71145921184,64.109074011889
    ));
#494 = CARTESIAN_POINT('',(11.327562479775,8.022364652367,
    64.637500000029));
#495 = CARTESIAN_POINT('',(16.848672916742,4.333268476654,
    65.165953999405));
#496 = CARTESIAN_POINT('',(24.614769784127,4.004402077725,
    65.694164771758));
#497 = CARTESIAN_POINT('',(32.357980229889,8.558221479047,
    66.223128099392));
#498 = CARTESIAN_POINT('',(36.625509622093,17.766328013589,
    66.750440799459));
#499 = CARTESIAN_POINT('',(34.41858820159,28.736476323795,
    67.280467991542));
#500 = CARTESIAN_POINT('',(25.320578895377,36.203411196594,
    67.807051494864));
#501 = CARTESIAN_POINT('',(14.13033098843,36.227356653114,
    68.337043166963));
#502 = CARTESIAN_POINT('',(5.931933632066,30.245674048928,
    68.864412879034));
#503 = CARTESIAN_POINT('',(2.976131050347,21.762718089625,
    69.393317305703));
#504 = CARTESIAN_POINT('',(4.81380251297,14.210044313445,69.921574011972
    ));
#505 = CARTESIAN_POINT('',(9.50912390178,9.514718625763,70.449999999973)
  );
#506 = CARTESIAN_POINT('',(14.204440788935,4.819392185589,
    70.978453999551));
#507 = CARTESIAN_POINT('',(21.757155631069,2.981754523634,
    71.506664771518));
#508 = CARTESIAN_POINT('',(30.239988552595,5.937448142804,
    72.035628099661));
#509 = CARTESIAN_POINT('',(36.22193103333,14.136069808813,
    72.562940799258));
#510 = CARTESIAN_POINT('',(36.197584755325,25.325978806078,
    73.092967991627));
#511 = CARTESIAN_POINT('',(28.731117875719,34.42437218411,
    73.619551494867));
#512 = CARTESIAN_POINT('',(17.760558971343,36.630966603144,
    74.149543166933));
#513 = CARTESIAN_POINT('',(8.552723135835,32.363648333116,
    74.676912879045));
#514 = CARTESIAN_POINT('',(3.998772862192,24.620338471424,75.20581730572
    ));
#515 = CARTESIAN_POINT('',(4.327680423863,16.854275286657,
    75.734074011941));
#516 = CARTESIAN_POINT('',(8.016769928384,11.333157203765,
    76.262500000002));
#517 = CARTESIAN_POINT('',(11.705854870967,5.812039261075,
    76.790953999481));
#518 = CARTESIAN_POINT('',(18.754941091956,2.536249720861,
    77.319164771625));
#519 = CARTESIAN_POINT('',(27.65140597751,3.780231909653,77.848128099573
    ));
#520 = CARTESIAN_POINT('',(35.117878851706,10.654300274449,
    78.37544079923));
#521 = CARTESIAN_POINT('',(37.277043330183,21.633948031176,
    78.905467991839));
#522 = CARTESIAN_POINT('',(31.729051012122,32.014153759598,
    79.432051494495));
#523 = CARTESIAN_POINT('',(21.399773536489,36.318598954916,
    79.962043167363));
#524 = CARTESIAN_POINT('',(11.536351189403,33.929635667106,
    80.489412878667));
#525 = CARTESIAN_POINT('',(5.559258978795,27.223542958502,
    81.018317305979));
#526 = CARTESIAN_POINT('',(4.366762906459,19.542535818065,
    81.546574011806));
#527 = CARTESIAN_POINT('',(6.907850885871,13.40779881162,82.075000000049
    ));
#528 = CARTESIAN_POINT('',(9.448934418417,7.273062832659,82.603453999314
    ));
#529 = CARTESIAN_POINT('',(15.723499587932,2.685008169182,
    83.131664771964));
#530 = CARTESIAN_POINT('',(24.691710281189,2.169473389601,
    83.660628099082));
#531 = CARTESIAN_POINT('',(33.355781183526,7.454821861125,
    84.187940799783));
#532 = CARTESIAN_POINT('',(37.61548093842,17.802266671278,
    84.717967991335));
#533 = CARTESIAN_POINT('',(34.199169415397,29.065379265399,
    85.244551494875));
#534 = CARTESIAN_POINT('',(24.908121709127,35.302257822013,
    85.774543167124));
#535 = CARTESIAN_POINT('',(14.768158639785,34.883456035857,
    86.301912878799));
#536 = CARTESIAN_POINT('',(7.597620793919,29.472291862306,
    86.830817305907));
#537 = CARTESIAN_POINT('',(4.929548042824,22.171517563051,
    87.359074011851));
#538 = CARTESIAN_POINT('',(6.224981911173,15.658916135808,87.88750000002
    ));
#539 = CARTESIAN_POINT('',(7.520411488122,9.146316666877,88.415954868824
    ));
#540 = CARTESIAN_POINT('',(12.779328295542,3.422312795847,88.94416090831
    ));
#541 = CARTESIAN_POINT('',(21.474639341871,1.167074127314,
    89.473138549318));
#542 = CARTESIAN_POINT('',(31.003357593834,4.6605867308,90.000419866878)
  );
#543 = CARTESIAN_POINT('',(37.199886627376,13.978187266279,
    90.530501227376));
#544 = CARTESIAN_POINT('',(36.046554294065,25.69136433007,
    91.057008336015));
#545 = CARTESIAN_POINT('',(28.150772657282,33.621005067588,
    91.587089697169));
#546 = CARTESIAN_POINT('',(18.123955218634,35.188450659668,
    92.114371013788));
#547 = CARTESIAN_POINT('',(10.03552050377,31.280170017251,
    92.643348655601));
#548 = CARTESIAN_POINT('',(5.994411213338,24.640188382843,
    93.171554694613));
#549 = CARTESIAN_POINT('',(5.994403841498,18.000000913258,
    93.700009563605));
#550 = DEFINITIONAL_REPRESENTATION('',(#551),#589);
#551 = B_SPLINE_CURVE_WITH_KNOTS('',8,(#552,#553,#554,#555,#556,#557,
    #558,#559,#560,#561,#562,#563,#564,#565,#566,#567,#568,#569,#570,
    #571,#572,#573,#574,#575,#576,#577,#578,#579,#580,#581,#582,#583,
    #584,#585,#586,#587,#588),.UNSPECIFIED.,.F.,.F.,(9,7,7,7,7,9),(0.,
    0.264647878003,0.421552914398,0.607774812481,0.793611092132,1.),
  .UNSPECIFIED.);
#552 = CARTESIAN_POINT('',(0.164975083475,130.31747377686));
#553 = CARTESIAN_POINT('',(0.164976414683,130.46118513552));
#554 = CARTESIAN_POINT('',(0.164975944404,130.60496779558));
#555 = CARTESIAN_POINT('',(0.164973272362,130.74869509252));
#556 = CARTESIAN_POINT('',(0.164968723485,130.89239559827));
#557 = CARTESIAN_POINT('',(0.164963755079,131.03611870159));
#558 = CARTESIAN_POINT('',(0.164960012852,131.17989920233));
#559 = CARTESIAN_POINT('',(0.164958071028,131.32374844953));
#560 = CARTESIAN_POINT('',(0.164957578916,131.55265406161));
#561 = CARTESIAN_POINT('',(0.164958016455,131.63781949687));
#562 = CARTESIAN_POINT('',(0.164958946908,131.72297704075));
#563 = CARTESIAN_POINT('',(0.164960227482,131.80814374885));
#564 = CARTESIAN_POINT('',(0.16496170038,131.89332673858));
#565 = CARTESIAN_POINT('',(0.164963192804,131.97852318914));
#566 = CARTESIAN_POINT('',(0.164964516952,132.06372034157));
#567 = CARTESIAN_POINT('',(0.164966601167,132.24998517555));
#568 = CARTESIAN_POINT('',(0.164967177739,132.35107886293));
#569 = CARTESIAN_POINT('',(0.164967234071,132.45217565818));
#570 = CARTESIAN_POINT('',(0.164966874114,132.55327419458));
#571 = CARTESIAN_POINT('',(0.16496627144,132.6543726414));
#572 = CARTESIAN_POINT('',(0.164965669238,132.75546870387));
#573 = CARTESIAN_POINT('',(0.164965380317,132.85655962319));
#574 = CARTESIAN_POINT('',(0.164966193048,133.05851541343));
#575 = CARTESIAN_POINT('',(0.164967135741,133.15941785457));
#576 = CARTESIAN_POINT('',(0.164968644425,133.2603259354));
#577 = CARTESIAN_POINT('',(0.164970544126,133.36123926127));
#578 = CARTESIAN_POINT('',(0.164972134255,133.46216141561));
#579 = CARTESIAN_POINT('',(0.164972483131,133.56309198034));
#580 = CARTESIAN_POINT('',(0.164971025747,133.6640159733));
#581 = CARTESIAN_POINT('',(0.164964960638,133.87689259196));
#582 = CARTESIAN_POINT('',(0.164960011907,133.98900137827));
#583 = CARTESIAN_POINT('',(0.164953801807,134.10110556084));
#584 = CARTESIAN_POINT('',(0.164948151967,134.21318412378));
#585 = CARTESIAN_POINT('',(0.164946585897,134.32524207968));
#586 = CARTESIAN_POINT('',(0.164953937265,134.43729299046));
#587 = CARTESIAN_POINT('',(0.164968270501,134.54934860245));
#588 = CARTESIAN_POINT('',(0.164958193865,134.66138952738));
#589 = ( GEOMETRIC_REPRESENTATION_CONTEXT(2) 
PARAMETRIC_REPRESENTATION_CONTEXT() REPRESENTATION_CONTEXT('2D SPACE',''
  ) );
#590 = ORIENTED_EDGE('',*,*,#591,.F.);
#591 = EDGE_CURVE('',#592,#112,#594,.T.);
#592 = VERTEX_POINT('',#593);
#593 = CARTESIAN_POINT('',(27.994405276015,18.,87.186784913658));
#594 = SURFACE_CURVE('',#595,(#599,#606),.PCURVE_S1.);
#595 = LINE('',#596,#597);
#596 = CARTESIAN_POINT('',(27.994405276015,18.,3.608224830032E-16));
#597 = VECTOR('',#598,1.);
#598 = DIRECTION('',(0.,0.,1.));
#599 = PCURVE('',#32,#600);
#600 = DEFINITIONAL_REPRESENTATION('',(#601),#605);
#601 = LINE('',#602,#603);
#602 = CARTESIAN_POINT('',(0.,-0.));
#603 = VECTOR('',#604,1.);
#604 = DIRECTION('',(0.,1.));
#605 = ( GEOMETRIC_REPRESENTATION_CONTEXT(2) 
PARAMETRIC_REPRESENTATION_CONTEXT() REPRESENTATION_CONTEXT('2D SPACE',''
  ) );
#606 = PCURVE('',#607,#612);
#607 = CYLINDRICAL_SURFACE('',#608,10.);
#608 = AXIS2_PLACEMENT_3D('',#609,#610,#611);
#609 = CARTESIAN_POINT('',(17.994405276015,18.,3.608224830032E-16));
#610 = DIRECTION('',(0.,0.,1.));
#611 = DIRECTION('',(1.,0.,0.));
#612 = DEFINITIONAL_REPRESENTATION('',(#613),#617);
#613 = LINE('',#614,#615);
#614 = CARTESIAN_POINT('',(6.28318530718,-0.));
#615 = VECTOR('',#616,1.);
#616 = DIRECTION('',(0.,1.));
#617 = ( GEOMETRIC_REPRESENTATION_CONTEXT(2) 
PARAMETRIC_REPRESENTATION_CONTEXT() REPRESENTATION_CONTEXT('2D SPACE',''
  ) );
#618 = ORIENTED_EDGE('',*,*,#619,.T.);
#619 = EDGE_CURVE('',#592,#22,#620,.T.);
#620 = SURFACE_CURVE('',#621,(#672,#726),.PCURVE_S1.);
#621 = B_SPLINE_CURVE_WITH_KNOTS('',7,(#622,#623,#624,#625,#626,#627,
    #628,#629,#630,#631,#632,#633,#634,#635,#636,#637,#638,#639,#640,
    #641,#642,#643,#644,#645,#646,#647,#648,#649,#650,#651,#652,#653,
    #654,#655,#656,#657,#658,#659,#660,#661,#662,#663,#664,#665,#666,
    #667,#668,#669,#670,#671),.UNSPECIFIED.,.F.,.F.,(8,6,6,6,6,6,6,6,8),
  (0.,9.586111454822E-02,0.264216316051,0.417492892228,0.499573452574,
    0.644908894528,0.80036170093,0.882707773873,1.),.UNSPECIFIED.);
#622 = CARTESIAN_POINT('',(27.994405276015,18.,87.186784913658));
#623 = CARTESIAN_POINT('',(27.994405276015,18.859640226297,
    87.268872461759));
#624 = CARTESIAN_POINT('',(27.908109619679,19.719758733234,
    87.350991127368));
#625 = CARTESIAN_POINT('',(27.735590085135,20.569367182292,
    87.433119104499));
#626 = CARTESIAN_POINT('',(27.478409315852,21.398030107037,
    87.51524288624));
#627 = CARTESIAN_POINT('',(27.139620820641,22.195864913127,
    87.597357264743));
#628 = CARTESIAN_POINT('',(26.723768973656,22.953541878307,
    87.679465331232));
#629 = CARTESIAN_POINT('',(25.381810560147,24.907006258263,
    87.90578893191));
#630 = CARTESIAN_POINT('',(24.305374553413,26.004003085659,
    88.050342865342));
#631 = CARTESIAN_POINT('',(23.04173290816,26.900109887773,
    88.194573810288));
#632 = CARTESIAN_POINT('',(21.636958102388,27.561341801865,
    88.338798004113));
#633 = CARTESIAN_POINT('',(20.14114614782,27.964106832123,
    88.483017997655));
#634 = CARTESIAN_POINT('',(18.609853380006,28.094643292034,
    88.627557719454));
#635 = CARTESIAN_POINT('',(15.736196184109,27.838234844122,
    88.903060285606));
#636 = CARTESIAN_POINT('',(14.384137452268,27.496152751618,
    89.034565617482));
#637 = CARTESIAN_POINT('',(13.096124748263,26.93723090533,
    89.165873565702));
#638 = CARTESIAN_POINT('',(11.911952722923,26.177511905018,
    89.297171522692));
#639 = CARTESIAN_POINT('',(10.86705391817,25.23957721538,89.428477515763
    ));
#640 = CARTESIAN_POINT('',(9.99262794644,24.153184917983,89.55997292807)
  );
#641 = CARTESIAN_POINT('',(8.945688780349,22.320041101051,
    89.761564912811));
#642 = CARTESIAN_POINT('',(8.635399181179,21.649231886363,
    89.831879776644));
#643 = CARTESIAN_POINT('',(8.383276560847,20.952695317094,
    89.902207310914));
#644 = CARTESIAN_POINT('',(8.191837247034,20.236470058567,
    89.972546133719));
#645 = CARTESIAN_POINT('',(8.062776279165,19.506858610256,
    90.042890676411));
#646 = CARTESIAN_POINT('',(7.996967408402,18.770427305787,
    90.113231183595));
#647 = CARTESIAN_POINT('',(7.990028855134,16.730066987866,
    90.308069869774));
#648 = CARTESIAN_POINT('',(8.183966325442,15.423331555688,
    90.432767339146));
#649 = CARTESIAN_POINT('',(8.577466280406,14.153731912262,
    90.557346486526));
#650 = CARTESIAN_POINT('',(9.160546104528,12.956757525684,
    90.681917487255));
#651 = CARTESIAN_POINT('',(9.917416399715,11.864552436544,
    90.806415189796));
#652 = CARTESIAN_POINT('',(10.826280843336,10.906402591415,
    90.931096891428));
#653 = CARTESIAN_POINT('',(12.957204662967,9.249409692835,
    91.188860272799));
#654 = CARTESIAN_POINT('',(14.199852680558,8.570790452501,
    91.322318014221));
#655 = CARTESIAN_POINT('',(15.545976700825,8.100987571882,
    91.455573422614));
#656 = CARTESIAN_POINT('',(16.953397489219,7.855987909117,
    91.588802391775));
#657 = CARTESIAN_POINT('',(18.3789380477,7.843243853233,91.722037969126)
  );
#658 = CARTESIAN_POINT('',(19.777650110716,8.061870178024,
    91.855475739817));
#659 = CARTESIAN_POINT('',(21.806025439262,8.725426747208,
    92.059272716865));
#660 = CARTESIAN_POINT('',(22.488770893762,9.01581860357,92.129853796752
    ));
#661 = CARTESIAN_POINT('',(23.14543862699,9.364755418023,92.20044654515)
  );
#662 = CARTESIAN_POINT('',(23.770041731396,9.76941313742,92.271049736677
    ));
#663 = CARTESIAN_POINT('',(24.357034572268,10.226211179681,
    92.341658591732));
#664 = CARTESIAN_POINT('',(24.901312787732,10.730812433789,
    92.41226477649));
#665 = CARTESIAN_POINT('',(26.105989189238,12.057702696574,
    92.583405812399));
#666 = CARTESIAN_POINT('',(26.718295655637,12.924667362232,
    92.683962236598));
#667 = CARTESIAN_POINT('',(27.221738124249,13.864081636979,
    92.784531302971));
#668 = CARTESIAN_POINT('',(27.606219989351,14.859652117282,
    92.885111057588));
#669 = CARTESIAN_POINT('',(27.864942603196,15.89372761586,
    92.985691965126));
#670 = CARTESIAN_POINT('',(27.994405276015,16.94729916169,
    93.086256908867));
#671 = CARTESIAN_POINT('',(27.994405276015,18.,93.186781190701));
#672 = PCURVE('',#32,#673);
#673 = DEFINITIONAL_REPRESENTATION('',(#674),#725);
#674 = B_SPLINE_CURVE_WITH_KNOTS('',7,(#675,#676,#677,#678,#679,#680,
    #681,#682,#683,#684,#685,#686,#687,#688,#689,#690,#691,#692,#693,
    #694,#695,#696,#697,#698,#699,#700,#701,#702,#703,#704,#705,#706,
    #707,#708,#709,#710,#711,#712,#713,#714,#715,#716,#717,#718,#719,
    #720,#721,#722,#723,#724),.UNSPECIFIED.,.F.,.F.,(8,6,6,6,6,6,6,6,8),
  (0.,9.586111454822E-02,0.264216316051,0.417492892228,0.499573452574,
    0.644908894528,0.80036170093,0.882707773873,1.),.UNSPECIFIED.);
#675 = CARTESIAN_POINT('',(0.,87.186784913658));
#676 = CARTESIAN_POINT('',(8.596402262968E-02,87.268872461759));
#677 = CARTESIAN_POINT('',(0.171960462512,87.350991127368));
#678 = CARTESIAN_POINT('',(0.257965888155,87.433119104499));
#679 = CARTESIAN_POINT('',(0.34396584005,87.51524288624));
#680 = CARTESIAN_POINT('',(0.429954830676,87.597357264743));
#681 = CARTESIAN_POINT('',(0.515936344497,87.679465331232));
#682 = CARTESIAN_POINT('',(0.75293582693,87.90578893191));
#683 = CARTESIAN_POINT('',(0.904307466086,88.050342865342));
#684 = CARTESIAN_POINT('',(1.055341962825,88.194573810288));
#685 = CARTESIAN_POINT('',(1.206375470074,88.338798004113));
#686 = CARTESIAN_POINT('',(1.357407042455,88.483017997655));
#687 = CARTESIAN_POINT('',(1.508771338339,88.627557719454));
#688 = CARTESIAN_POINT('',(1.797278720769,88.903060285606));
#689 = CARTESIAN_POINT('',(1.934990152688,89.034565617482));
#690 = CARTESIAN_POINT('',(2.072493455947,89.165873565702));
#691 = CARTESIAN_POINT('',(2.209986792283,89.297171522692));
#692 = CARTESIAN_POINT('',(2.347495381173,89.428477515763));
#693 = CARTESIAN_POINT('',(2.485199805747,89.55997292807));
#694 = CARTESIAN_POINT('',(2.696303994977,89.761564912811));
#695 = CARTESIAN_POINT('',(2.769935235363,89.831879776644));
#696 = CARTESIAN_POINT('',(2.843578247936,89.902207310914));
#697 = CARTESIAN_POINT('',(2.917232104692,89.972546133719));
#698 = CARTESIAN_POINT('',(2.990892048007,90.042890676411));
#699 = CARTESIAN_POINT('',(3.064549490644,90.113231183595));
#700 = CARTESIAN_POINT('',(3.268586702212,90.308069869774));
#701 = CARTESIAN_POINT('',(3.399193740976,90.432767339146));
#702 = CARTESIAN_POINT('',(3.529639993908,90.557346486526));
#703 = CARTESIAN_POINT('',(3.660052233557,90.681917487255));
#704 = CARTESIAN_POINT('',(3.790468831173,90.806415189796));
#705 = CARTESIAN_POINT('',(3.921033073645,90.931096891428));
#706 = CARTESIAN_POINT('',(4.190967543304,91.188860272799));
#707 = CARTESIAN_POINT('',(4.330722546313,91.322318014221));
#708 = CARTESIAN_POINT('',(4.470260698576,91.455573422614));
#709 = CARTESIAN_POINT('',(4.609777162683,91.588802391775));
#710 = CARTESIAN_POINT('',(4.749302861254,91.722037969126));
#711 = CARTESIAN_POINT('',(4.889039528165,91.855475739817));
#712 = CARTESIAN_POINT('',(5.102454939838,92.059272716865));
#713 = CARTESIAN_POINT('',(5.176366798167,92.129853796752));
#714 = CARTESIAN_POINT('',(5.250290519212,92.20044654515));
#715 = CARTESIAN_POINT('',(5.324224918332,92.271049736677));
#716 = CARTESIAN_POINT('',(5.398165166535,92.341658591732));
#717 = CARTESIAN_POINT('',(5.472102790479,92.41226477649));
#718 = CARTESIAN_POINT('',(5.651320060903,92.583405812399));
#719 = CARTESIAN_POINT('',(5.756622877061,92.683962236598));
#720 = CARTESIAN_POINT('',(5.861940173244,92.784531302971));
#721 = CARTESIAN_POINT('',(5.967269718978,92.885111057588));
#722 = CARTESIAN_POINT('',(6.072601001018,92.985691965126));
#723 = CARTESIAN_POINT('',(6.177915223349,93.086256908867));
#724 = CARTESIAN_POINT('',(6.28318530718,93.186781190701));
#725 = ( GEOMETRIC_REPRESENTATION_CONTEXT(2) 
PARAMETRIC_REPRESENTATION_CONTEXT() REPRESENTATION_CONTEXT('2D SPACE',''
  ) );
#726 = PCURVE('',#727,#1082);
#727 = B_SPLINE_SURFACE_WITH_KNOTS('',1,11,(
    (#728,#729,#730,#731,#732,#733,#734,#735,#736,#737,#738,#739,#740
      ,#741,#742,#743,#744,#745,#746,#747,#748,#749,#750,#751,#752,#753
      ,#754,#755,#756,#757,#758,#759,#760,#761,#762,#763,#764,#765,#766
      ,#767,#768,#769,#770,#771,#772,#773,#774,#775,#776,#777,#778,#779
      ,#780,#781,#782,#783,#784,#785,#786,#787,#788,#789,#790,#791,#792
      ,#793,#794,#795,#796,#797,#798,#799,#800,#801,#802,#803,#804,#805
      ,#806,#807,#808,#809,#810,#811,#812,#813,#814,#815,#816,#817,#818
      ,#819,#820,#821,#822,#823,#824,#825,#826,#827,#828,#829,#830,#831
      ,#832,#833,#834,#835,#836,#837,#838,#839,#840,#841,#842,#843,#844
      ,#845,#846,#847,#848,#849,#850,#851,#852,#853,#854,#855,#856,#857
      ,#858,#859,#860,#861,#862,#863,#864,#865,#866,#867,#868,#869,#870
      ,#871,#872,#873,#874,#875,#876,#877,#878,#879,#880,#881,#882,#883
      ,#884,#885,#886,#887,#888,#889,#890,#891,#892,#893,#894,#895,#896
      ,#897,#898,#899,#900,#901,#902,#903,#904)
    ,(#905,#906,#907,#908,#909,#910,#911,#912,#913,#914,#915,#916,#917
      ,#918,#919,#920,#921,#922,#923,#924,#925,#926,#927,#928,#929,#930
      ,#931,#932,#933,#934,#935,#936,#937,#938,#939,#940,#941,#942,#943
      ,#944,#945,#946,#947,#948,#949,#950,#951,#952,#953,#954,#955,#956
      ,#957,#958,#959,#960,#961,#962,#963,#964,#965,#966,#967,#968,#969
      ,#970,#971,#972,#973,#974,#975,#976,#977,#978,#979,#980,#981,#982
      ,#983,#984,#985,#986,#987,#988,#989,#990,#991,#992,#993,#994,#995
      ,#996,#997,#998,#999,#1000,#1001,#1002,#1003,#1004,#1005,#1006
      ,#1007,#1008,#1009,#1010,#1011,#1012,#1013,#1014,#1015,#1016,#1017
      ,#1018,#1019,#1020,#1021,#1022,#1023,#1024,#1025,#1026,#1027,#1028
      ,#1029,#1030,#1031,#1032,#1033,#1034,#1035,#1036,#1037,#1038,#1039
      ,#1040,#1041,#1042,#1043,#1044,#1045,#1046,#1047,#1048,#1049,#1050
      ,#1051,#1052,#1053,#1054,#1055,#1056,#1057,#1058,#1059,#1060,#1061
      ,#1062,#1063,#1064,#1065,#1066,#1067,#1068,#1069,#1070,#1071,#1072
      ,#1073,#1074,#1075,#1076,#1077,#1078,#1079,#1080,#1081
  )),.UNSPECIFIED.,.F.,.F.,.F.,(2,2),(12,11,11,11,11,11,11,11,11,11,11,
    11,11,11,11,11,12),(0.,2.914515397111),(0.,8.416336845462,
    16.832673690923,25.249010536385,33.665347381847,42.081684227309,
    50.49802107277,58.914357918232,67.330694763694,75.747031609156,
    84.163368454617,92.579705300079,100.99604214554,109.412378991,
    117.82871583646,126.24505268192,134.66138952738),
  .PIECEWISE_BEZIER_KNOTS.);
#728 = CARTESIAN_POINT('',(29.994405276015,18.,1.3));
#729 = CARTESIAN_POINT('',(29.994398553423,24.640186731776,
    1.828453999476));
#730 = CARTESIAN_POINT('',(25.953289467881,31.280167575192,
    2.356664771645));
#731 = CARTESIAN_POINT('',(17.864858387146,35.188449287646,
    2.885628099452));
#732 = CARTESIAN_POINT('',(7.838036831688,33.621002625142,3.412940799622
    ));
#733 = CARTESIAN_POINT('',(-5.773549461046E-02,25.691366924788,
    3.942967991017));
#734 = CARTESIAN_POINT('',(-1.211081234237,13.978186429314,
    4.469551495657));
#735 = CARTESIAN_POINT('',(4.985461206888,4.660592311983,4.999543166192)
  );
#736 = CARTESIAN_POINT('',(14.514163408002,1.167073708425,5.526912879516
    ));
#737 = CARTESIAN_POINT('',(23.209485719057,3.422316160474,6.055817305528
    ));
#738 = CARTESIAN_POINT('',(28.468393936358,9.146315684224,6.584074011977
    ));
#739 = CARTESIAN_POINT('',(29.763828640853,15.658916135806,
    7.112500000001));
#740 = CARTESIAN_POINT('',(31.059258215184,22.171514852975,
    7.640953999474));
#741 = CARTESIAN_POINT('',(28.391193908503,29.472291599153,
    8.169164771646));
#742 = CARTESIAN_POINT('',(21.220647700773,34.883451398554,
    8.698128099454));
#743 = CARTESIAN_POINT('',(11.080695035831,35.302258630182,
    9.225440799613));
#744 = CARTESIAN_POINT('',(1.789642578501,29.065377422059,9.755467991031
    ));
#745 = CARTESIAN_POINT('',(-1.626670100793,17.802268997074,
    10.282051495639));
#746 = CARTESIAN_POINT('',(2.633035078046,7.454824377863,10.812043166209
    ));
#747 = CARTESIAN_POINT('',(11.297094268939,2.169475173813,
    11.339412879504));
#748 = CARTESIAN_POINT('',(20.265314376163,2.685010544858,
    11.868317305535));
#749 = CARTESIAN_POINT('',(26.539871056997,7.273062925208,
    12.396574011974));
#750 = CARTESIAN_POINT('',(29.08095966615,13.407798811619,
    12.925000000002));
#751 = CARTESIAN_POINT('',(31.622042905349,19.542533997785,
    13.453453999469));
#752 = CARTESIAN_POINT('',(30.429555592558,27.223541890698,
    13.98166477166));
#753 = CARTESIAN_POINT('',(24.452454327335,33.929631940555,
    14.510628099424));
#754 = CARTESIAN_POINT('',(14.589043247206,36.3185985393,15.037940799667
    ));
#755 = CARTESIAN_POINT('',(4.259760594408,32.014151670509,
    15.567967990956));
#756 = CARTESIAN_POINT('',(-1.288232044319,21.633950256421,
    16.094551495724));
#757 = CARTESIAN_POINT('',(0.870937791218,10.654301629065,16.62454316613
    ));
#758 = CARTESIAN_POINT('',(8.337399035947,3.780234830436,17.151912879563
    ));
#759 = CARTESIAN_POINT('',(17.233873270106,2.536251385246,
    17.680817305497));
#760 = CARTESIAN_POINT('',(24.28295072002,5.812040342244,18.209074011994
    ));
#761 = CARTESIAN_POINT('',(27.972040623646,11.333157203764,
    18.737499999992));
#762 = CARTESIAN_POINT('',(31.661125123877,16.854274426124,
    19.265953999502));
#763 = CARTESIAN_POINT('',(31.990041423681,24.620336640002,
    19.794164771589));
#764 = CARTESIAN_POINT('',(27.436081750529,32.363645660534,
    20.323128099539));
#765 = CARTESIAN_POINT('',(18.228257611662,36.63096497971,
    20.850440799513));
#766 = CARTESIAN_POINT('',(7.257693302878,34.424369929537,
    21.380467991129));
#767 = CARTESIAN_POINT('',(-0.20877304938,25.325980845303,
    21.907051495558));
#768 = CARTESIAN_POINT('',(-0.233114243175,14.136069949193,
    22.437043166265));
#769 = CARTESIAN_POINT('',(5.748817137081,5.937452087961,22.96441287947)
  );
#770 = CARTESIAN_POINT('',(14.231658982508,2.981755412741,
    23.493317305555));
#771 = CARTESIAN_POINT('',(21.784365108295,4.819394213837,24.02157401196
    ));
#772 = CARTESIAN_POINT('',(26.479686650251,9.514718625762,
    24.550000000012));
#773 = CARTESIAN_POINT('',(31.175002963055,14.210044445734,
    25.078453999441));
#774 = CARTESIAN_POINT('',(33.012682806454,21.762715564972,
    25.606664771711));
#775 = CARTESIAN_POINT('',(30.056870841822,30.245672532954,
    26.135628099355));
#776 = CARTESIAN_POINT('',(21.858485161936,36.227353884427,
    26.662940799742));
#777 = CARTESIAN_POINT('',(10.668231831313,36.203408862894,
    27.192967990883));
#778 = CARTESIAN_POINT('',(1.57022388011,28.736478098944,27.719551495795
    ));
#779 = CARTESIAN_POINT('',(-0.636692924539,17.766326934107,
    28.249543166063));
#780 = CARTESIAN_POINT('',(3.630826322978,8.558226297076,28.77691287962)
  );
#781 = CARTESIAN_POINT('',(11.37404492481,4.004402157361,29.305817305454
    ));
#782 = CARTESIAN_POINT('',(19.140133465637,4.333271374034,
    29.834074012022));
#783 = CARTESIAN_POINT('',(24.661248072253,8.022364652368,
    30.362499999977));
#784 = CARTESIAN_POINT('',(30.182357824854,11.711460331873,
    30.890953999542));
#785 = CARTESIAN_POINT('',(33.45818020614,18.760495440897,
    31.419164771522));
#786 = CARTESIAN_POINT('',(32.214106146046,27.657105077496,
    31.948128099612));
#787 = CARTESIAN_POINT('',(25.34021828927,35.123275801163,
    32.475440799469));
#788 = CARTESIAN_POINT('',(14.36031109663,37.282901002557,
    33.005467991123));
#789 = CARTESIAN_POINT('',(3.980392889844,31.734378519998,
    33.532051495615));
#790 = CARTESIAN_POINT('',(-0.324288950463,21.405563844149,
    34.062043166178));
#791 = CARTESIAN_POINT('',(2.06481979283,11.541842574452,34.589412879559
    ));
#792 = CARTESIAN_POINT('',(8.77084760267,5.564891878301,35.118317305488)
  );
#793 = CARTESIAN_POINT('',(16.451872131194,4.372353250924,
    35.646574011994));
#794 = CARTESIAN_POINT('',(22.586606464395,6.913445609864,
    36.175000000001));
#795 = CARTESIAN_POINT('',(28.721336505312,9.454541270791,
    36.703453999483));
#796 = CARTESIAN_POINT('',(33.309413407394,15.729049903564,
    37.231664771619));
#797 = CARTESIAN_POINT('',(33.824886320397,24.69742048956,
    37.760628099501));
#798 = CARTESIAN_POINT('',(28.539655942041,33.361159831917,
    38.287940799557));
#799 = CARTESIAN_POINT('',(18.192046563237,37.621362070378,
    38.817967991084));
#800 = CARTESIAN_POINT('',(6.929112536472,34.204474477141,
    39.344551495597));
#801 = CARTESIAN_POINT('',(0.692092169438,24.913926845322,39.87454316624
    ));
#802 = CARTESIAN_POINT('',(1.110978299429,14.773642220012,40.40191287948
    ));
#803 = CARTESIAN_POINT('',(6.522106429266,7.603255830642,40.930817305553
    ));
#804 = CARTESIAN_POINT('',(13.822889480447,4.935137949911,
    41.459074011959));
#805 = CARTESIAN_POINT('',(20.335489140206,6.230576635163,
    41.987500000012));
#806 = CARTESIAN_POINT('',(26.848085234356,7.526019396325,
    42.515953999446));
#807 = CARTESIAN_POINT('',(32.572099434921,12.784875704867,
    43.044164771687));
#808 = CARTESIAN_POINT('',(34.827309986041,21.480357788188,
    43.573128099425));
#809 = CARTESIAN_POINT('',(31.333845525574,31.008723104927,
    44.100440799601));
#810 = CARTESIAN_POINT('',(22.016186785991,37.205785197677,
    44.630467991094));
#811 = CARTESIAN_POINT('',(10.303065177621,36.051841567646,
    45.157051495546));
#812 = CARTESIAN_POINT('',(2.373391478755,28.156591515244,
    45.687043166304));
#813 = CARTESIAN_POINT('',(0.80595743641,18.129428985672,46.214412879427
    ));
#814 = CARTESIAN_POINT('',(4.714239266806,10.041160830857,
    46.743317305584));
#815 = CARTESIAN_POINT('',(11.354215842305,5.999997970626,47.27157401195
    ));
#816 = CARTESIAN_POINT('',(17.994405276014,6.000000000001,
    47.800000000009));
#817 = CARTESIAN_POINT('',(24.634592007795,6.000006722588,
    48.328453999456));
#818 = CARTESIAN_POINT('',(31.274572851196,10.041115808143,
    48.856664771654));
#819 = CARTESIAN_POINT('',(35.182854563676,18.129546888856,
    49.385628099498));
#820 = CARTESIAN_POINT('',(33.615407901141,28.15636844433,
    49.912940799477));
#821 = CARTESIAN_POINT('',(25.685772200816,36.052140770646,
    50.442967991265));
#822 = CARTESIAN_POINT('',(13.972591705318,37.205486510204,
    50.96955149535));
#823 = CARTESIAN_POINT('',(4.654997588006,31.008944069187,51.49954316649
    ));
#824 = CARTESIAN_POINT('',(1.161478984436,21.480241867962,
    52.026912879281));
#825 = CARTESIAN_POINT('',(3.416721436489,12.784919556989,52.55581730568
    ));
#826 = CARTESIAN_POINT('',(9.14072096024,7.526011339642,53.084074011896)
  );
#827 = CARTESIAN_POINT('',(15.653321411819,6.230576635167,
    53.612500000035));
#828 = CARTESIAN_POINT('',(22.165920128993,4.935147060809,
    54.140953999356));
#829 = CARTESIAN_POINT('',(29.466696875175,7.603211367565,
    54.669164771897));
#830 = CARTESIAN_POINT('',(34.877856674524,14.773757575144,
    55.198128099067));
#831 = CARTESIAN_POINT('',(35.296663906302,24.913710240323,
    55.725440800076));
#832 = CARTESIAN_POINT('',(29.059782697917,34.204762697365,
    56.255467990592));
#833 = CARTESIAN_POINT('',(17.796674273251,37.621075376929,
    56.782051495971));
#834 = CARTESIAN_POINT('',(7.449229653755,33.361370197896,
    57.312043166014));
#835 = CARTESIAN_POINT('',(2.163880449893,24.697311007106,
    57.839412879592));
#836 = CARTESIAN_POINT('',(2.67941582085,15.729090899842,58.368317305497
    ));
#837 = CARTESIAN_POINT('',(7.267468201226,9.454534219023,58.896574012));
#838 = CARTESIAN_POINT('',(13.402204087634,6.913445609861,
    59.424999999977));
#839 = CARTESIAN_POINT('',(19.5369392738,4.372362370681,59.953453999544)
  );
#840 = CARTESIAN_POINT('',(27.217947166703,5.564849683422,
    60.481664771493));
#841 = CARTESIAN_POINT('',(33.924037216601,11.541950948741,
    61.010628099714));
#842 = CARTESIAN_POINT('',(36.313003815252,21.405362028724,
    61.537940799259));
#843 = CARTESIAN_POINT('',(32.008556946614,31.734644681703,
    62.067967991421));
#844 = CARTESIAN_POINT('',(21.62835553234,37.282637320246,
    62.594551495294));
#845 = CARTESIAN_POINT('',(10.648706905155,35.12346748486,
    63.124543166452));
#846 = CARTESIAN_POINT('',(3.774640106408,27.657006240031,
    63.651912879365));
#847 = CARTESIAN_POINT('',(2.530656661276,18.760532005928,
    64.180817305605));
#848 = CARTESIAN_POINT('',(5.806445618256,11.711454555984,
    64.709074011934));
#849 = CARTESIAN_POINT('',(11.327562479779,8.022364652375,
    65.237500000029));
#850 = CARTESIAN_POINT('',(16.848679702137,4.333280152117,
    65.765953999405));
#851 = CARTESIAN_POINT('',(24.614741916028,4.004363852374,
    66.294164771751));
#852 = CARTESIAN_POINT('',(32.35805093651,8.558323525428,66.823128099349
    ));
#853 = CARTESIAN_POINT('',(36.625370255803,17.766147664406,
    67.350440799682));
#854 = CARTESIAN_POINT('',(34.418775205441,28.736711973111,
    67.880467991003));
#855 = CARTESIAN_POINT('',(25.320386121429,36.203178325388,
    68.407051495653));
#856 = CARTESIAN_POINT('',(14.130475225125,36.227519519211,
    68.937043166184));
#857 = CARTESIAN_POINT('',(5.93185736402,30.245588138921,69.464412879547
    ));
#858 = CARTESIAN_POINT('',(2.976160688739,21.762746293505,
    69.993317305484));
#859 = CARTESIAN_POINT('',(4.813799489856,14.210040167728,
    70.521574012018));
#860 = CARTESIAN_POINT('',(9.509123901775,9.514718625757,71.049999999973
    ));
#861 = CARTESIAN_POINT('',(14.204449721756,4.819402312981,
    71.578453999551));
#862 = CARTESIAN_POINT('',(21.75712084096,2.98172246952,72.106664771513)
  );
#863 = CARTESIAN_POINT('',(30.240077809045,5.937534434247,
    72.635628099612));
#864 = CARTESIAN_POINT('',(36.221759160295,14.135920114029,
    73.162940799489));
#865 = CARTESIAN_POINT('',(36.197814139114,25.326173444726,
    73.692967991085));
#866 = CARTESIAN_POINT('',(28.730883374749,34.42418139591,
    74.219551495651));
#867 = CARTESIAN_POINT('',(17.760732210278,36.631098200534,
    74.749543166166));
#868 = CARTESIAN_POINT('',(8.552631573006,32.363578953052,
    75.276912879546));
#869 = CARTESIAN_POINT('',(3.998807433407,24.6203603512,75.805817305506)
  );
#870 = CARTESIAN_POINT('',(4.327676650041,16.854271810374,
    76.334074011985));
#871 = CARTESIAN_POINT('',(8.016769928384,11.333157203765,
    76.862500000002));
#872 = CARTESIAN_POINT('',(11.705865607882,5.812047451151,77.39095399948
    ));
#873 = CARTESIAN_POINT('',(18.754900716928,2.536225069888,
    77.919164771624));
#874 = CARTESIAN_POINT('',(27.651510353471,3.780299129963,
    78.448128099512));
#875 = CARTESIAN_POINT('',(35.117681077248,10.654186986725,
    78.975440799487));
#876 = CARTESIAN_POINT('',(37.277306278481,21.634094179443,
    79.505467991256));
#877 = CARTESIAN_POINT('',(31.72878379609,32.014012386082,
    80.032051495329));
#878 = CARTESIAN_POINT('',(21.399969120125,36.318694226571,
    80.562043166551));
#879 = CARTESIAN_POINT('',(11.536247850468,33.929585483111,
    81.089412879198));
#880 = CARTESIAN_POINT('',(5.559297154332,27.223557673389,
    81.618317305752));
#881 = CARTESIAN_POINT('',(4.366758526926,19.5425331448,82.146574011854)
  );
#882 = CARTESIAN_POINT('',(6.907850885884,13.407798811626,
    82.675000000049));
#883 = CARTESIAN_POINT('',(9.448946546786,7.273068770679,83.203453999312
    ));
#884 = CARTESIAN_POINT('',(15.723455179637,2.684991868661,
    83.731664771964));
#885 = CARTESIAN_POINT('',(24.691825765447,2.169518955586,
    84.260628099019));
#886 = CARTESIAN_POINT('',(33.355565108137,7.454749333952,
    84.787940800041));
#887 = CARTESIAN_POINT('',(37.615767346147,17.802358712877,
    85.317967990748));
#888 = CARTESIAN_POINT('',(34.198879753369,29.06529273939,
    85.844551495713));
#889 = CARTESIAN_POINT('',(24.908332121208,35.302313106722,
    86.374543166309));
#890 = CARTESIAN_POINT('',(14.768047496072,34.883426976491,
    86.901912879331));
#891 = CARTESIAN_POINT('',(7.597661106655,29.472298846791,87.43081730568
    ));
#892 = CARTESIAN_POINT('',(4.929543225921,22.171515795558,
    87.959074011899));
#893 = CARTESIAN_POINT('',(6.224981911178,15.658916135809,88.48750000002
    ));
#894 = CARTESIAN_POINT('',(7.520424802749,9.146320124677,89.015954868826
    ));
#895 = CARTESIAN_POINT('',(12.779280401374,3.422305472169,
    89.544160908296));
#896 = CARTESIAN_POINT('',(21.474764631676,1.167096287864,
    90.073138549287));
#897 = CARTESIAN_POINT('',(31.003125241073,4.660557751526,
    90.600419867084));
#898 = CARTESIAN_POINT('',(37.200195459058,13.978221663811,
    91.130501226851));
#899 = CARTESIAN_POINT('',(36.046240369822,25.691335977033,
    91.657008336801));
#900 = CARTESIAN_POINT('',(28.151003770825,33.621018240559,
    92.187089696379));
#901 = CARTESIAN_POINT('',(18.12382798185,35.188443841776,
    92.714371014319));
#902 = CARTESIAN_POINT('',(10.035570809405,31.280169002895,
    93.243348655363));
#903 = CARTESIAN_POINT('',(5.994400349002,24.640187589043,
    93.771554694671));
#904 = CARTESIAN_POINT('',(5.994406710578,18.000000913256,
    94.300009563598));
#905 = CARTESIAN_POINT('',(27.874405276015,18.,3.3));
#906 = CARTESIAN_POINT('',(27.87435361098,23.467081816698,3.828406396398
    ));
#907 = CARTESIAN_POINT('',(24.547378719793,28.934027941678,
    4.356827386396));
#908 = CARTESIAN_POINT('',(17.88732930427,32.151726255835,4.885203222966
    ));
#909 = CARTESIAN_POINT('',(9.633094789234,30.861448819914,5.41367809832)
  );
#910 = CARTESIAN_POINT('',(3.130438441776,24.332354261784,5.941990100306
    ));
#911 = CARTESIAN_POINT('',(2.182962843294,14.688885847147,6.470508731449
    ));
#912 = CARTESIAN_POINT('',(7.282917947397,7.017114826375,6.998822861607)
  );
#913 = CARTESIAN_POINT('',(15.129426538731,4.140939764686,7.527294320088
    ));
#914 = CARTESIAN_POINT('',(22.288010005767,5.997706984926,8.055673688108
    ));
#915 = CARTESIAN_POINT('',(26.618008175624,10.710470415232,
    8.584091923091));
#916 = CARTESIAN_POINT('',(27.684563846398,16.072507618481,9.1125));
#917 = CARTESIAN_POINT('',(28.751087926203,21.434551070405,
    9.640906396398));
#918 = CARTESIAN_POINT('',(26.554588204619,27.445511961414,
    10.169327386393));
#919 = CARTESIAN_POINT('',(20.650251571375,31.900694289808,
    10.697703222973));
#920 = CARTESIAN_POINT('',(12.302899217583,32.245530442599,
    11.22617809831));
#921 = CARTESIAN_POINT('',(4.651426428618,27.110495926365,
    11.754490100319));
#922 = CARTESIAN_POINT('',(1.84080894978,17.83716737289,12.283008731438)
  );
#923 = CARTESIAN_POINT('',(5.346081567662,9.317855397573,12.811322861615
    ));
#924 = CARTESIAN_POINT('',(12.48070777769,4.966167345394,13.339794320083
    ));
#925 = CARTESIAN_POINT('',(19.863978385573,5.3906869504,13.86817368811)
  );
#926 = CARTESIAN_POINT('',(25.03019138996,9.168155215569,14.396591923091
    ));
#927 = CARTESIAN_POINT('',(27.122335057224,14.219087688234,14.925));
#928 = CARTESIAN_POINT('',(29.2144489596,19.270032452594,15.453406396398
    ));
#929 = CARTESIAN_POINT('',(28.232834660092,25.594010253577,
    15.981827386395));
#930 = CARTESIAN_POINT('',(23.311111154795,31.115466437821,
    16.510203222966));
#931 = CARTESIAN_POINT('',(15.191425031873,33.082164319376,
    17.038678098324));
#932 = CARTESIAN_POINT('',(6.685177609805,29.538526341682,
    17.566990100295));
#933 = CARTESIAN_POINT('',(2.119428703966,20.991706465237,
    18.095508731467));
#934 = CARTESIAN_POINT('',(3.895313174845,11.95224591677,18.62382286159)
  );
#935 = CARTESIAN_POINT('',(10.04387731934,6.292277805615,19.152294320099
    ));
#936 = CARTESIAN_POINT('',(17.368100119283,5.268235744955,
    19.680673688103));
#937 = CARTESIAN_POINT('',(23.171993289629,7.96524285803,20.209091923092
    ));
#938 = CARTESIAN_POINT('',(26.209325045572,12.510966097762,20.7375));
#939 = CARTESIAN_POINT('',(29.246630006471,17.056707199895,
    21.265906396394));
#940 = CARTESIAN_POINT('',(29.517624016194,23.450674990392,
    21.794327386408));
#941 = CARTESIAN_POINT('',(25.767652712824,29.826218566035,
    22.322703222943));
#942 = CARTESIAN_POINT('',(18.187667805115,33.339199079245,
    22.851178098347));
#943 = CARTESIAN_POINT('',(9.153536067874,31.523137660941,23.37949010029
    ));
#944 = CARTESIAN_POINT('',(3.008114905016,24.031275955529,
    23.908008731445));
#945 = CARTESIAN_POINT('',(2.986364984637,14.819048234036,
    24.436322861625));
#946 = CARTESIAN_POINT('',(7.912581191665,8.068309463847,24.96479432007)
  );
#947 = CARTESIAN_POINT('',(14.896290408894,5.635059099847,
    25.493173688117));
#948 = CARTESIAN_POINT('',(21.114823385601,7.147960589867,26.02159192309
    ));
#949 = CARTESIAN_POINT('',(24.980620274128,11.013785001886,
    26.549999999999));
#950 = CARTESIAN_POINT('',(28.84639436736,14.87963216043,27.078406396402
    ));
#951 = CARTESIAN_POINT('',(30.359582538242,21.097873344301,
    27.606827386384));
#952 = CARTESIAN_POINT('',(27.925472731329,28.082495746538,
    28.135203222987));
#953 = CARTESIAN_POINT('',(21.176483607659,33.006757021535,
    28.663678098302));
#954 = CARTESIAN_POINT('',(11.961644171504,32.988062382874,
    29.191990100306));
#955 = CARTESIAN_POINT('',(4.472715840832,26.839066894051,
    29.720508731473));
#956 = CARTESIAN_POINT('',(2.654167366016,17.808092743186,
    30.248822861572));
#957 = CARTESIAN_POINT('',(6.168723909686,10.22601041995,30.777294320115
    ));
#958 = CARTESIAN_POINT('',(12.543539515425,6.477060199042,
    31.305673688095));
#959 = CARTESIAN_POINT('',(18.937737563516,6.747716110416,
    31.834091923094));
#960 = CARTESIAN_POINT('',(23.483439178264,9.785080230431,
    32.362500000001));
#961 = CARTESIAN_POINT('',(28.029122873203,12.822471107266,
    32.890906396388));
#962 = CARTESIAN_POINT('',(30.726354232781,18.626022162509,
    33.41932738643));
#963 = CARTESIAN_POINT('',(29.701647396781,25.951308270594,
    33.947703222898));
#964 = CARTESIAN_POINT('',(24.043013924339,32.097613706233,
    34.476178098407));
#965 = CARTESIAN_POINT('',(15.001587901622,33.87700427412,35.00449010024
    ));
#966 = CARTESIAN_POINT('',(6.456947717961,29.307177447755,
    35.533008731466));
#967 = CARTESIAN_POINT('',(2.911486487901,20.80451214127,36.061322861629
    ));
#968 = CARTESIAN_POINT('',(4.879320930435,12.682461435594,
    36.589794320058));
#969 = CARTESIAN_POINT('',(10.400262336296,7.761881412776,
    37.118173688125));
#970 = CARTESIAN_POINT('',(16.724400010694,6.779890590418,
    37.646591923088));
#971 = CARTESIAN_POINT('',(21.77531758778,8.87207021879,38.174999999999)
  );
#972 = CARTESIAN_POINT('',(26.826222809436,10.964279585698,
    38.703406396398));
#973 = CARTESIAN_POINT('',(30.603844268918,16.130113300473,
    39.231827386401));
#974 = CARTESIAN_POINT('',(31.027919313069,23.514556476256,
    39.760203222953));
#975 = CARTESIAN_POINT('',(26.677099603025,30.646707003198,
    40.288678098341));
#976 = CARTESIAN_POINT('',(18.156543924445,34.155801794057,
    40.81699010029));
#977 = CARTESIAN_POINT('',(8.884557619506,31.340759513985,
    41.345508731453));
#978 = CARTESIAN_POINT('',(3.748433719612,23.693155710239,
    41.873822861615));
#979 = CARTESIAN_POINT('',(4.093923287882,15.343262476197,
    42.402294320078));
#980 = CARTESIAN_POINT('',(8.548823811399,9.44014778226,42.930673688113)
  );
#981 = CARTESIAN_POINT('',(14.55986804799,7.2432475827,43.459091923091)
  );
#982 = CARTESIAN_POINT('',(19.921897657531,8.309841429629,
    43.987499999999));
#983 = CARTESIAN_POINT('',(25.28392095077,9.37646685399,44.515906396405)
  );
#984 = CARTESIAN_POINT('',(29.996760636052,13.706063135628,
    45.044327386369));
#985 = CARTESIAN_POINT('',(31.853320594154,20.865883369183,
    45.572703223024));
#986 = CARTESIAN_POINT('',(28.977514208067,28.709794442311,
    46.101178098237));
#987 = CARTESIAN_POINT('',(21.305269049912,33.813740911409,
    46.629490100389));
#988 = CARTESIAN_POINT('',(11.662253857642,32.861663673616,
    47.158008731394));
#989 = CARTESIAN_POINT('',(5.132845649012,26.363014498042,
    47.686322861629));
#990 = CARTESIAN_POINT('',(3.842713372628,18.106160449942,
    48.214794320086));
#991 = CARTESIAN_POINT('',(7.06037368507,11.447364472018,48.743173688106
    ));
#992 = CARTESIAN_POINT('',(12.527323424833,8.11998053795,49.271591923092
    ));
#993 = CARTESIAN_POINT('',(17.994405276015,8.12000000001,49.8));
#994 = CARTESIAN_POINT('',(23.461487092713,8.120051665007,
    50.328406396404));
#995 = CARTESIAN_POINT('',(28.928433217708,11.447026556267,
    50.856827386368));
#996 = CARTESIAN_POINT('',(32.146131531796,18.10707597171,
    51.385203223031));
#997 = CARTESIAN_POINT('',(30.85585409602,26.361310486753,
    51.913678098218));
#998 = CARTESIAN_POINT('',(24.32675953771,32.863966834371,
    52.441990100422));
#999 = CARTESIAN_POINT('',(14.683291123201,33.811442432489,
    52.970508731352));
#1000 = CARTESIAN_POINT('',(7.011520102411,28.711487328888,
    53.498822861669));
#1001 = CARTESIAN_POINT('',(4.135345040652,20.86497873705,
    54.027294320059));
#1002 = CARTESIAN_POINT('',(5.992112260981,13.706395270406,
    54.555673688117));
#1003 = CARTESIAN_POINT('',(10.704875691226,9.376397100304,
    55.08409192309));
#1004 = CARTESIAN_POINT('',(16.066912894501,8.309841429654,55.6125));
#1005 = CARTESIAN_POINT('',(21.428956346388,7.243317349679,
    56.140906396405));
#1006 = CARTESIAN_POINT('',(27.439917237571,9.439817071678,
    56.669327386373));
#1007 = CARTESIAN_POINT('',(31.89509956543,15.344153704232,
    57.197703222999));
#1008 = CARTESIAN_POINT('',(32.239935719337,23.691506058825,
    57.726178098313));
#1009 = CARTESIAN_POINT('',(27.104901201447,31.342978847189,
    58.254490100243));
#1010 = CARTESIAN_POINT('',(17.831572649763,34.153596326205,
    58.783008731588));
#1011 = CARTESIAN_POINT('',(9.312260673029,30.648323708513,
    59.311322861447));
#1012 = CARTESIAN_POINT('',(4.960572621651,23.513697498185,
    59.839794320206));
#1013 = CARTESIAN_POINT('',(5.385092226355,16.130426890492,
    60.368173688054));
#1014 = CARTESIAN_POINT('',(9.162560491592,10.964213886068,
    60.896591923104));
#1015 = CARTESIAN_POINT('',(14.21349296424,8.872070218762,
    61.425000000002));
#1016 = CARTESIAN_POINT('',(19.264437728647,6.779956316497,
    61.953406396391));
#1017 = CARTESIAN_POINT('',(25.588415529463,7.761570615761,
    62.481827386407));
#1018 = CARTESIAN_POINT('',(31.109871714138,12.683294121437,
    63.010203222963));
#1019 = CARTESIAN_POINT('',(33.076569594872,20.80298024396,
    63.538678098287));
#1020 = CARTESIAN_POINT('',(29.532931618357,29.309227666265,
    64.066990100399));
#1021 = CARTESIAN_POINT('',(20.986111740626,33.874976572125,
    64.595508731308));
#1022 = CARTESIAN_POINT('',(11.946651193221,32.099092101053,
    65.123822861749));
#1023 = CARTESIAN_POINT('',(6.28668308141,25.950527956737,
    65.652294319991));
#1024 = CARTESIAN_POINT('',(5.262641021052,18.626305156741,
    66.180673688151));
#1025 = CARTESIAN_POINT('',(7.959648134013,12.822411986343,
    66.709091923082));
#1026 = CARTESIAN_POINT('',(12.505371373797,9.78508023048,
    67.237499999998));
#1027 = CARTESIAN_POINT('',(17.051112475835,6.74777526944,
    67.765906396415));
#1028 = CARTESIAN_POINT('',(23.445080266618,6.476781259994,
    68.294327386338));
#1029 = CARTESIAN_POINT('',(29.820623841604,10.22675256302,
    68.822703223088));
#1030 = CARTESIAN_POINT('',(33.333604355954,17.806737470941,
    69.351178098149));
#1031 = CARTESIAN_POINT('',(31.517542936149,26.840869208298,
    69.879490100475));
#1032 = CARTESIAN_POINT('',(24.025681232246,32.986290370712,
    70.408008731336));
#1033 = CARTESIAN_POINT('',(14.813453509593,33.008040291638,
    70.936322861656));
#1034 = CARTESIAN_POINT('',(8.062714740089,28.081824084221,
    71.464794320079));
#1035 = CARTESIAN_POINT('',(5.629464375766,21.09811486713,
    71.993173688107));
#1036 = CARTESIAN_POINT('',(7.142365865928,14.879581890452,
    72.521591923092));
#1037 = CARTESIAN_POINT('',(11.008190277871,11.013785001854,
    73.050000000001));
#1038 = CARTESIAN_POINT('',(14.874037436543,7.148010908749,
    73.578406396389));
#1039 = CARTESIAN_POINT('',(21.092278620069,5.634822737629,
    74.106827386421));
#1040 = CARTESIAN_POINT('',(28.076901023033,8.068932544798,
    74.635203222921));
#1041 = CARTESIAN_POINT('',(33.001162296846,14.817921668388,
    75.163678098374));
#1042 = CARTESIAN_POINT('',(32.982467659662,24.032761104297,
    75.691990100269));
#1043 = CARTESIAN_POINT('',(26.833472169435,31.521689435488,
    76.220508731454));
#1044 = CARTESIAN_POINT('',(17.802498019576,33.340237909741,
    76.748822861628));
#1045 = CARTESIAN_POINT('',(10.220415695799,29.82568136646,
    77.277294320064));
#1046 = CARTESIAN_POINT('',(6.471465475118,23.450865760562,
    77.805673688121));
#1047 = CARTESIAN_POINT('',(6.7421213864,17.056667712483,78.334091923089
    ));
#1048 = CARTESIAN_POINT('',(9.779485506467,12.510966097768,
    78.862499999999));
#1049 = CARTESIAN_POINT('',(12.816876383211,7.965282402766,
    79.390906396404));
#1050 = CARTESIAN_POINT('',(18.620427438687,5.268051043288,
    79.919327386373));
#1051 = CARTESIAN_POINT('',(25.945713546332,6.292757879255,
    80.447703223018));
#1052 = CARTESIAN_POINT('',(32.092018982576,11.951391351455,
    80.976178098236));
#1053 = CARTESIAN_POINT('',(33.871409549908,20.992817374858,
    81.504490100405));
#1054 = CARTESIAN_POINT('',(29.301582723757,29.537457557459,
    82.033008731368));
#1055 = CARTESIAN_POINT('',(20.798917417532,33.08291878864,
    82.561322861655));
#1056 = CARTESIAN_POINT('',(12.676866711271,31.115084345246,
    83.089794320069));
#1057 = CARTESIAN_POINT('',(7.756286689063,25.594142939874,
    83.618173688113));
#1058 = CARTESIAN_POINT('',(6.774295866288,19.270005265263,
    84.146591923091));
#1059 = CARTESIAN_POINT('',(8.866475494852,14.219087688255,84.675));
#1060 = CARTESIAN_POINT('',(10.95868486153,9.168182466506,
    85.203406396407));
#1061 = CARTESIAN_POINT('',(16.124518576929,5.390561007164,
    85.731827386365));
#1062 = CARTESIAN_POINT('',(23.50896175151,4.96648596308,86.260203223012
    ));
#1063 = CARTESIAN_POINT('',(30.641112280159,9.317305672433,
    86.788678098304));
#1064 = CARTESIAN_POINT('',(34.150207069261,17.837861352543,
    87.31699010023));
#1065 = CARTESIAN_POINT('',(31.335164790394,27.109847655426,
    87.845508731627));
#1066 = CARTESIAN_POINT('',(23.687560986284,32.245971557223,
    88.373822861398));
#1067 = CARTESIAN_POINT('',(15.337667751986,31.900481987713,
    88.902294320244));
#1068 = CARTESIAN_POINT('',(9.434553058467,27.445581464747,
    89.430673688034));
#1069 = CARTESIAN_POINT('',(7.237652858633,21.434537228007,
    89.959091923109));
#1070 = CARTESIAN_POINT('',(8.304246705651,16.072507618484,
    90.487500000002));
#1071 = CARTESIAN_POINT('',(9.370873129792,10.710484320254,
    91.015906344237));
#1072 = CARTESIAN_POINT('',(13.700463968772,5.997644662093,
    91.544327618181));
#1073 = CARTESIAN_POINT('',(20.860300662442,4.141084622064,
    92.072702596013));
#1074 = CARTESIAN_POINT('',(28.704175646096,7.016891187698,
    92.60117935424));
#1075 = CARTESIAN_POINT('',(33.808184408377,14.689136035937,
    93.129488106133));
#1076 = CARTESIAN_POINT('',(32.856019317178,24.332151665402,
    93.658011321084));
#1077 = CARTESIAN_POINT('',(26.357473283615,30.861559360579,
    94.186320069643));
#1078 = CARTESIAN_POINT('',(18.10051758107,32.151692143175,
    94.714796832147));
#1079 = CARTESIAN_POINT('',(11.441805800296,28.934031411343,
    95.243171807013));
#1080 = CARTESIAN_POINT('',(8.114363599084,23.467081961864,
    95.771593082188));
#1081 = CARTESIAN_POINT('',(8.114416274155,17.9999999452,96.299999426158
    ));
#1082 = DEFINITIONAL_REPRESENTATION('',(#1083),#1134);
#1083 = B_SPLINE_CURVE_WITH_KNOTS('',7,(#1084,#1085,#1086,#1087,#1088,
    #1089,#1090,#1091,#1092,#1093,#1094,#1095,#1096,#1097,#1098,#1099,
    #1100,#1101,#1102,#1103,#1104,#1105,#1106,#1107,#1108,#1109,#1110,
    #1111,#1112,#1113,#1114,#1115,#1116,#1117,#1118,#1119,#1120,#1121,
    #1122,#1123,#1124,#1125,#1126,#1127,#1128,#1129,#1130,#1131,#1132,
    #1133),.UNSPECIFIED.,.F.,.F.,(8,6,6,6,6,6,6,6,8),(0.,
    9.586111454822E-02,0.264216316051,0.417492892228,0.499573452574,
    0.644908894528,0.80036170093,0.882707773873,1.),.UNSPECIFIED.);
#1084 = CARTESIAN_POINT('',(2.749531831364,121.62964216327));
#1085 = CARTESIAN_POINT('',(2.749528773986,121.74850566664));
#1086 = CARTESIAN_POINT('',(2.749526026665,121.86741391921));
#1087 = CARTESIAN_POINT('',(2.749524390602,121.98633455043));
#1088 = CARTESIAN_POINT('',(2.749524274925,122.10524759615));
#1089 = CARTESIAN_POINT('',(2.749525696697,122.2241454986));
#1090 = CARTESIAN_POINT('',(2.749528280909,122.3430331064));
#1091 = CARTESIAN_POINT('',(2.74953649334,122.67073516729));
#1092 = CARTESIAN_POINT('',(2.749542984755,122.88003875529));
#1093 = CARTESIAN_POINT('',(2.749547769577,123.08887636075));
#1094 = CARTESIAN_POINT('',(2.749544262941,123.29771242938));
#1095 = CARTESIAN_POINT('',(2.749538303356,123.50654485342));
#1096 = CARTESIAN_POINT('',(2.749535419336,123.71583717905));
#1097 = CARTESIAN_POINT('',(2.749533966647,124.11475860501));
#1098 = CARTESIAN_POINT('',(2.749535080483,124.30517352753));
#1099 = CARTESIAN_POINT('',(2.749537651575,124.49530119609));
#1100 = CARTESIAN_POINT('',(2.749538497115,124.68541611219));
#1101 = CARTESIAN_POINT('',(2.749529979215,124.87555196805));
#1102 = CARTESIAN_POINT('',(2.749526076397,125.06595751199));
#1103 = CARTESIAN_POINT('',(2.749530268254,125.35785288215));
#1104 = CARTESIAN_POINT('',(2.749533996197,125.4596631271));
#1105 = CARTESIAN_POINT('',(2.749539839969,125.56148961614));
#1106 = CARTESIAN_POINT('',(2.749546929488,125.66333121284));
#1107 = CARTESIAN_POINT('',(2.749553674801,125.76518143377));
#1108 = CARTESIAN_POINT('',(2.749557766081,125.86702844852));
#1109 = CARTESIAN_POINT('',(2.749553353959,126.14915378102));
#1110 = CARTESIAN_POINT('',(2.749518390081,126.32974695763));
#1111 = CARTESIAN_POINT('',(2.74953881965,126.51011376669));
#1112 = CARTESIAN_POINT('',(2.74958665929,126.69044154446));
#1113 = CARTESIAN_POINT('',(2.749530544427,126.87076648028));
#1114 = CARTESIAN_POINT('',(2.749533872084,127.05129877804));
#1115 = CARTESIAN_POINT('',(2.749527551697,127.42453919905));
#1116 = CARTESIAN_POINT('',(2.749529842753,127.61777998607));
#1117 = CARTESIAN_POINT('',(2.74953794938,127.81072202204));
#1118 = CARTESIAN_POINT('',(2.749537381667,128.0036343938));
#1119 = CARTESIAN_POINT('',(2.749534641195,128.19655849293));
#1120 = CARTESIAN_POINT('',(2.749533507346,128.38977376597));
#1121 = CARTESIAN_POINT('',(2.749534613811,128.68486496883));
#1122 = CARTESIAN_POINT('',(2.749535600608,128.78706341082));
#1123 = CARTESIAN_POINT('',(2.749537087603,128.88927825147));
#1124 = CARTESIAN_POINT('',(2.749538883845,128.99150790621));
#1125 = CARTESIAN_POINT('',(2.749540710884,129.09374573097));
#1126 = CARTESIAN_POINT('',(2.749542202763,129.19598002225));
#1127 = CARTESIAN_POINT('',(2.749543907742,129.44378574427));
#1128 = CARTESIAN_POINT('',(2.749543196998,129.58938933015));
#1129 = CARTESIAN_POINT('',(2.749540692626,129.73501300373));
#1130 = CARTESIAN_POINT('',(2.749536749077,129.88065358359));
#1131 = CARTESIAN_POINT('',(2.749532156424,130.02629647781));
#1132 = CARTESIAN_POINT('',(2.749528140364,130.17191568399));
#1133 = CARTESIAN_POINT('',(2.749526362214,130.31747378923));
#1134 = ( GEOMETRIC_REPRESENTATION_CONTEXT(2) 
PARAMETRIC_REPRESENTATION_CONTEXT() REPRESENTATION_CONTEXT('2D SPACE',''
  ) );
#1135 = ADVANCED_FACE('',(#1136),#44,.T.);
#1136 = FACE_BOUND('',#1137,.T.);
#1137 = EDGE_LOOP('',(#1138,#1162,#1163));
#1138 = ORIENTED_EDGE('',*,*,#1139,.F.);
#1139 = EDGE_CURVE('',#24,#1140,#1142,.T.);
#1140 = VERTEX_POINT('',#1141);
#1141 = CARTESIAN_POINT('',(14.772942723348,27.466899123882,95.));
#1142 = SURFACE_CURVE('',#1143,(#1148,#1155),.PCURVE_S1.);
#1143 = CIRCLE('',#1144,10.);
#1144 = AXIS2_PLACEMENT_3D('',#1145,#1146,#1147);
#1145 = CARTESIAN_POINT('',(17.994405276015,18.,95.));
#1146 = DIRECTION('',(0.,0.,1.));
#1147 = DIRECTION('',(1.,0.,0.));
#1148 = PCURVE('',#44,#1149);
#1149 = DEFINITIONAL_REPRESENTATION('',(#1150),#1154);
#1150 = LINE('',#1151,#1152);
#1151 = CARTESIAN_POINT('',(0.,95.));
#1152 = VECTOR('',#1153,1.);
#1153 = DIRECTION('',(1.,0.));
#1154 = ( GEOMETRIC_REPRESENTATION_CONTEXT(2) 
PARAMETRIC_REPRESENTATION_CONTEXT() REPRESENTATION_CONTEXT('2D SPACE',''
  ) );
#1155 = PCURVE('',#73,#1156);
#1156 = DEFINITIONAL_REPRESENTATION('',(#1157),#1161);
#1157 = CIRCLE('',#1158,10.);
#1158 = AXIS2_PLACEMENT_2D('',#1159,#1160);
#1159 = CARTESIAN_POINT('',(0.,0.));
#1160 = DIRECTION('',(1.,0.));
#1161 = ( GEOMETRIC_REPRESENTATION_CONTEXT(2) 
PARAMETRIC_REPRESENTATION_CONTEXT() REPRESENTATION_CONTEXT('2D SPACE',''
  ) );
#1162 = ORIENTED_EDGE('',*,*,#21,.F.);
#1163 = ORIENTED_EDGE('',*,*,#1164,.T.);
#1164 = EDGE_CURVE('',#22,#1140,#1165,.T.);
#1165 = SURFACE_CURVE('',#1166,(#1183,#1203),.PCURVE_S1.);
#1166 = B_SPLINE_CURVE_WITH_KNOTS('',8,(#1167,#1168,#1169,#1170,#1171,
    #1172,#1173,#1174,#1175,#1176,#1177,#1178,#1179,#1180,#1181,#1182),
  .UNSPECIFIED.,.F.,.F.,(9,7,9),(0.,0.586963057686,1.),.UNSPECIFIED.);
#1167 = CARTESIAN_POINT('',(27.994405276015,18.,93.186781190701));
#1168 = CARTESIAN_POINT('',(27.994487799062,20.294978635443,
    93.405950251349));
#1169 = CARTESIAN_POINT('',(27.391861631443,22.632785499776,
    93.629069706359));
#1170 = CARTESIAN_POINT('',(26.151868034404,24.747637818428,
    93.84911669472));
#1171 = CARTESIAN_POINT('',(24.403522808956,26.482572876863,
    94.068943861854));
#1172 = CARTESIAN_POINT('',(22.256470416477,27.690753920182,
    94.288699015389));
#1173 = CARTESIAN_POINT('',(19.883654105354,28.305493633978,
    94.508747903802));
#1174 = CARTESIAN_POINT('',(17.470147476429,28.246709428819,
    94.731847921807));
#1175 = CARTESIAN_POINT('',(13.708658182649,27.178341493324,
    95.10527093521));
#1176 = CARTESIAN_POINT('',(12.229531817154,26.448059741497,
    95.26019988861));
#1177 = CARTESIAN_POINT('',(10.899321695249,25.446227975177,
    95.414655434937));
#1178 = CARTESIAN_POINT('',(9.773100060219,24.211270793663,
    95.568912952925));
#1179 = CARTESIAN_POINT('',(8.89299073005,22.790455266184,
    95.723192704581));
#1180 = CARTESIAN_POINT('',(8.292609822876,21.237333760295,
    95.877681785646));
#1181 = CARTESIAN_POINT('',(7.994365910634,19.614815815884,
    96.032594420025));
#1182 = CARTESIAN_POINT('',(7.994405276015,18.,96.186782587989));
#1183 = PCURVE('',#44,#1184);
#1184 = DEFINITIONAL_REPRESENTATION('',(#1185),#1202);
#1185 = B_SPLINE_CURVE_WITH_KNOTS('',8,(#1186,#1187,#1188,#1189,#1190,
    #1191,#1192,#1193,#1194,#1195,#1196,#1197,#1198,#1199,#1200,#1201),
  .UNSPECIFIED.,.F.,.F.,(9,7,9),(0.,0.586963057686,1.),.UNSPECIFIED.);
#1186 = CARTESIAN_POINT('',(0.,93.186781190701));
#1187 = CARTESIAN_POINT('',(0.229516150704,93.405950251349));
#1188 = CARTESIAN_POINT('',(0.463163206504,93.629069706359));
#1189 = CARTESIAN_POINT('',(0.693583324814,93.84911669472));
#1190 = CARTESIAN_POINT('',(0.923763770759,94.068943861854));
#1191 = CARTESIAN_POINT('',(1.153927221942,94.288699015389));
#1192 = CARTESIAN_POINT('',(1.384357119377,94.508747903802));
#1193 = CARTESIAN_POINT('',(1.617984593281,94.731847921807));
#1194 = CARTESIAN_POINT('',(2.009030243606,95.10527093521));
#1195 = CARTESIAN_POINT('',(2.171277171339,95.26019988861));
#1196 = CARTESIAN_POINT('',(2.333016122076,95.414655434937));
#1197 = CARTESIAN_POINT('',(2.494575755061,95.568912952925));
#1198 = CARTESIAN_POINT('',(2.65612730441,95.723192704581));
#1199 = CARTESIAN_POINT('',(2.817856773975,95.877681785646));
#1200 = CARTESIAN_POINT('',(2.980112008385,96.032594420025));
#1201 = CARTESIAN_POINT('',(3.14159265359,96.186782587989));
#1202 = ( GEOMETRIC_REPRESENTATION_CONTEXT(2) 
PARAMETRIC_REPRESENTATION_CONTEXT() REPRESENTATION_CONTEXT('2D SPACE',''
  ) );
#1203 = PCURVE('',#727,#1204);
#1204 = DEFINITIONAL_REPRESENTATION('',(#1205),#1222);
#1205 = B_SPLINE_CURVE_WITH_KNOTS('',8,(#1206,#1207,#1208,#1209,#1210,
    #1211,#1212,#1213,#1214,#1215,#1216,#1217,#1218,#1219,#1220,#1221),
  .UNSPECIFIED.,.F.,.F.,(9,7,9),(0.,0.586963057686,1.),.UNSPECIFIED.);
#1206 = CARTESIAN_POINT('',(2.749526362214,130.31747378923));
#1207 = CARTESIAN_POINT('',(2.749522507352,130.63482826734));
#1208 = CARTESIAN_POINT('',(2.749526880159,130.95789463041));
#1209 = CARTESIAN_POINT('',(2.749545206365,131.27649828351));
#1210 = CARTESIAN_POINT('',(2.749571871835,131.59477535563));
#1211 = CARTESIAN_POINT('',(2.749522400079,131.91302380586));
#1212 = CARTESIAN_POINT('',(2.749532617272,132.23163826754));
#1213 = CARTESIAN_POINT('',(2.749535703343,132.55467776488));
#1214 = CARTESIAN_POINT('',(2.749536879393,133.09538263787));
#1215 = CARTESIAN_POINT('',(2.749528221456,133.3197240165));
#1216 = CARTESIAN_POINT('',(2.749535132315,133.543364445));
#1217 = CARTESIAN_POINT('',(2.749506144545,133.76675380428));
#1218 = CARTESIAN_POINT('',(2.749523321127,133.99012948714));
#1219 = CARTESIAN_POINT('',(2.749595661953,134.21375346004));
#1220 = CARTESIAN_POINT('',(2.749549330378,134.43810864273));
#1221 = CARTESIAN_POINT('',(2.749528451811,134.66138952738));
#1222 = ( GEOMETRIC_REPRESENTATION_CONTEXT(2) 
PARAMETRIC_REPRESENTATION_CONTEXT() REPRESENTATION_CONTEXT('2D SPACE',''
  ) );
#1223 = ADVANCED_FACE('',(#1224),#727,.F.);
#1224 = FACE_BOUND('',#1225,.F.);
#1225 = EDGE_LOOP('',(#1226,#1779,#1805,#2019,#2212,#2426,#2661,#2875,
    #3068,#3261,#3433,#3602,#3816,#4009,#4178,#4371,#4557,#4558,#4559,
    #4639));
#1226 = ORIENTED_EDGE('',*,*,#1227,.F.);
#1227 = EDGE_CURVE('',#1228,#1230,#1232,.T.);
#1228 = VERTEX_POINT('',#1229);
#1229 = CARTESIAN_POINT('',(29.994405276015,18.,1.3));
#1230 = VERTEX_POINT('',#1231);
#1231 = CARTESIAN_POINT('',(5.994406710578,18.000000913256,
    94.300009563598));
#1232 = SURFACE_CURVE('',#1233,(#1411,#1417),.PCURVE_S1.);
#1233 = B_SPLINE_CURVE_WITH_KNOTS('',11,(#1234,#1235,#1236,#1237,#1238,
    #1239,#1240,#1241,#1242,#1243,#1244,#1245,#1246,#1247,#1248,#1249,
    #1250,#1251,#1252,#1253,#1254,#1255,#1256,#1257,#1258,#1259,#1260,
    #1261,#1262,#1263,#1264,#1265,#1266,#1267,#1268,#1269,#1270,#1271,
    #1272,#1273,#1274,#1275,#1276,#1277,#1278,#1279,#1280,#1281,#1282,
    #1283,#1284,#1285,#1286,#1287,#1288,#1289,#1290,#1291,#1292,#1293,
    #1294,#1295,#1296,#1297,#1298,#1299,#1300,#1301,#1302,#1303,#1304,
    #1305,#1306,#1307,#1308,#1309,#1310,#1311,#1312,#1313,#1314,#1315,
    #1316,#1317,#1318,#1319,#1320,#1321,#1322,#1323,#1324,#1325,#1326,
    #1327,#1328,#1329,#1330,#1331,#1332,#1333,#1334,#1335,#1336,#1337,
    #1338,#1339,#1340,#1341,#1342,#1343,#1344,#1345,#1346,#1347,#1348,
    #1349,#1350,#1351,#1352,#1353,#1354,#1355,#1356,#1357,#1358,#1359,
    #1360,#1361,#1362,#1363,#1364,#1365,#1366,#1367,#1368,#1369,#1370,
    #1371,#1372,#1373,#1374,#1375,#1376,#1377,#1378,#1379,#1380,#1381,
    #1382,#1383,#1384,#1385,#1386,#1387,#1388,#1389,#1390,#1391,#1392,
    #1393,#1394,#1395,#1396,#1397,#1398,#1399,#1400,#1401,#1402,#1403,
    #1404,#1405,#1406,#1407,#1408,#1409,#1410),.UNSPECIFIED.,.F.,.F.,(12
    ,11,11,11,11,11,11,11,11,11,11,11,11,11,11,11,12),(0.,8.416336845462
    ,16.832673690923,25.249010536385,33.665347381847,42.081684227309,
    50.49802107277,58.914357918232,67.330694763694,75.747031609156,
    84.163368454617,92.579705300079,100.99604214554,109.412378991,
    117.82871583646,126.24505268192,134.66138952738),
  .PIECEWISE_BEZIER_KNOTS.);
#1234 = CARTESIAN_POINT('',(29.994405276015,18.,1.3));
#1235 = CARTESIAN_POINT('',(29.994398553422,24.640186731776,
    1.828453999476));
#1236 = CARTESIAN_POINT('',(25.953289467883,31.280167575192,
    2.356664771645));
#1237 = CARTESIAN_POINT('',(17.864858387141,35.188449287647,
    2.885628099452));
#1238 = CARTESIAN_POINT('',(7.838036831698,33.62100262514,3.412940799622
    ));
#1239 = CARTESIAN_POINT('',(-5.773549462244E-02,25.69136692479,
    3.942967991017));
#1240 = CARTESIAN_POINT('',(-1.211081234226,13.978186429311,
    4.469551495657));
#1241 = CARTESIAN_POINT('',(4.98546120688,4.660592311986,4.999543166192)
  );
#1242 = CARTESIAN_POINT('',(14.514163408006,1.167073708423,
    5.526912879516));
#1243 = CARTESIAN_POINT('',(23.209485719055,3.422316160475,
    6.055817305528));
#1244 = CARTESIAN_POINT('',(28.468393936358,9.146315684224,
    6.584074011977));
#1245 = CARTESIAN_POINT('',(29.763828640853,15.658916135806,
    7.112500000001));
#1246 = CARTESIAN_POINT('',(31.059258215184,22.171514852975,
    7.640953999474));
#1247 = CARTESIAN_POINT('',(28.391193908502,29.472291599153,
    8.169164771646));
#1248 = CARTESIAN_POINT('',(21.220647700775,34.883451398555,
    8.698128099454));
#1249 = CARTESIAN_POINT('',(11.080695035827,35.302258630179,
    9.225440799613));
#1250 = CARTESIAN_POINT('',(1.789642578506,29.065377422063,
    9.755467991031));
#1251 = CARTESIAN_POINT('',(-1.626670100799,17.80226899707,
    10.282051495639));
#1252 = CARTESIAN_POINT('',(2.63303507805,7.454824377866,10.812043166209
    ));
#1253 = CARTESIAN_POINT('',(11.297094268937,2.169475173811,
    11.339412879504));
#1254 = CARTESIAN_POINT('',(20.265314376164,2.685010544859,
    11.868317305535));
#1255 = CARTESIAN_POINT('',(26.539871056996,7.273062925208,
    12.396574011974));
#1256 = CARTESIAN_POINT('',(29.08095966615,13.407798811619,
    12.925000000002));
#1257 = CARTESIAN_POINT('',(31.622042905349,19.542533997785,
    13.453453999469));
#1258 = CARTESIAN_POINT('',(30.429555592558,27.223541890698,
    13.98166477166));
#1259 = CARTESIAN_POINT('',(24.452454327335,33.929631940556,
    14.510628099424));
#1260 = CARTESIAN_POINT('',(14.589043247205,36.318598539299,
    15.037940799667));
#1261 = CARTESIAN_POINT('',(4.259760594411,32.01415167051,
    15.567967990956));
#1262 = CARTESIAN_POINT('',(-1.288232044322,21.633950256421,
    16.094551495724));
#1263 = CARTESIAN_POINT('',(0.870937791221,10.654301629065,
    16.62454316613));
#1264 = CARTESIAN_POINT('',(8.337399035945,3.780234830436,
    17.151912879563));
#1265 = CARTESIAN_POINT('',(17.233873270107,2.536251385246,
    17.680817305497));
#1266 = CARTESIAN_POINT('',(24.282950720019,5.812040342244,
    18.209074011994));
#1267 = CARTESIAN_POINT('',(27.972040623646,11.333157203764,
    18.737499999992));
#1268 = CARTESIAN_POINT('',(31.661125123877,16.854274426124,
    19.265953999502));
#1269 = CARTESIAN_POINT('',(31.990041423683,24.620336640001,
    19.794164771589));
#1270 = CARTESIAN_POINT('',(27.436081750526,32.363645660536,
    20.323128099539));
#1271 = CARTESIAN_POINT('',(18.228257611667,36.630964979707,
    20.850440799513));
#1272 = CARTESIAN_POINT('',(7.257693302872,34.42436992954,
    21.380467991129));
#1273 = CARTESIAN_POINT('',(-0.208773049375,25.325980845299,
    21.907051495558));
#1274 = CARTESIAN_POINT('',(-0.233114243179,14.136069949195,
    22.437043166265));
#1275 = CARTESIAN_POINT('',(5.748817137083,5.937452087959,22.96441287947
    ));
#1276 = CARTESIAN_POINT('',(14.231658982507,2.981755412741,
    23.493317305555));
#1277 = CARTESIAN_POINT('',(21.784365108295,4.819394213837,
    24.02157401196));
#1278 = CARTESIAN_POINT('',(26.479686650251,9.514718625762,
    24.550000000012));
#1279 = CARTESIAN_POINT('',(31.175002963055,14.210044445734,
    25.078453999441));
#1280 = CARTESIAN_POINT('',(33.012682806454,21.762715564972,
    25.606664771711));
#1281 = CARTESIAN_POINT('',(30.056870841822,30.245672532955,
    26.135628099355));
#1282 = CARTESIAN_POINT('',(21.858485161936,36.227353884425,
    26.662940799742));
#1283 = CARTESIAN_POINT('',(10.668231831313,36.203408862898,
    27.192967990883));
#1284 = CARTESIAN_POINT('',(1.57022388011,28.73647809894,27.719551495795
    ));
#1285 = CARTESIAN_POINT('',(-0.636692924539,17.76632693411,
    28.249543166063));
#1286 = CARTESIAN_POINT('',(3.630826322978,8.558226297074,28.77691287962
    ));
#1287 = CARTESIAN_POINT('',(11.37404492481,4.004402157362,
    29.305817305454));
#1288 = CARTESIAN_POINT('',(19.140133465637,4.333271374034,
    29.834074012022));
#1289 = CARTESIAN_POINT('',(24.661248072253,8.022364652368,
    30.362499999977));
#1290 = CARTESIAN_POINT('',(30.182357824854,11.711460331873,
    30.890953999542));
#1291 = CARTESIAN_POINT('',(33.45818020614,18.760495440898,
    31.419164771522));
#1292 = CARTESIAN_POINT('',(32.214106146046,27.657105077493,
    31.948128099612));
#1293 = CARTESIAN_POINT('',(25.34021828927,35.123275801167,
    32.475440799469));
#1294 = CARTESIAN_POINT('',(14.36031109663,37.28290100255,
    33.005467991123));
#1295 = CARTESIAN_POINT('',(3.980392889845,31.734378520004,
    33.532051495615));
#1296 = CARTESIAN_POINT('',(-0.324288950464,21.405563844145,
    34.062043166178));
#1297 = CARTESIAN_POINT('',(2.06481979283,11.541842574455,
    34.589412879559));
#1298 = CARTESIAN_POINT('',(8.770847602669,5.5648918783,35.118317305488)
  );
#1299 = CARTESIAN_POINT('',(16.451872131194,4.372353250925,
    35.646574011994));
#1300 = CARTESIAN_POINT('',(22.586606464395,6.913445609864,
    36.175000000001));
#1301 = CARTESIAN_POINT('',(28.721336505313,9.454541270791,
    36.703453999483));
#1302 = CARTESIAN_POINT('',(33.309413407393,15.729049903564,
    37.231664771619));
#1303 = CARTESIAN_POINT('',(33.824886320399,24.69742048956,
    37.760628099501));
#1304 = CARTESIAN_POINT('',(28.539655942038,33.361159831917,
    38.287940799557));
#1305 = CARTESIAN_POINT('',(18.192046563242,37.621362070378,
    38.817967991084));
#1306 = CARTESIAN_POINT('',(6.929112536467,34.20447447714,
    39.344551495597));
#1307 = CARTESIAN_POINT('',(0.692092169442,24.913926845323,
    39.87454316624));
#1308 = CARTESIAN_POINT('',(1.110978299427,14.773642220011,
    40.40191287948));
#1309 = CARTESIAN_POINT('',(6.522106429266,7.603255830643,
    40.930817305553));
#1310 = CARTESIAN_POINT('',(13.822889480447,4.935137949911,
    41.459074011959));
#1311 = CARTESIAN_POINT('',(20.335489140206,6.230576635163,
    41.987500000012));
#1312 = CARTESIAN_POINT('',(26.848085234356,7.526019396325,
    42.515953999446));
#1313 = CARTESIAN_POINT('',(32.572099434921,12.784875704868,
    43.044164771687));
#1314 = CARTESIAN_POINT('',(34.827309986041,21.480357788186,
    43.573128099425));
#1315 = CARTESIAN_POINT('',(31.333845525574,31.008723104931,
    44.100440799601));
#1316 = CARTESIAN_POINT('',(22.016186785992,37.205785197673,
    44.630467991094));
#1317 = CARTESIAN_POINT('',(10.30306517762,36.051841567649,
    45.157051495546));
#1318 = CARTESIAN_POINT('',(2.373391478756,28.156591515242,
    45.687043166304));
#1319 = CARTESIAN_POINT('',(0.805957436409,18.129428985674,
    46.214412879427));
#1320 = CARTESIAN_POINT('',(4.714239266806,10.041160830856,
    46.743317305584));
#1321 = CARTESIAN_POINT('',(11.354215842305,5.999997970626,
    47.27157401195));
#1322 = CARTESIAN_POINT('',(17.994405276014,6.000000000001,
    47.800000000009));
#1323 = CARTESIAN_POINT('',(24.634592007795,6.000006722588,
    48.328453999456));
#1324 = CARTESIAN_POINT('',(31.274572851196,10.041115808142,
    48.856664771654));
#1325 = CARTESIAN_POINT('',(35.182854563677,18.129546888857,
    49.385628099498));
#1326 = CARTESIAN_POINT('',(33.615407901138,28.156368444328,
    49.912940799477));
#1327 = CARTESIAN_POINT('',(25.685772200821,36.052140770647,
    50.442967991265));
#1328 = CARTESIAN_POINT('',(13.972591705314,37.205486510203,
    50.96955149535));
#1329 = CARTESIAN_POINT('',(4.654997588008,31.008944069188,
    51.49954316649));
#1330 = CARTESIAN_POINT('',(1.161478984435,21.480241867961,
    52.026912879281));
#1331 = CARTESIAN_POINT('',(3.41672143649,12.78491955699,52.55581730568)
  );
#1332 = CARTESIAN_POINT('',(9.14072096024,7.526011339642,53.084074011896
    ));
#1333 = CARTESIAN_POINT('',(15.653321411819,6.230576635167,
    53.612500000035));
#1334 = CARTESIAN_POINT('',(22.165920128993,4.93514706081,
    54.140953999356));
#1335 = CARTESIAN_POINT('',(29.466696875176,7.603211367563,
    54.669164771897));
#1336 = CARTESIAN_POINT('',(34.877856674523,14.773757575149,
    55.198128099067));
#1337 = CARTESIAN_POINT('',(35.296663906304,24.913710240314,
    55.725440800076));
#1338 = CARTESIAN_POINT('',(29.059782697915,34.204762697376,
    56.255467990592));
#1339 = CARTESIAN_POINT('',(17.796674273253,37.621075376918,
    56.782051495971));
#1340 = CARTESIAN_POINT('',(7.449229653753,33.361370197905,
    57.312043166014));
#1341 = CARTESIAN_POINT('',(2.163880449894,24.697311007102,
    57.839412879592));
#1342 = CARTESIAN_POINT('',(2.67941582085,15.729090899844,
    58.368317305497));
#1343 = CARTESIAN_POINT('',(7.267468201227,9.454534219022,58.896574012)
  );
#1344 = CARTESIAN_POINT('',(13.402204087634,6.913445609861,
    59.424999999977));
#1345 = CARTESIAN_POINT('',(19.5369392738,4.372362370681,59.953453999544
    ));
#1346 = CARTESIAN_POINT('',(27.217947166704,5.564849683424,
    60.481664771493));
#1347 = CARTESIAN_POINT('',(33.924037216599,11.541950948737,
    61.010628099714));
#1348 = CARTESIAN_POINT('',(36.313003815255,21.40536202873,
    61.537940799259));
#1349 = CARTESIAN_POINT('',(32.00855694661,31.734644681694,
    62.067967991421));
#1350 = CARTESIAN_POINT('',(21.628355532345,37.282637320254,
    62.594551495294));
#1351 = CARTESIAN_POINT('',(10.648706905152,35.123467484854,
    63.124543166452));
#1352 = CARTESIAN_POINT('',(3.77464010641,27.657006240035,
    63.651912879365));
#1353 = CARTESIAN_POINT('',(2.530656661275,18.760532005927,
    64.180817305605));
#1354 = CARTESIAN_POINT('',(5.806445618256,11.711454555985,
    64.709074011934));
#1355 = CARTESIAN_POINT('',(11.327562479779,8.022364652375,
    65.237500000029));
#1356 = CARTESIAN_POINT('',(16.848679702137,4.333280152117,
    65.765953999405));
#1357 = CARTESIAN_POINT('',(24.614741916028,4.004363852375,
    66.294164771751));
#1358 = CARTESIAN_POINT('',(32.35805093651,8.558323525426,
    66.823128099349));
#1359 = CARTESIAN_POINT('',(36.625370255804,17.76614766441,
    67.350440799682));
#1360 = CARTESIAN_POINT('',(34.418775205441,28.736711973105,
    67.880467991003));
#1361 = CARTESIAN_POINT('',(25.32038612143,36.203178325394,
    68.407051495653));
#1362 = CARTESIAN_POINT('',(14.130475225124,36.227519519206,
    68.937043166184));
#1363 = CARTESIAN_POINT('',(5.93185736402,30.245588138924,
    69.464412879547));
#1364 = CARTESIAN_POINT('',(2.976160688739,21.762746293504,
    69.993317305484));
#1365 = CARTESIAN_POINT('',(4.813799489856,14.210040167728,
    70.521574012018));
#1366 = CARTESIAN_POINT('',(9.509123901775,9.514718625757,
    71.049999999973));
#1367 = CARTESIAN_POINT('',(14.204449721756,4.819402312981,
    71.578453999551));
#1368 = CARTESIAN_POINT('',(21.75712084096,2.98172246952,72.106664771513
    ));
#1369 = CARTESIAN_POINT('',(30.240077809044,5.937534434247,
    72.635628099612));
#1370 = CARTESIAN_POINT('',(36.221759160297,14.13592011403,
    73.162940799489));
#1371 = CARTESIAN_POINT('',(36.197814139111,25.326173444726,
    73.692967991085));
#1372 = CARTESIAN_POINT('',(28.730883374752,34.424181395911,
    74.219551495651));
#1373 = CARTESIAN_POINT('',(17.760732210276,36.631098200534,
    74.749543166166));
#1374 = CARTESIAN_POINT('',(8.552631573008,32.363578953052,
    75.276912879546));
#1375 = CARTESIAN_POINT('',(3.998807433406,24.6203603512,75.805817305506
    ));
#1376 = CARTESIAN_POINT('',(4.327676650041,16.854271810374,
    76.334074011985));
#1377 = CARTESIAN_POINT('',(8.016769928384,11.333157203765,
    76.862500000002));
#1378 = CARTESIAN_POINT('',(11.705865607882,5.812047451151,
    77.39095399948));
#1379 = CARTESIAN_POINT('',(18.754900716928,2.536225069888,
    77.919164771624));
#1380 = CARTESIAN_POINT('',(27.65151035347,3.780299129963,
    78.448128099512));
#1381 = CARTESIAN_POINT('',(35.117681077249,10.654186986724,
    78.975440799487));
#1382 = CARTESIAN_POINT('',(37.277306278479,21.634094179444,
    79.505467991256));
#1383 = CARTESIAN_POINT('',(31.728783796093,32.014012386081,
    80.032051495329));
#1384 = CARTESIAN_POINT('',(21.399969120122,36.318694226572,
    80.562043166551));
#1385 = CARTESIAN_POINT('',(11.536247850469,33.929585483111,
    81.089412879198));
#1386 = CARTESIAN_POINT('',(5.559297154331,27.22355767339,
    81.618317305752));
#1387 = CARTESIAN_POINT('',(4.366758526926,19.5425331448,82.146574011854
    ));
#1388 = CARTESIAN_POINT('',(6.907850885884,13.407798811626,
    82.675000000049));
#1389 = CARTESIAN_POINT('',(9.448946546785,7.273068770679,
    83.203453999312));
#1390 = CARTESIAN_POINT('',(15.723455179639,2.684991868661,
    83.731664771964));
#1391 = CARTESIAN_POINT('',(24.691825765444,2.169518955587,
    84.260628099019));
#1392 = CARTESIAN_POINT('',(33.355565108143,7.45474933395,
    84.787940800041));
#1393 = CARTESIAN_POINT('',(37.61576734614,17.802358712881,
    85.317967990748));
#1394 = CARTESIAN_POINT('',(34.198879753376,29.065292739386,
    85.844551495713));
#1395 = CARTESIAN_POINT('',(24.908332121203,35.302313106725,
    86.374543166309));
#1396 = CARTESIAN_POINT('',(14.768047496075,34.88342697649,
    86.901912879331));
#1397 = CARTESIAN_POINT('',(7.597661106654,29.472298846791,
    87.43081730568));
#1398 = CARTESIAN_POINT('',(4.929543225921,22.171515795557,
    87.959074011899));
#1399 = CARTESIAN_POINT('',(6.224981911178,15.658916135809,
    88.48750000002));
#1400 = CARTESIAN_POINT('',(7.520424802748,9.146320124677,
    89.015954868826));
#1401 = CARTESIAN_POINT('',(12.779280401374,3.422305472169,
    89.544160908296));
#1402 = CARTESIAN_POINT('',(21.474764631676,1.167096287864,
    90.073138549287));
#1403 = CARTESIAN_POINT('',(31.003125241073,4.660557751527,
    90.600419867084));
#1404 = CARTESIAN_POINT('',(37.200195459057,13.978221663808,
    91.130501226851));
#1405 = CARTESIAN_POINT('',(36.046240369823,25.691335977036,
    91.657008336801));
#1406 = CARTESIAN_POINT('',(28.151003770824,33.621018240557,
    92.187089696379));
#1407 = CARTESIAN_POINT('',(18.12382798185,35.188443841778,
    92.714371014319));
#1408 = CARTESIAN_POINT('',(10.035570809405,31.280169002895,
    93.243348655363));
#1409 = CARTESIAN_POINT('',(5.994400349002,24.640187589044,
    93.771554694671));
#1410 = CARTESIAN_POINT('',(5.994406710578,18.000000913256,
    94.300009563598));
#1411 = PCURVE('',#727,#1412);
#1412 = DEFINITIONAL_REPRESENTATION('',(#1413),#1416);
#1413 = B_SPLINE_CURVE_WITH_KNOTS('',1,(#1414,#1415),.UNSPECIFIED.,.F.,
  .F.,(2,2),(0.,134.66138952738),.PIECEWISE_BEZIER_KNOTS.);
#1414 = CARTESIAN_POINT('',(0.,0.));
#1415 = CARTESIAN_POINT('',(0.,134.66138952738));
#1416 = ( GEOMETRIC_REPRESENTATION_CONTEXT(2) 
PARAMETRIC_REPRESENTATION_CONTEXT() REPRESENTATION_CONTEXT('2D SPACE',''
  ) );
#1417 = PCURVE('',#1418,#1773);
#1418 = B_SPLINE_SURFACE_WITH_KNOTS('',1,11,(
    (#1419,#1420,#1421,#1422,#1423,#1424,#1425,#1426,#1427,#1428,#1429
      ,#1430,#1431,#1432,#1433,#1434,#1435,#1436,#1437,#1438,#1439,#1440
      ,#1441,#1442,#1443,#1444,#1445,#1446,#1447,#1448,#1449,#1450,#1451
      ,#1452,#1453,#1454,#1455,#1456,#1457,#1458,#1459,#1460,#1461,#1462
      ,#1463,#1464,#1465,#1466,#1467,#1468,#1469,#1470,#1471,#1472,#1473
      ,#1474,#1475,#1476,#1477,#1478,#1479,#1480,#1481,#1482,#1483,#1484
      ,#1485,#1486,#1487,#1488,#1489,#1490,#1491,#1492,#1493,#1494,#1495
      ,#1496,#1497,#1498,#1499,#1500,#1501,#1502,#1503,#1504,#1505,#1506
      ,#1507,#1508,#1509,#1510,#1511,#1512,#1513,#1514,#1515,#1516,#1517
      ,#1518,#1519,#1520,#1521,#1522,#1523,#1524,#1525,#1526,#1527,#1528
      ,#1529,#1530,#1531,#1532,#1533,#1534,#1535,#1536,#1537,#1538,#1539
      ,#1540,#1541,#1542,#1543,#1544,#1545,#1546,#1547,#1548,#1549,#1550
      ,#1551,#1552,#1553,#1554,#1555,#1556,#1557,#1558,#1559,#1560,#1561
      ,#1562,#1563,#1564,#1565,#1566,#1567,#1568,#1569,#1570,#1571,#1572
      ,#1573,#1574,#1575,#1576,#1577,#1578,#1579,#1580,#1581,#1582,#1583
      ,#1584,#1585,#1586,#1587,#1588,#1589,#1590,#1591,#1592,#1593,#1594
      ,#1595)
    ,(#1596,#1597,#1598,#1599,#1600,#1601,#1602,#1603,#1604,#1605,#1606
      ,#1607,#1608,#1609,#1610,#1611,#1612,#1613,#1614,#1615,#1616,#1617
      ,#1618,#1619,#1620,#1621,#1622,#1623,#1624,#1625,#1626,#1627,#1628
      ,#1629,#1630,#1631,#1632,#1633,#1634,#1635,#1636,#1637,#1638,#1639
      ,#1640,#1641,#1642,#1643,#1644,#1645,#1646,#1647,#1648,#1649,#1650
      ,#1651,#1652,#1653,#1654,#1655,#1656,#1657,#1658,#1659,#1660,#1661
      ,#1662,#1663,#1664,#1665,#1666,#1667,#1668,#1669,#1670,#1671,#1672
      ,#1673,#1674,#1675,#1676,#1677,#1678,#1679,#1680,#1681,#1682,#1683
      ,#1684,#1685,#1686,#1687,#1688,#1689,#1690,#1691,#1692,#1693,#1694
      ,#1695,#1696,#1697,#1698,#1699,#1700,#1701,#1702,#1703,#1704,#1705
      ,#1706,#1707,#1708,#1709,#1710,#1711,#1712,#1713,#1714,#1715,#1716
      ,#1717,#1718,#1719,#1720,#1721,#1722,#1723,#1724,#1725,#1726,#1727
      ,#1728,#1729,#1730,#1731,#1732,#1733,#1734,#1735,#1736,#1737,#1738
      ,#1739,#1740,#1741,#1742,#1743,#1744,#1745,#1746,#1747,#1748,#1749
      ,#1750,#1751,#1752,#1753,#1754,#1755,#1756,#1757,#1758,#1759,#1760
      ,#1761,#1762,#1763,#1764,#1765,#1766,#1767,#1768,#1769,#1770,#1771
      ,#1772
    )),.UNSPECIFIED.,.F.,.F.,.F.,(2,2),(12,11,11,11,11,11,11,11,11,11,11
    ,11,11,11,11,11,12),(0.,0.6),(0.,8.416336845462,16.832673690923,
    25.249010536385,33.665347381847,42.081684227309,50.49802107277,
    58.914357918232,67.330694763694,75.747031609156,84.163368454617,
    92.579705300079,100.99604214554,109.412378991,117.82871583646,
    126.24505268192,134.66138952738),.PIECEWISE_BEZIER_KNOTS.);
#1419 = CARTESIAN_POINT('',(29.994405276015,18.,0.7));
#1420 = CARTESIAN_POINT('',(29.994412031004,24.640187576465,
    1.228453999475));
#1421 = CARTESIAN_POINT('',(25.953242201928,31.280169509819,
    1.756664771653));
#1422 = CARTESIAN_POINT('',(17.864982518177,35.188447191117,
    2.285628099493));
#1423 = CARTESIAN_POINT('',(7.837809448984,33.621018307444,
    2.812940799403));
#1424 = CARTESIAN_POINT('',(-5.743566553175E-02,25.691342356377,
    3.342967991547));
#1425 = CARTESIAN_POINT('',(-1.211381959067,13.97821733881,
    3.869551494879));
#1426 = CARTESIAN_POINT('',(4.985676758725,4.660562867026,4.399543166959
    ));
#1427 = CARTESIAN_POINT('',(14.514049604176,1.167089393984,
    4.926912879012));
#1428 = CARTESIAN_POINT('',(23.209525635946,3.422307186276,
    5.455817305743));
#1429 = CARTESIAN_POINT('',(28.468388809756,9.146315894617,
    5.984074011932));
#1430 = CARTESIAN_POINT('',(29.763828640853,15.658916135806,
    6.512500000001));
#1431 = CARTESIAN_POINT('',(31.059271598588,22.171513052088,
    7.040953999474));
#1432 = CARTESIAN_POINT('',(28.391147928177,29.472302717736,
    7.569164771653));
#1433 = CARTESIAN_POINT('',(21.220769037655,34.883425125548,
    8.098128099497));
#1434 = CARTESIAN_POINT('',(11.080475081673,35.302318371314,
    8.625440799392));
#1435 = CARTESIAN_POINT('',(1.789931853408,29.065294831976,
    9.155467991566));
#1436 = CARTESIAN_POINT('',(-1.626959017156,17.802357981155,
    9.682051494856));
#1437 = CARTESIAN_POINT('',(2.633240743705,7.454753446604,10.21204316698
    ));
#1438 = CARTESIAN_POINT('',(11.296985711914,2.169512760005,
    10.739412878997));
#1439 = CARTESIAN_POINT('',(20.265351775285,2.684993955697,
    11.268317305751));
#1440 = CARTESIAN_POINT('',(26.539866069946,7.273064131709,
    11.796574011928));
#1441 = CARTESIAN_POINT('',(29.08095966615,13.407798811618,
    12.325000000002));
#1442 = CARTESIAN_POINT('',(31.622055680257,19.54252962053,
    12.853453999469));
#1443 = CARTESIAN_POINT('',(30.429512664864,27.223561765955,
    13.381664771668));
#1444 = CARTESIAN_POINT('',(24.452568207142,33.929582500731,
    13.910628099465));
#1445 = CARTESIAN_POINT('',(14.58883917434,36.318700043441,
    14.437940799448));
#1446 = CARTESIAN_POINT('',(4.260028198433,32.014014232652,
    14.967967991488));
#1447 = CARTESIAN_POINT('',(-1.288498049284,21.634093895467,
    15.494551494945));
#1448 = CARTESIAN_POINT('',(0.871125667052,10.654191937367,
    16.024543166899));
#1449 = CARTESIAN_POINT('',(8.337299897527,3.780292872834,
    16.551912879057));
#1450 = CARTESIAN_POINT('',(17.233906714222,2.53622781864,
    17.080817305713));
#1451 = CARTESIAN_POINT('',(24.282946064175,5.812042498484,
    17.609074011949));
#1452 = CARTESIAN_POINT('',(27.972040623644,11.333157203766,
    18.137499999992));
#1453 = CARTESIAN_POINT('',(31.661136799367,16.85426764071,18.6659539995
    ));
#1454 = CARTESIAN_POINT('',(31.990003198286,24.620364508156,
    19.194164771602));
#1455 = CARTESIAN_POINT('',(27.436183796955,32.363574953798,
    19.72312809957));
#1456 = CARTESIAN_POINT('',(18.228077262466,36.631104346178,
    20.250440799312));
#1457 = CARTESIAN_POINT('',(7.25792895216,34.424182925481,
    20.780467991639));
#1458 = CARTESIAN_POINT('',(-0.209005920522,25.326173619424,
    21.3070514948));
#1459 = CARTESIAN_POINT('',(-0.232951377136,14.135925712388,
    21.837043167018));
#1460 = CARTESIAN_POINT('',(5.748731227101,5.937528356059,
    22.364412878973));
#1461 = CARTESIAN_POINT('',(14.231687186388,2.981725774327,
    22.893317305767));
#1462 = CARTESIAN_POINT('',(21.784360962567,4.819397236962,
    23.421574011916));
#1463 = CARTESIAN_POINT('',(26.479686650254,9.514718625759,
    23.950000000012));
#1464 = CARTESIAN_POINT('',(31.175013090422,14.210035512938,
    24.478453999441));
#1465 = CARTESIAN_POINT('',(33.012650752377,21.762750355016,
    25.006664771719));
#1466 = CARTESIAN_POINT('',(30.056957133238,30.24558327663,
    25.535628099397));
#1467 = CARTESIAN_POINT('',(21.858335467142,36.227525757281,
    26.062940799522));
#1468 = CARTESIAN_POINT('',(10.668426470017,36.2031794793,
    26.592967991416));
#1469 = CARTESIAN_POINT('',(1.570033091833,28.736712599763,
    27.119551495016));
#1470 = CARTESIAN_POINT('',(-0.636561327085,17.766153695256,
    27.649543166831));
#1471 = CARTESIAN_POINT('',(3.630756942882,8.55831785987,28.176912879116
    ));
#1472 = CARTESIAN_POINT('',(11.374066804592,4.004367586158,
    28.705817305669));
#1473 = CARTESIAN_POINT('',(19.140129989359,4.333275147849,
    29.234074011977));
#1474 = CARTESIAN_POINT('',(24.661248072249,8.022364652373,
    29.762499999977));
#1475 = CARTESIAN_POINT('',(30.182366014942,11.711449594939,
    30.290953999543));
#1476 = CARTESIAN_POINT('',(33.458155555152,18.76053581597,
    30.819164771526));
#1477 = CARTESIAN_POINT('',(32.214173366349,27.657000701455,
    31.348128099662));
#1478 = CARTESIAN_POINT('',(25.34010500161,35.123473575717,
    31.875440799234));
#1479 = CARTESIAN_POINT('',(14.360457244765,37.282638054186,
    32.405467991675));
#1480 = CARTESIAN_POINT('',(3.980251516496,31.734645736038,
    32.932051494816));
#1481 = CARTESIAN_POINT('',(-0.324193678956,21.405368260571,
    33.462043166961));
#1482 = CARTESIAN_POINT('',(2.064769608928,11.541945913303,
    33.989412879046));
#1483 = CARTESIAN_POINT('',(8.770862317514,5.564853702834,
    34.518317305708));
#1484 = CARTESIAN_POINT('',(16.451869457945,4.37235763042,
    35.046574011948));
#1485 = CARTESIAN_POINT('',(22.586606464396,6.913445609864,
    35.575000000001));
#1486 = CARTESIAN_POINT('',(28.721342443352,9.454529142376,
    36.103453999484));
#1487 = CARTESIAN_POINT('',(33.309397106855,15.729094311972,
    36.631664771619));
#1488 = CARTESIAN_POINT('',(33.824931886349,24.697305005107,
    37.160628099562));
#1489 = CARTESIAN_POINT('',(28.539583415009,33.361375907544,
    37.687940799305));
#1490 = CARTESIAN_POINT('',(18.19213860459,37.621075662456,
    38.217967991659));
#1491 = CARTESIAN_POINT('',(6.929026010738,34.204764139252,
    38.744551494774));
#1492 = CARTESIAN_POINT('',(0.692147453938,24.913716433264,
    39.274543167043));
#1493 = CARTESIAN_POINT('',(1.110949240171,14.773753363657,
    39.801912878956));
#1494 = CARTESIAN_POINT('',(6.522113413716,7.60321551796,40.330817305777
    ));
#1495 = CARTESIAN_POINT('',(13.822887712958,4.935142766793,
    40.859074011912));
#1496 = CARTESIAN_POINT('',(20.335489140207,6.230576635159,
    41.387500000012));
#1497 = CARTESIAN_POINT('',(26.848088692158,7.526006342513,
    41.915953999445));
#1498 = CARTESIAN_POINT('',(32.572092111243,12.784922440026,
    42.444164771696));
#1499 = CARTESIAN_POINT('',(34.827332146572,21.480235633315,
    42.973128099465));
#1500 = CARTESIAN_POINT('',(31.333816546347,31.008949177977,
    43.500440799383));
#1501 = CARTESIAN_POINT('',(22.016221183455,37.20548633668,
    44.030467991627));
#1502 = CARTESIAN_POINT('',(10.30303682465,36.05214254429,
    44.557051494762));
#1503 = CARTESIAN_POINT('',(2.373404651681,28.156374360721,
    45.087043167078));
#1504 = CARTESIAN_POINT('',(0.805950618539,18.129543662917,
    45.614412878917));
#1505 = CARTESIAN_POINT('',(4.714238252445,10.041119930162,
    46.143317305802));
#1506 = CARTESIAN_POINT('',(11.354215048505,6.000003039775,
    46.671574011904));
#1507 = CARTESIAN_POINT('',(17.994405276014,5.999999999999,
    47.200000000009));
#1508 = CARTESIAN_POINT('',(24.634592852484,5.999993245014,
    47.728453999456));
#1509 = CARTESIAN_POINT('',(31.27457478582,10.041163074086,
    48.256664771659));
#1510 = CARTESIAN_POINT('',(35.182852467159,18.12942275783,
    48.785628099549));
#1511 = CARTESIAN_POINT('',(33.615423583421,28.156595827048,
    49.312940799239));
#1512 = CARTESIAN_POINT('',(25.685747632427,36.051840941527,
    49.842967991823));
#1513 = CARTESIAN_POINT('',(13.972622614806,37.205787235096,
    50.369551494542));
#1514 = CARTESIAN_POINT('',(4.65496814304,31.008728517281,
    50.899543167281));
#1515 = CARTESIAN_POINT('',(1.161494670009,21.480355671847,
    51.426912878763));
#1516 = CARTESIAN_POINT('',(3.41671246228,12.78487964006,51.955817305901
    ));
#1517 = CARTESIAN_POINT('',(9.140721170638,7.526016466266,52.48407401185
    ));
#1518 = CARTESIAN_POINT('',(15.653321411818,6.230576635157,
    53.012500000035));
#1519 = CARTESIAN_POINT('',(22.165918328114,4.935133677441,
    53.540953999356));
#1520 = CARTESIAN_POINT('',(29.466707993725,7.603257347816,54.0691647719
    ));
#1521 = CARTESIAN_POINT('',(34.877830401612,14.773636238372,
    54.598128099121));
#1522 = CARTESIAN_POINT('',(35.29672364726,24.91393019437,
    55.125440799834));
#1523 = CARTESIAN_POINT('',(29.05970010806,34.204473422522,
    55.655467991154));
#1524 = CARTESIAN_POINT('',(17.796763257123,37.621364293291,
    56.182051495161));
#1525 = CARTESIAN_POINT('',(7.449158722631,33.361164532202,
    56.712043166807));
#1526 = CARTESIAN_POINT('',(2.163918036028,24.697419564165,
    57.239412879072));
#1527 = CARTESIAN_POINT('',(2.679399231702,15.729053500707,
    57.768317305719));
#1528 = CARTESIAN_POINT('',(7.267469407725,9.45453920607,58.296574011954
    ));
#1529 = CARTESIAN_POINT('',(13.402204087636,6.913445609867,
    58.824999999977));
#1530 = CARTESIAN_POINT('',(19.536934896534,4.372349595751,
    59.353453999544));
#1531 = CARTESIAN_POINT('',(27.217967041996,5.564892611159,59.8816647715
    ));
#1532 = CARTESIAN_POINT('',(33.923987776693,11.541837068875,
    60.410628099759));
#1533 = CARTESIAN_POINT('',(36.313105319537,21.405566101639,
    60.937940799036));
#1534 = CARTESIAN_POINT('',(32.00841950857,31.734377077664,
    61.467967991956));
#1535 = CARTESIAN_POINT('',(21.628499171563,37.282903325188,
    61.994551494514));
#1536 = CARTESIAN_POINT('',(10.648597213333,35.123279609061,
    62.52454316722));
#1537 = CARTESIAN_POINT('',(3.774698148869,27.657105378431,
    63.051912878862));
#1538 = CARTESIAN_POINT('',(2.530633094646,18.760498561811,
    63.58081730582));
#1539 = CARTESIAN_POINT('',(5.806447774505,11.71145921184,
    64.109074011889));
#1540 = CARTESIAN_POINT('',(11.327562479775,8.022364652367,
    64.637500000029));
#1541 = CARTESIAN_POINT('',(16.848672916742,4.333268476654,
    65.165953999405));
#1542 = CARTESIAN_POINT('',(24.614769784127,4.004402077725,
    65.694164771758));
#1543 = CARTESIAN_POINT('',(32.357980229888,8.558221479047,
    66.223128099392));
#1544 = CARTESIAN_POINT('',(36.625509622095,17.766328013589,
    66.750440799459));
#1545 = CARTESIAN_POINT('',(34.418588201587,28.736476323793,
    67.280467991542));
#1546 = CARTESIAN_POINT('',(25.320578895381,36.203411196596,
    67.807051494864));
#1547 = CARTESIAN_POINT('',(14.130330988426,36.227356653111,
    68.337043166963));
#1548 = CARTESIAN_POINT('',(5.931933632069,30.24567404893,
    68.864412879034));
#1549 = CARTESIAN_POINT('',(2.976131050346,21.762718089624,
    69.393317305703));
#1550 = CARTESIAN_POINT('',(4.81380251297,14.210044313446,
    69.921574011972));
#1551 = CARTESIAN_POINT('',(9.50912390178,9.514718625763,70.449999999973
    ));
#1552 = CARTESIAN_POINT('',(14.204440788935,4.819392185589,
    70.978453999551));
#1553 = CARTESIAN_POINT('',(21.757155631069,2.981754523634,
    71.506664771518));
#1554 = CARTESIAN_POINT('',(30.239988552595,5.937448142804,
    72.035628099661));
#1555 = CARTESIAN_POINT('',(36.221931033331,14.136069808813,
    72.562940799259));
#1556 = CARTESIAN_POINT('',(36.197584755324,25.325978806079,
    73.092967991626));
#1557 = CARTESIAN_POINT('',(28.731117875721,34.424372184109,
    73.619551494867));
#1558 = CARTESIAN_POINT('',(17.760558971341,36.630966603145,
    74.149543166933));
#1559 = CARTESIAN_POINT('',(8.552723135836,32.363648333115,
    74.676912879045));
#1560 = CARTESIAN_POINT('',(3.998772862191,24.620338471424,
    75.20581730572));
#1561 = CARTESIAN_POINT('',(4.327680423863,16.854275286657,
    75.734074011941));
#1562 = CARTESIAN_POINT('',(8.016769928384,11.333157203765,
    76.262500000002));
#1563 = CARTESIAN_POINT('',(11.705854870967,5.812039261075,
    76.790953999478));
#1564 = CARTESIAN_POINT('',(18.754941091955,2.536249720861,
    77.319164771639));
#1565 = CARTESIAN_POINT('',(27.651405977512,3.780231909654,
    77.848128099539));
#1566 = CARTESIAN_POINT('',(35.117878851701,10.654300274446,
    78.375440799291));
#1567 = CARTESIAN_POINT('',(37.277043330188,21.63394803118,
    78.905467991757));
#1568 = CARTESIAN_POINT('',(31.729051012117,32.014153759594,
    79.432051494581));
#1569 = CARTESIAN_POINT('',(21.399773536493,36.318598954919,
    79.962043167294));
#1570 = CARTESIAN_POINT('',(11.536351189401,33.929635667104,
    80.48941287871));
#1571 = CARTESIAN_POINT('',(5.559258978796,27.223542958503,
    81.018317305961));
#1572 = CARTESIAN_POINT('',(4.366762906459,19.542535818065,
    81.546574011811));
#1573 = CARTESIAN_POINT('',(6.907850885872,13.40779881162,
    82.075000000049));
#1574 = CARTESIAN_POINT('',(9.448934418418,7.273062832659,
    82.603453999314));
#1575 = CARTESIAN_POINT('',(15.72349958793,2.685008169181,
    83.131664771964));
#1576 = CARTESIAN_POINT('',(24.691710281193,2.169473389602,
    83.660628099082));
#1577 = CARTESIAN_POINT('',(33.35578118352,7.454821861123,
    84.187940799783));
#1578 = CARTESIAN_POINT('',(37.615480938428,17.80226667128,
    84.717967991335));
#1579 = CARTESIAN_POINT('',(34.19916941539,29.065379265396,
    85.244551494875));
#1580 = CARTESIAN_POINT('',(24.908121709131,35.302257822015,
    85.774543167124));
#1581 = CARTESIAN_POINT('',(14.768158639783,34.883456035855,
    86.301912878799));
#1582 = CARTESIAN_POINT('',(7.597620793919,29.472291862307,
    86.830817305907));
#1583 = CARTESIAN_POINT('',(4.929548042824,22.171517563051,
    87.359074011851));
#1584 = CARTESIAN_POINT('',(6.224981911173,15.658916135808,
    87.88750000002));
#1585 = CARTESIAN_POINT('',(7.520411488122,9.146316666877,
    88.415954868823));
#1586 = CARTESIAN_POINT('',(12.779328295541,3.422312795847,
    88.944160908312));
#1587 = CARTESIAN_POINT('',(21.474639341872,1.167074127315,
    89.473138549311));
#1588 = CARTESIAN_POINT('',(31.003357593832,4.660586730799,
    90.000419866887));
#1589 = CARTESIAN_POINT('',(37.199886627378,13.97818726628,
    90.530501227366));
#1590 = CARTESIAN_POINT('',(36.046554294063,25.69136433007,
    91.057008336022));
#1591 = CARTESIAN_POINT('',(28.150772657283,33.621005067589,
    91.587089697165));
#1592 = CARTESIAN_POINT('',(18.123955218634,35.188450659668,
    92.114371013789));
#1593 = CARTESIAN_POINT('',(10.03552050377,31.280170017252,
    92.643348655601));
#1594 = CARTESIAN_POINT('',(5.994411213338,24.640188382843,
    93.171554694612));
#1595 = CARTESIAN_POINT('',(5.994403841498,18.000000913258,
    93.700009563605));
#1596 = CARTESIAN_POINT('',(29.994405276015,18.,1.3));
#1597 = CARTESIAN_POINT('',(29.994398553422,24.640186731776,
    1.828453999476));
#1598 = CARTESIAN_POINT('',(25.953289467883,31.280167575192,
    2.356664771645));
#1599 = CARTESIAN_POINT('',(17.864858387141,35.188449287647,
    2.885628099452));
#1600 = CARTESIAN_POINT('',(7.838036831698,33.62100262514,3.412940799622
    ));
#1601 = CARTESIAN_POINT('',(-5.773549462244E-02,25.69136692479,
    3.942967991017));
#1602 = CARTESIAN_POINT('',(-1.211081234226,13.978186429311,
    4.469551495657));
#1603 = CARTESIAN_POINT('',(4.98546120688,4.660592311986,4.999543166192)
  );
#1604 = CARTESIAN_POINT('',(14.514163408006,1.167073708423,
    5.526912879516));
#1605 = CARTESIAN_POINT('',(23.209485719055,3.422316160475,
    6.055817305528));
#1606 = CARTESIAN_POINT('',(28.468393936358,9.146315684224,
    6.584074011977));
#1607 = CARTESIAN_POINT('',(29.763828640853,15.658916135806,
    7.112500000001));
#1608 = CARTESIAN_POINT('',(31.059258215184,22.171514852975,
    7.640953999474));
#1609 = CARTESIAN_POINT('',(28.391193908502,29.472291599153,
    8.169164771646));
#1610 = CARTESIAN_POINT('',(21.220647700775,34.883451398555,
    8.698128099454));
#1611 = CARTESIAN_POINT('',(11.080695035827,35.302258630179,
    9.225440799613));
#1612 = CARTESIAN_POINT('',(1.789642578506,29.065377422063,
    9.755467991031));
#1613 = CARTESIAN_POINT('',(-1.626670100799,17.80226899707,
    10.282051495639));
#1614 = CARTESIAN_POINT('',(2.63303507805,7.454824377866,10.812043166209
    ));
#1615 = CARTESIAN_POINT('',(11.297094268937,2.169475173811,
    11.339412879504));
#1616 = CARTESIAN_POINT('',(20.265314376164,2.685010544859,
    11.868317305535));
#1617 = CARTESIAN_POINT('',(26.539871056996,7.273062925208,
    12.396574011974));
#1618 = CARTESIAN_POINT('',(29.08095966615,13.407798811619,
    12.925000000002));
#1619 = CARTESIAN_POINT('',(31.622042905349,19.542533997785,
    13.453453999469));
#1620 = CARTESIAN_POINT('',(30.429555592558,27.223541890698,
    13.98166477166));
#1621 = CARTESIAN_POINT('',(24.452454327335,33.929631940556,
    14.510628099424));
#1622 = CARTESIAN_POINT('',(14.589043247205,36.318598539299,
    15.037940799667));
#1623 = CARTESIAN_POINT('',(4.259760594411,32.01415167051,
    15.567967990956));
#1624 = CARTESIAN_POINT('',(-1.288232044322,21.633950256421,
    16.094551495724));
#1625 = CARTESIAN_POINT('',(0.870937791221,10.654301629065,
    16.62454316613));
#1626 = CARTESIAN_POINT('',(8.337399035945,3.780234830436,
    17.151912879563));
#1627 = CARTESIAN_POINT('',(17.233873270107,2.536251385246,
    17.680817305497));
#1628 = CARTESIAN_POINT('',(24.282950720019,5.812040342244,
    18.209074011994));
#1629 = CARTESIAN_POINT('',(27.972040623646,11.333157203764,
    18.737499999992));
#1630 = CARTESIAN_POINT('',(31.661125123877,16.854274426124,
    19.265953999502));
#1631 = CARTESIAN_POINT('',(31.990041423683,24.620336640001,
    19.794164771589));
#1632 = CARTESIAN_POINT('',(27.436081750526,32.363645660536,
    20.323128099539));
#1633 = CARTESIAN_POINT('',(18.228257611667,36.630964979707,
    20.850440799513));
#1634 = CARTESIAN_POINT('',(7.257693302872,34.42436992954,
    21.380467991129));
#1635 = CARTESIAN_POINT('',(-0.208773049375,25.325980845299,
    21.907051495558));
#1636 = CARTESIAN_POINT('',(-0.233114243179,14.136069949195,
    22.437043166265));
#1637 = CARTESIAN_POINT('',(5.748817137083,5.937452087959,22.96441287947
    ));
#1638 = CARTESIAN_POINT('',(14.231658982507,2.981755412741,
    23.493317305555));
#1639 = CARTESIAN_POINT('',(21.784365108295,4.819394213837,
    24.02157401196));
#1640 = CARTESIAN_POINT('',(26.479686650251,9.514718625762,
    24.550000000012));
#1641 = CARTESIAN_POINT('',(31.175002963055,14.210044445734,
    25.078453999441));
#1642 = CARTESIAN_POINT('',(33.012682806454,21.762715564972,
    25.606664771711));
#1643 = CARTESIAN_POINT('',(30.056870841822,30.245672532955,
    26.135628099355));
#1644 = CARTESIAN_POINT('',(21.858485161936,36.227353884425,
    26.662940799742));
#1645 = CARTESIAN_POINT('',(10.668231831313,36.203408862898,
    27.192967990883));
#1646 = CARTESIAN_POINT('',(1.57022388011,28.73647809894,27.719551495795
    ));
#1647 = CARTESIAN_POINT('',(-0.636692924539,17.76632693411,
    28.249543166063));
#1648 = CARTESIAN_POINT('',(3.630826322978,8.558226297074,28.77691287962
    ));
#1649 = CARTESIAN_POINT('',(11.37404492481,4.004402157362,
    29.305817305454));
#1650 = CARTESIAN_POINT('',(19.140133465637,4.333271374034,
    29.834074012022));
#1651 = CARTESIAN_POINT('',(24.661248072253,8.022364652368,
    30.362499999977));
#1652 = CARTESIAN_POINT('',(30.182357824854,11.711460331873,
    30.890953999542));
#1653 = CARTESIAN_POINT('',(33.45818020614,18.760495440898,
    31.419164771522));
#1654 = CARTESIAN_POINT('',(32.214106146046,27.657105077493,
    31.948128099612));
#1655 = CARTESIAN_POINT('',(25.34021828927,35.123275801167,
    32.475440799469));
#1656 = CARTESIAN_POINT('',(14.36031109663,37.28290100255,
    33.005467991123));
#1657 = CARTESIAN_POINT('',(3.980392889845,31.734378520004,
    33.532051495615));
#1658 = CARTESIAN_POINT('',(-0.324288950464,21.405563844145,
    34.062043166178));
#1659 = CARTESIAN_POINT('',(2.06481979283,11.541842574455,
    34.589412879559));
#1660 = CARTESIAN_POINT('',(8.770847602669,5.5648918783,35.118317305488)
  );
#1661 = CARTESIAN_POINT('',(16.451872131194,4.372353250925,
    35.646574011994));
#1662 = CARTESIAN_POINT('',(22.586606464395,6.913445609864,
    36.175000000001));
#1663 = CARTESIAN_POINT('',(28.721336505313,9.454541270791,
    36.703453999483));
#1664 = CARTESIAN_POINT('',(33.309413407393,15.729049903564,
    37.231664771619));
#1665 = CARTESIAN_POINT('',(33.824886320399,24.69742048956,
    37.760628099501));
#1666 = CARTESIAN_POINT('',(28.539655942038,33.361159831917,
    38.287940799557));
#1667 = CARTESIAN_POINT('',(18.192046563242,37.621362070378,
    38.817967991084));
#1668 = CARTESIAN_POINT('',(6.929112536467,34.20447447714,
    39.344551495597));
#1669 = CARTESIAN_POINT('',(0.692092169442,24.913926845323,
    39.87454316624));
#1670 = CARTESIAN_POINT('',(1.110978299427,14.773642220011,
    40.40191287948));
#1671 = CARTESIAN_POINT('',(6.522106429266,7.603255830643,
    40.930817305553));
#1672 = CARTESIAN_POINT('',(13.822889480447,4.935137949911,
    41.459074011959));
#1673 = CARTESIAN_POINT('',(20.335489140206,6.230576635163,
    41.987500000012));
#1674 = CARTESIAN_POINT('',(26.848085234356,7.526019396325,
    42.515953999446));
#1675 = CARTESIAN_POINT('',(32.572099434921,12.784875704868,
    43.044164771687));
#1676 = CARTESIAN_POINT('',(34.827309986041,21.480357788186,
    43.573128099425));
#1677 = CARTESIAN_POINT('',(31.333845525574,31.008723104931,
    44.100440799601));
#1678 = CARTESIAN_POINT('',(22.016186785992,37.205785197673,
    44.630467991094));
#1679 = CARTESIAN_POINT('',(10.30306517762,36.051841567649,
    45.157051495546));
#1680 = CARTESIAN_POINT('',(2.373391478756,28.156591515242,
    45.687043166304));
#1681 = CARTESIAN_POINT('',(0.805957436409,18.129428985674,
    46.214412879427));
#1682 = CARTESIAN_POINT('',(4.714239266806,10.041160830856,
    46.743317305584));
#1683 = CARTESIAN_POINT('',(11.354215842305,5.999997970626,
    47.27157401195));
#1684 = CARTESIAN_POINT('',(17.994405276014,6.000000000001,
    47.800000000009));
#1685 = CARTESIAN_POINT('',(24.634592007795,6.000006722588,
    48.328453999456));
#1686 = CARTESIAN_POINT('',(31.274572851196,10.041115808142,
    48.856664771654));
#1687 = CARTESIAN_POINT('',(35.182854563677,18.129546888857,
    49.385628099498));
#1688 = CARTESIAN_POINT('',(33.615407901138,28.156368444328,
    49.912940799477));
#1689 = CARTESIAN_POINT('',(25.685772200821,36.052140770647,
    50.442967991265));
#1690 = CARTESIAN_POINT('',(13.972591705314,37.205486510203,
    50.96955149535));
#1691 = CARTESIAN_POINT('',(4.654997588008,31.008944069188,
    51.49954316649));
#1692 = CARTESIAN_POINT('',(1.161478984435,21.480241867961,
    52.026912879281));
#1693 = CARTESIAN_POINT('',(3.41672143649,12.78491955699,52.55581730568)
  );
#1694 = CARTESIAN_POINT('',(9.14072096024,7.526011339642,53.084074011896
    ));
#1695 = CARTESIAN_POINT('',(15.653321411819,6.230576635167,
    53.612500000035));
#1696 = CARTESIAN_POINT('',(22.165920128993,4.93514706081,
    54.140953999356));
#1697 = CARTESIAN_POINT('',(29.466696875176,7.603211367563,
    54.669164771897));
#1698 = CARTESIAN_POINT('',(34.877856674523,14.773757575149,
    55.198128099067));
#1699 = CARTESIAN_POINT('',(35.296663906304,24.913710240314,
    55.725440800076));
#1700 = CARTESIAN_POINT('',(29.059782697915,34.204762697376,
    56.255467990592));
#1701 = CARTESIAN_POINT('',(17.796674273253,37.621075376918,
    56.782051495971));
#1702 = CARTESIAN_POINT('',(7.449229653753,33.361370197905,
    57.312043166014));
#1703 = CARTESIAN_POINT('',(2.163880449894,24.697311007102,
    57.839412879592));
#1704 = CARTESIAN_POINT('',(2.67941582085,15.729090899844,
    58.368317305497));
#1705 = CARTESIAN_POINT('',(7.267468201227,9.454534219022,58.896574012)
  );
#1706 = CARTESIAN_POINT('',(13.402204087634,6.913445609861,
    59.424999999977));
#1707 = CARTESIAN_POINT('',(19.5369392738,4.372362370681,59.953453999544
    ));
#1708 = CARTESIAN_POINT('',(27.217947166704,5.564849683424,
    60.481664771493));
#1709 = CARTESIAN_POINT('',(33.924037216599,11.541950948737,
    61.010628099714));
#1710 = CARTESIAN_POINT('',(36.313003815255,21.40536202873,
    61.537940799259));
#1711 = CARTESIAN_POINT('',(32.00855694661,31.734644681694,
    62.067967991421));
#1712 = CARTESIAN_POINT('',(21.628355532345,37.282637320254,
    62.594551495294));
#1713 = CARTESIAN_POINT('',(10.648706905152,35.123467484854,
    63.124543166452));
#1714 = CARTESIAN_POINT('',(3.77464010641,27.657006240035,
    63.651912879365));
#1715 = CARTESIAN_POINT('',(2.530656661275,18.760532005927,
    64.180817305605));
#1716 = CARTESIAN_POINT('',(5.806445618256,11.711454555985,
    64.709074011934));
#1717 = CARTESIAN_POINT('',(11.327562479779,8.022364652375,
    65.237500000029));
#1718 = CARTESIAN_POINT('',(16.848679702137,4.333280152117,
    65.765953999405));
#1719 = CARTESIAN_POINT('',(24.614741916028,4.004363852375,
    66.294164771751));
#1720 = CARTESIAN_POINT('',(32.35805093651,8.558323525426,
    66.823128099349));
#1721 = CARTESIAN_POINT('',(36.625370255804,17.76614766441,
    67.350440799682));
#1722 = CARTESIAN_POINT('',(34.418775205441,28.736711973105,
    67.880467991003));
#1723 = CARTESIAN_POINT('',(25.32038612143,36.203178325394,
    68.407051495653));
#1724 = CARTESIAN_POINT('',(14.130475225124,36.227519519206,
    68.937043166184));
#1725 = CARTESIAN_POINT('',(5.93185736402,30.245588138924,
    69.464412879547));
#1726 = CARTESIAN_POINT('',(2.976160688739,21.762746293504,
    69.993317305484));
#1727 = CARTESIAN_POINT('',(4.813799489856,14.210040167728,
    70.521574012018));
#1728 = CARTESIAN_POINT('',(9.509123901775,9.514718625757,
    71.049999999973));
#1729 = CARTESIAN_POINT('',(14.204449721756,4.819402312981,
    71.578453999551));
#1730 = CARTESIAN_POINT('',(21.75712084096,2.98172246952,72.106664771513
    ));
#1731 = CARTESIAN_POINT('',(30.240077809044,5.937534434247,
    72.635628099612));
#1732 = CARTESIAN_POINT('',(36.221759160297,14.13592011403,
    73.162940799489));
#1733 = CARTESIAN_POINT('',(36.197814139111,25.326173444726,
    73.692967991085));
#1734 = CARTESIAN_POINT('',(28.730883374752,34.424181395911,
    74.219551495651));
#1735 = CARTESIAN_POINT('',(17.760732210276,36.631098200534,
    74.749543166166));
#1736 = CARTESIAN_POINT('',(8.552631573008,32.363578953052,
    75.276912879546));
#1737 = CARTESIAN_POINT('',(3.998807433406,24.6203603512,75.805817305506
    ));
#1738 = CARTESIAN_POINT('',(4.327676650041,16.854271810374,
    76.334074011985));
#1739 = CARTESIAN_POINT('',(8.016769928384,11.333157203765,
    76.862500000002));
#1740 = CARTESIAN_POINT('',(11.705865607882,5.812047451151,
    77.39095399948));
#1741 = CARTESIAN_POINT('',(18.754900716928,2.536225069888,
    77.919164771624));
#1742 = CARTESIAN_POINT('',(27.65151035347,3.780299129963,
    78.448128099512));
#1743 = CARTESIAN_POINT('',(35.117681077249,10.654186986724,
    78.975440799487));
#1744 = CARTESIAN_POINT('',(37.277306278479,21.634094179444,
    79.505467991256));
#1745 = CARTESIAN_POINT('',(31.728783796093,32.014012386081,
    80.032051495329));
#1746 = CARTESIAN_POINT('',(21.399969120122,36.318694226572,
    80.562043166551));
#1747 = CARTESIAN_POINT('',(11.536247850469,33.929585483111,
    81.089412879198));
#1748 = CARTESIAN_POINT('',(5.559297154331,27.22355767339,
    81.618317305752));
#1749 = CARTESIAN_POINT('',(4.366758526926,19.5425331448,82.146574011854
    ));
#1750 = CARTESIAN_POINT('',(6.907850885884,13.407798811626,
    82.675000000049));
#1751 = CARTESIAN_POINT('',(9.448946546785,7.273068770679,
    83.203453999312));
#1752 = CARTESIAN_POINT('',(15.723455179639,2.684991868661,
    83.731664771964));
#1753 = CARTESIAN_POINT('',(24.691825765444,2.169518955587,
    84.260628099019));
#1754 = CARTESIAN_POINT('',(33.355565108143,7.45474933395,
    84.787940800041));
#1755 = CARTESIAN_POINT('',(37.61576734614,17.802358712881,
    85.317967990748));
#1756 = CARTESIAN_POINT('',(34.198879753376,29.065292739386,
    85.844551495713));
#1757 = CARTESIAN_POINT('',(24.908332121203,35.302313106725,
    86.374543166309));
#1758 = CARTESIAN_POINT('',(14.768047496075,34.88342697649,
    86.901912879331));
#1759 = CARTESIAN_POINT('',(7.597661106654,29.472298846791,
    87.43081730568));
#1760 = CARTESIAN_POINT('',(4.929543225921,22.171515795557,
    87.959074011899));
#1761 = CARTESIAN_POINT('',(6.224981911178,15.658916135809,
    88.48750000002));
#1762 = CARTESIAN_POINT('',(7.520424802748,9.146320124677,
    89.015954868826));
#1763 = CARTESIAN_POINT('',(12.779280401374,3.422305472169,
    89.544160908296));
#1764 = CARTESIAN_POINT('',(21.474764631676,1.167096287864,
    90.073138549287));
#1765 = CARTESIAN_POINT('',(31.003125241073,4.660557751527,
    90.600419867084));
#1766 = CARTESIAN_POINT('',(37.200195459057,13.978221663808,
    91.130501226851));
#1767 = CARTESIAN_POINT('',(36.046240369823,25.691335977036,
    91.657008336801));
#1768 = CARTESIAN_POINT('',(28.151003770824,33.621018240557,
    92.187089696379));
#1769 = CARTESIAN_POINT('',(18.12382798185,35.188443841778,
    92.714371014319));
#1770 = CARTESIAN_POINT('',(10.035570809405,31.280169002895,
    93.243348655363));
#1771 = CARTESIAN_POINT('',(5.994400349002,24.640187589044,
    93.771554694671));
#1772 = CARTESIAN_POINT('',(5.994406710578,18.000000913256,
    94.300009563598));
#1773 = DEFINITIONAL_REPRESENTATION('',(#1774),#1778);
#1774 = LINE('',#1775,#1776);
#1775 = CARTESIAN_POINT('',(0.6,0.));
#1776 = VECTOR('',#1777,1.);
#1777 = DIRECTION('',(0.,1.));
#1778 = ( GEOMETRIC_REPRESENTATION_CONTEXT(2) 
PARAMETRIC_REPRESENTATION_CONTEXT() REPRESENTATION_CONTEXT('2D SPACE',''
  ) );
#1779 = ORIENTED_EDGE('',*,*,#1780,.T.);
#1780 = EDGE_CURVE('',#1228,#1781,#1783,.T.);
#1781 = VERTEX_POINT('',#1782);
#1782 = CARTESIAN_POINT('',(27.994405276015,18.,3.18679245283));
#1783 = SURFACE_CURVE('',#1784,(#1787,#1794),.PCURVE_S1.);
#1784 = B_SPLINE_CURVE_WITH_KNOTS('',1,(#1785,#1786),.UNSPECIFIED.,.F.,
  .F.,(2,2),(0.,2.914515397111),.PIECEWISE_BEZIER_KNOTS.);
#1785 = CARTESIAN_POINT('',(29.994405276015,18.,1.3));
#1786 = CARTESIAN_POINT('',(27.874405276015,18.,3.3));
#1787 = PCURVE('',#727,#1788);
#1788 = DEFINITIONAL_REPRESENTATION('',(#1789),#1793);
#1789 = LINE('',#1790,#1791);
#1790 = CARTESIAN_POINT('',(0.,0.));
#1791 = VECTOR('',#1792,1.);
#1792 = DIRECTION('',(1.,0.));
#1793 = ( GEOMETRIC_REPRESENTATION_CONTEXT(2) 
PARAMETRIC_REPRESENTATION_CONTEXT() REPRESENTATION_CONTEXT('2D SPACE',''
  ) );
#1794 = PCURVE('',#1795,#1800);
#1795 = PLANE('',#1796);
#1796 = AXIS2_PLACEMENT_3D('',#1797,#1798,#1799);
#1797 = CARTESIAN_POINT('',(28.549965330283,18.,1.));
#1798 = DIRECTION('',(-2.556860015119E-16,-1.,-1.175595771972E-15));
#1799 = DIRECTION('',(0.,1.175595771972E-15,-1.));
#1800 = DEFINITIONAL_REPRESENTATION('',(#1801),#1804);
#1801 = B_SPLINE_CURVE_WITH_KNOTS('',1,(#1802,#1803),.UNSPECIFIED.,.F.,
  .F.,(2,2),(0.,2.914515397111),.PIECEWISE_BEZIER_KNOTS.);
#1802 = CARTESIAN_POINT('',(-0.3,1.444439945731));
#1803 = CARTESIAN_POINT('',(-2.3,-0.675560054269));
#1804 = ( GEOMETRIC_REPRESENTATION_CONTEXT(2) 
PARAMETRIC_REPRESENTATION_CONTEXT() REPRESENTATION_CONTEXT('2D SPACE',''
  ) );
#1805 = ORIENTED_EDGE('',*,*,#1806,.T.);
#1806 = EDGE_CURVE('',#1781,#1807,#1809,.T.);
#1807 = VERTEX_POINT('',#1808);
#1808 = CARTESIAN_POINT('',(27.994405276015,18.,9.18679558965));
#1809 = SURFACE_CURVE('',#1810,(#1876,#1945),.PCURVE_S1.);
#1810 = B_SPLINE_CURVE_WITH_KNOTS('',8,(#1811,#1812,#1813,#1814,#1815,
    #1816,#1817,#1818,#1819,#1820,#1821,#1822,#1823,#1824,#1825,#1826,
    #1827,#1828,#1829,#1830,#1831,#1832,#1833,#1834,#1835,#1836,#1837,
    #1838,#1839,#1840,#1841,#1842,#1843,#1844,#1845,#1846,#1847,#1848,
    #1849,#1850,#1851,#1852,#1853,#1854,#1855,#1856,#1857,#1858,#1859,
    #1860,#1861,#1862,#1863,#1864,#1865,#1866,#1867,#1868,#1869,#1870,
    #1871,#1872,#1873,#1874,#1875),.UNSPECIFIED.,.F.,.F.,(9,7,7,7,7,7,7,
    7,7,9),(0.,8.068505963999E-02,0.226590352926,0.378604652472,
    0.50717915777,0.594585407405,0.700472567582,0.789779022625,
    0.875376107706,1.),.UNSPECIFIED.);
#1811 = CARTESIAN_POINT('',(27.994405276015,18.,3.18679245283));
#1812 = CARTESIAN_POINT('',(27.994405276015,18.633749592279,
    3.247305807281));
#1813 = CARTESIAN_POINT('',(27.948536586228,19.267340346573,
    3.307807366912));
#1814 = CARTESIAN_POINT('',(27.856782852284,19.896974608394,
    3.368308694119));
#1815 = CARTESIAN_POINT('',(27.719522881296,20.518883573002,
    3.428816361703));
#1816 = CARTESIAN_POINT('',(27.537530641864,21.129327285404,
    3.489331952869));
#1817 = CARTESIAN_POINT('',(27.31197526407,21.724594640359,
    3.549852061224));
#1818 = CARTESIAN_POINT('',(27.04442103948,22.301003382373,3.61036829078
    ));
#1819 = CARTESIAN_POINT('',(26.180596350658,23.856528712379,
    3.780269409168));
#1820 = CARTESIAN_POINT('',(25.49261835427,24.786364624644,
    3.889780058434));
#1821 = CARTESIAN_POINT('',(24.684598422401,25.622392956491,
    3.999238693457));
#1822 = CARTESIAN_POINT('',(23.771840843763,26.347103626003,
    4.10863369358));
#1823 = CARTESIAN_POINT('',(22.772085145404,26.94614274014,
    4.218029703219));
#1824 = CARTESIAN_POINT('',(21.705014627067,27.40794369984,
    4.327492211953));
#1825 = CARTESIAN_POINT('',(20.592437489857,27.724338025403,
    4.437009339262));
#1826 = CARTESIAN_POINT('',(18.278392861833,28.066979839134,
    4.660392912494));
#1827 = CARTESIAN_POINT('',(17.072395086128,28.080935148717,
    4.774509859801));
#1828 = CARTESIAN_POINT('',(15.869058281812,27.9292933754,4.888533006152
    ));
#1829 = CARTESIAN_POINT('',(14.694656098886,27.614062105931,
    5.002509943217));
#1830 = CARTESIAN_POINT('',(13.574092470417,27.141657437599,
    5.116495998658));
#1831 = CARTESIAN_POINT('',(12.53108714408,26.52222798946,5.230540728438
    ));
#1832 = CARTESIAN_POINT('',(11.587807780514,25.770435748125,
    5.344673509883));
#1833 = CARTESIAN_POINT('',(10.066254250498,24.177641027412,
    5.555019305077));
#1834 = CARTESIAN_POINT('',(9.452593908768,23.366681646448,
    5.651492602837));
#1835 = CARTESIAN_POINT('',(8.934413967328,22.486573623636,
    5.747938725209));
#1836 = CARTESIAN_POINT('',(8.520434135989,21.550680391468,
    5.844364897464));
#1837 = CARTESIAN_POINT('',(8.217297096068,20.573198177572,5.94079567676
    ));
#1838 = CARTESIAN_POINT('',(8.029373784658,19.569204608595,
    6.037252624335));
#1839 = CARTESIAN_POINT('',(7.958903437396,18.554565970046,
    6.133738463383));
#1840 = CARTESIAN_POINT('',(8.035842995765,16.860751949276,
    6.295654771402));
#1841 = CARTESIAN_POINT('',(8.120770697075,16.177453964025,
    6.361199894119));
#1842 = CARTESIAN_POINT('',(8.259263261905,15.50147706742,6.426756750586
    ));
#1843 = CARTESIAN_POINT('',(8.450568423423,14.837780146555,
    6.492319643736));
#1844 = CARTESIAN_POINT('',(8.693407460381,14.191139323914,
    6.557883909588));
#1845 = CARTESIAN_POINT('',(8.985975197116,13.56614795737,6.623445917243
    ));
#1846 = CARTESIAN_POINT('',(9.325940003552,12.967216640188,6.68900306889
    ));
#1847 = CARTESIAN_POINT('',(10.176245894531,11.709697529331,
    6.83396437711));
#1848 = CARTESIAN_POINT('',(10.707661183096,11.064935656153,
    6.91337562553));
#1849 = CARTESIAN_POINT('',(11.299535650171,10.471814719178,
    6.992790244171));
#1850 = CARTESIAN_POINT('',(11.94599507033,9.936936470078,7.072208995322
    ));
#1851 = CARTESIAN_POINT('',(12.640445003443,9.465977274503,
    7.151630704452));
#1852 = CARTESIAN_POINT('',(13.375570794675,9.063688112079,
    7.231052260203));
#1853 = CARTESIAN_POINT('',(14.143337574488,8.733894576413,7.3104686144)
  );
#1854 = CARTESIAN_POINT('',(15.602679284654,8.264934912729,
    7.456843175015));
#1855 = CARTESIAN_POINT('',(16.28765044987,8.103863574866,7.523814134669
    ));
#1856 = CARTESIAN_POINT('',(16.984764955436,7.997932901296,
    7.590788501262));
#1857 = CARTESIAN_POINT('',(17.688843576607,7.9481940885,7.65776685482)
  );
#1858 = CARTESIAN_POINT('',(18.394666662738,7.955099489646,
    7.724747515141));
#1859 = CARTESIAN_POINT('',(19.096974137289,8.018502614587,
    7.791726541791));
#1860 = CARTESIAN_POINT('',(19.790465497823,8.137658129863,
    7.858697734112));
#1861 = CARTESIAN_POINT('',(21.12091778283,8.477576566841,7.989826536904
    ));
#1862 = CARTESIAN_POINT('',(21.759538915972,8.694011822246,
    8.054027551654));
#1863 = CARTESIAN_POINT('',(22.380886695559,8.959383731868,
    8.118229166911));
#1864 = CARTESIAN_POINT('',(22.980518207832,9.272004957606,
    8.182422606088));
#1865 = CARTESIAN_POINT('',(23.554276728736,9.629742951108,
    8.246608707982));
#1866 = CARTESIAN_POINT('',(24.098272676299,10.030069029654,
    8.310790860911));
#1867 = CARTESIAN_POINT('',(24.608892931792,10.470058293095,8.3749689876
    ));
#1868 = CARTESIAN_POINT('',(25.772873068654,11.639776702458,
    8.532555588846));
#1869 = CARTESIAN_POINT('',(26.385980877927,12.410973188858,
    8.626054821336));
#1870 = CARTESIAN_POINT('',(26.911073340576,13.249210111643,
    8.719546742505));
#1871 = CARTESIAN_POINT('',(27.33981984759,14.142528720361,
    8.812992514196));
#1872 = CARTESIAN_POINT('',(27.665943854065,15.078112980083,
    8.90641098521));
#1873 = CARTESIAN_POINT('',(27.884967568017,16.042476432371,
    8.999854267326));
#1874 = CARTESIAN_POINT('',(27.994405271783,17.021454180653,
    9.093347897988));
#1875 = CARTESIAN_POINT('',(27.994405276015,18.,9.18679558965));
#1876 = PCURVE('',#727,#1877);
#1877 = DEFINITIONAL_REPRESENTATION('',(#1878),#1944);
#1878 = B_SPLINE_CURVE_WITH_KNOTS('',8,(#1879,#1880,#1881,#1882,#1883,
    #1884,#1885,#1886,#1887,#1888,#1889,#1890,#1891,#1892,#1893,#1894,
    #1895,#1896,#1897,#1898,#1899,#1900,#1901,#1902,#1903,#1904,#1905,
    #1906,#1907,#1908,#1909,#1910,#1911,#1912,#1913,#1914,#1915,#1916,
    #1917,#1918,#1919,#1920,#1921,#1922,#1923,#1924,#1925,#1926,#1927,
    #1928,#1929,#1930,#1931,#1932,#1933,#1934,#1935,#1936,#1937,#1938,
    #1939,#1940,#1941,#1942,#1943),.UNSPECIFIED.,.F.,.F.,(9,7,7,7,7,7,7,
    7,7,9),(0.,8.068505963999E-02,0.226590352926,0.378604652472,
    0.50717915777,0.594585407405,0.700472567582,0.789779022625,
    0.875376107706,1.),.UNSPECIFIED.);
#1879 = CARTESIAN_POINT('',(2.749542827464,0.));
#1880 = CARTESIAN_POINT('',(2.749535093221,8.762932361876E-02));
#1881 = CARTESIAN_POINT('',(2.749539176532,0.175229826425));
#1882 = CARTESIAN_POINT('',(2.74954694021,0.262826335776));
#1883 = CARTESIAN_POINT('',(2.749552877395,0.350433840665));
#1884 = CARTESIAN_POINT('',(2.749554111562,0.438057491722));
#1885 = CARTESIAN_POINT('',(2.749550396518,0.525692601212));
#1886 = CARTESIAN_POINT('',(2.749544116401,0.613324643034));
#1887 = CARTESIAN_POINT('',(2.74953335847,0.859347382764));
#1888 = CARTESIAN_POINT('',(2.749526397819,1.017922645272));
#1889 = CARTESIAN_POINT('',(2.749526631338,1.176415444289));
#1890 = CARTESIAN_POINT('',(2.749531109228,1.334811884439));
#1891 = CARTESIAN_POINT('',(2.749535009342,1.493210360438));
#1892 = CARTESIAN_POINT('',(2.749536143323,1.651707873765));
#1893 = CARTESIAN_POINT('',(2.749535663782,1.81028607649));
#1894 = CARTESIAN_POINT('',(2.74953425238,2.133740622647));
#1895 = CARTESIAN_POINT('',(2.74953323787,2.298979767175));
#1896 = CARTESIAN_POINT('',(2.749533174092,2.464082145882));
#1897 = CARTESIAN_POINT('',(2.749536006668,2.629114736948));
#1898 = CARTESIAN_POINT('',(2.749540383941,2.794158996312));
#1899 = CARTESIAN_POINT('',(2.749543498446,2.959289469194));
#1900 = CARTESIAN_POINT('',(2.749544190098,3.124549845823));
#1901 = CARTESIAN_POINT('',(2.749541501591,3.42912732431));
#1902 = CARTESIAN_POINT('',(2.749538725761,3.568820709633));
#1903 = CARTESIAN_POINT('',(2.749534552026,3.708476134753));
#1904 = CARTESIAN_POINT('',(2.749529806737,3.848103240569));
#1905 = CARTESIAN_POINT('',(2.749526047535,3.987736037456));
#1906 = CARTESIAN_POINT('',(2.749524344105,4.127404682608));
#1907 = CARTESIAN_POINT('',(2.749524734816,4.26711308101));
#1908 = CARTESIAN_POINT('',(2.749527980135,4.501560125467));
#1909 = CARTESIAN_POINT('',(2.749530091509,4.596465525421));
#1910 = CARTESIAN_POINT('',(2.749532660026,4.691387461288));
#1911 = CARTESIAN_POINT('',(2.749535375577,4.786317992005));
#1912 = CARTESIAN_POINT('',(2.749537958814,4.881250641826));
#1913 = CARTESIAN_POINT('',(2.749540161146,4.976180400319));
#1914 = CARTESIAN_POINT('',(2.749541764743,5.071103722367));
#1915 = CARTESIAN_POINT('',(2.749543573237,5.281001830701));
#1916 = CARTESIAN_POINT('',(2.749543312553,5.395987348393));
#1917 = CARTESIAN_POINT('',(2.749542130944,5.510978661126));
#1918 = CARTESIAN_POINT('',(2.749540369189,5.625976534066));
#1919 = CARTESIAN_POINT('',(2.749538378385,5.740978917661));
#1920 = CARTESIAN_POINT('',(2.749536519949,5.855980947646));
#1921 = CARTESIAN_POINT('',(2.749535165615,5.970974945037));
#1922 = CARTESIAN_POINT('',(2.74953430257,6.182922057673));
#1923 = CARTESIAN_POINT('',(2.749534515174,6.279893916156));
#1924 = CARTESIAN_POINT('',(2.749535038932,6.376870398619));
#1925 = CARTESIAN_POINT('',(2.749535611005,6.473852606089));
#1926 = CARTESIAN_POINT('',(2.749536002032,6.570838333578));
#1927 = CARTESIAN_POINT('',(2.74953601613,6.667822070086));
#1928 = CARTESIAN_POINT('',(2.749535490894,6.764794998601));
#1929 = CARTESIAN_POINT('',(2.749533153467,6.954668146841));
#1930 = CARTESIAN_POINT('',(2.749531546728,7.047631010602));
#1931 = CARTESIAN_POINT('',(2.7495296062,7.140595075538));
#1932 = CARTESIAN_POINT('',(2.749527781087,7.233547187061));
#1933 = CARTESIAN_POINT('',(2.749526784123,7.326487851533));
#1934 = CARTESIAN_POINT('',(2.749527367623,7.419421227627));
#1935 = CARTESIAN_POINT('',(2.749529932253,7.512346805339));
#1936 = CARTESIAN_POINT('',(2.749539845025,7.740517930969));
#1937 = CARTESIAN_POINT('',(2.749543719775,7.875898577082));
#1938 = CARTESIAN_POINT('',(2.74956618439,8.011249539574));
#1939 = CARTESIAN_POINT('',(2.749572747222,8.146549723761));
#1940 = CARTESIAN_POINT('',(2.749550249011,8.281839854861));
#1941 = CARTESIAN_POINT('',(2.749527744126,8.417165759056));
#1942 = CARTESIAN_POINT('',(2.749541847375,8.552527182446));
#1943 = CARTESIAN_POINT('',(2.749546546379,8.68783214789));
#1944 = ( GEOMETRIC_REPRESENTATION_CONTEXT(2) 
PARAMETRIC_REPRESENTATION_CONTEXT() REPRESENTATION_CONTEXT('2D SPACE',''
  ) );
#1945 = PCURVE('',#1946,#1951);
#1946 = CYLINDRICAL_SURFACE('',#1947,10.);
#1947 = AXIS2_PLACEMENT_3D('',#1948,#1949,#1950);
#1948 = CARTESIAN_POINT('',(17.994405276015,18.,3.608224830032E-16));
#1949 = DIRECTION('',(0.,0.,1.));
#1950 = DIRECTION('',(1.,0.,0.));
#1951 = DEFINITIONAL_REPRESENTATION('',(#1952),#2018);
#1952 = B_SPLINE_CURVE_WITH_KNOTS('',8,(#1953,#1954,#1955,#1956,#1957,
    #1958,#1959,#1960,#1961,#1962,#1963,#1964,#1965,#1966,#1967,#1968,
    #1969,#1970,#1971,#1972,#1973,#1974,#1975,#1976,#1977,#1978,#1979,
    #1980,#1981,#1982,#1983,#1984,#1985,#1986,#1987,#1988,#1989,#1990,
    #1991,#1992,#1993,#1994,#1995,#1996,#1997,#1998,#1999,#2000,#2001,
    #2002,#2003,#2004,#2005,#2006,#2007,#2008,#2009,#2010,#2011,#2012,
    #2013,#2014,#2015,#2016,#2017),.UNSPECIFIED.,.F.,.F.,(9,7,7,7,7,7,7,
    7,7,9),(0.,8.068505963999E-02,0.226590352926,0.378604652472,
    0.50717915777,0.594585407405,0.700472567582,0.789779022625,
    0.875376107706,1.),.UNSPECIFIED.);
#1953 = CARTESIAN_POINT('',(0.,3.18679245283));
#1954 = CARTESIAN_POINT('',(6.337495922786E-02,3.247305807281));
#1955 = CARTESIAN_POINT('',(0.126728916161,3.307807366912));
#1956 = CARTESIAN_POINT('',(0.190079952896,3.368308694119));
#1957 = CARTESIAN_POINT('',(0.253438999687,3.428816361703));
#1958 = CARTESIAN_POINT('',(0.316809834945,3.489331952869));
#1959 = CARTESIAN_POINT('',(0.380189085239,3.549852061224));
#1960 = CARTESIAN_POINT('',(0.443566225296,3.61036829078));
#1961 = CARTESIAN_POINT('',(0.621494641951,3.780269409168));
#1962 = CARTESIAN_POINT('',(0.736179519598,3.889780058434));
#1963 = CARTESIAN_POINT('',(0.850804488629,3.999238693457));
#1964 = CARTESIAN_POINT('',(0.965359269646,4.10863369358));
#1965 = CARTESIAN_POINT('',(1.079915117355,4.218029703219));
#1966 = CARTESIAN_POINT('',(1.194542532811,4.327492211953));
#1967 = CARTESIAN_POINT('',(1.309228596713,4.437009339262));
#1968 = CARTESIAN_POINT('',(1.543156063099,4.660392912494));
#1969 = CARTESIAN_POINT('',(1.662659891778,4.774509859801));
#1970 = CARTESIAN_POINT('',(1.782065110296,4.888533006152));
#1971 = CARTESIAN_POINT('',(1.901419966569,5.002509943217));
#1972 = CARTESIAN_POINT('',(2.020783107537,5.116495998658));
#1973 = CARTESIAN_POINT('',(2.1402083307,5.230540728438));
#1974 = CARTESIAN_POINT('',(2.259727345415,5.344673509883));
#1975 = CARTESIAN_POINT('',(2.480002631524,5.555019305077));
#1976 = CARTESIAN_POINT('',(2.581031060671,5.651492602837));
#1977 = CARTESIAN_POINT('',(2.682032039737,5.747938725209));
#1978 = CARTESIAN_POINT('',(2.783012609957,5.844364897464));
#1979 = CARTESIAN_POINT('',(2.883997397872,5.94079567676));
#1980 = CARTESIAN_POINT('',(2.985008162148,6.037252624335));
#1981 = CARTESIAN_POINT('',(3.086047670746,6.133738463383));
#1982 = CARTESIAN_POINT('',(3.255603727335,6.295654771402));
#1983 = CARTESIAN_POINT('',(3.324240894313,6.361199894119));
#1984 = CARTESIAN_POINT('',(3.39288999193,6.426756750586));
#1985 = CARTESIAN_POINT('',(3.461545274574,6.492319643736));
#1986 = CARTESIAN_POINT('',(3.530202063393,6.557883909588));
#1987 = CARTESIAN_POINT('',(3.598856746304,6.623445917243));
#1988 = CARTESIAN_POINT('',(3.667506777984,6.68900306889));
#1989 = CARTESIAN_POINT('',(3.819308438792,6.83396437711));
#1990 = CARTESIAN_POINT('',(3.902467835996,6.91337562553));
#1991 = CARTESIAN_POINT('',(3.985631501377,6.992790244171));
#1992 = CARTESIAN_POINT('',(4.068800006123,7.072208995322));
#1993 = CARTESIAN_POINT('',(4.151971862717,7.151630704452));
#1994 = CARTESIAN_POINT('',(4.23514352494,7.231052260203));
#1995 = CARTESIAN_POINT('',(4.318309387869,7.3104686144));
#1996 = CARTESIAN_POINT('',(4.471593483364,7.456843175015));
#1997 = CARTESIAN_POINT('',(4.541725299902,7.523814134669));
#1998 = CARTESIAN_POINT('',(4.61186038074,7.590788501262));
#1999 = CARTESIAN_POINT('',(4.681999498582,7.65776685482));
#2000 = CARTESIAN_POINT('',(4.752141055584,7.724747515141));
#2001 = CARTESIAN_POINT('',(4.822281083362,7.791726541791));
#2002 = CARTESIAN_POINT('',(4.892413242985,7.858697734112));
#2003 = CARTESIAN_POINT('',(5.029732135585,7.989826536904));
#2004 = CARTESIAN_POINT('',(5.096964172894,8.054027551654));
#2005 = CARTESIAN_POINT('',(5.164197126491,8.118229166911));
#2006 = CARTESIAN_POINT('',(5.231421539778,8.182422606088));
#2007 = CARTESIAN_POINT('',(5.298637816303,8.246608707982));
#2008 = CARTESIAN_POINT('',(5.365848962437,8.310790860911));
#2009 = CARTESIAN_POINT('',(5.433054566397,8.3749689876));
#2010 = CARTESIAN_POINT('',(5.598072471977,8.532555588846));
#2011 = CARTESIAN_POINT('',(5.695982682121,8.626054821336));
#2012 = CARTESIAN_POINT('',(5.793870863011,8.719546742505));
#2013 = CARTESIAN_POINT('',(5.891721834162,8.812992514196));
#2014 = CARTESIAN_POINT('',(5.989565439011,8.90641098521));
#2015 = CARTESIAN_POINT('',(6.08743513141,8.999854267326));
#2016 = CARTESIAN_POINT('',(6.185330725245,9.093347897988));
#2017 = CARTESIAN_POINT('',(6.28318530718,9.18679558965));
#2018 = ( GEOMETRIC_REPRESENTATION_CONTEXT(2) 
PARAMETRIC_REPRESENTATION_CONTEXT() REPRESENTATION_CONTEXT('2D SPACE',''
  ) );
#2019 = ORIENTED_EDGE('',*,*,#2020,.T.);
#2020 = EDGE_CURVE('',#1807,#2021,#2023,.T.);
#2021 = VERTEX_POINT('',#2022);
#2022 = CARTESIAN_POINT('',(27.994405276015,18.,15.186795572891));
#2023 = SURFACE_CURVE('',#2024,(#2083,#2145),.PCURVE_S1.);
#2024 = B_SPLINE_CURVE_WITH_KNOTS('',8,(#2025,#2026,#2027,#2028,#2029,
    #2030,#2031,#2032,#2033,#2034,#2035,#2036,#2037,#2038,#2039,#2040,
    #2041,#2042,#2043,#2044,#2045,#2046,#2047,#2048,#2049,#2050,#2051,
    #2052,#2053,#2054,#2055,#2056,#2057,#2058,#2059,#2060,#2061,#2062,
    #2063,#2064,#2065,#2066,#2067,#2068,#2069,#2070,#2071,#2072,#2073,
    #2074,#2075,#2076,#2077,#2078,#2079,#2080,#2081,#2082),
  .UNSPECIFIED.,.F.,.F.,(9,7,7,7,7,7,7,7,9),(0.,0.177160164916,
    0.341059854713,0.493986712541,0.591632230103,0.696425129806,
    0.831427544586,0.921164862526,1.),.UNSPECIFIED.);
#2025 = CARTESIAN_POINT('',(27.994405276015,18.,9.18679558965));
#2026 = CARTESIAN_POINT('',(27.994405276015,19.39068276131,9.31960090987
    ));
#2027 = CARTESIAN_POINT('',(27.773373224145,20.784854584363,
    9.452731648987));
#2028 = CARTESIAN_POINT('',(27.329403793013,22.13579138258,
    9.585637235097));
#2029 = CARTESIAN_POINT('',(26.67459236979,23.403336973235,
    9.718476033135));
#2030 = CARTESIAN_POINT('',(25.826290393004,24.550475902598,
    9.851322193692));
#2031 = CARTESIAN_POINT('',(24.810073127215,25.545262023008,
    9.984257137121));
#2032 = CARTESIAN_POINT('',(23.656540026655,26.359094203544,
    10.117403926954));
#2033 = CARTESIAN_POINT('',(21.254080633658,27.540965600703,
    10.373080237572));
#2034 = CARTESIAN_POINT('',(20.014181088026,27.940066848993,
    10.496143701833));
#2035 = CARTESIAN_POINT('',(18.720792744832,28.153457837705,
    10.619066157783));
#2036 = CARTESIAN_POINT('',(17.406292406835,28.174658955476,
    10.74192144374));
#2037 = CARTESIAN_POINT('',(16.102952206574,28.002162553549,
    10.864782866688));
#2038 = CARTESIAN_POINT('',(14.84263570544,27.641141206884,
    10.987719874497));
#2039 = CARTESIAN_POINT('',(13.656877085014,27.101709952647,
    11.110799634041));
#2040 = CARTESIAN_POINT('',(11.566655868595,25.754037355927,
    11.34829115046));
#2041 = CARTESIAN_POINT('',(10.645350560135,24.964067719635,
    11.463108265954));
#2042 = CARTESIAN_POINT('',(9.836584563245,24.049595825197,
    11.577854313087));
#2043 = CARTESIAN_POINT('',(9.159151704957,23.030080871132,
    11.692553175145));
#2044 = CARTESIAN_POINT('',(8.628279872922,21.927179351435,
    11.807251711988));
#2045 = CARTESIAN_POINT('',(8.254713432761,20.765024731056,
    11.92199223829));
#2046 = CARTESIAN_POINT('',(8.045649748558,19.56952171313,12.03681594063
    ));
#2047 = CARTESIAN_POINT('',(7.972896690181,17.603879451346,
    12.224653779731));
#2048 = CARTESIAN_POINT('',(8.011660274572,16.835149112616,
    12.297864097416));
#2049 = CARTESIAN_POINT('',(8.117800102507,16.070830856169,
    12.371083726243));
#2050 = CARTESIAN_POINT('',(8.290741695716,15.317857491231,
    12.444309061316));
#2051 = CARTESIAN_POINT('',(8.529074568719,14.582943101884,
    12.517535395412));
#2052 = CARTESIAN_POINT('',(8.830552228814,13.872583047071,
    12.590756918979));
#2053 = CARTESIAN_POINT('',(9.192092176087,13.193053960596,
    12.663966720134));
#2054 = CARTESIAN_POINT('',(10.058032925713,11.860734053604,
    12.815704159737));
#2055 = CARTESIAN_POINT('',(10.571322121842,11.212889940251,
    12.894285527084));
#2056 = CARTESIAN_POINT('',(11.144897554099,10.614392015367,
    12.972862504895));
#2057 = CARTESIAN_POINT('',(11.773118708006,10.071727873734,
    13.051435411153));
#2058 = CARTESIAN_POINT('',(12.449643063871,9.590544965523,
    13.13001279491));
#2059 = CARTESIAN_POINT('',(13.16747532136,9.17570842002,13.208600948618
    ));
#2060 = CARTESIAN_POINT('',(13.918905412819,8.831203752434,
    13.287193007366));
#2061 = CARTESIAN_POINT('',(15.695666593918,8.210280877421,
    13.466924069515));
#2062 = CARTESIAN_POINT('',(16.739276285519,7.981507761901,
    13.568210178941));
#2063 = CARTESIAN_POINT('',(17.807858339261,7.880369512558,
    13.669457128733));
#2064 = CARTESIAN_POINT('',(18.88308654037,7.909553854697,
    13.770673399217));
#2065 = CARTESIAN_POINT('',(19.946870290324,8.068752317493,13.8718882417
    ));
#2066 = CARTESIAN_POINT('',(20.981382946458,8.355101499282,
    13.973136567397));
#2067 = CARTESIAN_POINT('',(21.969114909898,8.762837038178,
    14.074438694406));
#2068 = CARTESIAN_POINT('',(23.507400258496,9.627229269856,
    14.242940666974));
#2069 = CARTESIAN_POINT('',(24.093980055049,10.021919632211,
    14.310231406491));
#2070 = CARTESIAN_POINT('',(24.648100169545,10.463467444177,
    14.377530333416));
#2071 = CARTESIAN_POINT('',(25.165378939503,10.948736221095,
    14.444834743724));
#2072 = CARTESIAN_POINT('',(25.641863785011,11.474138924239,
    14.512139886533));
#2073 = CARTESIAN_POINT('',(26.074031208721,12.035637960811,
    14.579438964105));
#2074 = CARTESIAN_POINT('',(26.458786795857,12.628745183946,
    14.646723131848));
#2075 = CARTESIAN_POINT('',(27.087483574973,13.793001972564,
    14.773068650546));
#2076 = CARTESIAN_POINT('',(27.343060671794,14.358378577737,
    14.832163416642));
#2077 = CARTESIAN_POINT('',(27.558411332703,14.941414053877,
    14.891267804904));
#2078 = CARTESIAN_POINT('',(27.732109217106,15.538754223823,
    14.950380840829));
#2079 = CARTESIAN_POINT('',(27.863086815788,16.146928387603,
    15.009498567109));
#2080 = CARTESIAN_POINT('',(27.950635450911,16.762349322428,
    15.068614043629));
#2081 = CARTESIAN_POINT('',(27.994405276015,17.381313282698,
    15.127717347466));
#2082 = CARTESIAN_POINT('',(27.994405276015,18.,15.186795572891));
#2083 = PCURVE('',#727,#2084);
#2084 = DEFINITIONAL_REPRESENTATION('',(#2085),#2144);
#2085 = B_SPLINE_CURVE_WITH_KNOTS('',8,(#2086,#2087,#2088,#2089,#2090,
    #2091,#2092,#2093,#2094,#2095,#2096,#2097,#2098,#2099,#2100,#2101,
    #2102,#2103,#2104,#2105,#2106,#2107,#2108,#2109,#2110,#2111,#2112,
    #2113,#2114,#2115,#2116,#2117,#2118,#2119,#2120,#2121,#2122,#2123,
    #2124,#2125,#2126,#2127,#2128,#2129,#2130,#2131,#2132,#2133,#2134,
    #2135,#2136,#2137,#2138,#2139,#2140,#2141,#2142,#2143),
  .UNSPECIFIED.,.F.,.F.,(9,7,7,7,7,7,7,7,9),(0.,0.177160164916,
    0.341059854713,0.493986712541,0.591632230103,0.696425129806,
    0.831427544586,0.921164862526,1.),.UNSPECIFIED.);
#2086 = CARTESIAN_POINT('',(2.749546817494,8.687832159848));
#2087 = CARTESIAN_POINT('',(2.749553487322,8.880123908434));
#2088 = CARTESIAN_POINT('',(2.749551311546,9.072895643641));
#2089 = CARTESIAN_POINT('',(2.749521020581,9.265369299587));
#2090 = CARTESIAN_POINT('',(2.749524204044,9.457712987327));
#2091 = CARTESIAN_POINT('',(2.749529297446,9.650065437845));
#2092 = CARTESIAN_POINT('',(2.749534113522,9.842546719161));
#2093 = CARTESIAN_POINT('',(2.749535516197,10.035338139721));
#2094 = CARTESIAN_POINT('',(2.749535319614,10.405550456092));
#2095 = CARTESIAN_POINT('',(2.749533898346,10.583744310208));
#2096 = CARTESIAN_POINT('',(2.749532169197,10.761734294167));
#2097 = CARTESIAN_POINT('',(2.749533406573,10.939624070252));
#2098 = CARTESIAN_POINT('',(2.749538296376,11.117519103376));
#2099 = CARTESIAN_POINT('',(2.749542359688,11.295524402482));
#2100 = CARTESIAN_POINT('',(2.749544006045,11.473738803642));
#2101 = CARTESIAN_POINT('',(2.74954227374,11.817621574386));
#2102 = CARTESIAN_POINT('',(2.749539228249,11.983876560828));
#2103 = CARTESIAN_POINT('',(2.749533941595,12.150030869151));
#2104 = CARTESIAN_POINT('',(2.749527681353,12.316117822193));
#2105 = CARTESIAN_POINT('',(2.749523674716,12.482202065096));
#2106 = CARTESIAN_POINT('',(2.749523359153,12.648343440014));
#2107 = CARTESIAN_POINT('',(2.749525832967,12.814602479904));
#2108 = CARTESIAN_POINT('',(2.749532015953,13.086580254818));
#2109 = CARTESIAN_POINT('',(2.749535070434,13.192583704832));
#2110 = CARTESIAN_POINT('',(2.749538136054,13.298600626051));
#2111 = CARTESIAN_POINT('',(2.749540739206,13.404626269274));
#2112 = CARTESIAN_POINT('',(2.749542566579,13.510654129888));
#2113 = CARTESIAN_POINT('',(2.749543465152,13.61667594787));
#2114 = CARTESIAN_POINT('',(2.749543442193,13.722681707786));
#2115 = CARTESIAN_POINT('',(2.749541831471,13.942394861576));
#2116 = CARTESIAN_POINT('',(2.749540202121,14.056180094712));
#2117 = CARTESIAN_POINT('',(2.749538089803,14.169959451809));
#2118 = CARTESIAN_POINT('',(2.74953604255,14.283732848762));
#2119 = CARTESIAN_POINT('',(2.749534651115,14.39751207737));
#2120 = CARTESIAN_POINT('',(2.749534175565,14.51130599052));
#2121 = CARTESIAN_POINT('',(2.749534358134,14.625104904132));
#2122 = CARTESIAN_POINT('',(2.749535344862,14.885349456706));
#2123 = CARTESIAN_POINT('',(2.749536295,15.032007956014));
#2124 = CARTESIAN_POINT('',(2.749536856309,15.178610139619));
#2125 = CARTESIAN_POINT('',(2.749535412116,15.325169893172));
#2126 = CARTESIAN_POINT('',(2.749531272372,15.471730257386));
#2127 = CARTESIAN_POINT('',(2.749526758464,15.618339476127));
#2128 = CARTESIAN_POINT('',(2.749526415819,15.765022452986));
#2129 = CARTESIAN_POINT('',(2.749532644015,16.009002390991));
#2130 = CARTESIAN_POINT('',(2.749538088172,16.106432083542));
#2131 = CARTESIAN_POINT('',(2.749544767524,16.203872403899));
#2132 = CARTESIAN_POINT('',(2.749551166233,16.301320942883));
#2133 = CARTESIAN_POINT('',(2.749555974696,16.398772122604));
#2134 = CARTESIAN_POINT('',(2.749558089546,16.496217196473));
#2135 = CARTESIAN_POINT('',(2.749556613655,16.593644249191));
#2136 = CARTESIAN_POINT('',(2.749545798088,16.77659976046));
#2137 = CARTESIAN_POINT('',(2.749542239457,16.862170858966));
#2138 = CARTESIAN_POINT('',(2.749540943943,16.947753641403));
#2139 = CARTESIAN_POINT('',(2.749541982513,17.033346626203));
#2140 = CARTESIAN_POINT('',(2.749544733393,17.118944701103));
#2141 = CARTESIAN_POINT('',(2.749547882071,17.204539123147));
#2142 = CARTESIAN_POINT('',(2.749549421295,17.290117518681));
#2143 = CARTESIAN_POINT('',(2.749546651074,17.375663883356));
#2144 = ( GEOMETRIC_REPRESENTATION_CONTEXT(2) 
PARAMETRIC_REPRESENTATION_CONTEXT() REPRESENTATION_CONTEXT('2D SPACE',''
  ) );
#2145 = PCURVE('',#2146,#2151);
#2146 = CYLINDRICAL_SURFACE('',#2147,10.);
#2147 = AXIS2_PLACEMENT_3D('',#2148,#2149,#2150);
#2148 = CARTESIAN_POINT('',(17.994405276015,18.,3.608224830032E-16));
#2149 = DIRECTION('',(0.,0.,1.));
#2150 = DIRECTION('',(1.,0.,0.));
#2151 = DEFINITIONAL_REPRESENTATION('',(#2152),#2211);
#2152 = B_SPLINE_CURVE_WITH_KNOTS('',8,(#2153,#2154,#2155,#2156,#2157,
    #2158,#2159,#2160,#2161,#2162,#2163,#2164,#2165,#2166,#2167,#2168,
    #2169,#2170,#2171,#2172,#2173,#2174,#2175,#2176,#2177,#2178,#2179,
    #2180,#2181,#2182,#2183,#2184,#2185,#2186,#2187,#2188,#2189,#2190,
    #2191,#2192,#2193,#2194,#2195,#2196,#2197,#2198,#2199,#2200,#2201,
    #2202,#2203,#2204,#2205,#2206,#2207,#2208,#2209,#2210),
  .UNSPECIFIED.,.F.,.F.,(9,7,7,7,7,7,7,7,9),(0.,0.177160164916,
    0.341059854713,0.493986712541,0.591632230103,0.696425129806,
    0.831427544586,0.921164862526,1.),.UNSPECIFIED.);
#2153 = CARTESIAN_POINT('',(0.,9.18679558965));
#2154 = CARTESIAN_POINT('',(0.139068276131,9.31960090987));
#2155 = CARTESIAN_POINT('',(0.278483915577,9.452731648987));
#2156 = CARTESIAN_POINT('',(0.417685139213,9.585637235097));
#2157 = CARTESIAN_POINT('',(0.556792690381,9.718476033135));
#2158 = CARTESIAN_POINT('',(0.695904802139,9.851322193692));
#2159 = CARTESIAN_POINT('',(0.835109868046,9.984257137121));
#2160 = CARTESIAN_POINT('',(0.974539184104,10.117403926954));
#2161 = CARTESIAN_POINT('',(1.242282179053,10.373080237572));
#2162 = CARTESIAN_POINT('',(1.37115482211,10.496143701833));
#2163 = CARTESIAN_POINT('',(1.499880423952,10.619066157783));
#2164 = CARTESIAN_POINT('',(1.628533917378,10.74192144374));
#2165 = CARTESIAN_POINT('',(1.757191086216,10.864782866688));
#2166 = CARTESIAN_POINT('',(1.885927717235,10.987719874497));
#2167 = CARTESIAN_POINT('',(2.014815351665,11.110799634041));
#2168 = CARTESIAN_POINT('',(2.263516902957,11.34829115046));
#2169 = CARTESIAN_POINT('',(2.383755085439,11.463108265954));
#2170 = CARTESIAN_POINT('',(2.5039204459,11.577854313087));
#2171 = CARTESIAN_POINT('',(2.624037218319,11.692553175145));
#2172 = CARTESIAN_POINT('',(2.744152205408,11.807251711988));
#2173 = CARTESIAN_POINT('',(2.864308536113,11.92199223829));
#2174 = CARTESIAN_POINT('',(2.984549900902,12.03681594063));
#2175 = CARTESIAN_POINT('',(3.18124871912,12.224653779731));
#2176 = CARTESIAN_POINT('',(3.257912123927,12.297864097416));
#2177 = CARTESIAN_POINT('',(3.334585238982,12.371083726243));
#2178 = CARTESIAN_POINT('',(3.41126464239,12.444309061316));
#2179 = CARTESIAN_POINT('',(3.487945647097,12.517535395412));
#2180 = CARTESIAN_POINT('',(3.564622300896,12.590756918979));
#2181 = CARTESIAN_POINT('',(3.641287386421,12.663966720134));
#2182 = CARTESIAN_POINT('',(3.800187660695,12.815704159737));
#2183 = CARTESIAN_POINT('',(3.882479144136,12.894285527084));
#2184 = CARTESIAN_POINT('',(3.964766464858,12.972862504895));
#2185 = CARTESIAN_POINT('',(4.047049554611,13.051435411153));
#2186 = CARTESIAN_POINT('',(4.129336895277,13.13001279491));
#2187 = CARTESIAN_POINT('',(4.211634820142,13.208600948618));
#2188 = CARTESIAN_POINT('',(4.293936265046,13.287193007366));
#2189 = CARTESIAN_POINT('',(4.482149588469,13.466924069515));
#2190 = CARTESIAN_POINT('',(4.588215330383,13.568210178941));
#2191 = CARTESIAN_POINT('',(4.694240106469,13.669457128733));
#2192 = CARTESIAN_POINT('',(4.800233965832,13.770673399217));
#2193 = CARTESIAN_POINT('',(4.906228308101,13.8718882417));
#2194 = CARTESIAN_POINT('',(5.012258333748,13.973136567397));
#2195 = CARTESIAN_POINT('',(5.118342102335,14.074438694406));
#2196 = CARTESIAN_POINT('',(5.29479310811,14.242940666974));
#2197 = CARTESIAN_POINT('',(5.365256288935,14.310231406491));
#2198 = CARTESIAN_POINT('',(5.435727134148,14.377530333416));
#2199 = CARTESIAN_POINT('',(5.506203791991,14.444834743724));
#2200 = CARTESIAN_POINT('',(5.57668217596,14.512139886533));
#2201 = CARTESIAN_POINT('',(5.647155964806,14.579438964105));
#2202 = CARTESIAN_POINT('',(5.717616602533,14.646723131848));
#2203 = CARTESIAN_POINT('',(5.849932645019,14.773068650546));
#2204 = CARTESIAN_POINT('',(5.911818994915,14.832163416642));
#2205 = CARTESIAN_POINT('',(5.973713815212,14.891267804904));
#2206 = CARTESIAN_POINT('',(6.035615987105,14.950380840829));
#2207 = CARTESIAN_POINT('',(6.097521805867,15.009498567109));
#2208 = CARTESIAN_POINT('',(6.159424980843,15.068614043629));
#2209 = CARTESIAN_POINT('',(6.221316635449,15.127717347466));
#2210 = CARTESIAN_POINT('',(6.28318530718,15.186795572891));
#2211 = ( GEOMETRIC_REPRESENTATION_CONTEXT(2) 
PARAMETRIC_REPRESENTATION_CONTEXT() REPRESENTATION_CONTEXT('2D SPACE',''
  ) );
#2212 = ORIENTED_EDGE('',*,*,#2213,.T.);
#2213 = EDGE_CURVE('',#2021,#2214,#2216,.T.);
#2214 = VERTEX_POINT('',#2215);
#2215 = CARTESIAN_POINT('',(27.994405276015,18.,21.186787365269));
#2216 = SURFACE_CURVE('',#2217,(#2283,#2352),.PCURVE_S1.);
#2217 = B_SPLINE_CURVE_WITH_KNOTS('',8,(#2218,#2219,#2220,#2221,#2222,
    #2223,#2224,#2225,#2226,#2227,#2228,#2229,#2230,#2231,#2232,#2233,
    #2234,#2235,#2236,#2237,#2238,#2239,#2240,#2241,#2242,#2243,#2244,
    #2245,#2246,#2247,#2248,#2249,#2250,#2251,#2252,#2253,#2254,#2255,
    #2256,#2257,#2258,#2259,#2260,#2261,#2262,#2263,#2264,#2265,#2266,
    #2267,#2268,#2269,#2270,#2271,#2272,#2273,#2274,#2275,#2276,#2277,
    #2278,#2279,#2280,#2281,#2282),.UNSPECIFIED.,.F.,.F.,(9,7,7,7,7,7,7,
    7,7,9),(0.,0.165155595446,0.25284906883,0.366373548081,
    0.551119121423,0.643749588388,0.714762688591,0.823407953599,
    0.930098682853,1.),.UNSPECIFIED.);
#2218 = CARTESIAN_POINT('',(27.994405276015,18.,15.186795572891));
#2219 = CARTESIAN_POINT('',(27.994405276015,19.296075628886,
    15.31055748022));
#2220 = CARTESIAN_POINT('',(27.80242489407,20.594866966244,
    15.434573544897));
#2221 = CARTESIAN_POINT('',(27.417075212889,21.858987118986,
    15.558454744375));
#2222 = CARTESIAN_POINT('',(26.847215879661,23.055664021219,
    15.682279922759));
#2223 = CARTESIAN_POINT('',(26.106121652748,24.15455458227,
    15.806102425759));
#2224 = CARTESIAN_POINT('',(25.21318437539,25.128822368737,
    15.929993468426));
#2225 = CARTESIAN_POINT('',(24.192060987751,25.954204583548,
    16.054025858979));
#2226 = CARTESIAN_POINT('',(22.482793906501,26.962594696516,
    16.243535934001));
#2227 = CARTESIAN_POINT('',(21.862136523701,27.265796529571,
    16.309288212747));
#2228 = CARTESIAN_POINT('',(21.218276875315,27.519828551046,
    16.37504455205));
#2229 = CARTESIAN_POINT('',(20.555907799221,27.722598907808,
    16.44079185743));
#2230 = CARTESIAN_POINT('',(19.879770292174,27.872564246191,
    16.50652600458));
#2231 = CARTESIAN_POINT('',(19.19465350981,27.968729711997,
    16.572251839361));
#2232 = CARTESIAN_POINT('',(18.505394766648,28.010648950492,
    16.637983177806));
#2233 = CARTESIAN_POINT('',(16.925555130862,27.982598309978,
    16.788872602806));
#2234 = CARTESIAN_POINT('',(16.035350949017,27.87582875152,
    16.874024083956));
#2235 = CARTESIAN_POINT('',(15.157754495059,27.678475304781,
    16.95918175859));
#2236 = CARTESIAN_POINT('',(14.303638362045,27.392315118546,
    17.044335340092));
#2237 = CARTESIAN_POINT('',(13.483260231577,27.020542616637,
    17.129479746212));
#2238 = CARTESIAN_POINT('',(12.706262873805,26.567769497914,
    17.214615099057));
#2239 = CARTESIAN_POINT('',(11.981674147428,26.040024736275,
    17.299746725101));
#2240 = CARTESIAN_POINT('',(10.237716691092,24.476033764501,
    17.523436313327));
#2241 = CARTESIAN_POINT('',(9.314960311987,23.325314399695,
    17.662396581792));
#2242 = CARTESIAN_POINT('',(8.591336434424,22.026716787234,
    17.801089257182));
#2243 = CARTESIAN_POINT('',(8.090718249145,20.621461472859,
    17.939681600732));
#2244 = CARTESIAN_POINT('',(7.83055799975,19.152554275627,
    18.078278108692));
#2245 = CARTESIAN_POINT('',(7.816965300814,17.666006321021,
    18.216977526204));
#2246 = CARTESIAN_POINT('',(8.049601196953,16.209448231833,
    18.355944794183));
#2247 = CARTESIAN_POINT('',(8.739465451265,14.143145038621,
    18.563968266164));
#2248 = CARTESIAN_POINT('',(9.027281851563,13.47212653889,
    18.633441366998));
#2249 = CARTESIAN_POINT('',(9.370585617232,12.825889964783,
    18.702917141761));
#2250 = CARTESIAN_POINT('',(9.766865280316,12.209795582586,
    18.77239477299));
#2251 = CARTESIAN_POINT('',(10.213044935862,11.628810950862,
    18.841873060494));
#2252 = CARTESIAN_POINT('',(10.705484241918,11.087510920447,
    18.911350421349));
#2253 = CARTESIAN_POINT('',(11.239978419537,10.590077634452,
    18.980824889903));
#2254 = CARTESIAN_POINT('',(12.250100624596,9.79548885066,
    19.103551165934));
#2255 = CARTESIAN_POINT('',(12.710099677418,9.478801080911,
    19.156770761307));
#2256 = CARTESIAN_POINT('',(13.18988942578,9.191736598654,
    19.209981699139));
#2257 = CARTESIAN_POINT('',(13.687404731837,8.935638373017,
    19.263201835713));
#2258 = CARTESIAN_POINT('',(14.200381305368,8.711692962617,
    19.316438088352));
#2259 = CARTESIAN_POINT('',(14.726355703766,8.520930515558,
    19.369686435418));
#2260 = CARTESIAN_POINT('',(15.262665332043,8.364224769435,
    19.422931916313));
#2261 = CARTESIAN_POINT('',(16.638400012456,8.055745727126,
    19.557566624852));
#2262 = CARTESIAN_POINT('',(17.489248480951,7.950103394133,
    19.639054480121));
#2263 = CARTESIAN_POINT('',(18.349072490433,7.927848000478,
    19.720537823189));
#2264 = CARTESIAN_POINT('',(19.208147787485,7.989663909804,
    19.802004301853));
#2265 = CARTESIAN_POINT('',(20.056965639876,8.134970989064,
    19.883459440287));
#2266 = CARTESIAN_POINT('',(20.886247347392,8.361962447212,
    19.96491549291));
#2267 = CARTESIAN_POINT('',(21.686957264866,8.667676971432,
    20.046378554043));
#2268 = CARTESIAN_POINT('',(23.200055793589,9.420811995008,
    20.207786172198));
#2269 = CARTESIAN_POINT('',(23.914374709254,9.865973462702,
    20.287780521403));
#2270 = CARTESIAN_POINT('',(24.584872370745,10.378851392668,
    20.367782305675));
#2271 = CARTESIAN_POINT('',(25.203985681737,10.954321982172,
    20.447780614594));
#2272 = CARTESIAN_POINT('',(25.765046310075,11.586433101904,
    20.527769254969));
#2273 = CARTESIAN_POINT('',(26.262280687775,12.268404295983,
    20.607746750844));
#2274 = CARTESIAN_POINT('',(26.690810011028,12.992626781952,
    20.687716343492));
#2275 = CARTESIAN_POINT('',(27.279788591451,14.247311678498,
    20.820080269351));
#2276 = CARTESIAN_POINT('',(27.48180115911,14.758679535084,
    20.87248118888));
#2277 = CARTESIAN_POINT('',(27.651594078789,15.282341836311,
    20.924878766506));
#2278 = CARTESIAN_POINT('',(27.788293865704,15.815870704175,
    20.977267593894));
#2279 = CARTESIAN_POINT('',(27.891247414671,16.356835566905,
    21.029646837881));
#2280 = CARTESIAN_POINT('',(27.960022000104,16.902803158956,
    21.082020240466));
#2281 = CARTESIAN_POINT('',(27.994405276015,17.451337521016,
    21.134396118818));
#2282 = CARTESIAN_POINT('',(27.994405276015,18.,21.186787365269));
#2283 = PCURVE('',#727,#2284);
#2284 = DEFINITIONAL_REPRESENTATION('',(#2285),#2351);
#2285 = B_SPLINE_CURVE_WITH_KNOTS('',8,(#2286,#2287,#2288,#2289,#2290,
    #2291,#2292,#2293,#2294,#2295,#2296,#2297,#2298,#2299,#2300,#2301,
    #2302,#2303,#2304,#2305,#2306,#2307,#2308,#2309,#2310,#2311,#2312,
    #2313,#2314,#2315,#2316,#2317,#2318,#2319,#2320,#2321,#2322,#2323,
    #2324,#2325,#2326,#2327,#2328,#2329,#2330,#2331,#2332,#2333,#2334,
    #2335,#2336,#2337,#2338,#2339,#2340,#2341,#2342,#2343,#2344,#2345,
    #2346,#2347,#2348,#2349,#2350),.UNSPECIFIED.,.F.,.F.,(9,7,7,7,7,7,7,
    7,7,9),(0.,0.165155595446,0.25284906883,0.366373548081,
    0.551119121423,0.643749588388,0.714762688591,0.823407953599,
    0.930098682853,1.),.UNSPECIFIED.);
#2286 = CARTESIAN_POINT('',(2.749546651074,17.375663883356));
#2287 = CARTESIAN_POINT('',(2.749540847789,17.554873417512));
#2288 = CARTESIAN_POINT('',(2.749529148698,17.734456822604));
#2289 = CARTESIAN_POINT('',(2.749521646547,17.913840776512));
#2290 = CARTESIAN_POINT('',(2.749530253681,18.093127606767));
#2291 = CARTESIAN_POINT('',(2.749534418843,18.272414976879));
#2292 = CARTESIAN_POINT('',(2.749536285379,18.45180387444));
#2293 = CARTESIAN_POINT('',(2.749535728802,18.63139984745));
#2294 = CARTESIAN_POINT('',(2.749534508491,18.905806329142));
#2295 = CARTESIAN_POINT('',(2.749533967073,19.001014321093));
#2296 = CARTESIAN_POINT('',(2.749533664732,19.096227955065));
#2297 = CARTESIAN_POINT('',(2.749533823957,19.191428049547));
#2298 = CARTESIAN_POINT('',(2.749534532461,19.286608545501));
#2299 = CARTESIAN_POINT('',(2.749535743183,19.381776506363));
#2300 = CARTESIAN_POINT('',(2.749537274286,19.476952118038));
#2301 = CARTESIAN_POINT('',(2.749540796137,19.695432270633));
#2302 = CARTESIAN_POINT('',(2.749542925302,19.818727109578));
#2303 = CARTESIAN_POINT('',(2.749544314985,19.942031651282));
#2304 = CARTESIAN_POINT('',(2.749544433447,20.065331529364));
#2305 = CARTESIAN_POINT('',(2.749543098877,20.188619565517));
#2306 = CARTESIAN_POINT('',(2.74954047939,20.31189576951));
#2307 = CARTESIAN_POINT('',(2.749537093028,20.435167339186));
#2308 = CARTESIAN_POINT('',(2.749528461434,20.759072160627));
#2309 = CARTESIAN_POINT('',(2.749523260102,20.960287896982));
#2310 = CARTESIAN_POINT('',(2.749521124919,21.161113119469));
#2311 = CARTESIAN_POINT('',(2.749525552781,21.36178654307));
#2312 = CARTESIAN_POINT('',(2.749534851796,21.562461156504));
#2313 = CARTESIAN_POINT('',(2.749541202575,21.763287709534));
#2314 = CARTESIAN_POINT('',(2.74954359608,21.964506034566));
#2315 = CARTESIAN_POINT('',(2.749542803389,22.265718970498));
#2316 = CARTESIAN_POINT('',(2.749541684763,22.36631518192));
#2317 = CARTESIAN_POINT('',(2.749540098124,22.466915730143));
#2318 = CARTESIAN_POINT('',(2.749538370706,22.56751910636));
#2319 = CARTESIAN_POINT('',(2.749536771077,22.668123305868));
#2320 = CARTESIAN_POINT('',(2.749535509146,22.768725828069));
#2321 = CARTESIAN_POINT('',(2.74953473616,22.869323676474));
#2322 = CARTESIAN_POINT('',(2.74953439793,23.047028215361));
#2323 = CARTESIAN_POINT('',(2.749534570454,23.124088524183));
#2324 = CARTESIAN_POINT('',(2.749534936002,23.201136105336));
#2325 = CARTESIAN_POINT('',(2.749535369589,23.278196938404));
#2326 = CARTESIAN_POINT('',(2.749535747523,23.35528116238));
#2327 = CARTESIAN_POINT('',(2.749535947405,23.432383075665));
#2328 = CARTESIAN_POINT('',(2.749535848124,23.50948113607));
#2329 = CARTESIAN_POINT('',(2.749534536959,23.704429717702));
#2330 = CARTESIAN_POINT('',(2.749532896418,23.822423474886));
#2331 = CARTESIAN_POINT('',(2.749530356349,23.940411592321));
#2332 = CARTESIAN_POINT('',(2.749527493479,24.05837561132));
#2333 = CARTESIAN_POINT('',(2.749525624719,24.176322222198));
#2334 = CARTESIAN_POINT('',(2.749527091095,24.294266842934));
#2335 = CARTESIAN_POINT('',(2.749532048777,24.412218142744));
#2336 = CARTESIAN_POINT('',(2.7495449363,24.645919037809));
#2337 = CARTESIAN_POINT('',(2.749553481896,24.761740118899));
#2338 = CARTESIAN_POINT('',(2.74955898238,24.877574991457));
#2339 = CARTESIAN_POINT('',(2.749558884477,24.993410394516));
#2340 = CARTESIAN_POINT('',(2.749553287068,25.109237262266));
#2341 = CARTESIAN_POINT('',(2.749544941193,25.225050724056));
#2342 = CARTESIAN_POINT('',(2.749539250049,25.340850104387));
#2343 = CARTESIAN_POINT('',(2.749547557287,25.532501099356));
#2344 = CARTESIAN_POINT('',(2.749549714986,25.608374016018));
#2345 = CARTESIAN_POINT('',(2.749550249635,25.6842437064));
#2346 = CARTESIAN_POINT('',(2.749549015112,25.760102484579));
#2347 = CARTESIAN_POINT('',(2.749546211635,25.835948945214));
#2348 = CARTESIAN_POINT('',(2.749542385754,25.911787963551));
#2349 = CARTESIAN_POINT('',(2.749538430358,25.987630695417));
#2350 = CARTESIAN_POINT('',(2.74953558467,26.063494577227));
#2351 = ( GEOMETRIC_REPRESENTATION_CONTEXT(2) 
PARAMETRIC_REPRESENTATION_CONTEXT() REPRESENTATION_CONTEXT('2D SPACE',''
  ) );
#2352 = PCURVE('',#2353,#2358);
#2353 = CYLINDRICAL_SURFACE('',#2354,10.);
#2354 = AXIS2_PLACEMENT_3D('',#2355,#2356,#2357);
#2355 = CARTESIAN_POINT('',(17.994405276015,18.,3.608224830032E-16));
#2356 = DIRECTION('',(0.,0.,1.));
#2357 = DIRECTION('',(1.,0.,0.));
#2358 = DEFINITIONAL_REPRESENTATION('',(#2359),#2425);
#2359 = B_SPLINE_CURVE_WITH_KNOTS('',8,(#2360,#2361,#2362,#2363,#2364,
    #2365,#2366,#2367,#2368,#2369,#2370,#2371,#2372,#2373,#2374,#2375,
    #2376,#2377,#2378,#2379,#2380,#2381,#2382,#2383,#2384,#2385,#2386,
    #2387,#2388,#2389,#2390,#2391,#2392,#2393,#2394,#2395,#2396,#2397,
    #2398,#2399,#2400,#2401,#2402,#2403,#2404,#2405,#2406,#2407,#2408,
    #2409,#2410,#2411,#2412,#2413,#2414,#2415,#2416,#2417,#2418,#2419,
    #2420,#2421,#2422,#2423,#2424),.UNSPECIFIED.,.F.,.F.,(9,7,7,7,7,7,7,
    7,7,9),(0.,0.165155595446,0.25284906883,0.366373548081,
    0.551119121423,0.643749588388,0.714762688591,0.823407953599,
    0.930098682853,1.),.UNSPECIFIED.);
#2360 = CARTESIAN_POINT('',(0.,15.186795572891));
#2361 = CARTESIAN_POINT('',(0.129607562889,15.31055748022));
#2362 = CARTESIAN_POINT('',(0.259485942052,15.434573544897));
#2363 = CARTESIAN_POINT('',(0.389220316039,15.558454744375));
#2364 = CARTESIAN_POINT('',(0.518883581691,15.682279922759));
#2365 = CARTESIAN_POINT('',(0.64854645928,15.806102425759));
#2366 = CARTESIAN_POINT('',(0.778282816945,15.929993468426));
#2367 = CARTESIAN_POINT('',(0.908169183887,16.054025858979));
#2368 = CARTESIAN_POINT('',(1.106624331841,16.243535934001));
#2369 = CARTESIAN_POINT('',(1.175480367396,16.309288212747));
#2370 = CARTESIAN_POINT('',(1.244340565039,16.37504455205));
#2371 = CARTESIAN_POINT('',(1.313191034102,16.44079185743));
#2372 = CARTESIAN_POINT('',(1.382027370264,16.50652600458));
#2373 = CARTESIAN_POINT('',(1.450854655554,16.572251839361));
#2374 = CARTESIAN_POINT('',(1.519687458352,16.637983177806));
#2375 = CARTESIAN_POINT('',(1.677696322446,16.788872602806));
#2376 = CARTESIAN_POINT('',(1.766865328607,16.874024083956));
#2377 = CARTESIAN_POINT('',(1.856041261189,16.95918175859));
#2378 = CARTESIAN_POINT('',(1.945213739009,17.044335340092));
#2379 = CARTESIAN_POINT('',(2.034377590375,17.129479746212));
#2380 = CARTESIAN_POINT('',(2.123532853093,17.214615099057));
#2381 = CARTESIAN_POINT('',(2.212684774463,17.299746725101));
#2382 = CARTESIAN_POINT('',(2.446937957351,17.523436313327));
#2383 = CARTESIAN_POINT('',(2.592460531322,17.662396581793));
#2384 = CARTESIAN_POINT('',(2.737700838627,17.801089257182));
#2385 = CARTESIAN_POINT('',(2.882831437467,17.939681600733));
#2386 = CARTESIAN_POINT('',(3.027962534247,18.078278108692));
#2387 = CARTESIAN_POINT('',(3.173203313192,18.216977526205));
#2388 = CARTESIAN_POINT('',(3.318727529397,18.355944794183));
#2389 = CARTESIAN_POINT('',(3.536569710245,18.563968266164));
#2390 = CARTESIAN_POINT('',(3.609322610563,18.633441366998));
#2391 = CARTESIAN_POINT('',(3.68207871346,18.702917141761));
#2392 = CARTESIAN_POINT('',(3.754836926351,18.77239477299));
#2393 = CARTESIAN_POINT('',(3.827595785671,18.841873060494));
#2394 = CARTESIAN_POINT('',(3.900353456872,18.911350421349));
#2395 = CARTESIAN_POINT('',(3.973107734427,18.980824889903));
#2396 = CARTESIAN_POINT('',(4.10162692383,19.103551165934));
#2397 = CARTESIAN_POINT('',(4.157358324134,19.156770761307));
#2398 = CARTESIAN_POINT('',(4.213080468487,19.209981699139));
#2399 = CARTESIAN_POINT('',(4.268812134779,19.263201835713));
#2400 = CARTESIAN_POINT('',(4.32456065304,19.316438088352));
#2401 = CARTESIAN_POINT('',(4.380321905439,19.369686435418));
#2402 = CARTESIAN_POINT('',(4.436080326286,19.422931916313));
#2403 = CARTESIAN_POINT('',(4.577069873077,19.557566624852));
#2404 = CARTESIAN_POINT('',(4.662404559897,19.639054480121));
#2405 = CARTESIAN_POINT('',(4.747735195833,19.720537823188));
#2406 = CARTESIAN_POINT('',(4.833048542643,19.802004301855));
#2407 = CARTESIAN_POINT('',(4.918349554916,19.883459440285));
#2408 = CARTESIAN_POINT('',(5.003649390619,19.96491549291));
#2409 = CARTESIAN_POINT('',(5.088954165915,20.046378554043));
#2410 = CARTESIAN_POINT('',(5.257971310648,20.207786172198));
#2411 = CARTESIAN_POINT('',(5.341735215299,20.287780521403));
#2412 = CARTESIAN_POINT('',(5.425508938342,20.367782305675));
#2413 = CARTESIAN_POINT('',(5.509282935438,20.447780614594));
#2414 = CARTESIAN_POINT('',(5.593050689006,20.527769254969));
#2415 = CARTESIAN_POINT('',(5.676808708225,20.607746750844));
#2416 = CARTESIAN_POINT('',(5.760556529033,20.687716343492));
#2417 = CARTESIAN_POINT('',(5.899161361482,20.820080269351));
#2418 = CARTESIAN_POINT('',(5.954033787936,20.87248118888));
#2419 = CARTESIAN_POINT('',(6.0089039439,20.924878766506));
#2420 = CARTESIAN_POINT('',(6.063766299447,20.977267593894));
#2421 = CARTESIAN_POINT('',(6.118619844314,21.029646837881));
#2422 = CARTESIAN_POINT('',(6.173468087903,21.082020240466));
#2423 = CARTESIAN_POINT('',(6.228319059281,21.134396118818));
#2424 = CARTESIAN_POINT('',(6.28318530718,21.186787365269));
#2425 = ( GEOMETRIC_REPRESENTATION_CONTEXT(2) 
PARAMETRIC_REPRESENTATION_CONTEXT() REPRESENTATION_CONTEXT('2D SPACE',''
  ) );
#2426 = ORIENTED_EDGE('',*,*,#2427,.T.);
#2427 = EDGE_CURVE('',#2214,#2428,#2430,.T.);
#2428 = VERTEX_POINT('',#2429);
#2429 = CARTESIAN_POINT('',(27.994405276015,18.,27.18678279724));
#2430 = SURFACE_CURVE('',#2431,(#2504,#2580),.PCURVE_S1.);
#2431 = B_SPLINE_CURVE_WITH_KNOTS('',8,(#2432,#2433,#2434,#2435,#2436,
    #2437,#2438,#2439,#2440,#2441,#2442,#2443,#2444,#2445,#2446,#2447,
    #2448,#2449,#2450,#2451,#2452,#2453,#2454,#2455,#2456,#2457,#2458,
    #2459,#2460,#2461,#2462,#2463,#2464,#2465,#2466,#2467,#2468,#2469,
    #2470,#2471,#2472,#2473,#2474,#2475,#2476,#2477,#2478,#2479,#2480,
    #2481,#2482,#2483,#2484,#2485,#2486,#2487,#2488,#2489,#2490,#2491,
    #2492,#2493,#2494,#2495,#2496,#2497,#2498,#2499,#2500,#2501,#2502,
    #2503),.UNSPECIFIED.,.F.,.F.,(9,7,7,7,7,7,7,7,7,7,9),(0.,
    9.731204612122E-02,0.177710574369,0.278639689351,0.39080422629,
    0.490256595022,0.577920406332,0.70820875106,0.846548862023,
    0.914287597488,1.),.UNSPECIFIED.);
#2432 = CARTESIAN_POINT('',(27.994405276015,18.,21.186787365269));
#2433 = CARTESIAN_POINT('',(27.994405276015,18.764119000462,
    21.259752345387));
#2434 = CARTESIAN_POINT('',(27.927611363296,19.528604867008,
    21.332741697425));
#2435 = CARTESIAN_POINT('',(27.794075467268,20.28625808097,
    21.405741345845));
#2436 = CARTESIAN_POINT('',(27.594640037413,21.030175071418,
    21.478741537311));
#2437 = CARTESIAN_POINT('',(27.330938043281,21.75374821516,
    21.551736840682));
#2438 = CARTESIAN_POINT('',(27.005392974497,22.450665836737,
    21.624726147013));
#2439 = CARTESIAN_POINT('',(26.621218840756,23.114912208429,
    21.69771266956));
#2440 = CARTESIAN_POINT('',(25.819887797003,24.257844832906,
    21.831008821282));
#2441 = CARTESIAN_POINT('',(25.420114254554,24.748647469559,
    21.891300474249));
#2442 = CARTESIAN_POINT('',(24.985283749192,25.210118038819,
    21.951586949465));
#2443 = CARTESIAN_POINT('',(24.517863837343,25.639415827635,
    22.011876052405));
#2444 = CARTESIAN_POINT('',(24.020603643266,26.033909053425,
    22.072173257438));
#2445 = CARTESIAN_POINT('',(23.49654802907,26.391198425023,
    22.132478254384));
#2446 = CARTESIAN_POINT('',(22.94906771861,26.709172042427,
    22.192780131377));
#2447 = CARTESIAN_POINT('',(21.669912324982,27.333725479476,
    22.328713089256));
#2448 = CARTESIAN_POINT('',(20.9261718825,27.61701769648,22.404403882032
    ));
#2449 = CARTESIAN_POINT('',(20.157722877506,27.832429671919,
    22.480095073737));
#2450 = CARTESIAN_POINT('',(19.371846113504,27.977528769844,
    22.555786154361));
#2451 = CARTESIAN_POINT('',(18.575981610965,28.050818284924,
    22.631483724685));
#2452 = CARTESIAN_POINT('',(17.777707229056,28.051672882967,
    22.70719369744));
#2453 = CARTESIAN_POINT('',(16.984746472563,27.980418299327,
    22.782911562226));
#2454 = CARTESIAN_POINT('',(15.338395812953,27.680981966225,
    22.94270498841));
#2455 = CARTESIAN_POINT('',(14.487258779714,27.436061009464,
    23.026854753992));
#2456 = CARTESIAN_POINT('',(13.66232988852,27.105634624869,23.1109969983
    ));
#2457 = CARTESIAN_POINT('',(12.873583441097,26.69314298486,
    23.195133657617));
#2458 = CARTESIAN_POINT('',(12.130337197035,26.20322588655,
    23.279278777871));
#2459 = CARTESIAN_POINT('',(11.441224310314,25.641745753149,
    23.363443701059));
#2460 = CARTESIAN_POINT('',(10.814182123972,25.015743384715,
    23.447627643794));
#2461 = CARTESIAN_POINT('',(9.761315222074,23.729441860445,
    23.606361259876));
#2462 = CARTESIAN_POINT('',(9.320428882115,23.080695301017,
    23.680954478176));
#2463 = CARTESIAN_POINT('',(8.938175322993,22.393488912541,
    23.75555128546));
#2464 = CARTESIAN_POINT('',(8.618431695793,21.673972870359,
    23.830156474261));
#2465 = CARTESIAN_POINT('',(8.364242927932,20.928676455222,
    23.904770142848));
#2466 = CARTESIAN_POINT('',(8.17782172316,20.164508053289,
    23.979387695226));
#2467 = CARTESIAN_POINT('',(8.060548561559,19.388755156128,
    24.053999841139));
#2468 = CARTESIAN_POINT('',(7.971034346942,17.921831614875,
    24.194343520625));
#2469 = CARTESIAN_POINT('',(7.983196567816,17.231291654209,
    24.26008619902));
#2470 = CARTESIAN_POINT('',(8.04970894671,16.542552884935,
    24.325822081005));
#2471 = CARTESIAN_POINT('',(8.17030478142,15.860584174987,
    24.391553361515));
#2472 = CARTESIAN_POINT('',(8.344200082994,15.190234854014,
    24.457282980671));
#2473 = CARTESIAN_POINT('',(8.570093575733,14.536234713386,
    24.523014623782));
#2474 = CARTESIAN_POINT('',(8.846166697188,13.903194006187,
    24.58875272134));
#2475 = CARTESIAN_POINT('',(9.651497721358,12.392585804963,
    24.752221485637));
#2476 = CARTESIAN_POINT('',(10.238767396599,11.545419930279,
    24.84998710521));
#2477 = CARTESIAN_POINT('',(10.923898511752,10.769477865207,
    24.947717340858));
#2478 = CARTESIAN_POINT('',(11.69661189281,10.0776156723,25.04541180433)
  );
#2479 = CARTESIAN_POINT('',(12.54495649336,9.480810075807,
    25.143110820566));
#2480 = CARTESIAN_POINT('',(13.455545194311,8.988306782882,
    25.240852016226));
#2481 = CARTESIAN_POINT('',(14.413413213881,8.607280484812,
    25.338624362157));
#2482 = CARTESIAN_POINT('',(16.450648345758,8.06033877071,
    25.540052507425));
#2483 = CARTESIAN_POINT('',(17.535477714896,7.908737462689,
    25.643855014122));
#2484 = CARTESIAN_POINT('',(18.63588398706,7.89288785857,25.747598316172
    ));
#2485 = CARTESIAN_POINT('',(19.732110840119,8.014049197928,
    25.851306197463));
#2486 = CARTESIAN_POINT('',(20.804879353562,8.270306846765,
    25.95502436254));
#2487 = CARTESIAN_POINT('',(21.835357817003,8.656990117581,
    26.05879102723));
#2488 = CARTESIAN_POINT('',(22.805278981417,9.16623984429,
    26.162610617754));
#2489 = CARTESIAN_POINT('',(24.134398408608,10.089035470468,
    26.317120084959));
#2490 = CARTESIAN_POINT('',(24.552842542396,10.418913721867,
    26.367906919902));
#2491 = CARTESIAN_POINT('',(24.95099227899,10.774058110897,
    26.41869177965));
#2492 = CARTESIAN_POINT('',(25.327098981765,11.153028718575,
    26.469484983587));
#2493 = CARTESIAN_POINT('',(25.679519376573,11.554238134827,
    26.520293076377));
#2494 = CARTESIAN_POINT('',(26.006725395087,11.975945086216,
    26.571112052085));
#2495 = CARTESIAN_POINT('',(26.307322847672,12.416235684736,
    26.621928980947));
#2496 = CARTESIAN_POINT('',(26.925207582118,13.450943840274,
    26.737015083274));
#2497 = CARTESIAN_POINT('',(27.225677366457,14.055117728174,
    26.8012594028));
#2498 = CARTESIAN_POINT('',(27.479324117435,14.681695374888,
    26.865490129371));
#2499 = CARTESIAN_POINT('',(27.684304249348,15.326620769968,
    26.929726753062));
#2500 = CARTESIAN_POINT('',(27.839118038372,15.985594482974,
    26.993981880203));
#2501 = CARTESIAN_POINT('',(27.942675559761,16.65406645285,
    27.058257412482));
#2502 = CARTESIAN_POINT('',(27.994405276015,17.327227562707,
    27.122538146998));
#2503 = CARTESIAN_POINT('',(27.994405276015,18.,27.18678279724));
#2504 = PCURVE('',#727,#2505);
#2505 = DEFINITIONAL_REPRESENTATION('',(#2506),#2579);
#2506 = B_SPLINE_CURVE_WITH_KNOTS('',8,(#2507,#2508,#2509,#2510,#2511,
    #2512,#2513,#2514,#2515,#2516,#2517,#2518,#2519,#2520,#2521,#2522,
    #2523,#2524,#2525,#2526,#2527,#2528,#2529,#2530,#2531,#2532,#2533,
    #2534,#2535,#2536,#2537,#2538,#2539,#2540,#2541,#2542,#2543,#2544,
    #2545,#2546,#2547,#2548,#2549,#2550,#2551,#2552,#2553,#2554,#2555,
    #2556,#2557,#2558,#2559,#2560,#2561,#2562,#2563,#2564,#2565,#2566,
    #2567,#2568,#2569,#2570,#2571,#2572,#2573,#2574,#2575,#2576,#2577,
    #2578),.UNSPECIFIED.,.F.,.F.,(9,7,7,7,7,7,7,7,7,7,9),(0.,
    9.731204612122E-02,0.177710574369,0.278639689351,0.39080422629,
    0.490256595022,0.577920406332,0.70820875106,0.846548862023,
    0.914287597488,1.),.UNSPECIFIED.);
#2507 = CARTESIAN_POINT('',(2.74953558467,26.063494577227));
#2508 = CARTESIAN_POINT('',(2.749531621496,26.169149758255));
#2509 = CARTESIAN_POINT('',(2.749529381997,26.274838516447));
#2510 = CARTESIAN_POINT('',(2.74952870898,26.380540627015));
#2511 = CARTESIAN_POINT('',(2.749529326327,26.486242241757));
#2512 = CARTESIAN_POINT('',(2.749530838997,26.59193588906));
#2513 = CARTESIAN_POINT('',(2.749532733021,26.697620473895));
#2514 = CARTESIAN_POINT('',(2.749534375508,26.803301277821));
#2515 = CARTESIAN_POINT('',(2.749535542687,26.996309204205));
#2516 = CARTESIAN_POINT('',(2.749535670715,27.083609698125));
#2517 = CARTESIAN_POINT('',(2.749535367015,27.170903123786));
#2518 = CARTESIAN_POINT('',(2.749534803036,27.258200612935));
#2519 = CARTESIAN_POINT('',(2.749534230733,27.345509841961));
#2520 = CARTESIAN_POINT('',(2.749533885018,27.432830128313));
#2521 = CARTESIAN_POINT('',(2.749533911321,27.520145527416));
#2522 = CARTESIAN_POINT('',(2.749534829125,27.716971722889));
#2523 = CARTESIAN_POINT('',(2.749535943649,27.8265687588));
#2524 = CARTESIAN_POINT('',(2.749537700937,27.936165733683));
#2525 = CARTESIAN_POINT('',(2.749539862395,28.045762146129));
#2526 = CARTESIAN_POINT('',(2.7495418944,28.155368084106));
#2527 = CARTESIAN_POINT('',(2.749543251681,28.264992650878));
#2528 = CARTESIAN_POINT('',(2.749543661709,28.374629586304));
#2529 = CARTESIAN_POINT('',(2.74954249761,28.60600713876));
#2530 = CARTESIAN_POINT('',(2.749540697269,28.727855426137));
#2531 = CARTESIAN_POINT('',(2.749537690949,28.849694021208));
#2532 = CARTESIAN_POINT('',(2.74953386178,28.971525346976));
#2533 = CARTESIAN_POINT('',(2.749530055178,29.093368901519));
#2534 = CARTESIAN_POINT('',(2.749527147399,29.215240237062));
#2535 = CARTESIAN_POINT('',(2.74952558721,29.337137773378));
#2536 = CARTESIAN_POINT('',(2.749525251547,29.566979927398));
#2537 = CARTESIAN_POINT('',(2.749526318926,29.674987753121));
#2538 = CARTESIAN_POINT('',(2.749528377138,29.782999791075));
#2539 = CARTESIAN_POINT('',(2.749531137278,29.891023267777));
#2540 = CARTESIAN_POINT('',(2.749534255829,29.999058666843));
#2541 = CARTESIAN_POINT('',(2.74953733466,30.107099728997));
#2542 = CARTESIAN_POINT('',(2.749539921031,30.215133452065));
#2543 = CARTESIAN_POINT('',(2.749542906083,30.418344194547));
#2544 = CARTESIAN_POINT('',(2.749543596884,30.513537061097));
#2545 = CARTESIAN_POINT('',(2.749543551596,30.608720818031));
#2546 = CARTESIAN_POINT('',(2.749542823458,30.703898590655));
#2547 = CARTESIAN_POINT('',(2.749541547341,30.799074502171));
#2548 = CARTESIAN_POINT('',(2.749539939747,30.894253673679));
#2549 = CARTESIAN_POINT('',(2.749538298811,30.989442224177));
#2550 = CARTESIAN_POINT('',(2.749535080361,31.226143604308));
#2551 = CARTESIAN_POINT('',(2.749533683487,31.367706865175));
#2552 = CARTESIAN_POINT('',(2.749533691307,31.509217495375));
#2553 = CARTESIAN_POINT('',(2.749535013708,31.650675022265));
#2554 = CARTESIAN_POINT('',(2.749536574896,31.792138904166));
#2555 = CARTESIAN_POINT('',(2.749536866455,31.933665122225));
#2556 = CARTESIAN_POINT('',(2.749535071408,32.07523851831));
#2557 = CARTESIAN_POINT('',(2.74953030426,32.366905555415));
#2558 = CARTESIAN_POINT('',(2.749527041079,32.517211913802));
#2559 = CARTESIAN_POINT('',(2.749525247525,32.667431085244));
#2560 = CARTESIAN_POINT('',(2.749525793421,32.817596643903));
#2561 = CARTESIAN_POINT('',(2.749536138085,32.967767356913));
#2562 = CARTESIAN_POINT('',(2.749553774513,33.118001050687));
#2563 = CARTESIAN_POINT('',(2.74955958204,33.268323133008));
#2564 = CARTESIAN_POINT('',(2.749553574535,33.492054473701));
#2565 = CARTESIAN_POINT('',(2.749550876845,33.565595065633));
#2566 = CARTESIAN_POINT('',(2.74954104189,33.639139889353));
#2567 = CARTESIAN_POINT('',(2.749534429394,33.712693593284));
#2568 = CARTESIAN_POINT('',(2.749537421179,33.786259312747));
#2569 = CARTESIAN_POINT('',(2.749545107605,33.859836125645));
#2570 = CARTESIAN_POINT('',(2.749547412369,33.93341532218));
#2571 = CARTESIAN_POINT('',(2.749550228791,34.100053969464));
#2572 = CARTESIAN_POINT('',(2.749548971177,34.19307919042));
#2573 = CARTESIAN_POINT('',(2.749544627515,34.286087795535));
#2574 = CARTESIAN_POINT('',(2.749539215474,34.379106001088));
#2575 = CARTESIAN_POINT('',(2.749534682369,34.472150125786));
#2576 = CARTESIAN_POINT('',(2.749531782739,34.565222173489));
#2577 = CARTESIAN_POINT('',(2.749530176787,34.658300468447));
#2578 = CARTESIAN_POINT('',(2.749529749705,34.751325343034));
#2579 = ( GEOMETRIC_REPRESENTATION_CONTEXT(2) 
PARAMETRIC_REPRESENTATION_CONTEXT() REPRESENTATION_CONTEXT('2D SPACE',''
  ) );
#2580 = PCURVE('',#2581,#2586);
#2581 = CYLINDRICAL_SURFACE('',#2582,10.);
#2582 = AXIS2_PLACEMENT_3D('',#2583,#2584,#2585);
#2583 = CARTESIAN_POINT('',(17.994405276015,18.,3.608224830032E-16));
#2584 = DIRECTION('',(0.,0.,1.));
#2585 = DIRECTION('',(1.,0.,0.));
#2586 = DEFINITIONAL_REPRESENTATION('',(#2587),#2660);
#2587 = B_SPLINE_CURVE_WITH_KNOTS('',8,(#2588,#2589,#2590,#2591,#2592,
    #2593,#2594,#2595,#2596,#2597,#2598,#2599,#2600,#2601,#2602,#2603,
    #2604,#2605,#2606,#2607,#2608,#2609,#2610,#2611,#2612,#2613,#2614,
    #2615,#2616,#2617,#2618,#2619,#2620,#2621,#2622,#2623,#2624,#2625,
    #2626,#2627,#2628,#2629,#2630,#2631,#2632,#2633,#2634,#2635,#2636,
    #2637,#2638,#2639,#2640,#2641,#2642,#2643,#2644,#2645,#2646,#2647,
    #2648,#2649,#2650,#2651,#2652,#2653,#2654,#2655,#2656,#2657,#2658,
    #2659),.UNSPECIFIED.,.F.,.F.,(9,7,7,7,7,7,7,7,7,7,9),(0.,
    9.731204612122E-02,0.177710574369,0.278639689351,0.39080422629,
    0.490256595022,0.577920406332,0.70820875106,0.846548862023,
    0.914287597488,1.),.UNSPECIFIED.);
#2588 = CARTESIAN_POINT('',(0.,21.186787365269));
#2589 = CARTESIAN_POINT('',(7.641190004622E-02,21.259752345387));
#2590 = CARTESIAN_POINT('',(0.1528480594,21.332741697425));
#2591 = CARTESIAN_POINT('',(0.22929376622,21.405741345845));
#2592 = CARTESIAN_POINT('',(0.30573895934,21.478741537311));
#2593 = CARTESIAN_POINT('',(0.382178228273,21.551736840682));
#2594 = CARTESIAN_POINT('',(0.458610813208,21.624726147013));
#2595 = CARTESIAN_POINT('',(0.535040605009,21.69771266956));
#2596 = CARTESIAN_POINT('',(0.67462665108,21.831008821282));
#2597 = CARTESIAN_POINT('',(0.737763614249,21.891300474249));
#2598 = CARTESIAN_POINT('',(0.800895517334,21.951586949465));
#2599 = CARTESIAN_POINT('',(0.86403043535,22.011876052405));
#2600 = CARTESIAN_POINT('',(0.927173928263,22.072173257438));
#2601 = CARTESIAN_POINT('',(0.99032549355,22.132478254384));
#2602 = CARTESIAN_POINT('',(1.053473578755,22.192780131377));
#2603 = CARTESIAN_POINT('',(1.195821937255,22.328713089256));
#2604 = CARTESIAN_POINT('',(1.275084598943,22.404403882032));
#2605 = CARTESIAN_POINT('',(1.354347222868,22.480095073737));
#2606 = CARTESIAN_POINT('',(1.43360939254,22.555786154361));
#2607 = CARTESIAN_POINT('',(1.512878368734,22.631483724685));
#2608 = CARTESIAN_POINT('',(1.592160729827,22.70719369744));
#2609 = CARTESIAN_POINT('',(1.67145196798,22.782911562226));
#2610 = CARTESIAN_POINT('',(1.83878793578,22.94270498841));
#2611 = CARTESIAN_POINT('',(1.926910524388,23.026854753992));
#2612 = CARTESIAN_POINT('',(2.01502608578,23.1109969983));
#2613 = CARTESIAN_POINT('',(2.103136419339,23.195133657617));
#2614 = CARTESIAN_POINT('',(2.191255661396,23.279278777871));
#2615 = CARTESIAN_POINT('',(2.279395053263,23.363443701059));
#2616 = CARTESIAN_POINT('',(2.367553424888,23.447627643794));
#2617 = CARTESIAN_POINT('',(2.533779184759,23.606361259876));
#2618 = CARTESIAN_POINT('',(2.611892288789,23.680954478176));
#2619 = CARTESIAN_POINT('',(2.690008415743,23.75555128546));
#2620 = CARTESIAN_POINT('',(2.768132775644,23.830156474261));
#2621 = CARTESIAN_POINT('',(2.846265714207,23.904770142848));
#2622 = CARTESIAN_POINT('',(2.924402712844,23.979387695226));
#2623 = CARTESIAN_POINT('',(3.002534388656,24.053999841139));
#2624 = CARTESIAN_POINT('',(3.149499604625,24.194343520625));
#2625 = CARTESIAN_POINT('',(3.218344596452,24.26008619902));
#2626 = CARTESIAN_POINT('',(3.287183036802,24.325822081005));
#2627 = CARTESIAN_POINT('',(3.356017203832,24.391553361515));
#2628 = CARTESIAN_POINT('',(3.424850086981,24.457282980671));
#2629 = CARTESIAN_POINT('',(3.493685386967,24.523014623782));
#2630 = CARTESIAN_POINT('',(3.562527515788,24.58875272134));
#2631 = CARTESIAN_POINT('',(3.733714407695,24.752221485637));
#2632 = CARTESIAN_POINT('',(3.836095661017,24.84998710521));
#2633 = CARTESIAN_POINT('',(3.938438828033,24.947717340858));
#2634 = CARTESIAN_POINT('',(4.040743400522,25.04541180433));
#2635 = CARTESIAN_POINT('',(4.143052281875,25.143110820566));
#2636 = CARTESIAN_POINT('',(4.245406005189,25.240852016226));
#2637 = CARTESIAN_POINT('',(4.347793778301,25.338624362157));
#2638 = CARTESIAN_POINT('',(4.558731499469,25.540052507425));
#2639 = CARTESIAN_POINT('',(4.667435305666,25.643855014122));
#2640 = CARTESIAN_POINT('',(4.776076326297,25.747598316172));
#2641 = CARTESIAN_POINT('',(4.884679121687,25.851306197463));
#2642 = CARTESIAN_POINT('',(4.993285974454,25.95502436254));
#2643 = CARTESIAN_POINT('',(5.101938084705,26.05879102723));
#2644 = CARTESIAN_POINT('',(5.210653383385,26.162610617754));
#2645 = CARTESIAN_POINT('',(5.3724591379,26.317120084959));
#2646 = CARTESIAN_POINT('',(5.425644634451,26.367906919902));
#2647 = CARTESIAN_POINT('',(5.47883342123,26.41869177965));
#2648 = CARTESIAN_POINT('',(5.532028720464,26.469484983587));
#2649 = CARTESIAN_POINT('',(5.5852326094,26.520293076377));
#2650 = CARTESIAN_POINT('',(5.638444399721,26.571112052085));
#2651 = CARTESIAN_POINT('',(5.691657932688,26.621928980947));
#2652 = CARTESIAN_POINT('',(5.812173596077,26.737015083274));
#2653 = CARTESIAN_POINT('',(5.879450981587,26.8012594028));
#2654 = CARTESIAN_POINT('',(5.946716515342,26.865490129371));
#2655 = CARTESIAN_POINT('',(6.013989122502,26.929726753062));
#2656 = CARTESIAN_POINT('',(6.081280523226,26.993981880203));
#2657 = CARTESIAN_POINT('',(6.148592081403,27.058257412482));
#2658 = CARTESIAN_POINT('',(6.21590806345,27.122538146998));
#2659 = CARTESIAN_POINT('',(6.28318530718,27.18678279724));
#2660 = ( GEOMETRIC_REPRESENTATION_CONTEXT(2) 
PARAMETRIC_REPRESENTATION_CONTEXT() REPRESENTATION_CONTEXT('2D SPACE',''
  ) );
#2661 = ORIENTED_EDGE('',*,*,#2662,.T.);
#2662 = EDGE_CURVE('',#2428,#2663,#2665,.T.);
#2663 = VERTEX_POINT('',#2664);
#2664 = CARTESIAN_POINT('',(27.994405276015,18.,33.186784167771));
#2665 = SURFACE_CURVE('',#2666,(#2732,#2801),.PCURVE_S1.);
#2666 = B_SPLINE_CURVE_WITH_KNOTS('',8,(#2667,#2668,#2669,#2670,#2671,
    #2672,#2673,#2674,#2675,#2676,#2677,#2678,#2679,#2680,#2681,#2682,
    #2683,#2684,#2685,#2686,#2687,#2688,#2689,#2690,#2691,#2692,#2693,
    #2694,#2695,#2696,#2697,#2698,#2699,#2700,#2701,#2702,#2703,#2704,
    #2705,#2706,#2707,#2708,#2709,#2710,#2711,#2712,#2713,#2714,#2715,
    #2716,#2717,#2718,#2719,#2720,#2721,#2722,#2723,#2724,#2725,#2726,
    #2727,#2728,#2729,#2730,#2731),.UNSPECIFIED.,.F.,.F.,(9,7,7,7,7,7,7,
    7,7,9),(0.,0.136827481492,0.243191953534,0.36581515365,
    0.473252739501,0.608533216979,0.737289642093,0.824074082756,
    0.935260022439,1.),.UNSPECIFIED.);
#2667 = CARTESIAN_POINT('',(27.994405276015,18.,27.18678279724));
#2668 = CARTESIAN_POINT('',(27.994405276015,19.07427287852,
    27.289367685561));
#2669 = CARTESIAN_POINT('',(27.8625122151,20.149765010074,27.39207110487
    ));
#2670 = CARTESIAN_POINT('',(27.598204619752,21.205905692654,
    27.494733011841));
#2671 = CARTESIAN_POINT('',(27.205345755475,22.22374294189,
    27.597357883537));
#2672 = CARTESIAN_POINT('',(26.690405610214,23.185529971042,
    27.699975382908));
#2673 = CARTESIAN_POINT('',(26.062655099881,24.074858432006,
    27.802620929992));
#2674 = CARTESIAN_POINT('',(25.333836768614,24.876578471924,
    27.905314789955));
#2675 = CARTESIAN_POINT('',(23.886639738206,26.122763055698,
    28.087687580955));
#2676 = CARTESIAN_POINT('',(23.201416068951,26.607528327466,
    28.167459267872));
#2677 = CARTESIAN_POINT('',(22.470997063764,27.02599762958,
    28.247237932966));
#2678 = CARTESIAN_POINT('',(21.702904755453,27.373261670567,
    28.327021796456));
#2679 = CARTESIAN_POINT('',(20.905113104752,27.645521369678,
    28.406807914393));
#2680 = CARTESIAN_POINT('',(20.086048000324,27.840087856887,
    28.48659217866));
#2681 = CARTESIAN_POINT('',(19.254587258759,27.955382472889,
    28.56636931697));
#2682 = CARTESIAN_POINT('',(17.457969387701,28.031925846529,
    28.738089020154));
#2683 = CARTESIAN_POINT('',(16.490763265576,27.966942620119,
    28.830062659261));
#2684 = CARTESIAN_POINT('',(15.53290954552,27.795511563122,
    28.922048807117));
#2685 = CARTESIAN_POINT('',(14.598167245512,27.519159150806,
    29.014041994006));
#2686 = CARTESIAN_POINT('',(13.699587114189,27.14141386046,
    29.106036283572));
#2687 = CARTESIAN_POINT('',(12.849511630845,26.667806171393,
    29.198025272818));
#2688 = CARTESIAN_POINT('',(12.05957500543,26.105868564936,
    29.290002092103));
#2689 = CARTESIAN_POINT('',(10.71085618759,24.903750639847,
    29.46252875667));
#2690 = CARTESIAN_POINT('',(10.134950949913,24.281397577895,
    29.543107661427));
#2691 = CARTESIAN_POINT('',(9.620105964816,23.604502474965,
    29.62369399042));
#2692 = CARTESIAN_POINT('',(9.17235141362,22.880101173731,
    29.704284982931));
#2693 = CARTESIAN_POINT('',(8.796629159668,22.115839223163,
    29.784877246523));
#2694 = CARTESIAN_POINT('',(8.496792748335,21.319971878522,
    29.865466757041));
#2695 = CARTESIAN_POINT('',(8.275607407018,20.501364101362,
    29.946048858615));
#2696 = CARTESIAN_POINT('',(7.957388919429,18.622033572773,
    30.128067560912));
#2697 = CARTESIAN_POINT('',(7.90706767282,17.552173490949,
    30.229596075269));
#2698 = CARTESIAN_POINT('',(7.987376597759,16.479266223747,
    30.331085108955));
#2699 = CARTESIAN_POINT('',(8.197865531923,15.421798130457,
    30.432530051076));
#2700 = CARTESIAN_POINT('',(8.535190273749,14.397653883086,
    30.533979901595));
#2701 = CARTESIAN_POINT('',(8.993486609096,13.424128479915,
    30.635478390699));
#2702 = CARTESIAN_POINT('',(9.563971949038,12.51768340951,
    30.737006693539));
#2703 = CARTESIAN_POINT('',(10.871275227385,10.908960245442,
    30.934957643712));
#2704 = CARTESIAN_POINT('',(11.599742754052,10.19771245478,
    31.031538614004));
#2705 = CARTESIAN_POINT('',(12.408808681061,9.572759894775,
    31.128080642846));
#2706 = CARTESIAN_POINT('',(13.286398394154,9.044428184477,
    31.224600717009));
#2707 = CARTESIAN_POINT('',(14.219233263089,8.620964073175,
    31.321127658868));
#2708 = CARTESIAN_POINT('',(15.192978369922,8.308745690557,
    31.417688748426));
#2709 = CARTESIAN_POINT('',(16.192122825463,8.111956655139,
    31.514291423405));
#2710 = CARTESIAN_POINT('',(17.878793382105,7.977487305155,
    31.675871091754));
#2711 = CARTESIAN_POINT('',(18.562295671226,7.976206153866,
    31.740939504879));
#2712 = CARTESIAN_POINT('',(19.245238762373,8.028209797369,
    31.806018731609));
#2713 = CARTESIAN_POINT('',(19.922755547132,8.133381545714,
    31.871106580459));
#2714 = CARTESIAN_POINT('',(20.590059568016,8.2910642296,31.936198530135
    ));
#2715 = CARTESIAN_POINT('',(21.242445018472,8.50006020037,
    32.001287729537));
#2716 = CARTESIAN_POINT('',(21.875286742873,8.758631330014,
    32.066364997757));
#2717 = CARTESIAN_POINT('',(23.26395917948,9.456368628446,
    32.214764073005));
#2718 = CARTESIAN_POINT('',(24.005354038728,9.926320998599,
    32.298168104354));
#2719 = CARTESIAN_POINT('',(24.698404853517,10.469670715526,
    32.381550521288));
#2720 = CARTESIAN_POINT('',(25.334652047936,11.080360490697,
    32.464982983859));
#2721 = CARTESIAN_POINT('',(25.906694167224,11.75145479558,
    32.548318805789));
#2722 = CARTESIAN_POINT('',(26.408117459639,12.475110033707,
    32.63170501528));
#2723 = CARTESIAN_POINT('',(26.83352324634,13.242684847277,
    32.715086555555));
#2724 = CARTESIAN_POINT('',(27.379884895222,14.511284510905,
    32.84698071156));
#2725 = CARTESIAN_POINT('',(27.553888235284,14.989951651873,
    32.89553288716));
#2726 = CARTESIAN_POINT('',(27.699961697872,15.478497233427,
    32.94408821695));
#2727 = CARTESIAN_POINT('',(27.817444105926,15.974950047372,
    32.992640308909));
#2728 = CARTESIAN_POINT('',(27.905858657108,16.477324709059,
    33.041186560088));
#2729 = CARTESIAN_POINT('',(27.964895421477,16.983626636098,
    33.089726248308));
#2730 = CARTESIAN_POINT('',(27.994405276015,17.491854478467,
    33.138259076224));
#2731 = CARTESIAN_POINT('',(27.994405276015,18.,33.186784167771));
#2732 = PCURVE('',#727,#2733);
#2733 = DEFINITIONAL_REPRESENTATION('',(#2734),#2800);
#2734 = B_SPLINE_CURVE_WITH_KNOTS('',8,(#2735,#2736,#2737,#2738,#2739,
    #2740,#2741,#2742,#2743,#2744,#2745,#2746,#2747,#2748,#2749,#2750,
    #2751,#2752,#2753,#2754,#2755,#2756,#2757,#2758,#2759,#2760,#2761,
    #2762,#2763,#2764,#2765,#2766,#2767,#2768,#2769,#2770,#2771,#2772,
    #2773,#2774,#2775,#2776,#2777,#2778,#2779,#2780,#2781,#2782,#2783,
    #2784,#2785,#2786,#2787,#2788,#2789,#2790,#2791,#2792,#2793,#2794,
    #2795,#2796,#2797,#2798,#2799),.UNSPECIFIED.,.F.,.F.,(9,7,7,7,7,7,7,
    7,7,9),(0.,0.136827481492,0.243191953534,0.36581515365,
    0.473252739501,0.608533216979,0.737289642093,0.824074082756,
    0.935260022439,1.),.UNSPECIFIED.);
#2735 = CARTESIAN_POINT('',(2.749529749705,34.751325343034));
#2736 = CARTESIAN_POINT('',(2.749529067748,34.899866059415));
#2737 = CARTESIAN_POINT('',(2.749531260269,35.048575549181));
#2738 = CARTESIAN_POINT('',(2.749535084215,35.197223309222));
#2739 = CARTESIAN_POINT('',(2.749536977554,35.345819361531));
#2740 = CARTESIAN_POINT('',(2.749536140405,35.494407451997));
#2741 = CARTESIAN_POINT('',(2.749534751153,35.643036703352));
#2742 = CARTESIAN_POINT('',(2.749533910683,35.791735365117));
#2743 = CARTESIAN_POINT('',(2.749534209751,36.055805750196));
#2744 = CARTESIAN_POINT('',(2.749535151324,36.171311978122));
#2745 = CARTESIAN_POINT('',(2.749536733083,36.286827674148));
#2746 = CARTESIAN_POINT('',(2.749538712619,36.402350502064));
#2747 = CARTESIAN_POINT('',(2.749540775701,36.517876511343));
#2748 = CARTESIAN_POINT('',(2.749542536274,36.633400137139));
#2749 = CARTESIAN_POINT('',(2.749543536461,36.74891420029));
#2750 = CARTESIAN_POINT('',(2.749542912345,36.997560130535));
#2751 = CARTESIAN_POINT('',(2.749540766811,37.130737510154));
#2752 = CARTESIAN_POINT('',(2.749537436624,37.263934179192));
#2753 = CARTESIAN_POINT('',(2.749533555618,37.39714158786));
#2754 = CARTESIAN_POINT('',(2.749529764798,37.530350503563));
#2755 = CARTESIAN_POINT('',(2.749526712335,37.663551010901));
#2756 = CARTESIAN_POINT('',(2.749525053571,37.796732511663));
#2757 = CARTESIAN_POINT('',(2.749525799244,38.046545538284));
#2758 = CARTESIAN_POINT('',(2.749527633645,38.163219707848));
#2759 = CARTESIAN_POINT('',(2.749530452732,38.279903649088));
#2760 = CARTESIAN_POINT('',(2.749533770106,38.39659384786));
#2761 = CARTESIAN_POINT('',(2.74953711446,38.513285860315));
#2762 = CARTESIAN_POINT('',(2.749540029576,38.629974312898));
#2763 = CARTESIAN_POINT('',(2.749542074331,38.74665290235));
#2764 = CARTESIAN_POINT('',(2.74954376499,39.010209194205));
#2765 = CARTESIAN_POINT('',(2.749543066495,39.157220327171));
#2766 = CARTESIAN_POINT('',(2.749540404972,39.304176243749));
#2767 = CARTESIAN_POINT('',(2.749537091502,39.451068964766));
#2768 = CARTESIAN_POINT('',(2.74953463202,39.597967944463));
#2769 = CARTESIAN_POINT('',(2.74953381914,39.744935715362));
#2770 = CARTESIAN_POINT('',(2.749534354287,39.891945316278));
#2771 = CARTESIAN_POINT('',(2.749535614838,40.178571483208));
#2772 = CARTESIAN_POINT('',(2.749536368454,40.31841726839));
#2773 = CARTESIAN_POINT('',(2.749536499707,40.45820728584));
#2774 = CARTESIAN_POINT('',(2.749534715297,40.59796741699));
#2775 = CARTESIAN_POINT('',(2.749530760218,40.737739649199));
#2776 = CARTESIAN_POINT('',(2.749526810105,40.877561321377));
#2777 = CARTESIAN_POINT('',(2.749526583432,41.017439508378));
#2778 = CARTESIAN_POINT('',(2.749532422374,41.251396530951));
#2779 = CARTESIAN_POINT('',(2.749537308015,41.345608912223));
#2780 = CARTESIAN_POINT('',(2.749543491811,41.439835661403));
#2781 = CARTESIAN_POINT('',(2.749549764054,41.534074807273));
#2782 = CARTESIAN_POINT('',(2.749554941844,41.62832097849));
#2783 = CARTESIAN_POINT('',(2.749557869089,41.722565403583));
#2784 = CARTESIAN_POINT('',(2.749557416506,41.816795910953));
#2785 = CARTESIAN_POINT('',(2.749546159175,42.031684792011));
#2786 = CARTESIAN_POINT('',(2.749537279259,42.152460311762));
#2787 = CARTESIAN_POINT('',(2.749514601816,42.273218243567));
#2788 = CARTESIAN_POINT('',(2.749587993168,42.393953184217));
#2789 = CARTESIAN_POINT('',(2.749536826545,42.514671955489));
#2790 = CARTESIAN_POINT('',(2.749550872839,42.635398889486));
#2791 = CARTESIAN_POINT('',(2.749541056218,42.756142773364));
#2792 = CARTESIAN_POINT('',(2.74953357169,42.947129245867));
#2793 = CARTESIAN_POINT('',(2.749531272639,43.017433717693));
#2794 = CARTESIAN_POINT('',(2.749529758742,43.087741976548));
#2795 = CARTESIAN_POINT('',(2.749529100244,43.158044697166));
#2796 = CARTESIAN_POINT('',(2.749529180902,43.228338226055));
#2797 = CARTESIAN_POINT('',(2.749529776636,43.29862174017));
#2798 = CARTESIAN_POINT('',(2.749530639645,43.368895055186));
#2799 = CARTESIAN_POINT('',(2.749531587981,43.439157083374));
#2800 = ( GEOMETRIC_REPRESENTATION_CONTEXT(2) 
PARAMETRIC_REPRESENTATION_CONTEXT() REPRESENTATION_CONTEXT('2D SPACE',''
  ) );
#2801 = PCURVE('',#2802,#2807);
#2802 = CYLINDRICAL_SURFACE('',#2803,10.);
#2803 = AXIS2_PLACEMENT_3D('',#2804,#2805,#2806);
#2804 = CARTESIAN_POINT('',(17.994405276015,18.,3.608224830032E-16));
#2805 = DIRECTION('',(0.,0.,1.));
#2806 = DIRECTION('',(1.,0.,0.));
#2807 = DEFINITIONAL_REPRESENTATION('',(#2808),#2874);
#2808 = B_SPLINE_CURVE_WITH_KNOTS('',8,(#2809,#2810,#2811,#2812,#2813,
    #2814,#2815,#2816,#2817,#2818,#2819,#2820,#2821,#2822,#2823,#2824,
    #2825,#2826,#2827,#2828,#2829,#2830,#2831,#2832,#2833,#2834,#2835,
    #2836,#2837,#2838,#2839,#2840,#2841,#2842,#2843,#2844,#2845,#2846,
    #2847,#2848,#2849,#2850,#2851,#2852,#2853,#2854,#2855,#2856,#2857,
    #2858,#2859,#2860,#2861,#2862,#2863,#2864,#2865,#2866,#2867,#2868,
    #2869,#2870,#2871,#2872,#2873),.UNSPECIFIED.,.F.,.F.,(9,7,7,7,7,7,7,
    7,7,9),(0.,0.136827481492,0.243191953534,0.36581515365,
    0.473252739501,0.608533216979,0.737289642093,0.824074082756,
    0.935260022439,1.),.UNSPECIFIED.);
#2809 = CARTESIAN_POINT('',(0.,27.18678279724));
#2810 = CARTESIAN_POINT('',(0.107427287852,27.289367685561));
#2811 = CARTESIAN_POINT('',(0.214976367328,27.39207110487));
#2812 = CARTESIAN_POINT('',(0.322480468712,27.494733011841));
#2813 = CARTESIAN_POINT('',(0.429946994326,27.597357883537));
#2814 = CARTESIAN_POINT('',(0.537407948685,27.699975382908));
#2815 = CARTESIAN_POINT('',(0.644898949322,27.802620929992));
#2816 = CARTESIAN_POINT('',(0.752440386904,27.905314789955));
#2817 = CARTESIAN_POINT('',(0.943420890141,28.087687580955));
#2818 = CARTESIAN_POINT('',(1.026957190728,28.167459267872));
#2819 = CARTESIAN_POINT('',(1.110500357878,28.247237932966));
#2820 = CARTESIAN_POINT('',(1.194048645115,28.327021796456));
#2821 = CARTESIAN_POINT('',(1.277599159176,28.406807914393));
#2822 = CARTESIAN_POINT('',(1.361147860013,28.48659217866));
#2823 = CARTESIAN_POINT('',(1.444689560793,28.56636931697));
#2824 = CARTESIAN_POINT('',(1.624514327237,28.738089020154));
#2825 = CARTESIAN_POINT('',(1.72083028194,28.830062659261));
#2826 = CARTESIAN_POINT('',(1.817160178208,28.922048807117));
#2827 = CARTESIAN_POINT('',(1.913497883004,29.014041994006));
#2828 = CARTESIAN_POINT('',(2.009836744061,29.106036283572));
#2829 = CARTESIAN_POINT('',(2.106169589874,29.198025272818));
#2830 = CARTESIAN_POINT('',(2.202488729705,29.290002092103));
#2831 = CARTESIAN_POINT('',(2.383157762896,29.46252875667));
#2832 = CARTESIAN_POINT('',(2.46753850248,29.543107661427));
#2833 = CARTESIAN_POINT('',(2.551926273199,29.62369399042));
#2834 = CARTESIAN_POINT('',(2.636318519465,29.704284982931));
#2835 = CARTESIAN_POINT('',(2.720712029237,29.784877246523));
#2836 = CARTESIAN_POINT('',(2.805102934024,29.865466757041));
#2837 = CARTESIAN_POINT('',(2.889486708885,29.946048858615));
#2838 = CARTESIAN_POINT('',(3.080094847262,30.128067560912));
#2839 = CARTESIAN_POINT('',(3.186415729376,30.229596075269));
#2840 = CARTESIAN_POINT('',(3.292696817192,30.331085108955));
#2841 = CARTESIAN_POINT('',(3.398932385182,30.432530051076));
#2842 = CARTESIAN_POINT('',(3.505172608157,30.533979901595));
#2843 = CARTESIAN_POINT('',(3.611462556995,30.635478390699));
#2844 = CARTESIAN_POINT('',(3.717782565779,30.737006693539));
#2845 = CARTESIAN_POINT('',(3.925075404058,30.934957643712));
#2846 = CARTESIAN_POINT('',(4.026214024142,31.031538614004));
#2847 = CARTESIAN_POINT('',(4.127312105672,31.128080642846));
#2848 = CARTESIAN_POINT('',(4.228388403578,31.224600717009));
#2849 = CARTESIAN_POINT('',(4.329473523114,31.321127658868));
#2850 = CARTESIAN_POINT('',(4.430594720613,31.417688748426));
#2851 = CARTESIAN_POINT('',(4.531757144048,31.514291423405));
#2852 = CARTESIAN_POINT('',(4.70095937727,31.675871091754));
#2853 = CARTESIAN_POINT('',(4.7690957204,31.740939504879));
#2854 = CARTESIAN_POINT('',(4.837242443115,31.806018731609));
#2855 = CARTESIAN_POINT('',(4.905398022908,31.871106580459));
#2856 = CARTESIAN_POINT('',(4.973558523959,31.936198530135));
#2857 = CARTESIAN_POINT('',(5.041717597137,32.001287729537));
#2858 = CARTESIAN_POINT('',(5.109866479998,32.066364997757));
#2859 = CARTESIAN_POINT('',(5.265277176986,32.214764073005));
#2860 = CARTESIAN_POINT('',(5.352623638171,32.298168104354));
#2861 = CARTESIAN_POINT('',(5.439959061113,32.381550521288));
#2862 = CARTESIAN_POINT('',(5.527274111285,32.464982983859));
#2863 = CARTESIAN_POINT('',(5.614581162445,32.548318805789));
#2864 = CARTESIAN_POINT('',(5.701892597355,32.63170501528));
#2865 = CARTESIAN_POINT('',(5.789217038746,32.715086555555));
#2866 = CARTESIAN_POINT('',(5.927342205096,32.84698071156));
#2867 = CARTESIAN_POINT('',(5.978187779309,32.89553288716));
#2868 = CARTESIAN_POINT('',(6.029036063676,32.94408821695));
#2869 = CARTESIAN_POINT('',(6.079880288791,32.992640308909));
#2870 = CARTESIAN_POINT('',(6.130717797879,33.041186560088));
#2871 = CARTESIAN_POINT('',(6.181547994438,33.089726248308));
#2872 = CARTESIAN_POINT('',(6.232370755026,33.138259076224));
#2873 = CARTESIAN_POINT('',(6.28318530718,33.186784167771));
#2874 = ( GEOMETRIC_REPRESENTATION_CONTEXT(2) 
PARAMETRIC_REPRESENTATION_CONTEXT() REPRESENTATION_CONTEXT('2D SPACE',''
  ) );
#2875 = ORIENTED_EDGE('',*,*,#2876,.T.);
#2876 = EDGE_CURVE('',#2663,#2877,#2879,.T.);
#2877 = VERTEX_POINT('',#2878);
#2878 = CARTESIAN_POINT('',(27.994405276015,18.,39.186787012932));
#2879 = SURFACE_CURVE('',#2880,(#2939,#3001),.PCURVE_S1.);
#2880 = B_SPLINE_CURVE_WITH_KNOTS('',8,(#2881,#2882,#2883,#2884,#2885,
    #2886,#2887,#2888,#2889,#2890,#2891,#2892,#2893,#2894,#2895,#2896,
    #2897,#2898,#2899,#2900,#2901,#2902,#2903,#2904,#2905,#2906,#2907,
    #2908,#2909,#2910,#2911,#2912,#2913,#2914,#2915,#2916,#2917,#2918,
    #2919,#2920,#2921,#2922,#2923,#2924,#2925,#2926,#2927,#2928,#2929,
    #2930,#2931,#2932,#2933,#2934,#2935,#2936,#2937,#2938),
  .UNSPECIFIED.,.F.,.F.,(9,7,7,7,7,7,7,7,9),(0.,0.133892021231,
    0.240740749747,0.363220444942,0.547989037987,0.61806184383,
    0.69247256106,0.84053320396,1.),.UNSPECIFIED.);
#2881 = CARTESIAN_POINT('',(27.994405276015,18.,33.186784167771));
#2882 = CARTESIAN_POINT('',(27.994405276015,19.051052787728,
    33.287153905542));
#2883 = CARTESIAN_POINT('',(27.868152386551,20.103120736692,
    33.387620891104));
#2884 = CARTESIAN_POINT('',(27.615221056325,21.13700720699,
    33.488041272895));
#2885 = CARTESIAN_POINT('',(27.239162585264,22.134984621108,
    33.588420598825));
#2886 = CARTESIAN_POINT('',(26.745919773712,23.080439539487,
    33.688791027821));
#2887 = CARTESIAN_POINT('',(26.143992990281,23.957965749706,
    33.789188007525));
#2888 = CARTESIAN_POINT('',(25.44409572524,24.753332361085,
    33.889637685701));
#2889 = CARTESIAN_POINT('',(24.034964431697,26.013463503318,
    34.070158347712));
#2890 = CARTESIAN_POINT('',(23.355671225192,26.512941328053,
    34.150287917337));
#2891 = CARTESIAN_POINT('',(22.629563865364,26.946366068832,
    34.230424361994));
#2892 = CARTESIAN_POINT('',(21.86418140428,27.308620477634,
    34.310565037913));
#2893 = CARTESIAN_POINT('',(21.067542092531,27.595712975972,
    34.39070629568));
#2894 = CARTESIAN_POINT('',(20.248143379232,27.80477765489,
    34.470843480228));
#2895 = CARTESIAN_POINT('',(19.414961912026,27.934074274966,
    34.550970930844));
#2896 = CARTESIAN_POINT('',(17.617425543196,28.039057915744,
    34.722912526658));
#2897 = CARTESIAN_POINT('',(16.65063998187,27.989538517912,
    34.814759757565));
#2898 = CARTESIAN_POINT('',(15.691491067152,27.833724803168,
    34.906619898198));
#2899 = CARTESIAN_POINT('',(14.75370314499,27.572917691642,
    34.998487991969));
#2900 = CARTESIAN_POINT('',(13.850330693221,27.210424293237,
    35.090357901386));
#2901 = CARTESIAN_POINT('',(12.993758321572,26.751557907628,
    35.182222308057));
#2902 = CARTESIAN_POINT('',(12.195700771666,26.203638024266,
    35.27407271269));
#2903 = CARTESIAN_POINT('',(10.368216481535,24.629142907191,
    35.504426023311));
#2904 = CARTESIAN_POINT('',(9.422897189065,23.497243430754,
    35.643369536798));
#2905 = CARTESIAN_POINT('',(8.673677611591,22.213585491236,
    35.782041675695));
#2906 = CARTESIAN_POINT('',(8.145202780333,20.818904846052,
    35.920605648661));
#2907 = CARTESIAN_POINT('',(7.855771798482,19.355818082212,
    36.059163044393));
#2908 = CARTESIAN_POINT('',(7.812393343899,17.870175355119,
    36.197824250003));
#2909 = CARTESIAN_POINT('',(8.015685674169,16.409559414078,
    36.33675763473));
#2910 = CARTESIAN_POINT('',(8.610994793152,14.499389896069,
    36.527817567743));
#2911 = CARTESIAN_POINT('',(8.807591677533,13.984822206935,
    36.580315517161));
#2912 = CARTESIAN_POINT('',(9.036337911421,13.483067416439,
    36.632801371285));
#2913 = CARTESIAN_POINT('',(9.296323342487,12.996304705735,
    36.685291244422));
#2914 = CARTESIAN_POINT('',(9.586452895028,12.526723084843,
    36.737793829876));
#2915 = CARTESIAN_POINT('',(9.905408535022,12.07649279655,36.79031007309
    ));
#2916 = CARTESIAN_POINT('',(10.251605538617,11.647729203218,
    36.842831048103));
#2917 = CARTESIAN_POINT('',(11.017680908141,10.812079934178,
    36.951087264827));
#2918 = CARTESIAN_POINT('',(11.440976327135,10.407981887537,
    37.00684341591));
#2919 = CARTESIAN_POINT('',(11.890972597234,10.032431698676,
    37.06260573985));
#2920 = CARTESIAN_POINT('',(12.365430032901,9.687478975967,
    37.11837541402));
#2921 = CARTESIAN_POINT('',(12.861925986867,9.374946254042,
    37.174151543894));
#2922 = CARTESIAN_POINT('',(13.37785485013,9.096428993796,
    37.229931163045));
#2923 = CARTESIAN_POINT('',(13.910428051963,8.853295582384,
    37.285709233153));
#2924 = CARTESIAN_POINT('',(15.543581136303,8.235583243131,
    37.452447266944));
#2925 = CARTESIAN_POINT('',(16.686595355449,7.968267625048,
    37.563576085978));
#2926 = CARTESIAN_POINT('',(17.861443099624,7.854648899203,
    37.674624816016));
#2927 = CARTESIAN_POINT('',(19.043872487003,7.898328092096,
    37.785667999582));
#2928 = CARTESIAN_POINT('',(20.210043106449,8.098637429485,
    37.896688474419));
#2929 = CARTESIAN_POINT('',(21.336513171567,8.451339116133,
    38.007705442054));
#2930 = CARTESIAN_POINT('',(22.400332672971,8.947988513015,
    38.118857429791));
#2931 = CARTESIAN_POINT('',(24.434621036163,10.248166776798,
    38.349414790155));
#2932 = CARTESIAN_POINT('',(25.394673506886,11.074348303086,
    38.469151524851));
#2933 = CARTESIAN_POINT('',(26.23149212028,12.03548568089,
    38.588753707606));
#2934 = CARTESIAN_POINT('',(26.924280617913,13.109401520424,
    38.708312049658));
#2935 = CARTESIAN_POINT('',(27.456109021823,14.271493811555,
    38.827877079225));
#2936 = CARTESIAN_POINT('',(27.815329295,15.494326497998,38.947509658121
    ));
#2937 = CARTESIAN_POINT('',(27.994405276015,16.74823741983,
    39.067251152284));
#2938 = CARTESIAN_POINT('',(27.994405276015,18.,39.186787012932));
#2939 = PCURVE('',#727,#2940);
#2940 = DEFINITIONAL_REPRESENTATION('',(#2941),#3000);
#2941 = B_SPLINE_CURVE_WITH_KNOTS('',8,(#2942,#2943,#2944,#2945,#2946,
    #2947,#2948,#2949,#2950,#2951,#2952,#2953,#2954,#2955,#2956,#2957,
    #2958,#2959,#2960,#2961,#2962,#2963,#2964,#2965,#2966,#2967,#2968,
    #2969,#2970,#2971,#2972,#2973,#2974,#2975,#2976,#2977,#2978,#2979,
    #2980,#2981,#2982,#2983,#2984,#2985,#2986,#2987,#2988,#2989,#2990,
    #2991,#2992,#2993,#2994,#2995,#2996,#2997,#2998,#2999),
  .UNSPECIFIED.,.F.,.F.,(9,7,7,7,7,7,7,7,9),(0.,0.133892021231,
    0.240740749747,0.363220444942,0.547989037987,0.61806184383,
    0.69247256106,0.84053320396,1.),.UNSPECIFIED.);
#2942 = CARTESIAN_POINT('',(2.749531587981,43.439157083374));
#2943 = CARTESIAN_POINT('',(2.749533549528,43.584487697281));
#2944 = CARTESIAN_POINT('',(2.749535867772,43.72995876884));
#2945 = CARTESIAN_POINT('',(2.749536873091,43.875363664002));
#2946 = CARTESIAN_POINT('',(2.74953552691,44.020711447939));
#2947 = CARTESIAN_POINT('',(2.749533782964,44.166046744598));
#2948 = CARTESIAN_POINT('',(2.749533194969,44.311419337356));
#2949 = CARTESIAN_POINT('',(2.749533972822,44.45686687888));
#2950 = CARTESIAN_POINT('',(2.749536977303,44.718252745002));
#2951 = CARTESIAN_POINT('',(2.749539099055,44.83427600439));
#2952 = CARTESIAN_POINT('',(2.749541309257,44.950309130742));
#2953 = CARTESIAN_POINT('',(2.749543069525,45.06634883091));
#2954 = CARTESIAN_POINT('',(2.749544002901,45.182390195196));
#2955 = CARTESIAN_POINT('',(2.749543893859,45.29842669735));
#2956 = CARTESIAN_POINT('',(2.749542688297,45.414450194573));
#2957 = CARTESIAN_POINT('',(2.749537977719,45.663421479529));
#2958 = CARTESIAN_POINT('',(2.749533989789,45.796417654276));
#2959 = CARTESIAN_POINT('',(2.749529836976,45.929432685774));
#2960 = CARTESIAN_POINT('',(2.749526485692,46.062458436772));
#2961 = CARTESIAN_POINT('',(2.749524561541,46.195485398742));
#2962 = CARTESIAN_POINT('',(2.749524349312,46.328502691882));
#2963 = CARTESIAN_POINT('',(2.749525792988,46.461498065115));
#2964 = CARTESIAN_POINT('',(2.749532573012,46.795036456167));
#2965 = CARTESIAN_POINT('',(2.749539049271,46.996216328633));
#2966 = CARTESIAN_POINT('',(2.749545545994,47.197003237976));
#2967 = CARTESIAN_POINT('',(2.74954783418,47.3976377078));
#2968 = CARTESIAN_POINT('',(2.749542586065,47.598270142232));
#2969 = CARTESIAN_POINT('',(2.749537590591,47.799052639415));
#2970 = CARTESIAN_POINT('',(2.749535118574,48.000226736953));
#2971 = CARTESIAN_POINT('',(2.749534383981,48.276876886888));
#2972 = CARTESIAN_POINT('',(2.749534459322,48.352892369188));
#2973 = CARTESIAN_POINT('',(2.749534780051,48.428890094018));
#2974 = CARTESIAN_POINT('',(2.749535242491,48.504893497457));
#2975 = CARTESIAN_POINT('',(2.749535690585,48.580915322231));
#2976 = CARTESIAN_POINT('',(2.749535952413,48.656957108136));
#2977 = CARTESIAN_POINT('',(2.749535893873,48.733006063879));
#2978 = CARTESIAN_POINT('',(2.749535060135,48.889758855412));
#2979 = CARTESIAN_POINT('',(2.7495341911,48.970493060623));
#2980 = CARTESIAN_POINT('',(2.749532918079,49.05123660537));
#2981 = CARTESIAN_POINT('',(2.749531369796,49.131991066551));
#2982 = CARTESIAN_POINT('',(2.749529768036,49.212754928544));
#2983 = CARTESIAN_POINT('',(2.749528427645,49.29352358321));
#2984 = CARTESIAN_POINT('',(2.749527756533,49.374289329893));
#2985 = CARTESIAN_POINT('',(2.749529248834,49.615719839765));
#2986 = CARTESIAN_POINT('',(2.749539419249,49.776621144751));
#2987 = CARTESIAN_POINT('',(2.749531379303,49.93742457766));
#2988 = CARTESIAN_POINT('',(2.749576787255,50.098166871773));
#2989 = CARTESIAN_POINT('',(2.749585949673,50.258912298856));
#2990 = CARTESIAN_POINT('',(2.749520232229,50.41972705066));
#2991 = CARTESIAN_POINT('',(2.749539369651,50.580652993385));
#2992 = CARTESIAN_POINT('',(2.74955265427,50.914480379622));
#2993 = CARTESIAN_POINT('',(2.749554434564,51.087854041558));
#2994 = CARTESIAN_POINT('',(2.749531176269,51.261057754977));
#2995 = CARTESIAN_POINT('',(2.749525063541,51.434180952201));
#2996 = CARTESIAN_POINT('',(2.749526676164,51.607306156433));
#2997 = CARTESIAN_POINT('',(2.749530684855,51.780526789527));
#2998 = CARTESIAN_POINT('',(2.74953351294,51.953906301915));
#2999 = CARTESIAN_POINT('',(2.749534805031,52.126989588953));
#3000 = ( GEOMETRIC_REPRESENTATION_CONTEXT(2) 
PARAMETRIC_REPRESENTATION_CONTEXT() REPRESENTATION_CONTEXT('2D SPACE',''
  ) );
#3001 = PCURVE('',#3002,#3007);
#3002 = CYLINDRICAL_SURFACE('',#3003,10.);
#3003 = AXIS2_PLACEMENT_3D('',#3004,#3005,#3006);
#3004 = CARTESIAN_POINT('',(17.994405276015,18.,3.608224830032E-16));
#3005 = DIRECTION('',(0.,0.,1.));
#3006 = DIRECTION('',(1.,0.,0.));
#3007 = DEFINITIONAL_REPRESENTATION('',(#3008),#3067);
#3008 = B_SPLINE_CURVE_WITH_KNOTS('',8,(#3009,#3010,#3011,#3012,#3013,
    #3014,#3015,#3016,#3017,#3018,#3019,#3020,#3021,#3022,#3023,#3024,
    #3025,#3026,#3027,#3028,#3029,#3030,#3031,#3032,#3033,#3034,#3035,
    #3036,#3037,#3038,#3039,#3040,#3041,#3042,#3043,#3044,#3045,#3046,
    #3047,#3048,#3049,#3050,#3051,#3052,#3053,#3054,#3055,#3056,#3057,
    #3058,#3059,#3060,#3061,#3062,#3063,#3064,#3065,#3066),
  .UNSPECIFIED.,.F.,.F.,(9,7,7,7,7,7,7,7,9),(0.,0.133892021231,
    0.240740749747,0.363220444942,0.547989037987,0.61806184383,
    0.69247256106,0.84053320396,1.),.UNSPECIFIED.);
#3009 = CARTESIAN_POINT('',(0.,33.186784167771));
#3010 = CARTESIAN_POINT('',(0.105105278773,33.287153905542));
#3011 = CARTESIAN_POINT('',(0.210311943983,33.387620891104));
#3012 = CARTESIAN_POINT('',(0.315470681494,33.488041272895));
#3013 = CARTESIAN_POINT('',(0.420588286743,33.588420598825));
#3014 = CARTESIAN_POINT('',(0.525697183182,33.688791027821));
#3015 = CARTESIAN_POINT('',(0.630833279595,33.789188007525));
#3016 = CARTESIAN_POINT('',(0.736023685666,33.889637685701));
#3017 = CARTESIAN_POINT('',(0.925062874673,34.070158347712));
#3018 = CARTESIAN_POINT('',(1.008973081355,34.150287917337));
#3019 = CARTESIAN_POINT('',(1.092890368396,34.230424361994));
#3020 = CARTESIAN_POINT('',(1.176812323367,34.310565037913));
#3021 = CARTESIAN_POINT('',(1.260735386465,34.39070629568));
#3022 = CARTESIAN_POINT('',(1.344654850521,34.470843480228));
#3023 = CARTESIAN_POINT('',(1.428564860992,34.550970930844));
#3024 = CARTESIAN_POINT('',(1.608624811067,34.722912526658));
#3025 = CARTESIAN_POINT('',(1.704809743539,34.814759757565));
#3026 = CARTESIAN_POINT('',(1.801008356287,34.906619898198));
#3027 = CARTESIAN_POINT('',(1.897214780922,34.998487991969));
#3028 = CARTESIAN_POINT('',(1.993422137772,35.090357901386));
#3029 = CARTESIAN_POINT('',(2.089622535874,35.182222308057));
#3030 = CARTESIAN_POINT('',(2.185807072979,35.27407271269));
#3031 = CARTESIAN_POINT('',(2.427027588366,35.504426023311));
#3032 = CARTESIAN_POINT('',(2.57252410816,35.643369536798));
#3033 = CARTESIAN_POINT('',(2.717736274662,35.782041675695));
#3034 = CARTESIAN_POINT('',(2.862838079378,35.920605648661));
#3035 = CARTESIAN_POINT('',(3.007938804022,36.059163044393));
#3036 = CARTESIAN_POINT('',(3.153148567195,36.197824250003));
#3037 = CARTESIAN_POINT('',(3.298641596106,36.33675763473));
#3038 = CARTESIAN_POINT('',(3.498720094068,36.527817567743));
#3039 = CARTESIAN_POINT('',(3.553695864868,36.580315517161));
#3040 = CARTESIAN_POINT('',(3.608658748555,36.632801371285));
#3041 = CARTESIAN_POINT('',(3.663625681451,36.685291244422));
#3042 = CARTESIAN_POINT('',(3.718605873091,36.737793829876));
#3043 = CARTESIAN_POINT('',(3.773600440428,36.79031007309));
#3044 = CARTESIAN_POINT('',(3.828600145677,36.842831048103));
#3045 = CARTESIAN_POINT('',(3.941965977066,36.951087264827));
#3046 = CARTESIAN_POINT('',(4.00035405496,37.00684341591));
#3047 = CARTESIAN_POINT('',(4.058748889079,37.06260573985));
#3048 = CARTESIAN_POINT('',(4.117151653089,37.11837541402));
#3049 = CARTESIAN_POINT('',(4.175561276722,37.174151543894));
#3050 = CARTESIAN_POINT('',(4.23397444578,37.229931163045));
#3051 = CARTESIAN_POINT('',(4.29238560213,37.285709233153));
#3052 = CARTESIAN_POINT('',(4.466992518687,37.452447266944));
#3053 = CARTESIAN_POINT('',(4.583359372793,37.563576085978));
#3054 = CARTESIAN_POINT('',(4.699656616307,37.674624816016));
#3055 = CARTESIAN_POINT('',(4.815908164878,37.785667999582));
#3056 = CARTESIAN_POINT('',(4.932160898026,37.896688474419));
#3057 = CARTESIAN_POINT('',(5.048464441659,38.007705442054));
#3058 = CARTESIAN_POINT('',(5.16484878815,38.118857429791));
#3059 = CARTESIAN_POINT('',(5.406277714798,38.349414790155));
#3060 = CARTESIAN_POINT('',(5.531664242517,38.469151524851));
#3061 = CARTESIAN_POINT('',(5.656928679281,38.588753707606));
#3062 = CARTESIAN_POINT('',(5.782135537463,38.708312049658));
#3063 = CARTESIAN_POINT('',(5.907342783335,38.827877079225));
#3064 = CARTESIAN_POINT('',(6.032618601706,38.947509658121));
#3065 = CARTESIAN_POINT('',(6.158009049163,39.067251152284));
#3066 = CARTESIAN_POINT('',(6.28318530718,39.186787012932));
#3067 = ( GEOMETRIC_REPRESENTATION_CONTEXT(2) 
PARAMETRIC_REPRESENTATION_CONTEXT() REPRESENTATION_CONTEXT('2D SPACE',''
  ) );
#3068 = ORIENTED_EDGE('',*,*,#3069,.T.);
#3069 = EDGE_CURVE('',#2877,#3070,#3072,.T.);
#3070 = VERTEX_POINT('',#3071);
#3071 = CARTESIAN_POINT('',(27.994405276015,18.,45.186787885685));
#3072 = SURFACE_CURVE('',#3073,(#3132,#3194),.PCURVE_S1.);
#3073 = B_SPLINE_CURVE_WITH_KNOTS('',8,(#3074,#3075,#3076,#3077,#3078,
    #3079,#3080,#3081,#3082,#3083,#3084,#3085,#3086,#3087,#3088,#3089,
    #3090,#3091,#3092,#3093,#3094,#3095,#3096,#3097,#3098,#3099,#3100,
    #3101,#3102,#3103,#3104,#3105,#3106,#3107,#3108,#3109,#3110,#3111,
    #3112,#3113,#3114,#3115,#3116,#3117,#3118,#3119,#3120,#3121,#3122,
    #3123,#3124,#3125,#3126,#3127,#3128,#3129,#3130,#3131),
  .UNSPECIFIED.,.F.,.F.,(9,7,7,7,7,7,7,7,9),(0.,0.102079438118,
    0.208642358802,0.330642578031,0.514591606248,0.67259092142,
    0.763000061721,0.918924776922,1.),.UNSPECIFIED.);
#3074 = CARTESIAN_POINT('',(27.994405276015,18.,39.186787012932));
#3075 = CARTESIAN_POINT('',(27.994405276015,18.801631552746,
    39.263338045132));
#3076 = CARTESIAN_POINT('',(27.920963350261,19.603109519052,
    39.339873994035));
#3077 = CARTESIAN_POINT('',(27.774131178487,20.396548411038,
    39.416391124075));
#3078 = CARTESIAN_POINT('',(27.554976947589,21.174253285809,
    39.492903583874));
#3079 = CARTESIAN_POINT('',(27.265463105481,21.928737313193,
    39.569427584879));
#3080 = CARTESIAN_POINT('',(26.908425437251,22.652715101201,
    39.64597387952));
#3081 = CARTESIAN_POINT('',(26.48768497555,23.339145345903,
    39.722536690588));
#3082 = CARTESIAN_POINT('',(25.507909294618,24.651856030497,
    39.878959133497));
#3083 = CARTESIAN_POINT('',(24.94318685639,25.274670547064,
    39.958859105498));
#3084 = CARTESIAN_POINT('',(24.319781968916,25.842386135463,
    40.03876592015));
#3085 = CARTESIAN_POINT('',(23.644007860843,26.348544352213,
    40.118677145096));
#3086 = CARTESIAN_POINT('',(22.922865963082,26.787682096906,
    40.198589154978));
#3087 = CARTESIAN_POINT('',(22.164045908799,27.155331612209,
    40.278497131436));
#3088 = CARTESIAN_POINT('',(21.375925533426,27.448020483868,
    40.358395063111));
#3089 = CARTESIAN_POINT('',(19.642113455202,27.909705279668,
    40.529728389009));
#3090 = CARTESIAN_POINT('',(18.689101102566,28.054890199545,
    40.62119689792));
#3091 = CARTESIAN_POINT('',(17.722310429191,28.095290442714,
    40.712678124919));
#3092 = CARTESIAN_POINT('',(16.755274161643,28.029437216887,
    40.804167468039));
#3093 = CARTESIAN_POINT('',(15.801281140602,27.857928895105,
    40.895658870811));
#3094 = CARTESIAN_POINT('',(14.873376320869,27.58343101574,
    40.987144822256));
#3095 = CARTESIAN_POINT('',(13.984360771359,27.210676282494,
    41.078616356893));
#3096 = CARTESIAN_POINT('',(11.883924917222,26.046537179274,
    41.307944210255));
#3097 = CARTESIAN_POINT('',(10.732809605804,25.136138033379,
    41.44623443865));
#3098 = CARTESIAN_POINT('',(9.741043586642,24.038885450061,
    41.584259293032));
#3099 = CARTESIAN_POINT('',(8.940669290939,22.789091004191,
    41.722176960361));
#3100 = CARTESIAN_POINT('',(8.357968047672,21.424173661178,
    41.860087390524));
#3101 = CARTESIAN_POINT('',(8.009065930308,19.986927304585,
    41.998099674273));
#3102 = CARTESIAN_POINT('',(7.904253246997,18.523115836319,
    42.136377483689));
#3103 = CARTESIAN_POINT('',(8.149772553067,15.850278371702,
    42.392687683376));
#3104 = CARTESIAN_POINT('',(8.438429338146,14.62955505719,
    42.511290829573));
#3105 = CARTESIAN_POINT('',(8.900234227694,13.455197329772,
    42.629777451768));
#3106 = CARTESIAN_POINT('',(9.525379367363,12.355045867119,
    42.748207909343));
#3107 = CARTESIAN_POINT('',(10.300281157587,11.354697370614,
    42.866633853588));
#3108 = CARTESIAN_POINT('',(11.206601669732,10.476554561924,
    42.985121996477));
#3109 = CARTESIAN_POINT('',(12.222260144959,9.740435963685,
    43.103721185621));
#3110 = CARTESIAN_POINT('',(13.945807474981,8.828715622152,
    43.289919930751));
#3111 = CARTESIAN_POINT('',(14.600254117186,8.547664159898,
    43.357705972005));
#3112 = CARTESIAN_POINT('',(15.276833784068,8.320047865075,
    43.425504201883));
#3113 = CARTESIAN_POINT('',(15.970399100578,8.147906584863,
    43.493308995522));
#3114 = CARTESIAN_POINT('',(16.675677757288,8.032657242806,
    43.561115260721));
#3115 = CARTESIAN_POINT('',(17.387272510389,7.975093838814,
    43.62891843794));
#3116 = CARTESIAN_POINT('',(18.099661181694,7.975387449165,
    43.696714500298));
#3117 = CARTESIAN_POINT('',(20.027452347048,8.132596800254,
    43.881406578977));
#3118 = CARTESIAN_POINT('',(21.235612843009,8.403013661574,
    43.998473144442));
#3119 = CARTESIAN_POINT('',(22.400814180212,8.842610057777,
    44.115503375952));
#3120 = CARTESIAN_POINT('',(23.495825151085,9.442571895578,
    44.232413903884));
#3121 = CARTESIAN_POINT('',(24.496168470242,10.189697757256,
    44.349295820712));
#3122 = CARTESIAN_POINT('',(25.379723285152,11.067180851451,
    44.466279034386));
#3123 = CARTESIAN_POINT('',(26.127271437002,12.05392887523,
    44.583350504186));
#3124 = CARTESIAN_POINT('',(27.034961104416,13.67869259755,
    44.761075234506));
#3125 = CARTESIAN_POINT('',(27.305050285489,14.25713660025,
    44.821877414093));
#3126 = CARTESIAN_POINT('',(27.532791299898,14.854785721668,
    44.882684537829));
#3127 = CARTESIAN_POINT('',(27.716626058875,15.468051929225,
    44.943499466374));
#3128 = CARTESIAN_POINT('',(27.855339795754,16.09319148221,
    45.004324855866));
#3129 = CARTESIAN_POINT('',(27.94807804051,16.72630424368,
    45.065158980002));
#3130 = CARTESIAN_POINT('',(27.994405276015,17.363324030282,
    45.125989886177));
#3131 = CARTESIAN_POINT('',(27.994405276015,18.,45.186787885685));
#3132 = PCURVE('',#727,#3133);
#3133 = DEFINITIONAL_REPRESENTATION('',(#3134),#3193);
#3134 = B_SPLINE_CURVE_WITH_KNOTS('',8,(#3135,#3136,#3137,#3138,#3139,
    #3140,#3141,#3142,#3143,#3144,#3145,#3146,#3147,#3148,#3149,#3150,
    #3151,#3152,#3153,#3154,#3155,#3156,#3157,#3158,#3159,#3160,#3161,
    #3162,#3163,#3164,#3165,#3166,#3167,#3168,#3169,#3170,#3171,#3172,
    #3173,#3174,#3175,#3176,#3177,#3178,#3179,#3180,#3181,#3182,#3183,
    #3184,#3185,#3186,#3187,#3188,#3189,#3190,#3191,#3192),
  .UNSPECIFIED.,.F.,.F.,(9,7,7,7,7,7,7,7,9),(0.,0.102079438118,
    0.208642358802,0.330642578031,0.514591606248,0.67259092142,
    0.763000061721,0.918924776922,1.),.UNSPECIFIED.);
#3135 = CARTESIAN_POINT('',(2.749534805031,52.126989588953));
#3136 = CARTESIAN_POINT('',(2.749535632489,52.237832512636));
#3137 = CARTESIAN_POINT('',(2.749535829266,52.348654222793));
#3138 = CARTESIAN_POINT('',(2.749535267745,52.459449437226));
#3139 = CARTESIAN_POINT('',(2.749534313318,52.570238279685));
#3140 = CARTESIAN_POINT('',(2.7495336042,52.68104358974));
#3141 = CARTESIAN_POINT('',(2.749533607633,52.791880472348));
#3142 = CARTESIAN_POINT('',(2.749534333512,52.902740552436));
#3143 = CARTESIAN_POINT('',(2.749536894582,53.12923331431));
#3144 = CARTESIAN_POINT('',(2.749538994334,53.24492414464));
#3145 = CARTESIAN_POINT('',(2.749541199901,53.360624777798));
#3146 = CARTESIAN_POINT('',(2.749542980088,53.476332219606));
#3147 = CARTESIAN_POINT('',(2.74954395839,53.592041594751));
#3148 = CARTESIAN_POINT('',(2.749543912993,53.707746146785));
#3149 = CARTESIAN_POINT('',(2.749542776772,53.823437238125));
#3150 = CARTESIAN_POINT('',(2.749538187881,54.071527644405));
#3151 = CARTESIAN_POINT('',(2.749534254124,54.203975386503));
#3152 = CARTESIAN_POINT('',(2.749530113211,54.336441749871));
#3153 = CARTESIAN_POINT('',(2.749526717346,54.468919124857));
#3154 = CARTESIAN_POINT('',(2.749524693756,54.601398118633));
#3155 = CARTESIAN_POINT('',(2.749524344688,54.733867555195));
#3156 = CARTESIAN_POINT('',(2.749525647409,54.866314475364));
#3157 = CARTESIAN_POINT('',(2.749532184675,55.1983682743));
#3158 = CARTESIAN_POINT('',(2.749538596609,55.398602272206));
#3159 = CARTESIAN_POINT('',(2.749545209593,55.598451816219));
#3160 = CARTESIAN_POINT('',(2.749547869036,55.798150084735));
#3161 = CARTESIAN_POINT('',(2.749543005584,55.99784534897));
#3162 = CARTESIAN_POINT('',(2.749537997107,56.197688238435));
#3163 = CARTESIAN_POINT('',(2.749535342208,56.39791326304));
#3164 = CARTESIAN_POINT('',(2.749534048162,56.769044523456));
#3165 = CARTESIAN_POINT('',(2.749534910263,56.9407776934));
#3166 = CARTESIAN_POINT('',(2.74953681045,57.112341108393));
#3167 = CARTESIAN_POINT('',(2.749538365616,57.283823541409));
#3168 = CARTESIAN_POINT('',(2.749534598973,57.455304727156));
#3169 = CARTESIAN_POINT('',(2.749527737262,57.626879050109));
#3170 = CARTESIAN_POINT('',(2.749525897787,57.798609174707));
#3171 = CARTESIAN_POINT('',(2.749531734947,58.068213931182));
#3172 = CARTESIAN_POINT('',(2.749536674339,58.166361308294));
#3173 = CARTESIAN_POINT('',(2.749543068425,58.264524888761));
#3174 = CARTESIAN_POINT('',(2.749549594107,58.362697842601));
#3175 = CARTESIAN_POINT('',(2.749554965424,58.460874074211));
#3176 = CARTESIAN_POINT('',(2.749557933558,58.559048222372));
#3177 = CARTESIAN_POINT('',(2.74955728683,58.657215660246));
#3178 = CARTESIAN_POINT('',(2.74954247525,58.924659323148));
#3179 = CARTESIAN_POINT('',(2.749511323538,59.094199377174));
#3180 = CARTESIAN_POINT('',(2.749579717372,59.263587909422));
#3181 = CARTESIAN_POINT('',(2.749566847167,59.432883860422));
#3182 = CARTESIAN_POINT('',(2.749519146155,59.602172992181));
#3183 = CARTESIAN_POINT('',(2.749536742412,59.771543917759));
#3184 = CARTESIAN_POINT('',(2.749528838594,59.941067973336));
#3185 = CARTESIAN_POINT('',(2.749530405244,60.198406837508));
#3186 = CARTESIAN_POINT('',(2.749531630017,60.28644546989));
#3187 = CARTESIAN_POINT('',(2.749533139042,60.374490978821));
#3188 = CARTESIAN_POINT('',(2.749534463416,60.462547972371));
#3189 = CARTESIAN_POINT('',(2.749535299765,60.550620597992));
#3190 = CARTESIAN_POINT('',(2.749535600097,60.638706403732));
#3191 = CARTESIAN_POINT('',(2.749535521668,60.726787926304));
#3192 = CARTESIAN_POINT('',(2.749535236848,60.81482200602));
#3193 = ( GEOMETRIC_REPRESENTATION_CONTEXT(2) 
PARAMETRIC_REPRESENTATION_CONTEXT() REPRESENTATION_CONTEXT('2D SPACE',''
  ) );
#3194 = PCURVE('',#3195,#3200);
#3195 = CYLINDRICAL_SURFACE('',#3196,10.);
#3196 = AXIS2_PLACEMENT_3D('',#3197,#3198,#3199);
#3197 = CARTESIAN_POINT('',(17.994405276015,18.,3.608224830032E-16));
#3198 = DIRECTION('',(0.,0.,1.));
#3199 = DIRECTION('',(1.,0.,0.));
#3200 = DEFINITIONAL_REPRESENTATION('',(#3201),#3260);
#3201 = B_SPLINE_CURVE_WITH_KNOTS('',8,(#3202,#3203,#3204,#3205,#3206,
    #3207,#3208,#3209,#3210,#3211,#3212,#3213,#3214,#3215,#3216,#3217,
    #3218,#3219,#3220,#3221,#3222,#3223,#3224,#3225,#3226,#3227,#3228,
    #3229,#3230,#3231,#3232,#3233,#3234,#3235,#3236,#3237,#3238,#3239,
    #3240,#3241,#3242,#3243,#3244,#3245,#3246,#3247,#3248,#3249,#3250,
    #3251,#3252,#3253,#3254,#3255,#3256,#3257,#3258,#3259),
  .UNSPECIFIED.,.F.,.F.,(9,7,7,7,7,7,7,7,9),(0.,0.102079438118,
    0.208642358802,0.330642578031,0.514591606248,0.67259092142,
    0.763000061721,0.918924776922,1.),.UNSPECIFIED.);
#3202 = CARTESIAN_POINT('',(0.,39.186787012932));
#3203 = CARTESIAN_POINT('',(8.016315527459E-02,39.263338045132));
#3204 = CARTESIAN_POINT('',(0.160310984316,39.339873994035));
#3205 = CARTESIAN_POINT('',(0.240439736562,39.416391124075));
#3206 = CARTESIAN_POINT('',(0.3205640221,39.492903583874));
#3207 = CARTESIAN_POINT('',(0.400700361245,39.569427584879));
#3208 = CARTESIAN_POINT('',(0.480859636524,39.64597387952));
#3209 = CARTESIAN_POINT('',(0.561035736087,39.722536690588));
#3210 = CARTESIAN_POINT('',(0.724839573844,39.878959133497));
#3211 = CARTESIAN_POINT('',(0.808509363659,39.958859105498));
#3212 = CARTESIAN_POINT('',(0.892186189,40.03876592015));
#3213 = CARTESIAN_POINT('',(0.975867853039,40.118677145096));
#3214 = CARTESIAN_POINT('',(1.059550820182,40.198589154978));
#3215 = CARTESIAN_POINT('',(1.143230216066,40.278497131436));
#3216 = CARTESIAN_POINT('',(1.226899827564,40.358395063111));
#3217 = CARTESIAN_POINT('',(1.406322712762,40.529728389009));
#3218 = CARTESIAN_POINT('',(1.502111007358,40.62119689792));
#3219 = CARTESIAN_POINT('',(1.597912810555,40.712678124919));
#3220 = CARTESIAN_POINT('',(1.693722636872,40.804167468039));
#3221 = CARTESIAN_POINT('',(1.789533691358,40.895658870811));
#3222 = CARTESIAN_POINT('',(1.885337869591,40.987144822256));
#3223 = CARTESIAN_POINT('',(1.981125757682,41.078616356893));
#3224 = CARTESIAN_POINT('',(2.221272600864,41.307944210255));
#3225 = CARTESIAN_POINT('',(2.366085057892,41.44623443865));
#3226 = CARTESIAN_POINT('',(2.510619314144,41.584259293032));
#3227 = CARTESIAN_POINT('',(2.655044040273,41.722176960361));
#3228 = CARTESIAN_POINT('',(2.799466954658,41.860087390524));
#3229 = CARTESIAN_POINT('',(2.943997145573,41.998099674273));
#3230 = CARTESIAN_POINT('',(3.088803782185,42.136377483689));
#3231 = CARTESIAN_POINT('',(3.357212795482,42.392687683376));
#3232 = CARTESIAN_POINT('',(3.481413273828,42.511290829573));
#3233 = CARTESIAN_POINT('',(3.605490664399,42.629777451768));
#3234 = CARTESIAN_POINT('',(3.72950906237,42.748207909343));
#3235 = CARTESIAN_POINT('',(3.853526216296,42.866633853588));
#3236 = CARTESIAN_POINT('',(3.977611176503,42.985121996477));
#3237 = CARTESIAN_POINT('',(4.10180938853,43.103721185621));
#3238 = CARTESIAN_POINT('',(4.296792705252,43.289919930751));
#3239 = CARTESIAN_POINT('',(4.367774921419,43.357705972005));
#3240 = CARTESIAN_POINT('',(4.438768850006,43.425504201883));
#3241 = CARTESIAN_POINT('',(4.509769441845,43.493308995522));
#3242 = CARTESIAN_POINT('',(4.580772231192,43.561115260721));
#3243 = CARTESIAN_POINT('',(4.651773335719,43.62891843794));
#3244 = CARTESIAN_POINT('',(4.722769456522,43.696714500298));
#3245 = CARTESIAN_POINT('',(4.916188523765,43.881406578977));
#3246 = CARTESIAN_POINT('',(5.038803103038,43.998473144442));
#3247 = CARTESIAN_POINT('',(5.161306528847,44.115503375952));
#3248 = CARTESIAN_POINT('',(5.283743860061,44.232413903884));
#3249 = CARTESIAN_POINT('',(5.406177544262,44.349295820712));
#3250 = CARTESIAN_POINT('',(5.528670321977,44.466279034386));
#3251 = CARTESIAN_POINT('',(5.651273219381,44.583350504186));
#3252 = CARTESIAN_POINT('',(5.837384951566,44.761075234506));
#3253 = CARTESIAN_POINT('',(5.901055852875,44.821877414093));
#3254 = CARTESIAN_POINT('',(5.964731635792,44.882684537829));
#3255 = CARTESIAN_POINT('',(6.02841566628,44.943499466374));
#3256 = CARTESIAN_POINT('',(6.092110988067,45.004324855866));
#3257 = CARTESIAN_POINT('',(6.155815869518,45.065158980002));
#3258 = CARTESIAN_POINT('',(6.219517710208,45.125989886177));
#3259 = CARTESIAN_POINT('',(6.28318530718,45.186787885685));
#3260 = ( GEOMETRIC_REPRESENTATION_CONTEXT(2) 
PARAMETRIC_REPRESENTATION_CONTEXT() REPRESENTATION_CONTEXT('2D SPACE',''
  ) );
#3261 = ORIENTED_EDGE('',*,*,#3262,.T.);
#3262 = EDGE_CURVE('',#3070,#3263,#3265,.T.);
#3263 = VERTEX_POINT('',#3264);
#3264 = CARTESIAN_POINT('',(27.994405276015,18.,51.186787222451));
#3265 = SURFACE_CURVE('',#3266,(#3318,#3373),.PCURVE_S1.);
#3266 = B_SPLINE_CURVE_WITH_KNOTS('',8,(#3267,#3268,#3269,#3270,#3271,
    #3272,#3273,#3274,#3275,#3276,#3277,#3278,#3279,#3280,#3281,#3282,
    #3283,#3284,#3285,#3286,#3287,#3288,#3289,#3290,#3291,#3292,#3293,
    #3294,#3295,#3296,#3297,#3298,#3299,#3300,#3301,#3302,#3303,#3304,
    #3305,#3306,#3307,#3308,#3309,#3310,#3311,#3312,#3313,#3314,#3315,
    #3316,#3317),.UNSPECIFIED.,.F.,.F.,(9,7,7,7,7,7,7,9),(0.,
    7.22534181182E-02,0.238479370449,0.406381104771,0.558380423027,
    0.670566360062,0.847519506194,1.),.UNSPECIFIED.);
#3267 = CARTESIAN_POINT('',(27.994405276015,18.,45.186787885685));
#3268 = CARTESIAN_POINT('',(27.994405276015,18.566972733307,
    45.240929724863));
#3269 = CARTESIAN_POINT('',(27.957654676104,19.134151641569,
    45.295088003551));
#3270 = CARTESIAN_POINT('',(27.884137802551,19.698619723917,
    45.349255712057));
#3271 = CARTESIAN_POINT('',(27.774097288846,20.257531454939,
    45.403426940727));
#3272 = CARTESIAN_POINT('',(27.628034075704,20.808112784691,
    45.457596879951));
#3273 = CARTESIAN_POINT('',(27.446707411066,21.347661138685,
    45.511761820163));
#3274 = CARTESIAN_POINT('',(27.231134850093,21.873545417899,
    45.565919151837));
#3275 = CARTESIAN_POINT('',(26.410796060457,23.555729287325,
    45.744640549924));
#3276 = CARTESIAN_POINT('',(25.663027773456,24.645323604433,
    45.869463030502));
#3277 = CARTESIAN_POINT('',(24.754857468304,25.617387699534,
    45.994140467309));
#3278 = CARTESIAN_POINT('',(23.708799371635,26.445429874539,
    46.118739377797));
#3279 = CARTESIAN_POINT('',(22.551134467675,27.108466413048,
    46.243332815074));
#3280 = CARTESIAN_POINT('',(21.311109016562,27.589958384963,
    46.367997692952));
#3281 = CARTESIAN_POINT('',(20.02160990043,27.878892349158,
    46.492811000229));
#3282 = CARTESIAN_POINT('',(17.406107749364,28.069283491049,
    46.743229239199));
#3283 = CARTESIAN_POINT('',(16.074823868072,27.967171776346,
    46.869313892848));
#3284 = CARTESIAN_POINT('',(14.765415361702,27.663278874448,
    46.995246283201));
#3285 = CARTESIAN_POINT('',(13.513082471448,27.164054369659,
    47.121104567666));
#3286 = CARTESIAN_POINT('',(12.350042336456,26.482153069422,
    47.246965914205));
#3287 = CARTESIAN_POINT('',(11.306106918526,25.635207095625,
    47.372906393826));
#3288 = CARTESIAN_POINT('',(10.408039735605,24.647068967416,
    47.49899968806));
#3289 = CARTESIAN_POINT('',(9.014357283434,22.558711666324,
    47.738751284391));
#3290 = CARTESIAN_POINT('',(8.486495691998,21.47470546778,
    47.852824317207));
#3291 = CARTESIAN_POINT('',(8.109399430233,20.322318811234,
    47.966834904901));
#3292 = CARTESIAN_POINT('',(7.892523554207,19.126186947986,
    48.080764230157));
#3293 = CARTESIAN_POINT('',(7.840659323685,17.911683471307,
    48.194693638642));
#3294 = CARTESIAN_POINT('',(7.95469763104,16.704581018344,
    48.308705177532));
#3295 = CARTESIAN_POINT('',(8.230848745576,15.530915932735,
    48.42278244843));
#3296 = CARTESIAN_POINT('',(8.973820319503,13.594952406805,
    48.620799442807));
#3297 = CARTESIAN_POINT('',(9.372364139521,12.804090780658,
    48.704916941319));
#3298 = CARTESIAN_POINT('',(9.849894175882,12.054799006727,
    48.789049502983));
#3299 = CARTESIAN_POINT('',(10.401253397352,11.356391581771,
    48.873185877495));
#3300 = CARTESIAN_POINT('',(11.020183398899,10.717170502067,
    48.957318331513));
#3301 = CARTESIAN_POINT('',(11.699324401698,10.14442526341,
    49.041442648655));
#3302 = CARTESIAN_POINT('',(12.43021525313,9.644432861114,
    49.125558129497));
#3303 = CARTESIAN_POINT('',(14.422685256521,8.556867980863,
    49.342335146244));
#3304 = CARTESIAN_POINT('',(15.750827496765,8.083205458393,
    49.475327054011));
#3305 = CARTESIAN_POINT('',(17.147679818796,7.825484623325,
    49.608187662703));
#3306 = CARTESIAN_POINT('',(18.572373400325,7.792300067956,
    49.740666531736));
#3307 = CARTESIAN_POINT('',(19.984099258984,7.986105188218,
    49.873579059207));
#3308 = CARTESIAN_POINT('',(21.342849050338,8.399802504903,
    50.006256105758));
#3309 = CARTESIAN_POINT('',(22.608949324453,9.020256829913,
    50.13924615479));
#3310 = CARTESIAN_POINT('',(24.724695575108,10.507595621075,
    50.386203073109));
#3311 = CARTESIAN_POINT('',(25.611127962973,11.330926166513,
    50.500665543806));
#3312 = CARTESIAN_POINT('',(26.380729383998,12.273240106943,
    50.61503882241));
#3313 = CARTESIAN_POINT('',(27.015924894274,13.314627965018,
    50.729365479122));
#3314 = CARTESIAN_POINT('',(27.502522704997,14.433191650889,
    50.843687805948));
#3315 = CARTESIAN_POINT('',(27.830738969254,15.604755616954,
    50.958059820023));
#3316 = CARTESIAN_POINT('',(27.994405276015,16.803305994558,
    51.072511756726));
#3317 = CARTESIAN_POINT('',(27.994405276015,18.,51.186787222451));
#3318 = PCURVE('',#727,#3319);
#3319 = DEFINITIONAL_REPRESENTATION('',(#3320),#3372);
#3320 = B_SPLINE_CURVE_WITH_KNOTS('',8,(#3321,#3322,#3323,#3324,#3325,
    #3326,#3327,#3328,#3329,#3330,#3331,#3332,#3333,#3334,#3335,#3336,
    #3337,#3338,#3339,#3340,#3341,#3342,#3343,#3344,#3345,#3346,#3347,
    #3348,#3349,#3350,#3351,#3352,#3353,#3354,#3355,#3356,#3357,#3358,
    #3359,#3360,#3361,#3362,#3363,#3364,#3365,#3366,#3367,#3368,#3369,
    #3370,#3371),.UNSPECIFIED.,.F.,.F.,(9,7,7,7,7,7,7,9),(0.,
    7.22534181182E-02,0.238479370449,0.406381104771,0.558380423027,
    0.670566360062,0.847519506194,1.),.UNSPECIFIED.);
#3321 = CARTESIAN_POINT('',(2.749535236848,60.81482200602));
#3322 = CARTESIAN_POINT('',(2.749534983211,60.89321812143));
#3323 = CARTESIAN_POINT('',(2.749534534788,60.971638234335));
#3324 = CARTESIAN_POINT('',(2.749534098457,61.050071989334));
#3325 = CARTESIAN_POINT('',(2.74953382952,61.128510675107));
#3326 = CARTESIAN_POINT('',(2.7495338317,61.206947224411));
#3327 = CARTESIAN_POINT('',(2.749534157143,61.285376214082));
#3328 = CARTESIAN_POINT('',(2.749534806415,61.363793865039));
#3329 = CARTESIAN_POINT('',(2.749537849865,61.622574408785));
#3330 = CARTESIAN_POINT('',(2.749541272551,61.803310456079));
#3331 = CARTESIAN_POINT('',(2.749545333756,61.983835849611));
#3332 = CARTESIAN_POINT('',(2.749546527355,62.164250388568));
#3333 = CARTESIAN_POINT('',(2.749543130838,62.344661563323));
#3334 = CARTESIAN_POINT('',(2.749536829514,62.52517906835));
#3335 = CARTESIAN_POINT('',(2.749531327432,62.705910700834));
#3336 = CARTESIAN_POINT('',(2.749524507384,63.068516058294));
#3337 = CARTESIAN_POINT('',(2.749523276304,63.251084320865));
#3338 = CARTESIAN_POINT('',(2.749525810281,63.433428369403));
#3339 = CARTESIAN_POINT('',(2.749532611311,63.615660874841));
#3340 = CARTESIAN_POINT('',(2.749539860497,63.797897368777));
#3341 = CARTESIAN_POINT('',(2.749543603681,63.98025192885));
#3342 = CARTESIAN_POINT('',(2.749544033129,64.162831052804));
#3343 = CARTESIAN_POINT('',(2.749541153554,64.509987495779));
#3344 = CARTESIAN_POINT('',(2.749538254133,64.675164926248));
#3345 = CARTESIAN_POINT('',(2.749534527146,64.840252760225));
#3346 = CARTESIAN_POINT('',(2.749532650815,65.005221089613));
#3347 = CARTESIAN_POINT('',(2.74953365669,65.170186675683));
#3348 = CARTESIAN_POINT('',(2.749535873104,65.33526998145));
#3349 = CARTESIAN_POINT('',(2.749536433341,65.500450110943));
#3350 = CARTESIAN_POINT('',(2.74953454784,65.787175034029));
#3351 = CARTESIAN_POINT('',(2.749531906892,65.908977434842));
#3352 = CARTESIAN_POINT('',(2.749528949423,66.030801961181));
#3353 = CARTESIAN_POINT('',(2.749526876123,66.152631129885));
#3354 = CARTESIAN_POINT('',(2.749526564632,66.274452871248));
#3355 = CARTESIAN_POINT('',(2.749528569529,66.396260529019));
#3356 = CARTESIAN_POINT('',(2.74953312234,66.518052860403));
#3357 = CARTESIAN_POINT('',(2.749551187273,66.831921946019));
#3358 = CARTESIAN_POINT('',(2.749550463135,67.024491214992));
#3359 = CARTESIAN_POINT('',(2.749656436777,67.216764348363));
#3360 = CARTESIAN_POINT('',(2.749346246254,67.408898246442));
#3361 = CARTESIAN_POINT('',(2.749672051618,67.601028125968));
#3362 = CARTESIAN_POINT('',(2.74952806506,67.793283834299));
#3363 = CARTESIAN_POINT('',(2.749540984882,67.985836854783));
#3364 = CARTESIAN_POINT('',(2.749528742264,68.343435705115));
#3365 = CARTESIAN_POINT('',(2.749526400436,68.509176476672));
#3366 = CARTESIAN_POINT('',(2.74953040386,68.674781795755));
#3367 = CARTESIAN_POINT('',(2.749536077281,68.840317948322));
#3368 = CARTESIAN_POINT('',(2.74953680648,69.005852744028));
#3369 = CARTESIAN_POINT('',(2.749535834384,69.171461175931));
#3370 = CARTESIAN_POINT('',(2.749534551084,69.337185642777));
#3371 = CARTESIAN_POINT('',(2.74953415472,69.502653703318));
#3372 = ( GEOMETRIC_REPRESENTATION_CONTEXT(2) 
PARAMETRIC_REPRESENTATION_CONTEXT() REPRESENTATION_CONTEXT('2D SPACE',''
  ) );
#3373 = PCURVE('',#3374,#3379);
#3374 = CYLINDRICAL_SURFACE('',#3375,10.);
#3375 = AXIS2_PLACEMENT_3D('',#3376,#3377,#3378);
#3376 = CARTESIAN_POINT('',(17.994405276015,18.,3.608224830032E-16));
#3377 = DIRECTION('',(0.,0.,1.));
#3378 = DIRECTION('',(1.,0.,0.));
#3379 = DEFINITIONAL_REPRESENTATION('',(#3380),#3432);
#3380 = B_SPLINE_CURVE_WITH_KNOTS('',8,(#3381,#3382,#3383,#3384,#3385,
    #3386,#3387,#3388,#3389,#3390,#3391,#3392,#3393,#3394,#3395,#3396,
    #3397,#3398,#3399,#3400,#3401,#3402,#3403,#3404,#3405,#3406,#3407,
    #3408,#3409,#3410,#3411,#3412,#3413,#3414,#3415,#3416,#3417,#3418,
    #3419,#3420,#3421,#3422,#3423,#3424,#3425,#3426,#3427,#3428,#3429,
    #3430,#3431),.UNSPECIFIED.,.F.,.F.,(9,7,7,7,7,7,7,9),(0.,
    7.22534181182E-02,0.238479370449,0.406381104771,0.558380423027,
    0.670566360062,0.847519506194,1.),.UNSPECIFIED.);
#3381 = CARTESIAN_POINT('',(0.,45.186787885685));
#3382 = CARTESIAN_POINT('',(5.669727333068E-02,45.240929724863));
#3383 = CARTESIAN_POINT('',(0.113411959089,45.295088003551));
#3384 = CARTESIAN_POINT('',(0.170136571126,45.349255712057));
#3385 = CARTESIAN_POINT('',(0.226864806973,45.403426940727));
#3386 = CARTESIAN_POINT('',(0.283591547833,45.457596879951));
#3387 = CARTESIAN_POINT('',(0.34031285859,45.511761820163));
#3388 = CARTESIAN_POINT('',(0.3970259878,45.565919151837));
#3389 = CARTESIAN_POINT('',(0.584180958354,45.744640549924));
#3390 = CARTESIAN_POINT('',(0.714892670395,45.869463030502));
#3391 = CARTESIAN_POINT('',(0.845451833339,45.994140467309));
#3392 = CARTESIAN_POINT('',(0.975930470637,46.118739377797));
#3393 = CARTESIAN_POINT('',(1.10640652211,46.243332815074));
#3394 = CARTESIAN_POINT('',(1.236959589496,46.367997692952));
#3395 = CARTESIAN_POINT('',(1.367667646152,46.492811000229));
#3396 = CARTESIAN_POINT('',(1.629909906079,46.743229239199));
#3397 = CARTESIAN_POINT('',(1.761946408142,46.869313892848));
#3398 = CARTESIAN_POINT('',(1.893820802122,46.995246283201));
#3399 = CARTESIAN_POINT('',(2.025614377729,47.121104567666));
#3400 = CARTESIAN_POINT('',(2.157410618193,47.246965914205));
#3401 = CARTESIAN_POINT('',(2.289292172631,47.372906393826));
#3402 = CARTESIAN_POINT('',(2.421336311238,47.49899968806));
#3403 = CARTESIAN_POINT('',(2.672405763671,47.738751284391));
#3404 = CARTESIAN_POINT('',(2.791865044404,47.852824317207));
#3405 = CARTESIAN_POINT('',(2.911259759034,47.966834904901));
#3406 = CARTESIAN_POINT('',(3.030568133655,48.080764230157));
#3407 = CARTESIAN_POINT('',(3.14987437386,48.194693638642));
#3408 = CARTESIAN_POINT('',(3.269265401336,48.308705177532));
#3409 = CARTESIAN_POINT('',(3.388726078387,48.42278244843));
#3410 = CARTESIAN_POINT('',(3.596089564406,48.620799442807));
#3411 = CARTESIAN_POINT('',(3.68417866316,48.704916941319));
#3412 = CARTESIAN_POINT('',(3.772283850741,48.789049502983));
#3413 = CARTESIAN_POINT('',(3.860392601754,48.873185877495));
#3414 = CARTESIAN_POINT('',(3.948496231296,48.957318331513));
#3415 = CARTESIAN_POINT('',(4.036589894957,49.041442648655));
#3416 = CARTESIAN_POINT('',(4.124672588821,49.125558129497));
#3417 = CARTESIAN_POINT('',(4.351668934235,49.342335146244));
#3418 = CARTESIAN_POINT('',(4.490939457385,49.475327054011));
#3419 = CARTESIAN_POINT('',(4.629990523427,49.608187662703));
#3420 = CARTESIAN_POINT('',(4.768948969186,49.740666531736));
#3421 = CARTESIAN_POINT('',(4.907897219688,49.873579059207));
#3422 = CARTESIAN_POINT('',(5.046940052919,50.006256105758));
#3423 = CARTESIAN_POINT('',(5.186198389344,50.13924615479));
#3424 = CARTESIAN_POINT('',(5.444820872451,50.386203073109));
#3425 = CARTESIAN_POINT('',(5.564687754393,50.500665543806));
#3426 = CARTESIAN_POINT('',(5.684456249616,50.61503882241));
#3427 = CARTESIAN_POINT('',(5.804174089742,50.729365479122));
#3428 = CARTESIAN_POINT('',(5.923890921342,50.843687805948));
#3429 = CARTESIAN_POINT('',(6.043661294537,50.958059820023));
#3430 = CARTESIAN_POINT('',(6.163515906635,51.072511756726));
#3431 = CARTESIAN_POINT('',(6.28318530718,51.186787222451));
#3432 = ( GEOMETRIC_REPRESENTATION_CONTEXT(2) 
PARAMETRIC_REPRESENTATION_CONTEXT() REPRESENTATION_CONTEXT('2D SPACE',''
  ) );
#3433 = ORIENTED_EDGE('',*,*,#3434,.T.);
#3434 = EDGE_CURVE('',#3263,#3435,#3437,.T.);
#3435 = VERTEX_POINT('',#3436);
#3436 = CARTESIAN_POINT('',(27.994405276015,18.,57.186787317899));
#3437 = SURFACE_CURVE('',#3438,(#3489,#3543),.PCURVE_S1.);
#3438 = B_SPLINE_CURVE_WITH_KNOTS('',7,(#3439,#3440,#3441,#3442,#3443,
    #3444,#3445,#3446,#3447,#3448,#3449,#3450,#3451,#3452,#3453,#3454,
    #3455,#3456,#3457,#3458,#3459,#3460,#3461,#3462,#3463,#3464,#3465,
    #3466,#3467,#3468,#3469,#3470,#3471,#3472,#3473,#3474,#3475,#3476,
    #3477,#3478,#3479,#3480,#3481,#3482,#3483,#3484,#3485,#3486,#3487,
    #3488),.UNSPECIFIED.,.F.,.F.,(8,6,6,6,6,6,6,6,8),(0.,
    9.58704197528E-02,0.238554390118,0.404071006928,0.512585527717,
    0.606545552586,0.722209373267,0.861184442763,1.),.UNSPECIFIED.);
#3439 = CARTESIAN_POINT('',(27.994405276015,18.,51.186787222451));
#3440 = CARTESIAN_POINT('',(27.994405276015,18.860242430025,
    51.268934040167));
#3441 = CARTESIAN_POINT('',(27.908037649409,19.720746699631,
    51.351091353106));
#3442 = CARTESIAN_POINT('',(27.735336871286,20.570712415536,
    51.433256849668));
#3443 = CARTESIAN_POINT('',(27.477850380702,21.399798494625,
    51.515427527233));
#3444 = CARTESIAN_POINT('',(27.138638580682,22.198123163953,
    51.597599692154));
#3445 = CARTESIAN_POINT('',(26.722274838214,22.956263960743,
    51.679768959765));
#3446 = CARTESIAN_POINT('',(25.50940425145,24.720453345001,
    51.884210930265));
#3447 = CARTESIAN_POINT('',(24.62559519285,25.668307494103,
    52.006604672228));
#3448 = CARTESIAN_POINT('',(23.60387642047,26.478057951925,
    52.128894655667));
#3449 = CARTESIAN_POINT('',(22.470433359541,27.127431149129,
    52.251126547667));
#3450 = CARTESIAN_POINT('',(21.254835185821,27.599326895011,
    52.373437574374));
#3451 = CARTESIAN_POINT('',(19.989744799413,27.882204534979,
    52.495864564939));
#3452 = CARTESIAN_POINT('',(17.231261135461,28.080853186984,
    52.759962755896));
#3453 = CARTESIAN_POINT('',(15.728049407848,27.931037173114,
    52.902114246209));
#3454 = CARTESIAN_POINT('',(14.262572576674,27.518633784562,
    53.043980382195));
#3455 = CARTESIAN_POINT('',(12.887589720853,26.857278565833,
    53.18584154427));
#3456 = CARTESIAN_POINT('',(11.650609622084,25.96982539906,
    53.327701862355));
#3457 = CARTESIAN_POINT('',(10.595217836329,24.888977453815,
    53.469848121315));
#3458 = CARTESIAN_POINT('',(9.202181337588,22.862611192427,
    53.704661800724));
#3459 = CARTESIAN_POINT('',(8.741523835936,21.997111949542,
    53.797660170014));
#3460 = CARTESIAN_POINT('',(8.380722308256,21.081659361811,
    53.890667429349));
#3461 = CARTESIAN_POINT('',(8.126150838465,20.130042022289,
    53.983678355088));
#3462 = CARTESIAN_POINT('',(7.981677372667,19.156718876448,
    54.076687312858));
#3463 = CARTESIAN_POINT('',(7.948663719157,18.176819222178,
    54.169688257549));
#3464 = CARTESIAN_POINT('',(8.092899279927,16.365658057772,
    54.343189410177));
#3465 = CARTESIAN_POINT('',(8.242502225909,15.531841832227,
    54.42369526437));
#3466 = CARTESIAN_POINT('',(8.473964208627,14.714476874875,
    54.50419158027));
#3467 = CARTESIAN_POINT('',(8.78504860251,13.92298358405,54.584693634107
    ));
#3468 = CARTESIAN_POINT('',(9.172273709223,13.166509116603,
    54.665216854631));
#3469 = CARTESIAN_POINT('',(9.630779679513,12.453827976237,
    54.745752021273));
#3470 = CARTESIAN_POINT('',(10.797813285094,10.979648030184,
    54.92530090707));
#3471 = CARTESIAN_POINT('',(11.540684423609,10.243566236297,
    55.02444836941));
#3472 = CARTESIAN_POINT('',(12.370755532335,9.600160542581,
    55.123566223237));
#3473 = CARTESIAN_POINT('',(13.273886057423,9.061344559706,
    55.222691082386));
#3474 = CARTESIAN_POINT('',(14.234425509245,8.63645187296,
    55.321809239212));
#3475 = CARTESIAN_POINT('',(15.235247098327,8.332327509063,
    55.420962404573));
#3476 = CARTESIAN_POINT('',(17.485076150247,7.9354467724,55.63911320171)
  );
#3477 = CARTESIAN_POINT('',(18.745724020939,7.89725138659,
    55.758319363549));
#3478 = CARTESIAN_POINT('',(20.005672814887,8.043941889894,
    55.877403828056));
#3479 = CARTESIAN_POINT('',(21.233198920208,8.372992835616,
    55.996435399163));
#3480 = CARTESIAN_POINT('',(22.397758490504,8.876306147195,
    56.115548643526));
#3481 = CARTESIAN_POINT('',(23.470418461084,9.540214499805,
    56.234753111241));
#3482 = CARTESIAN_POINT('',(25.379017308428,11.142986844353,
    56.472753883898));
#3483 = CARTESIAN_POINT('',(26.217624479748,12.083550482364,
    56.591837253852));
#3484 = CARTESIAN_POINT('',(26.91431402393,13.142225574613,
    56.710833199106));
#3485 = CARTESIAN_POINT('',(27.45067910155,14.293025337178,
    56.829770225229));
#3486 = CARTESIAN_POINT('',(27.813403245178,15.507384406101,
    56.94876543621));
#3487 = CARTESIAN_POINT('',(27.994405276015,16.754481111015,
    57.067848370101));
#3488 = CARTESIAN_POINT('',(27.994405276015,18.,57.186787317899));
#3489 = PCURVE('',#727,#3490);
#3490 = DEFINITIONAL_REPRESENTATION('',(#3491),#3542);
#3491 = B_SPLINE_CURVE_WITH_KNOTS('',7,(#3492,#3493,#3494,#3495,#3496,
    #3497,#3498,#3499,#3500,#3501,#3502,#3503,#3504,#3505,#3506,#3507,
    #3508,#3509,#3510,#3511,#3512,#3513,#3514,#3515,#3516,#3517,#3518,
    #3519,#3520,#3521,#3522,#3523,#3524,#3525,#3526,#3527,#3528,#3529,
    #3530,#3531,#3532,#3533,#3534,#3535,#3536,#3537,#3538,#3539,#3540,
    #3541),.UNSPECIFIED.,.F.,.F.,(8,6,6,6,6,6,6,6,8),(0.,
    9.58704197528E-02,0.238554390118,0.404071006928,0.512585527717,
    0.606545552586,0.722209373267,0.861184442763,1.),.UNSPECIFIED.);
#3492 = CARTESIAN_POINT('',(2.74953415472,69.502653703318));
#3493 = CARTESIAN_POINT('',(2.749533869795,69.621600272654));
#3494 = CARTESIAN_POINT('',(2.749534138728,69.740561488449));
#3495 = CARTESIAN_POINT('',(2.749535197468,69.859533769129));
#3496 = CARTESIAN_POINT('',(2.749537009388,69.978512803376));
#3497 = CARTESIAN_POINT('',(2.749539265283,70.097493550129));
#3498 = CARTESIAN_POINT('',(2.749541383374,70.216470238582));
#3499 = CARTESIAN_POINT('',(2.749544185034,70.512493689463));
#3500 = CARTESIAN_POINT('',(2.749544116065,70.68971646081));
#3501 = CARTESIAN_POINT('',(2.749540451695,70.86679256521));
#3502 = CARTESIAN_POINT('',(2.749533986551,71.043787337755));
#3503 = CARTESIAN_POINT('',(2.749527815899,71.220896402519));
#3504 = CARTESIAN_POINT('',(2.749525167144,71.398169880249));
#3505 = CARTESIAN_POINT('',(2.749525686373,71.780576131709));
#3506 = CARTESIAN_POINT('',(2.749529944844,71.986403268224));
#3507 = CARTESIAN_POINT('',(2.749538214243,72.19181323432));
#3508 = CARTESIAN_POINT('',(2.749545667425,72.397216809351));
#3509 = CARTESIAN_POINT('',(2.74954541767,72.602626816143));
#3510 = CARTESIAN_POINT('',(2.749542433848,72.808453573929));
#3511 = CARTESIAN_POINT('',(2.749537196723,73.148462394325));
#3512 = CARTESIAN_POINT('',(2.749535093696,73.283123512248));
#3513 = CARTESIAN_POINT('',(2.749533851864,73.417796647003));
#3514 = CARTESIAN_POINT('',(2.749533803525,73.552473904724));
#3515 = CARTESIAN_POINT('',(2.749534722921,73.687147351316));
#3516 = CARTESIAN_POINT('',(2.749535826235,73.821809012448));
#3517 = CARTESIAN_POINT('',(2.749535724287,74.073033912644));
#3518 = CARTESIAN_POINT('',(2.749534997084,74.189604852317));
#3519 = CARTESIAN_POINT('',(2.749533253579,74.306162990636));
#3520 = CARTESIAN_POINT('',(2.749530412717,74.422730527685));
#3521 = CARTESIAN_POINT('',(2.749527704286,74.539328581914));
#3522 = CARTESIAN_POINT('',(2.749527087168,74.655941855807));
#3523 = CARTESIAN_POINT('',(2.749531422388,74.915919294992));
#3524 = CARTESIAN_POINT('',(2.749538720067,75.05947478628));
#3525 = CARTESIAN_POINT('',(2.749544776028,75.202988639032));
#3526 = CARTESIAN_POINT('',(2.749569388463,75.346494197239));
#3527 = CARTESIAN_POINT('',(2.749562323272,75.49002152596));
#3528 = CARTESIAN_POINT('',(2.749547154006,75.633607599008));
#3529 = CARTESIAN_POINT('',(2.749533326774,75.949497568953));
#3530 = CARTESIAN_POINT('',(2.749568564087,76.122069732532));
#3531 = CARTESIAN_POINT('',(2.749552768959,76.294516388933));
#3532 = CARTESIAN_POINT('',(2.749530929854,76.466892462625));
#3533 = CARTESIAN_POINT('',(2.749531111522,76.639364916494));
#3534 = CARTESIAN_POINT('',(2.749528637366,76.811972098109));
#3535 = CARTESIAN_POINT('',(2.749531726161,77.156587467217));
#3536 = CARTESIAN_POINT('',(2.749535592636,77.329013002456));
#3537 = CARTESIAN_POINT('',(2.749537395251,77.50131399989));
#3538 = CARTESIAN_POINT('',(2.749535799136,77.673533061141));
#3539 = CARTESIAN_POINT('',(2.749533276557,77.845837292993));
#3540 = CARTESIAN_POINT('',(2.74953342872,78.018265887467));
#3541 = CARTESIAN_POINT('',(2.74953487421,78.190484709036));
#3542 = ( GEOMETRIC_REPRESENTATION_CONTEXT(2) 
PARAMETRIC_REPRESENTATION_CONTEXT() REPRESENTATION_CONTEXT('2D SPACE',''
  ) );
#3543 = PCURVE('',#3544,#3549);
#3544 = CYLINDRICAL_SURFACE('',#3545,10.);
#3545 = AXIS2_PLACEMENT_3D('',#3546,#3547,#3548);
#3546 = CARTESIAN_POINT('',(17.994405276015,18.,3.608224830032E-16));
#3547 = DIRECTION('',(0.,0.,1.));
#3548 = DIRECTION('',(1.,0.,0.));
#3549 = DEFINITIONAL_REPRESENTATION('',(#3550),#3601);
#3550 = B_SPLINE_CURVE_WITH_KNOTS('',7,(#3551,#3552,#3553,#3554,#3555,
    #3556,#3557,#3558,#3559,#3560,#3561,#3562,#3563,#3564,#3565,#3566,
    #3567,#3568,#3569,#3570,#3571,#3572,#3573,#3574,#3575,#3576,#3577,
    #3578,#3579,#3580,#3581,#3582,#3583,#3584,#3585,#3586,#3587,#3588,
    #3589,#3590,#3591,#3592,#3593,#3594,#3595,#3596,#3597,#3598,#3599,
    #3600),.UNSPECIFIED.,.F.,.F.,(8,6,6,6,6,6,6,6,8),(0.,
    9.58704197528E-02,0.238554390118,0.404071006928,0.512585527717,
    0.606545552586,0.722209373267,0.861184442763,1.),.UNSPECIFIED.);
#3551 = CARTESIAN_POINT('',(0.,51.186787222451));
#3552 = CARTESIAN_POINT('',(8.602424300252E-02,51.268934040167));
#3553 = CARTESIAN_POINT('',(0.172059214229,51.351091353106));
#3554 = CARTESIAN_POINT('',(0.258102243216,51.433256849668));
#3555 = CARTESIAN_POINT('',(0.344150148578,51.515427527233));
#3556 = CARTESIAN_POINT('',(0.430199238014,51.597599692154));
#3557 = CARTESIAN_POINT('',(0.516245308301,51.679768959765));
#3558 = CARTESIAN_POINT('',(0.730334524371,51.884210930265));
#3559 = CARTESIAN_POINT('',(0.858504874669,52.006604672228));
#3560 = CARTESIAN_POINT('',(0.986568977104,52.128894655667));
#3561 = CARTESIAN_POINT('',(1.11457433739,52.251126547667));
#3562 = CARTESIAN_POINT('',(1.242662548943,52.373437574374));
#3563 = CARTESIAN_POINT('',(1.370869755658,52.495864564939));
#3564 = CARTESIAN_POINT('',(1.647432468459,52.759962755896));
#3565 = CARTESIAN_POINT('',(1.796290144646,52.902114246209));
#3566 = CARTESIAN_POINT('',(1.944845983404,53.043980382195));
#3567 = CARTESIAN_POINT('',(2.093396831665,53.18584154427));
#3568 = CARTESIAN_POINT('',(2.241952507667,53.327701862355));
#3569 = CARTESIAN_POINT('',(2.390809978759,53.469848121315));
#3570 = CARTESIAN_POINT('',(2.636710586975,53.704661800724));
#3571 = CARTESIAN_POINT('',(2.734100103691,53.797660170014));
#3572 = CARTESIAN_POINT('',(2.831498308736,53.890667429349));
#3573 = CARTESIAN_POINT('',(2.928899396927,53.983678355088));
#3574 = CARTESIAN_POINT('',(3.026297569357,54.076687312858));
#3575 = CARTESIAN_POINT('',(3.123687033397,54.169688257549));
#3576 = CARTESIAN_POINT('',(3.305376566954,54.343189410177));
#3577 = CARTESIAN_POINT('',(3.389682276179,54.42369526437));
#3578 = CARTESIAN_POINT('',(3.4739786682,54.50419158027));
#3579 = CARTESIAN_POINT('',(3.558281922024,54.584693634107));
#3580 = CARTESIAN_POINT('',(3.642607435376,54.665216854631));
#3581 = CARTESIAN_POINT('',(3.726944197627,54.745752021273));
#3582 = CARTESIAN_POINT('',(3.914964780275,54.92530090707));
#3583 = CARTESIAN_POINT('',(4.01878712228,55.02444836941));
#3584 = CARTESIAN_POINT('',(4.122579039879,55.123566223237));
#3585 = CARTESIAN_POINT('',(4.22636575411,55.222691082386));
#3586 = CARTESIAN_POINT('',(4.330165667416,55.321809239212));
#3587 = CARTESIAN_POINT('',(4.434009389405,55.420962404573));
#3588 = CARTESIAN_POINT('',(4.662466061052,55.63911320171));
#3589 = CARTESIAN_POINT('',(4.787272444101,55.758319363549));
#3590 = CARTESIAN_POINT('',(4.911988535874,55.877403828056));
#3591 = CARTESIAN_POINT('',(5.036654540563,55.996435399163));
#3592 = CARTESIAN_POINT('',(5.161390518376,56.115548643526));
#3593 = CARTESIAN_POINT('',(5.2862230888,56.234753111241));
#3594 = CARTESIAN_POINT('',(5.535454482259,56.472753883898));
#3595 = CARTESIAN_POINT('',(5.660155047166,56.591837253852));
#3596 = CARTESIAN_POINT('',(5.784765266356,56.710833199106));
#3597 = CARTESIAN_POINT('',(5.909316521612,56.829770225229));
#3598 = CARTESIAN_POINT('',(6.033929881497,56.94876543621));
#3599 = CARTESIAN_POINT('',(6.158633418281,57.067848370101));
#3600 = CARTESIAN_POINT('',(6.28318530718,57.186787317899));
#3601 = ( GEOMETRIC_REPRESENTATION_CONTEXT(2) 
PARAMETRIC_REPRESENTATION_CONTEXT() REPRESENTATION_CONTEXT('2D SPACE',''
  ) );
#3602 = ORIENTED_EDGE('',*,*,#3603,.T.);
#3603 = EDGE_CURVE('',#3435,#3604,#3606,.T.);
#3604 = VERTEX_POINT('',#3605);
#3605 = CARTESIAN_POINT('',(27.994405276015,18.,63.18678922486));
#3606 = SURFACE_CURVE('',#3607,(#3673,#3742),.PCURVE_S1.);
#3607 = B_SPLINE_CURVE_WITH_KNOTS('',8,(#3608,#3609,#3610,#3611,#3612,
    #3613,#3614,#3615,#3616,#3617,#3618,#3619,#3620,#3621,#3622,#3623,
    #3624,#3625,#3626,#3627,#3628,#3629,#3630,#3631,#3632,#3633,#3634,
    #3635,#3636,#3637,#3638,#3639,#3640,#3641,#3642,#3643,#3644,#3645,
    #3646,#3647,#3648,#3649,#3650,#3651,#3652,#3653,#3654,#3655,#3656,
    #3657,#3658,#3659,#3660,#3661,#3662,#3663,#3664,#3665,#3666,#3667,
    #3668,#3669,#3670,#3671,#3672),.UNSPECIFIED.,.F.,.F.,(9,7,7,7,7,7,7,
    7,7,9),(0.,0.154076440331,0.240591527556,0.34721813336,
    0.493285149557,0.578513372382,0.667820946348,0.746058251806,
    0.86882169419,1.),.UNSPECIFIED.);
#3608 = CARTESIAN_POINT('',(27.994405276015,18.,57.186787317899));
#3609 = CARTESIAN_POINT('',(27.994405276015,19.209188707982,
    57.302256969857));
#3610 = CARTESIAN_POINT('',(27.82730312313,20.420600348756,
    57.417939323232));
#3611 = CARTESIAN_POINT('',(27.492031593305,21.603999523833,
    57.533523352532));
#3612 = CARTESIAN_POINT('',(26.995230007318,22.732473592922,
    57.649036084794));
#3613 = CARTESIAN_POINT('',(26.347192185917,23.781187518431,
    57.764528577511));
#3614 = CARTESIAN_POINT('',(25.562723696744,24.727782748093,
    57.88005942111));
#3615 = CARTESIAN_POINT('',(24.660003704294,25.552009468631,
    57.995688839189));
#3616 = CARTESIAN_POINT('',(23.104104619132,26.622775572283,
    58.176046261287));
#3617 = CARTESIAN_POINT('',(22.514555410077,26.964474614522,
    58.240912574468));
#3618 = CARTESIAN_POINT('',(21.899068515943,27.260016525556,
    58.305783769142));
#3619 = CARTESIAN_POINT('',(21.261923116888,27.507093408346,
    58.370654832555));
#3620 = CARTESIAN_POINT('',(20.607556844431,27.703905388374,
    58.435521860881));
#3621 = CARTESIAN_POINT('',(19.940565781454,27.849160613636,
    58.50038205922));
#3622 = CARTESIAN_POINT('',(19.2657044622,27.942075254643,58.5652337416)
  );
#3623 = CARTESIAN_POINT('',(17.752499838302,28.032039588482,
    58.709992394622));
#3624 = CARTESIAN_POINT('',(16.911988312466,28.001767573887,
    58.789925566682));
#3625 = CARTESIAN_POINT('',(16.075747243571,27.891059900537,
    58.869868123195));
#3626 = CARTESIAN_POINT('',(15.25283159023,27.700582007047,
    58.949813740372));
#3627 = CARTESIAN_POINT('',(14.451955320862,27.432162330756,
    59.029757494597));
#3628 = CARTESIAN_POINT('',(13.681491413691,27.088792307725,
    59.109695862431));
#3629 = CARTESIAN_POINT('',(12.94947185675,26.674626372733,
    59.189626720605));
#3630 = CARTESIAN_POINT('',(11.323999830272,25.537920545965,
    59.379034772617));
#3631 = CARTESIAN_POINT('',(10.469090225025,24.756749034489,
    59.48868421261));
#3632 = CARTESIAN_POINT('',(9.7202160394,23.865441763461,59.598257608184
    ));
#3633 = CARTESIAN_POINT('',(9.093212616973,22.881479167877,
    59.707772609295));
#3634 = CARTESIAN_POINT('',(8.600757482471,21.823971168634,
    59.817271511956));
#3635 = CARTESIAN_POINT('',(8.251900782823,20.713877726275,
    59.926803306919));
#3636 = CARTESIAN_POINT('',(8.052637254567,19.573608978431,
    60.036405935556));
#3637 = CARTESIAN_POINT('',(7.974932797448,17.759435367567,
    60.209805300826));
#3638 = CARTESIAN_POINT('',(7.99740547736,17.088623638542,
    60.273705168887));
#3639 = CARTESIAN_POINT('',(8.071217377707,16.420158137158,
    60.33761372673));
#3640 = CARTESIAN_POINT('',(8.196099860899,15.758625592262,
    60.40153129527));
#3641 = CARTESIAN_POINT('',(8.371281835419,15.108532535666,
    60.465455081815));
#3642 = CARTESIAN_POINT('',(8.59548975583,14.474305302152,
    60.529379180066));
#3643 = CARTESIAN_POINT('',(8.866947622768,13.860290029466,
    60.593294570113));
#3644 = CARTESIAN_POINT('',(9.514951871556,12.652997757018,
    60.724141906044));
#3645 = CARTESIAN_POINT('',(9.896165290705,12.061596598052,
    60.791112617061));
#3646 = CARTESIAN_POINT('',(10.324433101677,11.50137922203,
    60.858095441746));
#3647 = CARTESIAN_POINT('',(10.79673922295,10.976750939579,
    60.925084991494));
#3648 = CARTESIAN_POINT('',(11.309635630198,10.49169233134,
    60.992076298843));
#3649 = CARTESIAN_POINT('',(11.859242356289,10.049759247973,
    61.059064817466));
#3650 = CARTESIAN_POINT('',(12.441247491285,9.654082810155,
    61.126046422182));
#3651 = CARTESIAN_POINT('',(13.584995495055,9.003633441958,
    61.251686895927));
#3652 = CARTESIAN_POINT('',(14.140504519039,8.737351350919,
    61.310361562029));
#3653 = CARTESIAN_POINT('',(14.714281352608,8.510326938508,
    61.369042474801));
#3654 = CARTESIAN_POINT('',(15.303069385507,8.324021784589,
    61.427728998197));
#3655 = CARTESIAN_POINT('',(15.903508299012,8.179555245845,
    61.486418792573));
#3656 = CARTESIAN_POINT('',(16.512134065938,8.077704455776,
    61.545107814688));
#3657 = CARTESIAN_POINT('',(17.125378950632,8.018904324703,
    61.603790317704));
#3658 = CARTESIAN_POINT('',(18.703311150914,7.978680221092,
    61.754516611708));
#3659 = CARTESIAN_POINT('',(19.67056552972,8.060277601407,
    61.846646634081));
#3660 = CARTESIAN_POINT('',(20.626702217733,8.248705175402,
    61.938766074205));
#3661 = CARTESIAN_POINT('',(21.557927540294,8.54196552051,
    62.030863790078));
#3662 = CARTESIAN_POINT('',(22.451142358289,8.93609939898,
    62.122964654552));
#3663 = CARTESIAN_POINT('',(23.293930341727,9.425448158588,
    62.215094416767));
#3664 = CARTESIAN_POINT('',(24.074678734365,10.00247743198,
    62.307245112278));
#3665 = CARTESIAN_POINT('',(25.539525072776,11.356722431033,
    62.497749678044));
#3666 = CARTESIAN_POINT('',(26.214422477061,12.145957044656,
    62.596235460229));
#3667 = CARTESIAN_POINT('',(26.794156002675,13.012921627499,
    62.694678319177));
#3668 = CARTESIAN_POINT('',(27.268614968874,13.943975698406,
    62.793088456906));
#3669 = CARTESIAN_POINT('',(27.630105843278,14.92438677309,
    62.89149532994));
#3670 = CARTESIAN_POINT('',(27.873071146409,15.938498133506,
    62.989927721744));
#3671 = CARTESIAN_POINT('',(27.994405276015,16.969644516293,
    63.088396193813));
#3672 = CARTESIAN_POINT('',(27.994405276015,18.,63.18678922486));
#3673 = PCURVE('',#727,#3674);
#3674 = DEFINITIONAL_REPRESENTATION('',(#3675),#3741);
#3675 = B_SPLINE_CURVE_WITH_KNOTS('',8,(#3676,#3677,#3678,#3679,#3680,
    #3681,#3682,#3683,#3684,#3685,#3686,#3687,#3688,#3689,#3690,#3691,
    #3692,#3693,#3694,#3695,#3696,#3697,#3698,#3699,#3700,#3701,#3702,
    #3703,#3704,#3705,#3706,#3707,#3708,#3709,#3710,#3711,#3712,#3713,
    #3714,#3715,#3716,#3717,#3718,#3719,#3720,#3721,#3722,#3723,#3724,
    #3725,#3726,#3727,#3728,#3729,#3730,#3731,#3732,#3733,#3734,#3735,
    #3736,#3737,#3738,#3739,#3740),.UNSPECIFIED.,.F.,.F.,(9,7,7,7,7,7,7,
    7,7,9),(0.,0.154076440331,0.240591527556,0.34721813336,
    0.493285149557,0.578513372382,0.667820946348,0.746058251806,
    0.86882169419,1.),.UNSPECIFIED.);
#3676 = CARTESIAN_POINT('',(2.74953487421,78.190484709036));
#3677 = CARTESIAN_POINT('',(2.749536277538,78.357680129504));
#3678 = CARTESIAN_POINT('',(2.749539051461,78.525182173796));
#3679 = CARTESIAN_POINT('',(2.749542852046,78.692540827467));
#3680 = CARTESIAN_POINT('',(2.74954593387,78.859796959208));
#3681 = CARTESIAN_POINT('',(2.749545319355,79.027027457433));
#3682 = CARTESIAN_POINT('',(2.749541590657,79.194316580987));
#3683 = CARTESIAN_POINT('',(2.749536685134,79.361749606944));
#3684 = CARTESIAN_POINT('',(2.749529873042,79.622908860247));
#3685 = CARTESIAN_POINT('',(2.749527560183,79.716835759076));
#3686 = CARTESIAN_POINT('',(2.749525767985,79.810769208829));
#3687 = CARTESIAN_POINT('',(2.749524749939,79.904701699303));
#3688 = CARTESIAN_POINT('',(2.749524629096,79.9986274556));
#3689 = CARTESIAN_POINT('',(2.749525398065,80.092542438128));
#3690 = CARTESIAN_POINT('',(2.749526919011,80.186444342604));
#3691 = CARTESIAN_POINT('',(2.749531394311,80.396046362093));
#3692 = CARTESIAN_POINT('',(2.749534768003,80.511783999359));
#3693 = CARTESIAN_POINT('',(2.749538195999,80.627535171091));
#3694 = CARTESIAN_POINT('',(2.749541055564,80.743291339386));
#3695 = CARTESIAN_POINT('',(2.749542949959,80.859045769197));
#3696 = CARTESIAN_POINT('',(2.749543708447,80.97479352833));
#3697 = CARTESIAN_POINT('',(2.749543386288,81.090531487445));
#3698 = CARTESIAN_POINT('',(2.749540728342,81.364791671153));
#3699 = CARTESIAN_POINT('',(2.749537846503,81.523563845915));
#3700 = CARTESIAN_POINT('',(2.74953464414,81.682226228972));
#3701 = CARTESIAN_POINT('',(2.749532727439,81.840802781017));
#3702 = CARTESIAN_POINT('',(2.749533764384,81.999353088146));
#3703 = CARTESIAN_POINT('',(2.749535678112,82.157950151208));
#3704 = CARTESIAN_POINT('',(2.749536335375,82.3166510279));
#3705 = CARTESIAN_POINT('',(2.749534988911,82.567729779444));
#3706 = CARTESIAN_POINT('',(2.749533840984,82.660256135364));
#3707 = CARTESIAN_POINT('',(2.749532202321,82.752795561451));
#3708 = CARTESIAN_POINT('',(2.749530337535,82.845348259456));
#3709 = CARTESIAN_POINT('',(2.749528614808,82.937909819805));
#3710 = CARTESIAN_POINT('',(2.749527505891,83.030471221597));
#3711 = CARTESIAN_POINT('',(2.749527586103,83.123018832604));
#3712 = CARTESIAN_POINT('',(2.749531575815,83.312478137922));
#3713 = CARTESIAN_POINT('',(2.749536266066,83.409445187289));
#3714 = CARTESIAN_POINT('',(2.749542446194,83.506428296519));
#3715 = CARTESIAN_POINT('',(2.749548920395,83.603420851242));
#3716 = CARTESIAN_POINT('',(2.749554455947,83.700416883572));
#3717 = CARTESIAN_POINT('',(2.749557783214,83.79741107211));
#3718 = CARTESIAN_POINT('',(2.749557595646,83.894398741943));
#3719 = CARTESIAN_POINT('',(2.749548129377,84.0763320272));
#3720 = CARTESIAN_POINT('',(2.749543205686,84.161296189068));
#3721 = CARTESIAN_POINT('',(2.749540145663,84.246267544151));
#3722 = CARTESIAN_POINT('',(2.749540059712,84.331244068139));
#3723 = CARTESIAN_POINT('',(2.749542801686,84.416222518506));
#3724 = CARTESIAN_POINT('',(2.749546968883,84.501198434515));
#3725 = CARTESIAN_POINT('',(2.749549902047,84.586166137214));
#3726 = CARTESIAN_POINT('',(2.749544207148,84.804419238701));
#3727 = CARTESIAN_POINT('',(2.749536426057,84.937828656537));
#3728 = CARTESIAN_POINT('',(2.74952957012,85.071221832323));
#3729 = CARTESIAN_POINT('',(2.749526783159,85.204579508961));
#3730 = CARTESIAN_POINT('',(2.749528124589,85.3379376426));
#3731 = CARTESIAN_POINT('',(2.749531143961,85.471335952109));
#3732 = CARTESIAN_POINT('',(2.749533030267,85.604765698294));
#3733 = CARTESIAN_POINT('',(2.749535731235,85.880608278383));
#3734 = CARTESIAN_POINT('',(2.749536210632,86.023212450189));
#3735 = CARTESIAN_POINT('',(2.749535131388,86.165756019058));
#3736 = CARTESIAN_POINT('',(2.749533462373,86.308252794533));
#3737 = CARTESIAN_POINT('',(2.749532842223,86.450743800644));
#3738 = CARTESIAN_POINT('',(2.749534014879,86.59326997584));
#3739 = CARTESIAN_POINT('',(2.749536132346,86.735847455457));
#3740 = CARTESIAN_POINT('',(2.749538414448,86.878315535006));
#3741 = ( GEOMETRIC_REPRESENTATION_CONTEXT(2) 
PARAMETRIC_REPRESENTATION_CONTEXT() REPRESENTATION_CONTEXT('2D SPACE',''
  ) );
#3742 = PCURVE('',#3743,#3748);
#3743 = CYLINDRICAL_SURFACE('',#3744,10.);
#3744 = AXIS2_PLACEMENT_3D('',#3745,#3746,#3747);
#3745 = CARTESIAN_POINT('',(17.994405276015,18.,3.608224830032E-16));
#3746 = DIRECTION('',(0.,0.,1.));
#3747 = DIRECTION('',(1.,0.,0.));
#3748 = DEFINITIONAL_REPRESENTATION('',(#3749),#3815);
#3749 = B_SPLINE_CURVE_WITH_KNOTS('',8,(#3750,#3751,#3752,#3753,#3754,
    #3755,#3756,#3757,#3758,#3759,#3760,#3761,#3762,#3763,#3764,#3765,
    #3766,#3767,#3768,#3769,#3770,#3771,#3772,#3773,#3774,#3775,#3776,
    #3777,#3778,#3779,#3780,#3781,#3782,#3783,#3784,#3785,#3786,#3787,
    #3788,#3789,#3790,#3791,#3792,#3793,#3794,#3795,#3796,#3797,#3798,
    #3799,#3800,#3801,#3802,#3803,#3804,#3805,#3806,#3807,#3808,#3809,
    #3810,#3811,#3812,#3813,#3814),.UNSPECIFIED.,.F.,.F.,(9,7,7,7,7,7,7,
    7,7,9),(0.,0.154076440331,0.240591527556,0.34721813336,
    0.493285149557,0.578513372382,0.667820946348,0.746058251806,
    0.86882169419,1.),.UNSPECIFIED.);
#3750 = CARTESIAN_POINT('',(0.,57.186787317899));
#3751 = CARTESIAN_POINT('',(0.120918870798,57.302256969857));
#3752 = CARTESIAN_POINT('',(0.242059553291,57.417939323232));
#3753 = CARTESIAN_POINT('',(0.363096426788,57.533523352532));
#3754 = CARTESIAN_POINT('',(0.484058874499,57.649036084794));
#3755 = CARTESIAN_POINT('',(0.605002554507,57.764528577511));
#3756 = CARTESIAN_POINT('',(0.725988614412,57.88005942111));
#3757 = CARTESIAN_POINT('',(0.84707881507,57.995688839189));
#3758 = CARTESIAN_POINT('',(1.035953429879,58.176046261287));
#3759 = CARTESIAN_POINT('',(1.103882920065,58.240912574468));
#3760 = CARTESIAN_POINT('',(1.17181717288,58.305783769142));
#3761 = CARTESIAN_POINT('',(1.239750749104,58.370654832555));
#3762 = CARTESIAN_POINT('',(1.307679462915,58.435521860881));
#3763 = CARTESIAN_POINT('',(1.375600381888,58.50038205922));
#3764 = CARTESIAN_POINT('',(1.443511826999,58.5652337416));
#3765 = CARTESIAN_POINT('',(1.595099485308,58.709992394622));
#3766 = CARTESIAN_POINT('',(1.678802815302,58.789925566682));
#3767 = CARTESIAN_POINT('',(1.762515894681,58.869868123195));
#3768 = CARTESIAN_POINT('',(1.846232564847,58.949813740372));
#3769 = CARTESIAN_POINT('',(1.929947976524,59.029757494597));
#3770 = CARTESIAN_POINT('',(2.013658589757,59.109695862431));
#3771 = CARTESIAN_POINT('',(2.097362173916,59.189626720605));
#3772 = CARTESIAN_POINT('',(2.29571185114,59.379034772617));
#3773 = CARTESIAN_POINT('',(2.410538768269,59.48868421261));
#3774 = CARTESIAN_POINT('',(2.525286450373,59.598257608184));
#3775 = CARTESIAN_POINT('',(2.639972158493,59.707772609295));
#3776 = CARTESIAN_POINT('',(2.75463876105,59.817271511956));
#3777 = CARTESIAN_POINT('',(2.869338809955,59.926803306919));
#3778 = CARTESIAN_POINT('',(2.984113641027,60.036405935556));
#3779 = CARTESIAN_POINT('',(3.165697337239,60.209805300826));
#3780 = CARTESIAN_POINT('',(3.232613647092,60.273705168887));
#3781 = CARTESIAN_POINT('',(3.299539422211,60.33761372673));
#3782 = CARTESIAN_POINT('',(3.366474860636,60.40153129527));
#3783 = CARTESIAN_POINT('',(3.433416808387,60.465455081815));
#3784 = CARTESIAN_POINT('',(3.500358759468,60.529379180066));
#3785 = CARTESIAN_POINT('',(3.567290855862,60.593294570113));
#3786 = CARTESIAN_POINT('',(3.704311443278,60.724141906044));
#3787 = CARTESIAN_POINT('',(3.774440016316,60.791112617061));
#3788 = CARTESIAN_POINT('',(3.844580203262,60.858095441746));
#3789 = CARTESIAN_POINT('',(3.914727115857,60.925084991494));
#3790 = CARTESIAN_POINT('',(3.984876380974,60.992076298843));
#3791 = CARTESIAN_POINT('',(4.055024140615,61.059064817466));
#3792 = CARTESIAN_POINT('',(4.12516705191,61.126046422182));
#3793 = CARTESIAN_POINT('',(4.256743792891,61.251686895927));
#3794 = CARTESIAN_POINT('',(4.318191192505,61.310361562029));
#3795 = CARTESIAN_POINT('',(4.37964381398,61.369042474801));
#3796 = CARTESIAN_POINT('',(4.441100144116,61.427728998197));
#3797 = CARTESIAN_POINT('',(4.502557828497,61.486418792573));
#3798 = CARTESIAN_POINT('',(4.564013671492,61.545107814688));
#3799 = CARTESIAN_POINT('',(4.625463636251,61.603790317704));
#3800 = CARTESIAN_POINT('',(4.783308116902,61.754516611708));
#3801 = CARTESIAN_POINT('',(4.879792408944,61.846646634081));
#3802 = CARTESIAN_POINT('',(4.976265150048,61.938766074205));
#3803 = CARTESIAN_POINT('',(5.072712093999,62.030863790078));
#3804 = CARTESIAN_POINT('',(5.169159024563,62.122964654552));
#3805 = CARTESIAN_POINT('',(5.265634691,62.215094416767));
#3806 = CARTESIAN_POINT('',(5.362132973696,62.307245112278));
#3807 = CARTESIAN_POINT('',(5.561626189435,62.497749678044));
#3808 = CARTESIAN_POINT('',(5.664759505413,62.596235460229));
#3809 = CARTESIAN_POINT('',(5.767849128409,62.694678319177));
#3810 = CARTESIAN_POINT('',(5.870905194426,62.793088456906));
#3811 = CARTESIAN_POINT('',(5.973957334566,62.89149532994));
#3812 = CARTESIAN_POINT('',(6.077035005861,62.989927721744));
#3813 = CARTESIAN_POINT('',(6.180149758809,63.088396193813));
#3814 = CARTESIAN_POINT('',(6.28318530718,63.18678922486));
#3815 = ( GEOMETRIC_REPRESENTATION_CONTEXT(2) 
PARAMETRIC_REPRESENTATION_CONTEXT() REPRESENTATION_CONTEXT('2D SPACE',''
  ) );
#3816 = ORIENTED_EDGE('',*,*,#3817,.T.);
#3817 = EDGE_CURVE('',#3604,#3818,#3820,.T.);
#3818 = VERTEX_POINT('',#3819);
#3819 = CARTESIAN_POINT('',(27.994405276015,18.,69.186791620788));
#3820 = SURFACE_CURVE('',#3821,(#3880,#3942),.PCURVE_S1.);
#3821 = B_SPLINE_CURVE_WITH_KNOTS('',8,(#3822,#3823,#3824,#3825,#3826,
    #3827,#3828,#3829,#3830,#3831,#3832,#3833,#3834,#3835,#3836,#3837,
    #3838,#3839,#3840,#3841,#3842,#3843,#3844,#3845,#3846,#3847,#3848,
    #3849,#3850,#3851,#3852,#3853,#3854,#3855,#3856,#3857,#3858,#3859,
    #3860,#3861,#3862,#3863,#3864,#3865,#3866,#3867,#3868,#3869,#3870,
    #3871,#3872,#3873,#3874,#3875,#3876,#3877,#3878,#3879),
  .UNSPECIFIED.,.F.,.F.,(9,7,7,7,7,7,7,7,9),(0.,0.125103126025,
    0.222419763168,0.376220487917,0.461914906928,0.578943357754,
    0.670184518201,0.83488924315,1.),.UNSPECIFIED.);
#3822 = CARTESIAN_POINT('',(27.994405276015,18.,63.18678922486));
#3823 = CARTESIAN_POINT('',(27.994405276015,18.981555905225,
    63.280522176433));
#3824 = CARTESIAN_POINT('',(27.884296329464,19.964015209169,
    63.374341505008));
#3825 = CARTESIAN_POINT('',(27.663725147265,20.931668471341,
    63.468123181559));
#3826 = CARTESIAN_POINT('',(27.33540875912,21.869953848209,
    63.561860808915));
#3827 = CARTESIAN_POINT('',(26.903979967461,22.765245517053,
    63.655574908236));
#3828 = CARTESIAN_POINT('',(26.375955283101,23.604873854714,
    63.749298973913));
#3829 = CARTESIAN_POINT('',(25.759514816818,24.377101846679,
    63.84306380208));
#3830 = CARTESIAN_POINT('',(24.524898001612,25.611583924732,
    64.009782397267));
#3831 = CARTESIAN_POINT('',(23.937279677114,26.104729578362,
    64.082746293378));
#3832 = CARTESIAN_POINT('',(23.307367425885,26.545860261545,
    64.155715461429));
#3833 = CARTESIAN_POINT('',(22.640637950035,26.930710318794,
    64.228681151133));
#3834 = CARTESIAN_POINT('',(21.942909468103,27.25577880348,
    64.301639111083));
#3835 = CARTESIAN_POINT('',(21.220341715049,27.518329477831,
    64.374589588753));
#3836 = CARTESIAN_POINT('',(20.479435942258,27.71639081293,
    64.447537330498));
#3837 = CARTESIAN_POINT('',(18.537928652664,28.057947968275,
    64.63578961296));
#3838 = CARTESIAN_POINT('',(17.318230961481,28.103339380482,
    64.751246793918));
#3839 = CARTESIAN_POINT('',(16.096997106837,27.979111938425,
    64.866632857503));
#3840 = CARTESIAN_POINT('',(14.901504592559,27.686674211311,
    64.981928203401));
#3841 = CARTESIAN_POINT('',(13.757766628392,27.232200181153,
    65.097219790793));
#3842 = CARTESIAN_POINT('',(12.690543727685,26.625749390896,
    65.212596553511));
#3843 = CARTESIAN_POINT('',(11.722853437841,25.881968683981,
    65.328044337468));
#3844 = CARTESIAN_POINT('',(10.40256056234,24.54342892715,
    65.507580796878));
#3845 = CARTESIAN_POINT('',(9.967021266904,24.028216331768,
    65.571813939019));
#3846 = CARTESIAN_POINT('',(9.571660521777,23.48011724474,
    65.636032433128));
#3847 = CARTESIAN_POINT('',(9.21930318473,22.902780004602,
    65.700240330658));
#3848 = CARTESIAN_POINT('',(8.912365337627,22.30008559912,
    65.764446921054));
#3849 = CARTESIAN_POINT('',(8.652875691313,21.676131077452,
    65.828661255019));
#3850 = CARTESIAN_POINT('',(8.442451824481,21.035232568226,
    65.892887358156));
#3851 = CARTESIAN_POINT('',(8.06342628563,19.489790711308,
    66.044839527367));
#3852 = CARTESIAN_POINT('',(7.938126623138,18.57402067658,
    66.132620224829));
#3853 = CARTESIAN_POINT('',(7.909554770366,17.646810586685,
    66.220393439764));
#3854 = CARTESIAN_POINT('',(7.978686333139,16.720167750413,
    66.30814801409));
#3855 = CARTESIAN_POINT('',(8.144784635759,15.805913943901,
    66.395903684519));
#3856 = CARTESIAN_POINT('',(8.405594017333,14.915645438473,
    66.483682899538));
#3857 = CARTESIAN_POINT('',(8.757191810463,14.060673110445,
    66.571481188087));
#3858 = CARTESIAN_POINT('',(9.533665638811,12.621416408399,
    66.727654127964));
#3859 = CARTESIAN_POINT('',(9.925658117625,12.018539519363,
    66.79609241772));
#3860 = CARTESIAN_POINT('',(10.366560456462,11.448510778772,
    66.864529300111));
#3861 = CARTESIAN_POINT('',(10.853062416725,10.916027262967,
    66.932952547352));
#3862 = CARTESIAN_POINT('',(11.381459503492,10.425284311655,
    67.001359352972));
#3863 = CARTESIAN_POINT('',(11.947652965517,9.979975527912,
    67.069756331821));
#3864 = CARTESIAN_POINT('',(12.547149795233,9.583292778181,
    67.138159520065));
#3865 = CARTESIAN_POINT('',(14.308544881963,8.614484882892,
    67.330130112073));
#3866 = CARTESIAN_POINT('',(15.536218605078,8.157539402668,
    67.453895988803));
#3867 = CARTESIAN_POINT('',(16.826400956084,7.885683946932,
    67.577490048191));
#3868 = CARTESIAN_POINT('',(18.146382306231,7.807453622663,
    67.70101766314));
#3869 = CARTESIAN_POINT('',(19.463496203472,7.924981642901,
    67.824562299517));
#3870 = CARTESIAN_POINT('',(20.745117593498,8.235218082243,
    67.948185207876));
#3871 = CARTESIAN_POINT('',(21.958707448401,8.728668853322,
    68.071951241131));
#3872 = CARTESIAN_POINT('',(24.190083277609,10.044177782491,
    68.319309268823));
#3873 = CARTESIAN_POINT('',(25.211801827429,10.869623490853,
    68.443389188886));
#3874 = CARTESIAN_POINT('',(26.105156591537,11.844020780937,
    68.567309577978));
#3875 = CARTESIAN_POINT('',(26.84658894944,12.943079522426,
    68.691157561808));
#3876 = CARTESIAN_POINT('',(27.416696160611,14.13990930894,
    68.814997544386));
#3877 = CARTESIAN_POINT('',(27.802238979835,15.404234576225,
    68.93891177092));
#3878 = CARTESIAN_POINT('',(27.994405276015,16.703293419171,
    69.062964063274));
#3879 = CARTESIAN_POINT('',(27.994405276015,18.,69.186791620788));
#3880 = PCURVE('',#727,#3881);
#3881 = DEFINITIONAL_REPRESENTATION('',(#3882),#3941);
#3882 = B_SPLINE_CURVE_WITH_KNOTS('',8,(#3883,#3884,#3885,#3886,#3887,
    #3888,#3889,#3890,#3891,#3892,#3893,#3894,#3895,#3896,#3897,#3898,
    #3899,#3900,#3901,#3902,#3903,#3904,#3905,#3906,#3907,#3908,#3909,
    #3910,#3911,#3912,#3913,#3914,#3915,#3916,#3917,#3918,#3919,#3920,
    #3921,#3922,#3923,#3924,#3925,#3926,#3927,#3928,#3929,#3930,#3931,
    #3932,#3933,#3934,#3935,#3936,#3937,#3938,#3939,#3940),
  .UNSPECIFIED.,.F.,.F.,(9,7,7,7,7,7,7,7,9),(0.,0.125103126025,
    0.222419763168,0.376220487917,0.461914906928,0.578943357754,
    0.670184518201,0.83488924315,1.),.UNSPECIFIED.);
#3883 = CARTESIAN_POINT('',(2.749538414448,86.878315535006));
#3884 = CARTESIAN_POINT('',(2.749540588466,87.014036057678));
#3885 = CARTESIAN_POINT('',(2.749542902426,87.149881512776));
#3886 = CARTESIAN_POINT('',(2.749544608635,87.285673052677));
#3887 = CARTESIAN_POINT('',(2.749544743397,87.421402372004));
#3888 = CARTESIAN_POINT('',(2.749542747999,87.557099739985));
#3889 = CARTESIAN_POINT('',(2.749539264928,87.692813017152));
#3890 = CARTESIAN_POINT('',(2.74953532182,87.828585774369));
#3891 = CARTESIAN_POINT('',(2.74952911272,88.069995789993));
#3892 = CARTESIAN_POINT('',(2.749526637784,88.175647922653));
#3893 = CARTESIAN_POINT('',(2.74952492684,88.281306929813));
#3894 = CARTESIAN_POINT('',(2.749524294626,88.38695982857));
#3895 = CARTESIAN_POINT('',(2.749524848399,88.492600356434));
#3896 = CARTESIAN_POINT('',(2.749526487935,88.598228971327));
#3897 = CARTESIAN_POINT('',(2.749528905525,88.703852851582));
#3898 = CARTESIAN_POINT('',(2.749535822214,88.976429999824));
#3899 = CARTESIAN_POINT('',(2.749540811273,89.143603799759));
#3900 = CARTESIAN_POINT('',(2.749544826997,89.310675590867));
#3901 = CARTESIAN_POINT('',(2.749545758438,89.477619089932));
#3902 = CARTESIAN_POINT('',(2.749543325703,89.644560489514));
#3903 = CARTESIAN_POINT('',(2.749539449716,89.811626654628));
#3904 = CARTESIAN_POINT('',(2.749536775898,89.978794461996));
#3905 = CARTESIAN_POINT('',(2.749534558262,90.238760419202));
#3906 = CARTESIAN_POINT('',(2.749534172162,90.331768589663));
#3907 = CARTESIAN_POINT('',(2.749534274291,90.424755065067));
#3908 = CARTESIAN_POINT('',(2.749534784843,90.517725791103));
#3909 = CARTESIAN_POINT('',(2.749535459756,90.610694461132));
#3910 = CARTESIAN_POINT('',(2.749535958696,90.703674518482));
#3911 = CARTESIAN_POINT('',(2.749535984629,90.796672087256));
#3912 = CARTESIAN_POINT('',(2.749534826315,91.016695713971));
#3913 = CARTESIAN_POINT('',(2.749533236803,91.143801279308));
#3914 = CARTESIAN_POINT('',(2.749530376532,91.270897272817));
#3915 = CARTESIAN_POINT('',(2.749527039631,91.397966748833));
#3916 = CARTESIAN_POINT('',(2.749525213221,91.525036311112));
#3917 = CARTESIAN_POINT('',(2.749527181961,91.652136194343));
#3918 = CARTESIAN_POINT('',(2.749533688198,91.779259186944));
#3919 = CARTESIAN_POINT('',(2.74954696356,92.005380029426));
#3920 = CARTESIAN_POINT('',(2.749555574217,92.104468196158));
#3921 = CARTESIAN_POINT('',(2.749561257637,92.203557233643));
#3922 = CARTESIAN_POINT('',(2.749561081477,92.302632350059));
#3923 = CARTESIAN_POINT('',(2.749554903114,92.401689623436));
#3924 = CARTESIAN_POINT('',(2.749545369654,92.500736001652));
#3925 = CARTESIAN_POINT('',(2.749537917925,92.599789302437));
#3926 = CARTESIAN_POINT('',(2.749545931008,92.877749369115));
#3927 = CARTESIAN_POINT('',(2.749566192195,93.056938752581));
#3928 = CARTESIAN_POINT('',(2.749541175359,93.235924338632));
#3929 = CARTESIAN_POINT('',(2.749524738996,93.414805189332));
#3930 = CARTESIAN_POINT('',(2.749527230216,93.593691879667));
#3931 = CARTESIAN_POINT('',(2.749528414549,93.772693204085));
#3932 = CARTESIAN_POINT('',(2.749532178218,93.951899206508));
#3933 = CARTESIAN_POINT('',(2.749536012551,94.31006287747));
#3934 = CARTESIAN_POINT('',(2.749536585847,94.489726549206));
#3935 = CARTESIAN_POINT('',(2.749534412827,94.669161953382));
#3936 = CARTESIAN_POINT('',(2.749531400903,94.848493350334));
#3937 = CARTESIAN_POINT('',(2.749533073033,95.027808507499));
#3938 = CARTESIAN_POINT('',(2.749536880349,95.207229046254));
#3939 = CARTESIAN_POINT('',(2.749540472088,95.386849714641));
#3940 = CARTESIAN_POINT('',(2.749542327916,95.566146698135));
#3941 = ( GEOMETRIC_REPRESENTATION_CONTEXT(2) 
PARAMETRIC_REPRESENTATION_CONTEXT() REPRESENTATION_CONTEXT('2D SPACE',''
  ) );
#3942 = PCURVE('',#3943,#3948);
#3943 = CYLINDRICAL_SURFACE('',#3944,10.);
#3944 = AXIS2_PLACEMENT_3D('',#3945,#3946,#3947);
#3945 = CARTESIAN_POINT('',(17.994405276015,18.,3.608224830032E-16));
#3946 = DIRECTION('',(0.,0.,1.));
#3947 = DIRECTION('',(1.,0.,0.));
#3948 = DEFINITIONAL_REPRESENTATION('',(#3949),#4008);
#3949 = B_SPLINE_CURVE_WITH_KNOTS('',8,(#3950,#3951,#3952,#3953,#3954,
    #3955,#3956,#3957,#3958,#3959,#3960,#3961,#3962,#3963,#3964,#3965,
    #3966,#3967,#3968,#3969,#3970,#3971,#3972,#3973,#3974,#3975,#3976,
    #3977,#3978,#3979,#3980,#3981,#3982,#3983,#3984,#3985,#3986,#3987,
    #3988,#3989,#3990,#3991,#3992,#3993,#3994,#3995,#3996,#3997,#3998,
    #3999,#4000,#4001,#4002,#4003,#4004,#4005,#4006,#4007),
  .UNSPECIFIED.,.F.,.F.,(9,7,7,7,7,7,7,7,9),(0.,0.125103126025,
    0.222419763168,0.376220487917,0.461914906928,0.578943357754,
    0.670184518201,0.83488924315,1.),.UNSPECIFIED.);
#3950 = CARTESIAN_POINT('',(0.,63.18678922486));
#3951 = CARTESIAN_POINT('',(9.815559052254E-02,63.280522176433));
#3952 = CARTESIAN_POINT('',(0.196401457745,63.374341505008));
#3953 = CARTESIAN_POINT('',(0.294608202126,63.468123181559));
#3954 = CARTESIAN_POINT('',(0.392769808137,63.561860808915));
#3955 = CARTESIAN_POINT('',(0.490908236409,63.655574908236));
#3956 = CARTESIAN_POINT('',(0.589058183049,63.749298973913));
#3957 = CARTESIAN_POINT('',(0.687251197966,63.84306380208));
#3958 = CARTESIAN_POINT('',(0.86184285531,64.009782397267));
#3959 = CARTESIAN_POINT('',(0.938252241742,64.082746293378));
#3960 = CARTESIAN_POINT('',(1.014666628004,64.155715461429));
#3961 = CARTESIAN_POINT('',(1.091076610459,64.228681151133));
#3962 = CARTESIAN_POINT('',(1.167477645893,64.301639111083));
#3963 = CARTESIAN_POINT('',(1.243870051506,64.374589588753));
#3964 = CARTESIAN_POINT('',(1.320259004919,64.447537330498));
#3965 = CARTESIAN_POINT('',(1.517391240891,64.63578961296));
#3966 = CARTESIAN_POINT('',(1.638293982292,64.751246793918));
#3967 = CARTESIAN_POINT('',(1.759122838664,64.866632857503));
#3968 = CARTESIAN_POINT('',(1.879858960456,64.981928203401));
#3969 = CARTESIAN_POINT('',(2.000593772068,65.097219790793));
#3970 = CARTESIAN_POINT('',(2.121419071193,65.212596553511));
#3971 = CARTESIAN_POINT('',(2.242318033701,65.328044337468));
#3972 = CARTESIAN_POINT('',(2.430330319409,65.507580796878));
#3973 = CARTESIAN_POINT('',(2.497595570112,65.571813939019));
#3974 = CARTESIAN_POINT('',(2.564845089561,65.636032433128));
#3975 = CARTESIAN_POINT('',(2.632083144828,65.700240330658));
#3976 = CARTESIAN_POINT('',(2.699319617,65.764446921054));
#3977 = CARTESIAN_POINT('',(2.766564226251,65.828661255019));
#3978 = CARTESIAN_POINT('',(2.833821421624,65.892887358156));
#3979 = CARTESIAN_POINT('',(2.992945615014,66.044839527367));
#3980 = CARTESIAN_POINT('',(3.084870084329,66.132620224829));
#3981 = CARTESIAN_POINT('',(3.176787625208,66.220393439764));
#3982 = CARTESIAN_POINT('',(3.268686174764,66.30814801409));
#3983 = CARTESIAN_POINT('',(3.360585102139,66.395903684519));
#3984 = CARTESIAN_POINT('',(3.452506246163,66.483682899538));
#3985 = CARTESIAN_POINT('',(3.544444214053,66.571481188087));
#3986 = CARTESIAN_POINT('',(3.707979270249,66.727654127964));
#3987 = CARTESIAN_POINT('',(3.779641610764,66.79609241772));
#3988 = CARTESIAN_POINT('',(3.851304449227,66.864529300111));
#3989 = CARTESIAN_POINT('',(3.922957128379,66.932952547352));
#3990 = CARTESIAN_POINT('',(3.994596847169,67.001359352972));
#3991 = CARTESIAN_POINT('',(4.066228660756,67.069756331821));
#3992 = CARTESIAN_POINT('',(4.137865480511,67.138159520065));
#3993 = CARTESIAN_POINT('',(4.338890389155,67.330130112073));
#3994 = CARTESIAN_POINT('',(4.468482525103,67.453895988803));
#3995 = CARTESIAN_POINT('',(4.597928094575,67.577490048191));
#3996 = CARTESIAN_POINT('',(4.727298929369,67.70101766314));
#3997 = CARTESIAN_POINT('',(4.85667367864,67.824562299517));
#3998 = CARTESIAN_POINT('',(4.986130205878,67.948185207876));
#3999 = CARTESIAN_POINT('',(5.115734605132,68.071951241131));
#4000 = CARTESIAN_POINT('',(5.374763596442,68.319309268823));
#4001 = CARTESIAN_POINT('',(5.504698825901,68.443389188886));
#4002 = CARTESIAN_POINT('',(5.634469215232,68.567309577978));
#4003 = CARTESIAN_POINT('',(5.764164972144,68.691157561808));
#4004 = CARTESIAN_POINT('',(5.893849286557,68.814997544386));
#4005 = CARTESIAN_POINT('',(6.023609703845,68.93891177092));
#4006 = CARTESIAN_POINT('',(6.153514649097,69.062964063274));
#4007 = CARTESIAN_POINT('',(6.28318530718,69.186791620788));
#4008 = ( GEOMETRIC_REPRESENTATION_CONTEXT(2) 
PARAMETRIC_REPRESENTATION_CONTEXT() REPRESENTATION_CONTEXT('2D SPACE',''
  ) );
#4009 = ORIENTED_EDGE('',*,*,#4010,.T.);
#4010 = EDGE_CURVE('',#3818,#4011,#4013,.T.);
#4011 = VERTEX_POINT('',#4012);
#4012 = CARTESIAN_POINT('',(27.994405276015,18.,75.186792120395));
#4013 = SURFACE_CURVE('',#4014,(#4065,#4119),.PCURVE_S1.);
#4014 = B_SPLINE_CURVE_WITH_KNOTS('',7,(#4015,#4016,#4017,#4018,#4019,
    #4020,#4021,#4022,#4023,#4024,#4025,#4026,#4027,#4028,#4029,#4030,
    #4031,#4032,#4033,#4034,#4035,#4036,#4037,#4038,#4039,#4040,#4041,
    #4042,#4043,#4044,#4045,#4046,#4047,#4048,#4049,#4050,#4051,#4052,
    #4053,#4054,#4055,#4056,#4057,#4058,#4059,#4060,#4061,#4062,#4063,
    #4064),.UNSPECIFIED.,.F.,.F.,(8,6,6,6,6,6,6,6,8),(0.,
    9.915903675633E-02,0.26773550354,0.415361934684,0.511055199987,
    0.617882835558,0.770419062186,0.892667236061,1.),.UNSPECIFIED.);
#4015 = CARTESIAN_POINT('',(27.994405276015,18.,69.186791620788));
#4016 = CARTESIAN_POINT('',(27.994405276015,18.889517595421,
    69.271735117517));
#4017 = CARTESIAN_POINT('',(27.902019811355,19.779487521733,
    69.356703837846));
#4018 = CARTESIAN_POINT('',(27.717319574681,20.657796108301,
    69.441681100845));
#4019 = CARTESIAN_POINT('',(27.442086523355,21.512937287071,
    69.526656132022));
#4020 = CARTESIAN_POINT('',(27.079813879454,22.334012592566,
    69.611624063315));
#4021 = CARTESIAN_POINT('',(26.635706129772,23.110731161891,
    69.696585933101));
#4022 = CARTESIAN_POINT('',(25.234300997443,25.062007797133,
    69.925990596808));
#4023 = CARTESIAN_POINT('',(24.133029676467,26.137710457534,
    70.070769159895));
#4024 = CARTESIAN_POINT('',(22.848265736971,27.007954054411,
    70.215230231701));
#4025 = CARTESIAN_POINT('',(21.42698210945,27.639535155297,
    70.359699087375));
#4026 = CARTESIAN_POINT('',(19.92002848842,28.00986740058,
    70.504167530142));
#4027 = CARTESIAN_POINT('',(18.383525938846,28.106262120034,
    70.64895714288));
#4028 = CARTESIAN_POINT('',(15.563973878957,27.790179442688,
    70.919890839656));
#4029 = CARTESIAN_POINT('',(14.268397271368,27.438938565321,
    71.046574065232));
#4030 = CARTESIAN_POINT('',(13.03506252249,26.887651127184,
    71.173101384262));
#4031 = CARTESIAN_POINT('',(11.899696469512,26.151018255976,
    71.299602972858));
#4032 = CARTESIAN_POINT('',(10.893821729428,25.249597906424,
    71.426114107174));
#4033 = CARTESIAN_POINT('',(10.04515095311,24.209992275094,
    71.552769309047));
#4034 = CARTESIAN_POINT('',(8.938649904595,22.327881851217,
    71.761257299706));
#4035 = CARTESIAN_POINT('',(8.577636951316,21.544148943746,
    71.843231494475));
#4036 = CARTESIAN_POINT('',(8.296077956522,20.725905093603,
    71.925208575289));
#4037 = CARTESIAN_POINT('',(8.097792736743,19.882654383588,
    72.007199822554));
#4038 = CARTESIAN_POINT('',(7.985120997043,19.024383231554,
    72.089204524626));
#4039 = CARTESIAN_POINT('',(7.958922331016,18.161560390404,
    72.171209977814));
#4040 = CARTESIAN_POINT('',(8.085171126676,16.349064531722,
    72.344711936563));
#4041 = CARTESIAN_POINT('',(8.258706436619,15.399878614254,
    72.43628721826));
#4042 = CARTESIAN_POINT('',(8.538349005537,14.472663122954,
    72.527852887407));
#4043 = CARTESIAN_POINT('',(8.920477252512,13.581488847751,
    72.619413726751));
#4044 = CARTESIAN_POINT('',(9.399433724896,12.739639838423,
    72.710987749052));
#4045 = CARTESIAN_POINT('',(9.967511570962,11.959520705449,
    72.802563856991));
#4046 = CARTESIAN_POINT('',(11.537527635928,10.242345153123,
    73.024736762615));
#4047 = CARTESIAN_POINT('',(12.623590944959,9.378263019352,
    73.15561541466));
#4048 = CARTESIAN_POINT('',(13.842169025256,8.694631869005,
    73.286361471535));
#4049 = CARTESIAN_POINT('',(15.156977818261,8.213246979249,
    73.416981008523));
#4050 = CARTESIAN_POINT('',(16.529038072479,7.948461354885,
    73.547711559061));
#4051 = CARTESIAN_POINT('',(17.916411218952,7.907118535122,
    73.678596080741));
#4052 = CARTESIAN_POINT('',(20.361131804609,8.222412801493,
    73.913985951393));
#4053 = CARTESIAN_POINT('',(21.431814434523,8.502090012667,
    74.018808705292));
#4054 = CARTESIAN_POINT('',(22.462757297638,8.918225827442,
    74.123590801714));
#4055 = CARTESIAN_POINT('',(23.433133182372,9.463930870695,
    74.228335913274));
#4056 = CARTESIAN_POINT('',(24.324198421,10.128583614486,74.333102955219
    ));
#4057 = CARTESIAN_POINT('',(25.119407135006,10.898039503873,
    74.437916279891));
#4058 = CARTESIAN_POINT('',(26.406053039593,12.50710305204,
    74.634653821683));
#4059 = CARTESIAN_POINT('',(26.923366431368,13.327361389751,
    74.726680277912));
#4060 = CARTESIAN_POINT('',(27.346774330168,14.203815592157,
    74.818696510584));
#4061 = CARTESIAN_POINT('',(27.66933217099,15.12350178185,
    74.910708465661));
#4062 = CARTESIAN_POINT('',(27.886133587948,16.072637560533,
    75.002743740984));
#4063 = CARTESIAN_POINT('',(27.994405276015,17.036666318391,
    75.094801042541));
#4064 = CARTESIAN_POINT('',(27.994405276015,18.,75.186792120395));
#4065 = PCURVE('',#727,#4066);
#4066 = DEFINITIONAL_REPRESENTATION('',(#4067),#4118);
#4067 = B_SPLINE_CURVE_WITH_KNOTS('',7,(#4068,#4069,#4070,#4071,#4072,
    #4073,#4074,#4075,#4076,#4077,#4078,#4079,#4080,#4081,#4082,#4083,
    #4084,#4085,#4086,#4087,#4088,#4089,#4090,#4091,#4092,#4093,#4094,
    #4095,#4096,#4097,#4098,#4099,#4100,#4101,#4102,#4103,#4104,#4105,
    #4106,#4107,#4108,#4109,#4110,#4111,#4112,#4113,#4114,#4115,#4116,
    #4117),.UNSPECIFIED.,.F.,.F.,(8,6,6,6,6,6,6,6,8),(0.,
    9.915903675633E-02,0.26773550354,0.415361934684,0.511055199987,
    0.617882835558,0.770419062186,0.892667236061,1.),.UNSPECIFIED.);
#4068 = CARTESIAN_POINT('',(2.749542327916,95.566146698135));
#4069 = CARTESIAN_POINT('',(2.749543600981,95.689141232119));
#4070 = CARTESIAN_POINT('',(2.749543986843,95.812173170715));
#4071 = CARTESIAN_POINT('',(2.749543054512,95.935218788648));
#4072 = CARTESIAN_POINT('',(2.749540748243,96.058262540143));
#4073 = CARTESIAN_POINT('',(2.749537387535,96.181297058924));
#4074 = CARTESIAN_POINT('',(2.74953366713,96.304323158216));
#4075 = CARTESIAN_POINT('',(2.749525539634,96.636502747651));
#4076 = CARTESIAN_POINT('',(2.749522093702,96.846141467088));
#4077 = CARTESIAN_POINT('',(2.749523466404,97.055315680152));
#4078 = CARTESIAN_POINT('',(2.749532772927,97.264493280787));
#4079 = CARTESIAN_POINT('',(2.749540388523,97.473671963696));
#4080 = CARTESIAN_POINT('',(2.749543394139,97.683320272299));
#4081 = CARTESIAN_POINT('',(2.749542856605,98.075625194341));
#4082 = CARTESIAN_POINT('',(2.749540085769,98.2590617022));
#4083 = CARTESIAN_POINT('',(2.749535435675,98.442274329032));
#4084 = CARTESIAN_POINT('',(2.749532382974,98.625448111709));
#4085 = CARTESIAN_POINT('',(2.74953401917,98.808631057315));
#4086 = CARTESIAN_POINT('',(2.749535616396,98.99202264742));
#4087 = CARTESIAN_POINT('',(2.749535861475,99.293907162205));
#4088 = CARTESIAN_POINT('',(2.749535204434,99.412604148103));
#4089 = CARTESIAN_POINT('',(2.749533505776,99.531306347889));
#4090 = CARTESIAN_POINT('',(2.749530999125,99.650029863141));
#4091 = CARTESIAN_POINT('',(2.749528439911,99.768772912803));
#4092 = CARTESIAN_POINT('',(2.749527105378,99.887515833185));
#4093 = CARTESIAN_POINT('',(2.74953068033,100.13873824716));
#4094 = CARTESIAN_POINT('',(2.74953614156,100.27133125814));
#4095 = CARTESIAN_POINT('',(2.749544267176,100.40390770308));
#4096 = CARTESIAN_POINT('',(2.74955785715,100.53647172499));
#4097 = CARTESIAN_POINT('',(2.749565712385,100.66906053358));
#4098 = CARTESIAN_POINT('',(2.749553884384,100.80167191999));
#4099 = CARTESIAN_POINT('',(2.749534462175,101.12339134955));
#4100 = CARTESIAN_POINT('',(2.74953404197,101.31290038143));
#4101 = CARTESIAN_POINT('',(2.749604052695,101.50214743748));
#4102 = CARTESIAN_POINT('',(2.749502393783,101.69138187137));
#4103 = CARTESIAN_POINT('',(2.749538231587,101.88064042972));
#4104 = CARTESIAN_POINT('',(2.749528462776,102.07016724976));
#4105 = CARTESIAN_POINT('',(2.749532015736,102.41100164484));
#4106 = CARTESIAN_POINT('',(2.749535225855,102.5627788605));
#4107 = CARTESIAN_POINT('',(2.749536665304,102.71449896465));
#4108 = CARTESIAN_POINT('',(2.749535975054,102.86616763189));
#4109 = CARTESIAN_POINT('',(2.749534457911,103.01786887533));
#4110 = CARTESIAN_POINT('',(2.749533699257,103.1696363812));
#4111 = CARTESIAN_POINT('',(2.74953461673,103.45450590775));
#4112 = CARTESIAN_POINT('',(2.749535919691,103.58775633857));
#4113 = CARTESIAN_POINT('',(2.749538357126,103.72099083873));
#4114 = CARTESIAN_POINT('',(2.749541194764,103.85421874739));
#4115 = CARTESIAN_POINT('',(2.749543311638,103.98748113928));
#4116 = CARTESIAN_POINT('',(2.74954386011,104.12077698295));
#4117 = CARTESIAN_POINT('',(2.749542977907,104.25397835811));
#4118 = ( GEOMETRIC_REPRESENTATION_CONTEXT(2) 
PARAMETRIC_REPRESENTATION_CONTEXT() REPRESENTATION_CONTEXT('2D SPACE',''
  ) );
#4119 = PCURVE('',#4120,#4125);
#4120 = CYLINDRICAL_SURFACE('',#4121,10.);
#4121 = AXIS2_PLACEMENT_3D('',#4122,#4123,#4124);
#4122 = CARTESIAN_POINT('',(17.994405276015,18.,3.608224830032E-16));
#4123 = DIRECTION('',(0.,0.,1.));
#4124 = DIRECTION('',(1.,0.,0.));
#4125 = DEFINITIONAL_REPRESENTATION('',(#4126),#4177);
#4126 = B_SPLINE_CURVE_WITH_KNOTS('',7,(#4127,#4128,#4129,#4130,#4131,
    #4132,#4133,#4134,#4135,#4136,#4137,#4138,#4139,#4140,#4141,#4142,
    #4143,#4144,#4145,#4146,#4147,#4148,#4149,#4150,#4151,#4152,#4153,
    #4154,#4155,#4156,#4157,#4158,#4159,#4160,#4161,#4162,#4163,#4164,
    #4165,#4166,#4167,#4168,#4169,#4170,#4171,#4172,#4173,#4174,#4175,
    #4176),.UNSPECIFIED.,.F.,.F.,(8,6,6,6,6,6,6,6,8),(0.,
    9.915903675633E-02,0.26773550354,0.415361934684,0.511055199987,
    0.617882835558,0.770419062186,0.892667236061,1.),.UNSPECIFIED.);
#4127 = CARTESIAN_POINT('',(0.,69.186791620788));
#4128 = CARTESIAN_POINT('',(8.895175954215E-02,69.271735117517));
#4129 = CARTESIAN_POINT('',(0.177930463828,69.356703837846));
#4130 = CARTESIAN_POINT('',(0.266918997718,69.441681100845));
#4131 = CARTESIAN_POINT('',(0.355906156511,69.526656132022));
#4132 = CARTESIAN_POINT('',(0.444886645936,69.611624063315));
#4133 = CARTESIAN_POINT('',(0.53386108216,69.696585933101));
#4134 = CARTESIAN_POINT('',(0.774098815503,69.925990596808));
#4135 = CARTESIAN_POINT('',(0.925713110779,70.070769159895));
#4136 = CARTESIAN_POINT('',(1.076991610599,70.215230231701));
#4137 = CARTESIAN_POINT('',(1.228272369448,70.359699087375));
#4138 = CARTESIAN_POINT('',(1.379553518566,70.504167530142));
#4139 = CARTESIAN_POINT('',(1.531174410767,70.64895714288));
#4140 = CARTESIAN_POINT('',(1.814895789541,70.919890839656));
#4141 = CARTESIAN_POINT('',(1.947560263915,71.046574065232));
#4142 = CARTESIAN_POINT('',(2.080063078809,71.173101384262));
#4143 = CARTESIAN_POINT('',(2.212538097534,71.299602972858));
#4144 = CARTESIAN_POINT('',(2.345019484426,71.426114107174));
#4145 = CARTESIAN_POINT('',(2.477651293842,71.552769309047));
#4146 = CARTESIAN_POINT('',(2.69597866771,71.761257299706));
#4147 = CARTESIAN_POINT('',(2.781821939053,71.843231494475));
#4148 = CARTESIAN_POINT('',(2.867668956774,71.925208575289));
#4149 = CARTESIAN_POINT('',(2.953531467717,72.007199822554));
#4150 = CARTESIAN_POINT('',(3.0394082567,72.089204524626));
#4151 = CARTESIAN_POINT('',(3.12528514652,72.171209977814));
#4152 = CARTESIAN_POINT('',(3.30697389125,72.344711936563));
#4153 = CARTESIAN_POINT('',(3.402867827652,72.43628721826));
#4154 = CARTESIAN_POINT('',(3.498749970479,72.527852887407));
#4155 = CARTESIAN_POINT('',(3.594622850511,72.619413726751));
#4156 = CARTESIAN_POINT('',(3.690513089323,72.710987749052));
#4157 = CARTESIAN_POINT('',(3.786419297278,72.802563856991));
#4158 = CARTESIAN_POINT('',(4.019091648918,73.024736762615));
#4159 = CARTESIAN_POINT('',(4.156148307421,73.15561541466));
#4160 = CARTESIAN_POINT('',(4.293011951474,73.286361471535));
#4161 = CARTESIAN_POINT('',(4.429872645883,73.416981008523));
#4162 = CARTESIAN_POINT('',(4.566747549006,73.547711559061));
#4163 = CARTESIAN_POINT('',(4.703816975697,73.678596080741));
#4164 = CARTESIAN_POINT('',(4.950313815764,73.913985951393));
#4165 = CARTESIAN_POINT('',(5.060081207853,74.018808705292));
#4166 = CARTESIAN_POINT('',(5.169807179808,74.123590801714));
#4167 = CARTESIAN_POINT('',(5.279496062718,74.228335913274));
#4168 = CARTESIAN_POINT('',(5.389208791764,74.333102955219));
#4169 = CARTESIAN_POINT('',(5.498969755855,74.437916279891));
#4170 = CARTESIAN_POINT('',(5.704992647443,74.634653821683));
#4171 = CARTESIAN_POINT('',(5.801361906364,74.726680277912));
#4172 = CARTESIAN_POINT('',(5.897719653492,74.818696510584));
#4173 = CARTESIAN_POINT('',(5.994072527724,74.910708465661));
#4174 = CARTESIAN_POINT('',(6.090450191089,75.002743740984));
#4175 = CARTESIAN_POINT('',(6.186851939019,75.094801042541));
#4176 = CARTESIAN_POINT('',(6.28318530718,75.186792120395));
#4177 = ( GEOMETRIC_REPRESENTATION_CONTEXT(2) 
PARAMETRIC_REPRESENTATION_CONTEXT() REPRESENTATION_CONTEXT('2D SPACE',''
  ) );
#4178 = ORIENTED_EDGE('',*,*,#4179,.T.);
#4179 = EDGE_CURVE('',#4011,#4180,#4182,.T.);
#4180 = VERTEX_POINT('',#4181);
#4181 = CARTESIAN_POINT('',(27.994405276015,18.,81.186789500671));
#4182 = SURFACE_CURVE('',#4183,(#4242,#4304),.PCURVE_S1.);
#4183 = B_SPLINE_CURVE_WITH_KNOTS('',8,(#4184,#4185,#4186,#4187,#4188,
    #4189,#4190,#4191,#4192,#4193,#4194,#4195,#4196,#4197,#4198,#4199,
    #4200,#4201,#4202,#4203,#4204,#4205,#4206,#4207,#4208,#4209,#4210,
    #4211,#4212,#4213,#4214,#4215,#4216,#4217,#4218,#4219,#4220,#4221,
    #4222,#4223,#4224,#4225,#4226,#4227,#4228,#4229,#4230,#4231,#4232,
    #4233,#4234,#4235,#4236,#4237,#4238,#4239,#4240,#4241),
  .UNSPECIFIED.,.F.,.F.,(9,7,7,7,7,7,7,7,9),(0.,9.031788109473E-02,
    0.22514005087,0.347125021381,0.499612911848,0.59857221978,
    0.711971350999,0.877575980982,1.),.UNSPECIFIED.);
#4184 = CARTESIAN_POINT('',(27.994405276015,18.,75.186792120395));
#4185 = CARTESIAN_POINT('',(27.994405276015,18.709031784521,
    75.254499291167));
#4186 = CARTESIAN_POINT('',(27.936919191936,19.418347262785,
    75.322224538208));
#4187 = CARTESIAN_POINT('',(27.821952698583,20.122250330032,
    75.389959919526));
#4188 = CARTESIAN_POINT('',(27.650113688212,20.815236751362,
    75.457699266983));
#4189 = CARTESIAN_POINT('',(27.422612270536,21.491994161738,
    75.525438186294));
#4190 = CARTESIAN_POINT('',(27.141260772719,22.147402065985,
    75.593174057026));
#4191 = CARTESIAN_POINT('',(26.808473739382,22.776531838786,
    75.6609060326));
#4192 = CARTESIAN_POINT('',(25.85822231972,24.267483732317,
    75.829737631082));
#4193 = CARTESIAN_POINT('',(25.180899344285,25.091837152387,
    75.930883925426));
#4194 = CARTESIAN_POINT('',(24.405408218672,25.831555314966,
    76.031980962132));
#4195 = CARTESIAN_POINT('',(23.544267942486,26.473408305557,
    76.133055418861));
#4196 = CARTESIAN_POINT('',(22.611675715424,27.006479151466,
    76.234144218078));
#4197 = CARTESIAN_POINT('',(21.623317235896,27.42192304153,
    76.33527929997));
#4198 = CARTESIAN_POINT('',(20.596568020393,27.71335394794,
    76.436465254633));
#4199 = CARTESIAN_POINT('',(18.604862521466,28.027193948928,
    76.629007035529));
#4200 = CARTESIAN_POINT('',(17.642282386135,28.072743591255,
    76.720482997145));
#4201 = CARTESIAN_POINT('',(16.676873791852,28.012551957412,
    76.81193106973));
#4202 = CARTESIAN_POINT('',(15.722034310778,27.846759643852,
    76.903371068511));
#4203 = CARTESIAN_POINT('',(14.790893872703,27.577389332562,
    76.994827912753));
#4204 = CARTESIAN_POINT('',(13.89631206125,27.20823196618,
    77.086318817218));
#4205 = CARTESIAN_POINT('',(13.050750913429,26.745119280472,
    77.177835804997));
#4206 = CARTESIAN_POINT('',(11.284828349479,25.510941972905,
    77.383571437741));
#4207 = CARTESIAN_POINT('',(10.395969455376,24.689972713378,
    77.498054169649));
#4208 = CARTESIAN_POINT('',(9.623583594896,23.749537491738,
    77.612453651127));
#4209 = CARTESIAN_POINT('',(8.985426608533,22.709613583847,
    77.726801788848));
#4210 = CARTESIAN_POINT('',(8.495725242581,21.592068239693,
    77.841148289493));
#4211 = CARTESIAN_POINT('',(8.164310663115,20.421071637591,
    77.955545170033));
#4212 = CARTESIAN_POINT('',(7.997500616316,19.222553824462,
    78.070036367308));
#4213 = CARTESIAN_POINT('',(7.99245048398,17.248796242038,
    78.258524064992));
#4214 = CARTESIAN_POINT('',(8.059487222659,16.471436758974,
    78.33273298668));
#4215 = CARTESIAN_POINT('',(8.195522511262,15.701073614862,
    78.406952042169));
#4216 = CARTESIAN_POINT('',(8.399679763561,14.944961451282,78.4811689109
    ));
#4217 = CARTESIAN_POINT('',(8.670231520885,14.210043789584,
    78.555376709844));
#4218 = CARTESIAN_POINT('',(9.004599452123,13.502953030886,
    78.629573993508));
#4219 = CARTESIAN_POINT('',(9.39935435372,12.830010456074,78.70376475393
    ));
#4220 = CARTESIAN_POINT('',(10.366866245869,11.472108159991,
    78.862978188165));
#4221 = CARTESIAN_POINT('',(10.957573776422,10.799300358988,
    78.948014405712));
#4222 = CARTESIAN_POINT('',(11.615691371276,10.187967439212,
    79.033058666452));
#4223 = CARTESIAN_POINT('',(12.33370206839,9.646000287344,
    79.118104489664));
#4224 = CARTESIAN_POINT('',(13.103219313748,9.180016060336,
    79.203147320771));
#4225 = CARTESIAN_POINT('',(13.914986961353,8.795358185407,
    79.288184531338));
#4226 = CARTESIAN_POINT('',(14.758879273234,8.496096360042,
    79.373215419079));
#4227 = CARTESIAN_POINT('',(16.887152128762,7.976786646742,
    79.582410274552));
#4228 = CARTESIAN_POINT('',(18.198615313475,7.855718851344,
    79.706819201242));
#4229 = CARTESIAN_POINT('',(19.522135344298,7.931777116303,
    79.83108488567));
#4230 = CARTESIAN_POINT('',(20.823395190542,8.204596134061,
    79.955275566417));
#4231 = CARTESIAN_POINT('',(22.06978289206,8.667539990343,80.07946591689
    ));
#4232 = CARTESIAN_POINT('',(23.230099851632,9.308877554977,
    80.203730167443));
#4233 = CARTESIAN_POINT('',(24.275036135141,10.110508195886,
    80.328134651683));
#4234 = CARTESIAN_POINT('',(25.847848313978,11.735238647771,
    80.544074478476));
#4235 = CARTESIAN_POINT('',(26.441022871838,12.499791581599,
    80.635930262223));
#4236 = CARTESIAN_POINT('',(26.948570334464,13.328077453514,
    80.727763995285));
#4237 = CARTESIAN_POINT('',(27.362699027758,14.208673669899,
    80.819574341631));
#4238 = CARTESIAN_POINT('',(27.677522190708,15.129376137676,
    80.91137741836));
#4239 = CARTESIAN_POINT('',(27.888853358288,16.077328075633,
    81.003191115919));
#4240 = CARTESIAN_POINT('',(27.994405276015,17.038982300813,
    81.095021023002));
#4241 = CARTESIAN_POINT('',(27.994405276015,18.,81.186789500671));
#4242 = PCURVE('',#727,#4243);
#4243 = DEFINITIONAL_REPRESENTATION('',(#4244),#4303);
#4244 = B_SPLINE_CURVE_WITH_KNOTS('',8,(#4245,#4246,#4247,#4248,#4249,
    #4250,#4251,#4252,#4253,#4254,#4255,#4256,#4257,#4258,#4259,#4260,
    #4261,#4262,#4263,#4264,#4265,#4266,#4267,#4268,#4269,#4270,#4271,
    #4272,#4273,#4274,#4275,#4276,#4277,#4278,#4279,#4280,#4281,#4282,
    #4283,#4284,#4285,#4286,#4287,#4288,#4289,#4290,#4291,#4292,#4293,
    #4294,#4295,#4296,#4297,#4298,#4299,#4300,#4301,#4302),
  .UNSPECIFIED.,.F.,.F.,(9,7,7,7,7,7,7,7,9),(0.,9.031788109473E-02,
    0.22514005087,0.347125021381,0.499612911848,0.59857221978,
    0.711971350999,0.877575980982,1.),.UNSPECIFIED.);
#4245 = CARTESIAN_POINT('',(2.749542977907,104.25397835811));
#4246 = CARTESIAN_POINT('',(2.749542328588,104.35201708606));
#4247 = CARTESIAN_POINT('',(2.749540822153,104.45008283958));
#4248 = CARTESIAN_POINT('',(2.74953863633,104.54816394231));
#4249 = CARTESIAN_POINT('',(2.749535992043,104.64625124345));
#4250 = CARTESIAN_POINT('',(2.749533153412,104.74433811774));
#4251 = CARTESIAN_POINT('',(2.749530427754,104.84242046552));
#4252 = CARTESIAN_POINT('',(2.749528165583,104.94049671269));
#4253 = CARTESIAN_POINT('',(2.749524663329,105.18496360819));
#4254 = CARTESIAN_POINT('',(2.749524253976,105.33142101001));
#4255 = CARTESIAN_POINT('',(2.749526157071,105.47780479044));
#4256 = CARTESIAN_POINT('',(2.749530366241,105.62415358433));
#4257 = CARTESIAN_POINT('',(2.749535462441,105.77052226436));
#4258 = CARTESIAN_POINT('',(2.749539666768,105.91695884659));
#4259 = CARTESIAN_POINT('',(2.749542136817,106.06347081439));
#4260 = CARTESIAN_POINT('',(2.749543620145,106.34226443469));
#4261 = CARTESIAN_POINT('',(2.749542938651,106.47471973657));
#4262 = CARTESIAN_POINT('',(2.749540896999,106.6071360074));
#4263 = CARTESIAN_POINT('',(2.749538066797,106.73954137111));
#4264 = CARTESIAN_POINT('',(2.74953561703,106.87197074856));
#4265 = CARTESIAN_POINT('',(2.749534405197,107.00444821422));
#4266 = CARTESIAN_POINT('',(2.749534262383,107.13696238558));
#4267 = CARTESIAN_POINT('',(2.749535082164,107.43486099232));
#4268 = CARTESIAN_POINT('',(2.749536350776,107.60062751411));
#4269 = CARTESIAN_POINT('',(2.749537161727,107.76627394636));
#4270 = CARTESIAN_POINT('',(2.749536002413,107.931847992));
#4271 = CARTESIAN_POINT('',(2.749529500172,108.09742497608));
#4272 = CARTESIAN_POINT('',(2.749524385065,108.26307353052));
#4273 = CARTESIAN_POINT('',(2.749526654386,108.4288513156));
#4274 = CARTESIAN_POINT('',(2.749538224094,108.70176471512));
#4275 = CARTESIAN_POINT('',(2.749548033687,108.80920740362));
#4276 = CARTESIAN_POINT('',(2.749556834878,108.91666576755));
#4277 = CARTESIAN_POINT('',(2.749560848757,109.02412572193));
#4278 = CARTESIAN_POINT('',(2.749558782138,109.13157858527));
#4279 = CARTESIAN_POINT('',(2.749551827556,109.23902107961));
#4280 = CARTESIAN_POINT('',(2.749543663268,109.34645533046));
#4281 = CARTESIAN_POINT('',(2.749536774851,109.57699875868));
#4282 = CARTESIAN_POINT('',(2.749542682206,109.70012294506));
#4283 = CARTESIAN_POINT('',(2.749549643239,109.8232577308));
#4284 = CARTESIAN_POINT('',(2.749552391609,109.94639896476));
#4285 = CARTESIAN_POINT('',(2.749548926717,110.06954203989));
#4286 = CARTESIAN_POINT('',(2.749540513709,110.19268189321));
#4287 = CARTESIAN_POINT('',(2.749531683472,110.31581300583));
#4288 = CARTESIAN_POINT('',(2.74952811388,110.61872483138));
#4289 = CARTESIAN_POINT('',(2.749530613992,110.79886298093));
#4290 = CARTESIAN_POINT('',(2.749536901671,110.9787899563));
#4291 = CARTESIAN_POINT('',(2.749538185909,111.15861329998));
#4292 = CARTESIAN_POINT('',(2.749535144084,111.33844046393));
#4293 = CARTESIAN_POINT('',(2.749533254117,111.5183734886));
#4294 = CARTESIAN_POINT('',(2.749533394167,111.69850755064));
#4295 = CARTESIAN_POINT('',(2.749536314631,112.01117945665));
#4296 = CARTESIAN_POINT('',(2.749538391607,112.14418198943));
#4297 = CARTESIAN_POINT('',(2.749541096769,112.27715196925));
#4298 = CARTESIAN_POINT('',(2.74954358089,112.41008830539));
#4299 = CARTESIAN_POINT('',(2.749544747998,112.54301542395));
#4300 = CARTESIAN_POINT('',(2.749544034919,112.67595978938));
#4301 = CARTESIAN_POINT('',(2.74954183227,112.80892910581));
#4302 = CARTESIAN_POINT('',(2.749538803806,112.94181029473));
#4303 = ( GEOMETRIC_REPRESENTATION_CONTEXT(2) 
PARAMETRIC_REPRESENTATION_CONTEXT() REPRESENTATION_CONTEXT('2D SPACE',''
  ) );
#4304 = PCURVE('',#4305,#4310);
#4305 = CYLINDRICAL_SURFACE('',#4306,10.);
#4306 = AXIS2_PLACEMENT_3D('',#4307,#4308,#4309);
#4307 = CARTESIAN_POINT('',(17.994405276015,18.,3.608224830032E-16));
#4308 = DIRECTION('',(0.,0.,1.));
#4309 = DIRECTION('',(1.,0.,0.));
#4310 = DEFINITIONAL_REPRESENTATION('',(#4311),#4370);
#4311 = B_SPLINE_CURVE_WITH_KNOTS('',8,(#4312,#4313,#4314,#4315,#4316,
    #4317,#4318,#4319,#4320,#4321,#4322,#4323,#4324,#4325,#4326,#4327,
    #4328,#4329,#4330,#4331,#4332,#4333,#4334,#4335,#4336,#4337,#4338,
    #4339,#4340,#4341,#4342,#4343,#4344,#4345,#4346,#4347,#4348,#4349,
    #4350,#4351,#4352,#4353,#4354,#4355,#4356,#4357,#4358,#4359,#4360,
    #4361,#4362,#4363,#4364,#4365,#4366,#4367,#4368,#4369),
  .UNSPECIFIED.,.F.,.F.,(9,7,7,7,7,7,7,7,9),(0.,9.031788109473E-02,
    0.22514005087,0.347125021381,0.499612911848,0.59857221978,
    0.711971350999,0.877575980982,1.),.UNSPECIFIED.);
#4312 = CARTESIAN_POINT('',(0.,75.186792120395));
#4313 = CARTESIAN_POINT('',(7.090317845214E-02,75.254499291167));
#4314 = CARTESIAN_POINT('',(0.141825867238,75.322224538208));
#4315 = CARTESIAN_POINT('',(0.212759650208,75.389959919526));
#4316 = CARTESIAN_POINT('',(0.283697930088,75.457699266983));
#4317 = CARTESIAN_POINT('',(0.354635928478,75.525438186294));
#4318 = CARTESIAN_POINT('',(0.425570685851,75.593174057026));
#4319 = CARTESIAN_POINT('',(0.496501061558,75.6609060326));
#4320 = CARTESIAN_POINT('',(0.673303643819,75.829737631082));
#4321 = CARTESIAN_POINT('',(0.779224148826,75.930883925426));
#4322 = CARTESIAN_POINT('',(0.885091416881,76.031980962132));
#4323 = CARTESIAN_POINT('',(0.990933314203,76.133055418861));
#4324 = CARTESIAN_POINT('',(1.096789481547,76.234144218078));
#4325 = CARTESIAN_POINT('',(1.202694678052,76.33527929997));
#4326 = CARTESIAN_POINT('',(1.30865441363,76.436465254633));
#4327 = CARTESIAN_POINT('',(1.510282445924,76.629007035529));
#4328 = CARTESIAN_POINT('',(1.606076315551,76.720482997145));
#4329 = CARTESIAN_POINT('',(1.701842065067,76.81193106973));
#4330 = CARTESIAN_POINT('',(1.797600070095,76.903371068511));
#4331 = CARTESIAN_POINT('',(1.89337555383,76.994827912753));
#4332 = CARTESIAN_POINT('',(1.989185829153,77.086318817218));
#4333 = CARTESIAN_POINT('',(2.085022549643,77.177835804997));
#4334 = CARTESIAN_POINT('',(2.300468044569,77.383571437741));
#4335 = CARTESIAN_POINT('',(2.420353066153,77.498054169649));
#4336 = CARTESIAN_POINT('',(2.540150903247,77.612453651127));
#4337 = CARTESIAN_POINT('',(2.659896090174,77.726801788848));
#4338 = CARTESIAN_POINT('',(2.779643417701,77.841148289493));
#4339 = CARTESIAN_POINT('',(2.899443178629,77.955545170033));
#4340 = CARTESIAN_POINT('',(3.019336876547,78.070036367308));
#4341 = CARTESIAN_POINT('',(3.216713280862,78.258524064992));
#4342 = CARTESIAN_POINT('',(3.294418016525,78.33273298668));
#4343 = CARTESIAN_POINT('',(3.372133968961,78.406952042169));
#4344 = CARTESIAN_POINT('',(3.449850864632,78.4811689109));
#4345 = CARTESIAN_POINT('',(3.527562415066,78.555376709844));
#4346 = CARTESIAN_POINT('',(3.605266316853,78.629573993508));
#4347 = CARTESIAN_POINT('',(3.682964251651,78.70376475393));
#4348 = CARTESIAN_POINT('',(3.849696909134,78.862978188165));
#4349 = CARTESIAN_POINT('',(3.938742056254,78.948014405712));
#4350 = CARTESIAN_POINT('',(4.027794935685,79.033058666452));
#4351 = CARTESIAN_POINT('',(4.11685270926,79.118104489664));
#4352 = CARTESIAN_POINT('',(4.205912092502,79.203147320771));
#4353 = CARTESIAN_POINT('',(4.29496935462,79.288184531338));
#4354 = CARTESIAN_POINT('',(4.384020318508,79.373215419079));
#4355 = CARTESIAN_POINT('',(4.603091720702,79.582410274552));
#4356 = CARTESIAN_POINT('',(4.733370600696,79.706819201242));
#4357 = CARTESIAN_POINT('',(4.863496133618,79.83108488567));
#4358 = CARTESIAN_POINT('',(4.99354653024,79.955275566417));
#4359 = CARTESIAN_POINT('',(5.123600089663,80.07946591689));
#4360 = CARTESIAN_POINT('',(5.253730782639,80.203730167443));
#4361 = CARTESIAN_POINT('',(5.384007073485,80.328134651683));
#4362 = CARTESIAN_POINT('',(5.610137283567,80.544074478476));
#4363 = CARTESIAN_POINT('',(5.706327244324,80.635930262224));
#4364 = CARTESIAN_POINT('',(5.802493606201,80.727763995284));
#4365 = CARTESIAN_POINT('',(5.898635498811,80.819574341631));
#4366 = CARTESIAN_POINT('',(5.994770581458,80.91137741836));
#4367 = CARTESIAN_POINT('',(6.090918048723,81.003191115919));
#4368 = CARTESIAN_POINT('',(6.187083537261,81.095021023002));
#4369 = CARTESIAN_POINT('',(6.28318530718,81.186789500671));
#4370 = ( GEOMETRIC_REPRESENTATION_CONTEXT(2) 
PARAMETRIC_REPRESENTATION_CONTEXT() REPRESENTATION_CONTEXT('2D SPACE',''
  ) );
#4371 = ORIENTED_EDGE('',*,*,#4372,.T.);
#4372 = EDGE_CURVE('',#4180,#592,#4373,.T.);
#4373 = SURFACE_CURVE('',#4374,(#4433,#4495),.PCURVE_S1.);
#4374 = B_SPLINE_CURVE_WITH_KNOTS('',8,(#4375,#4376,#4377,#4378,#4379,
    #4380,#4381,#4382,#4383,#4384,#4385,#4386,#4387,#4388,#4389,#4390,
    #4391,#4392,#4393,#4394,#4395,#4396,#4397,#4398,#4399,#4400,#4401,
    #4402,#4403,#4404,#4405,#4406,#4407,#4408,#4409,#4410,#4411,#4412,
    #4413,#4414,#4415,#4416,#4417,#4418,#4419,#4420,#4421,#4422,#4423,
    #4424,#4425,#4426,#4427,#4428,#4429,#4430,#4431,#4432),
  .UNSPECIFIED.,.F.,.F.,(9,7,7,7,7,7,7,7,9),(0.,0.163887195927,
    0.275223995127,0.366106292904,0.476833382452,0.624674709157,
    0.791342283671,0.882975986012,1.),.UNSPECIFIED.);
#4375 = CARTESIAN_POINT('',(27.994405276015,18.,81.186789500671));
#4376 = CARTESIAN_POINT('',(27.994405276015,19.286075892241,
    81.309598088793));
#4377 = CARTESIAN_POINT('',(27.805375810892,20.574845481711,
    81.432662082575));
#4378 = CARTESIAN_POINT('',(27.425949844814,21.829635389996,
    81.555581916424));
#4379 = CARTESIAN_POINT('',(26.864816674351,23.018358534365,
    81.6784208823));
#4380 = CARTESIAN_POINT('',(26.134953240067,24.111429237829,
    81.801249034889));
#4381 = CARTESIAN_POINT('',(25.255170361322,25.082643632769,
    81.924139168376));
#4382 = CARTESIAN_POINT('',(24.248349339206,25.908415023375,
    82.047169662296));
#4383 = CARTESIAN_POINT('',(22.396712250346,27.021276610201,
    82.253470538192));
#4384 = CARTESIAN_POINT('',(21.602429289987,27.396815752816,
    82.336955704341));
#4385 = CARTESIAN_POINT('',(20.772087281459,27.692065976895,
    82.42041312787));
#4386 = CARTESIAN_POINT('',(19.915275329778,27.903169031952,
    82.503841712736));
#4387 = CARTESIAN_POINT('',(19.041779107036,28.02764764186,
    82.587259566829));
#4388 = CARTESIAN_POINT('',(18.161544985623,28.064248748741,
    82.670689603586));
#4389 = CARTESIAN_POINT('',(17.284697620566,28.013009149519,
    82.75414816005));
#4390 = CARTESIAN_POINT('',(15.716861298224,27.763292716894,
    82.905750544728));
#4391 = CARTESIAN_POINT('',(15.021245985948,27.593553517282,
    82.973890552527));
#4392 = CARTESIAN_POINT('',(14.340316353942,27.367248018165,
    83.042032739011));
#4393 = CARTESIAN_POINT('',(13.679464802708,27.085885417158,
    83.110174438591));
#4394 = CARTESIAN_POINT('',(13.043799825732,26.751539992563,
    83.178314262378));
#4395 = CARTESIAN_POINT('',(12.43814600948,26.366851103369,
    83.246452098178));
#4396 = CARTESIAN_POINT('',(11.867044033399,25.935023189254,
    83.314589110496));
#4397 = CARTESIAN_POINT('',(10.686227290062,24.880865638454,
    83.465744921811));
#4398 = CARTESIAN_POINT('',(10.094815676263,24.237102786141,
    83.548813420546));
#4399 = CARTESIAN_POINT('',(9.568560873674,23.535475370118,
    83.631878963308));
#4400 = CARTESIAN_POINT('',(9.113987697649,22.783835142415,
    83.71493137467));
#4401 = CARTESIAN_POINT('',(8.736411073199,21.990722600625,
    83.797983699945));
#4402 = CARTESIAN_POINT('',(8.440030186104,21.165266781575,83.8810503413
    ));
#4403 = CARTESIAN_POINT('',(8.227806445658,20.317209698701,
    83.964124207252));
#4404 = CARTESIAN_POINT('',(7.93198223567,18.308588956609,
    84.158011641223));
#4405 = CARTESIAN_POINT('',(7.915038532428,17.136456244174,
    84.268982729207));
#4406 = CARTESIAN_POINT('',(8.054555126,15.966219361532,84.379914093779)
  );
#4407 = CARTESIAN_POINT('',(8.348871030926,14.822051517996,
    84.490720388746));
#4408 = CARTESIAN_POINT('',(8.792310891968,13.726968160227,
    84.601537682035));
#4409 = CARTESIAN_POINT('',(9.375791291604,12.70291020009,
    84.712487268986));
#4410 = CARTESIAN_POINT('',(10.086223082563,11.770402567034,
    84.823454667999));
#4411 = CARTESIAN_POINT('',(11.827630248952,10.019832286362,
    85.059238952443));
#4412 = CARTESIAN_POINT('',(12.891139736583,9.22819068511,
    85.184447390103));
#4413 = CARTESIAN_POINT('',(14.069147866666,8.600939616225,
    85.309506382348));
#4414 = CARTESIAN_POINT('',(15.3313360626,8.155387806963,85.434502236537
    ));
#4415 = CARTESIAN_POINT('',(16.64599546007,7.903888258177,
    85.559493376939));
#4416 = CARTESIAN_POINT('',(17.979486930505,7.85174316136,85.68455372199
    ));
#4417 = CARTESIAN_POINT('',(19.296958325914,7.9992106976,85.809760739124
    ));
#4418 = CARTESIAN_POINT('',(21.257049984597,8.519874379393,
    86.003426054491));
#4419 = CARTESIAN_POINT('',(21.93750190716,8.761911839094,
    86.072151709083));
#4420 = CARTESIAN_POINT('',(22.597235279675,9.059650496207,
    86.140881593736));
#4421 = CARTESIAN_POINT('',(23.230833307468,9.410944805817,
    86.209605097987));
#4422 = CARTESIAN_POINT('',(23.833280307987,9.813131829694,
    86.278318661836));
#4423 = CARTESIAN_POINT('',(24.399961710807,10.26303123629,
    86.347025775746));
#4424 = CARTESIAN_POINT('',(24.926664057627,10.756945300742,
    86.415736980651));
#4425 = CARTESIAN_POINT('',(26.026293258727,11.972256468632,
    86.572247597737));
#4426 = CARTESIAN_POINT('',(26.571653090537,12.719028642692,
    86.660037279972));
#4427 = CARTESIAN_POINT('',(27.03733583199,13.521634552338,
    86.747836176953));
#4428 = CARTESIAN_POINT('',(27.416665180119,14.370087044011,
    86.835640291697));
#4429 = CARTESIAN_POINT('',(27.704607194697,15.253752685299,
    86.923444367935));
#4430 = CARTESIAN_POINT('',(27.897770298243,16.161351764943,
    87.011241890115));
#4431 = CARTESIAN_POINT('',(27.994405276015,17.080958292831,
    87.099025083398));
#4432 = CARTESIAN_POINT('',(27.994405276015,18.,87.186784913658));
#4433 = PCURVE('',#727,#4434);
#4434 = DEFINITIONAL_REPRESENTATION('',(#4435),#4494);
#4435 = B_SPLINE_CURVE_WITH_KNOTS('',8,(#4436,#4437,#4438,#4439,#4440,
    #4441,#4442,#4443,#4444,#4445,#4446,#4447,#4448,#4449,#4450,#4451,
    #4452,#4453,#4454,#4455,#4456,#4457,#4458,#4459,#4460,#4461,#4462,
    #4463,#4464,#4465,#4466,#4467,#4468,#4469,#4470,#4471,#4472,#4473,
    #4474,#4475,#4476,#4477,#4478,#4479,#4480,#4481,#4482,#4483,#4484,
    #4485,#4486,#4487,#4488,#4489,#4490,#4491,#4492,#4493),
  .UNSPECIFIED.,.F.,.F.,(9,7,7,7,7,7,7,7,9),(0.,0.163887195927,
    0.275223995127,0.366106292904,0.476833382452,0.624674709157,
    0.791342283671,0.882975986012,1.),.UNSPECIFIED.);
#4436 = CARTESIAN_POINT('',(2.749538803806,112.94181029473));
#4437 = CARTESIAN_POINT('',(2.749534750984,113.11963771013));
#4438 = CARTESIAN_POINT('',(2.749529213615,113.29783642083));
#4439 = CARTESIAN_POINT('',(2.749523837772,113.47582623151));
#4440 = CARTESIAN_POINT('',(2.749521443347,113.65369598522));
#4441 = CARTESIAN_POINT('',(2.74952442674,113.83154473806));
#4442 = CARTESIAN_POINT('',(2.749530046378,114.00948061806));
#4443 = CARTESIAN_POINT('',(2.749535509519,114.18761989152));
#4444 = CARTESIAN_POINT('',(2.74954188621,114.486331433));
#4445 = CARTESIAN_POINT('',(2.749543698926,114.60721380903));
#4446 = CARTESIAN_POINT('',(2.749544285126,114.72805723322));
#4447 = CARTESIAN_POINT('',(2.749543421362,114.84886034055));
#4448 = CARTESIAN_POINT('',(2.749541484717,114.96964897607));
#4449 = CARTESIAN_POINT('',(2.749539221044,115.09045557669));
#4450 = CARTESIAN_POINT('',(2.749537290519,115.21130314202));
#4451 = CARTESIAN_POINT('',(2.74953488097,115.43082153381));
#4452 = CARTESIAN_POINT('',(2.749534296835,115.52948693285));
#4453 = CARTESIAN_POINT('',(2.749534210805,115.62815499163));
#4454 = CARTESIAN_POINT('',(2.749534541484,115.72682193134));
#4455 = CARTESIAN_POINT('',(2.749535126747,115.82548590199));
#4456 = CARTESIAN_POINT('',(2.749535723743,115.92414698244));
#4457 = CARTESIAN_POINT('',(2.749536008897,116.02280718036));
#4458 = CARTESIAN_POINT('',(2.749535052798,116.24167750227));
#4459 = CARTESIAN_POINT('',(2.74953369922,116.36195970169));
#4460 = CARTESIAN_POINT('',(2.749531250107,116.4822387095));
#4461 = CARTESIAN_POINT('',(2.749528153063,116.6024993472));
#4462 = CARTESIAN_POINT('',(2.749525885236,116.72275903632));
#4463 = CARTESIAN_POINT('',(2.749526420075,116.84303666993));
#4464 = CARTESIAN_POINT('',(2.74953084598,116.96332089829));
#4465 = CARTESIAN_POINT('',(2.749545536293,117.24404986367));
#4466 = CARTESIAN_POINT('',(2.749545501039,117.40473291923));
#4467 = CARTESIAN_POINT('',(2.749602593488,117.56530169252));
#4468 = CARTESIAN_POINT('',(2.749542092303,117.72580621303));
#4469 = CARTESIAN_POINT('',(2.749493309443,117.88631501523));
#4470 = CARTESIAN_POINT('',(2.749565908078,118.04689476677));
#4471 = CARTESIAN_POINT('',(2.749551870799,118.20758639359));
#4472 = CARTESIAN_POINT('',(2.749541014384,118.5490062063));
#4473 = CARTESIAN_POINT('',(2.749529091755,118.73031635612));
#4474 = CARTESIAN_POINT('',(2.74952139977,118.91140590952));
#4475 = CARTESIAN_POINT('',(2.7495304214,119.09238743363));
#4476 = CARTESIAN_POINT('',(2.749534582975,119.27336696145));
#4477 = CARTESIAN_POINT('',(2.749536347522,119.45444907738));
#4478 = CARTESIAN_POINT('',(2.749535704368,119.63574596274));
#4479 = CARTESIAN_POINT('',(2.749534437358,119.91616916222));
#4480 = CARTESIAN_POINT('',(2.749533888914,120.01568252591));
#4481 = CARTESIAN_POINT('',(2.749533637022,120.11520171996));
#4482 = CARTESIAN_POINT('',(2.749533918004,120.21471114588));
#4483 = CARTESIAN_POINT('',(2.749534808976,120.31420557228));
#4484 = CARTESIAN_POINT('',(2.749536227858,120.41369013481));
#4485 = CARTESIAN_POINT('',(2.749537933369,120.51318033617));
#4486 = CARTESIAN_POINT('',(2.749541557712,120.73979971529));
#4487 = CARTESIAN_POINT('',(2.749543516526,120.86691476462));
#4488 = CARTESIAN_POINT('',(2.749544521592,120.9940441043));
#4489 = CARTESIAN_POINT('',(2.749544084266,121.12118243237));
#4490 = CARTESIAN_POINT('',(2.749542107137,121.24832223466));
#4491 = CARTESIAN_POINT('',(2.749538884031,121.37545378489));
#4492 = CARTESIAN_POINT('',(2.749535100009,121.50256514463));
#4493 = CARTESIAN_POINT('',(2.749531831364,121.62964216327));
#4494 = ( GEOMETRIC_REPRESENTATION_CONTEXT(2) 
PARAMETRIC_REPRESENTATION_CONTEXT() REPRESENTATION_CONTEXT('2D SPACE',''
  ) );
#4495 = PCURVE('',#607,#4496);
#4496 = DEFINITIONAL_REPRESENTATION('',(#4497),#4556);
#4497 = B_SPLINE_CURVE_WITH_KNOTS('',8,(#4498,#4499,#4500,#4501,#4502,
    #4503,#4504,#4505,#4506,#4507,#4508,#4509,#4510,#4511,#4512,#4513,
    #4514,#4515,#4516,#4517,#4518,#4519,#4520,#4521,#4522,#4523,#4524,
    #4525,#4526,#4527,#4528,#4529,#4530,#4531,#4532,#4533,#4534,#4535,
    #4536,#4537,#4538,#4539,#4540,#4541,#4542,#4543,#4544,#4545,#4546,
    #4547,#4548,#4549,#4550,#4551,#4552,#4553,#4554,#4555),
  .UNSPECIFIED.,.F.,.F.,(9,7,7,7,7,7,7,7,9),(0.,0.163887195927,
    0.275223995127,0.366106292904,0.476833382452,0.624674709157,
    0.791342283671,0.882975986012,1.),.UNSPECIFIED.);
#4498 = CARTESIAN_POINT('',(0.,81.186789500671));
#4499 = CARTESIAN_POINT('',(0.128607589224,81.309598088793));
#4500 = CARTESIAN_POINT('',(0.257483735557,81.432662082575));
#4501 = CARTESIAN_POINT('',(0.386208928089,81.555581916424));
#4502 = CARTESIAN_POINT('',(0.514847467479,81.6784208823));
#4503 = CARTESIAN_POINT('',(0.643470803664,81.801249034889));
#4504 = CARTESIAN_POINT('',(0.772156966711,81.924139168376));
#4505 = CARTESIAN_POINT('',(0.900990107633,82.047169662296));
#4506 = CARTESIAN_POINT('',(1.117022994488,82.253470538192));
#4507 = CARTESIAN_POINT('',(1.204447024023,82.336955704341));
#4508 = CARTESIAN_POINT('',(1.291842909358,82.420413127871));
#4509 = CARTESIAN_POINT('',(1.379209710415,82.503841712736));
#4510 = CARTESIAN_POINT('',(1.466566157684,82.587259566829));
#4511 = CARTESIAN_POINT('',(1.553935709964,82.670689603586));
#4512 = CARTESIAN_POINT('',(1.641334951316,82.75414816005));
#4513 = CARTESIAN_POINT('',(1.800094802361,82.905750544728));
#4514 = CARTESIAN_POINT('',(1.871451496426,82.973890552527));
#4515 = CARTESIAN_POINT('',(1.942810071101,83.042032739011));
#4516 = CARTESIAN_POINT('',(2.014167755712,83.110174438591));
#4517 = CARTESIAN_POINT('',(2.085523191919,83.178314262378));
#4518 = CARTESIAN_POINT('',(2.156876433714,83.246452098178));
#4519 = CARTESIAN_POINT('',(2.228228947423,83.314589110496));
#4520 = CARTESIAN_POINT('',(2.386519071033,83.465744921811));
#4521 = CARTESIAN_POINT('',(2.473508792803,83.548813420546));
#4522 = CARTESIAN_POINT('',(2.560496189072,83.631878963308));
#4523 = CARTESIAN_POINT('',(2.647470433682,83.71493137467));
#4524 = CARTESIAN_POINT('',(2.734444244238,83.797983699945));
#4525 = CARTESIAN_POINT('',(2.821431297648,83.8810503413));
#4526 = CARTESIAN_POINT('',(2.908423279232,83.964124207252));
#4527 = CARTESIAN_POINT('',(3.11145207642,84.158011641223));
#4528 = CARTESIAN_POINT('',(3.227661646738,84.268982729207));
#4529 = CARTESIAN_POINT('',(3.343786636215,84.379914093779));
#4530 = CARTESIAN_POINT('',(3.459865665656,84.490720388746));
#4531 = CARTESIAN_POINT('',(3.575948459251,84.601537682035));
#4532 = CARTESIAN_POINT('',(3.692082081902,84.712487268986));
#4533 = CARTESIAN_POINT('',(3.808296547676,84.823454667999));
#4534 = CARTESIAN_POINT('',(4.055217491031,85.059238952443));
#4535 = CARTESIAN_POINT('',(4.186344686236,85.184447390103));
#4536 = CARTESIAN_POINT('',(4.317312603426,85.309506382348));
#4537 = CARTESIAN_POINT('',(4.448201484967,85.434502236536));
#4538 = CARTESIAN_POINT('',(4.579088135296,85.559493376939));
#4539 = CARTESIAN_POINT('',(4.710049047514,85.68455372199));
#4540 = CARTESIAN_POINT('',(4.841165549749,85.809760739124));
#4541 = CARTESIAN_POINT('',(5.043972107334,86.003426054491));
#4542 = CARTESIAN_POINT('',(5.115941875322,86.072151709083));
#4543 = CARTESIAN_POINT('',(5.187915946637,86.140881593736));
#4544 = CARTESIAN_POINT('',(5.2598830171,86.209605097987));
#4545 = CARTESIAN_POINT('',(5.331839276873,86.278318661836));
#4546 = CARTESIAN_POINT('',(5.403788410457,86.347025775746));
#4547 = CARTESIAN_POINT('',(5.475741596689,86.415736980651));
#4548 = CARTESIAN_POINT('',(5.639636856374,86.572247597737));
#4549 = CARTESIAN_POINT('',(5.731568667158,86.660037279972));
#4550 = CARTESIAN_POINT('',(5.823510718746,86.747836176953));
#4551 = CARTESIAN_POINT('',(5.915459195937,86.835640291697));
#4552 = CARTESIAN_POINT('',(6.007408690686,86.923444367935));
#4553 = CARTESIAN_POINT('',(6.099352202106,87.011241890115));
#4554 = CARTESIAN_POINT('',(6.191281136463,87.099025083398));
#4555 = CARTESIAN_POINT('',(6.28318530718,87.186784913658));
#4556 = ( GEOMETRIC_REPRESENTATION_CONTEXT(2) 
PARAMETRIC_REPRESENTATION_CONTEXT() REPRESENTATION_CONTEXT('2D SPACE',''
  ) );
#4557 = ORIENTED_EDGE('',*,*,#619,.T.);
#4558 = ORIENTED_EDGE('',*,*,#1164,.T.);
#4559 = ORIENTED_EDGE('',*,*,#4560,.T.);
#4560 = EDGE_CURVE('',#1140,#4561,#4563,.T.);
#4561 = VERTEX_POINT('',#4562);
#4562 = CARTESIAN_POINT('',(6.736403681345,18.00000057444,95.));
#4563 = SURFACE_CURVE('',#4564,(#4587,#4613),.PCURVE_S1.);
#4564 = B_SPLINE_CURVE_WITH_KNOTS('',6,(#4565,#4566,#4567,#4568,#4569,
    #4570,#4571,#4572,#4573,#4574,#4575,#4576,#4577,#4578,#4579,#4580,
    #4581,#4582,#4583,#4584,#4585,#4586),.UNSPECIFIED.,.F.,.F.,(7,5,5,5,
    7),(0.,0.21819825171,0.455204467943,0.715307681144,1.),
  .UNSPECIFIED.);
#4565 = CARTESIAN_POINT('',(15.94022944355,27.664090896444,95.));
#4566 = CARTESIAN_POINT('',(15.418827816346,27.607905730384,95.));
#4567 = CARTESIAN_POINT('',(14.900888649784,27.518325161119,95.));
#4568 = CARTESIAN_POINT('',(14.389082882062,27.395881164208,95.));
#4569 = CARTESIAN_POINT('',(13.885931759398,27.241379631485,95.));
#4570 = CARTESIAN_POINT('',(13.393817660684,27.055849206063,95.));
#4571 = CARTESIAN_POINT('',(12.394869646533,26.606686942725,95.));
#4572 = CARTESIAN_POINT('',(11.890398788619,26.337690413586,95.));
#4573 = CARTESIAN_POINT('',(11.404438692239,26.035161582611,95.));
#4574 = CARTESIAN_POINT('',(10.939570003555,25.700977773372,95.));
#4575 = CARTESIAN_POINT('',(10.498119667396,25.337228210164,95.));
#4576 = CARTESIAN_POINT('',(9.625647982424,24.517112242478,95.));
#4577 = CARTESIAN_POINT('',(9.199808319778,24.055148961988,95.));
#4578 = CARTESIAN_POINT('',(8.807366424964,23.563375757764,95.));
#4579 = CARTESIAN_POINT('',(8.450573014855,23.045053197844,95.));
#4580 = CARTESIAN_POINT('',(8.131275423027,22.503593439256,95.));
#4581 = CARTESIAN_POINT('',(7.544013038216,21.328512405382,95.));
#4582 = CARTESIAN_POINT('',(7.283730860845,20.690969803322,95.));
#4583 = CARTESIAN_POINT('',(7.071928601948,20.034620760847,95.));
#4584 = CARTESIAN_POINT('',(6.909789801087,19.36419076735,95.));
#4585 = CARTESIAN_POINT('',(6.797941114225,18.684405768109,95.));
#4586 = CARTESIAN_POINT('',(6.736403681345,18.000000574439,95.));
#4587 = PCURVE('',#727,#4588);
#4588 = DEFINITIONAL_REPRESENTATION('',(#4589),#4612);
#4589 = B_SPLINE_CURVE_WITH_KNOTS('',6,(#4590,#4591,#4592,#4593,#4594,
    #4595,#4596,#4597,#4598,#4599,#4600,#4601,#4602,#4603,#4604,#4605,
    #4606,#4607,#4608,#4609,#4610,#4611),.UNSPECIFIED.,.F.,.F.,(7,5,5,5,
    7),(0.,0.21819825171,0.455204467943,0.715307681144,1.),
  .UNSPECIFIED.);
#4590 = CARTESIAN_POINT('',(2.914515397111,132.77902639915));
#4591 = CARTESIAN_POINT('',(2.841036132415,132.8520372753));
#4592 = CARTESIAN_POINT('',(2.768009893229,132.92459801889));
#4593 = CARTESIAN_POINT('',(2.695429347969,132.99671591079));
#4594 = CARTESIAN_POINT('',(2.623282531399,133.06840283332));
#4595 = CARTESIAN_POINT('',(2.551558804021,133.13966935081));
#4596 = CARTESIAN_POINT('',(2.402800043603,133.28747980158));
#4597 = CARTESIAN_POINT('',(2.325836467019,133.36395273106));
#4598 = CARTESIAN_POINT('',(2.249354380076,133.43994721859));
#4599 = CARTESIAN_POINT('',(2.173340134201,133.51547682765));
#4600 = CARTESIAN_POINT('',(2.097781731736,133.5905534976));
#4601 = CARTESIAN_POINT('',(1.940246124151,133.74708476934));
#4602 = CARTESIAN_POINT('',(1.858356097867,133.82845275309));
#4603 = CARTESIAN_POINT('',(1.776995922342,133.90929433135));
#4604 = CARTESIAN_POINT('',(1.696149380616,133.98962566108));
#4605 = CARTESIAN_POINT('',(1.615802398492,134.06946077533));
#4606 = CARTESIAN_POINT('',(1.448547877638,134.23564988829));
#4607 = CARTESIAN_POINT('',(1.361731458352,134.32191335902));
#4608 = CARTESIAN_POINT('',(1.275492952275,134.40760253532));
#4609 = CARTESIAN_POINT('',(1.189812993789,134.49273628655));
#4610 = CARTESIAN_POINT('',(1.104674553844,134.57733070001));
#4611 = CARTESIAN_POINT('',(1.02007162282,134.66138952738));
#4612 = ( GEOMETRIC_REPRESENTATION_CONTEXT(2) 
PARAMETRIC_REPRESENTATION_CONTEXT() REPRESENTATION_CONTEXT('2D SPACE',''
  ) );
#4613 = PCURVE('',#73,#4614);
#4614 = DEFINITIONAL_REPRESENTATION('',(#4615),#4638);
#4615 = B_SPLINE_CURVE_WITH_KNOTS('',6,(#4616,#4617,#4618,#4619,#4620,
    #4621,#4622,#4623,#4624,#4625,#4626,#4627,#4628,#4629,#4630,#4631,
    #4632,#4633,#4634,#4635,#4636,#4637),.UNSPECIFIED.,.F.,.F.,(7,5,5,5,
    7),(0.,0.21819825171,0.455204467943,0.715307681144,1.),
  .UNSPECIFIED.);
#4616 = CARTESIAN_POINT('',(-2.054175832465,9.664090896444));
#4617 = CARTESIAN_POINT('',(-2.575577459669,9.607905730384));
#4618 = CARTESIAN_POINT('',(-3.093516626231,9.518325161119));
#4619 = CARTESIAN_POINT('',(-3.605322393953,9.395881164208));
#4620 = CARTESIAN_POINT('',(-4.108473516617,9.241379631485));
#4621 = CARTESIAN_POINT('',(-4.60058761533,9.055849206063));
#4622 = CARTESIAN_POINT('',(-5.599535629482,8.606686942725));
#4623 = CARTESIAN_POINT('',(-6.104006487396,8.337690413586));
#4624 = CARTESIAN_POINT('',(-6.589966583775,8.035161582611));
#4625 = CARTESIAN_POINT('',(-7.05483527246,7.700977773372));
#4626 = CARTESIAN_POINT('',(-7.496285608618,7.337228210164));
#4627 = CARTESIAN_POINT('',(-8.36875729359,6.517112242478));
#4628 = CARTESIAN_POINT('',(-8.794596956236,6.055148961988));
#4629 = CARTESIAN_POINT('',(-9.18703885105,5.563375757764));
#4630 = CARTESIAN_POINT('',(-9.54383226116,5.045053197844));
#4631 = CARTESIAN_POINT('',(-9.863129852988,4.503593439256));
#4632 = CARTESIAN_POINT('',(-10.45039223779,3.328512405382));
#4633 = CARTESIAN_POINT('',(-10.71067441517,2.690969803322));
#4634 = CARTESIAN_POINT('',(-10.92247667406,2.034620760847));
#4635 = CARTESIAN_POINT('',(-11.08461547492,1.36419076735));
#4636 = CARTESIAN_POINT('',(-11.19646416179,0.684405768109));
#4637 = CARTESIAN_POINT('',(-11.25800159467,5.744394453901E-07));
#4638 = ( GEOMETRIC_REPRESENTATION_CONTEXT(2) 
PARAMETRIC_REPRESENTATION_CONTEXT() REPRESENTATION_CONTEXT('2D SPACE',''
  ) );
#4639 = ORIENTED_EDGE('',*,*,#4640,.F.);
#4640 = EDGE_CURVE('',#1230,#4561,#4641,.T.);
#4641 = SURFACE_CURVE('',#4642,(#4645,#4652),.PCURVE_S1.);
#4642 = B_SPLINE_CURVE_WITH_KNOTS('',1,(#4643,#4644),.UNSPECIFIED.,.F.,
  .F.,(2,2),(0.,2.914515397111),.PIECEWISE_BEZIER_KNOTS.);
#4643 = CARTESIAN_POINT('',(5.994406710578,18.000000913256,
    94.300009563598));
#4644 = CARTESIAN_POINT('',(8.114416274155,17.9999999452,96.299999426158
    ));
#4645 = PCURVE('',#727,#4646);
#4646 = DEFINITIONAL_REPRESENTATION('',(#4647),#4651);
#4647 = LINE('',#4648,#4649);
#4648 = CARTESIAN_POINT('',(0.,134.66138952738));
#4649 = VECTOR('',#4650,1.);
#4650 = DIRECTION('',(1.,0.));
#4651 = ( GEOMETRIC_REPRESENTATION_CONTEXT(2) 
PARAMETRIC_REPRESENTATION_CONTEXT() REPRESENTATION_CONTEXT('2D SPACE',''
  ) );
#4652 = PCURVE('',#100,#4653);
#4653 = DEFINITIONAL_REPRESENTATION('',(#4654),#4657);
#4654 = B_SPLINE_CURVE_WITH_KNOTS('',1,(#4655,#4656),.UNSPECIFIED.,.F.,
  .F.,(2,2),(0.,2.914515397111),.PIECEWISE_BEZIER_KNOTS.);
#4655 = CARTESIAN_POINT('',(-1.444438511175,-0.300006907021));
#4656 = CARTESIAN_POINT('',(0.675571052403,-2.29999676958));
#4657 = ( GEOMETRIC_REPRESENTATION_CONTEXT(2) 
PARAMETRIC_REPRESENTATION_CONTEXT() REPRESENTATION_CONTEXT('2D SPACE',''
  ) );
#4658 = ADVANCED_FACE('',(#4659),#607,.T.);
#4659 = FACE_BOUND('',#4660,.T.);
#4660 = EDGE_LOOP('',(#4661,#4662,#4871,#4892));
#4661 = ORIENTED_EDGE('',*,*,#591,.T.);
#4662 = ORIENTED_EDGE('',*,*,#4663,.F.);
#4663 = EDGE_CURVE('',#4664,#112,#4666,.T.);
#4664 = VERTEX_POINT('',#4665);
#4665 = CARTESIAN_POINT('',(27.994405276015,18.,82.813205938865));
#4666 = SURFACE_CURVE('',#4667,(#4733,#4802),.PCURVE_S1.);
#4667 = B_SPLINE_CURVE_WITH_KNOTS('',8,(#4668,#4669,#4670,#4671,#4672,
    #4673,#4674,#4675,#4676,#4677,#4678,#4679,#4680,#4681,#4682,#4683,
    #4684,#4685,#4686,#4687,#4688,#4689,#4690,#4691,#4692,#4693,#4694,
    #4695,#4696,#4697,#4698,#4699,#4700,#4701,#4702,#4703,#4704,#4705,
    #4706,#4707,#4708,#4709,#4710,#4711,#4712,#4713,#4714,#4715,#4716,
    #4717,#4718,#4719,#4720,#4721,#4722,#4723,#4724,#4725,#4726,#4727,
    #4728,#4729,#4730,#4731,#4732),.UNSPECIFIED.,.F.,.F.,(9,7,7,7,7,7,7,
    7,7,9),(0.,9.245083835388E-02,0.245952058639,0.408558022333,
    0.432445834189,0.529875758029,0.653867657772,0.807220587008,
    0.902316363077,1.),.UNSPECIFIED.);
#4668 = CARTESIAN_POINT('',(27.994405276015,18.,82.813205938865));
#4669 = CARTESIAN_POINT('',(27.994405276015,18.725525767233,
    82.882490273513));
#4670 = CARTESIAN_POINT('',(27.934209206951,19.451269790412,
    82.951785946531));
#4671 = CARTESIAN_POINT('',(27.813853629262,20.171143972273,
    83.021085741446));
#4672 = CARTESIAN_POINT('',(27.634022474335,20.879275291373,
    83.090384587467));
#4673 = CARTESIAN_POINT('',(27.396047044506,21.570005802089,
    83.159679559484));
#4674 = CARTESIAN_POINT('',(27.101906013059,22.237892634622,
    83.22896987807));
#4675 = CARTESIAN_POINT('',(26.754225424228,22.877707994993,
    83.298256909477));
#4676 = CARTESIAN_POINT('',(25.6955458117,24.491828353138,
    83.482585614277));
#4677 = CARTESIAN_POINT('',(24.895138118593,25.409682401779,
    83.597784073413));
#4678 = CARTESIAN_POINT('',(23.970617401629,26.213016378295,
    83.712913236331));
#4679 = CARTESIAN_POINT('',(22.941558888466,26.883034354259,
    83.827956400786));
#4680 = CARTESIAN_POINT('',(21.83012254075,27.405092268551,
    83.943000093406));
#4681 = CARTESIAN_POINT('',(20.660425861178,27.768091416459,
    84.058129915043));
#4682 = CARTESIAN_POINT('',(19.458718213555,27.965302564791,
    84.173328607082));
#4683 = CARTESIAN_POINT('',(16.978559816144,28.029796419002,
    84.41024799054));
#4684 = CARTESIAN_POINT('',(15.695578323555,27.876927275153,
    84.53234319013));
#4685 = CARTESIAN_POINT('',(14.44078347491,27.536049805621,
    84.654303128794));
#4686 = CARTESIAN_POINT('',(13.24592006342,27.014235583568,
    84.776186387687));
#4687 = CARTESIAN_POINT('',(12.139880293677,26.323954818974,
    84.89806752075));
#4688 = CARTESIAN_POINT('',(11.149214768788,25.482025126458,
    85.0200186214));
#4689 = CARTESIAN_POINT('',(10.29757792171,24.510595768064,
    85.142099000945));
#4690 = CARTESIAN_POINT('',(9.501312357615,23.282284447112,
    85.281882893769));
#4691 = CARTESIAN_POINT('',(9.402690690442,23.122765360912,
    85.29978763509));
#4692 = CARTESIAN_POINT('',(9.307494591027,22.961144178036,
    85.317692404782));
#4693 = CARTESIAN_POINT('',(9.215775852403,22.797506123887,
    85.335597273335));
#4694 = CARTESIAN_POINT('',(9.127583730968,22.631937898614,
    85.353502307657));
#4695 = CARTESIAN_POINT('',(9.042964946486,22.464527677112,
    85.371407571071));
#4696 = CARTESIAN_POINT('',(8.961963682091,22.29536510902,
    85.389313123322));
#4697 = CARTESIAN_POINT('',(8.569170560788,21.427811581449,
    85.480250833429));
#4698 = CARTESIAN_POINT('',(8.314509952374,20.703127804895,
    85.553304216672));
#4699 = CARTESIAN_POINT('',(8.123587313083,19.957075154738,
    85.626371342056));
#4700 = CARTESIAN_POINT('',(7.998498950794,19.196306757081,
    85.699445503746));
#4701 = CARTESIAN_POINT('',(7.940489927228,18.427543698453,
    85.772521118311));
#4702 = CARTESIAN_POINT('',(7.94995405794,17.657575025816,
    85.845593724722));
#4703 = CARTESIAN_POINT('',(8.02643391233,16.893257746555,
    85.918659984358));
#4704 = CARTESIAN_POINT('',(8.349571627472,15.184831439921,
    86.084692839358));
#4705 = CARTESIAN_POINT('',(8.637223656232,14.247678007079,
    86.17768153052));
#4706 = CARTESIAN_POINT('',(9.028634075055,13.344757874105,
    86.270684203429));
#4707 = CARTESIAN_POINT('',(9.519000277352,12.489562781114,
    86.363698372682));
#4708 = CARTESIAN_POINT('',(10.101659874807,11.694374864189,
    86.456718618528));
#4709 = CARTESIAN_POINT('',(10.768090697374,10.970266655383,
    86.549736586867));
#4710 = CARTESIAN_POINT('',(11.507910793277,10.327101082718,
    86.642740989255));
#4711 = CARTESIAN_POINT('',(13.299513570631,9.088877700121,
    86.850710889415));
#4712 = CARTESIAN_POINT('',(14.38591746671,8.539493225998,
    86.965880314123));
#4713 = CARTESIAN_POINT('',(15.54423585845,8.14294380266,87.080944646124
    ));
#4714 = CARTESIAN_POINT('',(16.749193154841,7.908845320931,
    87.195959842641));
#4715 = CARTESIAN_POINT('',(17.974952627193,7.842975282935,
    87.310979238646));
#4716 = CARTESIAN_POINT('',(19.194998167031,7.946113369448,
    87.426055685402));
#4717 = CARTESIAN_POINT('',(20.382278047057,8.21491287797,
    87.541219555888));
#4718 = CARTESIAN_POINT('',(22.2085662979,8.900638794026,87.72750365694)
  );
#4719 = CARTESIAN_POINT('',(22.885472643175,9.222890058413,
    87.798823128504));
#4720 = CARTESIAN_POINT('',(23.53404737698,9.60259983012,87.870155442934
    ));
#4721 = CARTESIAN_POINT('',(24.148553829979,10.036824891057,
    87.941495862291));
#4722 = CARTESIAN_POINT('',(24.723729839947,10.522004353522,
    88.012839774565));
#4723 = CARTESIAN_POINT('',(25.254787751762,11.053959660204,
    88.084182693674));
#4724 = CARTESIAN_POINT('',(25.737414417412,11.627894584179,
    88.155520259463));
#4725 = CARTESIAN_POINT('',(26.609839361829,12.865509552881,
    88.300117278842));
#4726 = CARTESIAN_POINT('',(26.997073683099,13.531632839413,
    88.37340152225));
#4727 = CARTESIAN_POINT('',(27.325324081867,14.230919834572,
    88.446700010987));
#4728 = CARTESIAN_POINT('',(27.591266776853,14.957236333675,
    88.520009454665));
#4729 = CARTESIAN_POINT('',(27.792404283422,15.704159181302,
    88.593324229447));
#4730 = CARTESIAN_POINT('',(27.927065413588,16.46497627129,
    88.666636378046));
#4731 = CARTESIAN_POINT('',(27.994405276015,17.232686546737,
    88.73993560973));
#4732 = CARTESIAN_POINT('',(27.994405276015,18.,88.813209300314));
#4733 = PCURVE('',#607,#4734);
#4734 = DEFINITIONAL_REPRESENTATION('',(#4735),#4801);
#4735 = B_SPLINE_CURVE_WITH_KNOTS('',8,(#4736,#4737,#4738,#4739,#4740,
    #4741,#4742,#4743,#4744,#4745,#4746,#4747,#4748,#4749,#4750,#4751,
    #4752,#4753,#4754,#4755,#4756,#4757,#4758,#4759,#4760,#4761,#4762,
    #4763,#4764,#4765,#4766,#4767,#4768,#4769,#4770,#4771,#4772,#4773,
    #4774,#4775,#4776,#4777,#4778,#4779,#4780,#4781,#4782,#4783,#4784,
    #4785,#4786,#4787,#4788,#4789,#4790,#4791,#4792,#4793,#4794,#4795,
    #4796,#4797,#4798,#4799,#4800),.UNSPECIFIED.,.F.,.F.,(9,7,7,7,7,7,7,
    7,7,9),(0.,9.245083835388E-02,0.245952058639,0.408558022333,
    0.432445834189,0.529875758029,0.653867657772,0.807220587008,
    0.902316363077,1.),.UNSPECIFIED.);
#4736 = CARTESIAN_POINT('',(0.,82.813205938865));
#4737 = CARTESIAN_POINT('',(7.255257672328E-02,82.882490273513));
#4738 = CARTESIAN_POINT('',(0.145117299269,82.951785946531));
#4739 = CARTESIAN_POINT('',(0.217686895738,83.021085741446));
#4740 = CARTESIAN_POINT('',(0.29025621855,83.090384587467));
#4741 = CARTESIAN_POINT('',(0.362822244445,83.159679559484));
#4742 = CARTESIAN_POINT('',(0.435384074485,83.22896987807));
#4743 = CARTESIAN_POINT('',(0.507942934051,83.298256909477));
#4744 = CARTESIAN_POINT('',(0.700976274502,83.482585614277));
#4745 = CARTESIAN_POINT('',(0.821615288396,83.597784073413));
#4746 = CARTESIAN_POINT('',(0.942180967959,83.712913236331));
#4747 = CARTESIAN_POINT('',(1.062654434721,83.827956400786));
#4748 = CARTESIAN_POINT('',(1.183126200242,83.943000093406));
#4749 = CARTESIAN_POINT('',(1.303687278919,84.058129915043));
#4750 = CARTESIAN_POINT('',(1.424321391628,84.173328607082));
#4751 = CARTESIAN_POINT('',(1.672421071867,84.41024799054));
#4752 = CARTESIAN_POINT('',(1.800278991483,84.53234319013));
#4753 = CARTESIAN_POINT('',(1.92799647814,84.654303128794));
#4754 = CARTESIAN_POINT('',(2.055634132966,84.776186387687));
#4755 = CARTESIAN_POINT('',(2.18326646578,84.89806752075));
#4756 = CARTESIAN_POINT('',(2.310968660643,85.0200186214));
#4757 = CARTESIAN_POINT('',(2.43880871617,85.142099000945));
#4758 = CARTESIAN_POINT('',(2.585191350036,85.281882893769));
#4759 = CARTESIAN_POINT('',(2.603941388161,85.29978763509));
#4760 = CARTESIAN_POINT('',(2.622691532738,85.317692404782));
#4761 = CARTESIAN_POINT('',(2.641441859342,85.335597273335));
#4762 = CARTESIAN_POINT('',(2.660192437252,85.353502307657));
#4763 = CARTESIAN_POINT('',(2.678943329456,85.371407571071));
#4764 = CARTESIAN_POINT('',(2.697694592645,85.389313123322));
#4765 = CARTESIAN_POINT('',(2.792927757001,85.480250833429));
#4766 = CARTESIAN_POINT('',(2.869435670382,85.553304216672));
#4767 = CARTESIAN_POINT('',(2.945956349754,85.626371342056));
#4768 = CARTESIAN_POINT('',(3.022479769421,85.699445503746));
#4769 = CARTESIAN_POINT('',(3.09899954559,85.772521118311));
#4770 = CARTESIAN_POINT('',(3.175512936372,85.845593724722));
#4771 = CARTESIAN_POINT('',(3.252020841782,85.918659984358));
#4772 = CARTESIAN_POINT('',(3.425892588427,86.084692839358));
#4773 = CARTESIAN_POINT('',(3.523278641532,86.17768153052));
#4774 = CARTESIAN_POINT('',(3.620678810782,86.270684203429));
#4775 = CARTESIAN_POINT('',(3.718085979147,86.363698372682));
#4776 = CARTESIAN_POINT('',(3.815493064843,86.456718618528));
#4777 = CARTESIAN_POINT('',(3.91289302133,86.549736586867));
#4778 = CARTESIAN_POINT('',(4.010278837311,86.642740989255));
#4779 = CARTESIAN_POINT('',(4.228063998813,86.850710889415));
#4780 = CARTESIAN_POINT('',(4.348671591578,86.965880314123));
#4781 = CARTESIAN_POINT('',(4.469170032569,87.080944646124));
#4782 = CARTESIAN_POINT('',(4.589613721336,87.195959842641));
#4783 = CARTESIAN_POINT('',(4.710059777723,87.310979238646));
#4784 = CARTESIAN_POINT('',(4.830566342492,87.426055685402));
#4785 = CARTESIAN_POINT('',(4.951165788354,87.541219555888));
#4786 = CARTESIAN_POINT('',(5.146243947232,87.72750365694));
#4787 = CARTESIAN_POINT('',(5.220930757306,87.798823128504));
#4788 = CARTESIAN_POINT('',(5.295631243423,87.870155442934));
#4789 = CARTESIAN_POINT('',(5.370340194459,87.941495862291));
#4790 = CARTESIAN_POINT('',(5.445052559733,88.012839774565));
#4791 = CARTESIAN_POINT('',(5.519763449006,88.084182693674));
#4792 = CARTESIAN_POINT('',(5.594468132482,88.155520259463));
#4793 = CARTESIAN_POINT('',(5.745888609776,88.300117278842));
#4794 = CARTESIAN_POINT('',(5.822630321294,88.37340152225));
#4795 = CARTESIAN_POINT('',(5.89938640152,88.446700010987));
#4796 = CARTESIAN_POINT('',(5.976153648874,88.520009454665));
#4797 = CARTESIAN_POINT('',(6.05292643404,88.593324229447));
#4798 = CARTESIAN_POINT('',(6.129696699964,88.666636378046));
#4799 = CARTESIAN_POINT('',(6.206453961853,88.73993560973));
#4800 = CARTESIAN_POINT('',(6.28318530718,88.813209300314));
#4801 = ( GEOMETRIC_REPRESENTATION_CONTEXT(2) 
PARAMETRIC_REPRESENTATION_CONTEXT() REPRESENTATION_CONTEXT('2D SPACE',''
  ) );
#4802 = PCURVE('',#195,#4803);
#4803 = DEFINITIONAL_REPRESENTATION('',(#4804),#4870);
#4804 = B_SPLINE_CURVE_WITH_KNOTS('',8,(#4805,#4806,#4807,#4808,#4809,
    #4810,#4811,#4812,#4813,#4814,#4815,#4816,#4817,#4818,#4819,#4820,
    #4821,#4822,#4823,#4824,#4825,#4826,#4827,#4828,#4829,#4830,#4831,
    #4832,#4833,#4834,#4835,#4836,#4837,#4838,#4839,#4840,#4841,#4842,
    #4843,#4844,#4845,#4846,#4847,#4848,#4849,#4850,#4851,#4852,#4853,
    #4854,#4855,#4856,#4857,#4858,#4859,#4860,#4861,#4862,#4863,#4864,
    #4865,#4866,#4867,#4868,#4869),.UNSPECIFIED.,.F.,.F.,(9,7,7,7,7,7,7,
    7,7,9),(0.,9.245083835388E-02,0.245952058639,0.408558022333,
    0.432445834189,0.529875758029,0.653867657772,0.807220587008,
    0.902316363077,1.),.UNSPECIFIED.);
#4805 = CARTESIAN_POINT('',(0.1649702024,121.62964217715));
#4806 = CARTESIAN_POINT('',(0.164972667985,121.72996149905));
#4807 = CARTESIAN_POINT('',(0.164974806496,121.83029756359));
#4808 = CARTESIAN_POINT('',(0.164976202615,121.93064033419));
#4809 = CARTESIAN_POINT('',(0.164976612184,122.03098271107));
#4810 = CARTESIAN_POINT('',(0.164975962201,122.13132053132));
#4811 = CARTESIAN_POINT('',(0.164974350822,122.23165256879));
#4812 = CARTESIAN_POINT('',(0.164972047361,122.3319805342));
#4813 = CARTESIAN_POINT('',(0.164965249971,122.59889007881));
#4814 = CARTESIAN_POINT('',(0.164960219362,122.76569921263));
#4815 = CARTESIAN_POINT('',(0.164956100353,122.93240710167));
#4816 = CARTESIAN_POINT('',(0.164955036079,123.09898743209));
#4817 = CARTESIAN_POINT('',(0.164957383279,123.26556513752));
#4818 = CARTESIAN_POINT('',(0.164961303283,123.43226599257));
#4819 = CARTESIAN_POINT('',(0.164964173599,123.59906761303));
#4820 = CARTESIAN_POINT('',(0.164967564352,123.94211686089));
#4821 = CARTESIAN_POINT('',(0.164967848016,124.11890700088));
#4822 = CARTESIAN_POINT('',(0.164966183794,124.29550322232));
#4823 = CARTESIAN_POINT('',(0.164963138362,124.47198978601));
#4824 = CARTESIAN_POINT('',(0.164963827118,124.64846956117));
#4825 = CARTESIAN_POINT('',(0.164969401622,124.82504579279));
#4826 = CARTESIAN_POINT('',(0.164972302546,125.00181187317));
#4827 = CARTESIAN_POINT('',(0.16497086704,125.20421645266));
#4828 = CARTESIAN_POINT('',(0.164970593304,125.23014228751));
#4829 = CARTESIAN_POINT('',(0.164970223041,125.25606825935));
#4830 = CARTESIAN_POINT('',(0.164969752876,125.2819944736));
#4831 = CARTESIAN_POINT('',(0.164969182729,125.30792102723));
#4832 = CARTESIAN_POINT('',(0.164968515815,125.33384800872));
#4833 = CARTESIAN_POINT('',(0.164967758637,125.35977549814));
#4834 = CARTESIAN_POINT('',(0.16496350455,125.49145497678));
#4835 = CARTESIAN_POINT('',(0.164954841938,125.59724283256));
#4836 = CARTESIAN_POINT('',(0.164948288901,125.70304849043));
#4837 = CARTESIAN_POINT('',(0.164947890602,125.80885822117));
#4838 = CARTESIAN_POINT('',(0.164954381628,125.91466321019));
#4839 = CARTESIAN_POINT('',(0.16496518599,126.02045955765));
#4840 = CARTESIAN_POINT('',(0.164974417119,126.12624827834));
#4841 = CARTESIAN_POINT('',(0.164970918983,126.36666266769));
#4842 = CARTESIAN_POINT('',(0.164958470702,126.50132005134));
#4843 = CARTESIAN_POINT('',(0.164946787616,126.63599691986));
#4844 = CARTESIAN_POINT('',(0.164942538661,126.77068304798));
#4845 = CARTESIAN_POINT('',(0.164947807126,126.90536851802));
#4846 = CARTESIAN_POINT('',(0.164960090647,127.0400437199));
#4847 = CARTESIAN_POINT('',(0.16497230121,127.17469935116));
#4848 = CARTESIAN_POINT('',(0.164973338951,127.47583289783));
#4849 = CARTESIAN_POINT('',(0.164969674077,127.64259863357));
#4850 = CARTESIAN_POINT('',(0.164964115504,127.80921407967));
#4851 = CARTESIAN_POINT('',(0.164962933606,127.97575403018));
#4852 = CARTESIAN_POINT('',(0.164965179465,128.14229665548));
#4853 = CARTESIAN_POINT('',(0.164966905521,128.30892240518));
#4854 = CARTESIAN_POINT('',(0.164967115591,128.4756762483));
#4855 = CARTESIAN_POINT('',(0.164965236879,128.74541226445));
#4856 = CARTESIAN_POINT('',(0.164963856658,128.84868222879));
#4857 = CARTESIAN_POINT('',(0.164962133123,128.95197113037));
#4858 = CARTESIAN_POINT('',(0.164960366108,129.05527181086));
#4859 = CARTESIAN_POINT('',(0.164958837466,129.15857731215));
#4860 = CARTESIAN_POINT('',(0.164957811069,129.26188087631));
#4861 = CARTESIAN_POINT('',(0.164957532808,129.36517594564));
#4862 = CARTESIAN_POINT('',(0.164958947367,129.57454696538));
#4863 = CARTESIAN_POINT('',(0.164960686616,129.6806587646));
#4864 = CARTESIAN_POINT('',(0.164963182055,129.78679043929));
#4865 = CARTESIAN_POINT('',(0.164966130277,129.89293752653));
#4866 = CARTESIAN_POINT('',(0.164969190747,129.99909222152));
#4867 = CARTESIAN_POINT('',(0.164971985811,130.10524337759));
#4868 = CARTESIAN_POINT('',(0.164974100688,130.21137650618));
#4869 = CARTESIAN_POINT('',(0.164975083475,130.31747377686));
#4870 = ( GEOMETRIC_REPRESENTATION_CONTEXT(2) 
PARAMETRIC_REPRESENTATION_CONTEXT() REPRESENTATION_CONTEXT('2D SPACE',''
  ) );
#4871 = ORIENTED_EDGE('',*,*,#4872,.F.);
#4872 = EDGE_CURVE('',#4180,#4664,#4873,.T.);
#4873 = SURFACE_CURVE('',#4874,(#4878,#4885),.PCURVE_S1.);
#4874 = LINE('',#4875,#4876);
#4875 = CARTESIAN_POINT('',(27.994405276015,18.,3.608224830032E-16));
#4876 = VECTOR('',#4877,1.);
#4877 = DIRECTION('',(0.,0.,1.));
#4878 = PCURVE('',#607,#4879);
#4879 = DEFINITIONAL_REPRESENTATION('',(#4880),#4884);
#4880 = LINE('',#4881,#4882);
#4881 = CARTESIAN_POINT('',(0.,-0.));
#4882 = VECTOR('',#4883,1.);
#4883 = DIRECTION('',(0.,1.));
#4884 = ( GEOMETRIC_REPRESENTATION_CONTEXT(2) 
PARAMETRIC_REPRESENTATION_CONTEXT() REPRESENTATION_CONTEXT('2D SPACE',''
  ) );
#4885 = PCURVE('',#4305,#4886);
#4886 = DEFINITIONAL_REPRESENTATION('',(#4887),#4891);
#4887 = LINE('',#4888,#4889);
#4888 = CARTESIAN_POINT('',(6.28318530718,-0.));
#4889 = VECTOR('',#4890,1.);
#4890 = DIRECTION('',(0.,1.));
#4891 = ( GEOMETRIC_REPRESENTATION_CONTEXT(2) 
PARAMETRIC_REPRESENTATION_CONTEXT() REPRESENTATION_CONTEXT('2D SPACE',''
  ) );
#4892 = ORIENTED_EDGE('',*,*,#4372,.T.);
#4893 = ADVANCED_FACE('',(#4894),#195,.F.);
#4894 = FACE_BOUND('',#4895,.F.);
#4895 = EDGE_LOOP('',(#4896,#4983,#5004,#5200,#5219,#5220,#5221,#5409,
    #5597,#5806,#5988,#6176,#6358,#6540,#6728,#6916,#7104,#7313,#7477,
    #7686,#7858));
#4896 = ORIENTED_EDGE('',*,*,#4897,.F.);
#4897 = EDGE_CURVE('',#4898,#4900,#4902,.T.);
#4898 = VERTEX_POINT('',#4899);
#4899 = CARTESIAN_POINT('',(29.252405276015,18.,4.163336342344E-16));
#4900 = VERTEX_POINT('',#4901);
#4901 = CARTESIAN_POINT('',(21.215770031775,27.466932402333,
    3.608224830032E-16));
#4902 = SURFACE_CURVE('',#4903,(#4926,#4952),.PCURVE_S1.);
#4903 = B_SPLINE_CURVE_WITH_KNOTS('',6,(#4904,#4905,#4906,#4907,#4908,
    #4909,#4910,#4911,#4912,#4913,#4914,#4915,#4916,#4917,#4918,#4919,
    #4920,#4921,#4922,#4923,#4924,#4925),.UNSPECIFIED.,.F.,.F.,(7,5,5,5,
    7),(0.,0.284688732476,0.54479319332,0.781800600345,1.),
  .UNSPECIFIED.);
#4904 = CARTESIAN_POINT('',(29.252405276015,18.,3.608224830032E-16));
#4905 = CARTESIAN_POINT('',(29.190869200164,18.684397192086,
    3.608224830032E-16));
#4906 = CARTESIAN_POINT('',(29.079023022463,19.364174332687,
    3.608224830032E-16));
#4907 = CARTESIAN_POINT('',(28.916887909134,20.034596787197,
    3.608224830032E-16));
#4908 = CARTESIAN_POINT('',(28.705090487713,20.690938779535,
    3.608224830032E-16));
#4909 = CARTESIAN_POINT('',(28.44481424288,21.328474990698,
    3.608224830032E-16));
#4910 = CARTESIAN_POINT('',(27.857560247407,22.503555135221,
    3.608224830032E-16));
#4911 = CARTESIAN_POINT('',(27.538263594865,23.045019575418,
    3.608224830032E-16));
#4912 = CARTESIAN_POINT('',(27.181470611213,23.563346761292,
    3.608224830032E-16));
#4913 = CARTESIAN_POINT('',(26.789028643891,24.055124475508,
    3.608224830032E-16));
#4914 = CARTESIAN_POINT('',(26.363188432557,24.517092092244,
    3.608224830032E-16));
#4915 = CARTESIAN_POINT('',(25.490714757778,25.337216000401,
    3.608224830032E-16));
#4916 = CARTESIAN_POINT('',(25.049263043494,25.700969194845,
    3.608224830032E-16));
#4917 = CARTESIAN_POINT('',(24.584392623133,26.035156391415,
    3.608224830032E-16));
#4918 = CARTESIAN_POINT('',(24.09843047353,26.337688327974,
    3.608224830032E-16));
#4919 = CARTESIAN_POINT('',(23.593957277745,26.606687647169,
    3.608224830032E-16));
#4920 = CARTESIAN_POINT('',(22.595004195634,27.055854659779,
    3.608224830032E-16));
#4921 = CARTESIAN_POINT('',(22.102887396817,27.241387083045,
    3.608224830032E-16));
#4922 = CARTESIAN_POINT('',(21.599733397225,27.395890285244,
    3.608224830032E-16));
#4923 = CARTESIAN_POINT('',(21.087924613346,27.518335605276,
    3.608224830032E-16));
#4924 = CARTESIAN_POINT('',(20.569982331437,27.607917137945,
    3.608224830032E-16));
#4925 = CARTESIAN_POINT('',(20.048577532512,27.664102900291,
    3.608224830032E-16));
#4926 = PCURVE('',#195,#4927);
#4927 = DEFINITIONAL_REPRESENTATION('',(#4928),#4951);
#4928 = B_SPLINE_CURVE_WITH_KNOTS('',6,(#4929,#4930,#4931,#4932,#4933,
    #4934,#4935,#4936,#4937,#4938,#4939,#4940,#4941,#4942,#4943,#4944,
    #4945,#4946,#4947,#4948,#4949,#4950),.UNSPECIFIED.,.F.,.F.,(7,5,5,5,
    7),(0.,0.284688732476,0.54479319332,0.781800600345,1.),
  .UNSPECIFIED.);
#4929 = CARTESIAN_POINT('',(1.894435008122,0.));
#4930 = CARTESIAN_POINT('',(1.809833575941,8.405785123547E-02));
#4931 = CARTESIAN_POINT('',(1.724696578951,0.168651269864));
#4932 = CARTESIAN_POINT('',(1.639018058796,0.253784009451));
#4933 = CARTESIAN_POINT('',(1.552781005887,0.339472155973));
#4934 = CARTESIAN_POINT('',(1.465966063526,0.42573457765));
#4935 = CARTESIAN_POINT('',(1.298713030104,0.591923026008));
#4936 = CARTESIAN_POINT('',(1.218366037418,0.671758544598));
#4937 = CARTESIAN_POINT('',(1.137519492413,0.75209027871));
#4938 = CARTESIAN_POINT('',(1.05615931957,0.832932261215));
#4939 = CARTESIAN_POINT('',(0.974269300818,0.914300649077));
#4940 = CARTESIAN_POINT('',(0.816733698479,1.070832709463));
#4941 = CARTESIAN_POINT('',(0.741175292727,1.145909764318));
#4942 = CARTESIAN_POINT('',(0.665161046193,1.221439758169));
#4943 = CARTESIAN_POINT('',(0.588678960779,1.297434630412));
#4944 = CARTESIAN_POINT('',(0.511715387829,1.373907944625));
#4945 = CARTESIAN_POINT('',(0.362956621913,1.521719150881));
#4946 = CARTESIAN_POINT('',(0.291232884788,1.592986039432));
#4947 = CARTESIAN_POINT('',(0.219086060298,1.664673333124));
#4948 = CARTESIAN_POINT('',(0.146505509102,1.736791596289));
#4949 = CARTESIAN_POINT('',(7.347926611734E-02,1.809352711267));
#4950 = CARTESIAN_POINT('',(0.,1.882363958776));
#4951 = ( GEOMETRIC_REPRESENTATION_CONTEXT(2) 
PARAMETRIC_REPRESENTATION_CONTEXT() REPRESENTATION_CONTEXT('2D SPACE',''
  ) );
#4952 = PCURVE('',#4953,#4958);
#4953 = PLANE('',#4954);
#4954 = AXIS2_PLACEMENT_3D('',#4955,#4956,#4957);
#4955 = CARTESIAN_POINT('',(17.994405276015,18.,3.608224830032E-16));
#4956 = DIRECTION('',(0.,0.,1.));
#4957 = DIRECTION('',(1.,0.,0.));
#4958 = DEFINITIONAL_REPRESENTATION('',(#4959),#4982);
#4959 = B_SPLINE_CURVE_WITH_KNOTS('',6,(#4960,#4961,#4962,#4963,#4964,
    #4965,#4966,#4967,#4968,#4969,#4970,#4971,#4972,#4973,#4974,#4975,
    #4976,#4977,#4978,#4979,#4980,#4981),.UNSPECIFIED.,.F.,.F.,(7,5,5,5,
    7),(0.,0.284688732476,0.54479319332,0.781800600345,1.),
  .UNSPECIFIED.);
#4960 = CARTESIAN_POINT('',(11.258,-2.288447209509E-15));
#4961 = CARTESIAN_POINT('',(11.196463924149,0.684397192086));
#4962 = CARTESIAN_POINT('',(11.084617746448,1.364174332687));
#4963 = CARTESIAN_POINT('',(10.922482633119,2.034596787197));
#4964 = CARTESIAN_POINT('',(10.710685211699,2.690938779535));
#4965 = CARTESIAN_POINT('',(10.450408966866,3.328474990698));
#4966 = CARTESIAN_POINT('',(9.863154971393,4.503555135221));
#4967 = CARTESIAN_POINT('',(9.543858318851,5.045019575418));
#4968 = CARTESIAN_POINT('',(9.187065335198,5.563346761292));
#4969 = CARTESIAN_POINT('',(8.794623367876,6.055124475508));
#4970 = CARTESIAN_POINT('',(8.368783156542,6.517092092244));
#4971 = CARTESIAN_POINT('',(7.496309481764,7.337216000401));
#4972 = CARTESIAN_POINT('',(7.05485776748,7.700969194845));
#4973 = CARTESIAN_POINT('',(6.589987347118,8.035156391415));
#4974 = CARTESIAN_POINT('',(6.104025197515,8.337688327974));
#4975 = CARTESIAN_POINT('',(5.59955200173,8.606687647169));
#4976 = CARTESIAN_POINT('',(4.600598919619,9.055854659779));
#4977 = CARTESIAN_POINT('',(4.108482120803,9.241387083045));
#4978 = CARTESIAN_POINT('',(3.60532812121,9.395890285244));
#4979 = CARTESIAN_POINT('',(3.093519337331,9.518335605276));
#4980 = CARTESIAN_POINT('',(2.575577055422,9.607917137945));
#4981 = CARTESIAN_POINT('',(2.054172256497,9.664102900291));
#4982 = ( GEOMETRIC_REPRESENTATION_CONTEXT(2) 
PARAMETRIC_REPRESENTATION_CONTEXT() REPRESENTATION_CONTEXT('2D SPACE',''
  ) );
#4983 = ORIENTED_EDGE('',*,*,#4984,.T.);
#4984 = EDGE_CURVE('',#4898,#4985,#4987,.T.);
#4985 = VERTEX_POINT('',#4986);
#4986 = CARTESIAN_POINT('',(29.994405276015,18.,0.7));
#4987 = SURFACE_CURVE('',#4988,(#4991,#4998),.PCURVE_S1.);
#4988 = B_SPLINE_CURVE_WITH_KNOTS('',1,(#4989,#4990),.UNSPECIFIED.,.F.,
  .F.,(2,2),(0.,2.914515397111),.PIECEWISE_BEZIER_KNOTS.);
#4989 = CARTESIAN_POINT('',(27.874405276015,18.,-1.3));
#4990 = CARTESIAN_POINT('',(29.994405276015,18.,0.7));
#4991 = PCURVE('',#195,#4992);
#4992 = DEFINITIONAL_REPRESENTATION('',(#4993),#4997);
#4993 = LINE('',#4994,#4995);
#4994 = CARTESIAN_POINT('',(0.,0.));
#4995 = VECTOR('',#4996,1.);
#4996 = DIRECTION('',(1.,0.));
#4997 = ( GEOMETRIC_REPRESENTATION_CONTEXT(2) 
PARAMETRIC_REPRESENTATION_CONTEXT() REPRESENTATION_CONTEXT('2D SPACE',''
  ) );
#4998 = PCURVE('',#1795,#4999);
#4999 = DEFINITIONAL_REPRESENTATION('',(#5000),#5003);
#5000 = B_SPLINE_CURVE_WITH_KNOTS('',1,(#5001,#5002),.UNSPECIFIED.,.F.,
  .F.,(2,2),(0.,2.914515397111),.PIECEWISE_BEZIER_KNOTS.);
#5001 = CARTESIAN_POINT('',(2.3,-0.675560054269));
#5002 = CARTESIAN_POINT('',(0.3,1.444439945731));
#5003 = ( GEOMETRIC_REPRESENTATION_CONTEXT(2) 
PARAMETRIC_REPRESENTATION_CONTEXT() REPRESENTATION_CONTEXT('2D SPACE',''
  ) );
#5004 = ORIENTED_EDGE('',*,*,#5005,.T.);
#5005 = EDGE_CURVE('',#4985,#5006,#5008,.T.);
#5006 = VERTEX_POINT('',#5007);
#5007 = CARTESIAN_POINT('',(5.994403841498,18.000000913258,
    93.700009563605));
#5008 = SURFACE_CURVE('',#5009,(#5187,#5194),.PCURVE_S1.);
#5009 = B_SPLINE_CURVE_WITH_KNOTS('',11,(#5010,#5011,#5012,#5013,#5014,
    #5015,#5016,#5017,#5018,#5019,#5020,#5021,#5022,#5023,#5024,#5025,
    #5026,#5027,#5028,#5029,#5030,#5031,#5032,#5033,#5034,#5035,#5036,
    #5037,#5038,#5039,#5040,#5041,#5042,#5043,#5044,#5045,#5046,#5047,
    #5048,#5049,#5050,#5051,#5052,#5053,#5054,#5055,#5056,#5057,#5058,
    #5059,#5060,#5061,#5062,#5063,#5064,#5065,#5066,#5067,#5068,#5069,
    #5070,#5071,#5072,#5073,#5074,#5075,#5076,#5077,#5078,#5079,#5080,
    #5081,#5082,#5083,#5084,#5085,#5086,#5087,#5088,#5089,#5090,#5091,
    #5092,#5093,#5094,#5095,#5096,#5097,#5098,#5099,#5100,#5101,#5102,
    #5103,#5104,#5105,#5106,#5107,#5108,#5109,#5110,#5111,#5112,#5113,
    #5114,#5115,#5116,#5117,#5118,#5119,#5120,#5121,#5122,#5123,#5124,
    #5125,#5126,#5127,#5128,#5129,#5130,#5131,#5132,#5133,#5134,#5135,
    #5136,#5137,#5138,#5139,#5140,#5141,#5142,#5143,#5144,#5145,#5146,
    #5147,#5148,#5149,#5150,#5151,#5152,#5153,#5154,#5155,#5156,#5157,
    #5158,#5159,#5160,#5161,#5162,#5163,#5164,#5165,#5166,#5167,#5168,
    #5169,#5170,#5171,#5172,#5173,#5174,#5175,#5176,#5177,#5178,#5179,
    #5180,#5181,#5182,#5183,#5184,#5185,#5186),.UNSPECIFIED.,.F.,.F.,(12
    ,11,11,11,11,11,11,11,11,11,11,11,11,11,11,11,12),(0.,8.416336845462
    ,16.832673690923,25.249010536385,33.665347381847,42.081684227309,
    50.49802107277,58.914357918232,67.330694763694,75.747031609156,
    84.163368454617,92.579705300079,100.99604214554,109.412378991,
    117.82871583646,126.24505268192,134.66138952738),
  .PIECEWISE_BEZIER_KNOTS.);
#5010 = CARTESIAN_POINT('',(29.994405276015,18.,0.7));
#5011 = CARTESIAN_POINT('',(29.994412031004,24.640187576464,
    1.228453999475));
#5012 = CARTESIAN_POINT('',(25.953242201928,31.280169509821,
    1.756664771653));
#5013 = CARTESIAN_POINT('',(17.864982518176,35.188447191113,
    2.285628099493));
#5014 = CARTESIAN_POINT('',(7.837809448988,33.62101830745,2.812940799405
    ));
#5015 = CARTESIAN_POINT('',(-5.743566553709E-02,25.69134235637,
    3.342967991545));
#5016 = CARTESIAN_POINT('',(-1.211381959061,13.978217338817,
    3.869551494881));
#5017 = CARTESIAN_POINT('',(4.98567675872,4.66056286702,4.399543166958)
  );
#5018 = CARTESIAN_POINT('',(14.514049604179,1.167089393988,
    4.926912879013));
#5019 = CARTESIAN_POINT('',(23.209525635945,3.422307186275,
    5.455817305743));
#5020 = CARTESIAN_POINT('',(28.468388809757,9.146315894617,
    5.984074011932));
#5021 = CARTESIAN_POINT('',(29.763828640853,15.658916135806,
    6.512500000001));
#5022 = CARTESIAN_POINT('',(31.059271598588,22.171513052087,
    7.040953999474));
#5023 = CARTESIAN_POINT('',(28.391147928177,29.472302717738,
    7.569164771653));
#5024 = CARTESIAN_POINT('',(21.220769037654,34.883425125545,
    8.098128099497));
#5025 = CARTESIAN_POINT('',(11.080475081676,35.302318371319,
    8.625440799392));
#5026 = CARTESIAN_POINT('',(1.789931853404,29.06529483197,9.155467991566
    ));
#5027 = CARTESIAN_POINT('',(-1.626959017153,17.80235798116,
    9.682051494856));
#5028 = CARTESIAN_POINT('',(2.633240743702,7.454753446601,10.21204316698
    ));
#5029 = CARTESIAN_POINT('',(11.296985711915,2.169512760007,
    10.739412878997));
#5030 = CARTESIAN_POINT('',(20.265351775284,2.684993955696,
    11.268317305751));
#5031 = CARTESIAN_POINT('',(26.539866069946,7.273064131709,
    11.796574011928));
#5032 = CARTESIAN_POINT('',(29.08095966615,13.407798811618,
    12.325000000002));
#5033 = CARTESIAN_POINT('',(31.622055680257,19.54252962053,
    12.853453999469));
#5034 = CARTESIAN_POINT('',(30.429512664864,27.223561765956,
    13.381664771668));
#5035 = CARTESIAN_POINT('',(24.452568207141,33.929582500729,
    13.910628099465));
#5036 = CARTESIAN_POINT('',(14.588839174342,36.318700043444,
    14.437940799448));
#5037 = CARTESIAN_POINT('',(4.260028198431,32.014014232648,
    14.967967991488));
#5038 = CARTESIAN_POINT('',(-1.288498049281,21.63409389547,
    15.494551494945));
#5039 = CARTESIAN_POINT('',(0.871125667049,10.654191937364,
    16.024543166899));
#5040 = CARTESIAN_POINT('',(8.337299897529,3.780292872835,
    16.551912879057));
#5041 = CARTESIAN_POINT('',(17.233906714221,2.53622781864,
    17.080817305713));
#5042 = CARTESIAN_POINT('',(24.282946064175,5.812042498484,
    17.609074011949));
#5043 = CARTESIAN_POINT('',(27.972040623644,11.333157203766,
    18.137499999992));
#5044 = CARTESIAN_POINT('',(31.661136799367,16.854267640709,
    18.6659539995));
#5045 = CARTESIAN_POINT('',(31.990003198285,24.620364508157,
    19.194164771602));
#5046 = CARTESIAN_POINT('',(27.436183796956,32.363574953795,
    19.72312809957));
#5047 = CARTESIAN_POINT('',(18.228077262465,36.631104346182,
    20.250440799312));
#5048 = CARTESIAN_POINT('',(7.257928952161,34.424182925475,
    20.780467991639));
#5049 = CARTESIAN_POINT('',(-0.209005920522,25.326173619431,
    21.3070514948));
#5050 = CARTESIAN_POINT('',(-0.232951377135,14.135925712383,
    21.837043167018));
#5051 = CARTESIAN_POINT('',(5.748731227101,5.937528356062,
    22.364412878973));
#5052 = CARTESIAN_POINT('',(14.231687186388,2.981725774326,
    22.893317305767));
#5053 = CARTESIAN_POINT('',(21.784360962567,4.819397236962,
    23.421574011916));
#5054 = CARTESIAN_POINT('',(26.479686650254,9.514718625759,
    23.950000000012));
#5055 = CARTESIAN_POINT('',(31.175013090422,14.210035512938,
    24.478453999441));
#5056 = CARTESIAN_POINT('',(33.012650752378,21.762750355016,
    25.00666477172));
#5057 = CARTESIAN_POINT('',(30.056957133236,30.24558327663,
    25.535628099394));
#5058 = CARTESIAN_POINT('',(21.858335467145,36.22752575728,
    26.062940799526));
#5059 = CARTESIAN_POINT('',(10.668426470013,36.203179479301,
    26.592967991411));
#5060 = CARTESIAN_POINT('',(1.570033091837,28.736712599761,
    27.119551495018));
#5061 = CARTESIAN_POINT('',(-0.636561327088,17.766153695258,
    27.64954316683));
#5062 = CARTESIAN_POINT('',(3.630756942884,8.55831785987,28.176912879116
    ));
#5063 = CARTESIAN_POINT('',(11.374066804591,4.004367586158,
    28.705817305669));
#5064 = CARTESIAN_POINT('',(19.140129989359,4.333275147849,
    29.234074011977));
#5065 = CARTESIAN_POINT('',(24.661248072249,8.022364652373,
    29.762499999977));
#5066 = CARTESIAN_POINT('',(30.182366014942,11.711449594939,
    30.290953999543));
#5067 = CARTESIAN_POINT('',(33.458155555152,18.760535815969,
    30.819164771526));
#5068 = CARTESIAN_POINT('',(32.214173366351,27.657000701458,
    31.348128099662));
#5069 = CARTESIAN_POINT('',(25.340105001606,35.123473575712,
    31.875440799234));
#5070 = CARTESIAN_POINT('',(14.36045724477,37.282638054192,
    32.405467991675));
#5071 = CARTESIAN_POINT('',(3.980251516491,31.734645736031,
    32.932051494816));
#5072 = CARTESIAN_POINT('',(-0.324193678951,21.405368260576,
    33.462043166961));
#5073 = CARTESIAN_POINT('',(2.064769608925,11.5419459133,33.989412879046
    ));
#5074 = CARTESIAN_POINT('',(8.770862317515,5.564853702835,
    34.518317305708));
#5075 = CARTESIAN_POINT('',(16.451869457944,4.37235763042,
    35.046574011948));
#5076 = CARTESIAN_POINT('',(22.586606464396,6.913445609864,
    35.575000000001));
#5077 = CARTESIAN_POINT('',(28.721342443352,9.454529142376,
    36.103453999484));
#5078 = CARTESIAN_POINT('',(33.309397106854,15.729094311972,
    36.631664771619));
#5079 = CARTESIAN_POINT('',(33.824931886351,24.697305005108,
    37.160628099562));
#5080 = CARTESIAN_POINT('',(28.539583415006,33.361375907543,
    37.687940799305));
#5081 = CARTESIAN_POINT('',(18.192138604593,37.621075662456,
    38.217967991659));
#5082 = CARTESIAN_POINT('',(6.929026010734,34.204764139251,
    38.744551494774));
#5083 = CARTESIAN_POINT('',(0.692147453941,24.913716433264,
    39.274543167043));
#5084 = CARTESIAN_POINT('',(1.11094924017,14.773753363657,
    39.801912878956));
#5085 = CARTESIAN_POINT('',(6.522113413716,7.60321551796,40.330817305777
    ));
#5086 = CARTESIAN_POINT('',(13.822887712958,4.935142766793,
    40.859074011912));
#5087 = CARTESIAN_POINT('',(20.335489140207,6.230576635159,
    41.387500000012));
#5088 = CARTESIAN_POINT('',(26.848088692158,7.526006342513,
    41.915953999445));
#5089 = CARTESIAN_POINT('',(32.572092111242,12.784922440027,
    42.444164771695));
#5090 = CARTESIAN_POINT('',(34.827332146575,21.480235633313,
    42.973128099468));
#5091 = CARTESIAN_POINT('',(31.333816546342,31.00894917798,
    43.500440799379));
#5092 = CARTESIAN_POINT('',(22.016221183461,37.205486336677,
    44.03046799163));
#5093 = CARTESIAN_POINT('',(10.303036824644,36.052142544292,
    44.557051494761));
#5094 = CARTESIAN_POINT('',(2.373404651685,28.15637436072,
    45.087043167078));
#5095 = CARTESIAN_POINT('',(0.805950618537,18.129543662918,
    45.614412878918));
#5096 = CARTESIAN_POINT('',(4.714238252446,10.041119930162,
    46.143317305802));
#5097 = CARTESIAN_POINT('',(11.354215048505,6.000003039775,
    46.671574011904));
#5098 = CARTESIAN_POINT('',(17.994405276014,5.999999999999,
    47.200000000009));
#5099 = CARTESIAN_POINT('',(24.634592852484,5.999993245014,
    47.728453999456));
#5100 = CARTESIAN_POINT('',(31.274574785822,10.041163074085,
    48.256664771659));
#5101 = CARTESIAN_POINT('',(35.182852467154,18.129422757833,
    48.785628099549));
#5102 = CARTESIAN_POINT('',(33.61542358343,28.156595827041,
    49.312940799239));
#5103 = CARTESIAN_POINT('',(25.685747632415,36.051840941535,
    49.842967991823));
#5104 = CARTESIAN_POINT('',(13.972622614819,37.205787235089,
    50.369551494542));
#5105 = CARTESIAN_POINT('',(4.654968143031,31.008728517286,
    50.899543167281));
#5106 = CARTESIAN_POINT('',(1.161494670015,21.480355671844,
    51.426912878763));
#5107 = CARTESIAN_POINT('',(3.416712462278,12.784879640061,
    51.955817305901));
#5108 = CARTESIAN_POINT('',(9.140721170639,7.526016466266,52.48407401185
    ));
#5109 = CARTESIAN_POINT('',(15.653321411818,6.230576635157,
    53.012500000035));
#5110 = CARTESIAN_POINT('',(22.165918328114,4.935133677441,
    53.540953999356));
#5111 = CARTESIAN_POINT('',(29.466707993723,7.603257347816,
    54.069164771903));
#5112 = CARTESIAN_POINT('',(34.877830401616,14.773636238372,
    54.598128099115));
#5113 = CARTESIAN_POINT('',(35.296723647254,24.91393019437,
    55.125440799847));
#5114 = CARTESIAN_POINT('',(29.059700108068,34.204473422521,
    55.655467991137));
#5115 = CARTESIAN_POINT('',(17.796763257116,37.621364293292,
    56.182051495179));
#5116 = CARTESIAN_POINT('',(7.449158722637,33.361164532201,
    56.712043166793));
#5117 = CARTESIAN_POINT('',(2.163918036025,24.697419564165,
    57.239412879081));
#5118 = CARTESIAN_POINT('',(2.679399231704,15.729053500707,
    57.768317305716));
#5119 = CARTESIAN_POINT('',(7.267469407725,9.45453920607,58.296574011954
    ));
#5120 = CARTESIAN_POINT('',(13.402204087636,6.913445609867,
    58.824999999977));
#5121 = CARTESIAN_POINT('',(19.536934896534,4.372349595751,
    59.353453999544));
#5122 = CARTESIAN_POINT('',(27.217967041996,5.564892611158,59.8816647715
    ));
#5123 = CARTESIAN_POINT('',(33.923987776693,11.541837068876,
    60.410628099759));
#5124 = CARTESIAN_POINT('',(36.313105319538,21.405566101637,
    60.937940799036));
#5125 = CARTESIAN_POINT('',(32.008419508569,31.734377077667,
    61.467967991956));
#5126 = CARTESIAN_POINT('',(21.628499171564,37.282903325186,
    61.994551494514));
#5127 = CARTESIAN_POINT('',(10.648597213333,35.123279609062,
    62.52454316722));
#5128 = CARTESIAN_POINT('',(3.774698148869,27.65710537843,
    63.051912878862));
#5129 = CARTESIAN_POINT('',(2.530633094647,18.760498561811,
    63.58081730582));
#5130 = CARTESIAN_POINT('',(5.806447774505,11.71145921184,
    64.109074011889));
#5131 = CARTESIAN_POINT('',(11.327562479775,8.022364652367,
    64.637500000029));
#5132 = CARTESIAN_POINT('',(16.848672916742,4.333268476654,
    65.165953999405));
#5133 = CARTESIAN_POINT('',(24.614769784127,4.004402077725,
    65.694164771758));
#5134 = CARTESIAN_POINT('',(32.357980229889,8.558221479047,
    66.223128099392));
#5135 = CARTESIAN_POINT('',(36.625509622093,17.766328013589,
    66.750440799459));
#5136 = CARTESIAN_POINT('',(34.41858820159,28.736476323795,
    67.280467991542));
#5137 = CARTESIAN_POINT('',(25.320578895377,36.203411196594,
    67.807051494864));
#5138 = CARTESIAN_POINT('',(14.13033098843,36.227356653114,
    68.337043166963));
#5139 = CARTESIAN_POINT('',(5.931933632066,30.245674048928,
    68.864412879034));
#5140 = CARTESIAN_POINT('',(2.976131050347,21.762718089625,
    69.393317305703));
#5141 = CARTESIAN_POINT('',(4.81380251297,14.210044313445,
    69.921574011972));
#5142 = CARTESIAN_POINT('',(9.50912390178,9.514718625763,70.449999999973
    ));
#5143 = CARTESIAN_POINT('',(14.204440788935,4.819392185589,
    70.978453999551));
#5144 = CARTESIAN_POINT('',(21.757155631069,2.981754523634,
    71.506664771518));
#5145 = CARTESIAN_POINT('',(30.239988552595,5.937448142804,
    72.035628099661));
#5146 = CARTESIAN_POINT('',(36.22193103333,14.136069808813,
    72.562940799258));
#5147 = CARTESIAN_POINT('',(36.197584755325,25.325978806078,
    73.092967991627));
#5148 = CARTESIAN_POINT('',(28.731117875719,34.42437218411,
    73.619551494867));
#5149 = CARTESIAN_POINT('',(17.760558971343,36.630966603144,
    74.149543166933));
#5150 = CARTESIAN_POINT('',(8.552723135835,32.363648333116,
    74.676912879045));
#5151 = CARTESIAN_POINT('',(3.998772862192,24.620338471424,
    75.20581730572));
#5152 = CARTESIAN_POINT('',(4.327680423863,16.854275286657,
    75.734074011941));
#5153 = CARTESIAN_POINT('',(8.016769928384,11.333157203765,
    76.262500000002));
#5154 = CARTESIAN_POINT('',(11.705854870967,5.812039261075,
    76.790953999481));
#5155 = CARTESIAN_POINT('',(18.754941091956,2.536249720861,
    77.319164771625));
#5156 = CARTESIAN_POINT('',(27.65140597751,3.780231909653,
    77.848128099573));
#5157 = CARTESIAN_POINT('',(35.117878851706,10.654300274449,
    78.37544079923));
#5158 = CARTESIAN_POINT('',(37.277043330183,21.633948031176,
    78.905467991839));
#5159 = CARTESIAN_POINT('',(31.729051012122,32.014153759598,
    79.432051494495));
#5160 = CARTESIAN_POINT('',(21.399773536489,36.318598954916,
    79.962043167363));
#5161 = CARTESIAN_POINT('',(11.536351189403,33.929635667106,
    80.489412878667));
#5162 = CARTESIAN_POINT('',(5.559258978795,27.223542958502,
    81.018317305979));
#5163 = CARTESIAN_POINT('',(4.366762906459,19.542535818065,
    81.546574011806));
#5164 = CARTESIAN_POINT('',(6.907850885871,13.40779881162,
    82.075000000049));
#5165 = CARTESIAN_POINT('',(9.448934418417,7.273062832659,
    82.603453999314));
#5166 = CARTESIAN_POINT('',(15.723499587932,2.685008169182,
    83.131664771964));
#5167 = CARTESIAN_POINT('',(24.691710281189,2.169473389601,
    83.660628099082));
#5168 = CARTESIAN_POINT('',(33.355781183526,7.454821861125,
    84.187940799783));
#5169 = CARTESIAN_POINT('',(37.61548093842,17.802266671278,
    84.717967991335));
#5170 = CARTESIAN_POINT('',(34.199169415397,29.065379265399,
    85.244551494875));
#5171 = CARTESIAN_POINT('',(24.908121709127,35.302257822013,
    85.774543167124));
#5172 = CARTESIAN_POINT('',(14.768158639785,34.883456035857,
    86.301912878799));
#5173 = CARTESIAN_POINT('',(7.597620793919,29.472291862306,
    86.830817305907));
#5174 = CARTESIAN_POINT('',(4.929548042824,22.171517563051,
    87.359074011851));
#5175 = CARTESIAN_POINT('',(6.224981911173,15.658916135808,
    87.88750000002));
#5176 = CARTESIAN_POINT('',(7.520411488122,9.146316666877,
    88.415954868824));
#5177 = CARTESIAN_POINT('',(12.779328295542,3.422312795847,
    88.94416090831));
#5178 = CARTESIAN_POINT('',(21.474639341871,1.167074127314,
    89.473138549318));
#5179 = CARTESIAN_POINT('',(31.003357593834,4.6605867308,90.000419866878
    ));
#5180 = CARTESIAN_POINT('',(37.199886627376,13.978187266279,
    90.530501227376));
#5181 = CARTESIAN_POINT('',(36.046554294065,25.69136433007,
    91.057008336015));
#5182 = CARTESIAN_POINT('',(28.150772657282,33.621005067588,
    91.587089697169));
#5183 = CARTESIAN_POINT('',(18.123955218634,35.188450659668,
    92.114371013788));
#5184 = CARTESIAN_POINT('',(10.03552050377,31.280170017251,
    92.643348655601));
#5185 = CARTESIAN_POINT('',(5.994411213338,24.640188382843,
    93.171554694613));
#5186 = CARTESIAN_POINT('',(5.994403841498,18.000000913258,
    93.700009563605));
#5187 = PCURVE('',#195,#5188);
#5188 = DEFINITIONAL_REPRESENTATION('',(#5189),#5193);
#5189 = LINE('',#5190,#5191);
#5190 = CARTESIAN_POINT('',(2.914515397111,0.));
#5191 = VECTOR('',#5192,1.);
#5192 = DIRECTION('',(0.,1.));
#5193 = ( GEOMETRIC_REPRESENTATION_CONTEXT(2) 
PARAMETRIC_REPRESENTATION_CONTEXT() REPRESENTATION_CONTEXT('2D SPACE',''
  ) );
#5194 = PCURVE('',#1418,#5195);
#5195 = DEFINITIONAL_REPRESENTATION('',(#5196),#5199);
#5196 = B_SPLINE_CURVE_WITH_KNOTS('',1,(#5197,#5198),.UNSPECIFIED.,.F.,
  .F.,(2,2),(0.,134.66138952738),.PIECEWISE_BEZIER_KNOTS.);
#5197 = CARTESIAN_POINT('',(0.,0.));
#5198 = CARTESIAN_POINT('',(0.,134.66138952738));
#5199 = ( GEOMETRIC_REPRESENTATION_CONTEXT(2) 
PARAMETRIC_REPRESENTATION_CONTEXT() REPRESENTATION_CONTEXT('2D SPACE',''
  ) );
#5200 = ORIENTED_EDGE('',*,*,#5201,.F.);
#5201 = EDGE_CURVE('',#86,#5006,#5202,.T.);
#5202 = SURFACE_CURVE('',#5203,(#5206,#5213),.PCURVE_S1.);
#5203 = B_SPLINE_CURVE_WITH_KNOTS('',1,(#5204,#5205),.UNSPECIFIED.,.F.,
  .F.,(2,2),(0.,2.914515397111),.PIECEWISE_BEZIER_KNOTS.);
#5204 = CARTESIAN_POINT('',(8.114394277872,17.999999945209,
    91.69999942621));
#5205 = CARTESIAN_POINT('',(5.994403841498,18.000000913258,
    93.700009563605));
#5206 = PCURVE('',#195,#5207);
#5207 = DEFINITIONAL_REPRESENTATION('',(#5208),#5212);
#5208 = LINE('',#5209,#5210);
#5209 = CARTESIAN_POINT('',(0.,134.66138952738));
#5210 = VECTOR('',#5211,1.);
#5211 = DIRECTION('',(1.,0.));
#5212 = ( GEOMETRIC_REPRESENTATION_CONTEXT(2) 
PARAMETRIC_REPRESENTATION_CONTEXT() REPRESENTATION_CONTEXT('2D SPACE',''
  ) );
#5213 = PCURVE('',#100,#5214);
#5214 = DEFINITIONAL_REPRESENTATION('',(#5215),#5218);
#5215 = B_SPLINE_CURVE_WITH_KNOTS('',1,(#5216,#5217),.UNSPECIFIED.,.F.,
  .F.,(2,2),(0.,2.914515397111),.PIECEWISE_BEZIER_KNOTS.);
#5216 = CARTESIAN_POINT('',(0.675549056119,2.300003230367));
#5217 = CARTESIAN_POINT('',(-1.444441380255,0.299993092973));
#5218 = ( GEOMETRIC_REPRESENTATION_CONTEXT(2) 
PARAMETRIC_REPRESENTATION_CONTEXT() REPRESENTATION_CONTEXT('2D SPACE',''
  ) );
#5219 = ORIENTED_EDGE('',*,*,#111,.F.);
#5220 = ORIENTED_EDGE('',*,*,#4663,.F.);
#5221 = ORIENTED_EDGE('',*,*,#5222,.F.);
#5222 = EDGE_CURVE('',#5223,#4664,#5225,.T.);
#5223 = VERTEX_POINT('',#5224);
#5224 = CARTESIAN_POINT('',(27.994405276015,18.,76.813200963876));
#5225 = SURFACE_CURVE('',#5226,(#5285,#5347),.PCURVE_S1.);
#5226 = B_SPLINE_CURVE_WITH_KNOTS('',8,(#5227,#5228,#5229,#5230,#5231,
    #5232,#5233,#5234,#5235,#5236,#5237,#5238,#5239,#5240,#5241,#5242,
    #5243,#5244,#5245,#5246,#5247,#5248,#5249,#5250,#5251,#5252,#5253,
    #5254,#5255,#5256,#5257,#5258,#5259,#5260,#5261,#5262,#5263,#5264,
    #5265,#5266,#5267,#5268,#5269,#5270,#5271,#5272,#5273,#5274,#5275,
    #5276,#5277,#5278,#5279,#5280,#5281,#5282,#5283,#5284),
  .UNSPECIFIED.,.F.,.F.,(9,7,7,7,7,7,7,7,9),(0.,0.183020872833,
    0.272500133668,0.363879449346,0.500945957114,0.587992407646,
    0.70587338917,0.840321847874,1.),.UNSPECIFIED.);
#5227 = CARTESIAN_POINT('',(27.994405276015,18.,76.813200963876));
#5228 = CARTESIAN_POINT('',(27.994405276015,19.436903358164,
    76.950418579364));
#5229 = CARTESIAN_POINT('',(27.758434562701,20.87791945839,
    77.088028044914));
#5230 = CARTESIAN_POINT('',(27.284186122677,22.270905901069,
    77.225380399756));
#5231 = CARTESIAN_POINT('',(26.585772211505,23.57181445162,
    77.362627027662));
#5232 = CARTESIAN_POINT('',(25.682837872225,24.74007368788,
    77.499867838967));
#5233 = CARTESIAN_POINT('',(24.604414564372,25.741205289145,
    77.637210129668));
#5234 = CARTESIAN_POINT('',(23.384979355586,26.544383302205,
    77.774808810708));
#5235 = CARTESIAN_POINT('',(21.431563992763,27.416977913006,
    77.979109739852));
#5236 = CARTESIAN_POINT('',(20.767093563091,27.652016483784,
    78.046190867111));
#5237 = CARTESIAN_POINT('',(20.084528269193,27.833380888954,
    78.113271966082));
#5238 = CARTESIAN_POINT('',(19.388911310795,27.959470763462,
    78.180355298092));
#5239 = CARTESIAN_POINT('',(18.685384997247,28.029269370531,
    78.247441450839));
#5240 = CARTESIAN_POINT('',(17.979190747517,28.042343601663,
    78.314529338395));
#5241 = CARTESIAN_POINT('',(17.275669090196,27.998843976633,
    78.381616201207));
#5242 = CARTESIAN_POINT('',(15.870083507199,27.798055880986,
    78.517203456681));
#5243 = CARTESIAN_POINT('',(15.168091878102,27.63833601381,
    78.585713384114));
#5244 = CARTESIAN_POINT('',(14.480060014107,27.421207568442,
    78.654224597432));
#5245 = CARTESIAN_POINT('',(13.811485974607,27.148117598975,
    78.722735159006));
#5246 = CARTESIAN_POINT('',(13.167590640483,26.821097687124,
    78.791243984544));
#5247 = CARTESIAN_POINT('',(12.553317714103,26.442763942223,
    78.85975084309));
#5248 = CARTESIAN_POINT('',(11.973333719328,26.016317001227,
    78.928256357023));
#5249 = CARTESIAN_POINT('',(10.620084031184,24.839392273165,
    79.099518621078));
#5250 = CARTESIAN_POINT('',(9.894029135579,24.032563388424,
    79.202396441471));
#5251 = CARTESIAN_POINT('',(9.269819259576,23.138213710024,
    79.305235445829));
#5252 = CARTESIAN_POINT('',(8.75928877008,22.171778888802,
    79.408040736377));
#5253 = CARTESIAN_POINT('',(8.371636248454,21.149860680091,
    79.510842656032));
#5254 = CARTESIAN_POINT('',(8.113175403812,20.09033010064,
    79.613669619678));
#5255 = CARTESIAN_POINT('',(7.987678741866,19.012058976658,
    79.716550979776));
#5256 = CARTESIAN_POINT('',(7.999016275222,17.251955427115,
    79.88462773546));
#5257 = CARTESIAN_POINT('',(8.056805019713,16.568752479947,
    79.949899738723));
#5258 = CARTESIAN_POINT('',(8.167960835148,15.890850068076,
    80.01517151564));
#5259 = CARTESIAN_POINT('',(8.331932989884,15.223032281843,
    80.080447914938));
#5260 = CARTESIAN_POINT('',(8.547638146769,14.569995715268,
    80.145729118661));
#5261 = CARTESIAN_POINT('',(8.813460363147,13.936349466049,
    80.211010642165));
#5262 = CARTESIAN_POINT('',(9.127251090856,13.32661513556,
    80.276283334126));
#5263 = CARTESIAN_POINT('',(9.972603767414,11.957892895974,
    80.429896991549));
#5264 = CARTESIAN_POINT('',(10.542404082491,11.221683024496,
    80.518273898122));
#5265 = CARTESIAN_POINT('',(11.188982172092,10.547364547229,
    80.606663422703));
#5266 = CARTESIAN_POINT('',(11.904466315405,9.944283106498,
    80.695062249182));
#5267 = CARTESIAN_POINT('',(12.679861020167,9.420362654151,
    80.783464418893));
#5268 = CARTESIAN_POINT('',(13.505047022666,8.982105451553,
    80.871861330607));
#5269 = CARTESIAN_POINT('',(14.368781287739,8.63459206959,
    80.960241740536));
#5270 = CARTESIAN_POINT('',(16.273685139384,8.092797493334,
    81.149358858972));
#5271 = CARTESIAN_POINT('',(17.324478901495,7.926251881247,
    81.250219798657));
#5272 = CARTESIAN_POINT('',(18.392463757647,7.887517504934,
    81.35104406848));
#5273 = CARTESIAN_POINT('',(19.459483331373,7.978148510566,
    81.45181996966));
#5274 = CARTESIAN_POINT('',(20.507735118426,8.196777293301,
    81.552592221487));
#5275 = CARTESIAN_POINT('',(21.51979996636,8.539548732435,
    81.653404896262));
#5276 = CARTESIAN_POINT('',(22.478805322464,8.999791606373,
    81.754249685203));
#5277 = CARTESIAN_POINT('',(24.42563500246,10.240487616867,
    81.974699090241));
#5278 = CARTESIAN_POINT('',(25.387985437833,11.06667954357,
    82.094596267394));
#5279 = CARTESIAN_POINT('',(26.227027111563,12.028378695306,
    82.21437981682));
#5280 = CARTESIAN_POINT('',(26.921385901528,13.103360051504,
    82.334099355182));
#5281 = CARTESIAN_POINT('',(27.454724631252,14.266612286152,
    82.453818144214));
#5282 = CARTESIAN_POINT('',(27.814810247611,15.490937723102,
    82.573600881575));
#5283 = CARTESIAN_POINT('',(27.994405276015,16.746502295374,
    82.693502741033));
#5284 = CARTESIAN_POINT('',(27.994405276015,18.,82.813205938865));
#5285 = PCURVE('',#195,#5286);
#5286 = DEFINITIONAL_REPRESENTATION('',(#5287),#5346);
#5287 = B_SPLINE_CURVE_WITH_KNOTS('',8,(#5288,#5289,#5290,#5291,#5292,
    #5293,#5294,#5295,#5296,#5297,#5298,#5299,#5300,#5301,#5302,#5303,
    #5304,#5305,#5306,#5307,#5308,#5309,#5310,#5311,#5312,#5313,#5314,
    #5315,#5316,#5317,#5318,#5319,#5320,#5321,#5322,#5323,#5324,#5325,
    #5326,#5327,#5328,#5329,#5330,#5331,#5332,#5333,#5334,#5335,#5336,
    #5337,#5338,#5339,#5340,#5341,#5342,#5343,#5344,#5345),
  .UNSPECIFIED.,.F.,.F.,(9,7,7,7,7,7,7,7,9),(0.,0.183020872833,
    0.272500133668,0.363879449346,0.500945957114,0.587992407646,
    0.70587338917,0.840321847874,1.),.UNSPECIFIED.);
#5288 = CARTESIAN_POINT('',(0.164963216568,112.94181033242));
#5289 = CARTESIAN_POINT('',(0.164967981648,113.14049285328));
#5290 = CARTESIAN_POINT('',(0.164974257878,113.3397412605));
#5291 = CARTESIAN_POINT('',(0.164979602796,113.53861830401));
#5292 = CARTESIAN_POINT('',(0.16497983192,113.73734734111));
#5293 = CARTESIAN_POINT('',(0.164972728661,113.93607524159));
#5294 = CARTESIAN_POINT('',(0.164965149164,114.1349505546));
#5295 = CARTESIAN_POINT('',(0.164960180052,114.33419451986));
#5296 = CARTESIAN_POINT('',(0.164957442865,114.63001925037));
#5297 = CARTESIAN_POINT('',(0.164957373195,114.72715090893));
#5298 = CARTESIAN_POINT('',(0.164958034492,114.82428180021));
#5299 = CARTESIAN_POINT('',(0.164959279037,114.92141534534));
#5300 = CARTESIAN_POINT('',(0.164960909546,115.01855259132));
#5301 = CARTESIAN_POINT('',(0.164962679168,115.11569221102));
#5302 = CARTESIAN_POINT('',(0.164964291491,115.21283050322));
#5303 = CARTESIAN_POINT('',(0.164966533136,115.4091548159));
#5304 = CARTESIAN_POINT('',(0.164967148889,115.50835465595));
#5305 = CARTESIAN_POINT('',(0.164967258634,115.6075568607));
#5306 = CARTESIAN_POINT('',(0.164966946361,115.70675854108));
#5307 = CARTESIAN_POINT('',(0.16496636922,115.80595797091));
#5308 = CARTESIAN_POINT('',(0.164965757519,115.90515458693));
#5309 = CARTESIAN_POINT('',(0.164965414719,116.0043489888));
#5310 = CARTESIAN_POINT('',(0.164966171521,116.25233118791));
#5311 = CARTESIAN_POINT('',(0.164967751611,116.40129381407));
#5312 = CARTESIAN_POINT('',(0.164970781956,116.55019879468));
#5313 = CARTESIAN_POINT('',(0.164974022395,116.6990547499));
#5314 = CARTESIAN_POINT('',(0.164975013921,116.84790805871));
#5315 = CARTESIAN_POINT('',(0.164967308845,116.99680627179));
#5316 = CARTESIAN_POINT('',(0.164958542497,117.14578430388));
#5317 = CARTESIAN_POINT('',(0.164952703867,117.3891605297));
#5318 = CARTESIAN_POINT('',(0.164958571967,117.48366672754));
#5319 = CARTESIAN_POINT('',(0.164966032548,117.57817101531));
#5320 = CARTESIAN_POINT('',(0.164970737286,117.67268473445));
#5321 = CARTESIAN_POINT('',(0.164970532908,117.7672102881));
#5322 = CARTESIAN_POINT('',(0.164965461186,117.86174114112));
#5323 = CARTESIAN_POINT('',(0.16495775894,117.95626182009));
#5324 = CARTESIAN_POINT('',(0.164943866856,118.17870388779));
#5325 = CARTESIAN_POINT('',(0.164947379033,118.30666767799));
#5326 = CARTESIAN_POINT('',(0.164955979261,118.43464468305));
#5327 = CARTESIAN_POINT('',(0.164964978176,118.56263476086));
#5328 = CARTESIAN_POINT('',(0.164971412362,118.69063222798));
#5329 = CARTESIAN_POINT('',(0.164974044345,118.81862585967));
#5330 = CARTESIAN_POINT('',(0.164973362599,118.94659888985));
#5331 = CARTESIAN_POINT('',(0.164969550172,119.22043895705));
#5332 = CARTESIAN_POINT('',(0.164966067672,119.36648622691));
#5333 = CARTESIAN_POINT('',(0.164963951807,119.51247904191));
#5334 = CARTESIAN_POINT('',(0.164964102063,119.65839956878));
#5335 = CARTESIAN_POINT('',(0.16496573945,119.80431333383));
#5336 = CARTESIAN_POINT('',(0.164967153214,119.95028585237));
#5337 = CARTESIAN_POINT('',(0.164966954447,120.09630647359));
#5338 = CARTESIAN_POINT('',(0.164964508988,120.41551345403));
#5339 = CARTESIAN_POINT('',(0.164961756475,120.58912393606));
#5340 = CARTESIAN_POINT('',(0.164957700976,120.76257118302));
#5341 = CARTESIAN_POINT('',(0.164954974498,120.9359244232));
#5342 = CARTESIAN_POINT('',(0.164956029408,121.10927282108));
#5343 = CARTESIAN_POINT('',(0.164960681391,121.28271024017));
#5344 = CARTESIAN_POINT('',(0.164965942585,121.45631953939));
#5345 = CARTESIAN_POINT('',(0.1649702024,121.62964217715));
#5346 = ( GEOMETRIC_REPRESENTATION_CONTEXT(2) 
PARAMETRIC_REPRESENTATION_CONTEXT() REPRESENTATION_CONTEXT('2D SPACE',''
  ) );
#5347 = PCURVE('',#4305,#5348);
#5348 = DEFINITIONAL_REPRESENTATION('',(#5349),#5408);
#5349 = B_SPLINE_CURVE_WITH_KNOTS('',8,(#5350,#5351,#5352,#5353,#5354,
    #5355,#5356,#5357,#5358,#5359,#5360,#5361,#5362,#5363,#5364,#5365,
    #5366,#5367,#5368,#5369,#5370,#5371,#5372,#5373,#5374,#5375,#5376,
    #5377,#5378,#5379,#5380,#5381,#5382,#5383,#5384,#5385,#5386,#5387,
    #5388,#5389,#5390,#5391,#5392,#5393,#5394,#5395,#5396,#5397,#5398,
    #5399,#5400,#5401,#5402,#5403,#5404,#5405,#5406,#5407),
  .UNSPECIFIED.,.F.,.F.,(9,7,7,7,7,7,7,7,9),(0.,0.183020872833,
    0.272500133668,0.363879449346,0.500945957114,0.587992407646,
    0.70587338917,0.840321847874,1.),.UNSPECIFIED.);
#5350 = CARTESIAN_POINT('',(0.,76.813200963876));
#5351 = CARTESIAN_POINT('',(0.143690335816,76.950418579364));
#5352 = CARTESIAN_POINT('',(0.287789984242,77.088028044914));
#5353 = CARTESIAN_POINT('',(0.431621230296,77.225380399756));
#5354 = CARTESIAN_POINT('',(0.575345656783,77.362627027662));
#5355 = CARTESIAN_POINT('',(0.719069082243,77.499867838967));
#5356 = CARTESIAN_POINT('',(0.862898824492,77.637210129668));
#5357 = CARTESIAN_POINT('',(1.006995129201,77.774808810708));
#5358 = CARTESIAN_POINT('',(1.220940284194,77.979109739852));
#5359 = CARTESIAN_POINT('',(1.291187468267,78.046190867111));
#5360 = CARTESIAN_POINT('',(1.361434145945,78.113271966082));
#5361 = CARTESIAN_POINT('',(1.43168280571,78.180355298092));
#5362 = CARTESIAN_POINT('',(1.501934206961,78.247441450839));
#5363 = CARTESIAN_POINT('',(1.572187380019,78.314529338395));
#5364 = CARTESIAN_POINT('',(1.642439626122,78.381616201207));
#5365 = CARTESIAN_POINT('',(1.784425072224,78.517203456681));
#5366 = CARTESIAN_POINT('',(1.856168277191,78.585713384114));
#5367 = CARTESIAN_POINT('',(1.927913147555,78.654224597432));
#5368 = CARTESIAN_POINT('',(1.999657557244,78.722735159006));
#5369 = CARTESIAN_POINT('',(2.071400238882,78.791243984544));
#5370 = CARTESIAN_POINT('',(2.143140783797,78.85975084309));
#5371 = CARTESIAN_POINT('',(2.214879642017,78.928256357023));
#5372 = CARTESIAN_POINT('',(2.394223906881,79.099518621078));
#5373 = CARTESIAN_POINT('',(2.501955699947,79.202396441471));
#5374 = CARTESIAN_POINT('',(2.609645846937,79.305235445829));
#5375 = CARTESIAN_POINT('',(2.717300788232,79.408040736377));
#5376 = CARTESIAN_POINT('',(2.824954352499,79.510842656032));
#5377 = CARTESIAN_POINT('',(2.932640702642,79.613669619678));
#5378 = CARTESIAN_POINT('',(3.04038456726,79.716550979776));
#5379 = CARTESIAN_POINT('',(3.216398573657,79.88462773546));
#5380 = CARTESIAN_POINT('',(3.284746928387,79.949899738723));
#5381 = CARTESIAN_POINT('',(3.353093831432,80.01517151564));
#5382 = CARTESIAN_POINT('',(3.421447570843,80.080447914938));
#5383 = CARTESIAN_POINT('',(3.489809921328,80.145729118661));
#5384 = CARTESIAN_POINT('',(3.558176144243,80.211010642165));
#5385 = CARTESIAN_POINT('',(3.6265349876,80.276283334126));
#5386 = CARTESIAN_POINT('',(3.787408282988,80.429896991549));
#5387 = CARTESIAN_POINT('',(3.879953802818,80.518273898122));
#5388 = CARTESIAN_POINT('',(3.972509109989,80.606663422703));
#5389 = CARTESIAN_POINT('',(4.065074036616,80.695062249182));
#5390 = CARTESIAN_POINT('',(4.157644382485,80.783464418893));
#5391 = CARTESIAN_POINT('',(4.25021191506,80.871861330607));
#5392 = CARTESIAN_POINT('',(4.342764369478,80.960241740536));
#5393 = CARTESIAN_POINT('',(4.540809819991,81.149358858972));
#5394 = CARTESIAN_POINT('',(4.646433245378,81.250219798657));
#5395 = CARTESIAN_POINT('',(4.752017115553,81.35104406848));
#5396 = CARTESIAN_POINT('',(4.857548807957,81.45181996966));
#5397 = CARTESIAN_POINT('',(4.963075905264,81.552592221487));
#5398 = CARTESIAN_POINT('',(5.068645788603,81.653404896262));
#5399 = CARTESIAN_POINT('',(5.174250605373,81.754249685203));
#5400 = CARTESIAN_POINT('',(5.405107106113,81.974699090241));
#5401 = CARTESIAN_POINT('',(5.530665537708,82.094596267394));
#5402 = CARTESIAN_POINT('',(5.656105794478,82.21437981682));
#5403 = CARTESIAN_POINT('',(5.781477733808,82.334099355182));
#5404 = CARTESIAN_POINT('',(5.906845942942,82.453818144214));
#5405 = CARTESIAN_POINT('',(6.032278539178,82.573600881575));
#5406 = CARTESIAN_POINT('',(6.157835536717,82.693502741033));
#5407 = CARTESIAN_POINT('',(6.28318530718,82.813205938865));
#5408 = ( GEOMETRIC_REPRESENTATION_CONTEXT(2) 
PARAMETRIC_REPRESENTATION_CONTEXT() REPRESENTATION_CONTEXT('2D SPACE',''
  ) );
#5409 = ORIENTED_EDGE('',*,*,#5410,.F.);
#5410 = EDGE_CURVE('',#5411,#5223,#5413,.T.);
#5411 = VERTEX_POINT('',#5412);
#5412 = CARTESIAN_POINT('',(27.994405276015,18.,70.813197478613));
#5413 = SURFACE_CURVE('',#5414,(#5473,#5535),.PCURVE_S1.);
#5414 = B_SPLINE_CURVE_WITH_KNOTS('',8,(#5415,#5416,#5417,#5418,#5419,
    #5420,#5421,#5422,#5423,#5424,#5425,#5426,#5427,#5428,#5429,#5430,
    #5431,#5432,#5433,#5434,#5435,#5436,#5437,#5438,#5439,#5440,#5441,
    #5442,#5443,#5444,#5445,#5446,#5447,#5448,#5449,#5450,#5451,#5452,
    #5453,#5454,#5455,#5456,#5457,#5458,#5459,#5460,#5461,#5462,#5463,
    #5464,#5465,#5466,#5467,#5468,#5469,#5470,#5471,#5472),
  .UNSPECIFIED.,.F.,.F.,(9,7,7,7,7,7,7,7,9),(0.,9.519518788496E-02,
    0.248772825236,0.402709680307,0.565385847514,0.669781926165,
    0.76881547062,0.867258633521,1.),.UNSPECIFIED.);
#5415 = CARTESIAN_POINT('',(27.994405276015,18.,70.813197478613));
#5416 = CARTESIAN_POINT('',(27.994405276015,18.747077661468,
    70.884538867345));
#5417 = CARTESIAN_POINT('',(27.930571941058,19.494480324276,
    70.955901165804));
#5418 = CARTESIAN_POINT('',(27.802933954038,20.235513993651,
    71.027273662923));
#5419 = CARTESIAN_POINT('',(27.612251863069,20.963738537242,
    71.098648437965));
#5420 = CARTESIAN_POINT('',(27.360018081492,21.672967685123,
    71.170020360516));
#5421 = CARTESIAN_POINT('',(27.048456887868,22.357269029793,
    71.24138709049));
#5422 = CARTESIAN_POINT('',(26.680524425984,23.010964026173,
    71.31274907813));
#5423 = CARTESIAN_POINT('',(25.581332716714,24.625100340647,
    71.499234866698));
#5424 = CARTESIAN_POINT('',(24.764499648248,25.529449084658,
    71.614510237237));
#5425 = CARTESIAN_POINT('',(23.825411316727,26.31699236087,
    71.729714553398));
#5426 = CARTESIAN_POINT('',(22.783977159871,26.969251277371,
    71.84483290918));
#5427 = CARTESIAN_POINT('',(21.662640996056,27.471920233189,
    71.959953314921));
#5428 = CARTESIAN_POINT('',(20.485774741456,27.814279143198,
    72.075162916456));
#5429 = CARTESIAN_POINT('',(19.279839084089,27.990047567851,
    72.19044373329));
#5430 = CARTESIAN_POINT('',(16.865963418542,28.009336459634,
    72.420961373495));
#5431 = CARTESIAN_POINT('',(15.654444818622,27.852114543212,
    72.53653147569));
#5432 = CARTESIAN_POINT('',(14.46950734467,27.526999956131,
    72.652002186756));
#5433 = CARTESIAN_POINT('',(13.33799089291,27.040003209748,
    72.767412927863));
#5434 = CARTESIAN_POINT('',(12.284539260282,26.401529084492,
    72.882819380386));
#5435 = CARTESIAN_POINT('',(11.331919148408,25.625620499746,
    72.99827725468));
#5436 = CARTESIAN_POINT('',(10.500540949332,24.730686510148,
    73.113829992159));
#5437 = CARTESIAN_POINT('',(9.073633070563,22.695792110035,
    73.351163751051));
#5438 = CARTESIAN_POINT('',(8.491658661547,21.541250947698,
    73.473341617997));
#5439 = CARTESIAN_POINT('',(8.082303319487,20.306125280282,
    73.595391520541));
#5440 = CARTESIAN_POINT('',(7.856792043837,19.020855360858,
    73.717373114612));
#5441 = CARTESIAN_POINT('',(7.821531185717,17.716443963041,
    73.839346362328));
#5442 = CARTESIAN_POINT('',(7.976398258084,16.424537918164,
    73.961372977859));
#5443 = CARTESIAN_POINT('',(8.316464020781,15.177118395492,
    74.083550891816));
#5444 = CARTESIAN_POINT('',(9.15388637447,13.254790874464,
    74.283794831755));
#5445 = CARTESIAN_POINT('',(9.55183504072,12.533690219126,
    74.362083515133));
#5446 = CARTESIAN_POINT('',(10.016803573573,11.851013382796,
    74.440380396571));
#5447 = CARTESIAN_POINT('',(10.544392076471,11.214094521867,
    74.518680081927));
#5448 = CARTESIAN_POINT('',(11.129388878452,10.629497579978,
    74.596978758245));
#5449 = CARTESIAN_POINT('',(11.765770534149,10.103016288019,
    74.675274193754));
#5450 = CARTESIAN_POINT('',(12.446701823788,9.639674164123,
    74.75356573787));
#5451 = CARTESIAN_POINT('',(13.845496563949,8.868113687897,
    74.906121439243));
#5452 = CARTESIAN_POINT('',(14.560169594111,8.552931709828,
    74.980406612836));
#5453 = CARTESIAN_POINT('',(15.3018682982,8.301770002443,75.054695246676
    ));
#5454 = CARTESIAN_POINT('',(16.06378713531,8.117331101682,
    75.128978048665));
#5455 = CARTESIAN_POINT('',(16.8390015691,8.001428656452,75.203251029903
    ));
#5456 = CARTESIAN_POINT('',(17.620468067794,7.954987428623,
    75.27751550469));
#5457 = CARTESIAN_POINT('',(18.401024104181,7.978043293032,
    75.351778090528));
#5458 = CARTESIAN_POINT('',(19.941147812749,8.160896519116,
    75.49988055468));
#5459 = CARTESIAN_POINT('',(20.700890095948,8.319893930712,
    75.573714367896));
#5460 = CARTESIAN_POINT('',(21.44548298125,8.545898306913,
    75.647539012741));
#5461 = CARTESIAN_POINT('',(22.168099608533,8.837169623462,
    75.721360285018));
#5462 = CARTESIAN_POINT('',(22.862201370007,9.191197343,75.795187117697)
  );
#5463 = CARTESIAN_POINT('',(23.521523823591,9.604718371479,
    75.869023999203));
#5464 = CARTESIAN_POINT('',(24.14012384598,10.073629373719,
    75.942861826221));
#5465 = CARTESIAN_POINT('',(25.484404587745,11.292858024981,
    76.116163837756));
#5466 = CARTESIAN_POINT('',(26.173688696511,12.085556155661,
    76.215771962302));
#5467 = CARTESIAN_POINT('',(26.766289666733,12.958703587311,
    76.315349075852));
#5468 = CARTESIAN_POINT('',(27.251638844211,13.898185582606,
    76.414899909612));
#5469 = CARTESIAN_POINT('',(27.62151350792,14.888834722735,
    76.514452656877));
#5470 = CARTESIAN_POINT('',(27.870230540552,15.914378013955,
    76.614034363173));
#5471 = CARTESIAN_POINT('',(27.994405276015,16.957635135118,
    76.713659947138));
#5472 = CARTESIAN_POINT('',(27.994405276015,18.,76.813200963876));
#5473 = PCURVE('',#195,#5474);
#5474 = DEFINITIONAL_REPRESENTATION('',(#5475),#5534);
#5475 = B_SPLINE_CURVE_WITH_KNOTS('',8,(#5476,#5477,#5478,#5479,#5480,
    #5481,#5482,#5483,#5484,#5485,#5486,#5487,#5488,#5489,#5490,#5491,
    #5492,#5493,#5494,#5495,#5496,#5497,#5498,#5499,#5500,#5501,#5502,
    #5503,#5504,#5505,#5506,#5507,#5508,#5509,#5510,#5511,#5512,#5513,
    #5514,#5515,#5516,#5517,#5518,#5519,#5520,#5521,#5522,#5523,#5524,
    #5525,#5526,#5527,#5528,#5529,#5530,#5531,#5532,#5533),
  .UNSPECIFIED.,.F.,.F.,(9,7,7,7,7,7,7,7,9),(0.,9.519518788496E-02,
    0.248772825236,0.402709680307,0.565385847514,0.669781926165,
    0.76881547062,0.867258633521,1.),.UNSPECIFIED.);
#5476 = CARTESIAN_POINT('',(0.164958503899,104.2539783861));
#5477 = CARTESIAN_POINT('',(0.164959446746,104.35727777762));
#5478 = CARTESIAN_POINT('',(0.164961346748,104.46060649477));
#5479 = CARTESIAN_POINT('',(0.164963911686,104.56394931861));
#5480 = CARTESIAN_POINT('',(0.1649668309,104.66729508879));
#5481 = CARTESIAN_POINT('',(0.164969775291,104.77063670362));
#5482 = CARTESIAN_POINT('',(0.164972397321,104.87397112006));
#5483 = CARTESIAN_POINT('',(0.164974331012,104.97729935369));
#5484 = CARTESIAN_POINT('',(0.164976580884,105.24732330541));
#5485 = CARTESIAN_POINT('',(0.16497562448,105.41423975653));
#5486 = CARTESIAN_POINT('',(0.164971241072,105.58105672808));
#5487 = CARTESIAN_POINT('',(0.164965067772,105.74775100991));
#5488 = CARTESIAN_POINT('',(0.164959593334,105.9144475656));
#5489 = CARTESIAN_POINT('',(0.164956746999,106.08127066294));
#5490 = CARTESIAN_POINT('',(0.164956943313,106.24819385477));
#5491 = CARTESIAN_POINT('',(0.16496022636,106.58197366511));
#5492 = CARTESIAN_POINT('',(0.164963388655,106.74931278693));
#5493 = CARTESIAN_POINT('',(0.164967154803,106.91650739318));
#5494 = CARTESIAN_POINT('',(0.164968886026,107.08361718658));
#5495 = CARTESIAN_POINT('',(0.164967687356,107.25072368145));
#5496 = CARTESIAN_POINT('',(0.164965411357,107.41790570408));
#5497 = CARTESIAN_POINT('',(0.164965005733,107.58522322747));
#5498 = CARTESIAN_POINT('',(0.164967076525,107.92887379088));
#5499 = CARTESIAN_POINT('',(0.164969761305,108.10578124504));
#5500 = CARTESIAN_POINT('',(0.164974028092,108.28250183846));
#5501 = CARTESIAN_POINT('',(0.164976262255,108.45912554265));
#5502 = CARTESIAN_POINT('',(0.164971203433,108.63574440835));
#5503 = CARTESIAN_POINT('',(0.164946469404,108.81246009883));
#5504 = CARTESIAN_POINT('',(0.164948903854,108.98936786979));
#5505 = CARTESIAN_POINT('',(0.164967322992,109.27929717227));
#5506 = CARTESIAN_POINT('',(0.164965749747,109.39265855151));
#5507 = CARTESIAN_POINT('',(0.164960129721,109.5060358223));
#5508 = CARTESIAN_POINT('',(0.16495408374,109.61941757632));
#5509 = CARTESIAN_POINT('',(0.164950127118,109.73279579323));
#5510 = CARTESIAN_POINT('',(0.164949669655,109.84616584067));
#5511 = CARTESIAN_POINT('',(0.164953015644,109.95952647425));
#5512 = CARTESIAN_POINT('',(0.164965385989,110.1804105561));
#5513 = CARTESIAN_POINT('',(0.164970363161,110.28796845684));
#5514 = CARTESIAN_POINT('',(0.164973527678,110.39553316903));
#5515 = CARTESIAN_POINT('',(0.164974567177,110.50309154835));
#5516 = CARTESIAN_POINT('',(0.164973624628,110.61063767691));
#5517 = CARTESIAN_POINT('',(0.164971298337,110.7181728633));
#5518 = CARTESIAN_POINT('',(0.164968641943,110.82570564255));
#5519 = CARTESIAN_POINT('',(0.164965695703,111.04015678094));
#5520 = CARTESIAN_POINT('',(0.164964770259,111.14706698955));
#5521 = CARTESIAN_POINT('',(0.164964728966,111.25396304408));
#5522 = CARTESIAN_POINT('',(0.164965428253,111.36085347937));
#5523 = CARTESIAN_POINT('',(0.164966310776,111.4677517839));
#5524 = CARTESIAN_POINT('',(0.16496681809,111.57466501167));
#5525 = CARTESIAN_POINT('',(0.16496673977,111.68158019041));
#5526 = CARTESIAN_POINT('',(0.164965221888,111.93251814681));
#5527 = CARTESIAN_POINT('',(0.164963317225,112.07674980772));
#5528 = CARTESIAN_POINT('',(0.16496044088,112.22093753107));
#5529 = CARTESIAN_POINT('',(0.164957474636,112.36508729135));
#5530 = CARTESIAN_POINT('',(0.164956153752,112.50923818746));
#5531 = CARTESIAN_POINT('',(0.164957091087,112.65342877159));
#5532 = CARTESIAN_POINT('',(0.164959759862,112.79768116895));
#5533 = CARTESIAN_POINT('',(0.164963216568,112.94181033242));
#5534 = ( GEOMETRIC_REPRESENTATION_CONTEXT(2) 
PARAMETRIC_REPRESENTATION_CONTEXT() REPRESENTATION_CONTEXT('2D SPACE',''
  ) );
#5535 = PCURVE('',#4120,#5536);
#5536 = DEFINITIONAL_REPRESENTATION('',(#5537),#5596);
#5537 = B_SPLINE_CURVE_WITH_KNOTS('',8,(#5538,#5539,#5540,#5541,#5542,
    #5543,#5544,#5545,#5546,#5547,#5548,#5549,#5550,#5551,#5552,#5553,
    #5554,#5555,#5556,#5557,#5558,#5559,#5560,#5561,#5562,#5563,#5564,
    #5565,#5566,#5567,#5568,#5569,#5570,#5571,#5572,#5573,#5574,#5575,
    #5576,#5577,#5578,#5579,#5580,#5581,#5582,#5583,#5584,#5585,#5586,
    #5587,#5588,#5589,#5590,#5591,#5592,#5593,#5594,#5595),
  .UNSPECIFIED.,.F.,.F.,(9,7,7,7,7,7,7,7,9),(0.,9.519518788496E-02,
    0.248772825236,0.402709680307,0.565385847514,0.669781926165,
    0.76881547062,0.867258633521,1.),.UNSPECIFIED.);
#5538 = CARTESIAN_POINT('',(0.,70.813197478613));
#5539 = CARTESIAN_POINT('',(7.470776614681E-02,70.884538867345));
#5540 = CARTESIAN_POINT('',(0.149436707527,70.955901165804));
#5541 = CARTESIAN_POINT('',(0.224175850692,71.027273662923));
#5542 = CARTESIAN_POINT('',(0.29891714734,71.098648437965));
#5543 = CARTESIAN_POINT('',(0.373655474315,71.170020360516));
#5544 = CARTESIAN_POINT('',(0.448388633603,71.24138709049));
#5545 = CARTESIAN_POINT('',(0.523117352338,71.31274907813));
#5546 = CARTESIAN_POINT('',(0.718403256986,71.499234866698));
#5547 = CARTESIAN_POINT('',(0.839120102004,71.614510237237));
#5548 = CARTESIAN_POINT('',(0.959764970547,71.729714553398));
#5549 = CARTESIAN_POINT('',(1.080320967023,71.84483290918));
#5550 = CARTESIAN_POINT('',(1.200878463475,71.959953314921));
#5551 = CARTESIAN_POINT('',(1.321527463213,72.075162916456));
#5552 = CARTESIAN_POINT('',(1.442249012155,72.19044373329));
#5553 = CARTESIAN_POINT('',(1.683644285308,72.420961373495));
#5554 = CARTESIAN_POINT('',(1.804666970164,72.53653147569));
#5555 = CARTESIAN_POINT('',(1.925585319366,72.652002186756));
#5556 = CARTESIAN_POINT('',(2.046442455026,72.767412927863));
#5557 = CARTESIAN_POINT('',(2.16729701724,72.882819380386));
#5558 = CARTESIAN_POINT('',(2.28820577292,72.99827725468));
#5559 = CARTESIAN_POINT('',(2.409212225575,73.113829992159));
#5560 = CARTESIAN_POINT('',(2.65774514722,73.351163751051));
#5561 = CARTESIAN_POINT('',(2.78568702546,73.473341617997));
#5562 = CARTESIAN_POINT('',(2.913494007715,73.595391520542));
#5563 = CARTESIAN_POINT('',(3.041231356491,73.717373114611));
#5564 = CARTESIAN_POINT('',(3.168966382515,73.839346362329));
#5565 = CARTESIAN_POINT('',(3.296770790018,73.961372977858));
#5566 = CARTESIAN_POINT('',(3.424713192689,74.083550891816));
#5567 = CARTESIAN_POINT('',(3.634394362482,74.283794831755));
#5568 = CARTESIAN_POINT('',(3.716379065336,74.362083515133));
#5569 = CARTESIAN_POINT('',(3.798375266225,74.440380396571));
#5570 = CARTESIAN_POINT('',(3.880374688092,74.518680081927));
#5571 = CARTESIAN_POINT('',(3.962371545514,74.596978758245));
#5572 = CARTESIAN_POINT('',(4.044362544701,74.675274193754));
#5573 = CARTESIAN_POINT('',(4.126346883499,74.75356573787));
#5574 = CARTESIAN_POINT('',(4.286094568727,74.906121439243));
#5575 = CARTESIAN_POINT('',(4.363882642243,74.980406612836));
#5576 = CARTESIAN_POINT('',(4.441675590516,75.054695246676));
#5577 = CARTESIAN_POINT('',(4.519463810963,75.128978048665));
#5578 = CARTESIAN_POINT('',(4.597242979842,75.203251029903));
#5579 = CARTESIAN_POINT('',(4.675014052249,75.27751550469));
#5580 = CARTESIAN_POINT('',(4.752783262114,75.351778090528));
#5581 = CARTESIAN_POINT('',(4.907877309066,75.49988055468));
#5582 = CARTESIAN_POINT('',(4.985196235762,75.573714367896));
#5583 = CARTESIAN_POINT('',(5.06250497237,75.647539012741));
#5584 = CARTESIAN_POINT('',(5.139809760939,75.721360285018));
#5585 = CARTESIAN_POINT('',(5.217120382328,75.795187117697));
#5586 = CARTESIAN_POINT('',(5.294441918903,75.869023999203));
#5587 = CARTESIAN_POINT('',(5.371764945694,75.942861826221));
#5588 = CARTESIAN_POINT('',(5.553247981175,76.116163837756));
#5589 = CARTESIAN_POINT('',(5.657559086847,76.215771962301));
#5590 = CARTESIAN_POINT('',(5.761838372446,76.315349075854));
#5591 = CARTESIAN_POINT('',(5.866090039681,76.41489990961));
#5592 = CARTESIAN_POINT('',(5.970342337776,76.514452656879));
#5593 = CARTESIAN_POINT('',(6.074623237753,76.614034363172));
#5594 = CARTESIAN_POINT('',(6.178948820691,76.713659947138));
#5595 = CARTESIAN_POINT('',(6.28318530718,76.813200963876));
#5596 = ( GEOMETRIC_REPRESENTATION_CONTEXT(2) 
PARAMETRIC_REPRESENTATION_CONTEXT() REPRESENTATION_CONTEXT('2D SPACE',''
  ) );
#5597 = ORIENTED_EDGE('',*,*,#5598,.F.);
#5598 = EDGE_CURVE('',#5599,#5411,#5601,.T.);
#5599 = VERTEX_POINT('',#5600);
#5600 = CARTESIAN_POINT('',(27.994405276015,18.,64.813197386615));
#5601 = SURFACE_CURVE('',#5602,(#5668,#5737),.PCURVE_S1.);
#5602 = B_SPLINE_CURVE_WITH_KNOTS('',8,(#5603,#5604,#5605,#5606,#5607,
    #5608,#5609,#5610,#5611,#5612,#5613,#5614,#5615,#5616,#5617,#5618,
    #5619,#5620,#5621,#5622,#5623,#5624,#5625,#5626,#5627,#5628,#5629,
    #5630,#5631,#5632,#5633,#5634,#5635,#5636,#5637,#5638,#5639,#5640,
    #5641,#5642,#5643,#5644,#5645,#5646,#5647,#5648,#5649,#5650,#5651,
    #5652,#5653,#5654,#5655,#5656,#5657,#5658,#5659,#5660,#5661,#5662,
    #5663,#5664,#5665,#5666,#5667),.UNSPECIFIED.,.F.,.F.,(9,7,7,7,7,7,7,
    7,7,9),(0.,5.710154130937E-02,0.209481112078,0.285370892385,
    0.433339111071,0.558310323026,0.64940253495,0.805913376966,
    0.898941021453,1.),.UNSPECIFIED.);
#5603 = CARTESIAN_POINT('',(27.994405276015,18.,64.813197386615));
#5604 = CARTESIAN_POINT('',(27.994405276015,18.448125669622,
    64.855989867665));
#5605 = CARTESIAN_POINT('',(27.971454615475,18.896457694799,
    64.898802222485));
#5606 = CARTESIAN_POINT('',(27.925517165968,19.343413965999,
    64.941614393288));
#5607 = CARTESIAN_POINT('',(27.856713218723,19.787514894845,
    64.984416492108));
#5608 = CARTESIAN_POINT('',(27.765276837579,20.227381135978,
    65.02720670203));
#5609 = CARTESIAN_POINT('',(27.651518482446,20.661728890949,
    65.06999007842));
#5610 = CARTESIAN_POINT('',(27.515792903264,21.089362794115,
    65.112778250163));
#5611 = CARTESIAN_POINT('',(26.938650969238,22.629442450949,
    65.269836310885));
#5612 = CARTESIAN_POINT('',(26.364932991046,23.694250608159,
    65.384280219294));
#5613 = CARTESIAN_POINT('',(25.64664631074,24.675910713282,
    65.498627952873));
#5614 = CARTESIAN_POINT('',(24.798856417775,25.552260783418,
    65.612906192069));
#5615 = CARTESIAN_POINT('',(23.839264710963,26.304205483334,
    65.727163449268));
#5616 = CARTESIAN_POINT('',(22.788772162539,26.916370858911,
    65.841459097521));
#5617 = CARTESIAN_POINT('',(21.670670715938,27.376411307132,
    65.95584795077));
#5618 = CARTESIAN_POINT('',(19.935791069946,27.827828424442,
    66.12702905523));
#5619 = CARTESIAN_POINT('',(19.348774482012,27.938636343284,
    66.183937927351));
#5620 = CARTESIAN_POINT('',(18.754669144861,28.00933629992,
    66.240849537194));
#5621 = CARTESIAN_POINT('',(18.156662997908,28.03940753096,
    66.297765215681));
#5622 = CARTESIAN_POINT('',(17.557977242328,28.028647537612,
    66.354683375126));
#5623 = CARTESIAN_POINT('',(16.961866341051,27.977172085683,
    66.411599509228));
#5624 = CARTESIAN_POINT('',(16.371618018766,27.885415205576,
    66.468506193077));
#5625 = CARTESIAN_POINT('',(14.657606023665,27.498150621203,
    66.636309885872));
#5626 = CARTESIAN_POINT('',(13.557082199192,27.091412113504,
    66.74737353257));
#5627 = CARTESIAN_POINT('',(12.514734527931,26.539073336879,
    66.858386321457));
#5628 = CARTESIAN_POINT('',(11.55265336827,25.851444977008,
    66.969325903235));
#5629 = CARTESIAN_POINT('',(10.69035482425,25.042246184922,
    67.080261499079));
#5630 = CARTESIAN_POINT('',(9.945051456548,24.127925341305,
    67.191267233002));
#5631 = CARTESIAN_POINT('',(9.331105577767,23.128044137736,
    67.302332578609));
#5632 = CARTESIAN_POINT('',(8.459650697654,21.170354502683,
    67.506965540532));
#5633 = CARTESIAN_POINT('',(8.160738929864,20.228310478276,
    67.600759025591));
#5634 = CARTESIAN_POINT('',(7.968667927806,19.254800220214,
    67.694523539603));
#5635 = CARTESIAN_POINT('',(7.886964766116,18.264222093419,
    67.788251020343));
#5636 = CARTESIAN_POINT('',(7.916880025015,17.270934247077,
    67.881958854097));
#5637 = CARTESIAN_POINT('',(8.057722291211,16.28919853372,
    67.975673250885));
#5638 = CARTESIAN_POINT('',(8.306706881775,15.333164470845,
    68.06941973406));
#5639 = CARTESIAN_POINT('',(8.91480819976,13.748784407171,
    68.231472515239));
#5640 = CARTESIAN_POINT('',(9.225807070849,13.101744404729,
    68.299792866097));
#5641 = CARTESIAN_POINT('',(9.589385518273,12.480957848648,
    68.368115173793));
#5642 = CARTESIAN_POINT('',(10.002962418475,11.891379988345,
    68.436439860929));
#5643 = CARTESIAN_POINT('',(10.463419662514,11.337601573136,
    68.504764809867));
#5644 = CARTESIAN_POINT('',(10.967102156064,10.823848852235,
    68.573085362737));
#5645 = CARTESIAN_POINT('',(11.509817819411,10.353983574755,
    68.64139432143));
#5646 = CARTESIAN_POINT('',(13.078248904082,9.205614456479,
    68.827010900826));
#5647 = CARTESIAN_POINT('',(14.173127368321,8.617827106799,
    68.944530603294));
#5648 = CARTESIAN_POINT('',(15.346812687146,8.187340033126,
    69.06196576336));
#5649 = CARTESIAN_POINT('',(16.572601759666,7.925149255398,
    69.179330529834));
#5650 = CARTESIAN_POINT('',(17.823047220078,7.837898395881,
    69.296688072266));
#5651 = CARTESIAN_POINT('',(19.069957413895,7.926754134142,
    69.414097019489));
#5652 = CARTESIAN_POINT('',(20.284701929972,8.18855712792,
    69.531607947299));
#5653 = CARTESIAN_POINT('',(22.123984112859,8.863260684043,
    69.718689548428));
#5654 = CARTESIAN_POINT('',(22.788805905085,9.172096929899,
    69.788438692661));
#5655 = CARTESIAN_POINT('',(23.426997005227,9.536094272178,
    69.858191375932));
#5656 = CARTESIAN_POINT('',(24.033206390754,9.952547447213,
    69.927945800525));
#5657 = CARTESIAN_POINT('',(24.602502338542,10.418192411398,
    69.997700182676));
#5658 = CARTESIAN_POINT('',(25.130372424878,10.929206341185,
    70.067452752571));
#5659 = CARTESIAN_POINT('',(25.612723525457,11.48120763309,
    70.137201754345));
#5660 = CARTESIAN_POINT('',(26.516435859516,12.70807200927,
    70.282710303794));
#5661 = CARTESIAN_POINT('',(26.929214875204,13.389815618044,
    70.358487810815));
#5662 = CARTESIAN_POINT('',(27.279508119165,14.108063931829,
    70.434274950796));
#5663 = CARTESIAN_POINT('',(27.563541898515,14.856078750453,
    70.510067963184));
#5664 = CARTESIAN_POINT('',(27.778479570769,15.626806471746,
    70.585862343221));
#5665 = CARTESIAN_POINT('',(27.922421543833,16.412878091543,
    70.661652841948));
#5666 = CARTESIAN_POINT('',(27.994405276015,17.206609203681,
    70.737433466201));
#5667 = CARTESIAN_POINT('',(27.994405276015,18.,70.813197478613));
#5668 = PCURVE('',#195,#5669);
#5669 = DEFINITIONAL_REPRESENTATION('',(#5670),#5736);
#5670 = B_SPLINE_CURVE_WITH_KNOTS('',8,(#5671,#5672,#5673,#5674,#5675,
    #5676,#5677,#5678,#5679,#5680,#5681,#5682,#5683,#5684,#5685,#5686,
    #5687,#5688,#5689,#5690,#5691,#5692,#5693,#5694,#5695,#5696,#5697,
    #5698,#5699,#5700,#5701,#5702,#5703,#5704,#5705,#5706,#5707,#5708,
    #5709,#5710,#5711,#5712,#5713,#5714,#5715,#5716,#5717,#5718,#5719,
    #5720,#5721,#5722,#5723,#5724,#5725,#5726,#5727,#5728,#5729,#5730,
    #5731,#5732,#5733,#5734,#5735),.UNSPECIFIED.,.F.,.F.,(9,7,7,7,7,7,7,
    7,7,9),(0.,5.710154130937E-02,0.209481112078,0.285370892385,
    0.433339111071,0.558310323026,0.64940253495,0.805913376966,
    0.898941021453,1.),.UNSPECIFIED.);
#5671 = CARTESIAN_POINT('',(0.164958494186,95.56614668013));
#5672 = CARTESIAN_POINT('',(0.164957981857,95.628109500589));
#5673 = CARTESIAN_POINT('',(0.164957694086,95.69010087458));
#5674 = CARTESIAN_POINT('',(0.164957686266,95.752091703953));
#5675 = CARTESIAN_POINT('',(0.164957994454,95.814067635381));
#5676 = CARTESIAN_POINT('',(0.164958626858,95.876026029869));
#5677 = CARTESIAN_POINT('',(0.164959561383,95.937974229398));
#5678 = CARTESIAN_POINT('',(0.164960749261,95.999929120724));
#5679 = CARTESIAN_POINT('',(0.164965795325,96.227339770172));
#5680 = CARTESIAN_POINT('',(0.164970803111,96.393046361265));
#5681 = CARTESIAN_POINT('',(0.164975867172,96.558613637988));
#5682 = CARTESIAN_POINT('',(0.164978794175,96.724082412241));
#5683 = CARTESIAN_POINT('',(0.164977515877,96.889524983669));
#5684 = CARTESIAN_POINT('',(0.164973338096,97.055026025274));
#5685 = CARTESIAN_POINT('',(0.164968371609,97.220662808781));
#5686 = CARTESIAN_POINT('',(0.164962068494,97.468534506018));
#5687 = CARTESIAN_POINT('',(0.164960150341,97.550938861375));
#5688 = CARTESIAN_POINT('',(0.164958627702,97.633346787881));
#5689 = CARTESIAN_POINT('',(0.164957640319,97.715760073824));
#5690 = CARTESIAN_POINT('',(0.164957249524,97.798176359336));
#5691 = CARTESIAN_POINT('',(0.164957438236,97.880589136393));
#5692 = CARTESIAN_POINT('',(0.164958110968,97.962987748812));
#5693 = CARTESIAN_POINT('',(0.164961010163,98.205959905069));
#5694 = CARTESIAN_POINT('',(0.16496410498,98.366773872871));
#5695 = CARTESIAN_POINT('',(0.164967388291,98.527514012699));
#5696 = CARTESIAN_POINT('',(0.164968696425,98.688150113285));
#5697 = CARTESIAN_POINT('',(0.164967475531,98.848782955269));
#5698 = CARTESIAN_POINT('',(0.164965432295,99.009518172325));
#5699 = CARTESIAN_POINT('',(0.164965051869,99.170338053207));
#5700 = CARTESIAN_POINT('',(0.164966769429,99.466639131485));
#5701 = CARTESIAN_POINT('',(0.164968570246,99.602447675756));
#5702 = CARTESIAN_POINT('',(0.164971038424,99.738213607657));
#5703 = CARTESIAN_POINT('',(0.164973912579,99.873925513016));
#5704 = CARTESIAN_POINT('',(0.164973676742,100.00961206028));
#5705 = CARTESIAN_POINT('',(0.16496809992,100.14531341761));
#5706 = CARTESIAN_POINT('',(0.164960583556,100.28106316232));
#5707 = CARTESIAN_POINT('',(0.164953082624,100.51571849386));
#5708 = CARTESIAN_POINT('',(0.164957775324,100.61463978137));
#5709 = CARTESIAN_POINT('',(0.164964501002,100.7135618823));
#5710 = CARTESIAN_POINT('',(0.16496926111,100.81248938164));
#5711 = CARTESIAN_POINT('',(0.164969880674,100.91142137423));
#5712 = CARTESIAN_POINT('',(0.164966008284,101.01035146478));
#5713 = CARTESIAN_POINT('',(0.164959116099,101.10926776785));
#5714 = CARTESIAN_POINT('',(0.164941132083,101.37805323413));
#5715 = CARTESIAN_POINT('',(0.164944397434,101.54821522));
#5716 = CARTESIAN_POINT('',(0.164970113194,101.71823248335));
#5717 = CARTESIAN_POINT('',(0.164977734534,101.88816579819));
#5718 = CARTESIAN_POINT('',(0.164976465048,102.05809748674));
#5719 = CARTESIAN_POINT('',(0.164972000245,102.2281067831));
#5720 = CARTESIAN_POINT('',(0.164968455319,102.39826283043));
#5721 = CARTESIAN_POINT('',(0.164965367557,102.66915480565));
#5722 = CARTESIAN_POINT('',(0.16496497742,102.77014999632));
#5723 = CARTESIAN_POINT('',(0.164965138269,102.87114976395));
#5724 = CARTESIAN_POINT('',(0.164965628842,102.97215172533));
#5725 = CARTESIAN_POINT('',(0.164966216606,103.07315352869));
#5726 = CARTESIAN_POINT('',(0.164966657758,103.17415285363));
#5727 = CARTESIAN_POINT('',(0.164966697222,103.27514741116));
#5728 = CARTESIAN_POINT('',(0.164965385814,103.48584100944));
#5729 = CARTESIAN_POINT('',(0.164963919,103.59556617004));
#5730 = CARTESIAN_POINT('',(0.164962061448,103.70530566713));
#5731 = CARTESIAN_POINT('',(0.164960175369,103.81505369566));
#5732 = CARTESIAN_POINT('',(0.164958591941,103.92480340377));
#5733 = CARTESIAN_POINT('',(0.164957611313,104.0345468929));
#5734 = CARTESIAN_POINT('',(0.164957502603,104.14427521771));
#5735 = CARTESIAN_POINT('',(0.164958503899,104.2539783861));
#5736 = ( GEOMETRIC_REPRESENTATION_CONTEXT(2) 
PARAMETRIC_REPRESENTATION_CONTEXT() REPRESENTATION_CONTEXT('2D SPACE',''
  ) );
#5737 = PCURVE('',#3943,#5738);
#5738 = DEFINITIONAL_REPRESENTATION('',(#5739),#5805);
#5739 = B_SPLINE_CURVE_WITH_KNOTS('',8,(#5740,#5741,#5742,#5743,#5744,
    #5745,#5746,#5747,#5748,#5749,#5750,#5751,#5752,#5753,#5754,#5755,
    #5756,#5757,#5758,#5759,#5760,#5761,#5762,#5763,#5764,#5765,#5766,
    #5767,#5768,#5769,#5770,#5771,#5772,#5773,#5774,#5775,#5776,#5777,
    #5778,#5779,#5780,#5781,#5782,#5783,#5784,#5785,#5786,#5787,#5788,
    #5789,#5790,#5791,#5792,#5793,#5794,#5795,#5796,#5797,#5798,#5799,
    #5800,#5801,#5802,#5803,#5804),.UNSPECIFIED.,.F.,.F.,(9,7,7,7,7,7,7,
    7,7,9),(0.,5.710154130937E-02,0.209481112078,0.285370892385,
    0.433339111071,0.558310323026,0.64940253495,0.805913376966,
    0.898941021453,1.),.UNSPECIFIED.);
#5740 = CARTESIAN_POINT('',(0.,64.813197386615));
#5741 = CARTESIAN_POINT('',(4.481256696222E-02,64.855989867665));
#5742 = CARTESIAN_POINT('',(8.964576155826E-02,64.898802222485));
#5743 = CARTESIAN_POINT('',(0.134478541019,64.941614393288));
#5744 = CARTESIAN_POINT('',(0.179300528478,64.984416492108));
#5745 = CARTESIAN_POINT('',(0.224109820437,65.02720670203));
#5746 = CARTESIAN_POINT('',(0.268911732351,65.06999007842));
#5747 = CARTESIAN_POINT('',(0.31371848236,65.112778250163));
#5748 = CARTESIAN_POINT('',(0.478185444435,65.269836310885));
#5749 = CARTESIAN_POINT('',(0.598027080476,65.384280219294));
#5750 = CARTESIAN_POINT('',(0.717768064153,65.498627952873));
#5751 = CARTESIAN_POINT('',(0.837437955705,65.612906192069));
#5752 = CARTESIAN_POINT('',(0.957088928015,65.727163449268));
#5753 = CARTESIAN_POINT('',(1.076782070938,65.841459097521));
#5754 = CARTESIAN_POINT('',(1.19657327205,65.95584795077));
#5755 = CARTESIAN_POINT('',(1.375838014815,66.12702905523));
#5756 = CARTESIAN_POINT('',(1.435434135533,66.183937927351));
#5757 = CARTESIAN_POINT('',(1.495032836685,66.240849537194));
#5758 = CARTESIAN_POINT('',(1.554635423843,66.297765215681));
#5759 = CARTESIAN_POINT('',(1.61424020106,66.354683375126));
#5760 = CARTESIAN_POINT('',(1.673842470868,66.411599509228));
#5761 = CARTESIAN_POINT('',(1.733434534285,66.468506193077));
#5762 = CARTESIAN_POINT('',(1.909156217001,66.636309885872));
#5763 = CARTESIAN_POINT('',(2.025459816068,66.74737353257));
#5764 = CARTESIAN_POINT('',(2.141710216381,66.858386321457));
#5765 = CARTESIAN_POINT('',(2.257885402127,66.969325903235));
#5766 = CARTESIAN_POINT('',(2.374058038993,67.080261499079));
#5767 = CARTESIAN_POINT('',(2.490304377452,67.191267233002));
#5768 = CARTESIAN_POINT('',(2.606611633685,67.302332578609));
#5769 = CARTESIAN_POINT('',(2.820900744824,67.506965540532));
#5770 = CARTESIAN_POINT('',(2.919119349398,67.600759025591));
#5771 = CARTESIAN_POINT('',(3.017307207442,67.694523539603));
#5772 = CARTESIAN_POINT('',(3.11545624112,67.788251020343));
#5773 = CARTESIAN_POINT('',(3.213587313934,67.881958854097));
#5774 = CARTESIAN_POINT('',(3.311729355962,67.975673250885));
#5775 = CARTESIAN_POINT('',(3.409906280536,68.06941973406));
#5776 = CARTESIAN_POINT('',(3.579613304524,68.231472515239));
#5777 = CARTESIAN_POINT('',(3.651154758333,68.299792866097));
#5778 = CARTESIAN_POINT('',(3.722696713737,68.368115173793));
#5779 = CARTESIAN_POINT('',(3.79424257827,68.436439860929));
#5780 = CARTESIAN_POINT('',(3.865791738111,68.504764809867));
#5781 = CARTESIAN_POINT('',(3.93733955808,68.573085362737));
#5782 = CARTESIAN_POINT('',(4.008877381644,68.64139432143));
#5783 = CARTESIAN_POINT('',(4.203266879796,68.827010900826));
#5784 = CARTESIAN_POINT('',(4.326330538618,68.944530603294));
#5785 = CARTESIAN_POINT('',(4.449290561438,69.06196576336));
#5786 = CARTESIAN_POINT('',(4.572190483966,69.179330529834));
#5787 = CARTESIAN_POINT('',(4.695088233803,69.296688072266));
#5788 = CARTESIAN_POINT('',(4.81804161487,69.414097019489));
#5789 = CARTESIAN_POINT('',(4.941100819227,69.531607947299));
#5790 = CARTESIAN_POINT('',(5.137013652827,69.718689548428));
#5791 = CARTESIAN_POINT('',(5.21005477711,69.788438692661));
#5792 = CARTESIAN_POINT('',(5.283099274928,69.858191375932));
#5793 = CARTESIAN_POINT('',(5.356145461225,69.927945800525));
#5794 = CARTESIAN_POINT('',(5.429191650375,69.997700182676));
#5795 = CARTESIAN_POINT('',(5.502236156182,70.067452752571));
#5796 = CARTESIAN_POINT('',(5.57527729188,70.137201754345));
#5797 = CARTESIAN_POINT('',(5.727654855198,70.282710303794));
#5798 = CARTESIAN_POINT('',(5.807010190072,70.358487810815));
#5799 = CARTESIAN_POINT('',(5.886375872618,70.434274950796));
#5800 = CARTESIAN_POINT('',(5.965747663291,70.510067963184));
#5801 = CARTESIAN_POINT('',(6.045120585141,70.585862343221));
#5802 = CARTESIAN_POINT('',(6.124488923813,70.661652841948));
#5803 = CARTESIAN_POINT('',(6.203846227548,70.737433466201));
#5804 = CARTESIAN_POINT('',(6.28318530718,70.813197478613));
#5805 = ( GEOMETRIC_REPRESENTATION_CONTEXT(2) 
PARAMETRIC_REPRESENTATION_CONTEXT() REPRESENTATION_CONTEXT('2D SPACE',''
  ) );
#5806 = ORIENTED_EDGE('',*,*,#5807,.F.);
#5807 = EDGE_CURVE('',#5808,#5599,#5810,.T.);
#5808 = VERTEX_POINT('',#5809);
#5809 = CARTESIAN_POINT('',(27.994405276015,18.,58.813200073589));
#5810 = SURFACE_CURVE('',#5811,(#5868,#5928),.PCURVE_S1.);
#5811 = B_SPLINE_CURVE_WITH_KNOTS('',7,(#5812,#5813,#5814,#5815,#5816,
    #5817,#5818,#5819,#5820,#5821,#5822,#5823,#5824,#5825,#5826,#5827,
    #5828,#5829,#5830,#5831,#5832,#5833,#5834,#5835,#5836,#5837,#5838,
    #5839,#5840,#5841,#5842,#5843,#5844,#5845,#5846,#5847,#5848,#5849,
    #5850,#5851,#5852,#5853,#5854,#5855,#5856,#5857,#5858,#5859,#5860,
    #5861,#5862,#5863,#5864,#5865,#5866,#5867),.UNSPECIFIED.,.F.,.F.,(8,
    6,6,6,6,6,6,6,6,8),(0.,8.344925406577E-02,0.194444921651,
    0.334314493853,0.438870643802,0.588992771404,0.689893823312,
    0.802049312205,0.889911711824,1.),.UNSPECIFIED.);
#5812 = CARTESIAN_POINT('',(27.994405276015,18.,58.813200073589));
#5813 = CARTESIAN_POINT('',(27.994405276015,18.749289714236,
    58.884750710888));
#5814 = CARTESIAN_POINT('',(27.928878779529,19.498801160887,
    58.956314659109));
#5815 = CARTESIAN_POINT('',(27.797840132414,20.241377978512,
    59.027883974003));
#5816 = CARTESIAN_POINT('',(27.602189597571,20.970123665529,
    59.099452417468));
#5817 = CARTESIAN_POINT('',(27.343713354947,21.678401580218,
    59.171015457547));
#5818 = CARTESIAN_POINT('',(27.025083501535,22.359834940717,
    59.24257026843));
#5819 = CARTESIAN_POINT('',(26.150771513067,23.870837838804,
    59.409278190665));
#5820 = CARTESIAN_POINT('',(25.55119786447,24.675700889906,
    59.504479431592));
#5821 = CARTESIAN_POINT('',(24.859474484284,25.40817879354,
    59.599654730825));
#5822 = CARTESIAN_POINT('',(24.086263064736,26.056042314031,
    59.694814375456));
#5823 = CARTESIAN_POINT('',(23.243932795695,26.608875589522,
    59.789992190911));
#5824 = CARTESIAN_POINT('',(22.346533474237,27.058210692746,
    59.885188380369));
#5825 = CARTESIAN_POINT('',(20.230651345178,27.827245806235,
    60.100168606606));
#5826 = CARTESIAN_POINT('',(18.986488021895,28.083853142636,
    60.220191763101));
#5827 = CARTESIAN_POINT('',(17.710740109165,28.155462421675,
    60.340126534573));
#5828 = CARTESIAN_POINT('',(16.435998017658,28.039165980588,
    60.459997493052));
#5829 = CARTESIAN_POINT('',(15.194389254116,27.737949361885,
    60.579925565905));
#5830 = CARTESIAN_POINT('',(14.017206500015,27.26056358465,
    60.699947989087));
#5831 = CARTESIAN_POINT('',(12.124878762328,26.150423452735,
    60.909455482086));
#5832 = CARTESIAN_POINT('',(11.367075267265,25.58663173798,
    60.999092930422));
#5833 = CARTESIAN_POINT('',(10.673131430011,24.941204900167,
    61.08873655696));
#5834 = CARTESIAN_POINT('',(10.053525424843,24.222860886916,
    61.178377954492));
#5835 = CARTESIAN_POINT('',(9.517017229228,23.441755283509,
    61.268012136645));
#5836 = CARTESIAN_POINT('',(9.070648623821,22.60948131289,61.35763753788
    ));
#5837 = CARTESIAN_POINT('',(8.215911806481,20.48932964426,
    61.575930570047));
#5838 = CARTESIAN_POINT('',(7.907876191501,19.158678913051,
    61.704781587771));
#5839 = CARTESIAN_POINT('',(7.812739306361,17.787084904871,
    61.833472902247));
#5840 = CARTESIAN_POINT('',(7.934598815929,16.414780186219,
    61.962162599983));
#5841 = CARTESIAN_POINT('',(8.270064213943,15.081174836314,
    62.090869698058));
#5842 = CARTESIAN_POINT('',(8.808083838099,13.825409002606,62.2197422659
    ));
#5843 = CARTESIAN_POINT('',(10.005845044173,11.916977699864,
    62.434896050418));
#5844 = CARTESIAN_POINT('',(10.568509086894,11.200486380528,
    62.521416095042));
#5845 = CARTESIAN_POINT('',(11.205741258096,10.545411155324,
    62.607877411545));
#5846 = CARTESIAN_POINT('',(11.909312272819,9.960826601853,
    62.694439782038));
#5847 = CARTESIAN_POINT('',(12.6699442578,9.454425050131,62.780861626003
    ));
#5848 = CARTESIAN_POINT('',(13.477178612382,9.032590978433,
    62.86735636312));
#5849 = CARTESIAN_POINT('',(15.255185436872,8.329968670944,
    63.049915215504));
#5850 = CARTESIAN_POINT('',(16.234349392768,8.070084941992,
    63.14600000635));
#5851 = CARTESIAN_POINT('',(17.241161986687,7.926212174278,
    63.242063231263));
#5852 = CARTESIAN_POINT('',(18.259484558571,7.901472975114,
    63.33813964831));
#5853 = CARTESIAN_POINT('',(19.272786695688,7.996486878549,
    63.434254752682));
#5854 = CARTESIAN_POINT('',(20.264047178085,8.209174993391,
    63.530408524237));
#5855 = CARTESIAN_POINT('',(21.962058042216,8.787046106682,
    63.701687101552));
#5856 = CARTESIAN_POINT('',(22.684919690464,9.10957723549,
    63.776945427465));
#5857 = CARTESIAN_POINT('',(23.376847524519,9.498137022314,
    63.852216906377));
#5858 = CARTESIAN_POINT('',(24.030585281391,9.949113067184,
    63.927493155507));
#5859 = CARTESIAN_POINT('',(24.639526066337,10.457940031901,
    64.002764577656));
#5860 = CARTESIAN_POINT('',(25.197712352852,11.019099640042,
    64.078020361206));
#5861 = CARTESIAN_POINT('',(26.328978040038,12.386695247307,
    64.24750648889));
#5862 = CARTESIAN_POINT('',(26.87081468893,13.220168254002,
    64.341783447324));
#5863 = CARTESIAN_POINT('',(27.314863675766,14.11375956213,
    64.436074334242));
#5864 = CARTESIAN_POINT('',(27.653238956822,15.053726033618,
    64.530371861134));
#5865 = CARTESIAN_POINT('',(27.880650698238,16.025361527227,
    64.624666472162));
#5866 = CARTESIAN_POINT('',(27.994405276015,17.012996898546,
    64.718946344155));
#5867 = CARTESIAN_POINT('',(27.994405276015,18.,64.813197386615));
#5868 = PCURVE('',#195,#5869);
#5869 = DEFINITIONAL_REPRESENTATION('',(#5870),#5927);
#5870 = B_SPLINE_CURVE_WITH_KNOTS('',7,(#5871,#5872,#5873,#5874,#5875,
    #5876,#5877,#5878,#5879,#5880,#5881,#5882,#5883,#5884,#5885,#5886,
    #5887,#5888,#5889,#5890,#5891,#5892,#5893,#5894,#5895,#5896,#5897,
    #5898,#5899,#5900,#5901,#5902,#5903,#5904,#5905,#5906,#5907,#5908,
    #5909,#5910,#5911,#5912,#5913,#5914,#5915,#5916,#5917,#5918,#5919,
    #5920,#5921,#5922,#5923,#5924,#5925,#5926),.UNSPECIFIED.,.F.,.F.,(8,
    6,6,6,6,6,6,6,6,8),(0.,8.344925406577E-02,0.194444921651,
    0.334314493853,0.438870643802,0.588992771404,0.689893823312,
    0.802049312205,0.889911711824,1.),.UNSPECIFIED.);
#5871 = CARTESIAN_POINT('',(0.164962035662,86.878315469463));
#5872 = CARTESIAN_POINT('',(0.164960437854,86.981920371504));
#5873 = CARTESIAN_POINT('',(0.164958764644,87.085544622309));
#5874 = CARTESIAN_POINT('',(0.16495755399,87.189176184296));
#5875 = CARTESIAN_POINT('',(0.164957147777,87.292805685162));
#5876 = CARTESIAN_POINT('',(0.164957691813,87.396426417882));
#5877 = CARTESIAN_POINT('',(0.164959135827,87.50003434071));
#5878 = CARTESIAN_POINT('',(0.164964023554,87.741417876088));
#5879 = CARTESIAN_POINT('',(0.164967903108,87.879262745848));
#5880 = CARTESIAN_POINT('',(0.164972263548,88.01706957494));
#5881 = CARTESIAN_POINT('',(0.164975610514,88.154854743626));
#5882 = CARTESIAN_POINT('',(0.164976890869,88.292668276604));
#5883 = CARTESIAN_POINT('',(0.164976045189,88.430510527114));
#5884 = CARTESIAN_POINT('',(0.164970938557,88.7418009344));
#5885 = CARTESIAN_POINT('',(0.164965878631,88.915596123698));
#5886 = CARTESIAN_POINT('',(0.164959614311,89.089264530684));
#5887 = CARTESIAN_POINT('',(0.16495587309,89.262838031222));
#5888 = CARTESIAN_POINT('',(0.164956108131,89.436490280838));
#5889 = CARTESIAN_POINT('',(0.164958550977,89.610276953337));
#5890 = CARTESIAN_POINT('',(0.164963373216,89.913633130886));
#5891 = CARTESIAN_POINT('',(0.164965657732,90.043423370027));
#5892 = CARTESIAN_POINT('',(0.164967242556,90.173223250264));
#5893 = CARTESIAN_POINT('',(0.164967708881,90.30302101434));
#5894 = CARTESIAN_POINT('',(0.164967140521,90.432809358843));
#5895 = CARTESIAN_POINT('',(0.164966123918,90.562585434211));
#5896 = CARTESIAN_POINT('',(0.164965208586,90.878668526893));
#5897 = CARTESIAN_POINT('',(0.164965897348,91.065240499381));
#5898 = CARTESIAN_POINT('',(0.164968150987,91.251579671155));
#5899 = CARTESIAN_POINT('',(0.164977515148,91.437909436661));
#5900 = CARTESIAN_POINT('',(0.164974579909,91.624276618467));
#5901 = CARTESIAN_POINT('',(0.164962393462,91.810892588143));
#5902 = CARTESIAN_POINT('',(0.164952286976,92.122439270954));
#5903 = CARTESIAN_POINT('',(0.164960859618,92.247709348906));
#5904 = CARTESIAN_POINT('',(0.164916488487,92.372946996834));
#5905 = CARTESIAN_POINT('',(0.165039705191,92.498164447762));
#5906 = CARTESIAN_POINT('',(0.164953576628,92.623386431767));
#5907 = CARTESIAN_POINT('',(0.164952184775,92.748629766335));
#5908 = CARTESIAN_POINT('',(0.164944532552,93.01297746372));
#5909 = CARTESIAN_POINT('',(0.16495094917,93.152099168023));
#5910 = CARTESIAN_POINT('',(0.164965488826,93.291181574177));
#5911 = CARTESIAN_POINT('',(0.164972382157,93.430290679845));
#5912 = CARTESIAN_POINT('',(0.164974483829,93.569460564763));
#5913 = CARTESIAN_POINT('',(0.164973346848,93.708689656718));
#5914 = CARTESIAN_POINT('',(0.164969624153,93.956699927933));
#5915 = CARTESIAN_POINT('',(0.164967430608,94.065674050959));
#5916 = CARTESIAN_POINT('',(0.164965628305,94.174666830407));
#5917 = CARTESIAN_POINT('',(0.164964728102,94.283665620645));
#5918 = CARTESIAN_POINT('',(0.164964802198,94.392656453455));
#5919 = CARTESIAN_POINT('',(0.164965484143,94.501624038034));
#5920 = CARTESIAN_POINT('',(0.164966576125,94.747034108487));
#5921 = CARTESIAN_POINT('',(0.164966973962,94.883544102678));
#5922 = CARTESIAN_POINT('',(0.164966420752,95.020075209913));
#5923 = CARTESIAN_POINT('',(0.164964707148,95.156617084647));
#5924 = CARTESIAN_POINT('',(0.164962156049,95.293155569451));
#5925 = CARTESIAN_POINT('',(0.164959622599,95.429672695011));
#5926 = CARTESIAN_POINT('',(0.164958494186,95.56614668013));
#5927 = ( GEOMETRIC_REPRESENTATION_CONTEXT(2) 
PARAMETRIC_REPRESENTATION_CONTEXT() REPRESENTATION_CONTEXT('2D SPACE',''
  ) );
#5928 = PCURVE('',#3743,#5929);
#5929 = DEFINITIONAL_REPRESENTATION('',(#5930),#5987);
#5930 = B_SPLINE_CURVE_WITH_KNOTS('',7,(#5931,#5932,#5933,#5934,#5935,
    #5936,#5937,#5938,#5939,#5940,#5941,#5942,#5943,#5944,#5945,#5946,
    #5947,#5948,#5949,#5950,#5951,#5952,#5953,#5954,#5955,#5956,#5957,
    #5958,#5959,#5960,#5961,#5962,#5963,#5964,#5965,#5966,#5967,#5968,
    #5969,#5970,#5971,#5972,#5973,#5974,#5975,#5976,#5977,#5978,#5979,
    #5980,#5981,#5982,#5983,#5984,#5985,#5986),.UNSPECIFIED.,.F.,.F.,(8,
    6,6,6,6,6,6,6,6,8),(0.,8.344925406577E-02,0.194444921651,
    0.334314493853,0.438870643802,0.588992771404,0.689893823312,
    0.802049312205,0.889911711824,1.),.UNSPECIFIED.);
#5931 = CARTESIAN_POINT('',(0.,58.813200073589));
#5932 = CARTESIAN_POINT('',(7.492897142364E-02,58.884750710888));
#5933 = CARTESIAN_POINT('',(0.149871879929,58.956314659109));
#5934 = CARTESIAN_POINT('',(0.224820006373,59.027883974003));
#5935 = CARTESIAN_POINT('',(0.299766572251,59.099452417468));
#5936 = CARTESIAN_POINT('',(0.374706739696,59.171015457547));
#5937 = CARTESIAN_POINT('',(0.449637611482,59.24257026843));
#5938 = CARTESIAN_POINT('',(0.624209980751,59.409278190665));
#5939 = CARTESIAN_POINT('',(0.72390156049,59.504479431592));
#5940 = CARTESIAN_POINT('',(0.823565689776,59.599654730825));
#5941 = CARTESIAN_POINT('',(0.923214244143,59.694814375456));
#5942 = CARTESIAN_POINT('',(1.022883367587,59.789992190911));
#5943 = CARTESIAN_POINT('',(1.122573242917,59.885188380369));
#5944 = CARTESIAN_POINT('',(1.347703698205,60.100168606606));
#5945 = CARTESIAN_POINT('',(1.473395236541,60.220191763101));
#5946 = CARTESIAN_POINT('',(1.598994934581,60.340126534573));
#5947 = CARTESIAN_POINT('',(1.724525911543,60.459997493052));
#5948 = CARTESIAN_POINT('',(1.850113945367,60.579925565905));
#5949 = CARTESIAN_POINT('',(1.975799465419,60.699947989087));
#5950 = CARTESIAN_POINT('',(2.195192158536,60.909455482086));
#5951 = CARTESIAN_POINT('',(2.289058935207,60.999092930422));
#5952 = CARTESIAN_POINT('',(2.382932703383,61.08873655696));
#5953 = CARTESIAN_POINT('',(2.476804879733,61.178377954492));
#5954 = CARTESIAN_POINT('',(2.570670123079,61.268012136645));
#5955 = CARTESIAN_POINT('',(2.664526334386,61.35763753788));
#5956 = CARTESIAN_POINT('',(2.893122443821,61.575930570047));
#5957 = CARTESIAN_POINT('',(3.028053833371,61.704781587771));
#5958 = CARTESIAN_POINT('',(3.162816702272,61.833472902247));
#5959 = CARTESIAN_POINT('',(3.297573053514,61.962162599983));
#5960 = CARTESIAN_POINT('',(3.432357758232,62.090869698058));
#5961 = CARTESIAN_POINT('',(3.567322278361,62.2197422659));
#5962 = CARTESIAN_POINT('',(3.792638543732,62.434896050418));
#5963 = CARTESIAN_POINT('',(3.88323615282,62.521416095042));
#5964 = CARTESIAN_POINT('',(3.973809222554,62.607877411545));
#5965 = CARTESIAN_POINT('',(4.064368326609,62.694439782038));
#5966 = CARTESIAN_POINT('',(4.154931778811,62.780861626003));
#5967 = CARTESIAN_POINT('',(4.245509072916,62.86735636312));
#5968 = CARTESIAN_POINT('',(4.436689259518,63.049915215504));
#5969 = CARTESIAN_POINT('',(4.53730437748,63.14600000635));
#5970 = CARTESIAN_POINT('',(4.637891655123,63.242063231263));
#5971 = CARTESIAN_POINT('',(4.738498414701,63.33813964831));
#5972 = CARTESIAN_POINT('',(4.839148784843,63.434254752682));
#5973 = CARTESIAN_POINT('',(4.93984165928,63.530408524237));
#5974 = CARTESIAN_POINT('',(5.119206536507,63.701687101552));
#5975 = CARTESIAN_POINT('',(5.198018150516,63.776945427465));
#5976 = CARTESIAN_POINT('',(5.276843195986,63.852216906377));
#5977 = CARTESIAN_POINT('',(5.355672607768,63.927493155507));
#5978 = CARTESIAN_POINT('',(5.434496342687,64.002764577656));
#5979 = CARTESIAN_POINT('',(5.513303379549,64.078020361206));
#5980 = CARTESIAN_POINT('',(5.690788021139,64.24750648889));
#5981 = CARTESIAN_POINT('',(5.789514540117,64.341783447324));
#5982 = CARTESIAN_POINT('',(5.888256439675,64.436074334242));
#5983 = CARTESIAN_POINT('',(5.987006146028,64.530371861134));
#5984 = CARTESIAN_POINT('',(6.085753348001,64.624666472162));
#5985 = CARTESIAN_POINT('',(6.184484997034,64.718946344155));
#5986 = CARTESIAN_POINT('',(6.28318530718,64.813197386615));
#5987 = ( GEOMETRIC_REPRESENTATION_CONTEXT(2) 
PARAMETRIC_REPRESENTATION_CONTEXT() REPRESENTATION_CONTEXT('2D SPACE',''
  ) );
#5988 = ORIENTED_EDGE('',*,*,#5989,.F.);
#5989 = EDGE_CURVE('',#5990,#5808,#5992,.T.);
#5990 = VERTEX_POINT('',#5991);
#5991 = CARTESIAN_POINT('',(27.994405276015,18.,52.813203032692));
#5992 = SURFACE_CURVE('',#5993,(#6052,#6114),.PCURVE_S1.);
#5993 = B_SPLINE_CURVE_WITH_KNOTS('',8,(#5994,#5995,#5996,#5997,#5998,
    #5999,#6000,#6001,#6002,#6003,#6004,#6005,#6006,#6007,#6008,#6009,
    #6010,#6011,#6012,#6013,#6014,#6015,#6016,#6017,#6018,#6019,#6020,
    #6021,#6022,#6023,#6024,#6025,#6026,#6027,#6028,#6029,#6030,#6031,
    #6032,#6033,#6034,#6035,#6036,#6037,#6038,#6039,#6040,#6041,#6042,
    #6043,#6044,#6045,#6046,#6047,#6048,#6049,#6050,#6051),
  .UNSPECIFIED.,.F.,.F.,(9,7,7,7,7,7,7,7,9),(0.,7.488943646216E-02,
    0.213797716448,0.356819203338,0.460125423945,0.60150191106,
    0.720395464757,0.848842558064,1.),.UNSPECIFIED.);
#5994 = CARTESIAN_POINT('',(27.994405276015,18.,52.813203032692));
#5995 = CARTESIAN_POINT('',(27.994405276015,18.587893319735,
    52.869342047005));
#5996 = CARTESIAN_POINT('',(27.954886977555,19.175985574277,
    52.925496494848));
#5997 = CARTESIAN_POINT('',(27.875849183734,19.761027645756,
    52.981658699347));
#5998 = CARTESIAN_POINT('',(27.757578082006,20.339860668883,
    53.037823107964));
#5999 = CARTESIAN_POINT('',(27.600647244182,20.909416030954,
    53.093986292501));
#6000 = CARTESIAN_POINT('',(27.405917626431,21.466715371843,
    53.150146949097));
#6001 = CARTESIAN_POINT('',(27.174537569281,22.008870584009,
    53.206305898227));
#6002 = CARTESIAN_POINT('',(26.413450878126,23.50541798075,
    53.366634513208));
#6003 = CARTESIAN_POINT('',(25.79732170952,24.416904874905,
    53.470886602955));
#6004 = CARTESIAN_POINT('',(25.068886319808,25.248456065825,
    53.575100883992));
#6005 = CARTESIAN_POINT('',(24.240535411415,25.984353743816,
    53.679272160779));
#6006 = CARTESIAN_POINT('',(23.326830660356,26.611316105445,
    53.783452360857));
#6007 = CARTESIAN_POINT('',(22.344151279588,27.118278717939,
    53.887689673652));
#6008 = CARTESIAN_POINT('',(21.310875846567,27.496891861173,
    53.991965979424));
#6009 = CARTESIAN_POINT('',(19.153853117125,27.995855449427,
    54.203383629547));
#6010 = CARTESIAN_POINT('',(18.025741269504,28.108825505144,
    54.310762676634));
#6011 = CARTESIAN_POINT('',(16.886650641541,28.075780875569,
    54.418099918175));
#6012 = CARTESIAN_POINT('',(15.758609003191,27.896236736914,
    54.525378085552));
#6013 = CARTESIAN_POINT('',(14.662956244131,27.573394489463,
    54.632656798639));
#6014 = CARTESIAN_POINT('',(13.620299248585,27.113541603703,
    54.739997013431));
#6015 = CARTESIAN_POINT('',(12.650250505771,26.526543403576,
    54.847385551645));
#6016 = CARTESIAN_POINT('',(11.135820959721,25.322446052728,
    55.032145189083));
#6017 = CARTESIAN_POINT('',(10.547325969277,24.758356859592,
    55.10964121197));
#6018 = CARTESIAN_POINT('',(10.012113836052,24.140504992693,
    55.187143524946));
#6019 = CARTESIAN_POINT('',(9.535931918849,23.474817845591,
    55.264648005208));
#6020 = CARTESIAN_POINT('',(9.123626583876,22.767804420126,
    55.342150663141));
#6021 = CARTESIAN_POINT('',(8.779143204739,22.026555326416,
    55.419647642328));
#6022 = CARTESIAN_POINT('',(8.50552616245,21.258742782857,
    55.497135219541));
#6023 = CARTESIAN_POINT('',(8.030383995484,19.396797788387,
    55.680635217664));
#6024 = CARTESIAN_POINT('',(7.892180651073,18.285396059114,
    55.786734328814));
#6025 = CARTESIAN_POINT('',(7.896093551879,17.159909829826,
    55.892772569856));
#6026 = CARTESIAN_POINT('',(8.043138051629,16.041421907925,
    55.998781408726));
#6027 = CARTESIAN_POINT('',(8.330890505899,14.950479111581,
    56.104801965459));
#6028 = CARTESIAN_POINT('',(8.75392535964,13.907140609988,
    56.210869838416));
#6029 = CARTESIAN_POINT('',(9.30328609695,12.930817238572,
    56.316994965219));
#6030 = CARTESIAN_POINT('',(10.521329929922,11.289964746654,
    56.512129402161));
#6031 = CARTESIAN_POINT('',(11.157922699021,10.599486636619,
    56.601310932805));
#6032 = CARTESIAN_POINT('',(11.86702373055,9.978626970442,
    56.690429142614));
#6033 = CARTESIAN_POINT('',(12.639587777184,9.436089985915,
    56.77958470829));
#6034 = CARTESIAN_POINT('',(13.465603334646,8.979081123096,
    56.868743483772));
#6035 = CARTESIAN_POINT('',(14.33419642384,8.61343783944,56.957858764812
    ));
#6036 = CARTESIAN_POINT('',(15.23355239449,8.343468823018,
    57.047011807432));
#6037 = CARTESIAN_POINT('',(17.14170440726,7.985541052657,
    57.232399389505));
#6038 = CARTESIAN_POINT('',(18.154424473545,7.913775921354,
    57.32871690992));
#6039 = CARTESIAN_POINT('',(19.172896001931,7.959267677041,
    57.425006013735));
#6040 = CARTESIAN_POINT('',(20.18140321351,8.122134857831,
    57.521277345674));
#6041 = CARTESIAN_POINT('',(21.164598867453,8.400169737195,
    57.617558888215));
#6042 = CARTESIAN_POINT('',(22.107489048392,8.789035483103,
    57.713877418359));
#6043 = CARTESIAN_POINT('',(22.995561653095,9.281934677973,
    57.81023063221));
#6044 = CARTESIAN_POINT('',(24.779887690175,10.559262333236,
    58.019777398458));
#6045 = CARTESIAN_POINT('',(25.652238850369,11.381548818408,
    58.133219063545));
#6046 = CARTESIAN_POINT('',(26.409074498626,12.319902651939,
    58.246576349136));
#6047 = CARTESIAN_POINT('',(27.033281239598,13.354748603218,
    58.359879266143));
#6048 = CARTESIAN_POINT('',(27.511246938951,14.464632014666,
    58.473171800291));
#6049 = CARTESIAN_POINT('',(27.833579489729,15.626025338447,
    58.586506624195));
#6050 = CARTESIAN_POINT('',(27.994405276015,16.813736819619,
    58.699922278701));
#6051 = CARTESIAN_POINT('',(27.994405276015,18.,58.813200073589));
#6052 = PCURVE('',#195,#6053);
#6053 = DEFINITIONAL_REPRESENTATION('',(#6054),#6113);
#6054 = B_SPLINE_CURVE_WITH_KNOTS('',8,(#6055,#6056,#6057,#6058,#6059,
    #6060,#6061,#6062,#6063,#6064,#6065,#6066,#6067,#6068,#6069,#6070,
    #6071,#6072,#6073,#6074,#6075,#6076,#6077,#6078,#6079,#6080,#6081,
    #6082,#6083,#6084,#6085,#6086,#6087,#6088,#6089,#6090,#6091,#6092,
    #6093,#6094,#6095,#6096,#6097,#6098,#6099,#6100,#6101,#6102,#6103,
    #6104,#6105,#6106,#6107,#6108,#6109,#6110,#6111,#6112),
  .UNSPECIFIED.,.F.,.F.,(9,7,7,7,7,7,7,7,9),(0.,7.488943646216E-02,
    0.213797716448,0.356819203338,0.460125423945,0.60150191106,
    0.720395464757,0.848842558064,1.),.UNSPECIFIED.);
#6055 = CARTESIAN_POINT('',(0.164965588339,78.190484641703));
#6056 = CARTESIAN_POINT('',(0.164964864092,78.271773078263));
#6057 = CARTESIAN_POINT('',(0.164963787426,78.353084212315));
#6058 = CARTESIAN_POINT('',(0.164962497361,78.434406789825));
#6059 = CARTESIAN_POINT('',(0.164961136027,78.515732629653));
#6060 = CARTESIAN_POINT('',(0.164959848664,78.597056623547));
#6061 = CARTESIAN_POINT('',(0.164958783622,78.678376736148));
#6062 = CARTESIAN_POINT('',(0.164958092361,78.759694004988));
#6063 = CARTESIAN_POINT('',(0.164957627281,78.991845801237));
#6064 = CARTESIAN_POINT('',(0.164958940529,79.142798595997));
#6065 = CARTESIAN_POINT('',(0.164962560356,79.293694352915));
#6066 = CARTESIAN_POINT('',(0.1649676717,79.44452635887));
#6067 = CARTESIAN_POINT('',(0.164972666023,79.595371401777));
#6068 = CARTESIAN_POINT('',(0.164975896525,79.746300894881));
#6069 = CARTESIAN_POINT('',(0.164976475823,79.897289483037));
#6070 = CARTESIAN_POINT('',(0.164973716103,80.203419048148));
#6071 = CARTESIAN_POINT('',(0.164970252563,80.358904335721));
#6072 = CARTESIAN_POINT('',(0.16496492982,80.514330937398));
#6073 = CARTESIAN_POINT('',(0.164959778493,80.669671831017));
#6074 = CARTESIAN_POINT('',(0.164956676709,80.825011478323));
#6075 = CARTESIAN_POINT('',(0.164956283238,80.98043748731));
#6076 = CARTESIAN_POINT('',(0.164957882567,81.135931487149));
#6077 = CARTESIAN_POINT('',(0.164961773801,81.403454389583));
#6078 = CARTESIAN_POINT('',(0.164963858291,81.515664384229));
#6079 = CARTESIAN_POINT('',(0.164965737718,81.627883690505));
#6080 = CARTESIAN_POINT('',(0.1649669978,81.740106750349));
#6081 = CARTESIAN_POINT('',(0.164967467598,81.852327956764));
#6082 = CARTESIAN_POINT('',(0.164967219519,81.964541653817));
#6083 = CARTESIAN_POINT('',(0.164966569315,82.076742136639));
#6084 = CARTESIAN_POINT('',(0.16496540108,82.342446143944));
#6085 = CARTESIAN_POINT('',(0.164965041337,82.496075036181));
#6086 = CARTESIAN_POINT('',(0.16496564623,82.649614831718));
#6087 = CARTESIAN_POINT('',(0.164969249941,82.80310907402));
#6088 = CARTESIAN_POINT('',(0.164973732007,82.95661941069));
#6089 = CARTESIAN_POINT('',(0.164974374075,83.110202075461));
#6090 = CARTESIAN_POINT('',(0.16496894122,83.263873678441));
#6091 = CARTESIAN_POINT('',(0.164957481109,83.546434252911));
#6092 = CARTESIAN_POINT('',(0.164964393151,83.675559738025));
#6093 = CARTESIAN_POINT('',(0.164919614261,83.804644897799));
#6094 = CARTESIAN_POINT('',(0.164958824642,83.933700693868));
#6095 = CARTESIAN_POINT('',(0.16500664248,84.062752584972));
#6096 = CARTESIAN_POINT('',(0.164968635281,84.191826775366));
#6097 = CARTESIAN_POINT('',(0.164952975278,84.320933438964));
#6098 = CARTESIAN_POINT('',(0.164944271175,84.589378102719));
#6099 = CARTESIAN_POINT('',(0.164950125805,84.728837351312));
#6100 = CARTESIAN_POINT('',(0.164964422554,84.868247065139));
#6101 = CARTESIAN_POINT('',(0.164973563376,85.007636168906));
#6102 = CARTESIAN_POINT('',(0.164975225335,85.147047488556));
#6103 = CARTESIAN_POINT('',(0.164974104138,85.286515130624));
#6104 = CARTESIAN_POINT('',(0.164971405574,85.426034561065));
#6105 = CARTESIAN_POINT('',(0.164966233785,85.72945753555));
#6106 = CARTESIAN_POINT('',(0.164963766364,85.893720334041));
#6107 = CARTESIAN_POINT('',(0.164963894893,86.057858373978));
#6108 = CARTESIAN_POINT('',(0.16496688013,86.221914851206));
#6109 = CARTESIAN_POINT('',(0.164968184361,86.385957964659));
#6110 = CARTESIAN_POINT('',(0.164967070896,86.550064714775));
#6111 = CARTESIAN_POINT('',(0.164964565284,86.714289888619));
#6112 = CARTESIAN_POINT('',(0.164962035662,86.878315469463));
#6113 = ( GEOMETRIC_REPRESENTATION_CONTEXT(2) 
PARAMETRIC_REPRESENTATION_CONTEXT() REPRESENTATION_CONTEXT('2D SPACE',''
  ) );
#6114 = PCURVE('',#3544,#6115);
#6115 = DEFINITIONAL_REPRESENTATION('',(#6116),#6175);
#6116 = B_SPLINE_CURVE_WITH_KNOTS('',8,(#6117,#6118,#6119,#6120,#6121,
    #6122,#6123,#6124,#6125,#6126,#6127,#6128,#6129,#6130,#6131,#6132,
    #6133,#6134,#6135,#6136,#6137,#6138,#6139,#6140,#6141,#6142,#6143,
    #6144,#6145,#6146,#6147,#6148,#6149,#6150,#6151,#6152,#6153,#6154,
    #6155,#6156,#6157,#6158,#6159,#6160,#6161,#6162,#6163,#6164,#6165,
    #6166,#6167,#6168,#6169,#6170,#6171,#6172,#6173,#6174),
  .UNSPECIFIED.,.F.,.F.,(9,7,7,7,7,7,7,7,9),(0.,7.488943646216E-02,
    0.213797716448,0.356819203338,0.460125423945,0.60150191106,
    0.720395464757,0.848842558064,1.),.UNSPECIFIED.);
#6117 = CARTESIAN_POINT('',(0.,52.813203032692));
#6118 = CARTESIAN_POINT('',(5.878933197352E-02,52.869342047005));
#6119 = CARTESIAN_POINT('',(0.117595088824,52.925496494848));
#6120 = CARTESIAN_POINT('',(0.176409108631,52.981658699347));
#6121 = CARTESIAN_POINT('',(0.235225458088,53.037823107964));
#6122 = CARTESIAN_POINT('',(0.2940404325,53.093986292501));
#6123 = CARTESIAN_POINT('',(0.352852555788,53.150146949097));
#6124 = CARTESIAN_POINT('',(0.411662580485,53.206305898227));
#6125 = CARTESIAN_POINT('',(0.579558591818,53.366634513208));
#6126 = CARTESIAN_POINT('',(0.688730030735,53.470886602955));
#6127 = CARTESIAN_POINT('',(0.797860149363,53.575100883992));
#6128 = CARTESIAN_POINT('',(0.906944208983,53.679272160779));
#6129 = CARTESIAN_POINT('',(1.01603781509,53.783452360857));
#6130 = CARTESIAN_POINT('',(1.125192596137,53.887689673652));
#6131 = CARTESIAN_POINT('',(1.234390133214,53.991965979424));
#6132 = CARTESIAN_POINT('',(1.455788229812,54.203383629547));
#6133 = CARTESIAN_POINT('',(1.568237801176,54.310762676634));
#6134 = CARTESIAN_POINT('',(1.680644836816,54.418099918175));
#6135 = CARTESIAN_POINT('',(1.792989776992,54.525378085552));
#6136 = CARTESIAN_POINT('',(1.905333770945,54.632656798639));
#6137 = CARTESIAN_POINT('',(2.017740302542,54.739997013431));
#6138 = CARTESIAN_POINT('',(2.13019619079,54.847385551645));
#6139 = CARTESIAN_POINT('',(2.323673509364,55.032145189083));
#6140 = CARTESIAN_POINT('',(2.404825865154,55.10964121197));
#6141 = CARTESIAN_POINT('',(2.485985003375,55.187143524946));
#6142 = CARTESIAN_POINT('',(2.567146861859,55.264648005208));
#6143 = CARTESIAN_POINT('',(2.648307345473,55.342150663141));
#6144 = CARTESIAN_POINT('',(2.729462326119,55.419647642328));
#6145 = CARTESIAN_POINT('',(2.810607642732,55.497135219541));
#6146 = CARTESIAN_POINT('',(3.002769013492,55.680635217664));
#6147 = CARTESIAN_POINT('',(3.113875651117,55.786734328814));
#6148 = CARTESIAN_POINT('',(3.224917665731,55.892772569856));
#6149 = CARTESIAN_POINT('',(3.335926668959,55.998781408726));
#6150 = CARTESIAN_POINT('',(3.446947647252,56.104801965459));
#6151 = CARTESIAN_POINT('',(3.558021482991,56.210869838416));
#6152 = CARTESIAN_POINT('',(3.669159863121,56.316994965219));
#6153 = CARTESIAN_POINT('',(3.873513176753,56.512129402161));
#6154 = CARTESIAN_POINT('',(3.966899047295,56.601310932805));
#6155 = CARTESIAN_POINT('',(4.060256249521,56.690429142614));
#6156 = CARTESIAN_POINT('',(4.153590323464,56.77958470829));
#6157 = CARTESIAN_POINT('',(4.246922162216,56.868743483772));
#6158 = CARTESIAN_POINT('',(4.340272085969,56.957858764812));
#6159 = CARTESIAN_POINT('',(4.433643277603,57.047011807432));
#6160 = CARTESIAN_POINT('',(4.627786430782,57.232399389505));
#6161 = CARTESIAN_POINT('',(4.728645635511,57.32871690992));
#6162 = CARTESIAN_POINT('',(4.829469591991,57.425006013735));
#6163 = CARTESIAN_POINT('',(4.93027887131,57.521277345674));
#6164 = CARTESIAN_POINT('',(5.03110397663,57.617558888215));
#6165 = CARTESIAN_POINT('',(5.131969387327,57.713877418359));
#6166 = CARTESIAN_POINT('',(5.232871991691,57.81023063221));
#6167 = CARTESIAN_POINT('',(5.452311854649,58.019777398458));
#6168 = CARTESIAN_POINT('',(5.571108883687,58.133219063545));
#6169 = CARTESIAN_POINT('',(5.689815725249,58.246576349136));
#6170 = CARTESIAN_POINT('',(5.808463981184,58.359879266143));
#6171 = CARTESIAN_POINT('',(5.927103007478,58.473171800291));
#6172 = CARTESIAN_POINT('',(6.045788194511,58.586506624195));
#6173 = CARTESIAN_POINT('',(6.164558989142,58.699922278701));
#6174 = CARTESIAN_POINT('',(6.28318530718,58.813200073589));
#6175 = ( GEOMETRIC_REPRESENTATION_CONTEXT(2) 
PARAMETRIC_REPRESENTATION_CONTEXT() REPRESENTATION_CONTEXT('2D SPACE',''
  ) );
#6176 = ORIENTED_EDGE('',*,*,#6177,.F.);
#6177 = EDGE_CURVE('',#6178,#5990,#6180,.T.);
#6178 = VERTEX_POINT('',#6179);
#6179 = CARTESIAN_POINT('',(27.994405276015,18.,46.81320407211));
#6180 = SURFACE_CURVE('',#6181,(#6238,#6298),.PCURVE_S1.);
#6181 = B_SPLINE_CURVE_WITH_KNOTS('',7,(#6182,#6183,#6184,#6185,#6186,
    #6187,#6188,#6189,#6190,#6191,#6192,#6193,#6194,#6195,#6196,#6197,
    #6198,#6199,#6200,#6201,#6202,#6203,#6204,#6205,#6206,#6207,#6208,
    #6209,#6210,#6211,#6212,#6213,#6214,#6215,#6216,#6217,#6218,#6219,
    #6220,#6221,#6222,#6223,#6224,#6225,#6226,#6227,#6228,#6229,#6230,
    #6231,#6232,#6233,#6234,#6235,#6236,#6237),.UNSPECIFIED.,.F.,.F.,(8,
    6,6,6,6,6,6,6,6,8),(0.,9.338146734079E-02,0.244978611703,
    0.377511618528,0.471980812278,0.603225006105,0.75275118753,
    0.814743133227,0.921883004917,1.),.UNSPECIFIED.);
#6182 = CARTESIAN_POINT('',(27.994405276015,18.,46.813204072111));
#6183 = CARTESIAN_POINT('',(27.994405276015,18.837740284257,
    46.893202422527));
#6184 = CARTESIAN_POINT('',(27.912503959555,19.675696685436,
    46.97320797117));
#6185 = CARTESIAN_POINT('',(27.748726078211,20.503929586989,
    47.053219966358));
#6186 = CARTESIAN_POINT('',(27.504461757934,21.312894015529,
    47.13323662286));
#6187 = CARTESIAN_POINT('',(27.182466499051,22.093439640823,
    47.213255121894));
#6188 = CARTESIAN_POINT('',(26.786861176266,22.836810775796,
    47.293271611128));
#6189 = CARTESIAN_POINT('',(25.570305862104,24.667525172702,
    47.503170209953));
#6190 = CARTESIAN_POINT('',(24.636640552548,25.682499041207,
    47.633241640423));
#6191 = CARTESIAN_POINT('',(23.546171091073,26.541715004564,
    47.763138458195));
#6192 = CARTESIAN_POINT('',(22.330690862217,27.218494750192,
    47.893034839776));
#6193 = CARTESIAN_POINT('',(21.025691602237,27.692936153276,
    48.022953195628));
#6194 = CARTESIAN_POINT('',(19.670856966523,27.95183949393,
    48.153050717761));
#6195 = CARTESIAN_POINT('',(17.123166539735,28.032676571681,
    48.396457431794));
#6196 = CARTESIAN_POINT('',(15.92817980779,27.905576557302,
    48.510125413708));
#6197 = CARTESIAN_POINT('',(14.75617794002,27.612093602392,
    48.623715478142));
#6198 = CARTESIAN_POINT('',(13.634380891083,27.157998142766,
    48.737298609767));
#6199 = CARTESIAN_POINT('',(12.588161791916,26.553535254653,
    48.850899436558));
#6200 = CARTESIAN_POINT('',(11.641125915929,25.813449018554,
    48.964588075973));
#6201 = CARTESIAN_POINT('',(10.223597594875,24.350830396203,
    49.159092199598));
#6202 = CARTESIAN_POINT('',(9.69367609775,23.683567368798,
    49.240052460194));
#6203 = CARTESIAN_POINT('',(9.230959553625,22.965166549492,
    49.321023367863));
#6204 = CARTESIAN_POINT('',(8.84131490532,22.203772534182,
    49.401998893874));
#6205 = CARTESIAN_POINT('',(8.529267911914,21.408232374158,
    49.482971794232));
#6206 = CARTESIAN_POINT('',(8.298003148738,20.588095576095,
    49.563933609667));
#6207 = CARTESIAN_POINT('',(7.942862570204,18.594285394176,
    49.757324483592));
#6208 = CARTESIAN_POINT('',(7.895407971671,17.405272777886,
    49.869897754226));
#6209 = CARTESIAN_POINT('',(8.012647951217,16.214852039813,
    49.982409684452));
#6210 = CARTESIAN_POINT('',(8.292889110197,15.049985844166,
    50.094877960895));
#6211 = CARTESIAN_POINT('',(8.729863625723,13.936559473376,
    50.207388697355));
#6212 = CARTESIAN_POINT('',(9.312878425809,12.899143599695,
    50.319967336119));
#6213 = CARTESIAN_POINT('',(10.834920992627,10.890643796481,
    50.560610850824));
#6214 = CARTESIAN_POINT('',(11.814336063528,9.946149365222,
    50.688987351583));
#6215 = CARTESIAN_POINT('',(12.937250474257,9.162121892251,
    50.81714356861));
#6216 = CARTESIAN_POINT('',(14.171360665755,8.562505707097,
    50.945360574944));
#6217 = CARTESIAN_POINT('',(15.481476007525,8.164261546618,
    51.073582204073));
#6218 = CARTESIAN_POINT('',(16.829109620735,7.977825123664,
    51.201898085345));
#6219 = CARTESIAN_POINT('',(18.727686374368,8.011405624929,
    51.383222568685));
#6220 = CARTESIAN_POINT('',(19.283113938319,8.057369002006,
    51.436332077963));
#6221 = CARTESIAN_POINT('',(19.834955424238,8.139322258086,
    51.489430643613));
#6222 = CARTESIAN_POINT('',(20.380585583309,8.256949462176,
    51.542533074612));
#6223 = CARTESIAN_POINT('',(20.917332096161,8.409712537843,
    51.595647688988));
#6224 = CARTESIAN_POINT('',(21.442494211197,8.596798558951,
    51.648774892159));
#6225 = CARTESIAN_POINT('',(22.836333697569,9.197713823785,
    51.793724500987));
#6226 = CARTESIAN_POINT('',(23.676909606401,9.67763927552,
    51.885553431743));
#6227 = CARTESIAN_POINT('',(24.461177607751,10.250698262052,
    51.977387147994));
#6228 = CARTESIAN_POINT('',(25.176873210347,10.908950941184,
    52.069222431671));
#6229 = CARTESIAN_POINT('',(25.813396248521,11.642647968202,
    52.161055815194));
#6230 = CARTESIAN_POINT('',(26.361810882206,12.440230495872,
    52.252883581466));
#6231 = CARTESIAN_POINT('',(27.145158766299,13.906690056491,
    52.411647527305));
#6232 = CARTESIAN_POINT('',(27.424820868903,14.551783856529,
    52.47856030126));
#6233 = CARTESIAN_POINT('',(27.651232103708,15.218881839613,
    52.545475888507));
#6234 = CARTESIAN_POINT('',(27.822422182011,15.902890816411,
    52.612410680584));
#6235 = CARTESIAN_POINT('',(27.937050327454,16.598354143205,
    52.679361657795));
#6236 = CARTESIAN_POINT('',(27.994405276015,17.299451721896,
    52.746306389216));
#6237 = CARTESIAN_POINT('',(27.994405276015,18.,52.813203032692));
#6238 = PCURVE('',#195,#6239);
#6239 = DEFINITIONAL_REPRESENTATION('',(#6240),#6297);
#6240 = B_SPLINE_CURVE_WITH_KNOTS('',7,(#6241,#6242,#6243,#6244,#6245,
    #6246,#6247,#6248,#6249,#6250,#6251,#6252,#6253,#6254,#6255,#6256,
    #6257,#6258,#6259,#6260,#6261,#6262,#6263,#6264,#6265,#6266,#6267,
    #6268,#6269,#6270,#6271,#6272,#6273,#6274,#6275,#6276,#6277,#6278,
    #6279,#6280,#6281,#6282,#6283,#6284,#6285,#6286,#6287,#6288,#6289,
    #6290,#6291,#6292,#6293,#6294,#6295,#6296),.UNSPECIFIED.,.F.,.F.,(8,
    6,6,6,6,6,6,6,6,8),(0.,9.338146734079E-02,0.244978611703,
    0.377511618528,0.471980812278,0.603225006105,0.75275118753,
    0.814743133227,0.921883004917,1.),.UNSPECIFIED.);
#6241 = CARTESIAN_POINT('',(0.164966462745,69.502653695507));
#6242 = CARTESIAN_POINT('',(0.164966688981,69.618488836593));
#6243 = CARTESIAN_POINT('',(0.164966351571,69.734334960564));
#6244 = CARTESIAN_POINT('',(0.164965279511,69.850191148922));
#6245 = CARTESIAN_POINT('',(0.164963538905,69.966054751019));
#6246 = CARTESIAN_POINT('',(0.164961432962,70.081921384061));
#6247 = CARTESIAN_POINT('',(0.164959501996,70.197784933107));
#6248 = CARTESIAN_POINT('',(0.164956934798,70.501714763282));
#6249 = CARTESIAN_POINT('',(0.164957444949,70.690054036649));
#6250 = CARTESIAN_POINT('',(0.164961655065,70.878136799336));
#6251 = CARTESIAN_POINT('',(0.164969723366,71.066215096816));
#6252 = CARTESIAN_POINT('',(0.164975313445,71.254327674863));
#6253 = CARTESIAN_POINT('',(0.164976805667,71.44270375241));
#6254 = CARTESIAN_POINT('',(0.164973656353,71.795152971255));
#6255 = CARTESIAN_POINT('',(0.164969762448,71.959744887555));
#6256 = CARTESIAN_POINT('',(0.164964022195,72.124225816115));
#6257 = CARTESIAN_POINT('',(0.164958669774,72.288696320801));
#6258 = CARTESIAN_POINT('',(0.164956568018,72.453189217634));
#6259 = CARTESIAN_POINT('',(0.164957064936,72.617806682559));
#6260 = CARTESIAN_POINT('',(0.164960258688,72.899440020508));
#6261 = CARTESIAN_POINT('',(0.16496242164,73.016666056154));
#6262 = CARTESIAN_POINT('',(0.164964591291,73.133907501806));
#6263 = CARTESIAN_POINT('',(0.164966226092,73.251156166133));
#6264 = CARTESIAN_POINT('',(0.164967070091,73.368401814352));
#6265 = CARTESIAN_POINT('',(0.164967152928,73.485632168229));
#6266 = CARTESIAN_POINT('',(0.1649662854,73.765657587272));
#6267 = CARTESIAN_POINT('',(0.164965172363,73.928661629211));
#6268 = CARTESIAN_POINT('',(0.164963965622,74.091576945069));
#6269 = CARTESIAN_POINT('',(0.164966392478,74.254425441019));
#6270 = CARTESIAN_POINT('',(0.164971211436,74.417333041015));
#6271 = CARTESIAN_POINT('',(0.164972778924,74.580342192398));
#6272 = CARTESIAN_POINT('',(0.164967612573,74.928792380367));
#6273 = CARTESIAN_POINT('',(0.164974145548,75.114671458714));
#6274 = CARTESIAN_POINT('',(0.164908413803,75.300303376463));
#6275 = CARTESIAN_POINT('',(0.164956520841,75.485910202398));
#6276 = CARTESIAN_POINT('',(0.165012247223,75.671516150557));
#6277 = CARTESIAN_POINT('',(0.164953724725,75.857372094699));
#6278 = CARTESIAN_POINT('',(0.164946345903,76.119932188697));
#6279 = CARTESIAN_POINT('',(0.16494737165,76.196832248146));
#6280 = CARTESIAN_POINT('',(0.164951160981,76.273713715544));
#6281 = CARTESIAN_POINT('',(0.164956113695,76.350599623892));
#6282 = CARTESIAN_POINT('',(0.164960897627,76.427503341141));
#6283 = CARTESIAN_POINT('',(0.164964936199,76.504426027224));
#6284 = CARTESIAN_POINT('',(0.164973131502,76.714300849028));
#6285 = CARTESIAN_POINT('',(0.16497414323,76.847265557878));
#6286 = CARTESIAN_POINT('',(0.164972613254,76.980239721504));
#6287 = CARTESIAN_POINT('',(0.164969935148,77.113217295539));
#6288 = CARTESIAN_POINT('',(0.164967258017,77.246192117235));
#6289 = CARTESIAN_POINT('',(0.164965486496,77.379157905467));
#6290 = CARTESIAN_POINT('',(0.164965130744,77.609043996089));
#6291 = CARTESIAN_POINT('',(0.16496556757,77.705931380517));
#6292 = CARTESIAN_POINT('',(0.164966184794,77.802822659265));
#6293 = CARTESIAN_POINT('',(0.164966669104,77.899741878134));
#6294 = CARTESIAN_POINT('',(0.164966800316,77.996684883472));
#6295 = CARTESIAN_POINT('',(0.164966451371,78.093619322179));
#6296 = CARTESIAN_POINT('',(0.164965588339,78.190484641703));
#6297 = ( GEOMETRIC_REPRESENTATION_CONTEXT(2) 
PARAMETRIC_REPRESENTATION_CONTEXT() REPRESENTATION_CONTEXT('2D SPACE',''
  ) );
#6298 = PCURVE('',#3374,#6299);
#6299 = DEFINITIONAL_REPRESENTATION('',(#6300),#6357);
#6300 = B_SPLINE_CURVE_WITH_KNOTS('',7,(#6301,#6302,#6303,#6304,#6305,
    #6306,#6307,#6308,#6309,#6310,#6311,#6312,#6313,#6314,#6315,#6316,
    #6317,#6318,#6319,#6320,#6321,#6322,#6323,#6324,#6325,#6326,#6327,
    #6328,#6329,#6330,#6331,#6332,#6333,#6334,#6335,#6336,#6337,#6338,
    #6339,#6340,#6341,#6342,#6343,#6344,#6345,#6346,#6347,#6348,#6349,
    #6350,#6351,#6352,#6353,#6354,#6355,#6356),.UNSPECIFIED.,.F.,.F.,(8,
    6,6,6,6,6,6,6,6,8),(0.,9.338146734079E-02,0.244978611703,
    0.377511618528,0.471980812278,0.603225006105,0.75275118753,
    0.814743133227,0.921883004917,1.),.UNSPECIFIED.);
#6301 = CARTESIAN_POINT('',(0.,46.813204072111));
#6302 = CARTESIAN_POINT('',(8.377402842572E-02,46.893202422527));
#6303 = CARTESIAN_POINT('',(0.16755612362,46.97320797117));
#6304 = CARTESIAN_POINT('',(0.251345542818,47.053219966358));
#6305 = CARTESIAN_POINT('',(0.335140308291,47.13323662286));
#6306 = CARTESIAN_POINT('',(0.418937207355,47.213255121894));
#6307 = CARTESIAN_POINT('',(0.502731792364,47.293271611128));
#6308 = CARTESIAN_POINT('',(0.7225390269,47.503170209953));
#6309 = CARTESIAN_POINT('',(0.858748987341,47.633241640423));
#6310 = CARTESIAN_POINT('',(0.99477325204,47.763138458195));
#6311 = CARTESIAN_POINT('',(1.130794405097,47.893034839776));
#6312 = CARTESIAN_POINT('',(1.266840612124,48.022953195628));
#6313 = CARTESIAN_POINT('',(1.403077431005,48.153050717761));
#6314 = CARTESIAN_POINT('',(1.657974687637,48.396457431794));
#6315 = CARTESIAN_POINT('',(1.777010320142,48.510125413708));
#6316 = CARTESIAN_POINT('',(1.895965585617,48.623715478142));
#6317 = CARTESIAN_POINT('',(2.014913160159,48.737298609767));
#6318 = CARTESIAN_POINT('',(2.133876940674,48.850899436558));
#6319 = CARTESIAN_POINT('',(2.252930972344,48.964588075973));
#6320 = CARTESIAN_POINT('',(2.456613072084,49.159092199598));
#6321 = CARTESIAN_POINT('',(2.541393064552,49.240052460194));
#6322 = CARTESIAN_POINT('',(2.626184276821,49.321023367863));
#6323 = CARTESIAN_POINT('',(2.710980750558,49.401998893874));
#6324 = CARTESIAN_POINT('',(2.795775036861,49.482971794232));
#6325 = CARTESIAN_POINT('',(2.880558196256,49.563933609667));
#6326 = CARTESIAN_POINT('',(3.083077426751,49.757324483592));
#6327 = CARTESIAN_POINT('',(3.200964544677,49.869897754226));
#6328 = CARTESIAN_POINT('',(3.318787148804,49.982409684452));
#6329 = CARTESIAN_POINT('',(3.436561225079,50.094877960895));
#6330 = CARTESIAN_POINT('',(3.554378236105,50.207388697355));
#6331 = CARTESIAN_POINT('',(3.672269226826,50.319967336119));
#6332 = CARTESIAN_POINT('',(3.924274882213,50.560610850824));
#6333 = CARTESIAN_POINT('',(4.058705892527,50.688987351583));
#6334 = CARTESIAN_POINT('',(4.192961270355,50.81714356861));
#6335 = CARTESIAN_POINT('',(4.327190126972,50.945360574944));
#6336 = CARTESIAN_POINT('',(4.461426377608,51.073582204073));
#6337 = CARTESIAN_POINT('',(4.595839344849,51.201898085345));
#6338 = CARTESIAN_POINT('',(4.785726715137,51.383222568685));
#6339 = CARTESIAN_POINT('',(4.841342055859,51.436332077963));
#6340 = CARTESIAN_POINT('',(4.896944078985,51.489430643613));
#6341 = CARTESIAN_POINT('',(4.952549431569,51.542533074612));
#6342 = CARTESIAN_POINT('',(5.0081677339,51.595647688988));
#6343 = CARTESIAN_POINT('',(5.063799768563,51.648774892159));
#6344 = CARTESIAN_POINT('',(5.215585395988,51.793724500987));
#6345 = CARTESIAN_POINT('',(5.311747983338,51.885553431743));
#6346 = CARTESIAN_POINT('',(5.407917166788,51.977387147994));
#6347 = CARTESIAN_POINT('',(5.504088547096,52.069222431671));
#6348 = CARTESIAN_POINT('',(5.600257730074,52.161055815194));
#6349 = CARTESIAN_POINT('',(5.696420326586,52.252883581466));
#6350 = CARTESIAN_POINT('',(5.862677282845,52.411647527305));
#6351 = CARTESIAN_POINT('',(5.932747715949,52.47856030126));
#6352 = CARTESIAN_POINT('',(6.002821062425,52.545475888507));
#6353 = CARTESIAN_POINT('',(6.072914718944,52.612410680584));
#6354 = CARTESIAN_POINT('',(6.143025668294,52.679361657795));
#6355 = CARTESIAN_POINT('',(6.213130479369,52.746306389216));
#6356 = CARTESIAN_POINT('',(6.28318530718,52.813203032692));
#6357 = ( GEOMETRIC_REPRESENTATION_CONTEXT(2) 
PARAMETRIC_REPRESENTATION_CONTEXT() REPRESENTATION_CONTEXT('2D SPACE',''
  ) );
#6358 = ORIENTED_EDGE('',*,*,#6359,.F.);
#6359 = EDGE_CURVE('',#6360,#6178,#6362,.T.);
#6360 = VERTEX_POINT('',#6361);
#6361 = CARTESIAN_POINT('',(27.994405276015,18.,40.813203337545));
#6362 = SURFACE_CURVE('',#6363,(#6420,#6480),.PCURVE_S1.);
#6363 = B_SPLINE_CURVE_WITH_KNOTS('',7,(#6364,#6365,#6366,#6367,#6368,
    #6369,#6370,#6371,#6372,#6373,#6374,#6375,#6376,#6377,#6378,#6379,
    #6380,#6381,#6382,#6383,#6384,#6385,#6386,#6387,#6388,#6389,#6390,
    #6391,#6392,#6393,#6394,#6395,#6396,#6397,#6398,#6399,#6400,#6401,
    #6402,#6403,#6404,#6405,#6406,#6407,#6408,#6409,#6410,#6411,#6412,
    #6413,#6414,#6415,#6416,#6417,#6418,#6419),.UNSPECIFIED.,.F.,.F.,(8,
    6,6,6,6,6,6,6,6,8),(0.,0.124161830426,0.271375746538,0.343540430535,
    0.451292132604,0.540611303073,0.648691779653,0.722423823481,
    0.866792082017,1.),.UNSPECIFIED.);
#6364 = CARTESIAN_POINT('',(27.994405276015,18.,40.813203337545));
#6365 = CARTESIAN_POINT('',(27.994405276015,19.113833330943,
    40.919567109866));
#6366 = CARTESIAN_POINT('',(27.849660904832,20.228492782785,
    41.026007466109));
#6367 = CARTESIAN_POINT('',(27.559821605125,21.319885834676,
    41.13239207472));
#6368 = CARTESIAN_POINT('',(27.12995165325,22.36580714478,
    41.238735464256));
#6369 = CARTESIAN_POINT('',(26.568633203823,23.345502194247,
    41.345107765118));
#6370 = CARTESIAN_POINT('',(25.887812786528,24.239817051337,
    41.451540162899));
#6371 = CARTESIAN_POINT('',(24.175518418808,25.971117217699,
    41.684065927336));
#6372 = CARTESIAN_POINT('',(23.100775315914,26.768277825123,
    41.810359231816));
#6373 = CARTESIAN_POINT('',(21.908291349724,27.393866770097,
    41.936505731371));
#6374 = CARTESIAN_POINT('',(20.631164553208,27.829109005627,
    42.062644710453));
#6375 = CARTESIAN_POINT('',(19.304609709759,28.061939101937,
    42.188809156514));
#6376 = CARTESIAN_POINT('',(17.966460298708,28.086814604679,
    42.315129905615));
#6377 = CARTESIAN_POINT('',(16.015815360458,27.823665796276,
    42.503089001892));
#6378 = CARTESIAN_POINT('',(15.380695787414,27.688633249046,
    42.564916984414));
#6379 = CARTESIAN_POINT('',(14.756474853467,27.505718848744,
    42.626748050533));
#6380 = CARTESIAN_POINT('',(14.147410498221,27.275989793154,
    42.68858828392));
#6381 = CARTESIAN_POINT('',(13.557669571275,27.000962533898,
    42.750441980309));
#6382 = CARTESIAN_POINT('',(12.991305627811,26.682652819335,
    42.812304304167));
#6383 = CARTESIAN_POINT('',(11.647268849353,25.787749367416,
    42.966494415605));
#6384 = CARTESIAN_POINT('',(10.902475993289,25.160666310392,
    43.058854398964));
#6385 = CARTESIAN_POINT('',(10.230690078284,24.4511633186,
    43.151222694052));
#6386 = CARTESIAN_POINT('',(9.642745942231,23.669450543968,
    43.243592983336));
#6387 = CARTESIAN_POINT('',(9.147455435386,22.827241743477,
    43.33596003551));
#6388 = CARTESIAN_POINT('',(8.751607420369,21.937754279165,
    43.428319705495));
#6389 = CARTESIAN_POINT('',(8.21821742434,20.251393498624,
    43.597220453939));
#6390 = CARTESIAN_POINT('',(8.047940076113,19.464087806315,
    43.673797113581));
#6391 = CARTESIAN_POINT('',(7.951694207938,18.662393026905,
    43.750368938171));
#6392 = CARTESIAN_POINT('',(7.930872807791,17.854773595245,
    43.826921982851));
#6393 = CARTESIAN_POINT('',(7.985703371179,17.049557395331,
    43.903458333094));
#6394 = CARTESIAN_POINT('',(8.11524790113,16.254935760302,
    43.979996104706));
#6395 = CARTESIAN_POINT('',(8.56202015433,14.539999818347,
    44.149226853669));
#6396 = CARTESIAN_POINT('',(8.912972006108,13.628547008592,
    44.241875024531));
#6397 = CARTESIAN_POINT('',(9.366359702423,12.759501320167,
    44.334534799231));
#6398 = CARTESIAN_POINT('',(9.916076837702,11.946444998463,44.4272128106
    ));
#6399 = CARTESIAN_POINT('',(10.553809361903,11.201646257269,
    44.519901481478));
#6400 = CARTESIAN_POINT('',(11.269035580517,10.536059278778,
    44.612579024715));
#6401 = CARTESIAN_POINT('',(12.581132424006,9.565877992303,
    44.768401522719));
#6402 = CARTESIAN_POINT('',(13.143665222564,9.21346314193,
    44.831594307358));
#6403 = CARTESIAN_POINT('',(13.732780018998,8.904964318802,
    44.894793234265));
#6404 = CARTESIAN_POINT('',(14.344362248996,8.642757690294,
    44.957998591636));
#6405 = CARTESIAN_POINT('',(14.97402731518,8.428710934814,
    45.021205518686));
#6406 = CARTESIAN_POINT('',(15.617120587103,8.264183241809,
    45.084404005646));
#6407 = CARTESIAN_POINT('',(17.54455206474,7.926502665395,
    45.271276110175));
#6408 = CARTESIAN_POINT('',(18.856119089904,7.895453177682,
    45.395161216775));
#6409 = CARTESIAN_POINT('',(20.165209158859,8.064531467682,
    45.518874378042));
#6410 = CARTESIAN_POINT('',(21.436053461326,8.430233991666,
    45.642555359961));
#6411 = CARTESIAN_POINT('',(22.634644392959,8.982695296189,
    45.766350722819));
#6412 = CARTESIAN_POINT('',(23.729130734758,9.705937951479,
    45.890203238546));
#6413 = CARTESIAN_POINT('',(25.579064695748,11.374141893165,
    46.128079670243));
#6414 = CARTESIAN_POINT('',(26.355759861147,12.299046037509,
    46.242306886774));
#6415 = CARTESIAN_POINT('',(26.999224953013,13.328772840059,
    46.356451561944));
#6416 = CARTESIAN_POINT('',(27.493712454606,14.440219157626,
    46.47060550555));
#6417 = CARTESIAN_POINT('',(27.827756007083,15.60812508603,
    46.584795728028));
#6418 = CARTESIAN_POINT('',(27.994405276015,16.804862161692,
    46.69907674962));
#6419 = CARTESIAN_POINT('',(27.994405276015,18.,46.81320407211));
#6420 = PCURVE('',#195,#6421);
#6421 = DEFINITIONAL_REPRESENTATION('',(#6422),#6479);
#6422 = B_SPLINE_CURVE_WITH_KNOTS('',7,(#6423,#6424,#6425,#6426,#6427,
    #6428,#6429,#6430,#6431,#6432,#6433,#6434,#6435,#6436,#6437,#6438,
    #6439,#6440,#6441,#6442,#6443,#6444,#6445,#6446,#6447,#6448,#6449,
    #6450,#6451,#6452,#6453,#6454,#6455,#6456,#6457,#6458,#6459,#6460,
    #6461,#6462,#6463,#6464,#6465,#6466,#6467,#6468,#6469,#6470,#6471,
    #6472,#6473,#6474,#6475,#6476,#6477,#6478),.UNSPECIFIED.,.F.,.F.,(8,
    6,6,6,6,6,6,6,6,8),(0.,0.124161830426,0.271375746538,0.343540430535,
    0.451292132604,0.540611303073,0.648691779653,0.722423823481,
    0.866792082017,1.),.UNSPECIFIED.);
#6423 = CARTESIAN_POINT('',(0.164965429502,60.814822076126));
#6424 = CARTESIAN_POINT('',(0.164965926514,60.968833339013));
#6425 = CARTESIAN_POINT('',(0.164967081927,61.122954839061));
#6426 = CARTESIAN_POINT('',(0.164967591117,61.276996260208));
#6427 = CARTESIAN_POINT('',(0.164965897671,61.430980185897));
#6428 = CARTESIAN_POINT('',(0.1649625752,61.585007593024));
#6429 = CARTESIAN_POINT('',(0.164959892029,61.739121383576));
#6430 = CARTESIAN_POINT('',(0.164956977965,62.075815059078));
#6431 = CARTESIAN_POINT('',(0.164957352173,62.258683847141));
#6432 = CARTESIAN_POINT('',(0.164961165612,62.441336648468));
#6433 = CARTESIAN_POINT('',(0.164968655061,62.623974907763));
#6434 = CARTESIAN_POINT('',(0.16497438173,62.806651794083));
#6435 = CARTESIAN_POINT('',(0.164976459569,62.989558628407));
#6436 = CARTESIAN_POINT('',(0.164974929902,63.261719643804));
#6437 = CARTESIAN_POINT('',(0.164973680645,63.351246068309));
#6438 = CARTESIAN_POINT('',(0.16497174358,63.440777641202));
#6439 = CARTESIAN_POINT('',(0.164969327737,63.53032296377));
#6440 = CARTESIAN_POINT('',(0.164966743035,63.619887948171));
#6441 = CARTESIAN_POINT('',(0.164964315214,63.709465269022));
#6442 = CARTESIAN_POINT('',(0.164959205195,63.932733299798));
#6443 = CARTESIAN_POINT('',(0.164957125008,64.066470030131));
#6444 = CARTESIAN_POINT('',(0.164956559183,64.200217290898));
#6445 = CARTESIAN_POINT('',(0.164957593316,64.333965849439));
#6446 = CARTESIAN_POINT('',(0.164959864431,64.467708491631));
#6447 = CARTESIAN_POINT('',(0.164962560987,64.601440021891));
#6448 = CARTESIAN_POINT('',(0.164965966249,64.846000181093));
#6449 = CARTESIAN_POINT('',(0.164967039731,64.956879968135));
#6450 = CARTESIAN_POINT('',(0.164967435804,65.067753427252));
#6451 = CARTESIAN_POINT('',(0.164967161891,65.178600359305));
#6452 = CARTESIAN_POINT('',(0.164966440345,65.289423563063));
#6453 = CARTESIAN_POINT('',(0.164965708452,65.400248835203));
#6454 = CARTESIAN_POINT('',(0.164965509498,65.645290407149));
#6455 = CARTESIAN_POINT('',(0.164966696967,65.779441178054));
#6456 = CARTESIAN_POINT('',(0.164968720043,65.913607920705));
#6457 = CARTESIAN_POINT('',(0.164970878606,66.047800934914));
#6458 = CARTESIAN_POINT('',(0.164972233217,66.182010182626));
#6459 = CARTESIAN_POINT('',(0.16497160511,66.316205287916));
#6460 = CARTESIAN_POINT('',(0.164964827694,66.541838625402));
#6461 = CARTESIAN_POINT('',(0.164960293664,66.633344508919));
#6462 = CARTESIAN_POINT('',(0.164955771369,66.724859274605));
#6463 = CARTESIAN_POINT('',(0.164952681009,66.816381928601));
#6464 = CARTESIAN_POINT('',(0.164952065723,66.907904396135));
#6465 = CARTESIAN_POINT('',(0.16495459159,66.999411521515));
#6466 = CARTESIAN_POINT('',(0.164972209628,67.269979577666));
#6467 = CARTESIAN_POINT('',(0.164993926561,67.449340155975));
#6468 = CARTESIAN_POINT('',(0.16491949386,67.628547299573));
#6469 = CARTESIAN_POINT('',(0.164914016032,67.807639332645));
#6470 = CARTESIAN_POINT('',(0.164983669619,67.986822333174));
#6471 = CARTESIAN_POINT('',(0.164970522466,68.1661703629));
#6472 = CARTESIAN_POINT('',(0.164974150281,68.510605154195));
#6473 = CARTESIAN_POINT('',(0.164971144946,68.676005943611));
#6474 = CARTESIAN_POINT('',(0.164965106538,68.84129022921));
#6475 = CARTESIAN_POINT('',(0.164963679189,69.006583353562));
#6476 = CARTESIAN_POINT('',(0.164964885912,69.171926391397));
#6477 = CARTESIAN_POINT('',(0.164966139992,69.337400856746));
#6478 = CARTESIAN_POINT('',(0.164966462745,69.502653695507));
#6479 = ( GEOMETRIC_REPRESENTATION_CONTEXT(2) 
PARAMETRIC_REPRESENTATION_CONTEXT() REPRESENTATION_CONTEXT('2D SPACE',''
  ) );
#6480 = PCURVE('',#3195,#6481);
#6481 = DEFINITIONAL_REPRESENTATION('',(#6482),#6539);
#6482 = B_SPLINE_CURVE_WITH_KNOTS('',7,(#6483,#6484,#6485,#6486,#6487,
    #6488,#6489,#6490,#6491,#6492,#6493,#6494,#6495,#6496,#6497,#6498,
    #6499,#6500,#6501,#6502,#6503,#6504,#6505,#6506,#6507,#6508,#6509,
    #6510,#6511,#6512,#6513,#6514,#6515,#6516,#6517,#6518,#6519,#6520,
    #6521,#6522,#6523,#6524,#6525,#6526,#6527,#6528,#6529,#6530,#6531,
    #6532,#6533,#6534,#6535,#6536,#6537,#6538),.UNSPECIFIED.,.F.,.F.,(8,
    6,6,6,6,6,6,6,6,8),(0.,0.124161830426,0.271375746538,0.343540430535,
    0.451292132604,0.540611303073,0.648691779653,0.722423823481,
    0.866792082017,1.),.UNSPECIFIED.);
#6483 = CARTESIAN_POINT('',(0.,40.813203337545));
#6484 = CARTESIAN_POINT('',(0.111383333094,40.919567109866));
#6485 = CARTESIAN_POINT('',(0.222846616482,41.026007466109));
#6486 = CARTESIAN_POINT('',(0.334252287765,41.13239207472));
#6487 = CARTESIAN_POINT('',(0.445616497926,41.238735464256));
#6488 = CARTESIAN_POINT('',(0.557012070297,41.345107765118));
#6489 = CARTESIAN_POINT('',(0.668469935886,41.451540162899));
#6490 = CARTESIAN_POINT('',(0.911972549173,41.684065927336));
#6491 = CARTESIAN_POINT('',(1.044226176463,41.810359231816));
#6492 = CARTESIAN_POINT('',(1.176323423965,41.936505731371));
#6493 = CARTESIAN_POINT('',(1.308410241531,42.062644710453));
#6494 = CARTESIAN_POINT('',(1.440525234472,42.188809156514));
#6495 = CARTESIAN_POINT('',(1.572806592504,42.315129905615));
#6496 = CARTESIAN_POINT('',(1.769638067896,42.503089001892));
#6497 = CARTESIAN_POINT('',(1.834385094513,42.564916984414));
#6498 = CARTESIAN_POINT('',(1.899135826655,42.626748050533));
#6499 = CARTESIAN_POINT('',(1.963896474632,42.68858828392));
#6500 = CARTESIAN_POINT('',(2.028671312517,42.750441980309));
#6501 = CARTESIAN_POINT('',(2.093455050729,42.812304304167));
#6502 = CARTESIAN_POINT('',(2.254926009421,42.966494415605));
#6503 = CARTESIAN_POINT('',(2.351646483668,43.058854398964));
#6504 = CARTESIAN_POINT('',(2.448374630321,43.151222694052));
#6505 = CARTESIAN_POINT('',(2.545103826968,43.243592983336));
#6506 = CARTESIAN_POINT('',(2.641828872288,43.33596003551));
#6507 = CARTESIAN_POINT('',(2.73854598606,43.428319705495));
#6508 = CARTESIAN_POINT('',(2.915416491516,43.597220453939));
#6509 = CARTESIAN_POINT('',(2.995606875494,43.673797113581));
#6510 = CARTESIAN_POINT('',(3.075792641428,43.750368938171));
#6511 = CARTESIAN_POINT('',(3.155959127711,43.826921982851));
#6512 = CARTESIAN_POINT('',(3.236108330789,43.903458333094));
#6513 = CARTESIAN_POINT('',(3.316258905167,43.979996104706));
#6514 = CARTESIAN_POINT('',(3.493476588575,44.149226853669));
#6515 = CARTESIAN_POINT('',(3.590496212259,44.241875024531));
#6516 = CARTESIAN_POINT('',(3.687527418784,44.334534799231));
#6517 = CARTESIAN_POINT('',(3.784577803386,44.4272128106));
#6518 = CARTESIAN_POINT('',(3.881640172213,44.519901481478));
#6519 = CARTESIAN_POINT('',(3.978692542327,44.612579024715));
#6520 = CARTESIAN_POINT('',(4.141874951163,44.768401522719));
#6521 = CARTESIAN_POINT('',(4.208053847301,44.831594307358));
#6522 = CARTESIAN_POINT('',(4.274239111331,44.894793234265));
#6523 = CARTESIAN_POINT('',(4.340429953619,44.957998591636));
#6524 = CARTESIAN_POINT('',(4.406620513689,45.021205518686));
#6525 = CARTESIAN_POINT('',(4.472799860218,45.084404005646));
#6526 = CARTESIAN_POINT('',(4.668478685661,45.271276110175));
#6527 = CARTESIAN_POINT('',(4.798195738131,45.395161216775));
#6528 = CARTESIAN_POINT('',(4.927799986069,45.518874378042));
#6529 = CARTESIAN_POINT('',(5.057321813854,45.642555359962));
#6530 = CARTESIAN_POINT('',(5.186911094274,45.766350722819));
#6531 = CARTESIAN_POINT('',(5.316619308048,45.890203238546));
#6532 = CARTESIAN_POINT('',(5.565720894777,46.128079670243));
#6533 = CARTESIAN_POINT('',(5.685341453845,46.242306886774));
#6534 = CARTESIAN_POINT('',(5.804877230684,46.356451561944));
#6535 = CARTESIAN_POINT('',(5.924419215964,46.470605505551));
#6536 = CARTESIAN_POINT('',(6.043997681316,46.584795728028));
#6537 = CARTESIAN_POINT('',(6.163671523349,46.69907674962));
#6538 = CARTESIAN_POINT('',(6.28318530718,46.81320407211));
#6539 = ( GEOMETRIC_REPRESENTATION_CONTEXT(2) 
PARAMETRIC_REPRESENTATION_CONTEXT() REPRESENTATION_CONTEXT('2D SPACE',''
  ) );
#6540 = ORIENTED_EDGE('',*,*,#6541,.F.);
#6541 = EDGE_CURVE('',#6542,#6360,#6544,.T.);
#6542 = VERTEX_POINT('',#6543);
#6543 = CARTESIAN_POINT('',(27.994405276015,18.,34.813203133784));
#6544 = SURFACE_CURVE('',#6545,(#6604,#6666),.PCURVE_S1.);
#6545 = B_SPLINE_CURVE_WITH_KNOTS('',8,(#6546,#6547,#6548,#6549,#6550,
    #6551,#6552,#6553,#6554,#6555,#6556,#6557,#6558,#6559,#6560,#6561,
    #6562,#6563,#6564,#6565,#6566,#6567,#6568,#6569,#6570,#6571,#6572,
    #6573,#6574,#6575,#6576,#6577,#6578,#6579,#6580,#6581,#6582,#6583,
    #6584,#6585,#6586,#6587,#6588,#6589,#6590,#6591,#6592,#6593,#6594,
    #6595,#6596,#6597,#6598,#6599,#6600,#6601,#6602,#6603),
  .UNSPECIFIED.,.F.,.F.,(9,7,7,7,7,7,7,7,9),(0.,0.158651654108,
    0.249102881723,0.354379742217,0.457214815487,0.60108285376,
    0.714983611524,0.839417223412,1.),.UNSPECIFIED.);
#6546 = CARTESIAN_POINT('',(27.994405276015,18.,34.813203133784));
#6547 = CARTESIAN_POINT('',(27.994405276015,19.245378992677,
    34.932127527541));
#6548 = CARTESIAN_POINT('',(27.817150905095,20.492858036067,
    35.051253034908));
#6549 = CARTESIAN_POINT('',(27.461604681922,21.709641627367,
    35.170263057651));
#6550 = CARTESIAN_POINT('',(26.935212850287,22.866532727599,
    35.289200161781));
#6551 = CARTESIAN_POINT('',(26.249419459027,23.936568751628,
    35.408128054656));
#6552 = CARTESIAN_POINT('',(25.420773928633,24.895538456712,
    35.527110099622));
#6553 = CARTESIAN_POINT('',(24.469612718919,25.721615880159,
    35.646212090986));
#6554 = CARTESIAN_POINT('',(22.827119906121,26.783463172509,
    35.832979488959));
#6555 = CARTESIAN_POINT('',(22.199373839886,27.120645573813,
    35.900793602398));
#6556 = CARTESIAN_POINT('',(21.544995672419,27.406425307656,
    35.968608594542));
#6557 = CARTESIAN_POINT('',(20.868889802589,27.638371703824,
    36.036426315142));
#6558 = CARTESIAN_POINT('',(20.176153201231,27.814643335927,
    36.104246978258));
#6559 = CARTESIAN_POINT('',(19.472075411147,27.933988021404,
    36.172069162255));
#6560 = CARTESIAN_POINT('',(18.762138547102,27.995742821524,
    36.239889809811));
#6561 = CARTESIAN_POINT('',(17.225501859002,28.00459584278,
    36.386633936452));
#6562 = CARTESIAN_POINT('',(16.398208605134,27.931217333923,
    36.465576883166));
#6563 = CARTESIAN_POINT('',(15.5792006299,27.779730102149,
    36.544524505141));
#6564 = CARTESIAN_POINT('',(14.777152101345,27.551241977874,
    36.623470784525));
#6565 = CARTESIAN_POINT('',(14.000348259894,27.247937034597,
    36.702412248523));
#6566 = CARTESIAN_POINT('',(13.256685418345,26.873075588894,
    36.781347969393));
#6567 = CARTESIAN_POINT('',(12.553670961873,26.430994200421,
    36.860279564447));
#6568 = CARTESIAN_POINT('',(11.258373520712,25.434904313457,
    37.016312090605));
#6569 = CARTESIAN_POINT('',(10.663543058256,24.883428694016,
    37.093424233034));
#6570 = CARTESIAN_POINT('',(10.120570395255,24.277846490748,
    37.170543157713));
#6571 = CARTESIAN_POINT('',(9.635218640028,23.623906682705,
    37.247664693659));
#6572 = CARTESIAN_POINT('',(9.212375574625,22.927939550824,
    37.32478496453));
#6573 = CARTESIAN_POINT('',(8.856053654822,22.196856677934,
    37.401900388627));
#6574 = CARTESIAN_POINT('',(8.569390010124,21.438150948749,
    37.479007678894));
#6575 = CARTESIAN_POINT('',(8.05421649665,19.571105244704,
    37.663962703944));
#6576 = CARTESIAN_POINT('',(7.894002292743,18.442300101691,
    37.771943720353));
#6577 = CARTESIAN_POINT('',(7.880877863003,17.296474651537,
    37.879851257189));
#6578 = CARTESIAN_POINT('',(8.016150383037,16.155963754015,
    37.987710683387));
#6579 = CARTESIAN_POINT('',(8.297441119776,15.04245970092,
    38.095567717066));
#6580 = CARTESIAN_POINT('',(8.719209864104,13.977097178155,
    38.20346551026));
#6581 = CARTESIAN_POINT('',(9.272154327117,12.980277518563,
    38.311426545545));
#6582 = CARTESIAN_POINT('',(10.471809946319,11.350947885345,
    38.504643567003));
#6583 = CARTESIAN_POINT('',(11.07589201381,10.684582599963,
    38.590089357253));
#6584 = CARTESIAN_POINT('',(11.74715574534,10.081465758312,
    38.675515332122));
#6585 = CARTESIAN_POINT('',(12.477585486679,9.5494416773,38.760909854142
    ));
#6586 = CARTESIAN_POINT('',(13.258387724275,9.094962593784,
    38.846284246946));
#6587 = CARTESIAN_POINT('',(14.080142475904,8.723254281649,
    38.931659485328));
#6588 = CARTESIAN_POINT('',(14.932794570904,8.438270532339,
    39.017059207374));
#6589 = CARTESIAN_POINT('',(16.759126994201,8.028588724379,
    39.195789160048));
#6590 = CARTESIAN_POINT('',(17.737104489099,7.921063524283,
    39.289152038565));
#6591 = CARTESIAN_POINT('',(18.724755059838,7.92342944604,
    39.382514524701));
#6592 = CARTESIAN_POINT('',(19.707709672021,8.036308558764,
    39.475840355854));
#6593 = CARTESIAN_POINT('',(20.671913715921,8.258251662741,
    39.569130212804));
#6594 = CARTESIAN_POINT('',(21.603595436969,8.585939932038,
    39.662436188054));
#6595 = CARTESIAN_POINT('',(22.489370712354,9.013904100725,
    39.755808165615));
#6596 = CARTESIAN_POINT('',(24.384040740569,10.204974650595,
    39.969525682836));
#6597 = CARTESIAN_POINT('',(25.356870784183,11.031157642429,
    40.090171890646));
#6598 = CARTESIAN_POINT('',(26.205435913762,11.995267445781,
    40.210698501606));
#6599 = CARTESIAN_POINT('',(26.908276652093,13.074566483712,
    40.331153206018));
#6600 = CARTESIAN_POINT('',(27.447993443468,14.244008610619,
    40.451611414043));
#6601 = CARTESIAN_POINT('',(27.812654016687,15.475520303479,
    40.572133000605));
#6602 = CARTESIAN_POINT('',(27.994405276015,16.738926492631,
    40.692779094805));
#6603 = CARTESIAN_POINT('',(27.994405276015,18.,40.813203337545));
#6604 = PCURVE('',#195,#6605);
#6605 = DEFINITIONAL_REPRESENTATION('',(#6606),#6665);
#6606 = B_SPLINE_CURVE_WITH_KNOTS('',8,(#6607,#6608,#6609,#6610,#6611,
    #6612,#6613,#6614,#6615,#6616,#6617,#6618,#6619,#6620,#6621,#6622,
    #6623,#6624,#6625,#6626,#6627,#6628,#6629,#6630,#6631,#6632,#6633,
    #6634,#6635,#6636,#6637,#6638,#6639,#6640,#6641,#6642,#6643,#6644,
    #6645,#6646,#6647,#6648,#6649,#6650,#6651,#6652,#6653,#6654,#6655,
    #6656,#6657,#6658,#6659,#6660,#6661,#6662,#6663,#6664),
  .UNSPECIFIED.,.F.,.F.,(9,7,7,7,7,7,7,7,9),(0.,0.158651654108,
    0.249102881723,0.354379742217,0.457214815487,0.60108285376,
    0.714983611524,0.839417223412,1.),.UNSPECIFIED.);
#6607 = CARTESIAN_POINT('',(0.164965952503,52.126989679003));
#6608 = CARTESIAN_POINT('',(0.16496449127,52.299190314931));
#6609 = CARTESIAN_POINT('',(0.164964809334,52.471680389756));
#6610 = CARTESIAN_POINT('',(0.164967194115,52.644001192531));
#6611 = CARTESIAN_POINT('',(0.164968882131,52.81621710353));
#6612 = CARTESIAN_POINT('',(0.164966440351,52.98842378038));
#6613 = CARTESIAN_POINT('',(0.164962649354,53.160710208559));
#6614 = CARTESIAN_POINT('',(0.16495956618,53.333169612444));
#6615 = CARTESIAN_POINT('',(0.164957629096,53.603605486969));
#6616 = CARTESIAN_POINT('',(0.164957559807,53.701798488563));
#6617 = CARTESIAN_POINT('',(0.164958277759,53.799991980269));
#6618 = CARTESIAN_POINT('',(0.164959807098,53.898188616485));
#6619 = CARTESIAN_POINT('',(0.164962042953,53.996388811365));
#6620 = CARTESIAN_POINT('',(0.164964751439,54.094590738819));
#6621 = CARTESIAN_POINT('',(0.164967569654,54.192790332517));
#6622 = CARTESIAN_POINT('',(0.164972840992,54.405266471084));
#6623 = CARTESIAN_POINT('',(0.164975262811,54.519571235637));
#6624 = CARTESIAN_POINT('',(0.164976673591,54.633883774435));
#6625 = CARTESIAN_POINT('',(0.164976748873,54.748195696191));
#6626 = CARTESIAN_POINT('',(0.164975437289,54.862502023436));
#6627 = CARTESIAN_POINT('',(0.164972960553,54.97680119252));
#6628 = CARTESIAN_POINT('',(0.164969813473,55.091095053614));
#6629 = CARTESIAN_POINT('',(0.164963785138,55.317031761655));
#6630 = CARTESIAN_POINT('',(0.164960777193,55.42869096817));
#6631 = CARTESIAN_POINT('',(0.164958384187,55.540359384171));
#6632 = CARTESIAN_POINT('',(0.164957004636,55.652030574214));
#6633 = CARTESIAN_POINT('',(0.164956791493,55.763698773485));
#6634 = CARTESIAN_POINT('',(0.164957652147,55.875358887807));
#6635 = CARTESIAN_POINT('',(0.164959248423,55.987006493635));
#6636 = CARTESIAN_POINT('',(0.164963442285,56.254812011145));
#6637 = CARTESIAN_POINT('',(0.164966250303,56.41116270179));
#6638 = CARTESIAN_POINT('',(0.164968388498,56.567407661634));
#6639 = CARTESIAN_POINT('',(0.164968147439,56.723585322724));
#6640 = CARTESIAN_POINT('',(0.164966159388,56.879761255378));
#6641 = CARTESIAN_POINT('',(0.164964669244,57.035995711926));
#6642 = CARTESIAN_POINT('',(0.164965202643,57.192319730593));
#6643 = CARTESIAN_POINT('',(0.164968022333,57.472089752408));
#6644 = CARTESIAN_POINT('',(0.164969965977,57.595810926993));
#6645 = CARTESIAN_POINT('',(0.164972056887,57.719503263139));
#6646 = CARTESIAN_POINT('',(0.164973576892,57.843150623702));
#6647 = CARTESIAN_POINT('',(0.164972118369,57.966771797288));
#6648 = CARTESIAN_POINT('',(0.164966648282,58.090398181273));
#6649 = CARTESIAN_POINT('',(0.164960065783,58.214061122236));
#6650 = CARTESIAN_POINT('',(0.164951895368,58.472865195197));
#6651 = CARTESIAN_POINT('',(0.164937842655,58.608065985746));
#6652 = CARTESIAN_POINT('',(0.164974923716,58.743215400386));
#6653 = CARTESIAN_POINT('',(0.164999526657,58.878324137923));
#6654 = CARTESIAN_POINT('',(0.164971075269,59.013433502207));
#6655 = CARTESIAN_POINT('',(0.16492925793,59.148579486509));
#6656 = CARTESIAN_POINT('',(0.164945235026,59.283763613698));
#6657 = CARTESIAN_POINT('',(0.164958766971,59.593207133884));
#6658 = CARTESIAN_POINT('',(0.164973148977,59.767885165891));
#6659 = CARTESIAN_POINT('',(0.164981319705,59.942396196788));
#6660 = CARTESIAN_POINT('',(0.164973256599,60.11681923936));
#6661 = CARTESIAN_POINT('',(0.164967990316,60.291244576134));
#6662 = CARTESIAN_POINT('',(0.164965056643,60.465759365468));
#6663 = CARTESIAN_POINT('',(0.16496486679,60.640451712027));
#6664 = CARTESIAN_POINT('',(0.164965429502,60.814822076126));
#6665 = ( GEOMETRIC_REPRESENTATION_CONTEXT(2) 
PARAMETRIC_REPRESENTATION_CONTEXT() REPRESENTATION_CONTEXT('2D SPACE',''
  ) );
#6666 = PCURVE('',#3002,#6667);
#6667 = DEFINITIONAL_REPRESENTATION('',(#6668),#6727);
#6668 = B_SPLINE_CURVE_WITH_KNOTS('',8,(#6669,#6670,#6671,#6672,#6673,
    #6674,#6675,#6676,#6677,#6678,#6679,#6680,#6681,#6682,#6683,#6684,
    #6685,#6686,#6687,#6688,#6689,#6690,#6691,#6692,#6693,#6694,#6695,
    #6696,#6697,#6698,#6699,#6700,#6701,#6702,#6703,#6704,#6705,#6706,
    #6707,#6708,#6709,#6710,#6711,#6712,#6713,#6714,#6715,#6716,#6717,
    #6718,#6719,#6720,#6721,#6722,#6723,#6724,#6725,#6726),
  .UNSPECIFIED.,.F.,.F.,(9,7,7,7,7,7,7,7,9),(0.,0.158651654108,
    0.249102881723,0.354379742217,0.457214815487,0.60108285376,
    0.714983611524,0.839417223412,1.),.UNSPECIFIED.);
#6669 = CARTESIAN_POINT('',(0.,34.813203133784));
#6670 = CARTESIAN_POINT('',(0.124537899268,34.932127527541));
#6671 = CARTESIAN_POINT('',(0.249285197529,35.051253034908));
#6672 = CARTESIAN_POINT('',(0.373910408837,35.170263057651));
#6673 = CARTESIAN_POINT('',(0.498460260789,35.289200161781));
#6674 = CARTESIAN_POINT('',(0.623003584173,35.408128054656));
#6675 = CARTESIAN_POINT('',(0.74760443088,35.527110099622));
#6676 = CARTESIAN_POINT('',(0.872330163034,35.646212090986));
#6677 = CARTESIAN_POINT('',(1.067913963804,35.832979488959));
#6678 = CARTESIAN_POINT('',(1.138928741061,35.900793602398));
#6679 = CARTESIAN_POINT('',(1.209943832091,35.968608594542));
#6680 = CARTESIAN_POINT('',(1.280961176612,36.036426315142));
#6681 = CARTESIAN_POINT('',(1.35198109174,36.104246978258));
#6682 = CARTESIAN_POINT('',(1.423002271993,36.172069162255));
#6683 = CARTESIAN_POINT('',(1.494021789288,36.239889809811));
#6684 = CARTESIAN_POINT('',(1.647688008322,36.386633936452));
#6685 = CARTESIAN_POINT('',(1.730355136189,36.465576883166));
#6686 = CARTESIAN_POINT('',(1.813027914577,36.544524505141));
#6687 = CARTESIAN_POINT('',(1.895700253603,36.623470784525));
#6688 = CARTESIAN_POINT('',(1.978368535465,36.702412248523));
#6689 = CARTESIAN_POINT('',(2.061031614445,36.781347969393));
#6690 = CARTESIAN_POINT('',(2.14369081691,36.860279564447));
#6691 = CARTESIAN_POINT('',(2.307091873332,37.016312090605));
#6692 = CARTESIAN_POINT('',(2.38784555794,37.093424233034));
#6693 = CARTESIAN_POINT('',(2.4686058923,37.170543157713));
#6694 = CARTESIAN_POINT('',(2.549368252531,37.247664693659));
#6695 = CARTESIAN_POINT('',(2.630128493698,37.32478496453));
#6696 = CARTESIAN_POINT('',(2.710882949818,37.401900388627));
#6697 = CARTESIAN_POINT('',(2.791628433855,37.479007678894));
#6698 = CARTESIAN_POINT('',(2.985310219524,37.663962703944));
#6699 = CARTESIAN_POINT('',(3.098385994888,37.771943720353));
#6700 = CARTESIAN_POINT('',(3.211385389084,37.879851257189));
#6701 = CARTESIAN_POINT('',(3.324336063327,37.987710683387));
#6702 = CARTESIAN_POINT('',(3.437285203185,38.095567717066));
#6703 = CARTESIAN_POINT('',(3.550276292295,38.20346551026));
#6704 = CARTESIAN_POINT('',(3.663331982988,38.311426545545));
#6705 = CARTESIAN_POINT('',(3.865665585199,38.504643567003));
#6706 = CARTESIAN_POINT('',(3.955142493878,38.590089357253));
#6707 = CARTESIAN_POINT('',(4.04459866574,38.675515332122));
#6708 = CARTESIAN_POINT('',(4.134022549046,38.760909854142));
#6709 = CARTESIAN_POINT('',(4.223427776105,38.846284246946));
#6710 = CARTESIAN_POINT('',(4.312836927625,38.931659485328));
#6711 = CARTESIAN_POINT('',(4.402272414441,39.017059207374));
#6712 = CARTESIAN_POINT('',(4.589444242027,39.195789160048));
#6713 = CARTESIAN_POINT('',(4.687224104863,39.289152038565));
#6714 = CARTESIAN_POINT('',(4.784964569443,39.382514524701));
#6715 = CARTESIAN_POINT('',(4.882678303768,39.475840355854));
#6716 = CARTESIAN_POINT('',(4.980392556319,39.569130212804));
#6717 = CARTESIAN_POINT('',(5.078130570524,39.662436188054));
#6718 = CARTESIAN_POINT('',(5.17589814111,39.755808165615));
#6719 = CARTESIAN_POINT('',(5.39969321636,39.969525682836));
#6720 = CARTESIAN_POINT('',(5.526023975642,40.090171890646));
#6721 = CARTESIAN_POINT('',(5.652234254703,40.210698501605));
#6722 = CARTESIAN_POINT('',(5.778380057973,40.33115320602));
#6723 = CARTESIAN_POINT('',(5.904526721214,40.451611414042));
#6724 = CARTESIAN_POINT('',(6.03073803365,40.572133000606));
#6725 = CARTESIAN_POINT('',(6.157077956443,40.692779094804));
#6726 = CARTESIAN_POINT('',(6.28318530718,40.813203337545));
#6727 = ( GEOMETRIC_REPRESENTATION_CONTEXT(2) 
PARAMETRIC_REPRESENTATION_CONTEXT() REPRESENTATION_CONTEXT('2D SPACE',''
  ) );
#6728 = ORIENTED_EDGE('',*,*,#6729,.F.);
#6729 = EDGE_CURVE('',#6730,#6542,#6732,.T.);
#6730 = VERTEX_POINT('',#6731);
#6731 = CARTESIAN_POINT('',(27.994405276015,18.,28.81320508225));
#6732 = SURFACE_CURVE('',#6733,(#6792,#6854),.PCURVE_S1.);
#6733 = B_SPLINE_CURVE_WITH_KNOTS('',8,(#6734,#6735,#6736,#6737,#6738,
    #6739,#6740,#6741,#6742,#6743,#6744,#6745,#6746,#6747,#6748,#6749,
    #6750,#6751,#6752,#6753,#6754,#6755,#6756,#6757,#6758,#6759,#6760,
    #6761,#6762,#6763,#6764,#6765,#6766,#6767,#6768,#6769,#6770,#6771,
    #6772,#6773,#6774,#6775,#6776,#6777,#6778,#6779,#6780,#6781,#6782,
    #6783,#6784,#6785,#6786,#6787,#6788,#6789,#6790,#6791),
  .UNSPECIFIED.,.F.,.F.,(9,7,7,7,7,7,7,7,9),(0.,0.134322999827,
    0.235977277385,0.344522893303,0.527266842243,0.691081480617,
    0.807102612442,0.895690433773,1.),.UNSPECIFIED.);
#6734 = CARTESIAN_POINT('',(27.994405276015,18.,28.81320508225));
#6735 = CARTESIAN_POINT('',(27.994405276015,19.054604023029,
    28.913910914267));
#6736 = CARTESIAN_POINT('',(27.86729747041,20.110009580639,
    29.014693251499));
#6737 = CARTESIAN_POINT('',(27.612747546616,21.147037667919,
    29.115429485169));
#6738 = CARTESIAN_POINT('',(27.234296212343,22.147904386479,
    29.216135390423));
#6739 = CARTESIAN_POINT('',(26.737914687541,23.095796165374,
    29.316838174926));
#6740 = CARTESIAN_POINT('',(26.132208160249,23.975085870949,
    29.417566458417));
#6741 = CARTESIAN_POINT('',(25.428184724871,24.77128947629,
    29.518329915391));
#6742 = CARTESIAN_POINT('',(24.044311620658,26.002198951074,
    29.695189004523));
#6743 = CARTESIAN_POINT('',(23.399515862782,26.478294739465,
    29.771394912787));
#6744 = CARTESIAN_POINT('',(22.712175291738,26.894843273207,
    29.847611988362));
#6745 = CARTESIAN_POINT('',(21.988786345266,27.247384010192,
    29.923833889009));
#6746 = CARTESIAN_POINT('',(21.236235727903,27.532387798692,
    30.000055323278));
#6747 = CARTESIAN_POINT('',(20.461800410978,27.747256877361,
    30.076272050508));
#6748 = CARTESIAN_POINT('',(19.673147632621,27.890324875236,
    30.152480880824));
#6749 = CARTESIAN_POINT('',(18.029640283829,28.036170243421,
    30.310044131808));
#6750 = CARTESIAN_POINT('',(17.173280866791,28.028813196569,
    30.391419716768));
#6751 = CARTESIAN_POINT('',(16.319124479591,27.93798128894,
    30.47280238397));
#6752 = CARTESIAN_POINT('',(15.476715118377,27.764126151667,
    30.554188215079));
#6753 = CARTESIAN_POINT('',(14.65527294249,27.508955429256,
    30.635573419479));
#6754 = CARTESIAN_POINT('',(13.863694274471,27.175432779581,
    30.71695433427));
#6755 = CARTESIAN_POINT('',(13.110551600055,26.767777873888,
    30.79832742427));
#6756 = CARTESIAN_POINT('',(11.214723279791,25.489563533065,
    31.016667519707));
#6757 = CARTESIAN_POINT('',(10.153335079349,24.490326047784,
    31.154042805986));
#6758 = CARTESIAN_POINT('',(9.264313047419,23.320834109666,
    31.291166457924));
#6759 = CARTESIAN_POINT('',(8.576227384343,22.017273430846,
    31.428187428244));
#6760 = CARTESIAN_POINT('',(8.111633900664,20.618413014903,
    31.565212649314));
#6761 = CARTESIAN_POINT('',(7.882843524881,19.167391408958,
    31.702336322608));
#6762 = CARTESIAN_POINT('',(7.896204954442,17.709728478505,
    31.839715241686));
#6763 = CARTESIAN_POINT('',(8.359731274116,15.029021537401,
    32.099504345054));
#6764 = CARTESIAN_POINT('',(8.765479460404,13.791673254029,
    32.22253551338));
#6765 = CARTESIAN_POINT('',(9.352890349122,12.620183641,32.345423587062)
  );
#6766 = CARTESIAN_POINT('',(10.108059511345,11.544595695637,
    32.468236735824));
#6767 = CARTESIAN_POINT('',(11.013213365308,10.591864430576,
    32.591046983022));
#6768 = CARTESIAN_POINT('',(12.045425445113,9.784658783621,
    32.71392864431));
#6769 = CARTESIAN_POINT('',(13.178029723807,9.142441900143,
    32.83694587722));
#6770 = CARTESIAN_POINT('',(15.226067479318,8.347752701648,
    33.046723942805));
#6771 = CARTESIAN_POINT('',(16.110005772435,8.106458196225,
    33.133750045183));
#6772 = CARTESIAN_POINT('',(17.017487944785,7.957940046025,
    33.220764936773));
#6773 = CARTESIAN_POINT('',(17.937068561206,7.904648509935,
    33.307769835853));
#6774 = CARTESIAN_POINT('',(18.857258328908,7.947471315222,
    33.394781759857));
#6775 = CARTESIAN_POINT('',(19.766543566073,8.085690080783,
    33.481819970715));
#6776 = CARTESIAN_POINT('',(20.65342821017,8.317043230803,
    33.568889303576));
#6777 = CARTESIAN_POINT('',(22.157799766295,8.881333752192,33.7223237267
    ));
#6778 = CARTESIAN_POINT('',(22.789857155993,9.177519933568,
    33.788754061851));
#6779 = CARTESIAN_POINT('',(23.397642130786,9.523667419487,
    33.855185641316));
#6780 = CARTESIAN_POINT('',(23.976516585315,9.917416770836,
    33.921619612652));
#6781 = CARTESIAN_POINT('',(24.52219898579,10.355957854818,
    33.988056147282));
#6782 = CARTESIAN_POINT('',(25.030764369989,10.836029844946,
    34.054494440493));
#6783 = CARTESIAN_POINT('',(25.498644347257,11.353921221048,
    34.12093271144));
#6784 = CARTESIAN_POINT('',(26.421854376103,12.554902038326,
    34.265594049733));
#6785 = CARTESIAN_POINT('',(26.860406431559,13.251272518117,
    34.343823044778));
#6786 = CARTESIAN_POINT('',(27.23298809501,13.987642857874,
    34.422056964718));
#6787 = CARTESIAN_POINT('',(27.535352706436,14.756693989989,
    34.500295307718));
#6788 = CARTESIAN_POINT('',(27.764302115659,15.550726129997,
    34.578535293661));
#6789 = CARTESIAN_POINT('',(27.917686682348,16.361658776587,
    34.65677186415));
#6790 = CARTESIAN_POINT('',(27.994405276015,17.181030711593,
    34.73499768251));
#6791 = CARTESIAN_POINT('',(27.994405276015,18.,34.813203133784));
#6792 = PCURVE('',#195,#6793);
#6793 = DEFINITIONAL_REPRESENTATION('',(#6794),#6853);
#6794 = B_SPLINE_CURVE_WITH_KNOTS('',8,(#6795,#6796,#6797,#6798,#6799,
    #6800,#6801,#6802,#6803,#6804,#6805,#6806,#6807,#6808,#6809,#6810,
    #6811,#6812,#6813,#6814,#6815,#6816,#6817,#6818,#6819,#6820,#6821,
    #6822,#6823,#6824,#6825,#6826,#6827,#6828,#6829,#6830,#6831,#6832,
    #6833,#6834,#6835,#6836,#6837,#6838,#6839,#6840,#6841,#6842,#6843,
    #6844,#6845,#6846,#6847,#6848,#6849,#6850,#6851,#6852),
  .UNSPECIFIED.,.F.,.F.,(9,7,7,7,7,7,7,7,9),(0.,0.134322999827,
    0.235977277385,0.344522893303,0.527266842243,0.691081480617,
    0.807102612442,0.895690433773,1.),.UNSPECIFIED.);
#6795 = CARTESIAN_POINT('',(0.164969795083,43.439157099806));
#6796 = CARTESIAN_POINT('',(0.164967291406,43.584978805527));
#6797 = CARTESIAN_POINT('',(0.1649646537,43.730911421827));
#6798 = CARTESIAN_POINT('',(0.16496370591,43.876775602311));
#6799 = CARTESIAN_POINT('',(0.164965244064,44.022593397987));
#6800 = CARTESIAN_POINT('',(0.164966970142,44.168406488176));
#6801 = CARTESIAN_POINT('',(0.164967415357,44.314257772889));
#6802 = CARTESIAN_POINT('',(0.164966481324,44.46016135828));
#6803 = CARTESIAN_POINT('',(0.16496342624,44.7162513906));
#6804 = CARTESIAN_POINT('',(0.164961476415,44.826597344101));
#6805 = CARTESIAN_POINT('',(0.164959502254,44.936959491737));
#6806 = CARTESIAN_POINT('',(0.164957970224,45.047328186627));
#6807 = CARTESIAN_POINT('',(0.16495720384,45.157695445446));
#6808 = CARTESIAN_POINT('',(0.164957383666,45.268054948422));
#6809 = CARTESIAN_POINT('',(0.164958547312,45.378402039336));
#6810 = CARTESIAN_POINT('',(0.164962770001,45.606545008232));
#6811 = CARTESIAN_POINT('',(0.164966049442,45.724371312524));
#6812 = CARTESIAN_POINT('',(0.164969606999,45.842207595358));
#6813 = CARTESIAN_POINT('',(0.164972789758,45.960048831851));
#6814 = CARTESIAN_POINT('',(0.164975112649,46.077890015277));
#6815 = CARTESIAN_POINT('',(0.16497625845,46.195726157062));
#6816 = CARTESIAN_POINT('',(0.164976077782,46.313552286791));
#6817 = CARTESIAN_POINT('',(0.164972082832,46.629706585768));
#6818 = CARTESIAN_POINT('',(0.164966328492,46.828627861916));
#6819 = CARTESIAN_POINT('',(0.164958789465,47.02718655192));
#6820 = CARTESIAN_POINT('',(0.164953236815,47.225594588098));
#6821 = CARTESIAN_POINT('',(0.164955322476,47.424001189594));
#6822 = CARTESIAN_POINT('',(0.164960097203,47.6225476752));
#6823 = CARTESIAN_POINT('',(0.164963881071,47.821464734089));
#6824 = CARTESIAN_POINT('',(0.164967580788,48.197628387442));
#6825 = CARTESIAN_POINT('',(0.16496783952,48.375773808661));
#6826 = CARTESIAN_POINT('',(0.164966143506,48.55371397515));
#6827 = CARTESIAN_POINT('',(0.164963012683,48.731547078115));
#6828 = CARTESIAN_POINT('',(0.164963895493,48.909371991642));
#6829 = CARTESIAN_POINT('',(0.164969684478,49.087295435831));
#6830 = CARTESIAN_POINT('',(0.164972471685,49.265418166579));
#6831 = CARTESIAN_POINT('',(0.164969885048,49.569173487319));
#6832 = CARTESIAN_POINT('',(0.164966642025,49.695188063146));
#6833 = CARTESIAN_POINT('',(0.164960611481,49.821189175816));
#6834 = CARTESIAN_POINT('',(0.164952685496,49.947177703056));
#6835 = CARTESIAN_POINT('',(0.164946117569,50.073175052638));
#6836 = CARTESIAN_POINT('',(0.164949702046,50.19920037717));
#6837 = CARTESIAN_POINT('',(0.164969692741,50.325254463876));
#6838 = CARTESIAN_POINT('',(0.164974967793,50.547417960234));
#6839 = CARTESIAN_POINT('',(0.164963340735,50.643618773864));
#6840 = CARTESIAN_POINT('',(0.164949304042,50.739823783518));
#6841 = CARTESIAN_POINT('',(0.16494031963,50.836027236428));
#6842 = CARTESIAN_POINT('',(0.164939810017,50.932225980087));
#6843 = CARTESIAN_POINT('',(0.164947158322,51.028419462248));
#6844 = CARTESIAN_POINT('',(0.164957708266,51.124609730924));
#6845 = CARTESIAN_POINT('',(0.164968717345,51.334064349226));
#6846 = CARTESIAN_POINT('',(0.164972539017,51.447333940865));
#6847 = CARTESIAN_POINT('',(0.164974174339,51.560612836039));
#6848 = CARTESIAN_POINT('',(0.164973830129,51.673900102603));
#6849 = CARTESIAN_POINT('',(0.164971974868,51.787191249528));
#6850 = CARTESIAN_POINT('',(0.164969338696,51.900478226909));
#6851 = CARTESIAN_POINT('',(0.164966913419,52.013749425957));
#6852 = CARTESIAN_POINT('',(0.164965952503,52.126989679003));
#6853 = ( GEOMETRIC_REPRESENTATION_CONTEXT(2) 
PARAMETRIC_REPRESENTATION_CONTEXT() REPRESENTATION_CONTEXT('2D SPACE',''
  ) );
#6854 = PCURVE('',#2802,#6855);
#6855 = DEFINITIONAL_REPRESENTATION('',(#6856),#6915);
#6856 = B_SPLINE_CURVE_WITH_KNOTS('',8,(#6857,#6858,#6859,#6860,#6861,
    #6862,#6863,#6864,#6865,#6866,#6867,#6868,#6869,#6870,#6871,#6872,
    #6873,#6874,#6875,#6876,#6877,#6878,#6879,#6880,#6881,#6882,#6883,
    #6884,#6885,#6886,#6887,#6888,#6889,#6890,#6891,#6892,#6893,#6894,
    #6895,#6896,#6897,#6898,#6899,#6900,#6901,#6902,#6903,#6904,#6905,
    #6906,#6907,#6908,#6909,#6910,#6911,#6912,#6913,#6914),
  .UNSPECIFIED.,.F.,.F.,(9,7,7,7,7,7,7,7,9),(0.,0.134322999827,
    0.235977277385,0.344522893303,0.527266842243,0.691081480617,
    0.807102612442,0.895690433773,1.),.UNSPECIFIED.);
#6857 = CARTESIAN_POINT('',(0.,28.81320508225));
#6858 = CARTESIAN_POINT('',(0.105460402303,28.913910914267));
#6859 = CARTESIAN_POINT('',(0.211000828445,29.014693251499));
#6860 = CARTESIAN_POINT('',(0.316491722615,29.115429485169));
#6861 = CARTESIAN_POINT('',(0.421949284007,29.216135390423));
#6862 = CARTESIAN_POINT('',(0.527403779771,29.316838174926));
#6863 = CARTESIAN_POINT('',(0.632886116521,29.417566458417));
#6864 = CARTESIAN_POINT('',(0.738406364331,29.518329915391));
#6865 = CARTESIAN_POINT('',(0.923615513772,29.695189004523));
#6866 = CARTESIAN_POINT('',(1.00341977815,29.771394912787));
#6867 = CARTESIAN_POINT('',(1.083235698449,29.847611988362));
#6868 = CARTESIAN_POINT('',(1.163056273825,29.923833889009));
#6869 = CARTESIAN_POINT('',(1.242875724625,30.000055323278));
#6870 = CARTESIAN_POINT('',(1.322689492394,30.076272050508));
#6871 = CARTESIAN_POINT('',(1.402494239872,30.152480880824));
#6872 = CARTESIAN_POINT('',(1.567490823986,30.310044131808));
#6873 = CARTESIAN_POINT('',(1.652704658727,30.391419716768));
#6874 = CARTESIAN_POINT('',(1.737925740489,30.47280238397));
#6875 = CARTESIAN_POINT('',(1.823150452565,30.554188215079));
#6876 = CARTESIAN_POINT('',(1.908375176262,30.635573419479));
#6877 = CARTESIAN_POINT('',(1.993596290908,30.71695433427));
#6878 = CARTESIAN_POINT('',(2.078810173845,30.79832742427));
#6879 = CARTESIAN_POINT('',(2.307458307907,31.016667519707));
#6880 = CARTESIAN_POINT('',(2.45132146787,31.154042805985));
#6881 = CARTESIAN_POINT('',(2.594922237753,31.291166457926));
#6882 = CARTESIAN_POINT('',(2.738413837515,31.428187428242));
#6883 = CARTESIAN_POINT('',(2.881904551481,31.565212649316));
#6884 = CARTESIAN_POINT('',(3.025496934291,31.702336322607));
#6885 = CARTESIAN_POINT('',(3.169357541124,31.839715241686));
#6886 = CARTESIAN_POINT('',(3.441406182972,32.099504345054));
#6887 = CARTESIAN_POINT('',(3.570244274501,32.22253551338));
#6888 = CARTESIAN_POINT('',(3.698933683161,32.345423587062));
#6889 = CARTESIAN_POINT('',(3.82754522926,32.468236735824));
#6890 = CARTESIAN_POINT('',(3.956150297514,32.591046983023));
#6891 = CARTESIAN_POINT('',(4.084826860622,32.71392864431));
#6892 = CARTESIAN_POINT('',(4.213648085557,32.83694587722));
#6893 = CARTESIAN_POINT('',(4.433329435931,33.046723942805));
#6894 = CARTESIAN_POINT('',(4.524465640659,33.133750045183));
#6895 = CARTESIAN_POINT('',(4.615592234507,33.220764936774));
#6896 = CARTESIAN_POINT('',(4.706709663707,33.307769835853));
#6897 = CARTESIAN_POINT('',(4.797833182892,33.394781759858));
#6898 = CARTESIAN_POINT('',(4.888976346056,33.481819970715));
#6899 = CARTESIAN_POINT('',(4.980140415454,33.568889303576));
#6900 = CARTESIAN_POINT('',(5.140812677261,33.7223237267));
#6901 = CARTESIAN_POINT('',(5.210386502861,33.788754061851));
#6902 = CARTESIAN_POINT('',(5.279963330653,33.855185641316));
#6903 = CARTESIAN_POINT('',(5.34953909945,33.921619612652));
#6904 = CARTESIAN_POINT('',(5.419111589483,33.988056147282));
#6905 = CARTESIAN_POINT('',(5.488680422401,34.054494440493));
#6906 = CARTESIAN_POINT('',(5.558247061272,34.12093271144));
#6907 = CARTESIAN_POINT('',(5.709728798812,34.265594049733));
#6908 = CARTESIAN_POINT('',(5.791647649369,34.343823044778));
#6909 = CARTESIAN_POINT('',(5.873573122035,34.422056964718));
#6910 = CARTESIAN_POINT('',(5.955504460848,34.500295307718));
#6911 = CARTESIAN_POINT('',(6.037438394098,34.578535293661));
#6912 = CARTESIAN_POINT('',(6.119369134329,34.65677186415));
#6913 = CARTESIAN_POINT('',(6.201288378339,34.73499768251));
#6914 = CARTESIAN_POINT('',(6.28318530718,34.813203133784));
#6915 = ( GEOMETRIC_REPRESENTATION_CONTEXT(2) 
PARAMETRIC_REPRESENTATION_CONTEXT() REPRESENTATION_CONTEXT('2D SPACE',''
  ) );
#6916 = ORIENTED_EDGE('',*,*,#6917,.F.);
#6917 = EDGE_CURVE('',#6918,#6730,#6920,.T.);
#6918 = VERTEX_POINT('',#6919);
#6919 = CARTESIAN_POINT('',(27.994405276015,18.,22.813206965941));
#6920 = SURFACE_CURVE('',#6921,(#6980,#7042),.PCURVE_S1.);
#6921 = B_SPLINE_CURVE_WITH_KNOTS('',8,(#6922,#6923,#6924,#6925,#6926,
    #6927,#6928,#6929,#6930,#6931,#6932,#6933,#6934,#6935,#6936,#6937,
    #6938,#6939,#6940,#6941,#6942,#6943,#6944,#6945,#6946,#6947,#6948,
    #6949,#6950,#6951,#6952,#6953,#6954,#6955,#6956,#6957,#6958,#6959,
    #6960,#6961,#6962,#6963,#6964,#6965,#6966,#6967,#6968,#6969,#6970,
    #6971,#6972,#6973,#6974,#6975,#6976,#6977,#6978,#6979),
  .UNSPECIFIED.,.F.,.F.,(9,7,7,7,7,7,7,7,9),(0.,9.547423241817E-02,
    0.25094125842,0.341466570487,0.491124024261,0.633618350751,
    0.726682601256,0.850843157604,1.),.UNSPECIFIED.);
#6922 = CARTESIAN_POINT('',(27.994405276015,18.,22.813206965941));
#6923 = CARTESIAN_POINT('',(27.994405276015,18.749353051088,
    22.884764871053));
#6924 = CARTESIAN_POINT('',(27.93023013858,19.498714993823,
    22.956322717715));
#6925 = CARTESIAN_POINT('',(27.801879108368,20.241652260247,
    23.027878806176));
#6926 = CARTESIAN_POINT('',(27.610122995384,20.971845914054,
    23.099443021152));
#6927 = CARTESIAN_POINT('',(27.356440540743,21.683085760702,
    23.171023497014));
#6928 = CARTESIAN_POINT('',(27.043023986306,22.369276384363,
    23.242621110726));
#6929 = CARTESIAN_POINT('',(26.672882081792,23.024483702406,
    23.314221067841));
#6930 = CARTESIAN_POINT('',(25.561573788156,24.650304186244,
    23.502280098378));
#6931 = CARTESIAN_POINT('',(24.731600050183,25.563061196054,
    23.61896330006));
#6932 = CARTESIAN_POINT('',(23.776658318456,26.35560718475,
    23.735548729727));
#6933 = CARTESIAN_POINT('',(22.717717522275,27.009134150289,
    23.852083883617));
#6934 = CARTESIAN_POINT('',(21.577813841971,27.508471859254,
    23.96862722376));
#6935 = CARTESIAN_POINT('',(20.382501708429,27.843199245915,
    24.085237010673));
#6936 = CARTESIAN_POINT('',(19.159282350886,28.00658980593,
    24.201956964177));
#6937 = CARTESIAN_POINT('',(17.228685244903,27.995921305753,
    24.386320201647));
#6938 = CARTESIAN_POINT('',(16.518274561732,27.934282297158,
    24.454183619087));
#6939 = CARTESIAN_POINT('',(15.813622555692,27.814957406089,
    24.522058732822));
#6940 = CARTESIAN_POINT('',(15.120251134377,27.638584202142,
    24.58994028292));
#6941 = CARTESIAN_POINT('',(14.443495520962,27.406410712167,
    24.657823700592));
#6942 = CARTESIAN_POINT('',(13.7885042542,27.120295420267,
    24.725705108197));
#6943 = CARTESIAN_POINT('',(13.16023918842,26.782707267795,
    24.793581319237));
#6944 = CARTESIAN_POINT('',(11.57689910907,25.75861655104,
    24.973650829797));
#6945 = CARTESIAN_POINT('',(10.674855224569,24.987261656514,
    25.085975666721));
#6946 = CARTESIAN_POINT('',(9.880305660829,24.096869099782,
    25.198237833419));
#6947 = CARTESIAN_POINT('',(9.210880990325,23.10528664487,25.31042682755
    ));
#6948 = CARTESIAN_POINT('',(8.680555883795,22.032785492848,
    25.422620665808));
#6949 = CARTESIAN_POINT('',(8.300109616743,20.901539395308,
    25.534895819983));
#6950 = CARTESIAN_POINT('',(8.076371735879,19.735799078337,
    25.647234583404));
#6951 = CARTESIAN_POINT('',(7.947298713693,17.445870519196,
    25.866255094868));
#6952 = CARTESIAN_POINT('',(8.027061401113,16.319450110412,
    25.973223011104));
#6953 = CARTESIAN_POINT('',(8.251462123325,15.206780075404,
    26.080139580371));
#6954 = CARTESIAN_POINT('',(8.61727179631,14.129536100537,
    26.187014498755));
#6955 = CARTESIAN_POINT('',(9.117786595875,13.107977083841,
    26.293881615658));
#6956 = CARTESIAN_POINT('',(9.743420114961,12.16108061591,
    26.400781194724));
#6957 = CARTESIAN_POINT('',(10.481298242752,11.306323334645,
    26.507741193124));
#6958 = CARTESIAN_POINT('',(11.857750088578,10.070590146474,
    26.684381691977));
#6959 = CARTESIAN_POINT('',(12.442240388753,9.627841862404,
    26.754149978103));
#6960 = CARTESIAN_POINT('',(13.062977208155,9.23454597472,
    26.823916990356));
#6961 = CARTESIAN_POINT('',(13.715162686787,8.894096472205,
    26.893692972002));
#6962 = CARTESIAN_POINT('',(14.393637646563,8.609292902393,
    26.963481015324));
#6963 = CARTESIAN_POINT('',(15.092881591304,8.38234037157,
    27.033277061626));
#6964 = CARTESIAN_POINT('',(15.807012706747,8.214849544775,
    27.10306990123));
#6965 = CARTESIAN_POINT('',(17.49406968436,7.965066666971,
    27.265925681573));
#6966 = CARTESIAN_POINT('',(18.47511285802,7.929602087858,
    27.359090943717));
#6967 = CARTESIAN_POINT('',(19.457895948774,8.003972303152,
    27.452231572921));
#6968 = CARTESIAN_POINT('',(20.428009119745,8.18780984018,
    27.545342106696));
#6969 = CARTESIAN_POINT('',(21.371538065889,8.478614675853,
    27.638458637778));
#6970 = CARTESIAN_POINT('',(22.275064633202,8.87204596777,
    27.731610059957));
#6971 = CARTESIAN_POINT('',(23.125784121178,9.361741199479,
    27.824778929022));
#6972 = CARTESIAN_POINT('',(24.85592469651,10.631731439042,
    28.029706645395));
#6973 = CARTESIAN_POINT('',(25.708685853016,11.452193420632,
    28.141701819578));
#6974 = CARTESIAN_POINT('',(26.447882418502,12.384665933725,
    28.253646654072));
#6975 = CARTESIAN_POINT('',(27.056973183486,13.410298495649,
    28.365542900797));
#6976 = CARTESIAN_POINT('',(27.523333213647,14.508205013428,
    28.477428626157));
#6977 = CARTESIAN_POINT('',(27.837615853843,15.655848789945,
    28.589358324988));
#6978 = CARTESIAN_POINT('',(27.994405276015,16.828764347314,
    28.701361908588));
#6979 = CARTESIAN_POINT('',(27.994405276015,18.,28.81320508225));
#6980 = PCURVE('',#195,#6981);
#6981 = DEFINITIONAL_REPRESENTATION('',(#6982),#7041);
#6982 = B_SPLINE_CURVE_WITH_KNOTS('',8,(#6983,#6984,#6985,#6986,#6987,
    #6988,#6989,#6990,#6991,#6992,#6993,#6994,#6995,#6996,#6997,#6998,
    #6999,#7000,#7001,#7002,#7003,#7004,#7005,#7006,#7007,#7008,#7009,
    #7010,#7011,#7012,#7013,#7014,#7015,#7016,#7017,#7018,#7019,#7020,
    #7021,#7022,#7023,#7024,#7025,#7026,#7027,#7028,#7029,#7030,#7031,
    #7032,#7033,#7034,#7035,#7036,#7037,#7038,#7039,#7040),
  .UNSPECIFIED.,.F.,.F.,(9,7,7,7,7,7,7,7,9),(0.,9.547423241817E-02,
    0.25094125842,0.341466570487,0.491124024261,0.633618350751,
    0.726682601256,0.850843157604,1.),.UNSPECIFIED.);
#6983 = CARTESIAN_POINT('',(0.164972797864,34.75132526127));
#6984 = CARTESIAN_POINT('',(0.164972864068,34.854939033491));
#6985 = CARTESIAN_POINT('',(0.16497138478,34.958554256721));
#6986 = CARTESIAN_POINT('',(0.164969009443,35.06216782447));
#6987 = CARTESIAN_POINT('',(0.164966816992,35.165792977465));
#6988 = CARTESIAN_POINT('',(0.164965458675,35.269440846945));
#6989 = CARTESIAN_POINT('',(0.164964992276,35.373112645313));
#6990 = CARTESIAN_POINT('',(0.164965112077,35.476787254397));
#6991 = CARTESIAN_POINT('',(0.164966076177,35.749090493914));
#6992 = CARTESIAN_POINT('',(0.164967319046,35.918043259745));
#6993 = CARTESIAN_POINT('',(0.164967758657,36.086855252584));
#6994 = CARTESIAN_POINT('',(0.16496517942,36.255597447129));
#6995 = CARTESIAN_POINT('',(0.164960611823,36.42435347083));
#6996 = CARTESIAN_POINT('',(0.164957538057,36.593204223278));
#6997 = CARTESIAN_POINT('',(0.164956947832,36.762212026135));
#6998 = CARTESIAN_POINT('',(0.164959523466,37.029162259764));
#6999 = CARTESIAN_POINT('',(0.16496131638,37.127424801825));
#7000 = CARTESIAN_POINT('',(0.164963715554,37.225703677396));
#7001 = CARTESIAN_POINT('',(0.164966459753,37.32399152981));
#7002 = CARTESIAN_POINT('',(0.164969265323,37.42228202544));
#7003 = CARTESIAN_POINT('',(0.16497182619,37.520569853692));
#7004 = CARTESIAN_POINT('',(0.164973813864,37.618850727008));
#7005 = CARTESIAN_POINT('',(0.164976635738,37.879583519921));
#7006 = CARTESIAN_POINT('',(0.164976244909,38.042227119215));
#7007 = CARTESIAN_POINT('',(0.164972602642,38.204783204506));
#7008 = CARTESIAN_POINT('',(0.164966880559,38.367235404541));
#7009 = CARTESIAN_POINT('',(0.164961239906,38.529694537825));
#7010 = CARTESIAN_POINT('',(0.164957681155,38.692269345634));
#7011 = CARTESIAN_POINT('',(0.164957027482,38.854933371273));
#7012 = CARTESIAN_POINT('',(0.164959008255,39.172066955899));
#7013 = CARTESIAN_POINT('',(0.164961557682,39.326950962875));
#7014 = CARTESIAN_POINT('',(0.164965069003,39.481759665114));
#7015 = CARTESIAN_POINT('',(0.164967787503,39.636508845814));
#7016 = CARTESIAN_POINT('',(0.164968265159,39.791248956761));
#7017 = CARTESIAN_POINT('',(0.164966880576,39.946037922387));
#7018 = CARTESIAN_POINT('',(0.164965785491,40.100914085857));
#7019 = CARTESIAN_POINT('',(0.164965519249,40.356684834513));
#7020 = CARTESIAN_POINT('',(0.164965936983,40.457706939381));
#7021 = CARTESIAN_POINT('',(0.164966940869,40.558726617299));
#7022 = CARTESIAN_POINT('',(0.164968416889,40.659758813518));
#7023 = CARTESIAN_POINT('',(0.164970073771,40.760808294995));
#7024 = CARTESIAN_POINT('',(0.164971442993,40.86186965039));
#7025 = CARTESIAN_POINT('',(0.16497187878,40.962927290067));
#7026 = CARTESIAN_POINT('',(0.164968796145,41.198740951706));
#7027 = CARTESIAN_POINT('',(0.164967184963,41.333643237132));
#7028 = CARTESIAN_POINT('',(0.164955233497,41.468520129104));
#7029 = CARTESIAN_POINT('',(0.16494396233,41.603352767784));
#7030 = CARTESIAN_POINT('',(0.164946157758,41.738180709634));
#7031 = CARTESIAN_POINT('',(0.164963528179,41.873044094485));
#7032 = CARTESIAN_POINT('',(0.164980762789,42.007932876814));
#7033 = CARTESIAN_POINT('',(0.164949349485,42.304693671105));
#7034 = CARTESIAN_POINT('',(0.164930489431,42.466878279698));
#7035 = CARTESIAN_POINT('',(0.164950033529,42.628951838016));
#7036 = CARTESIAN_POINT('',(0.164969170567,42.790955447254));
#7037 = CARTESIAN_POINT('',(0.164974393124,42.952957647787));
#7038 = CARTESIAN_POINT('',(0.164975405794,43.11502770359));
#7039 = CARTESIAN_POINT('',(0.164972575649,43.277208560881));
#7040 = CARTESIAN_POINT('',(0.164969795083,43.439157099806));
#7041 = ( GEOMETRIC_REPRESENTATION_CONTEXT(2) 
PARAMETRIC_REPRESENTATION_CONTEXT() REPRESENTATION_CONTEXT('2D SPACE',''
  ) );
#7042 = PCURVE('',#2581,#7043);
#7043 = DEFINITIONAL_REPRESENTATION('',(#7044),#7103);
#7044 = B_SPLINE_CURVE_WITH_KNOTS('',8,(#7045,#7046,#7047,#7048,#7049,
    #7050,#7051,#7052,#7053,#7054,#7055,#7056,#7057,#7058,#7059,#7060,
    #7061,#7062,#7063,#7064,#7065,#7066,#7067,#7068,#7069,#7070,#7071,
    #7072,#7073,#7074,#7075,#7076,#7077,#7078,#7079,#7080,#7081,#7082,
    #7083,#7084,#7085,#7086,#7087,#7088,#7089,#7090,#7091,#7092,#7093,
    #7094,#7095,#7096,#7097,#7098,#7099,#7100,#7101,#7102),
  .UNSPECIFIED.,.F.,.F.,(9,7,7,7,7,7,7,7,9),(0.,9.547423241817E-02,
    0.25094125842,0.341466570487,0.491124024261,0.633618350751,
    0.726682601256,0.850843157604,1.),.UNSPECIFIED.);
#7045 = CARTESIAN_POINT('',(0.,22.813206965941));
#7046 = CARTESIAN_POINT('',(7.493530510882E-02,22.884764871053));
#7047 = CARTESIAN_POINT('',(0.149871514935,22.956322717715));
#7048 = CARTESIAN_POINT('',(0.224806368527,23.027878806176));
#7049 = CARTESIAN_POINT('',(0.299749485951,23.099443021152));
#7050 = CARTESIAN_POINT('',(0.374709002018,23.171023497014));
#7051 = CARTESIAN_POINT('',(0.449685873404,23.242621110726));
#7052 = CARTESIAN_POINT('',(0.52466486745,23.314221067841));
#7053 = CARTESIAN_POINT('',(0.721598825141,23.502280098378));
#7054 = CARTESIAN_POINT('',(0.843788378593,23.61896330006));
#7055 = CARTESIAN_POINT('',(0.965876450564,23.735548729727));
#7056 = CARTESIAN_POINT('',(1.087914212574,23.852083883617));
#7057 = CARTESIAN_POINT('',(1.20996176922,23.96862722376));
#7058 = CARTESIAN_POINT('',(1.33207757571,24.085237010673));
#7059 = CARTESIAN_POINT('',(1.454306784493,24.201956964177));
#7060 = CARTESIAN_POINT('',(1.647369442781,24.386320201647));
#7061 = CARTESIAN_POINT('',(1.718434448504,24.454183619087));
#7062 = CARTESIAN_POINT('',(1.789511266199,24.522058732822));
#7063 = CARTESIAN_POINT('',(1.860594595288,24.58994028292));
#7064 = CARTESIAN_POINT('',(1.931679866782,24.657823700592));
#7065 = CARTESIAN_POINT('',(2.002763243287,24.725705108197));
#7066 = CARTESIAN_POINT('',(2.073841619,24.793581319237));
#7067 = CARTESIAN_POINT('',(2.262407989359,24.973650829797));
#7068 = CARTESIAN_POINT('',(2.380034635087,25.085975666721));
#7069 = CARTESIAN_POINT('',(2.497597977741,25.198237833419));
#7070 = CARTESIAN_POINT('',(2.615086066638,25.31042682755));
#7071 = CARTESIAN_POINT('',(2.732579024422,25.422620665808));
#7072 = CARTESIAN_POINT('',(2.850155596548,25.534895819983));
#7073 = CARTESIAN_POINT('',(2.967796805381,25.647234583404));
#7074 = CARTESIAN_POINT('',(3.197153136251,25.866255094868));
#7075 = CARTESIAN_POINT('',(3.309167983486,25.973223011104));
#7076 = CARTESIAN_POINT('',(3.421128534093,26.080139580371));
#7077 = CARTESIAN_POINT('',(3.533046193122,26.187014498755));
#7078 = CARTESIAN_POINT('',(3.644957255039,26.293881615657));
#7079 = CARTESIAN_POINT('',(3.756903395738,26.400781194724));
#7080 = CARTESIAN_POINT('',(3.868912307182,26.507741193124));
#7081 = CARTESIAN_POINT('',(4.053889500269,26.684381691977));
#7082 = CARTESIAN_POINT('',(4.126950084461,26.754149978103));
#7083 = CARTESIAN_POINT('',(4.200008890048,26.823916990356));
#7084 = CARTESIAN_POINT('',(4.273076785707,26.893692972002));
#7085 = CARTESIAN_POINT('',(4.346157264402,26.963481015324));
#7086 = CARTESIAN_POINT('',(4.419246443383,27.033277061626));
#7087 = CARTESIAN_POINT('',(4.492333064187,27.10306990123));
#7088 = CARTESIAN_POINT('',(4.66287785982,27.265925681573));
#7089 = CARTESIAN_POINT('',(4.760441727115,27.359090943717));
#7090 = CARTESIAN_POINT('',(4.857987781338,27.452231572921));
#7091 = CARTESIAN_POINT('',(4.955501364811,27.545342106696));
#7092 = CARTESIAN_POINT('',(5.053010664274,27.638458637778));
#7093 = CARTESIAN_POINT('',(5.150545472357,27.731610059956));
#7094 = CARTESIAN_POINT('',(5.248099521624,27.824778929022));
#7095 = CARTESIAN_POINT('',(5.462721552623,28.029706645395));
#7096 = CARTESIAN_POINT('',(5.580015337037,28.141701819578));
#7097 = CARTESIAN_POINT('',(5.697229499137,28.253646654072));
#7098 = CARTESIAN_POINT('',(5.81439415791,28.365542900797));
#7099 = CARTESIAN_POINT('',(5.931557878357,28.477428626157));
#7100 = CARTESIAN_POINT('',(6.048769903816,28.589358324988));
#7101 = CARTESIAN_POINT('',(6.166061741911,28.701361908588));
#7102 = CARTESIAN_POINT('',(6.28318530718,28.81320508225));
#7103 = ( GEOMETRIC_REPRESENTATION_CONTEXT(2) 
PARAMETRIC_REPRESENTATION_CONTEXT() REPRESENTATION_CONTEXT('2D SPACE',''
  ) );
#7104 = ORIENTED_EDGE('',*,*,#7105,.F.);
#7105 = EDGE_CURVE('',#7106,#6918,#7108,.T.);
#7106 = VERTEX_POINT('',#7107);
#7107 = CARTESIAN_POINT('',(27.994405276015,18.,16.813203652242));
#7108 = SURFACE_CURVE('',#7109,(#7175,#7244),.PCURVE_S1.);
#7109 = B_SPLINE_CURVE_WITH_KNOTS('',8,(#7110,#7111,#7112,#7113,#7114,
    #7115,#7116,#7117,#7118,#7119,#7120,#7121,#7122,#7123,#7124,#7125,
    #7126,#7127,#7128,#7129,#7130,#7131,#7132,#7133,#7134,#7135,#7136,
    #7137,#7138,#7139,#7140,#7141,#7142,#7143,#7144,#7145,#7146,#7147,
    #7148,#7149,#7150,#7151,#7152,#7153,#7154,#7155,#7156,#7157,#7158,
    #7159,#7160,#7161,#7162,#7163,#7164,#7165,#7166,#7167,#7168,#7169,
    #7170,#7171,#7172,#7173,#7174),.UNSPECIFIED.,.F.,.F.,(9,7,7,7,7,7,7,
    7,7,9),(0.,0.125176719605,0.274036399691,0.363536238064,
    0.443828349576,0.543557681068,0.679345937101,0.805709562739,
    0.90170277148,1.),.UNSPECIFIED.);
#7110 = CARTESIAN_POINT('',(27.994405276015,18.,16.813203652242));
#7111 = CARTESIAN_POINT('',(27.994405276015,18.982436073643,
    16.907022890834));
#7112 = CARTESIAN_POINT('',(27.884098709377,19.965298348719,
    17.000880772309));
#7113 = CARTESIAN_POINT('',(27.663319994319,20.933322509764,
    17.094699077117));
#7114 = CARTESIAN_POINT('',(27.334676187617,21.872185353619,
    17.18849432792));
#7115 = CARTESIAN_POINT('',(26.902641933378,22.768243738198,
    17.282295387431));
#7116 = CARTESIAN_POINT('',(26.373665134755,23.60866310652,
    17.376128350266));
#7117 = CARTESIAN_POINT('',(25.756059603338,24.381367969408,
    17.470000783515));
#7118 = CARTESIAN_POINT('',(24.234315497832,25.901164627545,
    17.675377997793));
#7119 = CARTESIAN_POINT('',(23.296257126894,26.617565121184,
    17.787103264903));
#7120 = CARTESIAN_POINT('',(22.265130011365,27.205340631496,
    17.898759016903));
#7121 = CARTESIAN_POINT('',(21.162022628504,27.651276558492,
    18.010365929572));
#7122 = CARTESIAN_POINT('',(20.009202096563,27.945742095681,
    18.121972711592));
#7123 = CARTESIAN_POINT('',(18.830316033238,28.083348247215,
    18.233625777894));
#7124 = CARTESIAN_POINT('',(17.649987308989,28.06216055092,
    18.345366165154));
#7125 = CARTESIAN_POINT('',(15.799899340594,27.781504145914,
    18.524058810956));
#7126 = CARTESIAN_POINT('',(15.113587844987,27.620325216615,
    18.591164791993));
#7127 = CARTESIAN_POINT('',(14.440950698766,27.40412742799,
    18.65827296421));
#7128 = CARTESIAN_POINT('',(13.787100130625,27.134292870244,
    18.725386263121));
#7129 = CARTESIAN_POINT('',(13.156950372655,26.812742152641,
    18.792509511538));
#7130 = CARTESIAN_POINT('',(12.555220117768,26.441916816565,
    18.859644948443));
#7131 = CARTESIAN_POINT('',(11.986409065987,26.024831437285,
    18.926785585713));
#7132 = CARTESIAN_POINT('',(10.977731147008,25.152888764594,
    19.054109359688));
#7133 = CARTESIAN_POINT('',(10.53043454867,24.706120903819,
    19.114320404216));
#7134 = CARTESIAN_POINT('',(10.115796410156,24.227573905717,
    19.174525014076));
#7135 = CARTESIAN_POINT('',(9.736453160681,23.720077515772,
    19.234719967355));
#7136 = CARTESIAN_POINT('',(9.394711527282,23.186631344867,
    19.294906762599));
#7137 = CARTESIAN_POINT('',(9.092548534822,22.630404869276,
    19.355091618818));
#7138 = CARTESIAN_POINT('',(8.831611505991,22.054737430672,
    19.415285475482));
#7139 = CARTESIAN_POINT('',(8.341955644222,20.728323930304,
    19.550300287387));
#7140 = CARTESIAN_POINT('',(8.1364120896,19.968982135246,19.625105612434
    ));
#7141 = CARTESIAN_POINT('',(7.999218848984,19.192297423302,
    19.699918184427));
#7142 = CARTESIAN_POINT('',(7.932067869339,18.405500551141,
    19.774734843916));
#7143 = CARTESIAN_POINT('',(7.93571159304,17.615868459749,
    19.849551055233));
#7144 = CARTESIAN_POINT('',(8.009962957878,16.830724274428,
    19.924360906499));
#7145 = CARTESIAN_POINT('',(8.153695397057,16.057437304798,
    19.999157109621));
#7146 = CARTESIAN_POINT('',(8.652334417692,14.276781435373,
    20.17574072927));
#7147 = CARTESIAN_POINT('',(9.065329589786,13.284314728153,
    20.27764304795));
#7148 = CARTESIAN_POINT('',(9.598380491971,12.344983214033,
    20.37951193268));
#7149 = CARTESIAN_POINT('',(10.243383205485,11.475862857962,
    20.48133341088));
#7150 = CARTESIAN_POINT('',(10.989692375805,10.692050742881,
    20.583150982384));
#7151 = CARTESIAN_POINT('',(11.824235832153,10.006570513663,
    20.685011040789));
#7152 = CARTESIAN_POINT('',(12.731629206992,9.430277821057,
    20.786908294802));
#7153 = CARTESIAN_POINT('',(14.590136645742,8.545077571702,
    20.98348688152));
#7154 = CARTESIAN_POINT('',(15.53540564367,8.21948750712,21.078352754293
    ));
#7155 = CARTESIAN_POINT('',(16.515552754748,8.002426038105,
    21.173191962653));
#7156 = CARTESIAN_POINT('',(17.515735625329,7.89784458332,
    21.267994870819));
#7157 = CARTESIAN_POINT('',(18.521124402182,7.907471973117,
    21.362778311352));
#7158 = CARTESIAN_POINT('',(19.516918829157,8.030783825817,
    21.457567901636));
#7159 = CARTESIAN_POINT('',(20.48843607245,8.265243354422,21.55239058689
    ));
#7160 = CARTESIAN_POINT('',(22.129673572058,8.863897360019,
    21.719211621193));
#7161 = CARTESIAN_POINT('',(22.815909946498,9.183404965038,21.7912221494
    ));
#7162 = CARTESIAN_POINT('',(23.473599759785,9.561656038319,
    21.863230576466));
#7163 = CARTESIAN_POINT('',(24.096939148706,9.995689228185,
    21.935240218153));
#7164 = CARTESIAN_POINT('',(24.680568078469,10.481902286362,
    22.007252371896));
#7165 = CARTESIAN_POINT('',(25.219570342699,11.016052067978,
    22.079266316803));
#7166 = CARTESIAN_POINT('',(25.709473563446,11.593254531569,
    22.151279313654));
#7167 = CARTESIAN_POINT('',(26.593508265583,12.837469641985,
    22.297022208245));
#7168 = CARTESIAN_POINT('',(26.985263432305,13.506486263629,
    22.370756988052));
#7169 = CARTESIAN_POINT('',(27.317347287483,14.209161302848,
    22.444497223574));
#7170 = CARTESIAN_POINT('',(27.586414820415,14.939309355314,
    22.518245007707));
#7171 = CARTESIAN_POINT('',(27.789943413551,15.690432913524,
    22.591998246996));
#7172 = CARTESIAN_POINT('',(27.926232842498,16.455722366804,
    22.665750661632));
#7173 = CARTESIAN_POINT('',(27.994405276015,17.228056001304,
    22.739491785451));
#7174 = CARTESIAN_POINT('',(27.994405276015,18.,22.813206965941));
#7175 = PCURVE('',#195,#7176);
#7176 = DEFINITIONAL_REPRESENTATION('',(#7177),#7243);
#7177 = B_SPLINE_CURVE_WITH_KNOTS('',8,(#7178,#7179,#7180,#7181,#7182,
    #7183,#7184,#7185,#7186,#7187,#7188,#7189,#7190,#7191,#7192,#7193,
    #7194,#7195,#7196,#7197,#7198,#7199,#7200,#7201,#7202,#7203,#7204,
    #7205,#7206,#7207,#7208,#7209,#7210,#7211,#7212,#7213,#7214,#7215,
    #7216,#7217,#7218,#7219,#7220,#7221,#7222,#7223,#7224,#7225,#7226,
    #7227,#7228,#7229,#7230,#7231,#7232,#7233,#7234,#7235,#7236,#7237,
    #7238,#7239,#7240,#7241,#7242),.UNSPECIFIED.,.F.,.F.,(9,7,7,7,7,7,7,
    7,7,9),(0.,0.125176719605,0.274036399691,0.363536238064,
    0.443828349576,0.543557681068,0.679345937101,0.805709562739,
    0.90170277148,1.),.UNSPECIFIED.);
#7178 = CARTESIAN_POINT('',(0.164967136655,26.063494505864));
#7179 = CARTESIAN_POINT('',(0.164972832248,26.199336470564));
#7180 = CARTESIAN_POINT('',(0.1649755549,26.335237343078));
#7181 = CARTESIAN_POINT('',(0.164973664434,26.47108549342));
#7182 = CARTESIAN_POINT('',(0.164969337551,26.60690268311));
#7183 = CARTESIAN_POINT('',(0.164966346608,26.742726956222));
#7184 = CARTESIAN_POINT('',(0.164965025691,26.878595765059));
#7185 = CARTESIAN_POINT('',(0.164964991247,27.014520447667));
#7186 = CARTESIAN_POINT('',(0.16496595695,27.311899929534));
#7187 = CARTESIAN_POINT('',(0.164967157898,27.473673786926));
#7188 = CARTESIAN_POINT('',(0.164967778159,27.635347565378));
#7189 = CARTESIAN_POINT('',(0.164965856108,27.796953151969));
#7190 = CARTESIAN_POINT('',(0.164961845832,27.958560624304));
#7191 = CARTESIAN_POINT('',(0.16495859123,28.120234364124));
#7192 = CARTESIAN_POINT('',(0.164957294782,28.28203259656));
#7193 = CARTESIAN_POINT('',(0.164958526378,28.5407733081));
#7194 = CARTESIAN_POINT('',(0.164959734225,28.637939684851));
#7195 = CARTESIAN_POINT('',(0.164961704158,28.735108477138));
#7196 = CARTESIAN_POINT('',(0.164964291307,28.832284079447));
#7197 = CARTESIAN_POINT('',(0.164967165896,28.929473802755));
#7198 = CARTESIAN_POINT('',(0.16496991862,29.026681295738));
#7199 = CARTESIAN_POINT('',(0.164972198699,29.123896788339));
#7200 = CARTESIAN_POINT('',(0.164975214809,29.308255042231));
#7201 = CARTESIAN_POINT('',(0.164976071614,29.39543809326));
#7202 = CARTESIAN_POINT('',(0.164976218209,29.482612532757));
#7203 = CARTESIAN_POINT('',(0.164975605321,29.569773744441));
#7204 = CARTESIAN_POINT('',(0.164974275146,29.656923856238));
#7205 = CARTESIAN_POINT('',(0.164972361346,29.744071740287));
#7206 = CARTESIAN_POINT('',(0.164970089055,29.831233012936));
#7207 = CARTESIAN_POINT('',(0.164964900471,30.026735826296));
#7208 = CARTESIAN_POINT('',(0.164961852194,30.135054866068));
#7209 = CARTESIAN_POINT('',(0.164959260446,30.243383945595));
#7210 = CARTESIAN_POINT('',(0.164957538607,30.351718079332));
#7211 = CARTESIAN_POINT('',(0.164956883032,30.460050504656));
#7212 = CARTESIAN_POINT('',(0.164957273057,30.568372681868));
#7213 = CARTESIAN_POINT('',(0.16495847099,30.676674294185));
#7214 = CARTESIAN_POINT('',(0.164962134087,30.932358779042));
#7215 = CARTESIAN_POINT('',(0.164965215815,31.079907414036));
#7216 = CARTESIAN_POINT('',(0.164967387971,31.227408541388));
#7217 = CARTESIAN_POINT('',(0.164967991933,31.374842583621));
#7218 = CARTESIAN_POINT('',(0.164967259928,31.522272296524));
#7219 = CARTESIAN_POINT('',(0.164965985175,31.669764068559));
#7220 = CARTESIAN_POINT('',(0.164965192015,31.817309220261));
#7221 = CARTESIAN_POINT('',(0.164966377478,32.101948318032));
#7222 = CARTESIAN_POINT('',(0.16496792874,32.239309897577));
#7223 = CARTESIAN_POINT('',(0.16497059766,32.376631757263));
#7224 = CARTESIAN_POINT('',(0.164973394018,32.513900928656));
#7225 = CARTESIAN_POINT('',(0.164974309811,32.651143780043));
#7226 = CARTESIAN_POINT('',(0.164969225923,32.788401497587));
#7227 = CARTESIAN_POINT('',(0.16496183342,32.925709429623));
#7228 = CARTESIAN_POINT('',(0.164953364583,33.167270019586));
#7229 = CARTESIAN_POINT('',(0.164957626506,33.27153500835));
#7230 = CARTESIAN_POINT('',(0.164963908217,33.375794947798));
#7231 = CARTESIAN_POINT('',(0.164968198552,33.480058624673));
#7232 = CARTESIAN_POINT('',(0.164968373384,33.584330028224));
#7233 = CARTESIAN_POINT('',(0.16496419562,33.688608350202));
#7234 = CARTESIAN_POINT('',(0.164957315202,33.792887984864));
#7235 = CARTESIAN_POINT('',(0.164945077899,34.003931764665));
#7236 = CARTESIAN_POINT('',(0.16494663853,34.110696105418));
#7237 = CARTESIAN_POINT('',(0.164952380563,34.217464191119));
#7238 = CARTESIAN_POINT('',(0.164959504293,34.324241834105));
#7239 = CARTESIAN_POINT('',(0.164965980752,34.431028019159));
#7240 = CARTESIAN_POINT('',(0.164970551708,34.537814903512));
#7241 = CARTESIAN_POINT('',(0.164972729666,34.644587816841));
#7242 = CARTESIAN_POINT('',(0.164972797864,34.75132526127));
#7243 = ( GEOMETRIC_REPRESENTATION_CONTEXT(2) 
PARAMETRIC_REPRESENTATION_CONTEXT() REPRESENTATION_CONTEXT('2D SPACE',''
  ) );
#7244 = PCURVE('',#2353,#7245);
#7245 = DEFINITIONAL_REPRESENTATION('',(#7246),#7312);
#7246 = B_SPLINE_CURVE_WITH_KNOTS('',8,(#7247,#7248,#7249,#7250,#7251,
    #7252,#7253,#7254,#7255,#7256,#7257,#7258,#7259,#7260,#7261,#7262,
    #7263,#7264,#7265,#7266,#7267,#7268,#7269,#7270,#7271,#7272,#7273,
    #7274,#7275,#7276,#7277,#7278,#7279,#7280,#7281,#7282,#7283,#7284,
    #7285,#7286,#7287,#7288,#7289,#7290,#7291,#7292,#7293,#7294,#7295,
    #7296,#7297,#7298,#7299,#7300,#7301,#7302,#7303,#7304,#7305,#7306,
    #7307,#7308,#7309,#7310,#7311),.UNSPECIFIED.,.F.,.F.,(9,7,7,7,7,7,7,
    7,7,9),(0.,0.125176719605,0.274036399691,0.363536238064,
    0.443828349576,0.543557681068,0.679345937101,0.805709562739,
    0.90170277148,1.),.UNSPECIFIED.);
#7247 = CARTESIAN_POINT('',(0.,16.813203652242));
#7248 = CARTESIAN_POINT('',(9.824360736427E-02,16.907022890834));
#7249 = CARTESIAN_POINT('',(0.196529764332,17.000880772309));
#7250 = CARTESIAN_POINT('',(0.294777524341,17.094699077117));
#7251 = CARTESIAN_POINT('',(0.393002493594,17.18849432792));
#7252 = CARTESIAN_POINT('',(0.491232380508,17.282295387431));
#7253 = CARTESIAN_POINT('',(0.589494495017,17.376128350266));
#7254 = CARTESIAN_POINT('',(0.687797158937,17.470000783515));
#7255 = CARTESIAN_POINT('',(0.902866612945,17.675377997793));
#7256 = CARTESIAN_POINT('',(1.019864223166,17.787103264903));
#7257 = CARTESIAN_POINT('',(1.136789759257,17.898759016903));
#7258 = CARTESIAN_POINT('',(1.253666161237,18.010365929572));
#7259 = CARTESIAN_POINT('',(1.370543792889,18.121972711592));
#7260 = CARTESIAN_POINT('',(1.487469126057,18.233625777894));
#7261 = CARTESIAN_POINT('',(1.60448431339,18.345366165154));
#7262 = CARTESIAN_POINT('',(1.791609766188,18.524058810956));
#7263 = CARTESIAN_POINT('',(1.861882020552,18.591164791993));
#7264 = CARTESIAN_POINT('',(1.932156004299,18.65827296421));
#7265 = CARTESIAN_POINT('',(2.002434918913,18.725386263121));
#7266 = CARTESIAN_POINT('',(2.072724071556,18.792509511538));
#7267 = CARTESIAN_POINT('',(2.143026110118,18.859644948443));
#7268 = CARTESIAN_POINT('',(2.21333396532,18.926785585713));
#7269 = CARTESIAN_POINT('',(2.346664950792,19.054109359688));
#7270 = CARTESIAN_POINT('',(2.409717218358,19.114320404216));
#7271 = CARTESIAN_POINT('',(2.472763265108,19.174525014076));
#7272 = CARTESIAN_POINT('',(2.535799741248,19.234719967355));
#7273 = CARTESIAN_POINT('',(2.59882817694,19.294906762599));
#7274 = CARTESIAN_POINT('',(2.661854982302,19.355091618818));
#7275 = CARTESIAN_POINT('',(2.724891447411,19.415285475482));
#7276 = CARTESIAN_POINT('',(2.866282240497,19.550300287387));
#7277 = CARTESIAN_POINT('',(2.944620274737,19.625105612434));
#7278 = CARTESIAN_POINT('',(3.022965552472,19.699918184427));
#7279 = CARTESIAN_POINT('',(3.10131449316,19.774734843916));
#7280 = CARTESIAN_POINT('',(3.179662228266,19.849551055233));
#7281 = CARTESIAN_POINT('',(3.258002601261,19.924360906499));
#7282 = CARTESIAN_POINT('',(3.336328167623,19.999157109621));
#7283 = CARTESIAN_POINT('',(3.521243721274,20.17574072927));
#7284 = CARTESIAN_POINT('',(3.627953638427,20.27764304795));
#7285 = CARTESIAN_POINT('',(3.734629314337,20.37951193268));
#7286 = CARTESIAN_POINT('',(3.841256469839,20.48133341088));
#7287 = CARTESIAN_POINT('',(3.947880336501,20.583150982384));
#7288 = CARTESIAN_POINT('',(4.05454881455,20.685011040789));
#7289 = CARTESIAN_POINT('',(4.161255630809,20.786908294802));
#7290 = CARTESIAN_POINT('',(4.367110661871,20.98348688152));
#7291 = CARTESIAN_POINT('',(4.466452431094,21.078352754293));
#7292 = CARTESIAN_POINT('',(4.565765522717,21.173191962653));
#7293 = CARTESIAN_POINT('',(4.665040722245,21.267994870819));
#7294 = CARTESIAN_POINT('',(4.76429729037,21.362778311352));
#7295 = CARTESIAN_POINT('',(4.863564898229,21.457567901636));
#7296 = CARTESIAN_POINT('',(4.962868754076,21.55239058689));
#7297 = CARTESIAN_POINT('',(5.137569845903,21.719211621193));
#7298 = CARTESIAN_POINT('',(5.212975972333,21.7912221494));
#7299 = CARTESIAN_POINT('',(5.288378346117,21.863230576466));
#7300 = CARTESIAN_POINT('',(5.36378341586,21.935240218153));
#7301 = CARTESIAN_POINT('',(5.439194111087,22.007252371896));
#7302 = CARTESIAN_POINT('',(5.514609842242,22.079266316803));
#7303 = CARTESIAN_POINT('',(5.590026500691,22.151279313654));
#7304 = CARTESIAN_POINT('',(5.742656399321,22.297022208245));
#7305 = CARTESIAN_POINT('',(5.819870060495,22.370756988052));
#7306 = CARTESIAN_POINT('',(5.897086607749,22.444497223574));
#7307 = CARTESIAN_POINT('',(5.974310233435,22.518245007707));
#7308 = CARTESIAN_POINT('',(6.051540156753,22.591998246996));
#7309 = CARTESIAN_POINT('',(6.128770623747,22.665750661632));
#7310 = CARTESIAN_POINT('',(6.20599090731,22.739491785451));
#7311 = CARTESIAN_POINT('',(6.28318530718,22.813206965941));
#7312 = ( GEOMETRIC_REPRESENTATION_CONTEXT(2) 
PARAMETRIC_REPRESENTATION_CONTEXT() REPRESENTATION_CONTEXT('2D SPACE',''
  ) );
#7313 = ORIENTED_EDGE('',*,*,#7314,.F.);
#7314 = EDGE_CURVE('',#7315,#7106,#7317,.T.);
#7315 = VERTEX_POINT('',#7316);
#7316 = CARTESIAN_POINT('',(27.994405276015,18.,10.813194626735));
#7317 = SURFACE_CURVE('',#7318,(#7369,#7423),.PCURVE_S1.);
#7318 = B_SPLINE_CURVE_WITH_KNOTS('',7,(#7319,#7320,#7321,#7322,#7323,
    #7324,#7325,#7326,#7327,#7328,#7329,#7330,#7331,#7332,#7333,#7334,
    #7335,#7336,#7337,#7338,#7339,#7340,#7341,#7342,#7343,#7344,#7345,
    #7346,#7347,#7348,#7349,#7350,#7351,#7352,#7353,#7354,#7355,#7356,
    #7357,#7358,#7359,#7360,#7361,#7362,#7363,#7364,#7365,#7366,#7367,
    #7368),.UNSPECIFIED.,.F.,.F.,(8,6,6,6,6,6,6,6,8),(0.,
    8.18992223266E-02,0.212476664119,0.346250947811,0.439272362596,
    0.592539143601,0.726986527242,0.859952657772,1.),.UNSPECIFIED.);
#7319 = CARTESIAN_POINT('',(27.994405276015,18.,10.813194626735));
#7320 = CARTESIAN_POINT('',(27.994405276015,18.734576567493,
    10.883344850379));
#7321 = CARTESIAN_POINT('',(27.931417198268,19.469495549639,
    10.953521622718));
#7322 = CARTESIAN_POINT('',(27.805438355492,20.197951647479,
    11.023708941419));
#7323 = CARTESIAN_POINT('',(27.617286044381,20.913400392572,
    11.093896036353));
#7324 = CARTESIAN_POINT('',(27.368597545609,21.609558146999,
    11.164077369592));
#7325 = CARTESIAN_POINT('',(27.06183012383,22.280402103362,
    11.234252635418));
#7326 = CARTESIAN_POINT('',(26.123787084878,23.940195751404,
    11.416310090196));
#7327 = CARTESIAN_POINT('',(25.407369114411,24.882315400544,
    11.52829122201));
#7328 = CARTESIAN_POINT('',(24.56450124531,25.721730276918,
    11.640184954011));
#7329 = CARTESIAN_POINT('',(23.613284946615,26.439189146715,
    11.752069299202));
#7330 = CARTESIAN_POINT('',(22.574487965699,27.018925827212,
    11.863970141686));
#7331 = CARTESIAN_POINT('',(21.471823551694,27.448793134663,
    11.975946762968));
#7332 = CARTESIAN_POINT('',(19.166141387986,28.003358055217,
    12.202400175799));
#7333 = CARTESIAN_POINT('',(17.958552593391,28.12099352592,
    12.317143940309));
#7334 = CARTESIAN_POINT('',(16.739777841139,28.067753548781,
    12.431804570258));
#7335 = CARTESIAN_POINT('',(15.53857242588,27.843882572388,
    12.546447212206));
#7336 = CARTESIAN_POINT('',(14.382572291616,27.45461801148,
    12.661098715061));
#7337 = CARTESIAN_POINT('',(13.29842967895,26.910035232622,
    12.775838838367));
#7338 = CARTESIAN_POINT('',(11.624010523454,25.753372920778,
    12.970179593748));
#7339 = CARTESIAN_POINT('',(10.983288487153,25.211942867897,
    13.04989626357));
#7340 = CARTESIAN_POINT('',(10.396695375976,24.609129101967,
    13.129616570372));
#7341 = CARTESIAN_POINT('',(9.871219012908,23.951439185414,
    13.209337521469));
#7342 = CARTESIAN_POINT('',(9.412755656344,23.246252861655,
    13.289056310324));
#7343 = CARTESIAN_POINT('',(9.026110000093,22.501822055104,
    13.36877031655));
#7344 = CARTESIAN_POINT('',(8.20238667216,20.451081222146,
    13.579806037617));
#7345 = CARTESIAN_POINT('',(7.893703756638,19.090467809718,
    13.711344683679));
#7346 = CARTESIAN_POINT('',(7.807470780992,17.688534158239,
    13.842733149644));
#7347 = CARTESIAN_POINT('',(7.94754303589,16.287955210222,
    13.974026585761));
#7348 = CARTESIAN_POINT('',(8.309688207025,14.930900620795,
    14.105417569034));
#7349 = CARTESIAN_POINT('',(8.881678060493,13.658367326149,
    14.236960494947));
#7350 = CARTESIAN_POINT('',(10.299371268532,11.500614182833,
    14.483508730781));
#7351 = CARTESIAN_POINT('',(11.104375925262,10.584655369268,
    14.598822524578));
#7352 = CARTESIAN_POINT('',(12.035360308203,9.787117702378,
    14.714028950987));
#7353 = CARTESIAN_POINT('',(13.070952823362,9.127511978161,
    14.829209128188));
#7354 = CARTESIAN_POINT('',(14.187203478463,8.621090217861,
    14.94440357336));
#7355 = CARTESIAN_POINT('',(15.357368013095,8.278810957453,
    15.05969449482));
#7356 = CARTESIAN_POINT('',(17.731821241454,7.932495983117,
    15.288840294529));
#7357 = CARTESIAN_POINT('',(18.937583335891,7.924489781935,
    15.402884870812));
#7358 = CARTESIAN_POINT('',(20.138888889935,8.085487986605,
    15.516848218206));
#7359 = CARTESIAN_POINT('',(21.307894903335,8.412700252503,
    15.630748460851));
#7360 = CARTESIAN_POINT('',(22.418051989802,8.898591908412,
    15.744682062511));
#7361 = CARTESIAN_POINT('',(23.444356064974,9.531107741201,
    15.858695204379));
#7362 = CARTESIAN_POINT('',(25.333202154775,11.091897360965,
    16.092681492609));
#7363 = CARTESIAN_POINT('',(26.185870420431,12.035592490065,
    16.212880698992));
#7364 = CARTESIAN_POINT('',(26.894727132704,13.100446392738,
    16.332920729887));
#7365 = CARTESIAN_POINT('',(27.440741746072,14.259917947103,
    16.452910850404));
#7366 = CARTESIAN_POINT('',(27.810099536525,15.484716628656,
    16.57300416485));
#7367 = CARTESIAN_POINT('',(27.994405276015,16.74316039408,
    16.693179827767));
#7368 = CARTESIAN_POINT('',(27.994405276015,18.,16.813203652242));
#7369 = PCURVE('',#195,#7370);
#7370 = DEFINITIONAL_REPRESENTATION('',(#7371),#7422);
#7371 = B_SPLINE_CURVE_WITH_KNOTS('',7,(#7372,#7373,#7374,#7375,#7376,
    #7377,#7378,#7379,#7380,#7381,#7382,#7383,#7384,#7385,#7386,#7387,
    #7388,#7389,#7390,#7391,#7392,#7393,#7394,#7395,#7396,#7397,#7398,
    #7399,#7400,#7401,#7402,#7403,#7404,#7405,#7406,#7407,#7408,#7409,
    #7410,#7411,#7412,#7413,#7414,#7415,#7416,#7417,#7418,#7419,#7420,
    #7421),.UNSPECIFIED.,.F.,.F.,(8,6,6,6,6,6,6,6,8),(0.,
    8.18992223266E-02,0.212476664119,0.346250947811,0.439272362596,
    0.592539143601,0.726986527242,0.859952657772,1.),.UNSPECIFIED.);
#7372 = CARTESIAN_POINT('',(0.164952954009,17.375663947092));
#7373 = CARTESIAN_POINT('',(0.164958033211,17.47723445498));
#7374 = CARTESIAN_POINT('',(0.164964528398,17.578841997676));
#7375 = CARTESIAN_POINT('',(0.164970099948,17.680465728963));
#7376 = CARTESIAN_POINT('',(0.164973411233,17.782091382111));
#7377 = CARTESIAN_POINT('',(0.164974128611,17.883711269872));
#7378 = CARTESIAN_POINT('',(0.164972921431,17.985324284487));
#7379 = CARTESIAN_POINT('',(0.164969135214,18.248942130829));
#7380 = CARTESIAN_POINT('',(0.164965263505,18.411091513479));
#7381 = CARTESIAN_POINT('',(0.164963109566,18.573112636831));
#7382 = CARTESIAN_POINT('',(0.164965143867,18.735116006772));
#7383 = CARTESIAN_POINT('',(0.164966815026,18.897143625162));
#7384 = CARTESIAN_POINT('',(0.164967081966,19.059282364399));
#7385 = CARTESIAN_POINT('',(0.164964920471,19.387182697446));
#7386 = CARTESIAN_POINT('',(0.16496244444,19.553330907902));
#7387 = CARTESIAN_POINT('',(0.164958687478,19.71936001462));
#7388 = CARTESIAN_POINT('',(0.164955788447,19.885362222755));
#7389 = CARTESIAN_POINT('',(0.16495648769,20.051373685878));
#7390 = CARTESIAN_POINT('',(0.164959645762,20.217511025762));
#7391 = CARTESIAN_POINT('',(0.16496658139,20.498904093037));
#7392 = CARTESIAN_POINT('',(0.164970000138,20.614328196354));
#7393 = CARTESIAN_POINT('',(0.164973130724,20.729757852242));
#7394 = CARTESIAN_POINT('',(0.164975366469,20.84518933019));
#7395 = CARTESIAN_POINT('',(0.164976356244,20.960618915308));
#7396 = CARTESIAN_POINT('',(0.164976004465,21.076042908323));
#7397 = CARTESIAN_POINT('',(0.164971944644,21.3816207427));
#7398 = CARTESIAN_POINT('',(0.164966521116,21.572090398943));
#7399 = CARTESIAN_POINT('',(0.16495904178,21.762344641331));
#7400 = CARTESIAN_POINT('',(0.164954951593,21.952457915607));
#7401 = CARTESIAN_POINT('',(0.164956089083,22.142707241051));
#7402 = CARTESIAN_POINT('',(0.164959380491,22.333174434972));
#7403 = CARTESIAN_POINT('',(0.164965120414,22.69016365659));
#7404 = CARTESIAN_POINT('',(0.164967635027,22.857132294601));
#7405 = CARTESIAN_POINT('',(0.164968643178,23.023946964516));
#7406 = CARTESIAN_POINT('',(0.164966514351,23.190726743312));
#7407 = CARTESIAN_POINT('',(0.164964578454,23.357526990025));
#7408 = CARTESIAN_POINT('',(0.164965127129,23.524464462948));
#7409 = CARTESIAN_POINT('',(0.164968573581,23.856257724392));
#7410 = CARTESIAN_POINT('',(0.164970830462,24.021388827162));
#7411 = CARTESIAN_POINT('',(0.164975840691,24.186399576942));
#7412 = CARTESIAN_POINT('',(0.164973172724,24.351326582138));
#7413 = CARTESIAN_POINT('',(0.164961458519,24.516310878893));
#7414 = CARTESIAN_POINT('',(0.164951963692,24.681408142345));
#7415 = CARTESIAN_POINT('',(0.164956191233,25.020209519181));
#7416 = CARTESIAN_POINT('',(0.165005359038,25.194205741502));
#7417 = CARTESIAN_POINT('',(0.164960203367,25.36806520479));
#7418 = CARTESIAN_POINT('',(0.164923529918,25.541843971078));
#7419 = CARTESIAN_POINT('',(0.164944831811,25.715714553238));
#7420 = CARTESIAN_POINT('',(0.164959850229,25.889710617059));
#7421 = CARTESIAN_POINT('',(0.164967136655,26.063494505864));
#7422 = ( GEOMETRIC_REPRESENTATION_CONTEXT(2) 
PARAMETRIC_REPRESENTATION_CONTEXT() REPRESENTATION_CONTEXT('2D SPACE',''
  ) );
#7423 = PCURVE('',#2146,#7424);
#7424 = DEFINITIONAL_REPRESENTATION('',(#7425),#7476);
#7425 = B_SPLINE_CURVE_WITH_KNOTS('',7,(#7426,#7427,#7428,#7429,#7430,
    #7431,#7432,#7433,#7434,#7435,#7436,#7437,#7438,#7439,#7440,#7441,
    #7442,#7443,#7444,#7445,#7446,#7447,#7448,#7449,#7450,#7451,#7452,
    #7453,#7454,#7455,#7456,#7457,#7458,#7459,#7460,#7461,#7462,#7463,
    #7464,#7465,#7466,#7467,#7468,#7469,#7470,#7471,#7472,#7473,#7474,
    #7475),.UNSPECIFIED.,.F.,.F.,(8,6,6,6,6,6,6,6,8),(0.,
    8.18992223266E-02,0.212476664119,0.346250947811,0.439272362596,
    0.592539143601,0.726986527242,0.859952657772,1.),.UNSPECIFIED.);
#7426 = CARTESIAN_POINT('',(0.,10.813194626735));
#7427 = CARTESIAN_POINT('',(7.345765674931E-02,10.883344850379));
#7428 = CARTESIAN_POINT('',(0.146942280243,10.953521622718));
#7429 = CARTESIAN_POINT('',(0.220438649062,11.023708941419));
#7430 = CARTESIAN_POINT('',(0.293936340501,11.093896036353));
#7431 = CARTESIAN_POINT('',(0.367429730574,11.164077369592));
#7432 = CARTESIAN_POINT('',(0.440917994011,11.234252635418));
#7433 = CARTESIAN_POINT('',(0.631570549646,11.416310090196));
#7434 = CARTESIAN_POINT('',(0.748839201603,11.52829122201));
#7435 = CARTESIAN_POINT('',(0.866014902403,11.640184954011));
#7436 = CARTESIAN_POINT('',(0.983178051036,11.752069299202));
#7437 = CARTESIAN_POINT('',(1.100359162644,11.863970141686));
#7438 = CARTESIAN_POINT('',(1.217620869467,11.975946762968));
#7439 = CARTESIAN_POINT('',(1.454764549357,12.202400175799));
#7440 = CARTESIAN_POINT('',(1.574926132426,12.317143940309));
#7441 = CARTESIAN_POINT('',(1.695001481631,12.431804570258));
#7442 = CARTESIAN_POINT('',(1.815057072137,12.546447212206));
#7443 = CARTESIAN_POINT('',(1.935119169672,12.661098715061));
#7444 = CARTESIAN_POINT('',(2.05527227666,12.775838838367));
#7445 = CARTESIAN_POINT('',(2.258780193261,12.970179593748));
#7446 = CARTESIAN_POINT('',(2.342256756819,13.04989626357));
#7447 = CARTESIAN_POINT('',(2.425737379282,13.129616570372));
#7448 = CARTESIAN_POINT('',(2.50921936509,13.209337521469));
#7449 = CARTESIAN_POINT('',(2.592700015748,13.289056310324));
#7450 = CARTESIAN_POINT('',(2.676176629825,13.36877031655));
#7451 = CARTESIAN_POINT('',(2.897175681518,13.579806037617));
#7452 = CARTESIAN_POINT('',(3.034926495615,13.711344683679));
#7453 = CARTESIAN_POINT('',(3.172521320719,13.842733149644));
#7454 = CARTESIAN_POINT('',(3.310014084135,13.974026585761));
#7455 = CARTESIAN_POINT('',(3.447605391904,14.105417569034));
#7456 = CARTESIAN_POINT('',(3.585354631157,14.236960494947));
#7457 = CARTESIAN_POINT('',(3.843535820627,14.483508730781));
#7458 = CARTESIAN_POINT('',(3.96429074197,14.598822524578));
#7459 = CARTESIAN_POINT('',(4.084934331847,14.714028950987));
#7460 = CARTESIAN_POINT('',(4.205552477978,14.829209128188));
#7461 = CARTESIAN_POINT('',(4.326184929657,14.94440357336));
#7462 = CARTESIAN_POINT('',(4.446916406503,15.05969449482));
#7463 = CARTESIAN_POINT('',(4.686873948479,15.288840294529));
#7464 = CARTESIAN_POINT('',(4.806299134218,15.402884870812));
#7465 = CARTESIAN_POINT('',(4.925637535099,15.516848218206));
#7466 = CARTESIAN_POINT('',(5.044916086446,15.630748460851));
#7467 = CARTESIAN_POINT('',(5.164236388492,15.744682062511));
#7468 = CARTESIAN_POINT('',(5.283637761334,15.858695204379));
#7469 = CARTESIAN_POINT('',(5.52866436781,16.092681492609));
#7470 = CARTESIAN_POINT('',(5.654500607755,16.212880698992));
#7471 = CARTESIAN_POINT('',(5.780239251053,16.332920729887));
#7472 = CARTESIAN_POINT('',(5.905918381048,16.452910850404));
#7473 = CARTESIAN_POINT('',(6.031663298404,16.57300416485));
#7474 = CARTESIAN_POINT('',(6.157501346588,16.693179827767));
#7475 = CARTESIAN_POINT('',(6.28318530718,16.813203652242));
#7476 = ( GEOMETRIC_REPRESENTATION_CONTEXT(2) 
PARAMETRIC_REPRESENTATION_CONTEXT() REPRESENTATION_CONTEXT('2D SPACE',''
  ) );
#7477 = ORIENTED_EDGE('',*,*,#7478,.F.);
#7478 = EDGE_CURVE('',#7479,#7315,#7481,.T.);
#7479 = VERTEX_POINT('',#7480);
#7480 = CARTESIAN_POINT('',(27.994405276015,18.,4.813192058908));
#7481 = SURFACE_CURVE('',#7482,(#7548,#7617),.PCURVE_S1.);
#7482 = B_SPLINE_CURVE_WITH_KNOTS('',8,(#7483,#7484,#7485,#7486,#7487,
    #7488,#7489,#7490,#7491,#7492,#7493,#7494,#7495,#7496,#7497,#7498,
    #7499,#7500,#7501,#7502,#7503,#7504,#7505,#7506,#7507,#7508,#7509,
    #7510,#7511,#7512,#7513,#7514,#7515,#7516,#7517,#7518,#7519,#7520,
    #7521,#7522,#7523,#7524,#7525,#7526,#7527,#7528,#7529,#7530,#7531,
    #7532,#7533,#7534,#7535,#7536,#7537,#7538,#7539,#7540,#7541,#7542,
    #7543,#7544,#7545,#7546,#7547),.UNSPECIFIED.,.F.,.F.,(9,7,7,7,7,7,7,
    7,7,9),(0.,0.104351911337,0.20422280915,0.347348312523,
    0.438173644351,0.591284805079,0.754430762654,0.897616004815,
    0.945345323104,1.),.UNSPECIFIED.);
#7483 = CARTESIAN_POINT('',(27.994405276015,18.,4.813192058908));
#7484 = CARTESIAN_POINT('',(27.994405276015,18.819124494409,
    4.891409844521));
#7485 = CARTESIAN_POINT('',(27.917668724462,19.638596034455,
    4.969649121669));
#7486 = CARTESIAN_POINT('',(27.764244438005,20.449607475567,
    5.047900110153));
#7487 = CARTESIAN_POINT('',(27.535232079391,21.243719323294,
    5.126154993962));
#7488 = CARTESIAN_POINT('',(27.232782157463,22.012859733301,
    5.204407921266));
#7489 = CARTESIAN_POINT('',(26.860096027169,22.74932451137,
    5.282655004424));
#7490 = CARTESIAN_POINT('',(26.42142588955,23.445777113399,
    5.360894319976));
#7491 = CARTESIAN_POINT('',(25.444166511757,24.716830983225,
    5.513998126112));
#7492 = CARTESIAN_POINT('',(24.910335560734,25.29587964172,
    5.588904758334));
#7493 = CARTESIAN_POINT('',(24.325180399738,25.826231062378,
    5.663813458835));
#7494 = CARTESIAN_POINT('',(23.693987144262,26.302598897814,
    5.738721282867));
#7495 = CARTESIAN_POINT('',(23.022589544612,26.720444416409,
    5.813631968827));
#7496 = CARTESIAN_POINT('',(22.317320955044,27.075932586099,
    5.888548027403));
#7497 = CARTESIAN_POINT('',(21.585047356356,27.366002254754,
    5.963462111004));
#7498 = CARTESIAN_POINT('',(19.755895166784,27.907554513784,
    6.145628758503));
#7499 = CARTESIAN_POINT('',(18.636626457042,28.088448628885,
    6.253017989298));
#7500 = CARTESIAN_POINT('',(17.497617698287,28.124308892029,
    6.36034478446));
#7501 = CARTESIAN_POINT('',(16.360726639335,28.013296677695,
    6.467638735107));
#7502 = CARTESIAN_POINT('',(15.247359005742,27.757231979504,
    6.574943327382));
#7503 = CARTESIAN_POINT('',(14.178485118738,27.361078522701,
    6.682300496356));
#7504 = CARTESIAN_POINT('',(13.174484186881,26.833497573247,
    6.78972676533));
#7505 = CARTESIAN_POINT('',(11.670644020297,25.77935584269,
    6.965102227472));
#7506 = CARTESIAN_POINT('',(11.120003531765,25.322391551135,
    7.033199904873));
#7507 = CARTESIAN_POINT('',(10.607258885161,24.821034218445,
    7.101304126721));
#7508 = CARTESIAN_POINT('',(10.136611649719,24.278999804289,
    7.169410169122));
#7509 = CARTESIAN_POINT('',(9.711755496166,23.700392109323,
    7.237514751744));
#7510 = CARTESIAN_POINT('',(9.33587619672,23.089702775192,7.305616037814
    ));
#7511 = CARTESIAN_POINT('',(9.011651625094,22.451811284532,
    7.373713634121));
#7512 = CARTESIAN_POINT('',(8.285418159095,20.679665608565,
    7.556601432166));
#7513 = CARTESIAN_POINT('',(7.981797003468,19.503195063885,
    7.671541322406));
#7514 = CARTESIAN_POINT('',(7.842035397388,18.289276116729,
    7.786411286389));
#7515 = CARTESIAN_POINT('',(7.870555847969,17.064465934535,
    7.901196869945));
#7516 = CARTESIAN_POINT('',(8.06695909786,15.855146209403,8.015984793703
    ));
#7517 = CARTESIAN_POINT('',(8.426830396248,14.687342441756,
    8.130860868135));
#7518 = CARTESIAN_POINT('',(8.940949204663,13.586392360658,
    8.245807170025));
#7519 = CARTESIAN_POINT('',(10.287584016289,11.500344578595,
    8.482913131707));
#7520 = CARTESIAN_POINT('',(11.141096014577,10.52394770212,
    8.605454824526));
#7521 = CARTESIAN_POINT('',(12.134921615932,9.677877696355,
    8.727863907702));
#7522 = CARTESIAN_POINT('',(13.245118105918,8.984565329144,
    8.850203816655));
#7523 = CARTESIAN_POINT('',(14.444784074033,8.461040784626,
    8.972543578901));
#7524 = CARTESIAN_POINT('',(15.704647463675,8.119908864994,9.09495188395
    ));
#7525 = CARTESIAN_POINT('',(16.992582558885,7.968213319234,
    9.217490865365));
#7526 = CARTESIAN_POINT('',(19.396504698641,8.035178618851,
    9.447140518145));
#7527 = CARTESIAN_POINT('',(20.517267450839,8.210861545612,
    9.554593080495));
#7528 = CARTESIAN_POINT('',(21.611616027553,8.530778830534,
    9.661976186565));
#7529 = CARTESIAN_POINT('',(22.658196010394,8.989629275988,9.76931306852
    ));
#7530 = CARTESIAN_POINT('',(23.63707546022,9.579176840011,9.876641311511
    ));
#7531 = CARTESIAN_POINT('',(24.530098869127,10.287899137867,
    9.984004966077));
#7532 = CARTESIAN_POINT('',(25.320658701277,11.101463366751,
    10.09144735949));
#7533 = CARTESIAN_POINT('',(26.219879639398,12.300701911696,
    10.234588783756));
#7534 = CARTESIAN_POINT('',(26.431849987113,12.610144915138,
    10.270375906745));
#7535 = CARTESIAN_POINT('',(26.630504511117,12.92858279658,
    10.306164875852));
#7536 = CARTESIAN_POINT('',(26.815404661012,13.255355737202,
    10.341956010842));
#7537 = CARTESIAN_POINT('',(26.986151078634,13.589778328568,
    10.377749363572));
#7538 = CARTESIAN_POINT('',(27.142383598053,13.931139572626,
    10.413544717994));
#7539 = CARTESIAN_POINT('',(27.283781245578,14.278702881713,
    10.449341590153));
#7540 = CARTESIAN_POINT('',(27.554666168359,15.035928815387,
    10.526130979389));
#7541 = CARTESIAN_POINT('',(27.679484358402,15.447404154606,
    10.567137842885));
#7542 = CARTESIAN_POINT('',(27.784068224487,15.864908034929,
    10.608152903408));
#7543 = CARTESIAN_POINT('',(27.868063939357,16.28721620353,
    10.649170467112));
#7544 = CARTESIAN_POINT('',(27.93121243388,16.713104216034,
    10.69018606158));
#7545 = CARTESIAN_POINT('',(27.973349397056,17.141347436519,
    10.731196435815));
#7546 = CARTESIAN_POINT('',(27.994405276015,17.570721037514,
    10.772199560249));
#7547 = CARTESIAN_POINT('',(27.994405276015,18.,10.813194626735));
#7548 = PCURVE('',#195,#7549);
#7549 = DEFINITIONAL_REPRESENTATION('',(#7550),#7616);
#7550 = B_SPLINE_CURVE_WITH_KNOTS('',8,(#7551,#7552,#7553,#7554,#7555,
    #7556,#7557,#7558,#7559,#7560,#7561,#7562,#7563,#7564,#7565,#7566,
    #7567,#7568,#7569,#7570,#7571,#7572,#7573,#7574,#7575,#7576,#7577,
    #7578,#7579,#7580,#7581,#7582,#7583,#7584,#7585,#7586,#7587,#7588,
    #7589,#7590,#7591,#7592,#7593,#7594,#7595,#7596,#7597,#7598,#7599,
    #7600,#7601,#7602,#7603,#7604,#7605,#7606,#7607,#7608,#7609,#7610,
    #7611,#7612,#7613,#7614,#7615),.UNSPECIFIED.,.F.,.F.,(9,7,7,7,7,7,7,
    7,7,9),(0.,0.104351911337,0.20422280915,0.347348312523,
    0.438173644351,0.591284805079,0.754430762654,0.897616004815,
    0.945345323104,1.),.UNSPECIFIED.);
#7551 = CARTESIAN_POINT('',(0.16494933433,8.687832243182));
#7552 = CARTESIAN_POINT('',(0.164944863718,8.801093843349));
#7553 = CARTESIAN_POINT('',(0.164948747077,8.914378261877));
#7554 = CARTESIAN_POINT('',(0.164956340597,9.02767595156));
#7555 = CARTESIAN_POINT('',(0.164964214055,9.140979003411));
#7556 = CARTESIAN_POINT('',(0.164970150824,9.254281146661));
#7557 = CARTESIAN_POINT('',(0.164973147868,9.367577748759));
#7558 = CARTESIAN_POINT('',(0.164973415744,9.48086581537));
#7559 = CARTESIAN_POINT('',(0.164971385993,9.702557845914));
#7560 = CARTESIAN_POINT('',(0.16496923811,9.811022680976));
#7561 = CARTESIAN_POINT('',(0.164966829207,9.919490770205));
#7562 = CARTESIAN_POINT('',(0.164965214374,10.02795680132));
#7563 = CARTESIAN_POINT('',(0.164964710296,10.136425872746));
#7564 = CARTESIAN_POINT('',(0.16496498912,10.244901945654));
#7565 = CARTESIAN_POINT('',(0.164965560041,10.353374868615));
#7566 = CARTESIAN_POINT('',(0.164966711367,10.617145916856));
#7567 = CARTESIAN_POINT('',(0.164967184247,10.772642038803));
#7568 = CARTESIAN_POINT('',(0.16496633136,10.928049073031));
#7569 = CARTESIAN_POINT('',(0.164963249617,11.083410763982));
#7570 = CARTESIAN_POINT('',(0.164959456859,11.238788570196));
#7571 = CARTESIAN_POINT('',(0.164957176874,11.394241002861));
#7572 = CARTESIAN_POINT('',(0.164957075578,11.549791325575));
#7573 = CARTESIAN_POINT('',(0.164959923744,11.803727242016));
#7574 = CARTESIAN_POINT('',(0.164961872512,11.902328831063));
#7575 = CARTESIAN_POINT('',(0.164964387784,12.000939333391));
#7576 = CARTESIAN_POINT('',(0.164967183726,12.099552192947));
#7577 = CARTESIAN_POINT('',(0.164969965207,12.198162953151));
#7578 = CARTESIAN_POINT('',(0.164972427803,12.296769256895));
#7579 = CARTESIAN_POINT('',(0.164974257792,12.395370846542));
#7580 = CARTESIAN_POINT('',(0.164976606147,12.660184911129));
#7581 = CARTESIAN_POINT('',(0.164975765009,12.826615481661));
#7582 = CARTESIAN_POINT('',(0.164971507651,12.992948195394));
#7583 = CARTESIAN_POINT('',(0.164965391428,13.159160575662));
#7584 = CARTESIAN_POINT('',(0.164959861666,13.325375761749));
#7585 = CARTESIAN_POINT('',(0.164956877455,13.491716058203));
#7586 = CARTESIAN_POINT('',(0.164956933698,13.658155020958));
#7587 = CARTESIAN_POINT('',(0.164960126453,14.001474625587));
#7588 = CARTESIAN_POINT('',(0.164963521248,14.178908183923));
#7589 = CARTESIAN_POINT('',(0.164967727633,14.356148920795));
#7590 = CARTESIAN_POINT('',(0.1649692474,14.533292164844));
#7591 = CARTESIAN_POINT('',(0.164967320696,14.710438620984));
#7592 = CARTESIAN_POINT('',(0.164964722249,14.887684992637));
#7593 = CARTESIAN_POINT('',(0.164964929743,15.065117791933));
#7594 = CARTESIAN_POINT('',(0.164967954514,15.397641037478));
#7595 = CARTESIAN_POINT('',(0.164970506772,15.553226795605));
#7596 = CARTESIAN_POINT('',(0.164973645142,15.708711400617));
#7597 = CARTESIAN_POINT('',(0.164974706151,15.864131138501));
#7598 = CARTESIAN_POINT('',(0.164970048602,16.019544049605));
#7599 = CARTESIAN_POINT('',(0.164955026744,16.17501853396));
#7600 = CARTESIAN_POINT('',(0.16495030799,16.330596792424));
#7601 = CARTESIAN_POINT('',(0.164956909522,16.53785499736));
#7602 = CARTESIAN_POINT('',(0.164960441036,16.589670237909));
#7603 = CARTESIAN_POINT('',(0.164964801338,16.641487328079));
#7604 = CARTESIAN_POINT('',(0.164968988922,16.693307725996));
#7605 = CARTESIAN_POINT('',(0.164972053104,16.745132451377));
#7606 = CARTESIAN_POINT('',(0.164973094017,16.796962085526));
#7607 = CARTESIAN_POINT('',(0.16497126261,16.84879677134));
#7608 = CARTESIAN_POINT('',(0.164959460382,16.959997378563));
#7609 = CARTESIAN_POINT('',(0.164953526341,17.019380062115));
#7610 = CARTESIAN_POINT('',(0.164948953623,17.078773262078));
#7611 = CARTESIAN_POINT('',(0.164946331833,17.138168148073));
#7612 = CARTESIAN_POINT('',(0.164945845089,17.197558061212));
#7613 = CARTESIAN_POINT('',(0.164947272021,17.256938514108));
#7614 = CARTESIAN_POINT('',(0.164949985776,17.316307190867));
#7615 = CARTESIAN_POINT('',(0.164952954009,17.375663947092));
#7616 = ( GEOMETRIC_REPRESENTATION_CONTEXT(2) 
PARAMETRIC_REPRESENTATION_CONTEXT() REPRESENTATION_CONTEXT('2D SPACE',''
  ) );
#7617 = PCURVE('',#1946,#7618);
#7618 = DEFINITIONAL_REPRESENTATION('',(#7619),#7685);
#7619 = B_SPLINE_CURVE_WITH_KNOTS('',8,(#7620,#7621,#7622,#7623,#7624,
    #7625,#7626,#7627,#7628,#7629,#7630,#7631,#7632,#7633,#7634,#7635,
    #7636,#7637,#7638,#7639,#7640,#7641,#7642,#7643,#7644,#7645,#7646,
    #7647,#7648,#7649,#7650,#7651,#7652,#7653,#7654,#7655,#7656,#7657,
    #7658,#7659,#7660,#7661,#7662,#7663,#7664,#7665,#7666,#7667,#7668,
    #7669,#7670,#7671,#7672,#7673,#7674,#7675,#7676,#7677,#7678,#7679,
    #7680,#7681,#7682,#7683,#7684),.UNSPECIFIED.,.F.,.F.,(9,7,7,7,7,7,7,
    7,7,9),(0.,0.104351911337,0.20422280915,0.347348312523,
    0.438173644351,0.591284805079,0.754430762654,0.897616004815,
    0.945345323104,1.),.UNSPECIFIED.);
#7620 = CARTESIAN_POINT('',(0.,4.813192058908));
#7621 = CARTESIAN_POINT('',(8.191244944095E-02,4.891409844521));
#7622 = CARTESIAN_POINT('',(0.163841644774,4.969649121669));
#7623 = CARTESIAN_POINT('',(0.245780634579,5.047900110153));
#7624 = CARTESIAN_POINT('',(0.32772363763,5.126154993962));
#7625 = CARTESIAN_POINT('',(0.409666042896,5.204407921266));
#7626 = CARTESIAN_POINT('',(0.491604409543,5.282655004424));
#7627 = CARTESIAN_POINT('',(0.573536466929,5.360894319976));
#7628 = CARTESIAN_POINT('',(0.733867806083,5.513998126112));
#7629 = CARTESIAN_POINT('',(0.812311209439,5.588904758334));
#7630 = CARTESIAN_POINT('',(0.890756824962,5.663813458835));
#7631 = CARTESIAN_POINT('',(0.969200890499,5.738721282867));
#7632 = CARTESIAN_POINT('',(1.047647192574,5.813631968827));
#7633 = CARTESIAN_POINT('',(1.126098666323,5.888548027403));
#7634 = CARTESIAN_POINT('',(1.204547986649,5.963462111004));
#7635 = CARTESIAN_POINT('',(1.395311625267,6.145628758503));
#7636 = CARTESIAN_POINT('',(1.507769256051,6.253017989298));
#7637 = CARTESIAN_POINT('',(1.620162664263,6.36034478446));
#7638 = CARTESIAN_POINT('',(1.732523290485,6.467638735107));
#7639 = CARTESIAN_POINT('',(1.844895396261,6.574943327382));
#7640 = CARTESIAN_POINT('',(1.957321247868,6.682300496356));
#7641 = CARTESIAN_POINT('',(2.069817765941,6.78972676533));
#7642 = CARTESIAN_POINT('',(2.253468250143,6.965102227472));
#7643 = CARTESIAN_POINT('',(2.324778459,7.033199904873));
#7644 = CARTESIAN_POINT('',(2.396095116956,7.101304126721));
#7645 = CARTESIAN_POINT('',(2.467413501775,7.169410169122));
#7646 = CARTESIAN_POINT('',(2.538730400975,7.237514751744));
#7647 = CARTESIAN_POINT('',(2.610044111834,7.305616037814));
#7648 = CARTESIAN_POINT('',(2.681354441384,7.373713634121));
#7649 = CARTESIAN_POINT('',(2.872872465183,7.556601432166));
#7650 = CARTESIAN_POINT('',(2.993237913462,7.671541322406));
#7651 = CARTESIAN_POINT('',(3.113532562889,7.786411286389));
#7652 = CARTESIAN_POINT('',(3.233740046907,7.901196869945));
#7653 = CARTESIAN_POINT('',(3.35394941419,8.015984793703));
#7654 = CARTESIAN_POINT('',(3.474249243871,8.130860868135));
#7655 = CARTESIAN_POINT('',(3.594620582591,8.245807170025));
#7656 = CARTESIAN_POINT('',(3.842915179088,8.482913131707));
#7657 = CARTESIAN_POINT('',(3.971238342938,8.605454824526));
#7658 = CARTESIAN_POINT('',(4.099422261252,8.727863907702));
#7659 = CARTESIAN_POINT('',(4.22753581722,8.850203816655));
#7660 = CARTESIAN_POINT('',(4.355651433643,8.972543578901));
#7661 = CARTESIAN_POINT('',(4.483838768639,9.09495188395));
#7662 = CARTESIAN_POINT('',(4.612160643552,9.217490865365));
#7663 = CARTESIAN_POINT('',(4.852646110999,9.447140518145));
#7664 = CARTESIAN_POINT('',(4.965167915204,9.554593080495));
#7665 = CARTESIAN_POINT('',(5.07761678804,9.661976186565));
#7666 = CARTESIAN_POINT('',(5.190019143457,9.769313068519));
#7667 = CARTESIAN_POINT('',(5.302417193964,9.876641311511));
#7668 = CARTESIAN_POINT('',(5.414859602181,9.984004966077));
#7669 = CARTESIAN_POINT('',(5.52737647255,10.09144735949));
#7670 = CARTESIAN_POINT('',(5.677268813356,10.234588783756));
#7671 = CARTESIAN_POINT('',(5.714742335128,10.270375906745));
#7672 = CARTESIAN_POINT('',(5.752217196403,10.306164875852));
#7673 = CARTESIAN_POINT('',(5.789694489584,10.341956010842));
#7674 = CARTESIAN_POINT('',(5.827174964088,10.377749363572));
#7675 = CARTESIAN_POINT('',(5.864659026348,10.413544717994));
#7676 = CARTESIAN_POINT('',(5.902146739814,10.449341590153));
#7677 = CARTESIAN_POINT('',(5.982568736558,10.526130979389));
#7678 = CARTESIAN_POINT('',(6.025515130896,10.567137842885));
#7679 = CARTESIAN_POINT('',(6.068469112384,10.608152903408));
#7680 = CARTESIAN_POINT('',(6.111424340088,10.649170467112));
#7681 = CARTESIAN_POINT('',(6.154376027727,10.69018606158));
#7682 = CARTESIAN_POINT('',(6.197320943669,10.731196435815));
#7683 = CARTESIAN_POINT('',(6.240257410931,10.772199560249));
#7684 = CARTESIAN_POINT('',(6.28318530718,10.813194626735));
#7685 = ( GEOMETRIC_REPRESENTATION_CONTEXT(2) 
PARAMETRIC_REPRESENTATION_CONTEXT() REPRESENTATION_CONTEXT('2D SPACE',''
  ) );
#7686 = ORIENTED_EDGE('',*,*,#7687,.F.);
#7687 = EDGE_CURVE('',#7688,#7479,#7690,.T.);
#7688 = VERTEX_POINT('',#7689);
#7689 = CARTESIAN_POINT('',(14.053701721917,27.190802736546,
    0.699999999994));
#7690 = SURFACE_CURVE('',#7691,(#7743,#7798),.PCURVE_S1.);
#7691 = B_SPLINE_CURVE_WITH_KNOTS('',8,(#7692,#7693,#7694,#7695,#7696,
    #7697,#7698,#7699,#7700,#7701,#7702,#7703,#7704,#7705,#7706,#7707,
    #7708,#7709,#7710,#7711,#7712,#7713,#7714,#7715,#7716,#7717,#7718,
    #7719,#7720,#7721,#7722,#7723,#7724,#7725,#7726,#7727,#7728,#7729,
    #7730,#7731,#7732,#7733,#7734,#7735,#7736,#7737,#7738,#7739,#7740,
    #7741,#7742),.UNSPECIFIED.,.F.,.F.,(9,7,7,7,7,7,7,9),(0.,
    0.220524643505,0.328634532358,0.430384553327,0.600225959398,
    0.765572493788,0.894151796249,1.),.UNSPECIFIED.);
#7692 = CARTESIAN_POINT('',(21.215775980025,27.466930378287,
    -5.999999998143E-07));
#7693 = CARTESIAN_POINT('',(19.901188065078,27.914253304288,
    0.132601894541));
#7694 = CARTESIAN_POINT('',(18.51236384254,28.154054707567,
    0.265531621798));
#7695 = CARTESIAN_POINT('',(17.092705992029,28.169588269019,
    0.398256575408));
#7696 = CARTESIAN_POINT('',(15.683966742874,27.959356566213,
    0.530884597062));
#7697 = CARTESIAN_POINT('',(14.326555284124,27.527862460539,
    0.663511481621));
#7698 = CARTESIAN_POINT('',(13.058758636333,26.888913673178,
    0.796227288277));
#7699 = CARTESIAN_POINT('',(11.917305618889,26.062094267725,
    0.929161756741));
#7700 = CARTESIAN_POINT('',(10.451766388703,24.600915482838,
    1.126786859876));
#7701 = CARTESIAN_POINT('',(10.006918296645,24.082558940746,
    1.191812859895));
#7702 = CARTESIAN_POINT('',(9.602882109001,23.53006963894,1.256846959754
    ));
#7703 = CARTESIAN_POINT('',(9.242733278859,22.947245849694,
    1.321884517475));
#7704 = CARTESIAN_POINT('',(8.929076637876,22.338139814879,
    1.386922028429));
#7705 = CARTESIAN_POINT('',(8.664046396284,21.707057745971,
    1.451957125337));
#7706 = CARTESIAN_POINT('',(8.449306142887,21.058559824046,
    1.516988578266));
#7707 = CARTESIAN_POINT('',(8.132395616355,19.775251617894,
    1.643218572927));
#7708 = CARTESIAN_POINT('',(8.024340343102,19.141751632869,
    1.704419110167));
#7709 = CARTESIAN_POINT('',(7.962813851329,18.501008119696,
    1.765612955798));
#7710 = CARTESIAN_POINT('',(7.948353430029,17.857028174071,1.82679864246
    ));
#7711 = CARTESIAN_POINT('',(7.981102831163,17.213778112389,1.88797818598
    ));
#7712 = CARTESIAN_POINT('',(8.060812269659,16.575183471749,
    1.949157085374));
#7713 = CARTESIAN_POINT('',(8.186838423412,15.94512900995,2.010344322851
    ));
#7714 = CARTESIAN_POINT('',(8.644088881332,14.296441787776,
    2.173720988837));
#7715 = CARTESIAN_POINT('',(9.056492348664,13.299616224973,
    2.275973577766));
#7716 = CARTESIAN_POINT('',(9.589877708836,12.356104217573,
    2.378189727712));
#7717 = CARTESIAN_POINT('',(10.23608408717,11.483140921234,
    2.480358752052));
#7718 = CARTESIAN_POINT('',(10.984381458758,10.695974154606,
    2.582525653419));
#7719 = CARTESIAN_POINT('',(11.821585246459,10.007764107143,
    2.684737096706));
#7720 = CARTESIAN_POINT('',(12.732170918902,9.429483046919,
    2.786987382061));
#7721 = CARTESIAN_POINT('',(14.639035200102,8.52231217515,2.988637327107
    ));
#7722 = CARTESIAN_POINT('',(15.633908093354,8.186338845953,
    3.088210163926));
#7723 = CARTESIAN_POINT('',(16.666268239819,7.970341081223,
    3.187738465125));
#7724 = CARTESIAN_POINT('',(17.719041771347,7.878644989721,
    3.287227661543));
#7725 = CARTESIAN_POINT('',(18.775103287742,7.913019502976,
    3.386705172449));
#7726 = CARTESIAN_POINT('',(19.81733132184,8.072503677724,3.486203810079
    ));
#7727 = CARTESIAN_POINT('',(20.828632255477,8.35365669662,3.585738792064
    ));
#7728 = CARTESIAN_POINT('',(22.541378836825,9.056789334463,
    3.762542774377));
#7729 = CARTESIAN_POINT('',(23.262290264843,9.433821655814,
    3.839885838525));
#7730 = CARTESIAN_POINT('',(23.947108807373,9.877045579961,
    3.917228725052));
#7731 = CARTESIAN_POINT('',(24.588756688182,10.382410138539,
    3.994571656519));
#7732 = CARTESIAN_POINT('',(25.18083325532,10.945065283884,
    4.071914548465));
#7733 = CARTESIAN_POINT('',(25.717614981119,11.559361889041,
    4.149257009415));
#7734 = CARTESIAN_POINT('',(26.194055462195,12.218851747759,
    4.226598340874));
#7735 = CARTESIAN_POINT('',(26.944727034252,13.490426087295,
    4.367604199592));
#7736 = CARTESIAN_POINT('',(27.239874328738,14.090226262816,
    4.431254907601));
#7737 = CARTESIAN_POINT('',(27.488948063779,14.711884122177,
    4.494904122911));
#7738 = CARTESIAN_POINT('',(27.690111361647,15.3513828377,4.558559994155
    ));
#7739 = CARTESIAN_POINT('',(27.84196970602,16.004492732911,
    4.622224357047));
#7740 = CARTESIAN_POINT('',(27.94357094198,16.666771282541,
    4.685892734378));
#7741 = CARTESIAN_POINT('',(27.994405276015,17.333563112525,
    4.749554336016));
#7742 = CARTESIAN_POINT('',(27.994405276015,18.,4.813192058908));
#7743 = PCURVE('',#195,#7744);
#7744 = DEFINITIONAL_REPRESENTATION('',(#7745),#7797);
#7745 = B_SPLINE_CURVE_WITH_KNOTS('',8,(#7746,#7747,#7748,#7749,#7750,
    #7751,#7752,#7753,#7754,#7755,#7756,#7757,#7758,#7759,#7760,#7761,
    #7762,#7763,#7764,#7765,#7766,#7767,#7768,#7769,#7770,#7771,#7772,
    #7773,#7774,#7775,#7776,#7777,#7778,#7779,#7780,#7781,#7782,#7783,
    #7784,#7785,#7786,#7787,#7788,#7789,#7790,#7791,#7792,#7793,#7794,
    #7795,#7796),.UNSPECIFIED.,.F.,.F.,(9,7,7,7,7,7,7,9),(0.,
    0.220524643505,0.328634532358,0.430384553327,0.600225959398,
    0.765572493788,0.894151796249,1.),.UNSPECIFIED.);
#7746 = CARTESIAN_POINT('',(0.16496540453,1.718448409601));
#7747 = CARTESIAN_POINT('',(0.164964675317,1.910453824167));
#7748 = CARTESIAN_POINT('',(0.164966046478,2.102930975524));
#7749 = CARTESIAN_POINT('',(0.164968883507,2.295110163853));
#7750 = CARTESIAN_POINT('',(0.164968166621,2.487152528716));
#7751 = CARTESIAN_POINT('',(0.164962236573,2.679198427041));
#7752 = CARTESIAN_POINT('',(0.164957934815,2.871371464157));
#7753 = CARTESIAN_POINT('',(0.164956759677,3.063858010731));
#7754 = CARTESIAN_POINT('',(0.164959331181,3.35001105769));
#7755 = CARTESIAN_POINT('',(0.164960945575,3.444165276354));
#7756 = CARTESIAN_POINT('',(0.164963143828,3.538330643218));
#7757 = CARTESIAN_POINT('',(0.164965711602,3.632500649802));
#7758 = CARTESIAN_POINT('',(0.164968404816,3.726670464029));
#7759 = CARTESIAN_POINT('',(0.164970949642,3.820836930225));
#7760 = CARTESIAN_POINT('',(0.164973042512,3.914998569121));
#7761 = CARTESIAN_POINT('',(0.164975580787,4.09777353606));
#7762 = CARTESIAN_POINT('',(0.164976166736,4.186389613891));
#7763 = CARTESIAN_POINT('',(0.164976000667,4.274996749691));
#7764 = CARTESIAN_POINT('',(0.16497506594,4.363592835293));
#7765 = CARTESIAN_POINT('',(0.164973436564,4.452180716021));
#7766 = CARTESIAN_POINT('',(0.164971277201,4.540768190685));
#7767 = CARTESIAN_POINT('',(0.164968843162,4.629368011585));
#7768 = CARTESIAN_POINT('',(0.1649625365,4.865939104505));
#7769 = CARTESIAN_POINT('',(0.164958460366,5.014002033253));
#7770 = CARTESIAN_POINT('',(0.164956140753,5.162010454046));
#7771 = CARTESIAN_POINT('',(0.164956142011,5.309948332196));
#7772 = CARTESIAN_POINT('',(0.164958081962,5.457881209999));
#7773 = CARTESIAN_POINT('',(0.164961009753,5.605877601703));
#7774 = CARTESIAN_POINT('',(0.16496378372,5.753930388474));
#7775 = CARTESIAN_POINT('',(0.164967070689,6.045910582638));
#7776 = CARTESIAN_POINT('',(0.164967800915,6.19008852981));
#7777 = CARTESIAN_POINT('',(0.164967198275,6.33420331503));
#7778 = CARTESIAN_POINT('',(0.164965488524,6.478262577682));
#7779 = CARTESIAN_POINT('',(0.164964197344,6.622304504135));
#7780 = CARTESIAN_POINT('',(0.164965174577,6.766374767527));
#7781 = CARTESIAN_POINT('',(0.164967428191,6.910496388274));
#7782 = CARTESIAN_POINT('',(0.164970843103,7.16650019868));
#7783 = CARTESIAN_POINT('',(0.164972653928,7.278488985283));
#7784 = CARTESIAN_POINT('',(0.164972835517,7.390479133558));
#7785 = CARTESIAN_POINT('',(0.164970480064,7.502471867787));
#7786 = CARTESIAN_POINT('',(0.164965718152,7.614466935925));
#7787 = CARTESIAN_POINT('',(0.164959718754,7.726462609598));
#7788 = CARTESIAN_POINT('',(0.164954689227,7.838455684102));
#7789 = CARTESIAN_POINT('',(0.164953205296,8.042629684018));
#7790 = CARTESIAN_POINT('',(0.164961668804,8.134785712971));
#7791 = CARTESIAN_POINT('',(0.164970614718,8.226939101208));
#7792 = CARTESIAN_POINT('',(0.164974671104,8.319106985434));
#7793 = CARTESIAN_POINT('',(0.16497174522,8.411294103122));
#7794 = CARTESIAN_POINT('',(0.164963023509,8.503492792512));
#7795 = CARTESIAN_POINT('',(0.164952971605,8.595682992608));
#7796 = CARTESIAN_POINT('',(0.16494933433,8.687832243182));
#7797 = ( GEOMETRIC_REPRESENTATION_CONTEXT(2) 
PARAMETRIC_REPRESENTATION_CONTEXT() REPRESENTATION_CONTEXT('2D SPACE',''
  ) );
#7798 = PCURVE('',#7799,#7804);
#7799 = CYLINDRICAL_SURFACE('',#7800,10.);
#7800 = AXIS2_PLACEMENT_3D('',#7801,#7802,#7803);
#7801 = CARTESIAN_POINT('',(17.994405276015,18.,3.608224830032E-16));
#7802 = DIRECTION('',(0.,0.,1.));
#7803 = DIRECTION('',(1.,0.,0.));
#7804 = DEFINITIONAL_REPRESENTATION('',(#7805),#7857);
#7805 = B_SPLINE_CURVE_WITH_KNOTS('',8,(#7806,#7807,#7808,#7809,#7810,
    #7811,#7812,#7813,#7814,#7815,#7816,#7817,#7818,#7819,#7820,#7821,
    #7822,#7823,#7824,#7825,#7826,#7827,#7828,#7829,#7830,#7831,#7832,
    #7833,#7834,#7835,#7836,#7837,#7838,#7839,#7840,#7841,#7842,#7843,
    #7844,#7845,#7846,#7847,#7848,#7849,#7850,#7851,#7852,#7853,#7854,
    #7855,#7856),.UNSPECIFIED.,.F.,.F.,(9,7,7,7,7,7,7,9),(0.,
    0.220524643505,0.328634532358,0.430384553327,0.600225959398,
    0.765572493788,0.894151796249,1.),.UNSPECIFIED.);
#7806 = CARTESIAN_POINT('',(1.242810298075,-6.E-07));
#7807 = CARTESIAN_POINT('',(1.381671350435,0.132601894541));
#7808 = CARTESIAN_POINT('',(1.520873776972,0.265531621798));
#7809 = CARTESIAN_POINT('',(1.659861211057,0.398256575408));
#7810 = CARTESIAN_POINT('',(1.798750235754,0.530884597062));
#7811 = CARTESIAN_POINT('',(1.937641617089,0.663511481621));
#7812 = CARTESIAN_POINT('',(2.076624577727,0.796227288277));
#7813 = CARTESIAN_POINT('',(2.215834020537,0.929161756741));
#7814 = CARTESIAN_POINT('',(2.422784465731,1.126786859876));
#7815 = CARTESIAN_POINT('',(2.490878269671,1.191812859895));
#7816 = CARTESIAN_POINT('',(2.558980133063,1.256846959754));
#7817 = CARTESIAN_POINT('',(2.627085366872,1.321884517475));
#7818 = CARTESIAN_POINT('',(2.695190487639,1.386922028429));
#7819 = CARTESIAN_POINT('',(2.763293217479,1.451957125337));
#7820 = CARTESIAN_POINT('',(2.831392484079,1.516988578266));
#7821 = CARTESIAN_POINT('',(2.963578422583,1.643218572927));
#7822 = CARTESIAN_POINT('',(3.027667083559,1.704419110167));
#7823 = CARTESIAN_POINT('',(3.091749281147,1.765612955798));
#7824 = CARTESIAN_POINT('',(3.155823478639,1.82679864246));
#7825 = CARTESIAN_POINT('',(3.219891725101,1.88797818598));
#7826 = CARTESIAN_POINT('',(3.283959655377,1.949157085374));
#7827 = CARTESIAN_POINT('',(3.348036490086,2.010344322851));
#7828 = CARTESIAN_POINT('',(3.519128498603,2.173720988837));
#7829 = CARTESIAN_POINT('',(3.626209919153,2.275973577766));
#7830 = CARTESIAN_POINT('',(3.733251896676,2.378189727712));
#7831 = CARTESIAN_POINT('',(3.840242916,2.480358752052));
#7832 = CARTESIAN_POINT('',(3.94723045922,2.582525653419));
#7833 = CARTESIAN_POINT('',(4.054264117523,2.684737096706));
#7834 = CARTESIAN_POINT('',(4.161338703024,2.786987382061));
#7835 = CARTESIAN_POINT('',(4.372504286809,2.988637327107));
#7836 = CARTESIAN_POINT('',(4.476776494577,3.088210163926));
#7837 = CARTESIAN_POINT('',(4.581002915901,3.187738465123));
#7838 = CARTESIAN_POINT('',(4.685188958035,3.287227661545));
#7839 = CARTESIAN_POINT('',(4.789362149037,3.386705172447));
#7840 = CARTESIAN_POINT('',(4.893555667804,3.486203810079));
#7841 = CARTESIAN_POINT('',(4.997786393712,3.585738792064));
#7842 = CARTESIAN_POINT('',(5.182932183789,3.762542774377));
#7843 = CARTESIAN_POINT('',(5.263924296777,3.839885838525));
#7844 = CARTESIAN_POINT('',(5.344917558132,3.917228725052));
#7845 = CARTESIAN_POINT('',(5.425912837711,3.994571656519));
#7846 = CARTESIAN_POINT('',(5.506909903683,4.071914548465));
#7847 = CARTESIAN_POINT('',(5.587907422532,4.149257009415));
#7848 = CARTESIAN_POINT('',(5.668902959049,4.226598340874));
#7849 = CARTESIAN_POINT('',(5.816565043216,4.367604199592));
#7850 = CARTESIAN_POINT('',(5.883213693109,4.431254907601));
#7851 = CARTESIAN_POINT('',(5.949860382436,4.494904122911));
#7852 = CARTESIAN_POINT('',(6.016517566359,4.558559994155));
#7853 = CARTESIAN_POINT('',(6.08318869878,4.622224357047));
#7854 = CARTESIAN_POINT('',(6.149868232342,4.685892734378));
#7855 = CARTESIAN_POINT('',(6.216541618432,4.749554336016));
#7856 = CARTESIAN_POINT('',(6.28318530718,4.813192058908));
#7857 = ( GEOMETRIC_REPRESENTATION_CONTEXT(2) 
PARAMETRIC_REPRESENTATION_CONTEXT() REPRESENTATION_CONTEXT('2D SPACE',''
  ) );
#7858 = ORIENTED_EDGE('',*,*,#7859,.F.);
#7859 = EDGE_CURVE('',#4900,#7688,#7860,.T.);
#7860 = SURFACE_CURVE('',#7861,(#7913,#7968),.PCURVE_S1.);
#7861 = B_SPLINE_CURVE_WITH_KNOTS('',8,(#7862,#7863,#7864,#7865,#7866,
    #7867,#7868,#7869,#7870,#7871,#7872,#7873,#7874,#7875,#7876,#7877,
    #7878,#7879,#7880,#7881,#7882,#7883,#7884,#7885,#7886,#7887,#7888,
    #7889,#7890,#7891,#7892,#7893,#7894,#7895,#7896,#7897,#7898,#7899,
    #7900,#7901,#7902,#7903,#7904,#7905,#7906,#7907,#7908,#7909,#7910,
    #7911,#7912),.UNSPECIFIED.,.F.,.F.,(9,7,7,7,7,7,7,9),(0.,
    0.220524643505,0.328634532358,0.430384553327,0.600225959398,
    0.765572493788,0.894151796249,1.),.UNSPECIFIED.);
#7862 = CARTESIAN_POINT('',(21.215775980025,27.466930378287,
    -5.999999998143E-07));
#7863 = CARTESIAN_POINT('',(19.901188065078,27.914253304288,
    0.132601894541));
#7864 = CARTESIAN_POINT('',(18.51236384254,28.154054707567,
    0.265531621798));
#7865 = CARTESIAN_POINT('',(17.092705992029,28.169588269019,
    0.398256575408));
#7866 = CARTESIAN_POINT('',(15.683966742874,27.959356566213,
    0.530884597062));
#7867 = CARTESIAN_POINT('',(14.326555284124,27.527862460539,
    0.663511481621));
#7868 = CARTESIAN_POINT('',(13.058758636333,26.888913673178,
    0.796227288277));
#7869 = CARTESIAN_POINT('',(11.917305618889,26.062094267725,
    0.929161756741));
#7870 = CARTESIAN_POINT('',(10.451766388703,24.600915482838,
    1.126786859876));
#7871 = CARTESIAN_POINT('',(10.006918296645,24.082558940746,
    1.191812859895));
#7872 = CARTESIAN_POINT('',(9.602882109001,23.53006963894,1.256846959754
    ));
#7873 = CARTESIAN_POINT('',(9.242733278859,22.947245849694,
    1.321884517475));
#7874 = CARTESIAN_POINT('',(8.929076637876,22.338139814879,
    1.386922028429));
#7875 = CARTESIAN_POINT('',(8.664046396284,21.707057745971,
    1.451957125337));
#7876 = CARTESIAN_POINT('',(8.449306142887,21.058559824046,
    1.516988578266));
#7877 = CARTESIAN_POINT('',(8.132395616355,19.775251617894,
    1.643218572927));
#7878 = CARTESIAN_POINT('',(8.024340343102,19.141751632869,
    1.704419110167));
#7879 = CARTESIAN_POINT('',(7.962813851329,18.501008119696,
    1.765612955798));
#7880 = CARTESIAN_POINT('',(7.948353430029,17.857028174071,1.82679864246
    ));
#7881 = CARTESIAN_POINT('',(7.981102831163,17.213778112389,1.88797818598
    ));
#7882 = CARTESIAN_POINT('',(8.060812269659,16.575183471749,
    1.949157085374));
#7883 = CARTESIAN_POINT('',(8.186838423412,15.94512900995,2.010344322851
    ));
#7884 = CARTESIAN_POINT('',(8.644088881332,14.296441787776,
    2.173720988837));
#7885 = CARTESIAN_POINT('',(9.056492348664,13.299616224973,
    2.275973577766));
#7886 = CARTESIAN_POINT('',(9.589877708836,12.356104217573,
    2.378189727712));
#7887 = CARTESIAN_POINT('',(10.23608408717,11.483140921234,
    2.480358752052));
#7888 = CARTESIAN_POINT('',(10.984381458758,10.695974154606,
    2.582525653419));
#7889 = CARTESIAN_POINT('',(11.821585246459,10.007764107143,
    2.684737096706));
#7890 = CARTESIAN_POINT('',(12.732170918902,9.429483046919,
    2.786987382061));
#7891 = CARTESIAN_POINT('',(14.639035200102,8.52231217515,2.988637327107
    ));
#7892 = CARTESIAN_POINT('',(15.633908093354,8.186338845953,
    3.088210163926));
#7893 = CARTESIAN_POINT('',(16.666268239819,7.970341081223,
    3.187738465125));
#7894 = CARTESIAN_POINT('',(17.719041771347,7.878644989721,
    3.287227661543));
#7895 = CARTESIAN_POINT('',(18.775103287742,7.913019502976,
    3.386705172449));
#7896 = CARTESIAN_POINT('',(19.81733132184,8.072503677724,3.486203810079
    ));
#7897 = CARTESIAN_POINT('',(20.828632255477,8.35365669662,3.585738792064
    ));
#7898 = CARTESIAN_POINT('',(22.541378836825,9.056789334463,
    3.762542774377));
#7899 = CARTESIAN_POINT('',(23.262290264843,9.433821655814,
    3.839885838525));
#7900 = CARTESIAN_POINT('',(23.947108807373,9.877045579961,
    3.917228725052));
#7901 = CARTESIAN_POINT('',(24.588756688182,10.382410138539,
    3.994571656519));
#7902 = CARTESIAN_POINT('',(25.18083325532,10.945065283884,
    4.071914548465));
#7903 = CARTESIAN_POINT('',(25.717614981119,11.559361889041,
    4.149257009415));
#7904 = CARTESIAN_POINT('',(26.194055462195,12.218851747759,
    4.226598340874));
#7905 = CARTESIAN_POINT('',(26.944727034252,13.490426087295,
    4.367604199592));
#7906 = CARTESIAN_POINT('',(27.239874328738,14.090226262816,
    4.431254907601));
#7907 = CARTESIAN_POINT('',(27.488948063779,14.711884122177,
    4.494904122911));
#7908 = CARTESIAN_POINT('',(27.690111361647,15.3513828377,4.558559994155
    ));
#7909 = CARTESIAN_POINT('',(27.84196970602,16.004492732911,
    4.622224357047));
#7910 = CARTESIAN_POINT('',(27.94357094198,16.666771282541,
    4.685892734378));
#7911 = CARTESIAN_POINT('',(27.994405276015,17.333563112525,
    4.749554336016));
#7912 = CARTESIAN_POINT('',(27.994405276015,18.,4.813192058908));
#7913 = PCURVE('',#195,#7914);
#7914 = DEFINITIONAL_REPRESENTATION('',(#7915),#7967);
#7915 = B_SPLINE_CURVE_WITH_KNOTS('',8,(#7916,#7917,#7918,#7919,#7920,
    #7921,#7922,#7923,#7924,#7925,#7926,#7927,#7928,#7929,#7930,#7931,
    #7932,#7933,#7934,#7935,#7936,#7937,#7938,#7939,#7940,#7941,#7942,
    #7943,#7944,#7945,#7946,#7947,#7948,#7949,#7950,#7951,#7952,#7953,
    #7954,#7955,#7956,#7957,#7958,#7959,#7960,#7961,#7962,#7963,#7964,
    #7965,#7966),.UNSPECIFIED.,.F.,.F.,(9,7,7,7,7,7,7,9),(0.,
    0.220524643505,0.328634532358,0.430384553327,0.600225959398,
    0.765572493788,0.894151796249,1.),.UNSPECIFIED.);
#7916 = CARTESIAN_POINT('',(0.16496540453,1.718448409601));
#7917 = CARTESIAN_POINT('',(0.164964675317,1.910453824167));
#7918 = CARTESIAN_POINT('',(0.164966046478,2.102930975524));
#7919 = CARTESIAN_POINT('',(0.164968883507,2.295110163853));
#7920 = CARTESIAN_POINT('',(0.164968166621,2.487152528716));
#7921 = CARTESIAN_POINT('',(0.164962236573,2.679198427041));
#7922 = CARTESIAN_POINT('',(0.164957934815,2.871371464157));
#7923 = CARTESIAN_POINT('',(0.164956759677,3.063858010731));
#7924 = CARTESIAN_POINT('',(0.164959331181,3.35001105769));
#7925 = CARTESIAN_POINT('',(0.164960945575,3.444165276354));
#7926 = CARTESIAN_POINT('',(0.164963143828,3.538330643218));
#7927 = CARTESIAN_POINT('',(0.164965711602,3.632500649802));
#7928 = CARTESIAN_POINT('',(0.164968404816,3.726670464029));
#7929 = CARTESIAN_POINT('',(0.164970949642,3.820836930225));
#7930 = CARTESIAN_POINT('',(0.164973042512,3.914998569121));
#7931 = CARTESIAN_POINT('',(0.164975580787,4.09777353606));
#7932 = CARTESIAN_POINT('',(0.164976166736,4.186389613891));
#7933 = CARTESIAN_POINT('',(0.164976000667,4.274996749691));
#7934 = CARTESIAN_POINT('',(0.16497506594,4.363592835293));
#7935 = CARTESIAN_POINT('',(0.164973436564,4.452180716021));
#7936 = CARTESIAN_POINT('',(0.164971277201,4.540768190685));
#7937 = CARTESIAN_POINT('',(0.164968843162,4.629368011585));
#7938 = CARTESIAN_POINT('',(0.1649625365,4.865939104505));
#7939 = CARTESIAN_POINT('',(0.164958460366,5.014002033253));
#7940 = CARTESIAN_POINT('',(0.164956140753,5.162010454046));
#7941 = CARTESIAN_POINT('',(0.164956142011,5.309948332196));
#7942 = CARTESIAN_POINT('',(0.164958081962,5.457881209999));
#7943 = CARTESIAN_POINT('',(0.164961009753,5.605877601703));
#7944 = CARTESIAN_POINT('',(0.16496378372,5.753930388474));
#7945 = CARTESIAN_POINT('',(0.164967070689,6.045910582638));
#7946 = CARTESIAN_POINT('',(0.164967800915,6.19008852981));
#7947 = CARTESIAN_POINT('',(0.164967198275,6.33420331503));
#7948 = CARTESIAN_POINT('',(0.164965488524,6.478262577682));
#7949 = CARTESIAN_POINT('',(0.164964197344,6.622304504135));
#7950 = CARTESIAN_POINT('',(0.164965174577,6.766374767527));
#7951 = CARTESIAN_POINT('',(0.164967428191,6.910496388274));
#7952 = CARTESIAN_POINT('',(0.164970843103,7.16650019868));
#7953 = CARTESIAN_POINT('',(0.164972653928,7.278488985283));
#7954 = CARTESIAN_POINT('',(0.164972835517,7.390479133558));
#7955 = CARTESIAN_POINT('',(0.164970480064,7.502471867787));
#7956 = CARTESIAN_POINT('',(0.164965718152,7.614466935925));
#7957 = CARTESIAN_POINT('',(0.164959718754,7.726462609598));
#7958 = CARTESIAN_POINT('',(0.164954689227,7.838455684102));
#7959 = CARTESIAN_POINT('',(0.164953205296,8.042629684018));
#7960 = CARTESIAN_POINT('',(0.164961668804,8.134785712971));
#7961 = CARTESIAN_POINT('',(0.164970614718,8.226939101208));
#7962 = CARTESIAN_POINT('',(0.164974671104,8.319106985434));
#7963 = CARTESIAN_POINT('',(0.16497174522,8.411294103122));
#7964 = CARTESIAN_POINT('',(0.164963023509,8.503492792512));
#7965 = CARTESIAN_POINT('',(0.164952971605,8.595682992608));
#7966 = CARTESIAN_POINT('',(0.16494933433,8.687832243182));
#7967 = ( GEOMETRIC_REPRESENTATION_CONTEXT(2) 
PARAMETRIC_REPRESENTATION_CONTEXT() REPRESENTATION_CONTEXT('2D SPACE',''
  ) );
#7968 = PCURVE('',#7969,#7974);
#7969 = CYLINDRICAL_SURFACE('',#7970,10.);
#7970 = AXIS2_PLACEMENT_3D('',#7971,#7972,#7973);
#7971 = CARTESIAN_POINT('',(17.994405276015,18.,3.608224830032E-16));
#7972 = DIRECTION('',(0.,0.,1.));
#7973 = DIRECTION('',(1.,0.,0.));
#7974 = DEFINITIONAL_REPRESENTATION('',(#7975),#8027);
#7975 = B_SPLINE_CURVE_WITH_KNOTS('',8,(#7976,#7977,#7978,#7979,#7980,
    #7981,#7982,#7983,#7984,#7985,#7986,#7987,#7988,#7989,#7990,#7991,
    #7992,#7993,#7994,#7995,#7996,#7997,#7998,#7999,#8000,#8001,#8002,
    #8003,#8004,#8005,#8006,#8007,#8008,#8009,#8010,#8011,#8012,#8013,
    #8014,#8015,#8016,#8017,#8018,#8019,#8020,#8021,#8022,#8023,#8024,
    #8025,#8026),.UNSPECIFIED.,.F.,.F.,(9,7,7,7,7,7,7,9),(0.,
    0.220524643505,0.328634532358,0.430384553327,0.600225959398,
    0.765572493788,0.894151796249,1.),.UNSPECIFIED.);
#7976 = CARTESIAN_POINT('',(1.242810298075,-6.E-07));
#7977 = CARTESIAN_POINT('',(1.381671350435,0.132601894541));
#7978 = CARTESIAN_POINT('',(1.520873776972,0.265531621798));
#7979 = CARTESIAN_POINT('',(1.659861211057,0.398256575408));
#7980 = CARTESIAN_POINT('',(1.798750235754,0.530884597062));
#7981 = CARTESIAN_POINT('',(1.937641617089,0.663511481621));
#7982 = CARTESIAN_POINT('',(2.076624577727,0.796227288277));
#7983 = CARTESIAN_POINT('',(2.215834020537,0.929161756741));
#7984 = CARTESIAN_POINT('',(2.422784465731,1.126786859876));
#7985 = CARTESIAN_POINT('',(2.490878269671,1.191812859895));
#7986 = CARTESIAN_POINT('',(2.558980133063,1.256846959754));
#7987 = CARTESIAN_POINT('',(2.627085366872,1.321884517475));
#7988 = CARTESIAN_POINT('',(2.695190487639,1.386922028429));
#7989 = CARTESIAN_POINT('',(2.763293217479,1.451957125337));
#7990 = CARTESIAN_POINT('',(2.831392484079,1.516988578266));
#7991 = CARTESIAN_POINT('',(2.963578422583,1.643218572927));
#7992 = CARTESIAN_POINT('',(3.027667083559,1.704419110167));
#7993 = CARTESIAN_POINT('',(3.091749281147,1.765612955798));
#7994 = CARTESIAN_POINT('',(3.155823478639,1.82679864246));
#7995 = CARTESIAN_POINT('',(3.219891725101,1.88797818598));
#7996 = CARTESIAN_POINT('',(3.283959655377,1.949157085374));
#7997 = CARTESIAN_POINT('',(3.348036490086,2.010344322851));
#7998 = CARTESIAN_POINT('',(3.519128498603,2.173720988837));
#7999 = CARTESIAN_POINT('',(3.626209919153,2.275973577766));
#8000 = CARTESIAN_POINT('',(3.733251896676,2.378189727712));
#8001 = CARTESIAN_POINT('',(3.840242916,2.480358752052));
#8002 = CARTESIAN_POINT('',(3.94723045922,2.582525653419));
#8003 = CARTESIAN_POINT('',(4.054264117523,2.684737096706));
#8004 = CARTESIAN_POINT('',(4.161338703024,2.786987382061));
#8005 = CARTESIAN_POINT('',(4.372504286809,2.988637327107));
#8006 = CARTESIAN_POINT('',(4.476776494577,3.088210163926));
#8007 = CARTESIAN_POINT('',(4.581002915901,3.187738465123));
#8008 = CARTESIAN_POINT('',(4.685188958035,3.287227661545));
#8009 = CARTESIAN_POINT('',(4.789362149037,3.386705172447));
#8010 = CARTESIAN_POINT('',(4.893555667804,3.486203810079));
#8011 = CARTESIAN_POINT('',(4.997786393712,3.585738792064));
#8012 = CARTESIAN_POINT('',(5.182932183789,3.762542774377));
#8013 = CARTESIAN_POINT('',(5.263924296777,3.839885838525));
#8014 = CARTESIAN_POINT('',(5.344917558132,3.917228725052));
#8015 = CARTESIAN_POINT('',(5.425912837711,3.994571656519));
#8016 = CARTESIAN_POINT('',(5.506909903683,4.071914548465));
#8017 = CARTESIAN_POINT('',(5.587907422532,4.149257009415));
#8018 = CARTESIAN_POINT('',(5.668902959049,4.226598340874));
#8019 = CARTESIAN_POINT('',(5.816565043216,4.367604199592));
#8020 = CARTESIAN_POINT('',(5.883213693109,4.431254907601));
#8021 = CARTESIAN_POINT('',(5.949860382436,4.494904122911));
#8022 = CARTESIAN_POINT('',(6.016517566359,4.558559994155));
#8023 = CARTESIAN_POINT('',(6.08318869878,4.622224357047));
#8024 = CARTESIAN_POINT('',(6.149868232342,4.685892734378));
#8025 = CARTESIAN_POINT('',(6.216541618432,4.749554336016));
#8026 = CARTESIAN_POINT('',(6.28318530718,4.813192058908));
#8027 = ( GEOMETRIC_REPRESENTATION_CONTEXT(2) 
PARAMETRIC_REPRESENTATION_CONTEXT() REPRESENTATION_CONTEXT('2D SPACE',''
  ) );
#8028 = ADVANCED_FACE('',(#8029),#100,.F.);
#8029 = FACE_BOUND('',#8030,.F.);
#8030 = EDGE_LOOP('',(#8031,#8032,#8033,#8052,#8053));
#8031 = ORIENTED_EDGE('',*,*,#85,.F.);
#8032 = ORIENTED_EDGE('',*,*,#5201,.T.);
#8033 = ORIENTED_EDGE('',*,*,#8034,.T.);
#8034 = EDGE_CURVE('',#5006,#1230,#8035,.T.);
#8035 = SURFACE_CURVE('',#8036,(#8039,#8045),.PCURVE_S1.);
#8036 = B_SPLINE_CURVE_WITH_KNOTS('',1,(#8037,#8038),.UNSPECIFIED.,.F.,
  .F.,(2,2),(0.,0.6),.PIECEWISE_BEZIER_KNOTS.);
#8037 = CARTESIAN_POINT('',(5.994403841498,18.000000913258,
    93.700009563605));
#8038 = CARTESIAN_POINT('',(5.994406710578,18.000000913256,
    94.300009563598));
#8039 = PCURVE('',#100,#8040);
#8040 = DEFINITIONAL_REPRESENTATION('',(#8041),#8044);
#8041 = B_SPLINE_CURVE_WITH_KNOTS('',1,(#8042,#8043),.UNSPECIFIED.,.F.,
  .F.,(2,2),(0.,0.6),.PIECEWISE_BEZIER_KNOTS.);
#8042 = CARTESIAN_POINT('',(-1.444441380255,0.299993092973));
#8043 = CARTESIAN_POINT('',(-1.444438511175,-0.300006907021));
#8044 = ( GEOMETRIC_REPRESENTATION_CONTEXT(2) 
PARAMETRIC_REPRESENTATION_CONTEXT() REPRESENTATION_CONTEXT('2D SPACE',''
  ) );
#8045 = PCURVE('',#1418,#8046);
#8046 = DEFINITIONAL_REPRESENTATION('',(#8047),#8051);
#8047 = LINE('',#8048,#8049);
#8048 = CARTESIAN_POINT('',(0.,134.66138952738));
#8049 = VECTOR('',#8050,1.);
#8050 = DIRECTION('',(1.,0.));
#8051 = ( GEOMETRIC_REPRESENTATION_CONTEXT(2) 
PARAMETRIC_REPRESENTATION_CONTEXT() REPRESENTATION_CONTEXT('2D SPACE',''
  ) );
#8052 = ORIENTED_EDGE('',*,*,#4640,.T.);
#8053 = ORIENTED_EDGE('',*,*,#8054,.T.);
#8054 = EDGE_CURVE('',#4561,#57,#8055,.T.);
#8055 = SURFACE_CURVE('',#8056,(#8060,#8066),.PCURVE_S1.);
#8056 = LINE('',#8057,#8058);
#8057 = CARTESIAN_POINT('',(12.716625248883,17.9999978437,95.));
#8058 = VECTOR('',#8059,1.);
#8059 = DIRECTION('',(1.,-4.566285756967E-07,0.));
#8060 = PCURVE('',#100,#8061);
#8061 = DEFINITIONAL_REPRESENTATION('',(#8062),#8065);
#8062 = B_SPLINE_CURVE_WITH_KNOTS('',1,(#8063,#8064),.UNSPECIFIED.,.F.,
  .F.,(2,2),(-6.722221407386,-4.602208974728),.PIECEWISE_BEZIER_KNOTS.);
#8063 = CARTESIAN_POINT('',(-1.444441380255,-0.999997343422));
#8064 = CARTESIAN_POINT('',(0.675571052403,-0.999997343422));
#8065 = ( GEOMETRIC_REPRESENTATION_CONTEXT(2) 
PARAMETRIC_REPRESENTATION_CONTEXT() REPRESENTATION_CONTEXT('2D SPACE',''
  ) );
#8066 = PCURVE('',#73,#8067);
#8067 = DEFINITIONAL_REPRESENTATION('',(#8068),#8072);
#8068 = LINE('',#8069,#8070);
#8069 = CARTESIAN_POINT('',(-5.277780027132,-2.156300387609E-06));
#8070 = VECTOR('',#8071,1.);
#8071 = DIRECTION('',(1.,-4.566285756967E-07));
#8072 = ( GEOMETRIC_REPRESENTATION_CONTEXT(2) 
PARAMETRIC_REPRESENTATION_CONTEXT() REPRESENTATION_CONTEXT('2D SPACE',''
  ) );
#8073 = ADVANCED_FACE('',(#8074,#8105),#73,.F.);
#8074 = FACE_BOUND('',#8075,.F.);
#8075 = EDGE_LOOP('',(#8076));
#8076 = ORIENTED_EDGE('',*,*,#8077,.T.);
#8077 = EDGE_CURVE('',#8078,#8078,#8080,.T.);
#8078 = VERTEX_POINT('',#8079);
#8079 = CARTESIAN_POINT('',(29.994405276015,18.,95.));
#8080 = SURFACE_CURVE('',#8081,(#8086,#8093),.PCURVE_S1.);
#8081 = CIRCLE('',#8082,12.);
#8082 = AXIS2_PLACEMENT_3D('',#8083,#8084,#8085);
#8083 = CARTESIAN_POINT('',(17.994405276015,18.,95.));
#8084 = DIRECTION('',(0.,0.,1.));
#8085 = DIRECTION('',(1.,0.,0.));
#8086 = PCURVE('',#73,#8087);
#8087 = DEFINITIONAL_REPRESENTATION('',(#8088),#8092);
#8088 = CIRCLE('',#8089,12.);
#8089 = AXIS2_PLACEMENT_2D('',#8090,#8091);
#8090 = CARTESIAN_POINT('',(0.,0.));
#8091 = DIRECTION('',(1.,0.));
#8092 = ( GEOMETRIC_REPRESENTATION_CONTEXT(2) 
PARAMETRIC_REPRESENTATION_CONTEXT() REPRESENTATION_CONTEXT('2D SPACE',''
  ) );
#8093 = PCURVE('',#8094,#8099);
#8094 = CONICAL_SURFACE('',#8095,12.,0.785398163397);
#8095 = AXIS2_PLACEMENT_3D('',#8096,#8097,#8098);
#8096 = CARTESIAN_POINT('',(17.994405276015,18.,95.));
#8097 = DIRECTION('',(0.,0.,1.));
#8098 = DIRECTION('',(1.,0.,0.));
#8099 = DEFINITIONAL_REPRESENTATION('',(#8100),#8104);
#8100 = LINE('',#8101,#8102);
#8101 = CARTESIAN_POINT('',(0.,0.));
#8102 = VECTOR('',#8103,1.);
#8103 = DIRECTION('',(1.,0.));
#8104 = ( GEOMETRIC_REPRESENTATION_CONTEXT(2) 
PARAMETRIC_REPRESENTATION_CONTEXT() REPRESENTATION_CONTEXT('2D SPACE',''
  ) );
#8105 = FACE_BOUND('',#8106,.F.);
#8106 = EDGE_LOOP('',(#8107,#8108,#8109,#8110));
#8107 = ORIENTED_EDGE('',*,*,#56,.F.);
#8108 = ORIENTED_EDGE('',*,*,#8054,.F.);
#8109 = ORIENTED_EDGE('',*,*,#4560,.F.);
#8110 = ORIENTED_EDGE('',*,*,#1139,.F.);
#8111 = ADVANCED_FACE('',(#8112),#1418,.F.);
#8112 = FACE_BOUND('',#8113,.F.);
#8113 = EDGE_LOOP('',(#8114,#8115,#8134,#8135));
#8114 = ORIENTED_EDGE('',*,*,#5005,.F.);
#8115 = ORIENTED_EDGE('',*,*,#8116,.T.);
#8116 = EDGE_CURVE('',#4985,#1228,#8117,.T.);
#8117 = SURFACE_CURVE('',#8118,(#8121,#8128),.PCURVE_S1.);
#8118 = B_SPLINE_CURVE_WITH_KNOTS('',1,(#8119,#8120),.UNSPECIFIED.,.F.,
  .F.,(2,2),(0.,0.6),.PIECEWISE_BEZIER_KNOTS.);
#8119 = CARTESIAN_POINT('',(29.994405276015,18.,0.7));
#8120 = CARTESIAN_POINT('',(29.994405276015,18.,1.3));
#8121 = PCURVE('',#1418,#8122);
#8122 = DEFINITIONAL_REPRESENTATION('',(#8123),#8127);
#8123 = LINE('',#8124,#8125);
#8124 = CARTESIAN_POINT('',(0.,0.));
#8125 = VECTOR('',#8126,1.);
#8126 = DIRECTION('',(1.,0.));
#8127 = ( GEOMETRIC_REPRESENTATION_CONTEXT(2) 
PARAMETRIC_REPRESENTATION_CONTEXT() REPRESENTATION_CONTEXT('2D SPACE',''
  ) );
#8128 = PCURVE('',#1795,#8129);
#8129 = DEFINITIONAL_REPRESENTATION('',(#8130),#8133);
#8130 = B_SPLINE_CURVE_WITH_KNOTS('',1,(#8131,#8132),.UNSPECIFIED.,.F.,
  .F.,(2,2),(0.,0.6),.PIECEWISE_BEZIER_KNOTS.);
#8131 = CARTESIAN_POINT('',(0.3,1.444439945731));
#8132 = CARTESIAN_POINT('',(-0.3,1.444439945731));
#8133 = ( GEOMETRIC_REPRESENTATION_CONTEXT(2) 
PARAMETRIC_REPRESENTATION_CONTEXT() REPRESENTATION_CONTEXT('2D SPACE',''
  ) );
#8134 = ORIENTED_EDGE('',*,*,#1227,.T.);
#8135 = ORIENTED_EDGE('',*,*,#8034,.F.);
#8136 = ADVANCED_FACE('',(#8137),#4305,.T.);
#8137 = FACE_BOUND('',#8138,.T.);
#8138 = EDGE_LOOP('',(#8139,#8140,#8141,#8162));
#8139 = ORIENTED_EDGE('',*,*,#4872,.T.);
#8140 = ORIENTED_EDGE('',*,*,#5222,.F.);
#8141 = ORIENTED_EDGE('',*,*,#8142,.F.);
#8142 = EDGE_CURVE('',#4011,#5223,#8143,.T.);
#8143 = SURFACE_CURVE('',#8144,(#8148,#8155),.PCURVE_S1.);
#8144 = LINE('',#8145,#8146);
#8145 = CARTESIAN_POINT('',(27.994405276015,18.,3.608224830032E-16));
#8146 = VECTOR('',#8147,1.);
#8147 = DIRECTION('',(0.,0.,1.));
#8148 = PCURVE('',#4305,#8149);
#8149 = DEFINITIONAL_REPRESENTATION('',(#8150),#8154);
#8150 = LINE('',#8151,#8152);
#8151 = CARTESIAN_POINT('',(0.,-0.));
#8152 = VECTOR('',#8153,1.);
#8153 = DIRECTION('',(0.,1.));
#8154 = ( GEOMETRIC_REPRESENTATION_CONTEXT(2) 
PARAMETRIC_REPRESENTATION_CONTEXT() REPRESENTATION_CONTEXT('2D SPACE',''
  ) );
#8155 = PCURVE('',#4120,#8156);
#8156 = DEFINITIONAL_REPRESENTATION('',(#8157),#8161);
#8157 = LINE('',#8158,#8159);
#8158 = CARTESIAN_POINT('',(6.28318530718,-0.));
#8159 = VECTOR('',#8160,1.);
#8160 = DIRECTION('',(0.,1.));
#8161 = ( GEOMETRIC_REPRESENTATION_CONTEXT(2) 
PARAMETRIC_REPRESENTATION_CONTEXT() REPRESENTATION_CONTEXT('2D SPACE',''
  ) );
#8162 = ORIENTED_EDGE('',*,*,#4179,.T.);
#8163 = ADVANCED_FACE('',(#8164),#4120,.T.);
#8164 = FACE_BOUND('',#8165,.T.);
#8165 = EDGE_LOOP('',(#8166,#8167,#8168,#8189));
#8166 = ORIENTED_EDGE('',*,*,#8142,.T.);
#8167 = ORIENTED_EDGE('',*,*,#5410,.F.);
#8168 = ORIENTED_EDGE('',*,*,#8169,.F.);
#8169 = EDGE_CURVE('',#3818,#5411,#8170,.T.);
#8170 = SURFACE_CURVE('',#8171,(#8175,#8182),.PCURVE_S1.);
#8171 = LINE('',#8172,#8173);
#8172 = CARTESIAN_POINT('',(27.994405276015,18.,3.608224830032E-16));
#8173 = VECTOR('',#8174,1.);
#8174 = DIRECTION('',(0.,0.,1.));
#8175 = PCURVE('',#4120,#8176);
#8176 = DEFINITIONAL_REPRESENTATION('',(#8177),#8181);
#8177 = LINE('',#8178,#8179);
#8178 = CARTESIAN_POINT('',(0.,-0.));
#8179 = VECTOR('',#8180,1.);
#8180 = DIRECTION('',(0.,1.));
#8181 = ( GEOMETRIC_REPRESENTATION_CONTEXT(2) 
PARAMETRIC_REPRESENTATION_CONTEXT() REPRESENTATION_CONTEXT('2D SPACE',''
  ) );
#8182 = PCURVE('',#3943,#8183);
#8183 = DEFINITIONAL_REPRESENTATION('',(#8184),#8188);
#8184 = LINE('',#8185,#8186);
#8185 = CARTESIAN_POINT('',(6.28318530718,-0.));
#8186 = VECTOR('',#8187,1.);
#8187 = DIRECTION('',(0.,1.));
#8188 = ( GEOMETRIC_REPRESENTATION_CONTEXT(2) 
PARAMETRIC_REPRESENTATION_CONTEXT() REPRESENTATION_CONTEXT('2D SPACE',''
  ) );
#8189 = ORIENTED_EDGE('',*,*,#4010,.T.);
#8190 = ADVANCED_FACE('',(#8191),#3943,.T.);
#8191 = FACE_BOUND('',#8192,.T.);
#8192 = EDGE_LOOP('',(#8193,#8194,#8195,#8216));
#8193 = ORIENTED_EDGE('',*,*,#8169,.T.);
#8194 = ORIENTED_EDGE('',*,*,#5598,.F.);
#8195 = ORIENTED_EDGE('',*,*,#8196,.F.);
#8196 = EDGE_CURVE('',#3604,#5599,#8197,.T.);
#8197 = SURFACE_CURVE('',#8198,(#8202,#8209),.PCURVE_S1.);
#8198 = LINE('',#8199,#8200);
#8199 = CARTESIAN_POINT('',(27.994405276015,18.,3.608224830032E-16));
#8200 = VECTOR('',#8201,1.);
#8201 = DIRECTION('',(0.,0.,1.));
#8202 = PCURVE('',#3943,#8203);
#8203 = DEFINITIONAL_REPRESENTATION('',(#8204),#8208);
#8204 = LINE('',#8205,#8206);
#8205 = CARTESIAN_POINT('',(0.,-0.));
#8206 = VECTOR('',#8207,1.);
#8207 = DIRECTION('',(0.,1.));
#8208 = ( GEOMETRIC_REPRESENTATION_CONTEXT(2) 
PARAMETRIC_REPRESENTATION_CONTEXT() REPRESENTATION_CONTEXT('2D SPACE',''
  ) );
#8209 = PCURVE('',#3743,#8210);
#8210 = DEFINITIONAL_REPRESENTATION('',(#8211),#8215);
#8211 = LINE('',#8212,#8213);
#8212 = CARTESIAN_POINT('',(6.28318530718,-0.));
#8213 = VECTOR('',#8214,1.);
#8214 = DIRECTION('',(0.,1.));
#8215 = ( GEOMETRIC_REPRESENTATION_CONTEXT(2) 
PARAMETRIC_REPRESENTATION_CONTEXT() REPRESENTATION_CONTEXT('2D SPACE',''
  ) );
#8216 = ORIENTED_EDGE('',*,*,#3817,.T.);
#8217 = ADVANCED_FACE('',(#8218),#3743,.T.);
#8218 = FACE_BOUND('',#8219,.T.);
#8219 = EDGE_LOOP('',(#8220,#8221,#8222,#8243));
#8220 = ORIENTED_EDGE('',*,*,#8196,.T.);
#8221 = ORIENTED_EDGE('',*,*,#5807,.F.);
#8222 = ORIENTED_EDGE('',*,*,#8223,.F.);
#8223 = EDGE_CURVE('',#3435,#5808,#8224,.T.);
#8224 = SURFACE_CURVE('',#8225,(#8229,#8236),.PCURVE_S1.);
#8225 = LINE('',#8226,#8227);
#8226 = CARTESIAN_POINT('',(27.994405276015,18.,3.608224830032E-16));
#8227 = VECTOR('',#8228,1.);
#8228 = DIRECTION('',(0.,0.,1.));
#8229 = PCURVE('',#3743,#8230);
#8230 = DEFINITIONAL_REPRESENTATION('',(#8231),#8235);
#8231 = LINE('',#8232,#8233);
#8232 = CARTESIAN_POINT('',(0.,-0.));
#8233 = VECTOR('',#8234,1.);
#8234 = DIRECTION('',(0.,1.));
#8235 = ( GEOMETRIC_REPRESENTATION_CONTEXT(2) 
PARAMETRIC_REPRESENTATION_CONTEXT() REPRESENTATION_CONTEXT('2D SPACE',''
  ) );
#8236 = PCURVE('',#3544,#8237);
#8237 = DEFINITIONAL_REPRESENTATION('',(#8238),#8242);
#8238 = LINE('',#8239,#8240);
#8239 = CARTESIAN_POINT('',(6.28318530718,-0.));
#8240 = VECTOR('',#8241,1.);
#8241 = DIRECTION('',(0.,1.));
#8242 = ( GEOMETRIC_REPRESENTATION_CONTEXT(2) 
PARAMETRIC_REPRESENTATION_CONTEXT() REPRESENTATION_CONTEXT('2D SPACE',''
  ) );
#8243 = ORIENTED_EDGE('',*,*,#3603,.T.);
#8244 = ADVANCED_FACE('',(#8245),#3544,.T.);
#8245 = FACE_BOUND('',#8246,.T.);
#8246 = EDGE_LOOP('',(#8247,#8248,#8249,#8270));
#8247 = ORIENTED_EDGE('',*,*,#8223,.T.);
#8248 = ORIENTED_EDGE('',*,*,#5989,.F.);
#8249 = ORIENTED_EDGE('',*,*,#8250,.F.);
#8250 = EDGE_CURVE('',#3263,#5990,#8251,.T.);
#8251 = SURFACE_CURVE('',#8252,(#8256,#8263),.PCURVE_S1.);
#8252 = LINE('',#8253,#8254);
#8253 = CARTESIAN_POINT('',(27.994405276015,18.,3.608224830032E-16));
#8254 = VECTOR('',#8255,1.);
#8255 = DIRECTION('',(0.,0.,1.));
#8256 = PCURVE('',#3544,#8257);
#8257 = DEFINITIONAL_REPRESENTATION('',(#8258),#8262);
#8258 = LINE('',#8259,#8260);
#8259 = CARTESIAN_POINT('',(0.,-0.));
#8260 = VECTOR('',#8261,1.);
#8261 = DIRECTION('',(0.,1.));
#8262 = ( GEOMETRIC_REPRESENTATION_CONTEXT(2) 
PARAMETRIC_REPRESENTATION_CONTEXT() REPRESENTATION_CONTEXT('2D SPACE',''
  ) );
#8263 = PCURVE('',#3374,#8264);
#8264 = DEFINITIONAL_REPRESENTATION('',(#8265),#8269);
#8265 = LINE('',#8266,#8267);
#8266 = CARTESIAN_POINT('',(6.28318530718,-0.));
#8267 = VECTOR('',#8268,1.);
#8268 = DIRECTION('',(0.,1.));
#8269 = ( GEOMETRIC_REPRESENTATION_CONTEXT(2) 
PARAMETRIC_REPRESENTATION_CONTEXT() REPRESENTATION_CONTEXT('2D SPACE',''
  ) );
#8270 = ORIENTED_EDGE('',*,*,#3434,.T.);
#8271 = ADVANCED_FACE('',(#8272),#3374,.T.);
#8272 = FACE_BOUND('',#8273,.T.);
#8273 = EDGE_LOOP('',(#8274,#8275,#8276,#8297));
#8274 = ORIENTED_EDGE('',*,*,#8250,.T.);
#8275 = ORIENTED_EDGE('',*,*,#6177,.F.);
#8276 = ORIENTED_EDGE('',*,*,#8277,.F.);
#8277 = EDGE_CURVE('',#3070,#6178,#8278,.T.);
#8278 = SURFACE_CURVE('',#8279,(#8283,#8290),.PCURVE_S1.);
#8279 = LINE('',#8280,#8281);
#8280 = CARTESIAN_POINT('',(27.994405276015,18.,3.608224830032E-16));
#8281 = VECTOR('',#8282,1.);
#8282 = DIRECTION('',(0.,0.,1.));
#8283 = PCURVE('',#3374,#8284);
#8284 = DEFINITIONAL_REPRESENTATION('',(#8285),#8289);
#8285 = LINE('',#8286,#8287);
#8286 = CARTESIAN_POINT('',(0.,-0.));
#8287 = VECTOR('',#8288,1.);
#8288 = DIRECTION('',(0.,1.));
#8289 = ( GEOMETRIC_REPRESENTATION_CONTEXT(2) 
PARAMETRIC_REPRESENTATION_CONTEXT() REPRESENTATION_CONTEXT('2D SPACE',''
  ) );
#8290 = PCURVE('',#3195,#8291);
#8291 = DEFINITIONAL_REPRESENTATION('',(#8292),#8296);
#8292 = LINE('',#8293,#8294);
#8293 = CARTESIAN_POINT('',(6.28318530718,-0.));
#8294 = VECTOR('',#8295,1.);
#8295 = DIRECTION('',(0.,1.));
#8296 = ( GEOMETRIC_REPRESENTATION_CONTEXT(2) 
PARAMETRIC_REPRESENTATION_CONTEXT() REPRESENTATION_CONTEXT('2D SPACE',''
  ) );
#8297 = ORIENTED_EDGE('',*,*,#3262,.T.);
#8298 = ADVANCED_FACE('',(#8299),#3195,.T.);
#8299 = FACE_BOUND('',#8300,.T.);
#8300 = EDGE_LOOP('',(#8301,#8302,#8303,#8324));
#8301 = ORIENTED_EDGE('',*,*,#8277,.T.);
#8302 = ORIENTED_EDGE('',*,*,#6359,.F.);
#8303 = ORIENTED_EDGE('',*,*,#8304,.F.);
#8304 = EDGE_CURVE('',#2877,#6360,#8305,.T.);
#8305 = SURFACE_CURVE('',#8306,(#8310,#8317),.PCURVE_S1.);
#8306 = LINE('',#8307,#8308);
#8307 = CARTESIAN_POINT('',(27.994405276015,18.,3.608224830032E-16));
#8308 = VECTOR('',#8309,1.);
#8309 = DIRECTION('',(0.,0.,1.));
#8310 = PCURVE('',#3195,#8311);
#8311 = DEFINITIONAL_REPRESENTATION('',(#8312),#8316);
#8312 = LINE('',#8313,#8314);
#8313 = CARTESIAN_POINT('',(0.,-0.));
#8314 = VECTOR('',#8315,1.);
#8315 = DIRECTION('',(0.,1.));
#8316 = ( GEOMETRIC_REPRESENTATION_CONTEXT(2) 
PARAMETRIC_REPRESENTATION_CONTEXT() REPRESENTATION_CONTEXT('2D SPACE',''
  ) );
#8317 = PCURVE('',#3002,#8318);
#8318 = DEFINITIONAL_REPRESENTATION('',(#8319),#8323);
#8319 = LINE('',#8320,#8321);
#8320 = CARTESIAN_POINT('',(6.28318530718,-0.));
#8321 = VECTOR('',#8322,1.);
#8322 = DIRECTION('',(0.,1.));
#8323 = ( GEOMETRIC_REPRESENTATION_CONTEXT(2) 
PARAMETRIC_REPRESENTATION_CONTEXT() REPRESENTATION_CONTEXT('2D SPACE',''
  ) );
#8324 = ORIENTED_EDGE('',*,*,#3069,.T.);
#8325 = ADVANCED_FACE('',(#8326),#3002,.T.);
#8326 = FACE_BOUND('',#8327,.T.);
#8327 = EDGE_LOOP('',(#8328,#8329,#8330,#8351));
#8328 = ORIENTED_EDGE('',*,*,#8304,.T.);
#8329 = ORIENTED_EDGE('',*,*,#6541,.F.);
#8330 = ORIENTED_EDGE('',*,*,#8331,.F.);
#8331 = EDGE_CURVE('',#2663,#6542,#8332,.T.);
#8332 = SURFACE_CURVE('',#8333,(#8337,#8344),.PCURVE_S1.);
#8333 = LINE('',#8334,#8335);
#8334 = CARTESIAN_POINT('',(27.994405276015,18.,3.608224830032E-16));
#8335 = VECTOR('',#8336,1.);
#8336 = DIRECTION('',(0.,0.,1.));
#8337 = PCURVE('',#3002,#8338);
#8338 = DEFINITIONAL_REPRESENTATION('',(#8339),#8343);
#8339 = LINE('',#8340,#8341);
#8340 = CARTESIAN_POINT('',(0.,-0.));
#8341 = VECTOR('',#8342,1.);
#8342 = DIRECTION('',(0.,1.));
#8343 = ( GEOMETRIC_REPRESENTATION_CONTEXT(2) 
PARAMETRIC_REPRESENTATION_CONTEXT() REPRESENTATION_CONTEXT('2D SPACE',''
  ) );
#8344 = PCURVE('',#2802,#8345);
#8345 = DEFINITIONAL_REPRESENTATION('',(#8346),#8350);
#8346 = LINE('',#8347,#8348);
#8347 = CARTESIAN_POINT('',(6.28318530718,-0.));
#8348 = VECTOR('',#8349,1.);
#8349 = DIRECTION('',(0.,1.));
#8350 = ( GEOMETRIC_REPRESENTATION_CONTEXT(2) 
PARAMETRIC_REPRESENTATION_CONTEXT() REPRESENTATION_CONTEXT('2D SPACE',''
  ) );
#8351 = ORIENTED_EDGE('',*,*,#2876,.T.);
#8352 = ADVANCED_FACE('',(#8353),#2802,.T.);
#8353 = FACE_BOUND('',#8354,.T.);
#8354 = EDGE_LOOP('',(#8355,#8356,#8357,#8378));
#8355 = ORIENTED_EDGE('',*,*,#8331,.T.);
#8356 = ORIENTED_EDGE('',*,*,#6729,.F.);
#8357 = ORIENTED_EDGE('',*,*,#8358,.F.);
#8358 = EDGE_CURVE('',#2428,#6730,#8359,.T.);
#8359 = SURFACE_CURVE('',#8360,(#8364,#8371),.PCURVE_S1.);
#8360 = LINE('',#8361,#8362);
#8361 = CARTESIAN_POINT('',(27.994405276015,18.,3.608224830032E-16));
#8362 = VECTOR('',#8363,1.);
#8363 = DIRECTION('',(0.,0.,1.));
#8364 = PCURVE('',#2802,#8365);
#8365 = DEFINITIONAL_REPRESENTATION('',(#8366),#8370);
#8366 = LINE('',#8367,#8368);
#8367 = CARTESIAN_POINT('',(0.,-0.));
#8368 = VECTOR('',#8369,1.);
#8369 = DIRECTION('',(0.,1.));
#8370 = ( GEOMETRIC_REPRESENTATION_CONTEXT(2) 
PARAMETRIC_REPRESENTATION_CONTEXT() REPRESENTATION_CONTEXT('2D SPACE',''
  ) );
#8371 = PCURVE('',#2581,#8372);
#8372 = DEFINITIONAL_REPRESENTATION('',(#8373),#8377);
#8373 = LINE('',#8374,#8375);
#8374 = CARTESIAN_POINT('',(6.28318530718,-0.));
#8375 = VECTOR('',#8376,1.);
#8376 = DIRECTION('',(0.,1.));
#8377 = ( GEOMETRIC_REPRESENTATION_CONTEXT(2) 
PARAMETRIC_REPRESENTATION_CONTEXT() REPRESENTATION_CONTEXT('2D SPACE',''
  ) );
#8378 = ORIENTED_EDGE('',*,*,#2662,.T.);
#8379 = ADVANCED_FACE('',(#8380),#2581,.T.);
#8380 = FACE_BOUND('',#8381,.T.);
#8381 = EDGE_LOOP('',(#8382,#8383,#8384,#8405));
#8382 = ORIENTED_EDGE('',*,*,#8358,.T.);
#8383 = ORIENTED_EDGE('',*,*,#6917,.F.);
#8384 = ORIENTED_EDGE('',*,*,#8385,.F.);
#8385 = EDGE_CURVE('',#2214,#6918,#8386,.T.);
#8386 = SURFACE_CURVE('',#8387,(#8391,#8398),.PCURVE_S1.);
#8387 = LINE('',#8388,#8389);
#8388 = CARTESIAN_POINT('',(27.994405276015,18.,3.608224830032E-16));
#8389 = VECTOR('',#8390,1.);
#8390 = DIRECTION('',(0.,0.,1.));
#8391 = PCURVE('',#2581,#8392);
#8392 = DEFINITIONAL_REPRESENTATION('',(#8393),#8397);
#8393 = LINE('',#8394,#8395);
#8394 = CARTESIAN_POINT('',(0.,-0.));
#8395 = VECTOR('',#8396,1.);
#8396 = DIRECTION('',(0.,1.));
#8397 = ( GEOMETRIC_REPRESENTATION_CONTEXT(2) 
PARAMETRIC_REPRESENTATION_CONTEXT() REPRESENTATION_CONTEXT('2D SPACE',''
  ) );
#8398 = PCURVE('',#2353,#8399);
#8399 = DEFINITIONAL_REPRESENTATION('',(#8400),#8404);
#8400 = LINE('',#8401,#8402);
#8401 = CARTESIAN_POINT('',(6.28318530718,-0.));
#8402 = VECTOR('',#8403,1.);
#8403 = DIRECTION('',(0.,1.));
#8404 = ( GEOMETRIC_REPRESENTATION_CONTEXT(2) 
PARAMETRIC_REPRESENTATION_CONTEXT() REPRESENTATION_CONTEXT('2D SPACE',''
  ) );
#8405 = ORIENTED_EDGE('',*,*,#2427,.T.);
#8406 = ADVANCED_FACE('',(#8407),#2353,.T.);
#8407 = FACE_BOUND('',#8408,.T.);
#8408 = EDGE_LOOP('',(#8409,#8410,#8411,#8432));
#8409 = ORIENTED_EDGE('',*,*,#8385,.T.);
#8410 = ORIENTED_EDGE('',*,*,#7105,.F.);
#8411 = ORIENTED_EDGE('',*,*,#8412,.F.);
#8412 = EDGE_CURVE('',#2021,#7106,#8413,.T.);
#8413 = SURFACE_CURVE('',#8414,(#8418,#8425),.PCURVE_S1.);
#8414 = LINE('',#8415,#8416);
#8415 = CARTESIAN_POINT('',(27.994405276015,18.,3.608224830032E-16));
#8416 = VECTOR('',#8417,1.);
#8417 = DIRECTION('',(0.,0.,1.));
#8418 = PCURVE('',#2353,#8419);
#8419 = DEFINITIONAL_REPRESENTATION('',(#8420),#8424);
#8420 = LINE('',#8421,#8422);
#8421 = CARTESIAN_POINT('',(0.,-0.));
#8422 = VECTOR('',#8423,1.);
#8423 = DIRECTION('',(0.,1.));
#8424 = ( GEOMETRIC_REPRESENTATION_CONTEXT(2) 
PARAMETRIC_REPRESENTATION_CONTEXT() REPRESENTATION_CONTEXT('2D SPACE',''
  ) );
#8425 = PCURVE('',#2146,#8426);
#8426 = DEFINITIONAL_REPRESENTATION('',(#8427),#8431);
#8427 = LINE('',#8428,#8429);
#8428 = CARTESIAN_POINT('',(6.28318530718,-0.));
#8429 = VECTOR('',#8430,1.);
#8430 = DIRECTION('',(0.,1.));
#8431 = ( GEOMETRIC_REPRESENTATION_CONTEXT(2) 
PARAMETRIC_REPRESENTATION_CONTEXT() REPRESENTATION_CONTEXT('2D SPACE',''
  ) );
#8432 = ORIENTED_EDGE('',*,*,#2213,.T.);
#8433 = ADVANCED_FACE('',(#8434),#2146,.T.);
#8434 = FACE_BOUND('',#8435,.T.);
#8435 = EDGE_LOOP('',(#8436,#8437,#8438,#8459));
#8436 = ORIENTED_EDGE('',*,*,#8412,.T.);
#8437 = ORIENTED_EDGE('',*,*,#7314,.F.);
#8438 = ORIENTED_EDGE('',*,*,#8439,.F.);
#8439 = EDGE_CURVE('',#1807,#7315,#8440,.T.);
#8440 = SURFACE_CURVE('',#8441,(#8445,#8452),.PCURVE_S1.);
#8441 = LINE('',#8442,#8443);
#8442 = CARTESIAN_POINT('',(27.994405276015,18.,3.608224830032E-16));
#8443 = VECTOR('',#8444,1.);
#8444 = DIRECTION('',(0.,0.,1.));
#8445 = PCURVE('',#2146,#8446);
#8446 = DEFINITIONAL_REPRESENTATION('',(#8447),#8451);
#8447 = LINE('',#8448,#8449);
#8448 = CARTESIAN_POINT('',(0.,-0.));
#8449 = VECTOR('',#8450,1.);
#8450 = DIRECTION('',(0.,1.));
#8451 = ( GEOMETRIC_REPRESENTATION_CONTEXT(2) 
PARAMETRIC_REPRESENTATION_CONTEXT() REPRESENTATION_CONTEXT('2D SPACE',''
  ) );
#8452 = PCURVE('',#1946,#8453);
#8453 = DEFINITIONAL_REPRESENTATION('',(#8454),#8458);
#8454 = LINE('',#8455,#8456);
#8455 = CARTESIAN_POINT('',(6.28318530718,-0.));
#8456 = VECTOR('',#8457,1.);
#8457 = DIRECTION('',(0.,1.));
#8458 = ( GEOMETRIC_REPRESENTATION_CONTEXT(2) 
PARAMETRIC_REPRESENTATION_CONTEXT() REPRESENTATION_CONTEXT('2D SPACE',''
  ) );
#8459 = ORIENTED_EDGE('',*,*,#2020,.T.);
#8460 = ADVANCED_FACE('',(#8461),#1946,.T.);
#8461 = FACE_BOUND('',#8462,.T.);
#8462 = EDGE_LOOP('',(#8463,#8464,#8465,#8486));
#8463 = ORIENTED_EDGE('',*,*,#8439,.T.);
#8464 = ORIENTED_EDGE('',*,*,#7478,.F.);
#8465 = ORIENTED_EDGE('',*,*,#8466,.F.);
#8466 = EDGE_CURVE('',#1781,#7479,#8467,.T.);
#8467 = SURFACE_CURVE('',#8468,(#8472,#8479),.PCURVE_S1.);
#8468 = LINE('',#8469,#8470);
#8469 = CARTESIAN_POINT('',(27.994405276015,18.,3.608224830032E-16));
#8470 = VECTOR('',#8471,1.);
#8471 = DIRECTION('',(0.,0.,1.));
#8472 = PCURVE('',#1946,#8473);
#8473 = DEFINITIONAL_REPRESENTATION('',(#8474),#8478);
#8474 = LINE('',#8475,#8476);
#8475 = CARTESIAN_POINT('',(0.,-0.));
#8476 = VECTOR('',#8477,1.);
#8477 = DIRECTION('',(0.,1.));
#8478 = ( GEOMETRIC_REPRESENTATION_CONTEXT(2) 
PARAMETRIC_REPRESENTATION_CONTEXT() REPRESENTATION_CONTEXT('2D SPACE',''
  ) );
#8479 = PCURVE('',#7799,#8480);
#8480 = DEFINITIONAL_REPRESENTATION('',(#8481),#8485);
#8481 = LINE('',#8482,#8483);
#8482 = CARTESIAN_POINT('',(6.28318530718,-0.));
#8483 = VECTOR('',#8484,1.);
#8484 = DIRECTION('',(0.,1.));
#8485 = ( GEOMETRIC_REPRESENTATION_CONTEXT(2) 
PARAMETRIC_REPRESENTATION_CONTEXT() REPRESENTATION_CONTEXT('2D SPACE',''
  ) );
#8486 = ORIENTED_EDGE('',*,*,#1806,.T.);
#8487 = ADVANCED_FACE('',(#8488),#1795,.T.);
#8488 = FACE_BOUND('',#8489,.T.);
#8489 = EDGE_LOOP('',(#8490,#8515,#8534,#8535,#8536,#8537));
#8490 = ORIENTED_EDGE('',*,*,#8491,.F.);
#8491 = EDGE_CURVE('',#8492,#8494,#8496,.T.);
#8492 = VERTEX_POINT('',#8493);
#8493 = CARTESIAN_POINT('',(27.994405276015,18.,3.608224830032E-16));
#8494 = VERTEX_POINT('',#8495);
#8495 = CARTESIAN_POINT('',(27.994405276015,18.,0.7));
#8496 = SURFACE_CURVE('',#8497,(#8501,#8508),.PCURVE_S1.);
#8497 = LINE('',#8498,#8499);
#8498 = CARTESIAN_POINT('',(27.994405276015,18.,3.608224830032E-16));
#8499 = VECTOR('',#8500,1.);
#8500 = DIRECTION('',(0.,0.,1.));
#8501 = PCURVE('',#1795,#8502);
#8502 = DEFINITIONAL_REPRESENTATION('',(#8503),#8507);
#8503 = LINE('',#8504,#8505);
#8504 = CARTESIAN_POINT('',(1.,-0.555560054269));
#8505 = VECTOR('',#8506,1.);
#8506 = DIRECTION('',(-1.,-3.0058338233E-31));
#8507 = ( GEOMETRIC_REPRESENTATION_CONTEXT(2) 
PARAMETRIC_REPRESENTATION_CONTEXT() REPRESENTATION_CONTEXT('2D SPACE',''
  ) );
#8508 = PCURVE('',#7969,#8509);
#8509 = DEFINITIONAL_REPRESENTATION('',(#8510),#8514);
#8510 = LINE('',#8511,#8512);
#8511 = CARTESIAN_POINT('',(6.28318530718,-0.));
#8512 = VECTOR('',#8513,1.);
#8513 = DIRECTION('',(0.,1.));
#8514 = ( GEOMETRIC_REPRESENTATION_CONTEXT(2) 
PARAMETRIC_REPRESENTATION_CONTEXT() REPRESENTATION_CONTEXT('2D SPACE',''
  ) );
#8515 = ORIENTED_EDGE('',*,*,#8516,.F.);
#8516 = EDGE_CURVE('',#4898,#8492,#8517,.T.);
#8517 = SURFACE_CURVE('',#8518,(#8522,#8528),.PCURVE_S1.);
#8518 = LINE('',#8519,#8520);
#8519 = CARTESIAN_POINT('',(23.272185303149,18.,3.608224830032E-16));
#8520 = VECTOR('',#8521,1.);
#8521 = DIRECTION('',(-1.,2.556860015119E-16,0.));
#8522 = PCURVE('',#1795,#8523);
#8523 = DEFINITIONAL_REPRESENTATION('',(#8524),#8527);
#8524 = B_SPLINE_CURVE_WITH_KNOTS('',1,(#8525,#8526),.UNSPECIFIED.,.F.,
  .F.,(2,2),(-6.722219972866,-4.602219972866),.PIECEWISE_BEZIER_KNOTS.);
#8525 = CARTESIAN_POINT('',(1.,1.444439945731));
#8526 = CARTESIAN_POINT('',(1.,-0.675560054269));
#8527 = ( GEOMETRIC_REPRESENTATION_CONTEXT(2) 
PARAMETRIC_REPRESENTATION_CONTEXT() REPRESENTATION_CONTEXT('2D SPACE',''
  ) );
#8528 = PCURVE('',#4953,#8529);
#8529 = DEFINITIONAL_REPRESENTATION('',(#8530),#8533);
#8530 = B_SPLINE_CURVE_WITH_KNOTS('',1,(#8531,#8532),.UNSPECIFIED.,.F.,
  .F.,(2,2),(-6.722219972866,-4.602219972866),.PIECEWISE_BEZIER_KNOTS.);
#8531 = CARTESIAN_POINT('',(12.,-1.283148242221E-15));
#8532 = CARTESIAN_POINT('',(9.88,-7.410939190161E-16));
#8533 = ( GEOMETRIC_REPRESENTATION_CONTEXT(2) 
PARAMETRIC_REPRESENTATION_CONTEXT() REPRESENTATION_CONTEXT('2D SPACE',''
  ) );
#8534 = ORIENTED_EDGE('',*,*,#4984,.T.);
#8535 = ORIENTED_EDGE('',*,*,#8116,.T.);
#8536 = ORIENTED_EDGE('',*,*,#1780,.T.);
#8537 = ORIENTED_EDGE('',*,*,#8538,.F.);
#8538 = EDGE_CURVE('',#8494,#1781,#8539,.T.);
#8539 = SURFACE_CURVE('',#8540,(#8544,#8551),.PCURVE_S1.);
#8540 = LINE('',#8541,#8542);
#8541 = CARTESIAN_POINT('',(27.994405276015,18.,3.608224830032E-16));
#8542 = VECTOR('',#8543,1.);
#8543 = DIRECTION('',(0.,0.,1.));
#8544 = PCURVE('',#1795,#8545);
#8545 = DEFINITIONAL_REPRESENTATION('',(#8546),#8550);
#8546 = LINE('',#8547,#8548);
#8547 = CARTESIAN_POINT('',(1.,-0.555560054269));
#8548 = VECTOR('',#8549,1.);
#8549 = DIRECTION('',(-1.,-3.0058338233E-31));
#8550 = ( GEOMETRIC_REPRESENTATION_CONTEXT(2) 
PARAMETRIC_REPRESENTATION_CONTEXT() REPRESENTATION_CONTEXT('2D SPACE',''
  ) );
#8551 = PCURVE('',#7799,#8552);
#8552 = DEFINITIONAL_REPRESENTATION('',(#8553),#8557);
#8553 = LINE('',#8554,#8555);
#8554 = CARTESIAN_POINT('',(6.28318530718,-0.));
#8555 = VECTOR('',#8556,1.);
#8556 = DIRECTION('',(0.,1.));
#8557 = ( GEOMETRIC_REPRESENTATION_CONTEXT(2) 
PARAMETRIC_REPRESENTATION_CONTEXT() REPRESENTATION_CONTEXT('2D SPACE',''
  ) );
#8558 = ADVANCED_FACE('',(#8559),#4953,.F.);
#8559 = FACE_BOUND('',#8560,.F.);
#8560 = EDGE_LOOP('',(#8561,#8562,#8563));
#8561 = ORIENTED_EDGE('',*,*,#8516,.F.);
#8562 = ORIENTED_EDGE('',*,*,#4897,.T.);
#8563 = ORIENTED_EDGE('',*,*,#8564,.F.);
#8564 = EDGE_CURVE('',#8492,#4900,#8565,.T.);
#8565 = SURFACE_CURVE('',#8566,(#8571,#8578),.PCURVE_S1.);
#8566 = CIRCLE('',#8567,10.);
#8567 = AXIS2_PLACEMENT_3D('',#8568,#8569,#8570);
#8568 = CARTESIAN_POINT('',(17.994405276015,18.,3.608224830032E-16));
#8569 = DIRECTION('',(0.,0.,1.));
#8570 = DIRECTION('',(1.,0.,0.));
#8571 = PCURVE('',#4953,#8572);
#8572 = DEFINITIONAL_REPRESENTATION('',(#8573),#8577);
#8573 = CIRCLE('',#8574,10.);
#8574 = AXIS2_PLACEMENT_2D('',#8575,#8576);
#8575 = CARTESIAN_POINT('',(0.,0.));
#8576 = DIRECTION('',(1.,0.));
#8577 = ( GEOMETRIC_REPRESENTATION_CONTEXT(2) 
PARAMETRIC_REPRESENTATION_CONTEXT() REPRESENTATION_CONTEXT('2D SPACE',''
  ) );
#8578 = PCURVE('',#8579,#8584);
#8579 = PLANE('',#8580);
#8580 = AXIS2_PLACEMENT_3D('',#8581,#8582,#8583);
#8581 = CARTESIAN_POINT('',(17.994405276015,18.,3.608224830032E-16));
#8582 = DIRECTION('',(0.,0.,1.));
#8583 = DIRECTION('',(1.,0.,0.));
#8584 = DEFINITIONAL_REPRESENTATION('',(#8585),#8589);
#8585 = CIRCLE('',#8586,10.);
#8586 = AXIS2_PLACEMENT_2D('',#8587,#8588);
#8587 = CARTESIAN_POINT('',(0.,0.));
#8588 = DIRECTION('',(1.,0.));
#8589 = ( GEOMETRIC_REPRESENTATION_CONTEXT(2) 
PARAMETRIC_REPRESENTATION_CONTEXT() REPRESENTATION_CONTEXT('2D SPACE',''
  ) );
#8590 = ADVANCED_FACE('',(#8591),#7969,.T.);
#8591 = FACE_BOUND('',#8592,.T.);
#8592 = EDGE_LOOP('',(#8593,#8620,#8621,#8643));
#8593 = ORIENTED_EDGE('',*,*,#8594,.T.);
#8594 = EDGE_CURVE('',#4900,#8492,#8595,.T.);
#8595 = SURFACE_CURVE('',#8596,(#8601,#8608),.PCURVE_S1.);
#8596 = CIRCLE('',#8597,10.);
#8597 = AXIS2_PLACEMENT_3D('',#8598,#8599,#8600);
#8598 = CARTESIAN_POINT('',(17.994405276015,18.,3.608224830032E-16));
#8599 = DIRECTION('',(0.,0.,1.));
#8600 = DIRECTION('',(1.,0.,0.));
#8601 = PCURVE('',#7969,#8602);
#8602 = DEFINITIONAL_REPRESENTATION('',(#8603),#8607);
#8603 = LINE('',#8604,#8605);
#8604 = CARTESIAN_POINT('',(0.,0.));
#8605 = VECTOR('',#8606,1.);
#8606 = DIRECTION('',(1.,0.));
#8607 = ( GEOMETRIC_REPRESENTATION_CONTEXT(2) 
PARAMETRIC_REPRESENTATION_CONTEXT() REPRESENTATION_CONTEXT('2D SPACE',''
  ) );
#8608 = PCURVE('',#8609,#8614);
#8609 = PLANE('',#8610);
#8610 = AXIS2_PLACEMENT_3D('',#8611,#8612,#8613);
#8611 = CARTESIAN_POINT('',(17.994405276015,18.,3.608224830032E-16));
#8612 = DIRECTION('',(0.,0.,1.));
#8613 = DIRECTION('',(1.,0.,0.));
#8614 = DEFINITIONAL_REPRESENTATION('',(#8615),#8619);
#8615 = CIRCLE('',#8616,10.);
#8616 = AXIS2_PLACEMENT_2D('',#8617,#8618);
#8617 = CARTESIAN_POINT('',(0.,0.));
#8618 = DIRECTION('',(1.,0.));
#8619 = ( GEOMETRIC_REPRESENTATION_CONTEXT(2) 
PARAMETRIC_REPRESENTATION_CONTEXT() REPRESENTATION_CONTEXT('2D SPACE',''
  ) );
#8620 = ORIENTED_EDGE('',*,*,#8491,.T.);
#8621 = ORIENTED_EDGE('',*,*,#8622,.F.);
#8622 = EDGE_CURVE('',#7688,#8494,#8623,.T.);
#8623 = SURFACE_CURVE('',#8624,(#8629,#8636),.PCURVE_S1.);
#8624 = CIRCLE('',#8625,10.);
#8625 = AXIS2_PLACEMENT_3D('',#8626,#8627,#8628);
#8626 = CARTESIAN_POINT('',(17.994405276015,18.,0.7));
#8627 = DIRECTION('',(0.,0.,1.));
#8628 = DIRECTION('',(1.,0.,0.));
#8629 = PCURVE('',#7969,#8630);
#8630 = DEFINITIONAL_REPRESENTATION('',(#8631),#8635);
#8631 = LINE('',#8632,#8633);
#8632 = CARTESIAN_POINT('',(0.,0.7));
#8633 = VECTOR('',#8634,1.);
#8634 = DIRECTION('',(1.,0.));
#8635 = ( GEOMETRIC_REPRESENTATION_CONTEXT(2) 
PARAMETRIC_REPRESENTATION_CONTEXT() REPRESENTATION_CONTEXT('2D SPACE',''
  ) );
#8636 = PCURVE('',#7799,#8637);
#8637 = DEFINITIONAL_REPRESENTATION('',(#8638),#8642);
#8638 = LINE('',#8639,#8640);
#8639 = CARTESIAN_POINT('',(0.,0.7));
#8640 = VECTOR('',#8641,1.);
#8641 = DIRECTION('',(1.,0.));
#8642 = ( GEOMETRIC_REPRESENTATION_CONTEXT(2) 
PARAMETRIC_REPRESENTATION_CONTEXT() REPRESENTATION_CONTEXT('2D SPACE',''
  ) );
#8643 = ORIENTED_EDGE('',*,*,#7859,.F.);
#8644 = ADVANCED_FACE('',(#8645),#7799,.T.);
#8645 = FACE_BOUND('',#8646,.T.);
#8646 = EDGE_LOOP('',(#8647,#8648,#8649,#8650));
#8647 = ORIENTED_EDGE('',*,*,#8538,.T.);
#8648 = ORIENTED_EDGE('',*,*,#8466,.T.);
#8649 = ORIENTED_EDGE('',*,*,#7687,.F.);
#8650 = ORIENTED_EDGE('',*,*,#8622,.T.);
#8651 = ADVANCED_FACE('',(#8652),#8094,.T.);
#8652 = FACE_BOUND('',#8653,.T.);
#8653 = EDGE_LOOP('',(#8654,#8677,#8706,#8735,#8764,#8793,#8822,#8851,
    #8873,#8874));
#8654 = ORIENTED_EDGE('',*,*,#8655,.T.);
#8655 = EDGE_CURVE('',#8078,#8656,#8658,.T.);
#8656 = VERTEX_POINT('',#8657);
#8657 = CARTESIAN_POINT('',(35.994405276015,18.,101.));
#8658 = SEAM_CURVE('',#8659,(#8663,#8670),.PCURVE_S1.);
#8659 = LINE('',#8660,#8661);
#8660 = CARTESIAN_POINT('',(29.994405276015,18.,95.));
#8661 = VECTOR('',#8662,1.);
#8662 = DIRECTION('',(0.707106781187,-1.731912112471E-16,0.707106781187)
  );
#8663 = PCURVE('',#8094,#8664);
#8664 = DEFINITIONAL_REPRESENTATION('',(#8665),#8669);
#8665 = LINE('',#8666,#8667);
#8666 = CARTESIAN_POINT('',(6.28318530718,-0.));
#8667 = VECTOR('',#8668,1.);
#8668 = DIRECTION('',(0.,1.));
#8669 = ( GEOMETRIC_REPRESENTATION_CONTEXT(2) 
PARAMETRIC_REPRESENTATION_CONTEXT() REPRESENTATION_CONTEXT('2D SPACE',''
  ) );
#8670 = PCURVE('',#8094,#8671);
#8671 = DEFINITIONAL_REPRESENTATION('',(#8672),#8676);
#8672 = LINE('',#8673,#8674);
#8673 = CARTESIAN_POINT('',(0.,-0.));
#8674 = VECTOR('',#8675,1.);
#8675 = DIRECTION('',(0.,1.));
#8676 = ( GEOMETRIC_REPRESENTATION_CONTEXT(2) 
PARAMETRIC_REPRESENTATION_CONTEXT() REPRESENTATION_CONTEXT('2D SPACE',''
  ) );
#8677 = ORIENTED_EDGE('',*,*,#8678,.F.);
#8678 = EDGE_CURVE('',#8679,#8656,#8681,.T.);
#8679 = VERTEX_POINT('',#8680);
#8680 = CARTESIAN_POINT('',(33.582862544135,9.,101.));
#8681 = SURFACE_CURVE('',#8682,(#8687,#8694),.PCURVE_S1.);
#8682 = CIRCLE('',#8683,18.);
#8683 = AXIS2_PLACEMENT_3D('',#8684,#8685,#8686);
#8684 = CARTESIAN_POINT('',(17.994405276015,18.,101.));
#8685 = DIRECTION('',(0.,0.,1.));
#8686 = DIRECTION('',(1.,0.,0.));
#8687 = PCURVE('',#8094,#8688);
#8688 = DEFINITIONAL_REPRESENTATION('',(#8689),#8693);
#8689 = LINE('',#8690,#8691);
#8690 = CARTESIAN_POINT('',(0.,6.));
#8691 = VECTOR('',#8692,1.);
#8692 = DIRECTION('',(1.,0.));
#8693 = ( GEOMETRIC_REPRESENTATION_CONTEXT(2) 
PARAMETRIC_REPRESENTATION_CONTEXT() REPRESENTATION_CONTEXT('2D SPACE',''
  ) );
#8694 = PCURVE('',#8695,#8700);
#8695 = PLANE('',#8696);
#8696 = AXIS2_PLACEMENT_3D('',#8697,#8698,#8699);
#8697 = CARTESIAN_POINT('',(17.994405276015,18.,101.));
#8698 = DIRECTION('',(0.,0.,1.));
#8699 = DIRECTION('',(1.,0.,0.));
#8700 = DEFINITIONAL_REPRESENTATION('',(#8701),#8705);
#8701 = CIRCLE('',#8702,18.);
#8702 = AXIS2_PLACEMENT_2D('',#8703,#8704);
#8703 = CARTESIAN_POINT('',(0.,0.));
#8704 = DIRECTION('',(1.,0.));
#8705 = ( GEOMETRIC_REPRESENTATION_CONTEXT(2) 
PARAMETRIC_REPRESENTATION_CONTEXT() REPRESENTATION_CONTEXT('2D SPACE',''
  ) );
#8706 = ORIENTED_EDGE('',*,*,#8707,.F.);
#8707 = EDGE_CURVE('',#8708,#8679,#8710,.T.);
#8708 = VERTEX_POINT('',#8709);
#8709 = CARTESIAN_POINT('',(17.994405276015,0.,101.));
#8710 = SURFACE_CURVE('',#8711,(#8716,#8723),.PCURVE_S1.);
#8711 = CIRCLE('',#8712,18.);
#8712 = AXIS2_PLACEMENT_3D('',#8713,#8714,#8715);
#8713 = CARTESIAN_POINT('',(17.994405276015,18.,101.));
#8714 = DIRECTION('',(0.,0.,1.));
#8715 = DIRECTION('',(1.,0.,0.));
#8716 = PCURVE('',#8094,#8717);
#8717 = DEFINITIONAL_REPRESENTATION('',(#8718),#8722);
#8718 = LINE('',#8719,#8720);
#8719 = CARTESIAN_POINT('',(0.,6.));
#8720 = VECTOR('',#8721,1.);
#8721 = DIRECTION('',(1.,0.));
#8722 = ( GEOMETRIC_REPRESENTATION_CONTEXT(2) 
PARAMETRIC_REPRESENTATION_CONTEXT() REPRESENTATION_CONTEXT('2D SPACE',''
  ) );
#8723 = PCURVE('',#8724,#8729);
#8724 = PLANE('',#8725);
#8725 = AXIS2_PLACEMENT_3D('',#8726,#8727,#8728);
#8726 = CARTESIAN_POINT('',(17.994405276015,18.,101.));
#8727 = DIRECTION('',(0.,0.,1.));
#8728 = DIRECTION('',(1.,0.,0.));
#8729 = DEFINITIONAL_REPRESENTATION('',(#8730),#8734);
#8730 = CIRCLE('',#8731,18.);
#8731 = AXIS2_PLACEMENT_2D('',#8732,#8733);
#8732 = CARTESIAN_POINT('',(0.,0.));
#8733 = DIRECTION('',(1.,0.));
#8734 = ( GEOMETRIC_REPRESENTATION_CONTEXT(2) 
PARAMETRIC_REPRESENTATION_CONTEXT() REPRESENTATION_CONTEXT('2D SPACE',''
  ) );
#8735 = ORIENTED_EDGE('',*,*,#8736,.F.);
#8736 = EDGE_CURVE('',#8737,#8708,#8739,.T.);
#8737 = VERTEX_POINT('',#8738);
#8738 = CARTESIAN_POINT('',(2.405948007895,9.,101.));
#8739 = SURFACE_CURVE('',#8740,(#8745,#8752),.PCURVE_S1.);
#8740 = CIRCLE('',#8741,18.);
#8741 = AXIS2_PLACEMENT_3D('',#8742,#8743,#8744);
#8742 = CARTESIAN_POINT('',(17.994405276015,18.,101.));
#8743 = DIRECTION('',(0.,0.,1.));
#8744 = DIRECTION('',(1.,0.,0.));
#8745 = PCURVE('',#8094,#8746);
#8746 = DEFINITIONAL_REPRESENTATION('',(#8747),#8751);
#8747 = LINE('',#8748,#8749);
#8748 = CARTESIAN_POINT('',(0.,6.));
#8749 = VECTOR('',#8750,1.);
#8750 = DIRECTION('',(1.,0.));
#8751 = ( GEOMETRIC_REPRESENTATION_CONTEXT(2) 
PARAMETRIC_REPRESENTATION_CONTEXT() REPRESENTATION_CONTEXT('2D SPACE',''
  ) );
#8752 = PCURVE('',#8753,#8758);
#8753 = PLANE('',#8754);
#8754 = AXIS2_PLACEMENT_3D('',#8755,#8756,#8757);
#8755 = CARTESIAN_POINT('',(17.994405276015,18.,101.));
#8756 = DIRECTION('',(0.,0.,1.));
#8757 = DIRECTION('',(1.,0.,0.));
#8758 = DEFINITIONAL_REPRESENTATION('',(#8759),#8763);
#8759 = CIRCLE('',#8760,18.);
#8760 = AXIS2_PLACEMENT_2D('',#8761,#8762);
#8761 = CARTESIAN_POINT('',(0.,0.));
#8762 = DIRECTION('',(1.,0.));
#8763 = ( GEOMETRIC_REPRESENTATION_CONTEXT(2) 
PARAMETRIC_REPRESENTATION_CONTEXT() REPRESENTATION_CONTEXT('2D SPACE',''
  ) );
#8764 = ORIENTED_EDGE('',*,*,#8765,.F.);
#8765 = EDGE_CURVE('',#8766,#8737,#8768,.T.);
#8766 = VERTEX_POINT('',#8767);
#8767 = CARTESIAN_POINT('',(2.405948007895,27.,101.));
#8768 = SURFACE_CURVE('',#8769,(#8774,#8781),.PCURVE_S1.);
#8769 = CIRCLE('',#8770,18.);
#8770 = AXIS2_PLACEMENT_3D('',#8771,#8772,#8773);
#8771 = CARTESIAN_POINT('',(17.994405276015,18.,101.));
#8772 = DIRECTION('',(0.,0.,1.));
#8773 = DIRECTION('',(1.,0.,0.));
#8774 = PCURVE('',#8094,#8775);
#8775 = DEFINITIONAL_REPRESENTATION('',(#8776),#8780);
#8776 = LINE('',#8777,#8778);
#8777 = CARTESIAN_POINT('',(0.,6.));
#8778 = VECTOR('',#8779,1.);
#8779 = DIRECTION('',(1.,0.));
#8780 = ( GEOMETRIC_REPRESENTATION_CONTEXT(2) 
PARAMETRIC_REPRESENTATION_CONTEXT() REPRESENTATION_CONTEXT('2D SPACE',''
  ) );
#8781 = PCURVE('',#8782,#8787);
#8782 = PLANE('',#8783);
#8783 = AXIS2_PLACEMENT_3D('',#8784,#8785,#8786);
#8784 = CARTESIAN_POINT('',(17.994405276015,18.,101.));
#8785 = DIRECTION('',(0.,0.,1.));
#8786 = DIRECTION('',(1.,0.,0.));
#8787 = DEFINITIONAL_REPRESENTATION('',(#8788),#8792);
#8788 = CIRCLE('',#8789,18.);
#8789 = AXIS2_PLACEMENT_2D('',#8790,#8791);
#8790 = CARTESIAN_POINT('',(0.,0.));
#8791 = DIRECTION('',(1.,0.));
#8792 = ( GEOMETRIC_REPRESENTATION_CONTEXT(2) 
PARAMETRIC_REPRESENTATION_CONTEXT() REPRESENTATION_CONTEXT('2D SPACE',''
  ) );
#8793 = ORIENTED_EDGE('',*,*,#8794,.F.);
#8794 = EDGE_CURVE('',#8795,#8766,#8797,.T.);
#8795 = VERTEX_POINT('',#8796);
#8796 = CARTESIAN_POINT('',(17.994405276015,36.,101.));
#8797 = SURFACE_CURVE('',#8798,(#8803,#8810),.PCURVE_S1.);
#8798 = CIRCLE('',#8799,18.);
#8799 = AXIS2_PLACEMENT_3D('',#8800,#8801,#8802);
#8800 = CARTESIAN_POINT('',(17.994405276015,18.,101.));
#8801 = DIRECTION('',(0.,0.,1.));
#8802 = DIRECTION('',(1.,0.,0.));
#8803 = PCURVE('',#8094,#8804);
#8804 = DEFINITIONAL_REPRESENTATION('',(#8805),#8809);
#8805 = LINE('',#8806,#8807);
#8806 = CARTESIAN_POINT('',(0.,6.));
#8807 = VECTOR('',#8808,1.);
#8808 = DIRECTION('',(1.,0.));
#8809 = ( GEOMETRIC_REPRESENTATION_CONTEXT(2) 
PARAMETRIC_REPRESENTATION_CONTEXT() REPRESENTATION_CONTEXT('2D SPACE',''
  ) );
#8810 = PCURVE('',#8811,#8816);
#8811 = PLANE('',#8812);
#8812 = AXIS2_PLACEMENT_3D('',#8813,#8814,#8815);
#8813 = CARTESIAN_POINT('',(17.994405276015,18.,101.));
#8814 = DIRECTION('',(0.,0.,1.));
#8815 = DIRECTION('',(1.,0.,0.));
#8816 = DEFINITIONAL_REPRESENTATION('',(#8817),#8821);
#8817 = CIRCLE('',#8818,18.);
#8818 = AXIS2_PLACEMENT_2D('',#8819,#8820);
#8819 = CARTESIAN_POINT('',(0.,0.));
#8820 = DIRECTION('',(1.,0.));
#8821 = ( GEOMETRIC_REPRESENTATION_CONTEXT(2) 
PARAMETRIC_REPRESENTATION_CONTEXT() REPRESENTATION_CONTEXT('2D SPACE',''
  ) );
#8822 = ORIENTED_EDGE('',*,*,#8823,.F.);
#8823 = EDGE_CURVE('',#8824,#8795,#8826,.T.);
#8824 = VERTEX_POINT('',#8825);
#8825 = CARTESIAN_POINT('',(33.582862544135,27.,101.));
#8826 = SURFACE_CURVE('',#8827,(#8832,#8839),.PCURVE_S1.);
#8827 = CIRCLE('',#8828,18.);
#8828 = AXIS2_PLACEMENT_3D('',#8829,#8830,#8831);
#8829 = CARTESIAN_POINT('',(17.994405276015,18.,101.));
#8830 = DIRECTION('',(0.,0.,1.));
#8831 = DIRECTION('',(1.,0.,0.));
#8832 = PCURVE('',#8094,#8833);
#8833 = DEFINITIONAL_REPRESENTATION('',(#8834),#8838);
#8834 = LINE('',#8835,#8836);
#8835 = CARTESIAN_POINT('',(0.,6.));
#8836 = VECTOR('',#8837,1.);
#8837 = DIRECTION('',(1.,0.));
#8838 = ( GEOMETRIC_REPRESENTATION_CONTEXT(2) 
PARAMETRIC_REPRESENTATION_CONTEXT() REPRESENTATION_CONTEXT('2D SPACE',''
  ) );
#8839 = PCURVE('',#8840,#8845);
#8840 = PLANE('',#8841);
#8841 = AXIS2_PLACEMENT_3D('',#8842,#8843,#8844);
#8842 = CARTESIAN_POINT('',(17.994405276015,18.,101.));
#8843 = DIRECTION('',(0.,0.,1.));
#8844 = DIRECTION('',(1.,0.,0.));
#8845 = DEFINITIONAL_REPRESENTATION('',(#8846),#8850);
#8846 = CIRCLE('',#8847,18.);
#8847 = AXIS2_PLACEMENT_2D('',#8848,#8849);
#8848 = CARTESIAN_POINT('',(0.,0.));
#8849 = DIRECTION('',(1.,0.));
#8850 = ( GEOMETRIC_REPRESENTATION_CONTEXT(2) 
PARAMETRIC_REPRESENTATION_CONTEXT() REPRESENTATION_CONTEXT('2D SPACE',''
  ) );
#8851 = ORIENTED_EDGE('',*,*,#8852,.F.);
#8852 = EDGE_CURVE('',#8656,#8824,#8853,.T.);
#8853 = SURFACE_CURVE('',#8854,(#8859,#8866),.PCURVE_S1.);
#8854 = CIRCLE('',#8855,18.);
#8855 = AXIS2_PLACEMENT_3D('',#8856,#8857,#8858);
#8856 = CARTESIAN_POINT('',(17.994405276015,18.,101.));
#8857 = DIRECTION('',(0.,0.,1.));
#8858 = DIRECTION('',(1.,0.,0.));
#8859 = PCURVE('',#8094,#8860);
#8860 = DEFINITIONAL_REPRESENTATION('',(#8861),#8865);
#8861 = LINE('',#8862,#8863);
#8862 = CARTESIAN_POINT('',(0.,6.));
#8863 = VECTOR('',#8864,1.);
#8864 = DIRECTION('',(1.,0.));
#8865 = ( GEOMETRIC_REPRESENTATION_CONTEXT(2) 
PARAMETRIC_REPRESENTATION_CONTEXT() REPRESENTATION_CONTEXT('2D SPACE',''
  ) );
#8866 = PCURVE('',#8695,#8867);
#8867 = DEFINITIONAL_REPRESENTATION('',(#8868),#8872);
#8868 = CIRCLE('',#8869,18.);
#8869 = AXIS2_PLACEMENT_2D('',#8870,#8871);
#8870 = CARTESIAN_POINT('',(0.,0.));
#8871 = DIRECTION('',(1.,0.));
#8872 = ( GEOMETRIC_REPRESENTATION_CONTEXT(2) 
PARAMETRIC_REPRESENTATION_CONTEXT() REPRESENTATION_CONTEXT('2D SPACE',''
  ) );
#8873 = ORIENTED_EDGE('',*,*,#8655,.F.);
#8874 = ORIENTED_EDGE('',*,*,#8077,.T.);
#8875 = ADVANCED_FACE('',(#8876),#8579,.F.);
#8876 = FACE_BOUND('',#8877,.F.);
#8877 = EDGE_LOOP('',(#8878,#8879,#8929,#9024));
#8878 = ORIENTED_EDGE('',*,*,#8564,.T.);
#8879 = ORIENTED_EDGE('',*,*,#8880,.T.);
#8880 = EDGE_CURVE('',#4900,#8881,#8883,.T.);
#8881 = VERTEX_POINT('',#8882);
#8882 = CARTESIAN_POINT('',(20.048577532512,27.664102900291,0.));
#8883 = SURFACE_CURVE('',#8884,(#8897,#8913),.PCURVE_S1.);
#8884 = B_SPLINE_CURVE_WITH_KNOTS('',6,(#8885,#8886,#8887,#8888,#8889,
    #8890,#8891,#8892,#8893,#8894,#8895,#8896),.UNSPECIFIED.,.F.,.F.,(7,
    5,7),(0.,0.532277215903,1.),.UNSPECIFIED.);
#8885 = CARTESIAN_POINT('',(27.994405276015,22.219668999142,
    3.608224830032E-16));
#8886 = CARTESIAN_POINT('',(27.573616854131,23.004227866907,
    3.608224830032E-16));
#8887 = CARTESIAN_POINT('',(27.075322842253,23.747101540655,
    3.608224830032E-16));
#8888 = CARTESIAN_POINT('',(26.503952011934,24.437971507964,
    3.608224830032E-16));
#8889 = CARTESIAN_POINT('',(25.865668871671,25.067411990875,
    3.608224830032E-16));
#8890 = CARTESIAN_POINT('',(25.168140624394,25.626708400522,
    3.608224830032E-16));
#8891 = CARTESIAN_POINT('',(23.7645648604,26.531682283037,
    3.608224830032E-16));
#8892 = CARTESIAN_POINT('',(23.069672743362,26.89513045073,
    3.608224830032E-16));
#8893 = CARTESIAN_POINT('',(22.342933036345,27.193634296263,
    3.608224830032E-16));
#8894 = CARTESIAN_POINT('',(21.591675465904,27.423146279274,
    3.608224830032E-16));
#8895 = CARTESIAN_POINT('',(20.823936234117,27.580551464188,
    3.608224830032E-16));
#8896 = CARTESIAN_POINT('',(20.048577532512,27.664102900291,
    3.608224830032E-16));
#8897 = PCURVE('',#8579,#8898);
#8898 = DEFINITIONAL_REPRESENTATION('',(#8899),#8912);
#8899 = B_SPLINE_CURVE_WITH_KNOTS('',6,(#8900,#8901,#8902,#8903,#8904,
    #8905,#8906,#8907,#8908,#8909,#8910,#8911),.UNSPECIFIED.,.F.,.F.,(7,
    5,7),(0.,0.532277215903,1.),.UNSPECIFIED.);
#8900 = CARTESIAN_POINT('',(10.,4.219668999142));
#8901 = CARTESIAN_POINT('',(9.579211578116,5.004227866907));
#8902 = CARTESIAN_POINT('',(9.080917566238,5.747101540655));
#8903 = CARTESIAN_POINT('',(8.509546735919,6.437971507964));
#8904 = CARTESIAN_POINT('',(7.871263595656,7.067411990875));
#8905 = CARTESIAN_POINT('',(7.17373534838,7.626708400522));
#8906 = CARTESIAN_POINT('',(5.770159584386,8.531682283037));
#8907 = CARTESIAN_POINT('',(5.075267467347,8.89513045073));
#8908 = CARTESIAN_POINT('',(4.34852776033,9.193634296263));
#8909 = CARTESIAN_POINT('',(3.597270189889,9.423146279274));
#8910 = CARTESIAN_POINT('',(2.829530958102,9.580551464188));
#8911 = CARTESIAN_POINT('',(2.054172256497,9.664102900291));
#8912 = ( GEOMETRIC_REPRESENTATION_CONTEXT(2) 
PARAMETRIC_REPRESENTATION_CONTEXT() REPRESENTATION_CONTEXT('2D SPACE',''
  ) );
#8913 = PCURVE('',#8609,#8914);
#8914 = DEFINITIONAL_REPRESENTATION('',(#8915),#8928);
#8915 = B_SPLINE_CURVE_WITH_KNOTS('',6,(#8916,#8917,#8918,#8919,#8920,
    #8921,#8922,#8923,#8924,#8925,#8926,#8927),.UNSPECIFIED.,.F.,.F.,(7,
    5,7),(0.,0.532277215903,1.),.UNSPECIFIED.);
#8916 = CARTESIAN_POINT('',(10.,4.219668999142));
#8917 = CARTESIAN_POINT('',(9.579211578116,5.004227866907));
#8918 = CARTESIAN_POINT('',(9.080917566238,5.747101540655));
#8919 = CARTESIAN_POINT('',(8.509546735919,6.437971507964));
#8920 = CARTESIAN_POINT('',(7.871263595656,7.067411990875));
#8921 = CARTESIAN_POINT('',(7.17373534838,7.626708400522));
#8922 = CARTESIAN_POINT('',(5.770159584386,8.531682283037));
#8923 = CARTESIAN_POINT('',(5.075267467347,8.89513045073));
#8924 = CARTESIAN_POINT('',(4.34852776033,9.193634296263));
#8925 = CARTESIAN_POINT('',(3.597270189889,9.423146279274));
#8926 = CARTESIAN_POINT('',(2.829530958102,9.580551464188));
#8927 = CARTESIAN_POINT('',(2.054172256497,9.664102900291));
#8928 = ( GEOMETRIC_REPRESENTATION_CONTEXT(2) 
PARAMETRIC_REPRESENTATION_CONTEXT() REPRESENTATION_CONTEXT('2D SPACE',''
  ) );
#8929 = ORIENTED_EDGE('',*,*,#8930,.F.);
#8930 = EDGE_CURVE('',#8931,#8881,#8933,.T.);
#8931 = VERTEX_POINT('',#8932);
#8932 = CARTESIAN_POINT('',(27.874405276015,18.,2.498001805407E-16));
#8933 = SURFACE_CURVE('',#8934,(#8962,#8993),.PCURVE_S1.);
#8934 = B_SPLINE_CURVE_WITH_KNOTS('',6,(#8935,#8936,#8937,#8938,#8939,
    #8940,#8941,#8942,#8943,#8944,#8945,#8946,#8947,#8948,#8949,#8950,
    #8951,#8952,#8953,#8954,#8955,#8956,#8957,#8958,#8959,#8960,#8961),
  .UNSPECIFIED.,.F.,.F.,(7,5,5,5,5,7),(0.,0.155696226101,0.286622745704,
    0.38570261649,0.590938621656,1.),.UNSPECIFIED.);
#8935 = CARTESIAN_POINT('',(27.874405276015,18.,3.608224830032E-16));
#8936 = CARTESIAN_POINT('',(27.874406723428,18.349015261556,
    3.608224830032E-16));
#8937 = CARTESIAN_POINT('',(27.859614930264,18.698032331325,
    3.608224830032E-16));
#8938 = CARTESIAN_POINT('',(27.830028570977,19.046263546165,
    3.608224830032E-16));
#8939 = CARTESIAN_POINT('',(27.785702024714,19.392926992724,
    3.608224830032E-16));
#8940 = CARTESIAN_POINT('',(27.726745375319,19.737246507439,
    3.608224830032E-16));
#8941 = CARTESIAN_POINT('',(27.591583985609,20.365374528674,
    3.608224830032E-16));
#8942 = CARTESIAN_POINT('',(27.519614960027,20.650097131179,
    3.608224830032E-16));
#8943 = CARTESIAN_POINT('',(27.437515850347,20.932162155679,
    3.608224830032E-16));
#8944 = CARTESIAN_POINT('',(27.345411676376,21.211120515055,
    3.608224830032E-16));
#8945 = CARTESIAN_POINT('',(27.243453961953,21.486531363434,
    3.608224830032E-16));
#8946 = CARTESIAN_POINT('',(27.047341244175,21.963369847121,
    3.608224830032E-16));
#8947 = CARTESIAN_POINT('',(26.957320508644,22.166498810859,
    3.608224830032E-16));
#8948 = CARTESIAN_POINT('',(26.861835591661,22.367161796566,
    3.608224830032E-16));
#8949 = CARTESIAN_POINT('',(26.760971698132,22.565175629622,
    3.608224830032E-16));
#8950 = CARTESIAN_POINT('',(26.654822174576,22.760361151631,
    3.608224830032E-16));
#8951 = CARTESIAN_POINT('',(26.312869751168,23.350632961046,
    3.608224830032E-16));
#8952 = CARTESIAN_POINT('',(26.06000298199,23.73584159585,
    3.608224830032E-16));
#8953 = CARTESIAN_POINT('',(25.78579624191,24.106603858966,
    3.608224830032E-16));
#8954 = CARTESIAN_POINT('',(25.4912902861,24.461456243815,
    3.608224830032E-16));
#8955 = CARTESIAN_POINT('',(25.177657540839,24.799038461863,
    3.608224830032E-16));
#8956 = CARTESIAN_POINT('',(24.18556627062,25.754014835615,
    3.608224830032E-16));
#8957 = CARTESIAN_POINT('',(23.45395760711,26.31650363982,
    3.608224830032E-16));
#8958 = CARTESIAN_POINT('',(22.661899266639,26.795315417012,
    3.608224830032E-16));
#8959 = CARTESIAN_POINT('',(21.821410705151,27.182867099707,
    3.608224830032E-16));
#8960 = CARTESIAN_POINT('',(20.945508641261,27.473453993003,
    3.608224830032E-16));
#8961 = CARTESIAN_POINT('',(20.048577533459,27.664102900135,
    3.608224830032E-16));
#8962 = PCURVE('',#8579,#8963);
#8963 = DEFINITIONAL_REPRESENTATION('',(#8964),#8992);
#8964 = B_SPLINE_CURVE_WITH_KNOTS('',6,(#8965,#8966,#8967,#8968,#8969,
    #8970,#8971,#8972,#8973,#8974,#8975,#8976,#8977,#8978,#8979,#8980,
    #8981,#8982,#8983,#8984,#8985,#8986,#8987,#8988,#8989,#8990,#8991),
  .UNSPECIFIED.,.F.,.F.,(7,5,5,5,5,7),(0.,0.155696226101,0.286622745704,
    0.38570261649,0.590938621656,1.),.UNSPECIFIED.);
#8965 = CARTESIAN_POINT('',(9.88,9.108674502487E-15));
#8966 = CARTESIAN_POINT('',(9.880001447414,0.349015261556));
#8967 = CARTESIAN_POINT('',(9.865209654249,0.698032331325));
#8968 = CARTESIAN_POINT('',(9.835623294962,1.046263546165));
#8969 = CARTESIAN_POINT('',(9.7912967487,1.392926992724));
#8970 = CARTESIAN_POINT('',(9.732340099304,1.737246507439));
#8971 = CARTESIAN_POINT('',(9.597178709595,2.365374528674));
#8972 = CARTESIAN_POINT('',(9.525209684012,2.650097131179));
#8973 = CARTESIAN_POINT('',(9.443110574333,2.932162155679));
#8974 = CARTESIAN_POINT('',(9.351006400361,3.211120515055));
#8975 = CARTESIAN_POINT('',(9.249048685939,3.486531363434));
#8976 = CARTESIAN_POINT('',(9.05293596816,3.963369847121));
#8977 = CARTESIAN_POINT('',(8.962915232629,4.166498810859));
#8978 = CARTESIAN_POINT('',(8.867430315646,4.367161796566));
#8979 = CARTESIAN_POINT('',(8.766566422118,4.565175629622));
#8980 = CARTESIAN_POINT('',(8.660416898561,4.760361151631));
#8981 = CARTESIAN_POINT('',(8.318464475154,5.350632961046));
#8982 = CARTESIAN_POINT('',(8.065597705975,5.73584159585));
#8983 = CARTESIAN_POINT('',(7.791390965895,6.106603858966));
#8984 = CARTESIAN_POINT('',(7.496885010085,6.461456243815));
#8985 = CARTESIAN_POINT('',(7.183252264824,6.799038461863));
#8986 = CARTESIAN_POINT('',(6.191160994605,7.754014835615));
#8987 = CARTESIAN_POINT('',(5.459552331096,8.31650363982));
#8988 = CARTESIAN_POINT('',(4.667493990624,8.795315417012));
#8989 = CARTESIAN_POINT('',(3.827005429136,9.182867099707));
#8990 = CARTESIAN_POINT('',(2.951103365246,9.473453993003));
#8991 = CARTESIAN_POINT('',(2.054172257444,9.664102900135));
#8992 = ( GEOMETRIC_REPRESENTATION_CONTEXT(2) 
PARAMETRIC_REPRESENTATION_CONTEXT() REPRESENTATION_CONTEXT('2D SPACE',''
  ) );
#8993 = PCURVE('',#8609,#8994);
#8994 = DEFINITIONAL_REPRESENTATION('',(#8995),#9023);
#8995 = B_SPLINE_CURVE_WITH_KNOTS('',6,(#8996,#8997,#8998,#8999,#9000,
    #9001,#9002,#9003,#9004,#9005,#9006,#9007,#9008,#9009,#9010,#9011,
    #9012,#9013,#9014,#9015,#9016,#9017,#9018,#9019,#9020,#9021,#9022),
  .UNSPECIFIED.,.F.,.F.,(7,5,5,5,5,7),(0.,0.155696226101,0.286622745704,
    0.38570261649,0.590938621656,1.),.UNSPECIFIED.);
#8996 = CARTESIAN_POINT('',(9.88,9.108674502487E-15));
#8997 = CARTESIAN_POINT('',(9.880001447414,0.349015261556));
#8998 = CARTESIAN_POINT('',(9.865209654249,0.698032331325));
#8999 = CARTESIAN_POINT('',(9.835623294962,1.046263546165));
#9000 = CARTESIAN_POINT('',(9.7912967487,1.392926992724));
#9001 = CARTESIAN_POINT('',(9.732340099304,1.737246507439));
#9002 = CARTESIAN_POINT('',(9.597178709595,2.365374528674));
#9003 = CARTESIAN_POINT('',(9.525209684012,2.650097131179));
#9004 = CARTESIAN_POINT('',(9.443110574333,2.932162155679));
#9005 = CARTESIAN_POINT('',(9.351006400361,3.211120515055));
#9006 = CARTESIAN_POINT('',(9.249048685939,3.486531363434));
#9007 = CARTESIAN_POINT('',(9.05293596816,3.963369847121));
#9008 = CARTESIAN_POINT('',(8.962915232629,4.166498810859));
#9009 = CARTESIAN_POINT('',(8.867430315646,4.367161796566));
#9010 = CARTESIAN_POINT('',(8.766566422118,4.565175629622));
#9011 = CARTESIAN_POINT('',(8.660416898561,4.760361151631));
#9012 = CARTESIAN_POINT('',(8.318464475154,5.350632961046));
#9013 = CARTESIAN_POINT('',(8.065597705975,5.73584159585));
#9014 = CARTESIAN_POINT('',(7.791390965895,6.106603858966));
#9015 = CARTESIAN_POINT('',(7.496885010085,6.461456243815));
#9016 = CARTESIAN_POINT('',(7.183252264824,6.799038461863));
#9017 = CARTESIAN_POINT('',(6.191160994605,7.754014835615));
#9018 = CARTESIAN_POINT('',(5.459552331096,8.31650363982));
#9019 = CARTESIAN_POINT('',(4.667493990624,8.795315417012));
#9020 = CARTESIAN_POINT('',(3.827005429136,9.182867099707));
#9021 = CARTESIAN_POINT('',(2.951103365246,9.473453993003));
#9022 = CARTESIAN_POINT('',(2.054172257444,9.664102900135));
#9023 = ( GEOMETRIC_REPRESENTATION_CONTEXT(2) 
PARAMETRIC_REPRESENTATION_CONTEXT() REPRESENTATION_CONTEXT('2D SPACE',''
  ) );
#9024 = ORIENTED_EDGE('',*,*,#9025,.T.);
#9025 = EDGE_CURVE('',#8931,#8492,#9026,.T.);
#9026 = SURFACE_CURVE('',#9027,(#9031,#9038),.PCURVE_S1.);
#9027 = LINE('',#9028,#9029);
#9028 = CARTESIAN_POINT('',(23.272185303149,18.,3.608224830032E-16));
#9029 = VECTOR('',#9030,1.);
#9030 = DIRECTION('',(1.,-2.556860015119E-16,0.));
#9031 = PCURVE('',#8579,#9032);
#9032 = DEFINITIONAL_REPRESENTATION('',(#9033),#9037);
#9033 = LINE('',#9034,#9035);
#9034 = CARTESIAN_POINT('',(5.277780027134,4.356293039243E-16));
#9035 = VECTOR('',#9036,1.);
#9036 = DIRECTION('',(1.,-2.556860015119E-16));
#9037 = ( GEOMETRIC_REPRESENTATION_CONTEXT(2) 
PARAMETRIC_REPRESENTATION_CONTEXT() REPRESENTATION_CONTEXT('2D SPACE',''
  ) );
#9038 = PCURVE('',#8609,#9039);
#9039 = DEFINITIONAL_REPRESENTATION('',(#9040),#9043);
#9040 = B_SPLINE_CURVE_WITH_KNOTS('',1,(#9041,#9042),.UNSPECIFIED.,.F.,
  .F.,(2,2),(4.602219972866,4.722219972866),.PIECEWISE_BEZIER_KNOTS.);
#9041 = CARTESIAN_POINT('',(9.88,-7.410939190161E-16));
#9042 = CARTESIAN_POINT('',(10.,-7.717762391975E-16));
#9043 = ( GEOMETRIC_REPRESENTATION_CONTEXT(2) 
PARAMETRIC_REPRESENTATION_CONTEXT() REPRESENTATION_CONTEXT('2D SPACE',''
  ) );
#9044 = ADVANCED_FACE('',(#9045),#8609,.F.);
#9045 = FACE_BOUND('',#9046,.F.);
#9046 = EDGE_LOOP('',(#9047,#9048,#9049,#9050));
#9047 = ORIENTED_EDGE('',*,*,#8594,.T.);
#9048 = ORIENTED_EDGE('',*,*,#9025,.F.);
#9049 = ORIENTED_EDGE('',*,*,#8930,.T.);
#9050 = ORIENTED_EDGE('',*,*,#8880,.F.);
#9051 = ADVANCED_FACE('',(#9052),#8695,.T.);
#9052 = FACE_BOUND('',#9053,.T.);
#9053 = EDGE_LOOP('',(#9054,#9055,#9056));
#9054 = ORIENTED_EDGE('',*,*,#8678,.T.);
#9055 = ORIENTED_EDGE('',*,*,#8852,.T.);
#9056 = ORIENTED_EDGE('',*,*,#9057,.F.);
#9057 = EDGE_CURVE('',#8679,#8824,#9058,.T.);
#9058 = SURFACE_CURVE('',#9059,(#9063,#9070),.PCURVE_S1.);
#9059 = LINE('',#9060,#9061);
#9060 = CARTESIAN_POINT('',(33.582862544135,9.,101.));
#9061 = VECTOR('',#9062,1.);
#9062 = DIRECTION('',(2.960594732334E-16,1.,0.));
#9063 = PCURVE('',#8695,#9064);
#9064 = DEFINITIONAL_REPRESENTATION('',(#9065),#9069);
#9065 = LINE('',#9066,#9067);
#9066 = CARTESIAN_POINT('',(15.58845726812,-9.));
#9067 = VECTOR('',#9068,1.);
#9068 = DIRECTION('',(2.960594732334E-16,1.));
#9069 = ( GEOMETRIC_REPRESENTATION_CONTEXT(2) 
PARAMETRIC_REPRESENTATION_CONTEXT() REPRESENTATION_CONTEXT('2D SPACE',''
  ) );
#9070 = PCURVE('',#9071,#9076);
#9071 = PLANE('',#9072);
#9072 = AXIS2_PLACEMENT_3D('',#9073,#9074,#9075);
#9073 = CARTESIAN_POINT('',(33.582862544135,9.,101.));
#9074 = DIRECTION('',(-1.,2.960594732334E-16,0.));
#9075 = DIRECTION('',(2.960594732334E-16,1.,0.));
#9076 = DEFINITIONAL_REPRESENTATION('',(#9077),#9081);
#9077 = LINE('',#9078,#9079);
#9078 = CARTESIAN_POINT('',(0.,0.));
#9079 = VECTOR('',#9080,1.);
#9080 = DIRECTION('',(1.,0.));
#9081 = ( GEOMETRIC_REPRESENTATION_CONTEXT(2) 
PARAMETRIC_REPRESENTATION_CONTEXT() REPRESENTATION_CONTEXT('2D SPACE',''
  ) );
#9082 = ADVANCED_FACE('',(#9083),#8840,.T.);
#9083 = FACE_BOUND('',#9084,.T.);
#9084 = EDGE_LOOP('',(#9085,#9111));
#9085 = ORIENTED_EDGE('',*,*,#9086,.F.);
#9086 = EDGE_CURVE('',#8824,#8795,#9087,.T.);
#9087 = SURFACE_CURVE('',#9088,(#9092,#9099),.PCURVE_S1.);
#9088 = LINE('',#9089,#9090);
#9089 = CARTESIAN_POINT('',(33.582862544135,27.,101.));
#9090 = VECTOR('',#9091,1.);
#9091 = DIRECTION('',(-0.866025403784,0.5,0.));
#9092 = PCURVE('',#8840,#9093);
#9093 = DEFINITIONAL_REPRESENTATION('',(#9094),#9098);
#9094 = LINE('',#9095,#9096);
#9095 = CARTESIAN_POINT('',(15.58845726812,9.));
#9096 = VECTOR('',#9097,1.);
#9097 = DIRECTION('',(-0.866025403784,0.5));
#9098 = ( GEOMETRIC_REPRESENTATION_CONTEXT(2) 
PARAMETRIC_REPRESENTATION_CONTEXT() REPRESENTATION_CONTEXT('2D SPACE',''
  ) );
#9099 = PCURVE('',#9100,#9105);
#9100 = PLANE('',#9101);
#9101 = AXIS2_PLACEMENT_3D('',#9102,#9103,#9104);
#9102 = CARTESIAN_POINT('',(33.582862544135,27.,101.));
#9103 = DIRECTION('',(-0.5,-0.866025403784,0.));
#9104 = DIRECTION('',(-0.866025403784,0.5,0.));
#9105 = DEFINITIONAL_REPRESENTATION('',(#9106),#9110);
#9106 = LINE('',#9107,#9108);
#9107 = CARTESIAN_POINT('',(0.,0.));
#9108 = VECTOR('',#9109,1.);
#9109 = DIRECTION('',(1.,0.));
#9110 = ( GEOMETRIC_REPRESENTATION_CONTEXT(2) 
PARAMETRIC_REPRESENTATION_CONTEXT() REPRESENTATION_CONTEXT('2D SPACE',''
  ) );
#9111 = ORIENTED_EDGE('',*,*,#8823,.T.);
#9112 = ADVANCED_FACE('',(#9113),#8811,.T.);
#9113 = FACE_BOUND('',#9114,.T.);
#9114 = EDGE_LOOP('',(#9115,#9141));
#9115 = ORIENTED_EDGE('',*,*,#9116,.F.);
#9116 = EDGE_CURVE('',#8795,#8766,#9117,.T.);
#9117 = SURFACE_CURVE('',#9118,(#9122,#9129),.PCURVE_S1.);
#9118 = LINE('',#9119,#9120);
#9119 = CARTESIAN_POINT('',(17.994405276015,36.,101.));
#9120 = VECTOR('',#9121,1.);
#9121 = DIRECTION('',(-0.866025403784,-0.5,0.));
#9122 = PCURVE('',#8811,#9123);
#9123 = DEFINITIONAL_REPRESENTATION('',(#9124),#9128);
#9124 = LINE('',#9125,#9126);
#9125 = CARTESIAN_POINT('',(1.102182119233E-15,18.));
#9126 = VECTOR('',#9127,1.);
#9127 = DIRECTION('',(-0.866025403784,-0.5));
#9128 = ( GEOMETRIC_REPRESENTATION_CONTEXT(2) 
PARAMETRIC_REPRESENTATION_CONTEXT() REPRESENTATION_CONTEXT('2D SPACE',''
  ) );
#9129 = PCURVE('',#9130,#9135);
#9130 = PLANE('',#9131);
#9131 = AXIS2_PLACEMENT_3D('',#9132,#9133,#9134);
#9132 = CARTESIAN_POINT('',(17.994405276015,36.,101.));
#9133 = DIRECTION('',(0.5,-0.866025403784,0.));
#9134 = DIRECTION('',(-0.866025403784,-0.5,0.));
#9135 = DEFINITIONAL_REPRESENTATION('',(#9136),#9140);
#9136 = LINE('',#9137,#9138);
#9137 = CARTESIAN_POINT('',(0.,0.));
#9138 = VECTOR('',#9139,1.);
#9139 = DIRECTION('',(1.,0.));
#9140 = ( GEOMETRIC_REPRESENTATION_CONTEXT(2) 
PARAMETRIC_REPRESENTATION_CONTEXT() REPRESENTATION_CONTEXT('2D SPACE',''
  ) );
#9141 = ORIENTED_EDGE('',*,*,#8794,.T.);
#9142 = ADVANCED_FACE('',(#9143),#8782,.T.);
#9143 = FACE_BOUND('',#9144,.T.);
#9144 = EDGE_LOOP('',(#9145,#9171));
#9145 = ORIENTED_EDGE('',*,*,#9146,.F.);
#9146 = EDGE_CURVE('',#8766,#8737,#9147,.T.);
#9147 = SURFACE_CURVE('',#9148,(#9152,#9159),.PCURVE_S1.);
#9148 = LINE('',#9149,#9150);
#9149 = CARTESIAN_POINT('',(2.405948007895,27.,101.));
#9150 = VECTOR('',#9151,1.);
#9151 = DIRECTION('',(9.868649107779E-17,-1.,0.));
#9152 = PCURVE('',#8782,#9153);
#9153 = DEFINITIONAL_REPRESENTATION('',(#9154),#9158);
#9154 = LINE('',#9155,#9156);
#9155 = CARTESIAN_POINT('',(-15.58845726812,9.));
#9156 = VECTOR('',#9157,1.);
#9157 = DIRECTION('',(9.868649107779E-17,-1.));
#9158 = ( GEOMETRIC_REPRESENTATION_CONTEXT(2) 
PARAMETRIC_REPRESENTATION_CONTEXT() REPRESENTATION_CONTEXT('2D SPACE',''
  ) );
#9159 = PCURVE('',#9160,#9165);
#9160 = PLANE('',#9161);
#9161 = AXIS2_PLACEMENT_3D('',#9162,#9163,#9164);
#9162 = CARTESIAN_POINT('',(2.405948007895,27.,101.));
#9163 = DIRECTION('',(1.,9.868649107779E-17,0.));
#9164 = DIRECTION('',(9.868649107779E-17,-1.,0.));
#9165 = DEFINITIONAL_REPRESENTATION('',(#9166),#9170);
#9166 = LINE('',#9167,#9168);
#9167 = CARTESIAN_POINT('',(0.,0.));
#9168 = VECTOR('',#9169,1.);
#9169 = DIRECTION('',(1.,0.));
#9170 = ( GEOMETRIC_REPRESENTATION_CONTEXT(2) 
PARAMETRIC_REPRESENTATION_CONTEXT() REPRESENTATION_CONTEXT('2D SPACE',''
  ) );
#9171 = ORIENTED_EDGE('',*,*,#8765,.T.);
#9172 = ADVANCED_FACE('',(#9173),#8753,.T.);
#9173 = FACE_BOUND('',#9174,.T.);
#9174 = EDGE_LOOP('',(#9175,#9176));
#9175 = ORIENTED_EDGE('',*,*,#8736,.T.);
#9176 = ORIENTED_EDGE('',*,*,#9177,.F.);
#9177 = EDGE_CURVE('',#8737,#8708,#9178,.T.);
#9178 = SURFACE_CURVE('',#9179,(#9183,#9190),.PCURVE_S1.);
#9179 = LINE('',#9180,#9181);
#9180 = CARTESIAN_POINT('',(2.405948007895,9.,101.));
#9181 = VECTOR('',#9182,1.);
#9182 = DIRECTION('',(0.866025403784,-0.5,0.));
#9183 = PCURVE('',#8753,#9184);
#9184 = DEFINITIONAL_REPRESENTATION('',(#9185),#9189);
#9185 = LINE('',#9186,#9187);
#9186 = CARTESIAN_POINT('',(-15.58845726812,-9.));
#9187 = VECTOR('',#9188,1.);
#9188 = DIRECTION('',(0.866025403784,-0.5));
#9189 = ( GEOMETRIC_REPRESENTATION_CONTEXT(2) 
PARAMETRIC_REPRESENTATION_CONTEXT() REPRESENTATION_CONTEXT('2D SPACE',''
  ) );
#9190 = PCURVE('',#9191,#9196);
#9191 = PLANE('',#9192);
#9192 = AXIS2_PLACEMENT_3D('',#9193,#9194,#9195);
#9193 = CARTESIAN_POINT('',(2.405948007895,9.,101.));
#9194 = DIRECTION('',(0.5,0.866025403784,0.));
#9195 = DIRECTION('',(0.866025403784,-0.5,0.));
#9196 = DEFINITIONAL_REPRESENTATION('',(#9197),#9201);
#9197 = LINE('',#9198,#9199);
#9198 = CARTESIAN_POINT('',(0.,0.));
#9199 = VECTOR('',#9200,1.);
#9200 = DIRECTION('',(1.,0.));
#9201 = ( GEOMETRIC_REPRESENTATION_CONTEXT(2) 
PARAMETRIC_REPRESENTATION_CONTEXT() REPRESENTATION_CONTEXT('2D SPACE',''
  ) );
#9202 = ADVANCED_FACE('',(#9203),#8724,.T.);
#9203 = FACE_BOUND('',#9204,.T.);
#9204 = EDGE_LOOP('',(#9205,#9206));
#9205 = ORIENTED_EDGE('',*,*,#8707,.T.);
#9206 = ORIENTED_EDGE('',*,*,#9207,.F.);
#9207 = EDGE_CURVE('',#8708,#8679,#9208,.T.);
#9208 = SURFACE_CURVE('',#9209,(#9213,#9220),.PCURVE_S1.);
#9209 = LINE('',#9210,#9211);
#9210 = CARTESIAN_POINT('',(17.994405276015,0.,101.));
#9211 = VECTOR('',#9212,1.);
#9212 = DIRECTION('',(0.866025403784,0.5,0.));
#9213 = PCURVE('',#8724,#9214);
#9214 = DEFINITIONAL_REPRESENTATION('',(#9215),#9219);
#9215 = LINE('',#9216,#9217);
#9216 = CARTESIAN_POINT('',(-3.306546357698E-15,-18.));
#9217 = VECTOR('',#9218,1.);
#9218 = DIRECTION('',(0.866025403784,0.5));
#9219 = ( GEOMETRIC_REPRESENTATION_CONTEXT(2) 
PARAMETRIC_REPRESENTATION_CONTEXT() REPRESENTATION_CONTEXT('2D SPACE',''
  ) );
#9220 = PCURVE('',#9221,#9226);
#9221 = PLANE('',#9222);
#9222 = AXIS2_PLACEMENT_3D('',#9223,#9224,#9225);
#9223 = CARTESIAN_POINT('',(17.994405276015,0.,101.));
#9224 = DIRECTION('',(-0.5,0.866025403784,0.));
#9225 = DIRECTION('',(0.866025403784,0.5,0.));
#9226 = DEFINITIONAL_REPRESENTATION('',(#9227),#9231);
#9227 = LINE('',#9228,#9229);
#9228 = CARTESIAN_POINT('',(0.,0.));
#9229 = VECTOR('',#9230,1.);
#9230 = DIRECTION('',(1.,0.));
#9231 = ( GEOMETRIC_REPRESENTATION_CONTEXT(2) 
PARAMETRIC_REPRESENTATION_CONTEXT() REPRESENTATION_CONTEXT('2D SPACE',''
  ) );
#9232 = ADVANCED_FACE('',(#9233),#9071,.F.);
#9233 = FACE_BOUND('',#9234,.F.);
#9234 = EDGE_LOOP('',(#9235,#9258,#9286,#9307));
#9235 = ORIENTED_EDGE('',*,*,#9236,.T.);
#9236 = EDGE_CURVE('',#8679,#9237,#9239,.T.);
#9237 = VERTEX_POINT('',#9238);
#9238 = CARTESIAN_POINT('',(33.582862544135,9.,107.));
#9239 = SURFACE_CURVE('',#9240,(#9244,#9251),.PCURVE_S1.);
#9240 = LINE('',#9241,#9242);
#9241 = CARTESIAN_POINT('',(33.582862544135,9.,101.));
#9242 = VECTOR('',#9243,1.);
#9243 = DIRECTION('',(0.,0.,1.));
#9244 = PCURVE('',#9071,#9245);
#9245 = DEFINITIONAL_REPRESENTATION('',(#9246),#9250);
#9246 = LINE('',#9247,#9248);
#9247 = CARTESIAN_POINT('',(0.,0.));
#9248 = VECTOR('',#9249,1.);
#9249 = DIRECTION('',(0.,-1.));
#9250 = ( GEOMETRIC_REPRESENTATION_CONTEXT(2) 
PARAMETRIC_REPRESENTATION_CONTEXT() REPRESENTATION_CONTEXT('2D SPACE',''
  ) );
#9251 = PCURVE('',#9221,#9252);
#9252 = DEFINITIONAL_REPRESENTATION('',(#9253),#9257);
#9253 = LINE('',#9254,#9255);
#9254 = CARTESIAN_POINT('',(18.,0.));
#9255 = VECTOR('',#9256,1.);
#9256 = DIRECTION('',(0.,-1.));
#9257 = ( GEOMETRIC_REPRESENTATION_CONTEXT(2) 
PARAMETRIC_REPRESENTATION_CONTEXT() REPRESENTATION_CONTEXT('2D SPACE',''
  ) );
#9258 = ORIENTED_EDGE('',*,*,#9259,.T.);
#9259 = EDGE_CURVE('',#9237,#9260,#9262,.T.);
#9260 = VERTEX_POINT('',#9261);
#9261 = CARTESIAN_POINT('',(33.582862544135,27.,107.));
#9262 = SURFACE_CURVE('',#9263,(#9267,#9274),.PCURVE_S1.);
#9263 = LINE('',#9264,#9265);
#9264 = CARTESIAN_POINT('',(33.582862544135,9.,107.));
#9265 = VECTOR('',#9266,1.);
#9266 = DIRECTION('',(2.960594732334E-16,1.,0.));
#9267 = PCURVE('',#9071,#9268);
#9268 = DEFINITIONAL_REPRESENTATION('',(#9269),#9273);
#9269 = LINE('',#9270,#9271);
#9270 = CARTESIAN_POINT('',(0.,-6.));
#9271 = VECTOR('',#9272,1.);
#9272 = DIRECTION('',(1.,0.));
#9273 = ( GEOMETRIC_REPRESENTATION_CONTEXT(2) 
PARAMETRIC_REPRESENTATION_CONTEXT() REPRESENTATION_CONTEXT('2D SPACE',''
  ) );
#9274 = PCURVE('',#9275,#9280);
#9275 = PLANE('',#9276);
#9276 = AXIS2_PLACEMENT_3D('',#9277,#9278,#9279);
#9277 = CARTESIAN_POINT('',(17.994405276015,18.,107.));
#9278 = DIRECTION('',(0.,0.,1.));
#9279 = DIRECTION('',(1.,0.,0.));
#9280 = DEFINITIONAL_REPRESENTATION('',(#9281),#9285);
#9281 = LINE('',#9282,#9283);
#9282 = CARTESIAN_POINT('',(15.58845726812,-9.));
#9283 = VECTOR('',#9284,1.);
#9284 = DIRECTION('',(2.960594732334E-16,1.));
#9285 = ( GEOMETRIC_REPRESENTATION_CONTEXT(2) 
PARAMETRIC_REPRESENTATION_CONTEXT() REPRESENTATION_CONTEXT('2D SPACE',''
  ) );
#9286 = ORIENTED_EDGE('',*,*,#9287,.F.);
#9287 = EDGE_CURVE('',#8824,#9260,#9288,.T.);
#9288 = SURFACE_CURVE('',#9289,(#9293,#9300),.PCURVE_S1.);
#9289 = LINE('',#9290,#9291);
#9290 = CARTESIAN_POINT('',(33.582862544135,27.,101.));
#9291 = VECTOR('',#9292,1.);
#9292 = DIRECTION('',(0.,0.,1.));
#9293 = PCURVE('',#9071,#9294);
#9294 = DEFINITIONAL_REPRESENTATION('',(#9295),#9299);
#9295 = LINE('',#9296,#9297);
#9296 = CARTESIAN_POINT('',(18.,0.));
#9297 = VECTOR('',#9298,1.);
#9298 = DIRECTION('',(0.,-1.));
#9299 = ( GEOMETRIC_REPRESENTATION_CONTEXT(2) 
PARAMETRIC_REPRESENTATION_CONTEXT() REPRESENTATION_CONTEXT('2D SPACE',''
  ) );
#9300 = PCURVE('',#9100,#9301);
#9301 = DEFINITIONAL_REPRESENTATION('',(#9302),#9306);
#9302 = LINE('',#9303,#9304);
#9303 = CARTESIAN_POINT('',(0.,0.));
#9304 = VECTOR('',#9305,1.);
#9305 = DIRECTION('',(0.,-1.));
#9306 = ( GEOMETRIC_REPRESENTATION_CONTEXT(2) 
PARAMETRIC_REPRESENTATION_CONTEXT() REPRESENTATION_CONTEXT('2D SPACE',''
  ) );
#9307 = ORIENTED_EDGE('',*,*,#9057,.F.);
#9308 = ADVANCED_FACE('',(#9309),#9100,.F.);
#9309 = FACE_BOUND('',#9310,.F.);
#9310 = EDGE_LOOP('',(#9311,#9312,#9335,#9356));
#9311 = ORIENTED_EDGE('',*,*,#9287,.T.);
#9312 = ORIENTED_EDGE('',*,*,#9313,.T.);
#9313 = EDGE_CURVE('',#9260,#9314,#9316,.T.);
#9314 = VERTEX_POINT('',#9315);
#9315 = CARTESIAN_POINT('',(17.994405276015,36.,107.));
#9316 = SURFACE_CURVE('',#9317,(#9321,#9328),.PCURVE_S1.);
#9317 = LINE('',#9318,#9319);
#9318 = CARTESIAN_POINT('',(33.582862544135,27.,107.));
#9319 = VECTOR('',#9320,1.);
#9320 = DIRECTION('',(-0.866025403784,0.5,0.));
#9321 = PCURVE('',#9100,#9322);
#9322 = DEFINITIONAL_REPRESENTATION('',(#9323),#9327);
#9323 = LINE('',#9324,#9325);
#9324 = CARTESIAN_POINT('',(0.,-6.));
#9325 = VECTOR('',#9326,1.);
#9326 = DIRECTION('',(1.,0.));
#9327 = ( GEOMETRIC_REPRESENTATION_CONTEXT(2) 
PARAMETRIC_REPRESENTATION_CONTEXT() REPRESENTATION_CONTEXT('2D SPACE',''
  ) );
#9328 = PCURVE('',#9275,#9329);
#9329 = DEFINITIONAL_REPRESENTATION('',(#9330),#9334);
#9330 = LINE('',#9331,#9332);
#9331 = CARTESIAN_POINT('',(15.58845726812,9.));
#9332 = VECTOR('',#9333,1.);
#9333 = DIRECTION('',(-0.866025403784,0.5));
#9334 = ( GEOMETRIC_REPRESENTATION_CONTEXT(2) 
PARAMETRIC_REPRESENTATION_CONTEXT() REPRESENTATION_CONTEXT('2D SPACE',''
  ) );
#9335 = ORIENTED_EDGE('',*,*,#9336,.F.);
#9336 = EDGE_CURVE('',#8795,#9314,#9337,.T.);
#9337 = SURFACE_CURVE('',#9338,(#9342,#9349),.PCURVE_S1.);
#9338 = LINE('',#9339,#9340);
#9339 = CARTESIAN_POINT('',(17.994405276015,36.,101.));
#9340 = VECTOR('',#9341,1.);
#9341 = DIRECTION('',(0.,0.,1.));
#9342 = PCURVE('',#9100,#9343);
#9343 = DEFINITIONAL_REPRESENTATION('',(#9344),#9348);
#9344 = LINE('',#9345,#9346);
#9345 = CARTESIAN_POINT('',(18.,0.));
#9346 = VECTOR('',#9347,1.);
#9347 = DIRECTION('',(0.,-1.));
#9348 = ( GEOMETRIC_REPRESENTATION_CONTEXT(2) 
PARAMETRIC_REPRESENTATION_CONTEXT() REPRESENTATION_CONTEXT('2D SPACE',''
  ) );
#9349 = PCURVE('',#9130,#9350);
#9350 = DEFINITIONAL_REPRESENTATION('',(#9351),#9355);
#9351 = LINE('',#9352,#9353);
#9352 = CARTESIAN_POINT('',(0.,0.));
#9353 = VECTOR('',#9354,1.);
#9354 = DIRECTION('',(0.,-1.));
#9355 = ( GEOMETRIC_REPRESENTATION_CONTEXT(2) 
PARAMETRIC_REPRESENTATION_CONTEXT() REPRESENTATION_CONTEXT('2D SPACE',''
  ) );
#9356 = ORIENTED_EDGE('',*,*,#9086,.F.);
#9357 = ADVANCED_FACE('',(#9358),#9130,.F.);
#9358 = FACE_BOUND('',#9359,.F.);
#9359 = EDGE_LOOP('',(#9360,#9361,#9384,#9405));
#9360 = ORIENTED_EDGE('',*,*,#9336,.T.);
#9361 = ORIENTED_EDGE('',*,*,#9362,.T.);
#9362 = EDGE_CURVE('',#9314,#9363,#9365,.T.);
#9363 = VERTEX_POINT('',#9364);
#9364 = CARTESIAN_POINT('',(2.405948007895,27.,107.));
#9365 = SURFACE_CURVE('',#9366,(#9370,#9377),.PCURVE_S1.);
#9366 = LINE('',#9367,#9368);
#9367 = CARTESIAN_POINT('',(17.994405276015,36.,107.));
#9368 = VECTOR('',#9369,1.);
#9369 = DIRECTION('',(-0.866025403784,-0.5,0.));
#9370 = PCURVE('',#9130,#9371);
#9371 = DEFINITIONAL_REPRESENTATION('',(#9372),#9376);
#9372 = LINE('',#9373,#9374);
#9373 = CARTESIAN_POINT('',(0.,-6.));
#9374 = VECTOR('',#9375,1.);
#9375 = DIRECTION('',(1.,0.));
#9376 = ( GEOMETRIC_REPRESENTATION_CONTEXT(2) 
PARAMETRIC_REPRESENTATION_CONTEXT() REPRESENTATION_CONTEXT('2D SPACE',''
  ) );
#9377 = PCURVE('',#9275,#9378);
#9378 = DEFINITIONAL_REPRESENTATION('',(#9379),#9383);
#9379 = LINE('',#9380,#9381);
#9380 = CARTESIAN_POINT('',(1.628510071648E-15,18.));
#9381 = VECTOR('',#9382,1.);
#9382 = DIRECTION('',(-0.866025403784,-0.5));
#9383 = ( GEOMETRIC_REPRESENTATION_CONTEXT(2) 
PARAMETRIC_REPRESENTATION_CONTEXT() REPRESENTATION_CONTEXT('2D SPACE',''
  ) );
#9384 = ORIENTED_EDGE('',*,*,#9385,.F.);
#9385 = EDGE_CURVE('',#8766,#9363,#9386,.T.);
#9386 = SURFACE_CURVE('',#9387,(#9391,#9398),.PCURVE_S1.);
#9387 = LINE('',#9388,#9389);
#9388 = CARTESIAN_POINT('',(2.405948007895,27.,101.));
#9389 = VECTOR('',#9390,1.);
#9390 = DIRECTION('',(0.,0.,1.));
#9391 = PCURVE('',#9130,#9392);
#9392 = DEFINITIONAL_REPRESENTATION('',(#9393),#9397);
#9393 = LINE('',#9394,#9395);
#9394 = CARTESIAN_POINT('',(18.,0.));
#9395 = VECTOR('',#9396,1.);
#9396 = DIRECTION('',(0.,-1.));
#9397 = ( GEOMETRIC_REPRESENTATION_CONTEXT(2) 
PARAMETRIC_REPRESENTATION_CONTEXT() REPRESENTATION_CONTEXT('2D SPACE',''
  ) );
#9398 = PCURVE('',#9160,#9399);
#9399 = DEFINITIONAL_REPRESENTATION('',(#9400),#9404);
#9400 = LINE('',#9401,#9402);
#9401 = CARTESIAN_POINT('',(0.,0.));
#9402 = VECTOR('',#9403,1.);
#9403 = DIRECTION('',(0.,-1.));
#9404 = ( GEOMETRIC_REPRESENTATION_CONTEXT(2) 
PARAMETRIC_REPRESENTATION_CONTEXT() REPRESENTATION_CONTEXT('2D SPACE',''
  ) );
#9405 = ORIENTED_EDGE('',*,*,#9116,.F.);
#9406 = ADVANCED_FACE('',(#9407),#9160,.F.);
#9407 = FACE_BOUND('',#9408,.F.);
#9408 = EDGE_LOOP('',(#9409,#9410,#9433,#9454));
#9409 = ORIENTED_EDGE('',*,*,#9385,.T.);
#9410 = ORIENTED_EDGE('',*,*,#9411,.T.);
#9411 = EDGE_CURVE('',#9363,#9412,#9414,.T.);
#9412 = VERTEX_POINT('',#9413);
#9413 = CARTESIAN_POINT('',(2.405948007895,9.,107.));
#9414 = SURFACE_CURVE('',#9415,(#9419,#9426),.PCURVE_S1.);
#9415 = LINE('',#9416,#9417);
#9416 = CARTESIAN_POINT('',(2.405948007895,27.,107.));
#9417 = VECTOR('',#9418,1.);
#9418 = DIRECTION('',(9.868649107779E-17,-1.,0.));
#9419 = PCURVE('',#9160,#9420);
#9420 = DEFINITIONAL_REPRESENTATION('',(#9421),#9425);
#9421 = LINE('',#9422,#9423);
#9422 = CARTESIAN_POINT('',(0.,-6.));
#9423 = VECTOR('',#9424,1.);
#9424 = DIRECTION('',(1.,0.));
#9425 = ( GEOMETRIC_REPRESENTATION_CONTEXT(2) 
PARAMETRIC_REPRESENTATION_CONTEXT() REPRESENTATION_CONTEXT('2D SPACE',''
  ) );
#9426 = PCURVE('',#9275,#9427);
#9427 = DEFINITIONAL_REPRESENTATION('',(#9428),#9432);
#9428 = LINE('',#9429,#9430);
#9429 = CARTESIAN_POINT('',(-15.58845726812,9.));
#9430 = VECTOR('',#9431,1.);
#9431 = DIRECTION('',(9.868649107779E-17,-1.));
#9432 = ( GEOMETRIC_REPRESENTATION_CONTEXT(2) 
PARAMETRIC_REPRESENTATION_CONTEXT() REPRESENTATION_CONTEXT('2D SPACE',''
  ) );
#9433 = ORIENTED_EDGE('',*,*,#9434,.F.);
#9434 = EDGE_CURVE('',#8737,#9412,#9435,.T.);
#9435 = SURFACE_CURVE('',#9436,(#9440,#9447),.PCURVE_S1.);
#9436 = LINE('',#9437,#9438);
#9437 = CARTESIAN_POINT('',(2.405948007895,9.,101.));
#9438 = VECTOR('',#9439,1.);
#9439 = DIRECTION('',(0.,0.,1.));
#9440 = PCURVE('',#9160,#9441);
#9441 = DEFINITIONAL_REPRESENTATION('',(#9442),#9446);
#9442 = LINE('',#9443,#9444);
#9443 = CARTESIAN_POINT('',(18.,0.));
#9444 = VECTOR('',#9445,1.);
#9445 = DIRECTION('',(0.,-1.));
#9446 = ( GEOMETRIC_REPRESENTATION_CONTEXT(2) 
PARAMETRIC_REPRESENTATION_CONTEXT() REPRESENTATION_CONTEXT('2D SPACE',''
  ) );
#9447 = PCURVE('',#9191,#9448);
#9448 = DEFINITIONAL_REPRESENTATION('',(#9449),#9453);
#9449 = LINE('',#9450,#9451);
#9450 = CARTESIAN_POINT('',(0.,0.));
#9451 = VECTOR('',#9452,1.);
#9452 = DIRECTION('',(0.,-1.));
#9453 = ( GEOMETRIC_REPRESENTATION_CONTEXT(2) 
PARAMETRIC_REPRESENTATION_CONTEXT() REPRESENTATION_CONTEXT('2D SPACE',''
  ) );
#9454 = ORIENTED_EDGE('',*,*,#9146,.F.);
#9455 = ADVANCED_FACE('',(#9456),#9191,.F.);
#9456 = FACE_BOUND('',#9457,.F.);
#9457 = EDGE_LOOP('',(#9458,#9459,#9482,#9503));
#9458 = ORIENTED_EDGE('',*,*,#9434,.T.);
#9459 = ORIENTED_EDGE('',*,*,#9460,.T.);
#9460 = EDGE_CURVE('',#9412,#9461,#9463,.T.);
#9461 = VERTEX_POINT('',#9462);
#9462 = CARTESIAN_POINT('',(17.994405276015,0.,107.));
#9463 = SURFACE_CURVE('',#9464,(#9468,#9475),.PCURVE_S1.);
#9464 = LINE('',#9465,#9466);
#9465 = CARTESIAN_POINT('',(2.405948007895,9.,107.));
#9466 = VECTOR('',#9467,1.);
#9467 = DIRECTION('',(0.866025403784,-0.5,0.));
#9468 = PCURVE('',#9191,#9469);
#9469 = DEFINITIONAL_REPRESENTATION('',(#9470),#9474);
#9470 = LINE('',#9471,#9472);
#9471 = CARTESIAN_POINT('',(0.,-6.));
#9472 = VECTOR('',#9473,1.);
#9473 = DIRECTION('',(1.,0.));
#9474 = ( GEOMETRIC_REPRESENTATION_CONTEXT(2) 
PARAMETRIC_REPRESENTATION_CONTEXT() REPRESENTATION_CONTEXT('2D SPACE',''
  ) );
#9475 = PCURVE('',#9275,#9476);
#9476 = DEFINITIONAL_REPRESENTATION('',(#9477),#9481);
#9477 = LINE('',#9478,#9479);
#9478 = CARTESIAN_POINT('',(-15.58845726812,-9.));
#9479 = VECTOR('',#9480,1.);
#9480 = DIRECTION('',(0.866025403784,-0.5));
#9481 = ( GEOMETRIC_REPRESENTATION_CONTEXT(2) 
PARAMETRIC_REPRESENTATION_CONTEXT() REPRESENTATION_CONTEXT('2D SPACE',''
  ) );
#9482 = ORIENTED_EDGE('',*,*,#9483,.F.);
#9483 = EDGE_CURVE('',#8708,#9461,#9484,.T.);
#9484 = SURFACE_CURVE('',#9485,(#9489,#9496),.PCURVE_S1.);
#9485 = LINE('',#9486,#9487);
#9486 = CARTESIAN_POINT('',(17.994405276015,0.,101.));
#9487 = VECTOR('',#9488,1.);
#9488 = DIRECTION('',(0.,0.,1.));
#9489 = PCURVE('',#9191,#9490);
#9490 = DEFINITIONAL_REPRESENTATION('',(#9491),#9495);
#9491 = LINE('',#9492,#9493);
#9492 = CARTESIAN_POINT('',(18.,0.));
#9493 = VECTOR('',#9494,1.);
#9494 = DIRECTION('',(0.,-1.));
#9495 = ( GEOMETRIC_REPRESENTATION_CONTEXT(2) 
PARAMETRIC_REPRESENTATION_CONTEXT() REPRESENTATION_CONTEXT('2D SPACE',''
  ) );
#9496 = PCURVE('',#9221,#9497);
#9497 = DEFINITIONAL_REPRESENTATION('',(#9498),#9502);
#9498 = LINE('',#9499,#9500);
#9499 = CARTESIAN_POINT('',(0.,0.));
#9500 = VECTOR('',#9501,1.);
#9501 = DIRECTION('',(0.,-1.));
#9502 = ( GEOMETRIC_REPRESENTATION_CONTEXT(2) 
PARAMETRIC_REPRESENTATION_CONTEXT() REPRESENTATION_CONTEXT('2D SPACE',''
  ) );
#9503 = ORIENTED_EDGE('',*,*,#9177,.F.);
#9504 = ADVANCED_FACE('',(#9505),#9221,.F.);
#9505 = FACE_BOUND('',#9506,.F.);
#9506 = EDGE_LOOP('',(#9507,#9508,#9529,#9530));
#9507 = ORIENTED_EDGE('',*,*,#9483,.T.);
#9508 = ORIENTED_EDGE('',*,*,#9509,.T.);
#9509 = EDGE_CURVE('',#9461,#9237,#9510,.T.);
#9510 = SURFACE_CURVE('',#9511,(#9515,#9522),.PCURVE_S1.);
#9511 = LINE('',#9512,#9513);
#9512 = CARTESIAN_POINT('',(17.994405276015,0.,107.));
#9513 = VECTOR('',#9514,1.);
#9514 = DIRECTION('',(0.866025403784,0.5,0.));
#9515 = PCURVE('',#9221,#9516);
#9516 = DEFINITIONAL_REPRESENTATION('',(#9517),#9521);
#9517 = LINE('',#9518,#9519);
#9518 = CARTESIAN_POINT('',(0.,-6.));
#9519 = VECTOR('',#9520,1.);
#9520 = DIRECTION('',(1.,0.));
#9521 = ( GEOMETRIC_REPRESENTATION_CONTEXT(2) 
PARAMETRIC_REPRESENTATION_CONTEXT() REPRESENTATION_CONTEXT('2D SPACE',''
  ) );
#9522 = PCURVE('',#9275,#9523);
#9523 = DEFINITIONAL_REPRESENTATION('',(#9524),#9528);
#9524 = LINE('',#9525,#9526);
#9525 = CARTESIAN_POINT('',(-2.780218405283E-15,-18.));
#9526 = VECTOR('',#9527,1.);
#9527 = DIRECTION('',(0.866025403784,0.5));
#9528 = ( GEOMETRIC_REPRESENTATION_CONTEXT(2) 
PARAMETRIC_REPRESENTATION_CONTEXT() REPRESENTATION_CONTEXT('2D SPACE',''
  ) );
#9529 = ORIENTED_EDGE('',*,*,#9236,.F.);
#9530 = ORIENTED_EDGE('',*,*,#9207,.F.);
#9531 = ADVANCED_FACE('',(#9532,#9540),#9275,.T.);
#9532 = FACE_BOUND('',#9533,.T.);
#9533 = EDGE_LOOP('',(#9534,#9535,#9536,#9537,#9538,#9539));
#9534 = ORIENTED_EDGE('',*,*,#9313,.T.);
#9535 = ORIENTED_EDGE('',*,*,#9362,.T.);
#9536 = ORIENTED_EDGE('',*,*,#9411,.T.);
#9537 = ORIENTED_EDGE('',*,*,#9460,.T.);
#9538 = ORIENTED_EDGE('',*,*,#9509,.T.);
#9539 = ORIENTED_EDGE('',*,*,#9259,.T.);
#9540 = FACE_BOUND('',#9541,.T.);
#9541 = EDGE_LOOP('',(#9542));
#9542 = ORIENTED_EDGE('',*,*,#9543,.F.);
#9543 = EDGE_CURVE('',#9544,#9544,#9546,.T.);
#9544 = VERTEX_POINT('',#9545);
#9545 = CARTESIAN_POINT('',(24.494405276015,18.,107.));
#9546 = SURFACE_CURVE('',#9547,(#9552,#9559),.PCURVE_S1.);
#9547 = CIRCLE('',#9548,6.5);
#9548 = AXIS2_PLACEMENT_3D('',#9549,#9550,#9551);
#9549 = CARTESIAN_POINT('',(17.994405276015,18.,107.));
#9550 = DIRECTION('',(0.,0.,1.));
#9551 = DIRECTION('',(1.,0.,0.));
#9552 = PCURVE('',#9275,#9553);
#9553 = DEFINITIONAL_REPRESENTATION('',(#9554),#9558);
#9554 = CIRCLE('',#9555,6.5);
#9555 = AXIS2_PLACEMENT_2D('',#9556,#9557);
#9556 = CARTESIAN_POINT('',(5.263279524149E-16,5.263279524149E-16));
#9557 = DIRECTION('',(1.,0.));
#9558 = ( GEOMETRIC_REPRESENTATION_CONTEXT(2) 
PARAMETRIC_REPRESENTATION_CONTEXT() REPRESENTATION_CONTEXT('2D SPACE',''
  ) );
#9559 = PCURVE('',#9560,#9565);
#9560 = CYLINDRICAL_SURFACE('',#9561,6.5);
#9561 = AXIS2_PLACEMENT_3D('',#9562,#9563,#9564);
#9562 = CARTESIAN_POINT('',(17.994405276015,18.,107.));
#9563 = DIRECTION('',(0.,0.,1.));
#9564 = DIRECTION('',(1.,0.,0.));
#9565 = DEFINITIONAL_REPRESENTATION('',(#9566),#9570);
#9566 = LINE('',#9567,#9568);
#9567 = CARTESIAN_POINT('',(0.,0.));
#9568 = VECTOR('',#9569,1.);
#9569 = DIRECTION('',(1.,0.));
#9570 = ( GEOMETRIC_REPRESENTATION_CONTEXT(2) 
PARAMETRIC_REPRESENTATION_CONTEXT() REPRESENTATION_CONTEXT('2D SPACE',''
  ) );
#9571 = ADVANCED_FACE('',(#9572),#9560,.T.);
#9572 = FACE_BOUND('',#9573,.T.);
#9573 = EDGE_LOOP('',(#9574,#9603,#9624,#9625));
#9574 = ORIENTED_EDGE('',*,*,#9575,.F.);
#9575 = EDGE_CURVE('',#9576,#9576,#9578,.T.);
#9576 = VERTEX_POINT('',#9577);
#9577 = CARTESIAN_POINT('',(24.494405276015,18.,113.));
#9578 = SURFACE_CURVE('',#9579,(#9584,#9591),.PCURVE_S1.);
#9579 = CIRCLE('',#9580,6.5);
#9580 = AXIS2_PLACEMENT_3D('',#9581,#9582,#9583);
#9581 = CARTESIAN_POINT('',(17.994405276015,18.,113.));
#9582 = DIRECTION('',(0.,0.,1.));
#9583 = DIRECTION('',(1.,0.,0.));
#9584 = PCURVE('',#9560,#9585);
#9585 = DEFINITIONAL_REPRESENTATION('',(#9586),#9590);
#9586 = LINE('',#9587,#9588);
#9587 = CARTESIAN_POINT('',(0.,6.));
#9588 = VECTOR('',#9589,1.);
#9589 = DIRECTION('',(1.,0.));
#9590 = ( GEOMETRIC_REPRESENTATION_CONTEXT(2) 
PARAMETRIC_REPRESENTATION_CONTEXT() REPRESENTATION_CONTEXT('2D SPACE',''
  ) );
#9591 = PCURVE('',#9592,#9597);
#9592 = PLANE('',#9593);
#9593 = AXIS2_PLACEMENT_3D('',#9594,#9595,#9596);
#9594 = CARTESIAN_POINT('',(17.994405276015,18.,113.));
#9595 = DIRECTION('',(0.,0.,1.));
#9596 = DIRECTION('',(1.,0.,0.));
#9597 = DEFINITIONAL_REPRESENTATION('',(#9598),#9602);
#9598 = CIRCLE('',#9599,6.5);
#9599 = AXIS2_PLACEMENT_2D('',#9600,#9601);
#9600 = CARTESIAN_POINT('',(0.,0.));
#9601 = DIRECTION('',(1.,0.));
#9602 = ( GEOMETRIC_REPRESENTATION_CONTEXT(2) 
PARAMETRIC_REPRESENTATION_CONTEXT() REPRESENTATION_CONTEXT('2D SPACE',''
  ) );
#9603 = ORIENTED_EDGE('',*,*,#9604,.F.);
#9604 = EDGE_CURVE('',#9544,#9576,#9605,.T.);
#9605 = SEAM_CURVE('',#9606,(#9610,#9617),.PCURVE_S1.);
#9606 = LINE('',#9607,#9608);
#9607 = CARTESIAN_POINT('',(24.494405276015,18.,107.));
#9608 = VECTOR('',#9609,1.);
#9609 = DIRECTION('',(0.,0.,1.));
#9610 = PCURVE('',#9560,#9611);
#9611 = DEFINITIONAL_REPRESENTATION('',(#9612),#9616);
#9612 = LINE('',#9613,#9614);
#9613 = CARTESIAN_POINT('',(6.28318530718,-0.));
#9614 = VECTOR('',#9615,1.);
#9615 = DIRECTION('',(0.,1.));
#9616 = ( GEOMETRIC_REPRESENTATION_CONTEXT(2) 
PARAMETRIC_REPRESENTATION_CONTEXT() REPRESENTATION_CONTEXT('2D SPACE',''
  ) );
#9617 = PCURVE('',#9560,#9618);
#9618 = DEFINITIONAL_REPRESENTATION('',(#9619),#9623);
#9619 = LINE('',#9620,#9621);
#9620 = CARTESIAN_POINT('',(0.,-0.));
#9621 = VECTOR('',#9622,1.);
#9622 = DIRECTION('',(0.,1.));
#9623 = ( GEOMETRIC_REPRESENTATION_CONTEXT(2) 
PARAMETRIC_REPRESENTATION_CONTEXT() REPRESENTATION_CONTEXT('2D SPACE',''
  ) );
#9624 = ORIENTED_EDGE('',*,*,#9543,.T.);
#9625 = ORIENTED_EDGE('',*,*,#9604,.T.);
#9626 = ADVANCED_FACE('',(#9627,#9630),#9592,.T.);
#9627 = FACE_BOUND('',#9628,.T.);
#9628 = EDGE_LOOP('',(#9629));
#9629 = ORIENTED_EDGE('',*,*,#9575,.T.);
#9630 = FACE_BOUND('',#9631,.T.);
#9631 = EDGE_LOOP('',(#9632));
#9632 = ORIENTED_EDGE('',*,*,#9633,.F.);
#9633 = EDGE_CURVE('',#9634,#9634,#9636,.T.);
#9634 = VERTEX_POINT('',#9635);
#9635 = CARTESIAN_POINT('',(22.744405276015,18.,113.));
#9636 = SURFACE_CURVE('',#9637,(#9642,#9649),.PCURVE_S1.);
#9637 = CIRCLE('',#9638,4.75);
#9638 = AXIS2_PLACEMENT_3D('',#9639,#9640,#9641);
#9639 = CARTESIAN_POINT('',(17.994405276015,18.,113.));
#9640 = DIRECTION('',(0.,0.,1.));
#9641 = DIRECTION('',(1.,0.,0.));
#9642 = PCURVE('',#9592,#9643);
#9643 = DEFINITIONAL_REPRESENTATION('',(#9644),#9648);
#9644 = CIRCLE('',#9645,4.75);
#9645 = AXIS2_PLACEMENT_2D('',#9646,#9647);
#9646 = CARTESIAN_POINT('',(0.,0.));
#9647 = DIRECTION('',(1.,0.));
#9648 = ( GEOMETRIC_REPRESENTATION_CONTEXT(2) 
PARAMETRIC_REPRESENTATION_CONTEXT() REPRESENTATION_CONTEXT('2D SPACE',''
  ) );
#9649 = PCURVE('',#9650,#9655);
#9650 = CYLINDRICAL_SURFACE('',#9651,4.75);
#9651 = AXIS2_PLACEMENT_3D('',#9652,#9653,#9654);
#9652 = CARTESIAN_POINT('',(17.994405276015,18.,113.));
#9653 = DIRECTION('',(0.,0.,1.));
#9654 = DIRECTION('',(1.,0.,0.));
#9655 = DEFINITIONAL_REPRESENTATION('',(#9656),#9660);
#9656 = LINE('',#9657,#9658);
#9657 = CARTESIAN_POINT('',(0.,0.));
#9658 = VECTOR('',#9659,1.);
#9659 = DIRECTION('',(1.,0.));
#9660 = ( GEOMETRIC_REPRESENTATION_CONTEXT(2) 
PARAMETRIC_REPRESENTATION_CONTEXT() REPRESENTATION_CONTEXT('2D SPACE',''
  ) );
#9661 = ADVANCED_FACE('',(#9662),#9650,.T.);
#9662 = FACE_BOUND('',#9663,.T.);
#9663 = EDGE_LOOP('',(#9664,#9692,#9713,#9714));
#9664 = ORIENTED_EDGE('',*,*,#9665,.F.);
#9665 = EDGE_CURVE('',#9666,#9666,#9668,.T.);
#9666 = VERTEX_POINT('',#9667);
#9667 = CARTESIAN_POINT('',(22.744405276015,18.,116.));
#9668 = SURFACE_CURVE('',#9669,(#9674,#9681),.PCURVE_S1.);
#9669 = CIRCLE('',#9670,4.75);
#9670 = AXIS2_PLACEMENT_3D('',#9671,#9672,#9673);
#9671 = CARTESIAN_POINT('',(17.994405276015,18.,116.));
#9672 = DIRECTION('',(0.,0.,1.));
#9673 = DIRECTION('',(1.,0.,0.));
#9674 = PCURVE('',#9650,#9675);
#9675 = DEFINITIONAL_REPRESENTATION('',(#9676),#9680);
#9676 = LINE('',#9677,#9678);
#9677 = CARTESIAN_POINT('',(0.,3.));
#9678 = VECTOR('',#9679,1.);
#9679 = DIRECTION('',(1.,0.));
#9680 = ( GEOMETRIC_REPRESENTATION_CONTEXT(2) 
PARAMETRIC_REPRESENTATION_CONTEXT() REPRESENTATION_CONTEXT('2D SPACE',''
  ) );
#9681 = PCURVE('',#9682,#9687);
#9682 = CONICAL_SURFACE('',#9683,4.75,0.785398163397);
#9683 = AXIS2_PLACEMENT_3D('',#9684,#9685,#9686);
#9684 = CARTESIAN_POINT('',(17.994405276015,18.,116.));
#9685 = DIRECTION('',(0.,0.,1.));
#9686 = DIRECTION('',(1.,0.,0.));
#9687 = DEFINITIONAL_REPRESENTATION('',(#9688),#9691);
#9688 = B_SPLINE_CURVE_WITH_KNOTS('',1,(#9689,#9690),.UNSPECIFIED.,.F.,
  .F.,(2,2),(0.,6.28318530718),.PIECEWISE_BEZIER_KNOTS.);
#9689 = CARTESIAN_POINT('',(0.,0.));
#9690 = CARTESIAN_POINT('',(6.28318530718,0.));
#9691 = ( GEOMETRIC_REPRESENTATION_CONTEXT(2) 
PARAMETRIC_REPRESENTATION_CONTEXT() REPRESENTATION_CONTEXT('2D SPACE',''
  ) );
#9692 = ORIENTED_EDGE('',*,*,#9693,.F.);
#9693 = EDGE_CURVE('',#9634,#9666,#9694,.T.);
#9694 = SEAM_CURVE('',#9695,(#9699,#9706),.PCURVE_S1.);
#9695 = LINE('',#9696,#9697);
#9696 = CARTESIAN_POINT('',(22.744405276015,18.,113.));
#9697 = VECTOR('',#9698,1.);
#9698 = DIRECTION('',(0.,0.,1.));
#9699 = PCURVE('',#9650,#9700);
#9700 = DEFINITIONAL_REPRESENTATION('',(#9701),#9705);
#9701 = LINE('',#9702,#9703);
#9702 = CARTESIAN_POINT('',(6.28318530718,-0.));
#9703 = VECTOR('',#9704,1.);
#9704 = DIRECTION('',(0.,1.));
#9705 = ( GEOMETRIC_REPRESENTATION_CONTEXT(2) 
PARAMETRIC_REPRESENTATION_CONTEXT() REPRESENTATION_CONTEXT('2D SPACE',''
  ) );
#9706 = PCURVE('',#9650,#9707);
#9707 = DEFINITIONAL_REPRESENTATION('',(#9708),#9712);
#9708 = LINE('',#9709,#9710);
#9709 = CARTESIAN_POINT('',(0.,-0.));
#9710 = VECTOR('',#9711,1.);
#9711 = DIRECTION('',(0.,1.));
#9712 = ( GEOMETRIC_REPRESENTATION_CONTEXT(2) 
PARAMETRIC_REPRESENTATION_CONTEXT() REPRESENTATION_CONTEXT('2D SPACE',''
  ) );
#9713 = ORIENTED_EDGE('',*,*,#9633,.T.);
#9714 = ORIENTED_EDGE('',*,*,#9693,.T.);
#9715 = ADVANCED_FACE('',(#9716),#9682,.T.);
#9716 = FACE_BOUND('',#9717,.T.);
#9717 = EDGE_LOOP('',(#9718,#9746,#9767,#9768));
#9718 = ORIENTED_EDGE('',*,*,#9719,.F.);
#9719 = EDGE_CURVE('',#9720,#9720,#9722,.T.);
#9720 = VERTEX_POINT('',#9721);
#9721 = CARTESIAN_POINT('',(24.494405276015,18.,117.75));
#9722 = SURFACE_CURVE('',#9723,(#9728,#9735),.PCURVE_S1.);
#9723 = CIRCLE('',#9724,6.5);
#9724 = AXIS2_PLACEMENT_3D('',#9725,#9726,#9727);
#9725 = CARTESIAN_POINT('',(17.994405276015,18.,117.75));
#9726 = DIRECTION('',(0.,0.,1.));
#9727 = DIRECTION('',(1.,0.,0.));
#9728 = PCURVE('',#9682,#9729);
#9729 = DEFINITIONAL_REPRESENTATION('',(#9730),#9734);
#9730 = LINE('',#9731,#9732);
#9731 = CARTESIAN_POINT('',(0.,1.75));
#9732 = VECTOR('',#9733,1.);
#9733 = DIRECTION('',(1.,0.));
#9734 = ( GEOMETRIC_REPRESENTATION_CONTEXT(2) 
PARAMETRIC_REPRESENTATION_CONTEXT() REPRESENTATION_CONTEXT('2D SPACE',''
  ) );
#9735 = PCURVE('',#9736,#9741);
#9736 = CYLINDRICAL_SURFACE('',#9737,6.5);
#9737 = AXIS2_PLACEMENT_3D('',#9738,#9739,#9740);
#9738 = CARTESIAN_POINT('',(17.994405276015,18.,117.75));
#9739 = DIRECTION('',(0.,0.,1.));
#9740 = DIRECTION('',(1.,0.,0.));
#9741 = DEFINITIONAL_REPRESENTATION('',(#9742),#9745);
#9742 = B_SPLINE_CURVE_WITH_KNOTS('',1,(#9743,#9744),.UNSPECIFIED.,.F.,
  .F.,(2,2),(0.,6.28318530718),.PIECEWISE_BEZIER_KNOTS.);
#9743 = CARTESIAN_POINT('',(0.,0.));
#9744 = CARTESIAN_POINT('',(6.28318530718,0.));
#9745 = ( GEOMETRIC_REPRESENTATION_CONTEXT(2) 
PARAMETRIC_REPRESENTATION_CONTEXT() REPRESENTATION_CONTEXT('2D SPACE',''
  ) );
#9746 = ORIENTED_EDGE('',*,*,#9747,.F.);
#9747 = EDGE_CURVE('',#9666,#9720,#9748,.T.);
#9748 = SEAM_CURVE('',#9749,(#9753,#9760),.PCURVE_S1.);
#9749 = LINE('',#9750,#9751);
#9750 = CARTESIAN_POINT('',(22.744405276015,18.,116.));
#9751 = VECTOR('',#9752,1.);
#9752 = DIRECTION('',(0.707106781187,-1.731912112471E-16,0.707106781187)
  );
#9753 = PCURVE('',#9682,#9754);
#9754 = DEFINITIONAL_REPRESENTATION('',(#9755),#9759);
#9755 = LINE('',#9756,#9757);
#9756 = CARTESIAN_POINT('',(6.28318530718,-0.));
#9757 = VECTOR('',#9758,1.);
#9758 = DIRECTION('',(0.,1.));
#9759 = ( GEOMETRIC_REPRESENTATION_CONTEXT(2) 
PARAMETRIC_REPRESENTATION_CONTEXT() REPRESENTATION_CONTEXT('2D SPACE',''
  ) );
#9760 = PCURVE('',#9682,#9761);
#9761 = DEFINITIONAL_REPRESENTATION('',(#9762),#9766);
#9762 = LINE('',#9763,#9764);
#9763 = CARTESIAN_POINT('',(0.,-0.));
#9764 = VECTOR('',#9765,1.);
#9765 = DIRECTION('',(0.,1.));
#9766 = ( GEOMETRIC_REPRESENTATION_CONTEXT(2) 
PARAMETRIC_REPRESENTATION_CONTEXT() REPRESENTATION_CONTEXT('2D SPACE',''
  ) );
#9767 = ORIENTED_EDGE('',*,*,#9665,.T.);
#9768 = ORIENTED_EDGE('',*,*,#9747,.T.);
#9769 = ADVANCED_FACE('',(#9770),#9736,.T.);
#9770 = FACE_BOUND('',#9771,.T.);
#9771 = EDGE_LOOP('',(#9772,#9801,#9822,#9823));
#9772 = ORIENTED_EDGE('',*,*,#9773,.F.);
#9773 = EDGE_CURVE('',#9774,#9774,#9776,.T.);
#9774 = VERTEX_POINT('',#9775);
#9775 = CARTESIAN_POINT('',(24.494405276015,18.,120.));
#9776 = SURFACE_CURVE('',#9777,(#9782,#9789),.PCURVE_S1.);
#9777 = CIRCLE('',#9778,6.5);
#9778 = AXIS2_PLACEMENT_3D('',#9779,#9780,#9781);
#9779 = CARTESIAN_POINT('',(17.994405276015,18.,120.));
#9780 = DIRECTION('',(0.,0.,1.));
#9781 = DIRECTION('',(1.,0.,0.));
#9782 = PCURVE('',#9736,#9783);
#9783 = DEFINITIONAL_REPRESENTATION('',(#9784),#9788);
#9784 = LINE('',#9785,#9786);
#9785 = CARTESIAN_POINT('',(0.,2.25));
#9786 = VECTOR('',#9787,1.);
#9787 = DIRECTION('',(1.,0.));
#9788 = ( GEOMETRIC_REPRESENTATION_CONTEXT(2) 
PARAMETRIC_REPRESENTATION_CONTEXT() REPRESENTATION_CONTEXT('2D SPACE',''
  ) );
#9789 = PCURVE('',#9790,#9795);
#9790 = PLANE('',#9791);
#9791 = AXIS2_PLACEMENT_3D('',#9792,#9793,#9794);
#9792 = CARTESIAN_POINT('',(17.994405276015,18.,120.));
#9793 = DIRECTION('',(0.,0.,1.));
#9794 = DIRECTION('',(1.,0.,0.));
#9795 = DEFINITIONAL_REPRESENTATION('',(#9796),#9800);
#9796 = CIRCLE('',#9797,6.5);
#9797 = AXIS2_PLACEMENT_2D('',#9798,#9799);
#9798 = CARTESIAN_POINT('',(0.,0.));
#9799 = DIRECTION('',(1.,0.));
#9800 = ( GEOMETRIC_REPRESENTATION_CONTEXT(2) 
PARAMETRIC_REPRESENTATION_CONTEXT() REPRESENTATION_CONTEXT('2D SPACE',''
  ) );
#9801 = ORIENTED_EDGE('',*,*,#9802,.F.);
#9802 = EDGE_CURVE('',#9720,#9774,#9803,.T.);
#9803 = SEAM_CURVE('',#9804,(#9808,#9815),.PCURVE_S1.);
#9804 = LINE('',#9805,#9806);
#9805 = CARTESIAN_POINT('',(24.494405276015,18.,117.75));
#9806 = VECTOR('',#9807,1.);
#9807 = DIRECTION('',(0.,0.,1.));
#9808 = PCURVE('',#9736,#9809);
#9809 = DEFINITIONAL_REPRESENTATION('',(#9810),#9814);
#9810 = LINE('',#9811,#9812);
#9811 = CARTESIAN_POINT('',(6.28318530718,-0.));
#9812 = VECTOR('',#9813,1.);
#9813 = DIRECTION('',(0.,1.));
#9814 = ( GEOMETRIC_REPRESENTATION_CONTEXT(2) 
PARAMETRIC_REPRESENTATION_CONTEXT() REPRESENTATION_CONTEXT('2D SPACE',''
  ) );
#9815 = PCURVE('',#9736,#9816);
#9816 = DEFINITIONAL_REPRESENTATION('',(#9817),#9821);
#9817 = LINE('',#9818,#9819);
#9818 = CARTESIAN_POINT('',(0.,-0.));
#9819 = VECTOR('',#9820,1.);
#9820 = DIRECTION('',(0.,1.));
#9821 = ( GEOMETRIC_REPRESENTATION_CONTEXT(2) 
PARAMETRIC_REPRESENTATION_CONTEXT() REPRESENTATION_CONTEXT('2D SPACE',''
  ) );
#9822 = ORIENTED_EDGE('',*,*,#9719,.T.);
#9823 = ORIENTED_EDGE('',*,*,#9802,.T.);
#9824 = ADVANCED_FACE('',(#9825),#9790,.T.);
#9825 = FACE_BOUND('',#9826,.T.);
#9826 = EDGE_LOOP('',(#9827));
#9827 = ORIENTED_EDGE('',*,*,#9773,.T.);
#9828 = ( GEOMETRIC_REPRESENTATION_CONTEXT(3) 
GLOBAL_UNCERTAINTY_ASSIGNED_CONTEXT((#9832)) 
GLOBAL_UNIT_ASSIGNED_CONTEXT((#9829,#9830,#9831)) REPRESENTATION_CONTEXT
('Context #1','3D Context with UNIT and UNCERTAINTY') );
#9829 = ( LENGTH_UNIT() NAMED_UNIT(*) SI_UNIT(.MILLI.,.METRE.) );
#9830 = ( NAMED_UNIT(*) PLANE_ANGLE_UNIT() SI_UNIT($,.RADIAN.) );
#9831 = ( NAMED_UNIT(*) SI_UNIT($,.STERADIAN.) SOLID_ANGLE_UNIT() );
#9832 = UNCERTAINTY_MEASURE_WITH_UNIT(LENGTH_MEASURE(5.E-05),#9829,
  'distance_accuracy_value','confusion accuracy');
#9833 = PRODUCT_RELATED_PRODUCT_CATEGORY('part',$,(#7));
ENDSEC;
END-ISO-10303-21;
