ISO-10303-21;
HEADER;
FILE_DESCRIPTION(('FreeCAD Model'),'2;1');
FILE_NAME('Open CASCADE Shape Model','2026-10-03T19:08:42',('Author'),(
    ''),'Open CASCADE STEP processor 7.8','FreeCAD','Unknown');
FILE_SCHEMA(('AUTOMOTIVE_DESIGN { 1 0 10303 214 1 1 1 1 }'));
ENDSEC;
DATA;
#1 = APPLICATION_PROTOCOL_DEFINITION('international standard',
  'automotive_design',2000,#2);
#2 = APPLICATION_CONTEXT(
  'core data for automotive mechanical design processes');
#3 = SHAPE_DEFINITION_REPRESENTATION(#4,#10);
#4 = PRODUCT_DEFINITION_SHAPE('','',#5);
#5 = PRODUCT_DEFINITION('design','',#6,#9);
#6 = PRODUCT_DEFINITION_FORMATION('','',#7);
#7 = PRODUCT('Dice_25_REFERENCE','Dice_25_REFERENCE','',(#8));
#8 = PRODUCT_CONTEXT('',#2,'mechanical');
#9 = PRODUCT_DEFINITION_CONTEXT('part definition',#2,'design');
#10 = SHAPE_REPRESENTATION('',(#11,#15,#153,#291,#429,#567,#705,#843,
    #981,#1119,#1257,#1395,#1533,#1671,#1809,#1947,#2085,#2223,#2361,
    #2499,#2637,#2775,#2913,#3051,#3189,#3327),#3465);
#11 = AXIS2_PLACEMENT_3D('',#12,#13,#14);
#12 = CARTESIAN_POINT('',(0.,0.,0.));
#13 = DIRECTION('',(0.,0.,1.));
#14 = DIRECTION('',(1.,0.,-0.));
#15 = MANIFOLD_SOLID_BREP('',#16);
#16 = CLOSED_SHELL('',(#17,#53,#89,#109,#129,#141));
#17 = ADVANCED_FACE('',(#18),#48,.F.);
#18 = FACE_BOUND('',#19,.F.);
#19 = EDGE_LOOP('',(#20,#29,#36,#43));
#20 = ORIENTED_EDGE('',*,*,#21,.F.);
#21 = EDGE_CURVE('',#22,#24,#26,.T.);
#22 = VERTEX_POINT('',#23);
#23 = CARTESIAN_POINT('',(-20.1,-20.1,1.4));
#24 = VERTEX_POINT('',#25);
#25 = CARTESIAN_POINT('',(-20.1,-20.1,6.4));
#26 = B_SPLINE_CURVE_WITH_KNOTS('',1,(#27,#28),.UNSPECIFIED.,.F.,.F.,(2,
    2),(0.,5.),.PIECEWISE_BEZIER_KNOTS.);
#27 = CARTESIAN_POINT('',(-20.1,-20.1,1.4));
#28 = CARTESIAN_POINT('',(-20.1,-20.1,6.4));
#29 = ORIENTED_EDGE('',*,*,#30,.T.);
#30 = EDGE_CURVE('',#22,#31,#33,.T.);
#31 = VERTEX_POINT('',#32);
#32 = CARTESIAN_POINT('',(-20.1,-15.1,1.4));
#33 = B_SPLINE_CURVE_WITH_KNOTS('',1,(#34,#35),.UNSPECIFIED.,.F.,.F.,(2,
    2),(0.,5.),.PIECEWISE_BEZIER_KNOTS.);
#34 = CARTESIAN_POINT('',(-20.1,-20.1,1.4));
#35 = CARTESIAN_POINT('',(-20.1,-15.1,1.4));
#36 = ORIENTED_EDGE('',*,*,#37,.T.);
#37 = EDGE_CURVE('',#31,#38,#40,.T.);
#38 = VERTEX_POINT('',#39);
#39 = CARTESIAN_POINT('',(-20.1,-15.1,6.4));
#40 = B_SPLINE_CURVE_WITH_KNOTS('',1,(#41,#42),.UNSPECIFIED.,.F.,.F.,(2,
    2),(0.,5.),.PIECEWISE_BEZIER_KNOTS.);
#41 = CARTESIAN_POINT('',(-20.1,-15.1,1.4));
#42 = CARTESIAN_POINT('',(-20.1,-15.1,6.4));
#43 = ORIENTED_EDGE('',*,*,#44,.F.);
#44 = EDGE_CURVE('',#24,#38,#45,.T.);
#45 = B_SPLINE_CURVE_WITH_KNOTS('',1,(#46,#47),.UNSPECIFIED.,.F.,.F.,(2,
    2),(0.,5.),.PIECEWISE_BEZIER_KNOTS.);
#46 = CARTESIAN_POINT('',(-20.1,-20.1,6.4));
#47 = CARTESIAN_POINT('',(-20.1,-15.1,6.4));
#48 = B_SPLINE_SURFACE_WITH_KNOTS('',1,1,(
    (#49,#50)
    ,(#51,#52)),.UNSPECIFIED.,.F.,.F.,.F.,(2,2),(2,2),(0.,5.),(-5.,0.),
  .PIECEWISE_BEZIER_KNOTS.);
#49 = CARTESIAN_POINT('',(-20.1,-15.1,1.4));
#50 = CARTESIAN_POINT('',(-20.1,-20.1,1.4));
#51 = CARTESIAN_POINT('',(-20.1,-15.1,6.4));
#52 = CARTESIAN_POINT('',(-20.1,-20.1,6.4));
#53 = ADVANCED_FACE('',(#54),#84,.T.);
#54 = FACE_BOUND('',#55,.T.);
#55 = EDGE_LOOP('',(#56,#65,#72,#79));
#56 = ORIENTED_EDGE('',*,*,#57,.F.);
#57 = EDGE_CURVE('',#58,#60,#62,.T.);
#58 = VERTEX_POINT('',#59);
#59 = CARTESIAN_POINT('',(-15.1,-20.1,1.4));
#60 = VERTEX_POINT('',#61);
#61 = CARTESIAN_POINT('',(-15.1,-20.1,6.4));
#62 = B_SPLINE_CURVE_WITH_KNOTS('',1,(#63,#64),.UNSPECIFIED.,.F.,.F.,(2,
    2),(0.,5.),.PIECEWISE_BEZIER_KNOTS.);
#63 = CARTESIAN_POINT('',(-15.1,-20.1,1.4));
#64 = CARTESIAN_POINT('',(-15.1,-20.1,6.4));
#65 = ORIENTED_EDGE('',*,*,#66,.T.);
#66 = EDGE_CURVE('',#58,#67,#69,.T.);
#67 = VERTEX_POINT('',#68);
#68 = CARTESIAN_POINT('',(-15.1,-15.1,1.4));
#69 = B_SPLINE_CURVE_WITH_KNOTS('',1,(#70,#71),.UNSPECIFIED.,.F.,.F.,(2,
    2),(0.,5.),.PIECEWISE_BEZIER_KNOTS.);
#70 = CARTESIAN_POINT('',(-15.1,-20.1,1.4));
#71 = CARTESIAN_POINT('',(-15.1,-15.1,1.4));
#72 = ORIENTED_EDGE('',*,*,#73,.T.);
#73 = EDGE_CURVE('',#67,#74,#76,.T.);
#74 = VERTEX_POINT('',#75);
#75 = CARTESIAN_POINT('',(-15.1,-15.1,6.4));
#76 = B_SPLINE_CURVE_WITH_KNOTS('',1,(#77,#78),.UNSPECIFIED.,.F.,.F.,(2,
    2),(0.,5.),.PIECEWISE_BEZIER_KNOTS.);
#77 = CARTESIAN_POINT('',(-15.1,-15.1,1.4));
#78 = CARTESIAN_POINT('',(-15.1,-15.1,6.4));
#79 = ORIENTED_EDGE('',*,*,#80,.F.);
#80 = EDGE_CURVE('',#60,#74,#81,.T.);
#81 = B_SPLINE_CURVE_WITH_KNOTS('',1,(#82,#83),.UNSPECIFIED.,.F.,.F.,(2,
    2),(0.,5.),.PIECEWISE_BEZIER_KNOTS.);
#82 = CARTESIAN_POINT('',(-15.1,-20.1,6.4));
#83 = CARTESIAN_POINT('',(-15.1,-15.1,6.4));
#84 = B_SPLINE_SURFACE_WITH_KNOTS('',1,1,(
    (#85,#86)
    ,(#87,#88)),.UNSPECIFIED.,.F.,.F.,.F.,(2,2),(2,2),(0.,5.),(-5.,0.),
  .PIECEWISE_BEZIER_KNOTS.);
#85 = CARTESIAN_POINT('',(-15.1,-15.1,1.4));
#86 = CARTESIAN_POINT('',(-15.1,-20.1,1.4));
#87 = CARTESIAN_POINT('',(-15.1,-15.1,6.4));
#88 = CARTESIAN_POINT('',(-15.1,-20.1,6.4));
#89 = ADVANCED_FACE('',(#90),#104,.F.);
#90 = FACE_BOUND('',#91,.F.);
#91 = EDGE_LOOP('',(#92,#97,#98,#103));
#92 = ORIENTED_EDGE('',*,*,#93,.F.);
#93 = EDGE_CURVE('',#22,#58,#94,.T.);
#94 = B_SPLINE_CURVE_WITH_KNOTS('',1,(#95,#96),.UNSPECIFIED.,.F.,.F.,(2,
    2),(0.,5.),.PIECEWISE_BEZIER_KNOTS.);
#95 = CARTESIAN_POINT('',(-20.1,-20.1,1.4));
#96 = CARTESIAN_POINT('',(-15.1,-20.1,1.4));
#97 = ORIENTED_EDGE('',*,*,#21,.T.);
#98 = ORIENTED_EDGE('',*,*,#99,.T.);
#99 = EDGE_CURVE('',#24,#60,#100,.T.);
#100 = B_SPLINE_CURVE_WITH_KNOTS('',1,(#101,#102),.UNSPECIFIED.,.F.,.F.,
  (2,2),(0.,5.),.PIECEWISE_BEZIER_KNOTS.);
#101 = CARTESIAN_POINT('',(-20.1,-20.1,6.4));
#102 = CARTESIAN_POINT('',(-15.1,-20.1,6.4));
#103 = ORIENTED_EDGE('',*,*,#57,.F.);
#104 = B_SPLINE_SURFACE_WITH_KNOTS('',1,1,(
    (#105,#106)
    ,(#107,#108)),.UNSPECIFIED.,.F.,.F.,.F.,(2,2),(2,2),(0.,5.),(0.,5.),
  .PIECEWISE_BEZIER_KNOTS.);
#105 = CARTESIAN_POINT('',(-20.1,-20.1,1.4));
#106 = CARTESIAN_POINT('',(-15.1,-20.1,1.4));
#107 = CARTESIAN_POINT('',(-20.1,-20.1,6.4));
#108 = CARTESIAN_POINT('',(-15.1,-20.1,6.4));
#109 = ADVANCED_FACE('',(#110),#124,.T.);
#110 = FACE_BOUND('',#111,.T.);
#111 = EDGE_LOOP('',(#112,#117,#118,#123));
#112 = ORIENTED_EDGE('',*,*,#113,.F.);
#113 = EDGE_CURVE('',#31,#67,#114,.T.);
#114 = B_SPLINE_CURVE_WITH_KNOTS('',1,(#115,#116),.UNSPECIFIED.,.F.,.F.,
  (2,2),(0.,5.),.PIECEWISE_BEZIER_KNOTS.);
#115 = CARTESIAN_POINT('',(-20.1,-15.1,1.4));
#116 = CARTESIAN_POINT('',(-15.1,-15.1,1.4));
#117 = ORIENTED_EDGE('',*,*,#37,.T.);
#118 = ORIENTED_EDGE('',*,*,#119,.T.);
#119 = EDGE_CURVE('',#38,#74,#120,.T.);
#120 = B_SPLINE_CURVE_WITH_KNOTS('',1,(#121,#122),.UNSPECIFIED.,.F.,.F.,
  (2,2),(0.,5.),.PIECEWISE_BEZIER_KNOTS.);
#121 = CARTESIAN_POINT('',(-20.1,-15.1,6.4));
#122 = CARTESIAN_POINT('',(-15.1,-15.1,6.4));
#123 = ORIENTED_EDGE('',*,*,#73,.F.);
#124 = B_SPLINE_SURFACE_WITH_KNOTS('',1,1,(
    (#125,#126)
    ,(#127,#128)),.UNSPECIFIED.,.F.,.F.,.F.,(2,2),(2,2),(0.,5.),(0.,5.),
  .PIECEWISE_BEZIER_KNOTS.);
#125 = CARTESIAN_POINT('',(-20.1,-15.1,1.4));
#126 = CARTESIAN_POINT('',(-15.1,-15.1,1.4));
#127 = CARTESIAN_POINT('',(-20.1,-15.1,6.4));
#128 = CARTESIAN_POINT('',(-15.1,-15.1,6.4));
#129 = ADVANCED_FACE('',(#130),#136,.F.);
#130 = FACE_BOUND('',#131,.F.);
#131 = EDGE_LOOP('',(#132,#133,#134,#135));
#132 = ORIENTED_EDGE('',*,*,#30,.F.);
#133 = ORIENTED_EDGE('',*,*,#93,.T.);
#134 = ORIENTED_EDGE('',*,*,#66,.T.);
#135 = ORIENTED_EDGE('',*,*,#113,.F.);
#136 = B_SPLINE_SURFACE_WITH_KNOTS('',1,1,(
    (#137,#138)
    ,(#139,#140)),.UNSPECIFIED.,.F.,.F.,.F.,(2,2),(2,2),(0.,5.),(0.,5.),
  .PIECEWISE_BEZIER_KNOTS.);
#137 = CARTESIAN_POINT('',(-20.1,-20.1,1.4));
#138 = CARTESIAN_POINT('',(-20.1,-15.1,1.4));
#139 = CARTESIAN_POINT('',(-15.1,-20.1,1.4));
#140 = CARTESIAN_POINT('',(-15.1,-15.1,1.4));
#141 = ADVANCED_FACE('',(#142),#148,.T.);
#142 = FACE_BOUND('',#143,.T.);
#143 = EDGE_LOOP('',(#144,#145,#146,#147));
#144 = ORIENTED_EDGE('',*,*,#44,.F.);
#145 = ORIENTED_EDGE('',*,*,#99,.T.);
#146 = ORIENTED_EDGE('',*,*,#80,.T.);
#147 = ORIENTED_EDGE('',*,*,#119,.F.);
#148 = B_SPLINE_SURFACE_WITH_KNOTS('',1,1,(
    (#149,#150)
    ,(#151,#152)),.UNSPECIFIED.,.F.,.F.,.F.,(2,2),(2,2),(0.,5.),(0.,5.),
  .PIECEWISE_BEZIER_KNOTS.);
#149 = CARTESIAN_POINT('',(-20.1,-20.1,6.4));
#150 = CARTESIAN_POINT('',(-20.1,-15.1,6.4));
#151 = CARTESIAN_POINT('',(-15.1,-20.1,6.4));
#152 = CARTESIAN_POINT('',(-15.1,-15.1,6.4));
#153 = MANIFOLD_SOLID_BREP('',#154);
#154 = CLOSED_SHELL('',(#155,#191,#227,#247,#267,#279));
#155 = ADVANCED_FACE('',(#156),#186,.F.);
#156 = FACE_BOUND('',#157,.F.);
#157 = EDGE_LOOP('',(#158,#167,#174,#181));
#158 = ORIENTED_EDGE('',*,*,#159,.F.);
#159 = EDGE_CURVE('',#160,#162,#164,.T.);
#160 = VERTEX_POINT('',#161);
#161 = CARTESIAN_POINT('',(-11.3,-20.1,1.4));
#162 = VERTEX_POINT('',#163);
#163 = CARTESIAN_POINT('',(-11.3,-20.1,6.4));
#164 = B_SPLINE_CURVE_WITH_KNOTS('',1,(#165,#166),.UNSPECIFIED.,.F.,.F.,
  (2,2),(0.,5.),.PIECEWISE_BEZIER_KNOTS.);
#165 = CARTESIAN_POINT('',(-11.3,-20.1,1.4));
#166 = CARTESIAN_POINT('',(-11.3,-20.1,6.4));
#167 = ORIENTED_EDGE('',*,*,#168,.T.);
#168 = EDGE_CURVE('',#160,#169,#171,.T.);
#169 = VERTEX_POINT('',#170);
#170 = CARTESIAN_POINT('',(-11.3,-15.1,1.4));
#171 = B_SPLINE_CURVE_WITH_KNOTS('',1,(#172,#173),.UNSPECIFIED.,.F.,.F.,
  (2,2),(0.,5.),.PIECEWISE_BEZIER_KNOTS.);
#172 = CARTESIAN_POINT('',(-11.3,-20.1,1.4));
#173 = CARTESIAN_POINT('',(-11.3,-15.1,1.4));
#174 = ORIENTED_EDGE('',*,*,#175,.T.);
#175 = EDGE_CURVE('',#169,#176,#178,.T.);
#176 = VERTEX_POINT('',#177);
#177 = CARTESIAN_POINT('',(-11.3,-15.1,6.4));
#178 = B_SPLINE_CURVE_WITH_KNOTS('',1,(#179,#180),.UNSPECIFIED.,.F.,.F.,
  (2,2),(0.,5.),.PIECEWISE_BEZIER_KNOTS.);
#179 = CARTESIAN_POINT('',(-11.3,-15.1,1.4));
#180 = CARTESIAN_POINT('',(-11.3,-15.1,6.4));
#181 = ORIENTED_EDGE('',*,*,#182,.F.);
#182 = EDGE_CURVE('',#162,#176,#183,.T.);
#183 = B_SPLINE_CURVE_WITH_KNOTS('',1,(#184,#185),.UNSPECIFIED.,.F.,.F.,
  (2,2),(0.,5.),.PIECEWISE_BEZIER_KNOTS.);
#184 = CARTESIAN_POINT('',(-11.3,-20.1,6.4));
#185 = CARTESIAN_POINT('',(-11.3,-15.1,6.4));
#186 = B_SPLINE_SURFACE_WITH_KNOTS('',1,1,(
    (#187,#188)
    ,(#189,#190
  )),.UNSPECIFIED.,.F.,.F.,.F.,(2,2),(2,2),(0.,5.),(-5.,0.),
  .PIECEWISE_BEZIER_KNOTS.);
#187 = CARTESIAN_POINT('',(-11.3,-15.1,1.4));
#188 = CARTESIAN_POINT('',(-11.3,-20.1,1.4));
#189 = CARTESIAN_POINT('',(-11.3,-15.1,6.4));
#190 = CARTESIAN_POINT('',(-11.3,-20.1,6.4));
#191 = ADVANCED_FACE('',(#192),#222,.T.);
#192 = FACE_BOUND('',#193,.T.);
#193 = EDGE_LOOP('',(#194,#203,#210,#217));
#194 = ORIENTED_EDGE('',*,*,#195,.F.);
#195 = EDGE_CURVE('',#196,#198,#200,.T.);
#196 = VERTEX_POINT('',#197);
#197 = CARTESIAN_POINT('',(-6.3,-20.1,1.4));
#198 = VERTEX_POINT('',#199);
#199 = CARTESIAN_POINT('',(-6.3,-20.1,6.4));
#200 = B_SPLINE_CURVE_WITH_KNOTS('',1,(#201,#202),.UNSPECIFIED.,.F.,.F.,
  (2,2),(0.,5.),.PIECEWISE_BEZIER_KNOTS.);
#201 = CARTESIAN_POINT('',(-6.3,-20.1,1.4));
#202 = CARTESIAN_POINT('',(-6.3,-20.1,6.4));
#203 = ORIENTED_EDGE('',*,*,#204,.T.);
#204 = EDGE_CURVE('',#196,#205,#207,.T.);
#205 = VERTEX_POINT('',#206);
#206 = CARTESIAN_POINT('',(-6.3,-15.1,1.4));
#207 = B_SPLINE_CURVE_WITH_KNOTS('',1,(#208,#209),.UNSPECIFIED.,.F.,.F.,
  (2,2),(0.,5.),.PIECEWISE_BEZIER_KNOTS.);
#208 = CARTESIAN_POINT('',(-6.3,-20.1,1.4));
#209 = CARTESIAN_POINT('',(-6.3,-15.1,1.4));
#210 = ORIENTED_EDGE('',*,*,#211,.T.);
#211 = EDGE_CURVE('',#205,#212,#214,.T.);
#212 = VERTEX_POINT('',#213);
#213 = CARTESIAN_POINT('',(-6.3,-15.1,6.4));
#214 = B_SPLINE_CURVE_WITH_KNOTS('',1,(#215,#216),.UNSPECIFIED.,.F.,.F.,
  (2,2),(0.,5.),.PIECEWISE_BEZIER_KNOTS.);
#215 = CARTESIAN_POINT('',(-6.3,-15.1,1.4));
#216 = CARTESIAN_POINT('',(-6.3,-15.1,6.4));
#217 = ORIENTED_EDGE('',*,*,#218,.F.);
#218 = EDGE_CURVE('',#198,#212,#219,.T.);
#219 = B_SPLINE_CURVE_WITH_KNOTS('',1,(#220,#221),.UNSPECIFIED.,.F.,.F.,
  (2,2),(0.,5.),.PIECEWISE_BEZIER_KNOTS.);
#220 = CARTESIAN_POINT('',(-6.3,-20.1,6.4));
#221 = CARTESIAN_POINT('',(-6.3,-15.1,6.4));
#222 = B_SPLINE_SURFACE_WITH_KNOTS('',1,1,(
    (#223,#224)
    ,(#225,#226
  )),.UNSPECIFIED.,.F.,.F.,.F.,(2,2),(2,2),(0.,5.),(-5.,0.),
  .PIECEWISE_BEZIER_KNOTS.);
#223 = CARTESIAN_POINT('',(-6.3,-15.1,1.4));
#224 = CARTESIAN_POINT('',(-6.3,-20.1,1.4));
#225 = CARTESIAN_POINT('',(-6.3,-15.1,6.4));
#226 = CARTESIAN_POINT('',(-6.3,-20.1,6.4));
#227 = ADVANCED_FACE('',(#228),#242,.F.);
#228 = FACE_BOUND('',#229,.F.);
#229 = EDGE_LOOP('',(#230,#235,#236,#241));
#230 = ORIENTED_EDGE('',*,*,#231,.F.);
#231 = EDGE_CURVE('',#160,#196,#232,.T.);
#232 = B_SPLINE_CURVE_WITH_KNOTS('',1,(#233,#234),.UNSPECIFIED.,.F.,.F.,
  (2,2),(0.,5.),.PIECEWISE_BEZIER_KNOTS.);
#233 = CARTESIAN_POINT('',(-11.3,-20.1,1.4));
#234 = CARTESIAN_POINT('',(-6.3,-20.1,1.4));
#235 = ORIENTED_EDGE('',*,*,#159,.T.);
#236 = ORIENTED_EDGE('',*,*,#237,.T.);
#237 = EDGE_CURVE('',#162,#198,#238,.T.);
#238 = B_SPLINE_CURVE_WITH_KNOTS('',1,(#239,#240),.UNSPECIFIED.,.F.,.F.,
  (2,2),(0.,5.),.PIECEWISE_BEZIER_KNOTS.);
#239 = CARTESIAN_POINT('',(-11.3,-20.1,6.4));
#240 = CARTESIAN_POINT('',(-6.3,-20.1,6.4));
#241 = ORIENTED_EDGE('',*,*,#195,.F.);
#242 = B_SPLINE_SURFACE_WITH_KNOTS('',1,1,(
    (#243,#244)
    ,(#245,#246)),.UNSPECIFIED.,.F.,.F.,.F.,(2,2),(2,2),(0.,5.),(0.,5.),
  .PIECEWISE_BEZIER_KNOTS.);
#243 = CARTESIAN_POINT('',(-11.3,-20.1,1.4));
#244 = CARTESIAN_POINT('',(-6.3,-20.1,1.4));
#245 = CARTESIAN_POINT('',(-11.3,-20.1,6.4));
#246 = CARTESIAN_POINT('',(-6.3,-20.1,6.4));
#247 = ADVANCED_FACE('',(#248),#262,.T.);
#248 = FACE_BOUND('',#249,.T.);
#249 = EDGE_LOOP('',(#250,#255,#256,#261));
#250 = ORIENTED_EDGE('',*,*,#251,.F.);
#251 = EDGE_CURVE('',#169,#205,#252,.T.);
#252 = B_SPLINE_CURVE_WITH_KNOTS('',1,(#253,#254),.UNSPECIFIED.,.F.,.F.,
  (2,2),(0.,5.),.PIECEWISE_BEZIER_KNOTS.);
#253 = CARTESIAN_POINT('',(-11.3,-15.1,1.4));
#254 = CARTESIAN_POINT('',(-6.3,-15.1,1.4));
#255 = ORIENTED_EDGE('',*,*,#175,.T.);
#256 = ORIENTED_EDGE('',*,*,#257,.T.);
#257 = EDGE_CURVE('',#176,#212,#258,.T.);
#258 = B_SPLINE_CURVE_WITH_KNOTS('',1,(#259,#260),.UNSPECIFIED.,.F.,.F.,
  (2,2),(0.,5.),.PIECEWISE_BEZIER_KNOTS.);
#259 = CARTESIAN_POINT('',(-11.3,-15.1,6.4));
#260 = CARTESIAN_POINT('',(-6.3,-15.1,6.4));
#261 = ORIENTED_EDGE('',*,*,#211,.F.);
#262 = B_SPLINE_SURFACE_WITH_KNOTS('',1,1,(
    (#263,#264)
    ,(#265,#266)),.UNSPECIFIED.,.F.,.F.,.F.,(2,2),(2,2),(0.,5.),(0.,5.),
  .PIECEWISE_BEZIER_KNOTS.);
#263 = CARTESIAN_POINT('',(-11.3,-15.1,1.4));
#264 = CARTESIAN_POINT('',(-6.3,-15.1,1.4));
#265 = CARTESIAN_POINT('',(-11.3,-15.1,6.4));
#266 = CARTESIAN_POINT('',(-6.3,-15.1,6.4));
#267 = ADVANCED_FACE('',(#268),#274,.F.);
#268 = FACE_BOUND('',#269,.F.);
#269 = EDGE_LOOP('',(#270,#271,#272,#273));
#270 = ORIENTED_EDGE('',*,*,#168,.F.);
#271 = ORIENTED_EDGE('',*,*,#231,.T.);
#272 = ORIENTED_EDGE('',*,*,#204,.T.);
#273 = ORIENTED_EDGE('',*,*,#251,.F.);
#274 = B_SPLINE_SURFACE_WITH_KNOTS('',1,1,(
    (#275,#276)
    ,(#277,#278)),.UNSPECIFIED.,.F.,.F.,.F.,(2,2),(2,2),(0.,5.),(0.,5.),
  .PIECEWISE_BEZIER_KNOTS.);
#275 = CARTESIAN_POINT('',(-11.3,-20.1,1.4));
#276 = CARTESIAN_POINT('',(-11.3,-15.1,1.4));
#277 = CARTESIAN_POINT('',(-6.3,-20.1,1.4));
#278 = CARTESIAN_POINT('',(-6.3,-15.1,1.4));
#279 = ADVANCED_FACE('',(#280),#286,.T.);
#280 = FACE_BOUND('',#281,.T.);
#281 = EDGE_LOOP('',(#282,#283,#284,#285));
#282 = ORIENTED_EDGE('',*,*,#182,.F.);
#283 = ORIENTED_EDGE('',*,*,#237,.T.);
#284 = ORIENTED_EDGE('',*,*,#218,.T.);
#285 = ORIENTED_EDGE('',*,*,#257,.F.);
#286 = B_SPLINE_SURFACE_WITH_KNOTS('',1,1,(
    (#287,#288)
    ,(#289,#290)),.UNSPECIFIED.,.F.,.F.,.F.,(2,2),(2,2),(0.,5.),(0.,5.),
  .PIECEWISE_BEZIER_KNOTS.);
#287 = CARTESIAN_POINT('',(-11.3,-20.1,6.4));
#288 = CARTESIAN_POINT('',(-11.3,-15.1,6.4));
#289 = CARTESIAN_POINT('',(-6.3,-20.1,6.4));
#290 = CARTESIAN_POINT('',(-6.3,-15.1,6.4));
#291 = MANIFOLD_SOLID_BREP('',#292);
#292 = CLOSED_SHELL('',(#293,#329,#365,#385,#405,#417));
#293 = ADVANCED_FACE('',(#294),#324,.F.);
#294 = FACE_BOUND('',#295,.F.);
#295 = EDGE_LOOP('',(#296,#305,#312,#319));
#296 = ORIENTED_EDGE('',*,*,#297,.F.);
#297 = EDGE_CURVE('',#298,#300,#302,.T.);
#298 = VERTEX_POINT('',#299);
#299 = CARTESIAN_POINT('',(-2.5,-20.1,1.4));
#300 = VERTEX_POINT('',#301);
#301 = CARTESIAN_POINT('',(-2.5,-20.1,6.4));
#302 = B_SPLINE_CURVE_WITH_KNOTS('',1,(#303,#304),.UNSPECIFIED.,.F.,.F.,
  (2,2),(0.,5.),.PIECEWISE_BEZIER_KNOTS.);
#303 = CARTESIAN_POINT('',(-2.5,-20.1,1.4));
#304 = CARTESIAN_POINT('',(-2.5,-20.1,6.4));
#305 = ORIENTED_EDGE('',*,*,#306,.T.);
#306 = EDGE_CURVE('',#298,#307,#309,.T.);
#307 = VERTEX_POINT('',#308);
#308 = CARTESIAN_POINT('',(-2.5,-15.1,1.4));
#309 = B_SPLINE_CURVE_WITH_KNOTS('',1,(#310,#311),.UNSPECIFIED.,.F.,.F.,
  (2,2),(0.,5.),.PIECEWISE_BEZIER_KNOTS.);
#310 = CARTESIAN_POINT('',(-2.5,-20.1,1.4));
#311 = CARTESIAN_POINT('',(-2.5,-15.1,1.4));
#312 = ORIENTED_EDGE('',*,*,#313,.T.);
#313 = EDGE_CURVE('',#307,#314,#316,.T.);
#314 = VERTEX_POINT('',#315);
#315 = CARTESIAN_POINT('',(-2.5,-15.1,6.4));
#316 = B_SPLINE_CURVE_WITH_KNOTS('',1,(#317,#318),.UNSPECIFIED.,.F.,.F.,
  (2,2),(0.,5.),.PIECEWISE_BEZIER_KNOTS.);
#317 = CARTESIAN_POINT('',(-2.5,-15.1,1.4));
#318 = CARTESIAN_POINT('',(-2.5,-15.1,6.4));
#319 = ORIENTED_EDGE('',*,*,#320,.F.);
#320 = EDGE_CURVE('',#300,#314,#321,.T.);
#321 = B_SPLINE_CURVE_WITH_KNOTS('',1,(#322,#323),.UNSPECIFIED.,.F.,.F.,
  (2,2),(0.,5.),.PIECEWISE_BEZIER_KNOTS.);
#322 = CARTESIAN_POINT('',(-2.5,-20.1,6.4));
#323 = CARTESIAN_POINT('',(-2.5,-15.1,6.4));
#324 = B_SPLINE_SURFACE_WITH_KNOTS('',1,1,(
    (#325,#326)
    ,(#327,#328
  )),.UNSPECIFIED.,.F.,.F.,.F.,(2,2),(2,2),(0.,5.),(-5.,0.),
  .PIECEWISE_BEZIER_KNOTS.);
#325 = CARTESIAN_POINT('',(-2.5,-15.1,1.4));
#326 = CARTESIAN_POINT('',(-2.5,-20.1,1.4));
#327 = CARTESIAN_POINT('',(-2.5,-15.1,6.4));
#328 = CARTESIAN_POINT('',(-2.5,-20.1,6.4));
#329 = ADVANCED_FACE('',(#330),#360,.T.);
#330 = FACE_BOUND('',#331,.T.);
#331 = EDGE_LOOP('',(#332,#341,#348,#355));
#332 = ORIENTED_EDGE('',*,*,#333,.F.);
#333 = EDGE_CURVE('',#334,#336,#338,.T.);
#334 = VERTEX_POINT('',#335);
#335 = CARTESIAN_POINT('',(2.5,-20.1,1.4));
#336 = VERTEX_POINT('',#337);
#337 = CARTESIAN_POINT('',(2.5,-20.1,6.4));
#338 = B_SPLINE_CURVE_WITH_KNOTS('',1,(#339,#340),.UNSPECIFIED.,.F.,.F.,
  (2,2),(0.,5.),.PIECEWISE_BEZIER_KNOTS.);
#339 = CARTESIAN_POINT('',(2.5,-20.1,1.4));
#340 = CARTESIAN_POINT('',(2.5,-20.1,6.4));
#341 = ORIENTED_EDGE('',*,*,#342,.T.);
#342 = EDGE_CURVE('',#334,#343,#345,.T.);
#343 = VERTEX_POINT('',#344);
#344 = CARTESIAN_POINT('',(2.5,-15.1,1.4));
#345 = B_SPLINE_CURVE_WITH_KNOTS('',1,(#346,#347),.UNSPECIFIED.,.F.,.F.,
  (2,2),(0.,5.),.PIECEWISE_BEZIER_KNOTS.);
#346 = CARTESIAN_POINT('',(2.5,-20.1,1.4));
#347 = CARTESIAN_POINT('',(2.5,-15.1,1.4));
#348 = ORIENTED_EDGE('',*,*,#349,.T.);
#349 = EDGE_CURVE('',#343,#350,#352,.T.);
#350 = VERTEX_POINT('',#351);
#351 = CARTESIAN_POINT('',(2.5,-15.1,6.4));
#352 = B_SPLINE_CURVE_WITH_KNOTS('',1,(#353,#354),.UNSPECIFIED.,.F.,.F.,
  (2,2),(0.,5.),.PIECEWISE_BEZIER_KNOTS.);
#353 = CARTESIAN_POINT('',(2.5,-15.1,1.4));
#354 = CARTESIAN_POINT('',(2.5,-15.1,6.4));
#355 = ORIENTED_EDGE('',*,*,#356,.F.);
#356 = EDGE_CURVE('',#336,#350,#357,.T.);
#357 = B_SPLINE_CURVE_WITH_KNOTS('',1,(#358,#359),.UNSPECIFIED.,.F.,.F.,
  (2,2),(0.,5.),.PIECEWISE_BEZIER_KNOTS.);
#358 = CARTESIAN_POINT('',(2.5,-20.1,6.4));
#359 = CARTESIAN_POINT('',(2.5,-15.1,6.4));
#360 = B_SPLINE_SURFACE_WITH_KNOTS('',1,1,(
    (#361,#362)
    ,(#363,#364
  )),.UNSPECIFIED.,.F.,.F.,.F.,(2,2),(2,2),(0.,5.),(-5.,0.),
  .PIECEWISE_BEZIER_KNOTS.);
#361 = CARTESIAN_POINT('',(2.5,-15.1,1.4));
#362 = CARTESIAN_POINT('',(2.5,-20.1,1.4));
#363 = CARTESIAN_POINT('',(2.5,-15.1,6.4));
#364 = CARTESIAN_POINT('',(2.5,-20.1,6.4));
#365 = ADVANCED_FACE('',(#366),#380,.F.);
#366 = FACE_BOUND('',#367,.F.);
#367 = EDGE_LOOP('',(#368,#373,#374,#379));
#368 = ORIENTED_EDGE('',*,*,#369,.F.);
#369 = EDGE_CURVE('',#298,#334,#370,.T.);
#370 = B_SPLINE_CURVE_WITH_KNOTS('',1,(#371,#372),.UNSPECIFIED.,.F.,.F.,
  (2,2),(0.,5.),.PIECEWISE_BEZIER_KNOTS.);
#371 = CARTESIAN_POINT('',(-2.5,-20.1,1.4));
#372 = CARTESIAN_POINT('',(2.5,-20.1,1.4));
#373 = ORIENTED_EDGE('',*,*,#297,.T.);
#374 = ORIENTED_EDGE('',*,*,#375,.T.);
#375 = EDGE_CURVE('',#300,#336,#376,.T.);
#376 = B_SPLINE_CURVE_WITH_KNOTS('',1,(#377,#378),.UNSPECIFIED.,.F.,.F.,
  (2,2),(0.,5.),.PIECEWISE_BEZIER_KNOTS.);
#377 = CARTESIAN_POINT('',(-2.5,-20.1,6.4));
#378 = CARTESIAN_POINT('',(2.5,-20.1,6.4));
#379 = ORIENTED_EDGE('',*,*,#333,.F.);
#380 = B_SPLINE_SURFACE_WITH_KNOTS('',1,1,(
    (#381,#382)
    ,(#383,#384)),.UNSPECIFIED.,.F.,.F.,.F.,(2,2),(2,2),(0.,5.),(0.,5.),
  .PIECEWISE_BEZIER_KNOTS.);
#381 = CARTESIAN_POINT('',(-2.5,-20.1,1.4));
#382 = CARTESIAN_POINT('',(2.5,-20.1,1.4));
#383 = CARTESIAN_POINT('',(-2.5,-20.1,6.4));
#384 = CARTESIAN_POINT('',(2.5,-20.1,6.4));
#385 = ADVANCED_FACE('',(#386),#400,.T.);
#386 = FACE_BOUND('',#387,.T.);
#387 = EDGE_LOOP('',(#388,#393,#394,#399));
#388 = ORIENTED_EDGE('',*,*,#389,.F.);
#389 = EDGE_CURVE('',#307,#343,#390,.T.);
#390 = B_SPLINE_CURVE_WITH_KNOTS('',1,(#391,#392),.UNSPECIFIED.,.F.,.F.,
  (2,2),(0.,5.),.PIECEWISE_BEZIER_KNOTS.);
#391 = CARTESIAN_POINT('',(-2.5,-15.1,1.4));
#392 = CARTESIAN_POINT('',(2.5,-15.1,1.4));
#393 = ORIENTED_EDGE('',*,*,#313,.T.);
#394 = ORIENTED_EDGE('',*,*,#395,.T.);
#395 = EDGE_CURVE('',#314,#350,#396,.T.);
#396 = B_SPLINE_CURVE_WITH_KNOTS('',1,(#397,#398),.UNSPECIFIED.,.F.,.F.,
  (2,2),(0.,5.),.PIECEWISE_BEZIER_KNOTS.);
#397 = CARTESIAN_POINT('',(-2.5,-15.1,6.4));
#398 = CARTESIAN_POINT('',(2.5,-15.1,6.4));
#399 = ORIENTED_EDGE('',*,*,#349,.F.);
#400 = B_SPLINE_SURFACE_WITH_KNOTS('',1,1,(
    (#401,#402)
    ,(#403,#404)),.UNSPECIFIED.,.F.,.F.,.F.,(2,2),(2,2),(0.,5.),(0.,5.),
  .PIECEWISE_BEZIER_KNOTS.);
#401 = CARTESIAN_POINT('',(-2.5,-15.1,1.4));
#402 = CARTESIAN_POINT('',(2.5,-15.1,1.4));
#403 = CARTESIAN_POINT('',(-2.5,-15.1,6.4));
#404 = CARTESIAN_POINT('',(2.5,-15.1,6.4));
#405 = ADVANCED_FACE('',(#406),#412,.F.);
#406 = FACE_BOUND('',#407,.F.);
#407 = EDGE_LOOP('',(#408,#409,#410,#411));
#408 = ORIENTED_EDGE('',*,*,#306,.F.);
#409 = ORIENTED_EDGE('',*,*,#369,.T.);
#410 = ORIENTED_EDGE('',*,*,#342,.T.);
#411 = ORIENTED_EDGE('',*,*,#389,.F.);
#412 = B_SPLINE_SURFACE_WITH_KNOTS('',1,1,(
    (#413,#414)
    ,(#415,#416)),.UNSPECIFIED.,.F.,.F.,.F.,(2,2),(2,2),(0.,5.),(0.,5.),
  .PIECEWISE_BEZIER_KNOTS.);
#413 = CARTESIAN_POINT('',(-2.5,-20.1,1.4));
#414 = CARTESIAN_POINT('',(-2.5,-15.1,1.4));
#415 = CARTESIAN_POINT('',(2.5,-20.1,1.4));
#416 = CARTESIAN_POINT('',(2.5,-15.1,1.4));
#417 = ADVANCED_FACE('',(#418),#424,.T.);
#418 = FACE_BOUND('',#419,.T.);
#419 = EDGE_LOOP('',(#420,#421,#422,#423));
#420 = ORIENTED_EDGE('',*,*,#320,.F.);
#421 = ORIENTED_EDGE('',*,*,#375,.T.);
#422 = ORIENTED_EDGE('',*,*,#356,.T.);
#423 = ORIENTED_EDGE('',*,*,#395,.F.);
#424 = B_SPLINE_SURFACE_WITH_KNOTS('',1,1,(
    (#425,#426)
    ,(#427,#428)),.UNSPECIFIED.,.F.,.F.,.F.,(2,2),(2,2),(0.,5.),(0.,5.),
  .PIECEWISE_BEZIER_KNOTS.);
#425 = CARTESIAN_POINT('',(-2.5,-20.1,6.4));
#426 = CARTESIAN_POINT('',(-2.5,-15.1,6.4));
#427 = CARTESIAN_POINT('',(2.5,-20.1,6.4));
#428 = CARTESIAN_POINT('',(2.5,-15.1,6.4));
#429 = MANIFOLD_SOLID_BREP('',#430);
#430 = CLOSED_SHELL('',(#431,#467,#503,#523,#543,#555));
#431 = ADVANCED_FACE('',(#432),#462,.F.);
#432 = FACE_BOUND('',#433,.F.);
#433 = EDGE_LOOP('',(#434,#443,#450,#457));
#434 = ORIENTED_EDGE('',*,*,#435,.F.);
#435 = EDGE_CURVE('',#436,#438,#440,.T.);
#436 = VERTEX_POINT('',#437);
#437 = CARTESIAN_POINT('',(6.3,-20.1,1.4));
#438 = VERTEX_POINT('',#439);
#439 = CARTESIAN_POINT('',(6.3,-20.1,6.4));
#440 = B_SPLINE_CURVE_WITH_KNOTS('',1,(#441,#442),.UNSPECIFIED.,.F.,.F.,
  (2,2),(0.,5.),.PIECEWISE_BEZIER_KNOTS.);
#441 = CARTESIAN_POINT('',(6.3,-20.1,1.4));
#442 = CARTESIAN_POINT('',(6.3,-20.1,6.4));
#443 = ORIENTED_EDGE('',*,*,#444,.T.);
#444 = EDGE_CURVE('',#436,#445,#447,.T.);
#445 = VERTEX_POINT('',#446);
#446 = CARTESIAN_POINT('',(6.3,-15.1,1.4));
#447 = B_SPLINE_CURVE_WITH_KNOTS('',1,(#448,#449),.UNSPECIFIED.,.F.,.F.,
  (2,2),(0.,5.),.PIECEWISE_BEZIER_KNOTS.);
#448 = CARTESIAN_POINT('',(6.3,-20.1,1.4));
#449 = CARTESIAN_POINT('',(6.3,-15.1,1.4));
#450 = ORIENTED_EDGE('',*,*,#451,.T.);
#451 = EDGE_CURVE('',#445,#452,#454,.T.);
#452 = VERTEX_POINT('',#453);
#453 = CARTESIAN_POINT('',(6.3,-15.1,6.4));
#454 = B_SPLINE_CURVE_WITH_KNOTS('',1,(#455,#456),.UNSPECIFIED.,.F.,.F.,
  (2,2),(0.,5.),.PIECEWISE_BEZIER_KNOTS.);
#455 = CARTESIAN_POINT('',(6.3,-15.1,1.4));
#456 = CARTESIAN_POINT('',(6.3,-15.1,6.4));
#457 = ORIENTED_EDGE('',*,*,#458,.F.);
#458 = EDGE_CURVE('',#438,#452,#459,.T.);
#459 = B_SPLINE_CURVE_WITH_KNOTS('',1,(#460,#461),.UNSPECIFIED.,.F.,.F.,
  (2,2),(0.,5.),.PIECEWISE_BEZIER_KNOTS.);
#460 = CARTESIAN_POINT('',(6.3,-20.1,6.4));
#461 = CARTESIAN_POINT('',(6.3,-15.1,6.4));
#462 = B_SPLINE_SURFACE_WITH_KNOTS('',1,1,(
    (#463,#464)
    ,(#465,#466
  )),.UNSPECIFIED.,.F.,.F.,.F.,(2,2),(2,2),(0.,5.),(-5.,0.),
  .PIECEWISE_BEZIER_KNOTS.);
#463 = CARTESIAN_POINT('',(6.3,-15.1,1.4));
#464 = CARTESIAN_POINT('',(6.3,-20.1,1.4));
#465 = CARTESIAN_POINT('',(6.3,-15.1,6.4));
#466 = CARTESIAN_POINT('',(6.3,-20.1,6.4));
#467 = ADVANCED_FACE('',(#468),#498,.T.);
#468 = FACE_BOUND('',#469,.T.);
#469 = EDGE_LOOP('',(#470,#479,#486,#493));
#470 = ORIENTED_EDGE('',*,*,#471,.F.);
#471 = EDGE_CURVE('',#472,#474,#476,.T.);
#472 = VERTEX_POINT('',#473);
#473 = CARTESIAN_POINT('',(11.3,-20.1,1.4));
#474 = VERTEX_POINT('',#475);
#475 = CARTESIAN_POINT('',(11.3,-20.1,6.4));
#476 = B_SPLINE_CURVE_WITH_KNOTS('',1,(#477,#478),.UNSPECIFIED.,.F.,.F.,
  (2,2),(0.,5.),.PIECEWISE_BEZIER_KNOTS.);
#477 = CARTESIAN_POINT('',(11.3,-20.1,1.4));
#478 = CARTESIAN_POINT('',(11.3,-20.1,6.4));
#479 = ORIENTED_EDGE('',*,*,#480,.T.);
#480 = EDGE_CURVE('',#472,#481,#483,.T.);
#481 = VERTEX_POINT('',#482);
#482 = CARTESIAN_POINT('',(11.3,-15.1,1.4));
#483 = B_SPLINE_CURVE_WITH_KNOTS('',1,(#484,#485),.UNSPECIFIED.,.F.,.F.,
  (2,2),(0.,5.),.PIECEWISE_BEZIER_KNOTS.);
#484 = CARTESIAN_POINT('',(11.3,-20.1,1.4));
#485 = CARTESIAN_POINT('',(11.3,-15.1,1.4));
#486 = ORIENTED_EDGE('',*,*,#487,.T.);
#487 = EDGE_CURVE('',#481,#488,#490,.T.);
#488 = VERTEX_POINT('',#489);
#489 = CARTESIAN_POINT('',(11.3,-15.1,6.4));
#490 = B_SPLINE_CURVE_WITH_KNOTS('',1,(#491,#492),.UNSPECIFIED.,.F.,.F.,
  (2,2),(0.,5.),.PIECEWISE_BEZIER_KNOTS.);
#491 = CARTESIAN_POINT('',(11.3,-15.1,1.4));
#492 = CARTESIAN_POINT('',(11.3,-15.1,6.4));
#493 = ORIENTED_EDGE('',*,*,#494,.F.);
#494 = EDGE_CURVE('',#474,#488,#495,.T.);
#495 = B_SPLINE_CURVE_WITH_KNOTS('',1,(#496,#497),.UNSPECIFIED.,.F.,.F.,
  (2,2),(0.,5.),.PIECEWISE_BEZIER_KNOTS.);
#496 = CARTESIAN_POINT('',(11.3,-20.1,6.4));
#497 = CARTESIAN_POINT('',(11.3,-15.1,6.4));
#498 = B_SPLINE_SURFACE_WITH_KNOTS('',1,1,(
    (#499,#500)
    ,(#501,#502
  )),.UNSPECIFIED.,.F.,.F.,.F.,(2,2),(2,2),(0.,5.),(-5.,0.),
  .PIECEWISE_BEZIER_KNOTS.);
#499 = CARTESIAN_POINT('',(11.3,-15.1,1.4));
#500 = CARTESIAN_POINT('',(11.3,-20.1,1.4));
#501 = CARTESIAN_POINT('',(11.3,-15.1,6.4));
#502 = CARTESIAN_POINT('',(11.3,-20.1,6.4));
#503 = ADVANCED_FACE('',(#504),#518,.F.);
#504 = FACE_BOUND('',#505,.F.);
#505 = EDGE_LOOP('',(#506,#511,#512,#517));
#506 = ORIENTED_EDGE('',*,*,#507,.F.);
#507 = EDGE_CURVE('',#436,#472,#508,.T.);
#508 = B_SPLINE_CURVE_WITH_KNOTS('',1,(#509,#510),.UNSPECIFIED.,.F.,.F.,
  (2,2),(0.,5.),.PIECEWISE_BEZIER_KNOTS.);
#509 = CARTESIAN_POINT('',(6.3,-20.1,1.4));
#510 = CARTESIAN_POINT('',(11.3,-20.1,1.4));
#511 = ORIENTED_EDGE('',*,*,#435,.T.);
#512 = ORIENTED_EDGE('',*,*,#513,.T.);
#513 = EDGE_CURVE('',#438,#474,#514,.T.);
#514 = B_SPLINE_CURVE_WITH_KNOTS('',1,(#515,#516),.UNSPECIFIED.,.F.,.F.,
  (2,2),(0.,5.),.PIECEWISE_BEZIER_KNOTS.);
#515 = CARTESIAN_POINT('',(6.3,-20.1,6.4));
#516 = CARTESIAN_POINT('',(11.3,-20.1,6.4));
#517 = ORIENTED_EDGE('',*,*,#471,.F.);
#518 = B_SPLINE_SURFACE_WITH_KNOTS('',1,1,(
    (#519,#520)
    ,(#521,#522)),.UNSPECIFIED.,.F.,.F.,.F.,(2,2),(2,2),(0.,5.),(0.,5.),
  .PIECEWISE_BEZIER_KNOTS.);
#519 = CARTESIAN_POINT('',(6.3,-20.1,1.4));
#520 = CARTESIAN_POINT('',(11.3,-20.1,1.4));
#521 = CARTESIAN_POINT('',(6.3,-20.1,6.4));
#522 = CARTESIAN_POINT('',(11.3,-20.1,6.4));
#523 = ADVANCED_FACE('',(#524),#538,.T.);
#524 = FACE_BOUND('',#525,.T.);
#525 = EDGE_LOOP('',(#526,#531,#532,#537));
#526 = ORIENTED_EDGE('',*,*,#527,.F.);
#527 = EDGE_CURVE('',#445,#481,#528,.T.);
#528 = B_SPLINE_CURVE_WITH_KNOTS('',1,(#529,#530),.UNSPECIFIED.,.F.,.F.,
  (2,2),(0.,5.),.PIECEWISE_BEZIER_KNOTS.);
#529 = CARTESIAN_POINT('',(6.3,-15.1,1.4));
#530 = CARTESIAN_POINT('',(11.3,-15.1,1.4));
#531 = ORIENTED_EDGE('',*,*,#451,.T.);
#532 = ORIENTED_EDGE('',*,*,#533,.T.);
#533 = EDGE_CURVE('',#452,#488,#534,.T.);
#534 = B_SPLINE_CURVE_WITH_KNOTS('',1,(#535,#536),.UNSPECIFIED.,.F.,.F.,
  (2,2),(0.,5.),.PIECEWISE_BEZIER_KNOTS.);
#535 = CARTESIAN_POINT('',(6.3,-15.1,6.4));
#536 = CARTESIAN_POINT('',(11.3,-15.1,6.4));
#537 = ORIENTED_EDGE('',*,*,#487,.F.);
#538 = B_SPLINE_SURFACE_WITH_KNOTS('',1,1,(
    (#539,#540)
    ,(#541,#542)),.UNSPECIFIED.,.F.,.F.,.F.,(2,2),(2,2),(0.,5.),(0.,5.),
  .PIECEWISE_BEZIER_KNOTS.);
#539 = CARTESIAN_POINT('',(6.3,-15.1,1.4));
#540 = CARTESIAN_POINT('',(11.3,-15.1,1.4));
#541 = CARTESIAN_POINT('',(6.3,-15.1,6.4));
#542 = CARTESIAN_POINT('',(11.3,-15.1,6.4));
#543 = ADVANCED_FACE('',(#544),#550,.F.);
#544 = FACE_BOUND('',#545,.F.);
#545 = EDGE_LOOP('',(#546,#547,#548,#549));
#546 = ORIENTED_EDGE('',*,*,#444,.F.);
#547 = ORIENTED_EDGE('',*,*,#507,.T.);
#548 = ORIENTED_EDGE('',*,*,#480,.T.);
#549 = ORIENTED_EDGE('',*,*,#527,.F.);
#550 = B_SPLINE_SURFACE_WITH_KNOTS('',1,1,(
    (#551,#552)
    ,(#553,#554)),.UNSPECIFIED.,.F.,.F.,.F.,(2,2),(2,2),(0.,5.),(0.,5.),
  .PIECEWISE_BEZIER_KNOTS.);
#551 = CARTESIAN_POINT('',(6.3,-20.1,1.4));
#552 = CARTESIAN_POINT('',(6.3,-15.1,1.4));
#553 = CARTESIAN_POINT('',(11.3,-20.1,1.4));
#554 = CARTESIAN_POINT('',(11.3,-15.1,1.4));
#555 = ADVANCED_FACE('',(#556),#562,.T.);
#556 = FACE_BOUND('',#557,.T.);
#557 = EDGE_LOOP('',(#558,#559,#560,#561));
#558 = ORIENTED_EDGE('',*,*,#458,.F.);
#559 = ORIENTED_EDGE('',*,*,#513,.T.);
#560 = ORIENTED_EDGE('',*,*,#494,.T.);
#561 = ORIENTED_EDGE('',*,*,#533,.F.);
#562 = B_SPLINE_SURFACE_WITH_KNOTS('',1,1,(
    (#563,#564)
    ,(#565,#566)),.UNSPECIFIED.,.F.,.F.,.F.,(2,2),(2,2),(0.,5.),(0.,5.),
  .PIECEWISE_BEZIER_KNOTS.);
#563 = CARTESIAN_POINT('',(6.3,-20.1,6.4));
#564 = CARTESIAN_POINT('',(6.3,-15.1,6.4));
#565 = CARTESIAN_POINT('',(11.3,-20.1,6.4));
#566 = CARTESIAN_POINT('',(11.3,-15.1,6.4));
#567 = MANIFOLD_SOLID_BREP('',#568);
#568 = CLOSED_SHELL('',(#569,#605,#641,#661,#681,#693));
#569 = ADVANCED_FACE('',(#570),#600,.F.);
#570 = FACE_BOUND('',#571,.F.);
#571 = EDGE_LOOP('',(#572,#581,#588,#595));
#572 = ORIENTED_EDGE('',*,*,#573,.F.);
#573 = EDGE_CURVE('',#574,#576,#578,.T.);
#574 = VERTEX_POINT('',#575);
#575 = CARTESIAN_POINT('',(15.1,-20.1,1.4));
#576 = VERTEX_POINT('',#577);
#577 = CARTESIAN_POINT('',(15.1,-20.1,6.4));
#578 = B_SPLINE_CURVE_WITH_KNOTS('',1,(#579,#580),.UNSPECIFIED.,.F.,.F.,
  (2,2),(0.,5.),.PIECEWISE_BEZIER_KNOTS.);
#579 = CARTESIAN_POINT('',(15.1,-20.1,1.4));
#580 = CARTESIAN_POINT('',(15.1,-20.1,6.4));
#581 = ORIENTED_EDGE('',*,*,#582,.T.);
#582 = EDGE_CURVE('',#574,#583,#585,.T.);
#583 = VERTEX_POINT('',#584);
#584 = CARTESIAN_POINT('',(15.1,-15.1,1.4));
#585 = B_SPLINE_CURVE_WITH_KNOTS('',1,(#586,#587),.UNSPECIFIED.,.F.,.F.,
  (2,2),(0.,5.),.PIECEWISE_BEZIER_KNOTS.);
#586 = CARTESIAN_POINT('',(15.1,-20.1,1.4));
#587 = CARTESIAN_POINT('',(15.1,-15.1,1.4));
#588 = ORIENTED_EDGE('',*,*,#589,.T.);
#589 = EDGE_CURVE('',#583,#590,#592,.T.);
#590 = VERTEX_POINT('',#591);
#591 = CARTESIAN_POINT('',(15.1,-15.1,6.4));
#592 = B_SPLINE_CURVE_WITH_KNOTS('',1,(#593,#594),.UNSPECIFIED.,.F.,.F.,
  (2,2),(0.,5.),.PIECEWISE_BEZIER_KNOTS.);
#593 = CARTESIAN_POINT('',(15.1,-15.1,1.4));
#594 = CARTESIAN_POINT('',(15.1,-15.1,6.4));
#595 = ORIENTED_EDGE('',*,*,#596,.F.);
#596 = EDGE_CURVE('',#576,#590,#597,.T.);
#597 = B_SPLINE_CURVE_WITH_KNOTS('',1,(#598,#599),.UNSPECIFIED.,.F.,.F.,
  (2,2),(0.,5.),.PIECEWISE_BEZIER_KNOTS.);
#598 = CARTESIAN_POINT('',(15.1,-20.1,6.4));
#599 = CARTESIAN_POINT('',(15.1,-15.1,6.4));
#600 = B_SPLINE_SURFACE_WITH_KNOTS('',1,1,(
    (#601,#602)
    ,(#603,#604
  )),.UNSPECIFIED.,.F.,.F.,.F.,(2,2),(2,2),(0.,5.),(-5.,0.),
  .PIECEWISE_BEZIER_KNOTS.);
#601 = CARTESIAN_POINT('',(15.1,-15.1,1.4));
#602 = CARTESIAN_POINT('',(15.1,-20.1,1.4));
#603 = CARTESIAN_POINT('',(15.1,-15.1,6.4));
#604 = CARTESIAN_POINT('',(15.1,-20.1,6.4));
#605 = ADVANCED_FACE('',(#606),#636,.T.);
#606 = FACE_BOUND('',#607,.T.);
#607 = EDGE_LOOP('',(#608,#617,#624,#631));
#608 = ORIENTED_EDGE('',*,*,#609,.F.);
#609 = EDGE_CURVE('',#610,#612,#614,.T.);
#610 = VERTEX_POINT('',#611);
#611 = CARTESIAN_POINT('',(20.1,-20.1,1.4));
#612 = VERTEX_POINT('',#613);
#613 = CARTESIAN_POINT('',(20.1,-20.1,6.4));
#614 = B_SPLINE_CURVE_WITH_KNOTS('',1,(#615,#616),.UNSPECIFIED.,.F.,.F.,
  (2,2),(0.,5.),.PIECEWISE_BEZIER_KNOTS.);
#615 = CARTESIAN_POINT('',(20.1,-20.1,1.4));
#616 = CARTESIAN_POINT('',(20.1,-20.1,6.4));
#617 = ORIENTED_EDGE('',*,*,#618,.T.);
#618 = EDGE_CURVE('',#610,#619,#621,.T.);
#619 = VERTEX_POINT('',#620);
#620 = CARTESIAN_POINT('',(20.1,-15.1,1.4));
#621 = B_SPLINE_CURVE_WITH_KNOTS('',1,(#622,#623),.UNSPECIFIED.,.F.,.F.,
  (2,2),(0.,5.),.PIECEWISE_BEZIER_KNOTS.);
#622 = CARTESIAN_POINT('',(20.1,-20.1,1.4));
#623 = CARTESIAN_POINT('',(20.1,-15.1,1.4));
#624 = ORIENTED_EDGE('',*,*,#625,.T.);
#625 = EDGE_CURVE('',#619,#626,#628,.T.);
#626 = VERTEX_POINT('',#627);
#627 = CARTESIAN_POINT('',(20.1,-15.1,6.4));
#628 = B_SPLINE_CURVE_WITH_KNOTS('',1,(#629,#630),.UNSPECIFIED.,.F.,.F.,
  (2,2),(0.,5.),.PIECEWISE_BEZIER_KNOTS.);
#629 = CARTESIAN_POINT('',(20.1,-15.1,1.4));
#630 = CARTESIAN_POINT('',(20.1,-15.1,6.4));
#631 = ORIENTED_EDGE('',*,*,#632,.F.);
#632 = EDGE_CURVE('',#612,#626,#633,.T.);
#633 = B_SPLINE_CURVE_WITH_KNOTS('',1,(#634,#635),.UNSPECIFIED.,.F.,.F.,
  (2,2),(0.,5.),.PIECEWISE_BEZIER_KNOTS.);
#634 = CARTESIAN_POINT('',(20.1,-20.1,6.4));
#635 = CARTESIAN_POINT('',(20.1,-15.1,6.4));
#636 = B_SPLINE_SURFACE_WITH_KNOTS('',1,1,(
    (#637,#638)
    ,(#639,#640
  )),.UNSPECIFIED.,.F.,.F.,.F.,(2,2),(2,2),(0.,5.),(-5.,0.),
  .PIECEWISE_BEZIER_KNOTS.);
#637 = CARTESIAN_POINT('',(20.1,-15.1,1.4));
#638 = CARTESIAN_POINT('',(20.1,-20.1,1.4));
#639 = CARTESIAN_POINT('',(20.1,-15.1,6.4));
#640 = CARTESIAN_POINT('',(20.1,-20.1,6.4));
#641 = ADVANCED_FACE('',(#642),#656,.F.);
#642 = FACE_BOUND('',#643,.F.);
#643 = EDGE_LOOP('',(#644,#649,#650,#655));
#644 = ORIENTED_EDGE('',*,*,#645,.F.);
#645 = EDGE_CURVE('',#574,#610,#646,.T.);
#646 = B_SPLINE_CURVE_WITH_KNOTS('',1,(#647,#648),.UNSPECIFIED.,.F.,.F.,
  (2,2),(0.,5.),.PIECEWISE_BEZIER_KNOTS.);
#647 = CARTESIAN_POINT('',(15.1,-20.1,1.4));
#648 = CARTESIAN_POINT('',(20.1,-20.1,1.4));
#649 = ORIENTED_EDGE('',*,*,#573,.T.);
#650 = ORIENTED_EDGE('',*,*,#651,.T.);
#651 = EDGE_CURVE('',#576,#612,#652,.T.);
#652 = B_SPLINE_CURVE_WITH_KNOTS('',1,(#653,#654),.UNSPECIFIED.,.F.,.F.,
  (2,2),(0.,5.),.PIECEWISE_BEZIER_KNOTS.);
#653 = CARTESIAN_POINT('',(15.1,-20.1,6.4));
#654 = CARTESIAN_POINT('',(20.1,-20.1,6.4));
#655 = ORIENTED_EDGE('',*,*,#609,.F.);
#656 = B_SPLINE_SURFACE_WITH_KNOTS('',1,1,(
    (#657,#658)
    ,(#659,#660)),.UNSPECIFIED.,.F.,.F.,.F.,(2,2),(2,2),(0.,5.),(0.,5.),
  .PIECEWISE_BEZIER_KNOTS.);
#657 = CARTESIAN_POINT('',(15.1,-20.1,1.4));
#658 = CARTESIAN_POINT('',(20.1,-20.1,1.4));
#659 = CARTESIAN_POINT('',(15.1,-20.1,6.4));
#660 = CARTESIAN_POINT('',(20.1,-20.1,6.4));
#661 = ADVANCED_FACE('',(#662),#676,.T.);
#662 = FACE_BOUND('',#663,.T.);
#663 = EDGE_LOOP('',(#664,#669,#670,#675));
#664 = ORIENTED_EDGE('',*,*,#665,.F.);
#665 = EDGE_CURVE('',#583,#619,#666,.T.);
#666 = B_SPLINE_CURVE_WITH_KNOTS('',1,(#667,#668),.UNSPECIFIED.,.F.,.F.,
  (2,2),(0.,5.),.PIECEWISE_BEZIER_KNOTS.);
#667 = CARTESIAN_POINT('',(15.1,-15.1,1.4));
#668 = CARTESIAN_POINT('',(20.1,-15.1,1.4));
#669 = ORIENTED_EDGE('',*,*,#589,.T.);
#670 = ORIENTED_EDGE('',*,*,#671,.T.);
#671 = EDGE_CURVE('',#590,#626,#672,.T.);
#672 = B_SPLINE_CURVE_WITH_KNOTS('',1,(#673,#674),.UNSPECIFIED.,.F.,.F.,
  (2,2),(0.,5.),.PIECEWISE_BEZIER_KNOTS.);
#673 = CARTESIAN_POINT('',(15.1,-15.1,6.4));
#674 = CARTESIAN_POINT('',(20.1,-15.1,6.4));
#675 = ORIENTED_EDGE('',*,*,#625,.F.);
#676 = B_SPLINE_SURFACE_WITH_KNOTS('',1,1,(
    (#677,#678)
    ,(#679,#680)),.UNSPECIFIED.,.F.,.F.,.F.,(2,2),(2,2),(0.,5.),(0.,5.),
  .PIECEWISE_BEZIER_KNOTS.);
#677 = CARTESIAN_POINT('',(15.1,-15.1,1.4));
#678 = CARTESIAN_POINT('',(20.1,-15.1,1.4));
#679 = CARTESIAN_POINT('',(15.1,-15.1,6.4));
#680 = CARTESIAN_POINT('',(20.1,-15.1,6.4));
#681 = ADVANCED_FACE('',(#682),#688,.F.);
#682 = FACE_BOUND('',#683,.F.);
#683 = EDGE_LOOP('',(#684,#685,#686,#687));
#684 = ORIENTED_EDGE('',*,*,#582,.F.);
#685 = ORIENTED_EDGE('',*,*,#645,.T.);
#686 = ORIENTED_EDGE('',*,*,#618,.T.);
#687 = ORIENTED_EDGE('',*,*,#665,.F.);
#688 = B_SPLINE_SURFACE_WITH_KNOTS('',1,1,(
    (#689,#690)
    ,(#691,#692)),.UNSPECIFIED.,.F.,.F.,.F.,(2,2),(2,2),(0.,5.),(0.,5.),
  .PIECEWISE_BEZIER_KNOTS.);
#689 = CARTESIAN_POINT('',(15.1,-20.1,1.4));
#690 = CARTESIAN_POINT('',(15.1,-15.1,1.4));
#691 = CARTESIAN_POINT('',(20.1,-20.1,1.4));
#692 = CARTESIAN_POINT('',(20.1,-15.1,1.4));
#693 = ADVANCED_FACE('',(#694),#700,.T.);
#694 = FACE_BOUND('',#695,.T.);
#695 = EDGE_LOOP('',(#696,#697,#698,#699));
#696 = ORIENTED_EDGE('',*,*,#596,.F.);
#697 = ORIENTED_EDGE('',*,*,#651,.T.);
#698 = ORIENTED_EDGE('',*,*,#632,.T.);
#699 = ORIENTED_EDGE('',*,*,#671,.F.);
#700 = B_SPLINE_SURFACE_WITH_KNOTS('',1,1,(
    (#701,#702)
    ,(#703,#704)),.UNSPECIFIED.,.F.,.F.,.F.,(2,2),(2,2),(0.,5.),(0.,5.),
  .PIECEWISE_BEZIER_KNOTS.);
#701 = CARTESIAN_POINT('',(15.1,-20.1,6.4));
#702 = CARTESIAN_POINT('',(15.1,-15.1,6.4));
#703 = CARTESIAN_POINT('',(20.1,-20.1,6.4));
#704 = CARTESIAN_POINT('',(20.1,-15.1,6.4));
#705 = MANIFOLD_SOLID_BREP('',#706);
#706 = CLOSED_SHELL('',(#707,#743,#779,#799,#819,#831));
#707 = ADVANCED_FACE('',(#708),#738,.F.);
#708 = FACE_BOUND('',#709,.F.);
#709 = EDGE_LOOP('',(#710,#719,#726,#733));
#710 = ORIENTED_EDGE('',*,*,#711,.F.);
#711 = EDGE_CURVE('',#712,#714,#716,.T.);
#712 = VERTEX_POINT('',#713);
#713 = CARTESIAN_POINT('',(-20.1,-11.3,1.4));
#714 = VERTEX_POINT('',#715);
#715 = CARTESIAN_POINT('',(-20.1,-11.3,6.4));
#716 = B_SPLINE_CURVE_WITH_KNOTS('',1,(#717,#718),.UNSPECIFIED.,.F.,.F.,
  (2,2),(0.,5.),.PIECEWISE_BEZIER_KNOTS.);
#717 = CARTESIAN_POINT('',(-20.1,-11.3,1.4));
#718 = CARTESIAN_POINT('',(-20.1,-11.3,6.4));
#719 = ORIENTED_EDGE('',*,*,#720,.T.);
#720 = EDGE_CURVE('',#712,#721,#723,.T.);
#721 = VERTEX_POINT('',#722);
#722 = CARTESIAN_POINT('',(-20.1,-6.3,1.4));
#723 = B_SPLINE_CURVE_WITH_KNOTS('',1,(#724,#725),.UNSPECIFIED.,.F.,.F.,
  (2,2),(0.,5.),.PIECEWISE_BEZIER_KNOTS.);
#724 = CARTESIAN_POINT('',(-20.1,-11.3,1.4));
#725 = CARTESIAN_POINT('',(-20.1,-6.3,1.4));
#726 = ORIENTED_EDGE('',*,*,#727,.T.);
#727 = EDGE_CURVE('',#721,#728,#730,.T.);
#728 = VERTEX_POINT('',#729);
#729 = CARTESIAN_POINT('',(-20.1,-6.3,6.4));
#730 = B_SPLINE_CURVE_WITH_KNOTS('',1,(#731,#732),.UNSPECIFIED.,.F.,.F.,
  (2,2),(0.,5.),.PIECEWISE_BEZIER_KNOTS.);
#731 = CARTESIAN_POINT('',(-20.1,-6.3,1.4));
#732 = CARTESIAN_POINT('',(-20.1,-6.3,6.4));
#733 = ORIENTED_EDGE('',*,*,#734,.F.);
#734 = EDGE_CURVE('',#714,#728,#735,.T.);
#735 = B_SPLINE_CURVE_WITH_KNOTS('',1,(#736,#737),.UNSPECIFIED.,.F.,.F.,
  (2,2),(0.,5.),.PIECEWISE_BEZIER_KNOTS.);
#736 = CARTESIAN_POINT('',(-20.1,-11.3,6.4));
#737 = CARTESIAN_POINT('',(-20.1,-6.3,6.4));
#738 = B_SPLINE_SURFACE_WITH_KNOTS('',1,1,(
    (#739,#740)
    ,(#741,#742
  )),.UNSPECIFIED.,.F.,.F.,.F.,(2,2),(2,2),(0.,5.),(-5.,0.),
  .PIECEWISE_BEZIER_KNOTS.);
#739 = CARTESIAN_POINT('',(-20.1,-6.3,1.4));
#740 = CARTESIAN_POINT('',(-20.1,-11.3,1.4));
#741 = CARTESIAN_POINT('',(-20.1,-6.3,6.4));
#742 = CARTESIAN_POINT('',(-20.1,-11.3,6.4));
#743 = ADVANCED_FACE('',(#744),#774,.T.);
#744 = FACE_BOUND('',#745,.T.);
#745 = EDGE_LOOP('',(#746,#755,#762,#769));
#746 = ORIENTED_EDGE('',*,*,#747,.F.);
#747 = EDGE_CURVE('',#748,#750,#752,.T.);
#748 = VERTEX_POINT('',#749);
#749 = CARTESIAN_POINT('',(-15.1,-11.3,1.4));
#750 = VERTEX_POINT('',#751);
#751 = CARTESIAN_POINT('',(-15.1,-11.3,6.4));
#752 = B_SPLINE_CURVE_WITH_KNOTS('',1,(#753,#754),.UNSPECIFIED.,.F.,.F.,
  (2,2),(0.,5.),.PIECEWISE_BEZIER_KNOTS.);
#753 = CARTESIAN_POINT('',(-15.1,-11.3,1.4));
#754 = CARTESIAN_POINT('',(-15.1,-11.3,6.4));
#755 = ORIENTED_EDGE('',*,*,#756,.T.);
#756 = EDGE_CURVE('',#748,#757,#759,.T.);
#757 = VERTEX_POINT('',#758);
#758 = CARTESIAN_POINT('',(-15.1,-6.3,1.4));
#759 = B_SPLINE_CURVE_WITH_KNOTS('',1,(#760,#761),.UNSPECIFIED.,.F.,.F.,
  (2,2),(0.,5.),.PIECEWISE_BEZIER_KNOTS.);
#760 = CARTESIAN_POINT('',(-15.1,-11.3,1.4));
#761 = CARTESIAN_POINT('',(-15.1,-6.3,1.4));
#762 = ORIENTED_EDGE('',*,*,#763,.T.);
#763 = EDGE_CURVE('',#757,#764,#766,.T.);
#764 = VERTEX_POINT('',#765);
#765 = CARTESIAN_POINT('',(-15.1,-6.3,6.4));
#766 = B_SPLINE_CURVE_WITH_KNOTS('',1,(#767,#768),.UNSPECIFIED.,.F.,.F.,
  (2,2),(0.,5.),.PIECEWISE_BEZIER_KNOTS.);
#767 = CARTESIAN_POINT('',(-15.1,-6.3,1.4));
#768 = CARTESIAN_POINT('',(-15.1,-6.3,6.4));
#769 = ORIENTED_EDGE('',*,*,#770,.F.);
#770 = EDGE_CURVE('',#750,#764,#771,.T.);
#771 = B_SPLINE_CURVE_WITH_KNOTS('',1,(#772,#773),.UNSPECIFIED.,.F.,.F.,
  (2,2),(0.,5.),.PIECEWISE_BEZIER_KNOTS.);
#772 = CARTESIAN_POINT('',(-15.1,-11.3,6.4));
#773 = CARTESIAN_POINT('',(-15.1,-6.3,6.4));
#774 = B_SPLINE_SURFACE_WITH_KNOTS('',1,1,(
    (#775,#776)
    ,(#777,#778
  )),.UNSPECIFIED.,.F.,.F.,.F.,(2,2),(2,2),(0.,5.),(-5.,0.),
  .PIECEWISE_BEZIER_KNOTS.);
#775 = CARTESIAN_POINT('',(-15.1,-6.3,1.4));
#776 = CARTESIAN_POINT('',(-15.1,-11.3,1.4));
#777 = CARTESIAN_POINT('',(-15.1,-6.3,6.4));
#778 = CARTESIAN_POINT('',(-15.1,-11.3,6.4));
#779 = ADVANCED_FACE('',(#780),#794,.F.);
#780 = FACE_BOUND('',#781,.F.);
#781 = EDGE_LOOP('',(#782,#787,#788,#793));
#782 = ORIENTED_EDGE('',*,*,#783,.F.);
#783 = EDGE_CURVE('',#712,#748,#784,.T.);
#784 = B_SPLINE_CURVE_WITH_KNOTS('',1,(#785,#786),.UNSPECIFIED.,.F.,.F.,
  (2,2),(0.,5.),.PIECEWISE_BEZIER_KNOTS.);
#785 = CARTESIAN_POINT('',(-20.1,-11.3,1.4));
#786 = CARTESIAN_POINT('',(-15.1,-11.3,1.4));
#787 = ORIENTED_EDGE('',*,*,#711,.T.);
#788 = ORIENTED_EDGE('',*,*,#789,.T.);
#789 = EDGE_CURVE('',#714,#750,#790,.T.);
#790 = B_SPLINE_CURVE_WITH_KNOTS('',1,(#791,#792),.UNSPECIFIED.,.F.,.F.,
  (2,2),(0.,5.),.PIECEWISE_BEZIER_KNOTS.);
#791 = CARTESIAN_POINT('',(-20.1,-11.3,6.4));
#792 = CARTESIAN_POINT('',(-15.1,-11.3,6.4));
#793 = ORIENTED_EDGE('',*,*,#747,.F.);
#794 = B_SPLINE_SURFACE_WITH_KNOTS('',1,1,(
    (#795,#796)
    ,(#797,#798)),.UNSPECIFIED.,.F.,.F.,.F.,(2,2),(2,2),(0.,5.),(0.,5.),
  .PIECEWISE_BEZIER_KNOTS.);
#795 = CARTESIAN_POINT('',(-20.1,-11.3,1.4));
#796 = CARTESIAN_POINT('',(-15.1,-11.3,1.4));
#797 = CARTESIAN_POINT('',(-20.1,-11.3,6.4));
#798 = CARTESIAN_POINT('',(-15.1,-11.3,6.4));
#799 = ADVANCED_FACE('',(#800),#814,.T.);
#800 = FACE_BOUND('',#801,.T.);
#801 = EDGE_LOOP('',(#802,#807,#808,#813));
#802 = ORIENTED_EDGE('',*,*,#803,.F.);
#803 = EDGE_CURVE('',#721,#757,#804,.T.);
#804 = B_SPLINE_CURVE_WITH_KNOTS('',1,(#805,#806),.UNSPECIFIED.,.F.,.F.,
  (2,2),(0.,5.),.PIECEWISE_BEZIER_KNOTS.);
#805 = CARTESIAN_POINT('',(-20.1,-6.3,1.4));
#806 = CARTESIAN_POINT('',(-15.1,-6.3,1.4));
#807 = ORIENTED_EDGE('',*,*,#727,.T.);
#808 = ORIENTED_EDGE('',*,*,#809,.T.);
#809 = EDGE_CURVE('',#728,#764,#810,.T.);
#810 = B_SPLINE_CURVE_WITH_KNOTS('',1,(#811,#812),.UNSPECIFIED.,.F.,.F.,
  (2,2),(0.,5.),.PIECEWISE_BEZIER_KNOTS.);
#811 = CARTESIAN_POINT('',(-20.1,-6.3,6.4));
#812 = CARTESIAN_POINT('',(-15.1,-6.3,6.4));
#813 = ORIENTED_EDGE('',*,*,#763,.F.);
#814 = B_SPLINE_SURFACE_WITH_KNOTS('',1,1,(
    (#815,#816)
    ,(#817,#818)),.UNSPECIFIED.,.F.,.F.,.F.,(2,2),(2,2),(0.,5.),(0.,5.),
  .PIECEWISE_BEZIER_KNOTS.);
#815 = CARTESIAN_POINT('',(-20.1,-6.3,1.4));
#816 = CARTESIAN_POINT('',(-15.1,-6.3,1.4));
#817 = CARTESIAN_POINT('',(-20.1,-6.3,6.4));
#818 = CARTESIAN_POINT('',(-15.1,-6.3,6.4));
#819 = ADVANCED_FACE('',(#820),#826,.F.);
#820 = FACE_BOUND('',#821,.F.);
#821 = EDGE_LOOP('',(#822,#823,#824,#825));
#822 = ORIENTED_EDGE('',*,*,#720,.F.);
#823 = ORIENTED_EDGE('',*,*,#783,.T.);
#824 = ORIENTED_EDGE('',*,*,#756,.T.);
#825 = ORIENTED_EDGE('',*,*,#803,.F.);
#826 = B_SPLINE_SURFACE_WITH_KNOTS('',1,1,(
    (#827,#828)
    ,(#829,#830)),.UNSPECIFIED.,.F.,.F.,.F.,(2,2),(2,2),(0.,5.),(0.,5.),
  .PIECEWISE_BEZIER_KNOTS.);
#827 = CARTESIAN_POINT('',(-20.1,-11.3,1.4));
#828 = CARTESIAN_POINT('',(-20.1,-6.3,1.4));
#829 = CARTESIAN_POINT('',(-15.1,-11.3,1.4));
#830 = CARTESIAN_POINT('',(-15.1,-6.3,1.4));
#831 = ADVANCED_FACE('',(#832),#838,.T.);
#832 = FACE_BOUND('',#833,.T.);
#833 = EDGE_LOOP('',(#834,#835,#836,#837));
#834 = ORIENTED_EDGE('',*,*,#734,.F.);
#835 = ORIENTED_EDGE('',*,*,#789,.T.);
#836 = ORIENTED_EDGE('',*,*,#770,.T.);
#837 = ORIENTED_EDGE('',*,*,#809,.F.);
#838 = B_SPLINE_SURFACE_WITH_KNOTS('',1,1,(
    (#839,#840)
    ,(#841,#842)),.UNSPECIFIED.,.F.,.F.,.F.,(2,2),(2,2),(0.,5.),(0.,5.),
  .PIECEWISE_BEZIER_KNOTS.);
#839 = CARTESIAN_POINT('',(-20.1,-11.3,6.4));
#840 = CARTESIAN_POINT('',(-20.1,-6.3,6.4));
#841 = CARTESIAN_POINT('',(-15.1,-11.3,6.4));
#842 = CARTESIAN_POINT('',(-15.1,-6.3,6.4));
#843 = MANIFOLD_SOLID_BREP('',#844);
#844 = CLOSED_SHELL('',(#845,#881,#917,#937,#957,#969));
#845 = ADVANCED_FACE('',(#846),#876,.F.);
#846 = FACE_BOUND('',#847,.F.);
#847 = EDGE_LOOP('',(#848,#857,#864,#871));
#848 = ORIENTED_EDGE('',*,*,#849,.F.);
#849 = EDGE_CURVE('',#850,#852,#854,.T.);
#850 = VERTEX_POINT('',#851);
#851 = CARTESIAN_POINT('',(-11.3,-11.3,1.4));
#852 = VERTEX_POINT('',#853);
#853 = CARTESIAN_POINT('',(-11.3,-11.3,6.4));
#854 = B_SPLINE_CURVE_WITH_KNOTS('',1,(#855,#856),.UNSPECIFIED.,.F.,.F.,
  (2,2),(0.,5.),.PIECEWISE_BEZIER_KNOTS.);
#855 = CARTESIAN_POINT('',(-11.3,-11.3,1.4));
#856 = CARTESIAN_POINT('',(-11.3,-11.3,6.4));
#857 = ORIENTED_EDGE('',*,*,#858,.T.);
#858 = EDGE_CURVE('',#850,#859,#861,.T.);
#859 = VERTEX_POINT('',#860);
#860 = CARTESIAN_POINT('',(-11.3,-6.3,1.4));
#861 = B_SPLINE_CURVE_WITH_KNOTS('',1,(#862,#863),.UNSPECIFIED.,.F.,.F.,
  (2,2),(0.,5.),.PIECEWISE_BEZIER_KNOTS.);
#862 = CARTESIAN_POINT('',(-11.3,-11.3,1.4));
#863 = CARTESIAN_POINT('',(-11.3,-6.3,1.4));
#864 = ORIENTED_EDGE('',*,*,#865,.T.);
#865 = EDGE_CURVE('',#859,#866,#868,.T.);
#866 = VERTEX_POINT('',#867);
#867 = CARTESIAN_POINT('',(-11.3,-6.3,6.4));
#868 = B_SPLINE_CURVE_WITH_KNOTS('',1,(#869,#870),.UNSPECIFIED.,.F.,.F.,
  (2,2),(0.,5.),.PIECEWISE_BEZIER_KNOTS.);
#869 = CARTESIAN_POINT('',(-11.3,-6.3,1.4));
#870 = CARTESIAN_POINT('',(-11.3,-6.3,6.4));
#871 = ORIENTED_EDGE('',*,*,#872,.F.);
#872 = EDGE_CURVE('',#852,#866,#873,.T.);
#873 = B_SPLINE_CURVE_WITH_KNOTS('',1,(#874,#875),.UNSPECIFIED.,.F.,.F.,
  (2,2),(0.,5.),.PIECEWISE_BEZIER_KNOTS.);
#874 = CARTESIAN_POINT('',(-11.3,-11.3,6.4));
#875 = CARTESIAN_POINT('',(-11.3,-6.3,6.4));
#876 = B_SPLINE_SURFACE_WITH_KNOTS('',1,1,(
    (#877,#878)
    ,(#879,#880
  )),.UNSPECIFIED.,.F.,.F.,.F.,(2,2),(2,2),(0.,5.),(-5.,0.),
  .PIECEWISE_BEZIER_KNOTS.);
#877 = CARTESIAN_POINT('',(-11.3,-6.3,1.4));
#878 = CARTESIAN_POINT('',(-11.3,-11.3,1.4));
#879 = CARTESIAN_POINT('',(-11.3,-6.3,6.4));
#880 = CARTESIAN_POINT('',(-11.3,-11.3,6.4));
#881 = ADVANCED_FACE('',(#882),#912,.T.);
#882 = FACE_BOUND('',#883,.T.);
#883 = EDGE_LOOP('',(#884,#893,#900,#907));
#884 = ORIENTED_EDGE('',*,*,#885,.F.);
#885 = EDGE_CURVE('',#886,#888,#890,.T.);
#886 = VERTEX_POINT('',#887);
#887 = CARTESIAN_POINT('',(-6.3,-11.3,1.4));
#888 = VERTEX_POINT('',#889);
#889 = CARTESIAN_POINT('',(-6.3,-11.3,6.4));
#890 = B_SPLINE_CURVE_WITH_KNOTS('',1,(#891,#892),.UNSPECIFIED.,.F.,.F.,
  (2,2),(0.,5.),.PIECEWISE_BEZIER_KNOTS.);
#891 = CARTESIAN_POINT('',(-6.3,-11.3,1.4));
#892 = CARTESIAN_POINT('',(-6.3,-11.3,6.4));
#893 = ORIENTED_EDGE('',*,*,#894,.T.);
#894 = EDGE_CURVE('',#886,#895,#897,.T.);
#895 = VERTEX_POINT('',#896);
#896 = CARTESIAN_POINT('',(-6.3,-6.3,1.4));
#897 = B_SPLINE_CURVE_WITH_KNOTS('',1,(#898,#899),.UNSPECIFIED.,.F.,.F.,
  (2,2),(0.,5.),.PIECEWISE_BEZIER_KNOTS.);
#898 = CARTESIAN_POINT('',(-6.3,-11.3,1.4));
#899 = CARTESIAN_POINT('',(-6.3,-6.3,1.4));
#900 = ORIENTED_EDGE('',*,*,#901,.T.);
#901 = EDGE_CURVE('',#895,#902,#904,.T.);
#902 = VERTEX_POINT('',#903);
#903 = CARTESIAN_POINT('',(-6.3,-6.3,6.4));
#904 = B_SPLINE_CURVE_WITH_KNOTS('',1,(#905,#906),.UNSPECIFIED.,.F.,.F.,
  (2,2),(0.,5.),.PIECEWISE_BEZIER_KNOTS.);
#905 = CARTESIAN_POINT('',(-6.3,-6.3,1.4));
#906 = CARTESIAN_POINT('',(-6.3,-6.3,6.4));
#907 = ORIENTED_EDGE('',*,*,#908,.F.);
#908 = EDGE_CURVE('',#888,#902,#909,.T.);
#909 = B_SPLINE_CURVE_WITH_KNOTS('',1,(#910,#911),.UNSPECIFIED.,.F.,.F.,
  (2,2),(0.,5.),.PIECEWISE_BEZIER_KNOTS.);
#910 = CARTESIAN_POINT('',(-6.3,-11.3,6.4));
#911 = CARTESIAN_POINT('',(-6.3,-6.3,6.4));
#912 = B_SPLINE_SURFACE_WITH_KNOTS('',1,1,(
    (#913,#914)
    ,(#915,#916
  )),.UNSPECIFIED.,.F.,.F.,.F.,(2,2),(2,2),(0.,5.),(-5.,0.),
  .PIECEWISE_BEZIER_KNOTS.);
#913 = CARTESIAN_POINT('',(-6.3,-6.3,1.4));
#914 = CARTESIAN_POINT('',(-6.3,-11.3,1.4));
#915 = CARTESIAN_POINT('',(-6.3,-6.3,6.4));
#916 = CARTESIAN_POINT('',(-6.3,-11.3,6.4));
#917 = ADVANCED_FACE('',(#918),#932,.F.);
#918 = FACE_BOUND('',#919,.F.);
#919 = EDGE_LOOP('',(#920,#925,#926,#931));
#920 = ORIENTED_EDGE('',*,*,#921,.F.);
#921 = EDGE_CURVE('',#850,#886,#922,.T.);
#922 = B_SPLINE_CURVE_WITH_KNOTS('',1,(#923,#924),.UNSPECIFIED.,.F.,.F.,
  (2,2),(0.,5.),.PIECEWISE_BEZIER_KNOTS.);
#923 = CARTESIAN_POINT('',(-11.3,-11.3,1.4));
#924 = CARTESIAN_POINT('',(-6.3,-11.3,1.4));
#925 = ORIENTED_EDGE('',*,*,#849,.T.);
#926 = ORIENTED_EDGE('',*,*,#927,.T.);
#927 = EDGE_CURVE('',#852,#888,#928,.T.);
#928 = B_SPLINE_CURVE_WITH_KNOTS('',1,(#929,#930),.UNSPECIFIED.,.F.,.F.,
  (2,2),(0.,5.),.PIECEWISE_BEZIER_KNOTS.);
#929 = CARTESIAN_POINT('',(-11.3,-11.3,6.4));
#930 = CARTESIAN_POINT('',(-6.3,-11.3,6.4));
#931 = ORIENTED_EDGE('',*,*,#885,.F.);
#932 = B_SPLINE_SURFACE_WITH_KNOTS('',1,1,(
    (#933,#934)
    ,(#935,#936)),.UNSPECIFIED.,.F.,.F.,.F.,(2,2),(2,2),(0.,5.),(0.,5.),
  .PIECEWISE_BEZIER_KNOTS.);
#933 = CARTESIAN_POINT('',(-11.3,-11.3,1.4));
#934 = CARTESIAN_POINT('',(-6.3,-11.3,1.4));
#935 = CARTESIAN_POINT('',(-11.3,-11.3,6.4));
#936 = CARTESIAN_POINT('',(-6.3,-11.3,6.4));
#937 = ADVANCED_FACE('',(#938),#952,.T.);
#938 = FACE_BOUND('',#939,.T.);
#939 = EDGE_LOOP('',(#940,#945,#946,#951));
#940 = ORIENTED_EDGE('',*,*,#941,.F.);
#941 = EDGE_CURVE('',#859,#895,#942,.T.);
#942 = B_SPLINE_CURVE_WITH_KNOTS('',1,(#943,#944),.UNSPECIFIED.,.F.,.F.,
  (2,2),(0.,5.),.PIECEWISE_BEZIER_KNOTS.);
#943 = CARTESIAN_POINT('',(-11.3,-6.3,1.4));
#944 = CARTESIAN_POINT('',(-6.3,-6.3,1.4));
#945 = ORIENTED_EDGE('',*,*,#865,.T.);
#946 = ORIENTED_EDGE('',*,*,#947,.T.);
#947 = EDGE_CURVE('',#866,#902,#948,.T.);
#948 = B_SPLINE_CURVE_WITH_KNOTS('',1,(#949,#950),.UNSPECIFIED.,.F.,.F.,
  (2,2),(0.,5.),.PIECEWISE_BEZIER_KNOTS.);
#949 = CARTESIAN_POINT('',(-11.3,-6.3,6.4));
#950 = CARTESIAN_POINT('',(-6.3,-6.3,6.4));
#951 = ORIENTED_EDGE('',*,*,#901,.F.);
#952 = B_SPLINE_SURFACE_WITH_KNOTS('',1,1,(
    (#953,#954)
    ,(#955,#956)),.UNSPECIFIED.,.F.,.F.,.F.,(2,2),(2,2),(0.,5.),(0.,5.),
  .PIECEWISE_BEZIER_KNOTS.);
#953 = CARTESIAN_POINT('',(-11.3,-6.3,1.4));
#954 = CARTESIAN_POINT('',(-6.3,-6.3,1.4));
#955 = CARTESIAN_POINT('',(-11.3,-6.3,6.4));
#956 = CARTESIAN_POINT('',(-6.3,-6.3,6.4));
#957 = ADVANCED_FACE('',(#958),#964,.F.);
#958 = FACE_BOUND('',#959,.F.);
#959 = EDGE_LOOP('',(#960,#961,#962,#963));
#960 = ORIENTED_EDGE('',*,*,#858,.F.);
#961 = ORIENTED_EDGE('',*,*,#921,.T.);
#962 = ORIENTED_EDGE('',*,*,#894,.T.);
#963 = ORIENTED_EDGE('',*,*,#941,.F.);
#964 = B_SPLINE_SURFACE_WITH_KNOTS('',1,1,(
    (#965,#966)
    ,(#967,#968)),.UNSPECIFIED.,.F.,.F.,.F.,(2,2),(2,2),(0.,5.),(0.,5.),
  .PIECEWISE_BEZIER_KNOTS.);
#965 = CARTESIAN_POINT('',(-11.3,-11.3,1.4));
#966 = CARTESIAN_POINT('',(-11.3,-6.3,1.4));
#967 = CARTESIAN_POINT('',(-6.3,-11.3,1.4));
#968 = CARTESIAN_POINT('',(-6.3,-6.3,1.4));
#969 = ADVANCED_FACE('',(#970),#976,.T.);
#970 = FACE_BOUND('',#971,.T.);
#971 = EDGE_LOOP('',(#972,#973,#974,#975));
#972 = ORIENTED_EDGE('',*,*,#872,.F.);
#973 = ORIENTED_EDGE('',*,*,#927,.T.);
#974 = ORIENTED_EDGE('',*,*,#908,.T.);
#975 = ORIENTED_EDGE('',*,*,#947,.F.);
#976 = B_SPLINE_SURFACE_WITH_KNOTS('',1,1,(
    (#977,#978)
    ,(#979,#980)),.UNSPECIFIED.,.F.,.F.,.F.,(2,2),(2,2),(0.,5.),(0.,5.),
  .PIECEWISE_BEZIER_KNOTS.);
#977 = CARTESIAN_POINT('',(-11.3,-11.3,6.4));
#978 = CARTESIAN_POINT('',(-11.3,-6.3,6.4));
#979 = CARTESIAN_POINT('',(-6.3,-11.3,6.4));
#980 = CARTESIAN_POINT('',(-6.3,-6.3,6.4));
#981 = MANIFOLD_SOLID_BREP('',#982);
#982 = CLOSED_SHELL('',(#983,#1019,#1055,#1075,#1095,#1107));
#983 = ADVANCED_FACE('',(#984),#1014,.F.);
#984 = FACE_BOUND('',#985,.F.);
#985 = EDGE_LOOP('',(#986,#995,#1002,#1009));
#986 = ORIENTED_EDGE('',*,*,#987,.F.);
#987 = EDGE_CURVE('',#988,#990,#992,.T.);
#988 = VERTEX_POINT('',#989);
#989 = CARTESIAN_POINT('',(-2.5,-11.3,1.4));
#990 = VERTEX_POINT('',#991);
#991 = CARTESIAN_POINT('',(-2.5,-11.3,6.4));
#992 = B_SPLINE_CURVE_WITH_KNOTS('',1,(#993,#994),.UNSPECIFIED.,.F.,.F.,
  (2,2),(0.,5.),.PIECEWISE_BEZIER_KNOTS.);
#993 = CARTESIAN_POINT('',(-2.5,-11.3,1.4));
#994 = CARTESIAN_POINT('',(-2.5,-11.3,6.4));
#995 = ORIENTED_EDGE('',*,*,#996,.T.);
#996 = EDGE_CURVE('',#988,#997,#999,.T.);
#997 = VERTEX_POINT('',#998);
#998 = CARTESIAN_POINT('',(-2.5,-6.3,1.4));
#999 = B_SPLINE_CURVE_WITH_KNOTS('',1,(#1000,#1001),.UNSPECIFIED.,.F.,
  .F.,(2,2),(0.,5.),.PIECEWISE_BEZIER_KNOTS.);
#1000 = CARTESIAN_POINT('',(-2.5,-11.3,1.4));
#1001 = CARTESIAN_POINT('',(-2.5,-6.3,1.4));
#1002 = ORIENTED_EDGE('',*,*,#1003,.T.);
#1003 = EDGE_CURVE('',#997,#1004,#1006,.T.);
#1004 = VERTEX_POINT('',#1005);
#1005 = CARTESIAN_POINT('',(-2.5,-6.3,6.4));
#1006 = B_SPLINE_CURVE_WITH_KNOTS('',1,(#1007,#1008),.UNSPECIFIED.,.F.,
  .F.,(2,2),(0.,5.),.PIECEWISE_BEZIER_KNOTS.);
#1007 = CARTESIAN_POINT('',(-2.5,-6.3,1.4));
#1008 = CARTESIAN_POINT('',(-2.5,-6.3,6.4));
#1009 = ORIENTED_EDGE('',*,*,#1010,.F.);
#1010 = EDGE_CURVE('',#990,#1004,#1011,.T.);
#1011 = B_SPLINE_CURVE_WITH_KNOTS('',1,(#1012,#1013),.UNSPECIFIED.,.F.,
  .F.,(2,2),(0.,5.),.PIECEWISE_BEZIER_KNOTS.);
#1012 = CARTESIAN_POINT('',(-2.5,-11.3,6.4));
#1013 = CARTESIAN_POINT('',(-2.5,-6.3,6.4));
#1014 = B_SPLINE_SURFACE_WITH_KNOTS('',1,1,(
    (#1015,#1016)
    ,(#1017,#1018
    )),.UNSPECIFIED.,.F.,.F.,.F.,(2,2),(2,2),(0.,5.),(-5.,0.),
  .PIECEWISE_BEZIER_KNOTS.);
#1015 = CARTESIAN_POINT('',(-2.5,-6.3,1.4));
#1016 = CARTESIAN_POINT('',(-2.5,-11.3,1.4));
#1017 = CARTESIAN_POINT('',(-2.5,-6.3,6.4));
#1018 = CARTESIAN_POINT('',(-2.5,-11.3,6.4));
#1019 = ADVANCED_FACE('',(#1020),#1050,.T.);
#1020 = FACE_BOUND('',#1021,.T.);
#1021 = EDGE_LOOP('',(#1022,#1031,#1038,#1045));
#1022 = ORIENTED_EDGE('',*,*,#1023,.F.);
#1023 = EDGE_CURVE('',#1024,#1026,#1028,.T.);
#1024 = VERTEX_POINT('',#1025);
#1025 = CARTESIAN_POINT('',(2.5,-11.3,1.4));
#1026 = VERTEX_POINT('',#1027);
#1027 = CARTESIAN_POINT('',(2.5,-11.3,6.4));
#1028 = B_SPLINE_CURVE_WITH_KNOTS('',1,(#1029,#1030),.UNSPECIFIED.,.F.,
  .F.,(2,2),(0.,5.),.PIECEWISE_BEZIER_KNOTS.);
#1029 = CARTESIAN_POINT('',(2.5,-11.3,1.4));
#1030 = CARTESIAN_POINT('',(2.5,-11.3,6.4));
#1031 = ORIENTED_EDGE('',*,*,#1032,.T.);
#1032 = EDGE_CURVE('',#1024,#1033,#1035,.T.);
#1033 = VERTEX_POINT('',#1034);
#1034 = CARTESIAN_POINT('',(2.5,-6.3,1.4));
#1035 = B_SPLINE_CURVE_WITH_KNOTS('',1,(#1036,#1037),.UNSPECIFIED.,.F.,
  .F.,(2,2),(0.,5.),.PIECEWISE_BEZIER_KNOTS.);
#1036 = CARTESIAN_POINT('',(2.5,-11.3,1.4));
#1037 = CARTESIAN_POINT('',(2.5,-6.3,1.4));
#1038 = ORIENTED_EDGE('',*,*,#1039,.T.);
#1039 = EDGE_CURVE('',#1033,#1040,#1042,.T.);
#1040 = VERTEX_POINT('',#1041);
#1041 = CARTESIAN_POINT('',(2.5,-6.3,6.4));
#1042 = B_SPLINE_CURVE_WITH_KNOTS('',1,(#1043,#1044),.UNSPECIFIED.,.F.,
  .F.,(2,2),(0.,5.),.PIECEWISE_BEZIER_KNOTS.);
#1043 = CARTESIAN_POINT('',(2.5,-6.3,1.4));
#1044 = CARTESIAN_POINT('',(2.5,-6.3,6.4));
#1045 = ORIENTED_EDGE('',*,*,#1046,.F.);
#1046 = EDGE_CURVE('',#1026,#1040,#1047,.T.);
#1047 = B_SPLINE_CURVE_WITH_KNOTS('',1,(#1048,#1049),.UNSPECIFIED.,.F.,
  .F.,(2,2),(0.,5.),.PIECEWISE_BEZIER_KNOTS.);
#1048 = CARTESIAN_POINT('',(2.5,-11.3,6.4));
#1049 = CARTESIAN_POINT('',(2.5,-6.3,6.4));
#1050 = B_SPLINE_SURFACE_WITH_KNOTS('',1,1,(
    (#1051,#1052)
    ,(#1053,#1054
    )),.UNSPECIFIED.,.F.,.F.,.F.,(2,2),(2,2),(0.,5.),(-5.,0.),
  .PIECEWISE_BEZIER_KNOTS.);
#1051 = CARTESIAN_POINT('',(2.5,-6.3,1.4));
#1052 = CARTESIAN_POINT('',(2.5,-11.3,1.4));
#1053 = CARTESIAN_POINT('',(2.5,-6.3,6.4));
#1054 = CARTESIAN_POINT('',(2.5,-11.3,6.4));
#1055 = ADVANCED_FACE('',(#1056),#1070,.F.);
#1056 = FACE_BOUND('',#1057,.F.);
#1057 = EDGE_LOOP('',(#1058,#1063,#1064,#1069));
#1058 = ORIENTED_EDGE('',*,*,#1059,.F.);
#1059 = EDGE_CURVE('',#988,#1024,#1060,.T.);
#1060 = B_SPLINE_CURVE_WITH_KNOTS('',1,(#1061,#1062),.UNSPECIFIED.,.F.,
  .F.,(2,2),(0.,5.),.PIECEWISE_BEZIER_KNOTS.);
#1061 = CARTESIAN_POINT('',(-2.5,-11.3,1.4));
#1062 = CARTESIAN_POINT('',(2.5,-11.3,1.4));
#1063 = ORIENTED_EDGE('',*,*,#987,.T.);
#1064 = ORIENTED_EDGE('',*,*,#1065,.T.);
#1065 = EDGE_CURVE('',#990,#1026,#1066,.T.);
#1066 = B_SPLINE_CURVE_WITH_KNOTS('',1,(#1067,#1068),.UNSPECIFIED.,.F.,
  .F.,(2,2),(0.,5.),.PIECEWISE_BEZIER_KNOTS.);
#1067 = CARTESIAN_POINT('',(-2.5,-11.3,6.4));
#1068 = CARTESIAN_POINT('',(2.5,-11.3,6.4));
#1069 = ORIENTED_EDGE('',*,*,#1023,.F.);
#1070 = B_SPLINE_SURFACE_WITH_KNOTS('',1,1,(
    (#1071,#1072)
    ,(#1073,#1074
    )),.UNSPECIFIED.,.F.,.F.,.F.,(2,2),(2,2),(0.,5.),(0.,5.),
  .PIECEWISE_BEZIER_KNOTS.);
#1071 = CARTESIAN_POINT('',(-2.5,-11.3,1.4));
#1072 = CARTESIAN_POINT('',(2.5,-11.3,1.4));
#1073 = CARTESIAN_POINT('',(-2.5,-11.3,6.4));
#1074 = CARTESIAN_POINT('',(2.5,-11.3,6.4));
#1075 = ADVANCED_FACE('',(#1076),#1090,.T.);
#1076 = FACE_BOUND('',#1077,.T.);
#1077 = EDGE_LOOP('',(#1078,#1083,#1084,#1089));
#1078 = ORIENTED_EDGE('',*,*,#1079,.F.);
#1079 = EDGE_CURVE('',#997,#1033,#1080,.T.);
#1080 = B_SPLINE_CURVE_WITH_KNOTS('',1,(#1081,#1082),.UNSPECIFIED.,.F.,
  .F.,(2,2),(0.,5.),.PIECEWISE_BEZIER_KNOTS.);
#1081 = CARTESIAN_POINT('',(-2.5,-6.3,1.4));
#1082 = CARTESIAN_POINT('',(2.5,-6.3,1.4));
#1083 = ORIENTED_EDGE('',*,*,#1003,.T.);
#1084 = ORIENTED_EDGE('',*,*,#1085,.T.);
#1085 = EDGE_CURVE('',#1004,#1040,#1086,.T.);
#1086 = B_SPLINE_CURVE_WITH_KNOTS('',1,(#1087,#1088),.UNSPECIFIED.,.F.,
  .F.,(2,2),(0.,5.),.PIECEWISE_BEZIER_KNOTS.);
#1087 = CARTESIAN_POINT('',(-2.5,-6.3,6.4));
#1088 = CARTESIAN_POINT('',(2.5,-6.3,6.4));
#1089 = ORIENTED_EDGE('',*,*,#1039,.F.);
#1090 = B_SPLINE_SURFACE_WITH_KNOTS('',1,1,(
    (#1091,#1092)
    ,(#1093,#1094
    )),.UNSPECIFIED.,.F.,.F.,.F.,(2,2),(2,2),(0.,5.),(0.,5.),
  .PIECEWISE_BEZIER_KNOTS.);
#1091 = CARTESIAN_POINT('',(-2.5,-6.3,1.4));
#1092 = CARTESIAN_POINT('',(2.5,-6.3,1.4));
#1093 = CARTESIAN_POINT('',(-2.5,-6.3,6.4));
#1094 = CARTESIAN_POINT('',(2.5,-6.3,6.4));
#1095 = ADVANCED_FACE('',(#1096),#1102,.F.);
#1096 = FACE_BOUND('',#1097,.F.);
#1097 = EDGE_LOOP('',(#1098,#1099,#1100,#1101));
#1098 = ORIENTED_EDGE('',*,*,#996,.F.);
#1099 = ORIENTED_EDGE('',*,*,#1059,.T.);
#1100 = ORIENTED_EDGE('',*,*,#1032,.T.);
#1101 = ORIENTED_EDGE('',*,*,#1079,.F.);
#1102 = B_SPLINE_SURFACE_WITH_KNOTS('',1,1,(
    (#1103,#1104)
    ,(#1105,#1106
    )),.UNSPECIFIED.,.F.,.F.,.F.,(2,2),(2,2),(0.,5.),(0.,5.),
  .PIECEWISE_BEZIER_KNOTS.);
#1103 = CARTESIAN_POINT('',(-2.5,-11.3,1.4));
#1104 = CARTESIAN_POINT('',(-2.5,-6.3,1.4));
#1105 = CARTESIAN_POINT('',(2.5,-11.3,1.4));
#1106 = CARTESIAN_POINT('',(2.5,-6.3,1.4));
#1107 = ADVANCED_FACE('',(#1108),#1114,.T.);
#1108 = FACE_BOUND('',#1109,.T.);
#1109 = EDGE_LOOP('',(#1110,#1111,#1112,#1113));
#1110 = ORIENTED_EDGE('',*,*,#1010,.F.);
#1111 = ORIENTED_EDGE('',*,*,#1065,.T.);
#1112 = ORIENTED_EDGE('',*,*,#1046,.T.);
#1113 = ORIENTED_EDGE('',*,*,#1085,.F.);
#1114 = B_SPLINE_SURFACE_WITH_KNOTS('',1,1,(
    (#1115,#1116)
    ,(#1117,#1118
    )),.UNSPECIFIED.,.F.,.F.,.F.,(2,2),(2,2),(0.,5.),(0.,5.),
  .PIECEWISE_BEZIER_KNOTS.);
#1115 = CARTESIAN_POINT('',(-2.5,-11.3,6.4));
#1116 = CARTESIAN_POINT('',(-2.5,-6.3,6.4));
#1117 = CARTESIAN_POINT('',(2.5,-11.3,6.4));
#1118 = CARTESIAN_POINT('',(2.5,-6.3,6.4));
#1119 = MANIFOLD_SOLID_BREP('',#1120);
#1120 = CLOSED_SHELL('',(#1121,#1157,#1193,#1213,#1233,#1245));
#1121 = ADVANCED_FACE('',(#1122),#1152,.F.);
#1122 = FACE_BOUND('',#1123,.F.);
#1123 = EDGE_LOOP('',(#1124,#1133,#1140,#1147));
#1124 = ORIENTED_EDGE('',*,*,#1125,.F.);
#1125 = EDGE_CURVE('',#1126,#1128,#1130,.T.);
#1126 = VERTEX_POINT('',#1127);
#1127 = CARTESIAN_POINT('',(6.3,-11.3,1.4));
#1128 = VERTEX_POINT('',#1129);
#1129 = CARTESIAN_POINT('',(6.3,-11.3,6.4));
#1130 = B_SPLINE_CURVE_WITH_KNOTS('',1,(#1131,#1132),.UNSPECIFIED.,.F.,
  .F.,(2,2),(0.,5.),.PIECEWISE_BEZIER_KNOTS.);
#1131 = CARTESIAN_POINT('',(6.3,-11.3,1.4));
#1132 = CARTESIAN_POINT('',(6.3,-11.3,6.4));
#1133 = ORIENTED_EDGE('',*,*,#1134,.T.);
#1134 = EDGE_CURVE('',#1126,#1135,#1137,.T.);
#1135 = VERTEX_POINT('',#1136);
#1136 = CARTESIAN_POINT('',(6.3,-6.3,1.4));
#1137 = B_SPLINE_CURVE_WITH_KNOTS('',1,(#1138,#1139),.UNSPECIFIED.,.F.,
  .F.,(2,2),(0.,5.),.PIECEWISE_BEZIER_KNOTS.);
#1138 = CARTESIAN_POINT('',(6.3,-11.3,1.4));
#1139 = CARTESIAN_POINT('',(6.3,-6.3,1.4));
#1140 = ORIENTED_EDGE('',*,*,#1141,.T.);
#1141 = EDGE_CURVE('',#1135,#1142,#1144,.T.);
#1142 = VERTEX_POINT('',#1143);
#1143 = CARTESIAN_POINT('',(6.3,-6.3,6.4));
#1144 = B_SPLINE_CURVE_WITH_KNOTS('',1,(#1145,#1146),.UNSPECIFIED.,.F.,
  .F.,(2,2),(0.,5.),.PIECEWISE_BEZIER_KNOTS.);
#1145 = CARTESIAN_POINT('',(6.3,-6.3,1.4));
#1146 = CARTESIAN_POINT('',(6.3,-6.3,6.4));
#1147 = ORIENTED_EDGE('',*,*,#1148,.F.);
#1148 = EDGE_CURVE('',#1128,#1142,#1149,.T.);
#1149 = B_SPLINE_CURVE_WITH_KNOTS('',1,(#1150,#1151),.UNSPECIFIED.,.F.,
  .F.,(2,2),(0.,5.),.PIECEWISE_BEZIER_KNOTS.);
#1150 = CARTESIAN_POINT('',(6.3,-11.3,6.4));
#1151 = CARTESIAN_POINT('',(6.3,-6.3,6.4));
#1152 = B_SPLINE_SURFACE_WITH_KNOTS('',1,1,(
    (#1153,#1154)
    ,(#1155,#1156
    )),.UNSPECIFIED.,.F.,.F.,.F.,(2,2),(2,2),(0.,5.),(-5.,0.),
  .PIECEWISE_BEZIER_KNOTS.);
#1153 = CARTESIAN_POINT('',(6.3,-6.3,1.4));
#1154 = CARTESIAN_POINT('',(6.3,-11.3,1.4));
#1155 = CARTESIAN_POINT('',(6.3,-6.3,6.4));
#1156 = CARTESIAN_POINT('',(6.3,-11.3,6.4));
#1157 = ADVANCED_FACE('',(#1158),#1188,.T.);
#1158 = FACE_BOUND('',#1159,.T.);
#1159 = EDGE_LOOP('',(#1160,#1169,#1176,#1183));
#1160 = ORIENTED_EDGE('',*,*,#1161,.F.);
#1161 = EDGE_CURVE('',#1162,#1164,#1166,.T.);
#1162 = VERTEX_POINT('',#1163);
#1163 = CARTESIAN_POINT('',(11.3,-11.3,1.4));
#1164 = VERTEX_POINT('',#1165);
#1165 = CARTESIAN_POINT('',(11.3,-11.3,6.4));
#1166 = B_SPLINE_CURVE_WITH_KNOTS('',1,(#1167,#1168),.UNSPECIFIED.,.F.,
  .F.,(2,2),(0.,5.),.PIECEWISE_BEZIER_KNOTS.);
#1167 = CARTESIAN_POINT('',(11.3,-11.3,1.4));
#1168 = CARTESIAN_POINT('',(11.3,-11.3,6.4));
#1169 = ORIENTED_EDGE('',*,*,#1170,.T.);
#1170 = EDGE_CURVE('',#1162,#1171,#1173,.T.);
#1171 = VERTEX_POINT('',#1172);
#1172 = CARTESIAN_POINT('',(11.3,-6.3,1.4));
#1173 = B_SPLINE_CURVE_WITH_KNOTS('',1,(#1174,#1175),.UNSPECIFIED.,.F.,
  .F.,(2,2),(0.,5.),.PIECEWISE_BEZIER_KNOTS.);
#1174 = CARTESIAN_POINT('',(11.3,-11.3,1.4));
#1175 = CARTESIAN_POINT('',(11.3,-6.3,1.4));
#1176 = ORIENTED_EDGE('',*,*,#1177,.T.);
#1177 = EDGE_CURVE('',#1171,#1178,#1180,.T.);
#1178 = VERTEX_POINT('',#1179);
#1179 = CARTESIAN_POINT('',(11.3,-6.3,6.4));
#1180 = B_SPLINE_CURVE_WITH_KNOTS('',1,(#1181,#1182),.UNSPECIFIED.,.F.,
  .F.,(2,2),(0.,5.),.PIECEWISE_BEZIER_KNOTS.);
#1181 = CARTESIAN_POINT('',(11.3,-6.3,1.4));
#1182 = CARTESIAN_POINT('',(11.3,-6.3,6.4));
#1183 = ORIENTED_EDGE('',*,*,#1184,.F.);
#1184 = EDGE_CURVE('',#1164,#1178,#1185,.T.);
#1185 = B_SPLINE_CURVE_WITH_KNOTS('',1,(#1186,#1187),.UNSPECIFIED.,.F.,
  .F.,(2,2),(0.,5.),.PIECEWISE_BEZIER_KNOTS.);
#1186 = CARTESIAN_POINT('',(11.3,-11.3,6.4));
#1187 = CARTESIAN_POINT('',(11.3,-6.3,6.4));
#1188 = B_SPLINE_SURFACE_WITH_KNOTS('',1,1,(
    (#1189,#1190)
    ,(#1191,#1192
    )),.UNSPECIFIED.,.F.,.F.,.F.,(2,2),(2,2),(0.,5.),(-5.,0.),
  .PIECEWISE_BEZIER_KNOTS.);
#1189 = CARTESIAN_POINT('',(11.3,-6.3,1.4));
#1190 = CARTESIAN_POINT('',(11.3,-11.3,1.4));
#1191 = CARTESIAN_POINT('',(11.3,-6.3,6.4));
#1192 = CARTESIAN_POINT('',(11.3,-11.3,6.4));
#1193 = ADVANCED_FACE('',(#1194),#1208,.F.);
#1194 = FACE_BOUND('',#1195,.F.);
#1195 = EDGE_LOOP('',(#1196,#1201,#1202,#1207));
#1196 = ORIENTED_EDGE('',*,*,#1197,.F.);
#1197 = EDGE_CURVE('',#1126,#1162,#1198,.T.);
#1198 = B_SPLINE_CURVE_WITH_KNOTS('',1,(#1199,#1200),.UNSPECIFIED.,.F.,
  .F.,(2,2),(0.,5.),.PIECEWISE_BEZIER_KNOTS.);
#1199 = CARTESIAN_POINT('',(6.3,-11.3,1.4));
#1200 = CARTESIAN_POINT('',(11.3,-11.3,1.4));
#1201 = ORIENTED_EDGE('',*,*,#1125,.T.);
#1202 = ORIENTED_EDGE('',*,*,#1203,.T.);
#1203 = EDGE_CURVE('',#1128,#1164,#1204,.T.);
#1204 = B_SPLINE_CURVE_WITH_KNOTS('',1,(#1205,#1206),.UNSPECIFIED.,.F.,
  .F.,(2,2),(0.,5.),.PIECEWISE_BEZIER_KNOTS.);
#1205 = CARTESIAN_POINT('',(6.3,-11.3,6.4));
#1206 = CARTESIAN_POINT('',(11.3,-11.3,6.4));
#1207 = ORIENTED_EDGE('',*,*,#1161,.F.);
#1208 = B_SPLINE_SURFACE_WITH_KNOTS('',1,1,(
    (#1209,#1210)
    ,(#1211,#1212
    )),.UNSPECIFIED.,.F.,.F.,.F.,(2,2),(2,2),(0.,5.),(0.,5.),
  .PIECEWISE_BEZIER_KNOTS.);
#1209 = CARTESIAN_POINT('',(6.3,-11.3,1.4));
#1210 = CARTESIAN_POINT('',(11.3,-11.3,1.4));
#1211 = CARTESIAN_POINT('',(6.3,-11.3,6.4));
#1212 = CARTESIAN_POINT('',(11.3,-11.3,6.4));
#1213 = ADVANCED_FACE('',(#1214),#1228,.T.);
#1214 = FACE_BOUND('',#1215,.T.);
#1215 = EDGE_LOOP('',(#1216,#1221,#1222,#1227));
#1216 = ORIENTED_EDGE('',*,*,#1217,.F.);
#1217 = EDGE_CURVE('',#1135,#1171,#1218,.T.);
#1218 = B_SPLINE_CURVE_WITH_KNOTS('',1,(#1219,#1220),.UNSPECIFIED.,.F.,
  .F.,(2,2),(0.,5.),.PIECEWISE_BEZIER_KNOTS.);
#1219 = CARTESIAN_POINT('',(6.3,-6.3,1.4));
#1220 = CARTESIAN_POINT('',(11.3,-6.3,1.4));
#1221 = ORIENTED_EDGE('',*,*,#1141,.T.);
#1222 = ORIENTED_EDGE('',*,*,#1223,.T.);
#1223 = EDGE_CURVE('',#1142,#1178,#1224,.T.);
#1224 = B_SPLINE_CURVE_WITH_KNOTS('',1,(#1225,#1226),.UNSPECIFIED.,.F.,
  .F.,(2,2),(0.,5.),.PIECEWISE_BEZIER_KNOTS.);
#1225 = CARTESIAN_POINT('',(6.3,-6.3,6.4));
#1226 = CARTESIAN_POINT('',(11.3,-6.3,6.4));
#1227 = ORIENTED_EDGE('',*,*,#1177,.F.);
#1228 = B_SPLINE_SURFACE_WITH_KNOTS('',1,1,(
    (#1229,#1230)
    ,(#1231,#1232
    )),.UNSPECIFIED.,.F.,.F.,.F.,(2,2),(2,2),(0.,5.),(0.,5.),
  .PIECEWISE_BEZIER_KNOTS.);
#1229 = CARTESIAN_POINT('',(6.3,-6.3,1.4));
#1230 = CARTESIAN_POINT('',(11.3,-6.3,1.4));
#1231 = CARTESIAN_POINT('',(6.3,-6.3,6.4));
#1232 = CARTESIAN_POINT('',(11.3,-6.3,6.4));
#1233 = ADVANCED_FACE('',(#1234),#1240,.F.);
#1234 = FACE_BOUND('',#1235,.F.);
#1235 = EDGE_LOOP('',(#1236,#1237,#1238,#1239));
#1236 = ORIENTED_EDGE('',*,*,#1134,.F.);
#1237 = ORIENTED_EDGE('',*,*,#1197,.T.);
#1238 = ORIENTED_EDGE('',*,*,#1170,.T.);
#1239 = ORIENTED_EDGE('',*,*,#1217,.F.);
#1240 = B_SPLINE_SURFACE_WITH_KNOTS('',1,1,(
    (#1241,#1242)
    ,(#1243,#1244
    )),.UNSPECIFIED.,.F.,.F.,.F.,(2,2),(2,2),(0.,5.),(0.,5.),
  .PIECEWISE_BEZIER_KNOTS.);
#1241 = CARTESIAN_POINT('',(6.3,-11.3,1.4));
#1242 = CARTESIAN_POINT('',(6.3,-6.3,1.4));
#1243 = CARTESIAN_POINT('',(11.3,-11.3,1.4));
#1244 = CARTESIAN_POINT('',(11.3,-6.3,1.4));
#1245 = ADVANCED_FACE('',(#1246),#1252,.T.);
#1246 = FACE_BOUND('',#1247,.T.);
#1247 = EDGE_LOOP('',(#1248,#1249,#1250,#1251));
#1248 = ORIENTED_EDGE('',*,*,#1148,.F.);
#1249 = ORIENTED_EDGE('',*,*,#1203,.T.);
#1250 = ORIENTED_EDGE('',*,*,#1184,.T.);
#1251 = ORIENTED_EDGE('',*,*,#1223,.F.);
#1252 = B_SPLINE_SURFACE_WITH_KNOTS('',1,1,(
    (#1253,#1254)
    ,(#1255,#1256
    )),.UNSPECIFIED.,.F.,.F.,.F.,(2,2),(2,2),(0.,5.),(0.,5.),
  .PIECEWISE_BEZIER_KNOTS.);
#1253 = CARTESIAN_POINT('',(6.3,-11.3,6.4));
#1254 = CARTESIAN_POINT('',(6.3,-6.3,6.4));
#1255 = CARTESIAN_POINT('',(11.3,-11.3,6.4));
#1256 = CARTESIAN_POINT('',(11.3,-6.3,6.4));
#1257 = MANIFOLD_SOLID_BREP('',#1258);
#1258 = CLOSED_SHELL('',(#1259,#1295,#1331,#1351,#1371,#1383));
#1259 = ADVANCED_FACE('',(#1260),#1290,.F.);
#1260 = FACE_BOUND('',#1261,.F.);
#1261 = EDGE_LOOP('',(#1262,#1271,#1278,#1285));
#1262 = ORIENTED_EDGE('',*,*,#1263,.F.);
#1263 = EDGE_CURVE('',#1264,#1266,#1268,.T.);
#1264 = VERTEX_POINT('',#1265);
#1265 = CARTESIAN_POINT('',(15.1,-11.3,1.4));
#1266 = VERTEX_POINT('',#1267);
#1267 = CARTESIAN_POINT('',(15.1,-11.3,6.4));
#1268 = B_SPLINE_CURVE_WITH_KNOTS('',1,(#1269,#1270),.UNSPECIFIED.,.F.,
  .F.,(2,2),(0.,5.),.PIECEWISE_BEZIER_KNOTS.);
#1269 = CARTESIAN_POINT('',(15.1,-11.3,1.4));
#1270 = CARTESIAN_POINT('',(15.1,-11.3,6.4));
#1271 = ORIENTED_EDGE('',*,*,#1272,.T.);
#1272 = EDGE_CURVE('',#1264,#1273,#1275,.T.);
#1273 = VERTEX_POINT('',#1274);
#1274 = CARTESIAN_POINT('',(15.1,-6.3,1.4));
#1275 = B_SPLINE_CURVE_WITH_KNOTS('',1,(#1276,#1277),.UNSPECIFIED.,.F.,
  .F.,(2,2),(0.,5.),.PIECEWISE_BEZIER_KNOTS.);
#1276 = CARTESIAN_POINT('',(15.1,-11.3,1.4));
#1277 = CARTESIAN_POINT('',(15.1,-6.3,1.4));
#1278 = ORIENTED_EDGE('',*,*,#1279,.T.);
#1279 = EDGE_CURVE('',#1273,#1280,#1282,.T.);
#1280 = VERTEX_POINT('',#1281);
#1281 = CARTESIAN_POINT('',(15.1,-6.3,6.4));
#1282 = B_SPLINE_CURVE_WITH_KNOTS('',1,(#1283,#1284),.UNSPECIFIED.,.F.,
  .F.,(2,2),(0.,5.),.PIECEWISE_BEZIER_KNOTS.);
#1283 = CARTESIAN_POINT('',(15.1,-6.3,1.4));
#1284 = CARTESIAN_POINT('',(15.1,-6.3,6.4));
#1285 = ORIENTED_EDGE('',*,*,#1286,.F.);
#1286 = EDGE_CURVE('',#1266,#1280,#1287,.T.);
#1287 = B_SPLINE_CURVE_WITH_KNOTS('',1,(#1288,#1289),.UNSPECIFIED.,.F.,
  .F.,(2,2),(0.,5.),.PIECEWISE_BEZIER_KNOTS.);
#1288 = CARTESIAN_POINT('',(15.1,-11.3,6.4));
#1289 = CARTESIAN_POINT('',(15.1,-6.3,6.4));
#1290 = B_SPLINE_SURFACE_WITH_KNOTS('',1,1,(
    (#1291,#1292)
    ,(#1293,#1294
    )),.UNSPECIFIED.,.F.,.F.,.F.,(2,2),(2,2),(0.,5.),(-5.,0.),
  .PIECEWISE_BEZIER_KNOTS.);
#1291 = CARTESIAN_POINT('',(15.1,-6.3,1.4));
#1292 = CARTESIAN_POINT('',(15.1,-11.3,1.4));
#1293 = CARTESIAN_POINT('',(15.1,-6.3,6.4));
#1294 = CARTESIAN_POINT('',(15.1,-11.3,6.4));
#1295 = ADVANCED_FACE('',(#1296),#1326,.T.);
#1296 = FACE_BOUND('',#1297,.T.);
#1297 = EDGE_LOOP('',(#1298,#1307,#1314,#1321));
#1298 = ORIENTED_EDGE('',*,*,#1299,.F.);
#1299 = EDGE_CURVE('',#1300,#1302,#1304,.T.);
#1300 = VERTEX_POINT('',#1301);
#1301 = CARTESIAN_POINT('',(20.1,-11.3,1.4));
#1302 = VERTEX_POINT('',#1303);
#1303 = CARTESIAN_POINT('',(20.1,-11.3,6.4));
#1304 = B_SPLINE_CURVE_WITH_KNOTS('',1,(#1305,#1306),.UNSPECIFIED.,.F.,
  .F.,(2,2),(0.,5.),.PIECEWISE_BEZIER_KNOTS.);
#1305 = CARTESIAN_POINT('',(20.1,-11.3,1.4));
#1306 = CARTESIAN_POINT('',(20.1,-11.3,6.4));
#1307 = ORIENTED_EDGE('',*,*,#1308,.T.);
#1308 = EDGE_CURVE('',#1300,#1309,#1311,.T.);
#1309 = VERTEX_POINT('',#1310);
#1310 = CARTESIAN_POINT('',(20.1,-6.3,1.4));
#1311 = B_SPLINE_CURVE_WITH_KNOTS('',1,(#1312,#1313),.UNSPECIFIED.,.F.,
  .F.,(2,2),(0.,5.),.PIECEWISE_BEZIER_KNOTS.);
#1312 = CARTESIAN_POINT('',(20.1,-11.3,1.4));
#1313 = CARTESIAN_POINT('',(20.1,-6.3,1.4));
#1314 = ORIENTED_EDGE('',*,*,#1315,.T.);
#1315 = EDGE_CURVE('',#1309,#1316,#1318,.T.);
#1316 = VERTEX_POINT('',#1317);
#1317 = CARTESIAN_POINT('',(20.1,-6.3,6.4));
#1318 = B_SPLINE_CURVE_WITH_KNOTS('',1,(#1319,#1320),.UNSPECIFIED.,.F.,
  .F.,(2,2),(0.,5.),.PIECEWISE_BEZIER_KNOTS.);
#1319 = CARTESIAN_POINT('',(20.1,-6.3,1.4));
#1320 = CARTESIAN_POINT('',(20.1,-6.3,6.4));
#1321 = ORIENTED_EDGE('',*,*,#1322,.F.);
#1322 = EDGE_CURVE('',#1302,#1316,#1323,.T.);
#1323 = B_SPLINE_CURVE_WITH_KNOTS('',1,(#1324,#1325),.UNSPECIFIED.,.F.,
  .F.,(2,2),(0.,5.),.PIECEWISE_BEZIER_KNOTS.);
#1324 = CARTESIAN_POINT('',(20.1,-11.3,6.4));
#1325 = CARTESIAN_POINT('',(20.1,-6.3,6.4));
#1326 = B_SPLINE_SURFACE_WITH_KNOTS('',1,1,(
    (#1327,#1328)
    ,(#1329,#1330
    )),.UNSPECIFIED.,.F.,.F.,.F.,(2,2),(2,2),(0.,5.),(-5.,0.),
  .PIECEWISE_BEZIER_KNOTS.);
#1327 = CARTESIAN_POINT('',(20.1,-6.3,1.4));
#1328 = CARTESIAN_POINT('',(20.1,-11.3,1.4));
#1329 = CARTESIAN_POINT('',(20.1,-6.3,6.4));
#1330 = CARTESIAN_POINT('',(20.1,-11.3,6.4));
#1331 = ADVANCED_FACE('',(#1332),#1346,.F.);
#1332 = FACE_BOUND('',#1333,.F.);
#1333 = EDGE_LOOP('',(#1334,#1339,#1340,#1345));
#1334 = ORIENTED_EDGE('',*,*,#1335,.F.);
#1335 = EDGE_CURVE('',#1264,#1300,#1336,.T.);
#1336 = B_SPLINE_CURVE_WITH_KNOTS('',1,(#1337,#1338),.UNSPECIFIED.,.F.,
  .F.,(2,2),(0.,5.),.PIECEWISE_BEZIER_KNOTS.);
#1337 = CARTESIAN_POINT('',(15.1,-11.3,1.4));
#1338 = CARTESIAN_POINT('',(20.1,-11.3,1.4));
#1339 = ORIENTED_EDGE('',*,*,#1263,.T.);
#1340 = ORIENTED_EDGE('',*,*,#1341,.T.);
#1341 = EDGE_CURVE('',#1266,#1302,#1342,.T.);
#1342 = B_SPLINE_CURVE_WITH_KNOTS('',1,(#1343,#1344),.UNSPECIFIED.,.F.,
  .F.,(2,2),(0.,5.),.PIECEWISE_BEZIER_KNOTS.);
#1343 = CARTESIAN_POINT('',(15.1,-11.3,6.4));
#1344 = CARTESIAN_POINT('',(20.1,-11.3,6.4));
#1345 = ORIENTED_EDGE('',*,*,#1299,.F.);
#1346 = B_SPLINE_SURFACE_WITH_KNOTS('',1,1,(
    (#1347,#1348)
    ,(#1349,#1350
    )),.UNSPECIFIED.,.F.,.F.,.F.,(2,2),(2,2),(0.,5.),(0.,5.),
  .PIECEWISE_BEZIER_KNOTS.);
#1347 = CARTESIAN_POINT('',(15.1,-11.3,1.4));
#1348 = CARTESIAN_POINT('',(20.1,-11.3,1.4));
#1349 = CARTESIAN_POINT('',(15.1,-11.3,6.4));
#1350 = CARTESIAN_POINT('',(20.1,-11.3,6.4));
#1351 = ADVANCED_FACE('',(#1352),#1366,.T.);
#1352 = FACE_BOUND('',#1353,.T.);
#1353 = EDGE_LOOP('',(#1354,#1359,#1360,#1365));
#1354 = ORIENTED_EDGE('',*,*,#1355,.F.);
#1355 = EDGE_CURVE('',#1273,#1309,#1356,.T.);
#1356 = B_SPLINE_CURVE_WITH_KNOTS('',1,(#1357,#1358),.UNSPECIFIED.,.F.,
  .F.,(2,2),(0.,5.),.PIECEWISE_BEZIER_KNOTS.);
#1357 = CARTESIAN_POINT('',(15.1,-6.3,1.4));
#1358 = CARTESIAN_POINT('',(20.1,-6.3,1.4));
#1359 = ORIENTED_EDGE('',*,*,#1279,.T.);
#1360 = ORIENTED_EDGE('',*,*,#1361,.T.);
#1361 = EDGE_CURVE('',#1280,#1316,#1362,.T.);
#1362 = B_SPLINE_CURVE_WITH_KNOTS('',1,(#1363,#1364),.UNSPECIFIED.,.F.,
  .F.,(2,2),(0.,5.),.PIECEWISE_BEZIER_KNOTS.);
#1363 = CARTESIAN_POINT('',(15.1,-6.3,6.4));
#1364 = CARTESIAN_POINT('',(20.1,-6.3,6.4));
#1365 = ORIENTED_EDGE('',*,*,#1315,.F.);
#1366 = B_SPLINE_SURFACE_WITH_KNOTS('',1,1,(
    (#1367,#1368)
    ,(#1369,#1370
    )),.UNSPECIFIED.,.F.,.F.,.F.,(2,2),(2,2),(0.,5.),(0.,5.),
  .PIECEWISE_BEZIER_KNOTS.);
#1367 = CARTESIAN_POINT('',(15.1,-6.3,1.4));
#1368 = CARTESIAN_POINT('',(20.1,-6.3,1.4));
#1369 = CARTESIAN_POINT('',(15.1,-6.3,6.4));
#1370 = CARTESIAN_POINT('',(20.1,-6.3,6.4));
#1371 = ADVANCED_FACE('',(#1372),#1378,.F.);
#1372 = FACE_BOUND('',#1373,.F.);
#1373 = EDGE_LOOP('',(#1374,#1375,#1376,#1377));
#1374 = ORIENTED_EDGE('',*,*,#1272,.F.);
#1375 = ORIENTED_EDGE('',*,*,#1335,.T.);
#1376 = ORIENTED_EDGE('',*,*,#1308,.T.);
#1377 = ORIENTED_EDGE('',*,*,#1355,.F.);
#1378 = B_SPLINE_SURFACE_WITH_KNOTS('',1,1,(
    (#1379,#1380)
    ,(#1381,#1382
    )),.UNSPECIFIED.,.F.,.F.,.F.,(2,2),(2,2),(0.,5.),(0.,5.),
  .PIECEWISE_BEZIER_KNOTS.);
#1379 = CARTESIAN_POINT('',(15.1,-11.3,1.4));
#1380 = CARTESIAN_POINT('',(15.1,-6.3,1.4));
#1381 = CARTESIAN_POINT('',(20.1,-11.3,1.4));
#1382 = CARTESIAN_POINT('',(20.1,-6.3,1.4));
#1383 = ADVANCED_FACE('',(#1384),#1390,.T.);
#1384 = FACE_BOUND('',#1385,.T.);
#1385 = EDGE_LOOP('',(#1386,#1387,#1388,#1389));
#1386 = ORIENTED_EDGE('',*,*,#1286,.F.);
#1387 = ORIENTED_EDGE('',*,*,#1341,.T.);
#1388 = ORIENTED_EDGE('',*,*,#1322,.T.);
#1389 = ORIENTED_EDGE('',*,*,#1361,.F.);
#1390 = B_SPLINE_SURFACE_WITH_KNOTS('',1,1,(
    (#1391,#1392)
    ,(#1393,#1394
    )),.UNSPECIFIED.,.F.,.F.,.F.,(2,2),(2,2),(0.,5.),(0.,5.),
  .PIECEWISE_BEZIER_KNOTS.);
#1391 = CARTESIAN_POINT('',(15.1,-11.3,6.4));
#1392 = CARTESIAN_POINT('',(15.1,-6.3,6.4));
#1393 = CARTESIAN_POINT('',(20.1,-11.3,6.4));
#1394 = CARTESIAN_POINT('',(20.1,-6.3,6.4));
#1395 = MANIFOLD_SOLID_BREP('',#1396);
#1396 = CLOSED_SHELL('',(#1397,#1433,#1469,#1489,#1509,#1521));
#1397 = ADVANCED_FACE('',(#1398),#1428,.F.);
#1398 = FACE_BOUND('',#1399,.F.);
#1399 = EDGE_LOOP('',(#1400,#1409,#1416,#1423));
#1400 = ORIENTED_EDGE('',*,*,#1401,.F.);
#1401 = EDGE_CURVE('',#1402,#1404,#1406,.T.);
#1402 = VERTEX_POINT('',#1403);
#1403 = CARTESIAN_POINT('',(-20.1,-2.5,1.4));
#1404 = VERTEX_POINT('',#1405);
#1405 = CARTESIAN_POINT('',(-20.1,-2.5,6.4));
#1406 = B_SPLINE_CURVE_WITH_KNOTS('',1,(#1407,#1408),.UNSPECIFIED.,.F.,
  .F.,(2,2),(0.,5.),.PIECEWISE_BEZIER_KNOTS.);
#1407 = CARTESIAN_POINT('',(-20.1,-2.5,1.4));
#1408 = CARTESIAN_POINT('',(-20.1,-2.5,6.4));
#1409 = ORIENTED_EDGE('',*,*,#1410,.T.);
#1410 = EDGE_CURVE('',#1402,#1411,#1413,.T.);
#1411 = VERTEX_POINT('',#1412);
#1412 = CARTESIAN_POINT('',(-20.1,2.5,1.4));
#1413 = B_SPLINE_CURVE_WITH_KNOTS('',1,(#1414,#1415),.UNSPECIFIED.,.F.,
  .F.,(2,2),(0.,5.),.PIECEWISE_BEZIER_KNOTS.);
#1414 = CARTESIAN_POINT('',(-20.1,-2.5,1.4));
#1415 = CARTESIAN_POINT('',(-20.1,2.5,1.4));
#1416 = ORIENTED_EDGE('',*,*,#1417,.T.);
#1417 = EDGE_CURVE('',#1411,#1418,#1420,.T.);
#1418 = VERTEX_POINT('',#1419);
#1419 = CARTESIAN_POINT('',(-20.1,2.5,6.4));
#1420 = B_SPLINE_CURVE_WITH_KNOTS('',1,(#1421,#1422),.UNSPECIFIED.,.F.,
  .F.,(2,2),(0.,5.),.PIECEWISE_BEZIER_KNOTS.);
#1421 = CARTESIAN_POINT('',(-20.1,2.5,1.4));
#1422 = CARTESIAN_POINT('',(-20.1,2.5,6.4));
#1423 = ORIENTED_EDGE('',*,*,#1424,.F.);
#1424 = EDGE_CURVE('',#1404,#1418,#1425,.T.);
#1425 = B_SPLINE_CURVE_WITH_KNOTS('',1,(#1426,#1427),.UNSPECIFIED.,.F.,
  .F.,(2,2),(0.,5.),.PIECEWISE_BEZIER_KNOTS.);
#1426 = CARTESIAN_POINT('',(-20.1,-2.5,6.4));
#1427 = CARTESIAN_POINT('',(-20.1,2.5,6.4));
#1428 = B_SPLINE_SURFACE_WITH_KNOTS('',1,1,(
    (#1429,#1430)
    ,(#1431,#1432
    )),.UNSPECIFIED.,.F.,.F.,.F.,(2,2),(2,2),(0.,5.),(-5.,0.),
  .PIECEWISE_BEZIER_KNOTS.);
#1429 = CARTESIAN_POINT('',(-20.1,2.5,1.4));
#1430 = CARTESIAN_POINT('',(-20.1,-2.5,1.4));
#1431 = CARTESIAN_POINT('',(-20.1,2.5,6.4));
#1432 = CARTESIAN_POINT('',(-20.1,-2.5,6.4));
#1433 = ADVANCED_FACE('',(#1434),#1464,.T.);
#1434 = FACE_BOUND('',#1435,.T.);
#1435 = EDGE_LOOP('',(#1436,#1445,#1452,#1459));
#1436 = ORIENTED_EDGE('',*,*,#1437,.F.);
#1437 = EDGE_CURVE('',#1438,#1440,#1442,.T.);
#1438 = VERTEX_POINT('',#1439);
#1439 = CARTESIAN_POINT('',(-15.1,-2.5,1.4));
#1440 = VERTEX_POINT('',#1441);
#1441 = CARTESIAN_POINT('',(-15.1,-2.5,6.4));
#1442 = B_SPLINE_CURVE_WITH_KNOTS('',1,(#1443,#1444),.UNSPECIFIED.,.F.,
  .F.,(2,2),(0.,5.),.PIECEWISE_BEZIER_KNOTS.);
#1443 = CARTESIAN_POINT('',(-15.1,-2.5,1.4));
#1444 = CARTESIAN_POINT('',(-15.1,-2.5,6.4));
#1445 = ORIENTED_EDGE('',*,*,#1446,.T.);
#1446 = EDGE_CURVE('',#1438,#1447,#1449,.T.);
#1447 = VERTEX_POINT('',#1448);
#1448 = CARTESIAN_POINT('',(-15.1,2.5,1.4));
#1449 = B_SPLINE_CURVE_WITH_KNOTS('',1,(#1450,#1451),.UNSPECIFIED.,.F.,
  .F.,(2,2),(0.,5.),.PIECEWISE_BEZIER_KNOTS.);
#1450 = CARTESIAN_POINT('',(-15.1,-2.5,1.4));
#1451 = CARTESIAN_POINT('',(-15.1,2.5,1.4));
#1452 = ORIENTED_EDGE('',*,*,#1453,.T.);
#1453 = EDGE_CURVE('',#1447,#1454,#1456,.T.);
#1454 = VERTEX_POINT('',#1455);
#1455 = CARTESIAN_POINT('',(-15.1,2.5,6.4));
#1456 = B_SPLINE_CURVE_WITH_KNOTS('',1,(#1457,#1458),.UNSPECIFIED.,.F.,
  .F.,(2,2),(0.,5.),.PIECEWISE_BEZIER_KNOTS.);
#1457 = CARTESIAN_POINT('',(-15.1,2.5,1.4));
#1458 = CARTESIAN_POINT('',(-15.1,2.5,6.4));
#1459 = ORIENTED_EDGE('',*,*,#1460,.F.);
#1460 = EDGE_CURVE('',#1440,#1454,#1461,.T.);
#1461 = B_SPLINE_CURVE_WITH_KNOTS('',1,(#1462,#1463),.UNSPECIFIED.,.F.,
  .F.,(2,2),(0.,5.),.PIECEWISE_BEZIER_KNOTS.);
#1462 = CARTESIAN_POINT('',(-15.1,-2.5,6.4));
#1463 = CARTESIAN_POINT('',(-15.1,2.5,6.4));
#1464 = B_SPLINE_SURFACE_WITH_KNOTS('',1,1,(
    (#1465,#1466)
    ,(#1467,#1468
    )),.UNSPECIFIED.,.F.,.F.,.F.,(2,2),(2,2),(0.,5.),(-5.,0.),
  .PIECEWISE_BEZIER_KNOTS.);
#1465 = CARTESIAN_POINT('',(-15.1,2.5,1.4));
#1466 = CARTESIAN_POINT('',(-15.1,-2.5,1.4));
#1467 = CARTESIAN_POINT('',(-15.1,2.5,6.4));
#1468 = CARTESIAN_POINT('',(-15.1,-2.5,6.4));
#1469 = ADVANCED_FACE('',(#1470),#1484,.F.);
#1470 = FACE_BOUND('',#1471,.F.);
#1471 = EDGE_LOOP('',(#1472,#1477,#1478,#1483));
#1472 = ORIENTED_EDGE('',*,*,#1473,.F.);
#1473 = EDGE_CURVE('',#1402,#1438,#1474,.T.);
#1474 = B_SPLINE_CURVE_WITH_KNOTS('',1,(#1475,#1476),.UNSPECIFIED.,.F.,
  .F.,(2,2),(0.,5.),.PIECEWISE_BEZIER_KNOTS.);
#1475 = CARTESIAN_POINT('',(-20.1,-2.5,1.4));
#1476 = CARTESIAN_POINT('',(-15.1,-2.5,1.4));
#1477 = ORIENTED_EDGE('',*,*,#1401,.T.);
#1478 = ORIENTED_EDGE('',*,*,#1479,.T.);
#1479 = EDGE_CURVE('',#1404,#1440,#1480,.T.);
#1480 = B_SPLINE_CURVE_WITH_KNOTS('',1,(#1481,#1482),.UNSPECIFIED.,.F.,
  .F.,(2,2),(0.,5.),.PIECEWISE_BEZIER_KNOTS.);
#1481 = CARTESIAN_POINT('',(-20.1,-2.5,6.4));
#1482 = CARTESIAN_POINT('',(-15.1,-2.5,6.4));
#1483 = ORIENTED_EDGE('',*,*,#1437,.F.);
#1484 = B_SPLINE_SURFACE_WITH_KNOTS('',1,1,(
    (#1485,#1486)
    ,(#1487,#1488
    )),.UNSPECIFIED.,.F.,.F.,.F.,(2,2),(2,2),(0.,5.),(0.,5.),
  .PIECEWISE_BEZIER_KNOTS.);
#1485 = CARTESIAN_POINT('',(-20.1,-2.5,1.4));
#1486 = CARTESIAN_POINT('',(-15.1,-2.5,1.4));
#1487 = CARTESIAN_POINT('',(-20.1,-2.5,6.4));
#1488 = CARTESIAN_POINT('',(-15.1,-2.5,6.4));
#1489 = ADVANCED_FACE('',(#1490),#1504,.T.);
#1490 = FACE_BOUND('',#1491,.T.);
#1491 = EDGE_LOOP('',(#1492,#1497,#1498,#1503));
#1492 = ORIENTED_EDGE('',*,*,#1493,.F.);
#1493 = EDGE_CURVE('',#1411,#1447,#1494,.T.);
#1494 = B_SPLINE_CURVE_WITH_KNOTS('',1,(#1495,#1496),.UNSPECIFIED.,.F.,
  .F.,(2,2),(0.,5.),.PIECEWISE_BEZIER_KNOTS.);
#1495 = CARTESIAN_POINT('',(-20.1,2.5,1.4));
#1496 = CARTESIAN_POINT('',(-15.1,2.5,1.4));
#1497 = ORIENTED_EDGE('',*,*,#1417,.T.);
#1498 = ORIENTED_EDGE('',*,*,#1499,.T.);
#1499 = EDGE_CURVE('',#1418,#1454,#1500,.T.);
#1500 = B_SPLINE_CURVE_WITH_KNOTS('',1,(#1501,#1502),.UNSPECIFIED.,.F.,
  .F.,(2,2),(0.,5.),.PIECEWISE_BEZIER_KNOTS.);
#1501 = CARTESIAN_POINT('',(-20.1,2.5,6.4));
#1502 = CARTESIAN_POINT('',(-15.1,2.5,6.4));
#1503 = ORIENTED_EDGE('',*,*,#1453,.F.);
#1504 = B_SPLINE_SURFACE_WITH_KNOTS('',1,1,(
    (#1505,#1506)
    ,(#1507,#1508
    )),.UNSPECIFIED.,.F.,.F.,.F.,(2,2),(2,2),(0.,5.),(0.,5.),
  .PIECEWISE_BEZIER_KNOTS.);
#1505 = CARTESIAN_POINT('',(-20.1,2.5,1.4));
#1506 = CARTESIAN_POINT('',(-15.1,2.5,1.4));
#1507 = CARTESIAN_POINT('',(-20.1,2.5,6.4));
#1508 = CARTESIAN_POINT('',(-15.1,2.5,6.4));
#1509 = ADVANCED_FACE('',(#1510),#1516,.F.);
#1510 = FACE_BOUND('',#1511,.F.);
#1511 = EDGE_LOOP('',(#1512,#1513,#1514,#1515));
#1512 = ORIENTED_EDGE('',*,*,#1410,.F.);
#1513 = ORIENTED_EDGE('',*,*,#1473,.T.);
#1514 = ORIENTED_EDGE('',*,*,#1446,.T.);
#1515 = ORIENTED_EDGE('',*,*,#1493,.F.);
#1516 = B_SPLINE_SURFACE_WITH_KNOTS('',1,1,(
    (#1517,#1518)
    ,(#1519,#1520
    )),.UNSPECIFIED.,.F.,.F.,.F.,(2,2),(2,2),(0.,5.),(0.,5.),
  .PIECEWISE_BEZIER_KNOTS.);
#1517 = CARTESIAN_POINT('',(-20.1,-2.5,1.4));
#1518 = CARTESIAN_POINT('',(-20.1,2.5,1.4));
#1519 = CARTESIAN_POINT('',(-15.1,-2.5,1.4));
#1520 = CARTESIAN_POINT('',(-15.1,2.5,1.4));
#1521 = ADVANCED_FACE('',(#1522),#1528,.T.);
#1522 = FACE_BOUND('',#1523,.T.);
#1523 = EDGE_LOOP('',(#1524,#1525,#1526,#1527));
#1524 = ORIENTED_EDGE('',*,*,#1424,.F.);
#1525 = ORIENTED_EDGE('',*,*,#1479,.T.);
#1526 = ORIENTED_EDGE('',*,*,#1460,.T.);
#1527 = ORIENTED_EDGE('',*,*,#1499,.F.);
#1528 = B_SPLINE_SURFACE_WITH_KNOTS('',1,1,(
    (#1529,#1530)
    ,(#1531,#1532
    )),.UNSPECIFIED.,.F.,.F.,.F.,(2,2),(2,2),(0.,5.),(0.,5.),
  .PIECEWISE_BEZIER_KNOTS.);
#1529 = CARTESIAN_POINT('',(-20.1,-2.5,6.4));
#1530 = CARTESIAN_POINT('',(-20.1,2.5,6.4));
#1531 = CARTESIAN_POINT('',(-15.1,-2.5,6.4));
#1532 = CARTESIAN_POINT('',(-15.1,2.5,6.4));
#1533 = MANIFOLD_SOLID_BREP('',#1534);
#1534 = CLOSED_SHELL('',(#1535,#1571,#1607,#1627,#1647,#1659));
#1535 = ADVANCED_FACE('',(#1536),#1566,.F.);
#1536 = FACE_BOUND('',#1537,.F.);
#1537 = EDGE_LOOP('',(#1538,#1547,#1554,#1561));
#1538 = ORIENTED_EDGE('',*,*,#1539,.F.);
#1539 = EDGE_CURVE('',#1540,#1542,#1544,.T.);
#1540 = VERTEX_POINT('',#1541);
#1541 = CARTESIAN_POINT('',(-11.3,-2.5,1.4));
#1542 = VERTEX_POINT('',#1543);
#1543 = CARTESIAN_POINT('',(-11.3,-2.5,6.4));
#1544 = B_SPLINE_CURVE_WITH_KNOTS('',1,(#1545,#1546),.UNSPECIFIED.,.F.,
  .F.,(2,2),(0.,5.),.PIECEWISE_BEZIER_KNOTS.);
#1545 = CARTESIAN_POINT('',(-11.3,-2.5,1.4));
#1546 = CARTESIAN_POINT('',(-11.3,-2.5,6.4));
#1547 = ORIENTED_EDGE('',*,*,#1548,.T.);
#1548 = EDGE_CURVE('',#1540,#1549,#1551,.T.);
#1549 = VERTEX_POINT('',#1550);
#1550 = CARTESIAN_POINT('',(-11.3,2.5,1.4));
#1551 = B_SPLINE_CURVE_WITH_KNOTS('',1,(#1552,#1553),.UNSPECIFIED.,.F.,
  .F.,(2,2),(0.,5.),.PIECEWISE_BEZIER_KNOTS.);
#1552 = CARTESIAN_POINT('',(-11.3,-2.5,1.4));
#1553 = CARTESIAN_POINT('',(-11.3,2.5,1.4));
#1554 = ORIENTED_EDGE('',*,*,#1555,.T.);
#1555 = EDGE_CURVE('',#1549,#1556,#1558,.T.);
#1556 = VERTEX_POINT('',#1557);
#1557 = CARTESIAN_POINT('',(-11.3,2.5,6.4));
#1558 = B_SPLINE_CURVE_WITH_KNOTS('',1,(#1559,#1560),.UNSPECIFIED.,.F.,
  .F.,(2,2),(0.,5.),.PIECEWISE_BEZIER_KNOTS.);
#1559 = CARTESIAN_POINT('',(-11.3,2.5,1.4));
#1560 = CARTESIAN_POINT('',(-11.3,2.5,6.4));
#1561 = ORIENTED_EDGE('',*,*,#1562,.F.);
#1562 = EDGE_CURVE('',#1542,#1556,#1563,.T.);
#1563 = B_SPLINE_CURVE_WITH_KNOTS('',1,(#1564,#1565),.UNSPECIFIED.,.F.,
  .F.,(2,2),(0.,5.),.PIECEWISE_BEZIER_KNOTS.);
#1564 = CARTESIAN_POINT('',(-11.3,-2.5,6.4));
#1565 = CARTESIAN_POINT('',(-11.3,2.5,6.4));
#1566 = B_SPLINE_SURFACE_WITH_KNOTS('',1,1,(
    (#1567,#1568)
    ,(#1569,#1570
    )),.UNSPECIFIED.,.F.,.F.,.F.,(2,2),(2,2),(0.,5.),(-5.,0.),
  .PIECEWISE_BEZIER_KNOTS.);
#1567 = CARTESIAN_POINT('',(-11.3,2.5,1.4));
#1568 = CARTESIAN_POINT('',(-11.3,-2.5,1.4));
#1569 = CARTESIAN_POINT('',(-11.3,2.5,6.4));
#1570 = CARTESIAN_POINT('',(-11.3,-2.5,6.4));
#1571 = ADVANCED_FACE('',(#1572),#1602,.T.);
#1572 = FACE_BOUND('',#1573,.T.);
#1573 = EDGE_LOOP('',(#1574,#1583,#1590,#1597));
#1574 = ORIENTED_EDGE('',*,*,#1575,.F.);
#1575 = EDGE_CURVE('',#1576,#1578,#1580,.T.);
#1576 = VERTEX_POINT('',#1577);
#1577 = CARTESIAN_POINT('',(-6.3,-2.5,1.4));
#1578 = VERTEX_POINT('',#1579);
#1579 = CARTESIAN_POINT('',(-6.3,-2.5,6.4));
#1580 = B_SPLINE_CURVE_WITH_KNOTS('',1,(#1581,#1582),.UNSPECIFIED.,.F.,
  .F.,(2,2),(0.,5.),.PIECEWISE_BEZIER_KNOTS.);
#1581 = CARTESIAN_POINT('',(-6.3,-2.5,1.4));
#1582 = CARTESIAN_POINT('',(-6.3,-2.5,6.4));
#1583 = ORIENTED_EDGE('',*,*,#1584,.T.);
#1584 = EDGE_CURVE('',#1576,#1585,#1587,.T.);
#1585 = VERTEX_POINT('',#1586);
#1586 = CARTESIAN_POINT('',(-6.3,2.5,1.4));
#1587 = B_SPLINE_CURVE_WITH_KNOTS('',1,(#1588,#1589),.UNSPECIFIED.,.F.,
  .F.,(2,2),(0.,5.),.PIECEWISE_BEZIER_KNOTS.);
#1588 = CARTESIAN_POINT('',(-6.3,-2.5,1.4));
#1589 = CARTESIAN_POINT('',(-6.3,2.5,1.4));
#1590 = ORIENTED_EDGE('',*,*,#1591,.T.);
#1591 = EDGE_CURVE('',#1585,#1592,#1594,.T.);
#1592 = VERTEX_POINT('',#1593);
#1593 = CARTESIAN_POINT('',(-6.3,2.5,6.4));
#1594 = B_SPLINE_CURVE_WITH_KNOTS('',1,(#1595,#1596),.UNSPECIFIED.,.F.,
  .F.,(2,2),(0.,5.),.PIECEWISE_BEZIER_KNOTS.);
#1595 = CARTESIAN_POINT('',(-6.3,2.5,1.4));
#1596 = CARTESIAN_POINT('',(-6.3,2.5,6.4));
#1597 = ORIENTED_EDGE('',*,*,#1598,.F.);
#1598 = EDGE_CURVE('',#1578,#1592,#1599,.T.);
#1599 = B_SPLINE_CURVE_WITH_KNOTS('',1,(#1600,#1601),.UNSPECIFIED.,.F.,
  .F.,(2,2),(0.,5.),.PIECEWISE_BEZIER_KNOTS.);
#1600 = CARTESIAN_POINT('',(-6.3,-2.5,6.4));
#1601 = CARTESIAN_POINT('',(-6.3,2.5,6.4));
#1602 = B_SPLINE_SURFACE_WITH_KNOTS('',1,1,(
    (#1603,#1604)
    ,(#1605,#1606
    )),.UNSPECIFIED.,.F.,.F.,.F.,(2,2),(2,2),(0.,5.),(-5.,0.),
  .PIECEWISE_BEZIER_KNOTS.);
#1603 = CARTESIAN_POINT('',(-6.3,2.5,1.4));
#1604 = CARTESIAN_POINT('',(-6.3,-2.5,1.4));
#1605 = CARTESIAN_POINT('',(-6.3,2.5,6.4));
#1606 = CARTESIAN_POINT('',(-6.3,-2.5,6.4));
#1607 = ADVANCED_FACE('',(#1608),#1622,.F.);
#1608 = FACE_BOUND('',#1609,.F.);
#1609 = EDGE_LOOP('',(#1610,#1615,#1616,#1621));
#1610 = ORIENTED_EDGE('',*,*,#1611,.F.);
#1611 = EDGE_CURVE('',#1540,#1576,#1612,.T.);
#1612 = B_SPLINE_CURVE_WITH_KNOTS('',1,(#1613,#1614),.UNSPECIFIED.,.F.,
  .F.,(2,2),(0.,5.),.PIECEWISE_BEZIER_KNOTS.);
#1613 = CARTESIAN_POINT('',(-11.3,-2.5,1.4));
#1614 = CARTESIAN_POINT('',(-6.3,-2.5,1.4));
#1615 = ORIENTED_EDGE('',*,*,#1539,.T.);
#1616 = ORIENTED_EDGE('',*,*,#1617,.T.);
#1617 = EDGE_CURVE('',#1542,#1578,#1618,.T.);
#1618 = B_SPLINE_CURVE_WITH_KNOTS('',1,(#1619,#1620),.UNSPECIFIED.,.F.,
  .F.,(2,2),(0.,5.),.PIECEWISE_BEZIER_KNOTS.);
#1619 = CARTESIAN_POINT('',(-11.3,-2.5,6.4));
#1620 = CARTESIAN_POINT('',(-6.3,-2.5,6.4));
#1621 = ORIENTED_EDGE('',*,*,#1575,.F.);
#1622 = B_SPLINE_SURFACE_WITH_KNOTS('',1,1,(
    (#1623,#1624)
    ,(#1625,#1626
    )),.UNSPECIFIED.,.F.,.F.,.F.,(2,2),(2,2),(0.,5.),(0.,5.),
  .PIECEWISE_BEZIER_KNOTS.);
#1623 = CARTESIAN_POINT('',(-11.3,-2.5,1.4));
#1624 = CARTESIAN_POINT('',(-6.3,-2.5,1.4));
#1625 = CARTESIAN_POINT('',(-11.3,-2.5,6.4));
#1626 = CARTESIAN_POINT('',(-6.3,-2.5,6.4));
#1627 = ADVANCED_FACE('',(#1628),#1642,.T.);
#1628 = FACE_BOUND('',#1629,.T.);
#1629 = EDGE_LOOP('',(#1630,#1635,#1636,#1641));
#1630 = ORIENTED_EDGE('',*,*,#1631,.F.);
#1631 = EDGE_CURVE('',#1549,#1585,#1632,.T.);
#1632 = B_SPLINE_CURVE_WITH_KNOTS('',1,(#1633,#1634),.UNSPECIFIED.,.F.,
  .F.,(2,2),(0.,5.),.PIECEWISE_BEZIER_KNOTS.);
#1633 = CARTESIAN_POINT('',(-11.3,2.5,1.4));
#1634 = CARTESIAN_POINT('',(-6.3,2.5,1.4));
#1635 = ORIENTED_EDGE('',*,*,#1555,.T.);
#1636 = ORIENTED_EDGE('',*,*,#1637,.T.);
#1637 = EDGE_CURVE('',#1556,#1592,#1638,.T.);
#1638 = B_SPLINE_CURVE_WITH_KNOTS('',1,(#1639,#1640),.UNSPECIFIED.,.F.,
  .F.,(2,2),(0.,5.),.PIECEWISE_BEZIER_KNOTS.);
#1639 = CARTESIAN_POINT('',(-11.3,2.5,6.4));
#1640 = CARTESIAN_POINT('',(-6.3,2.5,6.4));
#1641 = ORIENTED_EDGE('',*,*,#1591,.F.);
#1642 = B_SPLINE_SURFACE_WITH_KNOTS('',1,1,(
    (#1643,#1644)
    ,(#1645,#1646
    )),.UNSPECIFIED.,.F.,.F.,.F.,(2,2),(2,2),(0.,5.),(0.,5.),
  .PIECEWISE_BEZIER_KNOTS.);
#1643 = CARTESIAN_POINT('',(-11.3,2.5,1.4));
#1644 = CARTESIAN_POINT('',(-6.3,2.5,1.4));
#1645 = CARTESIAN_POINT('',(-11.3,2.5,6.4));
#1646 = CARTESIAN_POINT('',(-6.3,2.5,6.4));
#1647 = ADVANCED_FACE('',(#1648),#1654,.F.);
#1648 = FACE_BOUND('',#1649,.F.);
#1649 = EDGE_LOOP('',(#1650,#1651,#1652,#1653));
#1650 = ORIENTED_EDGE('',*,*,#1548,.F.);
#1651 = ORIENTED_EDGE('',*,*,#1611,.T.);
#1652 = ORIENTED_EDGE('',*,*,#1584,.T.);
#1653 = ORIENTED_EDGE('',*,*,#1631,.F.);
#1654 = B_SPLINE_SURFACE_WITH_KNOTS('',1,1,(
    (#1655,#1656)
    ,(#1657,#1658
    )),.UNSPECIFIED.,.F.,.F.,.F.,(2,2),(2,2),(0.,5.),(0.,5.),
  .PIECEWISE_BEZIER_KNOTS.);
#1655 = CARTESIAN_POINT('',(-11.3,-2.5,1.4));
#1656 = CARTESIAN_POINT('',(-11.3,2.5,1.4));
#1657 = CARTESIAN_POINT('',(-6.3,-2.5,1.4));
#1658 = CARTESIAN_POINT('',(-6.3,2.5,1.4));
#1659 = ADVANCED_FACE('',(#1660),#1666,.T.);
#1660 = FACE_BOUND('',#1661,.T.);
#1661 = EDGE_LOOP('',(#1662,#1663,#1664,#1665));
#1662 = ORIENTED_EDGE('',*,*,#1562,.F.);
#1663 = ORIENTED_EDGE('',*,*,#1617,.T.);
#1664 = ORIENTED_EDGE('',*,*,#1598,.T.);
#1665 = ORIENTED_EDGE('',*,*,#1637,.F.);
#1666 = B_SPLINE_SURFACE_WITH_KNOTS('',1,1,(
    (#1667,#1668)
    ,(#1669,#1670
    )),.UNSPECIFIED.,.F.,.F.,.F.,(2,2),(2,2),(0.,5.),(0.,5.),
  .PIECEWISE_BEZIER_KNOTS.);
#1667 = CARTESIAN_POINT('',(-11.3,-2.5,6.4));
#1668 = CARTESIAN_POINT('',(-11.3,2.5,6.4));
#1669 = CARTESIAN_POINT('',(-6.3,-2.5,6.4));
#1670 = CARTESIAN_POINT('',(-6.3,2.5,6.4));
#1671 = MANIFOLD_SOLID_BREP('',#1672);
#1672 = CLOSED_SHELL('',(#1673,#1709,#1745,#1765,#1785,#1797));
#1673 = ADVANCED_FACE('',(#1674),#1704,.F.);
#1674 = FACE_BOUND('',#1675,.F.);
#1675 = EDGE_LOOP('',(#1676,#1685,#1692,#1699));
#1676 = ORIENTED_EDGE('',*,*,#1677,.F.);
#1677 = EDGE_CURVE('',#1678,#1680,#1682,.T.);
#1678 = VERTEX_POINT('',#1679);
#1679 = CARTESIAN_POINT('',(-2.5,-2.5,1.4));
#1680 = VERTEX_POINT('',#1681);
#1681 = CARTESIAN_POINT('',(-2.5,-2.5,6.4));
#1682 = B_SPLINE_CURVE_WITH_KNOTS('',1,(#1683,#1684),.UNSPECIFIED.,.F.,
  .F.,(2,2),(0.,5.),.PIECEWISE_BEZIER_KNOTS.);
#1683 = CARTESIAN_POINT('',(-2.5,-2.5,1.4));
#1684 = CARTESIAN_POINT('',(-2.5,-2.5,6.4));
#1685 = ORIENTED_EDGE('',*,*,#1686,.T.);
#1686 = EDGE_CURVE('',#1678,#1687,#1689,.T.);
#1687 = VERTEX_POINT('',#1688);
#1688 = CARTESIAN_POINT('',(-2.5,2.5,1.4));
#1689 = B_SPLINE_CURVE_WITH_KNOTS('',1,(#1690,#1691),.UNSPECIFIED.,.F.,
  .F.,(2,2),(0.,5.),.PIECEWISE_BEZIER_KNOTS.);
#1690 = CARTESIAN_POINT('',(-2.5,-2.5,1.4));
#1691 = CARTESIAN_POINT('',(-2.5,2.5,1.4));
#1692 = ORIENTED_EDGE('',*,*,#1693,.T.);
#1693 = EDGE_CURVE('',#1687,#1694,#1696,.T.);
#1694 = VERTEX_POINT('',#1695);
#1695 = CARTESIAN_POINT('',(-2.5,2.5,6.4));
#1696 = B_SPLINE_CURVE_WITH_KNOTS('',1,(#1697,#1698),.UNSPECIFIED.,.F.,
  .F.,(2,2),(0.,5.),.PIECEWISE_BEZIER_KNOTS.);
#1697 = CARTESIAN_POINT('',(-2.5,2.5,1.4));
#1698 = CARTESIAN_POINT('',(-2.5,2.5,6.4));
#1699 = ORIENTED_EDGE('',*,*,#1700,.F.);
#1700 = EDGE_CURVE('',#1680,#1694,#1701,.T.);
#1701 = B_SPLINE_CURVE_WITH_KNOTS('',1,(#1702,#1703),.UNSPECIFIED.,.F.,
  .F.,(2,2),(0.,5.),.PIECEWISE_BEZIER_KNOTS.);
#1702 = CARTESIAN_POINT('',(-2.5,-2.5,6.4));
#1703 = CARTESIAN_POINT('',(-2.5,2.5,6.4));
#1704 = B_SPLINE_SURFACE_WITH_KNOTS('',1,1,(
    (#1705,#1706)
    ,(#1707,#1708
    )),.UNSPECIFIED.,.F.,.F.,.F.,(2,2),(2,2),(0.,5.),(-5.,0.),
  .PIECEWISE_BEZIER_KNOTS.);
#1705 = CARTESIAN_POINT('',(-2.5,2.5,1.4));
#1706 = CARTESIAN_POINT('',(-2.5,-2.5,1.4));
#1707 = CARTESIAN_POINT('',(-2.5,2.5,6.4));
#1708 = CARTESIAN_POINT('',(-2.5,-2.5,6.4));
#1709 = ADVANCED_FACE('',(#1710),#1740,.T.);
#1710 = FACE_BOUND('',#1711,.T.);
#1711 = EDGE_LOOP('',(#1712,#1721,#1728,#1735));
#1712 = ORIENTED_EDGE('',*,*,#1713,.F.);
#1713 = EDGE_CURVE('',#1714,#1716,#1718,.T.);
#1714 = VERTEX_POINT('',#1715);
#1715 = CARTESIAN_POINT('',(2.5,-2.5,1.4));
#1716 = VERTEX_POINT('',#1717);
#1717 = CARTESIAN_POINT('',(2.5,-2.5,6.4));
#1718 = B_SPLINE_CURVE_WITH_KNOTS('',1,(#1719,#1720),.UNSPECIFIED.,.F.,
  .F.,(2,2),(0.,5.),.PIECEWISE_BEZIER_KNOTS.);
#1719 = CARTESIAN_POINT('',(2.5,-2.5,1.4));
#1720 = CARTESIAN_POINT('',(2.5,-2.5,6.4));
#1721 = ORIENTED_EDGE('',*,*,#1722,.T.);
#1722 = EDGE_CURVE('',#1714,#1723,#1725,.T.);
#1723 = VERTEX_POINT('',#1724);
#1724 = CARTESIAN_POINT('',(2.5,2.5,1.4));
#1725 = B_SPLINE_CURVE_WITH_KNOTS('',1,(#1726,#1727),.UNSPECIFIED.,.F.,
  .F.,(2,2),(0.,5.),.PIECEWISE_BEZIER_KNOTS.);
#1726 = CARTESIAN_POINT('',(2.5,-2.5,1.4));
#1727 = CARTESIAN_POINT('',(2.5,2.5,1.4));
#1728 = ORIENTED_EDGE('',*,*,#1729,.T.);
#1729 = EDGE_CURVE('',#1723,#1730,#1732,.T.);
#1730 = VERTEX_POINT('',#1731);
#1731 = CARTESIAN_POINT('',(2.5,2.5,6.4));
#1732 = B_SPLINE_CURVE_WITH_KNOTS('',1,(#1733,#1734),.UNSPECIFIED.,.F.,
  .F.,(2,2),(0.,5.),.PIECEWISE_BEZIER_KNOTS.);
#1733 = CARTESIAN_POINT('',(2.5,2.5,1.4));
#1734 = CARTESIAN_POINT('',(2.5,2.5,6.4));
#1735 = ORIENTED_EDGE('',*,*,#1736,.F.);
#1736 = EDGE_CURVE('',#1716,#1730,#1737,.T.);
#1737 = B_SPLINE_CURVE_WITH_KNOTS('',1,(#1738,#1739),.UNSPECIFIED.,.F.,
  .F.,(2,2),(0.,5.),.PIECEWISE_BEZIER_KNOTS.);
#1738 = CARTESIAN_POINT('',(2.5,-2.5,6.4));
#1739 = CARTESIAN_POINT('',(2.5,2.5,6.4));
#1740 = B_SPLINE_SURFACE_WITH_KNOTS('',1,1,(
    (#1741,#1742)
    ,(#1743,#1744
    )),.UNSPECIFIED.,.F.,.F.,.F.,(2,2),(2,2),(0.,5.),(-5.,0.),
  .PIECEWISE_BEZIER_KNOTS.);
#1741 = CARTESIAN_POINT('',(2.5,2.5,1.4));
#1742 = CARTESIAN_POINT('',(2.5,-2.5,1.4));
#1743 = CARTESIAN_POINT('',(2.5,2.5,6.4));
#1744 = CARTESIAN_POINT('',(2.5,-2.5,6.4));
#1745 = ADVANCED_FACE('',(#1746),#1760,.F.);
#1746 = FACE_BOUND('',#1747,.F.);
#1747 = EDGE_LOOP('',(#1748,#1753,#1754,#1759));
#1748 = ORIENTED_EDGE('',*,*,#1749,.F.);
#1749 = EDGE_CURVE('',#1678,#1714,#1750,.T.);
#1750 = B_SPLINE_CURVE_WITH_KNOTS('',1,(#1751,#1752),.UNSPECIFIED.,.F.,
  .F.,(2,2),(0.,5.),.PIECEWISE_BEZIER_KNOTS.);
#1751 = CARTESIAN_POINT('',(-2.5,-2.5,1.4));
#1752 = CARTESIAN_POINT('',(2.5,-2.5,1.4));
#1753 = ORIENTED_EDGE('',*,*,#1677,.T.);
#1754 = ORIENTED_EDGE('',*,*,#1755,.T.);
#1755 = EDGE_CURVE('',#1680,#1716,#1756,.T.);
#1756 = B_SPLINE_CURVE_WITH_KNOTS('',1,(#1757,#1758),.UNSPECIFIED.,.F.,
  .F.,(2,2),(0.,5.),.PIECEWISE_BEZIER_KNOTS.);
#1757 = CARTESIAN_POINT('',(-2.5,-2.5,6.4));
#1758 = CARTESIAN_POINT('',(2.5,-2.5,6.4));
#1759 = ORIENTED_EDGE('',*,*,#1713,.F.);
#1760 = B_SPLINE_SURFACE_WITH_KNOTS('',1,1,(
    (#1761,#1762)
    ,(#1763,#1764
    )),.UNSPECIFIED.,.F.,.F.,.F.,(2,2),(2,2),(0.,5.),(0.,5.),
  .PIECEWISE_BEZIER_KNOTS.);
#1761 = CARTESIAN_POINT('',(-2.5,-2.5,1.4));
#1762 = CARTESIAN_POINT('',(2.5,-2.5,1.4));
#1763 = CARTESIAN_POINT('',(-2.5,-2.5,6.4));
#1764 = CARTESIAN_POINT('',(2.5,-2.5,6.4));
#1765 = ADVANCED_FACE('',(#1766),#1780,.T.);
#1766 = FACE_BOUND('',#1767,.T.);
#1767 = EDGE_LOOP('',(#1768,#1773,#1774,#1779));
#1768 = ORIENTED_EDGE('',*,*,#1769,.F.);
#1769 = EDGE_CURVE('',#1687,#1723,#1770,.T.);
#1770 = B_SPLINE_CURVE_WITH_KNOTS('',1,(#1771,#1772),.UNSPECIFIED.,.F.,
  .F.,(2,2),(0.,5.),.PIECEWISE_BEZIER_KNOTS.);
#1771 = CARTESIAN_POINT('',(-2.5,2.5,1.4));
#1772 = CARTESIAN_POINT('',(2.5,2.5,1.4));
#1773 = ORIENTED_EDGE('',*,*,#1693,.T.);
#1774 = ORIENTED_EDGE('',*,*,#1775,.T.);
#1775 = EDGE_CURVE('',#1694,#1730,#1776,.T.);
#1776 = B_SPLINE_CURVE_WITH_KNOTS('',1,(#1777,#1778),.UNSPECIFIED.,.F.,
  .F.,(2,2),(0.,5.),.PIECEWISE_BEZIER_KNOTS.);
#1777 = CARTESIAN_POINT('',(-2.5,2.5,6.4));
#1778 = CARTESIAN_POINT('',(2.5,2.5,6.4));
#1779 = ORIENTED_EDGE('',*,*,#1729,.F.);
#1780 = B_SPLINE_SURFACE_WITH_KNOTS('',1,1,(
    (#1781,#1782)
    ,(#1783,#1784
    )),.UNSPECIFIED.,.F.,.F.,.F.,(2,2),(2,2),(0.,5.),(0.,5.),
  .PIECEWISE_BEZIER_KNOTS.);
#1781 = CARTESIAN_POINT('',(-2.5,2.5,1.4));
#1782 = CARTESIAN_POINT('',(2.5,2.5,1.4));
#1783 = CARTESIAN_POINT('',(-2.5,2.5,6.4));
#1784 = CARTESIAN_POINT('',(2.5,2.5,6.4));
#1785 = ADVANCED_FACE('',(#1786),#1792,.F.);
#1786 = FACE_BOUND('',#1787,.F.);
#1787 = EDGE_LOOP('',(#1788,#1789,#1790,#1791));
#1788 = ORIENTED_EDGE('',*,*,#1686,.F.);
#1789 = ORIENTED_EDGE('',*,*,#1749,.T.);
#1790 = ORIENTED_EDGE('',*,*,#1722,.T.);
#1791 = ORIENTED_EDGE('',*,*,#1769,.F.);
#1792 = B_SPLINE_SURFACE_WITH_KNOTS('',1,1,(
    (#1793,#1794)
    ,(#1795,#1796
    )),.UNSPECIFIED.,.F.,.F.,.F.,(2,2),(2,2),(0.,5.),(0.,5.),
  .PIECEWISE_BEZIER_KNOTS.);
#1793 = CARTESIAN_POINT('',(-2.5,-2.5,1.4));
#1794 = CARTESIAN_POINT('',(-2.5,2.5,1.4));
#1795 = CARTESIAN_POINT('',(2.5,-2.5,1.4));
#1796 = CARTESIAN_POINT('',(2.5,2.5,1.4));
#1797 = ADVANCED_FACE('',(#1798),#1804,.T.);
#1798 = FACE_BOUND('',#1799,.T.);
#1799 = EDGE_LOOP('',(#1800,#1801,#1802,#1803));
#1800 = ORIENTED_EDGE('',*,*,#1700,.F.);
#1801 = ORIENTED_EDGE('',*,*,#1755,.T.);
#1802 = ORIENTED_EDGE('',*,*,#1736,.T.);
#1803 = ORIENTED_EDGE('',*,*,#1775,.F.);
#1804 = B_SPLINE_SURFACE_WITH_KNOTS('',1,1,(
    (#1805,#1806)
    ,(#1807,#1808
    )),.UNSPECIFIED.,.F.,.F.,.F.,(2,2),(2,2),(0.,5.),(0.,5.),
  .PIECEWISE_BEZIER_KNOTS.);
#1805 = CARTESIAN_POINT('',(-2.5,-2.5,6.4));
#1806 = CARTESIAN_POINT('',(-2.5,2.5,6.4));
#1807 = CARTESIAN_POINT('',(2.5,-2.5,6.4));
#1808 = CARTESIAN_POINT('',(2.5,2.5,6.4));
#1809 = MANIFOLD_SOLID_BREP('',#1810);
#1810 = CLOSED_SHELL('',(#1811,#1847,#1883,#1903,#1923,#1935));
#1811 = ADVANCED_FACE('',(#1812),#1842,.F.);
#1812 = FACE_BOUND('',#1813,.F.);
#1813 = EDGE_LOOP('',(#1814,#1823,#1830,#1837));
#1814 = ORIENTED_EDGE('',*,*,#1815,.F.);
#1815 = EDGE_CURVE('',#1816,#1818,#1820,.T.);
#1816 = VERTEX_POINT('',#1817);
#1817 = CARTESIAN_POINT('',(6.3,-2.5,1.4));
#1818 = VERTEX_POINT('',#1819);
#1819 = CARTESIAN_POINT('',(6.3,-2.5,6.4));
#1820 = B_SPLINE_CURVE_WITH_KNOTS('',1,(#1821,#1822),.UNSPECIFIED.,.F.,
  .F.,(2,2),(0.,5.),.PIECEWISE_BEZIER_KNOTS.);
#1821 = CARTESIAN_POINT('',(6.3,-2.5,1.4));
#1822 = CARTESIAN_POINT('',(6.3,-2.5,6.4));
#1823 = ORIENTED_EDGE('',*,*,#1824,.T.);
#1824 = EDGE_CURVE('',#1816,#1825,#1827,.T.);
#1825 = VERTEX_POINT('',#1826);
#1826 = CARTESIAN_POINT('',(6.3,2.5,1.4));
#1827 = B_SPLINE_CURVE_WITH_KNOTS('',1,(#1828,#1829),.UNSPECIFIED.,.F.,
  .F.,(2,2),(0.,5.),.PIECEWISE_BEZIER_KNOTS.);
#1828 = CARTESIAN_POINT('',(6.3,-2.5,1.4));
#1829 = CARTESIAN_POINT('',(6.3,2.5,1.4));
#1830 = ORIENTED_EDGE('',*,*,#1831,.T.);
#1831 = EDGE_CURVE('',#1825,#1832,#1834,.T.);
#1832 = VERTEX_POINT('',#1833);
#1833 = CARTESIAN_POINT('',(6.3,2.5,6.4));
#1834 = B_SPLINE_CURVE_WITH_KNOTS('',1,(#1835,#1836),.UNSPECIFIED.,.F.,
  .F.,(2,2),(0.,5.),.PIECEWISE_BEZIER_KNOTS.);
#1835 = CARTESIAN_POINT('',(6.3,2.5,1.4));
#1836 = CARTESIAN_POINT('',(6.3,2.5,6.4));
#1837 = ORIENTED_EDGE('',*,*,#1838,.F.);
#1838 = EDGE_CURVE('',#1818,#1832,#1839,.T.);
#1839 = B_SPLINE_CURVE_WITH_KNOTS('',1,(#1840,#1841),.UNSPECIFIED.,.F.,
  .F.,(2,2),(0.,5.),.PIECEWISE_BEZIER_KNOTS.);
#1840 = CARTESIAN_POINT('',(6.3,-2.5,6.4));
#1841 = CARTESIAN_POINT('',(6.3,2.5,6.4));
#1842 = B_SPLINE_SURFACE_WITH_KNOTS('',1,1,(
    (#1843,#1844)
    ,(#1845,#1846
    )),.UNSPECIFIED.,.F.,.F.,.F.,(2,2),(2,2),(0.,5.),(-5.,0.),
  .PIECEWISE_BEZIER_KNOTS.);
#1843 = CARTESIAN_POINT('',(6.3,2.5,1.4));
#1844 = CARTESIAN_POINT('',(6.3,-2.5,1.4));
#1845 = CARTESIAN_POINT('',(6.3,2.5,6.4));
#1846 = CARTESIAN_POINT('',(6.3,-2.5,6.4));
#1847 = ADVANCED_FACE('',(#1848),#1878,.T.);
#1848 = FACE_BOUND('',#1849,.T.);
#1849 = EDGE_LOOP('',(#1850,#1859,#1866,#1873));
#1850 = ORIENTED_EDGE('',*,*,#1851,.F.);
#1851 = EDGE_CURVE('',#1852,#1854,#1856,.T.);
#1852 = VERTEX_POINT('',#1853);
#1853 = CARTESIAN_POINT('',(11.3,-2.5,1.4));
#1854 = VERTEX_POINT('',#1855);
#1855 = CARTESIAN_POINT('',(11.3,-2.5,6.4));
#1856 = B_SPLINE_CURVE_WITH_KNOTS('',1,(#1857,#1858),.UNSPECIFIED.,.F.,
  .F.,(2,2),(0.,5.),.PIECEWISE_BEZIER_KNOTS.);
#1857 = CARTESIAN_POINT('',(11.3,-2.5,1.4));
#1858 = CARTESIAN_POINT('',(11.3,-2.5,6.4));
#1859 = ORIENTED_EDGE('',*,*,#1860,.T.);
#1860 = EDGE_CURVE('',#1852,#1861,#1863,.T.);
#1861 = VERTEX_POINT('',#1862);
#1862 = CARTESIAN_POINT('',(11.3,2.5,1.4));
#1863 = B_SPLINE_CURVE_WITH_KNOTS('',1,(#1864,#1865),.UNSPECIFIED.,.F.,
  .F.,(2,2),(0.,5.),.PIECEWISE_BEZIER_KNOTS.);
#1864 = CARTESIAN_POINT('',(11.3,-2.5,1.4));
#1865 = CARTESIAN_POINT('',(11.3,2.5,1.4));
#1866 = ORIENTED_EDGE('',*,*,#1867,.T.);
#1867 = EDGE_CURVE('',#1861,#1868,#1870,.T.);
#1868 = VERTEX_POINT('',#1869);
#1869 = CARTESIAN_POINT('',(11.3,2.5,6.4));
#1870 = B_SPLINE_CURVE_WITH_KNOTS('',1,(#1871,#1872),.UNSPECIFIED.,.F.,
  .F.,(2,2),(0.,5.),.PIECEWISE_BEZIER_KNOTS.);
#1871 = CARTESIAN_POINT('',(11.3,2.5,1.4));
#1872 = CARTESIAN_POINT('',(11.3,2.5,6.4));
#1873 = ORIENTED_EDGE('',*,*,#1874,.F.);
#1874 = EDGE_CURVE('',#1854,#1868,#1875,.T.);
#1875 = B_SPLINE_CURVE_WITH_KNOTS('',1,(#1876,#1877),.UNSPECIFIED.,.F.,
  .F.,(2,2),(0.,5.),.PIECEWISE_BEZIER_KNOTS.);
#1876 = CARTESIAN_POINT('',(11.3,-2.5,6.4));
#1877 = CARTESIAN_POINT('',(11.3,2.5,6.4));
#1878 = B_SPLINE_SURFACE_WITH_KNOTS('',1,1,(
    (#1879,#1880)
    ,(#1881,#1882
    )),.UNSPECIFIED.,.F.,.F.,.F.,(2,2),(2,2),(0.,5.),(-5.,0.),
  .PIECEWISE_BEZIER_KNOTS.);
#1879 = CARTESIAN_POINT('',(11.3,2.5,1.4));
#1880 = CARTESIAN_POINT('',(11.3,-2.5,1.4));
#1881 = CARTESIAN_POINT('',(11.3,2.5,6.4));
#1882 = CARTESIAN_POINT('',(11.3,-2.5,6.4));
#1883 = ADVANCED_FACE('',(#1884),#1898,.F.);
#1884 = FACE_BOUND('',#1885,.F.);
#1885 = EDGE_LOOP('',(#1886,#1891,#1892,#1897));
#1886 = ORIENTED_EDGE('',*,*,#1887,.F.);
#1887 = EDGE_CURVE('',#1816,#1852,#1888,.T.);
#1888 = B_SPLINE_CURVE_WITH_KNOTS('',1,(#1889,#1890),.UNSPECIFIED.,.F.,
  .F.,(2,2),(0.,5.),.PIECEWISE_BEZIER_KNOTS.);
#1889 = CARTESIAN_POINT('',(6.3,-2.5,1.4));
#1890 = CARTESIAN_POINT('',(11.3,-2.5,1.4));
#1891 = ORIENTED_EDGE('',*,*,#1815,.T.);
#1892 = ORIENTED_EDGE('',*,*,#1893,.T.);
#1893 = EDGE_CURVE('',#1818,#1854,#1894,.T.);
#1894 = B_SPLINE_CURVE_WITH_KNOTS('',1,(#1895,#1896),.UNSPECIFIED.,.F.,
  .F.,(2,2),(0.,5.),.PIECEWISE_BEZIER_KNOTS.);
#1895 = CARTESIAN_POINT('',(6.3,-2.5,6.4));
#1896 = CARTESIAN_POINT('',(11.3,-2.5,6.4));
#1897 = ORIENTED_EDGE('',*,*,#1851,.F.);
#1898 = B_SPLINE_SURFACE_WITH_KNOTS('',1,1,(
    (#1899,#1900)
    ,(#1901,#1902
    )),.UNSPECIFIED.,.F.,.F.,.F.,(2,2),(2,2),(0.,5.),(0.,5.),
  .PIECEWISE_BEZIER_KNOTS.);
#1899 = CARTESIAN_POINT('',(6.3,-2.5,1.4));
#1900 = CARTESIAN_POINT('',(11.3,-2.5,1.4));
#1901 = CARTESIAN_POINT('',(6.3,-2.5,6.4));
#1902 = CARTESIAN_POINT('',(11.3,-2.5,6.4));
#1903 = ADVANCED_FACE('',(#1904),#1918,.T.);
#1904 = FACE_BOUND('',#1905,.T.);
#1905 = EDGE_LOOP('',(#1906,#1911,#1912,#1917));
#1906 = ORIENTED_EDGE('',*,*,#1907,.F.);
#1907 = EDGE_CURVE('',#1825,#1861,#1908,.T.);
#1908 = B_SPLINE_CURVE_WITH_KNOTS('',1,(#1909,#1910),.UNSPECIFIED.,.F.,
  .F.,(2,2),(0.,5.),.PIECEWISE_BEZIER_KNOTS.);
#1909 = CARTESIAN_POINT('',(6.3,2.5,1.4));
#1910 = CARTESIAN_POINT('',(11.3,2.5,1.4));
#1911 = ORIENTED_EDGE('',*,*,#1831,.T.);
#1912 = ORIENTED_EDGE('',*,*,#1913,.T.);
#1913 = EDGE_CURVE('',#1832,#1868,#1914,.T.);
#1914 = B_SPLINE_CURVE_WITH_KNOTS('',1,(#1915,#1916),.UNSPECIFIED.,.F.,
  .F.,(2,2),(0.,5.),.PIECEWISE_BEZIER_KNOTS.);
#1915 = CARTESIAN_POINT('',(6.3,2.5,6.4));
#1916 = CARTESIAN_POINT('',(11.3,2.5,6.4));
#1917 = ORIENTED_EDGE('',*,*,#1867,.F.);
#1918 = B_SPLINE_SURFACE_WITH_KNOTS('',1,1,(
    (#1919,#1920)
    ,(#1921,#1922
    )),.UNSPECIFIED.,.F.,.F.,.F.,(2,2),(2,2),(0.,5.),(0.,5.),
  .PIECEWISE_BEZIER_KNOTS.);
#1919 = CARTESIAN_POINT('',(6.3,2.5,1.4));
#1920 = CARTESIAN_POINT('',(11.3,2.5,1.4));
#1921 = CARTESIAN_POINT('',(6.3,2.5,6.4));
#1922 = CARTESIAN_POINT('',(11.3,2.5,6.4));
#1923 = ADVANCED_FACE('',(#1924),#1930,.F.);
#1924 = FACE_BOUND('',#1925,.F.);
#1925 = EDGE_LOOP('',(#1926,#1927,#1928,#1929));
#1926 = ORIENTED_EDGE('',*,*,#1824,.F.);
#1927 = ORIENTED_EDGE('',*,*,#1887,.T.);
#1928 = ORIENTED_EDGE('',*,*,#1860,.T.);
#1929 = ORIENTED_EDGE('',*,*,#1907,.F.);
#1930 = B_SPLINE_SURFACE_WITH_KNOTS('',1,1,(
    (#1931,#1932)
    ,(#1933,#1934
    )),.UNSPECIFIED.,.F.,.F.,.F.,(2,2),(2,2),(0.,5.),(0.,5.),
  .PIECEWISE_BEZIER_KNOTS.);
#1931 = CARTESIAN_POINT('',(6.3,-2.5,1.4));
#1932 = CARTESIAN_POINT('',(6.3,2.5,1.4));
#1933 = CARTESIAN_POINT('',(11.3,-2.5,1.4));
#1934 = CARTESIAN_POINT('',(11.3,2.5,1.4));
#1935 = ADVANCED_FACE('',(#1936),#1942,.T.);
#1936 = FACE_BOUND('',#1937,.T.);
#1937 = EDGE_LOOP('',(#1938,#1939,#1940,#1941));
#1938 = ORIENTED_EDGE('',*,*,#1838,.F.);
#1939 = ORIENTED_EDGE('',*,*,#1893,.T.);
#1940 = ORIENTED_EDGE('',*,*,#1874,.T.);
#1941 = ORIENTED_EDGE('',*,*,#1913,.F.);
#1942 = B_SPLINE_SURFACE_WITH_KNOTS('',1,1,(
    (#1943,#1944)
    ,(#1945,#1946
    )),.UNSPECIFIED.,.F.,.F.,.F.,(2,2),(2,2),(0.,5.),(0.,5.),
  .PIECEWISE_BEZIER_KNOTS.);
#1943 = CARTESIAN_POINT('',(6.3,-2.5,6.4));
#1944 = CARTESIAN_POINT('',(6.3,2.5,6.4));
#1945 = CARTESIAN_POINT('',(11.3,-2.5,6.4));
#1946 = CARTESIAN_POINT('',(11.3,2.5,6.4));
#1947 = MANIFOLD_SOLID_BREP('',#1948);
#1948 = CLOSED_SHELL('',(#1949,#1985,#2021,#2041,#2061,#2073));
#1949 = ADVANCED_FACE('',(#1950),#1980,.F.);
#1950 = FACE_BOUND('',#1951,.F.);
#1951 = EDGE_LOOP('',(#1952,#1961,#1968,#1975));
#1952 = ORIENTED_EDGE('',*,*,#1953,.F.);
#1953 = EDGE_CURVE('',#1954,#1956,#1958,.T.);
#1954 = VERTEX_POINT('',#1955);
#1955 = CARTESIAN_POINT('',(15.1,-2.5,1.4));
#1956 = VERTEX_POINT('',#1957);
#1957 = CARTESIAN_POINT('',(15.1,-2.5,6.4));
#1958 = B_SPLINE_CURVE_WITH_KNOTS('',1,(#1959,#1960),.UNSPECIFIED.,.F.,
  .F.,(2,2),(0.,5.),.PIECEWISE_BEZIER_KNOTS.);
#1959 = CARTESIAN_POINT('',(15.1,-2.5,1.4));
#1960 = CARTESIAN_POINT('',(15.1,-2.5,6.4));
#1961 = ORIENTED_EDGE('',*,*,#1962,.T.);
#1962 = EDGE_CURVE('',#1954,#1963,#1965,.T.);
#1963 = VERTEX_POINT('',#1964);
#1964 = CARTESIAN_POINT('',(15.1,2.5,1.4));
#1965 = B_SPLINE_CURVE_WITH_KNOTS('',1,(#1966,#1967),.UNSPECIFIED.,.F.,
  .F.,(2,2),(0.,5.),.PIECEWISE_BEZIER_KNOTS.);
#1966 = CARTESIAN_POINT('',(15.1,-2.5,1.4));
#1967 = CARTESIAN_POINT('',(15.1,2.5,1.4));
#1968 = ORIENTED_EDGE('',*,*,#1969,.T.);
#1969 = EDGE_CURVE('',#1963,#1970,#1972,.T.);
#1970 = VERTEX_POINT('',#1971);
#1971 = CARTESIAN_POINT('',(15.1,2.5,6.4));
#1972 = B_SPLINE_CURVE_WITH_KNOTS('',1,(#1973,#1974),.UNSPECIFIED.,.F.,
  .F.,(2,2),(0.,5.),.PIECEWISE_BEZIER_KNOTS.);
#1973 = CARTESIAN_POINT('',(15.1,2.5,1.4));
#1974 = CARTESIAN_POINT('',(15.1,2.5,6.4));
#1975 = ORIENTED_EDGE('',*,*,#1976,.F.);
#1976 = EDGE_CURVE('',#1956,#1970,#1977,.T.);
#1977 = B_SPLINE_CURVE_WITH_KNOTS('',1,(#1978,#1979),.UNSPECIFIED.,.F.,
  .F.,(2,2),(0.,5.),.PIECEWISE_BEZIER_KNOTS.);
#1978 = CARTESIAN_POINT('',(15.1,-2.5,6.4));
#1979 = CARTESIAN_POINT('',(15.1,2.5,6.4));
#1980 = B_SPLINE_SURFACE_WITH_KNOTS('',1,1,(
    (#1981,#1982)
    ,(#1983,#1984
    )),.UNSPECIFIED.,.F.,.F.,.F.,(2,2),(2,2),(0.,5.),(-5.,0.),
  .PIECEWISE_BEZIER_KNOTS.);
#1981 = CARTESIAN_POINT('',(15.1,2.5,1.4));
#1982 = CARTESIAN_POINT('',(15.1,-2.5,1.4));
#1983 = CARTESIAN_POINT('',(15.1,2.5,6.4));
#1984 = CARTESIAN_POINT('',(15.1,-2.5,6.4));
#1985 = ADVANCED_FACE('',(#1986),#2016,.T.);
#1986 = FACE_BOUND('',#1987,.T.);
#1987 = EDGE_LOOP('',(#1988,#1997,#2004,#2011));
#1988 = ORIENTED_EDGE('',*,*,#1989,.F.);
#1989 = EDGE_CURVE('',#1990,#1992,#1994,.T.);
#1990 = VERTEX_POINT('',#1991);
#1991 = CARTESIAN_POINT('',(20.1,-2.5,1.4));
#1992 = VERTEX_POINT('',#1993);
#1993 = CARTESIAN_POINT('',(20.1,-2.5,6.4));
#1994 = B_SPLINE_CURVE_WITH_KNOTS('',1,(#1995,#1996),.UNSPECIFIED.,.F.,
  .F.,(2,2),(0.,5.),.PIECEWISE_BEZIER_KNOTS.);
#1995 = CARTESIAN_POINT('',(20.1,-2.5,1.4));
#1996 = CARTESIAN_POINT('',(20.1,-2.5,6.4));
#1997 = ORIENTED_EDGE('',*,*,#1998,.T.);
#1998 = EDGE_CURVE('',#1990,#1999,#2001,.T.);
#1999 = VERTEX_POINT('',#2000);
#2000 = CARTESIAN_POINT('',(20.1,2.5,1.4));
#2001 = B_SPLINE_CURVE_WITH_KNOTS('',1,(#2002,#2003),.UNSPECIFIED.,.F.,
  .F.,(2,2),(0.,5.),.PIECEWISE_BEZIER_KNOTS.);
#2002 = CARTESIAN_POINT('',(20.1,-2.5,1.4));
#2003 = CARTESIAN_POINT('',(20.1,2.5,1.4));
#2004 = ORIENTED_EDGE('',*,*,#2005,.T.);
#2005 = EDGE_CURVE('',#1999,#2006,#2008,.T.);
#2006 = VERTEX_POINT('',#2007);
#2007 = CARTESIAN_POINT('',(20.1,2.5,6.4));
#2008 = B_SPLINE_CURVE_WITH_KNOTS('',1,(#2009,#2010),.UNSPECIFIED.,.F.,
  .F.,(2,2),(0.,5.),.PIECEWISE_BEZIER_KNOTS.);
#2009 = CARTESIAN_POINT('',(20.1,2.5,1.4));
#2010 = CARTESIAN_POINT('',(20.1,2.5,6.4));
#2011 = ORIENTED_EDGE('',*,*,#2012,.F.);
#2012 = EDGE_CURVE('',#1992,#2006,#2013,.T.);
#2013 = B_SPLINE_CURVE_WITH_KNOTS('',1,(#2014,#2015),.UNSPECIFIED.,.F.,
  .F.,(2,2),(0.,5.),.PIECEWISE_BEZIER_KNOTS.);
#2014 = CARTESIAN_POINT('',(20.1,-2.5,6.4));
#2015 = CARTESIAN_POINT('',(20.1,2.5,6.4));
#2016 = B_SPLINE_SURFACE_WITH_KNOTS('',1,1,(
    (#2017,#2018)
    ,(#2019,#2020
    )),.UNSPECIFIED.,.F.,.F.,.F.,(2,2),(2,2),(0.,5.),(-5.,0.),
  .PIECEWISE_BEZIER_KNOTS.);
#2017 = CARTESIAN_POINT('',(20.1,2.5,1.4));
#2018 = CARTESIAN_POINT('',(20.1,-2.5,1.4));
#2019 = CARTESIAN_POINT('',(20.1,2.5,6.4));
#2020 = CARTESIAN_POINT('',(20.1,-2.5,6.4));
#2021 = ADVANCED_FACE('',(#2022),#2036,.F.);
#2022 = FACE_BOUND('',#2023,.F.);
#2023 = EDGE_LOOP('',(#2024,#2029,#2030,#2035));
#2024 = ORIENTED_EDGE('',*,*,#2025,.F.);
#2025 = EDGE_CURVE('',#1954,#1990,#2026,.T.);
#2026 = B_SPLINE_CURVE_WITH_KNOTS('',1,(#2027,#2028),.UNSPECIFIED.,.F.,
  .F.,(2,2),(0.,5.),.PIECEWISE_BEZIER_KNOTS.);
#2027 = CARTESIAN_POINT('',(15.1,-2.5,1.4));
#2028 = CARTESIAN_POINT('',(20.1,-2.5,1.4));
#2029 = ORIENTED_EDGE('',*,*,#1953,.T.);
#2030 = ORIENTED_EDGE('',*,*,#2031,.T.);
#2031 = EDGE_CURVE('',#1956,#1992,#2032,.T.);
#2032 = B_SPLINE_CURVE_WITH_KNOTS('',1,(#2033,#2034),.UNSPECIFIED.,.F.,
  .F.,(2,2),(0.,5.),.PIECEWISE_BEZIER_KNOTS.);
#2033 = CARTESIAN_POINT('',(15.1,-2.5,6.4));
#2034 = CARTESIAN_POINT('',(20.1,-2.5,6.4));
#2035 = ORIENTED_EDGE('',*,*,#1989,.F.);
#2036 = B_SPLINE_SURFACE_WITH_KNOTS('',1,1,(
    (#2037,#2038)
    ,(#2039,#2040
    )),.UNSPECIFIED.,.F.,.F.,.F.,(2,2),(2,2),(0.,5.),(0.,5.),
  .PIECEWISE_BEZIER_KNOTS.);
#2037 = CARTESIAN_POINT('',(15.1,-2.5,1.4));
#2038 = CARTESIAN_POINT('',(20.1,-2.5,1.4));
#2039 = CARTESIAN_POINT('',(15.1,-2.5,6.4));
#2040 = CARTESIAN_POINT('',(20.1,-2.5,6.4));
#2041 = ADVANCED_FACE('',(#2042),#2056,.T.);
#2042 = FACE_BOUND('',#2043,.T.);
#2043 = EDGE_LOOP('',(#2044,#2049,#2050,#2055));
#2044 = ORIENTED_EDGE('',*,*,#2045,.F.);
#2045 = EDGE_CURVE('',#1963,#1999,#2046,.T.);
#2046 = B_SPLINE_CURVE_WITH_KNOTS('',1,(#2047,#2048),.UNSPECIFIED.,.F.,
  .F.,(2,2),(0.,5.),.PIECEWISE_BEZIER_KNOTS.);
#2047 = CARTESIAN_POINT('',(15.1,2.5,1.4));
#2048 = CARTESIAN_POINT('',(20.1,2.5,1.4));
#2049 = ORIENTED_EDGE('',*,*,#1969,.T.);
#2050 = ORIENTED_EDGE('',*,*,#2051,.T.);
#2051 = EDGE_CURVE('',#1970,#2006,#2052,.T.);
#2052 = B_SPLINE_CURVE_WITH_KNOTS('',1,(#2053,#2054),.UNSPECIFIED.,.F.,
  .F.,(2,2),(0.,5.),.PIECEWISE_BEZIER_KNOTS.);
#2053 = CARTESIAN_POINT('',(15.1,2.5,6.4));
#2054 = CARTESIAN_POINT('',(20.1,2.5,6.4));
#2055 = ORIENTED_EDGE('',*,*,#2005,.F.);
#2056 = B_SPLINE_SURFACE_WITH_KNOTS('',1,1,(
    (#2057,#2058)
    ,(#2059,#2060
    )),.UNSPECIFIED.,.F.,.F.,.F.,(2,2),(2,2),(0.,5.),(0.,5.),
  .PIECEWISE_BEZIER_KNOTS.);
#2057 = CARTESIAN_POINT('',(15.1,2.5,1.4));
#2058 = CARTESIAN_POINT('',(20.1,2.5,1.4));
#2059 = CARTESIAN_POINT('',(15.1,2.5,6.4));
#2060 = CARTESIAN_POINT('',(20.1,2.5,6.4));
#2061 = ADVANCED_FACE('',(#2062),#2068,.F.);
#2062 = FACE_BOUND('',#2063,.F.);
#2063 = EDGE_LOOP('',(#2064,#2065,#2066,#2067));
#2064 = ORIENTED_EDGE('',*,*,#1962,.F.);
#2065 = ORIENTED_EDGE('',*,*,#2025,.T.);
#2066 = ORIENTED_EDGE('',*,*,#1998,.T.);
#2067 = ORIENTED_EDGE('',*,*,#2045,.F.);
#2068 = B_SPLINE_SURFACE_WITH_KNOTS('',1,1,(
    (#2069,#2070)
    ,(#2071,#2072
    )),.UNSPECIFIED.,.F.,.F.,.F.,(2,2),(2,2),(0.,5.),(0.,5.),
  .PIECEWISE_BEZIER_KNOTS.);
#2069 = CARTESIAN_POINT('',(15.1,-2.5,1.4));
#2070 = CARTESIAN_POINT('',(15.1,2.5,1.4));
#2071 = CARTESIAN_POINT('',(20.1,-2.5,1.4));
#2072 = CARTESIAN_POINT('',(20.1,2.5,1.4));
#2073 = ADVANCED_FACE('',(#2074),#2080,.T.);
#2074 = FACE_BOUND('',#2075,.T.);
#2075 = EDGE_LOOP('',(#2076,#2077,#2078,#2079));
#2076 = ORIENTED_EDGE('',*,*,#1976,.F.);
#2077 = ORIENTED_EDGE('',*,*,#2031,.T.);
#2078 = ORIENTED_EDGE('',*,*,#2012,.T.);
#2079 = ORIENTED_EDGE('',*,*,#2051,.F.);
#2080 = B_SPLINE_SURFACE_WITH_KNOTS('',1,1,(
    (#2081,#2082)
    ,(#2083,#2084
    )),.UNSPECIFIED.,.F.,.F.,.F.,(2,2),(2,2),(0.,5.),(0.,5.),
  .PIECEWISE_BEZIER_KNOTS.);
#2081 = CARTESIAN_POINT('',(15.1,-2.5,6.4));
#2082 = CARTESIAN_POINT('',(15.1,2.5,6.4));
#2083 = CARTESIAN_POINT('',(20.1,-2.5,6.4));
#2084 = CARTESIAN_POINT('',(20.1,2.5,6.4));
#2085 = MANIFOLD_SOLID_BREP('',#2086);
#2086 = CLOSED_SHELL('',(#2087,#2123,#2159,#2179,#2199,#2211));
#2087 = ADVANCED_FACE('',(#2088),#2118,.F.);
#2088 = FACE_BOUND('',#2089,.F.);
#2089 = EDGE_LOOP('',(#2090,#2099,#2106,#2113));
#2090 = ORIENTED_EDGE('',*,*,#2091,.F.);
#2091 = EDGE_CURVE('',#2092,#2094,#2096,.T.);
#2092 = VERTEX_POINT('',#2093);
#2093 = CARTESIAN_POINT('',(-20.1,6.3,1.4));
#2094 = VERTEX_POINT('',#2095);
#2095 = CARTESIAN_POINT('',(-20.1,6.3,6.4));
#2096 = B_SPLINE_CURVE_WITH_KNOTS('',1,(#2097,#2098),.UNSPECIFIED.,.F.,
  .F.,(2,2),(0.,5.),.PIECEWISE_BEZIER_KNOTS.);
#2097 = CARTESIAN_POINT('',(-20.1,6.3,1.4));
#2098 = CARTESIAN_POINT('',(-20.1,6.3,6.4));
#2099 = ORIENTED_EDGE('',*,*,#2100,.T.);
#2100 = EDGE_CURVE('',#2092,#2101,#2103,.T.);
#2101 = VERTEX_POINT('',#2102);
#2102 = CARTESIAN_POINT('',(-20.1,11.3,1.4));
#2103 = B_SPLINE_CURVE_WITH_KNOTS('',1,(#2104,#2105),.UNSPECIFIED.,.F.,
  .F.,(2,2),(0.,5.),.PIECEWISE_BEZIER_KNOTS.);
#2104 = CARTESIAN_POINT('',(-20.1,6.3,1.4));
#2105 = CARTESIAN_POINT('',(-20.1,11.3,1.4));
#2106 = ORIENTED_EDGE('',*,*,#2107,.T.);
#2107 = EDGE_CURVE('',#2101,#2108,#2110,.T.);
#2108 = VERTEX_POINT('',#2109);
#2109 = CARTESIAN_POINT('',(-20.1,11.3,6.4));
#2110 = B_SPLINE_CURVE_WITH_KNOTS('',1,(#2111,#2112),.UNSPECIFIED.,.F.,
  .F.,(2,2),(0.,5.),.PIECEWISE_BEZIER_KNOTS.);
#2111 = CARTESIAN_POINT('',(-20.1,11.3,1.4));
#2112 = CARTESIAN_POINT('',(-20.1,11.3,6.4));
#2113 = ORIENTED_EDGE('',*,*,#2114,.F.);
#2114 = EDGE_CURVE('',#2094,#2108,#2115,.T.);
#2115 = B_SPLINE_CURVE_WITH_KNOTS('',1,(#2116,#2117),.UNSPECIFIED.,.F.,
  .F.,(2,2),(0.,5.),.PIECEWISE_BEZIER_KNOTS.);
#2116 = CARTESIAN_POINT('',(-20.1,6.3,6.4));
#2117 = CARTESIAN_POINT('',(-20.1,11.3,6.4));
#2118 = B_SPLINE_SURFACE_WITH_KNOTS('',1,1,(
    (#2119,#2120)
    ,(#2121,#2122
    )),.UNSPECIFIED.,.F.,.F.,.F.,(2,2),(2,2),(0.,5.),(-5.,0.),
  .PIECEWISE_BEZIER_KNOTS.);
#2119 = CARTESIAN_POINT('',(-20.1,11.3,1.4));
#2120 = CARTESIAN_POINT('',(-20.1,6.3,1.4));
#2121 = CARTESIAN_POINT('',(-20.1,11.3,6.4));
#2122 = CARTESIAN_POINT('',(-20.1,6.3,6.4));
#2123 = ADVANCED_FACE('',(#2124),#2154,.T.);
#2124 = FACE_BOUND('',#2125,.T.);
#2125 = EDGE_LOOP('',(#2126,#2135,#2142,#2149));
#2126 = ORIENTED_EDGE('',*,*,#2127,.F.);
#2127 = EDGE_CURVE('',#2128,#2130,#2132,.T.);
#2128 = VERTEX_POINT('',#2129);
#2129 = CARTESIAN_POINT('',(-15.1,6.3,1.4));
#2130 = VERTEX_POINT('',#2131);
#2131 = CARTESIAN_POINT('',(-15.1,6.3,6.4));
#2132 = B_SPLINE_CURVE_WITH_KNOTS('',1,(#2133,#2134),.UNSPECIFIED.,.F.,
  .F.,(2,2),(0.,5.),.PIECEWISE_BEZIER_KNOTS.);
#2133 = CARTESIAN_POINT('',(-15.1,6.3,1.4));
#2134 = CARTESIAN_POINT('',(-15.1,6.3,6.4));
#2135 = ORIENTED_EDGE('',*,*,#2136,.T.);
#2136 = EDGE_CURVE('',#2128,#2137,#2139,.T.);
#2137 = VERTEX_POINT('',#2138);
#2138 = CARTESIAN_POINT('',(-15.1,11.3,1.4));
#2139 = B_SPLINE_CURVE_WITH_KNOTS('',1,(#2140,#2141),.UNSPECIFIED.,.F.,
  .F.,(2,2),(0.,5.),.PIECEWISE_BEZIER_KNOTS.);
#2140 = CARTESIAN_POINT('',(-15.1,6.3,1.4));
#2141 = CARTESIAN_POINT('',(-15.1,11.3,1.4));
#2142 = ORIENTED_EDGE('',*,*,#2143,.T.);
#2143 = EDGE_CURVE('',#2137,#2144,#2146,.T.);
#2144 = VERTEX_POINT('',#2145);
#2145 = CARTESIAN_POINT('',(-15.1,11.3,6.4));
#2146 = B_SPLINE_CURVE_WITH_KNOTS('',1,(#2147,#2148),.UNSPECIFIED.,.F.,
  .F.,(2,2),(0.,5.),.PIECEWISE_BEZIER_KNOTS.);
#2147 = CARTESIAN_POINT('',(-15.1,11.3,1.4));
#2148 = CARTESIAN_POINT('',(-15.1,11.3,6.4));
#2149 = ORIENTED_EDGE('',*,*,#2150,.F.);
#2150 = EDGE_CURVE('',#2130,#2144,#2151,.T.);
#2151 = B_SPLINE_CURVE_WITH_KNOTS('',1,(#2152,#2153),.UNSPECIFIED.,.F.,
  .F.,(2,2),(0.,5.),.PIECEWISE_BEZIER_KNOTS.);
#2152 = CARTESIAN_POINT('',(-15.1,6.3,6.4));
#2153 = CARTESIAN_POINT('',(-15.1,11.3,6.4));
#2154 = B_SPLINE_SURFACE_WITH_KNOTS('',1,1,(
    (#2155,#2156)
    ,(#2157,#2158
    )),.UNSPECIFIED.,.F.,.F.,.F.,(2,2),(2,2),(0.,5.),(-5.,0.),
  .PIECEWISE_BEZIER_KNOTS.);
#2155 = CARTESIAN_POINT('',(-15.1,11.3,1.4));
#2156 = CARTESIAN_POINT('',(-15.1,6.3,1.4));
#2157 = CARTESIAN_POINT('',(-15.1,11.3,6.4));
#2158 = CARTESIAN_POINT('',(-15.1,6.3,6.4));
#2159 = ADVANCED_FACE('',(#2160),#2174,.F.);
#2160 = FACE_BOUND('',#2161,.F.);
#2161 = EDGE_LOOP('',(#2162,#2167,#2168,#2173));
#2162 = ORIENTED_EDGE('',*,*,#2163,.F.);
#2163 = EDGE_CURVE('',#2092,#2128,#2164,.T.);
#2164 = B_SPLINE_CURVE_WITH_KNOTS('',1,(#2165,#2166),.UNSPECIFIED.,.F.,
  .F.,(2,2),(0.,5.),.PIECEWISE_BEZIER_KNOTS.);
#2165 = CARTESIAN_POINT('',(-20.1,6.3,1.4));
#2166 = CARTESIAN_POINT('',(-15.1,6.3,1.4));
#2167 = ORIENTED_EDGE('',*,*,#2091,.T.);
#2168 = ORIENTED_EDGE('',*,*,#2169,.T.);
#2169 = EDGE_CURVE('',#2094,#2130,#2170,.T.);
#2170 = B_SPLINE_CURVE_WITH_KNOTS('',1,(#2171,#2172),.UNSPECIFIED.,.F.,
  .F.,(2,2),(0.,5.),.PIECEWISE_BEZIER_KNOTS.);
#2171 = CARTESIAN_POINT('',(-20.1,6.3,6.4));
#2172 = CARTESIAN_POINT('',(-15.1,6.3,6.4));
#2173 = ORIENTED_EDGE('',*,*,#2127,.F.);
#2174 = B_SPLINE_SURFACE_WITH_KNOTS('',1,1,(
    (#2175,#2176)
    ,(#2177,#2178
    )),.UNSPECIFIED.,.F.,.F.,.F.,(2,2),(2,2),(0.,5.),(0.,5.),
  .PIECEWISE_BEZIER_KNOTS.);
#2175 = CARTESIAN_POINT('',(-20.1,6.3,1.4));
#2176 = CARTESIAN_POINT('',(-15.1,6.3,1.4));
#2177 = CARTESIAN_POINT('',(-20.1,6.3,6.4));
#2178 = CARTESIAN_POINT('',(-15.1,6.3,6.4));
#2179 = ADVANCED_FACE('',(#2180),#2194,.T.);
#2180 = FACE_BOUND('',#2181,.T.);
#2181 = EDGE_LOOP('',(#2182,#2187,#2188,#2193));
#2182 = ORIENTED_EDGE('',*,*,#2183,.F.);
#2183 = EDGE_CURVE('',#2101,#2137,#2184,.T.);
#2184 = B_SPLINE_CURVE_WITH_KNOTS('',1,(#2185,#2186),.UNSPECIFIED.,.F.,
  .F.,(2,2),(0.,5.),.PIECEWISE_BEZIER_KNOTS.);
#2185 = CARTESIAN_POINT('',(-20.1,11.3,1.4));
#2186 = CARTESIAN_POINT('',(-15.1,11.3,1.4));
#2187 = ORIENTED_EDGE('',*,*,#2107,.T.);
#2188 = ORIENTED_EDGE('',*,*,#2189,.T.);
#2189 = EDGE_CURVE('',#2108,#2144,#2190,.T.);
#2190 = B_SPLINE_CURVE_WITH_KNOTS('',1,(#2191,#2192),.UNSPECIFIED.,.F.,
  .F.,(2,2),(0.,5.),.PIECEWISE_BEZIER_KNOTS.);
#2191 = CARTESIAN_POINT('',(-20.1,11.3,6.4));
#2192 = CARTESIAN_POINT('',(-15.1,11.3,6.4));
#2193 = ORIENTED_EDGE('',*,*,#2143,.F.);
#2194 = B_SPLINE_SURFACE_WITH_KNOTS('',1,1,(
    (#2195,#2196)
    ,(#2197,#2198
    )),.UNSPECIFIED.,.F.,.F.,.F.,(2,2),(2,2),(0.,5.),(0.,5.),
  .PIECEWISE_BEZIER_KNOTS.);
#2195 = CARTESIAN_POINT('',(-20.1,11.3,1.4));
#2196 = CARTESIAN_POINT('',(-15.1,11.3,1.4));
#2197 = CARTESIAN_POINT('',(-20.1,11.3,6.4));
#2198 = CARTESIAN_POINT('',(-15.1,11.3,6.4));
#2199 = ADVANCED_FACE('',(#2200),#2206,.F.);
#2200 = FACE_BOUND('',#2201,.F.);
#2201 = EDGE_LOOP('',(#2202,#2203,#2204,#2205));
#2202 = ORIENTED_EDGE('',*,*,#2100,.F.);
#2203 = ORIENTED_EDGE('',*,*,#2163,.T.);
#2204 = ORIENTED_EDGE('',*,*,#2136,.T.);
#2205 = ORIENTED_EDGE('',*,*,#2183,.F.);
#2206 = B_SPLINE_SURFACE_WITH_KNOTS('',1,1,(
    (#2207,#2208)
    ,(#2209,#2210
    )),.UNSPECIFIED.,.F.,.F.,.F.,(2,2),(2,2),(0.,5.),(0.,5.),
  .PIECEWISE_BEZIER_KNOTS.);
#2207 = CARTESIAN_POINT('',(-20.1,6.3,1.4));
#2208 = CARTESIAN_POINT('',(-20.1,11.3,1.4));
#2209 = CARTESIAN_POINT('',(-15.1,6.3,1.4));
#2210 = CARTESIAN_POINT('',(-15.1,11.3,1.4));
#2211 = ADVANCED_FACE('',(#2212),#2218,.T.);
#2212 = FACE_BOUND('',#2213,.T.);
#2213 = EDGE_LOOP('',(#2214,#2215,#2216,#2217));
#2214 = ORIENTED_EDGE('',*,*,#2114,.F.);
#2215 = ORIENTED_EDGE('',*,*,#2169,.T.);
#2216 = ORIENTED_EDGE('',*,*,#2150,.T.);
#2217 = ORIENTED_EDGE('',*,*,#2189,.F.);
#2218 = B_SPLINE_SURFACE_WITH_KNOTS('',1,1,(
    (#2219,#2220)
    ,(#2221,#2222
    )),.UNSPECIFIED.,.F.,.F.,.F.,(2,2),(2,2),(0.,5.),(0.,5.),
  .PIECEWISE_BEZIER_KNOTS.);
#2219 = CARTESIAN_POINT('',(-20.1,6.3,6.4));
#2220 = CARTESIAN_POINT('',(-20.1,11.3,6.4));
#2221 = CARTESIAN_POINT('',(-15.1,6.3,6.4));
#2222 = CARTESIAN_POINT('',(-15.1,11.3,6.4));
#2223 = MANIFOLD_SOLID_BREP('',#2224);
#2224 = CLOSED_SHELL('',(#2225,#2261,#2297,#2317,#2337,#2349));
#2225 = ADVANCED_FACE('',(#2226),#2256,.F.);
#2226 = FACE_BOUND('',#2227,.F.);
#2227 = EDGE_LOOP('',(#2228,#2237,#2244,#2251));
#2228 = ORIENTED_EDGE('',*,*,#2229,.F.);
#2229 = EDGE_CURVE('',#2230,#2232,#2234,.T.);
#2230 = VERTEX_POINT('',#2231);
#2231 = CARTESIAN_POINT('',(-11.3,6.3,1.4));
#2232 = VERTEX_POINT('',#2233);
#2233 = CARTESIAN_POINT('',(-11.3,6.3,6.4));
#2234 = B_SPLINE_CURVE_WITH_KNOTS('',1,(#2235,#2236),.UNSPECIFIED.,.F.,
  .F.,(2,2),(0.,5.),.PIECEWISE_BEZIER_KNOTS.);
#2235 = CARTESIAN_POINT('',(-11.3,6.3,1.4));
#2236 = CARTESIAN_POINT('',(-11.3,6.3,6.4));
#2237 = ORIENTED_EDGE('',*,*,#2238,.T.);
#2238 = EDGE_CURVE('',#2230,#2239,#2241,.T.);
#2239 = VERTEX_POINT('',#2240);
#2240 = CARTESIAN_POINT('',(-11.3,11.3,1.4));
#2241 = B_SPLINE_CURVE_WITH_KNOTS('',1,(#2242,#2243),.UNSPECIFIED.,.F.,
  .F.,(2,2),(0.,5.),.PIECEWISE_BEZIER_KNOTS.);
#2242 = CARTESIAN_POINT('',(-11.3,6.3,1.4));
#2243 = CARTESIAN_POINT('',(-11.3,11.3,1.4));
#2244 = ORIENTED_EDGE('',*,*,#2245,.T.);
#2245 = EDGE_CURVE('',#2239,#2246,#2248,.T.);
#2246 = VERTEX_POINT('',#2247);
#2247 = CARTESIAN_POINT('',(-11.3,11.3,6.4));
#2248 = B_SPLINE_CURVE_WITH_KNOTS('',1,(#2249,#2250),.UNSPECIFIED.,.F.,
  .F.,(2,2),(0.,5.),.PIECEWISE_BEZIER_KNOTS.);
#2249 = CARTESIAN_POINT('',(-11.3,11.3,1.4));
#2250 = CARTESIAN_POINT('',(-11.3,11.3,6.4));
#2251 = ORIENTED_EDGE('',*,*,#2252,.F.);
#2252 = EDGE_CURVE('',#2232,#2246,#2253,.T.);
#2253 = B_SPLINE_CURVE_WITH_KNOTS('',1,(#2254,#2255),.UNSPECIFIED.,.F.,
  .F.,(2,2),(0.,5.),.PIECEWISE_BEZIER_KNOTS.);
#2254 = CARTESIAN_POINT('',(-11.3,6.3,6.4));
#2255 = CARTESIAN_POINT('',(-11.3,11.3,6.4));
#2256 = B_SPLINE_SURFACE_WITH_KNOTS('',1,1,(
    (#2257,#2258)
    ,(#2259,#2260
    )),.UNSPECIFIED.,.F.,.F.,.F.,(2,2),(2,2),(0.,5.),(-5.,0.),
  .PIECEWISE_BEZIER_KNOTS.);
#2257 = CARTESIAN_POINT('',(-11.3,11.3,1.4));
#2258 = CARTESIAN_POINT('',(-11.3,6.3,1.4));
#2259 = CARTESIAN_POINT('',(-11.3,11.3,6.4));
#2260 = CARTESIAN_POINT('',(-11.3,6.3,6.4));
#2261 = ADVANCED_FACE('',(#2262),#2292,.T.);
#2262 = FACE_BOUND('',#2263,.T.);
#2263 = EDGE_LOOP('',(#2264,#2273,#2280,#2287));
#2264 = ORIENTED_EDGE('',*,*,#2265,.F.);
#2265 = EDGE_CURVE('',#2266,#2268,#2270,.T.);
#2266 = VERTEX_POINT('',#2267);
#2267 = CARTESIAN_POINT('',(-6.3,6.3,1.4));
#2268 = VERTEX_POINT('',#2269);
#2269 = CARTESIAN_POINT('',(-6.3,6.3,6.4));
#2270 = B_SPLINE_CURVE_WITH_KNOTS('',1,(#2271,#2272),.UNSPECIFIED.,.F.,
  .F.,(2,2),(0.,5.),.PIECEWISE_BEZIER_KNOTS.);
#2271 = CARTESIAN_POINT('',(-6.3,6.3,1.4));
#2272 = CARTESIAN_POINT('',(-6.3,6.3,6.4));
#2273 = ORIENTED_EDGE('',*,*,#2274,.T.);
#2274 = EDGE_CURVE('',#2266,#2275,#2277,.T.);
#2275 = VERTEX_POINT('',#2276);
#2276 = CARTESIAN_POINT('',(-6.3,11.3,1.4));
#2277 = B_SPLINE_CURVE_WITH_KNOTS('',1,(#2278,#2279),.UNSPECIFIED.,.F.,
  .F.,(2,2),(0.,5.),.PIECEWISE_BEZIER_KNOTS.);
#2278 = CARTESIAN_POINT('',(-6.3,6.3,1.4));
#2279 = CARTESIAN_POINT('',(-6.3,11.3,1.4));
#2280 = ORIENTED_EDGE('',*,*,#2281,.T.);
#2281 = EDGE_CURVE('',#2275,#2282,#2284,.T.);
#2282 = VERTEX_POINT('',#2283);
#2283 = CARTESIAN_POINT('',(-6.3,11.3,6.4));
#2284 = B_SPLINE_CURVE_WITH_KNOTS('',1,(#2285,#2286),.UNSPECIFIED.,.F.,
  .F.,(2,2),(0.,5.),.PIECEWISE_BEZIER_KNOTS.);
#2285 = CARTESIAN_POINT('',(-6.3,11.3,1.4));
#2286 = CARTESIAN_POINT('',(-6.3,11.3,6.4));
#2287 = ORIENTED_EDGE('',*,*,#2288,.F.);
#2288 = EDGE_CURVE('',#2268,#2282,#2289,.T.);
#2289 = B_SPLINE_CURVE_WITH_KNOTS('',1,(#2290,#2291),.UNSPECIFIED.,.F.,
  .F.,(2,2),(0.,5.),.PIECEWISE_BEZIER_KNOTS.);
#2290 = CARTESIAN_POINT('',(-6.3,6.3,6.4));
#2291 = CARTESIAN_POINT('',(-6.3,11.3,6.4));
#2292 = B_SPLINE_SURFACE_WITH_KNOTS('',1,1,(
    (#2293,#2294)
    ,(#2295,#2296
    )),.UNSPECIFIED.,.F.,.F.,.F.,(2,2),(2,2),(0.,5.),(-5.,0.),
  .PIECEWISE_BEZIER_KNOTS.);
#2293 = CARTESIAN_POINT('',(-6.3,11.3,1.4));
#2294 = CARTESIAN_POINT('',(-6.3,6.3,1.4));
#2295 = CARTESIAN_POINT('',(-6.3,11.3,6.4));
#2296 = CARTESIAN_POINT('',(-6.3,6.3,6.4));
#2297 = ADVANCED_FACE('',(#2298),#2312,.F.);
#2298 = FACE_BOUND('',#2299,.F.);
#2299 = EDGE_LOOP('',(#2300,#2305,#2306,#2311));
#2300 = ORIENTED_EDGE('',*,*,#2301,.F.);
#2301 = EDGE_CURVE('',#2230,#2266,#2302,.T.);
#2302 = B_SPLINE_CURVE_WITH_KNOTS('',1,(#2303,#2304),.UNSPECIFIED.,.F.,
  .F.,(2,2),(0.,5.),.PIECEWISE_BEZIER_KNOTS.);
#2303 = CARTESIAN_POINT('',(-11.3,6.3,1.4));
#2304 = CARTESIAN_POINT('',(-6.3,6.3,1.4));
#2305 = ORIENTED_EDGE('',*,*,#2229,.T.);
#2306 = ORIENTED_EDGE('',*,*,#2307,.T.);
#2307 = EDGE_CURVE('',#2232,#2268,#2308,.T.);
#2308 = B_SPLINE_CURVE_WITH_KNOTS('',1,(#2309,#2310),.UNSPECIFIED.,.F.,
  .F.,(2,2),(0.,5.),.PIECEWISE_BEZIER_KNOTS.);
#2309 = CARTESIAN_POINT('',(-11.3,6.3,6.4));
#2310 = CARTESIAN_POINT('',(-6.3,6.3,6.4));
#2311 = ORIENTED_EDGE('',*,*,#2265,.F.);
#2312 = B_SPLINE_SURFACE_WITH_KNOTS('',1,1,(
    (#2313,#2314)
    ,(#2315,#2316
    )),.UNSPECIFIED.,.F.,.F.,.F.,(2,2),(2,2),(0.,5.),(0.,5.),
  .PIECEWISE_BEZIER_KNOTS.);
#2313 = CARTESIAN_POINT('',(-11.3,6.3,1.4));
#2314 = CARTESIAN_POINT('',(-6.3,6.3,1.4));
#2315 = CARTESIAN_POINT('',(-11.3,6.3,6.4));
#2316 = CARTESIAN_POINT('',(-6.3,6.3,6.4));
#2317 = ADVANCED_FACE('',(#2318),#2332,.T.);
#2318 = FACE_BOUND('',#2319,.T.);
#2319 = EDGE_LOOP('',(#2320,#2325,#2326,#2331));
#2320 = ORIENTED_EDGE('',*,*,#2321,.F.);
#2321 = EDGE_CURVE('',#2239,#2275,#2322,.T.);
#2322 = B_SPLINE_CURVE_WITH_KNOTS('',1,(#2323,#2324),.UNSPECIFIED.,.F.,
  .F.,(2,2),(0.,5.),.PIECEWISE_BEZIER_KNOTS.);
#2323 = CARTESIAN_POINT('',(-11.3,11.3,1.4));
#2324 = CARTESIAN_POINT('',(-6.3,11.3,1.4));
#2325 = ORIENTED_EDGE('',*,*,#2245,.T.);
#2326 = ORIENTED_EDGE('',*,*,#2327,.T.);
#2327 = EDGE_CURVE('',#2246,#2282,#2328,.T.);
#2328 = B_SPLINE_CURVE_WITH_KNOTS('',1,(#2329,#2330),.UNSPECIFIED.,.F.,
  .F.,(2,2),(0.,5.),.PIECEWISE_BEZIER_KNOTS.);
#2329 = CARTESIAN_POINT('',(-11.3,11.3,6.4));
#2330 = CARTESIAN_POINT('',(-6.3,11.3,6.4));
#2331 = ORIENTED_EDGE('',*,*,#2281,.F.);
#2332 = B_SPLINE_SURFACE_WITH_KNOTS('',1,1,(
    (#2333,#2334)
    ,(#2335,#2336
    )),.UNSPECIFIED.,.F.,.F.,.F.,(2,2),(2,2),(0.,5.),(0.,5.),
  .PIECEWISE_BEZIER_KNOTS.);
#2333 = CARTESIAN_POINT('',(-11.3,11.3,1.4));
#2334 = CARTESIAN_POINT('',(-6.3,11.3,1.4));
#2335 = CARTESIAN_POINT('',(-11.3,11.3,6.4));
#2336 = CARTESIAN_POINT('',(-6.3,11.3,6.4));
#2337 = ADVANCED_FACE('',(#2338),#2344,.F.);
#2338 = FACE_BOUND('',#2339,.F.);
#2339 = EDGE_LOOP('',(#2340,#2341,#2342,#2343));
#2340 = ORIENTED_EDGE('',*,*,#2238,.F.);
#2341 = ORIENTED_EDGE('',*,*,#2301,.T.);
#2342 = ORIENTED_EDGE('',*,*,#2274,.T.);
#2343 = ORIENTED_EDGE('',*,*,#2321,.F.);
#2344 = B_SPLINE_SURFACE_WITH_KNOTS('',1,1,(
    (#2345,#2346)
    ,(#2347,#2348
    )),.UNSPECIFIED.,.F.,.F.,.F.,(2,2),(2,2),(0.,5.),(0.,5.),
  .PIECEWISE_BEZIER_KNOTS.);
#2345 = CARTESIAN_POINT('',(-11.3,6.3,1.4));
#2346 = CARTESIAN_POINT('',(-11.3,11.3,1.4));
#2347 = CARTESIAN_POINT('',(-6.3,6.3,1.4));
#2348 = CARTESIAN_POINT('',(-6.3,11.3,1.4));
#2349 = ADVANCED_FACE('',(#2350),#2356,.T.);
#2350 = FACE_BOUND('',#2351,.T.);
#2351 = EDGE_LOOP('',(#2352,#2353,#2354,#2355));
#2352 = ORIENTED_EDGE('',*,*,#2252,.F.);
#2353 = ORIENTED_EDGE('',*,*,#2307,.T.);
#2354 = ORIENTED_EDGE('',*,*,#2288,.T.);
#2355 = ORIENTED_EDGE('',*,*,#2327,.F.);
#2356 = B_SPLINE_SURFACE_WITH_KNOTS('',1,1,(
    (#2357,#2358)
    ,(#2359,#2360
    )),.UNSPECIFIED.,.F.,.F.,.F.,(2,2),(2,2),(0.,5.),(0.,5.),
  .PIECEWISE_BEZIER_KNOTS.);
#2357 = CARTESIAN_POINT('',(-11.3,6.3,6.4));
#2358 = CARTESIAN_POINT('',(-11.3,11.3,6.4));
#2359 = CARTESIAN_POINT('',(-6.3,6.3,6.4));
#2360 = CARTESIAN_POINT('',(-6.3,11.3,6.4));
#2361 = MANIFOLD_SOLID_BREP('',#2362);
#2362 = CLOSED_SHELL('',(#2363,#2399,#2435,#2455,#2475,#2487));
#2363 = ADVANCED_FACE('',(#2364),#2394,.F.);
#2364 = FACE_BOUND('',#2365,.F.);
#2365 = EDGE_LOOP('',(#2366,#2375,#2382,#2389));
#2366 = ORIENTED_EDGE('',*,*,#2367,.F.);
#2367 = EDGE_CURVE('',#2368,#2370,#2372,.T.);
#2368 = VERTEX_POINT('',#2369);
#2369 = CARTESIAN_POINT('',(-2.5,6.3,1.4));
#2370 = VERTEX_POINT('',#2371);
#2371 = CARTESIAN_POINT('',(-2.5,6.3,6.4));
#2372 = B_SPLINE_CURVE_WITH_KNOTS('',1,(#2373,#2374),.UNSPECIFIED.,.F.,
  .F.,(2,2),(0.,5.),.PIECEWISE_BEZIER_KNOTS.);
#2373 = CARTESIAN_POINT('',(-2.5,6.3,1.4));
#2374 = CARTESIAN_POINT('',(-2.5,6.3,6.4));
#2375 = ORIENTED_EDGE('',*,*,#2376,.T.);
#2376 = EDGE_CURVE('',#2368,#2377,#2379,.T.);
#2377 = VERTEX_POINT('',#2378);
#2378 = CARTESIAN_POINT('',(-2.5,11.3,1.4));
#2379 = B_SPLINE_CURVE_WITH_KNOTS('',1,(#2380,#2381),.UNSPECIFIED.,.F.,
  .F.,(2,2),(0.,5.),.PIECEWISE_BEZIER_KNOTS.);
#2380 = CARTESIAN_POINT('',(-2.5,6.3,1.4));
#2381 = CARTESIAN_POINT('',(-2.5,11.3,1.4));
#2382 = ORIENTED_EDGE('',*,*,#2383,.T.);
#2383 = EDGE_CURVE('',#2377,#2384,#2386,.T.);
#2384 = VERTEX_POINT('',#2385);
#2385 = CARTESIAN_POINT('',(-2.5,11.3,6.4));
#2386 = B_SPLINE_CURVE_WITH_KNOTS('',1,(#2387,#2388),.UNSPECIFIED.,.F.,
  .F.,(2,2),(0.,5.),.PIECEWISE_BEZIER_KNOTS.);
#2387 = CARTESIAN_POINT('',(-2.5,11.3,1.4));
#2388 = CARTESIAN_POINT('',(-2.5,11.3,6.4));
#2389 = ORIENTED_EDGE('',*,*,#2390,.F.);
#2390 = EDGE_CURVE('',#2370,#2384,#2391,.T.);
#2391 = B_SPLINE_CURVE_WITH_KNOTS('',1,(#2392,#2393),.UNSPECIFIED.,.F.,
  .F.,(2,2),(0.,5.),.PIECEWISE_BEZIER_KNOTS.);
#2392 = CARTESIAN_POINT('',(-2.5,6.3,6.4));
#2393 = CARTESIAN_POINT('',(-2.5,11.3,6.4));
#2394 = B_SPLINE_SURFACE_WITH_KNOTS('',1,1,(
    (#2395,#2396)
    ,(#2397,#2398
    )),.UNSPECIFIED.,.F.,.F.,.F.,(2,2),(2,2),(0.,5.),(-5.,0.),
  .PIECEWISE_BEZIER_KNOTS.);
#2395 = CARTESIAN_POINT('',(-2.5,11.3,1.4));
#2396 = CARTESIAN_POINT('',(-2.5,6.3,1.4));
#2397 = CARTESIAN_POINT('',(-2.5,11.3,6.4));
#2398 = CARTESIAN_POINT('',(-2.5,6.3,6.4));
#2399 = ADVANCED_FACE('',(#2400),#2430,.T.);
#2400 = FACE_BOUND('',#2401,.T.);
#2401 = EDGE_LOOP('',(#2402,#2411,#2418,#2425));
#2402 = ORIENTED_EDGE('',*,*,#2403,.F.);
#2403 = EDGE_CURVE('',#2404,#2406,#2408,.T.);
#2404 = VERTEX_POINT('',#2405);
#2405 = CARTESIAN_POINT('',(2.5,6.3,1.4));
#2406 = VERTEX_POINT('',#2407);
#2407 = CARTESIAN_POINT('',(2.5,6.3,6.4));
#2408 = B_SPLINE_CURVE_WITH_KNOTS('',1,(#2409,#2410),.UNSPECIFIED.,.F.,
  .F.,(2,2),(0.,5.),.PIECEWISE_BEZIER_KNOTS.);
#2409 = CARTESIAN_POINT('',(2.5,6.3,1.4));
#2410 = CARTESIAN_POINT('',(2.5,6.3,6.4));
#2411 = ORIENTED_EDGE('',*,*,#2412,.T.);
#2412 = EDGE_CURVE('',#2404,#2413,#2415,.T.);
#2413 = VERTEX_POINT('',#2414);
#2414 = CARTESIAN_POINT('',(2.5,11.3,1.4));
#2415 = B_SPLINE_CURVE_WITH_KNOTS('',1,(#2416,#2417),.UNSPECIFIED.,.F.,
  .F.,(2,2),(0.,5.),.PIECEWISE_BEZIER_KNOTS.);
#2416 = CARTESIAN_POINT('',(2.5,6.3,1.4));
#2417 = CARTESIAN_POINT('',(2.5,11.3,1.4));
#2418 = ORIENTED_EDGE('',*,*,#2419,.T.);
#2419 = EDGE_CURVE('',#2413,#2420,#2422,.T.);
#2420 = VERTEX_POINT('',#2421);
#2421 = CARTESIAN_POINT('',(2.5,11.3,6.4));
#2422 = B_SPLINE_CURVE_WITH_KNOTS('',1,(#2423,#2424),.UNSPECIFIED.,.F.,
  .F.,(2,2),(0.,5.),.PIECEWISE_BEZIER_KNOTS.);
#2423 = CARTESIAN_POINT('',(2.5,11.3,1.4));
#2424 = CARTESIAN_POINT('',(2.5,11.3,6.4));
#2425 = ORIENTED_EDGE('',*,*,#2426,.F.);
#2426 = EDGE_CURVE('',#2406,#2420,#2427,.T.);
#2427 = B_SPLINE_CURVE_WITH_KNOTS('',1,(#2428,#2429),.UNSPECIFIED.,.F.,
  .F.,(2,2),(0.,5.),.PIECEWISE_BEZIER_KNOTS.);
#2428 = CARTESIAN_POINT('',(2.5,6.3,6.4));
#2429 = CARTESIAN_POINT('',(2.5,11.3,6.4));
#2430 = B_SPLINE_SURFACE_WITH_KNOTS('',1,1,(
    (#2431,#2432)
    ,(#2433,#2434
    )),.UNSPECIFIED.,.F.,.F.,.F.,(2,2),(2,2),(0.,5.),(-5.,0.),
  .PIECEWISE_BEZIER_KNOTS.);
#2431 = CARTESIAN_POINT('',(2.5,11.3,1.4));
#2432 = CARTESIAN_POINT('',(2.5,6.3,1.4));
#2433 = CARTESIAN_POINT('',(2.5,11.3,6.4));
#2434 = CARTESIAN_POINT('',(2.5,6.3,6.4));
#2435 = ADVANCED_FACE('',(#2436),#2450,.F.);
#2436 = FACE_BOUND('',#2437,.F.);
#2437 = EDGE_LOOP('',(#2438,#2443,#2444,#2449));
#2438 = ORIENTED_EDGE('',*,*,#2439,.F.);
#2439 = EDGE_CURVE('',#2368,#2404,#2440,.T.);
#2440 = B_SPLINE_CURVE_WITH_KNOTS('',1,(#2441,#2442),.UNSPECIFIED.,.F.,
  .F.,(2,2),(0.,5.),.PIECEWISE_BEZIER_KNOTS.);
#2441 = CARTESIAN_POINT('',(-2.5,6.3,1.4));
#2442 = CARTESIAN_POINT('',(2.5,6.3,1.4));
#2443 = ORIENTED_EDGE('',*,*,#2367,.T.);
#2444 = ORIENTED_EDGE('',*,*,#2445,.T.);
#2445 = EDGE_CURVE('',#2370,#2406,#2446,.T.);
#2446 = B_SPLINE_CURVE_WITH_KNOTS('',1,(#2447,#2448),.UNSPECIFIED.,.F.,
  .F.,(2,2),(0.,5.),.PIECEWISE_BEZIER_KNOTS.);
#2447 = CARTESIAN_POINT('',(-2.5,6.3,6.4));
#2448 = CARTESIAN_POINT('',(2.5,6.3,6.4));
#2449 = ORIENTED_EDGE('',*,*,#2403,.F.);
#2450 = B_SPLINE_SURFACE_WITH_KNOTS('',1,1,(
    (#2451,#2452)
    ,(#2453,#2454
    )),.UNSPECIFIED.,.F.,.F.,.F.,(2,2),(2,2),(0.,5.),(0.,5.),
  .PIECEWISE_BEZIER_KNOTS.);
#2451 = CARTESIAN_POINT('',(-2.5,6.3,1.4));
#2452 = CARTESIAN_POINT('',(2.5,6.3,1.4));
#2453 = CARTESIAN_POINT('',(-2.5,6.3,6.4));
#2454 = CARTESIAN_POINT('',(2.5,6.3,6.4));
#2455 = ADVANCED_FACE('',(#2456),#2470,.T.);
#2456 = FACE_BOUND('',#2457,.T.);
#2457 = EDGE_LOOP('',(#2458,#2463,#2464,#2469));
#2458 = ORIENTED_EDGE('',*,*,#2459,.F.);
#2459 = EDGE_CURVE('',#2377,#2413,#2460,.T.);
#2460 = B_SPLINE_CURVE_WITH_KNOTS('',1,(#2461,#2462),.UNSPECIFIED.,.F.,
  .F.,(2,2),(0.,5.),.PIECEWISE_BEZIER_KNOTS.);
#2461 = CARTESIAN_POINT('',(-2.5,11.3,1.4));
#2462 = CARTESIAN_POINT('',(2.5,11.3,1.4));
#2463 = ORIENTED_EDGE('',*,*,#2383,.T.);
#2464 = ORIENTED_EDGE('',*,*,#2465,.T.);
#2465 = EDGE_CURVE('',#2384,#2420,#2466,.T.);
#2466 = B_SPLINE_CURVE_WITH_KNOTS('',1,(#2467,#2468),.UNSPECIFIED.,.F.,
  .F.,(2,2),(0.,5.),.PIECEWISE_BEZIER_KNOTS.);
#2467 = CARTESIAN_POINT('',(-2.5,11.3,6.4));
#2468 = CARTESIAN_POINT('',(2.5,11.3,6.4));
#2469 = ORIENTED_EDGE('',*,*,#2419,.F.);
#2470 = B_SPLINE_SURFACE_WITH_KNOTS('',1,1,(
    (#2471,#2472)
    ,(#2473,#2474
    )),.UNSPECIFIED.,.F.,.F.,.F.,(2,2),(2,2),(0.,5.),(0.,5.),
  .PIECEWISE_BEZIER_KNOTS.);
#2471 = CARTESIAN_POINT('',(-2.5,11.3,1.4));
#2472 = CARTESIAN_POINT('',(2.5,11.3,1.4));
#2473 = CARTESIAN_POINT('',(-2.5,11.3,6.4));
#2474 = CARTESIAN_POINT('',(2.5,11.3,6.4));
#2475 = ADVANCED_FACE('',(#2476),#2482,.F.);
#2476 = FACE_BOUND('',#2477,.F.);
#2477 = EDGE_LOOP('',(#2478,#2479,#2480,#2481));
#2478 = ORIENTED_EDGE('',*,*,#2376,.F.);
#2479 = ORIENTED_EDGE('',*,*,#2439,.T.);
#2480 = ORIENTED_EDGE('',*,*,#2412,.T.);
#2481 = ORIENTED_EDGE('',*,*,#2459,.F.);
#2482 = B_SPLINE_SURFACE_WITH_KNOTS('',1,1,(
    (#2483,#2484)
    ,(#2485,#2486
    )),.UNSPECIFIED.,.F.,.F.,.F.,(2,2),(2,2),(0.,5.),(0.,5.),
  .PIECEWISE_BEZIER_KNOTS.);
#2483 = CARTESIAN_POINT('',(-2.5,6.3,1.4));
#2484 = CARTESIAN_POINT('',(-2.5,11.3,1.4));
#2485 = CARTESIAN_POINT('',(2.5,6.3,1.4));
#2486 = CARTESIAN_POINT('',(2.5,11.3,1.4));
#2487 = ADVANCED_FACE('',(#2488),#2494,.T.);
#2488 = FACE_BOUND('',#2489,.T.);
#2489 = EDGE_LOOP('',(#2490,#2491,#2492,#2493));
#2490 = ORIENTED_EDGE('',*,*,#2390,.F.);
#2491 = ORIENTED_EDGE('',*,*,#2445,.T.);
#2492 = ORIENTED_EDGE('',*,*,#2426,.T.);
#2493 = ORIENTED_EDGE('',*,*,#2465,.F.);
#2494 = B_SPLINE_SURFACE_WITH_KNOTS('',1,1,(
    (#2495,#2496)
    ,(#2497,#2498
    )),.UNSPECIFIED.,.F.,.F.,.F.,(2,2),(2,2),(0.,5.),(0.,5.),
  .PIECEWISE_BEZIER_KNOTS.);
#2495 = CARTESIAN_POINT('',(-2.5,6.3,6.4));
#2496 = CARTESIAN_POINT('',(-2.5,11.3,6.4));
#2497 = CARTESIAN_POINT('',(2.5,6.3,6.4));
#2498 = CARTESIAN_POINT('',(2.5,11.3,6.4));
#2499 = MANIFOLD_SOLID_BREP('',#2500);
#2500 = CLOSED_SHELL('',(#2501,#2537,#2573,#2593,#2613,#2625));
#2501 = ADVANCED_FACE('',(#2502),#2532,.F.);
#2502 = FACE_BOUND('',#2503,.F.);
#2503 = EDGE_LOOP('',(#2504,#2513,#2520,#2527));
#2504 = ORIENTED_EDGE('',*,*,#2505,.F.);
#2505 = EDGE_CURVE('',#2506,#2508,#2510,.T.);
#2506 = VERTEX_POINT('',#2507);
#2507 = CARTESIAN_POINT('',(6.3,6.3,1.4));
#2508 = VERTEX_POINT('',#2509);
#2509 = CARTESIAN_POINT('',(6.3,6.3,6.4));
#2510 = B_SPLINE_CURVE_WITH_KNOTS('',1,(#2511,#2512),.UNSPECIFIED.,.F.,
  .F.,(2,2),(0.,5.),.PIECEWISE_BEZIER_KNOTS.);
#2511 = CARTESIAN_POINT('',(6.3,6.3,1.4));
#2512 = CARTESIAN_POINT('',(6.3,6.3,6.4));
#2513 = ORIENTED_EDGE('',*,*,#2514,.T.);
#2514 = EDGE_CURVE('',#2506,#2515,#2517,.T.);
#2515 = VERTEX_POINT('',#2516);
#2516 = CARTESIAN_POINT('',(6.3,11.3,1.4));
#2517 = B_SPLINE_CURVE_WITH_KNOTS('',1,(#2518,#2519),.UNSPECIFIED.,.F.,
  .F.,(2,2),(0.,5.),.PIECEWISE_BEZIER_KNOTS.);
#2518 = CARTESIAN_POINT('',(6.3,6.3,1.4));
#2519 = CARTESIAN_POINT('',(6.3,11.3,1.4));
#2520 = ORIENTED_EDGE('',*,*,#2521,.T.);
#2521 = EDGE_CURVE('',#2515,#2522,#2524,.T.);
#2522 = VERTEX_POINT('',#2523);
#2523 = CARTESIAN_POINT('',(6.3,11.3,6.4));
#2524 = B_SPLINE_CURVE_WITH_KNOTS('',1,(#2525,#2526),.UNSPECIFIED.,.F.,
  .F.,(2,2),(0.,5.),.PIECEWISE_BEZIER_KNOTS.);
#2525 = CARTESIAN_POINT('',(6.3,11.3,1.4));
#2526 = CARTESIAN_POINT('',(6.3,11.3,6.4));
#2527 = ORIENTED_EDGE('',*,*,#2528,.F.);
#2528 = EDGE_CURVE('',#2508,#2522,#2529,.T.);
#2529 = B_SPLINE_CURVE_WITH_KNOTS('',1,(#2530,#2531),.UNSPECIFIED.,.F.,
  .F.,(2,2),(0.,5.),.PIECEWISE_BEZIER_KNOTS.);
#2530 = CARTESIAN_POINT('',(6.3,6.3,6.4));
#2531 = CARTESIAN_POINT('',(6.3,11.3,6.4));
#2532 = B_SPLINE_SURFACE_WITH_KNOTS('',1,1,(
    (#2533,#2534)
    ,(#2535,#2536
    )),.UNSPECIFIED.,.F.,.F.,.F.,(2,2),(2,2),(0.,5.),(-5.,0.),
  .PIECEWISE_BEZIER_KNOTS.);
#2533 = CARTESIAN_POINT('',(6.3,11.3,1.4));
#2534 = CARTESIAN_POINT('',(6.3,6.3,1.4));
#2535 = CARTESIAN_POINT('',(6.3,11.3,6.4));
#2536 = CARTESIAN_POINT('',(6.3,6.3,6.4));
#2537 = ADVANCED_FACE('',(#2538),#2568,.T.);
#2538 = FACE_BOUND('',#2539,.T.);
#2539 = EDGE_LOOP('',(#2540,#2549,#2556,#2563));
#2540 = ORIENTED_EDGE('',*,*,#2541,.F.);
#2541 = EDGE_CURVE('',#2542,#2544,#2546,.T.);
#2542 = VERTEX_POINT('',#2543);
#2543 = CARTESIAN_POINT('',(11.3,6.3,1.4));
#2544 = VERTEX_POINT('',#2545);
#2545 = CARTESIAN_POINT('',(11.3,6.3,6.4));
#2546 = B_SPLINE_CURVE_WITH_KNOTS('',1,(#2547,#2548),.UNSPECIFIED.,.F.,
  .F.,(2,2),(0.,5.),.PIECEWISE_BEZIER_KNOTS.);
#2547 = CARTESIAN_POINT('',(11.3,6.3,1.4));
#2548 = CARTESIAN_POINT('',(11.3,6.3,6.4));
#2549 = ORIENTED_EDGE('',*,*,#2550,.T.);
#2550 = EDGE_CURVE('',#2542,#2551,#2553,.T.);
#2551 = VERTEX_POINT('',#2552);
#2552 = CARTESIAN_POINT('',(11.3,11.3,1.4));
#2553 = B_SPLINE_CURVE_WITH_KNOTS('',1,(#2554,#2555),.UNSPECIFIED.,.F.,
  .F.,(2,2),(0.,5.),.PIECEWISE_BEZIER_KNOTS.);
#2554 = CARTESIAN_POINT('',(11.3,6.3,1.4));
#2555 = CARTESIAN_POINT('',(11.3,11.3,1.4));
#2556 = ORIENTED_EDGE('',*,*,#2557,.T.);
#2557 = EDGE_CURVE('',#2551,#2558,#2560,.T.);
#2558 = VERTEX_POINT('',#2559);
#2559 = CARTESIAN_POINT('',(11.3,11.3,6.4));
#2560 = B_SPLINE_CURVE_WITH_KNOTS('',1,(#2561,#2562),.UNSPECIFIED.,.F.,
  .F.,(2,2),(0.,5.),.PIECEWISE_BEZIER_KNOTS.);
#2561 = CARTESIAN_POINT('',(11.3,11.3,1.4));
#2562 = CARTESIAN_POINT('',(11.3,11.3,6.4));
#2563 = ORIENTED_EDGE('',*,*,#2564,.F.);
#2564 = EDGE_CURVE('',#2544,#2558,#2565,.T.);
#2565 = B_SPLINE_CURVE_WITH_KNOTS('',1,(#2566,#2567),.UNSPECIFIED.,.F.,
  .F.,(2,2),(0.,5.),.PIECEWISE_BEZIER_KNOTS.);
#2566 = CARTESIAN_POINT('',(11.3,6.3,6.4));
#2567 = CARTESIAN_POINT('',(11.3,11.3,6.4));
#2568 = B_SPLINE_SURFACE_WITH_KNOTS('',1,1,(
    (#2569,#2570)
    ,(#2571,#2572
    )),.UNSPECIFIED.,.F.,.F.,.F.,(2,2),(2,2),(0.,5.),(-5.,0.),
  .PIECEWISE_BEZIER_KNOTS.);
#2569 = CARTESIAN_POINT('',(11.3,11.3,1.4));
#2570 = CARTESIAN_POINT('',(11.3,6.3,1.4));
#2571 = CARTESIAN_POINT('',(11.3,11.3,6.4));
#2572 = CARTESIAN_POINT('',(11.3,6.3,6.4));
#2573 = ADVANCED_FACE('',(#2574),#2588,.F.);
#2574 = FACE_BOUND('',#2575,.F.);
#2575 = EDGE_LOOP('',(#2576,#2581,#2582,#2587));
#2576 = ORIENTED_EDGE('',*,*,#2577,.F.);
#2577 = EDGE_CURVE('',#2506,#2542,#2578,.T.);
#2578 = B_SPLINE_CURVE_WITH_KNOTS('',1,(#2579,#2580),.UNSPECIFIED.,.F.,
  .F.,(2,2),(0.,5.),.PIECEWISE_BEZIER_KNOTS.);
#2579 = CARTESIAN_POINT('',(6.3,6.3,1.4));
#2580 = CARTESIAN_POINT('',(11.3,6.3,1.4));
#2581 = ORIENTED_EDGE('',*,*,#2505,.T.);
#2582 = ORIENTED_EDGE('',*,*,#2583,.T.);
#2583 = EDGE_CURVE('',#2508,#2544,#2584,.T.);
#2584 = B_SPLINE_CURVE_WITH_KNOTS('',1,(#2585,#2586),.UNSPECIFIED.,.F.,
  .F.,(2,2),(0.,5.),.PIECEWISE_BEZIER_KNOTS.);
#2585 = CARTESIAN_POINT('',(6.3,6.3,6.4));
#2586 = CARTESIAN_POINT('',(11.3,6.3,6.4));
#2587 = ORIENTED_EDGE('',*,*,#2541,.F.);
#2588 = B_SPLINE_SURFACE_WITH_KNOTS('',1,1,(
    (#2589,#2590)
    ,(#2591,#2592
    )),.UNSPECIFIED.,.F.,.F.,.F.,(2,2),(2,2),(0.,5.),(0.,5.),
  .PIECEWISE_BEZIER_KNOTS.);
#2589 = CARTESIAN_POINT('',(6.3,6.3,1.4));
#2590 = CARTESIAN_POINT('',(11.3,6.3,1.4));
#2591 = CARTESIAN_POINT('',(6.3,6.3,6.4));
#2592 = CARTESIAN_POINT('',(11.3,6.3,6.4));
#2593 = ADVANCED_FACE('',(#2594),#2608,.T.);
#2594 = FACE_BOUND('',#2595,.T.);
#2595 = EDGE_LOOP('',(#2596,#2601,#2602,#2607));
#2596 = ORIENTED_EDGE('',*,*,#2597,.F.);
#2597 = EDGE_CURVE('',#2515,#2551,#2598,.T.);
#2598 = B_SPLINE_CURVE_WITH_KNOTS('',1,(#2599,#2600),.UNSPECIFIED.,.F.,
  .F.,(2,2),(0.,5.),.PIECEWISE_BEZIER_KNOTS.);
#2599 = CARTESIAN_POINT('',(6.3,11.3,1.4));
#2600 = CARTESIAN_POINT('',(11.3,11.3,1.4));
#2601 = ORIENTED_EDGE('',*,*,#2521,.T.);
#2602 = ORIENTED_EDGE('',*,*,#2603,.T.);
#2603 = EDGE_CURVE('',#2522,#2558,#2604,.T.);
#2604 = B_SPLINE_CURVE_WITH_KNOTS('',1,(#2605,#2606),.UNSPECIFIED.,.F.,
  .F.,(2,2),(0.,5.),.PIECEWISE_BEZIER_KNOTS.);
#2605 = CARTESIAN_POINT('',(6.3,11.3,6.4));
#2606 = CARTESIAN_POINT('',(11.3,11.3,6.4));
#2607 = ORIENTED_EDGE('',*,*,#2557,.F.);
#2608 = B_SPLINE_SURFACE_WITH_KNOTS('',1,1,(
    (#2609,#2610)
    ,(#2611,#2612
    )),.UNSPECIFIED.,.F.,.F.,.F.,(2,2),(2,2),(0.,5.),(0.,5.),
  .PIECEWISE_BEZIER_KNOTS.);
#2609 = CARTESIAN_POINT('',(6.3,11.3,1.4));
#2610 = CARTESIAN_POINT('',(11.3,11.3,1.4));
#2611 = CARTESIAN_POINT('',(6.3,11.3,6.4));
#2612 = CARTESIAN_POINT('',(11.3,11.3,6.4));
#2613 = ADVANCED_FACE('',(#2614),#2620,.F.);
#2614 = FACE_BOUND('',#2615,.F.);
#2615 = EDGE_LOOP('',(#2616,#2617,#2618,#2619));
#2616 = ORIENTED_EDGE('',*,*,#2514,.F.);
#2617 = ORIENTED_EDGE('',*,*,#2577,.T.);
#2618 = ORIENTED_EDGE('',*,*,#2550,.T.);
#2619 = ORIENTED_EDGE('',*,*,#2597,.F.);
#2620 = B_SPLINE_SURFACE_WITH_KNOTS('',1,1,(
    (#2621,#2622)
    ,(#2623,#2624
    )),.UNSPECIFIED.,.F.,.F.,.F.,(2,2),(2,2),(0.,5.),(0.,5.),
  .PIECEWISE_BEZIER_KNOTS.);
#2621 = CARTESIAN_POINT('',(6.3,6.3,1.4));
#2622 = CARTESIAN_POINT('',(6.3,11.3,1.4));
#2623 = CARTESIAN_POINT('',(11.3,6.3,1.4));
#2624 = CARTESIAN_POINT('',(11.3,11.3,1.4));
#2625 = ADVANCED_FACE('',(#2626),#2632,.T.);
#2626 = FACE_BOUND('',#2627,.T.);
#2627 = EDGE_LOOP('',(#2628,#2629,#2630,#2631));
#2628 = ORIENTED_EDGE('',*,*,#2528,.F.);
#2629 = ORIENTED_EDGE('',*,*,#2583,.T.);
#2630 = ORIENTED_EDGE('',*,*,#2564,.T.);
#2631 = ORIENTED_EDGE('',*,*,#2603,.F.);
#2632 = B_SPLINE_SURFACE_WITH_KNOTS('',1,1,(
    (#2633,#2634)
    ,(#2635,#2636
    )),.UNSPECIFIED.,.F.,.F.,.F.,(2,2),(2,2),(0.,5.),(0.,5.),
  .PIECEWISE_BEZIER_KNOTS.);
#2633 = CARTESIAN_POINT('',(6.3,6.3,6.4));
#2634 = CARTESIAN_POINT('',(6.3,11.3,6.4));
#2635 = CARTESIAN_POINT('',(11.3,6.3,6.4));
#2636 = CARTESIAN_POINT('',(11.3,11.3,6.4));
#2637 = MANIFOLD_SOLID_BREP('',#2638);
#2638 = CLOSED_SHELL('',(#2639,#2675,#2711,#2731,#2751,#2763));
#2639 = ADVANCED_FACE('',(#2640),#2670,.F.);
#2640 = FACE_BOUND('',#2641,.F.);
#2641 = EDGE_LOOP('',(#2642,#2651,#2658,#2665));
#2642 = ORIENTED_EDGE('',*,*,#2643,.F.);
#2643 = EDGE_CURVE('',#2644,#2646,#2648,.T.);
#2644 = VERTEX_POINT('',#2645);
#2645 = CARTESIAN_POINT('',(15.1,6.3,1.4));
#2646 = VERTEX_POINT('',#2647);
#2647 = CARTESIAN_POINT('',(15.1,6.3,6.4));
#2648 = B_SPLINE_CURVE_WITH_KNOTS('',1,(#2649,#2650),.UNSPECIFIED.,.F.,
  .F.,(2,2),(0.,5.),.PIECEWISE_BEZIER_KNOTS.);
#2649 = CARTESIAN_POINT('',(15.1,6.3,1.4));
#2650 = CARTESIAN_POINT('',(15.1,6.3,6.4));
#2651 = ORIENTED_EDGE('',*,*,#2652,.T.);
#2652 = EDGE_CURVE('',#2644,#2653,#2655,.T.);
#2653 = VERTEX_POINT('',#2654);
#2654 = CARTESIAN_POINT('',(15.1,11.3,1.4));
#2655 = B_SPLINE_CURVE_WITH_KNOTS('',1,(#2656,#2657),.UNSPECIFIED.,.F.,
  .F.,(2,2),(0.,5.),.PIECEWISE_BEZIER_KNOTS.);
#2656 = CARTESIAN_POINT('',(15.1,6.3,1.4));
#2657 = CARTESIAN_POINT('',(15.1,11.3,1.4));
#2658 = ORIENTED_EDGE('',*,*,#2659,.T.);
#2659 = EDGE_CURVE('',#2653,#2660,#2662,.T.);
#2660 = VERTEX_POINT('',#2661);
#2661 = CARTESIAN_POINT('',(15.1,11.3,6.4));
#2662 = B_SPLINE_CURVE_WITH_KNOTS('',1,(#2663,#2664),.UNSPECIFIED.,.F.,
  .F.,(2,2),(0.,5.),.PIECEWISE_BEZIER_KNOTS.);
#2663 = CARTESIAN_POINT('',(15.1,11.3,1.4));
#2664 = CARTESIAN_POINT('',(15.1,11.3,6.4));
#2665 = ORIENTED_EDGE('',*,*,#2666,.F.);
#2666 = EDGE_CURVE('',#2646,#2660,#2667,.T.);
#2667 = B_SPLINE_CURVE_WITH_KNOTS('',1,(#2668,#2669),.UNSPECIFIED.,.F.,
  .F.,(2,2),(0.,5.),.PIECEWISE_BEZIER_KNOTS.);
#2668 = CARTESIAN_POINT('',(15.1,6.3,6.4));
#2669 = CARTESIAN_POINT('',(15.1,11.3,6.4));
#2670 = B_SPLINE_SURFACE_WITH_KNOTS('',1,1,(
    (#2671,#2672)
    ,(#2673,#2674
    )),.UNSPECIFIED.,.F.,.F.,.F.,(2,2),(2,2),(0.,5.),(-5.,0.),
  .PIECEWISE_BEZIER_KNOTS.);
#2671 = CARTESIAN_POINT('',(15.1,11.3,1.4));
#2672 = CARTESIAN_POINT('',(15.1,6.3,1.4));
#2673 = CARTESIAN_POINT('',(15.1,11.3,6.4));
#2674 = CARTESIAN_POINT('',(15.1,6.3,6.4));
#2675 = ADVANCED_FACE('',(#2676),#2706,.T.);
#2676 = FACE_BOUND('',#2677,.T.);
#2677 = EDGE_LOOP('',(#2678,#2687,#2694,#2701));
#2678 = ORIENTED_EDGE('',*,*,#2679,.F.);
#2679 = EDGE_CURVE('',#2680,#2682,#2684,.T.);
#2680 = VERTEX_POINT('',#2681);
#2681 = CARTESIAN_POINT('',(20.1,6.3,1.4));
#2682 = VERTEX_POINT('',#2683);
#2683 = CARTESIAN_POINT('',(20.1,6.3,6.4));
#2684 = B_SPLINE_CURVE_WITH_KNOTS('',1,(#2685,#2686),.UNSPECIFIED.,.F.,
  .F.,(2,2),(0.,5.),.PIECEWISE_BEZIER_KNOTS.);
#2685 = CARTESIAN_POINT('',(20.1,6.3,1.4));
#2686 = CARTESIAN_POINT('',(20.1,6.3,6.4));
#2687 = ORIENTED_EDGE('',*,*,#2688,.T.);
#2688 = EDGE_CURVE('',#2680,#2689,#2691,.T.);
#2689 = VERTEX_POINT('',#2690);
#2690 = CARTESIAN_POINT('',(20.1,11.3,1.4));
#2691 = B_SPLINE_CURVE_WITH_KNOTS('',1,(#2692,#2693),.UNSPECIFIED.,.F.,
  .F.,(2,2),(0.,5.),.PIECEWISE_BEZIER_KNOTS.);
#2692 = CARTESIAN_POINT('',(20.1,6.3,1.4));
#2693 = CARTESIAN_POINT('',(20.1,11.3,1.4));
#2694 = ORIENTED_EDGE('',*,*,#2695,.T.);
#2695 = EDGE_CURVE('',#2689,#2696,#2698,.T.);
#2696 = VERTEX_POINT('',#2697);
#2697 = CARTESIAN_POINT('',(20.1,11.3,6.4));
#2698 = B_SPLINE_CURVE_WITH_KNOTS('',1,(#2699,#2700),.UNSPECIFIED.,.F.,
  .F.,(2,2),(0.,5.),.PIECEWISE_BEZIER_KNOTS.);
#2699 = CARTESIAN_POINT('',(20.1,11.3,1.4));
#2700 = CARTESIAN_POINT('',(20.1,11.3,6.4));
#2701 = ORIENTED_EDGE('',*,*,#2702,.F.);
#2702 = EDGE_CURVE('',#2682,#2696,#2703,.T.);
#2703 = B_SPLINE_CURVE_WITH_KNOTS('',1,(#2704,#2705),.UNSPECIFIED.,.F.,
  .F.,(2,2),(0.,5.),.PIECEWISE_BEZIER_KNOTS.);
#2704 = CARTESIAN_POINT('',(20.1,6.3,6.4));
#2705 = CARTESIAN_POINT('',(20.1,11.3,6.4));
#2706 = B_SPLINE_SURFACE_WITH_KNOTS('',1,1,(
    (#2707,#2708)
    ,(#2709,#2710
    )),.UNSPECIFIED.,.F.,.F.,.F.,(2,2),(2,2),(0.,5.),(-5.,0.),
  .PIECEWISE_BEZIER_KNOTS.);
#2707 = CARTESIAN_POINT('',(20.1,11.3,1.4));
#2708 = CARTESIAN_POINT('',(20.1,6.3,1.4));
#2709 = CARTESIAN_POINT('',(20.1,11.3,6.4));
#2710 = CARTESIAN_POINT('',(20.1,6.3,6.4));
#2711 = ADVANCED_FACE('',(#2712),#2726,.F.);
#2712 = FACE_BOUND('',#2713,.F.);
#2713 = EDGE_LOOP('',(#2714,#2719,#2720,#2725));
#2714 = ORIENTED_EDGE('',*,*,#2715,.F.);
#2715 = EDGE_CURVE('',#2644,#2680,#2716,.T.);
#2716 = B_SPLINE_CURVE_WITH_KNOTS('',1,(#2717,#2718),.UNSPECIFIED.,.F.,
  .F.,(2,2),(0.,5.),.PIECEWISE_BEZIER_KNOTS.);
#2717 = CARTESIAN_POINT('',(15.1,6.3,1.4));
#2718 = CARTESIAN_POINT('',(20.1,6.3,1.4));
#2719 = ORIENTED_EDGE('',*,*,#2643,.T.);
#2720 = ORIENTED_EDGE('',*,*,#2721,.T.);
#2721 = EDGE_CURVE('',#2646,#2682,#2722,.T.);
#2722 = B_SPLINE_CURVE_WITH_KNOTS('',1,(#2723,#2724),.UNSPECIFIED.,.F.,
  .F.,(2,2),(0.,5.),.PIECEWISE_BEZIER_KNOTS.);
#2723 = CARTESIAN_POINT('',(15.1,6.3,6.4));
#2724 = CARTESIAN_POINT('',(20.1,6.3,6.4));
#2725 = ORIENTED_EDGE('',*,*,#2679,.F.);
#2726 = B_SPLINE_SURFACE_WITH_KNOTS('',1,1,(
    (#2727,#2728)
    ,(#2729,#2730
    )),.UNSPECIFIED.,.F.,.F.,.F.,(2,2),(2,2),(0.,5.),(0.,5.),
  .PIECEWISE_BEZIER_KNOTS.);
#2727 = CARTESIAN_POINT('',(15.1,6.3,1.4));
#2728 = CARTESIAN_POINT('',(20.1,6.3,1.4));
#2729 = CARTESIAN_POINT('',(15.1,6.3,6.4));
#2730 = CARTESIAN_POINT('',(20.1,6.3,6.4));
#2731 = ADVANCED_FACE('',(#2732),#2746,.T.);
#2732 = FACE_BOUND('',#2733,.T.);
#2733 = EDGE_LOOP('',(#2734,#2739,#2740,#2745));
#2734 = ORIENTED_EDGE('',*,*,#2735,.F.);
#2735 = EDGE_CURVE('',#2653,#2689,#2736,.T.);
#2736 = B_SPLINE_CURVE_WITH_KNOTS('',1,(#2737,#2738),.UNSPECIFIED.,.F.,
  .F.,(2,2),(0.,5.),.PIECEWISE_BEZIER_KNOTS.);
#2737 = CARTESIAN_POINT('',(15.1,11.3,1.4));
#2738 = CARTESIAN_POINT('',(20.1,11.3,1.4));
#2739 = ORIENTED_EDGE('',*,*,#2659,.T.);
#2740 = ORIENTED_EDGE('',*,*,#2741,.T.);
#2741 = EDGE_CURVE('',#2660,#2696,#2742,.T.);
#2742 = B_SPLINE_CURVE_WITH_KNOTS('',1,(#2743,#2744),.UNSPECIFIED.,.F.,
  .F.,(2,2),(0.,5.),.PIECEWISE_BEZIER_KNOTS.);
#2743 = CARTESIAN_POINT('',(15.1,11.3,6.4));
#2744 = CARTESIAN_POINT('',(20.1,11.3,6.4));
#2745 = ORIENTED_EDGE('',*,*,#2695,.F.);
#2746 = B_SPLINE_SURFACE_WITH_KNOTS('',1,1,(
    (#2747,#2748)
    ,(#2749,#2750
    )),.UNSPECIFIED.,.F.,.F.,.F.,(2,2),(2,2),(0.,5.),(0.,5.),
  .PIECEWISE_BEZIER_KNOTS.);
#2747 = CARTESIAN_POINT('',(15.1,11.3,1.4));
#2748 = CARTESIAN_POINT('',(20.1,11.3,1.4));
#2749 = CARTESIAN_POINT('',(15.1,11.3,6.4));
#2750 = CARTESIAN_POINT('',(20.1,11.3,6.4));
#2751 = ADVANCED_FACE('',(#2752),#2758,.F.);
#2752 = FACE_BOUND('',#2753,.F.);
#2753 = EDGE_LOOP('',(#2754,#2755,#2756,#2757));
#2754 = ORIENTED_EDGE('',*,*,#2652,.F.);
#2755 = ORIENTED_EDGE('',*,*,#2715,.T.);
#2756 = ORIENTED_EDGE('',*,*,#2688,.T.);
#2757 = ORIENTED_EDGE('',*,*,#2735,.F.);
#2758 = B_SPLINE_SURFACE_WITH_KNOTS('',1,1,(
    (#2759,#2760)
    ,(#2761,#2762
    )),.UNSPECIFIED.,.F.,.F.,.F.,(2,2),(2,2),(0.,5.),(0.,5.),
  .PIECEWISE_BEZIER_KNOTS.);
#2759 = CARTESIAN_POINT('',(15.1,6.3,1.4));
#2760 = CARTESIAN_POINT('',(15.1,11.3,1.4));
#2761 = CARTESIAN_POINT('',(20.1,6.3,1.4));
#2762 = CARTESIAN_POINT('',(20.1,11.3,1.4));
#2763 = ADVANCED_FACE('',(#2764),#2770,.T.);
#2764 = FACE_BOUND('',#2765,.T.);
#2765 = EDGE_LOOP('',(#2766,#2767,#2768,#2769));
#2766 = ORIENTED_EDGE('',*,*,#2666,.F.);
#2767 = ORIENTED_EDGE('',*,*,#2721,.T.);
#2768 = ORIENTED_EDGE('',*,*,#2702,.T.);
#2769 = ORIENTED_EDGE('',*,*,#2741,.F.);
#2770 = B_SPLINE_SURFACE_WITH_KNOTS('',1,1,(
    (#2771,#2772)
    ,(#2773,#2774
    )),.UNSPECIFIED.,.F.,.F.,.F.,(2,2),(2,2),(0.,5.),(0.,5.),
  .PIECEWISE_BEZIER_KNOTS.);
#2771 = CARTESIAN_POINT('',(15.1,6.3,6.4));
#2772 = CARTESIAN_POINT('',(15.1,11.3,6.4));
#2773 = CARTESIAN_POINT('',(20.1,6.3,6.4));
#2774 = CARTESIAN_POINT('',(20.1,11.3,6.4));
#2775 = MANIFOLD_SOLID_BREP('',#2776);
#2776 = CLOSED_SHELL('',(#2777,#2813,#2849,#2869,#2889,#2901));
#2777 = ADVANCED_FACE('',(#2778),#2808,.F.);
#2778 = FACE_BOUND('',#2779,.F.);
#2779 = EDGE_LOOP('',(#2780,#2789,#2796,#2803));
#2780 = ORIENTED_EDGE('',*,*,#2781,.F.);
#2781 = EDGE_CURVE('',#2782,#2784,#2786,.T.);
#2782 = VERTEX_POINT('',#2783);
#2783 = CARTESIAN_POINT('',(-20.1,15.1,1.4));
#2784 = VERTEX_POINT('',#2785);
#2785 = CARTESIAN_POINT('',(-20.1,15.1,6.4));
#2786 = B_SPLINE_CURVE_WITH_KNOTS('',1,(#2787,#2788),.UNSPECIFIED.,.F.,
  .F.,(2,2),(0.,5.),.PIECEWISE_BEZIER_KNOTS.);
#2787 = CARTESIAN_POINT('',(-20.1,15.1,1.4));
#2788 = CARTESIAN_POINT('',(-20.1,15.1,6.4));
#2789 = ORIENTED_EDGE('',*,*,#2790,.T.);
#2790 = EDGE_CURVE('',#2782,#2791,#2793,.T.);
#2791 = VERTEX_POINT('',#2792);
#2792 = CARTESIAN_POINT('',(-20.1,20.1,1.4));
#2793 = B_SPLINE_CURVE_WITH_KNOTS('',1,(#2794,#2795),.UNSPECIFIED.,.F.,
  .F.,(2,2),(0.,5.),.PIECEWISE_BEZIER_KNOTS.);
#2794 = CARTESIAN_POINT('',(-20.1,15.1,1.4));
#2795 = CARTESIAN_POINT('',(-20.1,20.1,1.4));
#2796 = ORIENTED_EDGE('',*,*,#2797,.T.);
#2797 = EDGE_CURVE('',#2791,#2798,#2800,.T.);
#2798 = VERTEX_POINT('',#2799);
#2799 = CARTESIAN_POINT('',(-20.1,20.1,6.4));
#2800 = B_SPLINE_CURVE_WITH_KNOTS('',1,(#2801,#2802),.UNSPECIFIED.,.F.,
  .F.,(2,2),(0.,5.),.PIECEWISE_BEZIER_KNOTS.);
#2801 = CARTESIAN_POINT('',(-20.1,20.1,1.4));
#2802 = CARTESIAN_POINT('',(-20.1,20.1,6.4));
#2803 = ORIENTED_EDGE('',*,*,#2804,.F.);
#2804 = EDGE_CURVE('',#2784,#2798,#2805,.T.);
#2805 = B_SPLINE_CURVE_WITH_KNOTS('',1,(#2806,#2807),.UNSPECIFIED.,.F.,
  .F.,(2,2),(0.,5.),.PIECEWISE_BEZIER_KNOTS.);
#2806 = CARTESIAN_POINT('',(-20.1,15.1,6.4));
#2807 = CARTESIAN_POINT('',(-20.1,20.1,6.4));
#2808 = B_SPLINE_SURFACE_WITH_KNOTS('',1,1,(
    (#2809,#2810)
    ,(#2811,#2812
    )),.UNSPECIFIED.,.F.,.F.,.F.,(2,2),(2,2),(0.,5.),(-5.,0.),
  .PIECEWISE_BEZIER_KNOTS.);
#2809 = CARTESIAN_POINT('',(-20.1,20.1,1.4));
#2810 = CARTESIAN_POINT('',(-20.1,15.1,1.4));
#2811 = CARTESIAN_POINT('',(-20.1,20.1,6.4));
#2812 = CARTESIAN_POINT('',(-20.1,15.1,6.4));
#2813 = ADVANCED_FACE('',(#2814),#2844,.T.);
#2814 = FACE_BOUND('',#2815,.T.);
#2815 = EDGE_LOOP('',(#2816,#2825,#2832,#2839));
#2816 = ORIENTED_EDGE('',*,*,#2817,.F.);
#2817 = EDGE_CURVE('',#2818,#2820,#2822,.T.);
#2818 = VERTEX_POINT('',#2819);
#2819 = CARTESIAN_POINT('',(-15.1,15.1,1.4));
#2820 = VERTEX_POINT('',#2821);
#2821 = CARTESIAN_POINT('',(-15.1,15.1,6.4));
#2822 = B_SPLINE_CURVE_WITH_KNOTS('',1,(#2823,#2824),.UNSPECIFIED.,.F.,
  .F.,(2,2),(0.,5.),.PIECEWISE_BEZIER_KNOTS.);
#2823 = CARTESIAN_POINT('',(-15.1,15.1,1.4));
#2824 = CARTESIAN_POINT('',(-15.1,15.1,6.4));
#2825 = ORIENTED_EDGE('',*,*,#2826,.T.);
#2826 = EDGE_CURVE('',#2818,#2827,#2829,.T.);
#2827 = VERTEX_POINT('',#2828);
#2828 = CARTESIAN_POINT('',(-15.1,20.1,1.4));
#2829 = B_SPLINE_CURVE_WITH_KNOTS('',1,(#2830,#2831),.UNSPECIFIED.,.F.,
  .F.,(2,2),(0.,5.),.PIECEWISE_BEZIER_KNOTS.);
#2830 = CARTESIAN_POINT('',(-15.1,15.1,1.4));
#2831 = CARTESIAN_POINT('',(-15.1,20.1,1.4));
#2832 = ORIENTED_EDGE('',*,*,#2833,.T.);
#2833 = EDGE_CURVE('',#2827,#2834,#2836,.T.);
#2834 = VERTEX_POINT('',#2835);
#2835 = CARTESIAN_POINT('',(-15.1,20.1,6.4));
#2836 = B_SPLINE_CURVE_WITH_KNOTS('',1,(#2837,#2838),.UNSPECIFIED.,.F.,
  .F.,(2,2),(0.,5.),.PIECEWISE_BEZIER_KNOTS.);
#2837 = CARTESIAN_POINT('',(-15.1,20.1,1.4));
#2838 = CARTESIAN_POINT('',(-15.1,20.1,6.4));
#2839 = ORIENTED_EDGE('',*,*,#2840,.F.);
#2840 = EDGE_CURVE('',#2820,#2834,#2841,.T.);
#2841 = B_SPLINE_CURVE_WITH_KNOTS('',1,(#2842,#2843),.UNSPECIFIED.,.F.,
  .F.,(2,2),(0.,5.),.PIECEWISE_BEZIER_KNOTS.);
#2842 = CARTESIAN_POINT('',(-15.1,15.1,6.4));
#2843 = CARTESIAN_POINT('',(-15.1,20.1,6.4));
#2844 = B_SPLINE_SURFACE_WITH_KNOTS('',1,1,(
    (#2845,#2846)
    ,(#2847,#2848
    )),.UNSPECIFIED.,.F.,.F.,.F.,(2,2),(2,2),(0.,5.),(-5.,0.),
  .PIECEWISE_BEZIER_KNOTS.);
#2845 = CARTESIAN_POINT('',(-15.1,20.1,1.4));
#2846 = CARTESIAN_POINT('',(-15.1,15.1,1.4));
#2847 = CARTESIAN_POINT('',(-15.1,20.1,6.4));
#2848 = CARTESIAN_POINT('',(-15.1,15.1,6.4));
#2849 = ADVANCED_FACE('',(#2850),#2864,.F.);
#2850 = FACE_BOUND('',#2851,.F.);
#2851 = EDGE_LOOP('',(#2852,#2857,#2858,#2863));
#2852 = ORIENTED_EDGE('',*,*,#2853,.F.);
#2853 = EDGE_CURVE('',#2782,#2818,#2854,.T.);
#2854 = B_SPLINE_CURVE_WITH_KNOTS('',1,(#2855,#2856),.UNSPECIFIED.,.F.,
  .F.,(2,2),(0.,5.),.PIECEWISE_BEZIER_KNOTS.);
#2855 = CARTESIAN_POINT('',(-20.1,15.1,1.4));
#2856 = CARTESIAN_POINT('',(-15.1,15.1,1.4));
#2857 = ORIENTED_EDGE('',*,*,#2781,.T.);
#2858 = ORIENTED_EDGE('',*,*,#2859,.T.);
#2859 = EDGE_CURVE('',#2784,#2820,#2860,.T.);
#2860 = B_SPLINE_CURVE_WITH_KNOTS('',1,(#2861,#2862),.UNSPECIFIED.,.F.,
  .F.,(2,2),(0.,5.),.PIECEWISE_BEZIER_KNOTS.);
#2861 = CARTESIAN_POINT('',(-20.1,15.1,6.4));
#2862 = CARTESIAN_POINT('',(-15.1,15.1,6.4));
#2863 = ORIENTED_EDGE('',*,*,#2817,.F.);
#2864 = B_SPLINE_SURFACE_WITH_KNOTS('',1,1,(
    (#2865,#2866)
    ,(#2867,#2868
    )),.UNSPECIFIED.,.F.,.F.,.F.,(2,2),(2,2),(0.,5.),(0.,5.),
  .PIECEWISE_BEZIER_KNOTS.);
#2865 = CARTESIAN_POINT('',(-20.1,15.1,1.4));
#2866 = CARTESIAN_POINT('',(-15.1,15.1,1.4));
#2867 = CARTESIAN_POINT('',(-20.1,15.1,6.4));
#2868 = CARTESIAN_POINT('',(-15.1,15.1,6.4));
#2869 = ADVANCED_FACE('',(#2870),#2884,.T.);
#2870 = FACE_BOUND('',#2871,.T.);
#2871 = EDGE_LOOP('',(#2872,#2877,#2878,#2883));
#2872 = ORIENTED_EDGE('',*,*,#2873,.F.);
#2873 = EDGE_CURVE('',#2791,#2827,#2874,.T.);
#2874 = B_SPLINE_CURVE_WITH_KNOTS('',1,(#2875,#2876),.UNSPECIFIED.,.F.,
  .F.,(2,2),(0.,5.),.PIECEWISE_BEZIER_KNOTS.);
#2875 = CARTESIAN_POINT('',(-20.1,20.1,1.4));
#2876 = CARTESIAN_POINT('',(-15.1,20.1,1.4));
#2877 = ORIENTED_EDGE('',*,*,#2797,.T.);
#2878 = ORIENTED_EDGE('',*,*,#2879,.T.);
#2879 = EDGE_CURVE('',#2798,#2834,#2880,.T.);
#2880 = B_SPLINE_CURVE_WITH_KNOTS('',1,(#2881,#2882),.UNSPECIFIED.,.F.,
  .F.,(2,2),(0.,5.),.PIECEWISE_BEZIER_KNOTS.);
#2881 = CARTESIAN_POINT('',(-20.1,20.1,6.4));
#2882 = CARTESIAN_POINT('',(-15.1,20.1,6.4));
#2883 = ORIENTED_EDGE('',*,*,#2833,.F.);
#2884 = B_SPLINE_SURFACE_WITH_KNOTS('',1,1,(
    (#2885,#2886)
    ,(#2887,#2888
    )),.UNSPECIFIED.,.F.,.F.,.F.,(2,2),(2,2),(0.,5.),(0.,5.),
  .PIECEWISE_BEZIER_KNOTS.);
#2885 = CARTESIAN_POINT('',(-20.1,20.1,1.4));
#2886 = CARTESIAN_POINT('',(-15.1,20.1,1.4));
#2887 = CARTESIAN_POINT('',(-20.1,20.1,6.4));
#2888 = CARTESIAN_POINT('',(-15.1,20.1,6.4));
#2889 = ADVANCED_FACE('',(#2890),#2896,.F.);
#2890 = FACE_BOUND('',#2891,.F.);
#2891 = EDGE_LOOP('',(#2892,#2893,#2894,#2895));
#2892 = ORIENTED_EDGE('',*,*,#2790,.F.);
#2893 = ORIENTED_EDGE('',*,*,#2853,.T.);
#2894 = ORIENTED_EDGE('',*,*,#2826,.T.);
#2895 = ORIENTED_EDGE('',*,*,#2873,.F.);
#2896 = B_SPLINE_SURFACE_WITH_KNOTS('',1,1,(
    (#2897,#2898)
    ,(#2899,#2900
    )),.UNSPECIFIED.,.F.,.F.,.F.,(2,2),(2,2),(0.,5.),(0.,5.),
  .PIECEWISE_BEZIER_KNOTS.);
#2897 = CARTESIAN_POINT('',(-20.1,15.1,1.4));
#2898 = CARTESIAN_POINT('',(-20.1,20.1,1.4));
#2899 = CARTESIAN_POINT('',(-15.1,15.1,1.4));
#2900 = CARTESIAN_POINT('',(-15.1,20.1,1.4));
#2901 = ADVANCED_FACE('',(#2902),#2908,.T.);
#2902 = FACE_BOUND('',#2903,.T.);
#2903 = EDGE_LOOP('',(#2904,#2905,#2906,#2907));
#2904 = ORIENTED_EDGE('',*,*,#2804,.F.);
#2905 = ORIENTED_EDGE('',*,*,#2859,.T.);
#2906 = ORIENTED_EDGE('',*,*,#2840,.T.);
#2907 = ORIENTED_EDGE('',*,*,#2879,.F.);
#2908 = B_SPLINE_SURFACE_WITH_KNOTS('',1,1,(
    (#2909,#2910)
    ,(#2911,#2912
    )),.UNSPECIFIED.,.F.,.F.,.F.,(2,2),(2,2),(0.,5.),(0.,5.),
  .PIECEWISE_BEZIER_KNOTS.);
#2909 = CARTESIAN_POINT('',(-20.1,15.1,6.4));
#2910 = CARTESIAN_POINT('',(-20.1,20.1,6.4));
#2911 = CARTESIAN_POINT('',(-15.1,15.1,6.4));
#2912 = CARTESIAN_POINT('',(-15.1,20.1,6.4));
#2913 = MANIFOLD_SOLID_BREP('',#2914);
#2914 = CLOSED_SHELL('',(#2915,#2951,#2987,#3007,#3027,#3039));
#2915 = ADVANCED_FACE('',(#2916),#2946,.F.);
#2916 = FACE_BOUND('',#2917,.F.);
#2917 = EDGE_LOOP('',(#2918,#2927,#2934,#2941));
#2918 = ORIENTED_EDGE('',*,*,#2919,.F.);
#2919 = EDGE_CURVE('',#2920,#2922,#2924,.T.);
#2920 = VERTEX_POINT('',#2921);
#2921 = CARTESIAN_POINT('',(-11.3,15.1,1.4));
#2922 = VERTEX_POINT('',#2923);
#2923 = CARTESIAN_POINT('',(-11.3,15.1,6.4));
#2924 = B_SPLINE_CURVE_WITH_KNOTS('',1,(#2925,#2926),.UNSPECIFIED.,.F.,
  .F.,(2,2),(0.,5.),.PIECEWISE_BEZIER_KNOTS.);
#2925 = CARTESIAN_POINT('',(-11.3,15.1,1.4));
#2926 = CARTESIAN_POINT('',(-11.3,15.1,6.4));
#2927 = ORIENTED_EDGE('',*,*,#2928,.T.);
#2928 = EDGE_CURVE('',#2920,#2929,#2931,.T.);
#2929 = VERTEX_POINT('',#2930);
#2930 = CARTESIAN_POINT('',(-11.3,20.1,1.4));
#2931 = B_SPLINE_CURVE_WITH_KNOTS('',1,(#2932,#2933),.UNSPECIFIED.,.F.,
  .F.,(2,2),(0.,5.),.PIECEWISE_BEZIER_KNOTS.);
#2932 = CARTESIAN_POINT('',(-11.3,15.1,1.4));
#2933 = CARTESIAN_POINT('',(-11.3,20.1,1.4));
#2934 = ORIENTED_EDGE('',*,*,#2935,.T.);
#2935 = EDGE_CURVE('',#2929,#2936,#2938,.T.);
#2936 = VERTEX_POINT('',#2937);
#2937 = CARTESIAN_POINT('',(-11.3,20.1,6.4));
#2938 = B_SPLINE_CURVE_WITH_KNOTS('',1,(#2939,#2940),.UNSPECIFIED.,.F.,
  .F.,(2,2),(0.,5.),.PIECEWISE_BEZIER_KNOTS.);
#2939 = CARTESIAN_POINT('',(-11.3,20.1,1.4));
#2940 = CARTESIAN_POINT('',(-11.3,20.1,6.4));
#2941 = ORIENTED_EDGE('',*,*,#2942,.F.);
#2942 = EDGE_CURVE('',#2922,#2936,#2943,.T.);
#2943 = B_SPLINE_CURVE_WITH_KNOTS('',1,(#2944,#2945),.UNSPECIFIED.,.F.,
  .F.,(2,2),(0.,5.),.PIECEWISE_BEZIER_KNOTS.);
#2944 = CARTESIAN_POINT('',(-11.3,15.1,6.4));
#2945 = CARTESIAN_POINT('',(-11.3,20.1,6.4));
#2946 = B_SPLINE_SURFACE_WITH_KNOTS('',1,1,(
    (#2947,#2948)
    ,(#2949,#2950
    )),.UNSPECIFIED.,.F.,.F.,.F.,(2,2),(2,2),(0.,5.),(-5.,0.),
  .PIECEWISE_BEZIER_KNOTS.);
#2947 = CARTESIAN_POINT('',(-11.3,20.1,1.4));
#2948 = CARTESIAN_POINT('',(-11.3,15.1,1.4));
#2949 = CARTESIAN_POINT('',(-11.3,20.1,6.4));
#2950 = CARTESIAN_POINT('',(-11.3,15.1,6.4));
#2951 = ADVANCED_FACE('',(#2952),#2982,.T.);
#2952 = FACE_BOUND('',#2953,.T.);
#2953 = EDGE_LOOP('',(#2954,#2963,#2970,#2977));
#2954 = ORIENTED_EDGE('',*,*,#2955,.F.);
#2955 = EDGE_CURVE('',#2956,#2958,#2960,.T.);
#2956 = VERTEX_POINT('',#2957);
#2957 = CARTESIAN_POINT('',(-6.3,15.1,1.4));
#2958 = VERTEX_POINT('',#2959);
#2959 = CARTESIAN_POINT('',(-6.3,15.1,6.4));
#2960 = B_SPLINE_CURVE_WITH_KNOTS('',1,(#2961,#2962),.UNSPECIFIED.,.F.,
  .F.,(2,2),(0.,5.),.PIECEWISE_BEZIER_KNOTS.);
#2961 = CARTESIAN_POINT('',(-6.3,15.1,1.4));
#2962 = CARTESIAN_POINT('',(-6.3,15.1,6.4));
#2963 = ORIENTED_EDGE('',*,*,#2964,.T.);
#2964 = EDGE_CURVE('',#2956,#2965,#2967,.T.);
#2965 = VERTEX_POINT('',#2966);
#2966 = CARTESIAN_POINT('',(-6.3,20.1,1.4));
#2967 = B_SPLINE_CURVE_WITH_KNOTS('',1,(#2968,#2969),.UNSPECIFIED.,.F.,
  .F.,(2,2),(0.,5.),.PIECEWISE_BEZIER_KNOTS.);
#2968 = CARTESIAN_POINT('',(-6.3,15.1,1.4));
#2969 = CARTESIAN_POINT('',(-6.3,20.1,1.4));
#2970 = ORIENTED_EDGE('',*,*,#2971,.T.);
#2971 = EDGE_CURVE('',#2965,#2972,#2974,.T.);
#2972 = VERTEX_POINT('',#2973);
#2973 = CARTESIAN_POINT('',(-6.3,20.1,6.4));
#2974 = B_SPLINE_CURVE_WITH_KNOTS('',1,(#2975,#2976),.UNSPECIFIED.,.F.,
  .F.,(2,2),(0.,5.),.PIECEWISE_BEZIER_KNOTS.);
#2975 = CARTESIAN_POINT('',(-6.3,20.1,1.4));
#2976 = CARTESIAN_POINT('',(-6.3,20.1,6.4));
#2977 = ORIENTED_EDGE('',*,*,#2978,.F.);
#2978 = EDGE_CURVE('',#2958,#2972,#2979,.T.);
#2979 = B_SPLINE_CURVE_WITH_KNOTS('',1,(#2980,#2981),.UNSPECIFIED.,.F.,
  .F.,(2,2),(0.,5.),.PIECEWISE_BEZIER_KNOTS.);
#2980 = CARTESIAN_POINT('',(-6.3,15.1,6.4));
#2981 = CARTESIAN_POINT('',(-6.3,20.1,6.4));
#2982 = B_SPLINE_SURFACE_WITH_KNOTS('',1,1,(
    (#2983,#2984)
    ,(#2985,#2986
    )),.UNSPECIFIED.,.F.,.F.,.F.,(2,2),(2,2),(0.,5.),(-5.,0.),
  .PIECEWISE_BEZIER_KNOTS.);
#2983 = CARTESIAN_POINT('',(-6.3,20.1,1.4));
#2984 = CARTESIAN_POINT('',(-6.3,15.1,1.4));
#2985 = CARTESIAN_POINT('',(-6.3,20.1,6.4));
#2986 = CARTESIAN_POINT('',(-6.3,15.1,6.4));
#2987 = ADVANCED_FACE('',(#2988),#3002,.F.);
#2988 = FACE_BOUND('',#2989,.F.);
#2989 = EDGE_LOOP('',(#2990,#2995,#2996,#3001));
#2990 = ORIENTED_EDGE('',*,*,#2991,.F.);
#2991 = EDGE_CURVE('',#2920,#2956,#2992,.T.);
#2992 = B_SPLINE_CURVE_WITH_KNOTS('',1,(#2993,#2994),.UNSPECIFIED.,.F.,
  .F.,(2,2),(0.,5.),.PIECEWISE_BEZIER_KNOTS.);
#2993 = CARTESIAN_POINT('',(-11.3,15.1,1.4));
#2994 = CARTESIAN_POINT('',(-6.3,15.1,1.4));
#2995 = ORIENTED_EDGE('',*,*,#2919,.T.);
#2996 = ORIENTED_EDGE('',*,*,#2997,.T.);
#2997 = EDGE_CURVE('',#2922,#2958,#2998,.T.);
#2998 = B_SPLINE_CURVE_WITH_KNOTS('',1,(#2999,#3000),.UNSPECIFIED.,.F.,
  .F.,(2,2),(0.,5.),.PIECEWISE_BEZIER_KNOTS.);
#2999 = CARTESIAN_POINT('',(-11.3,15.1,6.4));
#3000 = CARTESIAN_POINT('',(-6.3,15.1,6.4));
#3001 = ORIENTED_EDGE('',*,*,#2955,.F.);
#3002 = B_SPLINE_SURFACE_WITH_KNOTS('',1,1,(
    (#3003,#3004)
    ,(#3005,#3006
    )),.UNSPECIFIED.,.F.,.F.,.F.,(2,2),(2,2),(0.,5.),(0.,5.),
  .PIECEWISE_BEZIER_KNOTS.);
#3003 = CARTESIAN_POINT('',(-11.3,15.1,1.4));
#3004 = CARTESIAN_POINT('',(-6.3,15.1,1.4));
#3005 = CARTESIAN_POINT('',(-11.3,15.1,6.4));
#3006 = CARTESIAN_POINT('',(-6.3,15.1,6.4));
#3007 = ADVANCED_FACE('',(#3008),#3022,.T.);
#3008 = FACE_BOUND('',#3009,.T.);
#3009 = EDGE_LOOP('',(#3010,#3015,#3016,#3021));
#3010 = ORIENTED_EDGE('',*,*,#3011,.F.);
#3011 = EDGE_CURVE('',#2929,#2965,#3012,.T.);
#3012 = B_SPLINE_CURVE_WITH_KNOTS('',1,(#3013,#3014),.UNSPECIFIED.,.F.,
  .F.,(2,2),(0.,5.),.PIECEWISE_BEZIER_KNOTS.);
#3013 = CARTESIAN_POINT('',(-11.3,20.1,1.4));
#3014 = CARTESIAN_POINT('',(-6.3,20.1,1.4));
#3015 = ORIENTED_EDGE('',*,*,#2935,.T.);
#3016 = ORIENTED_EDGE('',*,*,#3017,.T.);
#3017 = EDGE_CURVE('',#2936,#2972,#3018,.T.);
#3018 = B_SPLINE_CURVE_WITH_KNOTS('',1,(#3019,#3020),.UNSPECIFIED.,.F.,
  .F.,(2,2),(0.,5.),.PIECEWISE_BEZIER_KNOTS.);
#3019 = CARTESIAN_POINT('',(-11.3,20.1,6.4));
#3020 = CARTESIAN_POINT('',(-6.3,20.1,6.4));
#3021 = ORIENTED_EDGE('',*,*,#2971,.F.);
#3022 = B_SPLINE_SURFACE_WITH_KNOTS('',1,1,(
    (#3023,#3024)
    ,(#3025,#3026
    )),.UNSPECIFIED.,.F.,.F.,.F.,(2,2),(2,2),(0.,5.),(0.,5.),
  .PIECEWISE_BEZIER_KNOTS.);
#3023 = CARTESIAN_POINT('',(-11.3,20.1,1.4));
#3024 = CARTESIAN_POINT('',(-6.3,20.1,1.4));
#3025 = CARTESIAN_POINT('',(-11.3,20.1,6.4));
#3026 = CARTESIAN_POINT('',(-6.3,20.1,6.4));
#3027 = ADVANCED_FACE('',(#3028),#3034,.F.);
#3028 = FACE_BOUND('',#3029,.F.);
#3029 = EDGE_LOOP('',(#3030,#3031,#3032,#3033));
#3030 = ORIENTED_EDGE('',*,*,#2928,.F.);
#3031 = ORIENTED_EDGE('',*,*,#2991,.T.);
#3032 = ORIENTED_EDGE('',*,*,#2964,.T.);
#3033 = ORIENTED_EDGE('',*,*,#3011,.F.);
#3034 = B_SPLINE_SURFACE_WITH_KNOTS('',1,1,(
    (#3035,#3036)
    ,(#3037,#3038
    )),.UNSPECIFIED.,.F.,.F.,.F.,(2,2),(2,2),(0.,5.),(0.,5.),
  .PIECEWISE_BEZIER_KNOTS.);
#3035 = CARTESIAN_POINT('',(-11.3,15.1,1.4));
#3036 = CARTESIAN_POINT('',(-11.3,20.1,1.4));
#3037 = CARTESIAN_POINT('',(-6.3,15.1,1.4));
#3038 = CARTESIAN_POINT('',(-6.3,20.1,1.4));
#3039 = ADVANCED_FACE('',(#3040),#3046,.T.);
#3040 = FACE_BOUND('',#3041,.T.);
#3041 = EDGE_LOOP('',(#3042,#3043,#3044,#3045));
#3042 = ORIENTED_EDGE('',*,*,#2942,.F.);
#3043 = ORIENTED_EDGE('',*,*,#2997,.T.);
#3044 = ORIENTED_EDGE('',*,*,#2978,.T.);
#3045 = ORIENTED_EDGE('',*,*,#3017,.F.);
#3046 = B_SPLINE_SURFACE_WITH_KNOTS('',1,1,(
    (#3047,#3048)
    ,(#3049,#3050
    )),.UNSPECIFIED.,.F.,.F.,.F.,(2,2),(2,2),(0.,5.),(0.,5.),
  .PIECEWISE_BEZIER_KNOTS.);
#3047 = CARTESIAN_POINT('',(-11.3,15.1,6.4));
#3048 = CARTESIAN_POINT('',(-11.3,20.1,6.4));
#3049 = CARTESIAN_POINT('',(-6.3,15.1,6.4));
#3050 = CARTESIAN_POINT('',(-6.3,20.1,6.4));
#3051 = MANIFOLD_SOLID_BREP('',#3052);
#3052 = CLOSED_SHELL('',(#3053,#3089,#3125,#3145,#3165,#3177));
#3053 = ADVANCED_FACE('',(#3054),#3084,.F.);
#3054 = FACE_BOUND('',#3055,.F.);
#3055 = EDGE_LOOP('',(#3056,#3065,#3072,#3079));
#3056 = ORIENTED_EDGE('',*,*,#3057,.F.);
#3057 = EDGE_CURVE('',#3058,#3060,#3062,.T.);
#3058 = VERTEX_POINT('',#3059);
#3059 = CARTESIAN_POINT('',(-2.5,15.1,1.4));
#3060 = VERTEX_POINT('',#3061);
#3061 = CARTESIAN_POINT('',(-2.5,15.1,6.4));
#3062 = B_SPLINE_CURVE_WITH_KNOTS('',1,(#3063,#3064),.UNSPECIFIED.,.F.,
  .F.,(2,2),(0.,5.),.PIECEWISE_BEZIER_KNOTS.);
#3063 = CARTESIAN_POINT('',(-2.5,15.1,1.4));
#3064 = CARTESIAN_POINT('',(-2.5,15.1,6.4));
#3065 = ORIENTED_EDGE('',*,*,#3066,.T.);
#3066 = EDGE_CURVE('',#3058,#3067,#3069,.T.);
#3067 = VERTEX_POINT('',#3068);
#3068 = CARTESIAN_POINT('',(-2.5,20.1,1.4));
#3069 = B_SPLINE_CURVE_WITH_KNOTS('',1,(#3070,#3071),.UNSPECIFIED.,.F.,
  .F.,(2,2),(0.,5.),.PIECEWISE_BEZIER_KNOTS.);
#3070 = CARTESIAN_POINT('',(-2.5,15.1,1.4));
#3071 = CARTESIAN_POINT('',(-2.5,20.1,1.4));
#3072 = ORIENTED_EDGE('',*,*,#3073,.T.);
#3073 = EDGE_CURVE('',#3067,#3074,#3076,.T.);
#3074 = VERTEX_POINT('',#3075);
#3075 = CARTESIAN_POINT('',(-2.5,20.1,6.4));
#3076 = B_SPLINE_CURVE_WITH_KNOTS('',1,(#3077,#3078),.UNSPECIFIED.,.F.,
  .F.,(2,2),(0.,5.),.PIECEWISE_BEZIER_KNOTS.);
#3077 = CARTESIAN_POINT('',(-2.5,20.1,1.4));
#3078 = CARTESIAN_POINT('',(-2.5,20.1,6.4));
#3079 = ORIENTED_EDGE('',*,*,#3080,.F.);
#3080 = EDGE_CURVE('',#3060,#3074,#3081,.T.);
#3081 = B_SPLINE_CURVE_WITH_KNOTS('',1,(#3082,#3083),.UNSPECIFIED.,.F.,
  .F.,(2,2),(0.,5.),.PIECEWISE_BEZIER_KNOTS.);
#3082 = CARTESIAN_POINT('',(-2.5,15.1,6.4));
#3083 = CARTESIAN_POINT('',(-2.5,20.1,6.4));
#3084 = B_SPLINE_SURFACE_WITH_KNOTS('',1,1,(
    (#3085,#3086)
    ,(#3087,#3088
    )),.UNSPECIFIED.,.F.,.F.,.F.,(2,2),(2,2),(0.,5.),(-5.,0.),
  .PIECEWISE_BEZIER_KNOTS.);
#3085 = CARTESIAN_POINT('',(-2.5,20.1,1.4));
#3086 = CARTESIAN_POINT('',(-2.5,15.1,1.4));
#3087 = CARTESIAN_POINT('',(-2.5,20.1,6.4));
#3088 = CARTESIAN_POINT('',(-2.5,15.1,6.4));
#3089 = ADVANCED_FACE('',(#3090),#3120,.T.);
#3090 = FACE_BOUND('',#3091,.T.);
#3091 = EDGE_LOOP('',(#3092,#3101,#3108,#3115));
#3092 = ORIENTED_EDGE('',*,*,#3093,.F.);
#3093 = EDGE_CURVE('',#3094,#3096,#3098,.T.);
#3094 = VERTEX_POINT('',#3095);
#3095 = CARTESIAN_POINT('',(2.5,15.1,1.4));
#3096 = VERTEX_POINT('',#3097);
#3097 = CARTESIAN_POINT('',(2.5,15.1,6.4));
#3098 = B_SPLINE_CURVE_WITH_KNOTS('',1,(#3099,#3100),.UNSPECIFIED.,.F.,
  .F.,(2,2),(0.,5.),.PIECEWISE_BEZIER_KNOTS.);
#3099 = CARTESIAN_POINT('',(2.5,15.1,1.4));
#3100 = CARTESIAN_POINT('',(2.5,15.1,6.4));
#3101 = ORIENTED_EDGE('',*,*,#3102,.T.);
#3102 = EDGE_CURVE('',#3094,#3103,#3105,.T.);
#3103 = VERTEX_POINT('',#3104);
#3104 = CARTESIAN_POINT('',(2.5,20.1,1.4));
#3105 = B_SPLINE_CURVE_WITH_KNOTS('',1,(#3106,#3107),.UNSPECIFIED.,.F.,
  .F.,(2,2),(0.,5.),.PIECEWISE_BEZIER_KNOTS.);
#3106 = CARTESIAN_POINT('',(2.5,15.1,1.4));
#3107 = CARTESIAN_POINT('',(2.5,20.1,1.4));
#3108 = ORIENTED_EDGE('',*,*,#3109,.T.);
#3109 = EDGE_CURVE('',#3103,#3110,#3112,.T.);
#3110 = VERTEX_POINT('',#3111);
#3111 = CARTESIAN_POINT('',(2.5,20.1,6.4));
#3112 = B_SPLINE_CURVE_WITH_KNOTS('',1,(#3113,#3114),.UNSPECIFIED.,.F.,
  .F.,(2,2),(0.,5.),.PIECEWISE_BEZIER_KNOTS.);
#3113 = CARTESIAN_POINT('',(2.5,20.1,1.4));
#3114 = CARTESIAN_POINT('',(2.5,20.1,6.4));
#3115 = ORIENTED_EDGE('',*,*,#3116,.F.);
#3116 = EDGE_CURVE('',#3096,#3110,#3117,.T.);
#3117 = B_SPLINE_CURVE_WITH_KNOTS('',1,(#3118,#3119),.UNSPECIFIED.,.F.,
  .F.,(2,2),(0.,5.),.PIECEWISE_BEZIER_KNOTS.);
#3118 = CARTESIAN_POINT('',(2.5,15.1,6.4));
#3119 = CARTESIAN_POINT('',(2.5,20.1,6.4));
#3120 = B_SPLINE_SURFACE_WITH_KNOTS('',1,1,(
    (#3121,#3122)
    ,(#3123,#3124
    )),.UNSPECIFIED.,.F.,.F.,.F.,(2,2),(2,2),(0.,5.),(-5.,0.),
  .PIECEWISE_BEZIER_KNOTS.);
#3121 = CARTESIAN_POINT('',(2.5,20.1,1.4));
#3122 = CARTESIAN_POINT('',(2.5,15.1,1.4));
#3123 = CARTESIAN_POINT('',(2.5,20.1,6.4));
#3124 = CARTESIAN_POINT('',(2.5,15.1,6.4));
#3125 = ADVANCED_FACE('',(#3126),#3140,.F.);
#3126 = FACE_BOUND('',#3127,.F.);
#3127 = EDGE_LOOP('',(#3128,#3133,#3134,#3139));
#3128 = ORIENTED_EDGE('',*,*,#3129,.F.);
#3129 = EDGE_CURVE('',#3058,#3094,#3130,.T.);
#3130 = B_SPLINE_CURVE_WITH_KNOTS('',1,(#3131,#3132),.UNSPECIFIED.,.F.,
  .F.,(2,2),(0.,5.),.PIECEWISE_BEZIER_KNOTS.);
#3131 = CARTESIAN_POINT('',(-2.5,15.1,1.4));
#3132 = CARTESIAN_POINT('',(2.5,15.1,1.4));
#3133 = ORIENTED_EDGE('',*,*,#3057,.T.);
#3134 = ORIENTED_EDGE('',*,*,#3135,.T.);
#3135 = EDGE_CURVE('',#3060,#3096,#3136,.T.);
#3136 = B_SPLINE_CURVE_WITH_KNOTS('',1,(#3137,#3138),.UNSPECIFIED.,.F.,
  .F.,(2,2),(0.,5.),.PIECEWISE_BEZIER_KNOTS.);
#3137 = CARTESIAN_POINT('',(-2.5,15.1,6.4));
#3138 = CARTESIAN_POINT('',(2.5,15.1,6.4));
#3139 = ORIENTED_EDGE('',*,*,#3093,.F.);
#3140 = B_SPLINE_SURFACE_WITH_KNOTS('',1,1,(
    (#3141,#3142)
    ,(#3143,#3144
    )),.UNSPECIFIED.,.F.,.F.,.F.,(2,2),(2,2),(0.,5.),(0.,5.),
  .PIECEWISE_BEZIER_KNOTS.);
#3141 = CARTESIAN_POINT('',(-2.5,15.1,1.4));
#3142 = CARTESIAN_POINT('',(2.5,15.1,1.4));
#3143 = CARTESIAN_POINT('',(-2.5,15.1,6.4));
#3144 = CARTESIAN_POINT('',(2.5,15.1,6.4));
#3145 = ADVANCED_FACE('',(#3146),#3160,.T.);
#3146 = FACE_BOUND('',#3147,.T.);
#3147 = EDGE_LOOP('',(#3148,#3153,#3154,#3159));
#3148 = ORIENTED_EDGE('',*,*,#3149,.F.);
#3149 = EDGE_CURVE('',#3067,#3103,#3150,.T.);
#3150 = B_SPLINE_CURVE_WITH_KNOTS('',1,(#3151,#3152),.UNSPECIFIED.,.F.,
  .F.,(2,2),(0.,5.),.PIECEWISE_BEZIER_KNOTS.);
#3151 = CARTESIAN_POINT('',(-2.5,20.1,1.4));
#3152 = CARTESIAN_POINT('',(2.5,20.1,1.4));
#3153 = ORIENTED_EDGE('',*,*,#3073,.T.);
#3154 = ORIENTED_EDGE('',*,*,#3155,.T.);
#3155 = EDGE_CURVE('',#3074,#3110,#3156,.T.);
#3156 = B_SPLINE_CURVE_WITH_KNOTS('',1,(#3157,#3158),.UNSPECIFIED.,.F.,
  .F.,(2,2),(0.,5.),.PIECEWISE_BEZIER_KNOTS.);
#3157 = CARTESIAN_POINT('',(-2.5,20.1,6.4));
#3158 = CARTESIAN_POINT('',(2.5,20.1,6.4));
#3159 = ORIENTED_EDGE('',*,*,#3109,.F.);
#3160 = B_SPLINE_SURFACE_WITH_KNOTS('',1,1,(
    (#3161,#3162)
    ,(#3163,#3164
    )),.UNSPECIFIED.,.F.,.F.,.F.,(2,2),(2,2),(0.,5.),(0.,5.),
  .PIECEWISE_BEZIER_KNOTS.);
#3161 = CARTESIAN_POINT('',(-2.5,20.1,1.4));
#3162 = CARTESIAN_POINT('',(2.5,20.1,1.4));
#3163 = CARTESIAN_POINT('',(-2.5,20.1,6.4));
#3164 = CARTESIAN_POINT('',(2.5,20.1,6.4));
#3165 = ADVANCED_FACE('',(#3166),#3172,.F.);
#3166 = FACE_BOUND('',#3167,.F.);
#3167 = EDGE_LOOP('',(#3168,#3169,#3170,#3171));
#3168 = ORIENTED_EDGE('',*,*,#3066,.F.);
#3169 = ORIENTED_EDGE('',*,*,#3129,.T.);
#3170 = ORIENTED_EDGE('',*,*,#3102,.T.);
#3171 = ORIENTED_EDGE('',*,*,#3149,.F.);
#3172 = B_SPLINE_SURFACE_WITH_KNOTS('',1,1,(
    (#3173,#3174)
    ,(#3175,#3176
    )),.UNSPECIFIED.,.F.,.F.,.F.,(2,2),(2,2),(0.,5.),(0.,5.),
  .PIECEWISE_BEZIER_KNOTS.);
#3173 = CARTESIAN_POINT('',(-2.5,15.1,1.4));
#3174 = CARTESIAN_POINT('',(-2.5,20.1,1.4));
#3175 = CARTESIAN_POINT('',(2.5,15.1,1.4));
#3176 = CARTESIAN_POINT('',(2.5,20.1,1.4));
#3177 = ADVANCED_FACE('',(#3178),#3184,.T.);
#3178 = FACE_BOUND('',#3179,.T.);
#3179 = EDGE_LOOP('',(#3180,#3181,#3182,#3183));
#3180 = ORIENTED_EDGE('',*,*,#3080,.F.);
#3181 = ORIENTED_EDGE('',*,*,#3135,.T.);
#3182 = ORIENTED_EDGE('',*,*,#3116,.T.);
#3183 = ORIENTED_EDGE('',*,*,#3155,.F.);
#3184 = B_SPLINE_SURFACE_WITH_KNOTS('',1,1,(
    (#3185,#3186)
    ,(#3187,#3188
    )),.UNSPECIFIED.,.F.,.F.,.F.,(2,2),(2,2),(0.,5.),(0.,5.),
  .PIECEWISE_BEZIER_KNOTS.);
#3185 = CARTESIAN_POINT('',(-2.5,15.1,6.4));
#3186 = CARTESIAN_POINT('',(-2.5,20.1,6.4));
#3187 = CARTESIAN_POINT('',(2.5,15.1,6.4));
#3188 = CARTESIAN_POINT('',(2.5,20.1,6.4));
#3189 = MANIFOLD_SOLID_BREP('',#3190);
#3190 = CLOSED_SHELL('',(#3191,#3227,#3263,#3283,#3303,#3315));
#3191 = ADVANCED_FACE('',(#3192),#3222,.F.);
#3192 = FACE_BOUND('',#3193,.F.);
#3193 = EDGE_LOOP('',(#3194,#3203,#3210,#3217));
#3194 = ORIENTED_EDGE('',*,*,#3195,.F.);
#3195 = EDGE_CURVE('',#3196,#3198,#3200,.T.);
#3196 = VERTEX_POINT('',#3197);
#3197 = CARTESIAN_POINT('',(6.3,15.1,1.4));
#3198 = VERTEX_POINT('',#3199);
#3199 = CARTESIAN_POINT('',(6.3,15.1,6.4));
#3200 = B_SPLINE_CURVE_WITH_KNOTS('',1,(#3201,#3202),.UNSPECIFIED.,.F.,
  .F.,(2,2),(0.,5.),.PIECEWISE_BEZIER_KNOTS.);
#3201 = CARTESIAN_POINT('',(6.3,15.1,1.4));
#3202 = CARTESIAN_POINT('',(6.3,15.1,6.4));
#3203 = ORIENTED_EDGE('',*,*,#3204,.T.);
#3204 = EDGE_CURVE('',#3196,#3205,#3207,.T.);
#3205 = VERTEX_POINT('',#3206);
#3206 = CARTESIAN_POINT('',(6.3,20.1,1.4));
#3207 = B_SPLINE_CURVE_WITH_KNOTS('',1,(#3208,#3209),.UNSPECIFIED.,.F.,
  .F.,(2,2),(0.,5.),.PIECEWISE_BEZIER_KNOTS.);
#3208 = CARTESIAN_POINT('',(6.3,15.1,1.4));
#3209 = CARTESIAN_POINT('',(6.3,20.1,1.4));
#3210 = ORIENTED_EDGE('',*,*,#3211,.T.);
#3211 = EDGE_CURVE('',#3205,#3212,#3214,.T.);
#3212 = VERTEX_POINT('',#3213);
#3213 = CARTESIAN_POINT('',(6.3,20.1,6.4));
#3214 = B_SPLINE_CURVE_WITH_KNOTS('',1,(#3215,#3216),.UNSPECIFIED.,.F.,
  .F.,(2,2),(0.,5.),.PIECEWISE_BEZIER_KNOTS.);
#3215 = CARTESIAN_POINT('',(6.3,20.1,1.4));
#3216 = CARTESIAN_POINT('',(6.3,20.1,6.4));
#3217 = ORIENTED_EDGE('',*,*,#3218,.F.);
#3218 = EDGE_CURVE('',#3198,#3212,#3219,.T.);
#3219 = B_SPLINE_CURVE_WITH_KNOTS('',1,(#3220,#3221),.UNSPECIFIED.,.F.,
  .F.,(2,2),(0.,5.),.PIECEWISE_BEZIER_KNOTS.);
#3220 = CARTESIAN_POINT('',(6.3,15.1,6.4));
#3221 = CARTESIAN_POINT('',(6.3,20.1,6.4));
#3222 = B_SPLINE_SURFACE_WITH_KNOTS('',1,1,(
    (#3223,#3224)
    ,(#3225,#3226
    )),.UNSPECIFIED.,.F.,.F.,.F.,(2,2),(2,2),(0.,5.),(-5.,0.),
  .PIECEWISE_BEZIER_KNOTS.);
#3223 = CARTESIAN_POINT('',(6.3,20.1,1.4));
#3224 = CARTESIAN_POINT('',(6.3,15.1,1.4));
#3225 = CARTESIAN_POINT('',(6.3,20.1,6.4));
#3226 = CARTESIAN_POINT('',(6.3,15.1,6.4));
#3227 = ADVANCED_FACE('',(#3228),#3258,.T.);
#3228 = FACE_BOUND('',#3229,.T.);
#3229 = EDGE_LOOP('',(#3230,#3239,#3246,#3253));
#3230 = ORIENTED_EDGE('',*,*,#3231,.F.);
#3231 = EDGE_CURVE('',#3232,#3234,#3236,.T.);
#3232 = VERTEX_POINT('',#3233);
#3233 = CARTESIAN_POINT('',(11.3,15.1,1.4));
#3234 = VERTEX_POINT('',#3235);
#3235 = CARTESIAN_POINT('',(11.3,15.1,6.4));
#3236 = B_SPLINE_CURVE_WITH_KNOTS('',1,(#3237,#3238),.UNSPECIFIED.,.F.,
  .F.,(2,2),(0.,5.),.PIECEWISE_BEZIER_KNOTS.);
#3237 = CARTESIAN_POINT('',(11.3,15.1,1.4));
#3238 = CARTESIAN_POINT('',(11.3,15.1,6.4));
#3239 = ORIENTED_EDGE('',*,*,#3240,.T.);
#3240 = EDGE_CURVE('',#3232,#3241,#3243,.T.);
#3241 = VERTEX_POINT('',#3242);
#3242 = CARTESIAN_POINT('',(11.3,20.1,1.4));
#3243 = B_SPLINE_CURVE_WITH_KNOTS('',1,(#3244,#3245),.UNSPECIFIED.,.F.,
  .F.,(2,2),(0.,5.),.PIECEWISE_BEZIER_KNOTS.);
#3244 = CARTESIAN_POINT('',(11.3,15.1,1.4));
#3245 = CARTESIAN_POINT('',(11.3,20.1,1.4));
#3246 = ORIENTED_EDGE('',*,*,#3247,.T.);
#3247 = EDGE_CURVE('',#3241,#3248,#3250,.T.);
#3248 = VERTEX_POINT('',#3249);
#3249 = CARTESIAN_POINT('',(11.3,20.1,6.4));
#3250 = B_SPLINE_CURVE_WITH_KNOTS('',1,(#3251,#3252),.UNSPECIFIED.,.F.,
  .F.,(2,2),(0.,5.),.PIECEWISE_BEZIER_KNOTS.);
#3251 = CARTESIAN_POINT('',(11.3,20.1,1.4));
#3252 = CARTESIAN_POINT('',(11.3,20.1,6.4));
#3253 = ORIENTED_EDGE('',*,*,#3254,.F.);
#3254 = EDGE_CURVE('',#3234,#3248,#3255,.T.);
#3255 = B_SPLINE_CURVE_WITH_KNOTS('',1,(#3256,#3257),.UNSPECIFIED.,.F.,
  .F.,(2,2),(0.,5.),.PIECEWISE_BEZIER_KNOTS.);
#3256 = CARTESIAN_POINT('',(11.3,15.1,6.4));
#3257 = CARTESIAN_POINT('',(11.3,20.1,6.4));
#3258 = B_SPLINE_SURFACE_WITH_KNOTS('',1,1,(
    (#3259,#3260)
    ,(#3261,#3262
    )),.UNSPECIFIED.,.F.,.F.,.F.,(2,2),(2,2),(0.,5.),(-5.,0.),
  .PIECEWISE_BEZIER_KNOTS.);
#3259 = CARTESIAN_POINT('',(11.3,20.1,1.4));
#3260 = CARTESIAN_POINT('',(11.3,15.1,1.4));
#3261 = CARTESIAN_POINT('',(11.3,20.1,6.4));
#3262 = CARTESIAN_POINT('',(11.3,15.1,6.4));
#3263 = ADVANCED_FACE('',(#3264),#3278,.F.);
#3264 = FACE_BOUND('',#3265,.F.);
#3265 = EDGE_LOOP('',(#3266,#3271,#3272,#3277));
#3266 = ORIENTED_EDGE('',*,*,#3267,.F.);
#3267 = EDGE_CURVE('',#3196,#3232,#3268,.T.);
#3268 = B_SPLINE_CURVE_WITH_KNOTS('',1,(#3269,#3270),.UNSPECIFIED.,.F.,
  .F.,(2,2),(0.,5.),.PIECEWISE_BEZIER_KNOTS.);
#3269 = CARTESIAN_POINT('',(6.3,15.1,1.4));
#3270 = CARTESIAN_POINT('',(11.3,15.1,1.4));
#3271 = ORIENTED_EDGE('',*,*,#3195,.T.);
#3272 = ORIENTED_EDGE('',*,*,#3273,.T.);
#3273 = EDGE_CURVE('',#3198,#3234,#3274,.T.);
#3274 = B_SPLINE_CURVE_WITH_KNOTS('',1,(#3275,#3276),.UNSPECIFIED.,.F.,
  .F.,(2,2),(0.,5.),.PIECEWISE_BEZIER_KNOTS.);
#3275 = CARTESIAN_POINT('',(6.3,15.1,6.4));
#3276 = CARTESIAN_POINT('',(11.3,15.1,6.4));
#3277 = ORIENTED_EDGE('',*,*,#3231,.F.);
#3278 = B_SPLINE_SURFACE_WITH_KNOTS('',1,1,(
    (#3279,#3280)
    ,(#3281,#3282
    )),.UNSPECIFIED.,.F.,.F.,.F.,(2,2),(2,2),(0.,5.),(0.,5.),
  .PIECEWISE_BEZIER_KNOTS.);
#3279 = CARTESIAN_POINT('',(6.3,15.1,1.4));
#3280 = CARTESIAN_POINT('',(11.3,15.1,1.4));
#3281 = CARTESIAN_POINT('',(6.3,15.1,6.4));
#3282 = CARTESIAN_POINT('',(11.3,15.1,6.4));
#3283 = ADVANCED_FACE('',(#3284),#3298,.T.);
#3284 = FACE_BOUND('',#3285,.T.);
#3285 = EDGE_LOOP('',(#3286,#3291,#3292,#3297));
#3286 = ORIENTED_EDGE('',*,*,#3287,.F.);
#3287 = EDGE_CURVE('',#3205,#3241,#3288,.T.);
#3288 = B_SPLINE_CURVE_WITH_KNOTS('',1,(#3289,#3290),.UNSPECIFIED.,.F.,
  .F.,(2,2),(0.,5.),.PIECEWISE_BEZIER_KNOTS.);
#3289 = CARTESIAN_POINT('',(6.3,20.1,1.4));
#3290 = CARTESIAN_POINT('',(11.3,20.1,1.4));
#3291 = ORIENTED_EDGE('',*,*,#3211,.T.);
#3292 = ORIENTED_EDGE('',*,*,#3293,.T.);
#3293 = EDGE_CURVE('',#3212,#3248,#3294,.T.);
#3294 = B_SPLINE_CURVE_WITH_KNOTS('',1,(#3295,#3296),.UNSPECIFIED.,.F.,
  .F.,(2,2),(0.,5.),.PIECEWISE_BEZIER_KNOTS.);
#3295 = CARTESIAN_POINT('',(6.3,20.1,6.4));
#3296 = CARTESIAN_POINT('',(11.3,20.1,6.4));
#3297 = ORIENTED_EDGE('',*,*,#3247,.F.);
#3298 = B_SPLINE_SURFACE_WITH_KNOTS('',1,1,(
    (#3299,#3300)
    ,(#3301,#3302
    )),.UNSPECIFIED.,.F.,.F.,.F.,(2,2),(2,2),(0.,5.),(0.,5.),
  .PIECEWISE_BEZIER_KNOTS.);
#3299 = CARTESIAN_POINT('',(6.3,20.1,1.4));
#3300 = CARTESIAN_POINT('',(11.3,20.1,1.4));
#3301 = CARTESIAN_POINT('',(6.3,20.1,6.4));
#3302 = CARTESIAN_POINT('',(11.3,20.1,6.4));
#3303 = ADVANCED_FACE('',(#3304),#3310,.F.);
#3304 = FACE_BOUND('',#3305,.F.);
#3305 = EDGE_LOOP('',(#3306,#3307,#3308,#3309));
#3306 = ORIENTED_EDGE('',*,*,#3204,.F.);
#3307 = ORIENTED_EDGE('',*,*,#3267,.T.);
#3308 = ORIENTED_EDGE('',*,*,#3240,.T.);
#3309 = ORIENTED_EDGE('',*,*,#3287,.F.);
#3310 = B_SPLINE_SURFACE_WITH_KNOTS('',1,1,(
    (#3311,#3312)
    ,(#3313,#3314
    )),.UNSPECIFIED.,.F.,.F.,.F.,(2,2),(2,2),(0.,5.),(0.,5.),
  .PIECEWISE_BEZIER_KNOTS.);
#3311 = CARTESIAN_POINT('',(6.3,15.1,1.4));
#3312 = CARTESIAN_POINT('',(6.3,20.1,1.4));
#3313 = CARTESIAN_POINT('',(11.3,15.1,1.4));
#3314 = CARTESIAN_POINT('',(11.3,20.1,1.4));
#3315 = ADVANCED_FACE('',(#3316),#3322,.T.);
#3316 = FACE_BOUND('',#3317,.T.);
#3317 = EDGE_LOOP('',(#3318,#3319,#3320,#3321));
#3318 = ORIENTED_EDGE('',*,*,#3218,.F.);
#3319 = ORIENTED_EDGE('',*,*,#3273,.T.);
#3320 = ORIENTED_EDGE('',*,*,#3254,.T.);
#3321 = ORIENTED_EDGE('',*,*,#3293,.F.);
#3322 = B_SPLINE_SURFACE_WITH_KNOTS('',1,1,(
    (#3323,#3324)
    ,(#3325,#3326
    )),.UNSPECIFIED.,.F.,.F.,.F.,(2,2),(2,2),(0.,5.),(0.,5.),
  .PIECEWISE_BEZIER_KNOTS.);
#3323 = CARTESIAN_POINT('',(6.3,15.1,6.4));
#3324 = CARTESIAN_POINT('',(6.3,20.1,6.4));
#3325 = CARTESIAN_POINT('',(11.3,15.1,6.4));
#3326 = CARTESIAN_POINT('',(11.3,20.1,6.4));
#3327 = MANIFOLD_SOLID_BREP('',#3328);
#3328 = CLOSED_SHELL('',(#3329,#3365,#3401,#3421,#3441,#3453));
#3329 = ADVANCED_FACE('',(#3330),#3360,.F.);
#3330 = FACE_BOUND('',#3331,.F.);
#3331 = EDGE_LOOP('',(#3332,#3341,#3348,#3355));
#3332 = ORIENTED_EDGE('',*,*,#3333,.F.);
#3333 = EDGE_CURVE('',#3334,#3336,#3338,.T.);
#3334 = VERTEX_POINT('',#3335);
#3335 = CARTESIAN_POINT('',(15.1,15.1,1.4));
#3336 = VERTEX_POINT('',#3337);
#3337 = CARTESIAN_POINT('',(15.1,15.1,6.4));
#3338 = B_SPLINE_CURVE_WITH_KNOTS('',1,(#3339,#3340),.UNSPECIFIED.,.F.,
  .F.,(2,2),(0.,5.),.PIECEWISE_BEZIER_KNOTS.);
#3339 = CARTESIAN_POINT('',(15.1,15.1,1.4));
#3340 = CARTESIAN_POINT('',(15.1,15.1,6.4));
#3341 = ORIENTED_EDGE('',*,*,#3342,.T.);
#3342 = EDGE_CURVE('',#3334,#3343,#3345,.T.);
#3343 = VERTEX_POINT('',#3344);
#3344 = CARTESIAN_POINT('',(15.1,20.1,1.4));
#3345 = B_SPLINE_CURVE_WITH_KNOTS('',1,(#3346,#3347),.UNSPECIFIED.,.F.,
  .F.,(2,2),(0.,5.),.PIECEWISE_BEZIER_KNOTS.);
#3346 = CARTESIAN_POINT('',(15.1,15.1,1.4));
#3347 = CARTESIAN_POINT('',(15.1,20.1,1.4));
#3348 = ORIENTED_EDGE('',*,*,#3349,.T.);
#3349 = EDGE_CURVE('',#3343,#3350,#3352,.T.);
#3350 = VERTEX_POINT('',#3351);
#3351 = CARTESIAN_POINT('',(15.1,20.1,6.4));
#3352 = B_SPLINE_CURVE_WITH_KNOTS('',1,(#3353,#3354),.UNSPECIFIED.,.F.,
  .F.,(2,2),(0.,5.),.PIECEWISE_BEZIER_KNOTS.);
#3353 = CARTESIAN_POINT('',(15.1,20.1,1.4));
#3354 = CARTESIAN_POINT('',(15.1,20.1,6.4));
#3355 = ORIENTED_EDGE('',*,*,#3356,.F.);
#3356 = EDGE_CURVE('',#3336,#3350,#3357,.T.);
#3357 = B_SPLINE_CURVE_WITH_KNOTS('',1,(#3358,#3359),.UNSPECIFIED.,.F.,
  .F.,(2,2),(0.,5.),.PIECEWISE_BEZIER_KNOTS.);
#3358 = CARTESIAN_POINT('',(15.1,15.1,6.4));
#3359 = CARTESIAN_POINT('',(15.1,20.1,6.4));
#3360 = B_SPLINE_SURFACE_WITH_KNOTS('',1,1,(
    (#3361,#3362)
    ,(#3363,#3364
    )),.UNSPECIFIED.,.F.,.F.,.F.,(2,2),(2,2),(0.,5.),(-5.,0.),
  .PIECEWISE_BEZIER_KNOTS.);
#3361 = CARTESIAN_POINT('',(15.1,20.1,1.4));
#3362 = CARTESIAN_POINT('',(15.1,15.1,1.4));
#3363 = CARTESIAN_POINT('',(15.1,20.1,6.4));
#3364 = CARTESIAN_POINT('',(15.1,15.1,6.4));
#3365 = ADVANCED_FACE('',(#3366),#3396,.T.);
#3366 = FACE_BOUND('',#3367,.T.);
#3367 = EDGE_LOOP('',(#3368,#3377,#3384,#3391));
#3368 = ORIENTED_EDGE('',*,*,#3369,.F.);
#3369 = EDGE_CURVE('',#3370,#3372,#3374,.T.);
#3370 = VERTEX_POINT('',#3371);
#3371 = CARTESIAN_POINT('',(20.1,15.1,1.4));
#3372 = VERTEX_POINT('',#3373);
#3373 = CARTESIAN_POINT('',(20.1,15.1,6.4));
#3374 = B_SPLINE_CURVE_WITH_KNOTS('',1,(#3375,#3376),.UNSPECIFIED.,.F.,
  .F.,(2,2),(0.,5.),.PIECEWISE_BEZIER_KNOTS.);
#3375 = CARTESIAN_POINT('',(20.1,15.1,1.4));
#3376 = CARTESIAN_POINT('',(20.1,15.1,6.4));
#3377 = ORIENTED_EDGE('',*,*,#3378,.T.);
#3378 = EDGE_CURVE('',#3370,#3379,#3381,.T.);
#3379 = VERTEX_POINT('',#3380);
#3380 = CARTESIAN_POINT('',(20.1,20.1,1.4));
#3381 = B_SPLINE_CURVE_WITH_KNOTS('',1,(#3382,#3383),.UNSPECIFIED.,.F.,
  .F.,(2,2),(0.,5.),.PIECEWISE_BEZIER_KNOTS.);
#3382 = CARTESIAN_POINT('',(20.1,15.1,1.4));
#3383 = CARTESIAN_POINT('',(20.1,20.1,1.4));
#3384 = ORIENTED_EDGE('',*,*,#3385,.T.);
#3385 = EDGE_CURVE('',#3379,#3386,#3388,.T.);
#3386 = VERTEX_POINT('',#3387);
#3387 = CARTESIAN_POINT('',(20.1,20.1,6.4));
#3388 = B_SPLINE_CURVE_WITH_KNOTS('',1,(#3389,#3390),.UNSPECIFIED.,.F.,
  .F.,(2,2),(0.,5.),.PIECEWISE_BEZIER_KNOTS.);
#3389 = CARTESIAN_POINT('',(20.1,20.1,1.4));
#3390 = CARTESIAN_POINT('',(20.1,20.1,6.4));
#3391 = ORIENTED_EDGE('',*,*,#3392,.F.);
#3392 = EDGE_CURVE('',#3372,#3386,#3393,.T.);
#3393 = B_SPLINE_CURVE_WITH_KNOTS('',1,(#3394,#3395),.UNSPECIFIED.,.F.,
  .F.,(2,2),(0.,5.),.PIECEWISE_BEZIER_KNOTS.);
#3394 = CARTESIAN_POINT('',(20.1,15.1,6.4));
#3395 = CARTESIAN_POINT('',(20.1,20.1,6.4));
#3396 = B_SPLINE_SURFACE_WITH_KNOTS('',1,1,(
    (#3397,#3398)
    ,(#3399,#3400
    )),.UNSPECIFIED.,.F.,.F.,.F.,(2,2),(2,2),(0.,5.),(-5.,0.),
  .PIECEWISE_BEZIER_KNOTS.);
#3397 = CARTESIAN_POINT('',(20.1,20.1,1.4));
#3398 = CARTESIAN_POINT('',(20.1,15.1,1.4));
#3399 = CARTESIAN_POINT('',(20.1,20.1,6.4));
#3400 = CARTESIAN_POINT('',(20.1,15.1,6.4));
#3401 = ADVANCED_FACE('',(#3402),#3416,.F.);
#3402 = FACE_BOUND('',#3403,.F.);
#3403 = EDGE_LOOP('',(#3404,#3409,#3410,#3415));
#3404 = ORIENTED_EDGE('',*,*,#3405,.F.);
#3405 = EDGE_CURVE('',#3334,#3370,#3406,.T.);
#3406 = B_SPLINE_CURVE_WITH_KNOTS('',1,(#3407,#3408),.UNSPECIFIED.,.F.,
  .F.,(2,2),(0.,5.),.PIECEWISE_BEZIER_KNOTS.);
#3407 = CARTESIAN_POINT('',(15.1,15.1,1.4));
#3408 = CARTESIAN_POINT('',(20.1,15.1,1.4));
#3409 = ORIENTED_EDGE('',*,*,#3333,.T.);
#3410 = ORIENTED_EDGE('',*,*,#3411,.T.);
#3411 = EDGE_CURVE('',#3336,#3372,#3412,.T.);
#3412 = B_SPLINE_CURVE_WITH_KNOTS('',1,(#3413,#3414),.UNSPECIFIED.,.F.,
  .F.,(2,2),(0.,5.),.PIECEWISE_BEZIER_KNOTS.);
#3413 = CARTESIAN_POINT('',(15.1,15.1,6.4));
#3414 = CARTESIAN_POINT('',(20.1,15.1,6.4));
#3415 = ORIENTED_EDGE('',*,*,#3369,.F.);
#3416 = B_SPLINE_SURFACE_WITH_KNOTS('',1,1,(
    (#3417,#3418)
    ,(#3419,#3420
    )),.UNSPECIFIED.,.F.,.F.,.F.,(2,2),(2,2),(0.,5.),(0.,5.),
  .PIECEWISE_BEZIER_KNOTS.);
#3417 = CARTESIAN_POINT('',(15.1,15.1,1.4));
#3418 = CARTESIAN_POINT('',(20.1,15.1,1.4));
#3419 = CARTESIAN_POINT('',(15.1,15.1,6.4));
#3420 = CARTESIAN_POINT('',(20.1,15.1,6.4));
#3421 = ADVANCED_FACE('',(#3422),#3436,.T.);
#3422 = FACE_BOUND('',#3423,.T.);
#3423 = EDGE_LOOP('',(#3424,#3429,#3430,#3435));
#3424 = ORIENTED_EDGE('',*,*,#3425,.F.);
#3425 = EDGE_CURVE('',#3343,#3379,#3426,.T.);
#3426 = B_SPLINE_CURVE_WITH_KNOTS('',1,(#3427,#3428),.UNSPECIFIED.,.F.,
  .F.,(2,2),(0.,5.),.PIECEWISE_BEZIER_KNOTS.);
#3427 = CARTESIAN_POINT('',(15.1,20.1,1.4));
#3428 = CARTESIAN_POINT('',(20.1,20.1,1.4));
#3429 = ORIENTED_EDGE('',*,*,#3349,.T.);
#3430 = ORIENTED_EDGE('',*,*,#3431,.T.);
#3431 = EDGE_CURVE('',#3350,#3386,#3432,.T.);
#3432 = B_SPLINE_CURVE_WITH_KNOTS('',1,(#3433,#3434),.UNSPECIFIED.,.F.,
  .F.,(2,2),(0.,5.),.PIECEWISE_BEZIER_KNOTS.);
#3433 = CARTESIAN_POINT('',(15.1,20.1,6.4));
#3434 = CARTESIAN_POINT('',(20.1,20.1,6.4));
#3435 = ORIENTED_EDGE('',*,*,#3385,.F.);
#3436 = B_SPLINE_SURFACE_WITH_KNOTS('',1,1,(
    (#3437,#3438)
    ,(#3439,#3440
    )),.UNSPECIFIED.,.F.,.F.,.F.,(2,2),(2,2),(0.,5.),(0.,5.),
  .PIECEWISE_BEZIER_KNOTS.);
#3437 = CARTESIAN_POINT('',(15.1,20.1,1.4));
#3438 = CARTESIAN_POINT('',(20.1,20.1,1.4));
#3439 = CARTESIAN_POINT('',(15.1,20.1,6.4));
#3440 = CARTESIAN_POINT('',(20.1,20.1,6.4));
#3441 = ADVANCED_FACE('',(#3442),#3448,.F.);
#3442 = FACE_BOUND('',#3443,.F.);
#3443 = EDGE_LOOP('',(#3444,#3445,#3446,#3447));
#3444 = ORIENTED_EDGE('',*,*,#3342,.F.);
#3445 = ORIENTED_EDGE('',*,*,#3405,.T.);
#3446 = ORIENTED_EDGE('',*,*,#3378,.T.);
#3447 = ORIENTED_EDGE('',*,*,#3425,.F.);
#3448 = B_SPLINE_SURFACE_WITH_KNOTS('',1,1,(
    (#3449,#3450)
    ,(#3451,#3452
    )),.UNSPECIFIED.,.F.,.F.,.F.,(2,2),(2,2),(0.,5.),(0.,5.),
  .PIECEWISE_BEZIER_KNOTS.);
#3449 = CARTESIAN_POINT('',(15.1,15.1,1.4));
#3450 = CARTESIAN_POINT('',(15.1,20.1,1.4));
#3451 = CARTESIAN_POINT('',(20.1,15.1,1.4));
#3452 = CARTESIAN_POINT('',(20.1,20.1,1.4));
#3453 = ADVANCED_FACE('',(#3454),#3460,.T.);
#3454 = FACE_BOUND('',#3455,.T.);
#3455 = EDGE_LOOP('',(#3456,#3457,#3458,#3459));
#3456 = ORIENTED_EDGE('',*,*,#3356,.F.);
#3457 = ORIENTED_EDGE('',*,*,#3411,.T.);
#3458 = ORIENTED_EDGE('',*,*,#3392,.T.);
#3459 = ORIENTED_EDGE('',*,*,#3431,.F.);
#3460 = B_SPLINE_SURFACE_WITH_KNOTS('',1,1,(
    (#3461,#3462)
    ,(#3463,#3464
    )),.UNSPECIFIED.,.F.,.F.,.F.,(2,2),(2,2),(0.,5.),(0.,5.),
  .PIECEWISE_BEZIER_KNOTS.);
#3461 = CARTESIAN_POINT('',(15.1,15.1,6.4));
#3462 = CARTESIAN_POINT('',(15.1,20.1,6.4));
#3463 = CARTESIAN_POINT('',(20.1,15.1,6.4));
#3464 = CARTESIAN_POINT('',(20.1,20.1,6.4));
#3465 = ( GEOMETRIC_REPRESENTATION_CONTEXT(3) 
GLOBAL_UNCERTAINTY_ASSIGNED_CONTEXT((#3469)) 
GLOBAL_UNIT_ASSIGNED_CONTEXT((#3466,#3467,#3468)) REPRESENTATION_CONTEXT
('Context #1','3D Context with UNIT and UNCERTAINTY') );
#3466 = ( LENGTH_UNIT() NAMED_UNIT(*) SI_UNIT(.MILLI.,.METRE.) );
#3467 = ( NAMED_UNIT(*) PLANE_ANGLE_UNIT() SI_UNIT($,.RADIAN.) );
#3468 = ( NAMED_UNIT(*) SI_UNIT($,.STERADIAN.) SOLID_ANGLE_UNIT() );
#3469 = UNCERTAINTY_MEASURE_WITH_UNIT(LENGTH_MEASURE(1.E-07),#3466,
  'distance_accuracy_value','confusion accuracy');
#3470 = PRODUCT_RELATED_PRODUCT_CATEGORY('part',$,(#7));
ENDSEC;
END-ISO-10303-21;
