ISO-10303-21;
HEADER;
FILE_DESCRIPTION(('FreeCAD Model'),'2;1');
FILE_NAME('Open CASCADE Shape Model','2026-10-10T18:06:58',('FreeCAD'),(
    'FreeCAD'),'Open CASCADE STEP processor 7.8','FreeCAD','Unknown');
FILE_SCHEMA(('AUTOMOTIVE_DESIGN { 1 0 10303 214 1 1 1 1 }'));
ENDSEC;
DATA;
#1 = APPLICATION_PROTOCOL_DEFINITION('international standard',
  'automotive_design',2000,#2);
#2 = APPLICATION_CONTEXT(
  'core data for automotive mechanical design processes');
#3 = SHAPE_DEFINITION_REPRESENTATION(#4,#10);
#4 = PRODUCT_DEFINITION_SHAPE('','',#5);
#5 = PRODUCT_DEFINITION('design','',#6,#9);
#6 = PRODUCT_DEFINITION_FORMATION('','',#7);
#7 = PRODUCT('ShieldSigner Top Support Positioned','ShieldSigner Top Support Positioned','',(#8));
#8 = PRODUCT_CONTEXT('',#2,'mechanical');
#9 = PRODUCT_DEFINITION_CONTEXT('part definition',#2,'design');
#10 = ADVANCED_BREP_SHAPE_REPRESENTATION('',(#11,#15),#14295);
#11 = AXIS2_PLACEMENT_3D('',#12,#13,#14);
#12 = CARTESIAN_POINT('',(0.,0.,0.));
#13 = DIRECTION('',(0.,0.,1.));
#14 = DIRECTION('',(1.,0.,-0.));
#15 = MANIFOLD_SOLID_BREP('ShieldSigner Top Support Positioned',#16);
#16 = CLOSED_SHELL('',(#17,#147,#999,#1048,#1102,#4527,#4610,#4637,#4664
    ,#4691,#4718,#4799,#4848,#5354,#5381,#5459,#5506,#5533,#5540,#5627,
    #5759,#5841,#5964,#6014,#6064,#6091,#6118,#6145,#6172,#6199,#6226,
    #6253,#6280,#6356,#6405,#6454,#6503,#6552,#6601,#6650,#6699,#6748,
    #6797,#6846,#6895,#6944,#6993,#7042,#7091,#7140,#7167,#7194,#7285,
    #7371,#8678,#8728,#8777,#8831,#8880,#8930,#8979,#9029,#9078,#9149,
    #9198,#9247,#9301,#9350,#9404,#9453,#9502,#9551,#9600,#9649,#9698,
    #9747,#9796,#9845,#9894,#10455,#10505,#10552,#10579,#10586,#10616,
    #10643,#10670,#10697,#10724,#10731,#10738,#11526,#11573,#11600,
    #11627,#11654,#11681,#11708,#11735,#11762,#11789,#11816,#11843,
    #11870,#11897,#11924,#11951,#11978,#12005,#12032,#12059,#12086,
    #12113,#12140,#12167,#12194,#12221,#12248,#12275,#12302,#12329,
    #12356,#12383,#12410,#12437,#12444,#12471,#12498,#12525,#12552,
    #12579,#12606,#12633,#12660,#12687,#12714,#12741,#12768,#12795,
    #12822,#12829,#13241,#13268,#13295,#13322,#13349,#13376,#13403,
    #13430,#13457,#13484,#13511,#13538,#13565,#13592,#13619,#13646,
    #13673,#13680,#13707,#13734,#13761,#13788,#13815,#13842,#13869,
    #13896,#13923,#13950,#13977,#14004,#14031,#14038,#14065,#14092,
    #14119,#14146,#14173,#14200,#14227,#14254,#14281,#14288));
#17 = ADVANCED_FACE('',(#18),#33,.T.);
#18 = FACE_BOUND('',#19,.T.);
#19 = EDGE_LOOP('',(#20,#60,#88,#121));
#20 = ORIENTED_EDGE('',*,*,#21,.T.);
#21 = EDGE_CURVE('',#22,#24,#26,.T.);
#22 = VERTEX_POINT('',#23);
#23 = CARTESIAN_POINT('',(-25.93091974609,-12.25000261537,0.404675602913
    ));
#24 = VERTEX_POINT('',#25);
#25 = CARTESIAN_POINT('',(-26.20141964854,-12.42027288564,0.404675602913
    ));
#26 = SURFACE_CURVE('',#27,(#32,#44),.PCURVE_S1.);
#27 = CIRCLE('',#28,0.3);
#28 = AXIS2_PLACEMENT_3D('',#29,#30,#31);
#29 = CARTESIAN_POINT('',(-25.93091974609,-12.55000261537,0.404675602913
    ));
#30 = DIRECTION('',(-1.224646799147E-16,-1.232595164408E-32,1.));
#31 = DIRECTION('',(-0.532713603903,0.846295584424,-6.523860098826E-17)
  );
#32 = PCURVE('',#33,#38);
#33 = CYLINDRICAL_SURFACE('',#34,0.3);
#34 = AXIS2_PLACEMENT_3D('',#35,#36,#37);
#35 = CARTESIAN_POINT('',(-25.93091974609,-12.55000261537,4.80467569828)
  );
#36 = DIRECTION('',(0.,0.,-1.));
#37 = DIRECTION('',(-0.532713603903,0.846295584424,0.));
#38 = DEFINITIONAL_REPRESENTATION('',(#39),#43);
#39 = LINE('',#40,#41);
#40 = CARTESIAN_POINT('',(6.28318530718,4.400000095367));
#41 = VECTOR('',#42,1.);
#42 = DIRECTION('',(-1.,0.));
#43 = ( GEOMETRIC_REPRESENTATION_CONTEXT(2) 
PARAMETRIC_REPRESENTATION_CONTEXT() REPRESENTATION_CONTEXT('2D SPACE',''
  ) );
#44 = PCURVE('',#45,#50);
#45 = PLANE('',#46);
#46 = AXIS2_PLACEMENT_3D('',#47,#48,#49);
#47 = CARTESIAN_POINT('',(-27.59900265146,-14.40000281669,0.404675602913
    ));
#48 = DIRECTION('',(1.224646799147E-16,1.499759782662E-32,-1.));
#49 = DIRECTION('',(9.95799250103E-17,1.,2.719262146894E-32));
#50 = DEFINITIONAL_REPRESENTATION('',(#51),#59);
#51 = ( BOUNDED_CURVE() B_SPLINE_CURVE(2,(#52,#53,#54,#55,#56,#57,#58),
.UNSPECIFIED.,.T.,.F.) B_SPLINE_CURVE_WITH_KNOTS((1,2,2,2,2,1),(
    -2.094395102393,0.,2.094395102393,4.188790204786,6.28318530718,
8.377580409573),.UNSPECIFIED.) CURVE() GEOMETRIC_REPRESENTATION_ITEM() 
RATIONAL_B_SPLINE_CURVE((1.,0.5,1.,0.5,1.,0.5,1.)) REPRESENTATION_ITEM(
  '') );
#52 = CARTESIAN_POINT('',(2.103888876654,1.508268824203));
#53 = CARTESIAN_POINT('',(1.827082768301,1.068520739069));
#54 = CARTESIAN_POINT('',(1.584652809487,1.528115903392));
#55 = CARTESIAN_POINT('',(1.342222850672,1.987711067716));
#56 = CARTESIAN_POINT('',(1.86145891784,1.967863988526));
#57 = CARTESIAN_POINT('',(2.380694985007,1.948016909336));
#58 = CARTESIAN_POINT('',(2.103888876654,1.508268824203));
#59 = ( GEOMETRIC_REPRESENTATION_CONTEXT(2) 
PARAMETRIC_REPRESENTATION_CONTEXT() REPRESENTATION_CONTEXT('2D SPACE',''
  ) );
#60 = ORIENTED_EDGE('',*,*,#61,.T.);
#61 = EDGE_CURVE('',#24,#62,#64,.T.);
#62 = VERTEX_POINT('',#63);
#63 = CARTESIAN_POINT('',(-26.20141964854,-12.42027288564,2.804675674438
    ));
#64 = SURFACE_CURVE('',#65,(#69,#76),.PCURVE_S1.);
#65 = LINE('',#66,#67);
#66 = CARTESIAN_POINT('',(-26.20141964854,-12.42027288564,4.80467569828)
  );
#67 = VECTOR('',#68,1.);
#68 = DIRECTION('',(0.,0.,1.));
#69 = PCURVE('',#33,#70);
#70 = DEFINITIONAL_REPRESENTATION('',(#71),#75);
#71 = LINE('',#72,#73);
#72 = CARTESIAN_POINT('',(-0.561803790784,0.));
#73 = VECTOR('',#74,1.);
#74 = DIRECTION('',(0.,-1.));
#75 = ( GEOMETRIC_REPRESENTATION_CONTEXT(2) 
PARAMETRIC_REPRESENTATION_CONTEXT() REPRESENTATION_CONTEXT('2D SPACE',''
  ) );
#76 = PCURVE('',#77,#82);
#77 = CYLINDRICAL_SURFACE('',#78,1.55);
#78 = AXIS2_PLACEMENT_3D('',#79,#80,#81);
#79 = CARTESIAN_POINT('',(-27.59900247785,-11.75000261537,4.80467569828)
  );
#80 = DIRECTION('',(0.,0.,-1.));
#81 = DIRECTION('',(-1.,0.,0.));
#82 = DEFINITIONAL_REPRESENTATION('',(#83),#87);
#83 = LINE('',#84,#85);
#84 = CARTESIAN_POINT('',(3.588781398817,0.));
#85 = VECTOR('',#86,1.);
#86 = DIRECTION('',(0.,-1.));
#87 = ( GEOMETRIC_REPRESENTATION_CONTEXT(2) 
PARAMETRIC_REPRESENTATION_CONTEXT() REPRESENTATION_CONTEXT('2D SPACE',''
  ) );
#88 = ORIENTED_EDGE('',*,*,#89,.F.);
#89 = EDGE_CURVE('',#90,#62,#92,.T.);
#90 = VERTEX_POINT('',#91);
#91 = CARTESIAN_POINT('',(-25.93091974609,-12.25000261537,2.804675602913
    ));
#92 = SURFACE_CURVE('',#93,(#98,#105),.PCURVE_S1.);
#93 = CIRCLE('',#94,0.3);
#94 = AXIS2_PLACEMENT_3D('',#95,#96,#97);
#95 = CARTESIAN_POINT('',(-25.93091974609,-12.55000261537,2.804675674438
    ));
#96 = DIRECTION('',(0.,0.,1.));
#97 = DIRECTION('',(-0.532713603903,0.846295584424,0.));
#98 = PCURVE('',#33,#99);
#99 = DEFINITIONAL_REPRESENTATION('',(#100),#104);
#100 = LINE('',#101,#102);
#101 = CARTESIAN_POINT('',(6.28318530718,2.000000023842));
#102 = VECTOR('',#103,1.);
#103 = DIRECTION('',(-1.,0.));
#104 = ( GEOMETRIC_REPRESENTATION_CONTEXT(2) 
PARAMETRIC_REPRESENTATION_CONTEXT() REPRESENTATION_CONTEXT('2D SPACE',''
  ) );
#105 = PCURVE('',#106,#111);
#106 = PLANE('',#107);
#107 = AXIS2_PLACEMENT_3D('',#108,#109,#110);
#108 = CARTESIAN_POINT('',(1.39843077253,0.349600013713,2.804675674438)
  );
#109 = DIRECTION('',(0.,0.,-1.));
#110 = DIRECTION('',(1.,0.,0.));
#111 = DEFINITIONAL_REPRESENTATION('',(#112),#120);
#112 = ( BOUNDED_CURVE() B_SPLINE_CURVE(2,(#113,#114,#115,#116,#117,#118
,#119),.UNSPECIFIED.,.T.,.F.) B_SPLINE_CURVE_WITH_KNOTS((1,2,2,2,2,1),(
    -2.094395102393,0.,2.094395102393,4.188790204786,6.28318530718,
8.377580409573),.UNSPECIFIED.) CURVE() GEOMETRIC_REPRESENTATION_ITEM() 
RATIONAL_B_SPLINE_CURVE((1.,0.5,1.,0.5,1.,0.5,1.)) REPRESENTATION_ITEM(
  '') );
#113 = CARTESIAN_POINT('',(-27.48916459979,12.645713953756));
#114 = CARTESIAN_POINT('',(-27.92891268492,12.922520062109));
#115 = CARTESIAN_POINT('',(-27.4693175206,13.164950020923));
#116 = CARTESIAN_POINT('',(-27.00972235628,13.407379979738));
#117 = CARTESIAN_POINT('',(-27.02956943547,12.88814391257));
#118 = CARTESIAN_POINT('',(-27.04941651466,12.368907845403));
#119 = CARTESIAN_POINT('',(-27.48916459979,12.645713953756));
#120 = ( GEOMETRIC_REPRESENTATION_CONTEXT(2) 
PARAMETRIC_REPRESENTATION_CONTEXT() REPRESENTATION_CONTEXT('2D SPACE',''
  ) );
#121 = ORIENTED_EDGE('',*,*,#122,.T.);
#122 = EDGE_CURVE('',#90,#22,#123,.T.);
#123 = SURFACE_CURVE('',#124,(#128,#135),.PCURVE_S1.);
#124 = LINE('',#125,#126);
#125 = CARTESIAN_POINT('',(-25.93091974609,-12.25000261537,4.80467569828
    ));
#126 = VECTOR('',#127,1.);
#127 = DIRECTION('',(0.,0.,-1.));
#128 = PCURVE('',#33,#129);
#129 = DEFINITIONAL_REPRESENTATION('',(#130),#134);
#130 = LINE('',#131,#132);
#131 = CARTESIAN_POINT('',(0.561803790784,0.));
#132 = VECTOR('',#133,1.);
#133 = DIRECTION('',(0.,1.));
#134 = ( GEOMETRIC_REPRESENTATION_CONTEXT(2) 
PARAMETRIC_REPRESENTATION_CONTEXT() REPRESENTATION_CONTEXT('2D SPACE',''
  ) );
#135 = PCURVE('',#136,#141);
#136 = PLANE('',#137);
#137 = AXIS2_PLACEMENT_3D('',#138,#139,#140);
#138 = CARTESIAN_POINT('',(-26.04900247785,-12.25000261537,
    0.404675602913));
#139 = DIRECTION('',(0.,-1.,0.));
#140 = DIRECTION('',(0.,0.,-1.));
#141 = DEFINITIONAL_REPRESENTATION('',(#142),#146);
#142 = LINE('',#143,#144);
#143 = CARTESIAN_POINT('',(-4.400000095367,0.118082731761));
#144 = VECTOR('',#145,1.);
#145 = DIRECTION('',(1.,0.));
#146 = ( GEOMETRIC_REPRESENTATION_CONTEXT(2) 
PARAMETRIC_REPRESENTATION_CONTEXT() REPRESENTATION_CONTEXT('2D SPACE',''
  ) );
#147 = ADVANCED_FACE('',(#148),#45,.T.);
#148 = FACE_BOUND('',#149,.T.);
#149 = EDGE_LOOP('',(#150,#151,#174,#207,#235,#263,#291,#319,#347,#375,
    #403,#431,#459,#487,#515,#543,#571,#599,#627,#655,#683,#711,#739,
    #767,#795,#823,#851,#879,#912,#940,#973));
#150 = ORIENTED_EDGE('',*,*,#21,.F.);
#151 = ORIENTED_EDGE('',*,*,#152,.T.);
#152 = EDGE_CURVE('',#22,#153,#155,.T.);
#153 = VERTEX_POINT('',#154);
#154 = CARTESIAN_POINT('',(-25.34069193666,-12.25000261537,
    0.404675602913));
#155 = SURFACE_CURVE('',#156,(#160,#167),.PCURVE_S1.);
#156 = LINE('',#157,#158);
#157 = CARTESIAN_POINT('',(-26.82400256465,-12.25000261537,
    0.404675602913));
#158 = VECTOR('',#159,1.);
#159 = DIRECTION('',(1.,0.,1.224646799147E-16));
#160 = PCURVE('',#45,#161);
#161 = DEFINITIONAL_REPRESENTATION('',(#162),#166);
#162 = LINE('',#163,#164);
#163 = CARTESIAN_POINT('',(2.150000201327,0.775000086806));
#164 = VECTOR('',#165,1.);
#165 = DIRECTION('',(9.95799250103E-17,1.));
#166 = ( GEOMETRIC_REPRESENTATION_CONTEXT(2) 
PARAMETRIC_REPRESENTATION_CONTEXT() REPRESENTATION_CONTEXT('2D SPACE',''
  ) );
#167 = PCURVE('',#136,#168);
#168 = DEFINITIONAL_REPRESENTATION('',(#169),#173);
#169 = LINE('',#170,#171);
#170 = CARTESIAN_POINT('',(0.,-0.775000086806));
#171 = VECTOR('',#172,1.);
#172 = DIRECTION('',(-1.224646799147E-16,1.));
#173 = ( GEOMETRIC_REPRESENTATION_CONTEXT(2) 
PARAMETRIC_REPRESENTATION_CONTEXT() REPRESENTATION_CONTEXT('2D SPACE',''
  ) );
#174 = ORIENTED_EDGE('',*,*,#175,.F.);
#175 = EDGE_CURVE('',#176,#153,#178,.T.);
#176 = VERTEX_POINT('',#177);
#177 = CARTESIAN_POINT('',(-25.0501647513,-12.47520987131,0.404675602913
    ));
#178 = SURFACE_CURVE('',#179,(#184,#195),.PCURVE_S1.);
#179 = CIRCLE('',#180,0.3);
#180 = AXIS2_PLACEMENT_3D('',#181,#182,#183);
#181 = CARTESIAN_POINT('',(-25.34069193666,-12.55000261537,
    0.404675602913));
#182 = DIRECTION('',(-1.224646799147E-16,-6.162975822039E-33,1.));
#183 = DIRECTION('',(0.968423951218,0.24930914686,1.185977292076E-16));
#184 = PCURVE('',#45,#185);
#185 = DEFINITIONAL_REPRESENTATION('',(#186),#194);
#186 = ( BOUNDED_CURVE() B_SPLINE_CURVE(2,(#187,#188,#189,#190,#191,#192
,#193),.UNSPECIFIED.,.T.,.F.) B_SPLINE_CURVE_WITH_KNOTS((1,2,2,2,2,1),(
    -2.094395102393,0.,2.094395102393,4.188790204786,6.28318530718,
8.377580409573),.UNSPECIFIED.) CURVE() GEOMETRIC_REPRESENTATION_ITEM() 
RATIONAL_B_SPLINE_CURVE((1.,0.5,1.,0.5,1.,0.5,1.)) REPRESENTATION_ITEM(
  '') );
#187 = CARTESIAN_POINT('',(1.924792945385,2.548837900162));
#188 = CARTESIAN_POINT('',(2.428000791418,2.419293067416));
#189 = CARTESIAN_POINT('',(2.064207752314,2.048274705741));
#190 = CARTESIAN_POINT('',(1.700414713211,1.677256344066));
#191 = CARTESIAN_POINT('',(1.560999906281,2.177819538487));
#192 = CARTESIAN_POINT('',(1.421585099352,2.678382732908));
#193 = CARTESIAN_POINT('',(1.924792945385,2.548837900162));
#194 = ( GEOMETRIC_REPRESENTATION_CONTEXT(2) 
PARAMETRIC_REPRESENTATION_CONTEXT() REPRESENTATION_CONTEXT('2D SPACE',''
  ) );
#195 = PCURVE('',#196,#201);
#196 = CYLINDRICAL_SURFACE('',#197,0.3);
#197 = AXIS2_PLACEMENT_3D('',#198,#199,#200);
#198 = CARTESIAN_POINT('',(-25.34069193666,-12.55000261537,
    3.204675674438));
#199 = DIRECTION('',(-1.224646799147E-16,0.,1.));
#200 = DIRECTION('',(0.968423951218,0.24930914686,1.185977292076E-16));
#201 = DEFINITIONAL_REPRESENTATION('',(#202),#206);
#202 = LINE('',#203,#204);
#203 = CARTESIAN_POINT('',(0.,-2.800000071525));
#204 = VECTOR('',#205,1.);
#205 = DIRECTION('',(1.,0.));
#206 = ( GEOMETRIC_REPRESENTATION_CONTEXT(2) 
PARAMETRIC_REPRESENTATION_CONTEXT() REPRESENTATION_CONTEXT('2D SPACE',''
  ) );
#207 = ORIENTED_EDGE('',*,*,#208,.F.);
#208 = EDGE_CURVE('',#209,#176,#211,.T.);
#209 = VERTEX_POINT('',#210);
#210 = CARTESIAN_POINT('',(-25.22682004381,-12.93120948412,
    0.404675602913));
#211 = SURFACE_CURVE('',#212,(#216,#223),.PCURVE_S1.);
#212 = LINE('',#213,#214);
#213 = CARTESIAN_POINT('',(-25.22682004381,-12.93120948412,
    0.404675602913));
#214 = VECTOR('',#215,1.);
#215 = DIRECTION('',(0.361241846442,0.932472159573,4.423936709635E-17));
#216 = PCURVE('',#45,#217);
#217 = DEFINITIONAL_REPRESENTATION('',(#218),#222);
#218 = LINE('',#219,#220);
#219 = CARTESIAN_POINT('',(1.468793332577,2.372182607651));
#220 = VECTOR('',#221,1.);
#221 = DIRECTION('',(0.932472159573,0.361241846442));
#222 = ( GEOMETRIC_REPRESENTATION_CONTEXT(2) 
PARAMETRIC_REPRESENTATION_CONTEXT() REPRESENTATION_CONTEXT('2D SPACE',''
  ) );
#223 = PCURVE('',#224,#229);
#224 = PLANE('',#225);
#225 = AXIS2_PLACEMENT_3D('',#226,#227,#228);
#226 = CARTESIAN_POINT('',(-25.0501647513,-12.47520987131,3.204675674438
    ));
#227 = DIRECTION('',(0.932472159573,-0.361241846442,1.141949045515E-16)
  );
#228 = DIRECTION('',(1.224646799147E-16,-4.930380657631E-32,-1.));
#229 = DEFINITIONAL_REPRESENTATION('',(#230),#234);
#230 = LINE('',#231,#232);
#231 = CARTESIAN_POINT('',(2.800000071525,-0.48902222777));
#232 = VECTOR('',#233,1.);
#233 = DIRECTION('',(-5.546678239835E-32,1.));
#234 = ( GEOMETRIC_REPRESENTATION_CONTEXT(2) 
PARAMETRIC_REPRESENTATION_CONTEXT() REPRESENTATION_CONTEXT('2D SPACE',''
  ) );
#235 = ORIENTED_EDGE('',*,*,#236,.F.);
#236 = EDGE_CURVE('',#237,#209,#239,.T.);
#237 = VERTEX_POINT('',#238);
#238 = CARTESIAN_POINT('',(-25.48425679613,-13.34698466398,
    0.404675602913));
#239 = SURFACE_CURVE('',#240,(#244,#251),.PCURVE_S1.);
#240 = LINE('',#241,#242);
#241 = CARTESIAN_POINT('',(-25.48425679613,-13.34698466398,
    0.404675602913));
#242 = VECTOR('',#243,1.);
#243 = DIRECTION('',(0.52643166039,0.850217446857,6.446928478659E-17));
#244 = PCURVE('',#45,#245);
#245 = DEFINITIONAL_REPRESENTATION('',(#246),#250);
#246 = LINE('',#247,#248);
#247 = CARTESIAN_POINT('',(1.053018152714,2.114745855331));
#248 = VECTOR('',#249,1.);
#249 = DIRECTION('',(0.850217446857,0.52643166039));
#250 = ( GEOMETRIC_REPRESENTATION_CONTEXT(2) 
PARAMETRIC_REPRESENTATION_CONTEXT() REPRESENTATION_CONTEXT('2D SPACE',''
  ) );
#251 = PCURVE('',#252,#257);
#252 = PLANE('',#253);
#253 = AXIS2_PLACEMENT_3D('',#254,#255,#256);
#254 = CARTESIAN_POINT('',(-25.22682004381,-12.93120948412,
    3.204675674438));
#255 = DIRECTION('',(0.850217446857,-0.52643166039,1.041216074872E-16));
#256 = DIRECTION('',(1.224646799147E-16,-3.759415251444E-31,-1.));
#257 = DEFINITIONAL_REPRESENTATION('',(#258),#262);
#258 = LINE('',#259,#260);
#259 = CARTESIAN_POINT('',(2.800000071525,-0.489022168858));
#260 = VECTOR('',#261,1.);
#261 = DIRECTION('',(-1.355854680849E-31,1.));
#262 = ( GEOMETRIC_REPRESENTATION_CONTEXT(2) 
PARAMETRIC_REPRESENTATION_CONTEXT() REPRESENTATION_CONTEXT('2D SPACE',''
  ) );
#263 = ORIENTED_EDGE('',*,*,#264,.F.);
#264 = EDGE_CURVE('',#265,#237,#267,.T.);
#265 = VERTEX_POINT('',#266);
#266 = CARTESIAN_POINT('',(-25.81370931078,-13.70837644674,
    0.404675602913));
#267 = SURFACE_CURVE('',#268,(#272,#279),.PCURVE_S1.);
#268 = LINE('',#269,#270);
#269 = CARTESIAN_POINT('',(-25.81370931078,-13.70837644674,
    0.404675602913));
#270 = VECTOR('',#271,1.);
#271 = DIRECTION('',(0.673696061387,0.7390085364,8.250397251759E-17));
#272 = PCURVE('',#45,#273);
#273 = DEFINITIONAL_REPRESENTATION('',(#274),#278);
#274 = LINE('',#275,#276);
#275 = CARTESIAN_POINT('',(0.691626369953,1.785293340683));
#276 = VECTOR('',#277,1.);
#277 = DIRECTION('',(0.7390085364,0.673696061387));
#278 = ( GEOMETRIC_REPRESENTATION_CONTEXT(2) 
PARAMETRIC_REPRESENTATION_CONTEXT() REPRESENTATION_CONTEXT('2D SPACE',''
  ) );
#279 = PCURVE('',#280,#285);
#280 = PLANE('',#281);
#281 = AXIS2_PLACEMENT_3D('',#282,#283,#284);
#282 = CARTESIAN_POINT('',(-25.48425679613,-13.34698466398,
    3.204675674438));
#283 = DIRECTION('',(0.7390085364,-0.673696061387,9.050244386443E-17));
#284 = DIRECTION('',(1.224646799147E-16,-1.355854680849E-31,-1.));
#285 = DEFINITIONAL_REPRESENTATION('',(#286),#290);
#286 = LINE('',#287,#288);
#287 = CARTESIAN_POINT('',(2.800000071525,-0.489022473978));
#288 = VECTOR('',#289,1.);
#289 = DIRECTION('',(-2.341930812375E-31,1.));
#290 = ( GEOMETRIC_REPRESENTATION_CONTEXT(2) 
PARAMETRIC_REPRESENTATION_CONTEXT() REPRESENTATION_CONTEXT('2D SPACE',''
  ) );
#291 = ORIENTED_EDGE('',*,*,#292,.F.);
#292 = EDGE_CURVE('',#293,#265,#295,.T.);
#293 = VERTEX_POINT('',#294);
#294 = CARTESIAN_POINT('',(-26.20395713259,-14.00307826139,
    0.404675602913));
#295 = SURFACE_CURVE('',#296,(#300,#307),.PCURVE_S1.);
#296 = LINE('',#297,#298);
#297 = CARTESIAN_POINT('',(-26.20395713259,-14.00307826139,
    0.404675602913));
#298 = VECTOR('',#299,1.);
#299 = DIRECTION('',(0.798016893554,0.602635078304,9.772888343568E-17));
#300 = PCURVE('',#45,#301);
#301 = DEFINITIONAL_REPRESENTATION('',(#302),#306);
#302 = LINE('',#303,#304);
#303 = CARTESIAN_POINT('',(0.396924555302,1.395045518875));
#304 = VECTOR('',#305,1.);
#305 = DIRECTION('',(0.602635078304,0.798016893554));
#306 = ( GEOMETRIC_REPRESENTATION_CONTEXT(2) 
PARAMETRIC_REPRESENTATION_CONTEXT() REPRESENTATION_CONTEXT('2D SPACE',''
  ) );
#307 = PCURVE('',#308,#313);
#308 = PLANE('',#309);
#309 = AXIS2_PLACEMENT_3D('',#310,#311,#312);
#310 = CARTESIAN_POINT('',(-25.81370931078,-13.70837644674,
    3.204675674438));
#311 = DIRECTION('',(0.602635078304,-0.798016893554,7.380151196984E-17)
  );
#312 = DIRECTION('',(1.224646799147E-16,-7.395570986447E-32,-1.));
#313 = DEFINITIONAL_REPRESENTATION('',(#314),#318);
#314 = LINE('',#315,#316);
#315 = CARTESIAN_POINT('',(2.800000071525,-0.489022005624));
#316 = VECTOR('',#317,1.);
#317 = DIRECTION('',(-3.574525976783E-31,1.));
#318 = ( GEOMETRIC_REPRESENTATION_CONTEXT(2) 
PARAMETRIC_REPRESENTATION_CONTEXT() REPRESENTATION_CONTEXT('2D SPACE',''
  ) );
#319 = ORIENTED_EDGE('',*,*,#320,.F.);
#320 = EDGE_CURVE('',#321,#293,#323,.T.);
#321 = VERTEX_POINT('',#322);
#322 = CARTESIAN_POINT('',(-26.64171224047,-14.22105423547,
    0.404675602913));
#323 = SURFACE_CURVE('',#324,(#328,#335),.PCURVE_S1.);
#324 = LINE('',#325,#326);
#325 = CARTESIAN_POINT('',(-26.64171224047,-14.22105423547,
    0.404675602913));
#326 = VECTOR('',#327,1.);
#327 = DIRECTION('',(0.895163429557,0.445738078229,1.096259028721E-16));
#328 = PCURVE('',#45,#329);
#329 = DEFINITIONAL_REPRESENTATION('',(#330),#334);
#330 = LINE('',#331,#332);
#331 = CARTESIAN_POINT('',(0.178948581219,0.957290410995));
#332 = VECTOR('',#333,1.);
#333 = DIRECTION('',(0.445738078229,0.895163429557));
#334 = ( GEOMETRIC_REPRESENTATION_CONTEXT(2) 
PARAMETRIC_REPRESENTATION_CONTEXT() REPRESENTATION_CONTEXT('2D SPACE',''
  ) );
#335 = PCURVE('',#336,#341);
#336 = PLANE('',#337);
#337 = AXIS2_PLACEMENT_3D('',#338,#339,#340);
#338 = CARTESIAN_POINT('',(-26.20395713259,-14.00307826139,
    3.204675674438));
#339 = DIRECTION('',(0.445738078229,-0.895163429557,5.458717107612E-17)
  );
#340 = DIRECTION('',(1.224646799147E-16,-1.417484439069E-31,-1.));
#341 = DEFINITIONAL_REPRESENTATION('',(#342),#346);
#342 = LINE('',#343,#344);
#343 = CARTESIAN_POINT('',(2.800000071525,-0.489022555464));
#344 = VECTOR('',#345,1.);
#345 = DIRECTION('',(1.232595164408E-31,1.));
#346 = ( GEOMETRIC_REPRESENTATION_CONTEXT(2) 
PARAMETRIC_REPRESENTATION_CONTEXT() REPRESENTATION_CONTEXT('2D SPACE',''
  ) );
#347 = ORIENTED_EDGE('',*,*,#348,.F.);
#348 = EDGE_CURVE('',#349,#321,#351,.T.);
#349 = VERTEX_POINT('',#350);
#350 = CARTESIAN_POINT('',(-27.11206632067,-14.35488156416,
    0.404675602913));
#351 = SURFACE_CURVE('',#352,(#356,#363),.PCURVE_S1.);
#352 = LINE('',#353,#354);
#353 = CARTESIAN_POINT('',(-27.11206632067,-14.35488156416,
    0.404675602913));
#354 = VECTOR('',#355,1.);
#355 = DIRECTION('',(0.961825613791,0.273663093338,1.177896659267E-16));
#356 = PCURVE('',#45,#357);
#357 = DEFINITIONAL_REPRESENTATION('',(#358),#362);
#358 = LINE('',#359,#360);
#359 = CARTESIAN_POINT('',(4.512125253677E-02,0.486936330795));
#360 = VECTOR('',#361,1.);
#361 = DIRECTION('',(0.273663093338,0.961825613791));
#362 = ( GEOMETRIC_REPRESENTATION_CONTEXT(2) 
PARAMETRIC_REPRESENTATION_CONTEXT() REPRESENTATION_CONTEXT('2D SPACE',''
  ) );
#363 = PCURVE('',#364,#369);
#364 = PLANE('',#365);
#365 = AXIS2_PLACEMENT_3D('',#366,#367,#368);
#366 = CARTESIAN_POINT('',(-26.64171224047,-14.22105423547,
    3.204675674438));
#367 = DIRECTION('',(0.273663093338,-0.961825613791,3.351406313007E-17)
  );
#368 = DIRECTION('',(1.224646799147E-16,-1.848892746612E-32,-1.));
#369 = DEFINITIONAL_REPRESENTATION('',(#370),#374);
#370 = LINE('',#371,#372);
#371 = CARTESIAN_POINT('',(2.800000071525,-0.489022202628));
#372 = VECTOR('',#373,1.);
#373 = DIRECTION('',(-6.902532920684E-31,1.));
#374 = ( GEOMETRIC_REPRESENTATION_CONTEXT(2) 
PARAMETRIC_REPRESENTATION_CONTEXT() REPRESENTATION_CONTEXT('2D SPACE',''
  ) );
#375 = ORIENTED_EDGE('',*,*,#376,.F.);
#376 = EDGE_CURVE('',#377,#349,#379,.T.);
#377 = VERTEX_POINT('',#378);
#378 = CARTESIAN_POINT('',(-27.59900265146,-14.40000281669,
    0.404675602913));
#379 = SURFACE_CURVE('',#380,(#384,#391),.PCURVE_S1.);
#380 = LINE('',#381,#382);
#381 = CARTESIAN_POINT('',(-27.59900265146,-14.40000281669,
    0.404675602913));
#382 = VECTOR('',#383,1.);
#383 = DIRECTION('',(0.995734184442,9.226827154654E-02,
    1.219422681778E-16));
#384 = PCURVE('',#45,#385);
#385 = DEFINITIONAL_REPRESENTATION('',(#386),#390);
#386 = LINE('',#387,#388);
#387 = CARTESIAN_POINT('',(0.,0.));
#388 = VECTOR('',#389,1.);
#389 = DIRECTION('',(9.226827154654E-02,0.995734184442));
#390 = ( GEOMETRIC_REPRESENTATION_CONTEXT(2) 
PARAMETRIC_REPRESENTATION_CONTEXT() REPRESENTATION_CONTEXT('2D SPACE',''
  ) );
#391 = PCURVE('',#392,#397);
#392 = PLANE('',#393);
#393 = AXIS2_PLACEMENT_3D('',#394,#395,#396);
#394 = CARTESIAN_POINT('',(-27.11206632067,-14.35488156416,
    3.204675674438));
#395 = DIRECTION('',(9.226827154654E-02,-0.995734184442,
    1.129960434123E-17));
#396 = DIRECTION('',(1.224646799147E-16,-1.078520768857E-32,-1.));
#397 = DEFINITIONAL_REPRESENTATION('',(#398),#402);
#398 = LINE('',#399,#400);
#399 = CARTESIAN_POINT('',(2.800000071525,-0.489022410201));
#400 = VECTOR('',#401,1.);
#401 = DIRECTION('',(-1.725633230171E-31,1.));
#402 = ( GEOMETRIC_REPRESENTATION_CONTEXT(2) 
PARAMETRIC_REPRESENTATION_CONTEXT() REPRESENTATION_CONTEXT('2D SPACE',''
  ) );
#403 = ORIENTED_EDGE('',*,*,#404,.T.);
#404 = EDGE_CURVE('',#377,#405,#407,.T.);
#405 = VERTEX_POINT('',#406);
#406 = CARTESIAN_POINT('',(-28.08593874384,-14.35488156416,
    0.404675602913));
#407 = SURFACE_CURVE('',#408,(#412,#419),.PCURVE_S1.);
#408 = LINE('',#409,#410);
#409 = CARTESIAN_POINT('',(-27.59900265146,-14.40000281669,
    0.404675602913));
#410 = VECTOR('',#411,1.);
#411 = DIRECTION('',(-0.995734180291,9.226831633925E-02,
    -1.219422676695E-16));
#412 = PCURVE('',#45,#413);
#413 = DEFINITIONAL_REPRESENTATION('',(#414),#418);
#414 = LINE('',#415,#416);
#415 = CARTESIAN_POINT('',(0.,0.));
#416 = VECTOR('',#417,1.);
#417 = DIRECTION('',(9.226831633925E-02,-0.995734180291));
#418 = ( GEOMETRIC_REPRESENTATION_CONTEXT(2) 
PARAMETRIC_REPRESENTATION_CONTEXT() REPRESENTATION_CONTEXT('2D SPACE',''
  ) );
#419 = PCURVE('',#420,#425);
#420 = PLANE('',#421);
#421 = AXIS2_PLACEMENT_3D('',#422,#423,#424);
#422 = CARTESIAN_POINT('',(-27.59900265146,-14.40000281669,
    3.204675674438));
#423 = DIRECTION('',(-9.226831633925E-02,-0.995734180291,
    -1.129960982676E-17));
#424 = DIRECTION('',(1.224646799147E-16,1.386669559959E-32,-1.));
#425 = DEFINITIONAL_REPRESENTATION('',(#426),#430);
#426 = LINE('',#427,#428);
#427 = CARTESIAN_POINT('',(2.800000071525,-3.414383581966E-16));
#428 = VECTOR('',#429,1.);
#429 = DIRECTION('',(5.916456789158E-31,-1.));
#430 = ( GEOMETRIC_REPRESENTATION_CONTEXT(2) 
PARAMETRIC_REPRESENTATION_CONTEXT() REPRESENTATION_CONTEXT('2D SPACE',''
  ) );
#431 = ORIENTED_EDGE('',*,*,#432,.T.);
#432 = EDGE_CURVE('',#405,#433,#435,.T.);
#433 = VERTEX_POINT('',#434);
#434 = CARTESIAN_POINT('',(-28.55629306246,-14.22105423547,
    0.404675602913));
#435 = SURFACE_CURVE('',#436,(#440,#447),.PCURVE_S1.);
#436 = LINE('',#437,#438);
#437 = CARTESIAN_POINT('',(-28.08593874384,-14.35488156416,
    0.404675602913));
#438 = VECTOR('',#439,1.);
#439 = DIRECTION('',(-0.961825650304,0.273662965009,-1.177896703983E-16)
  );
#440 = PCURVE('',#45,#441);
#441 = DEFINITIONAL_REPRESENTATION('',(#442),#446);
#442 = LINE('',#443,#444);
#443 = CARTESIAN_POINT('',(4.512125253677E-02,-0.486936092377));
#444 = VECTOR('',#445,1.);
#445 = DIRECTION('',(0.273662965009,-0.961825650304));
#446 = ( GEOMETRIC_REPRESENTATION_CONTEXT(2) 
PARAMETRIC_REPRESENTATION_CONTEXT() REPRESENTATION_CONTEXT('2D SPACE',''
  ) );
#447 = PCURVE('',#448,#453);
#448 = PLANE('',#449);
#449 = AXIS2_PLACEMENT_3D('',#450,#451,#452);
#450 = CARTESIAN_POINT('',(-28.08593874384,-14.35488156416,
    3.204675674438));
#451 = DIRECTION('',(-0.273662965009,-0.961825650304,-3.351404741433E-17
    ));
#452 = DIRECTION('',(1.224646799147E-16,1.417484439069E-31,-1.));
#453 = DEFINITIONAL_REPRESENTATION('',(#454),#458);
#454 = LINE('',#455,#456);
#455 = CARTESIAN_POINT('',(2.800000071525,-3.298110855401E-16));
#456 = VECTOR('',#457,1.);
#457 = DIRECTION('',(4.190823558987E-31,-1.));
#458 = ( GEOMETRIC_REPRESENTATION_CONTEXT(2) 
PARAMETRIC_REPRESENTATION_CONTEXT() REPRESENTATION_CONTEXT('2D SPACE',''
  ) );
#459 = ORIENTED_EDGE('',*,*,#460,.T.);
#460 = EDGE_CURVE('',#433,#461,#463,.T.);
#461 = VERTEX_POINT('',#462);
#462 = CARTESIAN_POINT('',(-28.99404793192,-14.00307826139,
    0.404675602913));
#463 = SURFACE_CURVE('',#464,(#468,#475),.PCURVE_S1.);
#464 = LINE('',#465,#466);
#465 = CARTESIAN_POINT('',(-28.55629306246,-14.22105423547,
    0.404675602913));
#466 = VECTOR('',#467,1.);
#467 = DIRECTION('',(-0.895163332691,0.445738272762,-1.096258910095E-16)
  );
#468 = PCURVE('',#45,#469);
#469 = DEFINITIONAL_REPRESENTATION('',(#470),#474);
#470 = LINE('',#471,#472);
#471 = CARTESIAN_POINT('',(0.178948581219,-0.957290410995));
#472 = VECTOR('',#473,1.);
#473 = DIRECTION('',(0.445738272762,-0.895163332691));
#474 = ( GEOMETRIC_REPRESENTATION_CONTEXT(2) 
PARAMETRIC_REPRESENTATION_CONTEXT() REPRESENTATION_CONTEXT('2D SPACE',''
  ) );
#475 = PCURVE('',#476,#481);
#476 = PLANE('',#477);
#477 = AXIS2_PLACEMENT_3D('',#478,#479,#480);
#478 = CARTESIAN_POINT('',(-28.55629306246,-14.22105423547,
    3.204675674438));
#479 = DIRECTION('',(-0.445738272762,-0.895163332691,-5.458719489955E-17
    ));
#480 = DIRECTION('',(1.224646799147E-16,1.479114197289E-31,-1.));
#481 = DEFINITIONAL_REPRESENTATION('',(#482),#486);
#482 = LINE('',#483,#484);
#483 = CARTESIAN_POINT('',(2.800000071525,-3.069525026675E-16));
#484 = VECTOR('',#485,1.);
#485 = DIRECTION('',(6.039716305598E-31,-1.));
#486 = ( GEOMETRIC_REPRESENTATION_CONTEXT(2) 
PARAMETRIC_REPRESENTATION_CONTEXT() REPRESENTATION_CONTEXT('2D SPACE',''
  ) );
#487 = ORIENTED_EDGE('',*,*,#488,.T.);
#488 = EDGE_CURVE('',#461,#489,#491,.T.);
#489 = VERTEX_POINT('',#490);
#490 = CARTESIAN_POINT('',(-29.38429599214,-13.70837644674,
    0.404675602913));
#491 = SURFACE_CURVE('',#492,(#496,#503),.PCURVE_S1.);
#492 = LINE('',#493,#494);
#493 = CARTESIAN_POINT('',(-28.99404793192,-14.00307826139,
    0.404675602913));
#494 = VECTOR('',#495,1.);
#495 = DIRECTION('',(-0.798017070614,0.602634843839,-9.772890511926E-17)
  );
#496 = PCURVE('',#45,#497);
#497 = DEFINITIONAL_REPRESENTATION('',(#498),#502);
#498 = LINE('',#499,#500);
#499 = CARTESIAN_POINT('',(0.396924555302,-1.395045280457));
#500 = VECTOR('',#501,1.);
#501 = DIRECTION('',(0.602634843839,-0.798017070614));
#502 = ( GEOMETRIC_REPRESENTATION_CONTEXT(2) 
PARAMETRIC_REPRESENTATION_CONTEXT() REPRESENTATION_CONTEXT('2D SPACE',''
  ) );
#503 = PCURVE('',#504,#509);
#504 = PLANE('',#505);
#505 = AXIS2_PLACEMENT_3D('',#506,#507,#508);
#506 = CARTESIAN_POINT('',(-28.99404793192,-14.00307826139,
    3.204675674438));
#507 = DIRECTION('',(-0.602634843839,-0.798017070614,-7.380148325616E-17
    ));
#508 = DIRECTION('',(1.224646799147E-16,1.60237371373E-31,-1.));
#509 = DEFINITIONAL_REPRESENTATION('',(#510),#514);
#510 = LINE('',#511,#512);
#511 = CARTESIAN_POINT('',(2.800000071525,-2.73640941324E-16));
#512 = VECTOR('',#513,1.);
#513 = DIRECTION('',(2.095411779493E-31,-1.));
#514 = ( GEOMETRIC_REPRESENTATION_CONTEXT(2) 
PARAMETRIC_REPRESENTATION_CONTEXT() REPRESENTATION_CONTEXT('2D SPACE',''
  ) );
#515 = ORIENTED_EDGE('',*,*,#516,.T.);
#516 = EDGE_CURVE('',#489,#517,#519,.T.);
#517 = VERTEX_POINT('',#518);
#518 = CARTESIAN_POINT('',(-29.71374826837,-13.34698466398,
    0.404675602913));
#519 = SURFACE_CURVE('',#520,(#524,#531),.PCURVE_S1.);
#520 = LINE('',#521,#522);
#521 = CARTESIAN_POINT('',(-29.38429599214,-13.70837644674,
    0.404675602913));
#522 = VECTOR('',#523,1.);
#523 = DIRECTION('',(-0.673695795124,0.73900877913,-8.250393990981E-17)
  );
#524 = PCURVE('',#45,#525);
#525 = DEFINITIONAL_REPRESENTATION('',(#526),#530);
#526 = LINE('',#527,#528);
#527 = CARTESIAN_POINT('',(0.691626369953,-1.785293340683));
#528 = VECTOR('',#529,1.);
#529 = DIRECTION('',(0.73900877913,-0.673695795124));
#530 = ( GEOMETRIC_REPRESENTATION_CONTEXT(2) 
PARAMETRIC_REPRESENTATION_CONTEXT() REPRESENTATION_CONTEXT('2D SPACE',''
  ) );
#531 = PCURVE('',#532,#537);
#532 = PLANE('',#533);
#533 = AXIS2_PLACEMENT_3D('',#534,#535,#536);
#534 = CARTESIAN_POINT('',(-29.38429599214,-13.70837644674,
    3.204675674438));
#535 = DIRECTION('',(-0.73900877913,-0.673695795124,-9.050247359038E-17)
  );
#536 = DIRECTION('',(1.224646799147E-16,1.109335647967E-31,-1.));
#537 = DEFINITIONAL_REPRESENTATION('',(#538),#542);
#538 = LINE('',#539,#540);
#539 = CARTESIAN_POINT('',(2.800000071525,-2.310110376486E-16));
#540 = VECTOR('',#541,1.);
#541 = DIRECTION('',(1.972152263053E-31,-1.));
#542 = ( GEOMETRIC_REPRESENTATION_CONTEXT(2) 
PARAMETRIC_REPRESENTATION_CONTEXT() REPRESENTATION_CONTEXT('2D SPACE',''
  ) );
#543 = ORIENTED_EDGE('',*,*,#544,.T.);
#544 = EDGE_CURVE('',#517,#545,#547,.T.);
#545 = VERTEX_POINT('',#546);
#546 = CARTESIAN_POINT('',(-29.97118525911,-12.93120948412,
    0.404675602913));
#547 = SURFACE_CURVE('',#548,(#552,#559),.PCURVE_S1.);
#548 = LINE('',#549,#550);
#549 = CARTESIAN_POINT('',(-29.71374826837,-13.34698466398,
    0.404675602913));
#550 = VECTOR('',#551,1.);
#551 = DIRECTION('',(-0.526432012818,0.850217228642,-6.446932794667E-17)
  );
#552 = PCURVE('',#45,#553);
#553 = DEFINITIONAL_REPRESENTATION('',(#554),#558);
#554 = LINE('',#555,#556);
#555 = CARTESIAN_POINT('',(1.053018152714,-2.114745616913));
#556 = VECTOR('',#557,1.);
#557 = DIRECTION('',(0.850217228642,-0.526432012818));
#558 = ( GEOMETRIC_REPRESENTATION_CONTEXT(2) 
PARAMETRIC_REPRESENTATION_CONTEXT() REPRESENTATION_CONTEXT('2D SPACE',''
  ) );
#559 = PCURVE('',#560,#565);
#560 = PLANE('',#561);
#561 = AXIS2_PLACEMENT_3D('',#562,#563,#564);
#562 = CARTESIAN_POINT('',(-29.71374826837,-13.34698466398,
    3.204675674438));
#563 = DIRECTION('',(-0.850217228642,-0.526432012818,-1.041215807637E-16
    ));
#564 = DIRECTION('',(1.224646799147E-16,3.08148791102E-32,-1.));
#565 = DEFINITIONAL_REPRESENTATION('',(#566),#570);
#566 = LINE('',#567,#568);
#567 = CARTESIAN_POINT('',(2.800000071525,-1.805141228619E-16));
#568 = VECTOR('',#569,1.);
#569 = DIRECTION('',(1.355854680849E-31,-1.));
#570 = ( GEOMETRIC_REPRESENTATION_CONTEXT(2) 
PARAMETRIC_REPRESENTATION_CONTEXT() REPRESENTATION_CONTEXT('2D SPACE',''
  ) );
#571 = ORIENTED_EDGE('',*,*,#572,.T.);
#572 = EDGE_CURVE('',#545,#573,#575,.T.);
#573 = VERTEX_POINT('',#574);
#574 = CARTESIAN_POINT('',(-30.14784055162,-12.47520987131,
    0.404675602913));
#575 = SURFACE_CURVE('',#576,(#580,#587),.PCURVE_S1.);
#576 = LINE('',#577,#578);
#577 = CARTESIAN_POINT('',(-29.97118525911,-12.93120948412,
    0.404675602913));
#578 = VECTOR('',#579,1.);
#579 = DIRECTION('',(-0.361241846442,0.932472159573,-4.423936709635E-17)
  );
#580 = PCURVE('',#45,#581);
#581 = DEFINITIONAL_REPRESENTATION('',(#582),#586);
#582 = LINE('',#583,#584);
#583 = CARTESIAN_POINT('',(1.468793332577,-2.372182607651));
#584 = VECTOR('',#585,1.);
#585 = DIRECTION('',(0.932472159573,-0.361241846442));
#586 = ( GEOMETRIC_REPRESENTATION_CONTEXT(2) 
PARAMETRIC_REPRESENTATION_CONTEXT() REPRESENTATION_CONTEXT('2D SPACE',''
  ) );
#587 = PCURVE('',#588,#593);
#588 = PLANE('',#589);
#589 = AXIS2_PLACEMENT_3D('',#590,#591,#592);
#590 = CARTESIAN_POINT('',(-29.97118525911,-12.93120948412,
    3.204675674438));
#591 = DIRECTION('',(-0.932472159573,-0.361241846442,-1.141949045515E-16
    ));
#592 = DIRECTION('',(-1.224646799147E-16,-8.011868568651E-32,1.));
#593 = DEFINITIONAL_REPRESENTATION('',(#594),#598);
#594 = LINE('',#595,#596);
#595 = CARTESIAN_POINT('',(-2.800000071525,1.23870231034E-16));
#596 = VECTOR('',#597,1.);
#597 = DIRECTION('',(-2.095411779493E-31,1.));
#598 = ( GEOMETRIC_REPRESENTATION_CONTEXT(2) 
PARAMETRIC_REPRESENTATION_CONTEXT() REPRESENTATION_CONTEXT('2D SPACE',''
  ) );
#599 = ORIENTED_EDGE('',*,*,#600,.T.);
#600 = EDGE_CURVE('',#573,#601,#603,.T.);
#601 = VERTEX_POINT('',#602);
#602 = CARTESIAN_POINT('',(-30.2376981299,-11.9945139084,0.404675602913)
  );
#603 = SURFACE_CURVE('',#604,(#608,#615),.PCURVE_S1.);
#604 = LINE('',#605,#606);
#605 = CARTESIAN_POINT('',(-30.14784055162,-12.47520987131,
    0.404675602913));
#606 = VECTOR('',#607,1.);
#607 = DIRECTION('',(-0.183749378818,0.982973125667,-2.250280886151E-17)
  );
#608 = PCURVE('',#45,#609);
#609 = DEFINITIONAL_REPRESENTATION('',(#610),#614);
#610 = LINE('',#611,#612);
#611 = CARTESIAN_POINT('',(1.924792945385,-2.548837900162));
#612 = VECTOR('',#613,1.);
#613 = DIRECTION('',(0.982973125667,-0.183749378818));
#614 = ( GEOMETRIC_REPRESENTATION_CONTEXT(2) 
PARAMETRIC_REPRESENTATION_CONTEXT() REPRESENTATION_CONTEXT('2D SPACE',''
  ) );
#615 = PCURVE('',#616,#621);
#616 = PLANE('',#617);
#617 = AXIS2_PLACEMENT_3D('',#618,#619,#620);
#618 = CARTESIAN_POINT('',(-30.14784055162,-12.47520987131,
    3.204675674438));
#619 = DIRECTION('',(-0.982973125667,-0.183749378818,-1.203794891996E-16
    ));
#620 = DIRECTION('',(-1.224646799147E-16,-9.552612524161E-32,1.));
#621 = DEFINITIONAL_REPRESENTATION('',(#622),#626);
#622 = LINE('',#623,#624);
#623 = CARTESIAN_POINT('',(-2.800000071525,6.300786642175E-17));
#624 = VECTOR('',#625,1.);
#625 = DIRECTION('',(3.08148791102E-33,1.));
#626 = ( GEOMETRIC_REPRESENTATION_CONTEXT(2) 
PARAMETRIC_REPRESENTATION_CONTEXT() REPRESENTATION_CONTEXT('2D SPACE',''
  ) );
#627 = ORIENTED_EDGE('',*,*,#628,.T.);
#628 = EDGE_CURVE('',#601,#629,#631,.T.);
#629 = VERTEX_POINT('',#630);
#630 = CARTESIAN_POINT('',(-30.2376981299,-11.50549165346,0.404675602913
    ));
#631 = SURFACE_CURVE('',#632,(#636,#643),.PCURVE_S1.);
#632 = LINE('',#633,#634);
#633 = CARTESIAN_POINT('',(-30.2376981299,-11.9945139084,0.404675602913)
  );
#634 = VECTOR('',#635,1.);
#635 = DIRECTION('',(9.95799250103E-17,1.,1.54074395551E-32));
#636 = PCURVE('',#45,#637);
#637 = DEFINITIONAL_REPRESENTATION('',(#638),#642);
#638 = LINE('',#639,#640);
#639 = CARTESIAN_POINT('',(2.405488908291,-2.638695478439));
#640 = VECTOR('',#641,1.);
#641 = DIRECTION('',(1.,3.330135684236E-48));
#642 = ( GEOMETRIC_REPRESENTATION_CONTEXT(2) 
PARAMETRIC_REPRESENTATION_CONTEXT() REPRESENTATION_CONTEXT('2D SPACE',''
  ) );
#643 = PCURVE('',#644,#649);
#644 = PLANE('',#645);
#645 = AXIS2_PLACEMENT_3D('',#646,#647,#648);
#646 = CARTESIAN_POINT('',(-30.2376981299,-11.9945139084,3.204675674438)
  );
#647 = DIRECTION('',(-1.,9.95799250103E-17,-1.224646799147E-16));
#648 = DIRECTION('',(-1.224646799147E-16,-1.499759782662E-32,1.));
#649 = DEFINITIONAL_REPRESENTATION('',(#650),#654);
#650 = LINE('',#651,#652);
#651 = CARTESIAN_POINT('',(-2.800000071525,-7.613934205799E-32));
#652 = VECTOR('',#653,1.);
#653 = DIRECTION('',(-1.178518191384E-32,1.));
#654 = ( GEOMETRIC_REPRESENTATION_CONTEXT(2) 
PARAMETRIC_REPRESENTATION_CONTEXT() REPRESENTATION_CONTEXT('2D SPACE',''
  ) );
#655 = ORIENTED_EDGE('',*,*,#656,.T.);
#656 = EDGE_CURVE('',#629,#657,#659,.T.);
#657 = VERTEX_POINT('',#658);
#658 = CARTESIAN_POINT('',(-30.14784055162,-11.02479592897,
    0.404675602913));
#659 = SURFACE_CURVE('',#660,(#664,#671),.PCURVE_S1.);
#660 = LINE('',#661,#662);
#661 = CARTESIAN_POINT('',(-30.2376981299,-11.50549165346,0.404675602913
    ));
#662 = VECTOR('',#663,1.);
#663 = DIRECTION('',(0.183749466878,0.982973109206,2.250281964576E-17));
#664 = PCURVE('',#45,#665);
#665 = DEFINITIONAL_REPRESENTATION('',(#666),#670);
#666 = LINE('',#667,#668);
#667 = CARTESIAN_POINT('',(2.894511163235,-2.638695478439));
#668 = VECTOR('',#669,1.);
#669 = DIRECTION('',(0.982973109206,0.183749466878));
#670 = ( GEOMETRIC_REPRESENTATION_CONTEXT(2) 
PARAMETRIC_REPRESENTATION_CONTEXT() REPRESENTATION_CONTEXT('2D SPACE',''
  ) );
#671 = PCURVE('',#672,#677);
#672 = PLANE('',#673);
#673 = AXIS2_PLACEMENT_3D('',#674,#675,#676);
#674 = CARTESIAN_POINT('',(-30.2376981299,-11.50549165346,3.204675674438
    ));
#675 = DIRECTION('',(-0.982973109206,0.183749466878,-1.203794871837E-16)
  );
#676 = DIRECTION('',(-1.224646799147E-16,9.552612524161E-32,1.));
#677 = DEFINITIONAL_REPRESENTATION('',(#678),#682);
#678 = LINE('',#679,#680);
#679 = CARTESIAN_POINT('',(-2.800000071525,-6.300789661765E-17));
#680 = VECTOR('',#681,1.);
#681 = DIRECTION('',(3.697785493223E-32,1.));
#682 = ( GEOMETRIC_REPRESENTATION_CONTEXT(2) 
PARAMETRIC_REPRESENTATION_CONTEXT() REPRESENTATION_CONTEXT('2D SPACE',''
  ) );
#683 = ORIENTED_EDGE('',*,*,#684,.T.);
#684 = EDGE_CURVE('',#657,#685,#687,.T.);
#685 = VERTEX_POINT('',#686);
#686 = CARTESIAN_POINT('',(-29.97118525911,-10.56879607774,
    0.404675602913));
#687 = SURFACE_CURVE('',#688,(#692,#699),.PCURVE_S1.);
#688 = LINE('',#689,#690);
#689 = CARTESIAN_POINT('',(-30.14784055162,-11.02479592897,
    0.404675602913));
#690 = VECTOR('',#691,1.);
#691 = DIRECTION('',(0.361241682215,0.932472223195,4.423934698431E-17));
#692 = PCURVE('',#45,#693);
#693 = DEFINITIONAL_REPRESENTATION('',(#694),#698);
#694 = LINE('',#695,#696);
#695 = CARTESIAN_POINT('',(3.375206887722,-2.548837900162));
#696 = VECTOR('',#697,1.);
#697 = DIRECTION('',(0.932472223195,0.361241682215));
#698 = ( GEOMETRIC_REPRESENTATION_CONTEXT(2) 
PARAMETRIC_REPRESENTATION_CONTEXT() REPRESENTATION_CONTEXT('2D SPACE',''
  ) );
#699 = PCURVE('',#700,#705);
#700 = PLANE('',#701);
#701 = AXIS2_PLACEMENT_3D('',#702,#703,#704);
#702 = CARTESIAN_POINT('',(-30.14784055162,-11.02479592897,
    3.204675674438));
#703 = DIRECTION('',(-0.932472223195,0.361241682215,-1.14194912343E-16)
  );
#704 = DIRECTION('',(-1.224646799147E-16,1.972152263053E-31,1.));
#705 = DEFINITIONAL_REPRESENTATION('',(#706),#710);
#706 = LINE('',#707,#708);
#707 = CARTESIAN_POINT('',(-2.800000071525,-1.238701747203E-16));
#708 = VECTOR('',#709,1.);
#709 = DIRECTION('',(1.479114197289E-31,1.));
#710 = ( GEOMETRIC_REPRESENTATION_CONTEXT(2) 
PARAMETRIC_REPRESENTATION_CONTEXT() REPRESENTATION_CONTEXT('2D SPACE',''
  ) );
#711 = ORIENTED_EDGE('',*,*,#712,.T.);
#712 = EDGE_CURVE('',#685,#713,#715,.T.);
#713 = VERTEX_POINT('',#714);
#714 = CARTESIAN_POINT('',(-29.71374826837,-10.15302125551,
    0.404675602913));
#715 = SURFACE_CURVE('',#716,(#720,#727),.PCURVE_S1.);
#716 = LINE('',#717,#718);
#717 = CARTESIAN_POINT('',(-29.97118525911,-10.56879607774,
    0.404675602913));
#718 = VECTOR('',#719,1.);
#719 = DIRECTION('',(0.52643234014,0.850217025973,6.446936803204E-17));
#720 = PCURVE('',#45,#721);
#721 = DEFINITIONAL_REPRESENTATION('',(#722),#726);
#722 = LINE('',#723,#724);
#723 = CARTESIAN_POINT('',(3.831206738949,-2.372182607651));
#724 = VECTOR('',#725,1.);
#725 = DIRECTION('',(0.850217025973,0.52643234014));
#726 = ( GEOMETRIC_REPRESENTATION_CONTEXT(2) 
PARAMETRIC_REPRESENTATION_CONTEXT() REPRESENTATION_CONTEXT('2D SPACE',''
  ) );
#727 = PCURVE('',#728,#733);
#728 = PLANE('',#729);
#729 = AXIS2_PLACEMENT_3D('',#730,#731,#732);
#730 = CARTESIAN_POINT('',(-29.97118525911,-10.56879607774,
    3.204675674438));
#731 = DIRECTION('',(-0.850217025973,0.52643234014,-1.041215559438E-16)
  );
#732 = DIRECTION('',(-1.224646799147E-16,3.636155735003E-31,1.));
#733 = DEFINITIONAL_REPRESENTATION('',(#734),#738);
#734 = LINE('',#735,#736);
#735 = CARTESIAN_POINT('',(-2.800000071525,-1.805142351009E-16));
#736 = VECTOR('',#737,1.);
#737 = DIRECTION('',(1.60237371373E-31,1.));
#738 = ( GEOMETRIC_REPRESENTATION_CONTEXT(2) 
PARAMETRIC_REPRESENTATION_CONTEXT() REPRESENTATION_CONTEXT('2D SPACE',''
  ) );
#739 = ORIENTED_EDGE('',*,*,#740,.T.);
#740 = EDGE_CURVE('',#713,#741,#743,.T.);
#741 = VERTEX_POINT('',#742);
#742 = CARTESIAN_POINT('',(-29.38429599214,-9.791629234334,
    0.404675602913));
#743 = SURFACE_CURVE('',#744,(#748,#755),.PCURVE_S1.);
#744 = LINE('',#745,#746);
#745 = CARTESIAN_POINT('',(-29.71374826837,-10.15302125551,
    0.404675602913));
#746 = VECTOR('',#747,1.);
#747 = DIRECTION('',(0.673695552394,0.739009000409,8.250391018387E-17));
#748 = PCURVE('',#45,#749);
#749 = DEFINITIONAL_REPRESENTATION('',(#750),#754);
#750 = LINE('',#751,#752);
#751 = CARTESIAN_POINT('',(4.246981561184,-2.114745616913));
#752 = VECTOR('',#753,1.);
#753 = DIRECTION('',(0.739009000409,0.673695552394));
#754 = ( GEOMETRIC_REPRESENTATION_CONTEXT(2) 
PARAMETRIC_REPRESENTATION_CONTEXT() REPRESENTATION_CONTEXT('2D SPACE',''
  ) );
#755 = PCURVE('',#756,#761);
#756 = PLANE('',#757);
#757 = AXIS2_PLACEMENT_3D('',#758,#759,#760);
#758 = CARTESIAN_POINT('',(-29.71374826837,-10.15302125551,
    3.204675674438));
#759 = DIRECTION('',(-0.739009000409,0.673695552394,-9.050250068915E-17)
  );
#760 = DIRECTION('',(-1.224646799147E-16,1.479114197289E-31,1.));
#761 = DEFINITIONAL_REPRESENTATION('',(#762),#766);
#762 = LINE('',#763,#764);
#763 = CARTESIAN_POINT('',(-2.800000071525,-2.31010954416E-16));
#764 = VECTOR('',#765,1.);
#765 = DIRECTION('',(1.479114197289E-31,1.));
#766 = ( GEOMETRIC_REPRESENTATION_CONTEXT(2) 
PARAMETRIC_REPRESENTATION_CONTEXT() REPRESENTATION_CONTEXT('2D SPACE',''
  ) );
#767 = ORIENTED_EDGE('',*,*,#768,.T.);
#768 = EDGE_CURVE('',#741,#769,#771,.T.);
#769 = VERTEX_POINT('',#770);
#770 = CARTESIAN_POINT('',(-28.99404793192,-9.496927658101,
    0.404675602913));
#771 = SURFACE_CURVE('',#772,(#776,#783),.PCURVE_S1.);
#772 = LINE('',#773,#774);
#773 = CARTESIAN_POINT('',(-29.38429599214,-9.791629234334,
    0.404675602913));
#774 = VECTOR('',#775,1.);
#775 = DIRECTION('',(0.798017305079,0.602634533357,9.772893383294E-17));
#776 = PCURVE('',#45,#777);
#777 = DEFINITIONAL_REPRESENTATION('',(#778),#782);
#778 = LINE('',#779,#780);
#779 = CARTESIAN_POINT('',(4.608373582363,-1.785293340683));
#780 = VECTOR('',#781,1.);
#781 = DIRECTION('',(0.602634533357,0.798017305079));
#782 = ( GEOMETRIC_REPRESENTATION_CONTEXT(2) 
PARAMETRIC_REPRESENTATION_CONTEXT() REPRESENTATION_CONTEXT('2D SPACE',''
  ) );
#783 = PCURVE('',#784,#789);
#784 = PLANE('',#785);
#785 = AXIS2_PLACEMENT_3D('',#786,#787,#788);
#786 = CARTESIAN_POINT('',(-29.38429599214,-9.791629234334,
    3.204675674438));
#787 = DIRECTION('',(-0.602634533357,0.798017305079,-7.380144523311E-17)
  );
#788 = DIRECTION('',(-1.224646799147E-16,8.628166150855E-32,1.));
#789 = DEFINITIONAL_REPRESENTATION('',(#790),#794);
#790 = LINE('',#791,#792);
#791 = CARTESIAN_POINT('',(-2.800000071525,-2.736410217223E-16));
#792 = VECTOR('',#793,1.);
#793 = DIRECTION('',(2.465190328816E-31,1.));
#794 = ( GEOMETRIC_REPRESENTATION_CONTEXT(2) 
PARAMETRIC_REPRESENTATION_CONTEXT() REPRESENTATION_CONTEXT('2D SPACE',''
  ) );
#795 = ORIENTED_EDGE('',*,*,#796,.T.);
#796 = EDGE_CURVE('',#769,#797,#799,.T.);
#797 = VERTEX_POINT('',#798);
#798 = CARTESIAN_POINT('',(-28.55629306246,-9.278951564809,
    0.404675602913));
#799 = SURFACE_CURVE('',#800,(#804,#811),.PCURVE_S1.);
#800 = LINE('',#801,#802);
#801 = CARTESIAN_POINT('',(-28.99404793192,-9.496927658101,
    0.404675602913));
#802 = VECTOR('',#803,1.);
#803 = DIRECTION('',(0.895163235425,0.4457384681,1.096258790977E-16));
#804 = PCURVE('',#45,#805);
#805 = DEFINITIONAL_REPRESENTATION('',(#806),#810);
#806 = LINE('',#807,#808);
#807 = CARTESIAN_POINT('',(4.903075158596,-1.395045280457));
#808 = VECTOR('',#809,1.);
#809 = DIRECTION('',(0.4457384681,0.895163235425));
#810 = ( GEOMETRIC_REPRESENTATION_CONTEXT(2) 
PARAMETRIC_REPRESENTATION_CONTEXT() REPRESENTATION_CONTEXT('2D SPACE',''
  ) );
#811 = PCURVE('',#812,#817);
#812 = PLANE('',#813);
#813 = AXIS2_PLACEMENT_3D('',#814,#815,#816);
#814 = CARTESIAN_POINT('',(-28.99404793192,-9.496927658101,
    3.204675674438));
#815 = DIRECTION('',(-0.4457384681,0.895163235425,-5.458721882151E-17));
#816 = DIRECTION('',(-1.224646799147E-16,1.60237371373E-31,1.));
#817 = DEFINITIONAL_REPRESENTATION('',(#818),#822);
#818 = LINE('',#819,#820);
#819 = CARTESIAN_POINT('',(-2.800000071525,-3.069524693147E-16));
#820 = VECTOR('',#821,1.);
#821 = DIRECTION('',(3.821045009664E-31,1.));
#822 = ( GEOMETRIC_REPRESENTATION_CONTEXT(2) 
PARAMETRIC_REPRESENTATION_CONTEXT() REPRESENTATION_CONTEXT('2D SPACE',''
  ) );
#823 = ORIENTED_EDGE('',*,*,#824,.T.);
#824 = EDGE_CURVE('',#797,#825,#827,.T.);
#825 = VERTEX_POINT('',#826);
#826 = CARTESIAN_POINT('',(-28.08593874384,-9.145124355337,
    0.404675602913));
#827 = SURFACE_CURVE('',#828,(#832,#839),.PCURVE_S1.);
#828 = LINE('',#829,#830);
#829 = CARTESIAN_POINT('',(-28.55629306246,-9.278951564809,
    0.404675602913));
#830 = VECTOR('',#831,1.);
#831 = DIRECTION('',(0.961825714468,0.273662739495,1.177896782561E-16));
#832 = PCURVE('',#45,#833);
#833 = DEFINITIONAL_REPRESENTATION('',(#834),#838);
#834 = LINE('',#835,#836);
#835 = CARTESIAN_POINT('',(5.121051251888,-0.957290410995));
#836 = VECTOR('',#837,1.);
#837 = DIRECTION('',(0.273662739495,0.961825714468));
#838 = ( GEOMETRIC_REPRESENTATION_CONTEXT(2) 
PARAMETRIC_REPRESENTATION_CONTEXT() REPRESENTATION_CONTEXT('2D SPACE',''
  ) );
#839 = PCURVE('',#840,#845);
#840 = PLANE('',#841);
#841 = AXIS2_PLACEMENT_3D('',#842,#843,#844);
#842 = CARTESIAN_POINT('',(-28.55629306246,-9.278951564809,
    3.204675674438));
#843 = DIRECTION('',(-0.273662739495,0.961825714468,-3.351401979679E-17)
  );
#844 = DIRECTION('',(-1.224646799147E-16,5.546678239835E-32,1.));
#845 = DEFINITIONAL_REPRESENTATION('',(#846),#850);
#846 = LINE('',#847,#848);
#847 = CARTESIAN_POINT('',(-2.800000071525,-3.298111075421E-16));
#848 = VECTOR('',#849,1.);
#849 = DIRECTION('',(2.711709361697E-31,1.));
#850 = ( GEOMETRIC_REPRESENTATION_CONTEXT(2) 
PARAMETRIC_REPRESENTATION_CONTEXT() REPRESENTATION_CONTEXT('2D SPACE',''
  ) );
#851 = ORIENTED_EDGE('',*,*,#852,.T.);
#852 = EDGE_CURVE('',#825,#853,#855,.T.);
#853 = VERTEX_POINT('',#854);
#854 = CARTESIAN_POINT('',(-27.92668322653,-9.130367028917,
    0.404675602913));
#855 = SURFACE_CURVE('',#856,(#860,#867),.PCURVE_S1.);
#856 = LINE('',#857,#858);
#857 = CARTESIAN_POINT('',(-28.08593874384,-9.145124355337,
    0.404675602913));
#858 = VECTOR('',#859,1.);
#859 = DIRECTION('',(0.995734101903,9.226916227304E-02,
    1.219422580698E-16));
#860 = PCURVE('',#45,#861);
#861 = DEFINITIONAL_REPRESENTATION('',(#862),#866);
#862 = LINE('',#863,#864);
#863 = CARTESIAN_POINT('',(5.254878461361,-0.486936092377));
#864 = VECTOR('',#865,1.);
#865 = DIRECTION('',(9.226916227304E-02,0.995734101903));
#866 = ( GEOMETRIC_REPRESENTATION_CONTEXT(2) 
PARAMETRIC_REPRESENTATION_CONTEXT() REPRESENTATION_CONTEXT('2D SPACE',''
  ) );
#867 = PCURVE('',#868,#873);
#868 = PLANE('',#869);
#869 = AXIS2_PLACEMENT_3D('',#870,#871,#872);
#870 = CARTESIAN_POINT('',(-28.08593874384,-9.145124355337,
    3.204675674438));
#871 = DIRECTION('',(-9.226916227304E-02,0.995734101903,
    -1.129971342377E-17));
#872 = DIRECTION('',(-1.224646799147E-16,3.08148791102E-33,1.));
#873 = DEFINITIONAL_REPRESENTATION('',(#874),#878);
#874 = LINE('',#875,#876);
#875 = CARTESIAN_POINT('',(-2.800000071525,-3.414383313174E-16));
#876 = VECTOR('',#877,1.);
#877 = DIRECTION('',(1.972152263053E-31,1.));
#878 = ( GEOMETRIC_REPRESENTATION_CONTEXT(2) 
PARAMETRIC_REPRESENTATION_CONTEXT() REPRESENTATION_CONTEXT('2D SPACE',''
  ) );
#879 = ORIENTED_EDGE('',*,*,#880,.F.);
#880 = EDGE_CURVE('',#881,#853,#883,.T.);
#881 = VERTEX_POINT('',#882);
#882 = CARTESIAN_POINT('',(-27.59900247785,-9.429087259488,
    0.404675602913));
#883 = SURFACE_CURVE('',#884,(#889,#900),.PCURVE_S1.);
#884 = CIRCLE('',#885,0.3);
#885 = AXIS2_PLACEMENT_3D('',#886,#887,#888);
#886 = CARTESIAN_POINT('',(-27.89900247785,-9.429087259488,
    0.404675602913));
#887 = DIRECTION('',(-1.224646799147E-16,-1.232595164408E-32,1.));
#888 = DIRECTION('',(0.673695345734,0.739009188804,8.250388487535E-17));
#889 = PCURVE('',#45,#890);
#890 = DEFINITIONAL_REPRESENTATION('',(#891),#899);
#891 = ( BOUNDED_CURVE() B_SPLINE_CURVE(2,(#892,#893,#894,#895,#896,#897
,#898),.UNSPECIFIED.,.T.,.F.) B_SPLINE_CURVE_WITH_KNOTS((1,2,2,2,2,1),(
    -2.094395102393,0.,2.094395102393,4.188790204786,6.28318530718,
8.377580409573),.UNSPECIFIED.) CURVE() GEOMETRIC_REPRESENTATION_ITEM() 
RATIONAL_B_SPLINE_CURVE((1.,0.5,1.,0.5,1.,0.5,1.)) REPRESENTATION_ITEM(
  '') );
#892 = CARTESIAN_POINT('',(5.192618313851,-9.78912226675E-02));
#893 = CARTESIAN_POINT('',(5.542680684141,-0.481891661348));
#894 = CARTESIAN_POINT('',(5.035095364034,-0.593054347588));
#895 = CARTESIAN_POINT('',(4.527510043928,-0.704217033828));
#896 = CARTESIAN_POINT('',(4.685032993744,-0.209053908907));
#897 = CARTESIAN_POINT('',(4.842555943561,0.286109216013));
#898 = CARTESIAN_POINT('',(5.192618313851,-9.78912226675E-02));
#899 = ( GEOMETRIC_REPRESENTATION_CONTEXT(2) 
PARAMETRIC_REPRESENTATION_CONTEXT() REPRESENTATION_CONTEXT('2D SPACE',''
  ) );
#900 = PCURVE('',#901,#906);
#901 = CYLINDRICAL_SURFACE('',#902,0.3);
#902 = AXIS2_PLACEMENT_3D('',#903,#904,#905);
#903 = CARTESIAN_POINT('',(-27.89900247785,-9.429087259488,
    1.804675638676));
#904 = DIRECTION('',(0.,-1.134812336162E-17,-1.));
#905 = DIRECTION('',(0.673695345734,0.739009188804,-8.386367439914E-18)
  );
#906 = DEFINITIONAL_REPRESENTATION('',(#907),#911);
#907 = LINE('',#908,#909);
#908 = CARTESIAN_POINT('',(6.28318530718,1.400000035763));
#909 = VECTOR('',#910,1.);
#910 = DIRECTION('',(-1.,0.));
#911 = ( GEOMETRIC_REPRESENTATION_CONTEXT(2) 
PARAMETRIC_REPRESENTATION_CONTEXT() REPRESENTATION_CONTEXT('2D SPACE',''
  ) );
#912 = ORIENTED_EDGE('',*,*,#913,.T.);
#913 = EDGE_CURVE('',#881,#914,#916,.T.);
#914 = VERTEX_POINT('',#915);
#915 = CARTESIAN_POINT('',(-27.59900247785,-9.924488989018,
    0.404675602913));
#916 = SURFACE_CURVE('',#917,(#921,#928),.PCURVE_S1.);
#917 = LINE('',#918,#919);
#918 = CARTESIAN_POINT('',(-27.59900247785,-11.77500271603,
    0.404675602913));
#919 = VECTOR('',#920,1.);
#920 = DIRECTION('',(0.,-1.,-1.499759782662E-32));
#921 = PCURVE('',#45,#922);
#922 = DEFINITIONAL_REPRESENTATION('',(#923),#927);
#923 = LINE('',#924,#925);
#924 = CARTESIAN_POINT('',(2.625000100663,1.736123384661E-07));
#925 = VECTOR('',#926,1.);
#926 = DIRECTION('',(-1.,9.95799250103E-17));
#927 = ( GEOMETRIC_REPRESENTATION_CONTEXT(2) 
PARAMETRIC_REPRESENTATION_CONTEXT() REPRESENTATION_CONTEXT('2D SPACE',''
  ) );
#928 = PCURVE('',#929,#934);
#929 = PLANE('',#930);
#930 = AXIS2_PLACEMENT_3D('',#931,#932,#933);
#931 = CARTESIAN_POINT('',(-27.59900247785,-9.150002615371,
    0.404675602913));
#932 = DIRECTION('',(-1.,0.,0.));
#933 = DIRECTION('',(0.,-1.,0.));
#934 = DEFINITIONAL_REPRESENTATION('',(#935),#939);
#935 = LINE('',#936,#937);
#936 = CARTESIAN_POINT('',(2.625000100663,0.));
#937 = VECTOR('',#938,1.);
#938 = DIRECTION('',(1.,-1.499759782662E-32));
#939 = ( GEOMETRIC_REPRESENTATION_CONTEXT(2) 
PARAMETRIC_REPRESENTATION_CONTEXT() REPRESENTATION_CONTEXT('2D SPACE',''
  ) );
#940 = ORIENTED_EDGE('',*,*,#941,.F.);
#941 = EDGE_CURVE('',#942,#914,#944,.T.);
#942 = VERTEX_POINT('',#943);
#943 = CARTESIAN_POINT('',(-27.8503538292,-10.22051822572,0.404675602913
    ));
#944 = SURFACE_CURVE('',#945,(#950,#961),.PCURVE_S1.);
#945 = CIRCLE('',#946,0.3);
#946 = AXIS2_PLACEMENT_3D('',#947,#948,#949);
#947 = CARTESIAN_POINT('',(-27.89900247785,-9.924488989018,
    0.404675602913));
#948 = DIRECTION('',(-1.224646799147E-16,-1.232595164408E-32,1.));
#949 = DIRECTION('',(0.762286744658,-0.647239460261,9.335320218777E-17)
  );
#950 = PCURVE('',#45,#951);
#951 = DEFINITIONAL_REPRESENTATION('',(#952),#960);
#952 = ( BOUNDED_CURVE() B_SPLINE_CURVE(2,(#953,#954,#955,#956,#957,#958
,#959),.UNSPECIFIED.,.T.,.F.) B_SPLINE_CURVE_WITH_KNOTS((1,2,2,2,2,1),(
    -2.094395102393,0.,2.094395102393,4.188790204786,6.28318530718,
8.377580409573),.UNSPECIFIED.) CURVE() GEOMETRIC_REPRESENTATION_ITEM() 
RATIONAL_B_SPLINE_CURVE((1.,0.5,1.,0.5,1.,0.5,1.)) REPRESENTATION_ITEM(
  '') );
#953 = CARTESIAN_POINT('',(4.281341989601,-7.13138029903E-02));
#954 = CARTESIAN_POINT('',(4.677437801107,0.26500168596));
#955 = CARTESIAN_POINT('',(4.770647652471,-0.246185093611));
#956 = CARTESIAN_POINT('',(4.863857503836,-0.757371873182));
#957 = CARTESIAN_POINT('',(4.374551840966,-0.582500582562));
#958 = CARTESIAN_POINT('',(3.885246178096,-0.407629291941));
#959 = CARTESIAN_POINT('',(4.281341989601,-7.13138029903E-02));
#960 = ( GEOMETRIC_REPRESENTATION_CONTEXT(2) 
PARAMETRIC_REPRESENTATION_CONTEXT() REPRESENTATION_CONTEXT('2D SPACE',''
  ) );
#961 = PCURVE('',#962,#967);
#962 = CYLINDRICAL_SURFACE('',#963,0.3);
#963 = AXIS2_PLACEMENT_3D('',#964,#965,#966);
#964 = CARTESIAN_POINT('',(-27.89900247785,-9.924488989018,4.80467569828
    ));
#965 = DIRECTION('',(0.,0.,1.));
#966 = DIRECTION('',(0.762286744658,-0.647239460261,0.));
#967 = DEFINITIONAL_REPRESENTATION('',(#968),#972);
#968 = LINE('',#969,#970);
#969 = CARTESIAN_POINT('',(-6.28318530718,-4.400000095367));
#970 = VECTOR('',#971,1.);
#971 = DIRECTION('',(1.,0.));
#972 = ( GEOMETRIC_REPRESENTATION_CONTEXT(2) 
PARAMETRIC_REPRESENTATION_CONTEXT() REPRESENTATION_CONTEXT('2D SPACE',''
  ) );
#973 = ORIENTED_EDGE('',*,*,#974,.T.);
#974 = EDGE_CURVE('',#942,#24,#975,.T.);
#975 = SURFACE_CURVE('',#976,(#981,#992),.PCURVE_S1.);
#976 = CIRCLE('',#977,1.55);
#977 = AXIS2_PLACEMENT_3D('',#978,#979,#980);
#978 = CARTESIAN_POINT('',(-27.59900247785,-11.75000261537,
    0.404675602913));
#979 = DIRECTION('',(-1.224646799147E-16,-1.499759782662E-32,1.));
#980 = DIRECTION('',(-1.,1.836676017327E-48,-1.224646799147E-16));
#981 = PCURVE('',#45,#982);
#982 = DEFINITIONAL_REPRESENTATION('',(#983),#991);
#983 = ( BOUNDED_CURVE() B_SPLINE_CURVE(2,(#984,#985,#986,#987,#988,#989
,#990),.UNSPECIFIED.,.T.,.F.) B_SPLINE_CURVE_WITH_KNOTS((1,2,2,2,2,1),(
    -2.094395102393,0.,2.094395102393,4.188790204786,6.28318530718,
8.377580409573),.UNSPECIFIED.) CURVE() GEOMETRIC_REPRESENTATION_ITEM() 
RATIONAL_B_SPLINE_CURVE((1.,0.5,1.,0.5,1.,0.5,1.)) REPRESENTATION_ITEM(
  '') );
#984 = CARTESIAN_POINT('',(2.650000201327,-1.549999826388));
#985 = CARTESIAN_POINT('',(-3.467855040491E-02,-1.549999826388));
#986 = CARTESIAN_POINT('',(1.307660825461,0.775000173612));
#987 = CARTESIAN_POINT('',(2.650000201327,3.100000173612));
#988 = CARTESIAN_POINT('',(3.992339577193,0.775000173612));
#989 = CARTESIAN_POINT('',(5.334678953059,-1.549999826388));
#990 = CARTESIAN_POINT('',(2.650000201327,-1.549999826388));
#991 = ( GEOMETRIC_REPRESENTATION_CONTEXT(2) 
PARAMETRIC_REPRESENTATION_CONTEXT() REPRESENTATION_CONTEXT('2D SPACE',''
  ) );
#992 = PCURVE('',#77,#993);
#993 = DEFINITIONAL_REPRESENTATION('',(#994),#998);
#994 = LINE('',#995,#996);
#995 = CARTESIAN_POINT('',(12.566370614359,4.400000095367));
#996 = VECTOR('',#997,1.);
#997 = DIRECTION('',(-1.,0.));
#998 = ( GEOMETRIC_REPRESENTATION_CONTEXT(2) 
PARAMETRIC_REPRESENTATION_CONTEXT() REPRESENTATION_CONTEXT('2D SPACE',''
  ) );
#999 = ADVANCED_FACE('',(#1000),#136,.F.);
#1000 = FACE_BOUND('',#1001,.T.);
#1001 = EDGE_LOOP('',(#1002,#1003,#1026,#1047));
#1002 = ORIENTED_EDGE('',*,*,#122,.F.);
#1003 = ORIENTED_EDGE('',*,*,#1004,.F.);
#1004 = EDGE_CURVE('',#1005,#90,#1007,.T.);
#1005 = VERTEX_POINT('',#1006);
#1006 = CARTESIAN_POINT('',(-25.34069193666,-12.25000261537,
    2.804675602913));
#1007 = SURFACE_CURVE('',#1008,(#1012,#1019),.PCURVE_S1.);
#1008 = LINE('',#1009,#1010);
#1009 = CARTESIAN_POINT('',(-26.04900247785,-12.25000261537,
    2.804675602913));
#1010 = VECTOR('',#1011,1.);
#1011 = DIRECTION('',(-1.,0.,0.));
#1012 = PCURVE('',#136,#1013);
#1013 = DEFINITIONAL_REPRESENTATION('',(#1014),#1018);
#1014 = LINE('',#1015,#1016);
#1015 = CARTESIAN_POINT('',(-2.4,0.));
#1016 = VECTOR('',#1017,1.);
#1017 = DIRECTION('',(0.,-1.));
#1018 = ( GEOMETRIC_REPRESENTATION_CONTEXT(2) 
PARAMETRIC_REPRESENTATION_CONTEXT() REPRESENTATION_CONTEXT('2D SPACE',''
  ) );
#1019 = PCURVE('',#106,#1020);
#1020 = DEFINITIONAL_REPRESENTATION('',(#1021),#1025);
#1021 = LINE('',#1022,#1023);
#1022 = CARTESIAN_POINT('',(-27.44743325038,12.599602629083));
#1023 = VECTOR('',#1024,1.);
#1024 = DIRECTION('',(-1.,0.));
#1025 = ( GEOMETRIC_REPRESENTATION_CONTEXT(2) 
PARAMETRIC_REPRESENTATION_CONTEXT() REPRESENTATION_CONTEXT('2D SPACE',''
  ) );
#1026 = ORIENTED_EDGE('',*,*,#1027,.F.);
#1027 = EDGE_CURVE('',#153,#1005,#1028,.T.);
#1028 = SURFACE_CURVE('',#1029,(#1033,#1040),.PCURVE_S1.);
#1029 = LINE('',#1030,#1031);
#1030 = CARTESIAN_POINT('',(-25.34069193666,-12.25000261537,
    3.204675674438));
#1031 = VECTOR('',#1032,1.);
#1032 = DIRECTION('',(-1.224646799147E-16,0.,1.));
#1033 = PCURVE('',#136,#1034);
#1034 = DEFINITIONAL_REPRESENTATION('',(#1035),#1039);
#1035 = LINE('',#1036,#1037);
#1036 = CARTESIAN_POINT('',(-2.800000071525,0.708310541184));
#1037 = VECTOR('',#1038,1.);
#1038 = DIRECTION('',(-1.,-1.224646799147E-16));
#1039 = ( GEOMETRIC_REPRESENTATION_CONTEXT(2) 
PARAMETRIC_REPRESENTATION_CONTEXT() REPRESENTATION_CONTEXT('2D SPACE',''
  ) );
#1040 = PCURVE('',#196,#1041);
#1041 = DEFINITIONAL_REPRESENTATION('',(#1042),#1046);
#1042 = LINE('',#1043,#1044);
#1043 = CARTESIAN_POINT('',(1.318829516056,0.));
#1044 = VECTOR('',#1045,1.);
#1045 = DIRECTION('',(0.,1.));
#1046 = ( GEOMETRIC_REPRESENTATION_CONTEXT(2) 
PARAMETRIC_REPRESENTATION_CONTEXT() REPRESENTATION_CONTEXT('2D SPACE',''
  ) );
#1047 = ORIENTED_EDGE('',*,*,#152,.F.);
#1048 = ADVANCED_FACE('',(#1049),#196,.T.);
#1049 = FACE_BOUND('',#1050,.T.);
#1050 = EDGE_LOOP('',(#1051,#1052,#1053,#1081));
#1051 = ORIENTED_EDGE('',*,*,#175,.T.);
#1052 = ORIENTED_EDGE('',*,*,#1027,.T.);
#1053 = ORIENTED_EDGE('',*,*,#1054,.F.);
#1054 = EDGE_CURVE('',#1055,#1005,#1057,.T.);
#1055 = VERTEX_POINT('',#1056);
#1056 = CARTESIAN_POINT('',(-25.0501647513,-12.47520987131,
    2.804675674438));
#1057 = SURFACE_CURVE('',#1058,(#1063,#1070),.PCURVE_S1.);
#1058 = CIRCLE('',#1059,0.3);
#1059 = AXIS2_PLACEMENT_3D('',#1060,#1061,#1062);
#1060 = CARTESIAN_POINT('',(-25.34069193666,-12.55000261537,
    2.804675674438));
#1061 = DIRECTION('',(0.,0.,1.));
#1062 = DIRECTION('',(0.968423951218,0.24930914686,-0.));
#1063 = PCURVE('',#196,#1064);
#1064 = DEFINITIONAL_REPRESENTATION('',(#1065),#1069);
#1065 = LINE('',#1066,#1067);
#1066 = CARTESIAN_POINT('',(0.,-0.4));
#1067 = VECTOR('',#1068,1.);
#1068 = DIRECTION('',(1.,0.));
#1069 = ( GEOMETRIC_REPRESENTATION_CONTEXT(2) 
PARAMETRIC_REPRESENTATION_CONTEXT() REPRESENTATION_CONTEXT('2D SPACE',''
  ) );
#1070 = PCURVE('',#106,#1071);
#1071 = DEFINITIONAL_REPRESENTATION('',(#1072),#1080);
#1072 = ( BOUNDED_CURVE() B_SPLINE_CURVE(2,(#1073,#1074,#1075,#1076,
#1077,#1078,#1079),.UNSPECIFIED.,.T.,.F.) B_SPLINE_CURVE_WITH_KNOTS((1,2
    ,2,2,2,1),(-2.094395102393,0.,2.094395102393,4.188790204786,
6.28318530718,8.377580409573),.UNSPECIFIED.) CURVE() 
GEOMETRIC_REPRESENTATION_ITEM() RATIONAL_B_SPLINE_CURVE((1.,0.5,1.,0.5,
1.,0.5,1.)) REPRESENTATION_ITEM('') );
#1073 = CARTESIAN_POINT('',(-26.44859552383,12.824809885025));
#1074 = CARTESIAN_POINT('',(-26.57814035658,12.321602038992));
#1075 = CARTESIAN_POINT('',(-26.94915871825,12.685395078096));
#1076 = CARTESIAN_POINT('',(-27.32017707993,13.049188117199));
#1077 = CARTESIAN_POINT('',(-26.8196138855,13.188602924128));
#1078 = CARTESIAN_POINT('',(-26.31905069108,13.328017731058));
#1079 = CARTESIAN_POINT('',(-26.44859552383,12.824809885025));
#1080 = ( GEOMETRIC_REPRESENTATION_CONTEXT(2) 
PARAMETRIC_REPRESENTATION_CONTEXT() REPRESENTATION_CONTEXT('2D SPACE',''
  ) );
#1081 = ORIENTED_EDGE('',*,*,#1082,.T.);
#1082 = EDGE_CURVE('',#1055,#176,#1083,.T.);
#1083 = SURFACE_CURVE('',#1084,(#1088,#1095),.PCURVE_S1.);
#1084 = LINE('',#1085,#1086);
#1085 = CARTESIAN_POINT('',(-25.0501647513,-12.47520987131,
    3.204675674438));
#1086 = VECTOR('',#1087,1.);
#1087 = DIRECTION('',(1.224646799147E-16,1.499759782662E-32,-1.));
#1088 = PCURVE('',#196,#1089);
#1089 = DEFINITIONAL_REPRESENTATION('',(#1090),#1094);
#1090 = LINE('',#1091,#1092);
#1091 = CARTESIAN_POINT('',(0.,0.));
#1092 = VECTOR('',#1093,1.);
#1093 = DIRECTION('',(0.,-1.));
#1094 = ( GEOMETRIC_REPRESENTATION_CONTEXT(2) 
PARAMETRIC_REPRESENTATION_CONTEXT() REPRESENTATION_CONTEXT('2D SPACE',''
  ) );
#1095 = PCURVE('',#224,#1096);
#1096 = DEFINITIONAL_REPRESENTATION('',(#1097),#1101);
#1097 = LINE('',#1098,#1099);
#1098 = CARTESIAN_POINT('',(0.,0.));
#1099 = VECTOR('',#1100,1.);
#1100 = DIRECTION('',(1.,0.));
#1101 = ( GEOMETRIC_REPRESENTATION_CONTEXT(2) 
PARAMETRIC_REPRESENTATION_CONTEXT() REPRESENTATION_CONTEXT('2D SPACE',''
  ) );
#1102 = ADVANCED_FACE('',(#1103,#2200,#2882,#3573),#106,.T.);
#1103 = FACE_BOUND('',#1104,.T.);
#1104 = EDGE_LOOP('',(#1105,#1135,#1164,#1192,#1221,#1249,#1277,#1306,
    #1334,#1367,#1395,#1428,#1456,#1489,#1517,#1550,#1578,#1607,#1635,
    #1668,#1696,#1724,#1752,#1780,#1808,#1836,#1864,#1892,#1920,#1948,
    #1976,#2004,#2032,#2060,#2089,#2117,#2146,#2174));
#1105 = ORIENTED_EDGE('',*,*,#1106,.T.);
#1106 = EDGE_CURVE('',#1107,#1109,#1111,.T.);
#1107 = VERTEX_POINT('',#1108);
#1108 = CARTESIAN_POINT('',(-24.70072369982,-7.35039989092,
    2.804675674438));
#1109 = VERTEX_POINT('',#1110);
#1110 = CARTESIAN_POINT('',(-24.70072369982,-11.55039998628,
    2.804675674438));
#1111 = SURFACE_CURVE('',#1112,(#1116,#1123),.PCURVE_S1.);
#1112 = LINE('',#1113,#1114);
#1113 = CARTESIAN_POINT('',(-24.70072369982,-7.35039989092,
    2.804675674438));
#1114 = VECTOR('',#1115,1.);
#1115 = DIRECTION('',(0.,-1.,2.114710475078E-15));
#1116 = PCURVE('',#106,#1117);
#1117 = DEFINITIONAL_REPRESENTATION('',(#1118),#1122);
#1118 = LINE('',#1119,#1120);
#1119 = CARTESIAN_POINT('',(-26.09915447235,7.699999904633));
#1120 = VECTOR('',#1121,1.);
#1121 = DIRECTION('',(0.,1.));
#1122 = ( GEOMETRIC_REPRESENTATION_CONTEXT(2) 
PARAMETRIC_REPRESENTATION_CONTEXT() REPRESENTATION_CONTEXT('2D SPACE',''
  ) );
#1123 = PCURVE('',#1124,#1129);
#1124 = PLANE('',#1125);
#1125 = AXIS2_PLACEMENT_3D('',#1126,#1127,#1128);
#1126 = CARTESIAN_POINT('',(-24.70072369982,-12.25039998628,
    4.80467569828));
#1127 = DIRECTION('',(1.,-9.95799250103E-17,1.224646799147E-16));
#1128 = DIRECTION('',(1.224646799147E-16,1.499759782662E-32,-1.));
#1129 = DEFINITIONAL_REPRESENTATION('',(#1130),#1134);
#1130 = LINE('',#1131,#1132);
#1131 = CARTESIAN_POINT('',(2.000000023842,4.900000095367));
#1132 = VECTOR('',#1133,1.);
#1133 = DIRECTION('',(-2.114710475078E-15,-1.));
#1134 = ( GEOMETRIC_REPRESENTATION_CONTEXT(2) 
PARAMETRIC_REPRESENTATION_CONTEXT() REPRESENTATION_CONTEXT('2D SPACE',''
  ) );
#1135 = ORIENTED_EDGE('',*,*,#1136,.T.);
#1136 = EDGE_CURVE('',#1109,#1137,#1139,.T.);
#1137 = VERTEX_POINT('',#1138);
#1138 = CARTESIAN_POINT('',(-27.70072369982,-14.55039998628,
    2.804675674438));
#1139 = SURFACE_CURVE('',#1140,(#1145,#1152),.PCURVE_S1.);
#1140 = CIRCLE('',#1141,3.);
#1141 = AXIS2_PLACEMENT_3D('',#1142,#1143,#1144);
#1142 = CARTESIAN_POINT('',(-27.70072369982,-11.55039998628,
    2.804675674438));
#1143 = DIRECTION('',(1.480297366167E-15,0.,-1.));
#1144 = DIRECTION('',(1.,0.,1.480297366167E-15));
#1145 = PCURVE('',#106,#1146);
#1146 = DEFINITIONAL_REPRESENTATION('',(#1147),#1151);
#1147 = CIRCLE('',#1148,3.);
#1148 = AXIS2_PLACEMENT_2D('',#1149,#1150);
#1149 = CARTESIAN_POINT('',(-29.09915447235,11.9));
#1150 = DIRECTION('',(1.,0.));
#1151 = ( GEOMETRIC_REPRESENTATION_CONTEXT(2) 
PARAMETRIC_REPRESENTATION_CONTEXT() REPRESENTATION_CONTEXT('2D SPACE',''
  ) );
#1152 = PCURVE('',#1153,#1158);
#1153 = CYLINDRICAL_SURFACE('',#1154,3.);
#1154 = AXIS2_PLACEMENT_3D('',#1155,#1156,#1157);
#1155 = CARTESIAN_POINT('',(-27.70072369982,-11.55039998628,
    4.004675686359));
#1156 = DIRECTION('',(1.224646799147E-16,1.499759782662E-32,-1.));
#1157 = DIRECTION('',(0.707106781187,-0.707106781187,8.659560562355E-17)
  );
#1158 = DEFINITIONAL_REPRESENTATION('',(#1159),#1163);
#1159 = LINE('',#1160,#1161);
#1160 = CARTESIAN_POINT('',(5.497787143782,1.200000011921));
#1161 = VECTOR('',#1162,1.);
#1162 = DIRECTION('',(1.,2.261727773485E-15));
#1163 = ( GEOMETRIC_REPRESENTATION_CONTEXT(2) 
PARAMETRIC_REPRESENTATION_CONTEXT() REPRESENTATION_CONTEXT('2D SPACE',''
  ) );
#1164 = ORIENTED_EDGE('',*,*,#1165,.T.);
#1165 = EDGE_CURVE('',#1137,#1166,#1168,.T.);
#1166 = VERTEX_POINT('',#1167);
#1167 = CARTESIAN_POINT('',(-28.10156922747,-14.55039998628,
    2.804675674438));
#1168 = SURFACE_CURVE('',#1169,(#1173,#1180),.PCURVE_S1.);
#1169 = LINE('',#1170,#1171);
#1170 = CARTESIAN_POINT('',(-27.70072369982,-14.55039998628,
    2.804675674438));
#1171 = VECTOR('',#1172,1.);
#1172 = DIRECTION('',(-1.,5.539405821175E-15,0.));
#1173 = PCURVE('',#106,#1174);
#1174 = DEFINITIONAL_REPRESENTATION('',(#1175),#1179);
#1175 = LINE('',#1176,#1177);
#1176 = CARTESIAN_POINT('',(-29.09915447235,14.9));
#1177 = VECTOR('',#1178,1.);
#1178 = DIRECTION('',(-1.,-5.539405821175E-15));
#1179 = ( GEOMETRIC_REPRESENTATION_CONTEXT(2) 
PARAMETRIC_REPRESENTATION_CONTEXT() REPRESENTATION_CONTEXT('2D SPACE',''
  ) );
#1180 = PCURVE('',#1181,#1186);
#1181 = PLANE('',#1182);
#1182 = AXIS2_PLACEMENT_3D('',#1183,#1184,#1185);
#1183 = CARTESIAN_POINT('',(-28.10156922747,-14.55039998628,
    3.204675674438));
#1184 = DIRECTION('',(-1.224646799147E-16,1.,0.));
#1185 = DIRECTION('',(0.,0.,-1.));
#1186 = DEFINITIONAL_REPRESENTATION('',(#1187),#1191);
#1187 = LINE('',#1188,#1189);
#1188 = CARTESIAN_POINT('',(0.4,-0.400845527649));
#1189 = VECTOR('',#1190,1.);
#1190 = DIRECTION('',(-0.,1.));
#1191 = ( GEOMETRIC_REPRESENTATION_CONTEXT(2) 
PARAMETRIC_REPRESENTATION_CONTEXT() REPRESENTATION_CONTEXT('2D SPACE',''
  ) );
#1192 = ORIENTED_EDGE('',*,*,#1193,.T.);
#1193 = EDGE_CURVE('',#1166,#1194,#1196,.T.);
#1194 = VERTEX_POINT('',#1195);
#1195 = CARTESIAN_POINT('',(-31.10156922747,-11.55039998628,
    2.804675674438));
#1196 = SURFACE_CURVE('',#1197,(#1202,#1209),.PCURVE_S1.);
#1197 = CIRCLE('',#1198,3.);
#1198 = AXIS2_PLACEMENT_3D('',#1199,#1200,#1201);
#1199 = CARTESIAN_POINT('',(-28.10156922747,-11.55039998628,
    2.804675674438));
#1200 = DIRECTION('',(0.,0.,-1.));
#1201 = DIRECTION('',(0.,-1.,0.));
#1202 = PCURVE('',#106,#1203);
#1203 = DEFINITIONAL_REPRESENTATION('',(#1204),#1208);
#1204 = CIRCLE('',#1205,3.);
#1205 = AXIS2_PLACEMENT_2D('',#1206,#1207);
#1206 = CARTESIAN_POINT('',(-29.5,11.9));
#1207 = DIRECTION('',(0.,1.));
#1208 = ( GEOMETRIC_REPRESENTATION_CONTEXT(2) 
PARAMETRIC_REPRESENTATION_CONTEXT() REPRESENTATION_CONTEXT('2D SPACE',''
  ) );
#1209 = PCURVE('',#1210,#1215);
#1210 = CYLINDRICAL_SURFACE('',#1211,3.);
#1211 = AXIS2_PLACEMENT_3D('',#1212,#1213,#1214);
#1212 = CARTESIAN_POINT('',(-28.10156922747,-11.55039998628,
    3.204675674438));
#1213 = DIRECTION('',(-1.224646799147E-16,-1.499759782662E-32,1.));
#1214 = DIRECTION('',(-0.707106781187,-0.707106781187,
    -8.659560562355E-17));
#1215 = DEFINITIONAL_REPRESENTATION('',(#1216),#1220);
#1216 = LINE('',#1217,#1218);
#1217 = CARTESIAN_POINT('',(0.785398163397,-0.4));
#1218 = VECTOR('',#1219,1.);
#1219 = DIRECTION('',(-1.,1.130863886743E-15));
#1220 = ( GEOMETRIC_REPRESENTATION_CONTEXT(2) 
PARAMETRIC_REPRESENTATION_CONTEXT() REPRESENTATION_CONTEXT('2D SPACE',''
  ) );
#1221 = ORIENTED_EDGE('',*,*,#1222,.T.);
#1222 = EDGE_CURVE('',#1194,#1223,#1225,.T.);
#1223 = VERTEX_POINT('',#1224);
#1224 = CARTESIAN_POINT('',(-31.10156922747,7.249600013713,
    2.804675674438));
#1225 = SURFACE_CURVE('',#1226,(#1230,#1237),.PCURVE_S1.);
#1226 = LINE('',#1227,#1228);
#1227 = CARTESIAN_POINT('',(-31.10156922747,-11.55039998628,
    2.804675674438));
#1228 = VECTOR('',#1229,1.);
#1229 = DIRECTION('',(4.664802624475E-16,1.,-1.86592104979E-16));
#1230 = PCURVE('',#106,#1231);
#1231 = DEFINITIONAL_REPRESENTATION('',(#1232),#1236);
#1232 = LINE('',#1233,#1234);
#1233 = CARTESIAN_POINT('',(-32.5,11.9));
#1234 = VECTOR('',#1235,1.);
#1235 = DIRECTION('',(4.664802624475E-16,-1.));
#1236 = ( GEOMETRIC_REPRESENTATION_CONTEXT(2) 
PARAMETRIC_REPRESENTATION_CONTEXT() REPRESENTATION_CONTEXT('2D SPACE',''
  ) );
#1237 = PCURVE('',#1238,#1243);
#1238 = PLANE('',#1239);
#1239 = AXIS2_PLACEMENT_3D('',#1240,#1241,#1242);
#1240 = CARTESIAN_POINT('',(-31.10156922747,12.249600013713,
    3.204675674438));
#1241 = DIRECTION('',(-1.,9.95799250103E-17,-1.224646799147E-16));
#1242 = DIRECTION('',(-1.224646799147E-16,-1.499759782662E-32,1.));
#1243 = DEFINITIONAL_REPRESENTATION('',(#1244),#1248);
#1244 = LINE('',#1245,#1246);
#1245 = CARTESIAN_POINT('',(-0.4,-23.8));
#1246 = VECTOR('',#1247,1.);
#1247 = DIRECTION('',(-1.86592104979E-16,1.));
#1248 = ( GEOMETRIC_REPRESENTATION_CONTEXT(2) 
PARAMETRIC_REPRESENTATION_CONTEXT() REPRESENTATION_CONTEXT('2D SPACE',''
  ) );
#1249 = ORIENTED_EDGE('',*,*,#1250,.F.);
#1250 = EDGE_CURVE('',#1251,#1223,#1253,.T.);
#1251 = VERTEX_POINT('',#1252);
#1252 = CARTESIAN_POINT('',(-23.10156922747,7.249600013713,
    2.804675674438));
#1253 = SURFACE_CURVE('',#1254,(#1258,#1265),.PCURVE_S1.);
#1254 = LINE('',#1255,#1256);
#1255 = CARTESIAN_POINT('',(-14.85156922747,7.249600013713,
    2.804675674438));
#1256 = VECTOR('',#1257,1.);
#1257 = DIRECTION('',(-1.,0.,0.));
#1258 = PCURVE('',#106,#1259);
#1259 = DEFINITIONAL_REPRESENTATION('',(#1260),#1264);
#1260 = LINE('',#1261,#1262);
#1261 = CARTESIAN_POINT('',(-16.25,-6.9));
#1262 = VECTOR('',#1263,1.);
#1263 = DIRECTION('',(-1.,0.));
#1264 = ( GEOMETRIC_REPRESENTATION_CONTEXT(2) 
PARAMETRIC_REPRESENTATION_CONTEXT() REPRESENTATION_CONTEXT('2D SPACE',''
  ) );
#1265 = PCURVE('',#1266,#1271);
#1266 = CYLINDRICAL_SURFACE('',#1267,0.5);
#1267 = AXIS2_PLACEMENT_3D('',#1268,#1269,#1270);
#1268 = CARTESIAN_POINT('',(-14.85156922747,7.249600013713,
    3.304675674438));
#1269 = DIRECTION('',(1.,0.,0.));
#1270 = DIRECTION('',(0.,0.707106781187,-0.707106781187));
#1271 = DEFINITIONAL_REPRESENTATION('',(#1272),#1276);
#1272 = LINE('',#1273,#1274);
#1273 = CARTESIAN_POINT('',(-0.785398163397,0.));
#1274 = VECTOR('',#1275,1.);
#1275 = DIRECTION('',(0.,-1.));
#1276 = ( GEOMETRIC_REPRESENTATION_CONTEXT(2) 
PARAMETRIC_REPRESENTATION_CONTEXT() REPRESENTATION_CONTEXT('2D SPACE',''
  ) );
#1277 = ORIENTED_EDGE('',*,*,#1278,.T.);
#1278 = EDGE_CURVE('',#1251,#1279,#1281,.T.);
#1279 = VERTEX_POINT('',#1280);
#1280 = CARTESIAN_POINT('',(-24.60156922747,5.749600013713,
    2.804675674438));
#1281 = SURFACE_CURVE('',#1282,(#1287,#1294),.PCURVE_S1.);
#1282 = CIRCLE('',#1283,1.5);
#1283 = AXIS2_PLACEMENT_3D('',#1284,#1285,#1286);
#1284 = CARTESIAN_POINT('',(-24.60156922747,7.249600013713,
    2.804675674438));
#1285 = DIRECTION('',(-2.960594732334E-15,0.,-1.));
#1286 = DIRECTION('',(1.,0.,-2.960594732334E-15));
#1287 = PCURVE('',#106,#1288);
#1288 = DEFINITIONAL_REPRESENTATION('',(#1289),#1293);
#1289 = CIRCLE('',#1290,1.5);
#1290 = AXIS2_PLACEMENT_2D('',#1291,#1292);
#1291 = CARTESIAN_POINT('',(-26.,-6.9));
#1292 = DIRECTION('',(1.,0.));
#1293 = ( GEOMETRIC_REPRESENTATION_CONTEXT(2) 
PARAMETRIC_REPRESENTATION_CONTEXT() REPRESENTATION_CONTEXT('2D SPACE',''
  ) );
#1294 = PCURVE('',#1295,#1300);
#1295 = CYLINDRICAL_SURFACE('',#1296,1.5);
#1296 = AXIS2_PLACEMENT_3D('',#1297,#1298,#1299);
#1297 = CARTESIAN_POINT('',(-24.60156922747,7.249600013713,
    3.204675674438));
#1298 = DIRECTION('',(-1.224646799147E-16,-1.499759782662E-32,1.));
#1299 = DIRECTION('',(0.707106781187,-0.707106781187,8.659560562355E-17)
  );
#1300 = DEFINITIONAL_REPRESENTATION('',(#1301),#1305);
#1301 = LINE('',#1302,#1303);
#1302 = CARTESIAN_POINT('',(0.785398163397,-0.4));
#1303 = VECTOR('',#1304,1.);
#1304 = DIRECTION('',(-1.,3.392591660228E-15));
#1305 = ( GEOMETRIC_REPRESENTATION_CONTEXT(2) 
PARAMETRIC_REPRESENTATION_CONTEXT() REPRESENTATION_CONTEXT('2D SPACE',''
  ) );
#1306 = ORIENTED_EDGE('',*,*,#1307,.T.);
#1307 = EDGE_CURVE('',#1279,#1308,#1310,.T.);
#1308 = VERTEX_POINT('',#1309);
#1309 = CARTESIAN_POINT('',(-26.60156922747,5.749600013713,
    2.804675674438));
#1310 = SURFACE_CURVE('',#1311,(#1315,#1322),.PCURVE_S1.);
#1311 = LINE('',#1312,#1313);
#1312 = CARTESIAN_POINT('',(-24.60156922747,5.749600013713,
    2.804675674438));
#1313 = VECTOR('',#1314,1.);
#1314 = DIRECTION('',(-1.,-2.22044604925E-15,-2.22044604925E-15));
#1315 = PCURVE('',#106,#1316);
#1316 = DEFINITIONAL_REPRESENTATION('',(#1317),#1321);
#1317 = LINE('',#1318,#1319);
#1318 = CARTESIAN_POINT('',(-26.,-5.4));
#1319 = VECTOR('',#1320,1.);
#1320 = DIRECTION('',(-1.,2.22044604925E-15));
#1321 = ( GEOMETRIC_REPRESENTATION_CONTEXT(2) 
PARAMETRIC_REPRESENTATION_CONTEXT() REPRESENTATION_CONTEXT('2D SPACE',''
  ) );
#1322 = PCURVE('',#1323,#1328);
#1323 = PLANE('',#1324);
#1324 = AXIS2_PLACEMENT_3D('',#1325,#1326,#1327);
#1325 = CARTESIAN_POINT('',(-23.10156922747,5.749600013713,
    3.204675674438));
#1326 = DIRECTION('',(9.95799250103E-17,1.,2.465190328816E-32));
#1327 = DIRECTION('',(-1.,9.95799250103E-17,-1.224646799147E-16));
#1328 = DEFINITIONAL_REPRESENTATION('',(#1329),#1333);
#1329 = LINE('',#1330,#1331);
#1330 = CARTESIAN_POINT('',(1.5,-0.4));
#1331 = VECTOR('',#1332,1.);
#1332 = DIRECTION('',(1.,-2.097981369336E-15));
#1333 = ( GEOMETRIC_REPRESENTATION_CONTEXT(2) 
PARAMETRIC_REPRESENTATION_CONTEXT() REPRESENTATION_CONTEXT('2D SPACE',''
  ) );
#1334 = ORIENTED_EDGE('',*,*,#1335,.T.);
#1335 = EDGE_CURVE('',#1308,#1336,#1338,.T.);
#1336 = VERTEX_POINT('',#1337);
#1337 = CARTESIAN_POINT('',(-28.10156922747,4.249600013713,
    2.804675674438));
#1338 = SURFACE_CURVE('',#1339,(#1344,#1355),.PCURVE_S1.);
#1339 = CIRCLE('',#1340,1.5);
#1340 = AXIS2_PLACEMENT_3D('',#1341,#1342,#1343);
#1341 = CARTESIAN_POINT('',(-26.60156922747,4.249600013713,
    2.804675674438));
#1342 = DIRECTION('',(0.,0.,1.));
#1343 = DIRECTION('',(-1.,1.184237892934E-14,0.));
#1344 = PCURVE('',#106,#1345);
#1345 = DEFINITIONAL_REPRESENTATION('',(#1346),#1354);
#1346 = ( BOUNDED_CURVE() B_SPLINE_CURVE(2,(#1347,#1348,#1349,#1350,
#1351,#1352,#1353),.UNSPECIFIED.,.T.,.F.) B_SPLINE_CURVE_WITH_KNOTS((1,2
    ,2,2,2,1),(-2.094395102393,0.,2.094395102393,4.188790204786,
6.28318530718,8.377580409573),.UNSPECIFIED.) CURVE() 
GEOMETRIC_REPRESENTATION_ITEM() RATIONAL_B_SPLINE_CURVE((1.,0.5,1.,0.5,
1.,0.5,1.)) REPRESENTATION_ITEM('') );
#1347 = CARTESIAN_POINT('',(-29.5,-3.9));
#1348 = CARTESIAN_POINT('',(-29.5,-1.301923788647));
#1349 = CARTESIAN_POINT('',(-27.25,-2.600961894323));
#1350 = CARTESIAN_POINT('',(-25.,-3.9));
#1351 = CARTESIAN_POINT('',(-27.25,-5.199038105677));
#1352 = CARTESIAN_POINT('',(-29.5,-6.498076211353));
#1353 = CARTESIAN_POINT('',(-29.5,-3.9));
#1354 = ( GEOMETRIC_REPRESENTATION_CONTEXT(2) 
PARAMETRIC_REPRESENTATION_CONTEXT() REPRESENTATION_CONTEXT('2D SPACE',''
  ) );
#1355 = PCURVE('',#1356,#1361);
#1356 = CYLINDRICAL_SURFACE('',#1357,1.5);
#1357 = AXIS2_PLACEMENT_3D('',#1358,#1359,#1360);
#1358 = CARTESIAN_POINT('',(-26.60156922747,4.249600013713,
    3.204675674438));
#1359 = DIRECTION('',(-1.224646799147E-16,-1.499759782662E-32,1.));
#1360 = DIRECTION('',(-0.707106781187,0.707106781187,-8.659560562355E-17
    ));
#1361 = DEFINITIONAL_REPRESENTATION('',(#1362),#1366);
#1362 = LINE('',#1363,#1364);
#1363 = CARTESIAN_POINT('',(0.785398163397,-0.4));
#1364 = VECTOR('',#1365,1.);
#1365 = DIRECTION('',(1.,0.));
#1366 = ( GEOMETRIC_REPRESENTATION_CONTEXT(2) 
PARAMETRIC_REPRESENTATION_CONTEXT() REPRESENTATION_CONTEXT('2D SPACE',''
  ) );
#1367 = ORIENTED_EDGE('',*,*,#1368,.T.);
#1368 = EDGE_CURVE('',#1336,#1369,#1371,.T.);
#1369 = VERTEX_POINT('',#1370);
#1370 = CARTESIAN_POINT('',(-28.10156922747,-3.750399986287,
    2.804675674438));
#1371 = SURFACE_CURVE('',#1372,(#1376,#1383),.PCURVE_S1.);
#1372 = LINE('',#1373,#1374);
#1373 = CARTESIAN_POINT('',(-28.10156922747,4.249600013713,
    2.804675674438));
#1374 = VECTOR('',#1375,1.);
#1375 = DIRECTION('',(1.804112415016E-15,-1.,-5.551115123126E-16));
#1376 = PCURVE('',#106,#1377);
#1377 = DEFINITIONAL_REPRESENTATION('',(#1378),#1382);
#1378 = LINE('',#1379,#1380);
#1379 = CARTESIAN_POINT('',(-29.5,-3.9));
#1380 = VECTOR('',#1381,1.);
#1381 = DIRECTION('',(1.804112415016E-15,1.));
#1382 = ( GEOMETRIC_REPRESENTATION_CONTEXT(2) 
PARAMETRIC_REPRESENTATION_CONTEXT() REPRESENTATION_CONTEXT('2D SPACE',''
  ) );
#1383 = PCURVE('',#1384,#1389);
#1384 = PLANE('',#1385);
#1385 = AXIS2_PLACEMENT_3D('',#1386,#1387,#1388);
#1386 = CARTESIAN_POINT('',(-28.10156922747,5.749600013713,
    3.204675674438));
#1387 = DIRECTION('',(-1.,9.95799250103E-17,-1.224646799147E-16));
#1388 = DIRECTION('',(-9.95799250103E-17,-1.,-1.54074395551E-32));
#1389 = DEFINITIONAL_REPRESENTATION('',(#1390),#1394);
#1390 = LINE('',#1391,#1392);
#1391 = CARTESIAN_POINT('',(1.5,-0.4));
#1392 = VECTOR('',#1393,1.);
#1393 = DIRECTION('',(1.,-5.551115123126E-16));
#1394 = ( GEOMETRIC_REPRESENTATION_CONTEXT(2) 
PARAMETRIC_REPRESENTATION_CONTEXT() REPRESENTATION_CONTEXT('2D SPACE',''
  ) );
#1395 = ORIENTED_EDGE('',*,*,#1396,.T.);
#1396 = EDGE_CURVE('',#1369,#1397,#1399,.T.);
#1397 = VERTEX_POINT('',#1398);
#1398 = CARTESIAN_POINT('',(-26.60156922747,-5.250399986287,
    2.804675674438));
#1399 = SURFACE_CURVE('',#1400,(#1405,#1416),.PCURVE_S1.);
#1400 = CIRCLE('',#1401,1.5);
#1401 = AXIS2_PLACEMENT_3D('',#1402,#1403,#1404);
#1402 = CARTESIAN_POINT('',(-26.60156922747,-3.750399986287,
    2.804675674438));
#1403 = DIRECTION('',(0.,-2.960594732334E-15,1.));
#1404 = DIRECTION('',(0.,-1.,-2.960594732334E-15));
#1405 = PCURVE('',#106,#1406);
#1406 = DEFINITIONAL_REPRESENTATION('',(#1407),#1415);
#1407 = ( BOUNDED_CURVE() B_SPLINE_CURVE(2,(#1408,#1409,#1410,#1411,
#1412,#1413,#1414),.UNSPECIFIED.,.T.,.F.) B_SPLINE_CURVE_WITH_KNOTS((1,2
    ,2,2,2,1),(-2.094395102393,0.,2.094395102393,4.188790204786,
6.28318530718,8.377580409573),.UNSPECIFIED.) CURVE() 
GEOMETRIC_REPRESENTATION_ITEM() RATIONAL_B_SPLINE_CURVE((1.,0.5,1.,0.5,
1.,0.5,1.)) REPRESENTATION_ITEM('') );
#1408 = CARTESIAN_POINT('',(-28.,5.6));
#1409 = CARTESIAN_POINT('',(-25.40192378864,5.6));
#1410 = CARTESIAN_POINT('',(-26.70096189432,3.35));
#1411 = CARTESIAN_POINT('',(-28.,1.1));
#1412 = CARTESIAN_POINT('',(-29.29903810567,3.35));
#1413 = CARTESIAN_POINT('',(-30.59807621135,5.6));
#1414 = CARTESIAN_POINT('',(-28.,5.6));
#1415 = ( GEOMETRIC_REPRESENTATION_CONTEXT(2) 
PARAMETRIC_REPRESENTATION_CONTEXT() REPRESENTATION_CONTEXT('2D SPACE',''
  ) );
#1416 = PCURVE('',#1417,#1422);
#1417 = CYLINDRICAL_SURFACE('',#1418,1.5);
#1418 = AXIS2_PLACEMENT_3D('',#1419,#1420,#1421);
#1419 = CARTESIAN_POINT('',(-26.60156922747,-3.750399986287,
    3.204675674438));
#1420 = DIRECTION('',(-1.224646799147E-16,-1.499759782662E-32,1.));
#1421 = DIRECTION('',(-0.707106781187,-0.707106781187,
    -8.659560562355E-17));
#1422 = DEFINITIONAL_REPRESENTATION('',(#1423),#1427);
#1423 = LINE('',#1424,#1425);
#1424 = CARTESIAN_POINT('',(-5.497787143782,-0.4));
#1425 = VECTOR('',#1426,1.);
#1426 = DIRECTION('',(1.,-2.261727773485E-15));
#1427 = ( GEOMETRIC_REPRESENTATION_CONTEXT(2) 
PARAMETRIC_REPRESENTATION_CONTEXT() REPRESENTATION_CONTEXT('2D SPACE',''
  ) );
#1428 = ORIENTED_EDGE('',*,*,#1429,.T.);
#1429 = EDGE_CURVE('',#1397,#1430,#1432,.T.);
#1430 = VERTEX_POINT('',#1431);
#1431 = CARTESIAN_POINT('',(29.398430772531,-5.250399986287,
    2.804675674438));
#1432 = SURFACE_CURVE('',#1433,(#1437,#1444),.PCURVE_S1.);
#1433 = LINE('',#1434,#1435);
#1434 = CARTESIAN_POINT('',(-26.60156922747,-5.250399986287,
    2.804675674438));
#1435 = VECTOR('',#1436,1.);
#1436 = DIRECTION('',(1.,1.586032892322E-16,1.586032892322E-16));
#1437 = PCURVE('',#106,#1438);
#1438 = DEFINITIONAL_REPRESENTATION('',(#1439),#1443);
#1439 = LINE('',#1440,#1441);
#1440 = CARTESIAN_POINT('',(-28.,5.6));
#1441 = VECTOR('',#1442,1.);
#1442 = DIRECTION('',(1.,-1.586032892322E-16));
#1443 = ( GEOMETRIC_REPRESENTATION_CONTEXT(2) 
PARAMETRIC_REPRESENTATION_CONTEXT() REPRESENTATION_CONTEXT('2D SPACE',''
  ) );
#1444 = PCURVE('',#1445,#1450);
#1445 = PLANE('',#1446);
#1446 = AXIS2_PLACEMENT_3D('',#1447,#1448,#1449);
#1447 = CARTESIAN_POINT('',(9.698498674142,-5.250399986287,
    3.204675674438));
#1448 = DIRECTION('',(-9.95799250103E-17,-1.,-2.465190328816E-32));
#1449 = DIRECTION('',(1.,-9.95799250103E-17,1.224646799147E-16));
#1450 = DEFINITIONAL_REPRESENTATION('',(#1451),#1455);
#1451 = LINE('',#1452,#1453);
#1452 = CARTESIAN_POINT('',(-36.30006790161,-0.4));
#1453 = VECTOR('',#1454,1.);
#1454 = DIRECTION('',(1.,3.613860931743E-17));
#1455 = ( GEOMETRIC_REPRESENTATION_CONTEXT(2) 
PARAMETRIC_REPRESENTATION_CONTEXT() REPRESENTATION_CONTEXT('2D SPACE',''
  ) );
#1456 = ORIENTED_EDGE('',*,*,#1457,.T.);
#1457 = EDGE_CURVE('',#1430,#1458,#1460,.T.);
#1458 = VERTEX_POINT('',#1459);
#1459 = CARTESIAN_POINT('',(30.898430772531,-3.750399986287,
    2.804675674438));
#1460 = SURFACE_CURVE('',#1461,(#1466,#1477),.PCURVE_S1.);
#1461 = CIRCLE('',#1462,1.5);
#1462 = AXIS2_PLACEMENT_3D('',#1463,#1464,#1465);
#1463 = CARTESIAN_POINT('',(29.398430772531,-3.750399986287,
    2.804675674438));
#1464 = DIRECTION('',(0.,0.,1.));
#1465 = DIRECTION('',(1.,0.,-0.));
#1466 = PCURVE('',#106,#1467);
#1467 = DEFINITIONAL_REPRESENTATION('',(#1468),#1476);
#1468 = ( BOUNDED_CURVE() B_SPLINE_CURVE(2,(#1469,#1470,#1471,#1472,
#1473,#1474,#1475),.UNSPECIFIED.,.T.,.F.) B_SPLINE_CURVE_WITH_KNOTS((1,2
    ,2,2,2,1),(-2.094395102393,0.,2.094395102393,4.188790204786,
6.28318530718,8.377580409573),.UNSPECIFIED.) CURVE() 
GEOMETRIC_REPRESENTATION_ITEM() RATIONAL_B_SPLINE_CURVE((1.,0.5,1.,0.5,
1.,0.5,1.)) REPRESENTATION_ITEM('') );
#1469 = CARTESIAN_POINT('',(29.5,4.1));
#1470 = CARTESIAN_POINT('',(29.5,1.501923788647));
#1471 = CARTESIAN_POINT('',(27.25,2.800961894323));
#1472 = CARTESIAN_POINT('',(25.,4.1));
#1473 = CARTESIAN_POINT('',(27.25,5.399038105677));
#1474 = CARTESIAN_POINT('',(29.5,6.698076211353));
#1475 = CARTESIAN_POINT('',(29.5,4.1));
#1476 = ( GEOMETRIC_REPRESENTATION_CONTEXT(2) 
PARAMETRIC_REPRESENTATION_CONTEXT() REPRESENTATION_CONTEXT('2D SPACE',''
  ) );
#1477 = PCURVE('',#1478,#1483);
#1478 = CYLINDRICAL_SURFACE('',#1479,1.5);
#1479 = AXIS2_PLACEMENT_3D('',#1480,#1481,#1482);
#1480 = CARTESIAN_POINT('',(29.398430772531,-3.750399986287,
    3.204675674438));
#1481 = DIRECTION('',(-1.224646799147E-16,-1.499759782662E-32,1.));
#1482 = DIRECTION('',(0.707106781187,-0.707106781187,8.659560562355E-17)
  );
#1483 = DEFINITIONAL_REPRESENTATION('',(#1484),#1488);
#1484 = LINE('',#1485,#1486);
#1485 = CARTESIAN_POINT('',(-5.497787143782,-0.4));
#1486 = VECTOR('',#1487,1.);
#1487 = DIRECTION('',(1.,0.));
#1488 = ( GEOMETRIC_REPRESENTATION_CONTEXT(2) 
PARAMETRIC_REPRESENTATION_CONTEXT() REPRESENTATION_CONTEXT('2D SPACE',''
  ) );
#1489 = ORIENTED_EDGE('',*,*,#1490,.T.);
#1490 = EDGE_CURVE('',#1458,#1491,#1493,.T.);
#1491 = VERTEX_POINT('',#1492);
#1492 = CARTESIAN_POINT('',(30.898430772531,4.249600013713,
    2.804675674438));
#1493 = SURFACE_CURVE('',#1494,(#1498,#1505),.PCURVE_S1.);
#1494 = LINE('',#1495,#1496);
#1495 = CARTESIAN_POINT('',(30.898430772531,-3.750399986287,
    2.804675674438));
#1496 = VECTOR('',#1497,1.);
#1497 = DIRECTION('',(-2.22044604925E-15,1.,-2.775557561563E-16));
#1498 = PCURVE('',#106,#1499);
#1499 = DEFINITIONAL_REPRESENTATION('',(#1500),#1504);
#1500 = LINE('',#1501,#1502);
#1501 = CARTESIAN_POINT('',(29.5,4.1));
#1502 = VECTOR('',#1503,1.);
#1503 = DIRECTION('',(-2.22044604925E-15,-1.));
#1504 = ( GEOMETRIC_REPRESENTATION_CONTEXT(2) 
PARAMETRIC_REPRESENTATION_CONTEXT() REPRESENTATION_CONTEXT('2D SPACE',''
  ) );
#1505 = PCURVE('',#1506,#1511);
#1506 = PLANE('',#1507);
#1507 = AXIS2_PLACEMENT_3D('',#1508,#1509,#1510);
#1508 = CARTESIAN_POINT('',(30.89843077253,-5.250399986287,
    3.204675674438));
#1509 = DIRECTION('',(1.,-9.95799250103E-17,1.224646799147E-16));
#1510 = DIRECTION('',(9.95799250103E-17,1.,1.54074395551E-32));
#1511 = DEFINITIONAL_REPRESENTATION('',(#1512),#1516);
#1512 = LINE('',#1513,#1514);
#1513 = CARTESIAN_POINT('',(1.5,-0.4));
#1514 = VECTOR('',#1515,1.);
#1515 = DIRECTION('',(1.,-2.775557561563E-16));
#1516 = ( GEOMETRIC_REPRESENTATION_CONTEXT(2) 
PARAMETRIC_REPRESENTATION_CONTEXT() REPRESENTATION_CONTEXT('2D SPACE',''
  ) );
#1517 = ORIENTED_EDGE('',*,*,#1518,.T.);
#1518 = EDGE_CURVE('',#1491,#1519,#1521,.T.);
#1519 = VERTEX_POINT('',#1520);
#1520 = CARTESIAN_POINT('',(29.398430772531,5.749600013713,
    2.804675674438));
#1521 = SURFACE_CURVE('',#1522,(#1527,#1538),.PCURVE_S1.);
#1522 = CIRCLE('',#1523,1.5);
#1523 = AXIS2_PLACEMENT_3D('',#1524,#1525,#1526);
#1524 = CARTESIAN_POINT('',(29.398430772531,4.249600013713,
    2.804675674438));
#1525 = DIRECTION('',(0.,-0.,1.));
#1526 = DIRECTION('',(0.,1.,0.));
#1527 = PCURVE('',#106,#1528);
#1528 = DEFINITIONAL_REPRESENTATION('',(#1529),#1537);
#1529 = ( BOUNDED_CURVE() B_SPLINE_CURVE(2,(#1530,#1531,#1532,#1533,
#1534,#1535,#1536),.UNSPECIFIED.,.T.,.F.) B_SPLINE_CURVE_WITH_KNOTS((1,2
    ,2,2,2,1),(-2.094395102393,0.,2.094395102393,4.188790204786,
6.28318530718,8.377580409573),.UNSPECIFIED.) CURVE() 
GEOMETRIC_REPRESENTATION_ITEM() RATIONAL_B_SPLINE_CURVE((1.,0.5,1.,0.5,
1.,0.5,1.)) REPRESENTATION_ITEM('') );
#1530 = CARTESIAN_POINT('',(28.,-5.4));
#1531 = CARTESIAN_POINT('',(25.401923788647,-5.4));
#1532 = CARTESIAN_POINT('',(26.700961894323,-3.15));
#1533 = CARTESIAN_POINT('',(28.,-0.9));
#1534 = CARTESIAN_POINT('',(29.299038105677,-3.15));
#1535 = CARTESIAN_POINT('',(30.598076211353,-5.4));
#1536 = CARTESIAN_POINT('',(28.,-5.4));
#1537 = ( GEOMETRIC_REPRESENTATION_CONTEXT(2) 
PARAMETRIC_REPRESENTATION_CONTEXT() REPRESENTATION_CONTEXT('2D SPACE',''
  ) );
#1538 = PCURVE('',#1539,#1544);
#1539 = CYLINDRICAL_SURFACE('',#1540,1.5);
#1540 = AXIS2_PLACEMENT_3D('',#1541,#1542,#1543);
#1541 = CARTESIAN_POINT('',(29.398430772531,4.249600013713,
    3.204675674438));
#1542 = DIRECTION('',(-1.224646799147E-16,-1.499759782662E-32,1.));
#1543 = DIRECTION('',(0.707106781187,0.707106781187,8.659560562355E-17)
  );
#1544 = DEFINITIONAL_REPRESENTATION('',(#1545),#1549);
#1545 = LINE('',#1546,#1547);
#1546 = CARTESIAN_POINT('',(-5.497787143782,-0.4));
#1547 = VECTOR('',#1548,1.);
#1548 = DIRECTION('',(1.,0.));
#1549 = ( GEOMETRIC_REPRESENTATION_CONTEXT(2) 
PARAMETRIC_REPRESENTATION_CONTEXT() REPRESENTATION_CONTEXT('2D SPACE',''
  ) );
#1550 = ORIENTED_EDGE('',*,*,#1551,.T.);
#1551 = EDGE_CURVE('',#1519,#1552,#1554,.T.);
#1552 = VERTEX_POINT('',#1553);
#1553 = CARTESIAN_POINT('',(27.39843077253,5.749600013713,2.804675674438
    ));
#1554 = SURFACE_CURVE('',#1555,(#1559,#1566),.PCURVE_S1.);
#1555 = LINE('',#1556,#1557);
#1556 = CARTESIAN_POINT('',(29.398430772531,5.749600013713,
    2.804675674438));
#1557 = VECTOR('',#1558,1.);
#1558 = DIRECTION('',(-1.,2.22044604925E-15,-1.110223024625E-15));
#1559 = PCURVE('',#106,#1560);
#1560 = DEFINITIONAL_REPRESENTATION('',(#1561),#1565);
#1561 = LINE('',#1562,#1563);
#1562 = CARTESIAN_POINT('',(28.,-5.4));
#1563 = VECTOR('',#1564,1.);
#1564 = DIRECTION('',(-1.,-2.22044604925E-15));
#1565 = ( GEOMETRIC_REPRESENTATION_CONTEXT(2) 
PARAMETRIC_REPRESENTATION_CONTEXT() REPRESENTATION_CONTEXT('2D SPACE',''
  ) );
#1566 = PCURVE('',#1567,#1572);
#1567 = PLANE('',#1568);
#1568 = AXIS2_PLACEMENT_3D('',#1569,#1570,#1571);
#1569 = CARTESIAN_POINT('',(30.89843077253,5.749600013713,3.204675674438
    ));
#1570 = DIRECTION('',(9.95799250103E-17,1.,2.465190328816E-32));
#1571 = DIRECTION('',(-1.,9.95799250103E-17,-1.224646799147E-16));
#1572 = DEFINITIONAL_REPRESENTATION('',(#1573),#1577);
#1573 = LINE('',#1574,#1575);
#1574 = CARTESIAN_POINT('',(1.5,-0.4));
#1575 = VECTOR('',#1576,1.);
#1576 = DIRECTION('',(1.,-9.877583447104E-16));
#1577 = ( GEOMETRIC_REPRESENTATION_CONTEXT(2) 
PARAMETRIC_REPRESENTATION_CONTEXT() REPRESENTATION_CONTEXT('2D SPACE',''
  ) );
#1578 = ORIENTED_EDGE('',*,*,#1579,.T.);
#1579 = EDGE_CURVE('',#1552,#1580,#1582,.T.);
#1580 = VERTEX_POINT('',#1581);
#1581 = CARTESIAN_POINT('',(25.89843077253,7.249600013713,2.804675674438
    ));
#1582 = SURFACE_CURVE('',#1583,(#1588,#1595),.PCURVE_S1.);
#1583 = CIRCLE('',#1584,1.5);
#1584 = AXIS2_PLACEMENT_3D('',#1585,#1586,#1587);
#1585 = CARTESIAN_POINT('',(27.39843077253,7.249600013713,2.804675674438
    ));
#1586 = DIRECTION('',(0.,1.480297366167E-15,-1.));
#1587 = DIRECTION('',(0.,-1.,-1.480297366167E-15));
#1588 = PCURVE('',#106,#1589);
#1589 = DEFINITIONAL_REPRESENTATION('',(#1590),#1594);
#1590 = CIRCLE('',#1591,1.5);
#1591 = AXIS2_PLACEMENT_2D('',#1592,#1593);
#1592 = CARTESIAN_POINT('',(26.,-6.9));
#1593 = DIRECTION('',(0.,1.));
#1594 = ( GEOMETRIC_REPRESENTATION_CONTEXT(2) 
PARAMETRIC_REPRESENTATION_CONTEXT() REPRESENTATION_CONTEXT('2D SPACE',''
  ) );
#1595 = PCURVE('',#1596,#1601);
#1596 = CYLINDRICAL_SURFACE('',#1597,1.5);
#1597 = AXIS2_PLACEMENT_3D('',#1598,#1599,#1600);
#1598 = CARTESIAN_POINT('',(27.39843077253,7.249600013713,3.204675674438
    ));
#1599 = DIRECTION('',(1.7080354225E-16,7.643299359406E-33,-1.));
#1600 = DIRECTION('',(-0.707106781187,-0.707106781187,
    -1.207763429757E-16));
#1601 = DEFINITIONAL_REPRESENTATION('',(#1602),#1606);
#1602 = LINE('',#1603,#1604);
#1603 = CARTESIAN_POINT('',(5.497787143782,0.4));
#1604 = VECTOR('',#1605,1.);
#1605 = DIRECTION('',(1.,-1.130863886743E-15));
#1606 = ( GEOMETRIC_REPRESENTATION_CONTEXT(2) 
PARAMETRIC_REPRESENTATION_CONTEXT() REPRESENTATION_CONTEXT('2D SPACE',''
  ) );
#1607 = ORIENTED_EDGE('',*,*,#1608,.T.);
#1608 = EDGE_CURVE('',#1580,#1609,#1611,.T.);
#1609 = VERTEX_POINT('',#1610);
#1610 = CARTESIAN_POINT('',(25.89843077253,11.249600013713,
    2.804675674438));
#1611 = SURFACE_CURVE('',#1612,(#1616,#1623),.PCURVE_S1.);
#1612 = LINE('',#1613,#1614);
#1613 = CARTESIAN_POINT('',(25.89843077253,7.249600013713,2.804675674438
    ));
#1614 = VECTOR('',#1615,1.);
#1615 = DIRECTION('',(0.,1.,0.));
#1616 = PCURVE('',#106,#1617);
#1617 = DEFINITIONAL_REPRESENTATION('',(#1618),#1622);
#1618 = LINE('',#1619,#1620);
#1619 = CARTESIAN_POINT('',(24.5,-6.9));
#1620 = VECTOR('',#1621,1.);
#1621 = DIRECTION('',(0.,-1.));
#1622 = ( GEOMETRIC_REPRESENTATION_CONTEXT(2) 
PARAMETRIC_REPRESENTATION_CONTEXT() REPRESENTATION_CONTEXT('2D SPACE',''
  ) );
#1623 = PCURVE('',#1624,#1629);
#1624 = PLANE('',#1625);
#1625 = AXIS2_PLACEMENT_3D('',#1626,#1627,#1628);
#1626 = CARTESIAN_POINT('',(25.89843077253,5.749600013713,3.204675674438
    ));
#1627 = DIRECTION('',(1.,0.,1.7080354225E-16));
#1628 = DIRECTION('',(1.7080354225E-16,0.,-1.));
#1629 = DEFINITIONAL_REPRESENTATION('',(#1630),#1634);
#1630 = LINE('',#1631,#1632);
#1631 = CARTESIAN_POINT('',(0.4,1.5));
#1632 = VECTOR('',#1633,1.);
#1633 = DIRECTION('',(0.,1.));
#1634 = ( GEOMETRIC_REPRESENTATION_CONTEXT(2) 
PARAMETRIC_REPRESENTATION_CONTEXT() REPRESENTATION_CONTEXT('2D SPACE',''
  ) );
#1635 = ORIENTED_EDGE('',*,*,#1636,.T.);
#1636 = EDGE_CURVE('',#1609,#1637,#1639,.T.);
#1637 = VERTEX_POINT('',#1638);
#1638 = CARTESIAN_POINT('',(24.39843077253,12.749600013713,
    2.804675674438));
#1639 = SURFACE_CURVE('',#1640,(#1645,#1656),.PCURVE_S1.);
#1640 = CIRCLE('',#1641,1.5);
#1641 = AXIS2_PLACEMENT_3D('',#1642,#1643,#1644);
#1642 = CARTESIAN_POINT('',(24.39843077253,11.249600013713,
    2.804675674438));
#1643 = DIRECTION('',(0.,-0.,1.));
#1644 = DIRECTION('',(0.,1.,0.));
#1645 = PCURVE('',#106,#1646);
#1646 = DEFINITIONAL_REPRESENTATION('',(#1647),#1655);
#1647 = ( BOUNDED_CURVE() B_SPLINE_CURVE(2,(#1648,#1649,#1650,#1651,
#1652,#1653,#1654),.UNSPECIFIED.,.T.,.F.) B_SPLINE_CURVE_WITH_KNOTS((1,2
    ,2,2,2,1),(-2.094395102393,0.,2.094395102393,4.188790204786,
6.28318530718,8.377580409573),.UNSPECIFIED.) CURVE() 
GEOMETRIC_REPRESENTATION_ITEM() RATIONAL_B_SPLINE_CURVE((1.,0.5,1.,0.5,
1.,0.5,1.)) REPRESENTATION_ITEM('') );
#1648 = CARTESIAN_POINT('',(23.,-12.4));
#1649 = CARTESIAN_POINT('',(20.401923788647,-12.4));
#1650 = CARTESIAN_POINT('',(21.700961894323,-10.15));
#1651 = CARTESIAN_POINT('',(23.,-7.9));
#1652 = CARTESIAN_POINT('',(24.299038105677,-10.15));
#1653 = CARTESIAN_POINT('',(25.598076211353,-12.4));
#1654 = CARTESIAN_POINT('',(23.,-12.4));
#1655 = ( GEOMETRIC_REPRESENTATION_CONTEXT(2) 
PARAMETRIC_REPRESENTATION_CONTEXT() REPRESENTATION_CONTEXT('2D SPACE',''
  ) );
#1656 = PCURVE('',#1657,#1662);
#1657 = CYLINDRICAL_SURFACE('',#1658,1.5);
#1658 = AXIS2_PLACEMENT_3D('',#1659,#1660,#1661);
#1659 = CARTESIAN_POINT('',(24.39843077253,11.249600013713,
    3.204675674438));
#1660 = DIRECTION('',(-1.7080354225E-16,-7.643299359406E-33,1.));
#1661 = DIRECTION('',(0.707106781187,0.707106781187,1.207763429757E-16)
  );
#1662 = DEFINITIONAL_REPRESENTATION('',(#1663),#1667);
#1663 = LINE('',#1664,#1665);
#1664 = CARTESIAN_POINT('',(0.785398163397,-0.4));
#1665 = VECTOR('',#1666,1.);
#1666 = DIRECTION('',(1.,0.));
#1667 = ( GEOMETRIC_REPRESENTATION_CONTEXT(2) 
PARAMETRIC_REPRESENTATION_CONTEXT() REPRESENTATION_CONTEXT('2D SPACE',''
  ) );
#1668 = ORIENTED_EDGE('',*,*,#1669,.T.);
#1669 = EDGE_CURVE('',#1637,#1670,#1672,.T.);
#1670 = VERTEX_POINT('',#1671);
#1671 = CARTESIAN_POINT('',(-12.60156922747,12.749600013713,
    2.804675674438));
#1672 = SURFACE_CURVE('',#1673,(#1677,#1684),.PCURVE_S1.);
#1673 = LINE('',#1674,#1675);
#1674 = CARTESIAN_POINT('',(24.39843077253,12.749600013713,
    2.804675674438));
#1675 = VECTOR('',#1676,1.);
#1676 = DIRECTION('',(-1.,-9.65411325761E-17,-2.413528314403E-16));
#1677 = PCURVE('',#106,#1678);
#1678 = DEFINITIONAL_REPRESENTATION('',(#1679),#1683);
#1679 = LINE('',#1680,#1681);
#1680 = CARTESIAN_POINT('',(23.,-12.4));
#1681 = VECTOR('',#1682,1.);
#1682 = DIRECTION('',(-1.,9.65411325761E-17));
#1683 = ( GEOMETRIC_REPRESENTATION_CONTEXT(2) 
PARAMETRIC_REPRESENTATION_CONTEXT() REPRESENTATION_CONTEXT('2D SPACE',''
  ) );
#1684 = PCURVE('',#1685,#1690);
#1685 = PLANE('',#1686);
#1686 = AXIS2_PLACEMENT_3D('',#1687,#1688,#1689);
#1687 = CARTESIAN_POINT('',(12.89843077253,12.749600013713,
    3.204675674438));
#1688 = DIRECTION('',(9.95799250103E-17,1.,2.465190328816E-32));
#1689 = DIRECTION('',(-1.,9.95799250103E-17,-1.224646799147E-16));
#1690 = DEFINITIONAL_REPRESENTATION('',(#1691),#1695);
#1691 = LINE('',#1692,#1693);
#1692 = CARTESIAN_POINT('',(-11.5,-0.4));
#1693 = VECTOR('',#1694,1.);
#1694 = DIRECTION('',(1.,-1.188881515255E-16));
#1695 = ( GEOMETRIC_REPRESENTATION_CONTEXT(2) 
PARAMETRIC_REPRESENTATION_CONTEXT() REPRESENTATION_CONTEXT('2D SPACE',''
  ) );
#1696 = ORIENTED_EDGE('',*,*,#1697,.F.);
#1697 = EDGE_CURVE('',#1698,#1670,#1700,.T.);
#1698 = VERTEX_POINT('',#1699);
#1699 = CARTESIAN_POINT('',(-12.60156922747,15.249600013713,
    2.804675674438));
#1700 = SURFACE_CURVE('',#1701,(#1705,#1712),.PCURVE_S1.);
#1701 = LINE('',#1702,#1703);
#1702 = CARTESIAN_POINT('',(-12.60156922747,6.549600013713,
    2.804675674438));
#1703 = VECTOR('',#1704,1.);
#1704 = DIRECTION('',(0.,-1.,0.));
#1705 = PCURVE('',#106,#1706);
#1706 = DEFINITIONAL_REPRESENTATION('',(#1707),#1711);
#1707 = LINE('',#1708,#1709);
#1708 = CARTESIAN_POINT('',(-14.,-6.2));
#1709 = VECTOR('',#1710,1.);
#1710 = DIRECTION('',(0.,1.));
#1711 = ( GEOMETRIC_REPRESENTATION_CONTEXT(2) 
PARAMETRIC_REPRESENTATION_CONTEXT() REPRESENTATION_CONTEXT('2D SPACE',''
  ) );
#1712 = PCURVE('',#1713,#1718);
#1713 = CYLINDRICAL_SURFACE('',#1714,0.5);
#1714 = AXIS2_PLACEMENT_3D('',#1715,#1716,#1717);
#1715 = CARTESIAN_POINT('',(-12.60156922747,6.549600013713,
    3.304675674438));
#1716 = DIRECTION('',(0.,1.,0.));
#1717 = DIRECTION('',(-0.707106781187,0.,-0.707106781187));
#1718 = DEFINITIONAL_REPRESENTATION('',(#1719),#1723);
#1719 = LINE('',#1720,#1721);
#1720 = CARTESIAN_POINT('',(-0.785398163397,0.));
#1721 = VECTOR('',#1722,1.);
#1722 = DIRECTION('',(0.,-1.));
#1723 = ( GEOMETRIC_REPRESENTATION_CONTEXT(2) 
PARAMETRIC_REPRESENTATION_CONTEXT() REPRESENTATION_CONTEXT('2D SPACE',''
  ) );
#1724 = ORIENTED_EDGE('',*,*,#1725,.T.);
#1725 = EDGE_CURVE('',#1698,#1726,#1728,.T.);
#1726 = VERTEX_POINT('',#1727);
#1727 = CARTESIAN_POINT('',(30.89843077253,15.249600013713,
    2.804675674438));
#1728 = SURFACE_CURVE('',#1729,(#1733,#1740),.PCURVE_S1.);
#1729 = LINE('',#1730,#1731);
#1730 = CARTESIAN_POINT('',(-28.10156922747,15.249600013713,
    2.804675674438));
#1731 = VECTOR('',#1732,1.);
#1732 = DIRECTION('',(1.,-1.505387152034E-16,0.));
#1733 = PCURVE('',#106,#1734);
#1734 = DEFINITIONAL_REPRESENTATION('',(#1735),#1739);
#1735 = LINE('',#1736,#1737);
#1736 = CARTESIAN_POINT('',(-29.5,-14.9));
#1737 = VECTOR('',#1738,1.);
#1738 = DIRECTION('',(1.,1.505387152034E-16));
#1739 = ( GEOMETRIC_REPRESENTATION_CONTEXT(2) 
PARAMETRIC_REPRESENTATION_CONTEXT() REPRESENTATION_CONTEXT('2D SPACE',''
  ) );
#1740 = PCURVE('',#1741,#1746);
#1741 = PLANE('',#1742);
#1742 = AXIS2_PLACEMENT_3D('',#1743,#1744,#1745);
#1743 = CARTESIAN_POINT('',(-28.10156922747,15.249600013713,
    3.204675674438));
#1744 = DIRECTION('',(9.95799250103E-17,1.,2.465190328816E-32));
#1745 = DIRECTION('',(-1.224646799147E-16,-1.245687964584E-32,1.));
#1746 = DEFINITIONAL_REPRESENTATION('',(#1747),#1751);
#1747 = LINE('',#1748,#1749);
#1748 = CARTESIAN_POINT('',(-0.4,-4.898587196589E-17));
#1749 = VECTOR('',#1750,1.);
#1750 = DIRECTION('',(-1.224646799147E-16,1.));
#1751 = ( GEOMETRIC_REPRESENTATION_CONTEXT(2) 
PARAMETRIC_REPRESENTATION_CONTEXT() REPRESENTATION_CONTEXT('2D SPACE',''
  ) );
#1752 = ORIENTED_EDGE('',*,*,#1753,.T.);
#1753 = EDGE_CURVE('',#1726,#1754,#1756,.T.);
#1754 = VERTEX_POINT('',#1755);
#1755 = CARTESIAN_POINT('',(31.367733903634,15.212664207438,
    2.804675674438));
#1756 = SURFACE_CURVE('',#1757,(#1761,#1768),.PCURVE_S1.);
#1757 = LINE('',#1758,#1759);
#1758 = CARTESIAN_POINT('',(30.89843077253,15.249600013713,
    2.804675674438));
#1759 = VECTOR('',#1760,1.);
#1760 = DIRECTION('',(0.996917192695,-7.846088777293E-02,0.));
#1761 = PCURVE('',#106,#1762);
#1762 = DEFINITIONAL_REPRESENTATION('',(#1763),#1767);
#1763 = LINE('',#1764,#1765);
#1764 = CARTESIAN_POINT('',(29.5,-14.9));
#1765 = VECTOR('',#1766,1.);
#1766 = DIRECTION('',(0.996917192695,7.846088777293E-02));
#1767 = ( GEOMETRIC_REPRESENTATION_CONTEXT(2) 
PARAMETRIC_REPRESENTATION_CONTEXT() REPRESENTATION_CONTEXT('2D SPACE',''
  ) );
#1768 = PCURVE('',#1769,#1774);
#1769 = PLANE('',#1770);
#1770 = AXIS2_PLACEMENT_3D('',#1771,#1772,#1773);
#1771 = CARTESIAN_POINT('',(30.89843077253,15.249600013713,
    3.204675674438));
#1772 = DIRECTION('',(7.846088777293E-02,0.996917192695,
    9.608687506938E-18));
#1773 = DIRECTION('',(-1.224646799147E-16,-2.927413515469E-32,1.));
#1774 = DEFINITIONAL_REPRESENTATION('',(#1775),#1779);
#1775 = LINE('',#1776,#1777);
#1776 = CARTESIAN_POINT('',(-0.4,-4.883485796193E-17));
#1777 = VECTOR('',#1778,1.);
#1778 = DIRECTION('',(-1.220871449048E-16,1.));
#1779 = ( GEOMETRIC_REPRESENTATION_CONTEXT(2) 
PARAMETRIC_REPRESENTATION_CONTEXT() REPRESENTATION_CONTEXT('2D SPACE',''
  ) );
#1780 = ORIENTED_EDGE('',*,*,#1781,.T.);
#1781 = EDGE_CURVE('',#1754,#1782,#1784,.T.);
#1782 = VERTEX_POINT('',#1783);
#1783 = CARTESIAN_POINT('',(31.82548231672,15.10277040861,2.804675674438
    ));
#1784 = SURFACE_CURVE('',#1785,(#1789,#1796),.PCURVE_S1.);
#1785 = LINE('',#1786,#1787);
#1786 = CARTESIAN_POINT('',(31.367733903634,15.212664207438,
    2.804675674438));
#1787 = VECTOR('',#1788,1.);
#1788 = DIRECTION('',(0.972370823133,-0.23344160366,0.));
#1789 = PCURVE('',#106,#1790);
#1790 = DEFINITIONAL_REPRESENTATION('',(#1791),#1795);
#1791 = LINE('',#1792,#1793);
#1792 = CARTESIAN_POINT('',(29.969303131104,-14.86306419372));
#1793 = VECTOR('',#1794,1.);
#1794 = DIRECTION('',(0.972370823133,0.23344160366));
#1795 = ( GEOMETRIC_REPRESENTATION_CONTEXT(2) 
PARAMETRIC_REPRESENTATION_CONTEXT() REPRESENTATION_CONTEXT('2D SPACE',''
  ) );
#1796 = PCURVE('',#1797,#1802);
#1797 = PLANE('',#1798);
#1798 = AXIS2_PLACEMENT_3D('',#1799,#1800,#1801);
#1799 = CARTESIAN_POINT('',(31.367733903634,15.212664207438,
    3.204675674438));
#1800 = DIRECTION('',(0.23344160366,0.972370823133,2.858835127104E-17));
#1801 = DIRECTION('',(-1.224646799147E-16,-1.54074395551E-31,1.));
#1802 = DEFINITIONAL_REPRESENTATION('',(#1803),#1807);
#1803 = LINE('',#1804,#1805);
#1804 = CARTESIAN_POINT('',(-0.4,-4.763243264537E-17));
#1805 = VECTOR('',#1806,1.);
#1806 = DIRECTION('',(-1.190810816134E-16,1.));
#1807 = ( GEOMETRIC_REPRESENTATION_CONTEXT(2) 
PARAMETRIC_REPRESENTATION_CONTEXT() REPRESENTATION_CONTEXT('2D SPACE',''
  ) );
#1808 = ORIENTED_EDGE('',*,*,#1809,.T.);
#1809 = EDGE_CURVE('',#1782,#1810,#1812,.T.);
#1810 = VERTEX_POINT('',#1811);
#1811 = CARTESIAN_POINT('',(32.260403581368,14.922619422892,
    2.804675674438));
#1812 = SURFACE_CURVE('',#1813,(#1817,#1824),.PCURVE_S1.);
#1813 = LINE('',#1814,#1815);
#1814 = CARTESIAN_POINT('',(31.82548231672,15.10277040861,2.804675674438
    ));
#1815 = VECTOR('',#1816,1.);
#1816 = DIRECTION('',(0.923879007286,-0.38268470037,0.));
#1817 = PCURVE('',#106,#1818);
#1818 = DEFINITIONAL_REPRESENTATION('',(#1819),#1823);
#1819 = LINE('',#1820,#1821);
#1820 = CARTESIAN_POINT('',(30.42705154419,-14.75317039489));
#1821 = VECTOR('',#1822,1.);
#1822 = DIRECTION('',(0.923879007286,0.38268470037));
#1823 = ( GEOMETRIC_REPRESENTATION_CONTEXT(2) 
PARAMETRIC_REPRESENTATION_CONTEXT() REPRESENTATION_CONTEXT('2D SPACE',''
  ) );
#1824 = PCURVE('',#1825,#1830);
#1825 = PLANE('',#1826);
#1826 = AXIS2_PLACEMENT_3D('',#1827,#1828,#1829);
#1827 = CARTESIAN_POINT('',(31.82548231672,15.10277040861,3.204675674438
    ));
#1828 = DIRECTION('',(0.38268470037,0.923879007286,4.686535933905E-17));
#1829 = DIRECTION('',(-1.224646799147E-16,-1.479114197289E-31,1.));
#1830 = DEFINITIONAL_REPRESENTATION('',(#1831),#1835);
#1831 = LINE('',#1832,#1833);
#1832 = CARTESIAN_POINT('',(-0.4,-4.525701876287E-17));
#1833 = VECTOR('',#1834,1.);
#1834 = DIRECTION('',(-1.131425469072E-16,1.));
#1835 = ( GEOMETRIC_REPRESENTATION_CONTEXT(2) 
PARAMETRIC_REPRESENTATION_CONTEXT() REPRESENTATION_CONTEXT('2D SPACE',''
  ) );
#1836 = ORIENTED_EDGE('',*,*,#1837,.T.);
#1837 = EDGE_CURVE('',#1810,#1838,#1840,.T.);
#1838 = VERTEX_POINT('',#1839);
#1839 = CARTESIAN_POINT('',(32.661786027657,14.676651557902,
    2.804675674438));
#1840 = SURFACE_CURVE('',#1841,(#1845,#1852),.PCURVE_S1.);
#1841 = LINE('',#1842,#1843);
#1842 = CARTESIAN_POINT('',(32.260403581368,14.922619422892,
    2.804675674438));
#1843 = VECTOR('',#1844,1.);
#1844 = DIRECTION('',(0.852639799475,-0.522499160144,0.));
#1845 = PCURVE('',#106,#1846);
#1846 = DEFINITIONAL_REPRESENTATION('',(#1847),#1851);
#1847 = LINE('',#1848,#1849);
#1848 = CARTESIAN_POINT('',(30.861972808838,-14.57301940918));
#1849 = VECTOR('',#1850,1.);
#1850 = DIRECTION('',(0.852639799475,0.522499160144));
#1851 = ( GEOMETRIC_REPRESENTATION_CONTEXT(2) 
PARAMETRIC_REPRESENTATION_CONTEXT() REPRESENTATION_CONTEXT('2D SPACE',''
  ) );
#1852 = PCURVE('',#1853,#1858);
#1853 = PLANE('',#1854);
#1854 = AXIS2_PLACEMENT_3D('',#1855,#1856,#1857);
#1855 = CARTESIAN_POINT('',(32.260403581368,14.922619422892,
    3.204675674438));
#1856 = DIRECTION('',(0.522499160144,0.852639799475,6.398769240275E-17)
  );
#1857 = DIRECTION('',(-1.224646799147E-16,-8.011868568651E-32,1.));
#1858 = DEFINITIONAL_REPRESENTATION('',(#1859),#1863);
#1859 = LINE('',#1860,#1861);
#1860 = CARTESIAN_POINT('',(-0.4,-4.176730405011E-17));
#1861 = VECTOR('',#1862,1.);
#1862 = DIRECTION('',(-1.044182601253E-16,1.));
#1863 = ( GEOMETRIC_REPRESENTATION_CONTEXT(2) 
PARAMETRIC_REPRESENTATION_CONTEXT() REPRESENTATION_CONTEXT('2D SPACE',''
  ) );
#1864 = ORIENTED_EDGE('',*,*,#1865,.T.);
#1865 = EDGE_CURVE('',#1838,#1866,#1868,.T.);
#1866 = VERTEX_POINT('',#1867);
#1867 = CARTESIAN_POINT('',(33.019753404366,14.3709207382,2.804675674438
    ));
#1868 = SURFACE_CURVE('',#1869,(#1873,#1880),.PCURVE_S1.);
#1869 = LINE('',#1870,#1871);
#1870 = CARTESIAN_POINT('',(32.661786027657,14.676651557902,
    2.804675674438));
#1871 = VECTOR('',#1872,1.);
#1872 = DIRECTION('',(0.760408276397,-0.649445342725,0.));
#1873 = PCURVE('',#106,#1874);
#1874 = DEFINITIONAL_REPRESENTATION('',(#1875),#1879);
#1875 = LINE('',#1876,#1877);
#1876 = CARTESIAN_POINT('',(31.263355255127,-14.32705154418));
#1877 = VECTOR('',#1878,1.);
#1878 = DIRECTION('',(0.760408276397,0.649445342725));
#1879 = ( GEOMETRIC_REPRESENTATION_CONTEXT(2) 
PARAMETRIC_REPRESENTATION_CONTEXT() REPRESENTATION_CONTEXT('2D SPACE',''
  ) );
#1880 = PCURVE('',#1881,#1886);
#1881 = PLANE('',#1882);
#1882 = AXIS2_PLACEMENT_3D('',#1883,#1884,#1885);
#1883 = CARTESIAN_POINT('',(32.661786027657,14.676651557902,
    3.204675674438));
#1884 = DIRECTION('',(0.649445342725,0.760408276397,7.953411601893E-17)
  );
#1885 = DIRECTION('',(-1.224646799147E-16,-1.60237371373E-31,1.));
#1886 = DEFINITIONAL_REPRESENTATION('',(#1887),#1891);
#1887 = LINE('',#1888,#1889);
#1888 = CARTESIAN_POINT('',(-0.4,-3.724926246938E-17));
#1889 = VECTOR('',#1890,1.);
#1890 = DIRECTION('',(-9.312315617346E-17,1.));
#1891 = ( GEOMETRIC_REPRESENTATION_CONTEXT(2) 
PARAMETRIC_REPRESENTATION_CONTEXT() REPRESENTATION_CONTEXT('2D SPACE',''
  ) );
#1892 = ORIENTED_EDGE('',*,*,#1893,.T.);
#1893 = EDGE_CURVE('',#1866,#1894,#1896,.T.);
#1894 = VERTEX_POINT('',#1895);
#1895 = CARTESIAN_POINT('',(33.325478502023,14.01295526884,
    2.804675674438));
#1896 = SURFACE_CURVE('',#1897,(#1901,#1908),.PCURVE_S1.);
#1897 = LINE('',#1898,#1899);
#1898 = CARTESIAN_POINT('',(33.019753404366,14.3709207382,2.804675674438
    ));
#1899 = VECTOR('',#1900,1.);
#1900 = DIRECTION('',(0.649440315275,-0.760412570185,0.));
#1901 = PCURVE('',#106,#1902);
#1902 = DEFINITIONAL_REPRESENTATION('',(#1903),#1907);
#1903 = LINE('',#1904,#1905);
#1904 = CARTESIAN_POINT('',(31.621322631836,-14.02132072448));
#1905 = VECTOR('',#1906,1.);
#1906 = DIRECTION('',(0.649440315275,0.760412570185));
#1907 = ( GEOMETRIC_REPRESENTATION_CONTEXT(2) 
PARAMETRIC_REPRESENTATION_CONTEXT() REPRESENTATION_CONTEXT('2D SPACE',''
  ) );
#1908 = PCURVE('',#1909,#1914);
#1909 = PLANE('',#1910);
#1910 = AXIS2_PLACEMENT_3D('',#1911,#1912,#1913);
#1911 = CARTESIAN_POINT('',(33.019753404366,14.3709207382,3.204675674438
    ));
#1912 = DIRECTION('',(0.760412570185,0.649440315275,9.312368201087E-17)
  );
#1913 = DIRECTION('',(-1.224646799147E-16,-1.355854680849E-31,1.));
#1914 = DEFINITIONAL_REPRESENTATION('',(#1915),#1919);
#1915 = LINE('',#1916,#1917);
#1916 = CARTESIAN_POINT('',(-0.4,-3.181340013355E-17));
#1917 = VECTOR('',#1918,1.);
#1918 = DIRECTION('',(-7.953350033387E-17,1.));
#1919 = ( GEOMETRIC_REPRESENTATION_CONTEXT(2) 
PARAMETRIC_REPRESENTATION_CONTEXT() REPRESENTATION_CONTEXT('2D SPACE',''
  ) );
#1920 = ORIENTED_EDGE('',*,*,#1921,.T.);
#1921 = EDGE_CURVE('',#1894,#1922,#1924,.T.);
#1922 = VERTEX_POINT('',#1923);
#1923 = CARTESIAN_POINT('',(33.57145018171,13.611570915202,
    2.804675674438));
#1924 = SURFACE_CURVE('',#1925,(#1929,#1936),.PCURVE_S1.);
#1925 = LINE('',#1926,#1927);
#1926 = CARTESIAN_POINT('',(33.325478502023,14.01295526884,
    2.804675674438));
#1927 = VECTOR('',#1928,1.);
#1928 = DIRECTION('',(0.522503246188,-0.852637295527,0.));
#1929 = PCURVE('',#106,#1930);
#1930 = DEFINITIONAL_REPRESENTATION('',(#1931),#1935);
#1931 = LINE('',#1932,#1933);
#1932 = CARTESIAN_POINT('',(31.927047729492,-13.66335525512));
#1933 = VECTOR('',#1934,1.);
#1934 = DIRECTION('',(0.522503246188,0.852637295527));
#1935 = ( GEOMETRIC_REPRESENTATION_CONTEXT(2) 
PARAMETRIC_REPRESENTATION_CONTEXT() REPRESENTATION_CONTEXT('2D SPACE',''
  ) );
#1936 = PCURVE('',#1937,#1942);
#1937 = PLANE('',#1938);
#1938 = AXIS2_PLACEMENT_3D('',#1939,#1940,#1941);
#1939 = CARTESIAN_POINT('',(33.325478502023,14.01295526884,
    3.204675674438));
#1940 = DIRECTION('',(0.852637295527,0.522503246188,1.0441795348E-16));
#1941 = DIRECTION('',(-1.224646799147E-16,-2.465190328816E-32,1.));
#1942 = DEFINITIONAL_REPRESENTATION('',(#1943),#1947);
#1943 = LINE('',#1944,#1945);
#1944 = CARTESIAN_POINT('',(-0.4,-2.559527711954E-17));
#1945 = VECTOR('',#1946,1.);
#1946 = DIRECTION('',(-6.398819279885E-17,1.));
#1947 = ( GEOMETRIC_REPRESENTATION_CONTEXT(2) 
PARAMETRIC_REPRESENTATION_CONTEXT() REPRESENTATION_CONTEXT('2D SPACE',''
  ) );
#1948 = ORIENTED_EDGE('',*,*,#1949,.T.);
#1949 = EDGE_CURVE('',#1922,#1950,#1952,.T.);
#1950 = VERTEX_POINT('',#1951);
#1951 = CARTESIAN_POINT('',(33.751603074777,13.176651557902,
    2.804675674438));
#1952 = SURFACE_CURVE('',#1953,(#1957,#1964),.PCURVE_S1.);
#1953 = LINE('',#1954,#1955);
#1954 = CARTESIAN_POINT('',(33.57145018171,13.611570915202,
    2.804675674438));
#1955 = VECTOR('',#1956,1.);
#1956 = DIRECTION('',(0.382689591179,-0.923876981423,0.));
#1957 = PCURVE('',#106,#1958);
#1958 = DEFINITIONAL_REPRESENTATION('',(#1959),#1963);
#1959 = LINE('',#1960,#1961);
#1960 = CARTESIAN_POINT('',(32.17301940918,-13.26197090148));
#1961 = VECTOR('',#1962,1.);
#1962 = DIRECTION('',(0.382689591179,0.923876981423));
#1963 = ( GEOMETRIC_REPRESENTATION_CONTEXT(2) 
PARAMETRIC_REPRESENTATION_CONTEXT() REPRESENTATION_CONTEXT('2D SPACE',''
  ) );
#1964 = PCURVE('',#1965,#1970);
#1965 = PLANE('',#1966);
#1966 = AXIS2_PLACEMENT_3D('',#1967,#1968,#1969);
#1967 = CARTESIAN_POINT('',(33.57145018171,13.611570915202,
    3.204675674438));
#1968 = DIRECTION('',(0.923876981423,0.382689591179,1.131422988106E-16)
  );
#1969 = DIRECTION('',(1.224646799147E-16,2.958228394579E-31,-1.));
#1970 = DEFINITIONAL_REPRESENTATION('',(#1971),#1975);
#1971 = LINE('',#1972,#1973);
#1972 = CARTESIAN_POINT('',(0.4,1.874638331617E-17));
#1973 = VECTOR('',#1974,1.);
#1974 = DIRECTION('',(4.686595829041E-17,-1.));
#1975 = ( GEOMETRIC_REPRESENTATION_CONTEXT(2) 
PARAMETRIC_REPRESENTATION_CONTEXT() REPRESENTATION_CONTEXT('2D SPACE',''
  ) );
#1976 = ORIENTED_EDGE('',*,*,#1977,.T.);
#1977 = EDGE_CURVE('',#1950,#1978,#1980,.T.);
#1978 = VERTEX_POINT('',#1979);
#1979 = CARTESIAN_POINT('',(33.861496873605,12.718903144816,
    2.804675674438));
#1980 = SURFACE_CURVE('',#1981,(#1985,#1992),.PCURVE_S1.);
#1981 = LINE('',#1982,#1983);
#1982 = CARTESIAN_POINT('',(33.751603074777,13.176651557902,
    2.804675674438));
#1983 = VECTOR('',#1984,1.);
#1984 = DIRECTION('',(0.23344160366,-0.972370823133,0.));
#1985 = PCURVE('',#106,#1986);
#1986 = DEFINITIONAL_REPRESENTATION('',(#1987),#1991);
#1987 = LINE('',#1988,#1989);
#1988 = CARTESIAN_POINT('',(32.353172302246,-12.82705154418));
#1989 = VECTOR('',#1990,1.);
#1990 = DIRECTION('',(0.23344160366,0.972370823133));
#1991 = ( GEOMETRIC_REPRESENTATION_CONTEXT(2) 
PARAMETRIC_REPRESENTATION_CONTEXT() REPRESENTATION_CONTEXT('2D SPACE',''
  ) );
#1992 = PCURVE('',#1993,#1998);
#1993 = PLANE('',#1994);
#1994 = AXIS2_PLACEMENT_3D('',#1995,#1996,#1997);
#1995 = CARTESIAN_POINT('',(33.751603074777,13.176651557902,
    3.204675674438));
#1996 = DIRECTION('',(0.972370823133,0.23344160366,1.190810816134E-16));
#1997 = DIRECTION('',(1.224646799147E-16,-2.465190328816E-32,-1.));
#1998 = DEFINITIONAL_REPRESENTATION('',(#1999),#2003);
#1999 = LINE('',#2000,#2001);
#2000 = CARTESIAN_POINT('',(0.4,1.143534050842E-17));
#2001 = VECTOR('',#2002,1.);
#2002 = DIRECTION('',(2.858835127104E-17,-1.));
#2003 = ( GEOMETRIC_REPRESENTATION_CONTEXT(2) 
PARAMETRIC_REPRESENTATION_CONTEXT() REPRESENTATION_CONTEXT('2D SPACE',''
  ) );
#2004 = ORIENTED_EDGE('',*,*,#2005,.T.);
#2005 = EDGE_CURVE('',#1978,#2006,#2008,.T.);
#2006 = VERTEX_POINT('',#2007);
#2007 = CARTESIAN_POINT('',(33.89843077253,12.249600013713,
    2.804675674438));
#2008 = SURFACE_CURVE('',#2009,(#2013,#2020),.PCURVE_S1.);
#2009 = LINE('',#2010,#2011);
#2010 = CARTESIAN_POINT('',(33.861496873605,12.718903144816,
    2.804675674438));
#2011 = VECTOR('',#2012,1.);
#2012 = DIRECTION('',(7.845686102817E-02,-0.996917509605,0.));
#2013 = PCURVE('',#106,#2014);
#2014 = DEFINITIONAL_REPRESENTATION('',(#2015),#2019);
#2015 = LINE('',#2016,#2017);
#2016 = CARTESIAN_POINT('',(32.463066101074,-12.3693031311));
#2017 = VECTOR('',#2018,1.);
#2018 = DIRECTION('',(7.845686102817E-02,0.996917509605));
#2019 = ( GEOMETRIC_REPRESENTATION_CONTEXT(2) 
PARAMETRIC_REPRESENTATION_CONTEXT() REPRESENTATION_CONTEXT('2D SPACE',''
  ) );
#2020 = PCURVE('',#2021,#2026);
#2021 = PLANE('',#2022);
#2022 = AXIS2_PLACEMENT_3D('',#2023,#2024,#2025);
#2023 = CARTESIAN_POINT('',(33.861496873605,12.718903144816,
    4.80467569828));
#2024 = DIRECTION('',(0.996917509605,7.845686102823E-02,
    1.220871837152E-16));
#2025 = DIRECTION('',(1.224646799147E-16,4.314083075427E-32,-1.));
#2026 = DEFINITIONAL_REPRESENTATION('',(#2027),#2031);
#2027 = LINE('',#2028,#2029);
#2028 = CARTESIAN_POINT('',(2.000000023842,1.921638897495E-17));
#2029 = VECTOR('',#2030,1.);
#2030 = DIRECTION('',(9.60819437293E-18,-1.));
#2031 = ( GEOMETRIC_REPRESENTATION_CONTEXT(2) 
PARAMETRIC_REPRESENTATION_CONTEXT() REPRESENTATION_CONTEXT('2D SPACE',''
  ) );
#2032 = ORIENTED_EDGE('',*,*,#2033,.T.);
#2033 = EDGE_CURVE('',#2006,#2034,#2036,.T.);
#2034 = VERTEX_POINT('',#2035);
#2035 = CARTESIAN_POINT('',(33.89843077253,-11.55039998628,
    2.804675674438));
#2036 = SURFACE_CURVE('',#2037,(#2041,#2048),.PCURVE_S1.);
#2037 = LINE('',#2038,#2039);
#2038 = CARTESIAN_POINT('',(33.89843077253,12.249600013713,
    2.804675674438));
#2039 = VECTOR('',#2040,1.);
#2040 = DIRECTION('',(-3.73184209958E-16,-1.,0.));
#2041 = PCURVE('',#106,#2042);
#2042 = DEFINITIONAL_REPRESENTATION('',(#2043),#2047);
#2043 = LINE('',#2044,#2045);
#2044 = CARTESIAN_POINT('',(32.5,-11.9));
#2045 = VECTOR('',#2046,1.);
#2046 = DIRECTION('',(-3.73184209958E-16,1.));
#2047 = ( GEOMETRIC_REPRESENTATION_CONTEXT(2) 
PARAMETRIC_REPRESENTATION_CONTEXT() REPRESENTATION_CONTEXT('2D SPACE',''
  ) );
#2048 = PCURVE('',#2049,#2054);
#2049 = PLANE('',#2050);
#2050 = AXIS2_PLACEMENT_3D('',#2051,#2052,#2053);
#2051 = CARTESIAN_POINT('',(33.89843077253,12.249600013713,4.80467569828
    ));
#2052 = DIRECTION('',(1.,-9.95799250103E-17,1.224646799147E-16));
#2053 = DIRECTION('',(1.224646799147E-16,1.499759782662E-32,-1.));
#2054 = DEFINITIONAL_REPRESENTATION('',(#2055),#2059);
#2055 = LINE('',#2056,#2057);
#2056 = CARTESIAN_POINT('',(2.000000023842,-5.43852435862E-32));
#2057 = VECTOR('',#2058,1.);
#2058 = DIRECTION('',(-6.069948264836E-32,-1.));
#2059 = ( GEOMETRIC_REPRESENTATION_CONTEXT(2) 
PARAMETRIC_REPRESENTATION_CONTEXT() REPRESENTATION_CONTEXT('2D SPACE',''
  ) );
#2060 = ORIENTED_EDGE('',*,*,#2061,.T.);
#2061 = EDGE_CURVE('',#2034,#2062,#2064,.T.);
#2062 = VERTEX_POINT('',#2063);
#2063 = CARTESIAN_POINT('',(30.89843077253,-14.55039998628,
    2.804675674438));
#2064 = SURFACE_CURVE('',#2065,(#2070,#2077),.PCURVE_S1.);
#2065 = CIRCLE('',#2066,3.);
#2066 = AXIS2_PLACEMENT_3D('',#2067,#2068,#2069);
#2067 = CARTESIAN_POINT('',(30.89843077253,-11.55039998628,
    2.804675674438));
#2068 = DIRECTION('',(-7.401486830834E-16,0.,-1.));
#2069 = DIRECTION('',(1.,0.,-7.401486830834E-16));
#2070 = PCURVE('',#106,#2071);
#2071 = DEFINITIONAL_REPRESENTATION('',(#2072),#2076);
#2072 = CIRCLE('',#2073,3.);
#2073 = AXIS2_PLACEMENT_2D('',#2074,#2075);
#2074 = CARTESIAN_POINT('',(29.5,11.9));
#2075 = DIRECTION('',(1.,0.));
#2076 = ( GEOMETRIC_REPRESENTATION_CONTEXT(2) 
PARAMETRIC_REPRESENTATION_CONTEXT() REPRESENTATION_CONTEXT('2D SPACE',''
  ) );
#2077 = PCURVE('',#2078,#2083);
#2078 = CYLINDRICAL_SURFACE('',#2079,3.);
#2079 = AXIS2_PLACEMENT_3D('',#2080,#2081,#2082);
#2080 = CARTESIAN_POINT('',(30.89843077253,-11.55039998628,4.80467569828
    ));
#2081 = DIRECTION('',(1.224646799147E-16,1.499759782662E-32,-1.));
#2082 = DIRECTION('',(0.707106781187,-0.707106781187,8.659560562355E-17)
  );
#2083 = DEFINITIONAL_REPRESENTATION('',(#2084),#2088);
#2084 = LINE('',#2085,#2086);
#2085 = CARTESIAN_POINT('',(5.497787143782,2.000000023842));
#2086 = VECTOR('',#2087,1.);
#2087 = DIRECTION('',(1.,-1.130863886743E-15));
#2088 = ( GEOMETRIC_REPRESENTATION_CONTEXT(2) 
PARAMETRIC_REPRESENTATION_CONTEXT() REPRESENTATION_CONTEXT('2D SPACE',''
  ) );
#2089 = ORIENTED_EDGE('',*,*,#2090,.T.);
#2090 = EDGE_CURVE('',#2062,#2091,#2093,.T.);
#2091 = VERTEX_POINT('',#2092);
#2092 = CARTESIAN_POINT('',(30.499276109445,-14.55039998628,
    2.804675674438));
#2093 = SURFACE_CURVE('',#2094,(#2098,#2105),.PCURVE_S1.);
#2094 = LINE('',#2095,#2096);
#2095 = CARTESIAN_POINT('',(30.89843077253,-14.55039998628,
    2.804675674438));
#2096 = VECTOR('',#2097,1.);
#2097 = DIRECTION('',(-1.,5.562871374428E-15,0.));
#2098 = PCURVE('',#106,#2099);
#2099 = DEFINITIONAL_REPRESENTATION('',(#2100),#2104);
#2100 = LINE('',#2101,#2102);
#2101 = CARTESIAN_POINT('',(29.5,14.9));
#2102 = VECTOR('',#2103,1.);
#2103 = DIRECTION('',(-1.,-5.562871374428E-15));
#2104 = ( GEOMETRIC_REPRESENTATION_CONTEXT(2) 
PARAMETRIC_REPRESENTATION_CONTEXT() REPRESENTATION_CONTEXT('2D SPACE',''
  ) );
#2105 = PCURVE('',#2106,#2111);
#2106 = PLANE('',#2107);
#2107 = AXIS2_PLACEMENT_3D('',#2108,#2109,#2110);
#2108 = CARTESIAN_POINT('',(30.499276109445,-14.55039998628,
    4.80467569828));
#2109 = DIRECTION('',(-1.224646799147E-16,1.,0.));
#2110 = DIRECTION('',(0.,0.,-1.));
#2111 = DEFINITIONAL_REPRESENTATION('',(#2112),#2116);
#2112 = LINE('',#2113,#2114);
#2113 = CARTESIAN_POINT('',(2.000000023842,-0.399154663086));
#2114 = VECTOR('',#2115,1.);
#2115 = DIRECTION('',(-0.,1.));
#2116 = ( GEOMETRIC_REPRESENTATION_CONTEXT(2) 
PARAMETRIC_REPRESENTATION_CONTEXT() REPRESENTATION_CONTEXT('2D SPACE',''
  ) );
#2117 = ORIENTED_EDGE('',*,*,#2118,.T.);
#2118 = EDGE_CURVE('',#2091,#2119,#2121,.T.);
#2119 = VERTEX_POINT('',#2120);
#2120 = CARTESIAN_POINT('',(27.499276109445,-11.55039998628,
    2.804675674438));
#2121 = SURFACE_CURVE('',#2122,(#2127,#2134),.PCURVE_S1.);
#2122 = CIRCLE('',#2123,3.);
#2123 = AXIS2_PLACEMENT_3D('',#2124,#2125,#2126);
#2124 = CARTESIAN_POINT('',(30.499276109445,-11.55039998628,
    2.804675674438));
#2125 = DIRECTION('',(0.,0.,-1.));
#2126 = DIRECTION('',(0.,-1.,0.));
#2127 = PCURVE('',#106,#2128);
#2128 = DEFINITIONAL_REPRESENTATION('',(#2129),#2133);
#2129 = CIRCLE('',#2130,3.);
#2130 = AXIS2_PLACEMENT_2D('',#2131,#2132);
#2131 = CARTESIAN_POINT('',(29.100845336914,11.9));
#2132 = DIRECTION('',(0.,1.));
#2133 = ( GEOMETRIC_REPRESENTATION_CONTEXT(2) 
PARAMETRIC_REPRESENTATION_CONTEXT() REPRESENTATION_CONTEXT('2D SPACE',''
  ) );
#2134 = PCURVE('',#2135,#2140);
#2135 = CYLINDRICAL_SURFACE('',#2136,3.);
#2136 = AXIS2_PLACEMENT_3D('',#2137,#2138,#2139);
#2137 = CARTESIAN_POINT('',(30.499276109445,-11.55039998628,
    4.004675686359));
#2138 = DIRECTION('',(-1.224646799147E-16,-1.499759782662E-32,1.));
#2139 = DIRECTION('',(-0.707106781187,-0.707106781187,
    -8.659560562355E-17));
#2140 = DEFINITIONAL_REPRESENTATION('',(#2141),#2145);
#2141 = LINE('',#2142,#2143);
#2142 = CARTESIAN_POINT('',(0.785398163397,-1.200000011921));
#2143 = VECTOR('',#2144,1.);
#2144 = DIRECTION('',(-1.,1.130863886743E-15));
#2145 = ( GEOMETRIC_REPRESENTATION_CONTEXT(2) 
PARAMETRIC_REPRESENTATION_CONTEXT() REPRESENTATION_CONTEXT('2D SPACE',''
  ) );
#2146 = ORIENTED_EDGE('',*,*,#2147,.T.);
#2147 = EDGE_CURVE('',#2119,#2148,#2150,.T.);
#2148 = VERTEX_POINT('',#2149);
#2149 = CARTESIAN_POINT('',(27.499276109445,-7.35039989092,
    2.804675674438));
#2150 = SURFACE_CURVE('',#2151,(#2155,#2162),.PCURVE_S1.);
#2151 = LINE('',#2152,#2153);
#2152 = CARTESIAN_POINT('',(27.499276109445,-11.55039998628,
    2.804675674438));
#2153 = VECTOR('',#2154,1.);
#2154 = DIRECTION('',(0.,1.,-5.286776187694E-16));
#2155 = PCURVE('',#106,#2156);
#2156 = DEFINITIONAL_REPRESENTATION('',(#2157),#2161);
#2157 = LINE('',#2158,#2159);
#2158 = CARTESIAN_POINT('',(26.100845336914,11.9));
#2159 = VECTOR('',#2160,1.);
#2160 = DIRECTION('',(0.,-1.));
#2161 = ( GEOMETRIC_REPRESENTATION_CONTEXT(2) 
PARAMETRIC_REPRESENTATION_CONTEXT() REPRESENTATION_CONTEXT('2D SPACE',''
  ) );
#2162 = PCURVE('',#2163,#2168);
#2163 = PLANE('',#2164);
#2164 = AXIS2_PLACEMENT_3D('',#2165,#2166,#2167);
#2165 = CARTESIAN_POINT('',(27.499276109445,-7.35039989092,
    3.204675674438));
#2166 = DIRECTION('',(-1.,9.95799250103E-17,-1.224646799147E-16));
#2167 = DIRECTION('',(-1.224646799147E-16,-1.499759782662E-32,1.));
#2168 = DEFINITIONAL_REPRESENTATION('',(#2169),#2173);
#2169 = LINE('',#2170,#2171);
#2170 = CARTESIAN_POINT('',(-0.4,-4.200000095367));
#2171 = VECTOR('',#2172,1.);
#2172 = DIRECTION('',(-5.286776187694E-16,1.));
#2173 = ( GEOMETRIC_REPRESENTATION_CONTEXT(2) 
PARAMETRIC_REPRESENTATION_CONTEXT() REPRESENTATION_CONTEXT('2D SPACE',''
  ) );
#2174 = ORIENTED_EDGE('',*,*,#2175,.T.);
#2175 = EDGE_CURVE('',#2148,#1107,#2176,.T.);
#2176 = SURFACE_CURVE('',#2177,(#2181,#2188),.PCURVE_S1.);
#2177 = LINE('',#2178,#2179);
#2178 = CARTESIAN_POINT('',(27.499276109445,-7.35039989092,
    2.804675674438));
#2179 = VECTOR('',#2180,1.);
#2180 = DIRECTION('',(-1.,-1.701491231696E-16,-1.701491231696E-16));
#2181 = PCURVE('',#106,#2182);
#2182 = DEFINITIONAL_REPRESENTATION('',(#2183),#2187);
#2183 = LINE('',#2184,#2185);
#2184 = CARTESIAN_POINT('',(26.100845336914,7.699999904633));
#2185 = VECTOR('',#2186,1.);
#2186 = DIRECTION('',(-1.,1.701491231696E-16));
#2187 = ( GEOMETRIC_REPRESENTATION_CONTEXT(2) 
PARAMETRIC_REPRESENTATION_CONTEXT() REPRESENTATION_CONTEXT('2D SPACE',''
  ) );
#2188 = PCURVE('',#2189,#2194);
#2189 = PLANE('',#2190);
#2190 = AXIS2_PLACEMENT_3D('',#2191,#2192,#2193);
#2191 = CARTESIAN_POINT('',(27.499276109445,-7.35039989092,
    3.204675674438));
#2192 = DIRECTION('',(-9.95799250103E-17,-1.,-2.465190328816E-32));
#2193 = DIRECTION('',(1.224646799147E-16,1.245687964584E-32,-1.));
#2194 = DEFINITIONAL_REPRESENTATION('',(#2195),#2199);
#2195 = LINE('',#2196,#2197);
#2196 = CARTESIAN_POINT('',(0.4,-4.898587196589E-17));
#2197 = VECTOR('',#2198,1.);
#2198 = DIRECTION('',(4.768444325489E-17,-1.));
#2199 = ( GEOMETRIC_REPRESENTATION_CONTEXT(2) 
PARAMETRIC_REPRESENTATION_CONTEXT() REPRESENTATION_CONTEXT('2D SPACE',''
  ) );
#2200 = FACE_BOUND('',#2201,.T.);
#2201 = EDGE_LOOP('',(#2202,#2228,#2256,#2279,#2307,#2330,#2353,#2376,
    #2399,#2422,#2445,#2468,#2491,#2514,#2537,#2560,#2583,#2606,#2629,
    #2652,#2675,#2698,#2721,#2744,#2767,#2790,#2813,#2836,#2857,#2858,
    #2859,#2860));
#2202 = ORIENTED_EDGE('',*,*,#2203,.F.);
#2203 = EDGE_CURVE('',#2204,#2206,#2208,.T.);
#2204 = VERTEX_POINT('',#2205);
#2205 = CARTESIAN_POINT('',(-27.8503538292,-10.22051822572,
    2.804675674438));
#2206 = VERTEX_POINT('',#2207);
#2207 = CARTESIAN_POINT('',(-26.04900247785,-11.75000261537,
    2.804675602913));
#2208 = SURFACE_CURVE('',#2209,(#2214,#2221),.PCURVE_S1.);
#2209 = CIRCLE('',#2210,1.55);
#2210 = AXIS2_PLACEMENT_3D('',#2211,#2212,#2213);
#2211 = CARTESIAN_POINT('',(-27.59900247785,-11.75000261537,
    2.804675602913));
#2212 = DIRECTION('',(0.,0.,-1.));
#2213 = DIRECTION('',(-1.,0.,0.));
#2214 = PCURVE('',#106,#2215);
#2215 = DEFINITIONAL_REPRESENTATION('',(#2216),#2220);
#2216 = CIRCLE('',#2217,1.55);
#2217 = AXIS2_PLACEMENT_2D('',#2218,#2219);
#2218 = CARTESIAN_POINT('',(-28.99743325038,12.099602629083));
#2219 = DIRECTION('',(-1.,0.));
#2220 = ( GEOMETRIC_REPRESENTATION_CONTEXT(2) 
PARAMETRIC_REPRESENTATION_CONTEXT() REPRESENTATION_CONTEXT('2D SPACE',''
  ) );
#2221 = PCURVE('',#77,#2222);
#2222 = DEFINITIONAL_REPRESENTATION('',(#2223),#2227);
#2223 = LINE('',#2224,#2225);
#2224 = CARTESIAN_POINT('',(6.28318530718,2.000000095367));
#2225 = VECTOR('',#2226,1.);
#2226 = DIRECTION('',(1.,0.));
#2227 = ( GEOMETRIC_REPRESENTATION_CONTEXT(2) 
PARAMETRIC_REPRESENTATION_CONTEXT() REPRESENTATION_CONTEXT('2D SPACE',''
  ) );
#2228 = ORIENTED_EDGE('',*,*,#2229,.T.);
#2229 = EDGE_CURVE('',#2204,#2230,#2232,.T.);
#2230 = VERTEX_POINT('',#2231);
#2231 = CARTESIAN_POINT('',(-27.59900247785,-9.924488989018,
    2.804675602913));
#2232 = SURFACE_CURVE('',#2233,(#2238,#2249),.PCURVE_S1.);
#2233 = CIRCLE('',#2234,0.3);
#2234 = AXIS2_PLACEMENT_3D('',#2235,#2236,#2237);
#2235 = CARTESIAN_POINT('',(-27.89900247785,-9.924488989018,
    2.804675674438));
#2236 = DIRECTION('',(0.,0.,1.));
#2237 = DIRECTION('',(0.762286744658,-0.647239460261,0.));
#2238 = PCURVE('',#106,#2239);
#2239 = DEFINITIONAL_REPRESENTATION('',(#2240),#2248);
#2240 = ( BOUNDED_CURVE() B_SPLINE_CURVE(2,(#2241,#2242,#2243,#2244,
#2245,#2246,#2247),.UNSPECIFIED.,.T.,.F.) B_SPLINE_CURVE_WITH_KNOTS((1,2
    ,2,2,2,1),(-2.094395102393,0.,2.094395102393,4.188790204786,
6.28318530718,8.377580409573),.UNSPECIFIED.) CURVE() 
GEOMETRIC_REPRESENTATION_ITEM() RATIONAL_B_SPLINE_CURVE((1.,0.5,1.,0.5,
1.,0.5,1.)) REPRESENTATION_ITEM('') );
#2241 = CARTESIAN_POINT('',(-29.06874722698,10.468260840809));
#2242 = CARTESIAN_POINT('',(-28.73243173803,10.072165029303));
#2243 = CARTESIAN_POINT('',(-29.2436185176,9.978955177939));
#2244 = CARTESIAN_POINT('',(-29.75480529717,9.885745326574));
#2245 = CARTESIAN_POINT('',(-29.57993400655,10.375050989444));
#2246 = CARTESIAN_POINT('',(-29.40506271593,10.864356652314));
#2247 = CARTESIAN_POINT('',(-29.06874722698,10.468260840809));
#2248 = ( GEOMETRIC_REPRESENTATION_CONTEXT(2) 
PARAMETRIC_REPRESENTATION_CONTEXT() REPRESENTATION_CONTEXT('2D SPACE',''
  ) );
#2249 = PCURVE('',#962,#2250);
#2250 = DEFINITIONAL_REPRESENTATION('',(#2251),#2255);
#2251 = LINE('',#2252,#2253);
#2252 = CARTESIAN_POINT('',(-6.28318530718,-2.000000023842));
#2253 = VECTOR('',#2254,1.);
#2254 = DIRECTION('',(1.,0.));
#2255 = ( GEOMETRIC_REPRESENTATION_CONTEXT(2) 
PARAMETRIC_REPRESENTATION_CONTEXT() REPRESENTATION_CONTEXT('2D SPACE',''
  ) );
#2256 = ORIENTED_EDGE('',*,*,#2257,.F.);
#2257 = EDGE_CURVE('',#2258,#2230,#2260,.T.);
#2258 = VERTEX_POINT('',#2259);
#2259 = CARTESIAN_POINT('',(-27.59900247785,-9.429087259488,
    2.804675602913));
#2260 = SURFACE_CURVE('',#2261,(#2265,#2272),.PCURVE_S1.);
#2261 = LINE('',#2262,#2263);
#2262 = CARTESIAN_POINT('',(-27.59900247785,-9.150002615371,
    2.804675602913));
#2263 = VECTOR('',#2264,1.);
#2264 = DIRECTION('',(0.,-1.,0.));
#2265 = PCURVE('',#106,#2266);
#2266 = DEFINITIONAL_REPRESENTATION('',(#2267),#2271);
#2267 = LINE('',#2268,#2269);
#2268 = CARTESIAN_POINT('',(-28.99743325038,9.499602629083));
#2269 = VECTOR('',#2270,1.);
#2270 = DIRECTION('',(0.,1.));
#2271 = ( GEOMETRIC_REPRESENTATION_CONTEXT(2) 
PARAMETRIC_REPRESENTATION_CONTEXT() REPRESENTATION_CONTEXT('2D SPACE',''
  ) );
#2272 = PCURVE('',#929,#2273);
#2273 = DEFINITIONAL_REPRESENTATION('',(#2274),#2278);
#2274 = LINE('',#2275,#2276);
#2275 = CARTESIAN_POINT('',(0.,2.4));
#2276 = VECTOR('',#2277,1.);
#2277 = DIRECTION('',(1.,0.));
#2278 = ( GEOMETRIC_REPRESENTATION_CONTEXT(2) 
PARAMETRIC_REPRESENTATION_CONTEXT() REPRESENTATION_CONTEXT('2D SPACE',''
  ) );
#2279 = ORIENTED_EDGE('',*,*,#2280,.T.);
#2280 = EDGE_CURVE('',#2258,#2281,#2283,.T.);
#2281 = VERTEX_POINT('',#2282);
#2282 = CARTESIAN_POINT('',(-27.92668322653,-9.130367028917,
    2.804675674438));
#2283 = SURFACE_CURVE('',#2284,(#2289,#2300),.PCURVE_S1.);
#2284 = CIRCLE('',#2285,0.3);
#2285 = AXIS2_PLACEMENT_3D('',#2286,#2287,#2288);
#2286 = CARTESIAN_POINT('',(-27.89900247785,-9.429087259488,
    2.804675674438));
#2287 = DIRECTION('',(0.,0.,1.));
#2288 = DIRECTION('',(0.673695345734,0.739009188804,-0.));
#2289 = PCURVE('',#106,#2290);
#2290 = DEFINITIONAL_REPRESENTATION('',(#2291),#2299);
#2291 = ( BOUNDED_CURVE() B_SPLINE_CURVE(2,(#2292,#2293,#2294,#2295,
#2296,#2297,#2298),.UNSPECIFIED.,.T.,.F.) B_SPLINE_CURVE_WITH_KNOTS((1,2
    ,2,2,2,1),(-2.094395102393,0.,2.094395102393,4.188790204786,
6.28318530718,8.377580409573),.UNSPECIFIED.) CURVE() 
GEOMETRIC_REPRESENTATION_ITEM() RATIONAL_B_SPLINE_CURVE((1.,0.5,1.,0.5,
1.,0.5,1.)) REPRESENTATION_ITEM('') );
#2292 = CARTESIAN_POINT('',(-29.09532464666,9.556984516559));
#2293 = CARTESIAN_POINT('',(-29.47932508534,9.206922146269));
#2294 = CARTESIAN_POINT('',(-29.59048777158,9.714507466376));
#2295 = CARTESIAN_POINT('',(-29.70165045782,10.222092786482));
#2296 = CARTESIAN_POINT('',(-29.2064873329,10.064569836666));
#2297 = CARTESIAN_POINT('',(-28.71132420798,9.907046886849));
#2298 = CARTESIAN_POINT('',(-29.09532464666,9.556984516559));
#2299 = ( GEOMETRIC_REPRESENTATION_CONTEXT(2) 
PARAMETRIC_REPRESENTATION_CONTEXT() REPRESENTATION_CONTEXT('2D SPACE',''
  ) );
#2300 = PCURVE('',#901,#2301);
#2301 = DEFINITIONAL_REPRESENTATION('',(#2302),#2306);
#2302 = LINE('',#2303,#2304);
#2303 = CARTESIAN_POINT('',(6.28318530718,-1.000000035763));
#2304 = VECTOR('',#2305,1.);
#2305 = DIRECTION('',(-1.,0.));
#2306 = ( GEOMETRIC_REPRESENTATION_CONTEXT(2) 
PARAMETRIC_REPRESENTATION_CONTEXT() REPRESENTATION_CONTEXT('2D SPACE',''
  ) );
#2307 = ORIENTED_EDGE('',*,*,#2308,.F.);
#2308 = EDGE_CURVE('',#2309,#2281,#2311,.T.);
#2309 = VERTEX_POINT('',#2310);
#2310 = CARTESIAN_POINT('',(-28.08593874384,-9.145124355337,
    2.804675674438));
#2311 = SURFACE_CURVE('',#2312,(#2316,#2323),.PCURVE_S1.);
#2312 = LINE('',#2313,#2314);
#2313 = CARTESIAN_POINT('',(-13.03309650631,-7.75026086675,
    2.804675674438));
#2314 = VECTOR('',#2315,1.);
#2315 = DIRECTION('',(0.995734101903,9.226916227304E-02,0.));
#2316 = PCURVE('',#106,#2317);
#2317 = DEFINITIONAL_REPRESENTATION('',(#2318),#2322);
#2318 = LINE('',#2319,#2320);
#2319 = CARTESIAN_POINT('',(-14.43152727884,8.099860880463));
#2320 = VECTOR('',#2321,1.);
#2321 = DIRECTION('',(0.995734101903,-9.226916227304E-02));
#2322 = ( GEOMETRIC_REPRESENTATION_CONTEXT(2) 
PARAMETRIC_REPRESENTATION_CONTEXT() REPRESENTATION_CONTEXT('2D SPACE',''
  ) );
#2323 = PCURVE('',#868,#2324);
#2324 = DEFINITIONAL_REPRESENTATION('',(#2325),#2329);
#2325 = LINE('',#2326,#2327);
#2326 = CARTESIAN_POINT('',(-0.4,15.11733123206));
#2327 = VECTOR('',#2328,1.);
#2328 = DIRECTION('',(-1.219422580698E-16,1.));
#2329 = ( GEOMETRIC_REPRESENTATION_CONTEXT(2) 
PARAMETRIC_REPRESENTATION_CONTEXT() REPRESENTATION_CONTEXT('2D SPACE',''
  ) );
#2330 = ORIENTED_EDGE('',*,*,#2331,.F.);
#2331 = EDGE_CURVE('',#2332,#2309,#2334,.T.);
#2332 = VERTEX_POINT('',#2333);
#2333 = CARTESIAN_POINT('',(-28.55629306246,-9.278951564809,
    2.804675674438));
#2334 = SURFACE_CURVE('',#2335,(#2339,#2346),.PCURVE_S1.);
#2335 = LINE('',#2336,#2337);
#2336 = CARTESIAN_POINT('',(-13.43341143261,-4.976125019811,
    2.804675674438));
#2337 = VECTOR('',#2338,1.);
#2338 = DIRECTION('',(0.961825714468,0.273662739495,0.));
#2339 = PCURVE('',#106,#2340);
#2340 = DEFINITIONAL_REPRESENTATION('',(#2341),#2345);
#2341 = LINE('',#2342,#2343);
#2342 = CARTESIAN_POINT('',(-14.83184220514,5.325725033524));
#2343 = VECTOR('',#2344,1.);
#2344 = DIRECTION('',(0.961825714468,-0.273662739495));
#2345 = ( GEOMETRIC_REPRESENTATION_CONTEXT(2) 
PARAMETRIC_REPRESENTATION_CONTEXT() REPRESENTATION_CONTEXT('2D SPACE',''
  ) );
#2346 = PCURVE('',#840,#2347);
#2347 = DEFINITIONAL_REPRESENTATION('',(#2348),#2352);
#2348 = LINE('',#2349,#2350);
#2349 = CARTESIAN_POINT('',(-0.4,15.723099728316));
#2350 = VECTOR('',#2351,1.);
#2351 = DIRECTION('',(-1.177896782561E-16,1.));
#2352 = ( GEOMETRIC_REPRESENTATION_CONTEXT(2) 
PARAMETRIC_REPRESENTATION_CONTEXT() REPRESENTATION_CONTEXT('2D SPACE',''
  ) );
#2353 = ORIENTED_EDGE('',*,*,#2354,.F.);
#2354 = EDGE_CURVE('',#2355,#2332,#2357,.T.);
#2355 = VERTEX_POINT('',#2356);
#2356 = CARTESIAN_POINT('',(-28.99404793192,-9.496927658101,
    2.804675674438));
#2357 = SURFACE_CURVE('',#2358,(#2362,#2369),.PCURVE_S1.);
#2358 = LINE('',#2359,#2360);
#2359 = CARTESIAN_POINT('',(-14.85261463924,-2.455328357367,
    2.804675674438));
#2360 = VECTOR('',#2361,1.);
#2361 = DIRECTION('',(0.895163235425,0.4457384681,0.));
#2362 = PCURVE('',#106,#2363);
#2363 = DEFINITIONAL_REPRESENTATION('',(#2364),#2368);
#2364 = LINE('',#2365,#2366);
#2365 = CARTESIAN_POINT('',(-16.25104541177,2.804928371079));
#2366 = VECTOR('',#2367,1.);
#2367 = DIRECTION('',(0.895163235425,-0.4457384681));
#2368 = ( GEOMETRIC_REPRESENTATION_CONTEXT(2) 
PARAMETRIC_REPRESENTATION_CONTEXT() REPRESENTATION_CONTEXT('2D SPACE',''
  ) );
#2369 = PCURVE('',#812,#2370);
#2370 = DEFINITIONAL_REPRESENTATION('',(#2371),#2375);
#2371 = LINE('',#2372,#2373);
#2372 = CARTESIAN_POINT('',(-0.4,15.797602865096));
#2373 = VECTOR('',#2374,1.);
#2374 = DIRECTION('',(-1.096258790977E-16,1.));
#2375 = ( GEOMETRIC_REPRESENTATION_CONTEXT(2) 
PARAMETRIC_REPRESENTATION_CONTEXT() REPRESENTATION_CONTEXT('2D SPACE',''
  ) );
#2376 = ORIENTED_EDGE('',*,*,#2377,.F.);
#2377 = EDGE_CURVE('',#2378,#2355,#2380,.T.);
#2378 = VERTEX_POINT('',#2379);
#2379 = CARTESIAN_POINT('',(-29.38429599214,-9.791629234334,
    2.804675674438));
#2380 = SURFACE_CURVE('',#2381,(#2385,#2392),.PCURVE_S1.);
#2381 = LINE('',#2382,#2383);
#2382 = CARTESIAN_POINT('',(-17.14406572071,-0.548238883201,
    2.804675674438));
#2383 = VECTOR('',#2384,1.);
#2384 = DIRECTION('',(0.798017305079,0.602634533357,0.));
#2385 = PCURVE('',#106,#2386);
#2386 = DEFINITIONAL_REPRESENTATION('',(#2387),#2391);
#2387 = LINE('',#2388,#2389);
#2388 = CARTESIAN_POINT('',(-18.54249649324,0.897838896913));
#2389 = VECTOR('',#2390,1.);
#2390 = DIRECTION('',(0.798017305079,-0.602634533357));
#2391 = ( GEOMETRIC_REPRESENTATION_CONTEXT(2) 
PARAMETRIC_REPRESENTATION_CONTEXT() REPRESENTATION_CONTEXT('2D SPACE',''
  ) );
#2392 = PCURVE('',#784,#2393);
#2393 = DEFINITIONAL_REPRESENTATION('',(#2394),#2398);
#2394 = LINE('',#2395,#2396);
#2395 = CARTESIAN_POINT('',(-0.4,15.338301805649));
#2396 = VECTOR('',#2397,1.);
#2397 = DIRECTION('',(-9.772893383294E-17,1.));
#2398 = ( GEOMETRIC_REPRESENTATION_CONTEXT(2) 
PARAMETRIC_REPRESENTATION_CONTEXT() REPRESENTATION_CONTEXT('2D SPACE',''
  ) );
#2399 = ORIENTED_EDGE('',*,*,#2400,.F.);
#2400 = EDGE_CURVE('',#2401,#2378,#2403,.T.);
#2401 = VERTEX_POINT('',#2402);
#2402 = CARTESIAN_POINT('',(-29.71374826837,-10.15302125551,
    2.804675674438));
#2403 = SURFACE_CURVE('',#2404,(#2408,#2415),.PCURVE_S1.);
#2404 = LINE('',#2405,#2406);
#2405 = CARTESIAN_POINT('',(-20.0389181759,0.459764431378,2.804675674438
    ));
#2406 = VECTOR('',#2407,1.);
#2407 = DIRECTION('',(0.673695552394,0.739009000409,0.));
#2408 = PCURVE('',#106,#2409);
#2409 = DEFINITIONAL_REPRESENTATION('',(#2410),#2414);
#2410 = LINE('',#2411,#2412);
#2411 = CARTESIAN_POINT('',(-21.43734894843,-0.110164417666));
#2412 = VECTOR('',#2413,1.);
#2413 = DIRECTION('',(0.673695552394,-0.739009000409));
#2414 = ( GEOMETRIC_REPRESENTATION_CONTEXT(2) 
PARAMETRIC_REPRESENTATION_CONTEXT() REPRESENTATION_CONTEXT('2D SPACE',''
  ) );
#2415 = PCURVE('',#756,#2416);
#2416 = DEFINITIONAL_REPRESENTATION('',(#2417),#2421);
#2417 = LINE('',#2418,#2419);
#2418 = CARTESIAN_POINT('',(-0.4,14.360834145488));
#2419 = VECTOR('',#2420,1.);
#2420 = DIRECTION('',(-8.250391018387E-17,1.));
#2421 = ( GEOMETRIC_REPRESENTATION_CONTEXT(2) 
PARAMETRIC_REPRESENTATION_CONTEXT() REPRESENTATION_CONTEXT('2D SPACE',''
  ) );
#2422 = ORIENTED_EDGE('',*,*,#2423,.F.);
#2423 = EDGE_CURVE('',#2424,#2401,#2426,.T.);
#2424 = VERTEX_POINT('',#2425);
#2425 = CARTESIAN_POINT('',(-29.97118525911,-10.56879607774,
    2.804675674438));
#2426 = SURFACE_CURVE('',#2427,(#2431,#2438),.PCURVE_S1.);
#2427 = LINE('',#2428,#2429);
#2428 = CARTESIAN_POINT('',(-23.18100123898,0.397722548115,
    2.804675674438));
#2429 = VECTOR('',#2430,1.);
#2430 = DIRECTION('',(0.52643234014,0.850217025973,0.));
#2431 = PCURVE('',#106,#2432);
#2432 = DEFINITIONAL_REPRESENTATION('',(#2433),#2437);
#2433 = LINE('',#2434,#2435);
#2434 = CARTESIAN_POINT('',(-24.57943201151,-4.8122534402E-02));
#2435 = VECTOR('',#2436,1.);
#2436 = DIRECTION('',(0.52643234014,-0.850217025973));
#2437 = ( GEOMETRIC_REPRESENTATION_CONTEXT(2) 
PARAMETRIC_REPRESENTATION_CONTEXT() REPRESENTATION_CONTEXT('2D SPACE',''
  ) );
#2438 = PCURVE('',#728,#2439);
#2439 = DEFINITIONAL_REPRESENTATION('',(#2440),#2444);
#2440 = LINE('',#2441,#2442);
#2441 = CARTESIAN_POINT('',(-0.4,12.89849331506));
#2442 = VECTOR('',#2443,1.);
#2443 = DIRECTION('',(-6.446936803204E-17,1.));
#2444 = ( GEOMETRIC_REPRESENTATION_CONTEXT(2) 
PARAMETRIC_REPRESENTATION_CONTEXT() REPRESENTATION_CONTEXT('2D SPACE',''
  ) );
#2445 = ORIENTED_EDGE('',*,*,#2446,.F.);
#2446 = EDGE_CURVE('',#2447,#2424,#2449,.T.);
#2447 = VERTEX_POINT('',#2448);
#2448 = CARTESIAN_POINT('',(-30.14784055162,-11.02479592897,
    2.804675674438));
#2449 = SURFACE_CURVE('',#2450,(#2454,#2461),.PCURVE_S1.);
#2450 = LINE('',#2451,#2452);
#2451 = CARTESIAN_POINT('',(-26.17379617017,-0.766605410297,
    2.804675674438));
#2452 = VECTOR('',#2453,1.);
#2453 = DIRECTION('',(0.361241682215,0.932472223195,0.));
#2454 = PCURVE('',#106,#2455);
#2455 = DEFINITIONAL_REPRESENTATION('',(#2456),#2460);
#2456 = LINE('',#2457,#2458);
#2457 = CARTESIAN_POINT('',(-27.5722269427,1.11620542401));
#2458 = VECTOR('',#2459,1.);
#2459 = DIRECTION('',(0.361241682215,-0.932472223195));
#2460 = ( GEOMETRIC_REPRESENTATION_CONTEXT(2) 
PARAMETRIC_REPRESENTATION_CONTEXT() REPRESENTATION_CONTEXT('2D SPACE',''
  ) );
#2461 = PCURVE('',#700,#2462);
#2462 = DEFINITIONAL_REPRESENTATION('',(#2463),#2467);
#2463 = LINE('',#2464,#2465);
#2464 = CARTESIAN_POINT('',(-0.4,11.001068196463));
#2465 = VECTOR('',#2466,1.);
#2466 = DIRECTION('',(-4.423934698431E-17,1.));
#2467 = ( GEOMETRIC_REPRESENTATION_CONTEXT(2) 
PARAMETRIC_REPRESENTATION_CONTEXT() REPRESENTATION_CONTEXT('2D SPACE',''
  ) );
#2468 = ORIENTED_EDGE('',*,*,#2469,.F.);
#2469 = EDGE_CURVE('',#2470,#2447,#2472,.T.);
#2470 = VERTEX_POINT('',#2471);
#2471 = CARTESIAN_POINT('',(-30.2376981299,-11.50549165346,
    2.804675674438));
#2472 = SURFACE_CURVE('',#2473,(#2477,#2484),.PCURVE_S1.);
#2473 = LINE('',#2474,#2475);
#2474 = CARTESIAN_POINT('',(-28.63298113201,-2.921011471778,
    2.804675674438));
#2475 = VECTOR('',#2476,1.);
#2476 = DIRECTION('',(0.183749466878,0.982973109206,0.));
#2477 = PCURVE('',#106,#2478);
#2478 = DEFINITIONAL_REPRESENTATION('',(#2479),#2483);
#2479 = LINE('',#2480,#2481);
#2480 = CARTESIAN_POINT('',(-30.03141190454,3.27061148549));
#2481 = VECTOR('',#2482,1.);
#2482 = DIRECTION('',(0.183749466878,-0.982973109206));
#2483 = ( GEOMETRIC_REPRESENTATION_CONTEXT(2) 
PARAMETRIC_REPRESENTATION_CONTEXT() REPRESENTATION_CONTEXT('2D SPACE',''
  ) );
#2484 = PCURVE('',#672,#2485);
#2485 = DEFINITIONAL_REPRESENTATION('',(#2486),#2490);
#2486 = LINE('',#2487,#2488);
#2487 = CARTESIAN_POINT('',(-0.4,8.73317906796));
#2488 = VECTOR('',#2489,1.);
#2489 = DIRECTION('',(-2.250281964576E-17,1.));
#2490 = ( GEOMETRIC_REPRESENTATION_CONTEXT(2) 
PARAMETRIC_REPRESENTATION_CONTEXT() REPRESENTATION_CONTEXT('2D SPACE',''
  ) );
#2491 = ORIENTED_EDGE('',*,*,#2492,.F.);
#2492 = EDGE_CURVE('',#2493,#2470,#2495,.T.);
#2493 = VERTEX_POINT('',#2494);
#2494 = CARTESIAN_POINT('',(-30.2376981299,-11.9945139084,2.804675674438
    ));
#2495 = SURFACE_CURVE('',#2496,(#2500,#2507),.PCURVE_S1.);
#2496 = LINE('',#2497,#2498);
#2497 = CARTESIAN_POINT('',(-30.2376981299,-5.822456947347,
    2.804675674438));
#2498 = VECTOR('',#2499,1.);
#2499 = DIRECTION('',(9.95799250103E-17,1.,0.));
#2500 = PCURVE('',#106,#2501);
#2501 = DEFINITIONAL_REPRESENTATION('',(#2502),#2506);
#2502 = LINE('',#2503,#2504);
#2503 = CARTESIAN_POINT('',(-31.63612890243,6.17205696106));
#2504 = VECTOR('',#2505,1.);
#2505 = DIRECTION('',(9.95799250103E-17,-1.));
#2506 = ( GEOMETRIC_REPRESENTATION_CONTEXT(2) 
PARAMETRIC_REPRESENTATION_CONTEXT() REPRESENTATION_CONTEXT('2D SPACE',''
  ) );
#2507 = PCURVE('',#644,#2508);
#2508 = DEFINITIONAL_REPRESENTATION('',(#2509),#2513);
#2509 = LINE('',#2510,#2511);
#2510 = CARTESIAN_POINT('',(-0.4,6.17205696106));
#2511 = VECTOR('',#2512,1.);
#2512 = DIRECTION('',(-2.719262146894E-32,1.));
#2513 = ( GEOMETRIC_REPRESENTATION_CONTEXT(2) 
PARAMETRIC_REPRESENTATION_CONTEXT() REPRESENTATION_CONTEXT('2D SPACE',''
  ) );
#2514 = ORIENTED_EDGE('',*,*,#2515,.F.);
#2515 = EDGE_CURVE('',#2516,#2493,#2518,.T.);
#2516 = VERTEX_POINT('',#2517);
#2517 = CARTESIAN_POINT('',(-30.14784055162,-12.47520987131,
    2.804675674438));
#2518 = SURFACE_CURVE('',#2519,(#2523,#2530),.PCURVE_S1.);
#2519 = LINE('',#2520,#2521);
#2520 = CARTESIAN_POINT('',(-30.77349209139,-9.128267130187,
    2.804675674438));
#2521 = VECTOR('',#2522,1.);
#2522 = DIRECTION('',(-0.183749378818,0.982973125667,0.));
#2523 = PCURVE('',#106,#2524);
#2524 = DEFINITIONAL_REPRESENTATION('',(#2525),#2529);
#2525 = LINE('',#2526,#2527);
#2526 = CARTESIAN_POINT('',(-32.17192286392,9.477867143899));
#2527 = VECTOR('',#2528,1.);
#2528 = DIRECTION('',(-0.183749378818,-0.982973125667));
#2529 = ( GEOMETRIC_REPRESENTATION_CONTEXT(2) 
PARAMETRIC_REPRESENTATION_CONTEXT() REPRESENTATION_CONTEXT('2D SPACE',''
  ) );
#2530 = PCURVE('',#616,#2531);
#2531 = DEFINITIONAL_REPRESENTATION('',(#2532),#2536);
#2532 = LINE('',#2533,#2534);
#2533 = CARTESIAN_POINT('',(-0.4,3.404917849462));
#2534 = VECTOR('',#2535,1.);
#2535 = DIRECTION('',(2.250280886151E-17,1.));
#2536 = ( GEOMETRIC_REPRESENTATION_CONTEXT(2) 
PARAMETRIC_REPRESENTATION_CONTEXT() REPRESENTATION_CONTEXT('2D SPACE',''
  ) );
#2537 = ORIENTED_EDGE('',*,*,#2538,.F.);
#2538 = EDGE_CURVE('',#2539,#2516,#2541,.T.);
#2539 = VERTEX_POINT('',#2540);
#2540 = CARTESIAN_POINT('',(-29.97118525911,-12.93120948412,
    2.804675674438));
#2541 = SURFACE_CURVE('',#2542,(#2546,#2553),.PCURVE_S1.);
#2542 = LINE('',#2543,#2544);
#2543 = CARTESIAN_POINT('',(-30.16119252717,-12.44074446927,
    2.804675674438));
#2544 = VECTOR('',#2545,1.);
#2545 = DIRECTION('',(-0.361241846442,0.932472159573,0.));
#2546 = PCURVE('',#106,#2547);
#2547 = DEFINITIONAL_REPRESENTATION('',(#2548),#2552);
#2548 = LINE('',#2549,#2550);
#2549 = CARTESIAN_POINT('',(-31.5596232997,12.79034448299));
#2550 = VECTOR('',#2551,1.);
#2551 = DIRECTION('',(-0.361241846442,-0.932472159573));
#2552 = ( GEOMETRIC_REPRESENTATION_CONTEXT(2) 
PARAMETRIC_REPRESENTATION_CONTEXT() REPRESENTATION_CONTEXT('2D SPACE',''
  ) );
#2553 = PCURVE('',#588,#2554);
#2554 = DEFINITIONAL_REPRESENTATION('',(#2555),#2559);
#2555 = LINE('',#2556,#2557);
#2556 = CARTESIAN_POINT('',(-0.4,0.525983547936));
#2557 = VECTOR('',#2558,1.);
#2558 = DIRECTION('',(4.423936709635E-17,1.));
#2559 = ( GEOMETRIC_REPRESENTATION_CONTEXT(2) 
PARAMETRIC_REPRESENTATION_CONTEXT() REPRESENTATION_CONTEXT('2D SPACE',''
  ) );
#2560 = ORIENTED_EDGE('',*,*,#2561,.F.);
#2561 = EDGE_CURVE('',#2562,#2539,#2564,.T.);
#2562 = VERTEX_POINT('',#2563);
#2563 = CARTESIAN_POINT('',(-29.71374826837,-13.34698466398,
    2.804675674438));
#2564 = SURFACE_CURVE('',#2565,(#2569,#2576),.PCURVE_S1.);
#2565 = LINE('',#2566,#2567);
#2566 = CARTESIAN_POINT('',(-28.4678482648,-15.35918305315,
    2.804675674438));
#2567 = VECTOR('',#2568,1.);
#2568 = DIRECTION('',(-0.526432012818,0.850217228642,0.));
#2569 = PCURVE('',#106,#2570);
#2570 = DEFINITIONAL_REPRESENTATION('',(#2571),#2575);
#2571 = LINE('',#2572,#2573);
#2572 = CARTESIAN_POINT('',(-29.86627903733,15.708783066866));
#2573 = VECTOR('',#2574,1.);
#2574 = DIRECTION('',(-0.526432012818,-0.850217228642));
#2575 = ( GEOMETRIC_REPRESENTATION_CONTEXT(2) 
PARAMETRIC_REPRESENTATION_CONTEXT() REPRESENTATION_CONTEXT('2D SPACE',''
  ) );
#2576 = PCURVE('',#560,#2577);
#2577 = DEFINITIONAL_REPRESENTATION('',(#2578),#2582);
#2578 = LINE('',#2579,#2580);
#2579 = CARTESIAN_POINT('',(0.4,2.366687384568));
#2580 = VECTOR('',#2581,1.);
#2581 = DIRECTION('',(-6.446932794667E-17,-1.));
#2582 = ( GEOMETRIC_REPRESENTATION_CONTEXT(2) 
PARAMETRIC_REPRESENTATION_CONTEXT() REPRESENTATION_CONTEXT('2D SPACE',''
  ) );
#2583 = ORIENTED_EDGE('',*,*,#2584,.F.);
#2584 = EDGE_CURVE('',#2585,#2562,#2587,.T.);
#2585 = VERTEX_POINT('',#2586);
#2586 = CARTESIAN_POINT('',(-29.38429599214,-13.70837644674,
    2.804675674438));
#2587 = SURFACE_CURVE('',#2588,(#2592,#2599),.PCURVE_S1.);
#2588 = LINE('',#2589,#2590);
#2589 = CARTESIAN_POINT('',(-25.89818111994,-17.53246072077,
    2.804675674438));
#2590 = VECTOR('',#2591,1.);
#2591 = DIRECTION('',(-0.673695795124,0.73900877913,0.));
#2592 = PCURVE('',#106,#2593);
#2593 = DEFINITIONAL_REPRESENTATION('',(#2594),#2598);
#2594 = LINE('',#2595,#2596);
#2595 = CARTESIAN_POINT('',(-27.29661189247,17.88206073449));
#2596 = VECTOR('',#2597,1.);
#2597 = DIRECTION('',(-0.673695795124,-0.73900877913));
#2598 = ( GEOMETRIC_REPRESENTATION_CONTEXT(2) 
PARAMETRIC_REPRESENTATION_CONTEXT() REPRESENTATION_CONTEXT('2D SPACE',''
  ) );
#2599 = PCURVE('',#532,#2600);
#2600 = DEFINITIONAL_REPRESENTATION('',(#2601),#2605);
#2601 = LINE('',#2602,#2603);
#2602 = CARTESIAN_POINT('',(0.4,5.174612781371));
#2603 = VECTOR('',#2604,1.);
#2604 = DIRECTION('',(-8.250393990981E-17,-1.));
#2605 = ( GEOMETRIC_REPRESENTATION_CONTEXT(2) 
PARAMETRIC_REPRESENTATION_CONTEXT() REPRESENTATION_CONTEXT('2D SPACE',''
  ) );
#2606 = ORIENTED_EDGE('',*,*,#2607,.F.);
#2607 = EDGE_CURVE('',#2608,#2585,#2610,.T.);
#2608 = VERTEX_POINT('',#2609);
#2609 = CARTESIAN_POINT('',(-28.99404793192,-14.00307826139,
    2.804675674438));
#2610 = SURFACE_CURVE('',#2611,(#2615,#2622),.PCURVE_S1.);
#2611 = LINE('',#2612,#2613);
#2612 = CARTESIAN_POINT('',(-22.7678019199,-18.70492353679,
    2.804675674438));
#2613 = VECTOR('',#2614,1.);
#2614 = DIRECTION('',(-0.798017070614,0.602634843839,0.));
#2615 = PCURVE('',#106,#2616);
#2616 = DEFINITIONAL_REPRESENTATION('',(#2617),#2621);
#2617 = LINE('',#2618,#2619);
#2618 = CARTESIAN_POINT('',(-24.16623269243,19.054523550503));
#2619 = VECTOR('',#2620,1.);
#2620 = DIRECTION('',(-0.798017070614,-0.602634843839));
#2621 = ( GEOMETRIC_REPRESENTATION_CONTEXT(2) 
PARAMETRIC_REPRESENTATION_CONTEXT() REPRESENTATION_CONTEXT('2D SPACE',''
  ) );
#2622 = PCURVE('',#504,#2623);
#2623 = DEFINITIONAL_REPRESENTATION('',(#2624),#2628);
#2624 = LINE('',#2625,#2626);
#2625 = CARTESIAN_POINT('',(0.4,7.802146396723));
#2626 = VECTOR('',#2627,1.);
#2627 = DIRECTION('',(-9.772890511926E-17,-1.));
#2628 = ( GEOMETRIC_REPRESENTATION_CONTEXT(2) 
PARAMETRIC_REPRESENTATION_CONTEXT() REPRESENTATION_CONTEXT('2D SPACE',''
  ) );
#2629 = ORIENTED_EDGE('',*,*,#2630,.F.);
#2630 = EDGE_CURVE('',#2631,#2608,#2633,.T.);
#2631 = VERTEX_POINT('',#2632);
#2632 = CARTESIAN_POINT('',(-28.55629306246,-14.22105423547,
    2.804675674438));
#2633 = SURFACE_CURVE('',#2634,(#2638,#2645),.PCURVE_S1.);
#2634 = LINE('',#2635,#2636);
#2635 = CARTESIAN_POINT('',(-19.46158033752,-18.7496820213,
    2.804675674438));
#2636 = VECTOR('',#2637,1.);
#2637 = DIRECTION('',(-0.895163332691,0.445738272762,0.));
#2638 = PCURVE('',#106,#2639);
#2639 = DEFINITIONAL_REPRESENTATION('',(#2640),#2644);
#2640 = LINE('',#2641,#2642);
#2641 = CARTESIAN_POINT('',(-20.86001111005,19.099282035021));
#2642 = VECTOR('',#2643,1.);
#2643 = DIRECTION('',(-0.895163332691,-0.445738272762));
#2644 = ( GEOMETRIC_REPRESENTATION_CONTEXT(2) 
PARAMETRIC_REPRESENTATION_CONTEXT() REPRESENTATION_CONTEXT('2D SPACE',''
  ) );
#2645 = PCURVE('',#476,#2646);
#2646 = DEFINITIONAL_REPRESENTATION('',(#2647),#2651);
#2647 = LINE('',#2648,#2649);
#2648 = CARTESIAN_POINT('',(0.4,10.159836079967));
#2649 = VECTOR('',#2650,1.);
#2650 = DIRECTION('',(-1.096258910095E-16,-1.));
#2651 = ( GEOMETRIC_REPRESENTATION_CONTEXT(2) 
PARAMETRIC_REPRESENTATION_CONTEXT() REPRESENTATION_CONTEXT('2D SPACE',''
  ) );
#2652 = ORIENTED_EDGE('',*,*,#2653,.F.);
#2653 = EDGE_CURVE('',#2654,#2631,#2656,.T.);
#2654 = VERTEX_POINT('',#2655);
#2655 = CARTESIAN_POINT('',(-28.08593874384,-14.35488156416,
    2.804675674438));
#2656 = SURFACE_CURVE('',#2657,(#2661,#2668),.PCURVE_S1.);
#2657 = LINE('',#2658,#2659);
#2658 = CARTESIAN_POINT('',(-16.38304496013,-17.68464160021,
    2.804675674438));
#2659 = VECTOR('',#2660,1.);
#2660 = DIRECTION('',(-0.961825650304,0.273662965009,0.));
#2661 = PCURVE('',#106,#2662);
#2662 = DEFINITIONAL_REPRESENTATION('',(#2663),#2667);
#2663 = LINE('',#2664,#2665);
#2664 = CARTESIAN_POINT('',(-17.78147573266,18.034241613926));
#2665 = VECTOR('',#2666,1.);
#2666 = DIRECTION('',(-0.961825650304,-0.273662965009));
#2667 = ( GEOMETRIC_REPRESENTATION_CONTEXT(2) 
PARAMETRIC_REPRESENTATION_CONTEXT() REPRESENTATION_CONTEXT('2D SPACE',''
  ) );
#2668 = PCURVE('',#448,#2669);
#2669 = DEFINITIONAL_REPRESENTATION('',(#2670),#2674);
#2670 = LINE('',#2671,#2672);
#2671 = CARTESIAN_POINT('',(0.4,12.167375428183));
#2672 = VECTOR('',#2673,1.);
#2673 = DIRECTION('',(-1.177896703983E-16,-1.));
#2674 = ( GEOMETRIC_REPRESENTATION_CONTEXT(2) 
PARAMETRIC_REPRESENTATION_CONTEXT() REPRESENTATION_CONTEXT('2D SPACE',''
  ) );
#2675 = ORIENTED_EDGE('',*,*,#2676,.F.);
#2676 = EDGE_CURVE('',#2677,#2654,#2679,.T.);
#2677 = VERTEX_POINT('',#2678);
#2678 = CARTESIAN_POINT('',(-27.59900265146,-14.40000281669,
    2.804675674438));
#2679 = SURFACE_CURVE('',#2680,(#2684,#2691),.PCURVE_S1.);
#2680 = LINE('',#2681,#2682);
#2681 = CARTESIAN_POINT('',(-13.90127771423,-15.66928335627,
    2.804675674438));
#2682 = VECTOR('',#2683,1.);
#2683 = DIRECTION('',(-0.995734180291,9.226831633925E-02,0.));
#2684 = PCURVE('',#106,#2685);
#2685 = DEFINITIONAL_REPRESENTATION('',(#2686),#2690);
#2686 = LINE('',#2687,#2688);
#2687 = CARTESIAN_POINT('',(-15.29970848676,16.018883369988));
#2688 = VECTOR('',#2689,1.);
#2689 = DIRECTION('',(-0.995734180291,-9.226831633925E-02));
#2690 = ( GEOMETRIC_REPRESENTATION_CONTEXT(2) 
PARAMETRIC_REPRESENTATION_CONTEXT() REPRESENTATION_CONTEXT('2D SPACE',''
  ) );
#2691 = PCURVE('',#420,#2692);
#2692 = DEFINITIONAL_REPRESENTATION('',(#2693),#2697);
#2693 = LINE('',#2694,#2695);
#2694 = CARTESIAN_POINT('',(0.4,13.756407290576));
#2695 = VECTOR('',#2696,1.);
#2696 = DIRECTION('',(-1.219422676695E-16,-1.));
#2697 = ( GEOMETRIC_REPRESENTATION_CONTEXT(2) 
PARAMETRIC_REPRESENTATION_CONTEXT() REPRESENTATION_CONTEXT('2D SPACE',''
  ) );
#2698 = ORIENTED_EDGE('',*,*,#2699,.F.);
#2699 = EDGE_CURVE('',#2700,#2677,#2702,.T.);
#2700 = VERTEX_POINT('',#2701);
#2701 = CARTESIAN_POINT('',(-27.11206632067,-14.35488156416,
    2.804675674438));
#2702 = SURFACE_CURVE('',#2703,(#2707,#2714),.PCURVE_S1.);
#2703 = LINE('',#2704,#2705);
#2704 = CARTESIAN_POINT('',(-12.30269417896,-12.98259246175,
    2.804675674438));
#2705 = VECTOR('',#2706,1.);
#2706 = DIRECTION('',(-0.995734184442,-9.226827154654E-02,0.));
#2707 = PCURVE('',#106,#2708);
#2708 = DEFINITIONAL_REPRESENTATION('',(#2709),#2713);
#2709 = LINE('',#2710,#2711);
#2710 = CARTESIAN_POINT('',(-13.70112495149,13.332192475465));
#2711 = VECTOR('',#2712,1.);
#2712 = DIRECTION('',(-0.995734184442,9.226827154654E-02));
#2713 = ( GEOMETRIC_REPRESENTATION_CONTEXT(2) 
PARAMETRIC_REPRESENTATION_CONTEXT() REPRESENTATION_CONTEXT('2D SPACE',''
  ) );
#2714 = PCURVE('',#392,#2715);
#2715 = DEFINITIONAL_REPRESENTATION('',(#2716),#2720);
#2716 = LINE('',#2717,#2718);
#2717 = CARTESIAN_POINT('',(0.4,14.872816835152));
#2718 = VECTOR('',#2719,1.);
#2719 = DIRECTION('',(-1.219422681778E-16,-1.));
#2720 = ( GEOMETRIC_REPRESENTATION_CONTEXT(2) 
PARAMETRIC_REPRESENTATION_CONTEXT() REPRESENTATION_CONTEXT('2D SPACE',''
  ) );
#2721 = ORIENTED_EDGE('',*,*,#2722,.F.);
#2722 = EDGE_CURVE('',#2723,#2700,#2725,.T.);
#2723 = VERTEX_POINT('',#2724);
#2724 = CARTESIAN_POINT('',(-26.64171224047,-14.22105423547,
    2.804675674438));
#2725 = SURFACE_CURVE('',#2726,(#2730,#2737),.PCURVE_S1.);
#2726 = LINE('',#2727,#2728);
#2727 = CARTESIAN_POINT('',(-11.75400883738,-9.985135678556,
    2.804675674438));
#2728 = VECTOR('',#2729,1.);
#2729 = DIRECTION('',(-0.961825613791,-0.273663093338,0.));
#2730 = PCURVE('',#106,#2731);
#2731 = DEFINITIONAL_REPRESENTATION('',(#2732),#2736);
#2732 = LINE('',#2733,#2734);
#2733 = CARTESIAN_POINT('',(-13.15243960991,10.334735692269));
#2734 = VECTOR('',#2735,1.);
#2735 = DIRECTION('',(-0.961825613791,0.273663093338));
#2736 = ( GEOMETRIC_REPRESENTATION_CONTEXT(2) 
PARAMETRIC_REPRESENTATION_CONTEXT() REPRESENTATION_CONTEXT('2D SPACE',''
  ) );
#2737 = PCURVE('',#364,#2738);
#2738 = DEFINITIONAL_REPRESENTATION('',(#2739),#2743);
#2739 = LINE('',#2740,#2741);
#2740 = CARTESIAN_POINT('',(0.4,15.47858903903));
#2741 = VECTOR('',#2742,1.);
#2742 = DIRECTION('',(-1.177896659267E-16,-1.));
#2743 = ( GEOMETRIC_REPRESENTATION_CONTEXT(2) 
PARAMETRIC_REPRESENTATION_CONTEXT() REPRESENTATION_CONTEXT('2D SPACE',''
  ) );
#2744 = ORIENTED_EDGE('',*,*,#2745,.F.);
#2745 = EDGE_CURVE('',#2746,#2723,#2748,.T.);
#2746 = VERTEX_POINT('',#2747);
#2747 = CARTESIAN_POINT('',(-26.20395713259,-14.00307826139,
    2.804675674438));
#2748 = SURFACE_CURVE('',#2749,(#2753,#2760),.PCURVE_S1.);
#2749 = LINE('',#2750,#2751);
#2750 = CARTESIAN_POINT('',(-12.28139820252,-7.070473044728,
    2.804675674438));
#2751 = VECTOR('',#2752,1.);
#2752 = DIRECTION('',(-0.895163429557,-0.445738078229,0.));
#2753 = PCURVE('',#106,#2754);
#2754 = DEFINITIONAL_REPRESENTATION('',(#2755),#2759);
#2755 = LINE('',#2756,#2757);
#2756 = CARTESIAN_POINT('',(-13.67982897505,7.420073058441));
#2757 = VECTOR('',#2758,1.);
#2758 = DIRECTION('',(-0.895163429557,0.445738078229));
#2759 = ( GEOMETRIC_REPRESENTATION_CONTEXT(2) 
PARAMETRIC_REPRESENTATION_CONTEXT() REPRESENTATION_CONTEXT('2D SPACE',''
  ) );
#2760 = PCURVE('',#336,#2761);
#2761 = DEFINITIONAL_REPRESENTATION('',(#2762),#2766);
#2762 = LINE('',#2763,#2764);
#2763 = CARTESIAN_POINT('',(0.4,15.553091726452));
#2764 = VECTOR('',#2765,1.);
#2765 = DIRECTION('',(-1.096259028721E-16,-1.));
#2766 = ( GEOMETRIC_REPRESENTATION_CONTEXT(2) 
PARAMETRIC_REPRESENTATION_CONTEXT() REPRESENTATION_CONTEXT('2D SPACE',''
  ) );
#2767 = ORIENTED_EDGE('',*,*,#2768,.F.);
#2768 = EDGE_CURVE('',#2769,#2746,#2771,.T.);
#2769 = VERTEX_POINT('',#2770);
#2770 = CARTESIAN_POINT('',(-25.81370931078,-13.70837644674,
    2.804675674438));
#2771 = SURFACE_CURVE('',#2772,(#2776,#2783),.PCURVE_S1.);
#2772 = LINE('',#2773,#2774);
#2773 = CARTESIAN_POINT('',(-13.76861100377,-4.612329959445,
    2.804675674438));
#2774 = VECTOR('',#2775,1.);
#2775 = DIRECTION('',(-0.798016893554,-0.602635078304,0.));
#2776 = PCURVE('',#106,#2777);
#2777 = DEFINITIONAL_REPRESENTATION('',(#2778),#2782);
#2778 = LINE('',#2779,#2780);
#2779 = CARTESIAN_POINT('',(-15.1670417763,4.961929973157));
#2780 = VECTOR('',#2781,1.);
#2781 = DIRECTION('',(-0.798016893554,0.602635078304));
#2782 = ( GEOMETRIC_REPRESENTATION_CONTEXT(2) 
PARAMETRIC_REPRESENTATION_CONTEXT() REPRESENTATION_CONTEXT('2D SPACE',''
  ) );
#2783 = PCURVE('',#308,#2784);
#2784 = DEFINITIONAL_REPRESENTATION('',(#2785),#2789);
#2785 = LINE('',#2786,#2787);
#2786 = CARTESIAN_POINT('',(0.4,15.093788620643));
#2787 = VECTOR('',#2788,1.);
#2788 = DIRECTION('',(-9.772888343568E-17,-1.));
#2789 = ( GEOMETRIC_REPRESENTATION_CONTEXT(2) 
PARAMETRIC_REPRESENTATION_CONTEXT() REPRESENTATION_CONTEXT('2D SPACE',''
  ) );
#2790 = ORIENTED_EDGE('',*,*,#2791,.F.);
#2791 = EDGE_CURVE('',#2792,#2769,#2794,.T.);
#2792 = VERTEX_POINT('',#2793);
#2793 = CARTESIAN_POINT('',(-25.48425679613,-13.34698466398,
    2.804675674438));
#2794 = SURFACE_CURVE('',#2795,(#2799,#2806),.PCURVE_S1.);
#2795 = LINE('',#2796,#2797);
#2796 = CARTESIAN_POINT('',(-15.97414298564,-2.914898607829,
    2.804675674438));
#2797 = VECTOR('',#2798,1.);
#2798 = DIRECTION('',(-0.673696061387,-0.7390085364,0.));
#2799 = PCURVE('',#106,#2800);
#2800 = DEFINITIONAL_REPRESENTATION('',(#2801),#2805);
#2801 = LINE('',#2802,#2803);
#2802 = CARTESIAN_POINT('',(-17.37257375817,3.264498621541));
#2803 = VECTOR('',#2804,1.);
#2804 = DIRECTION('',(-0.673696061387,0.7390085364));
#2805 = ( GEOMETRIC_REPRESENTATION_CONTEXT(2) 
PARAMETRIC_REPRESENTATION_CONTEXT() REPRESENTATION_CONTEXT('2D SPACE',''
  ) );
#2806 = PCURVE('',#280,#2807);
#2807 = DEFINITIONAL_REPRESENTATION('',(#2808),#2812);
#2808 = LINE('',#2809,#2810);
#2809 = CARTESIAN_POINT('',(0.4,14.116326865424));
#2810 = VECTOR('',#2811,1.);
#2811 = DIRECTION('',(-8.250397251759E-17,-1.));
#2812 = ( GEOMETRIC_REPRESENTATION_CONTEXT(2) 
PARAMETRIC_REPRESENTATION_CONTEXT() REPRESENTATION_CONTEXT('2D SPACE',''
  ) );
#2813 = ORIENTED_EDGE('',*,*,#2814,.F.);
#2814 = EDGE_CURVE('',#2815,#2792,#2817,.T.);
#2815 = VERTEX_POINT('',#2816);
#2816 = CARTESIAN_POINT('',(-25.22682004381,-12.93120948412,
    2.804675674438));
#2817 = SURFACE_CURVE('',#2818,(#2822,#2829),.PCURVE_S1.);
#2818 = LINE('',#2819,#2820);
#2819 = CARTESIAN_POINT('',(-18.56536672688,-2.172578767866,
    2.804675674438));
#2820 = VECTOR('',#2821,1.);
#2821 = DIRECTION('',(-0.52643166039,-0.850217446857,0.));
#2822 = PCURVE('',#106,#2823);
#2823 = DEFINITIONAL_REPRESENTATION('',(#2824),#2828);
#2824 = LINE('',#2825,#2826);
#2825 = CARTESIAN_POINT('',(-19.96379749941,2.522178781579));
#2826 = VECTOR('',#2827,1.);
#2827 = DIRECTION('',(-0.52643166039,0.850217446857));
#2828 = ( GEOMETRIC_REPRESENTATION_CONTEXT(2) 
PARAMETRIC_REPRESENTATION_CONTEXT() REPRESENTATION_CONTEXT('2D SPACE',''
  ) );
#2829 = PCURVE('',#252,#2830);
#2830 = DEFINITIONAL_REPRESENTATION('',(#2831),#2835);
#2831 = LINE('',#2832,#2833);
#2832 = CARTESIAN_POINT('',(0.4,12.653975469487));
#2833 = VECTOR('',#2834,1.);
#2834 = DIRECTION('',(-6.446928478659E-17,-1.));
#2835 = ( GEOMETRIC_REPRESENTATION_CONTEXT(2) 
PARAMETRIC_REPRESENTATION_CONTEXT() REPRESENTATION_CONTEXT('2D SPACE',''
  ) );
#2836 = ORIENTED_EDGE('',*,*,#2837,.F.);
#2837 = EDGE_CURVE('',#1055,#2815,#2838,.T.);
#2838 = SURFACE_CURVE('',#2839,(#2843,#2850),.PCURVE_S1.);
#2839 = LINE('',#2840,#2841);
#2840 = CARTESIAN_POINT('',(-21.16444557955,-2.445018233053,
    2.804675674438));
#2841 = VECTOR('',#2842,1.);
#2842 = DIRECTION('',(-0.361241846442,-0.932472159573,0.));
#2843 = PCURVE('',#106,#2844);
#2844 = DEFINITIONAL_REPRESENTATION('',(#2845),#2849);
#2845 = LINE('',#2846,#2847);
#2846 = CARTESIAN_POINT('',(-22.56287635208,2.794618246766));
#2847 = VECTOR('',#2848,1.);
#2848 = DIRECTION('',(-0.361241846442,0.932472159573));
#2849 = ( GEOMETRIC_REPRESENTATION_CONTEXT(2) 
PARAMETRIC_REPRESENTATION_CONTEXT() REPRESENTATION_CONTEXT('2D SPACE',''
  ) );
#2850 = PCURVE('',#224,#2851);
#2851 = DEFINITIONAL_REPRESENTATION('',(#2852),#2856);
#2852 = LINE('',#2853,#2854);
#2853 = CARTESIAN_POINT('',(0.4,10.756558826218));
#2854 = VECTOR('',#2855,1.);
#2855 = DIRECTION('',(-4.423936709635E-17,-1.));
#2856 = ( GEOMETRIC_REPRESENTATION_CONTEXT(2) 
PARAMETRIC_REPRESENTATION_CONTEXT() REPRESENTATION_CONTEXT('2D SPACE',''
  ) );
#2857 = ORIENTED_EDGE('',*,*,#1054,.T.);
#2858 = ORIENTED_EDGE('',*,*,#1004,.T.);
#2859 = ORIENTED_EDGE('',*,*,#89,.T.);
#2860 = ORIENTED_EDGE('',*,*,#2861,.F.);
#2861 = EDGE_CURVE('',#2206,#62,#2862,.T.);
#2862 = SURFACE_CURVE('',#2863,(#2868,#2875),.PCURVE_S1.);
#2863 = CIRCLE('',#2864,1.55);
#2864 = AXIS2_PLACEMENT_3D('',#2865,#2866,#2867);
#2865 = CARTESIAN_POINT('',(-27.59900247785,-11.75000261537,
    2.804675602913));
#2866 = DIRECTION('',(0.,0.,-1.));
#2867 = DIRECTION('',(-1.,0.,0.));
#2868 = PCURVE('',#106,#2869);
#2869 = DEFINITIONAL_REPRESENTATION('',(#2870),#2874);
#2870 = CIRCLE('',#2871,1.55);
#2871 = AXIS2_PLACEMENT_2D('',#2872,#2873);
#2872 = CARTESIAN_POINT('',(-28.99743325038,12.099602629083));
#2873 = DIRECTION('',(-1.,0.));
#2874 = ( GEOMETRIC_REPRESENTATION_CONTEXT(2) 
PARAMETRIC_REPRESENTATION_CONTEXT() REPRESENTATION_CONTEXT('2D SPACE',''
  ) );
#2875 = PCURVE('',#77,#2876);
#2876 = DEFINITIONAL_REPRESENTATION('',(#2877),#2881);
#2877 = LINE('',#2878,#2879);
#2878 = CARTESIAN_POINT('',(0.,2.000000095367));
#2879 = VECTOR('',#2880,1.);
#2880 = DIRECTION('',(1.,0.));
#2881 = ( GEOMETRIC_REPRESENTATION_CONTEXT(2) 
PARAMETRIC_REPRESENTATION_CONTEXT() REPRESENTATION_CONTEXT('2D SPACE',''
  ) );
#2882 = FACE_BOUND('',#2883,.T.);
#2883 = EDGE_LOOP('',(#2884,#2915,#2948,#2976,#3009,#3037,#3065,#3093,
    #3121,#3149,#3177,#3205,#3233,#3261,#3289,#3317,#3345,#3373,#3401,
    #3429,#3457,#3490,#3518,#3551));
#2884 = ORIENTED_EDGE('',*,*,#2885,.F.);
#2885 = EDGE_CURVE('',#2886,#2888,#2890,.T.);
#2886 = VERTEX_POINT('',#2887);
#2887 = CARTESIAN_POINT('',(31.927482630595,12.001348507946,
    2.804675674438));
#2888 = VERTEX_POINT('',#2889);
#2889 = CARTESIAN_POINT('',(31.947998240948,11.749997156595,
    2.804675602913));
#2890 = SURFACE_CURVE('',#2891,(#2896,#2903),.PCURVE_S1.);
#2891 = CIRCLE('',#2892,1.55);
#2892 = AXIS2_PLACEMENT_3D('',#2893,#2894,#2895);
#2893 = CARTESIAN_POINT('',(30.397998240948,11.749997156595,
    2.804675602913));
#2894 = DIRECTION('',(0.,0.,-1.));
#2895 = DIRECTION('',(-1.,0.,0.));
#2896 = PCURVE('',#106,#2897);
#2897 = DEFINITIONAL_REPRESENTATION('',(#2898),#2902);
#2898 = CIRCLE('',#2899,1.55);
#2899 = AXIS2_PLACEMENT_2D('',#2900,#2901);
#2900 = CARTESIAN_POINT('',(28.999567468418,-11.40039714288));
#2901 = DIRECTION('',(-1.,0.));
#2902 = ( GEOMETRIC_REPRESENTATION_CONTEXT(2) 
PARAMETRIC_REPRESENTATION_CONTEXT() REPRESENTATION_CONTEXT('2D SPACE',''
  ) );
#2903 = PCURVE('',#2904,#2909);
#2904 = CYLINDRICAL_SURFACE('',#2905,1.55);
#2905 = AXIS2_PLACEMENT_3D('',#2906,#2907,#2908);
#2906 = CARTESIAN_POINT('',(30.397998240948,11.749997156595,
    4.80467569828));
#2907 = DIRECTION('',(0.,0.,-1.));
#2908 = DIRECTION('',(-1.,0.,0.));
#2909 = DEFINITIONAL_REPRESENTATION('',(#2910),#2914);
#2910 = LINE('',#2911,#2912);
#2911 = CARTESIAN_POINT('',(6.28318530718,2.000000095367));
#2912 = VECTOR('',#2913,1.);
#2913 = DIRECTION('',(1.,0.));
#2914 = ( GEOMETRIC_REPRESENTATION_CONTEXT(2) 
PARAMETRIC_REPRESENTATION_CONTEXT() REPRESENTATION_CONTEXT('2D SPACE',''
  ) );
#2915 = ORIENTED_EDGE('',*,*,#2916,.T.);
#2916 = EDGE_CURVE('',#2886,#2917,#2919,.T.);
#2917 = VERTEX_POINT('',#2918);
#2918 = CARTESIAN_POINT('',(32.223511867301,11.749997156595,
    2.804675602913));
#2919 = SURFACE_CURVE('',#2920,(#2925,#2936),.PCURVE_S1.);
#2920 = CIRCLE('',#2921,0.3);
#2921 = AXIS2_PLACEMENT_3D('',#2922,#2923,#2924);
#2922 = CARTESIAN_POINT('',(32.223511867301,12.049997156595,
    2.804675674438));
#2923 = DIRECTION('',(0.,0.,1.));
#2924 = DIRECTION('',(-0.647239460261,-0.762286744658,0.));
#2925 = PCURVE('',#106,#2926);
#2926 = DEFINITIONAL_REPRESENTATION('',(#2927),#2935);
#2927 = ( BOUNDED_CURVE() B_SPLINE_CURVE(2,(#2928,#2929,#2930,#2931,
#2932,#2933,#2934),.UNSPECIFIED.,.T.,.F.) B_SPLINE_CURVE_WITH_KNOTS((1,2
    ,2,2,2,1),(-2.094395102393,0.,2.094395102393,4.188790204786,
6.28318530718,8.377580409573),.UNSPECIFIED.) CURVE() 
GEOMETRIC_REPRESENTATION_ITEM() RATIONAL_B_SPLINE_CURVE((1.,0.5,1.,0.5,
1.,0.5,1.)) REPRESENTATION_ITEM('') );
#2928 = CARTESIAN_POINT('',(30.630909256692,-11.47171111948));
#2929 = CARTESIAN_POINT('',(31.027005068198,-11.13539563053));
#2930 = CARTESIAN_POINT('',(31.120214919562,-11.6465824101));
#2931 = CARTESIAN_POINT('',(31.213424770927,-12.15776918967));
#2932 = CARTESIAN_POINT('',(30.724119108057,-11.98289789905));
#2933 = CARTESIAN_POINT('',(30.234813445187,-11.80802660843));
#2934 = CARTESIAN_POINT('',(30.630909256692,-11.47171111948));
#2935 = ( GEOMETRIC_REPRESENTATION_CONTEXT(2) 
PARAMETRIC_REPRESENTATION_CONTEXT() REPRESENTATION_CONTEXT('2D SPACE',''
  ) );
#2936 = PCURVE('',#2937,#2942);
#2937 = CYLINDRICAL_SURFACE('',#2938,0.3);
#2938 = AXIS2_PLACEMENT_3D('',#2939,#2940,#2941);
#2939 = CARTESIAN_POINT('',(32.223511867301,12.049997156595,
    4.80467569828));
#2940 = DIRECTION('',(0.,0.,1.));
#2941 = DIRECTION('',(-0.647239460261,-0.762286744658,0.));
#2942 = DEFINITIONAL_REPRESENTATION('',(#2943),#2947);
#2943 = LINE('',#2944,#2945);
#2944 = CARTESIAN_POINT('',(1.06581410364E-14,-2.000000023842));
#2945 = VECTOR('',#2946,1.);
#2946 = DIRECTION('',(1.,0.));
#2947 = ( GEOMETRIC_REPRESENTATION_CONTEXT(2) 
PARAMETRIC_REPRESENTATION_CONTEXT() REPRESENTATION_CONTEXT('2D SPACE',''
  ) );
#2948 = ORIENTED_EDGE('',*,*,#2949,.F.);
#2949 = EDGE_CURVE('',#2950,#2917,#2952,.T.);
#2950 = VERTEX_POINT('',#2951);
#2951 = CARTESIAN_POINT('',(32.741867177238,11.749997156595,
    2.804675602913));
#2952 = SURFACE_CURVE('',#2953,(#2957,#2964),.PCURVE_S1.);
#2953 = LINE('',#2954,#2955);
#2954 = CARTESIAN_POINT('',(32.997998240948,11.749997156595,
    2.804675602913));
#2955 = VECTOR('',#2956,1.);
#2956 = DIRECTION('',(-1.,0.,0.));
#2957 = PCURVE('',#106,#2958);
#2958 = DEFINITIONAL_REPRESENTATION('',(#2959),#2963);
#2959 = LINE('',#2960,#2961);
#2960 = CARTESIAN_POINT('',(31.599567468418,-11.40039714288));
#2961 = VECTOR('',#2962,1.);
#2962 = DIRECTION('',(-1.,0.));
#2963 = ( GEOMETRIC_REPRESENTATION_CONTEXT(2) 
PARAMETRIC_REPRESENTATION_CONTEXT() REPRESENTATION_CONTEXT('2D SPACE',''
  ) );
#2964 = PCURVE('',#2965,#2970);
#2965 = PLANE('',#2966);
#2966 = AXIS2_PLACEMENT_3D('',#2967,#2968,#2969);
#2967 = CARTESIAN_POINT('',(32.997998240948,11.749997156595,
    0.404675602913));
#2968 = DIRECTION('',(0.,1.,0.));
#2969 = DIRECTION('',(-1.,0.,0.));
#2970 = DEFINITIONAL_REPRESENTATION('',(#2971),#2975);
#2971 = LINE('',#2972,#2973);
#2972 = CARTESIAN_POINT('',(0.,2.4));
#2973 = VECTOR('',#2974,1.);
#2974 = DIRECTION('',(1.,0.));
#2975 = ( GEOMETRIC_REPRESENTATION_CONTEXT(2) 
PARAMETRIC_REPRESENTATION_CONTEXT() REPRESENTATION_CONTEXT('2D SPACE',''
  ) );
#2976 = ORIENTED_EDGE('',*,*,#2977,.T.);
#2977 = EDGE_CURVE('',#2950,#2978,#2980,.T.);
#2978 = VERTEX_POINT('',#2979);
#2979 = CARTESIAN_POINT('',(33.036690660226,11.994507392863,
    2.804675674438));
#2980 = SURFACE_CURVE('',#2981,(#2986,#2997),.PCURVE_S1.);
#2981 = CIRCLE('',#2982,0.3);
#2982 = AXIS2_PLACEMENT_3D('',#2983,#2984,#2985);
#2983 = CARTESIAN_POINT('',(32.741867177238,12.049997156595,
    2.804675674438));
#2984 = DIRECTION('',(0.,0.,1.));
#2985 = DIRECTION('',(0.982744943292,-0.184965879106,0.));
#2986 = PCURVE('',#106,#2987);
#2987 = DEFINITIONAL_REPRESENTATION('',(#2988),#2996);
#2988 = ( BOUNDED_CURVE() B_SPLINE_CURVE(2,(#2989,#2990,#2991,#2992,
#2993,#2994,#2995),.UNSPECIFIED.,.T.,.F.) B_SPLINE_CURVE_WITH_KNOTS((1,2
    ,2,2,2,1),(-2.094395102393,0.,2.094395102393,4.188790204786,
6.28318530718,8.377580409573),.UNSPECIFIED.) CURVE() 
GEOMETRIC_REPRESENTATION_ITEM() RATIONAL_B_SPLINE_CURVE((1.,0.5,1.,0.5,
1.,0.5,1.)) REPRESENTATION_ITEM('') );
#2989 = CARTESIAN_POINT('',(31.638259887695,-11.64490737915));
#2990 = CARTESIAN_POINT('',(31.734370977779,-12.15555663094));
#2991 = CARTESIAN_POINT('',(31.244080208256,-11.98346665064));
#2992 = CARTESIAN_POINT('',(30.753789438732,-11.81137667034));
#2993 = CARTESIAN_POINT('',(31.147969118172,-11.47281739884));
#2994 = CARTESIAN_POINT('',(31.542148797612,-11.13425812735));
#2995 = CARTESIAN_POINT('',(31.638259887695,-11.64490737915));
#2996 = ( GEOMETRIC_REPRESENTATION_CONTEXT(2) 
PARAMETRIC_REPRESENTATION_CONTEXT() REPRESENTATION_CONTEXT('2D SPACE',''
  ) );
#2997 = PCURVE('',#2998,#3003);
#2998 = CYLINDRICAL_SURFACE('',#2999,0.3);
#2999 = AXIS2_PLACEMENT_3D('',#3000,#3001,#3002);
#3000 = CARTESIAN_POINT('',(32.741867177238,12.049997156595,
    3.204675674438));
#3001 = DIRECTION('',(1.224646799147E-16,0.,-1.));
#3002 = DIRECTION('',(0.982744943292,-0.184965879106,1.203515449181E-16)
  );
#3003 = DEFINITIONAL_REPRESENTATION('',(#3004),#3008);
#3004 = LINE('',#3005,#3006);
#3005 = CARTESIAN_POINT('',(6.28318530718,0.4));
#3006 = VECTOR('',#3007,1.);
#3007 = DIRECTION('',(-1.,0.));
#3008 = ( GEOMETRIC_REPRESENTATION_CONTEXT(2) 
PARAMETRIC_REPRESENTATION_CONTEXT() REPRESENTATION_CONTEXT('2D SPACE',''
  ) );
#3009 = ORIENTED_EDGE('',*,*,#3010,.F.);
#3010 = EDGE_CURVE('',#3011,#2978,#3013,.T.);
#3011 = VERTEX_POINT('',#3012);
#3012 = CARTESIAN_POINT('',(32.946831651437,12.475205024699,
    2.804675674438));
#3013 = SURFACE_CURVE('',#3014,(#3018,#3025),.PCURVE_S1.);
#3014 = LINE('',#3015,#3016);
#3015 = CARTESIAN_POINT('',(33.509301701875,9.466291117592,
    2.804675674438));
#3016 = VECTOR('',#3017,1.);
#3017 = DIRECTION('',(0.183751588868,-0.982972712535,0.));
#3018 = PCURVE('',#106,#3019);
#3019 = DEFINITIONAL_REPRESENTATION('',(#3020),#3024);
#3020 = LINE('',#3021,#3022);
#3021 = CARTESIAN_POINT('',(32.110870929344,-9.11669110388));
#3022 = VECTOR('',#3023,1.);
#3023 = DIRECTION('',(0.183751588868,0.982972712535));
#3024 = ( GEOMETRIC_REPRESENTATION_CONTEXT(2) 
PARAMETRIC_REPRESENTATION_CONTEXT() REPRESENTATION_CONTEXT('2D SPACE',''
  ) );
#3025 = PCURVE('',#3026,#3031);
#3026 = PLANE('',#3027);
#3027 = AXIS2_PLACEMENT_3D('',#3028,#3029,#3030);
#3028 = CARTESIAN_POINT('',(32.946831651437,12.475205024699,
    3.204675674438));
#3029 = DIRECTION('',(0.982972712535,0.183751588868,1.203794386055E-16)
  );
#3030 = DIRECTION('',(1.224646799147E-16,5.546678239835E-32,-1.));
#3031 = DEFINITIONAL_REPRESENTATION('',(#3032),#3036);
#3032 = LINE('',#3033,#3034);
#3033 = CARTESIAN_POINT('',(0.4,-3.061035030512));
#3034 = VECTOR('',#3035,1.);
#3035 = DIRECTION('',(2.250307951458E-17,-1.));
#3036 = ( GEOMETRIC_REPRESENTATION_CONTEXT(2) 
PARAMETRIC_REPRESENTATION_CONTEXT() REPRESENTATION_CONTEXT('2D SPACE',''
  ) );
#3037 = ORIENTED_EDGE('',*,*,#3038,.F.);
#3038 = EDGE_CURVE('',#3039,#3011,#3041,.T.);
#3039 = VERTEX_POINT('',#3040);
#3040 = CARTESIAN_POINT('',(32.77018065046,12.931204399089,
    2.804675674438));
#3041 = SURFACE_CURVE('',#3042,(#3046,#3053),.PCURVE_S1.);
#3042 = LINE('',#3043,#3044);
#3043 = CARTESIAN_POINT('',(32.842333169264,12.744952958377,
    2.804675674438));
#3044 = VECTOR('',#3045,1.);
#3045 = DIRECTION('',(0.361234380082,-0.932475052024,0.));
#3046 = PCURVE('',#106,#3047);
#3047 = DEFINITIONAL_REPRESENTATION('',(#3048),#3052);
#3048 = LINE('',#3049,#3050);
#3049 = CARTESIAN_POINT('',(31.443902396733,-12.39535294466));
#3050 = VECTOR('',#3051,1.);
#3051 = DIRECTION('',(0.361234380082,0.932475052024));
#3052 = ( GEOMETRIC_REPRESENTATION_CONTEXT(2) 
PARAMETRIC_REPRESENTATION_CONTEXT() REPRESENTATION_CONTEXT('2D SPACE',''
  ) );
#3053 = PCURVE('',#3054,#3059);
#3054 = PLANE('',#3055);
#3055 = AXIS2_PLACEMENT_3D('',#3056,#3057,#3058);
#3056 = CARTESIAN_POINT('',(32.77018065046,12.931204399089,
    3.204675674438));
#3057 = DIRECTION('',(0.932475052024,0.361234380082,1.141952587745E-16)
  );
#3058 = DIRECTION('',(1.224646799147E-16,4.930380657631E-32,-1.));
#3059 = DEFINITIONAL_REPRESENTATION('',(#3060),#3064);
#3060 = LINE('',#3061,#3062);
#3061 = CARTESIAN_POINT('',(0.4,-0.199738792269));
#3062 = VECTOR('',#3063,1.);
#3063 = DIRECTION('',(4.4238452731E-17,-1.));
#3064 = ( GEOMETRIC_REPRESENTATION_CONTEXT(2) 
PARAMETRIC_REPRESENTATION_CONTEXT() REPRESENTATION_CONTEXT('2D SPACE',''
  ) );
#3065 = ORIENTED_EDGE('',*,*,#3066,.F.);
#3066 = EDGE_CURVE('',#3067,#3039,#3069,.T.);
#3067 = VERTEX_POINT('',#3068);
#3068 = CARTESIAN_POINT('',(32.512741990792,13.346979698161,
    2.804675674438));
#3069 = SURFACE_CURVE('',#3070,(#3074,#3081),.PCURVE_S1.);
#3070 = LINE('',#3071,#3072);
#3071 = CARTESIAN_POINT('',(31.110040320193,15.612407537767,
    2.804675674438));
#3072 = VECTOR('',#3073,1.);
#3073 = DIRECTION('',(0.526434370705,-0.850215768697,0.));
#3074 = PCURVE('',#106,#3075);
#3075 = DEFINITIONAL_REPRESENTATION('',(#3076),#3080);
#3076 = LINE('',#3077,#3078);
#3077 = CARTESIAN_POINT('',(29.711609547662,-15.26280752405));
#3078 = VECTOR('',#3079,1.);
#3079 = DIRECTION('',(0.526434370705,0.850215768697));
#3080 = ( GEOMETRIC_REPRESENTATION_CONTEXT(2) 
PARAMETRIC_REPRESENTATION_CONTEXT() REPRESENTATION_CONTEXT('2D SPACE',''
  ) );
#3081 = PCURVE('',#3082,#3087);
#3082 = PLANE('',#3083);
#3083 = AXIS2_PLACEMENT_3D('',#3084,#3085,#3086);
#3084 = CARTESIAN_POINT('',(32.512741990792,13.346979698161,
    3.204675674438));
#3085 = DIRECTION('',(0.850215768697,0.526434370705,1.041214019719E-16)
  );
#3086 = DIRECTION('',(-1.224646799147E-16,-3.266377185681E-31,1.));
#3087 = DEFINITIONAL_REPRESENTATION('',(#3088),#3092);
#3088 = LINE('',#3089,#3090);
#3089 = CARTESIAN_POINT('',(-0.4,-2.664532843326));
#3090 = VECTOR('',#3091,1.);
#3091 = DIRECTION('',(-6.446961670451E-17,1.));
#3092 = ( GEOMETRIC_REPRESENTATION_CONTEXT(2) 
PARAMETRIC_REPRESENTATION_CONTEXT() REPRESENTATION_CONTEXT('2D SPACE',''
  ) );
#3093 = ORIENTED_EDGE('',*,*,#3094,.F.);
#3094 = EDGE_CURVE('',#3095,#3067,#3097,.T.);
#3095 = VERTEX_POINT('',#3096);
#3096 = CARTESIAN_POINT('',(32.183289476144,13.708370765666,
    2.804675674438));
#3097 = SURFACE_CURVE('',#3098,(#3102,#3109),.PCURVE_S1.);
#3098 = LINE('',#3099,#3100);
#3099 = CARTESIAN_POINT('',(28.522615239606,17.723926608491,
    2.804675674438));
#3100 = VECTOR('',#3101,1.);
#3101 = DIRECTION('',(0.67369678958,-0.739007872563,0.));
#3102 = PCURVE('',#106,#3103);
#3103 = DEFINITIONAL_REPRESENTATION('',(#3104),#3108);
#3104 = LINE('',#3105,#3106);
#3105 = CARTESIAN_POINT('',(27.124184467075,-17.37432659477));
#3106 = VECTOR('',#3107,1.);
#3107 = DIRECTION('',(0.67369678958,0.739007872563));
#3108 = ( GEOMETRIC_REPRESENTATION_CONTEXT(2) 
PARAMETRIC_REPRESENTATION_CONTEXT() REPRESENTATION_CONTEXT('2D SPACE',''
  ) );
#3109 = PCURVE('',#3110,#3115);
#3110 = PLANE('',#3111);
#3111 = AXIS2_PLACEMENT_3D('',#3112,#3113,#3114);
#3112 = CARTESIAN_POINT('',(32.183289476144,13.708370765666,
    3.204675674438));
#3113 = DIRECTION('',(0.739007872563,0.67369678958,9.050236256788E-17));
#3114 = DIRECTION('',(-1.224646799147E-16,-1.848892746612E-31,1.));
#3115 = DEFINITIONAL_REPRESENTATION('',(#3116),#3120);
#3116 = LINE('',#3117,#3118);
#3117 = CARTESIAN_POINT('',(-0.4,-5.433711861417));
#3118 = VECTOR('',#3119,1.);
#3119 = DIRECTION('',(-8.250406169547E-17,1.));
#3120 = ( GEOMETRIC_REPRESENTATION_CONTEXT(2) 
PARAMETRIC_REPRESENTATION_CONTEXT() REPRESENTATION_CONTEXT('2D SPACE',''
  ) );
#3121 = ORIENTED_EDGE('',*,*,#3122,.F.);
#3122 = EDGE_CURVE('',#3123,#3095,#3125,.T.);
#3123 = VERTEX_POINT('',#3124);
#3124 = CARTESIAN_POINT('',(31.793042131173,14.003073295573,
    2.804675674438));
#3125 = SURFACE_CURVE('',#3126,(#3130,#3137),.PCURVE_S1.);
#3126 = LINE('',#3127,#3128);
#3127 = CARTESIAN_POINT('',(25.398022473195,18.832391153338,
    2.804675674438));
#3128 = VECTOR('',#3129,1.);
#3129 = DIRECTION('',(0.798015836038,-0.602636478677,0.));
#3130 = PCURVE('',#106,#3131);
#3131 = DEFINITIONAL_REPRESENTATION('',(#3132),#3136);
#3132 = LINE('',#3133,#3134);
#3133 = CARTESIAN_POINT('',(23.999591700665,-18.48279113962));
#3134 = VECTOR('',#3135,1.);
#3135 = DIRECTION('',(0.798015836038,0.602636478677));
#3136 = ( GEOMETRIC_REPRESENTATION_CONTEXT(2) 
PARAMETRIC_REPRESENTATION_CONTEXT() REPRESENTATION_CONTEXT('2D SPACE',''
  ) );
#3137 = PCURVE('',#3138,#3143);
#3138 = PLANE('',#3139);
#3139 = AXIS2_PLACEMENT_3D('',#3140,#3141,#3142);
#3140 = CARTESIAN_POINT('',(31.793042131173,14.003073295573,
    3.204675674438));
#3141 = DIRECTION('',(0.602636478677,0.798015836038,7.380168346618E-17)
  );
#3142 = DIRECTION('',(-1.224646799147E-16,-1.60237371373E-31,1.));
#3143 = DEFINITIONAL_REPRESENTATION('',(#3144),#3148);
#3144 = LINE('',#3145,#3146);
#3145 = CARTESIAN_POINT('',(-0.4,-8.013650067058));
#3146 = VECTOR('',#3147,1.);
#3147 = DIRECTION('',(-9.772875392727E-17,1.));
#3148 = ( GEOMETRIC_REPRESENTATION_CONTEXT(2) 
PARAMETRIC_REPRESENTATION_CONTEXT() REPRESENTATION_CONTEXT('2D SPACE',''
  ) );
#3149 = ORIENTED_EDGE('',*,*,#3150,.F.);
#3150 = EDGE_CURVE('',#3151,#3123,#3153,.T.);
#3151 = VERTEX_POINT('',#3152);
#3152 = CARTESIAN_POINT('',(31.355286546456,14.221048912028,
    2.804675674438));
#3153 = SURFACE_CURVE('',#3154,(#3158,#3165),.PCURVE_S1.);
#3154 = LINE('',#3155,#3156);
#3155 = CARTESIAN_POINT('',(22.120204103447,18.819557437809,
    2.804675674438));
#3156 = VECTOR('',#3157,1.);
#3157 = DIRECTION('',(0.895163915088,-0.44573710315,0.));
#3158 = PCURVE('',#106,#3159);
#3159 = DEFINITIONAL_REPRESENTATION('',(#3160),#3164);
#3160 = LINE('',#3161,#3162);
#3161 = CARTESIAN_POINT('',(20.721773330917,-18.46995742409));
#3162 = VECTOR('',#3163,1.);
#3163 = DIRECTION('',(0.895163915088,0.44573710315));
#3164 = ( GEOMETRIC_REPRESENTATION_CONTEXT(2) 
PARAMETRIC_REPRESENTATION_CONTEXT() REPRESENTATION_CONTEXT('2D SPACE',''
  ) );
#3165 = PCURVE('',#3166,#3171);
#3166 = PLANE('',#3167);
#3167 = AXIS2_PLACEMENT_3D('',#3168,#3169,#3170);
#3168 = CARTESIAN_POINT('',(31.355286546456,14.221048912028,
    3.204675674438));
#3169 = DIRECTION('',(0.44573710315,0.895163915088,5.458705166344E-17));
#3170 = DIRECTION('',(-1.224646799147E-16,-1.417484439069E-31,1.));
#3171 = DEFINITIONAL_REPRESENTATION('',(#3172),#3176);
#3172 = LINE('',#3173,#3174);
#3173 = CARTESIAN_POINT('',(-0.4,-10.31663842493));
#3174 = VECTOR('',#3175,1.);
#3175 = DIRECTION('',(-1.096259623324E-16,1.));
#3176 = ( GEOMETRIC_REPRESENTATION_CONTEXT(2) 
PARAMETRIC_REPRESENTATION_CONTEXT() REPRESENTATION_CONTEXT('2D SPACE',''
  ) );
#3177 = ORIENTED_EDGE('',*,*,#3178,.F.);
#3178 = EDGE_CURVE('',#3179,#3151,#3181,.T.);
#3179 = VERTEX_POINT('',#3180);
#3180 = CARTESIAN_POINT('',(30.884934373605,14.354876121501,
    2.804675674438));
#3181 = SURFACE_CURVE('',#3182,(#3186,#3193),.PCURVE_S1.);
#3182 = LINE('',#3183,#3184);
#3183 = CARTESIAN_POINT('',(19.089045659034,17.711107815617,
    2.804675674438));
#3184 = VECTOR('',#3185,1.);
#3185 = DIRECTION('',(0.961825385853,-0.273663894457,0.));
#3186 = PCURVE('',#106,#3187);
#3187 = DEFINITIONAL_REPRESENTATION('',(#3188),#3192);
#3188 = LINE('',#3189,#3190);
#3189 = CARTESIAN_POINT('',(17.690614886504,-17.3615078019));
#3190 = VECTOR('',#3191,1.);
#3191 = DIRECTION('',(0.961825385853,0.273663894457));
#3192 = ( GEOMETRIC_REPRESENTATION_CONTEXT(2) 
PARAMETRIC_REPRESENTATION_CONTEXT() REPRESENTATION_CONTEXT('2D SPACE',''
  ) );
#3193 = PCURVE('',#3194,#3199);
#3194 = PLANE('',#3195);
#3195 = AXIS2_PLACEMENT_3D('',#3196,#3197,#3198);
#3196 = CARTESIAN_POINT('',(30.884934373605,14.354876121501,
    3.204675674438));
#3197 = DIRECTION('',(0.273663894457,0.961825385853,3.351416123884E-17)
  );
#3198 = DIRECTION('',(-1.224646799147E-16,-9.860761315263E-32,1.));
#3199 = DEFINITIONAL_REPRESENTATION('',(#3200),#3204);
#3200 = LINE('',#3201,#3202);
#3201 = CARTESIAN_POINT('',(-0.4,-12.26406465047));
#3202 = VECTOR('',#3203,1.);
#3203 = DIRECTION('',(-1.177896380123E-16,1.));
#3204 = ( GEOMETRIC_REPRESENTATION_CONTEXT(2) 
PARAMETRIC_REPRESENTATION_CONTEXT() REPRESENTATION_CONTEXT('2D SPACE',''
  ) );
#3205 = ORIENTED_EDGE('',*,*,#3206,.F.);
#3206 = EDGE_CURVE('',#3207,#3179,#3209,.T.);
#3207 = VERTEX_POINT('',#3208);
#3208 = CARTESIAN_POINT('',(30.397995897042,14.399996360758,
    2.804675674438));
#3209 = SURFACE_CURVE('',#3210,(#3214,#3221),.PCURVE_S1.);
#3210 = LINE('',#3211,#3212);
#3211 = CARTESIAN_POINT('',(16.667070435403,15.672318577795,
    2.804675674438));
#3212 = VECTOR('',#3213,1.);
#3213 = DIRECTION('',(0.995734412163,-9.226581401243E-02,0.));
#3214 = PCURVE('',#106,#3215);
#3215 = DEFINITIONAL_REPRESENTATION('',(#3216),#3220);
#3216 = LINE('',#3217,#3218);
#3217 = CARTESIAN_POINT('',(15.268639662873,-15.32271856408));
#3218 = VECTOR('',#3219,1.);
#3219 = DIRECTION('',(0.995734412163,9.226581401243E-02));
#3220 = ( GEOMETRIC_REPRESENTATION_CONTEXT(2) 
PARAMETRIC_REPRESENTATION_CONTEXT() REPRESENTATION_CONTEXT('2D SPACE',''
  ) );
#3221 = PCURVE('',#3222,#3227);
#3222 = PLANE('',#3223);
#3223 = AXIS2_PLACEMENT_3D('',#3224,#3225,#3226);
#3224 = CARTESIAN_POINT('',(30.397995897042,14.399996360758,
    3.204675674438));
#3225 = DIRECTION('',(9.226581401243E-02,0.995734412163,
    1.12993033801E-17));
#3226 = DIRECTION('',(-1.224646799147E-16,-1.694818351061E-32,1.));
#3227 = DEFINITIONAL_REPRESENTATION('',(#3228),#3232);
#3228 = LINE('',#3229,#3230);
#3229 = CARTESIAN_POINT('',(-0.4,-13.78974683803));
#3230 = VECTOR('',#3231,1.);
#3231 = DIRECTION('',(-1.219422960656E-16,1.));
#3232 = ( GEOMETRIC_REPRESENTATION_CONTEXT(2) 
PARAMETRIC_REPRESENTATION_CONTEXT() REPRESENTATION_CONTEXT('2D SPACE',''
  ) );
#3233 = ORIENTED_EDGE('',*,*,#3234,.F.);
#3234 = EDGE_CURVE('',#3235,#3207,#3237,.T.);
#3235 = VERTEX_POINT('',#3236);
#3236 = CARTESIAN_POINT('',(29.911061235177,14.354876121501,
    2.804675674438));
#3237 = SURFACE_CURVE('',#3238,(#3242,#3249),.PCURVE_S1.);
#3238 = LINE('',#3239,#3240);
#3239 = CARTESIAN_POINT('',(15.132758581142,12.98549208747,
    2.804675674438));
#3240 = VECTOR('',#3241,1.);
#3241 = DIRECTION('',(0.995734345755,9.226653067908E-02,0.));
#3242 = PCURVE('',#106,#3243);
#3243 = DEFINITIONAL_REPRESENTATION('',(#3244),#3248);
#3244 = LINE('',#3245,#3246);
#3245 = CARTESIAN_POINT('',(13.734327808611,-12.63589207375));
#3246 = VECTOR('',#3247,1.);
#3247 = DIRECTION('',(0.995734345755,-9.226653067908E-02));
#3248 = ( GEOMETRIC_REPRESENTATION_CONTEXT(2) 
PARAMETRIC_REPRESENTATION_CONTEXT() REPRESENTATION_CONTEXT('2D SPACE',''
  ) );
#3249 = PCURVE('',#3250,#3255);
#3250 = PLANE('',#3251);
#3251 = AXIS2_PLACEMENT_3D('',#3252,#3253,#3254);
#3252 = CARTESIAN_POINT('',(29.911061235177,14.354876121501,
    3.204675674438));
#3253 = DIRECTION('',(-9.226653067908E-02,0.995734345755,
    -1.129939114646E-17));
#3254 = DIRECTION('',(-1.224646799147E-16,2.927413515469E-32,1.));
#3255 = DEFINITIONAL_REPRESENTATION('',(#3256),#3260);
#3256 = LINE('',#3257,#3258);
#3257 = CARTESIAN_POINT('',(-0.4,-14.84161183857));
#3258 = VECTOR('',#3259,1.);
#3259 = DIRECTION('',(-1.21942287933E-16,1.));
#3260 = ( GEOMETRIC_REPRESENTATION_CONTEXT(2) 
PARAMETRIC_REPRESENTATION_CONTEXT() REPRESENTATION_CONTEXT('2D SPACE',''
  ) );
#3261 = ORIENTED_EDGE('',*,*,#3262,.F.);
#3262 = EDGE_CURVE('',#3263,#3235,#3265,.T.);
#3263 = VERTEX_POINT('',#3264);
#3264 = CARTESIAN_POINT('',(29.440705247628,14.221048912028,
    2.804675674438));
#3265 = SURFACE_CURVE('',#3266,(#3270,#3277),.PCURVE_S1.);
#3266 = LINE('',#3267,#3268);
#3267 = CARTESIAN_POINT('',(14.644035073577,10.011052374724,
    2.804675674438));
#3268 = VECTOR('',#3269,1.);
#3269 = DIRECTION('',(0.961825970055,0.273661841197,0.));
#3270 = PCURVE('',#106,#3271);
#3271 = DEFINITIONAL_REPRESENTATION('',(#3272),#3276);
#3272 = LINE('',#3273,#3274);
#3273 = CARTESIAN_POINT('',(13.245604301047,-9.661452361012));
#3274 = VECTOR('',#3275,1.);
#3275 = DIRECTION('',(0.961825970055,-0.273661841197));
#3276 = ( GEOMETRIC_REPRESENTATION_CONTEXT(2) 
PARAMETRIC_REPRESENTATION_CONTEXT() REPRESENTATION_CONTEXT('2D SPACE',''
  ) );
#3277 = PCURVE('',#3278,#3283);
#3278 = PLANE('',#3279);
#3279 = AXIS2_PLACEMENT_3D('',#3280,#3281,#3282);
#3280 = CARTESIAN_POINT('',(29.440705247628,14.221048912028,
    3.204675674438));
#3281 = DIRECTION('',(-0.273661841197,0.961825970055,-3.351390978711E-17
    ));
#3282 = DIRECTION('',(-1.224646799147E-16,1.047705889747E-31,1.));
#3283 = DEFINITIONAL_REPRESENTATION('',(#3284),#3288);
#3284 = LINE('',#3285,#3286);
#3285 = CARTESIAN_POINT('',(-0.4,-15.38393704757));
#3286 = VECTOR('',#3287,1.);
#3287 = DIRECTION('',(-1.177897095565E-16,1.));
#3288 = ( GEOMETRIC_REPRESENTATION_CONTEXT(2) 
PARAMETRIC_REPRESENTATION_CONTEXT() REPRESENTATION_CONTEXT('2D SPACE',''
  ) );
#3289 = ORIENTED_EDGE('',*,*,#3290,.F.);
#3290 = EDGE_CURVE('',#3291,#3263,#3293,.T.);
#3291 = VERTEX_POINT('',#3292);
#3292 = CARTESIAN_POINT('',(29.002953477609,14.003073295573,
    2.804675674438));
#3293 = SURFACE_CURVE('',#3294,(#3298,#3305),.PCURVE_S1.);
#3294 = LINE('',#3295,#3296);
#3295 = CARTESIAN_POINT('',(15.21905004017,7.139469183135,2.804675674438
    ));
#3296 = VECTOR('',#3297,1.);
#3297 = DIRECTION('',(0.895162365226,0.445740215691,0.));
#3298 = PCURVE('',#106,#3299);
#3299 = DEFINITIONAL_REPRESENTATION('',(#3300),#3304);
#3300 = LINE('',#3301,#3302);
#3301 = CARTESIAN_POINT('',(13.820619267639,-6.789869169423));
#3302 = VECTOR('',#3303,1.);
#3303 = DIRECTION('',(0.895162365226,-0.445740215691));
#3304 = ( GEOMETRIC_REPRESENTATION_CONTEXT(2) 
PARAMETRIC_REPRESENTATION_CONTEXT() REPRESENTATION_CONTEXT('2D SPACE',''
  ) );
#3305 = PCURVE('',#3306,#3311);
#3306 = PLANE('',#3307);
#3307 = AXIS2_PLACEMENT_3D('',#3308,#3309,#3310);
#3308 = CARTESIAN_POINT('',(29.002953477609,14.003073295573,
    3.204675674438));
#3309 = DIRECTION('',(-0.445740215691,0.895162365226,-5.458743283967E-17
    ));
#3310 = DIRECTION('',(-1.224646799147E-16,1.664003471951E-31,1.));
#3311 = DEFINITIONAL_REPRESENTATION('',(#3312),#3316);
#3312 = LINE('',#3313,#3314);
#3313 = CARTESIAN_POINT('',(-0.4,-15.39821598059));
#3314 = VECTOR('',#3315,1.);
#3315 = DIRECTION('',(-1.096257725291E-16,1.));
#3316 = ( GEOMETRIC_REPRESENTATION_CONTEXT(2) 
PARAMETRIC_REPRESENTATION_CONTEXT() REPRESENTATION_CONTEXT('2D SPACE',''
  ) );
#3317 = ORIENTED_EDGE('',*,*,#3318,.F.);
#3318 = EDGE_CURVE('',#3319,#3291,#3321,.T.);
#3319 = VERTEX_POINT('',#3320);
#3320 = CARTESIAN_POINT('',(28.612702317941,13.708370765666,
    2.804675674438));
#3321 = SURFACE_CURVE('',#3322,(#3326,#3333),.PCURVE_S1.);
#3322 = LINE('',#3323,#3324);
#3323 = CARTESIAN_POINT('',(16.735020695841,4.738806584374,
    2.804675674438));
#3324 = VECTOR('',#3325,1.);
#3325 = DIRECTION('',(0.798018668985,0.602632727249,0.));
#3326 = PCURVE('',#106,#3327);
#3327 = DEFINITIONAL_REPRESENTATION('',(#3328),#3332);
#3328 = LINE('',#3329,#3330);
#3329 = CARTESIAN_POINT('',(15.33658992331,-4.389206570661));
#3330 = VECTOR('',#3331,1.);
#3331 = DIRECTION('',(0.798018668985,-0.602632727249));
#3332 = ( GEOMETRIC_REPRESENTATION_CONTEXT(2) 
PARAMETRIC_REPRESENTATION_CONTEXT() REPRESENTATION_CONTEXT('2D SPACE',''
  ) );
#3333 = PCURVE('',#3334,#3339);
#3334 = PLANE('',#3335);
#3335 = AXIS2_PLACEMENT_3D('',#3336,#3337,#3338);
#3336 = CARTESIAN_POINT('',(28.612702317941,13.708370765666,
    3.204675674438));
#3337 = DIRECTION('',(-0.602632727249,0.798018668985,-7.380122404874E-17
    ));
#3338 = DIRECTION('',(-1.224646799147E-16,1.232595164408E-31,1.));
#3339 = DEFINITIONAL_REPRESENTATION('',(#3340),#3344);
#3340 = LINE('',#3341,#3342);
#3341 = CARTESIAN_POINT('',(-0.4,-14.8839646035));
#3342 = VECTOR('',#3343,1.);
#3343 = DIRECTION('',(-9.772910086318E-17,1.));
#3344 = ( GEOMETRIC_REPRESENTATION_CONTEXT(2) 
PARAMETRIC_REPRESENTATION_CONTEXT() REPRESENTATION_CONTEXT('2D SPACE',''
  ) );
#3345 = ORIENTED_EDGE('',*,*,#3346,.F.);
#3346 = EDGE_CURVE('',#3347,#3319,#3349,.T.);
#3347 = VERTEX_POINT('',#3348);
#3348 = CARTESIAN_POINT('',(28.283253617989,13.346979698161,
    2.804675674438));
#3349 = SURFACE_CURVE('',#3350,(#3354,#3361),.PCURVE_S1.);
#3350 = LINE('',#3351,#3352);
#3351 = CARTESIAN_POINT('',(18.946777676364,3.105266776611,
    2.804675674438));
#3352 = VECTOR('',#3353,1.);
#3353 = DIRECTION('',(0.673692529347,0.739011756267,0.));
#3354 = PCURVE('',#106,#3355);
#3355 = DEFINITIONAL_REPRESENTATION('',(#3356),#3360);
#3356 = LINE('',#3357,#3358);
#3357 = CARTESIAN_POINT('',(17.548346903833,-2.755666762898));
#3358 = VECTOR('',#3359,1.);
#3359 = DIRECTION('',(0.673692529347,-0.739011756267));
#3360 = ( GEOMETRIC_REPRESENTATION_CONTEXT(2) 
PARAMETRIC_REPRESENTATION_CONTEXT() REPRESENTATION_CONTEXT('2D SPACE',''
  ) );
#3361 = PCURVE('',#3362,#3367);
#3362 = PLANE('',#3363);
#3363 = AXIS2_PLACEMENT_3D('',#3364,#3365,#3366);
#3364 = CARTESIAN_POINT('',(28.283253617989,13.346979698161,
    3.204675674438));
#3365 = DIRECTION('',(-0.739011756267,0.673692529347,-9.050283818452E-17
    ));
#3366 = DIRECTION('',(-1.224646799147E-16,1.725633230171E-31,1.));
#3367 = DEFINITIONAL_REPRESENTATION('',(#3368),#3372);
#3368 = LINE('',#3369,#3370);
#3369 = CARTESIAN_POINT('',(-0.4,-13.85866034564));
#3370 = VECTOR('',#3371,1.);
#3371 = DIRECTION('',(-8.250353996748E-17,1.));
#3372 = ( GEOMETRIC_REPRESENTATION_CONTEXT(2) 
PARAMETRIC_REPRESENTATION_CONTEXT() REPRESENTATION_CONTEXT('2D SPACE',''
  ) );
#3373 = ORIENTED_EDGE('',*,*,#3374,.F.);
#3374 = EDGE_CURVE('',#3375,#3347,#3377,.T.);
#3375 = VERTEX_POINT('',#3376);
#3376 = CARTESIAN_POINT('',(28.025814958321,12.931204399089,
    2.804675674438));
#3377 = SURFACE_CURVE('',#3378,(#3382,#3389),.PCURVE_S1.);
#3378 = LINE('',#3379,#3380);
#3379 = CARTESIAN_POINT('',(21.520494695448,2.424812385762,
    2.804675674438));
#3380 = VECTOR('',#3381,1.);
#3381 = DIRECTION('',(0.526434370705,0.850215768697,0.));
#3382 = PCURVE('',#106,#3383);
#3383 = DEFINITIONAL_REPRESENTATION('',(#3384),#3388);
#3384 = LINE('',#3385,#3386);
#3385 = CARTESIAN_POINT('',(20.122063922918,-2.075212372049));
#3386 = VECTOR('',#3387,1.);
#3387 = DIRECTION('',(0.526434370705,-0.850215768697));
#3388 = ( GEOMETRIC_REPRESENTATION_CONTEXT(2) 
PARAMETRIC_REPRESENTATION_CONTEXT() REPRESENTATION_CONTEXT('2D SPACE',''
  ) );
#3389 = PCURVE('',#3390,#3395);
#3390 = PLANE('',#3391);
#3391 = AXIS2_PLACEMENT_3D('',#3392,#3393,#3394);
#3392 = CARTESIAN_POINT('',(28.025814958321,12.931204399089,
    3.204675674438));
#3393 = DIRECTION('',(-0.850215768697,0.526434370705,-1.041214019719E-16
    ));
#3394 = DIRECTION('',(-1.224646799147E-16,3.821045009664E-31,1.));
#3395 = DEFINITIONAL_REPRESENTATION('',(#3396),#3400);
#3396 = LINE('',#3397,#3398);
#3397 = CARTESIAN_POINT('',(-0.4,-12.35732434065));
#3398 = VECTOR('',#3399,1.);
#3399 = DIRECTION('',(-6.446961670451E-17,1.));
#3400 = ( GEOMETRIC_REPRESENTATION_CONTEXT(2) 
PARAMETRIC_REPRESENTATION_CONTEXT() REPRESENTATION_CONTEXT('2D SPACE',''
  ) );
#3401 = ORIENTED_EDGE('',*,*,#3402,.F.);
#3402 = EDGE_CURVE('',#3403,#3375,#3405,.T.);
#3403 = VERTEX_POINT('',#3404);
#3404 = CARTESIAN_POINT('',(27.849160142648,12.475205024699,
    2.804675674438));
#3405 = SURFACE_CURVE('',#3406,(#3410,#3417),.PCURVE_S1.);
#3406 = LINE('',#3407,#3408);
#3407 = CARTESIAN_POINT('',(24.081074428098,2.748638998593,
    2.804675674438));
#3408 = VECTOR('',#3409,1.);
#3409 = DIRECTION('',(0.36124116283,0.932472424406,0.));
#3410 = PCURVE('',#106,#3411);
#3411 = DEFINITIONAL_REPRESENTATION('',(#3412),#3416);
#3412 = LINE('',#3413,#3414);
#3413 = CARTESIAN_POINT('',(22.682643655568,-2.39903898488));
#3414 = VECTOR('',#3415,1.);
#3415 = DIRECTION('',(0.36124116283,-0.932472424406));
#3416 = ( GEOMETRIC_REPRESENTATION_CONTEXT(2) 
PARAMETRIC_REPRESENTATION_CONTEXT() REPRESENTATION_CONTEXT('2D SPACE',''
  ) );
#3417 = PCURVE('',#3418,#3423);
#3418 = PLANE('',#3419);
#3419 = AXIS2_PLACEMENT_3D('',#3420,#3421,#3422);
#3420 = CARTESIAN_POINT('',(27.849160142648,12.475205024699,
    3.204675674438));
#3421 = DIRECTION('',(-0.932472424406,0.36124116283,-1.141949369842E-16)
  );
#3422 = DIRECTION('',(-1.224646799147E-16,2.711709361697E-31,1.));
#3423 = DEFINITIONAL_REPRESENTATION('',(#3424),#3428);
#3424 = LINE('',#3425,#3426);
#3425 = CARTESIAN_POINT('',(-0.4,-10.43094226867));
#3426 = VECTOR('',#3427,1.);
#3427 = DIRECTION('',(-4.423928337802E-17,1.));
#3428 = ( GEOMETRIC_REPRESENTATION_CONTEXT(2) 
PARAMETRIC_REPRESENTATION_CONTEXT() REPRESENTATION_CONTEXT('2D SPACE',''
  ) );
#3429 = ORIENTED_EDGE('',*,*,#3430,.F.);
#3430 = EDGE_CURVE('',#3431,#3403,#3433,.T.);
#3431 = VERTEX_POINT('',#3432);
#3432 = CARTESIAN_POINT('',(27.759301133859,11.994507392863,
    2.804675674438));
#3433 = SURFACE_CURVE('',#3434,(#3438,#3445),.PCURVE_S1.);
#3434 = LINE('',#3435,#3436);
#3435 = CARTESIAN_POINT('',(26.262600525295,3.987959715569,
    2.804675674438));
#3436 = VECTOR('',#3437,1.);
#3437 = DIRECTION('',(0.183751588868,0.982972712535,0.));
#3438 = PCURVE('',#106,#3439);
#3439 = DEFINITIONAL_REPRESENTATION('',(#3440),#3444);
#3440 = LINE('',#3441,#3442);
#3441 = CARTESIAN_POINT('',(24.864169752764,-3.638359701857));
#3442 = VECTOR('',#3443,1.);
#3443 = DIRECTION('',(0.183751588868,-0.982972712535));
#3444 = ( GEOMETRIC_REPRESENTATION_CONTEXT(2) 
PARAMETRIC_REPRESENTATION_CONTEXT() REPRESENTATION_CONTEXT('2D SPACE',''
  ) );
#3445 = PCURVE('',#3446,#3451);
#3446 = PLANE('',#3447);
#3447 = AXIS2_PLACEMENT_3D('',#3448,#3449,#3450);
#3448 = CARTESIAN_POINT('',(27.759301133859,11.994507392863,
    3.204675674438));
#3449 = DIRECTION('',(-0.982972712535,0.183751588868,-1.203794386055E-16
    ));
#3450 = DIRECTION('',(-1.224646799147E-16,2.773339119918E-32,1.));
#3451 = DEFINITIONAL_REPRESENTATION('',(#3452),#3456);
#3452 = LINE('',#3453,#3454);
#3453 = CARTESIAN_POINT('',(-0.4,-8.145239003274));
#3454 = VECTOR('',#3455,1.);
#3455 = DIRECTION('',(-2.250307951458E-17,1.));
#3456 = ( GEOMETRIC_REPRESENTATION_CONTEXT(2) 
PARAMETRIC_REPRESENTATION_CONTEXT() REPRESENTATION_CONTEXT('2D SPACE',''
  ) );
#3457 = ORIENTED_EDGE('',*,*,#3458,.T.);
#3458 = EDGE_CURVE('',#3431,#3459,#3461,.T.);
#3459 = VERTEX_POINT('',#3460);
#3460 = CARTESIAN_POINT('',(28.054124616846,11.749997156595,
    2.804675602913));
#3461 = SURFACE_CURVE('',#3462,(#3467,#3478),.PCURVE_S1.);
#3462 = CIRCLE('',#3463,0.3);
#3463 = AXIS2_PLACEMENT_3D('',#3464,#3465,#3466);
#3464 = CARTESIAN_POINT('',(28.054124616846,12.049997156595,
    2.804675674438));
#3465 = DIRECTION('',(0.,0.,1.));
#3466 = DIRECTION('',(-0.982744943292,-0.184965879106,0.));
#3467 = PCURVE('',#106,#3468);
#3468 = DEFINITIONAL_REPRESENTATION('',(#3469),#3477);
#3469 = ( BOUNDED_CURVE() B_SPLINE_CURVE(2,(#3470,#3471,#3472,#3473,
#3474,#3475,#3476),.UNSPECIFIED.,.T.,.F.) B_SPLINE_CURVE_WITH_KNOTS((1,2
    ,2,2,2,1),(-2.094395102393,0.,2.094395102393,4.188790204786,
6.28318530718,8.377580409573),.UNSPECIFIED.) CURVE() 
GEOMETRIC_REPRESENTATION_ITEM() RATIONAL_B_SPLINE_CURVE((1.,0.5,1.,0.5,
1.,0.5,1.)) REPRESENTATION_ITEM('') );
#3470 = CARTESIAN_POINT('',(26.360870361328,-11.64490737915));
#3471 = CARTESIAN_POINT('',(26.456981451412,-11.13425812735));
#3472 = CARTESIAN_POINT('',(26.851161130851,-11.47281739884));
#3473 = CARTESIAN_POINT('',(27.245340810291,-11.81137667034));
#3474 = CARTESIAN_POINT('',(26.755050040768,-11.98346665064));
#3475 = CARTESIAN_POINT('',(26.264759271244,-12.15555663094));
#3476 = CARTESIAN_POINT('',(26.360870361328,-11.64490737915));
#3477 = ( GEOMETRIC_REPRESENTATION_CONTEXT(2) 
PARAMETRIC_REPRESENTATION_CONTEXT() REPRESENTATION_CONTEXT('2D SPACE',''
  ) );
#3478 = PCURVE('',#3479,#3484);
#3479 = CYLINDRICAL_SURFACE('',#3480,0.3);
#3480 = AXIS2_PLACEMENT_3D('',#3481,#3482,#3483);
#3481 = CARTESIAN_POINT('',(28.054124616846,12.049997156595,
    3.204675674438));
#3482 = DIRECTION('',(-1.224646799147E-16,0.,1.));
#3483 = DIRECTION('',(-0.982744943292,-0.184965879106,
    -1.203515449181E-16));
#3484 = DEFINITIONAL_REPRESENTATION('',(#3485),#3489);
#3485 = LINE('',#3486,#3487);
#3486 = CARTESIAN_POINT('',(0.,-0.4));
#3487 = VECTOR('',#3488,1.);
#3488 = DIRECTION('',(1.,0.));
#3489 = ( GEOMETRIC_REPRESENTATION_CONTEXT(2) 
PARAMETRIC_REPRESENTATION_CONTEXT() REPRESENTATION_CONTEXT('2D SPACE',''
  ) );
#3490 = ORIENTED_EDGE('',*,*,#3491,.F.);
#3491 = EDGE_CURVE('',#3492,#3459,#3494,.T.);
#3492 = VERTEX_POINT('',#3493);
#3493 = CARTESIAN_POINT('',(28.572484614595,11.749997156595,
    2.804675602913));
#3494 = SURFACE_CURVE('',#3495,(#3499,#3506),.PCURVE_S1.);
#3495 = LINE('',#3496,#3497);
#3496 = CARTESIAN_POINT('',(27.797998240948,11.749997156595,
    2.804675602913));
#3497 = VECTOR('',#3498,1.);
#3498 = DIRECTION('',(-1.,0.,0.));
#3499 = PCURVE('',#106,#3500);
#3500 = DEFINITIONAL_REPRESENTATION('',(#3501),#3505);
#3501 = LINE('',#3502,#3503);
#3502 = CARTESIAN_POINT('',(26.399567468418,-11.40039714288));
#3503 = VECTOR('',#3504,1.);
#3504 = DIRECTION('',(-1.,0.));
#3505 = ( GEOMETRIC_REPRESENTATION_CONTEXT(2) 
PARAMETRIC_REPRESENTATION_CONTEXT() REPRESENTATION_CONTEXT('2D SPACE',''
  ) );
#3506 = PCURVE('',#3507,#3512);
#3507 = PLANE('',#3508);
#3508 = AXIS2_PLACEMENT_3D('',#3509,#3510,#3511);
#3509 = CARTESIAN_POINT('',(28.847998240948,11.749997156595,
    0.404675602913));
#3510 = DIRECTION('',(0.,1.,0.));
#3511 = DIRECTION('',(-1.,0.,0.));
#3512 = DEFINITIONAL_REPRESENTATION('',(#3513),#3517);
#3513 = LINE('',#3514,#3515);
#3514 = CARTESIAN_POINT('',(1.05,2.4));
#3515 = VECTOR('',#3516,1.);
#3516 = DIRECTION('',(1.,0.));
#3517 = ( GEOMETRIC_REPRESENTATION_CONTEXT(2) 
PARAMETRIC_REPRESENTATION_CONTEXT() REPRESENTATION_CONTEXT('2D SPACE',''
  ) );
#3518 = ORIENTED_EDGE('',*,*,#3519,.T.);
#3519 = EDGE_CURVE('',#3492,#3520,#3522,.T.);
#3520 = VERTEX_POINT('',#3521);
#3521 = CARTESIAN_POINT('',(28.868513851301,12.001348507946,
    2.804675674438));
#3522 = SURFACE_CURVE('',#3523,(#3528,#3539),.PCURVE_S1.);
#3523 = CIRCLE('',#3524,0.3);
#3524 = AXIS2_PLACEMENT_3D('',#3525,#3526,#3527);
#3525 = CARTESIAN_POINT('',(28.572484614595,12.049997156595,
    2.804675674438));
#3526 = DIRECTION('',(0.,0.,1.));
#3527 = DIRECTION('',(0.647239460261,-0.762286744658,0.));
#3528 = PCURVE('',#106,#3529);
#3529 = DEFINITIONAL_REPRESENTATION('',(#3530),#3538);
#3530 = ( BOUNDED_CURVE() B_SPLINE_CURVE(2,(#3531,#3532,#3533,#3534,
#3535,#3536,#3537),.UNSPECIFIED.,.T.,.F.) B_SPLINE_CURVE_WITH_KNOTS((1,2
    ,2,2,2,1),(-2.094395102393,0.,2.094395102393,4.188790204786,
6.28318530718,8.377580409573),.UNSPECIFIED.) CURVE() 
GEOMETRIC_REPRESENTATION_ITEM() RATIONAL_B_SPLINE_CURVE((1.,0.5,1.,0.5,
1.,0.5,1.)) REPRESENTATION_ITEM('') );
#3531 = CARTESIAN_POINT('',(27.368225680143,-11.47171111948));
#3532 = CARTESIAN_POINT('',(27.764321491648,-11.80802660843));
#3533 = CARTESIAN_POINT('',(27.275015828778,-11.98289789905));
#3534 = CARTESIAN_POINT('',(26.785710165908,-12.15776918967));
#3535 = CARTESIAN_POINT('',(26.878920017273,-11.6465824101));
#3536 = CARTESIAN_POINT('',(26.972129868638,-11.13539563053));
#3537 = CARTESIAN_POINT('',(27.368225680143,-11.47171111948));
#3538 = ( GEOMETRIC_REPRESENTATION_CONTEXT(2) 
PARAMETRIC_REPRESENTATION_CONTEXT() REPRESENTATION_CONTEXT('2D SPACE',''
  ) );
#3539 = PCURVE('',#3540,#3545);
#3540 = CYLINDRICAL_SURFACE('',#3541,0.3);
#3541 = AXIS2_PLACEMENT_3D('',#3542,#3543,#3544);
#3542 = CARTESIAN_POINT('',(28.572484614595,12.049997156595,
    4.80467569828));
#3543 = DIRECTION('',(0.,0.,-1.));
#3544 = DIRECTION('',(0.647239460261,-0.762286744658,0.));
#3545 = DEFINITIONAL_REPRESENTATION('',(#3546),#3550);
#3546 = LINE('',#3547,#3548);
#3547 = CARTESIAN_POINT('',(12.566370614359,2.000000023842));
#3548 = VECTOR('',#3549,1.);
#3549 = DIRECTION('',(-1.,0.));
#3550 = ( GEOMETRIC_REPRESENTATION_CONTEXT(2) 
PARAMETRIC_REPRESENTATION_CONTEXT() REPRESENTATION_CONTEXT('2D SPACE',''
  ) );
#3551 = ORIENTED_EDGE('',*,*,#3552,.F.);
#3552 = EDGE_CURVE('',#2888,#3520,#3553,.T.);
#3553 = SURFACE_CURVE('',#3554,(#3559,#3566),.PCURVE_S1.);
#3554 = CIRCLE('',#3555,1.55);
#3555 = AXIS2_PLACEMENT_3D('',#3556,#3557,#3558);
#3556 = CARTESIAN_POINT('',(30.397998240948,11.749997156595,
    2.804675602913));
#3557 = DIRECTION('',(0.,0.,-1.));
#3558 = DIRECTION('',(-1.,0.,0.));
#3559 = PCURVE('',#106,#3560);
#3560 = DEFINITIONAL_REPRESENTATION('',(#3561),#3565);
#3561 = CIRCLE('',#3562,1.55);
#3562 = AXIS2_PLACEMENT_2D('',#3563,#3564);
#3563 = CARTESIAN_POINT('',(28.999567468418,-11.40039714288));
#3564 = DIRECTION('',(-1.,0.));
#3565 = ( GEOMETRIC_REPRESENTATION_CONTEXT(2) 
PARAMETRIC_REPRESENTATION_CONTEXT() REPRESENTATION_CONTEXT('2D SPACE',''
  ) );
#3566 = PCURVE('',#2904,#3567);
#3567 = DEFINITIONAL_REPRESENTATION('',(#3568),#3572);
#3568 = LINE('',#3569,#3570);
#3569 = CARTESIAN_POINT('',(0.,2.000000095367));
#3570 = VECTOR('',#3571,1.);
#3571 = DIRECTION('',(1.,0.));
#3572 = ( GEOMETRIC_REPRESENTATION_CONTEXT(2) 
PARAMETRIC_REPRESENTATION_CONTEXT() REPRESENTATION_CONTEXT('2D SPACE',''
  ) );
#3573 = FACE_BOUND('',#3574,.T.);
#3574 = EDGE_LOOP('',(#3575,#3605,#3633,#3661,#3689,#3717,#3745,#3773,
    #3801,#3829,#3857,#3885,#3913,#3941,#3969,#3997,#4025,#4053,#4081,
    #4109,#4137,#4165,#4193,#4221,#4249,#4277,#4305,#4333,#4361,#4389,
    #4417,#4445,#4473,#4501));
#3575 = ORIENTED_EDGE('',*,*,#3576,.F.);
#3576 = EDGE_CURVE('',#3577,#3579,#3581,.T.);
#3577 = VERTEX_POINT('',#3578);
#3578 = CARTESIAN_POINT('',(30.397995897042,-14.40000281669,
    2.804675674438));
#3579 = VERTEX_POINT('',#3580);
#3580 = CARTESIAN_POINT('',(29.911061235177,-14.35488156416,
    2.804675674438));
#3581 = SURFACE_CURVE('',#3582,(#3586,#3593),.PCURVE_S1.);
#3582 = LINE('',#3583,#3584);
#3583 = CARTESIAN_POINT('',(15.344097369977,-13.00505024852,
    2.804675674438));
#3584 = VECTOR('',#3585,1.);
#3585 = DIRECTION('',(-0.995734155387,9.226858509642E-02,0.));
#3586 = PCURVE('',#106,#3587);
#3587 = DEFINITIONAL_REPRESENTATION('',(#3588),#3592);
#3588 = LINE('',#3589,#3590);
#3589 = CARTESIAN_POINT('',(13.945666597447,13.354650262234));
#3590 = VECTOR('',#3591,1.);
#3591 = DIRECTION('',(-0.995734155387,-9.226858509642E-02));
#3592 = ( GEOMETRIC_REPRESENTATION_CONTEXT(2) 
PARAMETRIC_REPRESENTATION_CONTEXT() REPRESENTATION_CONTEXT('2D SPACE',''
  ) );
#3593 = PCURVE('',#3594,#3599);
#3594 = PLANE('',#3595);
#3595 = AXIS2_PLACEMENT_3D('',#3596,#3597,#3598);
#3596 = CARTESIAN_POINT('',(30.397995897042,-14.40000281669,
    3.204675674438));
#3597 = DIRECTION('',(-9.226858509642E-02,-0.995734155387,
    -1.129964274002E-17));
#3598 = DIRECTION('',(1.224646799147E-16,3.543711097673E-32,-1.));
#3599 = DEFINITIONAL_REPRESENTATION('',(#3600),#3604);
#3600 = LINE('',#3601,#3602);
#3601 = CARTESIAN_POINT('',(0.4,-15.11839123487));
#3602 = VECTOR('',#3603,1.);
#3603 = DIRECTION('',(-1.219422646196E-16,-1.));
#3604 = ( GEOMETRIC_REPRESENTATION_CONTEXT(2) 
PARAMETRIC_REPRESENTATION_CONTEXT() REPRESENTATION_CONTEXT('2D SPACE',''
  ) );
#3605 = ORIENTED_EDGE('',*,*,#3606,.F.);
#3606 = EDGE_CURVE('',#3607,#3577,#3609,.T.);
#3607 = VERTEX_POINT('',#3608);
#3608 = CARTESIAN_POINT('',(30.884934373605,-14.35488156416,
    2.804675674438));
#3609 = SURFACE_CURVE('',#3610,(#3614,#3621),.PCURVE_S1.);
#3610 = LINE('',#3611,#3612);
#3611 = CARTESIAN_POINT('',(16.942678962335,-15.6468148527,
    2.804675674438));
#3612 = VECTOR('',#3613,1.);
#3613 = DIRECTION('',(-0.995734221797,-9.226786841409E-02,0.));
#3614 = PCURVE('',#106,#3615);
#3615 = DEFINITIONAL_REPRESENTATION('',(#3616),#3620);
#3616 = LINE('',#3617,#3618);
#3617 = CARTESIAN_POINT('',(15.544248189804,15.996414866417));
#3618 = VECTOR('',#3619,1.);
#3619 = DIRECTION('',(-0.995734221797,9.226786841409E-02));
#3620 = ( GEOMETRIC_REPRESENTATION_CONTEXT(2) 
PARAMETRIC_REPRESENTATION_CONTEXT() REPRESENTATION_CONTEXT('2D SPACE',''
  ) );
#3621 = PCURVE('',#3622,#3627);
#3622 = PLANE('',#3623);
#3623 = AXIS2_PLACEMENT_3D('',#3624,#3625,#3626);
#3624 = CARTESIAN_POINT('',(30.884934373605,-14.35488156416,
    3.204675674438));
#3625 = DIRECTION('',(9.226786841409E-02,-0.995734221797,
    1.129955497175E-17));
#3626 = DIRECTION('',(1.224646799147E-16,-3.543711097673E-32,-1.));
#3627 = DEFINITIONAL_REPRESENTATION('',(#3628),#3632);
#3628 = LINE('',#3629,#3630);
#3629 = CARTESIAN_POINT('',(0.4,-14.0019847727));
#3630 = VECTOR('',#3631,1.);
#3631 = DIRECTION('',(-1.219422727526E-16,-1.));
#3632 = ( GEOMETRIC_REPRESENTATION_CONTEXT(2) 
PARAMETRIC_REPRESENTATION_CONTEXT() REPRESENTATION_CONTEXT('2D SPACE',''
  ) );
#3633 = ORIENTED_EDGE('',*,*,#3634,.F.);
#3634 = EDGE_CURVE('',#3635,#3607,#3637,.T.);
#3635 = VERTEX_POINT('',#3636);
#3636 = CARTESIAN_POINT('',(31.355286546456,-14.22105423547,
    2.804675674438));
#3637 = SURFACE_CURVE('',#3638,(#3642,#3649),.PCURVE_S1.);
#3638 = LINE('',#3639,#3640);
#3639 = CARTESIAN_POINT('',(19.416246372339,-17.6180192029,
    2.804675674438));
#3640 = VECTOR('',#3641,1.);
#3641 = DIRECTION('',(-0.961825321688,-0.273664119972,0.));
#3642 = PCURVE('',#106,#3643);
#3643 = DEFINITIONAL_REPRESENTATION('',(#3644),#3648);
#3644 = LINE('',#3645,#3646);
#3645 = CARTESIAN_POINT('',(18.017815599808,17.967619216615));
#3646 = VECTOR('',#3647,1.);
#3647 = DIRECTION('',(-0.961825321688,0.273664119972));
#3648 = ( GEOMETRIC_REPRESENTATION_CONTEXT(2) 
PARAMETRIC_REPRESENTATION_CONTEXT() REPRESENTATION_CONTEXT('2D SPACE',''
  ) );
#3649 = PCURVE('',#3650,#3655);
#3650 = PLANE('',#3651);
#3651 = AXIS2_PLACEMENT_3D('',#3652,#3653,#3654);
#3652 = CARTESIAN_POINT('',(31.355286546456,-14.22105423547,
    3.204675674438));
#3653 = DIRECTION('',(0.273664119972,-0.961825321688,3.351418885647E-17)
  );
#3654 = DIRECTION('',(1.224646799147E-16,-9.244463733059E-32,-1.));
#3655 = DEFINITIONAL_REPRESENTATION('',(#3656),#3660);
#3656 = LINE('',#3657,#3658);
#3657 = CARTESIAN_POINT('',(0.4,-12.4128985845));
#3658 = VECTOR('',#3659,1.);
#3659 = DIRECTION('',(-1.177896301544E-16,-1.));
#3660 = ( GEOMETRIC_REPRESENTATION_CONTEXT(2) 
PARAMETRIC_REPRESENTATION_CONTEXT() REPRESENTATION_CONTEXT('2D SPACE',''
  ) );
#3661 = ORIENTED_EDGE('',*,*,#3662,.F.);
#3662 = EDGE_CURVE('',#3663,#3635,#3665,.T.);
#3663 = VERTEX_POINT('',#3664);
#3664 = CARTESIAN_POINT('',(31.793042131173,-14.00307826139,
    2.804675674438));
#3665 = SURFACE_CURVE('',#3666,(#3670,#3677),.PCURVE_S1.);
#3666 = LINE('',#3667,#3668);
#3667 = CARTESIAN_POINT('',(22.478586778956,-18.64111727068,
    2.804675674438));
#3668 = VECTOR('',#3669,1.);
#3669 = DIRECTION('',(-0.895163623289,-0.445737689163,0.));
#3670 = PCURVE('',#106,#3671);
#3671 = DEFINITIONAL_REPRESENTATION('',(#3672),#3676);
#3672 = LINE('',#3673,#3674);
#3673 = CARTESIAN_POINT('',(21.080156006425,18.9907172844));
#3674 = VECTOR('',#3675,1.);
#3675 = DIRECTION('',(-0.895163623289,0.445737689163));
#3676 = ( GEOMETRIC_REPRESENTATION_CONTEXT(2) 
PARAMETRIC_REPRESENTATION_CONTEXT() REPRESENTATION_CONTEXT('2D SPACE',''
  ) );
#3677 = PCURVE('',#3678,#3683);
#3678 = PLANE('',#3679);
#3679 = AXIS2_PLACEMENT_3D('',#3680,#3681,#3682);
#3680 = CARTESIAN_POINT('',(31.793042131173,-14.00307826139,
    3.204675674438));
#3681 = DIRECTION('',(0.445737689163,-0.895163623289,5.458712342931E-17)
  );
#3682 = DIRECTION('',(1.224646799147E-16,-1.787262988391E-31,-1.));
#3683 = DEFINITIONAL_REPRESENTATION('',(#3684),#3688);
#3684 = LINE('',#3685,#3686);
#3685 = CARTESIAN_POINT('',(0.4,-10.4053103923));
#3686 = VECTOR('',#3687,1.);
#3687 = DIRECTION('',(-1.096259265974E-16,-1.));
#3688 = ( GEOMETRIC_REPRESENTATION_CONTEXT(2) 
PARAMETRIC_REPRESENTATION_CONTEXT() REPRESENTATION_CONTEXT('2D SPACE',''
  ) );
#3689 = ORIENTED_EDGE('',*,*,#3690,.F.);
#3690 = EDGE_CURVE('',#3691,#3663,#3693,.T.);
#3691 = VERTEX_POINT('',#3692);
#3692 = CARTESIAN_POINT('',(32.183289476144,-13.70837644674,
    2.804675674438));
#3693 = SURFACE_CURVE('',#3694,(#3698,#3705),.PCURVE_S1.);
#3694 = LINE('',#3695,#3696);
#3695 = CARTESIAN_POINT('',(25.761255336258,-18.55808302173,
    2.804675674438));
#3696 = VECTOR('',#3697,1.);
#3697 = DIRECTION('',(-0.798016539434,-0.602635547234,0.));
#3698 = PCURVE('',#106,#3699);
#3699 = DEFINITIONAL_REPRESENTATION('',(#3700),#3704);
#3700 = LINE('',#3701,#3702);
#3701 = CARTESIAN_POINT('',(24.362824563728,18.90768303545));
#3702 = VECTOR('',#3703,1.);
#3703 = DIRECTION('',(-0.798016539434,0.602635547234));
#3704 = ( GEOMETRIC_REPRESENTATION_CONTEXT(2) 
PARAMETRIC_REPRESENTATION_CONTEXT() REPRESENTATION_CONTEXT('2D SPACE',''
  ) );
#3705 = PCURVE('',#3706,#3711);
#3706 = PLANE('',#3707);
#3707 = AXIS2_PLACEMENT_3D('',#3708,#3709,#3710);
#3708 = CARTESIAN_POINT('',(32.183289476144,-13.70837644674,
    3.204675674438));
#3709 = DIRECTION('',(0.602635547234,-0.798016539434,7.380156939726E-17)
  );
#3710 = DIRECTION('',(1.224646799147E-16,-8.628166150855E-32,-1.));
#3711 = DEFINITIONAL_REPRESENTATION('',(#3712),#3716);
#3712 = LINE('',#3713,#3714);
#3713 = CARTESIAN_POINT('',(0.4,-8.047495036183));
#3714 = VECTOR('',#3715,1.);
#3715 = DIRECTION('',(-9.772884006843E-17,-1.));
#3716 = ( GEOMETRIC_REPRESENTATION_CONTEXT(2) 
PARAMETRIC_REPRESENTATION_CONTEXT() REPRESENTATION_CONTEXT('2D SPACE',''
  ) );
#3717 = ORIENTED_EDGE('',*,*,#3718,.F.);
#3718 = EDGE_CURVE('',#3719,#3691,#3721,.T.);
#3719 = VERTEX_POINT('',#3720);
#3720 = CARTESIAN_POINT('',(32.512741990792,-13.34698466398,
    2.804675674438));
#3721 = SURFACE_CURVE('',#3722,(#3726,#3733),.PCURVE_S1.);
#3722 = LINE('',#3723,#3724);
#3723 = CARTESIAN_POINT('',(28.861411765415,-17.35229857395,
    2.804675674438));
#3724 = VECTOR('',#3725,1.);
#3725 = DIRECTION('',(-0.673696061387,-0.7390085364,0.));
#3726 = PCURVE('',#106,#3727);
#3727 = DEFINITIONAL_REPRESENTATION('',(#3728),#3732);
#3728 = LINE('',#3729,#3730);
#3729 = CARTESIAN_POINT('',(27.462980992885,17.701898587668));
#3730 = VECTOR('',#3731,1.);
#3731 = DIRECTION('',(-0.673696061387,0.7390085364));
#3732 = ( GEOMETRIC_REPRESENTATION_CONTEXT(2) 
PARAMETRIC_REPRESENTATION_CONTEXT() REPRESENTATION_CONTEXT('2D SPACE',''
  ) );
#3733 = PCURVE('',#3734,#3739);
#3734 = PLANE('',#3735);
#3735 = AXIS2_PLACEMENT_3D('',#3736,#3737,#3738);
#3736 = CARTESIAN_POINT('',(32.512741990792,-13.34698466398,
    3.204675674438));
#3737 = DIRECTION('',(0.7390085364,-0.673696061387,9.050244386443E-17));
#3738 = DIRECTION('',(1.224646799147E-16,-1.355854680849E-31,-1.));
#3739 = DEFINITIONAL_REPRESENTATION('',(#3740),#3744);
#3740 = LINE('',#3741,#3742);
#3741 = CARTESIAN_POINT('',(0.4,-5.41984796209));
#3742 = VECTOR('',#3743,1.);
#3743 = DIRECTION('',(-8.250397251759E-17,-1.));
#3744 = ( GEOMETRIC_REPRESENTATION_CONTEXT(2) 
PARAMETRIC_REPRESENTATION_CONTEXT() REPRESENTATION_CONTEXT('2D SPACE',''
  ) );
#3745 = ORIENTED_EDGE('',*,*,#3746,.F.);
#3746 = EDGE_CURVE('',#3747,#3719,#3749,.T.);
#3747 = VERTEX_POINT('',#3748);
#3748 = CARTESIAN_POINT('',(32.77018065046,-12.93120948412,
    2.804675674438));
#3749 = SURFACE_CURVE('',#3750,(#3754,#3761),.PCURVE_S1.);
#3750 = LINE('',#3751,#3752);
#3751 = CARTESIAN_POINT('',(31.395234320043,-15.15181053358,
    2.804675674438));
#3752 = VECTOR('',#3753,1.);
#3753 = DIRECTION('',(-0.526434479812,-0.85021570114,0.));
#3754 = PCURVE('',#106,#3755);
#3755 = DEFINITIONAL_REPRESENTATION('',(#3756),#3760);
#3756 = LINE('',#3757,#3758);
#3757 = CARTESIAN_POINT('',(29.996803547512,15.501410547297));
#3758 = VECTOR('',#3759,1.);
#3759 = DIRECTION('',(-0.526434479812,0.85021570114));
#3760 = ( GEOMETRIC_REPRESENTATION_CONTEXT(2) 
PARAMETRIC_REPRESENTATION_CONTEXT() REPRESENTATION_CONTEXT('2D SPACE',''
  ) );
#3761 = PCURVE('',#3762,#3767);
#3762 = PLANE('',#3763);
#3763 = AXIS2_PLACEMENT_3D('',#3764,#3765,#3766);
#3764 = CARTESIAN_POINT('',(32.77018065046,-12.93120948412,
    3.204675674438));
#3765 = DIRECTION('',(0.85021570114,-0.526434479812,1.041213936986E-16)
  );
#3766 = DIRECTION('',(1.224646799147E-16,-3.019858152799E-31,-1.));
#3767 = DEFINITIONAL_REPRESENTATION('',(#3768),#3772);
#3768 = LINE('',#3769,#3770);
#3769 = CARTESIAN_POINT('',(0.4,-2.611809034445));
#3770 = VECTOR('',#3771,1.);
#3771 = DIRECTION('',(-6.446963006631E-17,-1.));
#3772 = ( GEOMETRIC_REPRESENTATION_CONTEXT(2) 
PARAMETRIC_REPRESENTATION_CONTEXT() REPRESENTATION_CONTEXT('2D SPACE',''
  ) );
#3773 = ORIENTED_EDGE('',*,*,#3774,.F.);
#3774 = EDGE_CURVE('',#3775,#3747,#3777,.T.);
#3775 = VERTEX_POINT('',#3776);
#3776 = CARTESIAN_POINT('',(32.946831651437,-12.47520987131,
    2.804675674438));
#3777 = SURFACE_CURVE('',#3778,(#3782,#3789),.PCURVE_S1.);
#3778 = LINE('',#3779,#3780);
#3779 = CARTESIAN_POINT('',(33.048420507366,-12.21297258585,
    2.804675674438));
#3780 = VECTOR('',#3781,1.);
#3781 = DIRECTION('',(-0.361234215858,-0.932475115643,0.));
#3782 = PCURVE('',#106,#3783);
#3783 = DEFINITIONAL_REPRESENTATION('',(#3784),#3788);
#3784 = LINE('',#3785,#3786);
#3785 = CARTESIAN_POINT('',(31.649989734836,12.562572599567));
#3786 = VECTOR('',#3787,1.);
#3787 = DIRECTION('',(-0.361234215858,0.932475115643));
#3788 = ( GEOMETRIC_REPRESENTATION_CONTEXT(2) 
PARAMETRIC_REPRESENTATION_CONTEXT() REPRESENTATION_CONTEXT('2D SPACE',''
  ) );
#3789 = PCURVE('',#3790,#3795);
#3790 = PLANE('',#3791);
#3791 = AXIS2_PLACEMENT_3D('',#3792,#3793,#3794);
#3792 = CARTESIAN_POINT('',(32.946831651437,-12.47520987131,
    3.204675674438));
#3793 = DIRECTION('',(0.932475115643,-0.361234215858,1.141952665657E-16)
  );
#3794 = DIRECTION('',(1.224646799147E-16,-9.244463733059E-32,-1.));
#3795 = DEFINITIONAL_REPRESENTATION('',(#3796),#3800);
#3796 = LINE('',#3797,#3798);
#3797 = CARTESIAN_POINT('',(0.4,0.281227113795));
#3798 = VECTOR('',#3799,1.);
#3799 = DIRECTION('',(-4.423843261924E-17,-1.));
#3800 = ( GEOMETRIC_REPRESENTATION_CONTEXT(2) 
PARAMETRIC_REPRESENTATION_CONTEXT() REPRESENTATION_CONTEXT('2D SPACE',''
  ) );
#3801 = ORIENTED_EDGE('',*,*,#3802,.F.);
#3802 = EDGE_CURVE('',#3803,#3775,#3805,.T.);
#3803 = VERTEX_POINT('',#3804);
#3804 = CARTESIAN_POINT('',(33.036690660226,-11.9945139084,
    2.804675674438));
#3805 = SURFACE_CURVE('',#3806,(#3810,#3817),.PCURVE_S1.);
#3806 = LINE('',#3807,#3808);
#3807 = CARTESIAN_POINT('',(33.617377552763,-8.888160425136,
    2.804675674438));
#3808 = VECTOR('',#3809,1.);
#3809 = DIRECTION('',(-0.183752205295,-0.982972597303,0.));
#3810 = PCURVE('',#106,#3811);
#3811 = DEFINITIONAL_REPRESENTATION('',(#3812),#3816);
#3812 = LINE('',#3813,#3814);
#3813 = CARTESIAN_POINT('',(32.218946780233,9.237760438849));
#3814 = VECTOR('',#3815,1.);
#3815 = DIRECTION('',(-0.183752205295,0.982972597303));
#3816 = ( GEOMETRIC_REPRESENTATION_CONTEXT(2) 
PARAMETRIC_REPRESENTATION_CONTEXT() REPRESENTATION_CONTEXT('2D SPACE',''
  ) );
#3817 = PCURVE('',#3818,#3823);
#3818 = PLANE('',#3819);
#3819 = AXIS2_PLACEMENT_3D('',#3820,#3821,#3822);
#3820 = CARTESIAN_POINT('',(33.036690660226,-11.9945139084,
    3.204675674438));
#3821 = DIRECTION('',(0.982972597303,-0.183752205295,1.203794244937E-16)
  );
#3822 = DIRECTION('',(1.224646799147E-16,-1.109335647967E-31,-1.));
#3823 = DEFINITIONAL_REPRESENTATION('',(#3824),#3828);
#3824 = LINE('',#3825,#3826);
#3825 = CARTESIAN_POINT('',(0.4,3.160162848682));
#3826 = VECTOR('',#3827,1.);
#3827 = DIRECTION('',(-2.250315500511E-17,-1.));
#3828 = ( GEOMETRIC_REPRESENTATION_CONTEXT(2) 
PARAMETRIC_REPRESENTATION_CONTEXT() REPRESENTATION_CONTEXT('2D SPACE',''
  ) );
#3829 = ORIENTED_EDGE('',*,*,#3830,.F.);
#3830 = EDGE_CURVE('',#3831,#3803,#3833,.T.);
#3831 = VERTEX_POINT('',#3832);
#3832 = CARTESIAN_POINT('',(33.036690660226,-11.50549165346,
    2.804675674438));
#3833 = SURFACE_CURVE('',#3834,(#3838,#3845),.PCURVE_S1.);
#3834 = LINE('',#3835,#3836);
#3835 = CARTESIAN_POINT('',(33.036690660226,-5.577945819875,
    2.804675674438));
#3836 = VECTOR('',#3837,1.);
#3837 = DIRECTION('',(-9.95799250103E-17,-1.,0.));
#3838 = PCURVE('',#106,#3839);
#3839 = DEFINITIONAL_REPRESENTATION('',(#3840),#3844);
#3840 = LINE('',#3841,#3842);
#3841 = CARTESIAN_POINT('',(31.638259887695,5.927545833588));
#3842 = VECTOR('',#3843,1.);
#3843 = DIRECTION('',(-9.95799250103E-17,1.));
#3844 = ( GEOMETRIC_REPRESENTATION_CONTEXT(2) 
PARAMETRIC_REPRESENTATION_CONTEXT() REPRESENTATION_CONTEXT('2D SPACE',''
  ) );
#3845 = PCURVE('',#3846,#3851);
#3846 = PLANE('',#3847);
#3847 = AXIS2_PLACEMENT_3D('',#3848,#3849,#3850);
#3848 = CARTESIAN_POINT('',(33.036690660226,-11.50549165346,
    3.204675674438));
#3849 = DIRECTION('',(1.,-9.95799250103E-17,1.224646799147E-16));
#3850 = DIRECTION('',(1.224646799147E-16,1.499759782662E-32,-1.));
#3851 = DEFINITIONAL_REPRESENTATION('',(#3852),#3856);
#3852 = LINE('',#3853,#3854);
#3853 = CARTESIAN_POINT('',(0.4,5.927545833588));
#3854 = VECTOR('',#3855,1.);
#3855 = DIRECTION('',(-2.719262146894E-32,-1.));
#3856 = ( GEOMETRIC_REPRESENTATION_CONTEXT(2) 
PARAMETRIC_REPRESENTATION_CONTEXT() REPRESENTATION_CONTEXT('2D SPACE',''
  ) );
#3857 = ORIENTED_EDGE('',*,*,#3858,.F.);
#3858 = EDGE_CURVE('',#3859,#3831,#3861,.T.);
#3859 = VERTEX_POINT('',#3860);
#3860 = CARTESIAN_POINT('',(32.946831651437,-11.02479592897,
    2.804675674438));
#3861 = SURFACE_CURVE('',#3862,(#3866,#3873),.PCURVE_S1.);
#3862 = LINE('',#3863,#3864);
#3863 = CARTESIAN_POINT('',(31.386975857579,-2.68043490131,
    2.804675674438));
#3864 = VECTOR('',#3865,1.);
#3865 = DIRECTION('',(0.183752293357,-0.982972580841,0.));
#3866 = PCURVE('',#106,#3867);
#3867 = DEFINITIONAL_REPRESENTATION('',(#3868),#3872);
#3868 = LINE('',#3869,#3870);
#3869 = CARTESIAN_POINT('',(29.988545085049,3.030034915023));
#3870 = VECTOR('',#3871,1.);
#3871 = DIRECTION('',(0.183752293357,0.982972580841));
#3872 = ( GEOMETRIC_REPRESENTATION_CONTEXT(2) 
PARAMETRIC_REPRESENTATION_CONTEXT() REPRESENTATION_CONTEXT('2D SPACE',''
  ) );
#3873 = PCURVE('',#3874,#3879);
#3874 = PLANE('',#3875);
#3875 = AXIS2_PLACEMENT_3D('',#3876,#3877,#3878);
#3876 = CARTESIAN_POINT('',(32.946831651437,-11.02479592897,
    3.204675674438));
#3877 = DIRECTION('',(0.982972580841,0.183752293357,1.203794224777E-16)
  );
#3878 = DIRECTION('',(1.224646799147E-16,1.54074395551E-31,-1.));
#3879 = DEFINITIONAL_REPRESENTATION('',(#3880),#3884);
#3880 = LINE('',#3881,#3882);
#3881 = CARTESIAN_POINT('',(0.4,8.488905174264));
#3882 = VECTOR('',#3883,1.);
#3883 = DIRECTION('',(2.250316578951E-17,-1.));
#3884 = ( GEOMETRIC_REPRESENTATION_CONTEXT(2) 
PARAMETRIC_REPRESENTATION_CONTEXT() REPRESENTATION_CONTEXT('2D SPACE',''
  ) );
#3885 = ORIENTED_EDGE('',*,*,#3886,.F.);
#3886 = EDGE_CURVE('',#3887,#3859,#3889,.T.);
#3887 = VERTEX_POINT('',#3888);
#3888 = CARTESIAN_POINT('',(32.77018065046,-10.56879607774,
    2.804675674438));
#3889 = SURFACE_CURVE('',#3890,(#3894,#3901),.PCURVE_S1.);
#3890 = LINE('',#3891,#3892);
#3891 = CARTESIAN_POINT('',(28.88444417572,-0.53831085778,2.804675674438
    ));
#3892 = VECTOR('',#3893,1.);
#3893 = DIRECTION('',(0.361234051633,-0.932475179263,0.));
#3894 = PCURVE('',#106,#3895);
#3895 = DEFINITIONAL_REPRESENTATION('',(#3896),#3900);
#3896 = LINE('',#3897,#3898);
#3897 = CARTESIAN_POINT('',(27.48601340319,0.887910871493));
#3898 = VECTOR('',#3899,1.);
#3899 = DIRECTION('',(0.361234051633,0.932475179263));
#3900 = ( GEOMETRIC_REPRESENTATION_CONTEXT(2) 
PARAMETRIC_REPRESENTATION_CONTEXT() REPRESENTATION_CONTEXT('2D SPACE',''
  ) );
#3901 = PCURVE('',#3902,#3907);
#3902 = PLANE('',#3903);
#3903 = AXIS2_PLACEMENT_3D('',#3904,#3905,#3906);
#3904 = CARTESIAN_POINT('',(32.77018065046,-10.56879607774,
    3.204675674438));
#3905 = DIRECTION('',(0.932475179263,0.361234051633,1.141952743568E-16)
  );
#3906 = DIRECTION('',(1.224646799147E-16,4.930380657631E-32,-1.));
#3907 = DEFINITIONAL_REPRESENTATION('',(#3908),#3912);
#3908 = LINE('',#3909,#3910);
#3909 = CARTESIAN_POINT('',(0.4,10.756838833929));
#3910 = VECTOR('',#3911,1.);
#3911 = DIRECTION('',(4.42384125075E-17,-1.));
#3912 = ( GEOMETRIC_REPRESENTATION_CONTEXT(2) 
PARAMETRIC_REPRESENTATION_CONTEXT() REPRESENTATION_CONTEXT('2D SPACE',''
  ) );
#3913 = ORIENTED_EDGE('',*,*,#3914,.F.);
#3914 = EDGE_CURVE('',#3915,#3887,#3917,.T.);
#3915 = VERTEX_POINT('',#3916);
#3916 = CARTESIAN_POINT('',(32.512741990792,-10.15302125551,
    2.804675674438));
#3917 = SURFACE_CURVE('',#3918,(#3922,#3929),.PCURVE_S1.);
#3918 = LINE('',#3919,#3920);
#3919 = CARTESIAN_POINT('',(25.850933819594,0.606093602048,
    2.804675674438));
#3920 = VECTOR('',#3921,1.);
#3921 = DIRECTION('',(0.526434807135,-0.850215498469,0.));
#3922 = PCURVE('',#106,#3923);
#3923 = DEFINITIONAL_REPRESENTATION('',(#3924),#3928);
#3924 = LINE('',#3925,#3926);
#3925 = CARTESIAN_POINT('',(24.452503047063,-0.256493588336));
#3926 = VECTOR('',#3927,1.);
#3927 = DIRECTION('',(0.526434807135,0.850215498469));
#3928 = ( GEOMETRIC_REPRESENTATION_CONTEXT(2) 
PARAMETRIC_REPRESENTATION_CONTEXT() REPRESENTATION_CONTEXT('2D SPACE',''
  ) );
#3929 = PCURVE('',#3930,#3935);
#3930 = PLANE('',#3931);
#3931 = AXIS2_PLACEMENT_3D('',#3932,#3933,#3934);
#3932 = CARTESIAN_POINT('',(32.512741990792,-10.15302125551,
    3.204675674438));
#3933 = DIRECTION('',(0.850215498469,0.526434807135,1.041213688786E-16)
  );
#3934 = DIRECTION('',(-1.224646799147E-16,-2.033782021273E-31,1.));
#3935 = DEFINITIONAL_REPRESENTATION('',(#3936),#3940);
#3936 = LINE('',#3937,#3938);
#3937 = CARTESIAN_POINT('',(-0.4,-12.65457390148));
#3938 = VECTOR('',#3939,1.);
#3939 = DIRECTION('',(-6.446967015173E-17,1.));
#3940 = ( GEOMETRIC_REPRESENTATION_CONTEXT(2) 
PARAMETRIC_REPRESENTATION_CONTEXT() REPRESENTATION_CONTEXT('2D SPACE',''
  ) );
#3941 = ORIENTED_EDGE('',*,*,#3942,.F.);
#3942 = EDGE_CURVE('',#3943,#3915,#3945,.T.);
#3943 = VERTEX_POINT('',#3944);
#3944 = CARTESIAN_POINT('',(32.183289476144,-9.791629234334,
    2.804675674438));
#3945 = SURFACE_CURVE('',#3946,(#3950,#3957),.PCURVE_S1.);
#3946 = LINE('',#3947,#3948);
#3947 = CARTESIAN_POINT('',(22.672696024046,0.640989845642,
    2.804675674438));
#3948 = VECTOR('',#3949,1.);
#3949 = DIRECTION('',(0.673695818656,-0.739008757678,0.));
#3950 = PCURVE('',#106,#3951);
#3951 = DEFINITIONAL_REPRESENTATION('',(#3952),#3956);
#3952 = LINE('',#3953,#3954);
#3953 = CARTESIAN_POINT('',(21.274265251515,-0.291389831929));
#3954 = VECTOR('',#3955,1.);
#3955 = DIRECTION('',(0.673695818656,0.739008757678));
#3956 = ( GEOMETRIC_REPRESENTATION_CONTEXT(2) 
PARAMETRIC_REPRESENTATION_CONTEXT() REPRESENTATION_CONTEXT('2D SPACE',''
  ) );
#3957 = PCURVE('',#3958,#3963);
#3958 = PLANE('',#3959);
#3959 = AXIS2_PLACEMENT_3D('',#3960,#3961,#3962);
#3960 = CARTESIAN_POINT('',(32.183289476144,-9.791629234334,
    3.204675674438));
#3961 = DIRECTION('',(0.739008757678,0.673695818656,9.050247096322E-17)
  );
#3962 = DIRECTION('',(-1.224646799147E-16,-1.60237371373E-31,1.));
#3963 = DEFINITIONAL_REPRESENTATION('',(#3964),#3968);
#3964 = LINE('',#3965,#3966);
#3965 = CARTESIAN_POINT('',(-0.4,-14.11704390724));
#3966 = VECTOR('',#3967,1.);
#3967 = DIRECTION('',(-8.250394279166E-17,1.));
#3968 = ( GEOMETRIC_REPRESENTATION_CONTEXT(2) 
PARAMETRIC_REPRESENTATION_CONTEXT() REPRESENTATION_CONTEXT('2D SPACE',''
  ) );
#3969 = ORIENTED_EDGE('',*,*,#3970,.F.);
#3970 = EDGE_CURVE('',#3971,#3943,#3973,.T.);
#3971 = VERTEX_POINT('',#3972);
#3972 = CARTESIAN_POINT('',(31.793042131173,-9.496927658101,
    2.804675674438));
#3973 = SURFACE_CURVE('',#3974,(#3978,#3985),.PCURVE_S1.);
#3974 = LINE('',#3975,#3976);
#3975 = CARTESIAN_POINT('',(19.747268515473,-0.400367445096,
    2.804675674438));
#3976 = VECTOR('',#3977,1.);
#3977 = DIRECTION('',(0.798016773899,-0.602635236752,0.));
#3978 = PCURVE('',#106,#3979);
#3979 = DEFINITIONAL_REPRESENTATION('',(#3980),#3984);
#3980 = LINE('',#3981,#3982);
#3981 = CARTESIAN_POINT('',(18.348837742942,0.749967458808));
#3982 = VECTOR('',#3983,1.);
#3983 = DIRECTION('',(0.798016773899,0.602635236752));
#3984 = ( GEOMETRIC_REPRESENTATION_CONTEXT(2) 
PARAMETRIC_REPRESENTATION_CONTEXT() REPRESENTATION_CONTEXT('2D SPACE',''
  ) );
#3985 = PCURVE('',#3986,#3991);
#3986 = PLANE('',#3987);
#3987 = AXIS2_PLACEMENT_3D('',#3988,#3989,#3990);
#3988 = CARTESIAN_POINT('',(31.793042131173,-9.496927658101,
    3.204675674438));
#3989 = DIRECTION('',(0.602635236752,0.798016773899,7.380153137422E-17)
  );
#3990 = DIRECTION('',(-1.224646799147E-16,-2.095411779493E-31,1.));
#3991 = DEFINITIONAL_REPRESENTATION('',(#3992),#3996);
#3992 = LINE('',#3993,#3994);
#3993 = CARTESIAN_POINT('',(-0.4,-15.09463711751));
#3994 = VECTOR('',#3995,1.);
#3995 = DIRECTION('',(-9.772886878215E-17,1.));
#3996 = ( GEOMETRIC_REPRESENTATION_CONTEXT(2) 
PARAMETRIC_REPRESENTATION_CONTEXT() REPRESENTATION_CONTEXT('2D SPACE',''
  ) );
#3997 = ORIENTED_EDGE('',*,*,#3998,.F.);
#3998 = EDGE_CURVE('',#3999,#3971,#4001,.T.);
#3999 = VERTEX_POINT('',#4000);
#4000 = CARTESIAN_POINT('',(31.355286546456,-9.278951564809,
    2.804675674438));
#4001 = SURFACE_CURVE('',#4002,(#4006,#4013),.PCURVE_S1.);
#4002 = LINE('',#4003,#4004);
#4003 = CARTESIAN_POINT('',(17.431870607539,-2.345923369152,
    2.804675674438));
#4004 = VECTOR('',#4005,1.);
#4005 = DIRECTION('',(0.895163526022,-0.445737884501,0.));
#4006 = PCURVE('',#106,#4007);
#4007 = DEFINITIONAL_REPRESENTATION('',(#4008),#4012);
#4008 = LINE('',#4009,#4010);
#4009 = CARTESIAN_POINT('',(16.033439835008,2.695523382864));
#4010 = VECTOR('',#4011,1.);
#4011 = DIRECTION('',(0.895163526022,0.445737884501));
#4012 = ( GEOMETRIC_REPRESENTATION_CONTEXT(2) 
PARAMETRIC_REPRESENTATION_CONTEXT() REPRESENTATION_CONTEXT('2D SPACE',''
  ) );
#4013 = PCURVE('',#4014,#4019);
#4014 = PLANE('',#4015);
#4015 = AXIS2_PLACEMENT_3D('',#4016,#4017,#4018);
#4016 = CARTESIAN_POINT('',(31.355286546456,-9.278951564809,
    3.204675674438));
#4017 = DIRECTION('',(0.445737884501,0.895163526022,5.458714735126E-17)
  );
#4018 = DIRECTION('',(-1.224646799147E-16,-1.170965406187E-31,1.));
#4019 = DEFINITIONAL_REPRESENTATION('',(#4020),#4024);
#4020 = LINE('',#4021,#4022);
#4021 = CARTESIAN_POINT('',(-0.4,-15.55404742727));
#4022 = VECTOR('',#4023,1.);
#4023 = DIRECTION('',(-1.096259146857E-16,1.));
#4024 = ( GEOMETRIC_REPRESENTATION_CONTEXT(2) 
PARAMETRIC_REPRESENTATION_CONTEXT() REPRESENTATION_CONTEXT('2D SPACE',''
  ) );
#4025 = ORIENTED_EDGE('',*,*,#4026,.F.);
#4026 = EDGE_CURVE('',#4027,#3999,#4029,.T.);
#4027 = VERTEX_POINT('',#4028);
#4028 = CARTESIAN_POINT('',(30.884934373605,-9.145124355337,
    2.804675674438));
#4029 = SURFACE_CURVE('',#4030,(#4034,#4041),.PCURVE_S1.);
#4030 = LINE('',#4031,#4032);
#4031 = CARTESIAN_POINT('',(15.996247245943,-4.908912499597,
    2.804675674438));
#4032 = VECTOR('',#4033,1.);
#4033 = DIRECTION('',(0.961825385853,-0.273663894457,0.));
#4034 = PCURVE('',#106,#4035);
#4035 = DEFINITIONAL_REPRESENTATION('',(#4036),#4040);
#4036 = LINE('',#4037,#4038);
#4037 = CARTESIAN_POINT('',(14.597816473413,5.25851251331));
#4038 = VECTOR('',#4039,1.);
#4039 = DIRECTION('',(0.961825385853,0.273663894457));
#4040 = ( GEOMETRIC_REPRESENTATION_CONTEXT(2) 
PARAMETRIC_REPRESENTATION_CONTEXT() REPRESENTATION_CONTEXT('2D SPACE',''
  ) );
#4041 = PCURVE('',#4042,#4047);
#4042 = PLANE('',#4043);
#4043 = AXIS2_PLACEMENT_3D('',#4044,#4045,#4046);
#4044 = CARTESIAN_POINT('',(30.884934373605,-9.145124355337,
    3.204675674438));
#4045 = DIRECTION('',(0.273663894457,0.961825385853,3.351416123884E-17)
  );
#4046 = DIRECTION('',(-1.224646799147E-16,-9.860761315263E-32,1.));
#4047 = DEFINITIONAL_REPRESENTATION('',(#4048),#4052);
#4048 = LINE('',#4049,#4050);
#4049 = CARTESIAN_POINT('',(-0.4,-15.47961547558));
#4050 = VECTOR('',#4051,1.);
#4051 = DIRECTION('',(-1.177896380123E-16,1.));
#4052 = ( GEOMETRIC_REPRESENTATION_CONTEXT(2) 
PARAMETRIC_REPRESENTATION_CONTEXT() REPRESENTATION_CONTEXT('2D SPACE',''
  ) );
#4053 = ORIENTED_EDGE('',*,*,#4054,.F.);
#4054 = EDGE_CURVE('',#4055,#4027,#4057,.T.);
#4055 = VERTEX_POINT('',#4056);
#4056 = CARTESIAN_POINT('',(30.397995897042,-9.100002685567,
    2.804675674438));
#4057 = SURFACE_CURVE('',#4058,(#4062,#4069),.PCURVE_S1.);
#4058 = LINE('',#4059,#4060);
#4059 = CARTESIAN_POINT('',(15.587565820364,-7.727608908475,
    2.804675674438));
#4060 = VECTOR('',#4061,1.);
#4061 = DIRECTION('',(0.99573414341,-9.226871434384E-02,0.));
#4062 = PCURVE('',#106,#4063);
#4063 = DEFINITIONAL_REPRESENTATION('',(#4064),#4068);
#4064 = LINE('',#4065,#4066);
#4065 = CARTESIAN_POINT('',(14.189135047834,8.077208922188));
#4066 = VECTOR('',#4067,1.);
#4067 = DIRECTION('',(0.99573414341,9.226871434384E-02));
#4068 = ( GEOMETRIC_REPRESENTATION_CONTEXT(2) 
PARAMETRIC_REPRESENTATION_CONTEXT() REPRESENTATION_CONTEXT('2D SPACE',''
  ) );
#4069 = PCURVE('',#4070,#4075);
#4070 = PLANE('',#4071);
#4071 = AXIS2_PLACEMENT_3D('',#4072,#4073,#4074);
#4072 = CARTESIAN_POINT('',(30.397995897042,-9.100002685567,
    3.204675674438));
#4073 = DIRECTION('',(9.226871434384E-02,0.99573414341,
    1.129965856826E-17));
#4074 = DIRECTION('',(-1.224646799147E-16,-5.546678239835E-32,1.));
#4075 = DEFINITIONAL_REPRESENTATION('',(#4076),#4080);
#4076 = LINE('',#4077,#4078);
#4077 = CARTESIAN_POINT('',(-0.4,-14.87387991532));
#4078 = VECTOR('',#4079,1.);
#4079 = DIRECTION('',(-1.219422631529E-16,1.));
#4080 = ( GEOMETRIC_REPRESENTATION_CONTEXT(2) 
PARAMETRIC_REPRESENTATION_CONTEXT() REPRESENTATION_CONTEXT('2D SPACE',''
  ) );
#4081 = ORIENTED_EDGE('',*,*,#4082,.F.);
#4082 = EDGE_CURVE('',#4083,#4055,#4085,.T.);
#4083 = VERTEX_POINT('',#4084);
#4084 = CARTESIAN_POINT('',(29.911061235177,-9.145124355337,
    2.804675674438));
#4085 = SURFACE_CURVE('',#4086,(#4090,#4097),.PCURVE_S1.);
#4086 = LINE('',#4087,#4088);
#4087 = CARTESIAN_POINT('',(16.212287030214,-10.41451759087,
    2.804675674438));
#4088 = VECTOR('',#4089,1.);
#4089 = DIRECTION('',(0.995734076999,9.226943103263E-02,0.));
#4090 = PCURVE('',#106,#4091);
#4091 = DEFINITIONAL_REPRESENTATION('',(#4092),#4096);
#4092 = LINE('',#4093,#4094);
#4093 = CARTESIAN_POINT('',(14.813856257683,10.764117604586));
#4094 = VECTOR('',#4095,1.);
#4095 = DIRECTION('',(0.995734076999,-9.226943103263E-02));
#4096 = ( GEOMETRIC_REPRESENTATION_CONTEXT(2) 
PARAMETRIC_REPRESENTATION_CONTEXT() REPRESENTATION_CONTEXT('2D SPACE',''
  ) );
#4097 = PCURVE('',#4098,#4103);
#4098 = PLANE('',#4099);
#4099 = AXIS2_PLACEMENT_3D('',#4100,#4101,#4102);
#4100 = CARTESIAN_POINT('',(29.911061235177,-9.145124355337,
    3.204675674438));
#4101 = DIRECTION('',(-9.226943103263E-02,0.995734076999,
    -1.129974633733E-17));
#4102 = DIRECTION('',(-1.224646799147E-16,4.930380657631E-32,1.));
#4103 = DEFINITIONAL_REPRESENTATION('',(#4104),#4108);
#4104 = LINE('',#4105,#4106);
#4105 = CARTESIAN_POINT('',(-0.4,-13.75746248059));
#4106 = VECTOR('',#4107,1.);
#4107 = DIRECTION('',(-1.219422550199E-16,1.));
#4108 = ( GEOMETRIC_REPRESENTATION_CONTEXT(2) 
PARAMETRIC_REPRESENTATION_CONTEXT() REPRESENTATION_CONTEXT('2D SPACE',''
  ) );
#4109 = ORIENTED_EDGE('',*,*,#4110,.F.);
#4110 = EDGE_CURVE('',#4111,#4083,#4113,.T.);
#4111 = VERTEX_POINT('',#4112);
#4112 = CARTESIAN_POINT('',(29.440705247628,-9.278951564809,
    2.804675674438));
#4113 = SURFACE_CURVE('',#4114,(#4118,#4125),.PCURVE_S1.);
#4114 = LINE('',#4115,#4116);
#4115 = CARTESIAN_POINT('',(17.736812160384,-12.60898114515,
    2.804675674438));
#4116 = VECTOR('',#4117,1.);
#4117 = DIRECTION('',(0.961825970055,0.273661841197,0.));
#4118 = PCURVE('',#106,#4119);
#4119 = DEFINITIONAL_REPRESENTATION('',(#4120),#4124);
#4120 = LINE('',#4121,#4122);
#4121 = CARTESIAN_POINT('',(16.338381387853,12.958581158871));
#4122 = VECTOR('',#4123,1.);
#4123 = DIRECTION('',(0.961825970055,-0.273661841197));
#4124 = ( GEOMETRIC_REPRESENTATION_CONTEXT(2) 
PARAMETRIC_REPRESENTATION_CONTEXT() REPRESENTATION_CONTEXT('2D SPACE',''
  ) );
#4125 = PCURVE('',#4126,#4131);
#4126 = PLANE('',#4127);
#4127 = AXIS2_PLACEMENT_3D('',#4128,#4129,#4130);
#4128 = CARTESIAN_POINT('',(29.440705247628,-9.278951564809,
    3.204675674438));
#4129 = DIRECTION('',(-0.273661841197,0.961825970055,-3.351390978711E-17
    ));
#4130 = DIRECTION('',(-1.224646799147E-16,1.047705889747E-31,1.));
#4131 = DEFINITIONAL_REPRESENTATION('',(#4132),#4136);
#4132 = LINE('',#4133,#4134);
#4133 = CARTESIAN_POINT('',(-0.4,-12.16841034826));
#4134 = VECTOR('',#4135,1.);
#4135 = DIRECTION('',(-1.177897095565E-16,1.));
#4136 = ( GEOMETRIC_REPRESENTATION_CONTEXT(2) 
PARAMETRIC_REPRESENTATION_CONTEXT() REPRESENTATION_CONTEXT('2D SPACE',''
  ) );
#4137 = ORIENTED_EDGE('',*,*,#4138,.F.);
#4138 = EDGE_CURVE('',#4139,#4111,#4141,.T.);
#4139 = VERTEX_POINT('',#4140);
#4140 = CARTESIAN_POINT('',(29.002953477609,-9.496927658101,
    2.804675674438));
#4141 = SURFACE_CURVE('',#4142,(#4146,#4153),.PCURVE_S1.);
#4142 = LINE('',#4143,#4144);
#4143 = CARTESIAN_POINT('',(19.907428356866,-14.02599451298,
    2.804675674438));
#4144 = VECTOR('',#4145,1.);
#4145 = DIRECTION('',(0.895161976155,0.445740997044,0.));
#4146 = PCURVE('',#106,#4147);
#4147 = DEFINITIONAL_REPRESENTATION('',(#4148),#4152);
#4148 = LINE('',#4149,#4150);
#4149 = CARTESIAN_POINT('',(18.508997584336,14.375594526695));
#4150 = VECTOR('',#4151,1.);
#4151 = DIRECTION('',(0.895161976155,-0.445740997044));
#4152 = ( GEOMETRIC_REPRESENTATION_CONTEXT(2) 
PARAMETRIC_REPRESENTATION_CONTEXT() REPRESENTATION_CONTEXT('2D SPACE',''
  ) );
#4153 = PCURVE('',#4154,#4159);
#4154 = PLANE('',#4155);
#4155 = AXIS2_PLACEMENT_3D('',#4156,#4157,#4158);
#4156 = CARTESIAN_POINT('',(29.002953477609,-9.496927658101,
    3.204675674438));
#4157 = DIRECTION('',(-0.445740997044,0.895161976155,-5.458752852782E-17
    ));
#4158 = DIRECTION('',(-1.224646799147E-16,1.60237371373E-31,1.));
#4159 = DEFINITIONAL_REPRESENTATION('',(#4160),#4164);
#4160 = LINE('',#4161,#4162);
#4161 = CARTESIAN_POINT('',(-0.4,-10.16075901682));
#4162 = VECTOR('',#4163,1.);
#4163 = DIRECTION('',(-1.096257248817E-16,1.));
#4164 = ( GEOMETRIC_REPRESENTATION_CONTEXT(2) 
PARAMETRIC_REPRESENTATION_CONTEXT() REPRESENTATION_CONTEXT('2D SPACE',''
  ) );
#4165 = ORIENTED_EDGE('',*,*,#4166,.F.);
#4166 = EDGE_CURVE('',#4167,#4139,#4169,.T.);
#4167 = VERTEX_POINT('',#4168);
#4168 = CARTESIAN_POINT('',(28.612702317941,-9.791629234334,
    2.804675674438));
#4169 = SURFACE_CURVE('',#4170,(#4174,#4181),.PCURVE_S1.);
#4170 = LINE('',#4171,#4172);
#4171 = CARTESIAN_POINT('',(22.385716129344,-14.49399231384,
    2.804675674438));
#4172 = VECTOR('',#4173,1.);
#4173 = DIRECTION('',(0.798019606838,0.602631485323,0.));
#4174 = PCURVE('',#106,#4175);
#4175 = DEFINITIONAL_REPRESENTATION('',(#4176),#4180);
#4176 = LINE('',#4177,#4178);
#4177 = CARTESIAN_POINT('',(20.987285356814,14.84359232756));
#4178 = VECTOR('',#4179,1.);
#4179 = DIRECTION('',(0.798019606838,-0.602631485323));
#4180 = ( GEOMETRIC_REPRESENTATION_CONTEXT(2) 
PARAMETRIC_REPRESENTATION_CONTEXT() REPRESENTATION_CONTEXT('2D SPACE',''
  ) );
#4181 = PCURVE('',#4182,#4187);
#4182 = PLANE('',#4183);
#4183 = AXIS2_PLACEMENT_3D('',#4184,#4185,#4186);
#4184 = CARTESIAN_POINT('',(28.612702317941,-9.791629234334,
    3.204675674438));
#4185 = DIRECTION('',(-0.602631485323,0.798019606838,-7.380107195664E-17
    ));
#4186 = DIRECTION('',(-1.224646799147E-16,7.395570986447E-32,1.));
#4187 = DEFINITIONAL_REPRESENTATION('',(#4188),#4192);
#4188 = LINE('',#4189,#4190);
#4189 = CARTESIAN_POINT('',(-0.4,-7.803049117143));
#4190 = VECTOR('',#4191,1.);
#4191 = DIRECTION('',(-9.772921571705E-17,1.));
#4192 = ( GEOMETRIC_REPRESENTATION_CONTEXT(2) 
PARAMETRIC_REPRESENTATION_CONTEXT() REPRESENTATION_CONTEXT('2D SPACE',''
  ) );
#4193 = ORIENTED_EDGE('',*,*,#4194,.F.);
#4194 = EDGE_CURVE('',#4195,#4167,#4197,.T.);
#4195 = VERTEX_POINT('',#4196);
#4196 = CARTESIAN_POINT('',(28.283253617989,-10.15302125551,
    2.804675674438));
#4197 = SURFACE_CURVE('',#4198,(#4202,#4209),.PCURVE_S1.);
#4198 = LINE('',#4199,#4200);
#4199 = CARTESIAN_POINT('',(24.796728579382,-13.97759950026,
    2.804675674438));
#4200 = VECTOR('',#4201,1.);
#4201 = DIRECTION('',(0.67369155842,0.739012641376,0.));
#4202 = PCURVE('',#106,#4203);
#4203 = DEFINITIONAL_REPRESENTATION('',(#4204),#4208);
#4204 = LINE('',#4205,#4206);
#4205 = CARTESIAN_POINT('',(23.398297806852,14.327199513975));
#4206 = VECTOR('',#4207,1.);
#4207 = DIRECTION('',(0.67369155842,-0.739012641376));
#4208 = ( GEOMETRIC_REPRESENTATION_CONTEXT(2) 
PARAMETRIC_REPRESENTATION_CONTEXT() REPRESENTATION_CONTEXT('2D SPACE',''
  ) );
#4209 = PCURVE('',#4210,#4215);
#4210 = PLANE('',#4211);
#4211 = AXIS2_PLACEMENT_3D('',#4212,#4213,#4214);
#4212 = CARTESIAN_POINT('',(28.283253617989,-10.15302125551,
    3.204675674438));
#4213 = DIRECTION('',(-0.739012641376,0.67369155842,-9.050294657905E-17)
  );
#4214 = DIRECTION('',(-1.224646799147E-16,1.109335647967E-31,1.));
#4215 = DEFINITIONAL_REPRESENTATION('',(#4216),#4220);
#4216 = LINE('',#4217,#4218);
#4217 = CARTESIAN_POINT('',(-0.4,-5.175254157531));
#4218 = VECTOR('',#4219,1.);
#4219 = DIRECTION('',(-8.250342106318E-17,1.));
#4220 = ( GEOMETRIC_REPRESENTATION_CONTEXT(2) 
PARAMETRIC_REPRESENTATION_CONTEXT() REPRESENTATION_CONTEXT('2D SPACE',''
  ) );
#4221 = ORIENTED_EDGE('',*,*,#4222,.F.);
#4222 = EDGE_CURVE('',#4223,#4195,#4225,.T.);
#4223 = VERTEX_POINT('',#4224);
#4224 = CARTESIAN_POINT('',(28.025814958321,-10.56879607774,
    2.804675674438));
#4225 = SURFACE_CURVE('',#4226,(#4230,#4237),.PCURVE_S1.);
#4226 = LINE('',#4227,#4228);
#4227 = CARTESIAN_POINT('',(26.779587870649,-12.5815079467,
    2.804675674438));
#4228 = VECTOR('',#4229,1.);
#4229 = DIRECTION('',(0.526434807135,0.850215498469,0.));
#4230 = PCURVE('',#106,#4231);
#4231 = DEFINITIONAL_REPRESENTATION('',(#4232),#4236);
#4232 = LINE('',#4233,#4234);
#4233 = CARTESIAN_POINT('',(25.381157098119,12.931107960415));
#4234 = VECTOR('',#4235,1.);
#4235 = DIRECTION('',(0.526434807135,-0.850215498469));
#4236 = ( GEOMETRIC_REPRESENTATION_CONTEXT(2) 
PARAMETRIC_REPRESENTATION_CONTEXT() REPRESENTATION_CONTEXT('2D SPACE',''
  ) );
#4237 = PCURVE('',#4238,#4243);
#4238 = PLANE('',#4239);
#4239 = AXIS2_PLACEMENT_3D('',#4240,#4241,#4242);
#4240 = CARTESIAN_POINT('',(28.025814958321,-10.56879607774,
    3.204675674438));
#4241 = DIRECTION('',(-0.850215498469,0.526434807135,-1.041213688786E-16
    ));
#4242 = DIRECTION('',(-1.224646799147E-16,1.787262988391E-31,1.));
#4243 = DEFINITIONAL_REPRESENTATION('',(#4244),#4248);
#4244 = LINE('',#4245,#4246);
#4245 = CARTESIAN_POINT('',(-0.4,-2.367296141482));
#4246 = VECTOR('',#4247,1.);
#4247 = DIRECTION('',(-6.446967015173E-17,1.));
#4248 = ( GEOMETRIC_REPRESENTATION_CONTEXT(2) 
PARAMETRIC_REPRESENTATION_CONTEXT() REPRESENTATION_CONTEXT('2D SPACE',''
  ) );
#4249 = ORIENTED_EDGE('',*,*,#4250,.F.);
#4250 = EDGE_CURVE('',#4251,#4223,#4253,.T.);
#4251 = VERTEX_POINT('',#4252);
#4252 = CARTESIAN_POINT('',(27.849160142648,-11.02479592897,
    2.804675674438));
#4253 = SURFACE_CURVE('',#4254,(#4258,#4265),.PCURVE_S1.);
#4254 = LINE('',#4255,#4256);
#4255 = CARTESIAN_POINT('',(28.039033465767,-10.53467508644,
    2.804675674438));
#4256 = VECTOR('',#4257,1.);
#4257 = DIRECTION('',(0.361240834376,0.932472551649,0.));
#4258 = PCURVE('',#106,#4259);
#4259 = DEFINITIONAL_REPRESENTATION('',(#4260),#4264);
#4260 = LINE('',#4261,#4262);
#4261 = CARTESIAN_POINT('',(26.640602693236,10.884275100162));
#4262 = VECTOR('',#4263,1.);
#4263 = DIRECTION('',(0.361240834376,-0.932472551649));
#4264 = ( GEOMETRIC_REPRESENTATION_CONTEXT(2) 
PARAMETRIC_REPRESENTATION_CONTEXT() REPRESENTATION_CONTEXT('2D SPACE',''
  ) );
#4265 = PCURVE('',#4266,#4271);
#4266 = PLANE('',#4267);
#4267 = AXIS2_PLACEMENT_3D('',#4268,#4269,#4270);
#4268 = CARTESIAN_POINT('',(27.849160142648,-11.02479592897,
    3.204675674438));
#4269 = DIRECTION('',(-0.932472551649,0.361240834376,-1.14194952567E-16)
  );
#4270 = DIRECTION('',(-1.224646799147E-16,1.170965406187E-31,1.));
#4271 = DEFINITIONAL_REPRESENTATION('',(#4272),#4276);
#4272 = LINE('',#4273,#4274);
#4273 = CARTESIAN_POINT('',(-0.4,0.525614230316));
#4274 = VECTOR('',#4275,1.);
#4275 = DIRECTION('',(-4.423924315399E-17,1.));
#4276 = ( GEOMETRIC_REPRESENTATION_CONTEXT(2) 
PARAMETRIC_REPRESENTATION_CONTEXT() REPRESENTATION_CONTEXT('2D SPACE',''
  ) );
#4277 = ORIENTED_EDGE('',*,*,#4278,.F.);
#4278 = EDGE_CURVE('',#4279,#4251,#4281,.T.);
#4279 = VERTEX_POINT('',#4280);
#4280 = CARTESIAN_POINT('',(27.759301133859,-11.50549165346,
    2.804675674438));
#4281 = SURFACE_CURVE('',#4282,(#4286,#4293),.PCURVE_S1.);
#4282 = LINE('',#4283,#4284);
#4283 = CARTESIAN_POINT('',(28.38491886154,-8.158784729887,
    2.804675674438));
#4284 = VECTOR('',#4285,1.);
#4285 = DIRECTION('',(0.183752293357,0.982972580841,0.));
#4286 = PCURVE('',#106,#4287);
#4287 = DEFINITIONAL_REPRESENTATION('',(#4288),#4292);
#4288 = LINE('',#4289,#4290);
#4289 = CARTESIAN_POINT('',(26.98648808901,8.5083847436));
#4290 = VECTOR('',#4291,1.);
#4291 = DIRECTION('',(0.183752293357,-0.982972580841));
#4292 = ( GEOMETRIC_REPRESENTATION_CONTEXT(2) 
PARAMETRIC_REPRESENTATION_CONTEXT() REPRESENTATION_CONTEXT('2D SPACE',''
  ) );
#4293 = PCURVE('',#4294,#4299);
#4294 = PLANE('',#4295);
#4295 = AXIS2_PLACEMENT_3D('',#4296,#4297,#4298);
#4296 = CARTESIAN_POINT('',(27.759301133859,-11.50549165346,
    3.204675674438));
#4297 = DIRECTION('',(-0.982972580841,0.183752293357,-1.203794224777E-16
    ));
#4298 = DIRECTION('',(-1.224646799147E-16,1.232595164408E-31,1.));
#4299 = DEFINITIONAL_REPRESENTATION('',(#4300),#4304);
#4300 = LINE('',#4301,#4302);
#4301 = CARTESIAN_POINT('',(-0.4,3.404679834213));
#4302 = VECTOR('',#4303,1.);
#4303 = DIRECTION('',(-2.250316578951E-17,1.));
#4304 = ( GEOMETRIC_REPRESENTATION_CONTEXT(2) 
PARAMETRIC_REPRESENTATION_CONTEXT() REPRESENTATION_CONTEXT('2D SPACE',''
  ) );
#4305 = ORIENTED_EDGE('',*,*,#4306,.F.);
#4306 = EDGE_CURVE('',#4307,#4279,#4309,.T.);
#4307 = VERTEX_POINT('',#4308);
#4308 = CARTESIAN_POINT('',(27.759301133859,-11.9945139084,
    2.804675674438));
#4309 = SURFACE_CURVE('',#4310,(#4314,#4321),.PCURVE_S1.);
#4310 = LINE('',#4311,#4312);
#4311 = CARTESIAN_POINT('',(27.759301133859,-5.822456947347,
    2.804675674438));
#4312 = VECTOR('',#4313,1.);
#4313 = DIRECTION('',(9.95799250103E-17,1.,0.));
#4314 = PCURVE('',#106,#4315);
#4315 = DEFINITIONAL_REPRESENTATION('',(#4316),#4320);
#4316 = LINE('',#4317,#4318);
#4317 = CARTESIAN_POINT('',(26.360870361328,6.17205696106));
#4318 = VECTOR('',#4319,1.);
#4319 = DIRECTION('',(9.95799250103E-17,-1.));
#4320 = ( GEOMETRIC_REPRESENTATION_CONTEXT(2) 
PARAMETRIC_REPRESENTATION_CONTEXT() REPRESENTATION_CONTEXT('2D SPACE',''
  ) );
#4321 = PCURVE('',#4322,#4327);
#4322 = PLANE('',#4323);
#4323 = AXIS2_PLACEMENT_3D('',#4324,#4325,#4326);
#4324 = CARTESIAN_POINT('',(27.759301133859,-11.9945139084,
    3.204675674438));
#4325 = DIRECTION('',(-1.,9.95799250103E-17,-1.224646799147E-16));
#4326 = DIRECTION('',(-1.224646799147E-16,-1.499759782662E-32,1.));
#4327 = DEFINITIONAL_REPRESENTATION('',(#4328),#4332);
#4328 = LINE('',#4329,#4330);
#4329 = CARTESIAN_POINT('',(-0.4,6.17205696106));
#4330 = VECTOR('',#4331,1.);
#4331 = DIRECTION('',(-2.719262146894E-32,1.));
#4332 = ( GEOMETRIC_REPRESENTATION_CONTEXT(2) 
PARAMETRIC_REPRESENTATION_CONTEXT() REPRESENTATION_CONTEXT('2D SPACE',''
  ) );
#4333 = ORIENTED_EDGE('',*,*,#4334,.F.);
#4334 = EDGE_CURVE('',#4335,#4307,#4337,.T.);
#4335 = VERTEX_POINT('',#4336);
#4336 = CARTESIAN_POINT('',(27.849160142648,-12.47520987131,
    2.804675674438));
#4337 = SURFACE_CURVE('',#4338,(#4342,#4349),.PCURVE_S1.);
#4338 = LINE('',#4339,#4340);
#4339 = CARTESIAN_POINT('',(26.244377113656,-3.890508862792,
    2.804675674438));
#4340 = VECTOR('',#4341,1.);
#4341 = DIRECTION('',(-0.183752205295,0.982972597303,0.));
#4342 = PCURVE('',#106,#4343);
#4343 = DEFINITIONAL_REPRESENTATION('',(#4344),#4348);
#4344 = LINE('',#4345,#4346);
#4345 = CARTESIAN_POINT('',(24.845946341126,4.240108876504));
#4346 = VECTOR('',#4347,1.);
#4347 = DIRECTION('',(-0.183752205295,-0.982972597303));
#4348 = ( GEOMETRIC_REPRESENTATION_CONTEXT(2) 
PARAMETRIC_REPRESENTATION_CONTEXT() REPRESENTATION_CONTEXT('2D SPACE',''
  ) );
#4349 = PCURVE('',#4350,#4355);
#4350 = PLANE('',#4351);
#4351 = AXIS2_PLACEMENT_3D('',#4352,#4353,#4354);
#4352 = CARTESIAN_POINT('',(27.849160142648,-12.47520987131,
    3.204675674438));
#4353 = DIRECTION('',(-0.982972597303,-0.183752205295,
    -1.203794244937E-16));
#4354 = DIRECTION('',(-1.224646799147E-16,-1.417484439069E-31,1.));
#4355 = DEFINITIONAL_REPRESENTATION('',(#4356),#4360);
#4356 = LINE('',#4357,#4358);
#4357 = CARTESIAN_POINT('',(-0.4,8.733408268015));
#4358 = VECTOR('',#4359,1.);
#4359 = DIRECTION('',(2.250315500511E-17,1.));
#4360 = ( GEOMETRIC_REPRESENTATION_CONTEXT(2) 
PARAMETRIC_REPRESENTATION_CONTEXT() REPRESENTATION_CONTEXT('2D SPACE',''
  ) );
#4361 = ORIENTED_EDGE('',*,*,#4362,.F.);
#4362 = EDGE_CURVE('',#4363,#4335,#4365,.T.);
#4363 = VERTEX_POINT('',#4364);
#4364 = CARTESIAN_POINT('',(28.025814958321,-12.93120948412,
    2.804675674438));
#4365 = SURFACE_CURVE('',#4366,(#4370,#4377),.PCURVE_S1.);
#4366 = LINE('',#4367,#4368);
#4367 = CARTESIAN_POINT('',(24.051641559794,-2.672663607243,
    2.804675674438));
#4368 = VECTOR('',#4369,1.);
#4369 = DIRECTION('',(-0.361240998603,0.932472488028,0.));
#4370 = PCURVE('',#106,#4371);
#4371 = DEFINITIONAL_REPRESENTATION('',(#4372),#4376);
#4372 = LINE('',#4373,#4374);
#4373 = CARTESIAN_POINT('',(22.653210787263,3.022263620955));
#4374 = VECTOR('',#4375,1.);
#4375 = DIRECTION('',(-0.361240998603,-0.932472488028));
#4376 = ( GEOMETRIC_REPRESENTATION_CONTEXT(2) 
PARAMETRIC_REPRESENTATION_CONTEXT() REPRESENTATION_CONTEXT('2D SPACE',''
  ) );
#4377 = PCURVE('',#4378,#4383);
#4378 = PLANE('',#4379);
#4379 = AXIS2_PLACEMENT_3D('',#4380,#4381,#4382);
#4380 = CARTESIAN_POINT('',(28.025814958321,-12.93120948412,
    3.204675674438));
#4381 = DIRECTION('',(-0.932472488028,-0.361240998603,
    -1.141949447756E-16));
#4382 = DIRECTION('',(-1.224646799147E-16,-8.011868568651E-32,1.));
#4383 = DEFINITIONAL_REPRESENTATION('',(#4384),#4388);
#4384 = LINE('',#4385,#4386);
#4385 = CARTESIAN_POINT('',(-0.4,11.001446164463));
#4386 = VECTOR('',#4387,1.);
#4387 = DIRECTION('',(4.4239263266E-17,1.));
#4388 = ( GEOMETRIC_REPRESENTATION_CONTEXT(2) 
PARAMETRIC_REPRESENTATION_CONTEXT() REPRESENTATION_CONTEXT('2D SPACE',''
  ) );
#4389 = ORIENTED_EDGE('',*,*,#4390,.F.);
#4390 = EDGE_CURVE('',#4391,#4363,#4393,.T.);
#4391 = VERTEX_POINT('',#4392);
#4392 = CARTESIAN_POINT('',(28.283253617989,-13.34698466398,
    2.804675674438));
#4393 = SURFACE_CURVE('',#4394,(#4398,#4405),.PCURVE_S1.);
#4394 = LINE('',#4395,#4396);
#4395 = CARTESIAN_POINT('',(21.492736023919,-2.379988962256,
    2.804675674438));
#4396 = VECTOR('',#4397,1.);
#4397 = DIRECTION('',(-0.526434479812,0.85021570114,0.));
#4398 = PCURVE('',#106,#4399);
#4399 = DEFINITIONAL_REPRESENTATION('',(#4400),#4404);
#4400 = LINE('',#4401,#4402);
#4401 = CARTESIAN_POINT('',(20.094305251389,2.729588975968));
#4402 = VECTOR('',#4403,1.);
#4403 = DIRECTION('',(-0.526434479812,-0.85021570114));
#4404 = ( GEOMETRIC_REPRESENTATION_CONTEXT(2) 
PARAMETRIC_REPRESENTATION_CONTEXT() REPRESENTATION_CONTEXT('2D SPACE',''
  ) );
#4405 = PCURVE('',#4406,#4411);
#4406 = PLANE('',#4407);
#4407 = AXIS2_PLACEMENT_3D('',#4408,#4409,#4410);
#4408 = CARTESIAN_POINT('',(28.283253617989,-13.34698466398,
    3.204675674438));
#4409 = DIRECTION('',(-0.85021570114,-0.526434479812,-1.041213936986E-16
    ));
#4410 = DIRECTION('',(1.224646799147E-16,3.14311766924E-31,-1.));
#4411 = DEFINITIONAL_REPRESENTATION('',(#4412),#4416);
#4412 = LINE('',#4413,#4414);
#4413 = CARTESIAN_POINT('',(0.4,-12.89907453723));
#4414 = VECTOR('',#4415,1.);
#4415 = DIRECTION('',(-6.446963006631E-17,-1.));
#4416 = ( GEOMETRIC_REPRESENTATION_CONTEXT(2) 
PARAMETRIC_REPRESENTATION_CONTEXT() REPRESENTATION_CONTEXT('2D SPACE',''
  ) );
#4417 = ORIENTED_EDGE('',*,*,#4418,.F.);
#4418 = EDGE_CURVE('',#4419,#4391,#4421,.T.);
#4419 = VERTEX_POINT('',#4420);
#4420 = CARTESIAN_POINT('',(28.612702317941,-13.70837644674,
    2.804675674438));
#4421 = SURFACE_CURVE('',#4422,(#4426,#4433),.PCURVE_S1.);
#4422 = LINE('',#4423,#4424);
#4423 = CARTESIAN_POINT('',(18.937460397123,-3.09503079711,
    2.804675674438));
#4424 = VECTOR('',#4425,1.);
#4425 = DIRECTION('',(-0.673691801152,0.739012420099,0.));
#4426 = PCURVE('',#106,#4427);
#4427 = DEFINITIONAL_REPRESENTATION('',(#4428),#4432);
#4428 = LINE('',#4429,#4430);
#4429 = CARTESIAN_POINT('',(17.539029624593,3.444630810822));
#4430 = VECTOR('',#4431,1.);
#4431 = DIRECTION('',(-0.673691801152,-0.739012420099));
#4432 = ( GEOMETRIC_REPRESENTATION_CONTEXT(2) 
PARAMETRIC_REPRESENTATION_CONTEXT() REPRESENTATION_CONTEXT('2D SPACE',''
  ) );
#4433 = PCURVE('',#4434,#4439);
#4434 = PLANE('',#4435);
#4435 = AXIS2_PLACEMENT_3D('',#4436,#4437,#4438);
#4436 = CARTESIAN_POINT('',(28.612702317941,-13.70837644674,
    3.204675674438));
#4437 = DIRECTION('',(-0.739012420099,-0.673691801152,
    -9.050291948046E-17));
#4438 = DIRECTION('',(1.224646799147E-16,1.479114197289E-31,-1.));
#4439 = DEFINITIONAL_REPRESENTATION('',(#4440),#4444);
#4440 = LINE('',#4441,#4442);
#4441 = CARTESIAN_POINT('',(0.4,-14.3615254101));
#4442 = VECTOR('',#4443,1.);
#4443 = DIRECTION('',(-8.250345078923E-17,-1.));
#4444 = ( GEOMETRIC_REPRESENTATION_CONTEXT(2) 
PARAMETRIC_REPRESENTATION_CONTEXT() REPRESENTATION_CONTEXT('2D SPACE',''
  ) );
#4445 = ORIENTED_EDGE('',*,*,#4446,.F.);
#4446 = EDGE_CURVE('',#4447,#4419,#4449,.T.);
#4447 = VERTEX_POINT('',#4448);
#4448 = CARTESIAN_POINT('',(29.002953477609,-14.00307826139,
    2.804675674438));
#4449 = SURFACE_CURVE('',#4450,(#4454,#4461),.PCURVE_S1.);
#4450 = LINE('',#4451,#4452);
#4451 = CARTESIAN_POINT('',(16.76200497885,-4.759211468767,
    2.804675674438));
#4452 = VECTOR('',#4453,1.);
#4453 = DIRECTION('',(-0.798019372374,0.602631795805,0.));
#4454 = PCURVE('',#106,#4455);
#4455 = DEFINITIONAL_REPRESENTATION('',(#4456),#4460);
#4456 = LINE('',#4457,#4458);
#4457 = CARTESIAN_POINT('',(15.36357420632,5.10881148248));
#4458 = VECTOR('',#4459,1.);
#4459 = DIRECTION('',(-0.798019372374,-0.602631795805));
#4460 = ( GEOMETRIC_REPRESENTATION_CONTEXT(2) 
PARAMETRIC_REPRESENTATION_CONTEXT() REPRESENTATION_CONTEXT('2D SPACE',''
  ) );
#4461 = PCURVE('',#4462,#4467);
#4462 = PLANE('',#4463);
#4463 = AXIS2_PLACEMENT_3D('',#4464,#4465,#4466);
#4464 = CARTESIAN_POINT('',(29.002953477609,-14.00307826139,
    3.204675674438));
#4465 = DIRECTION('',(-0.602631795805,-0.798019372374,
    -7.380110997972E-17));
#4466 = DIRECTION('',(1.224646799147E-16,1.479114197289E-31,-1.));
#4467 = DEFINITIONAL_REPRESENTATION('',(#4468),#4472);
#4468 = LINE('',#4469,#4470);
#4469 = CARTESIAN_POINT('',(0.4,-15.33916208367));
#4470 = VECTOR('',#4471,1.);
#4471 = DIRECTION('',(-9.772918700358E-17,-1.));
#4472 = ( GEOMETRIC_REPRESENTATION_CONTEXT(2) 
PARAMETRIC_REPRESENTATION_CONTEXT() REPRESENTATION_CONTEXT('2D SPACE',''
  ) );
#4473 = ORIENTED_EDGE('',*,*,#4474,.F.);
#4474 = EDGE_CURVE('',#4475,#4447,#4477,.T.);
#4475 = VERTEX_POINT('',#4476);
#4476 = CARTESIAN_POINT('',(29.440705247628,-14.22105423547,
    2.804675674438));
#4477 = SURFACE_CURVE('',#4478,(#4482,#4489),.PCURVE_S1.);
#4478 = LINE('',#4479,#4480);
#4479 = CARTESIAN_POINT('',(15.298435459389,-7.178992400531,
    2.804675674438));
#4480 = VECTOR('',#4481,1.);
#4481 = DIRECTION('',(-0.895162073423,0.445740801705,0.));
#4482 = PCURVE('',#106,#4483);
#4483 = DEFINITIONAL_REPRESENTATION('',(#4484),#4488);
#4484 = LINE('',#4485,#4486);
#4485 = CARTESIAN_POINT('',(13.900004686859,7.528592414244));
#4486 = VECTOR('',#4487,1.);
#4487 = DIRECTION('',(-0.895162073423,-0.445740801705));
#4488 = ( GEOMETRIC_REPRESENTATION_CONTEXT(2) 
PARAMETRIC_REPRESENTATION_CONTEXT() REPRESENTATION_CONTEXT('2D SPACE',''
  ) );
#4489 = PCURVE('',#4490,#4495);
#4490 = PLANE('',#4491);
#4491 = AXIS2_PLACEMENT_3D('',#4492,#4493,#4494);
#4492 = CARTESIAN_POINT('',(29.440705247628,-14.22105423547,
    3.204675674438));
#4493 = DIRECTION('',(-0.445740801705,-0.895162073423,-5.45875046058E-17
    ));
#4494 = DIRECTION('',(1.224646799147E-16,7.395570986447E-32,-1.));
#4495 = DEFINITIONAL_REPRESENTATION('',(#4496),#4500);
#4496 = LINE('',#4497,#4498);
#4497 = CARTESIAN_POINT('',(0.4,-15.79855783451));
#4498 = VECTOR('',#4499,1.);
#4499 = DIRECTION('',(-1.096257367936E-16,-1.));
#4500 = ( GEOMETRIC_REPRESENTATION_CONTEXT(2) 
PARAMETRIC_REPRESENTATION_CONTEXT() REPRESENTATION_CONTEXT('2D SPACE',''
  ) );
#4501 = ORIENTED_EDGE('',*,*,#4502,.F.);
#4502 = EDGE_CURVE('',#3579,#4475,#4503,.T.);
#4503 = SURFACE_CURVE('',#4504,(#4508,#4515),.PCURVE_S1.);
#4504 = LINE('',#4505,#4506);
#4505 = CARTESIAN_POINT('',(14.787192654422,-10.05178564303,
    2.804675674438));
#4506 = VECTOR('',#4507,1.);
#4507 = DIRECTION('',(-0.961825905891,0.273662066711,0.));
#4508 = PCURVE('',#106,#4509);
#4509 = DEFINITIONAL_REPRESENTATION('',(#4510),#4514);
#4510 = LINE('',#4511,#4512);
#4511 = CARTESIAN_POINT('',(13.388761881892,10.401385656746));
#4512 = VECTOR('',#4513,1.);
#4513 = DIRECTION('',(-0.961825905891,-0.273662066711));
#4514 = ( GEOMETRIC_REPRESENTATION_CONTEXT(2) 
PARAMETRIC_REPRESENTATION_CONTEXT() REPRESENTATION_CONTEXT('2D SPACE',''
  ) );
#4515 = PCURVE('',#4516,#4521);
#4516 = PLANE('',#4517);
#4517 = AXIS2_PLACEMENT_3D('',#4518,#4519,#4520);
#4518 = CARTESIAN_POINT('',(29.911061235177,-14.35488156416,
    3.204675674438));
#4519 = DIRECTION('',(-0.273662066711,-0.961825905891,
    -3.351393740457E-17));
#4520 = DIRECTION('',(1.224646799147E-16,1.417484439069E-31,-1.));
#4521 = DEFINITIONAL_REPRESENTATION('',(#4522),#4526);
#4522 = LINE('',#4523,#4524);
#4523 = CARTESIAN_POINT('',(0.4,-15.72412272129));
#4524 = VECTOR('',#4525,1.);
#4525 = DIRECTION('',(-1.177897016987E-16,-1.));
#4526 = ( GEOMETRIC_REPRESENTATION_CONTEXT(2) 
PARAMETRIC_REPRESENTATION_CONTEXT() REPRESENTATION_CONTEXT('2D SPACE',''
  ) );
#4527 = ADVANCED_FACE('',(#4528),#77,.F.);
#4528 = FACE_BOUND('',#4529,.F.);
#4529 = EDGE_LOOP('',(#4530,#4553,#4554,#4575,#4576,#4577,#4578,#4579));
#4530 = ORIENTED_EDGE('',*,*,#4531,.T.);
#4531 = EDGE_CURVE('',#4532,#2206,#4534,.T.);
#4532 = VERTEX_POINT('',#4533);
#4533 = CARTESIAN_POINT('',(-26.04900247785,-11.75000261537,
    4.80467569828));
#4534 = SEAM_CURVE('',#4535,(#4539,#4546),.PCURVE_S1.);
#4535 = LINE('',#4536,#4537);
#4536 = CARTESIAN_POINT('',(-26.04900247785,-11.75000261537,
    4.80467569828));
#4537 = VECTOR('',#4538,1.);
#4538 = DIRECTION('',(0.,0.,-1.));
#4539 = PCURVE('',#77,#4540);
#4540 = DEFINITIONAL_REPRESENTATION('',(#4541),#4545);
#4541 = LINE('',#4542,#4543);
#4542 = CARTESIAN_POINT('',(9.424777960769,0.));
#4543 = VECTOR('',#4544,1.);
#4544 = DIRECTION('',(0.,1.));
#4545 = ( GEOMETRIC_REPRESENTATION_CONTEXT(2) 
PARAMETRIC_REPRESENTATION_CONTEXT() REPRESENTATION_CONTEXT('2D SPACE',''
  ) );
#4546 = PCURVE('',#77,#4547);
#4547 = DEFINITIONAL_REPRESENTATION('',(#4548),#4552);
#4548 = LINE('',#4549,#4550);
#4549 = CARTESIAN_POINT('',(3.14159265359,0.));
#4550 = VECTOR('',#4551,1.);
#4551 = DIRECTION('',(0.,1.));
#4552 = ( GEOMETRIC_REPRESENTATION_CONTEXT(2) 
PARAMETRIC_REPRESENTATION_CONTEXT() REPRESENTATION_CONTEXT('2D SPACE',''
  ) );
#4553 = ORIENTED_EDGE('',*,*,#2203,.F.);
#4554 = ORIENTED_EDGE('',*,*,#4555,.T.);
#4555 = EDGE_CURVE('',#2204,#942,#4556,.T.);
#4556 = SURFACE_CURVE('',#4557,(#4561,#4568),.PCURVE_S1.);
#4557 = LINE('',#4558,#4559);
#4558 = CARTESIAN_POINT('',(-27.8503538292,-10.22051822572,4.80467569828
    ));
#4559 = VECTOR('',#4560,1.);
#4560 = DIRECTION('',(0.,0.,-1.));
#4561 = PCURVE('',#77,#4562);
#4562 = DEFINITIONAL_REPRESENTATION('',(#4563),#4567);
#4563 = LINE('',#4564,#4565);
#4564 = CARTESIAN_POINT('',(7.691100209494,0.));
#4565 = VECTOR('',#4566,1.);
#4566 = DIRECTION('',(0.,1.));
#4567 = ( GEOMETRIC_REPRESENTATION_CONTEXT(2) 
PARAMETRIC_REPRESENTATION_CONTEXT() REPRESENTATION_CONTEXT('2D SPACE',''
  ) );
#4568 = PCURVE('',#962,#4569);
#4569 = DEFINITIONAL_REPRESENTATION('',(#4570),#4574);
#4570 = LINE('',#4571,#4572);
#4571 = CARTESIAN_POINT('',(-0.703957451157,0.));
#4572 = VECTOR('',#4573,1.);
#4573 = DIRECTION('',(0.,-1.));
#4574 = ( GEOMETRIC_REPRESENTATION_CONTEXT(2) 
PARAMETRIC_REPRESENTATION_CONTEXT() REPRESENTATION_CONTEXT('2D SPACE',''
  ) );
#4575 = ORIENTED_EDGE('',*,*,#974,.T.);
#4576 = ORIENTED_EDGE('',*,*,#61,.T.);
#4577 = ORIENTED_EDGE('',*,*,#2861,.F.);
#4578 = ORIENTED_EDGE('',*,*,#4531,.F.);
#4579 = ORIENTED_EDGE('',*,*,#4580,.T.);
#4580 = EDGE_CURVE('',#4532,#4532,#4581,.T.);
#4581 = SURFACE_CURVE('',#4582,(#4587,#4594),.PCURVE_S1.);
#4582 = CIRCLE('',#4583,1.55);
#4583 = AXIS2_PLACEMENT_3D('',#4584,#4585,#4586);
#4584 = CARTESIAN_POINT('',(-27.59900247785,-11.75000261537,
    4.80467569828));
#4585 = DIRECTION('',(1.224646799147E-16,1.499759782662E-32,-1.));
#4586 = DIRECTION('',(-1.,1.836676017327E-48,-1.224646799147E-16));
#4587 = PCURVE('',#77,#4588);
#4588 = DEFINITIONAL_REPRESENTATION('',(#4589),#4593);
#4589 = LINE('',#4590,#4591);
#4590 = CARTESIAN_POINT('',(0.,0.));
#4591 = VECTOR('',#4592,1.);
#4592 = DIRECTION('',(1.,0.));
#4593 = ( GEOMETRIC_REPRESENTATION_CONTEXT(2) 
PARAMETRIC_REPRESENTATION_CONTEXT() REPRESENTATION_CONTEXT('2D SPACE',''
  ) );
#4594 = PCURVE('',#4595,#4600);
#4595 = PLANE('',#4596);
#4596 = AXIS2_PLACEMENT_3D('',#4597,#4598,#4599);
#4597 = CARTESIAN_POINT('',(-28.5936866324,-10.62723676302,4.80467569828
    ));
#4598 = DIRECTION('',(-1.224646799147E-16,-1.499759782662E-32,1.));
#4599 = DIRECTION('',(-9.95799250103E-17,-1.,-2.719262146894E-32));
#4600 = DEFINITIONAL_REPRESENTATION('',(#4601),#4609);
#4601 = ( BOUNDED_CURVE() B_SPLINE_CURVE(2,(#4602,#4603,#4604,#4605,
#4606,#4607,#4608),.UNSPECIFIED.,.T.,.F.) B_SPLINE_CURVE_WITH_KNOTS((1,2
    ,2,2,2,1),(-2.094395102393,0.,2.094395102393,4.188790204786,
6.28318530718,8.377580409573),.UNSPECIFIED.) CURVE() 
GEOMETRIC_REPRESENTATION_ITEM() RATIONAL_B_SPLINE_CURVE((1.,0.5,1.,0.5,
1.,0.5,1.)) REPRESENTATION_ITEM('') );
#4602 = CARTESIAN_POINT('',(1.12276585235,-0.555315845446));
#4603 = CARTESIAN_POINT('',(-1.561912899382,-0.555315845446));
#4604 = CARTESIAN_POINT('',(-0.219573523516,1.769684154554));
#4605 = CARTESIAN_POINT('',(1.12276585235,4.094684154554));
#4606 = CARTESIAN_POINT('',(2.465105228216,1.769684154554));
#4607 = CARTESIAN_POINT('',(3.807444604082,-0.555315845446));
#4608 = CARTESIAN_POINT('',(1.12276585235,-0.555315845446));
#4609 = ( GEOMETRIC_REPRESENTATION_CONTEXT(2) 
PARAMETRIC_REPRESENTATION_CONTEXT() REPRESENTATION_CONTEXT('2D SPACE',''
  ) );
#4610 = ADVANCED_FACE('',(#4611),#962,.T.);
#4611 = FACE_BOUND('',#4612,.T.);
#4612 = EDGE_LOOP('',(#4613,#4614,#4635,#4636));
#4613 = ORIENTED_EDGE('',*,*,#941,.T.);
#4614 = ORIENTED_EDGE('',*,*,#4615,.T.);
#4615 = EDGE_CURVE('',#914,#2230,#4616,.T.);
#4616 = SURFACE_CURVE('',#4617,(#4621,#4628),.PCURVE_S1.);
#4617 = LINE('',#4618,#4619);
#4618 = CARTESIAN_POINT('',(-27.59900247785,-9.924488989018,
    4.80467569828));
#4619 = VECTOR('',#4620,1.);
#4620 = DIRECTION('',(0.,0.,1.));
#4621 = PCURVE('',#962,#4622);
#4622 = DEFINITIONAL_REPRESENTATION('',(#4623),#4627);
#4623 = LINE('',#4624,#4625);
#4624 = CARTESIAN_POINT('',(0.703957451157,0.));
#4625 = VECTOR('',#4626,1.);
#4626 = DIRECTION('',(0.,1.));
#4627 = ( GEOMETRIC_REPRESENTATION_CONTEXT(2) 
PARAMETRIC_REPRESENTATION_CONTEXT() REPRESENTATION_CONTEXT('2D SPACE',''
  ) );
#4628 = PCURVE('',#929,#4629);
#4629 = DEFINITIONAL_REPRESENTATION('',(#4630),#4634);
#4630 = LINE('',#4631,#4632);
#4631 = CARTESIAN_POINT('',(0.774486373647,4.400000095367));
#4632 = VECTOR('',#4633,1.);
#4633 = DIRECTION('',(0.,1.));
#4634 = ( GEOMETRIC_REPRESENTATION_CONTEXT(2) 
PARAMETRIC_REPRESENTATION_CONTEXT() REPRESENTATION_CONTEXT('2D SPACE',''
  ) );
#4635 = ORIENTED_EDGE('',*,*,#2229,.F.);
#4636 = ORIENTED_EDGE('',*,*,#4555,.T.);
#4637 = ADVANCED_FACE('',(#4638),#929,.F.);
#4638 = FACE_BOUND('',#4639,.T.);
#4639 = EDGE_LOOP('',(#4640,#4641,#4642,#4663));
#4640 = ORIENTED_EDGE('',*,*,#4615,.F.);
#4641 = ORIENTED_EDGE('',*,*,#913,.F.);
#4642 = ORIENTED_EDGE('',*,*,#4643,.F.);
#4643 = EDGE_CURVE('',#2258,#881,#4644,.T.);
#4644 = SURFACE_CURVE('',#4645,(#4649,#4656),.PCURVE_S1.);
#4645 = LINE('',#4646,#4647);
#4646 = CARTESIAN_POINT('',(-27.59900247785,-9.429087259488,
    1.804675638676));
#4647 = VECTOR('',#4648,1.);
#4648 = DIRECTION('',(0.,-1.134812336162E-17,-1.));
#4649 = PCURVE('',#929,#4650);
#4650 = DEFINITIONAL_REPRESENTATION('',(#4651),#4655);
#4651 = LINE('',#4652,#4653);
#4652 = CARTESIAN_POINT('',(0.279084644117,1.400000035763));
#4653 = VECTOR('',#4654,1.);
#4654 = DIRECTION('',(1.134812336162E-17,-1.));
#4655 = ( GEOMETRIC_REPRESENTATION_CONTEXT(2) 
PARAMETRIC_REPRESENTATION_CONTEXT() REPRESENTATION_CONTEXT('2D SPACE',''
  ) );
#4656 = PCURVE('',#901,#4657);
#4657 = DEFINITIONAL_REPRESENTATION('',(#4658),#4662);
#4658 = LINE('',#4659,#4660);
#4659 = CARTESIAN_POINT('',(0.831598458487,0.));
#4660 = VECTOR('',#4661,1.);
#4661 = DIRECTION('',(0.,1.));
#4662 = ( GEOMETRIC_REPRESENTATION_CONTEXT(2) 
PARAMETRIC_REPRESENTATION_CONTEXT() REPRESENTATION_CONTEXT('2D SPACE',''
  ) );
#4663 = ORIENTED_EDGE('',*,*,#2257,.T.);
#4664 = ADVANCED_FACE('',(#4665),#901,.T.);
#4665 = FACE_BOUND('',#4666,.T.);
#4666 = EDGE_LOOP('',(#4667,#4668,#4689,#4690));
#4667 = ORIENTED_EDGE('',*,*,#880,.T.);
#4668 = ORIENTED_EDGE('',*,*,#4669,.T.);
#4669 = EDGE_CURVE('',#853,#2281,#4670,.T.);
#4670 = SURFACE_CURVE('',#4671,(#4675,#4682),.PCURVE_S1.);
#4671 = LINE('',#4672,#4673);
#4672 = CARTESIAN_POINT('',(-27.92668322653,-9.130367028917,
    1.804675638676));
#4673 = VECTOR('',#4674,1.);
#4674 = DIRECTION('',(0.,1.134812336162E-17,1.));
#4675 = PCURVE('',#901,#4676);
#4676 = DEFINITIONAL_REPRESENTATION('',(#4677),#4681);
#4677 = LINE('',#4678,#4679);
#4678 = CARTESIAN_POINT('',(-0.831598458487,0.));
#4679 = VECTOR('',#4680,1.);
#4680 = DIRECTION('',(0.,-1.));
#4681 = ( GEOMETRIC_REPRESENTATION_CONTEXT(2) 
PARAMETRIC_REPRESENTATION_CONTEXT() REPRESENTATION_CONTEXT('2D SPACE',''
  ) );
#4682 = PCURVE('',#868,#4683);
#4683 = DEFINITIONAL_REPRESENTATION('',(#4684),#4688);
#4684 = LINE('',#4685,#4686);
#4685 = CARTESIAN_POINT('',(-1.400000035763,0.159937795645));
#4686 = VECTOR('',#4687,1.);
#4687 = DIRECTION('',(1.,1.229893399057E-16));
#4688 = ( GEOMETRIC_REPRESENTATION_CONTEXT(2) 
PARAMETRIC_REPRESENTATION_CONTEXT() REPRESENTATION_CONTEXT('2D SPACE',''
  ) );
#4689 = ORIENTED_EDGE('',*,*,#2280,.F.);
#4690 = ORIENTED_EDGE('',*,*,#4643,.T.);
#4691 = ADVANCED_FACE('',(#4692),#868,.T.);
#4692 = FACE_BOUND('',#4693,.T.);
#4693 = EDGE_LOOP('',(#4694,#4695,#4696,#4717));
#4694 = ORIENTED_EDGE('',*,*,#4669,.F.);
#4695 = ORIENTED_EDGE('',*,*,#852,.F.);
#4696 = ORIENTED_EDGE('',*,*,#4697,.F.);
#4697 = EDGE_CURVE('',#2309,#825,#4698,.T.);
#4698 = SURFACE_CURVE('',#4699,(#4703,#4710),.PCURVE_S1.);
#4699 = LINE('',#4700,#4701);
#4700 = CARTESIAN_POINT('',(-28.08593874384,-9.145124355337,
    3.204675674438));
#4701 = VECTOR('',#4702,1.);
#4702 = DIRECTION('',(1.224646799147E-16,1.499759782662E-32,-1.));
#4703 = PCURVE('',#868,#4704);
#4704 = DEFINITIONAL_REPRESENTATION('',(#4705),#4709);
#4705 = LINE('',#4706,#4707);
#4706 = CARTESIAN_POINT('',(0.,0.));
#4707 = VECTOR('',#4708,1.);
#4708 = DIRECTION('',(-1.,0.));
#4709 = ( GEOMETRIC_REPRESENTATION_CONTEXT(2) 
PARAMETRIC_REPRESENTATION_CONTEXT() REPRESENTATION_CONTEXT('2D SPACE',''
  ) );
#4710 = PCURVE('',#840,#4711);
#4711 = DEFINITIONAL_REPRESENTATION('',(#4712),#4716);
#4712 = LINE('',#4713,#4714);
#4713 = CARTESIAN_POINT('',(-5.760179107616E-17,0.489022399322));
#4714 = VECTOR('',#4715,1.);
#4715 = DIRECTION('',(-1.,0.));
#4716 = ( GEOMETRIC_REPRESENTATION_CONTEXT(2) 
PARAMETRIC_REPRESENTATION_CONTEXT() REPRESENTATION_CONTEXT('2D SPACE',''
  ) );
#4717 = ORIENTED_EDGE('',*,*,#2308,.T.);
#4718 = ADVANCED_FACE('',(#4719),#3479,.T.);
#4719 = FACE_BOUND('',#4720,.T.);
#4720 = EDGE_LOOP('',(#4721,#4756,#4777,#4778));
#4721 = ORIENTED_EDGE('',*,*,#4722,.T.);
#4722 = EDGE_CURVE('',#4723,#4725,#4727,.T.);
#4723 = VERTEX_POINT('',#4724);
#4724 = CARTESIAN_POINT('',(27.759301133859,11.994507392863,
    0.404675602913));
#4725 = VERTEX_POINT('',#4726);
#4726 = CARTESIAN_POINT('',(28.054124616846,11.749997156595,
    0.404675602913));
#4727 = SURFACE_CURVE('',#4728,(#4733,#4740),.PCURVE_S1.);
#4728 = CIRCLE('',#4729,0.3);
#4729 = AXIS2_PLACEMENT_3D('',#4730,#4731,#4732);
#4730 = CARTESIAN_POINT('',(28.054124616846,12.049997156595,
    0.404675602913));
#4731 = DIRECTION('',(-1.224646799147E-16,-1.54074395551E-32,1.));
#4732 = DIRECTION('',(-0.982744943292,-0.184965879106,
    -1.203515449181E-16));
#4733 = PCURVE('',#3479,#4734);
#4734 = DEFINITIONAL_REPRESENTATION('',(#4735),#4739);
#4735 = LINE('',#4736,#4737);
#4736 = CARTESIAN_POINT('',(0.,-2.800000071525));
#4737 = VECTOR('',#4738,1.);
#4738 = DIRECTION('',(1.,0.));
#4739 = ( GEOMETRIC_REPRESENTATION_CONTEXT(2) 
PARAMETRIC_REPRESENTATION_CONTEXT() REPRESENTATION_CONTEXT('2D SPACE',''
  ) );
#4740 = PCURVE('',#4741,#4746);
#4741 = PLANE('',#4742);
#4742 = AXIS2_PLACEMENT_3D('',#4743,#4744,#4745);
#4743 = CARTESIAN_POINT('',(30.397995897042,9.099997123698,
    0.404675602913));
#4744 = DIRECTION('',(1.224646799147E-16,1.499759782662E-32,-1.));
#4745 = DIRECTION('',(9.95799250103E-17,1.,2.719262146894E-32));
#4746 = DEFINITIONAL_REPRESENTATION('',(#4747),#4755);
#4747 = ( BOUNDED_CURVE() B_SPLINE_CURVE(2,(#4748,#4749,#4750,#4751,
#4752,#4753,#4754),.UNSPECIFIED.,.T.,.F.) B_SPLINE_CURVE_WITH_KNOTS((1,2
    ,2,2,2,1),(-2.094395102393,0.,2.094395102393,4.188790204786,
6.28318530718,8.377580409573),.UNSPECIFIED.) CURVE() 
GEOMETRIC_REPRESENTATION_ITEM() RATIONAL_B_SPLINE_CURVE((1.,0.5,1.,0.5,
1.,0.5,1.)) REPRESENTATION_ITEM('') );
#4748 = CARTESIAN_POINT('',(2.894510269165,-2.638694763184));
#4749 = CARTESIAN_POINT('',(2.383861017366,-2.5425836731));
#4750 = CARTESIAN_POINT('',(2.722420288863,-2.14840399366));
#4751 = CARTESIAN_POINT('',(3.060979560361,-1.754224314221));
#4752 = CARTESIAN_POINT('',(3.233069540662,-2.244515083744));
#4753 = CARTESIAN_POINT('',(3.405159520964,-2.734805853267));
#4754 = CARTESIAN_POINT('',(2.894510269165,-2.638694763184));
#4755 = ( GEOMETRIC_REPRESENTATION_CONTEXT(2) 
PARAMETRIC_REPRESENTATION_CONTEXT() REPRESENTATION_CONTEXT('2D SPACE',''
  ) );
#4756 = ORIENTED_EDGE('',*,*,#4757,.T.);
#4757 = EDGE_CURVE('',#4725,#3459,#4758,.T.);
#4758 = SURFACE_CURVE('',#4759,(#4763,#4770),.PCURVE_S1.);
#4759 = LINE('',#4760,#4761);
#4760 = CARTESIAN_POINT('',(28.054124616846,11.749997156595,
    3.204675674438));
#4761 = VECTOR('',#4762,1.);
#4762 = DIRECTION('',(-1.224646799147E-16,0.,1.));
#4763 = PCURVE('',#3479,#4764);
#4764 = DEFINITIONAL_REPRESENTATION('',(#4765),#4769);
#4765 = LINE('',#4766,#4767);
#4766 = CARTESIAN_POINT('',(1.384759184566,0.));
#4767 = VECTOR('',#4768,1.);
#4768 = DIRECTION('',(0.,1.));
#4769 = ( GEOMETRIC_REPRESENTATION_CONTEXT(2) 
PARAMETRIC_REPRESENTATION_CONTEXT() REPRESENTATION_CONTEXT('2D SPACE',''
  ) );
#4770 = PCURVE('',#3507,#4771);
#4771 = DEFINITIONAL_REPRESENTATION('',(#4772),#4776);
#4772 = LINE('',#4773,#4774);
#4773 = CARTESIAN_POINT('',(0.793873624102,2.800000071525));
#4774 = VECTOR('',#4775,1.);
#4775 = DIRECTION('',(1.224646799147E-16,1.));
#4776 = ( GEOMETRIC_REPRESENTATION_CONTEXT(2) 
PARAMETRIC_REPRESENTATION_CONTEXT() REPRESENTATION_CONTEXT('2D SPACE',''
  ) );
#4777 = ORIENTED_EDGE('',*,*,#3458,.F.);
#4778 = ORIENTED_EDGE('',*,*,#4779,.T.);
#4779 = EDGE_CURVE('',#3431,#4723,#4780,.T.);
#4780 = SURFACE_CURVE('',#4781,(#4785,#4792),.PCURVE_S1.);
#4781 = LINE('',#4782,#4783);
#4782 = CARTESIAN_POINT('',(27.759301133859,11.994507392863,
    3.204675674438));
#4783 = VECTOR('',#4784,1.);
#4784 = DIRECTION('',(1.224646799147E-16,1.499759782662E-32,-1.));
#4785 = PCURVE('',#3479,#4786);
#4786 = DEFINITIONAL_REPRESENTATION('',(#4787),#4791);
#4787 = LINE('',#4788,#4789);
#4788 = CARTESIAN_POINT('',(0.,0.));
#4789 = VECTOR('',#4790,1.);
#4790 = DIRECTION('',(0.,-1.));
#4791 = ( GEOMETRIC_REPRESENTATION_CONTEXT(2) 
PARAMETRIC_REPRESENTATION_CONTEXT() REPRESENTATION_CONTEXT('2D SPACE',''
  ) );
#4792 = PCURVE('',#3446,#4793);
#4793 = DEFINITIONAL_REPRESENTATION('',(#4794),#4798);
#4794 = LINE('',#4795,#4796);
#4795 = CARTESIAN_POINT('',(0.,0.));
#4796 = VECTOR('',#4797,1.);
#4797 = DIRECTION('',(-1.,3.08148791102E-33));
#4798 = ( GEOMETRIC_REPRESENTATION_CONTEXT(2) 
PARAMETRIC_REPRESENTATION_CONTEXT() REPRESENTATION_CONTEXT('2D SPACE',''
  ) );
#4799 = ADVANCED_FACE('',(#4800),#3507,.F.);
#4800 = FACE_BOUND('',#4801,.T.);
#4801 = EDGE_LOOP('',(#4802,#4803,#4826,#4847));
#4802 = ORIENTED_EDGE('',*,*,#4757,.F.);
#4803 = ORIENTED_EDGE('',*,*,#4804,.F.);
#4804 = EDGE_CURVE('',#4805,#4725,#4807,.T.);
#4805 = VERTEX_POINT('',#4806);
#4806 = CARTESIAN_POINT('',(28.572484614595,11.749997156595,
    0.404675602913));
#4807 = SURFACE_CURVE('',#4808,(#4812,#4819),.PCURVE_S1.);
#4808 = LINE('',#4809,#4810);
#4809 = CARTESIAN_POINT('',(29.097997068995,11.749997156595,
    0.404675602913));
#4810 = VECTOR('',#4811,1.);
#4811 = DIRECTION('',(-1.,0.,-1.224646799147E-16));
#4812 = PCURVE('',#3507,#4813);
#4813 = DEFINITIONAL_REPRESENTATION('',(#4814),#4818);
#4814 = LINE('',#4815,#4816);
#4815 = CARTESIAN_POINT('',(-0.249998828047,0.));
#4816 = VECTOR('',#4817,1.);
#4817 = DIRECTION('',(1.,-1.224646799147E-16));
#4818 = ( GEOMETRIC_REPRESENTATION_CONTEXT(2) 
PARAMETRIC_REPRESENTATION_CONTEXT() REPRESENTATION_CONTEXT('2D SPACE',''
  ) );
#4819 = PCURVE('',#4741,#4820);
#4820 = DEFINITIONAL_REPRESENTATION('',(#4821),#4825);
#4821 = LINE('',#4822,#4823);
#4822 = CARTESIAN_POINT('',(2.650000032897,-1.299998828047));
#4823 = VECTOR('',#4824,1.);
#4824 = DIRECTION('',(-9.95799250103E-17,-1.));
#4825 = ( GEOMETRIC_REPRESENTATION_CONTEXT(2) 
PARAMETRIC_REPRESENTATION_CONTEXT() REPRESENTATION_CONTEXT('2D SPACE',''
  ) );
#4826 = ORIENTED_EDGE('',*,*,#4827,.F.);
#4827 = EDGE_CURVE('',#3492,#4805,#4828,.T.);
#4828 = SURFACE_CURVE('',#4829,(#4833,#4840),.PCURVE_S1.);
#4829 = LINE('',#4830,#4831);
#4830 = CARTESIAN_POINT('',(28.572484614595,11.749997156595,
    4.80467569828));
#4831 = VECTOR('',#4832,1.);
#4832 = DIRECTION('',(0.,0.,-1.));
#4833 = PCURVE('',#3507,#4834);
#4834 = DEFINITIONAL_REPRESENTATION('',(#4835),#4839);
#4835 = LINE('',#4836,#4837);
#4836 = CARTESIAN_POINT('',(0.275513626353,4.400000095367));
#4837 = VECTOR('',#4838,1.);
#4838 = DIRECTION('',(0.,-1.));
#4839 = ( GEOMETRIC_REPRESENTATION_CONTEXT(2) 
PARAMETRIC_REPRESENTATION_CONTEXT() REPRESENTATION_CONTEXT('2D SPACE',''
  ) );
#4840 = PCURVE('',#3540,#4841);
#4841 = DEFINITIONAL_REPRESENTATION('',(#4842),#4846);
#4842 = LINE('',#4843,#4844);
#4843 = CARTESIAN_POINT('',(6.987142758337,0.));
#4844 = VECTOR('',#4845,1.);
#4845 = DIRECTION('',(0.,1.));
#4846 = ( GEOMETRIC_REPRESENTATION_CONTEXT(2) 
PARAMETRIC_REPRESENTATION_CONTEXT() REPRESENTATION_CONTEXT('2D SPACE',''
  ) );
#4847 = ORIENTED_EDGE('',*,*,#3491,.T.);
#4848 = ADVANCED_FACE('',(#4849),#4741,.T.);
#4849 = FACE_BOUND('',#4850,.T.);
#4850 = EDGE_LOOP('',(#4851,#4852,#4875,#4898,#4921,#4944,#4967,#4990,
    #5013,#5036,#5059,#5082,#5105,#5128,#5151,#5174,#5197,#5220,#5248,
    #5271,#5299,#5327,#5353));
#4851 = ORIENTED_EDGE('',*,*,#4722,.F.);
#4852 = ORIENTED_EDGE('',*,*,#4853,.T.);
#4853 = EDGE_CURVE('',#4723,#4854,#4856,.T.);
#4854 = VERTEX_POINT('',#4855);
#4855 = CARTESIAN_POINT('',(27.849160142648,12.475205024699,
    0.404675602913));
#4856 = SURFACE_CURVE('',#4857,(#4861,#4868),.PCURVE_S1.);
#4857 = LINE('',#4858,#4859);
#4858 = CARTESIAN_POINT('',(27.759301133859,11.994507392863,
    0.404675602913));
#4859 = VECTOR('',#4860,1.);
#4860 = DIRECTION('',(0.183751588868,0.982972712535,2.250307951458E-17)
  );
#4861 = PCURVE('',#4741,#4862);
#4862 = DEFINITIONAL_REPRESENTATION('',(#4863),#4867);
#4863 = LINE('',#4864,#4865);
#4864 = CARTESIAN_POINT('',(2.894510269165,-2.638694763184));
#4865 = VECTOR('',#4866,1.);
#4866 = DIRECTION('',(0.982972712535,0.183751588868));
#4867 = ( GEOMETRIC_REPRESENTATION_CONTEXT(2) 
PARAMETRIC_REPRESENTATION_CONTEXT() REPRESENTATION_CONTEXT('2D SPACE',''
  ) );
#4868 = PCURVE('',#3446,#4869);
#4869 = DEFINITIONAL_REPRESENTATION('',(#4870),#4874);
#4870 = LINE('',#4871,#4872);
#4871 = CARTESIAN_POINT('',(-2.800000071525,-6.300862425037E-17));
#4872 = VECTOR('',#4873,1.);
#4873 = DIRECTION('',(2.465190328816E-32,1.));
#4874 = ( GEOMETRIC_REPRESENTATION_CONTEXT(2) 
PARAMETRIC_REPRESENTATION_CONTEXT() REPRESENTATION_CONTEXT('2D SPACE',''
  ) );
#4875 = ORIENTED_EDGE('',*,*,#4876,.T.);
#4876 = EDGE_CURVE('',#4854,#4877,#4879,.T.);
#4877 = VERTEX_POINT('',#4878);
#4878 = CARTESIAN_POINT('',(28.025814958321,12.931204399089,
    0.404675602913));
#4879 = SURFACE_CURVE('',#4880,(#4884,#4891),.PCURVE_S1.);
#4880 = LINE('',#4881,#4882);
#4881 = CARTESIAN_POINT('',(27.849160142648,12.475205024699,
    0.404675602913));
#4882 = VECTOR('',#4883,1.);
#4883 = DIRECTION('',(0.36124116283,0.932472424406,4.423928337802E-17));
#4884 = PCURVE('',#4741,#4885);
#4885 = DEFINITIONAL_REPRESENTATION('',(#4886),#4890);
#4886 = LINE('',#4887,#4888);
#4887 = CARTESIAN_POINT('',(3.375207901001,-2.548835754395));
#4888 = VECTOR('',#4889,1.);
#4889 = DIRECTION('',(0.932472424406,0.36124116283));
#4890 = ( GEOMETRIC_REPRESENTATION_CONTEXT(2) 
PARAMETRIC_REPRESENTATION_CONTEXT() REPRESENTATION_CONTEXT('2D SPACE',''
  ) );
#4891 = PCURVE('',#3418,#4892);
#4892 = DEFINITIONAL_REPRESENTATION('',(#4893),#4897);
#4893 = LINE('',#4894,#4895);
#4894 = CARTESIAN_POINT('',(-2.800000071525,-1.238699966227E-16));
#4895 = VECTOR('',#4896,1.);
#4896 = DIRECTION('',(1.725633230171E-31,1.));
#4897 = ( GEOMETRIC_REPRESENTATION_CONTEXT(2) 
PARAMETRIC_REPRESENTATION_CONTEXT() REPRESENTATION_CONTEXT('2D SPACE',''
  ) );
#4898 = ORIENTED_EDGE('',*,*,#4899,.T.);
#4899 = EDGE_CURVE('',#4877,#4900,#4902,.T.);
#4900 = VERTEX_POINT('',#4901);
#4901 = CARTESIAN_POINT('',(28.283253617989,13.346979698161,
    0.404675602913));
#4902 = SURFACE_CURVE('',#4903,(#4907,#4914),.PCURVE_S1.);
#4903 = LINE('',#4904,#4905);
#4904 = CARTESIAN_POINT('',(28.025814958321,12.931204399089,
    0.404675602913));
#4905 = VECTOR('',#4906,1.);
#4906 = DIRECTION('',(0.526434370705,0.850215768697,6.446961670451E-17)
  );
#4907 = PCURVE('',#4741,#4908);
#4908 = DEFINITIONAL_REPRESENTATION('',(#4909),#4913);
#4909 = LINE('',#4910,#4911);
#4910 = CARTESIAN_POINT('',(3.831207275391,-2.372180938721));
#4911 = VECTOR('',#4912,1.);
#4912 = DIRECTION('',(0.850215768697,0.526434370705));
#4913 = ( GEOMETRIC_REPRESENTATION_CONTEXT(2) 
PARAMETRIC_REPRESENTATION_CONTEXT() REPRESENTATION_CONTEXT('2D SPACE',''
  ) );
#4914 = PCURVE('',#3390,#4915);
#4915 = DEFINITIONAL_REPRESENTATION('',(#4916),#4920);
#4916 = LINE('',#4917,#4918);
#4917 = CARTESIAN_POINT('',(-2.800000071525,-1.805149313839E-16));
#4918 = VECTOR('',#4919,1.);
#4919 = DIRECTION('',(1.109335647967E-31,1.));
#4920 = ( GEOMETRIC_REPRESENTATION_CONTEXT(2) 
PARAMETRIC_REPRESENTATION_CONTEXT() REPRESENTATION_CONTEXT('2D SPACE',''
  ) );
#4921 = ORIENTED_EDGE('',*,*,#4922,.T.);
#4922 = EDGE_CURVE('',#4900,#4923,#4925,.T.);
#4923 = VERTEX_POINT('',#4924);
#4924 = CARTESIAN_POINT('',(28.612702317941,13.708370765666,
    0.404675602913));
#4925 = SURFACE_CURVE('',#4926,(#4930,#4937),.PCURVE_S1.);
#4926 = LINE('',#4927,#4928);
#4927 = CARTESIAN_POINT('',(28.283253617989,13.346979698161,
    0.404675602913));
#4928 = VECTOR('',#4929,1.);
#4929 = DIRECTION('',(0.673692529347,0.739011756267,8.250353996748E-17)
  );
#4930 = PCURVE('',#4741,#4931);
#4931 = DEFINITIONAL_REPRESENTATION('',(#4932),#4936);
#4932 = LINE('',#4933,#4934);
#4933 = CARTESIAN_POINT('',(4.246982574463,-2.114742279053));
#4934 = VECTOR('',#4935,1.);
#4935 = DIRECTION('',(0.739011756267,0.673692529347));
#4936 = ( GEOMETRIC_REPRESENTATION_CONTEXT(2) 
PARAMETRIC_REPRESENTATION_CONTEXT() REPRESENTATION_CONTEXT('2D SPACE',''
  ) );
#4937 = PCURVE('',#3362,#4938);
#4938 = DEFINITIONAL_REPRESENTATION('',(#4939),#4943);
#4939 = LINE('',#4940,#4941);
#4940 = CARTESIAN_POINT('',(-2.800000071525,-2.310099178101E-16));
#4941 = VECTOR('',#4942,1.);
#4942 = DIRECTION('',(2.711709361697E-31,1.));
#4943 = ( GEOMETRIC_REPRESENTATION_CONTEXT(2) 
PARAMETRIC_REPRESENTATION_CONTEXT() REPRESENTATION_CONTEXT('2D SPACE',''
  ) );
#4944 = ORIENTED_EDGE('',*,*,#4945,.T.);
#4945 = EDGE_CURVE('',#4923,#4946,#4948,.T.);
#4946 = VERTEX_POINT('',#4947);
#4947 = CARTESIAN_POINT('',(29.002953477609,14.003073295573,
    0.404675602913));
#4948 = SURFACE_CURVE('',#4949,(#4953,#4960),.PCURVE_S1.);
#4949 = LINE('',#4950,#4951);
#4950 = CARTESIAN_POINT('',(28.612702317941,13.708370765666,
    0.404675602913));
#4951 = VECTOR('',#4952,1.);
#4952 = DIRECTION('',(0.798018668985,0.602632727249,9.772910086318E-17)
  );
#4953 = PCURVE('',#4741,#4954);
#4954 = DEFINITIONAL_REPRESENTATION('',(#4955),#4959);
#4955 = LINE('',#4956,#4957);
#4956 = CARTESIAN_POINT('',(4.608373641968,-1.785293579102));
#4957 = VECTOR('',#4958,1.);
#4958 = DIRECTION('',(0.602632727249,0.798018668985));
#4959 = ( GEOMETRIC_REPRESENTATION_CONTEXT(2) 
PARAMETRIC_REPRESENTATION_CONTEXT() REPRESENTATION_CONTEXT('2D SPACE',''
  ) );
#4960 = PCURVE('',#3334,#4961);
#4961 = DEFINITIONAL_REPRESENTATION('',(#4962),#4966);
#4962 = LINE('',#4963,#4964);
#4963 = CARTESIAN_POINT('',(-2.800000071525,-2.73641489407E-16));
#4964 = VECTOR('',#4965,1.);
#4965 = DIRECTION('',(2.834968878138E-31,1.));
#4966 = ( GEOMETRIC_REPRESENTATION_CONTEXT(2) 
PARAMETRIC_REPRESENTATION_CONTEXT() REPRESENTATION_CONTEXT('2D SPACE',''
  ) );
#4967 = ORIENTED_EDGE('',*,*,#4968,.T.);
#4968 = EDGE_CURVE('',#4946,#4969,#4971,.T.);
#4969 = VERTEX_POINT('',#4970);
#4970 = CARTESIAN_POINT('',(29.440705247628,14.221048912028,
    0.404675602913));
#4971 = SURFACE_CURVE('',#4972,(#4976,#4983),.PCURVE_S1.);
#4972 = LINE('',#4973,#4974);
#4973 = CARTESIAN_POINT('',(29.002953477609,14.003073295573,
    0.404675602913));
#4974 = VECTOR('',#4975,1.);
#4975 = DIRECTION('',(0.895162365226,0.445740215691,1.096257725291E-16)
  );
#4976 = PCURVE('',#4741,#4977);
#4977 = DEFINITIONAL_REPRESENTATION('',(#4978),#4982);
#4978 = LINE('',#4979,#4980);
#4979 = CARTESIAN_POINT('',(4.903076171875,-1.395042419434));
#4980 = VECTOR('',#4981,1.);
#4981 = DIRECTION('',(0.445740215691,0.895162365226));
#4982 = ( GEOMETRIC_REPRESENTATION_CONTEXT(2) 
PARAMETRIC_REPRESENTATION_CONTEXT() REPRESENTATION_CONTEXT('2D SPACE',''
  ) );
#4983 = PCURVE('',#3306,#4984);
#4984 = DEFINITIONAL_REPRESENTATION('',(#4985),#4989);
#4985 = LINE('',#4986,#4987);
#4986 = CARTESIAN_POINT('',(-2.800000071525,-3.069521709224E-16));
#4987 = VECTOR('',#4988,1.);
#4988 = DIRECTION('',(-3.697785493223E-32,1.));
#4989 = ( GEOMETRIC_REPRESENTATION_CONTEXT(2) 
PARAMETRIC_REPRESENTATION_CONTEXT() REPRESENTATION_CONTEXT('2D SPACE',''
  ) );
#4990 = ORIENTED_EDGE('',*,*,#4991,.T.);
#4991 = EDGE_CURVE('',#4969,#4992,#4994,.T.);
#4992 = VERTEX_POINT('',#4993);
#4993 = CARTESIAN_POINT('',(29.911061235177,14.354876121501,
    0.404675602913));
#4994 = SURFACE_CURVE('',#4995,(#4999,#5006),.PCURVE_S1.);
#4995 = LINE('',#4996,#4997);
#4996 = CARTESIAN_POINT('',(29.440705247628,14.221048912028,
    0.404675602913));
#4997 = VECTOR('',#4998,1.);
#4998 = DIRECTION('',(0.961825970055,0.273661841197,1.177897095565E-16)
  );
#4999 = PCURVE('',#4741,#5000);
#5000 = DEFINITIONAL_REPRESENTATION('',(#5001),#5005);
#5001 = LINE('',#5002,#5003);
#5002 = CARTESIAN_POINT('',(5.12105178833,-0.957290649414));
#5003 = VECTOR('',#5004,1.);
#5004 = DIRECTION('',(0.273661841197,0.961825970055));
#5005 = ( GEOMETRIC_REPRESENTATION_CONTEXT(2) 
PARAMETRIC_REPRESENTATION_CONTEXT() REPRESENTATION_CONTEXT('2D SPACE',''
  ) );
#5006 = PCURVE('',#3278,#5007);
#5007 = DEFINITIONAL_REPRESENTATION('',(#5008),#5012);
#5008 = LINE('',#5009,#5010);
#5009 = CARTESIAN_POINT('',(-2.800000071525,-3.298111951831E-16));
#5010 = VECTOR('',#5011,1.);
#5011 = DIRECTION('',(-1.232595164408E-31,1.));
#5012 = ( GEOMETRIC_REPRESENTATION_CONTEXT(2) 
PARAMETRIC_REPRESENTATION_CONTEXT() REPRESENTATION_CONTEXT('2D SPACE',''
  ) );
#5013 = ORIENTED_EDGE('',*,*,#5014,.T.);
#5014 = EDGE_CURVE('',#4992,#5015,#5017,.T.);
#5015 = VERTEX_POINT('',#5016);
#5016 = CARTESIAN_POINT('',(30.397995897042,14.399996360758,
    0.404675602913));
#5017 = SURFACE_CURVE('',#5018,(#5022,#5029),.PCURVE_S1.);
#5018 = LINE('',#5019,#5020);
#5019 = CARTESIAN_POINT('',(29.911061235177,14.354876121501,
    0.404675602913));
#5020 = VECTOR('',#5021,1.);
#5021 = DIRECTION('',(0.995734345755,9.226653067908E-02,
    1.21942287933E-16));
#5022 = PCURVE('',#4741,#5023);
#5023 = DEFINITIONAL_REPRESENTATION('',(#5024),#5028);
#5024 = LINE('',#5025,#5026);
#5025 = CARTESIAN_POINT('',(5.254878997803,-0.486934661865));
#5026 = VECTOR('',#5027,1.);
#5027 = DIRECTION('',(9.226653067908E-02,0.995734345755));
#5028 = ( GEOMETRIC_REPRESENTATION_CONTEXT(2) 
PARAMETRIC_REPRESENTATION_CONTEXT() REPRESENTATION_CONTEXT('2D SPACE',''
  ) );
#5029 = PCURVE('',#3250,#5030);
#5030 = DEFINITIONAL_REPRESENTATION('',(#5031),#5035);
#5031 = LINE('',#5032,#5033);
#5032 = CARTESIAN_POINT('',(-2.800000071525,-3.414384149344E-16));
#5033 = VECTOR('',#5034,1.);
#5034 = DIRECTION('',(-1.232595164408E-31,1.));
#5035 = ( GEOMETRIC_REPRESENTATION_CONTEXT(2) 
PARAMETRIC_REPRESENTATION_CONTEXT() REPRESENTATION_CONTEXT('2D SPACE',''
  ) );
#5036 = ORIENTED_EDGE('',*,*,#5037,.F.);
#5037 = EDGE_CURVE('',#5038,#5015,#5040,.T.);
#5038 = VERTEX_POINT('',#5039);
#5039 = CARTESIAN_POINT('',(30.884934373605,14.354876121501,
    0.404675602913));
#5040 = SURFACE_CURVE('',#5041,(#5045,#5052),.PCURVE_S1.);
#5041 = LINE('',#5042,#5043);
#5042 = CARTESIAN_POINT('',(30.884934373605,14.354876121501,
    0.404675602913));
#5043 = VECTOR('',#5044,1.);
#5044 = DIRECTION('',(-0.995734412163,9.226581401243E-02,
    -1.219422960656E-16));
#5045 = PCURVE('',#4741,#5046);
#5046 = DEFINITIONAL_REPRESENTATION('',(#5047),#5051);
#5047 = LINE('',#5048,#5049);
#5048 = CARTESIAN_POINT('',(5.254878997803,0.486938476562));
#5049 = VECTOR('',#5050,1.);
#5050 = DIRECTION('',(9.226581401243E-02,-0.995734412163));
#5051 = ( GEOMETRIC_REPRESENTATION_CONTEXT(2) 
PARAMETRIC_REPRESENTATION_CONTEXT() REPRESENTATION_CONTEXT('2D SPACE',''
  ) );
#5052 = PCURVE('',#3222,#5053);
#5053 = DEFINITIONAL_REPRESENTATION('',(#5054),#5058);
#5054 = LINE('',#5055,#5056);
#5055 = CARTESIAN_POINT('',(-2.800000071525,0.489024453323));
#5056 = VECTOR('',#5057,1.);
#5057 = DIRECTION('',(-1.479114197289E-31,-1.));
#5058 = ( GEOMETRIC_REPRESENTATION_CONTEXT(2) 
PARAMETRIC_REPRESENTATION_CONTEXT() REPRESENTATION_CONTEXT('2D SPACE',''
  ) );
#5059 = ORIENTED_EDGE('',*,*,#5060,.F.);
#5060 = EDGE_CURVE('',#5061,#5038,#5063,.T.);
#5061 = VERTEX_POINT('',#5062);
#5062 = CARTESIAN_POINT('',(31.355286546456,14.221048912028,
    0.404675602913));
#5063 = SURFACE_CURVE('',#5064,(#5068,#5075),.PCURVE_S1.);
#5064 = LINE('',#5065,#5066);
#5065 = CARTESIAN_POINT('',(31.355286546456,14.221048912028,
    0.404675602913));
#5066 = VECTOR('',#5067,1.);
#5067 = DIRECTION('',(-0.961825385853,0.273663894457,-1.177896380123E-16
    ));
#5068 = PCURVE('',#4741,#5069);
#5069 = DEFINITIONAL_REPRESENTATION('',(#5070),#5074);
#5070 = LINE('',#5071,#5072);
#5071 = CARTESIAN_POINT('',(5.12105178833,0.957290649414));
#5072 = VECTOR('',#5073,1.);
#5073 = DIRECTION('',(0.273663894457,-0.961825385853));
#5074 = ( GEOMETRIC_REPRESENTATION_CONTEXT(2) 
PARAMETRIC_REPRESENTATION_CONTEXT() REPRESENTATION_CONTEXT('2D SPACE',''
  ) );
#5075 = PCURVE('',#3194,#5076);
#5076 = DEFINITIONAL_REPRESENTATION('',(#5077),#5081);
#5077 = LINE('',#5078,#5079);
#5078 = CARTESIAN_POINT('',(-2.800000071525,0.489020335468));
#5079 = VECTOR('',#5080,1.);
#5080 = DIRECTION('',(1.725633230171E-31,-1.));
#5081 = ( GEOMETRIC_REPRESENTATION_CONTEXT(2) 
PARAMETRIC_REPRESENTATION_CONTEXT() REPRESENTATION_CONTEXT('2D SPACE',''
  ) );
#5082 = ORIENTED_EDGE('',*,*,#5083,.F.);
#5083 = EDGE_CURVE('',#5084,#5061,#5086,.T.);
#5084 = VERTEX_POINT('',#5085);
#5085 = CARTESIAN_POINT('',(31.793042131173,14.003073295573,
    0.404675602913));
#5086 = SURFACE_CURVE('',#5087,(#5091,#5098),.PCURVE_S1.);
#5087 = LINE('',#5088,#5089);
#5088 = CARTESIAN_POINT('',(31.793042131173,14.003073295573,
    0.404675602913));
#5089 = VECTOR('',#5090,1.);
#5090 = DIRECTION('',(-0.895163915088,0.44573710315,-1.096259623324E-16)
  );
#5091 = PCURVE('',#4741,#5092);
#5092 = DEFINITIONAL_REPRESENTATION('',(#5093),#5097);
#5093 = LINE('',#5094,#5095);
#5094 = CARTESIAN_POINT('',(4.903076171875,1.395046234131));
#5095 = VECTOR('',#5096,1.);
#5096 = DIRECTION('',(0.44573710315,-0.895163915088));
#5097 = ( GEOMETRIC_REPRESENTATION_CONTEXT(2) 
PARAMETRIC_REPRESENTATION_CONTEXT() REPRESENTATION_CONTEXT('2D SPACE',''
  ) );
#5098 = PCURVE('',#3166,#5099);
#5099 = DEFINITIONAL_REPRESENTATION('',(#5100),#5104);
#5100 = LINE('',#5101,#5102);
#5101 = CARTESIAN_POINT('',(-2.800000071525,0.489022822903));
#5102 = VECTOR('',#5103,1.);
#5103 = DIRECTION('',(-3.451266460342E-31,-1.));
#5104 = ( GEOMETRIC_REPRESENTATION_CONTEXT(2) 
PARAMETRIC_REPRESENTATION_CONTEXT() REPRESENTATION_CONTEXT('2D SPACE',''
  ) );
#5105 = ORIENTED_EDGE('',*,*,#5106,.F.);
#5106 = EDGE_CURVE('',#5107,#5084,#5109,.T.);
#5107 = VERTEX_POINT('',#5108);
#5108 = CARTESIAN_POINT('',(32.183289476144,13.708370765666,
    0.404675602913));
#5109 = SURFACE_CURVE('',#5110,(#5114,#5121),.PCURVE_S1.);
#5110 = LINE('',#5111,#5112);
#5111 = CARTESIAN_POINT('',(32.183289476144,13.708370765666,
    0.404675602913));
#5112 = VECTOR('',#5113,1.);
#5113 = DIRECTION('',(-0.798015836038,0.602636478677,-9.772875392727E-17
    ));
#5114 = PCURVE('',#4741,#5115);
#5115 = DEFINITIONAL_REPRESENTATION('',(#5116),#5120);
#5116 = LINE('',#5117,#5118);
#5117 = CARTESIAN_POINT('',(4.608373641968,1.785293579102));
#5118 = VECTOR('',#5119,1.);
#5119 = DIRECTION('',(0.602636478677,-0.798015836038));
#5120 = ( GEOMETRIC_REPRESENTATION_CONTEXT(2) 
PARAMETRIC_REPRESENTATION_CONTEXT() REPRESENTATION_CONTEXT('2D SPACE',''
  ) );
#5121 = PCURVE('',#3138,#5122);
#5122 = DEFINITIONAL_REPRESENTATION('',(#5123),#5127);
#5123 = LINE('',#5124,#5125);
#5124 = CARTESIAN_POINT('',(-2.800000071525,0.489022056139));
#5125 = VECTOR('',#5126,1.);
#5126 = DIRECTION('',(-2.341930812375E-31,-1.));
#5127 = ( GEOMETRIC_REPRESENTATION_CONTEXT(2) 
PARAMETRIC_REPRESENTATION_CONTEXT() REPRESENTATION_CONTEXT('2D SPACE',''
  ) );
#5128 = ORIENTED_EDGE('',*,*,#5129,.F.);
#5129 = EDGE_CURVE('',#5130,#5107,#5132,.T.);
#5130 = VERTEX_POINT('',#5131);
#5131 = CARTESIAN_POINT('',(32.512741990792,13.346979698161,
    0.404675602913));
#5132 = SURFACE_CURVE('',#5133,(#5137,#5144),.PCURVE_S1.);
#5133 = LINE('',#5134,#5135);
#5134 = CARTESIAN_POINT('',(32.512741990792,13.346979698161,
    0.404675602913));
#5135 = VECTOR('',#5136,1.);
#5136 = DIRECTION('',(-0.67369678958,0.739007872563,-8.250406169547E-17)
  );
#5137 = PCURVE('',#4741,#5138);
#5138 = DEFINITIONAL_REPRESENTATION('',(#5139),#5143);
#5139 = LINE('',#5140,#5141);
#5140 = CARTESIAN_POINT('',(4.246982574463,2.11474609375));
#5141 = VECTOR('',#5142,1.);
#5142 = DIRECTION('',(0.739007872563,-0.67369678958));
#5143 = ( GEOMETRIC_REPRESENTATION_CONTEXT(2) 
PARAMETRIC_REPRESENTATION_CONTEXT() REPRESENTATION_CONTEXT('2D SPACE',''
  ) );
#5144 = PCURVE('',#3110,#5145);
#5145 = DEFINITIONAL_REPRESENTATION('',(#5146),#5150);
#5146 = LINE('',#5147,#5148);
#5147 = CARTESIAN_POINT('',(-2.800000071525,0.489021945398));
#5148 = VECTOR('',#5149,1.);
#5149 = DIRECTION('',(-1.355854680849E-31,-1.));
#5150 = ( GEOMETRIC_REPRESENTATION_CONTEXT(2) 
PARAMETRIC_REPRESENTATION_CONTEXT() REPRESENTATION_CONTEXT('2D SPACE',''
  ) );
#5151 = ORIENTED_EDGE('',*,*,#5152,.F.);
#5152 = EDGE_CURVE('',#5153,#5130,#5155,.T.);
#5153 = VERTEX_POINT('',#5154);
#5154 = CARTESIAN_POINT('',(32.77018065046,12.931204399089,
    0.404675602913));
#5155 = SURFACE_CURVE('',#5156,(#5160,#5167),.PCURVE_S1.);
#5156 = LINE('',#5157,#5158);
#5157 = CARTESIAN_POINT('',(32.77018065046,12.931204399089,
    0.404675602913));
#5158 = VECTOR('',#5159,1.);
#5159 = DIRECTION('',(-0.526434370705,0.850215768697,-6.446961670451E-17
    ));
#5160 = PCURVE('',#4741,#5161);
#5161 = DEFINITIONAL_REPRESENTATION('',(#5162),#5166);
#5162 = LINE('',#5163,#5164);
#5163 = CARTESIAN_POINT('',(3.831207275391,2.372184753418));
#5164 = VECTOR('',#5165,1.);
#5165 = DIRECTION('',(0.850215768697,-0.526434370705));
#5166 = ( GEOMETRIC_REPRESENTATION_CONTEXT(2) 
PARAMETRIC_REPRESENTATION_CONTEXT() REPRESENTATION_CONTEXT('2D SPACE',''
  ) );
#5167 = PCURVE('',#3082,#5168);
#5168 = DEFINITIONAL_REPRESENTATION('',(#5169),#5173);
#5169 = LINE('',#5170,#5171);
#5170 = CARTESIAN_POINT('',(-2.800000071525,0.489023274303));
#5171 = VECTOR('',#5172,1.);
#5172 = DIRECTION('',(-1.479114197289E-31,-1.));
#5173 = ( GEOMETRIC_REPRESENTATION_CONTEXT(2) 
PARAMETRIC_REPRESENTATION_CONTEXT() REPRESENTATION_CONTEXT('2D SPACE',''
  ) );
#5174 = ORIENTED_EDGE('',*,*,#5175,.F.);
#5175 = EDGE_CURVE('',#5176,#5153,#5178,.T.);
#5176 = VERTEX_POINT('',#5177);
#5177 = CARTESIAN_POINT('',(32.946831651437,12.475205024699,
    0.404675602913));
#5178 = SURFACE_CURVE('',#5179,(#5183,#5190),.PCURVE_S1.);
#5179 = LINE('',#5180,#5181);
#5180 = CARTESIAN_POINT('',(32.946831651437,12.475205024699,
    0.404675602913));
#5181 = VECTOR('',#5182,1.);
#5182 = DIRECTION('',(-0.361234380082,0.932475052024,-4.4238452731E-17)
  );
#5183 = PCURVE('',#4741,#5184);
#5184 = DEFINITIONAL_REPRESENTATION('',(#5185),#5189);
#5185 = LINE('',#5186,#5187);
#5186 = CARTESIAN_POINT('',(3.375207901001,2.548835754395));
#5187 = VECTOR('',#5188,1.);
#5188 = DIRECTION('',(0.932475052024,-0.361234380082));
#5189 = ( GEOMETRIC_REPRESENTATION_CONTEXT(2) 
PARAMETRIC_REPRESENTATION_CONTEXT() REPRESENTATION_CONTEXT('2D SPACE',''
  ) );
#5190 = PCURVE('',#3054,#5191);
#5191 = DEFINITIONAL_REPRESENTATION('',(#5192),#5196);
#5192 = LINE('',#5193,#5194);
#5193 = CARTESIAN_POINT('',(2.800000071525,-0.489020455185));
#5194 = VECTOR('',#5195,1.);
#5195 = DIRECTION('',(1.109335647967E-31,1.));
#5196 = ( GEOMETRIC_REPRESENTATION_CONTEXT(2) 
PARAMETRIC_REPRESENTATION_CONTEXT() REPRESENTATION_CONTEXT('2D SPACE',''
  ) );
#5197 = ORIENTED_EDGE('',*,*,#5198,.F.);
#5198 = EDGE_CURVE('',#5199,#5176,#5201,.T.);
#5199 = VERTEX_POINT('',#5200);
#5200 = CARTESIAN_POINT('',(33.036690660226,11.994507392863,
    0.404675602913));
#5201 = SURFACE_CURVE('',#5202,(#5206,#5213),.PCURVE_S1.);
#5202 = LINE('',#5203,#5204);
#5203 = CARTESIAN_POINT('',(33.036690660226,11.994507392863,
    0.404675602913));
#5204 = VECTOR('',#5205,1.);
#5205 = DIRECTION('',(-0.183751588868,0.982972712535,-2.250307951458E-17
    ));
#5206 = PCURVE('',#4741,#5207);
#5207 = DEFINITIONAL_REPRESENTATION('',(#5208),#5212);
#5208 = LINE('',#5209,#5210);
#5209 = CARTESIAN_POINT('',(2.894510269165,2.638694763183));
#5210 = VECTOR('',#5211,1.);
#5211 = DIRECTION('',(0.982972712535,-0.183751588868));
#5212 = ( GEOMETRIC_REPRESENTATION_CONTEXT(2) 
PARAMETRIC_REPRESENTATION_CONTEXT() REPRESENTATION_CONTEXT('2D SPACE',''
  ) );
#5213 = PCURVE('',#3026,#5214);
#5214 = DEFINITIONAL_REPRESENTATION('',(#5215),#5219);
#5215 = LINE('',#5216,#5217);
#5216 = CARTESIAN_POINT('',(2.800000071525,-0.489024390714));
#5217 = VECTOR('',#5218,1.);
#5218 = DIRECTION('',(8.011868568651E-32,1.));
#5219 = ( GEOMETRIC_REPRESENTATION_CONTEXT(2) 
PARAMETRIC_REPRESENTATION_CONTEXT() REPRESENTATION_CONTEXT('2D SPACE',''
  ) );
#5220 = ORIENTED_EDGE('',*,*,#5221,.F.);
#5221 = EDGE_CURVE('',#5222,#5199,#5224,.T.);
#5222 = VERTEX_POINT('',#5223);
#5223 = CARTESIAN_POINT('',(32.741867177238,11.749997156595,
    0.404675602913));
#5224 = SURFACE_CURVE('',#5225,(#5230,#5241),.PCURVE_S1.);
#5225 = CIRCLE('',#5226,0.3);
#5226 = AXIS2_PLACEMENT_3D('',#5227,#5228,#5229);
#5227 = CARTESIAN_POINT('',(32.741867177238,12.049997156595,
    0.404675602913));
#5228 = DIRECTION('',(-1.224646799147E-16,-1.54074395551E-32,1.));
#5229 = DIRECTION('',(0.982744943292,-0.184965879106,1.203515449181E-16)
  );
#5230 = PCURVE('',#4741,#5231);
#5231 = DEFINITIONAL_REPRESENTATION('',(#5232),#5240);
#5232 = ( BOUNDED_CURVE() B_SPLINE_CURVE(2,(#5233,#5234,#5235,#5236,
#5237,#5238,#5239),.UNSPECIFIED.,.T.,.F.) B_SPLINE_CURVE_WITH_KNOTS((1,2
    ,2,2,2,1),(-2.094395102393,0.,2.094395102393,4.188790204786,
6.28318530718,8.377580409573),.UNSPECIFIED.) CURVE() 
GEOMETRIC_REPRESENTATION_ITEM() RATIONAL_B_SPLINE_CURVE((1.,0.5,1.,0.5,
1.,0.5,1.)) REPRESENTATION_ITEM('') );
#5233 = CARTESIAN_POINT('',(2.894510269165,2.638694763184));
#5234 = CARTESIAN_POINT('',(3.405159520964,2.734805853267));
#5235 = CARTESIAN_POINT('',(3.233069540662,2.244515083744));
#5236 = CARTESIAN_POINT('',(3.060979560361,1.754224314221));
#5237 = CARTESIAN_POINT('',(2.722420288863,2.14840399366));
#5238 = CARTESIAN_POINT('',(2.383861017366,2.5425836731));
#5239 = CARTESIAN_POINT('',(2.894510269165,2.638694763184));
#5240 = ( GEOMETRIC_REPRESENTATION_CONTEXT(2) 
PARAMETRIC_REPRESENTATION_CONTEXT() REPRESENTATION_CONTEXT('2D SPACE',''
  ) );
#5241 = PCURVE('',#2998,#5242);
#5242 = DEFINITIONAL_REPRESENTATION('',(#5243),#5247);
#5243 = LINE('',#5244,#5245);
#5244 = CARTESIAN_POINT('',(6.28318530718,2.800000071525));
#5245 = VECTOR('',#5246,1.);
#5246 = DIRECTION('',(-1.,0.));
#5247 = ( GEOMETRIC_REPRESENTATION_CONTEXT(2) 
PARAMETRIC_REPRESENTATION_CONTEXT() REPRESENTATION_CONTEXT('2D SPACE',''
  ) );
#5248 = ORIENTED_EDGE('',*,*,#5249,.T.);
#5249 = EDGE_CURVE('',#5222,#5250,#5252,.T.);
#5250 = VERTEX_POINT('',#5251);
#5251 = CARTESIAN_POINT('',(32.223511867301,11.749997156595,
    0.404675602913));
#5252 = SURFACE_CURVE('',#5253,(#5257,#5264),.PCURVE_S1.);
#5253 = LINE('',#5254,#5255);
#5254 = CARTESIAN_POINT('',(31.697997068995,11.749997156595,
    0.404675602913));
#5255 = VECTOR('',#5256,1.);
#5256 = DIRECTION('',(-1.,0.,-1.224646799147E-16));
#5257 = PCURVE('',#4741,#5258);
#5258 = DEFINITIONAL_REPRESENTATION('',(#5259),#5263);
#5259 = LINE('',#5260,#5261);
#5260 = CARTESIAN_POINT('',(2.650000032897,1.300001171953));
#5261 = VECTOR('',#5262,1.);
#5262 = DIRECTION('',(-9.95799250103E-17,-1.));
#5263 = ( GEOMETRIC_REPRESENTATION_CONTEXT(2) 
PARAMETRIC_REPRESENTATION_CONTEXT() REPRESENTATION_CONTEXT('2D SPACE',''
  ) );
#5264 = PCURVE('',#2965,#5265);
#5265 = DEFINITIONAL_REPRESENTATION('',(#5266),#5270);
#5266 = LINE('',#5267,#5268);
#5267 = CARTESIAN_POINT('',(1.300001171953,0.));
#5268 = VECTOR('',#5269,1.);
#5269 = DIRECTION('',(1.,-1.224646799147E-16));
#5270 = ( GEOMETRIC_REPRESENTATION_CONTEXT(2) 
PARAMETRIC_REPRESENTATION_CONTEXT() REPRESENTATION_CONTEXT('2D SPACE',''
  ) );
#5271 = ORIENTED_EDGE('',*,*,#5272,.F.);
#5272 = EDGE_CURVE('',#5273,#5250,#5275,.T.);
#5273 = VERTEX_POINT('',#5274);
#5274 = CARTESIAN_POINT('',(31.927482630595,12.001348507946,
    0.404675602913));
#5275 = SURFACE_CURVE('',#5276,(#5281,#5292),.PCURVE_S1.);
#5276 = CIRCLE('',#5277,0.3);
#5277 = AXIS2_PLACEMENT_3D('',#5278,#5279,#5280);
#5278 = CARTESIAN_POINT('',(32.223511867301,12.049997156595,
    0.404675602913));
#5279 = DIRECTION('',(-1.224646799147E-16,-2.465190328816E-32,1.));
#5280 = DIRECTION('',(-0.647239460261,-0.762286744658,
    -7.926397332905E-17));
#5281 = PCURVE('',#4741,#5282);
#5282 = DEFINITIONAL_REPRESENTATION('',(#5283),#5291);
#5283 = ( BOUNDED_CURVE() B_SPLINE_CURVE(2,(#5284,#5285,#5286,#5287,
#5288,#5289,#5290),.UNSPECIFIED.,.T.,.F.) B_SPLINE_CURVE_WITH_KNOTS((1,2
    ,2,2,2,1),(-2.094395102393,0.,2.094395102393,4.188790204786,
6.28318530718,8.377580409573),.UNSPECIFIED.) CURVE() 
GEOMETRIC_REPRESENTATION_ITEM() RATIONAL_B_SPLINE_CURVE((1.,0.5,1.,0.5,
1.,0.5,1.)) REPRESENTATION_ITEM('') );
#5284 = CARTESIAN_POINT('',(2.7213140095,1.631344132181));
#5285 = CARTESIAN_POINT('',(2.384998520549,2.027439943686));
#5286 = CARTESIAN_POINT('',(2.89618530012,2.120649795051));
#5287 = CARTESIAN_POINT('',(3.407372079692,2.213859646415));
#5288 = CARTESIAN_POINT('',(3.232500789071,1.724553983546));
#5289 = CARTESIAN_POINT('',(3.05762949845,1.235248320676));
#5290 = CARTESIAN_POINT('',(2.7213140095,1.631344132181));
#5291 = ( GEOMETRIC_REPRESENTATION_CONTEXT(2) 
PARAMETRIC_REPRESENTATION_CONTEXT() REPRESENTATION_CONTEXT('2D SPACE',''
  ) );
#5292 = PCURVE('',#2937,#5293);
#5293 = DEFINITIONAL_REPRESENTATION('',(#5294),#5298);
#5294 = LINE('',#5295,#5296);
#5295 = CARTESIAN_POINT('',(1.06581410364E-14,-4.400000095367));
#5296 = VECTOR('',#5297,1.);
#5297 = DIRECTION('',(1.,0.));
#5298 = ( GEOMETRIC_REPRESENTATION_CONTEXT(2) 
PARAMETRIC_REPRESENTATION_CONTEXT() REPRESENTATION_CONTEXT('2D SPACE',''
  ) );
#5299 = ORIENTED_EDGE('',*,*,#5300,.T.);
#5300 = EDGE_CURVE('',#5273,#5301,#5303,.T.);
#5301 = VERTEX_POINT('',#5302);
#5302 = CARTESIAN_POINT('',(28.868513851301,12.001348507946,
    0.404675602913));
#5303 = SURFACE_CURVE('',#5304,(#5309,#5320),.PCURVE_S1.);
#5304 = CIRCLE('',#5305,1.55);
#5305 = AXIS2_PLACEMENT_3D('',#5306,#5307,#5308);
#5306 = CARTESIAN_POINT('',(30.397998240948,11.749997156595,
    0.404675602913));
#5307 = DIRECTION('',(-1.224646799147E-16,-1.499759782662E-32,1.));
#5308 = DIRECTION('',(-1.,1.836676017327E-48,-1.224646799147E-16));
#5309 = PCURVE('',#4741,#5310);
#5310 = DEFINITIONAL_REPRESENTATION('',(#5311),#5319);
#5311 = ( BOUNDED_CURVE() B_SPLINE_CURVE(2,(#5312,#5313,#5314,#5315,
#5316,#5317,#5318),.UNSPECIFIED.,.T.,.F.) B_SPLINE_CURVE_WITH_KNOTS((1,2
    ,2,2,2,1),(-2.094395102393,0.,2.094395102393,4.188790204786,
6.28318530718,8.377580409573),.UNSPECIFIED.) CURVE() 
GEOMETRIC_REPRESENTATION_ITEM() RATIONAL_B_SPLINE_CURVE((1.,0.5,1.,0.5,
1.,0.5,1.)) REPRESENTATION_ITEM('') );
#5312 = CARTESIAN_POINT('',(2.650000032897,-1.549997656094));
#5313 = CARTESIAN_POINT('',(-3.467871883486E-02,-1.549997656094));
#5314 = CARTESIAN_POINT('',(1.307660657031,0.775002343906));
#5315 = CARTESIAN_POINT('',(2.650000032897,3.100002343906));
#5316 = CARTESIAN_POINT('',(3.992339408763,0.775002343906));
#5317 = CARTESIAN_POINT('',(5.334678784629,-1.549997656094));
#5318 = CARTESIAN_POINT('',(2.650000032897,-1.549997656094));
#5319 = ( GEOMETRIC_REPRESENTATION_CONTEXT(2) 
PARAMETRIC_REPRESENTATION_CONTEXT() REPRESENTATION_CONTEXT('2D SPACE',''
  ) );
#5320 = PCURVE('',#2904,#5321);
#5321 = DEFINITIONAL_REPRESENTATION('',(#5322),#5326);
#5322 = LINE('',#5323,#5324);
#5323 = CARTESIAN_POINT('',(12.566370614359,4.400000095367));
#5324 = VECTOR('',#5325,1.);
#5325 = DIRECTION('',(-1.,0.));
#5326 = ( GEOMETRIC_REPRESENTATION_CONTEXT(2) 
PARAMETRIC_REPRESENTATION_CONTEXT() REPRESENTATION_CONTEXT('2D SPACE',''
  ) );
#5327 = ORIENTED_EDGE('',*,*,#5328,.F.);
#5328 = EDGE_CURVE('',#4805,#5301,#5329,.T.);
#5329 = SURFACE_CURVE('',#5330,(#5335,#5346),.PCURVE_S1.);
#5330 = CIRCLE('',#5331,0.3);
#5331 = AXIS2_PLACEMENT_3D('',#5332,#5333,#5334);
#5332 = CARTESIAN_POINT('',(28.572484614595,12.049997156595,
    0.404675602913));
#5333 = DIRECTION('',(-1.224646799147E-16,-2.465190328816E-32,1.));
#5334 = DIRECTION('',(0.647239460261,-0.762286744658,7.926397332905E-17)
  );
#5335 = PCURVE('',#4741,#5336);
#5336 = DEFINITIONAL_REPRESENTATION('',(#5337),#5345);
#5337 = ( BOUNDED_CURVE() B_SPLINE_CURVE(2,(#5338,#5339,#5340,#5341,
#5342,#5343,#5344),.UNSPECIFIED.,.T.,.F.) B_SPLINE_CURVE_WITH_KNOTS((1,2
    ,2,2,2,1),(-2.094395102393,0.,2.094395102393,4.188790204786,
6.28318530718,8.377580409573),.UNSPECIFIED.) CURVE() 
GEOMETRIC_REPRESENTATION_ITEM() RATIONAL_B_SPLINE_CURVE((1.,0.5,1.,0.5,
1.,0.5,1.)) REPRESENTATION_ITEM('') );
#5338 = CARTESIAN_POINT('',(2.7213140095,-1.631339444369));
#5339 = CARTESIAN_POINT('',(3.05762949845,-1.235243632863));
#5340 = CARTESIAN_POINT('',(3.232500789071,-1.724549295733));
#5341 = CARTESIAN_POINT('',(3.407372079692,-2.213854958603));
#5342 = CARTESIAN_POINT('',(2.89618530012,-2.120645107238));
#5343 = CARTESIAN_POINT('',(2.384998520549,-2.027435255874));
#5344 = CARTESIAN_POINT('',(2.7213140095,-1.631339444369));
#5345 = ( GEOMETRIC_REPRESENTATION_CONTEXT(2) 
PARAMETRIC_REPRESENTATION_CONTEXT() REPRESENTATION_CONTEXT('2D SPACE',''
  ) );
#5346 = PCURVE('',#3540,#5347);
#5347 = DEFINITIONAL_REPRESENTATION('',(#5348),#5352);
#5348 = LINE('',#5349,#5350);
#5349 = CARTESIAN_POINT('',(12.566370614359,4.400000095367));
#5350 = VECTOR('',#5351,1.);
#5351 = DIRECTION('',(-1.,0.));
#5352 = ( GEOMETRIC_REPRESENTATION_CONTEXT(2) 
PARAMETRIC_REPRESENTATION_CONTEXT() REPRESENTATION_CONTEXT('2D SPACE',''
  ) );
#5353 = ORIENTED_EDGE('',*,*,#4804,.T.);
#5354 = ADVANCED_FACE('',(#5355),#3540,.T.);
#5355 = FACE_BOUND('',#5356,.T.);
#5356 = EDGE_LOOP('',(#5357,#5358,#5379,#5380));
#5357 = ORIENTED_EDGE('',*,*,#5328,.T.);
#5358 = ORIENTED_EDGE('',*,*,#5359,.T.);
#5359 = EDGE_CURVE('',#5301,#3520,#5360,.T.);
#5360 = SURFACE_CURVE('',#5361,(#5365,#5372),.PCURVE_S1.);
#5361 = LINE('',#5362,#5363);
#5362 = CARTESIAN_POINT('',(28.868513851301,12.001348507946,
    4.80467569828));
#5363 = VECTOR('',#5364,1.);
#5364 = DIRECTION('',(0.,0.,1.));
#5365 = PCURVE('',#3540,#5366);
#5366 = DEFINITIONAL_REPRESENTATION('',(#5367),#5371);
#5367 = LINE('',#5368,#5369);
#5368 = CARTESIAN_POINT('',(5.579227856022,0.));
#5369 = VECTOR('',#5370,1.);
#5370 = DIRECTION('',(0.,-1.));
#5371 = ( GEOMETRIC_REPRESENTATION_CONTEXT(2) 
PARAMETRIC_REPRESENTATION_CONTEXT() REPRESENTATION_CONTEXT('2D SPACE',''
  ) );
#5372 = PCURVE('',#2904,#5373);
#5373 = DEFINITIONAL_REPRESENTATION('',(#5374),#5378);
#5374 = LINE('',#5375,#5376);
#5375 = CARTESIAN_POINT('',(6.44606673166,0.));
#5376 = VECTOR('',#5377,1.);
#5377 = DIRECTION('',(0.,-1.));
#5378 = ( GEOMETRIC_REPRESENTATION_CONTEXT(2) 
PARAMETRIC_REPRESENTATION_CONTEXT() REPRESENTATION_CONTEXT('2D SPACE',''
  ) );
#5379 = ORIENTED_EDGE('',*,*,#3519,.F.);
#5380 = ORIENTED_EDGE('',*,*,#4827,.T.);
#5381 = ADVANCED_FACE('',(#5382),#2904,.F.);
#5382 = FACE_BOUND('',#5383,.F.);
#5383 = EDGE_LOOP('',(#5384,#5407,#5408,#5429,#5430,#5431,#5432,#5433));
#5384 = ORIENTED_EDGE('',*,*,#5385,.T.);
#5385 = EDGE_CURVE('',#5386,#2888,#5388,.T.);
#5386 = VERTEX_POINT('',#5387);
#5387 = CARTESIAN_POINT('',(31.947998240948,11.749997156595,
    4.80467569828));
#5388 = SEAM_CURVE('',#5389,(#5393,#5400),.PCURVE_S1.);
#5389 = LINE('',#5390,#5391);
#5390 = CARTESIAN_POINT('',(31.947998240948,11.749997156595,
    4.80467569828));
#5391 = VECTOR('',#5392,1.);
#5392 = DIRECTION('',(0.,0.,-1.));
#5393 = PCURVE('',#2904,#5394);
#5394 = DEFINITIONAL_REPRESENTATION('',(#5395),#5399);
#5395 = LINE('',#5396,#5397);
#5396 = CARTESIAN_POINT('',(9.424777960769,0.));
#5397 = VECTOR('',#5398,1.);
#5398 = DIRECTION('',(0.,1.));
#5399 = ( GEOMETRIC_REPRESENTATION_CONTEXT(2) 
PARAMETRIC_REPRESENTATION_CONTEXT() REPRESENTATION_CONTEXT('2D SPACE',''
  ) );
#5400 = PCURVE('',#2904,#5401);
#5401 = DEFINITIONAL_REPRESENTATION('',(#5402),#5406);
#5402 = LINE('',#5403,#5404);
#5403 = CARTESIAN_POINT('',(3.14159265359,0.));
#5404 = VECTOR('',#5405,1.);
#5405 = DIRECTION('',(0.,1.));
#5406 = ( GEOMETRIC_REPRESENTATION_CONTEXT(2) 
PARAMETRIC_REPRESENTATION_CONTEXT() REPRESENTATION_CONTEXT('2D SPACE',''
  ) );
#5407 = ORIENTED_EDGE('',*,*,#2885,.F.);
#5408 = ORIENTED_EDGE('',*,*,#5409,.T.);
#5409 = EDGE_CURVE('',#2886,#5273,#5410,.T.);
#5410 = SURFACE_CURVE('',#5411,(#5415,#5422),.PCURVE_S1.);
#5411 = LINE('',#5412,#5413);
#5412 = CARTESIAN_POINT('',(31.927482630595,12.001348507946,
    4.80467569828));
#5413 = VECTOR('',#5414,1.);
#5414 = DIRECTION('',(0.,0.,-1.));
#5415 = PCURVE('',#2904,#5416);
#5416 = DEFINITIONAL_REPRESENTATION('',(#5417),#5421);
#5417 = LINE('',#5418,#5419);
#5418 = CARTESIAN_POINT('',(9.261896536289,0.));
#5419 = VECTOR('',#5420,1.);
#5420 = DIRECTION('',(0.,1.));
#5421 = ( GEOMETRIC_REPRESENTATION_CONTEXT(2) 
PARAMETRIC_REPRESENTATION_CONTEXT() REPRESENTATION_CONTEXT('2D SPACE',''
  ) );
#5422 = PCURVE('',#2937,#5423);
#5423 = DEFINITIONAL_REPRESENTATION('',(#5424),#5428);
#5424 = LINE('',#5425,#5426);
#5425 = CARTESIAN_POINT('',(5.579227856022,0.));
#5426 = VECTOR('',#5427,1.);
#5427 = DIRECTION('',(0.,-1.));
#5428 = ( GEOMETRIC_REPRESENTATION_CONTEXT(2) 
PARAMETRIC_REPRESENTATION_CONTEXT() REPRESENTATION_CONTEXT('2D SPACE',''
  ) );
#5429 = ORIENTED_EDGE('',*,*,#5300,.T.);
#5430 = ORIENTED_EDGE('',*,*,#5359,.T.);
#5431 = ORIENTED_EDGE('',*,*,#3552,.F.);
#5432 = ORIENTED_EDGE('',*,*,#5385,.F.);
#5433 = ORIENTED_EDGE('',*,*,#5434,.T.);
#5434 = EDGE_CURVE('',#5386,#5386,#5435,.T.);
#5435 = SURFACE_CURVE('',#5436,(#5441,#5448),.PCURVE_S1.);
#5436 = CIRCLE('',#5437,1.55);
#5437 = AXIS2_PLACEMENT_3D('',#5438,#5439,#5440);
#5438 = CARTESIAN_POINT('',(30.397998240948,11.749997156595,
    4.80467569828));
#5439 = DIRECTION('',(1.224646799147E-16,1.499759782662E-32,-1.));
#5440 = DIRECTION('',(-1.,1.836676017327E-48,-1.224646799147E-16));
#5441 = PCURVE('',#2904,#5442);
#5442 = DEFINITIONAL_REPRESENTATION('',(#5443),#5447);
#5443 = LINE('',#5444,#5445);
#5444 = CARTESIAN_POINT('',(0.,0.));
#5445 = VECTOR('',#5446,1.);
#5446 = DIRECTION('',(1.,0.));
#5447 = ( GEOMETRIC_REPRESENTATION_CONTEXT(2) 
PARAMETRIC_REPRESENTATION_CONTEXT() REPRESENTATION_CONTEXT('2D SPACE',''
  ) );
#5448 = PCURVE('',#4595,#5449);
#5449 = DEFINITIONAL_REPRESENTATION('',(#5450),#5458);
#5450 = ( BOUNDED_CURVE() B_SPLINE_CURVE(2,(#5451,#5452,#5453,#5454,
#5455,#5456,#5457),.UNSPECIFIED.,.T.,.F.) B_SPLINE_CURVE_WITH_KNOTS((1,2
    ,2,2,2,1),(-2.094395102393,0.,2.094395102393,4.188790204786,
6.28318530718,8.377580409573),.UNSPECIFIED.) CURVE() 
GEOMETRIC_REPRESENTATION_ITEM() RATIONAL_B_SPLINE_CURVE((1.,0.5,1.,0.5,
1.,0.5,1.)) REPRESENTATION_ITEM('') );
#5451 = CARTESIAN_POINT('',(-22.37723391961,57.441684873356));
#5452 = CARTESIAN_POINT('',(-25.06191267134,57.441684873356));
#5453 = CARTESIAN_POINT('',(-23.71957329548,59.766684873356));
#5454 = CARTESIAN_POINT('',(-22.37723391961,62.091684873356));
#5455 = CARTESIAN_POINT('',(-21.03489454375,59.766684873356));
#5456 = CARTESIAN_POINT('',(-19.69255516788,57.441684873356));
#5457 = CARTESIAN_POINT('',(-22.37723391961,57.441684873356));
#5458 = ( GEOMETRIC_REPRESENTATION_CONTEXT(2) 
PARAMETRIC_REPRESENTATION_CONTEXT() REPRESENTATION_CONTEXT('2D SPACE',''
  ) );
#5459 = ADVANCED_FACE('',(#5460),#2998,.T.);
#5460 = FACE_BOUND('',#5461,.T.);
#5461 = EDGE_LOOP('',(#5462,#5463,#5484,#5485));
#5462 = ORIENTED_EDGE('',*,*,#2977,.F.);
#5463 = ORIENTED_EDGE('',*,*,#5464,.T.);
#5464 = EDGE_CURVE('',#2950,#5222,#5465,.T.);
#5465 = SURFACE_CURVE('',#5466,(#5470,#5477),.PCURVE_S1.);
#5466 = LINE('',#5467,#5468);
#5467 = CARTESIAN_POINT('',(32.741867177238,11.749997156595,
    3.204675674438));
#5468 = VECTOR('',#5469,1.);
#5469 = DIRECTION('',(1.224646799147E-16,0.,-1.));
#5470 = PCURVE('',#2998,#5471);
#5471 = DEFINITIONAL_REPRESENTATION('',(#5472),#5476);
#5472 = LINE('',#5473,#5474);
#5473 = CARTESIAN_POINT('',(1.384759184566,0.));
#5474 = VECTOR('',#5475,1.);
#5475 = DIRECTION('',(0.,1.));
#5476 = ( GEOMETRIC_REPRESENTATION_CONTEXT(2) 
PARAMETRIC_REPRESENTATION_CONTEXT() REPRESENTATION_CONTEXT('2D SPACE',''
  ) );
#5477 = PCURVE('',#2965,#5478);
#5478 = DEFINITIONAL_REPRESENTATION('',(#5479),#5483);
#5479 = LINE('',#5480,#5481);
#5480 = CARTESIAN_POINT('',(0.25613106371,2.800000071525));
#5481 = VECTOR('',#5482,1.);
#5482 = DIRECTION('',(-1.224646799147E-16,-1.));
#5483 = ( GEOMETRIC_REPRESENTATION_CONTEXT(2) 
PARAMETRIC_REPRESENTATION_CONTEXT() REPRESENTATION_CONTEXT('2D SPACE',''
  ) );
#5484 = ORIENTED_EDGE('',*,*,#5221,.T.);
#5485 = ORIENTED_EDGE('',*,*,#5486,.F.);
#5486 = EDGE_CURVE('',#2978,#5199,#5487,.T.);
#5487 = SURFACE_CURVE('',#5488,(#5492,#5499),.PCURVE_S1.);
#5488 = LINE('',#5489,#5490);
#5489 = CARTESIAN_POINT('',(33.036690660226,11.994507392863,
    3.204675674438));
#5490 = VECTOR('',#5491,1.);
#5491 = DIRECTION('',(1.224646799147E-16,1.499759782662E-32,-1.));
#5492 = PCURVE('',#2998,#5493);
#5493 = DEFINITIONAL_REPRESENTATION('',(#5494),#5498);
#5494 = LINE('',#5495,#5496);
#5495 = CARTESIAN_POINT('',(0.,0.));
#5496 = VECTOR('',#5497,1.);
#5497 = DIRECTION('',(0.,1.));
#5498 = ( GEOMETRIC_REPRESENTATION_CONTEXT(2) 
PARAMETRIC_REPRESENTATION_CONTEXT() REPRESENTATION_CONTEXT('2D SPACE',''
  ) );
#5499 = PCURVE('',#3026,#5500);
#5500 = DEFINITIONAL_REPRESENTATION('',(#5501),#5505);
#5501 = LINE('',#5502,#5503);
#5502 = CARTESIAN_POINT('',(1.100455474881E-17,-0.489024390714));
#5503 = VECTOR('',#5504,1.);
#5504 = DIRECTION('',(1.,0.));
#5505 = ( GEOMETRIC_REPRESENTATION_CONTEXT(2) 
PARAMETRIC_REPRESENTATION_CONTEXT() REPRESENTATION_CONTEXT('2D SPACE',''
  ) );
#5506 = ADVANCED_FACE('',(#5507),#2965,.F.);
#5507 = FACE_BOUND('',#5508,.T.);
#5508 = EDGE_LOOP('',(#5509,#5510,#5511,#5532));
#5509 = ORIENTED_EDGE('',*,*,#5464,.F.);
#5510 = ORIENTED_EDGE('',*,*,#2949,.T.);
#5511 = ORIENTED_EDGE('',*,*,#5512,.F.);
#5512 = EDGE_CURVE('',#5250,#2917,#5513,.T.);
#5513 = SURFACE_CURVE('',#5514,(#5518,#5525),.PCURVE_S1.);
#5514 = LINE('',#5515,#5516);
#5515 = CARTESIAN_POINT('',(32.223511867301,11.749997156595,
    4.80467569828));
#5516 = VECTOR('',#5517,1.);
#5517 = DIRECTION('',(0.,0.,1.));
#5518 = PCURVE('',#2965,#5519);
#5519 = DEFINITIONAL_REPRESENTATION('',(#5520),#5524);
#5520 = LINE('',#5521,#5522);
#5521 = CARTESIAN_POINT('',(0.774486373647,4.400000095367));
#5522 = VECTOR('',#5523,1.);
#5523 = DIRECTION('',(0.,1.));
#5524 = ( GEOMETRIC_REPRESENTATION_CONTEXT(2) 
PARAMETRIC_REPRESENTATION_CONTEXT() REPRESENTATION_CONTEXT('2D SPACE',''
  ) );
#5525 = PCURVE('',#2937,#5526);
#5526 = DEFINITIONAL_REPRESENTATION('',(#5527),#5531);
#5527 = LINE('',#5528,#5529);
#5528 = CARTESIAN_POINT('',(6.987142758337,0.));
#5529 = VECTOR('',#5530,1.);
#5530 = DIRECTION('',(0.,1.));
#5531 = ( GEOMETRIC_REPRESENTATION_CONTEXT(2) 
PARAMETRIC_REPRESENTATION_CONTEXT() REPRESENTATION_CONTEXT('2D SPACE',''
  ) );
#5532 = ORIENTED_EDGE('',*,*,#5249,.F.);
#5533 = ADVANCED_FACE('',(#5534),#2937,.T.);
#5534 = FACE_BOUND('',#5535,.T.);
#5535 = EDGE_LOOP('',(#5536,#5537,#5538,#5539));
#5536 = ORIENTED_EDGE('',*,*,#5272,.T.);
#5537 = ORIENTED_EDGE('',*,*,#5512,.T.);
#5538 = ORIENTED_EDGE('',*,*,#2916,.F.);
#5539 = ORIENTED_EDGE('',*,*,#5409,.T.);
#5540 = ADVANCED_FACE('',(#5541),#1266,.T.);
#5541 = FACE_BOUND('',#5542,.T.);
#5542 = EDGE_LOOP('',(#5543,#5571,#5599,#5626));
#5543 = ORIENTED_EDGE('',*,*,#5544,.T.);
#5544 = EDGE_CURVE('',#1223,#5545,#5547,.T.);
#5545 = VERTEX_POINT('',#5546);
#5546 = CARTESIAN_POINT('',(-31.10156922747,7.749600013713,
    3.304675674438));
#5547 = SURFACE_CURVE('',#5548,(#5553,#5560),.PCURVE_S1.);
#5548 = CIRCLE('',#5549,0.5);
#5549 = AXIS2_PLACEMENT_3D('',#5550,#5551,#5552);
#5550 = CARTESIAN_POINT('',(-31.10156922747,7.249600013713,
    3.304675674438));
#5551 = DIRECTION('',(1.,-9.95799250103E-17,1.224646799147E-16));
#5552 = DIRECTION('',(1.570092458684E-16,0.707106781187,-0.707106781187)
  );
#5553 = PCURVE('',#1266,#5554);
#5554 = DEFINITIONAL_REPRESENTATION('',(#5555),#5559);
#5555 = LINE('',#5556,#5557);
#5556 = CARTESIAN_POINT('',(-6.28318530718,-16.25));
#5557 = VECTOR('',#5558,1.);
#5558 = DIRECTION('',(1.,0.));
#5559 = ( GEOMETRIC_REPRESENTATION_CONTEXT(2) 
PARAMETRIC_REPRESENTATION_CONTEXT() REPRESENTATION_CONTEXT('2D SPACE',''
  ) );
#5560 = PCURVE('',#1238,#5561);
#5561 = DEFINITIONAL_REPRESENTATION('',(#5562),#5570);
#5562 = ( BOUNDED_CURVE() B_SPLINE_CURVE(2,(#5563,#5564,#5565,#5566,
#5567,#5568,#5569),.UNSPECIFIED.,.T.,.F.) B_SPLINE_CURVE_WITH_KNOTS((1,2
    ,2,2,2,1),(-2.094395102393,0.,2.094395102393,4.188790204786,
6.28318530718,8.377580409573),.UNSPECIFIED.) CURVE() 
GEOMETRIC_REPRESENTATION_ITEM() RATIONAL_B_SPLINE_CURVE((1.,0.5,1.,0.5,
1.,0.5,1.)) REPRESENTATION_ITEM('') );
#5563 = CARTESIAN_POINT('',(-0.253553390593,-4.646446609407));
#5564 = CARTESIAN_POINT('',(0.358819045103,-4.034074173711));
#5565 = CARTESIAN_POINT('',(0.582962913145,-4.870590477449));
#5566 = CARTESIAN_POINT('',(0.807106781187,-5.707106781187));
#5567 = CARTESIAN_POINT('',(-2.940952255126E-02,-5.482962913145));
#5568 = CARTESIAN_POINT('',(-0.865925826289,-5.258819045103));
#5569 = CARTESIAN_POINT('',(-0.253553390593,-4.646446609407));
#5570 = ( GEOMETRIC_REPRESENTATION_CONTEXT(2) 
PARAMETRIC_REPRESENTATION_CONTEXT() REPRESENTATION_CONTEXT('2D SPACE',''
  ) );
#5571 = ORIENTED_EDGE('',*,*,#5572,.F.);
#5572 = EDGE_CURVE('',#5573,#5545,#5575,.T.);
#5573 = VERTEX_POINT('',#5574);
#5574 = CARTESIAN_POINT('',(-23.10156922747,7.749600013713,
    3.304675674438));
#5575 = SURFACE_CURVE('',#5576,(#5580,#5587),.PCURVE_S1.);
#5576 = LINE('',#5577,#5578);
#5577 = CARTESIAN_POINT('',(-7.751664213431,7.749600013713,
    3.304675674438));
#5578 = VECTOR('',#5579,1.);
#5579 = DIRECTION('',(-1.,0.,-1.224646799147E-16));
#5580 = PCURVE('',#1266,#5581);
#5581 = DEFINITIONAL_REPRESENTATION('',(#5582),#5586);
#5582 = LINE('',#5583,#5584);
#5583 = CARTESIAN_POINT('',(0.785398163397,7.099905014038));
#5584 = VECTOR('',#5585,1.);
#5585 = DIRECTION('',(-2.22044604925E-16,-1.));
#5586 = ( GEOMETRIC_REPRESENTATION_CONTEXT(2) 
PARAMETRIC_REPRESENTATION_CONTEXT() REPRESENTATION_CONTEXT('2D SPACE',''
  ) );
#5587 = PCURVE('',#5588,#5593);
#5588 = CYLINDRICAL_SURFACE('',#5589,0.5);
#5589 = AXIS2_PLACEMENT_3D('',#5590,#5591,#5592);
#5590 = CARTESIAN_POINT('',(-7.751664213431,8.249600013713,
    3.304675674438));
#5591 = DIRECTION('',(-1.,0.,-1.224646799147E-16));
#5592 = DIRECTION('',(-8.659560562355E-17,-0.707106781187,0.707106781187
    ));
#5593 = DEFINITIONAL_REPRESENTATION('',(#5594),#5598);
#5594 = LINE('',#5595,#5596);
#5595 = CARTESIAN_POINT('',(5.497787143782,-1.7763568394E-15));
#5596 = VECTOR('',#5597,1.);
#5597 = DIRECTION('',(-3.330669073875E-16,1.));
#5598 = ( GEOMETRIC_REPRESENTATION_CONTEXT(2) 
PARAMETRIC_REPRESENTATION_CONTEXT() REPRESENTATION_CONTEXT('2D SPACE',''
  ) );
#5599 = ORIENTED_EDGE('',*,*,#5600,.T.);
#5600 = EDGE_CURVE('',#5573,#1251,#5601,.T.);
#5601 = SURFACE_CURVE('',#5602,(#5607,#5614),.PCURVE_S1.);
#5602 = CIRCLE('',#5603,0.5);
#5603 = AXIS2_PLACEMENT_3D('',#5604,#5605,#5606);
#5604 = CARTESIAN_POINT('',(-23.10156922747,7.249600013713,
    3.304675674438));
#5605 = DIRECTION('',(-1.,9.95799250103E-17,-1.224646799147E-16));
#5606 = DIRECTION('',(1.570092458684E-16,0.707106781187,-0.707106781187)
  );
#5607 = PCURVE('',#1266,#5608);
#5608 = DEFINITIONAL_REPRESENTATION('',(#5609),#5613);
#5609 = LINE('',#5610,#5611);
#5610 = CARTESIAN_POINT('',(6.28318530718,-8.25));
#5611 = VECTOR('',#5612,1.);
#5612 = DIRECTION('',(-1.,0.));
#5613 = ( GEOMETRIC_REPRESENTATION_CONTEXT(2) 
PARAMETRIC_REPRESENTATION_CONTEXT() REPRESENTATION_CONTEXT('2D SPACE',''
  ) );
#5614 = PCURVE('',#5615,#5620);
#5615 = PLANE('',#5616);
#5616 = AXIS2_PLACEMENT_3D('',#5617,#5618,#5619);
#5617 = CARTESIAN_POINT('',(-23.10156922747,12.749600013713,
    3.204675674438));
#5618 = DIRECTION('',(-1.,9.95799250103E-17,-1.224646799147E-16));
#5619 = DIRECTION('',(-9.95799250103E-17,-1.,-1.54074395551E-32));
#5620 = DEFINITIONAL_REPRESENTATION('',(#5621),#5625);
#5621 = CIRCLE('',#5622,0.5);
#5622 = AXIS2_PLACEMENT_2D('',#5623,#5624);
#5623 = CARTESIAN_POINT('',(5.5,1.E-01));
#5624 = DIRECTION('',(-0.707106781187,-0.707106781187));
#5625 = ( GEOMETRIC_REPRESENTATION_CONTEXT(2) 
PARAMETRIC_REPRESENTATION_CONTEXT() REPRESENTATION_CONTEXT('2D SPACE',''
  ) );
#5626 = ORIENTED_EDGE('',*,*,#1250,.T.);
#5627 = ADVANCED_FACE('',(#5628),#5615,.F.);
#5628 = FACE_BOUND('',#5629,.T.);
#5629 = EDGE_LOOP('',(#5630,#5631,#5659,#5687,#5715,#5738));
#5630 = ORIENTED_EDGE('',*,*,#5600,.F.);
#5631 = ORIENTED_EDGE('',*,*,#5632,.F.);
#5632 = EDGE_CURVE('',#5633,#5573,#5635,.T.);
#5633 = VERTEX_POINT('',#5634);
#5634 = CARTESIAN_POINT('',(-23.10156922747,8.249600013713,
    3.804675674438));
#5635 = SURFACE_CURVE('',#5636,(#5641,#5652),.PCURVE_S1.);
#5636 = CIRCLE('',#5637,0.5);
#5637 = AXIS2_PLACEMENT_3D('',#5638,#5639,#5640);
#5638 = CARTESIAN_POINT('',(-23.10156922747,8.249600013713,
    3.304675674438));
#5639 = DIRECTION('',(1.,-9.95799250103E-17,1.224646799147E-16));
#5640 = DIRECTION('',(-1.570092458684E-16,-0.707106781187,0.707106781187
    ));
#5641 = PCURVE('',#5615,#5642);
#5642 = DEFINITIONAL_REPRESENTATION('',(#5643),#5651);
#5643 = ( BOUNDED_CURVE() B_SPLINE_CURVE(2,(#5644,#5645,#5646,#5647,
#5648,#5649,#5650),.UNSPECIFIED.,.T.,.F.) B_SPLINE_CURVE_WITH_KNOTS((1,2
    ,2,2,2,1),(-2.094395102393,0.,2.094395102393,4.188790204786,
6.28318530718,8.377580409573),.UNSPECIFIED.) CURVE() 
GEOMETRIC_REPRESENTATION_ITEM() RATIONAL_B_SPLINE_CURVE((1.,0.5,1.,0.5,
1.,0.5,1.)) REPRESENTATION_ITEM('') );
#5644 = CARTESIAN_POINT('',(4.853553390593,0.453553390593));
#5645 = CARTESIAN_POINT('',(5.465925826289,-0.158819045103));
#5646 = CARTESIAN_POINT('',(4.629409522551,-0.382962913145));
#5647 = CARTESIAN_POINT('',(3.792893218813,-0.607106781187));
#5648 = CARTESIAN_POINT('',(4.017037086855,0.229409522551));
#5649 = CARTESIAN_POINT('',(4.241180954897,1.065925826289));
#5650 = CARTESIAN_POINT('',(4.853553390593,0.453553390593));
#5651 = ( GEOMETRIC_REPRESENTATION_CONTEXT(2) 
PARAMETRIC_REPRESENTATION_CONTEXT() REPRESENTATION_CONTEXT('2D SPACE',''
  ) );
#5652 = PCURVE('',#5588,#5653);
#5653 = DEFINITIONAL_REPRESENTATION('',(#5654),#5658);
#5654 = LINE('',#5655,#5656);
#5655 = CARTESIAN_POINT('',(12.566370614359,15.349905014038));
#5656 = VECTOR('',#5657,1.);
#5657 = DIRECTION('',(-1.,0.));
#5658 = ( GEOMETRIC_REPRESENTATION_CONTEXT(2) 
PARAMETRIC_REPRESENTATION_CONTEXT() REPRESENTATION_CONTEXT('2D SPACE',''
  ) );
#5659 = ORIENTED_EDGE('',*,*,#5660,.T.);
#5660 = EDGE_CURVE('',#5633,#5661,#5663,.T.);
#5661 = VERTEX_POINT('',#5662);
#5662 = CARTESIAN_POINT('',(-23.10156922747,11.249600013713,
    3.804675674438));
#5663 = SURFACE_CURVE('',#5664,(#5668,#5675),.PCURVE_S1.);
#5664 = LINE('',#5665,#5666);
#5665 = CARTESIAN_POINT('',(-23.10156922747,13.999600013713,
    3.804675674438));
#5666 = VECTOR('',#5667,1.);
#5667 = DIRECTION('',(9.95799250103E-17,1.,2.719262146894E-32));
#5668 = PCURVE('',#5615,#5669);
#5669 = DEFINITIONAL_REPRESENTATION('',(#5670),#5674);
#5670 = LINE('',#5671,#5672);
#5671 = CARTESIAN_POINT('',(-1.25,0.6));
#5672 = VECTOR('',#5673,1.);
#5673 = DIRECTION('',(-1.,1.178518191384E-32));
#5674 = ( GEOMETRIC_REPRESENTATION_CONTEXT(2) 
PARAMETRIC_REPRESENTATION_CONTEXT() REPRESENTATION_CONTEXT('2D SPACE',''
  ) );
#5675 = PCURVE('',#5676,#5681);
#5676 = PLANE('',#5677);
#5677 = AXIS2_PLACEMENT_3D('',#5678,#5679,#5680);
#5678 = CARTESIAN_POINT('',(15.598240800607,15.249600013713,
    3.804675674438));
#5679 = DIRECTION('',(1.224646799147E-16,1.499759782662E-32,-1.));
#5680 = DIRECTION('',(9.95799250103E-17,1.,2.719262146894E-32));
#5681 = DEFINITIONAL_REPRESENTATION('',(#5682),#5686);
#5682 = LINE('',#5683,#5684);
#5683 = CARTESIAN_POINT('',(-1.25,-38.69981002807));
#5684 = VECTOR('',#5685,1.);
#5685 = DIRECTION('',(1.,3.330135684236E-48));
#5686 = ( GEOMETRIC_REPRESENTATION_CONTEXT(2) 
PARAMETRIC_REPRESENTATION_CONTEXT() REPRESENTATION_CONTEXT('2D SPACE',''
  ) );
#5687 = ORIENTED_EDGE('',*,*,#5688,.F.);
#5688 = EDGE_CURVE('',#5689,#5661,#5691,.T.);
#5689 = VERTEX_POINT('',#5690);
#5690 = CARTESIAN_POINT('',(-23.10156922747,11.249600013713,
    4.80467569828));
#5691 = SURFACE_CURVE('',#5692,(#5696,#5703),.PCURVE_S1.);
#5692 = LINE('',#5693,#5694);
#5693 = CARTESIAN_POINT('',(-23.10156922747,11.249600013713,
    3.204675674438));
#5694 = VECTOR('',#5695,1.);
#5695 = DIRECTION('',(1.224646799147E-16,1.499759782662E-32,-1.));
#5696 = PCURVE('',#5615,#5697);
#5697 = DEFINITIONAL_REPRESENTATION('',(#5698),#5702);
#5698 = LINE('',#5699,#5700);
#5699 = CARTESIAN_POINT('',(1.5,4.818623869168E-33));
#5700 = VECTOR('',#5701,1.);
#5701 = DIRECTION('',(-1.178518191384E-32,-1.));
#5702 = ( GEOMETRIC_REPRESENTATION_CONTEXT(2) 
PARAMETRIC_REPRESENTATION_CONTEXT() REPRESENTATION_CONTEXT('2D SPACE',''
  ) );
#5703 = PCURVE('',#5704,#5709);
#5704 = CYLINDRICAL_SURFACE('',#5705,1.5);
#5705 = AXIS2_PLACEMENT_3D('',#5706,#5707,#5708);
#5706 = CARTESIAN_POINT('',(-21.60156922747,11.249600013713,
    3.204675674438));
#5707 = DIRECTION('',(-1.224646799147E-16,-1.499759782662E-32,1.));
#5708 = DIRECTION('',(-0.707106781187,0.707106781187,-8.659560562355E-17
    ));
#5709 = DEFINITIONAL_REPRESENTATION('',(#5710),#5714);
#5710 = LINE('',#5711,#5712);
#5711 = CARTESIAN_POINT('',(0.785398163397,0.));
#5712 = VECTOR('',#5713,1.);
#5713 = DIRECTION('',(0.,-1.));
#5714 = ( GEOMETRIC_REPRESENTATION_CONTEXT(2) 
PARAMETRIC_REPRESENTATION_CONTEXT() REPRESENTATION_CONTEXT('2D SPACE',''
  ) );
#5715 = ORIENTED_EDGE('',*,*,#5716,.F.);
#5716 = EDGE_CURVE('',#5717,#5689,#5719,.T.);
#5717 = VERTEX_POINT('',#5718);
#5718 = CARTESIAN_POINT('',(-23.10156922747,7.249600013713,4.80467569828
    ));
#5719 = SURFACE_CURVE('',#5720,(#5724,#5731),.PCURVE_S1.);
#5720 = LINE('',#5721,#5722);
#5721 = CARTESIAN_POINT('',(-23.10156922747,1.061181625346,4.80467569828
    ));
#5722 = VECTOR('',#5723,1.);
#5723 = DIRECTION('',(9.95799250103E-17,1.,1.54074395551E-32));
#5724 = PCURVE('',#5615,#5725);
#5725 = DEFINITIONAL_REPRESENTATION('',(#5726),#5730);
#5726 = LINE('',#5727,#5728);
#5727 = CARTESIAN_POINT('',(11.688418388367,1.600000023842));
#5728 = VECTOR('',#5729,1.);
#5729 = DIRECTION('',(-1.,0.));
#5730 = ( GEOMETRIC_REPRESENTATION_CONTEXT(2) 
PARAMETRIC_REPRESENTATION_CONTEXT() REPRESENTATION_CONTEXT('2D SPACE',''
  ) );
#5731 = PCURVE('',#4595,#5732);
#5732 = DEFINITIONAL_REPRESENTATION('',(#5733),#5737);
#5733 = LINE('',#5734,#5735);
#5734 = CARTESIAN_POINT('',(-11.68841838836,5.492117404938));
#5735 = VECTOR('',#5736,1.);
#5736 = DIRECTION('',(-1.,3.330135684236E-48));
#5737 = ( GEOMETRIC_REPRESENTATION_CONTEXT(2) 
PARAMETRIC_REPRESENTATION_CONTEXT() REPRESENTATION_CONTEXT('2D SPACE',''
  ) );
#5738 = ORIENTED_EDGE('',*,*,#5739,.F.);
#5739 = EDGE_CURVE('',#1251,#5717,#5740,.T.);
#5740 = SURFACE_CURVE('',#5741,(#5745,#5752),.PCURVE_S1.);
#5741 = LINE('',#5742,#5743);
#5742 = CARTESIAN_POINT('',(-23.10156922747,7.249600013713,
    3.204675674438));
#5743 = VECTOR('',#5744,1.);
#5744 = DIRECTION('',(-1.224646799147E-16,-1.499759782662E-32,1.));
#5745 = PCURVE('',#5615,#5746);
#5746 = DEFINITIONAL_REPRESENTATION('',(#5747),#5751);
#5747 = LINE('',#5748,#5749);
#5748 = CARTESIAN_POINT('',(5.5,1.766828752028E-32));
#5749 = VECTOR('',#5750,1.);
#5750 = DIRECTION('',(1.178518191384E-32,1.));
#5751 = ( GEOMETRIC_REPRESENTATION_CONTEXT(2) 
PARAMETRIC_REPRESENTATION_CONTEXT() REPRESENTATION_CONTEXT('2D SPACE',''
  ) );
#5752 = PCURVE('',#1295,#5753);
#5753 = DEFINITIONAL_REPRESENTATION('',(#5754),#5758);
#5754 = LINE('',#5755,#5756);
#5755 = CARTESIAN_POINT('',(0.785398163397,0.));
#5756 = VECTOR('',#5757,1.);
#5757 = DIRECTION('',(0.,1.));
#5758 = ( GEOMETRIC_REPRESENTATION_CONTEXT(2) 
PARAMETRIC_REPRESENTATION_CONTEXT() REPRESENTATION_CONTEXT('2D SPACE',''
  ) );
#5759 = ADVANCED_FACE('',(#5760),#1713,.T.);
#5760 = FACE_BOUND('',#5761,.T.);
#5761 = EDGE_LOOP('',(#5762,#5790,#5791,#5815));
#5762 = ORIENTED_EDGE('',*,*,#5763,.T.);
#5763 = EDGE_CURVE('',#5764,#1698,#5766,.T.);
#5764 = VERTEX_POINT('',#5765);
#5765 = CARTESIAN_POINT('',(-13.10156922747,15.249600013713,
    3.304675674438));
#5766 = SURFACE_CURVE('',#5767,(#5772,#5779),.PCURVE_S1.);
#5767 = CIRCLE('',#5768,0.5);
#5768 = AXIS2_PLACEMENT_3D('',#5769,#5770,#5771);
#5769 = CARTESIAN_POINT('',(-12.60156922747,15.249600013713,
    3.304675674438));
#5770 = DIRECTION('',(-9.95799250103E-17,-1.,-1.232595164408E-32));
#5771 = DIRECTION('',(-0.707106781187,7.041364024483E-17,-0.707106781187
    ));
#5772 = PCURVE('',#1713,#5773);
#5773 = DEFINITIONAL_REPRESENTATION('',(#5774),#5778);
#5774 = LINE('',#5775,#5776);
#5775 = CARTESIAN_POINT('',(6.28318530718,8.7));
#5776 = VECTOR('',#5777,1.);
#5777 = DIRECTION('',(-1.,0.));
#5778 = ( GEOMETRIC_REPRESENTATION_CONTEXT(2) 
PARAMETRIC_REPRESENTATION_CONTEXT() REPRESENTATION_CONTEXT('2D SPACE',''
  ) );
#5779 = PCURVE('',#1741,#5780);
#5780 = DEFINITIONAL_REPRESENTATION('',(#5781),#5789);
#5781 = ( BOUNDED_CURVE() B_SPLINE_CURVE(2,(#5782,#5783,#5784,#5785,
#5786,#5787,#5788),.UNSPECIFIED.,.T.,.F.) B_SPLINE_CURVE_WITH_KNOTS((1,2
    ,2,2,2,1),(-2.094395102393,0.,2.094395102393,4.188790204786,
6.28318530718,8.377580409573),.UNSPECIFIED.) CURVE() 
GEOMETRIC_REPRESENTATION_ITEM() RATIONAL_B_SPLINE_CURVE((1.,0.5,1.,0.5,
1.,0.5,1.)) REPRESENTATION_ITEM('') );
#5782 = CARTESIAN_POINT('',(-0.253553390593,15.146446609407));
#5783 = CARTESIAN_POINT('',(-0.865925826289,15.758819045103));
#5784 = CARTESIAN_POINT('',(-2.940952255126E-02,15.982962913145));
#5785 = CARTESIAN_POINT('',(0.807106781187,16.207106781187));
#5786 = CARTESIAN_POINT('',(0.582962913145,15.370590477449));
#5787 = CARTESIAN_POINT('',(0.358819045103,14.534074173711));
#5788 = CARTESIAN_POINT('',(-0.253553390593,15.146446609407));
#5789 = ( GEOMETRIC_REPRESENTATION_CONTEXT(2) 
PARAMETRIC_REPRESENTATION_CONTEXT() REPRESENTATION_CONTEXT('2D SPACE',''
  ) );
#5790 = ORIENTED_EDGE('',*,*,#1697,.T.);
#5791 = ORIENTED_EDGE('',*,*,#5792,.T.);
#5792 = EDGE_CURVE('',#1670,#5793,#5795,.T.);
#5793 = VERTEX_POINT('',#5794);
#5794 = CARTESIAN_POINT('',(-13.10156922747,12.749600013713,
    3.304675674438));
#5795 = SURFACE_CURVE('',#5796,(#5801,#5808),.PCURVE_S1.);
#5796 = CIRCLE('',#5797,0.5);
#5797 = AXIS2_PLACEMENT_3D('',#5798,#5799,#5800);
#5798 = CARTESIAN_POINT('',(-12.60156922747,12.749600013713,
    3.304675674438));
#5799 = DIRECTION('',(9.95799250103E-17,1.,1.232595164408E-32));
#5800 = DIRECTION('',(-0.707106781187,7.041364024483E-17,-0.707106781187
    ));
#5801 = PCURVE('',#1713,#5802);
#5802 = DEFINITIONAL_REPRESENTATION('',(#5803),#5807);
#5803 = LINE('',#5804,#5805);
#5804 = CARTESIAN_POINT('',(-6.28318530718,6.2));
#5805 = VECTOR('',#5806,1.);
#5806 = DIRECTION('',(1.,0.));
#5807 = ( GEOMETRIC_REPRESENTATION_CONTEXT(2) 
PARAMETRIC_REPRESENTATION_CONTEXT() REPRESENTATION_CONTEXT('2D SPACE',''
  ) );
#5808 = PCURVE('',#1685,#5809);
#5809 = DEFINITIONAL_REPRESENTATION('',(#5810),#5814);
#5810 = CIRCLE('',#5811,0.5);
#5811 = AXIS2_PLACEMENT_2D('',#5812,#5813);
#5812 = CARTESIAN_POINT('',(25.5,0.1));
#5813 = DIRECTION('',(0.707106781187,-0.707106781187));
#5814 = ( GEOMETRIC_REPRESENTATION_CONTEXT(2) 
PARAMETRIC_REPRESENTATION_CONTEXT() REPRESENTATION_CONTEXT('2D SPACE',''
  ) );
#5815 = ORIENTED_EDGE('',*,*,#5816,.F.);
#5816 = EDGE_CURVE('',#5764,#5793,#5817,.T.);
#5817 = SURFACE_CURVE('',#5818,(#5822,#5829),.PCURVE_S1.);
#5818 = LINE('',#5819,#5820);
#5819 = CARTESIAN_POINT('',(-13.10156922747,13.999600013713,
    3.304675674438));
#5820 = VECTOR('',#5821,1.);
#5821 = DIRECTION('',(0.,-1.,-1.499759782662E-32));
#5822 = PCURVE('',#1713,#5823);
#5823 = DEFINITIONAL_REPRESENTATION('',(#5824),#5828);
#5824 = LINE('',#5825,#5826);
#5825 = CARTESIAN_POINT('',(0.785398163397,7.45));
#5826 = VECTOR('',#5827,1.);
#5827 = DIRECTION('',(0.,-1.));
#5828 = ( GEOMETRIC_REPRESENTATION_CONTEXT(2) 
PARAMETRIC_REPRESENTATION_CONTEXT() REPRESENTATION_CONTEXT('2D SPACE',''
  ) );
#5829 = PCURVE('',#5830,#5835);
#5830 = CYLINDRICAL_SURFACE('',#5831,0.5);
#5831 = AXIS2_PLACEMENT_3D('',#5832,#5833,#5834);
#5832 = CARTESIAN_POINT('',(-13.60156922747,13.999600013713,
    3.304675674438));
#5833 = DIRECTION('',(0.,-1.,-1.499759782662E-32));
#5834 = DIRECTION('',(0.707106781187,-1.060490312471E-32,0.707106781187)
  );
#5835 = DEFINITIONAL_REPRESENTATION('',(#5836),#5840);
#5836 = LINE('',#5837,#5838);
#5837 = CARTESIAN_POINT('',(-0.785398163397,0.));
#5838 = VECTOR('',#5839,1.);
#5839 = DIRECTION('',(0.,1.));
#5840 = ( GEOMETRIC_REPRESENTATION_CONTEXT(2) 
PARAMETRIC_REPRESENTATION_CONTEXT() REPRESENTATION_CONTEXT('2D SPACE',''
  ) );
#5841 = ADVANCED_FACE('',(#5842),#1685,.F.);
#5842 = FACE_BOUND('',#5843,.T.);
#5843 = EDGE_LOOP('',(#5844,#5845,#5846,#5869,#5892,#5915,#5938));
#5844 = ORIENTED_EDGE('',*,*,#5792,.F.);
#5845 = ORIENTED_EDGE('',*,*,#1669,.F.);
#5846 = ORIENTED_EDGE('',*,*,#5847,.F.);
#5847 = EDGE_CURVE('',#5848,#1637,#5850,.T.);
#5848 = VERTEX_POINT('',#5849);
#5849 = CARTESIAN_POINT('',(24.39843077253,12.749600013713,4.80467569828
    ));
#5850 = SURFACE_CURVE('',#5851,(#5855,#5862),.PCURVE_S1.);
#5851 = LINE('',#5852,#5853);
#5852 = CARTESIAN_POINT('',(24.39843077253,12.749600013713,
    3.204675674438));
#5853 = VECTOR('',#5854,1.);
#5854 = DIRECTION('',(1.7080354225E-16,7.643299359406E-33,-1.));
#5855 = PCURVE('',#1685,#5856);
#5856 = DEFINITIONAL_REPRESENTATION('',(#5857),#5861);
#5857 = LINE('',#5858,#5859);
#5858 = CARTESIAN_POINT('',(-11.5,-1.408343819019E-15));
#5859 = VECTOR('',#5860,1.);
#5860 = DIRECTION('',(-4.833886233529E-17,-1.));
#5861 = ( GEOMETRIC_REPRESENTATION_CONTEXT(2) 
PARAMETRIC_REPRESENTATION_CONTEXT() REPRESENTATION_CONTEXT('2D SPACE',''
  ) );
#5862 = PCURVE('',#1657,#5863);
#5863 = DEFINITIONAL_REPRESENTATION('',(#5864),#5868);
#5864 = LINE('',#5865,#5866);
#5865 = CARTESIAN_POINT('',(7.068583470577,0.));
#5866 = VECTOR('',#5867,1.);
#5867 = DIRECTION('',(8.881784091122E-16,-1.));
#5868 = ( GEOMETRIC_REPRESENTATION_CONTEXT(2) 
PARAMETRIC_REPRESENTATION_CONTEXT() REPRESENTATION_CONTEXT('2D SPACE',''
  ) );
#5869 = ORIENTED_EDGE('',*,*,#5870,.F.);
#5870 = EDGE_CURVE('',#5871,#5848,#5873,.T.);
#5871 = VERTEX_POINT('',#5872);
#5872 = CARTESIAN_POINT('',(-21.60156922747,12.749600013713,
    4.80467569828));
#5873 = SURFACE_CURVE('',#5874,(#5878,#5885),.PCURVE_S1.);
#5874 = LINE('',#5875,#5876);
#5875 = CARTESIAN_POINT('',(-7.847627929938,12.749600013713,
    4.80467569828));
#5876 = VECTOR('',#5877,1.);
#5877 = DIRECTION('',(1.,-9.95799250103E-17,1.224646799147E-16));
#5878 = PCURVE('',#1685,#5879);
#5879 = DEFINITIONAL_REPRESENTATION('',(#5880),#5884);
#5880 = LINE('',#5881,#5882);
#5881 = CARTESIAN_POINT('',(20.746058702469,1.600000023842));
#5882 = VECTOR('',#5883,1.);
#5883 = DIRECTION('',(-1.,0.));
#5884 = ( GEOMETRIC_REPRESENTATION_CONTEXT(2) 
PARAMETRIC_REPRESENTATION_CONTEXT() REPRESENTATION_CONTEXT('2D SPACE',''
  ) );
#5885 = PCURVE('',#4595,#5886);
#5886 = DEFINITIONAL_REPRESENTATION('',(#5887),#5891);
#5887 = LINE('',#5888,#5889);
#5888 = CARTESIAN_POINT('',(-23.37683677673,20.746058702469));
#5889 = VECTOR('',#5890,1.);
#5890 = DIRECTION('',(-3.330135684236E-48,1.));
#5891 = ( GEOMETRIC_REPRESENTATION_CONTEXT(2) 
PARAMETRIC_REPRESENTATION_CONTEXT() REPRESENTATION_CONTEXT('2D SPACE',''
  ) );
#5892 = ORIENTED_EDGE('',*,*,#5893,.F.);
#5893 = EDGE_CURVE('',#5894,#5871,#5896,.T.);
#5894 = VERTEX_POINT('',#5895);
#5895 = CARTESIAN_POINT('',(-21.60156922747,12.749600013713,
    3.804675674438));
#5896 = SURFACE_CURVE('',#5897,(#5901,#5908),.PCURVE_S1.);
#5897 = LINE('',#5898,#5899);
#5898 = CARTESIAN_POINT('',(-21.60156922747,12.749600013713,
    3.204675674438));
#5899 = VECTOR('',#5900,1.);
#5900 = DIRECTION('',(-1.224646799147E-16,-1.499759782662E-32,1.));
#5901 = PCURVE('',#1685,#5902);
#5902 = DEFINITIONAL_REPRESENTATION('',(#5903),#5907);
#5903 = LINE('',#5904,#5905);
#5904 = CARTESIAN_POINT('',(34.5,4.225031457058E-15));
#5905 = VECTOR('',#5906,1.);
#5906 = DIRECTION('',(0.,1.));
#5907 = ( GEOMETRIC_REPRESENTATION_CONTEXT(2) 
PARAMETRIC_REPRESENTATION_CONTEXT() REPRESENTATION_CONTEXT('2D SPACE',''
  ) );
#5908 = PCURVE('',#5704,#5909);
#5909 = DEFINITIONAL_REPRESENTATION('',(#5910),#5914);
#5910 = LINE('',#5911,#5912);
#5911 = CARTESIAN_POINT('',(-0.785398163397,0.));
#5912 = VECTOR('',#5913,1.);
#5913 = DIRECTION('',(0.,1.));
#5914 = ( GEOMETRIC_REPRESENTATION_CONTEXT(2) 
PARAMETRIC_REPRESENTATION_CONTEXT() REPRESENTATION_CONTEXT('2D SPACE',''
  ) );
#5915 = ORIENTED_EDGE('',*,*,#5916,.T.);
#5916 = EDGE_CURVE('',#5894,#5917,#5919,.T.);
#5917 = VERTEX_POINT('',#5918);
#5918 = CARTESIAN_POINT('',(-13.60156922747,12.749600013713,
    3.804675674438));
#5919 = SURFACE_CURVE('',#5920,(#5924,#5931),.PCURVE_S1.);
#5920 = LINE('',#5921,#5922);
#5921 = CARTESIAN_POINT('',(14.248335786569,12.749600013713,
    3.804675674438));
#5922 = VECTOR('',#5923,1.);
#5923 = DIRECTION('',(1.,-9.95799250103E-17,1.224646799147E-16));
#5924 = PCURVE('',#1685,#5925);
#5925 = DEFINITIONAL_REPRESENTATION('',(#5926),#5930);
#5926 = LINE('',#5927,#5928);
#5927 = CARTESIAN_POINT('',(-1.349905014038,0.6));
#5928 = VECTOR('',#5929,1.);
#5929 = DIRECTION('',(-1.,0.));
#5930 = ( GEOMETRIC_REPRESENTATION_CONTEXT(2) 
PARAMETRIC_REPRESENTATION_CONTEXT() REPRESENTATION_CONTEXT('2D SPACE',''
  ) );
#5931 = PCURVE('',#5676,#5932);
#5932 = DEFINITIONAL_REPRESENTATION('',(#5933),#5937);
#5933 = LINE('',#5934,#5935);
#5934 = CARTESIAN_POINT('',(-2.5,-1.349905014038));
#5935 = VECTOR('',#5936,1.);
#5936 = DIRECTION('',(3.330135684236E-48,1.));
#5937 = ( GEOMETRIC_REPRESENTATION_CONTEXT(2) 
PARAMETRIC_REPRESENTATION_CONTEXT() REPRESENTATION_CONTEXT('2D SPACE',''
  ) );
#5938 = ORIENTED_EDGE('',*,*,#5939,.F.);
#5939 = EDGE_CURVE('',#5793,#5917,#5940,.T.);
#5940 = SURFACE_CURVE('',#5941,(#5946,#5957),.PCURVE_S1.);
#5941 = CIRCLE('',#5942,0.5);
#5942 = AXIS2_PLACEMENT_3D('',#5943,#5944,#5945);
#5943 = CARTESIAN_POINT('',(-13.60156922747,12.749600013713,
    3.304675674438));
#5944 = DIRECTION('',(-9.95799250103E-17,-1.,-1.232595164408E-32));
#5945 = DIRECTION('',(0.707106781187,-7.041364024483E-17,0.707106781187)
  );
#5946 = PCURVE('',#1685,#5947);
#5947 = DEFINITIONAL_REPRESENTATION('',(#5948),#5956);
#5948 = ( BOUNDED_CURVE() B_SPLINE_CURVE(2,(#5949,#5950,#5951,#5952,
#5953,#5954,#5955),.UNSPECIFIED.,.T.,.F.) B_SPLINE_CURVE_WITH_KNOTS((1,2
    ,2,2,2,1),(-2.094395102393,0.,2.094395102393,4.188790204786,
6.28318530718,8.377580409573),.UNSPECIFIED.) CURVE() 
GEOMETRIC_REPRESENTATION_ITEM() RATIONAL_B_SPLINE_CURVE((1.,0.5,1.,0.5,
1.,0.5,1.)) REPRESENTATION_ITEM('') );
#5949 = CARTESIAN_POINT('',(26.146446609407,0.453553390593));
#5950 = CARTESIAN_POINT('',(26.758819045103,1.065925826289));
#5951 = CARTESIAN_POINT('',(26.982962913145,0.229409522551));
#5952 = CARTESIAN_POINT('',(27.207106781187,-0.607106781187));
#5953 = CARTESIAN_POINT('',(26.370590477449,-0.382962913145));
#5954 = CARTESIAN_POINT('',(25.534074173711,-0.158819045103));
#5955 = CARTESIAN_POINT('',(26.146446609407,0.453553390593));
#5956 = ( GEOMETRIC_REPRESENTATION_CONTEXT(2) 
PARAMETRIC_REPRESENTATION_CONTEXT() REPRESENTATION_CONTEXT('2D SPACE',''
  ) );
#5957 = PCURVE('',#5830,#5958);
#5958 = DEFINITIONAL_REPRESENTATION('',(#5959),#5963);
#5959 = LINE('',#5960,#5961);
#5960 = CARTESIAN_POINT('',(-6.28318530718,1.25));
#5961 = VECTOR('',#5962,1.);
#5962 = DIRECTION('',(1.,0.));
#5963 = ( GEOMETRIC_REPRESENTATION_CONTEXT(2) 
PARAMETRIC_REPRESENTATION_CONTEXT() REPRESENTATION_CONTEXT('2D SPACE',''
  ) );
#5964 = ADVANCED_FACE('',(#5965),#5830,.F.);
#5965 = FACE_BOUND('',#5966,.F.);
#5966 = EDGE_LOOP('',(#5967,#5990,#5991,#5992));
#5967 = ORIENTED_EDGE('',*,*,#5968,.F.);
#5968 = EDGE_CURVE('',#5917,#5969,#5971,.T.);
#5969 = VERTEX_POINT('',#5970);
#5970 = CARTESIAN_POINT('',(-13.60156922747,15.249600013713,
    3.804675674438));
#5971 = SURFACE_CURVE('',#5972,(#5976,#5983),.PCURVE_S1.);
#5972 = LINE('',#5973,#5974);
#5973 = CARTESIAN_POINT('',(-13.60156922747,13.999600013713,
    3.804675674438));
#5974 = VECTOR('',#5975,1.);
#5975 = DIRECTION('',(0.,1.,1.499759782662E-32));
#5976 = PCURVE('',#5830,#5977);
#5977 = DEFINITIONAL_REPRESENTATION('',(#5978),#5982);
#5978 = LINE('',#5979,#5980);
#5979 = CARTESIAN_POINT('',(0.785398163397,0.));
#5980 = VECTOR('',#5981,1.);
#5981 = DIRECTION('',(0.,-1.));
#5982 = ( GEOMETRIC_REPRESENTATION_CONTEXT(2) 
PARAMETRIC_REPRESENTATION_CONTEXT() REPRESENTATION_CONTEXT('2D SPACE',''
  ) );
#5983 = PCURVE('',#5676,#5984);
#5984 = DEFINITIONAL_REPRESENTATION('',(#5985),#5989);
#5985 = LINE('',#5986,#5987);
#5986 = CARTESIAN_POINT('',(-1.25,-29.19981002807));
#5987 = VECTOR('',#5988,1.);
#5988 = DIRECTION('',(1.,-9.95799250103E-17));
#5989 = ( GEOMETRIC_REPRESENTATION_CONTEXT(2) 
PARAMETRIC_REPRESENTATION_CONTEXT() REPRESENTATION_CONTEXT('2D SPACE',''
  ) );
#5990 = ORIENTED_EDGE('',*,*,#5939,.F.);
#5991 = ORIENTED_EDGE('',*,*,#5816,.F.);
#5992 = ORIENTED_EDGE('',*,*,#5993,.F.);
#5993 = EDGE_CURVE('',#5969,#5764,#5994,.T.);
#5994 = SURFACE_CURVE('',#5995,(#6000,#6007),.PCURVE_S1.);
#5995 = CIRCLE('',#5996,0.5);
#5996 = AXIS2_PLACEMENT_3D('',#5997,#5998,#5999);
#5997 = CARTESIAN_POINT('',(-13.60156922747,15.249600013713,
    3.304675674438));
#5998 = DIRECTION('',(9.95799250103E-17,1.,1.232595164408E-32));
#5999 = DIRECTION('',(0.707106781187,-7.041364024483E-17,0.707106781187)
  );
#6000 = PCURVE('',#5830,#6001);
#6001 = DEFINITIONAL_REPRESENTATION('',(#6002),#6006);
#6002 = LINE('',#6003,#6004);
#6003 = CARTESIAN_POINT('',(6.28318530718,-1.25));
#6004 = VECTOR('',#6005,1.);
#6005 = DIRECTION('',(-1.,0.));
#6006 = ( GEOMETRIC_REPRESENTATION_CONTEXT(2) 
PARAMETRIC_REPRESENTATION_CONTEXT() REPRESENTATION_CONTEXT('2D SPACE',''
  ) );
#6007 = PCURVE('',#1741,#6008);
#6008 = DEFINITIONAL_REPRESENTATION('',(#6009),#6013);
#6009 = CIRCLE('',#6010,0.5);
#6010 = AXIS2_PLACEMENT_2D('',#6011,#6012);
#6011 = CARTESIAN_POINT('',(1.E-01,14.5));
#6012 = DIRECTION('',(0.707106781187,0.707106781187));
#6013 = ( GEOMETRIC_REPRESENTATION_CONTEXT(2) 
PARAMETRIC_REPRESENTATION_CONTEXT() REPRESENTATION_CONTEXT('2D SPACE',''
  ) );
#6014 = ADVANCED_FACE('',(#6015),#5588,.F.);
#6015 = FACE_BOUND('',#6016,.F.);
#6016 = EDGE_LOOP('',(#6017,#6040,#6062,#6063));
#6017 = ORIENTED_EDGE('',*,*,#6018,.F.);
#6018 = EDGE_CURVE('',#6019,#5633,#6021,.T.);
#6019 = VERTEX_POINT('',#6020);
#6020 = CARTESIAN_POINT('',(-31.10156922747,8.249600013713,
    3.804675674438));
#6021 = SURFACE_CURVE('',#6022,(#6026,#6033),.PCURVE_S1.);
#6022 = LINE('',#6023,#6024);
#6023 = CARTESIAN_POINT('',(-7.751664213431,8.249600013713,
    3.804675674438));
#6024 = VECTOR('',#6025,1.);
#6025 = DIRECTION('',(1.,0.,1.224646799147E-16));
#6026 = PCURVE('',#5588,#6027);
#6027 = DEFINITIONAL_REPRESENTATION('',(#6028),#6032);
#6028 = LINE('',#6029,#6030);
#6029 = CARTESIAN_POINT('',(7.068583470577,-3.552713678801E-15));
#6030 = VECTOR('',#6031,1.);
#6031 = DIRECTION('',(3.053113317719E-16,-1.));
#6032 = ( GEOMETRIC_REPRESENTATION_CONTEXT(2) 
PARAMETRIC_REPRESENTATION_CONTEXT() REPRESENTATION_CONTEXT('2D SPACE',''
  ) );
#6033 = PCURVE('',#5676,#6034);
#6034 = DEFINITIONAL_REPRESENTATION('',(#6035),#6039);
#6035 = LINE('',#6036,#6037);
#6036 = CARTESIAN_POINT('',(-7.,-23.34990501403));
#6037 = VECTOR('',#6038,1.);
#6038 = DIRECTION('',(9.95799250103E-17,1.));
#6039 = ( GEOMETRIC_REPRESENTATION_CONTEXT(2) 
PARAMETRIC_REPRESENTATION_CONTEXT() REPRESENTATION_CONTEXT('2D SPACE',''
  ) );
#6040 = ORIENTED_EDGE('',*,*,#6041,.F.);
#6041 = EDGE_CURVE('',#5545,#6019,#6042,.T.);
#6042 = SURFACE_CURVE('',#6043,(#6048,#6055),.PCURVE_S1.);
#6043 = CIRCLE('',#6044,0.5);
#6044 = AXIS2_PLACEMENT_3D('',#6045,#6046,#6047);
#6045 = CARTESIAN_POINT('',(-31.10156922747,8.249600013713,
    3.304675674438));
#6046 = DIRECTION('',(-1.,9.95799250103E-17,-1.224646799147E-16));
#6047 = DIRECTION('',(-1.570092458684E-16,-0.707106781187,0.707106781187
    ));
#6048 = PCURVE('',#5588,#6049);
#6049 = DEFINITIONAL_REPRESENTATION('',(#6050),#6054);
#6050 = LINE('',#6051,#6052);
#6051 = CARTESIAN_POINT('',(5.329070518201E-15,23.349905014038));
#6052 = VECTOR('',#6053,1.);
#6053 = DIRECTION('',(1.,0.));
#6054 = ( GEOMETRIC_REPRESENTATION_CONTEXT(2) 
PARAMETRIC_REPRESENTATION_CONTEXT() REPRESENTATION_CONTEXT('2D SPACE',''
  ) );
#6055 = PCURVE('',#1238,#6056);
#6056 = DEFINITIONAL_REPRESENTATION('',(#6057),#6061);
#6057 = CIRCLE('',#6058,0.5);
#6058 = AXIS2_PLACEMENT_2D('',#6059,#6060);
#6059 = CARTESIAN_POINT('',(1.E-01,-4.));
#6060 = DIRECTION('',(0.707106781187,-0.707106781187));
#6061 = ( GEOMETRIC_REPRESENTATION_CONTEXT(2) 
PARAMETRIC_REPRESENTATION_CONTEXT() REPRESENTATION_CONTEXT('2D SPACE',''
  ) );
#6062 = ORIENTED_EDGE('',*,*,#5572,.F.);
#6063 = ORIENTED_EDGE('',*,*,#5632,.F.);
#6064 = ADVANCED_FACE('',(#6065),#224,.T.);
#6065 = FACE_BOUND('',#6066,.T.);
#6066 = EDGE_LOOP('',(#6067,#6068,#6089,#6090));
#6067 = ORIENTED_EDGE('',*,*,#2837,.T.);
#6068 = ORIENTED_EDGE('',*,*,#6069,.T.);
#6069 = EDGE_CURVE('',#2815,#209,#6070,.T.);
#6070 = SURFACE_CURVE('',#6071,(#6075,#6082),.PCURVE_S1.);
#6071 = LINE('',#6072,#6073);
#6072 = CARTESIAN_POINT('',(-25.22682004381,-12.93120948412,
    3.204675674438));
#6073 = VECTOR('',#6074,1.);
#6074 = DIRECTION('',(1.224646799147E-16,1.499759782662E-32,-1.));
#6075 = PCURVE('',#224,#6076);
#6076 = DEFINITIONAL_REPRESENTATION('',(#6077),#6081);
#6077 = LINE('',#6078,#6079);
#6078 = CARTESIAN_POINT('',(-2.16340338526E-17,-0.48902222777));
#6079 = VECTOR('',#6080,1.);
#6080 = DIRECTION('',(1.,0.));
#6081 = ( GEOMETRIC_REPRESENTATION_CONTEXT(2) 
PARAMETRIC_REPRESENTATION_CONTEXT() REPRESENTATION_CONTEXT('2D SPACE',''
  ) );
#6082 = PCURVE('',#252,#6083);
#6083 = DEFINITIONAL_REPRESENTATION('',(#6084),#6088);
#6084 = LINE('',#6085,#6086);
#6085 = CARTESIAN_POINT('',(0.,0.));
#6086 = VECTOR('',#6087,1.);
#6087 = DIRECTION('',(1.,-1.232595164408E-32));
#6088 = ( GEOMETRIC_REPRESENTATION_CONTEXT(2) 
PARAMETRIC_REPRESENTATION_CONTEXT() REPRESENTATION_CONTEXT('2D SPACE',''
  ) );
#6089 = ORIENTED_EDGE('',*,*,#208,.T.);
#6090 = ORIENTED_EDGE('',*,*,#1082,.F.);
#6091 = ADVANCED_FACE('',(#6092),#252,.T.);
#6092 = FACE_BOUND('',#6093,.T.);
#6093 = EDGE_LOOP('',(#6094,#6095,#6116,#6117));
#6094 = ORIENTED_EDGE('',*,*,#2814,.T.);
#6095 = ORIENTED_EDGE('',*,*,#6096,.T.);
#6096 = EDGE_CURVE('',#2792,#237,#6097,.T.);
#6097 = SURFACE_CURVE('',#6098,(#6102,#6109),.PCURVE_S1.);
#6098 = LINE('',#6099,#6100);
#6099 = CARTESIAN_POINT('',(-25.48425679613,-13.34698466398,
    3.204675674438));
#6100 = VECTOR('',#6101,1.);
#6101 = DIRECTION('',(1.224646799147E-16,1.499759782662E-32,-1.));
#6102 = PCURVE('',#252,#6103);
#6103 = DEFINITIONAL_REPRESENTATION('',(#6104),#6108);
#6104 = LINE('',#6105,#6106);
#6105 = CARTESIAN_POINT('',(-3.152690947108E-17,-0.489022168858));
#6106 = VECTOR('',#6107,1.);
#6107 = DIRECTION('',(1.,-1.232595164408E-32));
#6108 = ( GEOMETRIC_REPRESENTATION_CONTEXT(2) 
PARAMETRIC_REPRESENTATION_CONTEXT() REPRESENTATION_CONTEXT('2D SPACE',''
  ) );
#6109 = PCURVE('',#280,#6110);
#6110 = DEFINITIONAL_REPRESENTATION('',(#6111),#6115);
#6111 = LINE('',#6112,#6113);
#6112 = CARTESIAN_POINT('',(0.,0.));
#6113 = VECTOR('',#6114,1.);
#6114 = DIRECTION('',(1.,0.));
#6115 = ( GEOMETRIC_REPRESENTATION_CONTEXT(2) 
PARAMETRIC_REPRESENTATION_CONTEXT() REPRESENTATION_CONTEXT('2D SPACE',''
  ) );
#6116 = ORIENTED_EDGE('',*,*,#236,.T.);
#6117 = ORIENTED_EDGE('',*,*,#6069,.F.);
#6118 = ADVANCED_FACE('',(#6119),#280,.T.);
#6119 = FACE_BOUND('',#6120,.T.);
#6120 = EDGE_LOOP('',(#6121,#6122,#6143,#6144));
#6121 = ORIENTED_EDGE('',*,*,#2791,.T.);
#6122 = ORIENTED_EDGE('',*,*,#6123,.T.);
#6123 = EDGE_CURVE('',#2769,#265,#6124,.T.);
#6124 = SURFACE_CURVE('',#6125,(#6129,#6136),.PCURVE_S1.);
#6125 = LINE('',#6126,#6127);
#6126 = CARTESIAN_POINT('',(-25.81370931078,-13.70837644674,
    3.204675674438));
#6127 = VECTOR('',#6128,1.);
#6128 = DIRECTION('',(1.224646799147E-16,1.499759782662E-32,-1.));
#6129 = PCURVE('',#280,#6130);
#6130 = DEFINITIONAL_REPRESENTATION('',(#6131),#6135);
#6131 = LINE('',#6132,#6133);
#6132 = CARTESIAN_POINT('',(-4.034629675353E-17,-0.489022473978));
#6133 = VECTOR('',#6134,1.);
#6134 = DIRECTION('',(1.,0.));
#6135 = ( GEOMETRIC_REPRESENTATION_CONTEXT(2) 
PARAMETRIC_REPRESENTATION_CONTEXT() REPRESENTATION_CONTEXT('2D SPACE',''
  ) );
#6136 = PCURVE('',#308,#6137);
#6137 = DEFINITIONAL_REPRESENTATION('',(#6138),#6142);
#6138 = LINE('',#6139,#6140);
#6139 = CARTESIAN_POINT('',(0.,0.));
#6140 = VECTOR('',#6141,1.);
#6141 = DIRECTION('',(1.,0.));
#6142 = ( GEOMETRIC_REPRESENTATION_CONTEXT(2) 
PARAMETRIC_REPRESENTATION_CONTEXT() REPRESENTATION_CONTEXT('2D SPACE',''
  ) );
#6143 = ORIENTED_EDGE('',*,*,#264,.T.);
#6144 = ORIENTED_EDGE('',*,*,#6096,.F.);
#6145 = ADVANCED_FACE('',(#6146),#308,.T.);
#6146 = FACE_BOUND('',#6147,.T.);
#6147 = EDGE_LOOP('',(#6148,#6149,#6170,#6171));
#6148 = ORIENTED_EDGE('',*,*,#2768,.T.);
#6149 = ORIENTED_EDGE('',*,*,#6150,.T.);
#6150 = EDGE_CURVE('',#2746,#293,#6151,.T.);
#6151 = SURFACE_CURVE('',#6152,(#6156,#6163),.PCURVE_S1.);
#6152 = LINE('',#6153,#6154);
#6153 = CARTESIAN_POINT('',(-26.20395713259,-14.00307826139,
    3.204675674438));
#6154 = VECTOR('',#6155,1.);
#6155 = DIRECTION('',(1.224646799147E-16,1.499759782662E-32,-1.));
#6156 = PCURVE('',#308,#6157);
#6157 = DEFINITIONAL_REPRESENTATION('',(#6158),#6162);
#6158 = LINE('',#6159,#6160);
#6159 = CARTESIAN_POINT('',(-4.779157458512E-17,-0.489022005624));
#6160 = VECTOR('',#6161,1.);
#6161 = DIRECTION('',(1.,0.));
#6162 = ( GEOMETRIC_REPRESENTATION_CONTEXT(2) 
PARAMETRIC_REPRESENTATION_CONTEXT() REPRESENTATION_CONTEXT('2D SPACE',''
  ) );
#6163 = PCURVE('',#336,#6164);
#6164 = DEFINITIONAL_REPRESENTATION('',(#6165),#6169);
#6165 = LINE('',#6166,#6167);
#6166 = CARTESIAN_POINT('',(0.,0.));
#6167 = VECTOR('',#6168,1.);
#6168 = DIRECTION('',(1.,-2.465190328816E-32));
#6169 = ( GEOMETRIC_REPRESENTATION_CONTEXT(2) 
PARAMETRIC_REPRESENTATION_CONTEXT() REPRESENTATION_CONTEXT('2D SPACE',''
  ) );
#6170 = ORIENTED_EDGE('',*,*,#292,.T.);
#6171 = ORIENTED_EDGE('',*,*,#6123,.F.);
#6172 = ADVANCED_FACE('',(#6173),#336,.T.);
#6173 = FACE_BOUND('',#6174,.T.);
#6174 = EDGE_LOOP('',(#6175,#6176,#6197,#6198));
#6175 = ORIENTED_EDGE('',*,*,#2745,.T.);
#6176 = ORIENTED_EDGE('',*,*,#6177,.T.);
#6177 = EDGE_CURVE('',#2723,#321,#6178,.T.);
#6178 = SURFACE_CURVE('',#6179,(#6183,#6190),.PCURVE_S1.);
#6179 = LINE('',#6180,#6181);
#6180 = CARTESIAN_POINT('',(-26.64171224047,-14.22105423547,
    3.204675674438));
#6181 = VECTOR('',#6182,1.);
#6182 = DIRECTION('',(1.224646799147E-16,1.499759782662E-32,-1.));
#6183 = PCURVE('',#336,#6184);
#6184 = DEFINITIONAL_REPRESENTATION('',(#6185),#6189);
#6185 = LINE('',#6186,#6187);
#6186 = CARTESIAN_POINT('',(-5.360953916752E-17,-0.489022555464));
#6187 = VECTOR('',#6188,1.);
#6188 = DIRECTION('',(1.,-2.465190328816E-32));
#6189 = ( GEOMETRIC_REPRESENTATION_CONTEXT(2) 
PARAMETRIC_REPRESENTATION_CONTEXT() REPRESENTATION_CONTEXT('2D SPACE',''
  ) );
#6190 = PCURVE('',#364,#6191);
#6191 = DEFINITIONAL_REPRESENTATION('',(#6192),#6196);
#6192 = LINE('',#6193,#6194);
#6193 = CARTESIAN_POINT('',(0.,0.));
#6194 = VECTOR('',#6195,1.);
#6195 = DIRECTION('',(1.,-4.930380657631E-32));
#6196 = ( GEOMETRIC_REPRESENTATION_CONTEXT(2) 
PARAMETRIC_REPRESENTATION_CONTEXT() REPRESENTATION_CONTEXT('2D SPACE',''
  ) );
#6197 = ORIENTED_EDGE('',*,*,#320,.T.);
#6198 = ORIENTED_EDGE('',*,*,#6150,.F.);
#6199 = ADVANCED_FACE('',(#6200),#364,.T.);
#6200 = FACE_BOUND('',#6201,.T.);
#6201 = EDGE_LOOP('',(#6202,#6203,#6224,#6225));
#6202 = ORIENTED_EDGE('',*,*,#2722,.T.);
#6203 = ORIENTED_EDGE('',*,*,#6204,.T.);
#6204 = EDGE_CURVE('',#2700,#349,#6205,.T.);
#6205 = SURFACE_CURVE('',#6206,(#6210,#6217),.PCURVE_S1.);
#6206 = LINE('',#6207,#6208);
#6207 = CARTESIAN_POINT('',(-27.11206632067,-14.35488156416,
    3.204675674438));
#6208 = VECTOR('',#6209,1.);
#6209 = DIRECTION('',(1.224646799147E-16,1.499759782662E-32,-1.));
#6210 = PCURVE('',#364,#6211);
#6211 = DEFINITIONAL_REPRESENTATION('',(#6212),#6216);
#6212 = LINE('',#6213,#6214);
#6213 = CARTESIAN_POINT('',(-5.760176187831E-17,-0.489022202628));
#6214 = VECTOR('',#6215,1.);
#6215 = DIRECTION('',(1.,-4.930380657631E-32));
#6216 = ( GEOMETRIC_REPRESENTATION_CONTEXT(2) 
PARAMETRIC_REPRESENTATION_CONTEXT() REPRESENTATION_CONTEXT('2D SPACE',''
  ) );
#6217 = PCURVE('',#392,#6218);
#6218 = DEFINITIONAL_REPRESENTATION('',(#6219),#6223);
#6219 = LINE('',#6220,#6221);
#6220 = CARTESIAN_POINT('',(0.,0.));
#6221 = VECTOR('',#6222,1.);
#6222 = DIRECTION('',(1.,0.));
#6223 = ( GEOMETRIC_REPRESENTATION_CONTEXT(2) 
PARAMETRIC_REPRESENTATION_CONTEXT() REPRESENTATION_CONTEXT('2D SPACE',''
  ) );
#6224 = ORIENTED_EDGE('',*,*,#348,.T.);
#6225 = ORIENTED_EDGE('',*,*,#6177,.F.);
#6226 = ADVANCED_FACE('',(#6227),#392,.T.);
#6227 = FACE_BOUND('',#6228,.T.);
#6228 = EDGE_LOOP('',(#6229,#6230,#6251,#6252));
#6229 = ORIENTED_EDGE('',*,*,#2699,.T.);
#6230 = ORIENTED_EDGE('',*,*,#6231,.T.);
#6231 = EDGE_CURVE('',#2677,#377,#6232,.T.);
#6232 = SURFACE_CURVE('',#6233,(#6237,#6244),.PCURVE_S1.);
#6233 = LINE('',#6234,#6235);
#6234 = CARTESIAN_POINT('',(-27.59900265146,-14.40000281669,
    3.204675674438));
#6235 = VECTOR('',#6236,1.);
#6236 = DIRECTION('',(1.224646799147E-16,1.499759782662E-32,-1.));
#6237 = PCURVE('',#392,#6238);
#6238 = DEFINITIONAL_REPRESENTATION('',(#6239),#6243);
#6239 = LINE('',#6240,#6241);
#6240 = CARTESIAN_POINT('',(-5.96325018897E-17,-0.489022410201));
#6241 = VECTOR('',#6242,1.);
#6242 = DIRECTION('',(1.,0.));
#6243 = ( GEOMETRIC_REPRESENTATION_CONTEXT(2) 
PARAMETRIC_REPRESENTATION_CONTEXT() REPRESENTATION_CONTEXT('2D SPACE',''
  ) );
#6244 = PCURVE('',#420,#6245);
#6245 = DEFINITIONAL_REPRESENTATION('',(#6246),#6250);
#6246 = LINE('',#6247,#6248);
#6247 = CARTESIAN_POINT('',(0.,0.));
#6248 = VECTOR('',#6249,1.);
#6249 = DIRECTION('',(1.,0.));
#6250 = ( GEOMETRIC_REPRESENTATION_CONTEXT(2) 
PARAMETRIC_REPRESENTATION_CONTEXT() REPRESENTATION_CONTEXT('2D SPACE',''
  ) );
#6251 = ORIENTED_EDGE('',*,*,#376,.T.);
#6252 = ORIENTED_EDGE('',*,*,#6204,.F.);
#6253 = ADVANCED_FACE('',(#6254),#420,.T.);
#6254 = FACE_BOUND('',#6255,.T.);
#6255 = EDGE_LOOP('',(#6256,#6257,#6278,#6279));
#6256 = ORIENTED_EDGE('',*,*,#2676,.T.);
#6257 = ORIENTED_EDGE('',*,*,#6258,.F.);
#6258 = EDGE_CURVE('',#405,#2654,#6259,.T.);
#6259 = SURFACE_CURVE('',#6260,(#6264,#6271),.PCURVE_S1.);
#6260 = LINE('',#6261,#6262);
#6261 = CARTESIAN_POINT('',(-28.08593874384,-14.35488156416,
    3.204675674438));
#6262 = VECTOR('',#6263,1.);
#6263 = DIRECTION('',(0.,0.,1.));
#6264 = PCURVE('',#420,#6265);
#6265 = DEFINITIONAL_REPRESENTATION('',(#6266),#6270);
#6266 = LINE('',#6267,#6268);
#6267 = CARTESIAN_POINT('',(-5.963247269185E-17,-0.4890221728));
#6268 = VECTOR('',#6269,1.);
#6269 = DIRECTION('',(-1.,1.219422676695E-16));
#6270 = ( GEOMETRIC_REPRESENTATION_CONTEXT(2) 
PARAMETRIC_REPRESENTATION_CONTEXT() REPRESENTATION_CONTEXT('2D SPACE',''
  ) );
#6271 = PCURVE('',#448,#6272);
#6272 = DEFINITIONAL_REPRESENTATION('',(#6273),#6277);
#6273 = LINE('',#6274,#6275);
#6274 = CARTESIAN_POINT('',(0.,0.));
#6275 = VECTOR('',#6276,1.);
#6276 = DIRECTION('',(-1.,1.177896703983E-16));
#6277 = ( GEOMETRIC_REPRESENTATION_CONTEXT(2) 
PARAMETRIC_REPRESENTATION_CONTEXT() REPRESENTATION_CONTEXT('2D SPACE',''
  ) );
#6278 = ORIENTED_EDGE('',*,*,#404,.F.);
#6279 = ORIENTED_EDGE('',*,*,#6231,.F.);
#6280 = ADVANCED_FACE('',(#6281),#4042,.T.);
#6281 = FACE_BOUND('',#6282,.T.);
#6282 = EDGE_LOOP('',(#6283,#6284,#6307,#6335));
#6283 = ORIENTED_EDGE('',*,*,#4026,.T.);
#6284 = ORIENTED_EDGE('',*,*,#6285,.T.);
#6285 = EDGE_CURVE('',#3999,#6286,#6288,.T.);
#6286 = VERTEX_POINT('',#6287);
#6287 = CARTESIAN_POINT('',(31.355286546456,-9.278951564809,
    0.404675602913));
#6288 = SURFACE_CURVE('',#6289,(#6293,#6300),.PCURVE_S1.);
#6289 = LINE('',#6290,#6291);
#6290 = CARTESIAN_POINT('',(31.355286546456,-9.278951564809,
    3.204675674438));
#6291 = VECTOR('',#6292,1.);
#6292 = DIRECTION('',(1.224646799147E-16,1.499759782662E-32,-1.));
#6293 = PCURVE('',#4042,#6294);
#6294 = DEFINITIONAL_REPRESENTATION('',(#6295),#6299);
#6295 = LINE('',#6296,#6297);
#6296 = CARTESIAN_POINT('',(-5.760152829547E-17,0.489020335468));
#6297 = VECTOR('',#6298,1.);
#6298 = DIRECTION('',(-1.,-4.930380657631E-32));
#6299 = ( GEOMETRIC_REPRESENTATION_CONTEXT(2) 
PARAMETRIC_REPRESENTATION_CONTEXT() REPRESENTATION_CONTEXT('2D SPACE',''
  ) );
#6300 = PCURVE('',#4014,#6301);
#6301 = DEFINITIONAL_REPRESENTATION('',(#6302),#6306);
#6302 = LINE('',#6303,#6304);
#6303 = CARTESIAN_POINT('',(0.,0.));
#6304 = VECTOR('',#6305,1.);
#6305 = DIRECTION('',(-1.,-1.232595164408E-32));
#6306 = ( GEOMETRIC_REPRESENTATION_CONTEXT(2) 
PARAMETRIC_REPRESENTATION_CONTEXT() REPRESENTATION_CONTEXT('2D SPACE',''
  ) );
#6307 = ORIENTED_EDGE('',*,*,#6308,.T.);
#6308 = EDGE_CURVE('',#6286,#6309,#6311,.T.);
#6309 = VERTEX_POINT('',#6310);
#6310 = CARTESIAN_POINT('',(30.884934373605,-9.145124355337,
    0.404675602913));
#6311 = SURFACE_CURVE('',#6312,(#6316,#6323),.PCURVE_S1.);
#6312 = LINE('',#6313,#6314);
#6313 = CARTESIAN_POINT('',(31.355286546456,-9.278951564809,
    0.404675602913));
#6314 = VECTOR('',#6315,1.);
#6315 = DIRECTION('',(-0.961825385853,0.273663894457,-1.177896380123E-16
    ));
#6316 = PCURVE('',#4042,#6317);
#6317 = DEFINITIONAL_REPRESENTATION('',(#6318),#6322);
#6318 = LINE('',#6319,#6320);
#6319 = CARTESIAN_POINT('',(-2.800000071525,0.489020335468));
#6320 = VECTOR('',#6321,1.);
#6321 = DIRECTION('',(1.725633230171E-31,-1.));
#6322 = ( GEOMETRIC_REPRESENTATION_CONTEXT(2) 
PARAMETRIC_REPRESENTATION_CONTEXT() REPRESENTATION_CONTEXT('2D SPACE',''
  ) );
#6323 = PCURVE('',#6324,#6329);
#6324 = PLANE('',#6325);
#6325 = AXIS2_PLACEMENT_3D('',#6326,#6327,#6328);
#6326 = CARTESIAN_POINT('',(30.397995897042,-14.40000281669,
    0.404675602913));
#6327 = DIRECTION('',(1.224646799147E-16,1.499759782662E-32,-1.));
#6328 = DIRECTION('',(9.95799250103E-17,1.,2.719262146894E-32));
#6329 = DEFINITIONAL_REPRESENTATION('',(#6330),#6334);
#6330 = LINE('',#6331,#6332);
#6331 = CARTESIAN_POINT('',(5.121051251888,0.957290649414));
#6332 = VECTOR('',#6333,1.);
#6333 = DIRECTION('',(0.273663894457,-0.961825385853));
#6334 = ( GEOMETRIC_REPRESENTATION_CONTEXT(2) 
PARAMETRIC_REPRESENTATION_CONTEXT() REPRESENTATION_CONTEXT('2D SPACE',''
  ) );
#6335 = ORIENTED_EDGE('',*,*,#6336,.F.);
#6336 = EDGE_CURVE('',#4027,#6309,#6337,.T.);
#6337 = SURFACE_CURVE('',#6338,(#6342,#6349),.PCURVE_S1.);
#6338 = LINE('',#6339,#6340);
#6339 = CARTESIAN_POINT('',(30.884934373605,-9.145124355337,
    3.204675674438));
#6340 = VECTOR('',#6341,1.);
#6341 = DIRECTION('',(1.224646799147E-16,1.499759782662E-32,-1.));
#6342 = PCURVE('',#4042,#6343);
#6343 = DEFINITIONAL_REPRESENTATION('',(#6344),#6348);
#6344 = LINE('',#6345,#6346);
#6345 = CARTESIAN_POINT('',(0.,0.));
#6346 = VECTOR('',#6347,1.);
#6347 = DIRECTION('',(-1.,-4.930380657631E-32));
#6348 = ( GEOMETRIC_REPRESENTATION_CONTEXT(2) 
PARAMETRIC_REPRESENTATION_CONTEXT() REPRESENTATION_CONTEXT('2D SPACE',''
  ) );
#6349 = PCURVE('',#4070,#6350);
#6350 = DEFINITIONAL_REPRESENTATION('',(#6351),#6355);
#6351 = LINE('',#6352,#6353);
#6352 = CARTESIAN_POINT('',(-5.963276467038E-17,0.489024585312));
#6353 = VECTOR('',#6354,1.);
#6354 = DIRECTION('',(-1.,0.));
#6355 = ( GEOMETRIC_REPRESENTATION_CONTEXT(2) 
PARAMETRIC_REPRESENTATION_CONTEXT() REPRESENTATION_CONTEXT('2D SPACE',''
  ) );
#6356 = ADVANCED_FACE('',(#6357),#4014,.T.);
#6357 = FACE_BOUND('',#6358,.T.);
#6358 = EDGE_LOOP('',(#6359,#6360,#6383,#6404));
#6359 = ORIENTED_EDGE('',*,*,#3998,.T.);
#6360 = ORIENTED_EDGE('',*,*,#6361,.T.);
#6361 = EDGE_CURVE('',#3971,#6362,#6364,.T.);
#6362 = VERTEX_POINT('',#6363);
#6363 = CARTESIAN_POINT('',(31.793042131173,-9.496927658101,
    0.404675602913));
#6364 = SURFACE_CURVE('',#6365,(#6369,#6376),.PCURVE_S1.);
#6365 = LINE('',#6366,#6367);
#6366 = CARTESIAN_POINT('',(31.793042131173,-9.496927658101,
    3.204675674438));
#6367 = VECTOR('',#6368,1.);
#6368 = DIRECTION('',(1.224646799147E-16,1.499759782662E-32,-1.));
#6369 = PCURVE('',#4014,#6370);
#6370 = DEFINITIONAL_REPRESENTATION('',(#6371),#6375);
#6371 = LINE('',#6372,#6373);
#6372 = CARTESIAN_POINT('',(-5.360959756323E-17,0.489023035447));
#6373 = VECTOR('',#6374,1.);
#6374 = DIRECTION('',(-1.,-1.232595164408E-32));
#6375 = ( GEOMETRIC_REPRESENTATION_CONTEXT(2) 
PARAMETRIC_REPRESENTATION_CONTEXT() REPRESENTATION_CONTEXT('2D SPACE',''
  ) );
#6376 = PCURVE('',#3986,#6377);
#6377 = DEFINITIONAL_REPRESENTATION('',(#6378),#6382);
#6378 = LINE('',#6379,#6380);
#6379 = CARTESIAN_POINT('',(0.,0.));
#6380 = VECTOR('',#6381,1.);
#6381 = DIRECTION('',(-1.,1.232595164408E-32));
#6382 = ( GEOMETRIC_REPRESENTATION_CONTEXT(2) 
PARAMETRIC_REPRESENTATION_CONTEXT() REPRESENTATION_CONTEXT('2D SPACE',''
  ) );
#6383 = ORIENTED_EDGE('',*,*,#6384,.T.);
#6384 = EDGE_CURVE('',#6362,#6286,#6385,.T.);
#6385 = SURFACE_CURVE('',#6386,(#6390,#6397),.PCURVE_S1.);
#6386 = LINE('',#6387,#6388);
#6387 = CARTESIAN_POINT('',(31.793042131173,-9.496927658101,
    0.404675602913));
#6388 = VECTOR('',#6389,1.);
#6389 = DIRECTION('',(-0.895163526022,0.445737884501,-1.096259146857E-16
    ));
#6390 = PCURVE('',#4014,#6391);
#6391 = DEFINITIONAL_REPRESENTATION('',(#6392),#6396);
#6392 = LINE('',#6393,#6394);
#6393 = CARTESIAN_POINT('',(-2.800000071525,0.489023035447));
#6394 = VECTOR('',#6395,1.);
#6395 = DIRECTION('',(1.355854680849E-31,-1.));
#6396 = ( GEOMETRIC_REPRESENTATION_CONTEXT(2) 
PARAMETRIC_REPRESENTATION_CONTEXT() REPRESENTATION_CONTEXT('2D SPACE',''
  ) );
#6397 = PCURVE('',#6324,#6398);
#6398 = DEFINITIONAL_REPRESENTATION('',(#6399),#6403);
#6399 = LINE('',#6400,#6401);
#6400 = CARTESIAN_POINT('',(4.903075158596,1.395046234131));
#6401 = VECTOR('',#6402,1.);
#6402 = DIRECTION('',(0.445737884501,-0.895163526022));
#6403 = ( GEOMETRIC_REPRESENTATION_CONTEXT(2) 
PARAMETRIC_REPRESENTATION_CONTEXT() REPRESENTATION_CONTEXT('2D SPACE',''
  ) );
#6404 = ORIENTED_EDGE('',*,*,#6285,.F.);
#6405 = ADVANCED_FACE('',(#6406),#3986,.T.);
#6406 = FACE_BOUND('',#6407,.T.);
#6407 = EDGE_LOOP('',(#6408,#6409,#6432,#6453));
#6408 = ORIENTED_EDGE('',*,*,#3970,.T.);
#6409 = ORIENTED_EDGE('',*,*,#6410,.T.);
#6410 = EDGE_CURVE('',#3943,#6411,#6413,.T.);
#6411 = VERTEX_POINT('',#6412);
#6412 = CARTESIAN_POINT('',(32.183289476144,-9.791629234334,
    0.404675602913));
#6413 = SURFACE_CURVE('',#6414,(#6418,#6425),.PCURVE_S1.);
#6414 = LINE('',#6415,#6416);
#6415 = CARTESIAN_POINT('',(32.183289476144,-9.791629234334,
    3.204675674438));
#6416 = VECTOR('',#6417,1.);
#6417 = DIRECTION('',(1.224646799147E-16,1.499759782662E-32,-1.));
#6418 = PCURVE('',#3986,#6419);
#6419 = DEFINITIONAL_REPRESENTATION('',(#6420),#6424);
#6420 = LINE('',#6421,#6422);
#6421 = CARTESIAN_POINT('',(-4.779151618941E-17,0.489021481421));
#6422 = VECTOR('',#6423,1.);
#6423 = DIRECTION('',(-1.,1.232595164408E-32));
#6424 = ( GEOMETRIC_REPRESENTATION_CONTEXT(2) 
PARAMETRIC_REPRESENTATION_CONTEXT() REPRESENTATION_CONTEXT('2D SPACE',''
  ) );
#6425 = PCURVE('',#3958,#6426);
#6426 = DEFINITIONAL_REPRESENTATION('',(#6427),#6431);
#6427 = LINE('',#6428,#6429);
#6428 = CARTESIAN_POINT('',(0.,0.));
#6429 = VECTOR('',#6430,1.);
#6430 = DIRECTION('',(-1.,0.));
#6431 = ( GEOMETRIC_REPRESENTATION_CONTEXT(2) 
PARAMETRIC_REPRESENTATION_CONTEXT() REPRESENTATION_CONTEXT('2D SPACE',''
  ) );
#6432 = ORIENTED_EDGE('',*,*,#6433,.T.);
#6433 = EDGE_CURVE('',#6411,#6362,#6434,.T.);
#6434 = SURFACE_CURVE('',#6435,(#6439,#6446),.PCURVE_S1.);
#6435 = LINE('',#6436,#6437);
#6436 = CARTESIAN_POINT('',(32.183289476144,-9.791629234334,
    0.404675602913));
#6437 = VECTOR('',#6438,1.);
#6438 = DIRECTION('',(-0.798016773899,0.602635236752,-9.772886878215E-17
    ));
#6439 = PCURVE('',#3986,#6440);
#6440 = DEFINITIONAL_REPRESENTATION('',(#6441),#6445);
#6441 = LINE('',#6442,#6443);
#6442 = CARTESIAN_POINT('',(-2.800000071525,0.489021481421));
#6443 = VECTOR('',#6444,1.);
#6444 = DIRECTION('',(-3.08148791102E-31,-1.));
#6445 = ( GEOMETRIC_REPRESENTATION_CONTEXT(2) 
PARAMETRIC_REPRESENTATION_CONTEXT() REPRESENTATION_CONTEXT('2D SPACE',''
  ) );
#6446 = PCURVE('',#6324,#6447);
#6447 = DEFINITIONAL_REPRESENTATION('',(#6448),#6452);
#6448 = LINE('',#6449,#6450);
#6449 = CARTESIAN_POINT('',(4.608373582363,1.785293579102));
#6450 = VECTOR('',#6451,1.);
#6451 = DIRECTION('',(0.602635236752,-0.798016773899));
#6452 = ( GEOMETRIC_REPRESENTATION_CONTEXT(2) 
PARAMETRIC_REPRESENTATION_CONTEXT() REPRESENTATION_CONTEXT('2D SPACE',''
  ) );
#6453 = ORIENTED_EDGE('',*,*,#6361,.F.);
#6454 = ADVANCED_FACE('',(#6455),#3958,.T.);
#6455 = FACE_BOUND('',#6456,.T.);
#6456 = EDGE_LOOP('',(#6457,#6458,#6481,#6502));
#6457 = ORIENTED_EDGE('',*,*,#3942,.T.);
#6458 = ORIENTED_EDGE('',*,*,#6459,.T.);
#6459 = EDGE_CURVE('',#3915,#6460,#6462,.T.);
#6460 = VERTEX_POINT('',#6461);
#6461 = CARTESIAN_POINT('',(32.512741990792,-10.15302125551,
    0.404675602913));
#6462 = SURFACE_CURVE('',#6463,(#6467,#6474),.PCURVE_S1.);
#6463 = LINE('',#6464,#6465);
#6464 = CARTESIAN_POINT('',(32.512741990792,-10.15302125551,
    3.204675674438));
#6465 = VECTOR('',#6466,1.);
#6466 = DIRECTION('',(1.224646799147E-16,1.499759782662E-32,-1.));
#6467 = PCURVE('',#3958,#6468);
#6468 = DEFINITIONAL_REPRESENTATION('',(#6469),#6473);
#6469 = LINE('',#6470,#6471);
#6470 = CARTESIAN_POINT('',(-4.034629675352E-17,0.489022650171));
#6471 = VECTOR('',#6472,1.);
#6472 = DIRECTION('',(-1.,0.));
#6473 = ( GEOMETRIC_REPRESENTATION_CONTEXT(2) 
PARAMETRIC_REPRESENTATION_CONTEXT() REPRESENTATION_CONTEXT('2D SPACE',''
  ) );
#6474 = PCURVE('',#3930,#6475);
#6475 = DEFINITIONAL_REPRESENTATION('',(#6476),#6480);
#6476 = LINE('',#6477,#6478);
#6477 = CARTESIAN_POINT('',(0.,0.));
#6478 = VECTOR('',#6479,1.);
#6479 = DIRECTION('',(-1.,-1.232595164408E-32));
#6480 = ( GEOMETRIC_REPRESENTATION_CONTEXT(2) 
PARAMETRIC_REPRESENTATION_CONTEXT() REPRESENTATION_CONTEXT('2D SPACE',''
  ) );
#6481 = ORIENTED_EDGE('',*,*,#6482,.T.);
#6482 = EDGE_CURVE('',#6460,#6411,#6483,.T.);
#6483 = SURFACE_CURVE('',#6484,(#6488,#6495),.PCURVE_S1.);
#6484 = LINE('',#6485,#6486);
#6485 = CARTESIAN_POINT('',(32.512741990792,-10.15302125551,
    0.404675602913));
#6486 = VECTOR('',#6487,1.);
#6487 = DIRECTION('',(-0.673695818656,0.739008757678,-8.250394279166E-17
    ));
#6488 = PCURVE('',#3958,#6489);
#6489 = DEFINITIONAL_REPRESENTATION('',(#6490),#6494);
#6490 = LINE('',#6491,#6492);
#6491 = CARTESIAN_POINT('',(-2.800000071525,0.489022650171));
#6492 = VECTOR('',#6493,1.);
#6493 = DIRECTION('',(-1.479114197289E-31,-1.));
#6494 = ( GEOMETRIC_REPRESENTATION_CONTEXT(2) 
PARAMETRIC_REPRESENTATION_CONTEXT() REPRESENTATION_CONTEXT('2D SPACE',''
  ) );
#6495 = PCURVE('',#6324,#6496);
#6496 = DEFINITIONAL_REPRESENTATION('',(#6497),#6501);
#6497 = LINE('',#6498,#6499);
#6498 = CARTESIAN_POINT('',(4.246981561184,2.11474609375));
#6499 = VECTOR('',#6500,1.);
#6500 = DIRECTION('',(0.739008757678,-0.673695818656));
#6501 = ( GEOMETRIC_REPRESENTATION_CONTEXT(2) 
PARAMETRIC_REPRESENTATION_CONTEXT() REPRESENTATION_CONTEXT('2D SPACE',''
  ) );
#6502 = ORIENTED_EDGE('',*,*,#6410,.F.);
#6503 = ADVANCED_FACE('',(#6504),#3930,.T.);
#6504 = FACE_BOUND('',#6505,.T.);
#6505 = EDGE_LOOP('',(#6506,#6507,#6530,#6551));
#6506 = ORIENTED_EDGE('',*,*,#3914,.T.);
#6507 = ORIENTED_EDGE('',*,*,#6508,.T.);
#6508 = EDGE_CURVE('',#3887,#6509,#6511,.T.);
#6509 = VERTEX_POINT('',#6510);
#6510 = CARTESIAN_POINT('',(32.77018065046,-10.56879607774,
    0.404675602913));
#6511 = SURFACE_CURVE('',#6512,(#6516,#6523),.PCURVE_S1.);
#6512 = LINE('',#6513,#6514);
#6513 = CARTESIAN_POINT('',(32.77018065046,-10.56879607774,
    3.204675674438));
#6514 = VECTOR('',#6515,1.);
#6515 = DIRECTION('',(1.224646799147E-16,1.499759782662E-32,-1.));
#6516 = PCURVE('',#3930,#6517);
#6517 = DEFINITIONAL_REPRESENTATION('',(#6518),#6522);
#6518 = LINE('',#6519,#6520);
#6519 = CARTESIAN_POINT('',(-3.152714305392E-17,0.489022868889));
#6520 = VECTOR('',#6521,1.);
#6521 = DIRECTION('',(-1.,-1.232595164408E-32));
#6522 = ( GEOMETRIC_REPRESENTATION_CONTEXT(2) 
PARAMETRIC_REPRESENTATION_CONTEXT() REPRESENTATION_CONTEXT('2D SPACE',''
  ) );
#6523 = PCURVE('',#3902,#6524);
#6524 = DEFINITIONAL_REPRESENTATION('',(#6525),#6529);
#6525 = LINE('',#6526,#6527);
#6526 = CARTESIAN_POINT('',(0.,0.));
#6527 = VECTOR('',#6528,1.);
#6528 = DIRECTION('',(1.,0.));
#6529 = ( GEOMETRIC_REPRESENTATION_CONTEXT(2) 
PARAMETRIC_REPRESENTATION_CONTEXT() REPRESENTATION_CONTEXT('2D SPACE',''
  ) );
#6530 = ORIENTED_EDGE('',*,*,#6531,.T.);
#6531 = EDGE_CURVE('',#6509,#6460,#6532,.T.);
#6532 = SURFACE_CURVE('',#6533,(#6537,#6544),.PCURVE_S1.);
#6533 = LINE('',#6534,#6535);
#6534 = CARTESIAN_POINT('',(32.77018065046,-10.56879607774,
    0.404675602913));
#6535 = VECTOR('',#6536,1.);
#6536 = DIRECTION('',(-0.526434807135,0.850215498469,-6.446967015173E-17
    ));
#6537 = PCURVE('',#3930,#6538);
#6538 = DEFINITIONAL_REPRESENTATION('',(#6539),#6543);
#6539 = LINE('',#6540,#6541);
#6540 = CARTESIAN_POINT('',(-2.800000071525,0.489022868889));
#6541 = VECTOR('',#6542,1.);
#6542 = DIRECTION('',(-1.232595164408E-31,-1.));
#6543 = ( GEOMETRIC_REPRESENTATION_CONTEXT(2) 
PARAMETRIC_REPRESENTATION_CONTEXT() REPRESENTATION_CONTEXT('2D SPACE',''
  ) );
#6544 = PCURVE('',#6324,#6545);
#6545 = DEFINITIONAL_REPRESENTATION('',(#6546),#6550);
#6546 = LINE('',#6547,#6548);
#6547 = CARTESIAN_POINT('',(3.831206738949,2.372184753418));
#6548 = VECTOR('',#6549,1.);
#6549 = DIRECTION('',(0.850215498469,-0.526434807135));
#6550 = ( GEOMETRIC_REPRESENTATION_CONTEXT(2) 
PARAMETRIC_REPRESENTATION_CONTEXT() REPRESENTATION_CONTEXT('2D SPACE',''
  ) );
#6551 = ORIENTED_EDGE('',*,*,#6459,.F.);
#6552 = ADVANCED_FACE('',(#6553),#3902,.T.);
#6553 = FACE_BOUND('',#6554,.T.);
#6554 = EDGE_LOOP('',(#6555,#6556,#6579,#6600));
#6555 = ORIENTED_EDGE('',*,*,#3886,.T.);
#6556 = ORIENTED_EDGE('',*,*,#6557,.T.);
#6557 = EDGE_CURVE('',#3859,#6558,#6560,.T.);
#6558 = VERTEX_POINT('',#6559);
#6559 = CARTESIAN_POINT('',(32.946831651437,-11.02479592897,
    0.404675602913));
#6560 = SURFACE_CURVE('',#6561,(#6565,#6572),.PCURVE_S1.);
#6561 = LINE('',#6562,#6563);
#6562 = CARTESIAN_POINT('',(32.946831651437,-11.02479592897,
    3.204675674438));
#6563 = VECTOR('',#6564,1.);
#6564 = DIRECTION('',(1.224646799147E-16,1.499759782662E-32,-1.));
#6565 = PCURVE('',#3902,#6566);
#6566 = DEFINITIONAL_REPRESENTATION('',(#6567),#6571);
#6567 = LINE('',#6568,#6569);
#6568 = CARTESIAN_POINT('',(2.163350829121E-17,-0.489020899824));
#6569 = VECTOR('',#6570,1.);
#6570 = DIRECTION('',(1.,0.));
#6571 = ( GEOMETRIC_REPRESENTATION_CONTEXT(2) 
PARAMETRIC_REPRESENTATION_CONTEXT() REPRESENTATION_CONTEXT('2D SPACE',''
  ) );
#6572 = PCURVE('',#3874,#6573);
#6573 = DEFINITIONAL_REPRESENTATION('',(#6574),#6578);
#6574 = LINE('',#6575,#6576);
#6575 = CARTESIAN_POINT('',(0.,0.));
#6576 = VECTOR('',#6577,1.);
#6577 = DIRECTION('',(1.,3.08148791102E-33));
#6578 = ( GEOMETRIC_REPRESENTATION_CONTEXT(2) 
PARAMETRIC_REPRESENTATION_CONTEXT() REPRESENTATION_CONTEXT('2D SPACE',''
  ) );
#6579 = ORIENTED_EDGE('',*,*,#6580,.T.);
#6580 = EDGE_CURVE('',#6558,#6509,#6581,.T.);
#6581 = SURFACE_CURVE('',#6582,(#6586,#6593),.PCURVE_S1.);
#6582 = LINE('',#6583,#6584);
#6583 = CARTESIAN_POINT('',(32.946831651437,-11.02479592897,
    0.404675602913));
#6584 = VECTOR('',#6585,1.);
#6585 = DIRECTION('',(-0.361234051633,0.932475179263,-4.42384125075E-17)
  );
#6586 = PCURVE('',#3902,#6587);
#6587 = DEFINITIONAL_REPRESENTATION('',(#6588),#6592);
#6588 = LINE('',#6589,#6590);
#6589 = CARTESIAN_POINT('',(2.800000071525,-0.489020899824));
#6590 = VECTOR('',#6591,1.);
#6591 = DIRECTION('',(1.047705889747E-31,1.));
#6592 = ( GEOMETRIC_REPRESENTATION_CONTEXT(2) 
PARAMETRIC_REPRESENTATION_CONTEXT() REPRESENTATION_CONTEXT('2D SPACE',''
  ) );
#6593 = PCURVE('',#6324,#6594);
#6594 = DEFINITIONAL_REPRESENTATION('',(#6595),#6599);
#6595 = LINE('',#6596,#6597);
#6596 = CARTESIAN_POINT('',(3.375206887722,2.548835754395));
#6597 = VECTOR('',#6598,1.);
#6598 = DIRECTION('',(0.932475179263,-0.361234051633));
#6599 = ( GEOMETRIC_REPRESENTATION_CONTEXT(2) 
PARAMETRIC_REPRESENTATION_CONTEXT() REPRESENTATION_CONTEXT('2D SPACE',''
  ) );
#6600 = ORIENTED_EDGE('',*,*,#6508,.F.);
#6601 = ADVANCED_FACE('',(#6602),#3874,.T.);
#6602 = FACE_BOUND('',#6603,.T.);
#6603 = EDGE_LOOP('',(#6604,#6605,#6628,#6649));
#6604 = ORIENTED_EDGE('',*,*,#3858,.T.);
#6605 = ORIENTED_EDGE('',*,*,#6606,.T.);
#6606 = EDGE_CURVE('',#3831,#6607,#6609,.T.);
#6607 = VERTEX_POINT('',#6608);
#6608 = CARTESIAN_POINT('',(33.036690660226,-11.50549165346,
    0.404675602913));
#6609 = SURFACE_CURVE('',#6610,(#6614,#6621),.PCURVE_S1.);
#6610 = LINE('',#6611,#6612);
#6611 = CARTESIAN_POINT('',(33.036690660226,-11.50549165346,
    3.204675674438));
#6612 = VECTOR('',#6613,1.);
#6613 = DIRECTION('',(1.224646799147E-16,1.499759782662E-32,-1.));
#6614 = PCURVE('',#3874,#6615);
#6615 = DEFINITIONAL_REPRESENTATION('',(#6616),#6620);
#6616 = LINE('',#6617,#6618);
#6617 = CARTESIAN_POINT('',(1.100455474881E-17,-0.489022515842));
#6618 = VECTOR('',#6619,1.);
#6619 = DIRECTION('',(1.,3.08148791102E-33));
#6620 = ( GEOMETRIC_REPRESENTATION_CONTEXT(2) 
PARAMETRIC_REPRESENTATION_CONTEXT() REPRESENTATION_CONTEXT('2D SPACE',''
  ) );
#6621 = PCURVE('',#3846,#6622);
#6622 = DEFINITIONAL_REPRESENTATION('',(#6623),#6627);
#6623 = LINE('',#6624,#6625);
#6624 = CARTESIAN_POINT('',(0.,0.));
#6625 = VECTOR('',#6626,1.);
#6626 = DIRECTION('',(1.,0.));
#6627 = ( GEOMETRIC_REPRESENTATION_CONTEXT(2) 
PARAMETRIC_REPRESENTATION_CONTEXT() REPRESENTATION_CONTEXT('2D SPACE',''
  ) );
#6628 = ORIENTED_EDGE('',*,*,#6629,.T.);
#6629 = EDGE_CURVE('',#6607,#6558,#6630,.T.);
#6630 = SURFACE_CURVE('',#6631,(#6635,#6642),.PCURVE_S1.);
#6631 = LINE('',#6632,#6633);
#6632 = CARTESIAN_POINT('',(33.036690660226,-11.50549165346,
    0.404675602913));
#6633 = VECTOR('',#6634,1.);
#6634 = DIRECTION('',(-0.183752293357,0.982972580841,-2.250316578951E-17
    ));
#6635 = PCURVE('',#3874,#6636);
#6636 = DEFINITIONAL_REPRESENTATION('',(#6637),#6641);
#6637 = LINE('',#6638,#6639);
#6638 = CARTESIAN_POINT('',(2.800000071525,-0.489022515842));
#6639 = VECTOR('',#6640,1.);
#6640 = DIRECTION('',(1.232595164408E-31,1.));
#6641 = ( GEOMETRIC_REPRESENTATION_CONTEXT(2) 
PARAMETRIC_REPRESENTATION_CONTEXT() REPRESENTATION_CONTEXT('2D SPACE',''
  ) );
#6642 = PCURVE('',#6324,#6643);
#6643 = DEFINITIONAL_REPRESENTATION('',(#6644),#6648);
#6644 = LINE('',#6645,#6646);
#6645 = CARTESIAN_POINT('',(2.894511163235,2.638694763183));
#6646 = VECTOR('',#6647,1.);
#6647 = DIRECTION('',(0.982972580841,-0.183752293357));
#6648 = ( GEOMETRIC_REPRESENTATION_CONTEXT(2) 
PARAMETRIC_REPRESENTATION_CONTEXT() REPRESENTATION_CONTEXT('2D SPACE',''
  ) );
#6649 = ORIENTED_EDGE('',*,*,#6557,.F.);
#6650 = ADVANCED_FACE('',(#6651),#3846,.T.);
#6651 = FACE_BOUND('',#6652,.T.);
#6652 = EDGE_LOOP('',(#6653,#6654,#6677,#6698));
#6653 = ORIENTED_EDGE('',*,*,#3830,.T.);
#6654 = ORIENTED_EDGE('',*,*,#6655,.T.);
#6655 = EDGE_CURVE('',#3803,#6656,#6658,.T.);
#6656 = VERTEX_POINT('',#6657);
#6657 = CARTESIAN_POINT('',(33.036690660226,-11.9945139084,
    0.404675602913));
#6658 = SURFACE_CURVE('',#6659,(#6663,#6670),.PCURVE_S1.);
#6659 = LINE('',#6660,#6661);
#6660 = CARTESIAN_POINT('',(33.036690660226,-11.9945139084,
    3.204675674438));
#6661 = VECTOR('',#6662,1.);
#6662 = DIRECTION('',(1.224646799147E-16,1.499759782662E-32,-1.));
#6663 = PCURVE('',#3846,#6664);
#6664 = DEFINITIONAL_REPRESENTATION('',(#6665),#6669);
#6665 = LINE('',#6666,#6667);
#6666 = CARTESIAN_POINT('',(-7.334159107914E-33,-0.489022254944));
#6667 = VECTOR('',#6668,1.);
#6668 = DIRECTION('',(1.,0.));
#6669 = ( GEOMETRIC_REPRESENTATION_CONTEXT(2) 
PARAMETRIC_REPRESENTATION_CONTEXT() REPRESENTATION_CONTEXT('2D SPACE',''
  ) );
#6670 = PCURVE('',#3818,#6671);
#6671 = DEFINITIONAL_REPRESENTATION('',(#6672),#6676);
#6672 = LINE('',#6673,#6674);
#6673 = CARTESIAN_POINT('',(0.,0.));
#6674 = VECTOR('',#6675,1.);
#6675 = DIRECTION('',(1.,-6.162975822039E-33));
#6676 = ( GEOMETRIC_REPRESENTATION_CONTEXT(2) 
PARAMETRIC_REPRESENTATION_CONTEXT() REPRESENTATION_CONTEXT('2D SPACE',''
  ) );
#6677 = ORIENTED_EDGE('',*,*,#6678,.T.);
#6678 = EDGE_CURVE('',#6656,#6607,#6679,.T.);
#6679 = SURFACE_CURVE('',#6680,(#6684,#6691),.PCURVE_S1.);
#6680 = LINE('',#6681,#6682);
#6681 = CARTESIAN_POINT('',(33.036690660226,-11.9945139084,
    0.404675602913));
#6682 = VECTOR('',#6683,1.);
#6683 = DIRECTION('',(9.95799250103E-17,1.,1.54074395551E-32));
#6684 = PCURVE('',#3846,#6685);
#6685 = DEFINITIONAL_REPRESENTATION('',(#6686),#6690);
#6686 = LINE('',#6687,#6688);
#6687 = CARTESIAN_POINT('',(2.800000071525,-0.489022254944));
#6688 = VECTOR('',#6689,1.);
#6689 = DIRECTION('',(1.178518191384E-32,1.));
#6690 = ( GEOMETRIC_REPRESENTATION_CONTEXT(2) 
PARAMETRIC_REPRESENTATION_CONTEXT() REPRESENTATION_CONTEXT('2D SPACE',''
  ) );
#6691 = PCURVE('',#6324,#6692);
#6692 = DEFINITIONAL_REPRESENTATION('',(#6693),#6697);
#6693 = LINE('',#6694,#6695);
#6694 = CARTESIAN_POINT('',(2.405488908291,2.638694763183));
#6695 = VECTOR('',#6696,1.);
#6696 = DIRECTION('',(1.,3.330135684236E-48));
#6697 = ( GEOMETRIC_REPRESENTATION_CONTEXT(2) 
PARAMETRIC_REPRESENTATION_CONTEXT() REPRESENTATION_CONTEXT('2D SPACE',''
  ) );
#6698 = ORIENTED_EDGE('',*,*,#6606,.F.);
#6699 = ADVANCED_FACE('',(#6700),#3818,.T.);
#6700 = FACE_BOUND('',#6701,.T.);
#6701 = EDGE_LOOP('',(#6702,#6703,#6726,#6747));
#6702 = ORIENTED_EDGE('',*,*,#3802,.T.);
#6703 = ORIENTED_EDGE('',*,*,#6704,.T.);
#6704 = EDGE_CURVE('',#3775,#6705,#6707,.T.);
#6705 = VERTEX_POINT('',#6706);
#6706 = CARTESIAN_POINT('',(32.946831651437,-12.47520987131,
    0.404675602913));
#6707 = SURFACE_CURVE('',#6708,(#6712,#6719),.PCURVE_S1.);
#6708 = LINE('',#6709,#6710);
#6709 = CARTESIAN_POINT('',(32.946831651437,-12.47520987131,
    3.204675674438));
#6710 = VECTOR('',#6711,1.);
#6711 = DIRECTION('',(1.224646799147E-16,1.499759782662E-32,-1.));
#6712 = PCURVE('',#3818,#6713);
#6713 = DEFINITIONAL_REPRESENTATION('',(#6714),#6718);
#6714 = LINE('',#6715,#6716);
#6715 = CARTESIAN_POINT('',(-1.100455474881E-17,-0.489022750201));
#6716 = VECTOR('',#6717,1.);
#6717 = DIRECTION('',(1.,-6.162975822039E-33));
#6718 = ( GEOMETRIC_REPRESENTATION_CONTEXT(2) 
PARAMETRIC_REPRESENTATION_CONTEXT() REPRESENTATION_CONTEXT('2D SPACE',''
  ) );
#6719 = PCURVE('',#3790,#6720);
#6720 = DEFINITIONAL_REPRESENTATION('',(#6721),#6725);
#6721 = LINE('',#6722,#6723);
#6722 = CARTESIAN_POINT('',(0.,0.));
#6723 = VECTOR('',#6724,1.);
#6724 = DIRECTION('',(1.,-6.162975822039E-33));
#6725 = ( GEOMETRIC_REPRESENTATION_CONTEXT(2) 
PARAMETRIC_REPRESENTATION_CONTEXT() REPRESENTATION_CONTEXT('2D SPACE',''
  ) );
#6726 = ORIENTED_EDGE('',*,*,#6727,.T.);
#6727 = EDGE_CURVE('',#6705,#6656,#6728,.T.);
#6728 = SURFACE_CURVE('',#6729,(#6733,#6740),.PCURVE_S1.);
#6729 = LINE('',#6730,#6731);
#6730 = CARTESIAN_POINT('',(32.946831651437,-12.47520987131,
    0.404675602913));
#6731 = VECTOR('',#6732,1.);
#6732 = DIRECTION('',(0.183752205295,0.982972597303,2.250315500511E-17)
  );
#6733 = PCURVE('',#3818,#6734);
#6734 = DEFINITIONAL_REPRESENTATION('',(#6735),#6739);
#6735 = LINE('',#6736,#6737);
#6736 = CARTESIAN_POINT('',(2.800000071525,-0.489022750201));
#6737 = VECTOR('',#6738,1.);
#6738 = DIRECTION('',(-2.157041537714E-32,1.));
#6739 = ( GEOMETRIC_REPRESENTATION_CONTEXT(2) 
PARAMETRIC_REPRESENTATION_CONTEXT() REPRESENTATION_CONTEXT('2D SPACE',''
  ) );
#6740 = PCURVE('',#6324,#6741);
#6741 = DEFINITIONAL_REPRESENTATION('',(#6742),#6746);
#6742 = LINE('',#6743,#6744);
#6743 = CARTESIAN_POINT('',(1.924792945385,2.548835754395));
#6744 = VECTOR('',#6745,1.);
#6745 = DIRECTION('',(0.982972597303,0.183752205295));
#6746 = ( GEOMETRIC_REPRESENTATION_CONTEXT(2) 
PARAMETRIC_REPRESENTATION_CONTEXT() REPRESENTATION_CONTEXT('2D SPACE',''
  ) );
#6747 = ORIENTED_EDGE('',*,*,#6655,.F.);
#6748 = ADVANCED_FACE('',(#6749),#3790,.T.);
#6749 = FACE_BOUND('',#6750,.T.);
#6750 = EDGE_LOOP('',(#6751,#6752,#6775,#6796));
#6751 = ORIENTED_EDGE('',*,*,#3774,.T.);
#6752 = ORIENTED_EDGE('',*,*,#6753,.T.);
#6753 = EDGE_CURVE('',#3747,#6754,#6756,.T.);
#6754 = VERTEX_POINT('',#6755);
#6755 = CARTESIAN_POINT('',(32.77018065046,-12.93120948412,
    0.404675602913));
#6756 = SURFACE_CURVE('',#6757,(#6761,#6768),.PCURVE_S1.);
#6757 = LINE('',#6758,#6759);
#6758 = CARTESIAN_POINT('',(32.77018065046,-12.93120948412,
    3.204675674438));
#6759 = VECTOR('',#6760,1.);
#6760 = DIRECTION('',(1.224646799147E-16,1.499759782662E-32,-1.));
#6761 = PCURVE('',#3790,#6762);
#6762 = DEFINITIONAL_REPRESENTATION('',(#6763),#6767);
#6763 = LINE('',#6764,#6765);
#6764 = CARTESIAN_POINT('',(-2.163350829121E-17,-0.489020677505));
#6765 = VECTOR('',#6766,1.);
#6766 = DIRECTION('',(1.,-6.162975822039E-33));
#6767 = ( GEOMETRIC_REPRESENTATION_CONTEXT(2) 
PARAMETRIC_REPRESENTATION_CONTEXT() REPRESENTATION_CONTEXT('2D SPACE',''
  ) );
#6768 = PCURVE('',#3762,#6769);
#6769 = DEFINITIONAL_REPRESENTATION('',(#6770),#6774);
#6770 = LINE('',#6771,#6772);
#6771 = CARTESIAN_POINT('',(0.,0.));
#6772 = VECTOR('',#6773,1.);
#6773 = DIRECTION('',(1.,0.));
#6774 = ( GEOMETRIC_REPRESENTATION_CONTEXT(2) 
PARAMETRIC_REPRESENTATION_CONTEXT() REPRESENTATION_CONTEXT('2D SPACE',''
  ) );
#6775 = ORIENTED_EDGE('',*,*,#6776,.T.);
#6776 = EDGE_CURVE('',#6754,#6705,#6777,.T.);
#6777 = SURFACE_CURVE('',#6778,(#6782,#6789),.PCURVE_S1.);
#6778 = LINE('',#6779,#6780);
#6779 = CARTESIAN_POINT('',(32.77018065046,-12.93120948412,
    0.404675602913));
#6780 = VECTOR('',#6781,1.);
#6781 = DIRECTION('',(0.361234215858,0.932475115643,4.423843261924E-17)
  );
#6782 = PCURVE('',#3790,#6783);
#6783 = DEFINITIONAL_REPRESENTATION('',(#6784),#6788);
#6784 = LINE('',#6785,#6786);
#6785 = CARTESIAN_POINT('',(2.800000071525,-0.489020677505));
#6786 = VECTOR('',#6787,1.);
#6787 = DIRECTION('',(-1.294224922628E-31,1.));
#6788 = ( GEOMETRIC_REPRESENTATION_CONTEXT(2) 
PARAMETRIC_REPRESENTATION_CONTEXT() REPRESENTATION_CONTEXT('2D SPACE',''
  ) );
#6789 = PCURVE('',#6324,#6790);
#6790 = DEFINITIONAL_REPRESENTATION('',(#6791),#6795);
#6791 = LINE('',#6792,#6793);
#6792 = CARTESIAN_POINT('',(1.468793332577,2.372184753418));
#6793 = VECTOR('',#6794,1.);
#6794 = DIRECTION('',(0.932475115643,0.361234215858));
#6795 = ( GEOMETRIC_REPRESENTATION_CONTEXT(2) 
PARAMETRIC_REPRESENTATION_CONTEXT() REPRESENTATION_CONTEXT('2D SPACE',''
  ) );
#6796 = ORIENTED_EDGE('',*,*,#6704,.F.);
#6797 = ADVANCED_FACE('',(#6798),#3762,.T.);
#6798 = FACE_BOUND('',#6799,.T.);
#6799 = EDGE_LOOP('',(#6800,#6801,#6824,#6845));
#6800 = ORIENTED_EDGE('',*,*,#3746,.T.);
#6801 = ORIENTED_EDGE('',*,*,#6802,.T.);
#6802 = EDGE_CURVE('',#3719,#6803,#6805,.T.);
#6803 = VERTEX_POINT('',#6804);
#6804 = CARTESIAN_POINT('',(32.512741990792,-13.34698466398,
    0.404675602913));
#6805 = SURFACE_CURVE('',#6806,(#6810,#6817),.PCURVE_S1.);
#6806 = LINE('',#6807,#6808);
#6807 = CARTESIAN_POINT('',(32.512741990792,-13.34698466398,
    3.204675674438));
#6808 = VECTOR('',#6809,1.);
#6809 = DIRECTION('',(1.224646799147E-16,1.499759782662E-32,-1.));
#6810 = PCURVE('',#3762,#6811);
#6811 = DEFINITIONAL_REPRESENTATION('',(#6812),#6816);
#6812 = LINE('',#6813,#6814);
#6813 = CARTESIAN_POINT('',(-3.152714305392E-17,-0.48902317295));
#6814 = VECTOR('',#6815,1.);
#6815 = DIRECTION('',(1.,0.));
#6816 = ( GEOMETRIC_REPRESENTATION_CONTEXT(2) 
PARAMETRIC_REPRESENTATION_CONTEXT() REPRESENTATION_CONTEXT('2D SPACE',''
  ) );
#6817 = PCURVE('',#3734,#6818);
#6818 = DEFINITIONAL_REPRESENTATION('',(#6819),#6823);
#6819 = LINE('',#6820,#6821);
#6820 = CARTESIAN_POINT('',(0.,0.));
#6821 = VECTOR('',#6822,1.);
#6822 = DIRECTION('',(1.,0.));
#6823 = ( GEOMETRIC_REPRESENTATION_CONTEXT(2) 
PARAMETRIC_REPRESENTATION_CONTEXT() REPRESENTATION_CONTEXT('2D SPACE',''
  ) );
#6824 = ORIENTED_EDGE('',*,*,#6825,.T.);
#6825 = EDGE_CURVE('',#6803,#6754,#6826,.T.);
#6826 = SURFACE_CURVE('',#6827,(#6831,#6838),.PCURVE_S1.);
#6827 = LINE('',#6828,#6829);
#6828 = CARTESIAN_POINT('',(32.512741990792,-13.34698466398,
    0.404675602913));
#6829 = VECTOR('',#6830,1.);
#6830 = DIRECTION('',(0.526434479812,0.85021570114,6.446963006631E-17));
#6831 = PCURVE('',#3762,#6832);
#6832 = DEFINITIONAL_REPRESENTATION('',(#6833),#6837);
#6833 = LINE('',#6834,#6835);
#6834 = CARTESIAN_POINT('',(2.800000071525,-0.48902317295));
#6835 = VECTOR('',#6836,1.);
#6836 = DIRECTION('',(-1.972152263053E-31,1.));
#6837 = ( GEOMETRIC_REPRESENTATION_CONTEXT(2) 
PARAMETRIC_REPRESENTATION_CONTEXT() REPRESENTATION_CONTEXT('2D SPACE',''
  ) );
#6838 = PCURVE('',#6324,#6839);
#6839 = DEFINITIONAL_REPRESENTATION('',(#6840),#6844);
#6840 = LINE('',#6841,#6842);
#6841 = CARTESIAN_POINT('',(1.053018152714,2.11474609375));
#6842 = VECTOR('',#6843,1.);
#6843 = DIRECTION('',(0.85021570114,0.526434479812));
#6844 = ( GEOMETRIC_REPRESENTATION_CONTEXT(2) 
PARAMETRIC_REPRESENTATION_CONTEXT() REPRESENTATION_CONTEXT('2D SPACE',''
  ) );
#6845 = ORIENTED_EDGE('',*,*,#6753,.F.);
#6846 = ADVANCED_FACE('',(#6847),#3734,.T.);
#6847 = FACE_BOUND('',#6848,.T.);
#6848 = EDGE_LOOP('',(#6849,#6850,#6873,#6894));
#6849 = ORIENTED_EDGE('',*,*,#3718,.T.);
#6850 = ORIENTED_EDGE('',*,*,#6851,.T.);
#6851 = EDGE_CURVE('',#3691,#6852,#6854,.T.);
#6852 = VERTEX_POINT('',#6853);
#6853 = CARTESIAN_POINT('',(32.183289476144,-13.70837644674,
    0.404675602913));
#6854 = SURFACE_CURVE('',#6855,(#6859,#6866),.PCURVE_S1.);
#6855 = LINE('',#6856,#6857);
#6856 = CARTESIAN_POINT('',(32.183289476144,-13.70837644674,
    3.204675674438));
#6857 = VECTOR('',#6858,1.);
#6858 = DIRECTION('',(1.224646799147E-16,1.499759782662E-32,-1.));
#6859 = PCURVE('',#3734,#6860);
#6860 = DEFINITIONAL_REPRESENTATION('',(#6861),#6865);
#6861 = LINE('',#6862,#6863);
#6862 = CARTESIAN_POINT('',(-4.034629675352E-17,-0.489022473977));
#6863 = VECTOR('',#6864,1.);
#6864 = DIRECTION('',(1.,0.));
#6865 = ( GEOMETRIC_REPRESENTATION_CONTEXT(2) 
PARAMETRIC_REPRESENTATION_CONTEXT() REPRESENTATION_CONTEXT('2D SPACE',''
  ) );
#6866 = PCURVE('',#3706,#6867);
#6867 = DEFINITIONAL_REPRESENTATION('',(#6868),#6872);
#6868 = LINE('',#6869,#6870);
#6869 = CARTESIAN_POINT('',(0.,0.));
#6870 = VECTOR('',#6871,1.);
#6871 = DIRECTION('',(1.,0.));
#6872 = ( GEOMETRIC_REPRESENTATION_CONTEXT(2) 
PARAMETRIC_REPRESENTATION_CONTEXT() REPRESENTATION_CONTEXT('2D SPACE',''
  ) );
#6873 = ORIENTED_EDGE('',*,*,#6874,.T.);
#6874 = EDGE_CURVE('',#6852,#6803,#6875,.T.);
#6875 = SURFACE_CURVE('',#6876,(#6880,#6887),.PCURVE_S1.);
#6876 = LINE('',#6877,#6878);
#6877 = CARTESIAN_POINT('',(32.183289476144,-13.70837644674,
    0.404675602913));
#6878 = VECTOR('',#6879,1.);
#6879 = DIRECTION('',(0.673696061387,0.7390085364,8.250397251759E-17));
#6880 = PCURVE('',#3734,#6881);
#6881 = DEFINITIONAL_REPRESENTATION('',(#6882),#6886);
#6882 = LINE('',#6883,#6884);
#6883 = CARTESIAN_POINT('',(2.800000071525,-0.489022473977));
#6884 = VECTOR('',#6885,1.);
#6885 = DIRECTION('',(-2.341930812375E-31,1.));
#6886 = ( GEOMETRIC_REPRESENTATION_CONTEXT(2) 
PARAMETRIC_REPRESENTATION_CONTEXT() REPRESENTATION_CONTEXT('2D SPACE',''
  ) );
#6887 = PCURVE('',#6324,#6888);
#6888 = DEFINITIONAL_REPRESENTATION('',(#6889),#6893);
#6889 = LINE('',#6890,#6891);
#6890 = CARTESIAN_POINT('',(0.691626369953,1.785293579102));
#6891 = VECTOR('',#6892,1.);
#6892 = DIRECTION('',(0.7390085364,0.673696061387));
#6893 = ( GEOMETRIC_REPRESENTATION_CONTEXT(2) 
PARAMETRIC_REPRESENTATION_CONTEXT() REPRESENTATION_CONTEXT('2D SPACE',''
  ) );
#6894 = ORIENTED_EDGE('',*,*,#6802,.F.);
#6895 = ADVANCED_FACE('',(#6896),#3706,.T.);
#6896 = FACE_BOUND('',#6897,.T.);
#6897 = EDGE_LOOP('',(#6898,#6899,#6922,#6943));
#6898 = ORIENTED_EDGE('',*,*,#3690,.T.);
#6899 = ORIENTED_EDGE('',*,*,#6900,.T.);
#6900 = EDGE_CURVE('',#3663,#6901,#6903,.T.);
#6901 = VERTEX_POINT('',#6902);
#6902 = CARTESIAN_POINT('',(31.793042131173,-14.00307826139,
    0.404675602913));
#6903 = SURFACE_CURVE('',#6904,(#6908,#6915),.PCURVE_S1.);
#6904 = LINE('',#6905,#6906);
#6905 = CARTESIAN_POINT('',(31.793042131173,-14.00307826139,
    3.204675674438));
#6906 = VECTOR('',#6907,1.);
#6907 = DIRECTION('',(1.224646799147E-16,1.499759782662E-32,-1.));
#6908 = PCURVE('',#3706,#6909);
#6909 = DEFINITIONAL_REPRESENTATION('',(#6910),#6914);
#6910 = LINE('',#6911,#6912);
#6911 = CARTESIAN_POINT('',(-4.779151618941E-17,-0.4890216251));
#6912 = VECTOR('',#6913,1.);
#6913 = DIRECTION('',(1.,0.));
#6914 = ( GEOMETRIC_REPRESENTATION_CONTEXT(2) 
PARAMETRIC_REPRESENTATION_CONTEXT() REPRESENTATION_CONTEXT('2D SPACE',''
  ) );
#6915 = PCURVE('',#3678,#6916);
#6916 = DEFINITIONAL_REPRESENTATION('',(#6917),#6921);
#6917 = LINE('',#6918,#6919);
#6918 = CARTESIAN_POINT('',(0.,0.));
#6919 = VECTOR('',#6920,1.);
#6920 = DIRECTION('',(1.,-1.232595164408E-32));
#6921 = ( GEOMETRIC_REPRESENTATION_CONTEXT(2) 
PARAMETRIC_REPRESENTATION_CONTEXT() REPRESENTATION_CONTEXT('2D SPACE',''
  ) );
#6922 = ORIENTED_EDGE('',*,*,#6923,.T.);
#6923 = EDGE_CURVE('',#6901,#6852,#6924,.T.);
#6924 = SURFACE_CURVE('',#6925,(#6929,#6936),.PCURVE_S1.);
#6925 = LINE('',#6926,#6927);
#6926 = CARTESIAN_POINT('',(31.793042131173,-14.00307826139,
    0.404675602913));
#6927 = VECTOR('',#6928,1.);
#6928 = DIRECTION('',(0.798016539434,0.602635547234,9.772884006843E-17)
  );
#6929 = PCURVE('',#3706,#6930);
#6930 = DEFINITIONAL_REPRESENTATION('',(#6931),#6935);
#6931 = LINE('',#6932,#6933);
#6932 = CARTESIAN_POINT('',(2.800000071525,-0.4890216251));
#6933 = VECTOR('',#6934,1.);
#6934 = DIRECTION('',(-2.588449845256E-31,1.));
#6935 = ( GEOMETRIC_REPRESENTATION_CONTEXT(2) 
PARAMETRIC_REPRESENTATION_CONTEXT() REPRESENTATION_CONTEXT('2D SPACE',''
  ) );
#6936 = PCURVE('',#6324,#6937);
#6937 = DEFINITIONAL_REPRESENTATION('',(#6938),#6942);
#6938 = LINE('',#6939,#6940);
#6939 = CARTESIAN_POINT('',(0.396924555302,1.395046234131));
#6940 = VECTOR('',#6941,1.);
#6941 = DIRECTION('',(0.602635547234,0.798016539434));
#6942 = ( GEOMETRIC_REPRESENTATION_CONTEXT(2) 
PARAMETRIC_REPRESENTATION_CONTEXT() REPRESENTATION_CONTEXT('2D SPACE',''
  ) );
#6943 = ORIENTED_EDGE('',*,*,#6851,.F.);
#6944 = ADVANCED_FACE('',(#6945),#3678,.T.);
#6945 = FACE_BOUND('',#6946,.T.);
#6946 = EDGE_LOOP('',(#6947,#6948,#6971,#6992));
#6947 = ORIENTED_EDGE('',*,*,#3662,.T.);
#6948 = ORIENTED_EDGE('',*,*,#6949,.T.);
#6949 = EDGE_CURVE('',#3635,#6950,#6952,.T.);
#6950 = VERTEX_POINT('',#6951);
#6951 = CARTESIAN_POINT('',(31.355286546456,-14.22105423547,
    0.404675602913));
#6952 = SURFACE_CURVE('',#6953,(#6957,#6964),.PCURVE_S1.);
#6953 = LINE('',#6954,#6955);
#6954 = CARTESIAN_POINT('',(31.355286546456,-14.22105423547,
    3.204675674438));
#6955 = VECTOR('',#6956,1.);
#6956 = DIRECTION('',(1.224646799147E-16,1.499759782662E-32,-1.));
#6957 = PCURVE('',#3678,#6958);
#6958 = DEFINITIONAL_REPRESENTATION('',(#6959),#6963);
#6959 = LINE('',#6960,#6961);
#6960 = CARTESIAN_POINT('',(-5.360959756323E-17,-0.489022982311));
#6961 = VECTOR('',#6962,1.);
#6962 = DIRECTION('',(1.,-1.232595164408E-32));
#6963 = ( GEOMETRIC_REPRESENTATION_CONTEXT(2) 
PARAMETRIC_REPRESENTATION_CONTEXT() REPRESENTATION_CONTEXT('2D SPACE',''
  ) );
#6964 = PCURVE('',#3650,#6965);
#6965 = DEFINITIONAL_REPRESENTATION('',(#6966),#6970);
#6966 = LINE('',#6967,#6968);
#6967 = CARTESIAN_POINT('',(0.,0.));
#6968 = VECTOR('',#6969,1.);
#6969 = DIRECTION('',(1.,-2.465190328816E-32));
#6970 = ( GEOMETRIC_REPRESENTATION_CONTEXT(2) 
PARAMETRIC_REPRESENTATION_CONTEXT() REPRESENTATION_CONTEXT('2D SPACE',''
  ) );
#6971 = ORIENTED_EDGE('',*,*,#6972,.T.);
#6972 = EDGE_CURVE('',#6950,#6901,#6973,.T.);
#6973 = SURFACE_CURVE('',#6974,(#6978,#6985),.PCURVE_S1.);
#6974 = LINE('',#6975,#6976);
#6975 = CARTESIAN_POINT('',(31.355286546456,-14.22105423547,
    0.404675602913));
#6976 = VECTOR('',#6977,1.);
#6977 = DIRECTION('',(0.895163623289,0.445737689163,1.096259265974E-16)
  );
#6978 = PCURVE('',#3678,#6979);
#6979 = DEFINITIONAL_REPRESENTATION('',(#6980),#6984);
#6980 = LINE('',#6981,#6982);
#6981 = CARTESIAN_POINT('',(2.800000071525,-0.489022982311));
#6982 = VECTOR('',#6983,1.);
#6983 = DIRECTION('',(-2.218671295934E-31,1.));
#6984 = ( GEOMETRIC_REPRESENTATION_CONTEXT(2) 
PARAMETRIC_REPRESENTATION_CONTEXT() REPRESENTATION_CONTEXT('2D SPACE',''
  ) );
#6985 = PCURVE('',#6324,#6986);
#6986 = DEFINITIONAL_REPRESENTATION('',(#6987),#6991);
#6987 = LINE('',#6988,#6989);
#6988 = CARTESIAN_POINT('',(0.178948581219,0.957290649414));
#6989 = VECTOR('',#6990,1.);
#6990 = DIRECTION('',(0.445737689163,0.895163623289));
#6991 = ( GEOMETRIC_REPRESENTATION_CONTEXT(2) 
PARAMETRIC_REPRESENTATION_CONTEXT() REPRESENTATION_CONTEXT('2D SPACE',''
  ) );
#6992 = ORIENTED_EDGE('',*,*,#6900,.F.);
#6993 = ADVANCED_FACE('',(#6994),#3650,.T.);
#6994 = FACE_BOUND('',#6995,.T.);
#6995 = EDGE_LOOP('',(#6996,#6997,#7020,#7041));
#6996 = ORIENTED_EDGE('',*,*,#3634,.T.);
#6997 = ORIENTED_EDGE('',*,*,#6998,.T.);
#6998 = EDGE_CURVE('',#3607,#6999,#7001,.T.);
#6999 = VERTEX_POINT('',#7000);
#7000 = CARTESIAN_POINT('',(30.884934373605,-14.35488156416,
    0.404675602913));
#7001 = SURFACE_CURVE('',#7002,(#7006,#7013),.PCURVE_S1.);
#7002 = LINE('',#7003,#7004);
#7003 = CARTESIAN_POINT('',(30.884934373605,-14.35488156416,
    3.204675674438));
#7004 = VECTOR('',#7005,1.);
#7005 = DIRECTION('',(1.224646799147E-16,1.499759782662E-32,-1.));
#7006 = PCURVE('',#3650,#7007);
#7007 = DEFINITIONAL_REPRESENTATION('',(#7008),#7012);
#7008 = LINE('',#7009,#7010);
#7009 = CARTESIAN_POINT('',(-5.760152829547E-17,-0.489020368092));
#7010 = VECTOR('',#7011,1.);
#7011 = DIRECTION('',(1.,-2.465190328816E-32));
#7012 = ( GEOMETRIC_REPRESENTATION_CONTEXT(2) 
PARAMETRIC_REPRESENTATION_CONTEXT() REPRESENTATION_CONTEXT('2D SPACE',''
  ) );
#7013 = PCURVE('',#3622,#7014);
#7014 = DEFINITIONAL_REPRESENTATION('',(#7015),#7019);
#7015 = LINE('',#7016,#7017);
#7016 = CARTESIAN_POINT('',(0.,0.));
#7017 = VECTOR('',#7018,1.);
#7018 = DIRECTION('',(1.,0.));
#7019 = ( GEOMETRIC_REPRESENTATION_CONTEXT(2) 
PARAMETRIC_REPRESENTATION_CONTEXT() REPRESENTATION_CONTEXT('2D SPACE',''
  ) );
#7020 = ORIENTED_EDGE('',*,*,#7021,.T.);
#7021 = EDGE_CURVE('',#6999,#6950,#7022,.T.);
#7022 = SURFACE_CURVE('',#7023,(#7027,#7034),.PCURVE_S1.);
#7023 = LINE('',#7024,#7025);
#7024 = CARTESIAN_POINT('',(30.884934373605,-14.35488156416,
    0.404675602913));
#7025 = VECTOR('',#7026,1.);
#7026 = DIRECTION('',(0.961825321688,0.273664119972,1.177896301544E-16)
  );
#7027 = PCURVE('',#3650,#7028);
#7028 = DEFINITIONAL_REPRESENTATION('',(#7029),#7033);
#7029 = LINE('',#7030,#7031);
#7030 = CARTESIAN_POINT('',(2.800000071525,-0.489020368092));
#7031 = VECTOR('',#7032,1.);
#7032 = DIRECTION('',(-5.916456789158E-31,1.));
#7033 = ( GEOMETRIC_REPRESENTATION_CONTEXT(2) 
PARAMETRIC_REPRESENTATION_CONTEXT() REPRESENTATION_CONTEXT('2D SPACE',''
  ) );
#7034 = PCURVE('',#6324,#7035);
#7035 = DEFINITIONAL_REPRESENTATION('',(#7036),#7040);
#7036 = LINE('',#7037,#7038);
#7037 = CARTESIAN_POINT('',(4.512125253677E-02,0.486938476562));
#7038 = VECTOR('',#7039,1.);
#7039 = DIRECTION('',(0.273664119972,0.961825321688));
#7040 = ( GEOMETRIC_REPRESENTATION_CONTEXT(2) 
PARAMETRIC_REPRESENTATION_CONTEXT() REPRESENTATION_CONTEXT('2D SPACE',''
  ) );
#7041 = ORIENTED_EDGE('',*,*,#6949,.F.);
#7042 = ADVANCED_FACE('',(#7043),#3622,.T.);
#7043 = FACE_BOUND('',#7044,.T.);
#7044 = EDGE_LOOP('',(#7045,#7046,#7069,#7090));
#7045 = ORIENTED_EDGE('',*,*,#3606,.T.);
#7046 = ORIENTED_EDGE('',*,*,#7047,.T.);
#7047 = EDGE_CURVE('',#3577,#7048,#7050,.T.);
#7048 = VERTEX_POINT('',#7049);
#7049 = CARTESIAN_POINT('',(30.397995897042,-14.40000281669,
    0.404675602913));
#7050 = SURFACE_CURVE('',#7051,(#7055,#7062),.PCURVE_S1.);
#7051 = LINE('',#7052,#7053);
#7052 = CARTESIAN_POINT('',(30.397995897042,-14.40000281669,
    3.204675674438));
#7053 = VECTOR('',#7054,1.);
#7054 = DIRECTION('',(1.224646799147E-16,1.499759782662E-32,-1.));
#7055 = PCURVE('',#3622,#7056);
#7056 = DEFINITIONAL_REPRESENTATION('',(#7057),#7061);
#7057 = LINE('',#7058,#7059);
#7058 = CARTESIAN_POINT('',(-5.963276467038E-17,-0.489024546815));
#7059 = VECTOR('',#7060,1.);
#7060 = DIRECTION('',(1.,0.));
#7061 = ( GEOMETRIC_REPRESENTATION_CONTEXT(2) 
PARAMETRIC_REPRESENTATION_CONTEXT() REPRESENTATION_CONTEXT('2D SPACE',''
  ) );
#7062 = PCURVE('',#3594,#7063);
#7063 = DEFINITIONAL_REPRESENTATION('',(#7064),#7068);
#7064 = LINE('',#7065,#7066);
#7065 = CARTESIAN_POINT('',(0.,0.));
#7066 = VECTOR('',#7067,1.);
#7067 = DIRECTION('',(1.,0.));
#7068 = ( GEOMETRIC_REPRESENTATION_CONTEXT(2) 
PARAMETRIC_REPRESENTATION_CONTEXT() REPRESENTATION_CONTEXT('2D SPACE',''
  ) );
#7069 = ORIENTED_EDGE('',*,*,#7070,.T.);
#7070 = EDGE_CURVE('',#7048,#6999,#7071,.T.);
#7071 = SURFACE_CURVE('',#7072,(#7076,#7083),.PCURVE_S1.);
#7072 = LINE('',#7073,#7074);
#7073 = CARTESIAN_POINT('',(30.397995897042,-14.40000281669,
    0.404675602913));
#7074 = VECTOR('',#7075,1.);
#7075 = DIRECTION('',(0.995734221797,9.226786841409E-02,
    1.219422727526E-16));
#7076 = PCURVE('',#3622,#7077);
#7077 = DEFINITIONAL_REPRESENTATION('',(#7078),#7082);
#7078 = LINE('',#7079,#7080);
#7079 = CARTESIAN_POINT('',(2.800000071525,-0.489024546815));
#7080 = VECTOR('',#7081,1.);
#7081 = DIRECTION('',(-9.860761315263E-32,1.));
#7082 = ( GEOMETRIC_REPRESENTATION_CONTEXT(2) 
PARAMETRIC_REPRESENTATION_CONTEXT() REPRESENTATION_CONTEXT('2D SPACE',''
  ) );
#7083 = PCURVE('',#6324,#7084);
#7084 = DEFINITIONAL_REPRESENTATION('',(#7085),#7089);
#7085 = LINE('',#7086,#7087);
#7086 = CARTESIAN_POINT('',(0.,0.));
#7087 = VECTOR('',#7088,1.);
#7088 = DIRECTION('',(9.226786841409E-02,0.995734221797));
#7089 = ( GEOMETRIC_REPRESENTATION_CONTEXT(2) 
PARAMETRIC_REPRESENTATION_CONTEXT() REPRESENTATION_CONTEXT('2D SPACE',''
  ) );
#7090 = ORIENTED_EDGE('',*,*,#6998,.F.);
#7091 = ADVANCED_FACE('',(#7092),#3594,.T.);
#7092 = FACE_BOUND('',#7093,.T.);
#7093 = EDGE_LOOP('',(#7094,#7095,#7118,#7139));
#7094 = ORIENTED_EDGE('',*,*,#3576,.T.);
#7095 = ORIENTED_EDGE('',*,*,#7096,.F.);
#7096 = EDGE_CURVE('',#7097,#3579,#7099,.T.);
#7097 = VERTEX_POINT('',#7098);
#7098 = CARTESIAN_POINT('',(29.911061235177,-14.35488156416,
    0.404675602913));
#7099 = SURFACE_CURVE('',#7100,(#7104,#7111),.PCURVE_S1.);
#7100 = LINE('',#7101,#7102);
#7101 = CARTESIAN_POINT('',(29.911061235177,-14.35488156416,
    3.204675674438));
#7102 = VECTOR('',#7103,1.);
#7103 = DIRECTION('',(0.,0.,1.));
#7104 = PCURVE('',#3594,#7105);
#7105 = DEFINITIONAL_REPRESENTATION('',(#7106),#7110);
#7106 = LINE('',#7107,#7108);
#7107 = CARTESIAN_POINT('',(-5.963229750472E-17,-0.48902074839));
#7108 = VECTOR('',#7109,1.);
#7109 = DIRECTION('',(-1.,1.219422646196E-16));
#7110 = ( GEOMETRIC_REPRESENTATION_CONTEXT(2) 
PARAMETRIC_REPRESENTATION_CONTEXT() REPRESENTATION_CONTEXT('2D SPACE',''
  ) );
#7111 = PCURVE('',#4516,#7112);
#7112 = DEFINITIONAL_REPRESENTATION('',(#7113),#7117);
#7113 = LINE('',#7114,#7115);
#7114 = CARTESIAN_POINT('',(0.,0.));
#7115 = VECTOR('',#7116,1.);
#7116 = DIRECTION('',(-1.,1.177897016987E-16));
#7117 = ( GEOMETRIC_REPRESENTATION_CONTEXT(2) 
PARAMETRIC_REPRESENTATION_CONTEXT() REPRESENTATION_CONTEXT('2D SPACE',''
  ) );
#7118 = ORIENTED_EDGE('',*,*,#7119,.F.);
#7119 = EDGE_CURVE('',#7048,#7097,#7120,.T.);
#7120 = SURFACE_CURVE('',#7121,(#7125,#7132),.PCURVE_S1.);
#7121 = LINE('',#7122,#7123);
#7122 = CARTESIAN_POINT('',(30.397995897042,-14.40000281669,
    0.404675602913));
#7123 = VECTOR('',#7124,1.);
#7124 = DIRECTION('',(-0.995734155387,9.226858509642E-02,
    -1.219422646196E-16));
#7125 = PCURVE('',#3594,#7126);
#7126 = DEFINITIONAL_REPRESENTATION('',(#7127),#7131);
#7127 = LINE('',#7128,#7129);
#7128 = CARTESIAN_POINT('',(2.800000071525,-3.41438349657E-16));
#7129 = VECTOR('',#7130,1.);
#7130 = DIRECTION('',(4.68386162475E-31,-1.));
#7131 = ( GEOMETRIC_REPRESENTATION_CONTEXT(2) 
PARAMETRIC_REPRESENTATION_CONTEXT() REPRESENTATION_CONTEXT('2D SPACE',''
  ) );
#7132 = PCURVE('',#6324,#7133);
#7133 = DEFINITIONAL_REPRESENTATION('',(#7134),#7138);
#7134 = LINE('',#7135,#7136);
#7135 = CARTESIAN_POINT('',(0.,0.));
#7136 = VECTOR('',#7137,1.);
#7137 = DIRECTION('',(9.226858509642E-02,-0.995734155387));
#7138 = ( GEOMETRIC_REPRESENTATION_CONTEXT(2) 
PARAMETRIC_REPRESENTATION_CONTEXT() REPRESENTATION_CONTEXT('2D SPACE',''
  ) );
#7139 = ORIENTED_EDGE('',*,*,#7047,.F.);
#7140 = ADVANCED_FACE('',(#7141),#3446,.T.);
#7141 = FACE_BOUND('',#7142,.T.);
#7142 = EDGE_LOOP('',(#7143,#7144,#7165,#7166));
#7143 = ORIENTED_EDGE('',*,*,#3430,.T.);
#7144 = ORIENTED_EDGE('',*,*,#7145,.T.);
#7145 = EDGE_CURVE('',#3403,#4854,#7146,.T.);
#7146 = SURFACE_CURVE('',#7147,(#7151,#7158),.PCURVE_S1.);
#7147 = LINE('',#7148,#7149);
#7148 = CARTESIAN_POINT('',(27.849160142648,12.475205024699,
    3.204675674438));
#7149 = VECTOR('',#7150,1.);
#7150 = DIRECTION('',(1.224646799147E-16,1.499759782662E-32,-1.));
#7151 = PCURVE('',#3446,#7152);
#7152 = DEFINITIONAL_REPRESENTATION('',(#7153),#7157);
#7153 = LINE('',#7154,#7155);
#7154 = CARTESIAN_POINT('',(-1.100455474881E-17,0.489024390714));
#7155 = VECTOR('',#7156,1.);
#7156 = DIRECTION('',(-1.,3.08148791102E-33));
#7157 = ( GEOMETRIC_REPRESENTATION_CONTEXT(2) 
PARAMETRIC_REPRESENTATION_CONTEXT() REPRESENTATION_CONTEXT('2D SPACE',''
  ) );
#7158 = PCURVE('',#3418,#7159);
#7159 = DEFINITIONAL_REPRESENTATION('',(#7160),#7164);
#7160 = LINE('',#7161,#7162);
#7161 = CARTESIAN_POINT('',(0.,0.));
#7162 = VECTOR('',#7163,1.);
#7163 = DIRECTION('',(-1.,-1.232595164408E-32));
#7164 = ( GEOMETRIC_REPRESENTATION_CONTEXT(2) 
PARAMETRIC_REPRESENTATION_CONTEXT() REPRESENTATION_CONTEXT('2D SPACE',''
  ) );
#7165 = ORIENTED_EDGE('',*,*,#4853,.F.);
#7166 = ORIENTED_EDGE('',*,*,#4779,.F.);
#7167 = ADVANCED_FACE('',(#7168),#3418,.T.);
#7168 = FACE_BOUND('',#7169,.T.);
#7169 = EDGE_LOOP('',(#7170,#7171,#7192,#7193));
#7170 = ORIENTED_EDGE('',*,*,#3402,.T.);
#7171 = ORIENTED_EDGE('',*,*,#7172,.T.);
#7172 = EDGE_CURVE('',#3375,#4877,#7173,.T.);
#7173 = SURFACE_CURVE('',#7174,(#7178,#7185),.PCURVE_S1.);
#7174 = LINE('',#7175,#7176);
#7175 = CARTESIAN_POINT('',(28.025814958321,12.931204399089,
    3.204675674438));
#7176 = VECTOR('',#7177,1.);
#7177 = DIRECTION('',(1.224646799147E-16,1.499759782662E-32,-1.));
#7178 = PCURVE('',#3418,#7179);
#7179 = DEFINITIONAL_REPRESENTATION('',(#7180),#7184);
#7180 = LINE('',#7181,#7182);
#7181 = CARTESIAN_POINT('',(-2.163397545689E-17,0.489021833198));
#7182 = VECTOR('',#7183,1.);
#7183 = DIRECTION('',(-1.,-1.232595164408E-32));
#7184 = ( GEOMETRIC_REPRESENTATION_CONTEXT(2) 
PARAMETRIC_REPRESENTATION_CONTEXT() REPRESENTATION_CONTEXT('2D SPACE',''
  ) );
#7185 = PCURVE('',#3390,#7186);
#7186 = DEFINITIONAL_REPRESENTATION('',(#7187),#7191);
#7187 = LINE('',#7188,#7189);
#7188 = CARTESIAN_POINT('',(0.,0.));
#7189 = VECTOR('',#7190,1.);
#7190 = DIRECTION('',(-1.,-2.465190328816E-32));
#7191 = ( GEOMETRIC_REPRESENTATION_CONTEXT(2) 
PARAMETRIC_REPRESENTATION_CONTEXT() REPRESENTATION_CONTEXT('2D SPACE',''
  ) );
#7192 = ORIENTED_EDGE('',*,*,#4876,.F.);
#7193 = ORIENTED_EDGE('',*,*,#7145,.F.);
#7194 = ADVANCED_FACE('',(#7195),#7209,.F.);
#7195 = FACE_BOUND('',#7196,.F.);
#7196 = EDGE_LOOP('',(#7197,#7227,#7258,#7259));
#7197 = ORIENTED_EDGE('',*,*,#7198,.T.);
#7198 = EDGE_CURVE('',#7199,#7201,#7203,.T.);
#7199 = VERTEX_POINT('',#7200);
#7200 = CARTESIAN_POINT('',(-26.04900247785,11.749997156595,
    4.80467569828));
#7201 = VERTEX_POINT('',#7202);
#7202 = CARTESIAN_POINT('',(-26.04900247785,11.749997156595,
    0.404675602913));
#7203 = SEAM_CURVE('',#7204,(#7208,#7220),.PCURVE_S1.);
#7204 = LINE('',#7205,#7206);
#7205 = CARTESIAN_POINT('',(-26.04900247785,11.749997156595,
    4.80467569828));
#7206 = VECTOR('',#7207,1.);
#7207 = DIRECTION('',(0.,0.,-1.));
#7208 = PCURVE('',#7209,#7214);
#7209 = CYLINDRICAL_SURFACE('',#7210,1.55);
#7210 = AXIS2_PLACEMENT_3D('',#7211,#7212,#7213);
#7211 = CARTESIAN_POINT('',(-27.59900247785,11.749997156595,
    4.80467569828));
#7212 = DIRECTION('',(0.,0.,-1.));
#7213 = DIRECTION('',(-1.,0.,0.));
#7214 = DEFINITIONAL_REPRESENTATION('',(#7215),#7219);
#7215 = LINE('',#7216,#7217);
#7216 = CARTESIAN_POINT('',(9.424777960769,0.));
#7217 = VECTOR('',#7218,1.);
#7218 = DIRECTION('',(0.,1.));
#7219 = ( GEOMETRIC_REPRESENTATION_CONTEXT(2) 
PARAMETRIC_REPRESENTATION_CONTEXT() REPRESENTATION_CONTEXT('2D SPACE',''
  ) );
#7220 = PCURVE('',#7209,#7221);
#7221 = DEFINITIONAL_REPRESENTATION('',(#7222),#7226);
#7222 = LINE('',#7223,#7224);
#7223 = CARTESIAN_POINT('',(3.14159265359,0.));
#7224 = VECTOR('',#7225,1.);
#7225 = DIRECTION('',(0.,1.));
#7226 = ( GEOMETRIC_REPRESENTATION_CONTEXT(2) 
PARAMETRIC_REPRESENTATION_CONTEXT() REPRESENTATION_CONTEXT('2D SPACE',''
  ) );
#7227 = ORIENTED_EDGE('',*,*,#7228,.T.);
#7228 = EDGE_CURVE('',#7201,#7201,#7229,.T.);
#7229 = SURFACE_CURVE('',#7230,(#7235,#7242),.PCURVE_S1.);
#7230 = CIRCLE('',#7231,1.55);
#7231 = AXIS2_PLACEMENT_3D('',#7232,#7233,#7234);
#7232 = CARTESIAN_POINT('',(-27.59900247785,11.749997156595,
    0.404675602913));
#7233 = DIRECTION('',(-1.224646799147E-16,-1.499759782662E-32,1.));
#7234 = DIRECTION('',(-1.,1.836676017327E-48,-1.224646799147E-16));
#7235 = PCURVE('',#7209,#7236);
#7236 = DEFINITIONAL_REPRESENTATION('',(#7237),#7241);
#7237 = LINE('',#7238,#7239);
#7238 = CARTESIAN_POINT('',(12.566370614359,4.400000095367));
#7239 = VECTOR('',#7240,1.);
#7240 = DIRECTION('',(-1.,0.));
#7241 = ( GEOMETRIC_REPRESENTATION_CONTEXT(2) 
PARAMETRIC_REPRESENTATION_CONTEXT() REPRESENTATION_CONTEXT('2D SPACE',''
  ) );
#7242 = PCURVE('',#7243,#7248);
#7243 = PLANE('',#7244);
#7244 = AXIS2_PLACEMENT_3D('',#7245,#7246,#7247);
#7245 = CARTESIAN_POINT('',(-27.59900265146,9.099997123698,
    0.404675602913));
#7246 = DIRECTION('',(1.224646799147E-16,1.499759782662E-32,-1.));
#7247 = DIRECTION('',(9.95799250103E-17,1.,2.719262146894E-32));
#7248 = DEFINITIONAL_REPRESENTATION('',(#7249),#7257);
#7249 = ( BOUNDED_CURVE() B_SPLINE_CURVE(2,(#7250,#7251,#7252,#7253,
#7254,#7255,#7256),.UNSPECIFIED.,.T.,.F.) B_SPLINE_CURVE_WITH_KNOTS((1,2
    ,2,2,2,1),(-2.094395102393,0.,2.094395102393,4.188790204786,
6.28318530718,8.377580409573),.UNSPECIFIED.) CURVE() 
GEOMETRIC_REPRESENTATION_ITEM() RATIONAL_B_SPLINE_CURVE((1.,0.5,1.,0.5,
1.,0.5,1.)) REPRESENTATION_ITEM('') );
#7250 = CARTESIAN_POINT('',(2.650000032897,-1.549999826388));
#7251 = CARTESIAN_POINT('',(-3.467871883486E-02,-1.549999826388));
#7252 = CARTESIAN_POINT('',(1.307660657031,0.775000173612));
#7253 = CARTESIAN_POINT('',(2.650000032897,3.100000173612));
#7254 = CARTESIAN_POINT('',(3.992339408763,0.775000173612));
#7255 = CARTESIAN_POINT('',(5.334678784629,-1.549999826388));
#7256 = CARTESIAN_POINT('',(2.650000032897,-1.549999826388));
#7257 = ( GEOMETRIC_REPRESENTATION_CONTEXT(2) 
PARAMETRIC_REPRESENTATION_CONTEXT() REPRESENTATION_CONTEXT('2D SPACE',''
  ) );
#7258 = ORIENTED_EDGE('',*,*,#7198,.F.);
#7259 = ORIENTED_EDGE('',*,*,#7260,.T.);
#7260 = EDGE_CURVE('',#7199,#7199,#7261,.T.);
#7261 = SURFACE_CURVE('',#7262,(#7267,#7274),.PCURVE_S1.);
#7262 = CIRCLE('',#7263,1.55);
#7263 = AXIS2_PLACEMENT_3D('',#7264,#7265,#7266);
#7264 = CARTESIAN_POINT('',(-27.59900247785,11.749997156595,
    4.80467569828));
#7265 = DIRECTION('',(1.224646799147E-16,1.499759782662E-32,-1.));
#7266 = DIRECTION('',(-1.,1.836676017327E-48,-1.224646799147E-16));
#7267 = PCURVE('',#7209,#7268);
#7268 = DEFINITIONAL_REPRESENTATION('',(#7269),#7273);
#7269 = LINE('',#7270,#7271);
#7270 = CARTESIAN_POINT('',(0.,0.));
#7271 = VECTOR('',#7272,1.);
#7272 = DIRECTION('',(1.,0.));
#7273 = ( GEOMETRIC_REPRESENTATION_CONTEXT(2) 
PARAMETRIC_REPRESENTATION_CONTEXT() REPRESENTATION_CONTEXT('2D SPACE',''
  ) );
#7274 = PCURVE('',#4595,#7275);
#7275 = DEFINITIONAL_REPRESENTATION('',(#7276),#7284);
#7276 = ( BOUNDED_CURVE() B_SPLINE_CURVE(2,(#7277,#7278,#7279,#7280,
#7281,#7282,#7283),.UNSPECIFIED.,.T.,.F.) B_SPLINE_CURVE_WITH_KNOTS((1,2
    ,2,2,2,1),(-2.094395102393,0.,2.094395102393,4.188790204786,
6.28318530718,8.377580409573),.UNSPECIFIED.) CURVE() 
GEOMETRIC_REPRESENTATION_ITEM() RATIONAL_B_SPLINE_CURVE((1.,0.5,1.,0.5,
1.,0.5,1.)) REPRESENTATION_ITEM('') );
#7277 = CARTESIAN_POINT('',(-22.37723391961,-0.555315845446));
#7278 = CARTESIAN_POINT('',(-25.06191267134,-0.555315845446));
#7279 = CARTESIAN_POINT('',(-23.71957329548,1.769684154554));
#7280 = CARTESIAN_POINT('',(-22.37723391961,4.094684154554));
#7281 = CARTESIAN_POINT('',(-21.03489454375,1.769684154554));
#7282 = CARTESIAN_POINT('',(-19.69255516788,-0.555315845446));
#7283 = CARTESIAN_POINT('',(-22.37723391961,-0.555315845446));
#7284 = ( GEOMETRIC_REPRESENTATION_CONTEXT(2) 
PARAMETRIC_REPRESENTATION_CONTEXT() REPRESENTATION_CONTEXT('2D SPACE',''
  ) );
#7285 = ADVANCED_FACE('',(#7286),#7300,.F.);
#7286 = FACE_BOUND('',#7287,.F.);
#7287 = EDGE_LOOP('',(#7288,#7318,#7344,#7345));
#7288 = ORIENTED_EDGE('',*,*,#7289,.T.);
#7289 = EDGE_CURVE('',#7290,#7292,#7294,.T.);
#7290 = VERTEX_POINT('',#7291);
#7291 = CARTESIAN_POINT('',(31.947998240948,-11.75000261537,
    4.80467569828));
#7292 = VERTEX_POINT('',#7293);
#7293 = CARTESIAN_POINT('',(31.947998240948,-11.75000261537,
    0.404675602913));
#7294 = SEAM_CURVE('',#7295,(#7299,#7311),.PCURVE_S1.);
#7295 = LINE('',#7296,#7297);
#7296 = CARTESIAN_POINT('',(31.947998240948,-11.75000261537,
    4.80467569828));
#7297 = VECTOR('',#7298,1.);
#7298 = DIRECTION('',(0.,0.,-1.));
#7299 = PCURVE('',#7300,#7305);
#7300 = CYLINDRICAL_SURFACE('',#7301,1.55);
#7301 = AXIS2_PLACEMENT_3D('',#7302,#7303,#7304);
#7302 = CARTESIAN_POINT('',(30.397998240948,-11.75000261537,
    4.80467569828));
#7303 = DIRECTION('',(0.,0.,-1.));
#7304 = DIRECTION('',(-1.,0.,0.));
#7305 = DEFINITIONAL_REPRESENTATION('',(#7306),#7310);
#7306 = LINE('',#7307,#7308);
#7307 = CARTESIAN_POINT('',(9.424777960769,0.));
#7308 = VECTOR('',#7309,1.);
#7309 = DIRECTION('',(0.,1.));
#7310 = ( GEOMETRIC_REPRESENTATION_CONTEXT(2) 
PARAMETRIC_REPRESENTATION_CONTEXT() REPRESENTATION_CONTEXT('2D SPACE',''
  ) );
#7311 = PCURVE('',#7300,#7312);
#7312 = DEFINITIONAL_REPRESENTATION('',(#7313),#7317);
#7313 = LINE('',#7314,#7315);
#7314 = CARTESIAN_POINT('',(3.14159265359,0.));
#7315 = VECTOR('',#7316,1.);
#7316 = DIRECTION('',(0.,1.));
#7317 = ( GEOMETRIC_REPRESENTATION_CONTEXT(2) 
PARAMETRIC_REPRESENTATION_CONTEXT() REPRESENTATION_CONTEXT('2D SPACE',''
  ) );
#7318 = ORIENTED_EDGE('',*,*,#7319,.T.);
#7319 = EDGE_CURVE('',#7292,#7292,#7320,.T.);
#7320 = SURFACE_CURVE('',#7321,(#7326,#7333),.PCURVE_S1.);
#7321 = CIRCLE('',#7322,1.55);
#7322 = AXIS2_PLACEMENT_3D('',#7323,#7324,#7325);
#7323 = CARTESIAN_POINT('',(30.397998240948,-11.75000261537,
    0.404675602913));
#7324 = DIRECTION('',(-1.224646799147E-16,-1.499759782662E-32,1.));
#7325 = DIRECTION('',(-1.,1.836676017327E-48,-1.224646799147E-16));
#7326 = PCURVE('',#7300,#7327);
#7327 = DEFINITIONAL_REPRESENTATION('',(#7328),#7332);
#7328 = LINE('',#7329,#7330);
#7329 = CARTESIAN_POINT('',(12.566370614359,4.400000095367));
#7330 = VECTOR('',#7331,1.);
#7331 = DIRECTION('',(-1.,0.));
#7332 = ( GEOMETRIC_REPRESENTATION_CONTEXT(2) 
PARAMETRIC_REPRESENTATION_CONTEXT() REPRESENTATION_CONTEXT('2D SPACE',''
  ) );
#7333 = PCURVE('',#6324,#7334);
#7334 = DEFINITIONAL_REPRESENTATION('',(#7335),#7343);
#7335 = ( BOUNDED_CURVE() B_SPLINE_CURVE(2,(#7336,#7337,#7338,#7339,
#7340,#7341,#7342),.UNSPECIFIED.,.T.,.F.) B_SPLINE_CURVE_WITH_KNOTS((1,2
    ,2,2,2,1),(-2.094395102393,0.,2.094395102393,4.188790204786,
6.28318530718,8.377580409573),.UNSPECIFIED.) CURVE() 
GEOMETRIC_REPRESENTATION_ITEM() RATIONAL_B_SPLINE_CURVE((1.,0.5,1.,0.5,
1.,0.5,1.)) REPRESENTATION_ITEM('') );
#7336 = CARTESIAN_POINT('',(2.650000201327,-1.549997656094));
#7337 = CARTESIAN_POINT('',(-3.467855040487E-02,-1.549997656094));
#7338 = CARTESIAN_POINT('',(1.307660825461,0.775002343906));
#7339 = CARTESIAN_POINT('',(2.650000201327,3.100002343906));
#7340 = CARTESIAN_POINT('',(3.992339577193,0.775002343906));
#7341 = CARTESIAN_POINT('',(5.334678953059,-1.549997656094));
#7342 = CARTESIAN_POINT('',(2.650000201327,-1.549997656094));
#7343 = ( GEOMETRIC_REPRESENTATION_CONTEXT(2) 
PARAMETRIC_REPRESENTATION_CONTEXT() REPRESENTATION_CONTEXT('2D SPACE',''
  ) );
#7344 = ORIENTED_EDGE('',*,*,#7289,.F.);
#7345 = ORIENTED_EDGE('',*,*,#7346,.T.);
#7346 = EDGE_CURVE('',#7290,#7290,#7347,.T.);
#7347 = SURFACE_CURVE('',#7348,(#7353,#7360),.PCURVE_S1.);
#7348 = CIRCLE('',#7349,1.55);
#7349 = AXIS2_PLACEMENT_3D('',#7350,#7351,#7352);
#7350 = CARTESIAN_POINT('',(30.397998240948,-11.75000261537,
    4.80467569828));
#7351 = DIRECTION('',(1.224646799147E-16,1.499759782662E-32,-1.));
#7352 = DIRECTION('',(-1.,1.836676017327E-48,-1.224646799147E-16));
#7353 = PCURVE('',#7300,#7354);
#7354 = DEFINITIONAL_REPRESENTATION('',(#7355),#7359);
#7355 = LINE('',#7356,#7357);
#7356 = CARTESIAN_POINT('',(0.,0.));
#7357 = VECTOR('',#7358,1.);
#7358 = DIRECTION('',(1.,0.));
#7359 = ( GEOMETRIC_REPRESENTATION_CONTEXT(2) 
PARAMETRIC_REPRESENTATION_CONTEXT() REPRESENTATION_CONTEXT('2D SPACE',''
  ) );
#7360 = PCURVE('',#4595,#7361);
#7361 = DEFINITIONAL_REPRESENTATION('',(#7362),#7370);
#7362 = ( BOUNDED_CURVE() B_SPLINE_CURVE(2,(#7363,#7364,#7365,#7366,
#7367,#7368,#7369),.UNSPECIFIED.,.T.,.F.) B_SPLINE_CURVE_WITH_KNOTS((1,2
    ,2,2,2,1),(-2.094395102393,0.,2.094395102393,4.188790204786,
6.28318530718,8.377580409573),.UNSPECIFIED.) CURVE() 
GEOMETRIC_REPRESENTATION_ITEM() RATIONAL_B_SPLINE_CURVE((1.,0.5,1.,0.5,
1.,0.5,1.)) REPRESENTATION_ITEM('') );
#7363 = CARTESIAN_POINT('',(1.12276585235,57.441684873356));
#7364 = CARTESIAN_POINT('',(-1.561912899382,57.441684873356));
#7365 = CARTESIAN_POINT('',(-0.219573523516,59.766684873356));
#7366 = CARTESIAN_POINT('',(1.12276585235,62.091684873356));
#7367 = CARTESIAN_POINT('',(2.465105228216,59.766684873356));
#7368 = CARTESIAN_POINT('',(3.807444604081,57.441684873356));
#7369 = CARTESIAN_POINT('',(1.12276585235,57.441684873356));
#7370 = ( GEOMETRIC_REPRESENTATION_CONTEXT(2) 
PARAMETRIC_REPRESENTATION_CONTEXT() REPRESENTATION_CONTEXT('2D SPACE',''
  ) );
#7371 = ADVANCED_FACE('',(#7372,#7724),#5676,.T.);
#7372 = FACE_BOUND('',#7373,.T.);
#7373 = EDGE_LOOP('',(#7374,#7375,#7376,#7398,#7399,#7400,#7423,#7451,
    #7479,#7507,#7535,#7563,#7591,#7619,#7647,#7675,#7703));
#7374 = ORIENTED_EDGE('',*,*,#5968,.F.);
#7375 = ORIENTED_EDGE('',*,*,#5916,.F.);
#7376 = ORIENTED_EDGE('',*,*,#7377,.F.);
#7377 = EDGE_CURVE('',#5661,#5894,#7378,.T.);
#7378 = SURFACE_CURVE('',#7379,(#7384,#7391),.PCURVE_S1.);
#7379 = CIRCLE('',#7380,1.5);
#7380 = AXIS2_PLACEMENT_3D('',#7381,#7382,#7383);
#7381 = CARTESIAN_POINT('',(-21.60156922747,11.249600013713,
    3.804675674438));
#7382 = DIRECTION('',(1.224646799147E-16,2.465190328816E-32,-1.));
#7383 = DIRECTION('',(-0.707106781187,0.707106781187,-8.659560562355E-17
    ));
#7384 = PCURVE('',#5676,#7385);
#7385 = DEFINITIONAL_REPRESENTATION('',(#7386),#7390);
#7386 = CIRCLE('',#7387,1.5);
#7387 = AXIS2_PLACEMENT_2D('',#7388,#7389);
#7388 = CARTESIAN_POINT('',(-4.,-37.19981002807));
#7389 = DIRECTION('',(0.707106781187,-0.707106781187));
#7390 = ( GEOMETRIC_REPRESENTATION_CONTEXT(2) 
PARAMETRIC_REPRESENTATION_CONTEXT() REPRESENTATION_CONTEXT('2D SPACE',''
  ) );
#7391 = PCURVE('',#5704,#7392);
#7392 = DEFINITIONAL_REPRESENTATION('',(#7393),#7397);
#7393 = LINE('',#7394,#7395);
#7394 = CARTESIAN_POINT('',(6.28318530718,0.6));
#7395 = VECTOR('',#7396,1.);
#7396 = DIRECTION('',(-1.,0.));
#7397 = ( GEOMETRIC_REPRESENTATION_CONTEXT(2) 
PARAMETRIC_REPRESENTATION_CONTEXT() REPRESENTATION_CONTEXT('2D SPACE',''
  ) );
#7398 = ORIENTED_EDGE('',*,*,#5660,.F.);
#7399 = ORIENTED_EDGE('',*,*,#6018,.F.);
#7400 = ORIENTED_EDGE('',*,*,#7401,.F.);
#7401 = EDGE_CURVE('',#7402,#6019,#7404,.T.);
#7402 = VERTEX_POINT('',#7403);
#7403 = CARTESIAN_POINT('',(-31.10156922747,12.249600013713,
    3.804675674438));
#7404 = SURFACE_CURVE('',#7405,(#7409,#7416),.PCURVE_S1.);
#7405 = LINE('',#7406,#7407);
#7406 = CARTESIAN_POINT('',(-31.10156922747,13.749600013713,
    3.804675674438));
#7407 = VECTOR('',#7408,1.);
#7408 = DIRECTION('',(-9.95799250103E-17,-1.,-2.719262146894E-32));
#7409 = PCURVE('',#5676,#7410);
#7410 = DEFINITIONAL_REPRESENTATION('',(#7411),#7415);
#7411 = LINE('',#7412,#7413);
#7412 = CARTESIAN_POINT('',(-1.5,-46.69981002807));
#7413 = VECTOR('',#7414,1.);
#7414 = DIRECTION('',(-1.,-3.330135684236E-48));
#7415 = ( GEOMETRIC_REPRESENTATION_CONTEXT(2) 
PARAMETRIC_REPRESENTATION_CONTEXT() REPRESENTATION_CONTEXT('2D SPACE',''
  ) );
#7416 = PCURVE('',#1238,#7417);
#7417 = DEFINITIONAL_REPRESENTATION('',(#7418),#7422);
#7418 = LINE('',#7419,#7420);
#7419 = CARTESIAN_POINT('',(0.6,1.5));
#7420 = VECTOR('',#7421,1.);
#7421 = DIRECTION('',(1.642146637881E-47,-1.));
#7422 = ( GEOMETRIC_REPRESENTATION_CONTEXT(2) 
PARAMETRIC_REPRESENTATION_CONTEXT() REPRESENTATION_CONTEXT('2D SPACE',''
  ) );
#7423 = ORIENTED_EDGE('',*,*,#7424,.F.);
#7424 = EDGE_CURVE('',#7425,#7402,#7427,.T.);
#7425 = VERTEX_POINT('',#7426);
#7426 = CARTESIAN_POINT('',(-31.06463424821,12.718903144816,
    3.804675674438));
#7427 = SURFACE_CURVE('',#7428,(#7432,#7439),.PCURVE_S1.);
#7428 = LINE('',#7429,#7430);
#7429 = CARTESIAN_POINT('',(-30.84050510256,15.566732273989,
    3.804675674438));
#7430 = VECTOR('',#7431,1.);
#7431 = DIRECTION('',(-7.845914180207E-02,-0.996917330107,
    -9.608473687175E-18));
#7432 = PCURVE('',#5676,#7433);
#7433 = DEFINITIONAL_REPRESENTATION('',(#7434),#7438);
#7434 = LINE('',#7435,#7436);
#7435 = CARTESIAN_POINT('',(0.317132260276,-46.43874590317));
#7436 = VECTOR('',#7437,1.);
#7437 = DIRECTION('',(-0.996917330107,-7.845914180207E-02));
#7438 = ( GEOMETRIC_REPRESENTATION_CONTEXT(2) 
PARAMETRIC_REPRESENTATION_CONTEXT() REPRESENTATION_CONTEXT('2D SPACE',''
  ) );
#7439 = PCURVE('',#7440,#7445);
#7440 = PLANE('',#7441);
#7441 = AXIS2_PLACEMENT_3D('',#7442,#7443,#7444);
#7442 = CARTESIAN_POINT('',(-31.10156922747,12.249600013713,
    4.80467569828));
#7443 = DIRECTION('',(-0.996917330107,7.845914180207E-02,
    -1.22087161733E-16));
#7444 = DIRECTION('',(-1.224646799147E-16,-1.54074395551E-33,1.));
#7445 = DEFINITIONAL_REPRESENTATION('',(#7446),#7450);
#7446 = LINE('',#7447,#7448);
#7447 = CARTESIAN_POINT('',(-1.000000023842,3.327389503722));
#7448 = VECTOR('',#7449,1.);
#7449 = DIRECTION('',(-3.235562306571E-32,-1.));
#7450 = ( GEOMETRIC_REPRESENTATION_CONTEXT(2) 
PARAMETRIC_REPRESENTATION_CONTEXT() REPRESENTATION_CONTEXT('2D SPACE',''
  ) );
#7451 = ORIENTED_EDGE('',*,*,#7452,.F.);
#7452 = EDGE_CURVE('',#7453,#7425,#7455,.T.);
#7453 = VERTEX_POINT('',#7454);
#7454 = CARTESIAN_POINT('',(-30.954738773,13.176651557902,3.804675674438
    ));
#7455 = SURFACE_CURVE('',#7456,(#7460,#7467),.PCURVE_S1.);
#7456 = LINE('',#7457,#7458);
#7457 = CARTESIAN_POINT('',(-29.50592366769,19.2114115337,3.804675674438
    ));
#7458 = VECTOR('',#7459,1.);
#7459 = DIRECTION('',(-0.233444970644,-0.972370014799,
    -2.858876360761E-17));
#7460 = PCURVE('',#5676,#7461);
#7461 = DEFINITIONAL_REPRESENTATION('',(#7462),#7466);
#7462 = LINE('',#7463,#7464);
#7463 = CARTESIAN_POINT('',(3.961811519987,-45.10416446829));
#7464 = VECTOR('',#7465,1.);
#7465 = DIRECTION('',(-0.972370014799,-0.233444970644));
#7466 = ( GEOMETRIC_REPRESENTATION_CONTEXT(2) 
PARAMETRIC_REPRESENTATION_CONTEXT() REPRESENTATION_CONTEXT('2D SPACE',''
  ) );
#7467 = PCURVE('',#7468,#7473);
#7468 = PLANE('',#7469);
#7469 = AXIS2_PLACEMENT_3D('',#7470,#7471,#7472);
#7470 = CARTESIAN_POINT('',(-31.06463424821,12.718903144816,
    3.204675674438));
#7471 = DIRECTION('',(-0.972370014799,0.233444970644,-1.190809826211E-16
    ));
#7472 = DIRECTION('',(-1.224646799147E-16,1.60237371373E-31,1.));
#7473 = DEFINITIONAL_REPRESENTATION('',(#7474),#7478);
#7474 = LINE('',#7475,#7476);
#7475 = CARTESIAN_POINT('',(0.6,6.676993623896));
#7476 = VECTOR('',#7477,1.);
#7477 = DIRECTION('',(-1.170965406187E-31,-1.));
#7478 = ( GEOMETRIC_REPRESENTATION_CONTEXT(2) 
PARAMETRIC_REPRESENTATION_CONTEXT() REPRESENTATION_CONTEXT('2D SPACE',''
  ) );
#7479 = ORIENTED_EDGE('',*,*,#7480,.F.);
#7480 = EDGE_CURVE('',#7481,#7453,#7483,.T.);
#7481 = VERTEX_POINT('',#7482);
#7482 = CARTESIAN_POINT('',(-30.77458878566,13.611570915202,
    3.804675674438));
#7483 = SURFACE_CURVE('',#7484,(#7488,#7495),.PCURVE_S1.);
#7484 = LINE('',#7485,#7486);
#7485 = CARTESIAN_POINT('',(-27.17951022069,22.290834688715,
    3.804675674438));
#7486 = VECTOR('',#7487,1.);
#7487 = DIRECTION('',(-0.382684322643,-0.923879163746,
    -4.686531308082E-17));
#7488 = PCURVE('',#5676,#7489);
#7489 = DEFINITIONAL_REPRESENTATION('',(#7490),#7494);
#7490 = LINE('',#7491,#7492);
#7491 = CARTESIAN_POINT('',(7.041234675003,-42.77775102129));
#7492 = VECTOR('',#7493,1.);
#7493 = DIRECTION('',(-0.923879163746,-0.382684322643));
#7494 = ( GEOMETRIC_REPRESENTATION_CONTEXT(2) 
PARAMETRIC_REPRESENTATION_CONTEXT() REPRESENTATION_CONTEXT('2D SPACE',''
  ) );
#7495 = PCURVE('',#7496,#7501);
#7496 = PLANE('',#7497);
#7497 = AXIS2_PLACEMENT_3D('',#7498,#7499,#7500);
#7498 = CARTESIAN_POINT('',(-30.954738773,13.176651557902,3.204675674438
    ));
#7499 = DIRECTION('',(-0.923879163746,0.382684322643,-1.13142566068E-16)
  );
#7500 = DIRECTION('',(-1.224646799147E-16,9.244463733059E-32,1.));
#7501 = DEFINITIONAL_REPRESENTATION('',(#7502),#7506);
#7502 = LINE('',#7503,#7504);
#7503 = CARTESIAN_POINT('',(0.6,9.865124670483));
#7504 = VECTOR('',#7505,1.);
#7505 = DIRECTION('',(-9.860761315263E-32,-1.));
#7506 = ( GEOMETRIC_REPRESENTATION_CONTEXT(2) 
PARAMETRIC_REPRESENTATION_CONTEXT() REPRESENTATION_CONTEXT('2D SPACE',''
  ) );
#7507 = ORIENTED_EDGE('',*,*,#7508,.F.);
#7508 = EDGE_CURVE('',#7509,#7481,#7511,.T.);
#7509 = VERTEX_POINT('',#7510);
#7510 = CARTESIAN_POINT('',(-30.52862023521,14.01295526884,
    3.804675674438));
#7511 = SURFACE_CURVE('',#7512,(#7516,#7523),.PCURVE_S1.);
#7512 = LINE('',#7513,#7514);
#7513 = CARTESIAN_POINT('',(-24.07971748111,24.536612293116,
    3.804675674438));
#7514 = VECTOR('',#7515,1.);
#7515 = DIRECTION('',(-0.522498413662,-0.85264025692,-6.398760098509E-17
    ));
#7516 = PCURVE('',#5676,#7517);
#7517 = DEFINITIONAL_REPRESENTATION('',(#7518),#7522);
#7518 = LINE('',#7519,#7520);
#7519 = CARTESIAN_POINT('',(9.287012279404,-39.67795828172));
#7520 = VECTOR('',#7521,1.);
#7521 = DIRECTION('',(-0.85264025692,-0.522498413662));
#7522 = ( GEOMETRIC_REPRESENTATION_CONTEXT(2) 
PARAMETRIC_REPRESENTATION_CONTEXT() REPRESENTATION_CONTEXT('2D SPACE',''
  ) );
#7523 = PCURVE('',#7524,#7529);
#7524 = PLANE('',#7525);
#7525 = AXIS2_PLACEMENT_3D('',#7526,#7527,#7528);
#7526 = CARTESIAN_POINT('',(-30.77458878566,13.611570915202,
    3.204675674438));
#7527 = DIRECTION('',(-0.85264025692,0.522498413662,-1.044183161461E-16)
  );
#7528 = DIRECTION('',(-1.224646799147E-16,2.650079603477E-31,1.));
#7529 = DEFINITIONAL_REPRESENTATION('',(#7530),#7534);
#7530 = LINE('',#7531,#7532);
#7531 = CARTESIAN_POINT('',(0.6,12.813189723623));
#7532 = VECTOR('',#7533,1.);
#7533 = DIRECTION('',(-3.697785493223E-32,-1.));
#7534 = ( GEOMETRIC_REPRESENTATION_CONTEXT(2) 
PARAMETRIC_REPRESENTATION_CONTEXT() REPRESENTATION_CONTEXT('2D SPACE',''
  ) );
#7535 = ORIENTED_EDGE('',*,*,#7536,.F.);
#7536 = EDGE_CURVE('',#7537,#7509,#7539,.T.);
#7537 = VERTEX_POINT('',#7538);
#7538 = CARTESIAN_POINT('',(-30.22288959432,14.3709207382,3.804675674438
    ));
#7539 = SURFACE_CURVE('',#7540,(#7544,#7551),.PCURVE_S1.);
#7540 = LINE('',#7541,#7542);
#7541 = CARTESIAN_POINT('',(-20.49553559299,25.760216984748,
    3.804675674438));
#7542 = VECTOR('',#7543,1.);
#7543 = DIRECTION('',(-0.649447123984,-0.760406755065,
    -7.953433416028E-17));
#7544 = PCURVE('',#5676,#7545);
#7545 = DEFINITIONAL_REPRESENTATION('',(#7546),#7550);
#7546 = LINE('',#7547,#7548);
#7547 = CARTESIAN_POINT('',(10.510616971035,-36.09377639359));
#7548 = VECTOR('',#7549,1.);
#7549 = DIRECTION('',(-0.760406755065,-0.649447123984));
#7550 = ( GEOMETRIC_REPRESENTATION_CONTEXT(2) 
PARAMETRIC_REPRESENTATION_CONTEXT() REPRESENTATION_CONTEXT('2D SPACE',''
  ) );
#7551 = PCURVE('',#7552,#7557);
#7552 = PLANE('',#7553);
#7553 = AXIS2_PLACEMENT_3D('',#7554,#7555,#7556);
#7554 = CARTESIAN_POINT('',(-30.52862023521,14.01295526884,
    3.204675674438));
#7555 = DIRECTION('',(-0.760406755065,0.649447123984,-9.312296986404E-17
    ));
#7556 = DIRECTION('',(-1.224646799147E-16,1.355854680849E-31,1.));
#7557 = DEFINITIONAL_REPRESENTATION('',(#7558),#7562);
#7558 = LINE('',#7559,#7560);
#7559 = CARTESIAN_POINT('',(0.6,15.448655127878));
#7560 = VECTOR('',#7561,1.);
#7561 = DIRECTION('',(-2.465190328816E-31,-1.));
#7562 = ( GEOMETRIC_REPRESENTATION_CONTEXT(2) 
PARAMETRIC_REPRESENTATION_CONTEXT() REPRESENTATION_CONTEXT('2D SPACE',''
  ) );
#7563 = ORIENTED_EDGE('',*,*,#7564,.F.);
#7564 = EDGE_CURVE('',#7565,#7537,#7567,.T.);
#7565 = VERTEX_POINT('',#7566);
#7566 = CARTESIAN_POINT('',(-29.86492495943,14.676651557902,
    3.804675674438));
#7567 = SURFACE_CURVE('',#7568,(#7572,#7579),.PCURVE_S1.);
#7568 = LINE('',#7569,#7570);
#7569 = CARTESIAN_POINT('',(-16.75864573524,25.87047658933,
    3.804675674438));
#7570 = VECTOR('',#7571,1.);
#7571 = DIRECTION('',(-0.760405819825,-0.64944821901,-9.312285533021E-17
    ));
#7572 = PCURVE('',#5676,#7573);
#7573 = DEFINITIONAL_REPRESENTATION('',(#7574),#7578);
#7574 = LINE('',#7575,#7576);
#7575 = CARTESIAN_POINT('',(10.620876575617,-32.35688653584));
#7576 = VECTOR('',#7577,1.);
#7577 = DIRECTION('',(-0.64944821901,-0.760405819825));
#7578 = ( GEOMETRIC_REPRESENTATION_CONTEXT(2) 
PARAMETRIC_REPRESENTATION_CONTEXT() REPRESENTATION_CONTEXT('2D SPACE',''
  ) );
#7579 = PCURVE('',#7580,#7585);
#7580 = PLANE('',#7581);
#7581 = AXIS2_PLACEMENT_3D('',#7582,#7583,#7584);
#7582 = CARTESIAN_POINT('',(-30.22288959432,14.3709207382,3.204675674438
    ));
#7583 = DIRECTION('',(-0.64944821901,0.760405819825,-7.95344682623E-17)
  );
#7584 = DIRECTION('',(-1.224646799147E-16,1.725633230171E-31,1.));
#7585 = DEFINITIONAL_REPRESENTATION('',(#7586),#7590);
#7586 = LINE('',#7587,#7588);
#7587 = CARTESIAN_POINT('',(0.6,17.706655456923));
#7588 = VECTOR('',#7589,1.);
#7589 = DIRECTION('',(-2.958228394579E-31,-1.));
#7590 = ( GEOMETRIC_REPRESENTATION_CONTEXT(2) 
PARAMETRIC_REPRESENTATION_CONTEXT() REPRESENTATION_CONTEXT('2D SPACE',''
  ) );
#7591 = ORIENTED_EDGE('',*,*,#7592,.F.);
#7592 = EDGE_CURVE('',#7593,#7565,#7595,.T.);
#7593 = VERTEX_POINT('',#7594);
#7594 = CARTESIAN_POINT('',(-29.463540725,14.922619422892,3.804675674438
    ));
#7595 = SURFACE_CURVE('',#7596,(#7600,#7607),.PCURVE_S1.);
#7596 = LINE('',#7597,#7598);
#7597 = CARTESIAN_POINT('',(-13.21152109408,24.881841105055,
    3.804675674438));
#7598 = VECTOR('',#7599,1.);
#7599 = DIRECTION('',(-0.852640836472,-0.522497467917,
    -1.044183871208E-16));
#7600 = PCURVE('',#5676,#7601);
#7601 = DEFINITIONAL_REPRESENTATION('',(#7602),#7606);
#7602 = LINE('',#7603,#7604);
#7603 = CARTESIAN_POINT('',(9.632241091342,-28.80976189468));
#7604 = VECTOR('',#7605,1.);
#7605 = DIRECTION('',(-0.522497467917,-0.852640836472));
#7606 = ( GEOMETRIC_REPRESENTATION_CONTEXT(2) 
PARAMETRIC_REPRESENTATION_CONTEXT() REPRESENTATION_CONTEXT('2D SPACE',''
  ) );
#7607 = PCURVE('',#7608,#7613);
#7608 = PLANE('',#7609);
#7609 = AXIS2_PLACEMENT_3D('',#7610,#7611,#7612);
#7610 = CARTESIAN_POINT('',(-29.86492495943,14.676651557902,
    3.204675674438));
#7611 = DIRECTION('',(-0.522497467917,0.852640836472,-6.39874851647E-17)
  );
#7612 = DIRECTION('',(-1.224646799147E-16,2.157041537714E-31,1.));
#7613 = DEFINITIONAL_REPRESENTATION('',(#7614),#7618);
#7614 = LINE('',#7615,#7616);
#7615 = CARTESIAN_POINT('',(0.6,19.531557899867));
#7616 = VECTOR('',#7617,1.);
#7617 = DIRECTION('',(-5.793197272717E-31,-1.));
#7618 = ( GEOMETRIC_REPRESENTATION_CONTEXT(2) 
PARAMETRIC_REPRESENTATION_CONTEXT() REPRESENTATION_CONTEXT('2D SPACE',''
  ) );
#7619 = ORIENTED_EDGE('',*,*,#7620,.F.);
#7620 = EDGE_CURVE('',#7621,#7593,#7623,.T.);
#7621 = VERTEX_POINT('',#7622);
#7622 = CARTESIAN_POINT('',(-29.02862029482,15.10277040861,
    3.804675674438));
#7623 = SURFACE_CURVE('',#7624,(#7628,#7635),.PCURVE_S1.);
#7624 = LINE('',#7625,#7626);
#7625 = CARTESIAN_POINT('',(-10.17445240933,22.91246775492,
    3.804675674438));
#7626 = VECTOR('',#7627,1.);
#7627 = DIRECTION('',(-0.923878747691,-0.382685327084,-1.13142515116E-16
    ));
#7628 = PCURVE('',#5676,#7629);
#7629 = DEFINITIONAL_REPRESENTATION('',(#7630),#7634);
#7630 = LINE('',#7631,#7632);
#7631 = CARTESIAN_POINT('',(7.662867741207,-25.77269320993));
#7632 = VECTOR('',#7633,1.);
#7633 = DIRECTION('',(-0.382685327084,-0.923878747691));
#7634 = ( GEOMETRIC_REPRESENTATION_CONTEXT(2) 
PARAMETRIC_REPRESENTATION_CONTEXT() REPRESENTATION_CONTEXT('2D SPACE',''
  ) );
#7635 = PCURVE('',#7636,#7641);
#7636 = PLANE('',#7637);
#7637 = AXIS2_PLACEMENT_3D('',#7638,#7639,#7640);
#7638 = CARTESIAN_POINT('',(-29.463540725,14.922619422892,3.204675674438
    ));
#7639 = DIRECTION('',(-0.382685327084,0.923878747691,-4.686543608939E-17
    ));
#7640 = DIRECTION('',(-1.224646799147E-16,1.60237371373E-31,1.));
#7641 = DEFINITIONAL_REPRESENTATION('',(#7642),#7646);
#7642 = LINE('',#7643,#7644);
#7643 = CARTESIAN_POINT('',(0.6,20.878376479473));
#7644 = VECTOR('',#7645,1.);
#7645 = DIRECTION('',(1.725633230171E-31,-1.));
#7646 = ( GEOMETRIC_REPRESENTATION_CONTEXT(2) 
PARAMETRIC_REPRESENTATION_CONTEXT() REPRESENTATION_CONTEXT('2D SPACE',''
  ) );
#7647 = ORIENTED_EDGE('',*,*,#7648,.F.);
#7648 = EDGE_CURVE('',#7649,#7621,#7651,.T.);
#7649 = VERTEX_POINT('',#7650);
#7650 = CARTESIAN_POINT('',(-28.57087259699,15.212664207438,
    3.804675674438));
#7651 = SURFACE_CURVE('',#7652,(#7656,#7663),.PCURVE_S1.);
#7652 = LINE('',#7653,#7654);
#7653 = CARTESIAN_POINT('',(-7.914498761555,20.171744070756,
    3.804675674438));
#7654 = VECTOR('',#7655,1.);
#7655 = DIRECTION('',(-0.972370740334,-0.233441948548,
    -1.190810714735E-16));
#7656 = PCURVE('',#5676,#7657);
#7657 = DEFINITIONAL_REPRESENTATION('',(#7658),#7662);
#7658 = LINE('',#7659,#7660);
#7659 = CARTESIAN_POINT('',(4.922144057044,-23.51273956216));
#7660 = VECTOR('',#7661,1.);
#7661 = DIRECTION('',(-0.233441948548,-0.972370740334));
#7662 = ( GEOMETRIC_REPRESENTATION_CONTEXT(2) 
PARAMETRIC_REPRESENTATION_CONTEXT() REPRESENTATION_CONTEXT('2D SPACE',''
  ) );
#7663 = PCURVE('',#7664,#7669);
#7664 = PLANE('',#7665);
#7665 = AXIS2_PLACEMENT_3D('',#7666,#7667,#7668);
#7666 = CARTESIAN_POINT('',(-29.02862029482,15.10277040861,
    3.204675674438));
#7667 = DIRECTION('',(-0.233441948548,0.972370740334,-2.858839350755E-17
    ));
#7668 = DIRECTION('',(-1.224646799147E-16,-6.162975822039E-33,1.));
#7669 = DEFINITIONAL_REPRESENTATION('',(#7670),#7674);
#7670 = LINE('',#7671,#7672);
#7671 = CARTESIAN_POINT('',(0.6,21.714065075639));
#7672 = VECTOR('',#7673,1.);
#7673 = DIRECTION('',(-7.395570986447E-32,-1.));
#7674 = ( GEOMETRIC_REPRESENTATION_CONTEXT(2) 
PARAMETRIC_REPRESENTATION_CONTEXT() REPRESENTATION_CONTEXT('2D SPACE',''
  ) );
#7675 = ORIENTED_EDGE('',*,*,#7676,.F.);
#7676 = EDGE_CURVE('',#7677,#7649,#7679,.T.);
#7677 = VERTEX_POINT('',#7678);
#7678 = CARTESIAN_POINT('',(-28.10156922747,15.249600013713,
    3.804675674438));
#7679 = SURFACE_CURVE('',#7680,(#7684,#7691),.PCURVE_S1.);
#7680 = LINE('',#7681,#7682);
#7681 = CARTESIAN_POINT('',(-6.620826201006,16.940209147553,
    3.804675674438));
#7682 = VECTOR('',#7683,1.);
#7683 = DIRECTION('',(-0.996917195812,-7.84608481581E-02,
    -1.220871452867E-16));
#7684 = PCURVE('',#5676,#7685);
#7685 = DEFINITIONAL_REPRESENTATION('',(#7686),#7690);
#7686 = LINE('',#7687,#7688);
#7687 = CARTESIAN_POINT('',(1.69060913384,-22.21906700161));
#7688 = VECTOR('',#7689,1.);
#7689 = DIRECTION('',(-7.84608481581E-02,-0.996917195812));
#7690 = ( GEOMETRIC_REPRESENTATION_CONTEXT(2) 
PARAMETRIC_REPRESENTATION_CONTEXT() REPRESENTATION_CONTEXT('2D SPACE',''
  ) );
#7691 = PCURVE('',#7692,#7697);
#7692 = PLANE('',#7693);
#7693 = AXIS2_PLACEMENT_3D('',#7694,#7695,#7696);
#7694 = CARTESIAN_POINT('',(-28.57087259699,15.212664207438,
    4.80467569828));
#7695 = DIRECTION('',(-7.84608481581E-02,0.996917195812,
    -9.60868265552E-18));
#7696 = DIRECTION('',(-1.224646799147E-16,7.703719777549E-33,1.));
#7697 = DEFINITIONAL_REPRESENTATION('',(#7698),#7702);
#7698 = LINE('',#7699,#7700);
#7699 = CARTESIAN_POINT('',(-1.000000023842,22.017923342269));
#7700 = VECTOR('',#7701,1.);
#7701 = DIRECTION('',(-3.20474742746E-31,-1.));
#7702 = ( GEOMETRIC_REPRESENTATION_CONTEXT(2) 
PARAMETRIC_REPRESENTATION_CONTEXT() REPRESENTATION_CONTEXT('2D SPACE',''
  ) );
#7703 = ORIENTED_EDGE('',*,*,#7704,.F.);
#7704 = EDGE_CURVE('',#5969,#7677,#7705,.T.);
#7705 = SURFACE_CURVE('',#7706,(#7710,#7717),.PCURVE_S1.);
#7706 = LINE('',#7707,#7708);
#7707 = CARTESIAN_POINT('',(-6.251664213431,15.249600013713,
    3.804675674438));
#7708 = VECTOR('',#7709,1.);
#7709 = DIRECTION('',(-1.,9.95799250103E-17,-1.224646799147E-16));
#7710 = PCURVE('',#5676,#7711);
#7711 = DEFINITIONAL_REPRESENTATION('',(#7712),#7716);
#7712 = LINE('',#7713,#7714);
#7713 = CARTESIAN_POINT('',(9.730017110363E-14,-21.84990501403));
#7714 = VECTOR('',#7715,1.);
#7715 = DIRECTION('',(-3.330135684236E-48,-1.));
#7716 = ( GEOMETRIC_REPRESENTATION_CONTEXT(2) 
PARAMETRIC_REPRESENTATION_CONTEXT() REPRESENTATION_CONTEXT('2D SPACE',''
  ) );
#7717 = PCURVE('',#1741,#7718);
#7718 = DEFINITIONAL_REPRESENTATION('',(#7719),#7723);
#7719 = LINE('',#7720,#7721);
#7720 = CARTESIAN_POINT('',(0.6,21.849905014038));
#7721 = VECTOR('',#7722,1.);
#7722 = DIRECTION('',(0.,-1.));
#7723 = ( GEOMETRIC_REPRESENTATION_CONTEXT(2) 
PARAMETRIC_REPRESENTATION_CONTEXT() REPRESENTATION_CONTEXT('2D SPACE',''
  ) );
#7724 = FACE_BOUND('',#7725,.T.);
#7725 = EDGE_LOOP('',(#7726,#7756,#7784,#7812,#7840,#7868,#7896,#7924,
    #7952,#7980,#8008,#8036,#8064,#8092,#8120,#8148,#8176,#8204,#8232,
    #8260,#8288,#8316,#8344,#8372,#8400,#8428,#8456,#8484,#8512,#8540,
    #8568,#8596,#8624,#8652));
#7726 = ORIENTED_EDGE('',*,*,#7727,.F.);
#7727 = EDGE_CURVE('',#7728,#7730,#7732,.T.);
#7728 = VERTEX_POINT('',#7729);
#7729 = CARTESIAN_POINT('',(-29.38429599214,9.791622718791,
    3.804675674438));
#7730 = VERTEX_POINT('',#7731);
#7731 = CARTESIAN_POINT('',(-29.71374826837,10.153015693644,
    3.804675674438));
#7732 = SURFACE_CURVE('',#7733,(#7737,#7744),.PCURVE_S1.);
#7733 = LINE('',#7734,#7735);
#7734 = CARTESIAN_POINT('',(-29.38429599214,9.791622718791,
    3.804675674438));
#7735 = VECTOR('',#7736,1.);
#7736 = DIRECTION('',(-0.673694581472,0.73900988552,-8.250379128023E-17)
  );
#7737 = PCURVE('',#5676,#7738);
#7738 = DEFINITIONAL_REPRESENTATION('',(#7739),#7743);
#7739 = LINE('',#7740,#7741);
#7740 = CARTESIAN_POINT('',(-5.457977294922,-44.98253679275));
#7741 = VECTOR('',#7742,1.);
#7742 = DIRECTION('',(0.73900988552,-0.673694581472));
#7743 = ( GEOMETRIC_REPRESENTATION_CONTEXT(2) 
PARAMETRIC_REPRESENTATION_CONTEXT() REPRESENTATION_CONTEXT('2D SPACE',''
  ) );
#7744 = PCURVE('',#7745,#7750);
#7745 = PLANE('',#7746);
#7746 = AXIS2_PLACEMENT_3D('',#7747,#7748,#7749);
#7747 = CARTESIAN_POINT('',(-29.38429599214,9.791622718791,
    3.204675674438));
#7748 = DIRECTION('',(-0.73900988552,-0.673694581472,-9.050260908397E-17
    ));
#7749 = DIRECTION('',(1.224646799147E-16,2.095411779493E-31,-1.));
#7750 = DEFINITIONAL_REPRESENTATION('',(#7751),#7755);
#7751 = LINE('',#7752,#7753);
#7752 = CARTESIAN_POINT('',(-0.6,4.950227476814E-17));
#7753 = VECTOR('',#7754,1.);
#7754 = DIRECTION('',(1.725633230171E-31,-1.));
#7755 = ( GEOMETRIC_REPRESENTATION_CONTEXT(2) 
PARAMETRIC_REPRESENTATION_CONTEXT() REPRESENTATION_CONTEXT('2D SPACE',''
  ) );
#7756 = ORIENTED_EDGE('',*,*,#7757,.F.);
#7757 = EDGE_CURVE('',#7758,#7728,#7760,.T.);
#7758 = VERTEX_POINT('',#7759);
#7759 = CARTESIAN_POINT('',(-28.99404793192,9.496922096232,
    3.804675674438));
#7760 = SURFACE_CURVE('',#7761,(#7765,#7772),.PCURVE_S1.);
#7761 = LINE('',#7762,#7763);
#7762 = CARTESIAN_POINT('',(-28.99404793192,9.496922096232,
    3.804675674438));
#7763 = VECTOR('',#7764,1.);
#7764 = DIRECTION('',(-0.798018242939,0.602633291427,-9.772904868767E-17
    ));
#7765 = PCURVE('',#5676,#7766);
#7766 = DEFINITIONAL_REPRESENTATION('',(#7767),#7771);
#7767 = LINE('',#7768,#7769);
#7768 = CARTESIAN_POINT('',(-5.75267791748,-44.59228873252));
#7769 = VECTOR('',#7770,1.);
#7770 = DIRECTION('',(0.602633291427,-0.798018242939));
#7771 = ( GEOMETRIC_REPRESENTATION_CONTEXT(2) 
PARAMETRIC_REPRESENTATION_CONTEXT() REPRESENTATION_CONTEXT('2D SPACE',''
  ) );
#7772 = PCURVE('',#7773,#7778);
#7773 = PLANE('',#7774);
#7774 = AXIS2_PLACEMENT_3D('',#7775,#7776,#7777);
#7775 = CARTESIAN_POINT('',(-28.99404793192,9.496922096232,
    3.204675674438));
#7776 = DIRECTION('',(-0.602633291427,-0.798018242939,
    -7.380129314058E-17));
#7777 = DIRECTION('',(1.224646799147E-16,1.60237371373E-31,-1.));
#7778 = DEFINITIONAL_REPRESENTATION('',(#7779),#7783);
#7779 = LINE('',#7780,#7781);
#7780 = CARTESIAN_POINT('',(-0.6,5.86374292126E-17));
#7781 = VECTOR('',#7782,1.);
#7782 = DIRECTION('',(3.08148791102E-31,-1.));
#7783 = ( GEOMETRIC_REPRESENTATION_CONTEXT(2) 
PARAMETRIC_REPRESENTATION_CONTEXT() REPRESENTATION_CONTEXT('2D SPACE',''
  ) );
#7784 = ORIENTED_EDGE('',*,*,#7785,.F.);
#7785 = EDGE_CURVE('',#7786,#7758,#7788,.T.);
#7786 = VERTEX_POINT('',#7787);
#7787 = CARTESIAN_POINT('',(-28.55629306246,9.278946479777,
    3.804675674438));
#7788 = SURFACE_CURVE('',#7789,(#7793,#7800),.PCURVE_S1.);
#7789 = LINE('',#7790,#7791);
#7790 = CARTESIAN_POINT('',(-28.55629306246,9.278946479777,
    3.804675674438));
#7791 = VECTOR('',#7792,1.);
#7792 = DIRECTION('',(-0.895163624491,0.445737686749,-1.096259267446E-16
    ));
#7793 = PCURVE('',#5676,#7794);
#7794 = DEFINITIONAL_REPRESENTATION('',(#7795),#7799);
#7795 = LINE('',#7796,#7797);
#7796 = CARTESIAN_POINT('',(-5.970653533936,-44.15453386306));
#7797 = VECTOR('',#7798,1.);
#7798 = DIRECTION('',(0.445737686749,-0.895163624491));
#7799 = ( GEOMETRIC_REPRESENTATION_CONTEXT(2) 
PARAMETRIC_REPRESENTATION_CONTEXT() REPRESENTATION_CONTEXT('2D SPACE',''
  ) );
#7800 = PCURVE('',#7801,#7806);
#7801 = PLANE('',#7802);
#7802 = AXIS2_PLACEMENT_3D('',#7803,#7804,#7805);
#7803 = CARTESIAN_POINT('',(-28.55629306246,9.278946479777,
    3.204675674438));
#7804 = DIRECTION('',(-0.445737686749,-0.895163624491,
    -5.458712313362E-17));
#7805 = DIRECTION('',(1.224646799147E-16,1.787262988391E-31,-1.));
#7806 = DEFINITIONAL_REPRESENTATION('',(#7807),#7811);
#7807 = LINE('',#7808,#7809);
#7808 = CARTESIAN_POINT('',(-0.6,6.577555604676E-17));
#7809 = VECTOR('',#7810,1.);
#7810 = DIRECTION('',(7.88860905221E-31,-1.));
#7811 = ( GEOMETRIC_REPRESENTATION_CONTEXT(2) 
PARAMETRIC_REPRESENTATION_CONTEXT() REPRESENTATION_CONTEXT('2D SPACE',''
  ) );
#7812 = ORIENTED_EDGE('',*,*,#7813,.F.);
#7813 = EDGE_CURVE('',#7814,#7786,#7816,.T.);
#7814 = VERTEX_POINT('',#7815);
#7815 = CARTESIAN_POINT('',(-28.08593874384,9.145119270304,
    3.804675674438));
#7816 = SURFACE_CURVE('',#7817,(#7821,#7828),.PCURVE_S1.);
#7817 = LINE('',#7818,#7819);
#7818 = CARTESIAN_POINT('',(-28.08593874384,9.145119270304,
    3.804675674438));
#7819 = VECTOR('',#7820,1.);
#7820 = DIRECTION('',(-0.961825714468,0.273662739495,-1.177896782561E-16
    ));
#7821 = PCURVE('',#5676,#7822);
#7822 = DEFINITIONAL_REPRESENTATION('',(#7823),#7827);
#7823 = LINE('',#7824,#7825);
#7824 = CARTESIAN_POINT('',(-6.104480743408,-43.68417954444));
#7825 = VECTOR('',#7826,1.);
#7826 = DIRECTION('',(0.273662739495,-0.961825714468));
#7827 = ( GEOMETRIC_REPRESENTATION_CONTEXT(2) 
PARAMETRIC_REPRESENTATION_CONTEXT() REPRESENTATION_CONTEXT('2D SPACE',''
  ) );
#7828 = PCURVE('',#7829,#7834);
#7829 = PLANE('',#7830);
#7830 = AXIS2_PLACEMENT_3D('',#7831,#7832,#7833);
#7831 = CARTESIAN_POINT('',(-28.08593874384,9.145119270304,
    3.204675674438));
#7832 = DIRECTION('',(-0.273662739495,-0.961825714468,
    -3.351401979679E-17));
#7833 = DIRECTION('',(1.224646799147E-16,3.697785493223E-32,-1.));
#7834 = DEFINITIONAL_REPRESENTATION('',(#7835),#7839);
#7835 = LINE('',#7836,#7837);
#7836 = CARTESIAN_POINT('',(-0.6,7.067380695367E-17));
#7837 = VECTOR('',#7838,1.);
#7838 = DIRECTION('',(3.20474742746E-31,-1.));
#7839 = ( GEOMETRIC_REPRESENTATION_CONTEXT(2) 
PARAMETRIC_REPRESENTATION_CONTEXT() REPRESENTATION_CONTEXT('2D SPACE',''
  ) );
#7840 = ORIENTED_EDGE('',*,*,#7841,.F.);
#7841 = EDGE_CURVE('',#7842,#7814,#7844,.T.);
#7842 = VERTEX_POINT('',#7843);
#7843 = CARTESIAN_POINT('',(-27.59900265146,9.099997123698,
    3.804675674438));
#7844 = SURFACE_CURVE('',#7845,(#7849,#7856),.PCURVE_S1.);
#7845 = LINE('',#7846,#7847);
#7846 = CARTESIAN_POINT('',(-27.59900265146,9.099997123698,
    3.804675674438));
#7847 = VECTOR('',#7848,1.);
#7848 = DIRECTION('',(-0.995734012317,9.227012905426E-02,
    -1.219422470986E-16));
#7849 = PCURVE('',#5676,#7850);
#7850 = DEFINITIONAL_REPRESENTATION('',(#7851),#7855);
#7851 = LINE('',#7852,#7853);
#7852 = CARTESIAN_POINT('',(-6.149602890015,-43.19724345207));
#7853 = VECTOR('',#7854,1.);
#7854 = DIRECTION('',(9.227012905426E-02,-0.995734012317));
#7855 = ( GEOMETRIC_REPRESENTATION_CONTEXT(2) 
PARAMETRIC_REPRESENTATION_CONTEXT() REPRESENTATION_CONTEXT('2D SPACE',''
  ) );
#7856 = PCURVE('',#7857,#7862);
#7857 = PLANE('',#7858);
#7858 = AXIS2_PLACEMENT_3D('',#7859,#7860,#7861);
#7859 = CARTESIAN_POINT('',(-27.59900265146,9.099997123698,
    3.204675674438));
#7860 = DIRECTION('',(-9.227012905426E-02,-0.995734012317,
    -1.129983182032E-17));
#7861 = DIRECTION('',(1.224646799147E-16,3.389636702122E-32,-1.));
#7862 = DEFINITIONAL_REPRESENTATION('',(#7863),#7867);
#7863 = LINE('',#7864,#7865);
#7864 = CARTESIAN_POINT('',(-0.6,7.316534825915E-17));
#7865 = VECTOR('',#7866,1.);
#7866 = DIRECTION('',(7.88860905221E-31,-1.));
#7867 = ( GEOMETRIC_REPRESENTATION_CONTEXT(2) 
PARAMETRIC_REPRESENTATION_CONTEXT() REPRESENTATION_CONTEXT('2D SPACE',''
  ) );
#7868 = ORIENTED_EDGE('',*,*,#7869,.F.);
#7869 = EDGE_CURVE('',#7870,#7842,#7872,.T.);
#7870 = VERTEX_POINT('',#7871);
#7871 = CARTESIAN_POINT('',(-27.11206632067,9.145119270304,
    3.804675674438));
#7872 = SURFACE_CURVE('',#7873,(#7877,#7884),.PCURVE_S1.);
#7873 = LINE('',#7874,#7875);
#7874 = CARTESIAN_POINT('',(-27.59900265146,9.099997123698,
    3.804675674438));
#7875 = VECTOR('',#7876,1.);
#7876 = DIRECTION('',(-0.995734016468,-9.227008426069E-02,
    -1.219422476069E-16));
#7877 = PCURVE('',#5676,#7878);
#7878 = DEFINITIONAL_REPRESENTATION('',(#7879),#7883);
#7879 = LINE('',#7880,#7881);
#7880 = CARTESIAN_POINT('',(-6.149602890015,-43.19724345207));
#7881 = VECTOR('',#7882,1.);
#7882 = DIRECTION('',(-9.227008426069E-02,-0.995734016468));
#7883 = ( GEOMETRIC_REPRESENTATION_CONTEXT(2) 
PARAMETRIC_REPRESENTATION_CONTEXT() REPRESENTATION_CONTEXT('2D SPACE',''
  ) );
#7884 = PCURVE('',#7885,#7890);
#7885 = PLANE('',#7886);
#7886 = AXIS2_PLACEMENT_3D('',#7887,#7888,#7889);
#7887 = CARTESIAN_POINT('',(-27.11206632067,9.145119270304,
    3.204675674438));
#7888 = DIRECTION('',(9.227008426069E-02,-0.995734016468,
    1.129982633469E-17));
#7889 = DIRECTION('',(1.224646799147E-16,-5.238529448733E-32,-1.));
#7890 = DEFINITIONAL_REPRESENTATION('',(#7891),#7895);
#7891 = LINE('',#7892,#7893);
#7892 = CARTESIAN_POINT('',(-0.6,-0.489022492696));
#7893 = VECTOR('',#7894,1.);
#7894 = DIRECTION('',(4.930380657631E-31,-1.));
#7895 = ( GEOMETRIC_REPRESENTATION_CONTEXT(2) 
PARAMETRIC_REPRESENTATION_CONTEXT() REPRESENTATION_CONTEXT('2D SPACE',''
  ) );
#7896 = ORIENTED_EDGE('',*,*,#7897,.F.);
#7897 = EDGE_CURVE('',#7898,#7870,#7900,.T.);
#7898 = VERTEX_POINT('',#7899);
#7899 = CARTESIAN_POINT('',(-26.64171224047,9.278946479777,
    3.804675674438));
#7900 = SURFACE_CURVE('',#7901,(#7905,#7912),.PCURVE_S1.);
#7901 = LINE('',#7902,#7903);
#7902 = CARTESIAN_POINT('',(-27.11206632067,9.145119270304,
    3.804675674438));
#7903 = VECTOR('',#7904,1.);
#7904 = DIRECTION('',(-0.961825677956,-0.273662867823,
    -1.177896737846E-16));
#7905 = PCURVE('',#5676,#7906);
#7906 = DEFINITIONAL_REPRESENTATION('',(#7907),#7911);
#7907 = LINE('',#7908,#7909);
#7908 = CARTESIAN_POINT('',(-6.104480743408,-42.71030712127));
#7909 = VECTOR('',#7910,1.);
#7910 = DIRECTION('',(-0.273662867823,-0.961825677956));
#7911 = ( GEOMETRIC_REPRESENTATION_CONTEXT(2) 
PARAMETRIC_REPRESENTATION_CONTEXT() REPRESENTATION_CONTEXT('2D SPACE',''
  ) );
#7912 = PCURVE('',#7913,#7918);
#7913 = PLANE('',#7914);
#7914 = AXIS2_PLACEMENT_3D('',#7915,#7916,#7917);
#7915 = CARTESIAN_POINT('',(-26.64171224047,9.278946479777,
    3.204675674438));
#7916 = DIRECTION('',(0.273662867823,-0.961825677956,3.351403551252E-17)
  );
#7917 = DIRECTION('',(1.224646799147E-16,-1.232595164408E-31,-1.));
#7918 = DEFINITIONAL_REPRESENTATION('',(#7919),#7923);
#7919 = LINE('',#7920,#7921);
#7920 = CARTESIAN_POINT('',(-0.6,-0.489022170005));
#7921 = VECTOR('',#7922,1.);
#7922 = DIRECTION('',(5.916456789158E-31,-1.));
#7923 = ( GEOMETRIC_REPRESENTATION_CONTEXT(2) 
PARAMETRIC_REPRESENTATION_CONTEXT() REPRESENTATION_CONTEXT('2D SPACE',''
  ) );
#7924 = ORIENTED_EDGE('',*,*,#7925,.F.);
#7925 = EDGE_CURVE('',#7926,#7898,#7928,.T.);
#7926 = VERTEX_POINT('',#7927);
#7927 = CARTESIAN_POINT('',(-26.20395713259,9.496922096232,
    3.804675674438));
#7928 = SURFACE_CURVE('',#7929,(#7933,#7940),.PCURVE_S1.);
#7929 = LINE('',#7930,#7931);
#7930 = CARTESIAN_POINT('',(-26.64171224047,9.278946479777,
    3.804675674438));
#7931 = VECTOR('',#7932,1.);
#7932 = DIRECTION('',(-0.895163721357,-0.445737492216,
    -1.096259386072E-16));
#7933 = PCURVE('',#5676,#7934);
#7934 = DEFINITIONAL_REPRESENTATION('',(#7935),#7939);
#7935 = LINE('',#7936,#7937);
#7936 = CARTESIAN_POINT('',(-5.970653533936,-42.23995304107));
#7937 = VECTOR('',#7938,1.);
#7938 = DIRECTION('',(-0.445737492216,-0.895163721357));
#7939 = ( GEOMETRIC_REPRESENTATION_CONTEXT(2) 
PARAMETRIC_REPRESENTATION_CONTEXT() REPRESENTATION_CONTEXT('2D SPACE',''
  ) );
#7940 = PCURVE('',#7941,#7946);
#7941 = PLANE('',#7942);
#7942 = AXIS2_PLACEMENT_3D('',#7943,#7944,#7945);
#7943 = CARTESIAN_POINT('',(-26.20395713259,9.496922096232,
    3.204675674438));
#7944 = DIRECTION('',(0.445737492216,-0.895163721357,5.458709931021E-17)
  );
#7945 = DIRECTION('',(1.224646799147E-16,-9.860761315263E-32,-1.));
#7946 = DEFINITIONAL_REPRESENTATION('',(#7947),#7951);
#7947 = LINE('',#7948,#7949);
#7948 = CARTESIAN_POINT('',(-0.6,-0.489022396055));
#7949 = VECTOR('',#7950,1.);
#7950 = DIRECTION('',(3.944304526105E-31,-1.));
#7951 = ( GEOMETRIC_REPRESENTATION_CONTEXT(2) 
PARAMETRIC_REPRESENTATION_CONTEXT() REPRESENTATION_CONTEXT('2D SPACE',''
  ) );
#7952 = ORIENTED_EDGE('',*,*,#7953,.F.);
#7953 = EDGE_CURVE('',#7954,#7926,#7956,.T.);
#7954 = VERTEX_POINT('',#7955);
#7955 = CARTESIAN_POINT('',(-25.81370931078,9.791622718791,
    3.804675674438));
#7956 = SURFACE_CURVE('',#7957,(#7961,#7968),.PCURVE_S1.);
#7957 = LINE('',#7958,#7959);
#7958 = CARTESIAN_POINT('',(-26.20395713259,9.496922096232,
    3.804675674438));
#7959 = VECTOR('',#7960,1.);
#7960 = DIRECTION('',(-0.79801806588,-0.602633525892,-9.772902700416E-17
    ));
#7961 = PCURVE('',#5676,#7962);
#7962 = DEFINITIONAL_REPRESENTATION('',(#7963),#7967);
#7963 = LINE('',#7964,#7965);
#7964 = CARTESIAN_POINT('',(-5.75267791748,-41.80219793319));
#7965 = VECTOR('',#7966,1.);
#7966 = DIRECTION('',(-0.602633525892,-0.79801806588));
#7967 = ( GEOMETRIC_REPRESENTATION_CONTEXT(2) 
PARAMETRIC_REPRESENTATION_CONTEXT() REPRESENTATION_CONTEXT('2D SPACE',''
  ) );
#7968 = PCURVE('',#7969,#7974);
#7969 = PLANE('',#7970);
#7970 = AXIS2_PLACEMENT_3D('',#7971,#7972,#7973);
#7971 = CARTESIAN_POINT('',(-25.81370931078,9.791622718791,
    3.204675674438));
#7972 = DIRECTION('',(0.602633525892,-0.79801806588,7.380132185428E-17)
  );
#7973 = DIRECTION('',(1.224646799147E-16,-7.395570986447E-32,-1.));
#7974 = DEFINITIONAL_REPRESENTATION('',(#7975),#7979);
#7975 = LINE('',#7976,#7977);
#7976 = CARTESIAN_POINT('',(-0.6,-0.489021287228));
#7977 = VECTOR('',#7978,1.);
#7978 = DIRECTION('',(2.834968878138E-31,-1.));
#7979 = ( GEOMETRIC_REPRESENTATION_CONTEXT(2) 
PARAMETRIC_REPRESENTATION_CONTEXT() REPRESENTATION_CONTEXT('2D SPACE',''
  ) );
#7980 = ORIENTED_EDGE('',*,*,#7981,.F.);
#7981 = EDGE_CURVE('',#7982,#7954,#7984,.T.);
#7982 = VERTEX_POINT('',#7983);
#7983 = CARTESIAN_POINT('',(-25.48425679613,10.153015693644,
    3.804675674438));
#7984 = SURFACE_CURVE('',#7985,(#7989,#7996),.PCURVE_S1.);
#7985 = LINE('',#7986,#7987);
#7986 = CARTESIAN_POINT('',(-25.81370931078,9.791622718791,
    3.804675674438));
#7987 = VECTOR('',#7988,1.);
#7988 = DIRECTION('',(-0.673694847735,-0.739009642789,
    -8.250382388805E-17));
#7989 = PCURVE('',#5676,#7990);
#7990 = DEFINITIONAL_REPRESENTATION('',(#7991),#7995);
#7991 = LINE('',#7992,#7993);
#7992 = CARTESIAN_POINT('',(-5.457977294922,-41.41195011138));
#7993 = VECTOR('',#7994,1.);
#7994 = DIRECTION('',(-0.739009642789,-0.673694847735));
#7995 = ( GEOMETRIC_REPRESENTATION_CONTEXT(2) 
PARAMETRIC_REPRESENTATION_CONTEXT() REPRESENTATION_CONTEXT('2D SPACE',''
  ) );
#7996 = PCURVE('',#7997,#8002);
#7997 = PLANE('',#7998);
#7998 = AXIS2_PLACEMENT_3D('',#7999,#8000,#8001);
#7999 = CARTESIAN_POINT('',(-25.48425679613,10.153015693644,
    3.204675674438));
#8000 = DIRECTION('',(0.739009642789,-0.673694847735,9.050257935809E-17)
  );
#8001 = DIRECTION('',(1.224646799147E-16,-1.848892746612E-31,-1.));
#8002 = DEFINITIONAL_REPRESENTATION('',(#8003),#8007);
#8003 = LINE('',#8004,#8005);
#8004 = CARTESIAN_POINT('',(-0.6,-0.489023354945));
#8005 = VECTOR('',#8006,1.);
#8006 = DIRECTION('',(2.095411779493E-31,-1.));
#8007 = ( GEOMETRIC_REPRESENTATION_CONTEXT(2) 
PARAMETRIC_REPRESENTATION_CONTEXT() REPRESENTATION_CONTEXT('2D SPACE',''
  ) );
#8008 = ORIENTED_EDGE('',*,*,#8009,.F.);
#8009 = EDGE_CURVE('',#8010,#7982,#8012,.T.);
#8010 = VERTEX_POINT('',#8011);
#8011 = CARTESIAN_POINT('',(-25.22682004381,10.568790992716,
    3.804675674438));
#8012 = SURFACE_CURVE('',#8013,(#8017,#8024),.PCURVE_S1.);
#8013 = LINE('',#8014,#8015);
#8014 = CARTESIAN_POINT('',(-25.48425679613,10.153015693644,
    3.804675674438));
#8015 = VECTOR('',#8016,1.);
#8016 = DIRECTION('',(-0.526431551282,-0.850217514413,
    -6.446927142481E-17));
#8017 = PCURVE('',#5676,#8018);
#8018 = DEFINITIONAL_REPRESENTATION('',(#8019),#8023);
#8019 = LINE('',#8020,#8021);
#8020 = CARTESIAN_POINT('',(-5.096584320068,-41.08249759674));
#8021 = VECTOR('',#8022,1.);
#8022 = DIRECTION('',(-0.850217514413,-0.526431551282));
#8023 = ( GEOMETRIC_REPRESENTATION_CONTEXT(2) 
PARAMETRIC_REPRESENTATION_CONTEXT() REPRESENTATION_CONTEXT('2D SPACE',''
  ) );
#8024 = PCURVE('',#8025,#8030);
#8025 = PLANE('',#8026);
#8026 = AXIS2_PLACEMENT_3D('',#8027,#8028,#8029);
#8027 = CARTESIAN_POINT('',(-25.22682004381,10.568790992716,
    3.204675674438));
#8028 = DIRECTION('',(0.850217514413,-0.526431551282,1.041216157605E-16)
  );
#8029 = DIRECTION('',(1.224646799147E-16,-2.033782021273E-31,-1.));
#8030 = DEFINITIONAL_REPRESENTATION('',(#8031),#8035);
#8031 = LINE('',#8032,#8033);
#8032 = CARTESIAN_POINT('',(-0.6,-0.489022270212));
#8033 = VECTOR('',#8034,1.);
#8034 = DIRECTION('',(1.232595164408E-31,-1.));
#8035 = ( GEOMETRIC_REPRESENTATION_CONTEXT(2) 
PARAMETRIC_REPRESENTATION_CONTEXT() REPRESENTATION_CONTEXT('2D SPACE',''
  ) );
#8036 = ORIENTED_EDGE('',*,*,#8037,.F.);
#8037 = EDGE_CURVE('',#8038,#8010,#8040,.T.);
#8038 = VERTEX_POINT('',#8039);
#8039 = CARTESIAN_POINT('',(-25.0501647513,11.024790367106,
    3.804675674438));
#8040 = SURFACE_CURVE('',#8041,(#8045,#8052),.PCURVE_S1.);
#8041 = LINE('',#8042,#8043);
#8042 = CARTESIAN_POINT('',(-25.22682004381,10.568790992716,
    3.804675674438));
#8043 = VECTOR('',#8044,1.);
#8044 = DIRECTION('',(-0.36124201067,-0.932472095951,-4.42393872084E-17)
  );
#8045 = PCURVE('',#5676,#8046);
#8046 = DEFINITIONAL_REPRESENTATION('',(#8047),#8051);
#8047 = LINE('',#8048,#8049);
#8048 = CARTESIAN_POINT('',(-4.680809020996,-40.82506084442));
#8049 = VECTOR('',#8050,1.);
#8050 = DIRECTION('',(-0.932472095951,-0.36124201067));
#8051 = ( GEOMETRIC_REPRESENTATION_CONTEXT(2) 
PARAMETRIC_REPRESENTATION_CONTEXT() REPRESENTATION_CONTEXT('2D SPACE',''
  ) );
#8052 = PCURVE('',#8053,#8058);
#8053 = PLANE('',#8054);
#8054 = AXIS2_PLACEMENT_3D('',#8055,#8056,#8057);
#8055 = CARTESIAN_POINT('',(-25.0501647513,11.024790367106,
    3.204675674438));
#8056 = DIRECTION('',(0.932472095951,-0.36124201067,1.141948967601E-16)
  );
#8057 = DIRECTION('',(1.224646799147E-16,-1.479114197289E-31,-1.));
#8058 = DEFINITIONAL_REPRESENTATION('',(#8059),#8063);
#8059 = LINE('',#8060,#8061);
#8060 = CARTESIAN_POINT('',(-0.6,-0.489022005452));
#8061 = VECTOR('',#8062,1.);
#8062 = DIRECTION('',(9.244463733059E-32,-1.));
#8063 = ( GEOMETRIC_REPRESENTATION_CONTEXT(2) 
PARAMETRIC_REPRESENTATION_CONTEXT() REPRESENTATION_CONTEXT('2D SPACE',''
  ) );
#8064 = ORIENTED_EDGE('',*,*,#8065,.F.);
#8065 = EDGE_CURVE('',#8066,#8038,#8068,.T.);
#8066 = VERTEX_POINT('',#8067);
#8067 = CARTESIAN_POINT('',(-24.96030717302,11.505486091593,
    3.804675674438));
#8068 = SURFACE_CURVE('',#8069,(#8073,#8080),.PCURVE_S1.);
#8069 = LINE('',#8070,#8071);
#8070 = CARTESIAN_POINT('',(-25.0501647513,11.024790367106,
    3.804675674438));
#8071 = VECTOR('',#8072,1.);
#8072 = DIRECTION('',(-0.183749466878,-0.982973109206,
    -2.250281964576E-17));
#8073 = PCURVE('',#5676,#8074);
#8074 = DEFINITIONAL_REPRESENTATION('',(#8075),#8079);
#8075 = LINE('',#8076,#8077);
#8076 = CARTESIAN_POINT('',(-4.224809646606,-40.64840555191));
#8077 = VECTOR('',#8078,1.);
#8078 = DIRECTION('',(-0.982973109206,-0.183749466878));
#8079 = ( GEOMETRIC_REPRESENTATION_CONTEXT(2) 
PARAMETRIC_REPRESENTATION_CONTEXT() REPRESENTATION_CONTEXT('2D SPACE',''
  ) );
#8080 = PCURVE('',#8081,#8086);
#8081 = PLANE('',#8082);
#8082 = AXIS2_PLACEMENT_3D('',#8083,#8084,#8085);
#8083 = CARTESIAN_POINT('',(-24.96030717302,11.505486091593,
    3.204675674438));
#8084 = DIRECTION('',(0.982973109206,-0.183749466878,1.203794871837E-16)
  );
#8085 = DIRECTION('',(1.224646799147E-16,-9.552612524161E-32,-1.));
#8086 = DEFINITIONAL_REPRESENTATION('',(#8087),#8091);
#8087 = LINE('',#8088,#8089);
#8088 = CARTESIAN_POINT('',(-0.6,-0.489022252985));
#8089 = VECTOR('',#8090,1.);
#8090 = DIRECTION('',(3.697785493223E-32,-1.));
#8091 = ( GEOMETRIC_REPRESENTATION_CONTEXT(2) 
PARAMETRIC_REPRESENTATION_CONTEXT() REPRESENTATION_CONTEXT('2D SPACE',''
  ) );
#8092 = ORIENTED_EDGE('',*,*,#8093,.F.);
#8093 = EDGE_CURVE('',#8094,#8066,#8096,.T.);
#8094 = VERTEX_POINT('',#8095);
#8095 = CARTESIAN_POINT('',(-24.96030717302,11.994507392863,
    3.804675674438));
#8096 = SURFACE_CURVE('',#8097,(#8101,#8108),.PCURVE_S1.);
#8097 = LINE('',#8098,#8099);
#8098 = CARTESIAN_POINT('',(-24.96030717302,11.505486091593,
    3.804675674438));
#8099 = VECTOR('',#8100,1.);
#8100 = DIRECTION('',(-9.95799250103E-17,-1.,-1.54074395551E-32));
#8101 = PCURVE('',#5676,#8102);
#8102 = DEFINITIONAL_REPRESENTATION('',(#8103),#8107);
#8103 = LINE('',#8104,#8105);
#8104 = CARTESIAN_POINT('',(-3.744113922119,-40.55854797363));
#8105 = VECTOR('',#8106,1.);
#8106 = DIRECTION('',(-1.,-3.330135684236E-48));
#8107 = ( GEOMETRIC_REPRESENTATION_CONTEXT(2) 
PARAMETRIC_REPRESENTATION_CONTEXT() REPRESENTATION_CONTEXT('2D SPACE',''
  ) );
#8108 = PCURVE('',#8109,#8114);
#8109 = PLANE('',#8110);
#8110 = AXIS2_PLACEMENT_3D('',#8111,#8112,#8113);
#8111 = CARTESIAN_POINT('',(-24.96030717302,11.994507392863,
    3.204675674438));
#8112 = DIRECTION('',(1.,-9.95799250103E-17,1.224646799147E-16));
#8113 = DIRECTION('',(1.224646799147E-16,1.499759782662E-32,-1.));
#8114 = DEFINITIONAL_REPRESENTATION('',(#8115),#8119);
#8115 = LINE('',#8116,#8117);
#8116 = CARTESIAN_POINT('',(-0.6,-0.489021301269));
#8117 = VECTOR('',#8118,1.);
#8118 = DIRECTION('',(-1.178518191384E-32,-1.));
#8119 = ( GEOMETRIC_REPRESENTATION_CONTEXT(2) 
PARAMETRIC_REPRESENTATION_CONTEXT() REPRESENTATION_CONTEXT('2D SPACE',''
  ) );
#8120 = ORIENTED_EDGE('',*,*,#8121,.F.);
#8121 = EDGE_CURVE('',#8122,#8094,#8124,.T.);
#8122 = VERTEX_POINT('',#8123);
#8123 = CARTESIAN_POINT('',(-25.0501647513,12.475205024699,
    3.804675674438));
#8124 = SURFACE_CURVE('',#8125,(#8129,#8136),.PCURVE_S1.);
#8125 = LINE('',#8126,#8127);
#8126 = CARTESIAN_POINT('',(-24.96030717302,11.994507392863,
    3.804675674438));
#8127 = VECTOR('',#8128,1.);
#8128 = DIRECTION('',(0.1837487624,-0.982973240895,2.250273337206E-17));
#8129 = PCURVE('',#5676,#8130);
#8130 = DEFINITIONAL_REPRESENTATION('',(#8131),#8135);
#8131 = LINE('',#8132,#8133);
#8132 = CARTESIAN_POINT('',(-3.25509262085,-40.55854797363));
#8133 = VECTOR('',#8134,1.);
#8134 = DIRECTION('',(-0.982973240895,0.1837487624));
#8135 = ( GEOMETRIC_REPRESENTATION_CONTEXT(2) 
PARAMETRIC_REPRESENTATION_CONTEXT() REPRESENTATION_CONTEXT('2D SPACE',''
  ) );
#8136 = PCURVE('',#8137,#8142);
#8137 = PLANE('',#8138);
#8138 = AXIS2_PLACEMENT_3D('',#8139,#8140,#8141);
#8139 = CARTESIAN_POINT('',(-25.0501647513,12.475205024699,
    3.204675674438));
#8140 = DIRECTION('',(0.982973240895,0.1837487624,1.20379503311E-16));
#8141 = DIRECTION('',(1.224646799147E-16,1.078520768857E-31,-1.));
#8142 = DEFINITIONAL_REPRESENTATION('',(#8143),#8147);
#8143 = LINE('',#8144,#8145);
#8144 = CARTESIAN_POINT('',(-0.6,-0.489024127857));
#8145 = VECTOR('',#8146,1.);
#8146 = DIRECTION('',(-3.08148791102E-33,-1.));
#8147 = ( GEOMETRIC_REPRESENTATION_CONTEXT(2) 
PARAMETRIC_REPRESENTATION_CONTEXT() REPRESENTATION_CONTEXT('2D SPACE',''
  ) );
#8148 = ORIENTED_EDGE('',*,*,#8149,.F.);
#8149 = EDGE_CURVE('',#8150,#8122,#8152,.T.);
#8150 = VERTEX_POINT('',#8151);
#8151 = CARTESIAN_POINT('',(-25.22682004381,12.931204399089,
    3.804675674438));
#8152 = SURFACE_CURVE('',#8153,(#8157,#8164),.PCURVE_S1.);
#8153 = LINE('',#8154,#8155);
#8154 = CARTESIAN_POINT('',(-25.0501647513,12.475205024699,
    3.804675674438));
#8155 = VECTOR('',#8156,1.);
#8156 = DIRECTION('',(0.36124201067,-0.932472095951,4.42393872084E-17));
#8157 = PCURVE('',#5676,#8158);
#8158 = DEFINITIONAL_REPRESENTATION('',(#8159),#8163);
#8159 = LINE('',#8160,#8161);
#8160 = CARTESIAN_POINT('',(-2.774394989014,-40.64840555191));
#8161 = VECTOR('',#8162,1.);
#8162 = DIRECTION('',(-0.932472095951,0.36124201067));
#8163 = ( GEOMETRIC_REPRESENTATION_CONTEXT(2) 
PARAMETRIC_REPRESENTATION_CONTEXT() REPRESENTATION_CONTEXT('2D SPACE',''
  ) );
#8164 = PCURVE('',#8165,#8170);
#8165 = PLANE('',#8166);
#8166 = AXIS2_PLACEMENT_3D('',#8167,#8168,#8169);
#8167 = CARTESIAN_POINT('',(-25.22682004381,12.931204399089,
    3.204675674438));
#8168 = DIRECTION('',(0.932472095951,0.36124201067,1.141948967601E-16));
#8169 = DIRECTION('',(1.224646799147E-16,1.725633230171E-31,-1.));
#8170 = DEFINITIONAL_REPRESENTATION('',(#8171),#8175);
#8171 = LINE('',#8172,#8173);
#8172 = CARTESIAN_POINT('',(-0.6,-0.489022005452));
#8173 = VECTOR('',#8174,1.);
#8174 = DIRECTION('',(-1.232595164408E-31,-1.));
#8175 = ( GEOMETRIC_REPRESENTATION_CONTEXT(2) 
PARAMETRIC_REPRESENTATION_CONTEXT() REPRESENTATION_CONTEXT('2D SPACE',''
  ) );
#8176 = ORIENTED_EDGE('',*,*,#8177,.F.);
#8177 = EDGE_CURVE('',#8178,#8150,#8180,.T.);
#8178 = VERTEX_POINT('',#8179);
#8179 = CARTESIAN_POINT('',(-25.48425679613,13.346979698161,
    3.804675674438));
#8180 = SURFACE_CURVE('',#8181,(#8185,#8192),.PCURVE_S1.);
#8181 = LINE('',#8182,#8183);
#8182 = CARTESIAN_POINT('',(-25.22682004381,12.931204399089,
    3.804675674438));
#8183 = VECTOR('',#8184,1.);
#8184 = DIRECTION('',(0.526431551282,-0.850217514413,6.446927142481E-17)
  );
#8185 = PCURVE('',#5676,#8186);
#8186 = DEFINITIONAL_REPRESENTATION('',(#8187),#8191);
#8187 = LINE('',#8188,#8189);
#8188 = CARTESIAN_POINT('',(-2.318395614624,-40.82506084442));
#8189 = VECTOR('',#8190,1.);
#8190 = DIRECTION('',(-0.850217514413,0.526431551282));
#8191 = ( GEOMETRIC_REPRESENTATION_CONTEXT(2) 
PARAMETRIC_REPRESENTATION_CONTEXT() REPRESENTATION_CONTEXT('2D SPACE',''
  ) );
#8192 = PCURVE('',#8193,#8198);
#8193 = PLANE('',#8194);
#8194 = AXIS2_PLACEMENT_3D('',#8195,#8196,#8197);
#8195 = CARTESIAN_POINT('',(-25.48425679613,13.346979698161,
    3.204675674438));
#8196 = DIRECTION('',(0.850217514413,0.526431551282,1.041216157605E-16)
  );
#8197 = DIRECTION('',(-1.224646799147E-16,-2.403560570595E-31,1.));
#8198 = DEFINITIONAL_REPRESENTATION('',(#8199),#8203);
#8199 = LINE('',#8200,#8201);
#8200 = CARTESIAN_POINT('',(0.6,0.489022270212));
#8201 = VECTOR('',#8202,1.);
#8202 = DIRECTION('',(2.095411779493E-31,1.));
#8203 = ( GEOMETRIC_REPRESENTATION_CONTEXT(2) 
PARAMETRIC_REPRESENTATION_CONTEXT() REPRESENTATION_CONTEXT('2D SPACE',''
  ) );
#8204 = ORIENTED_EDGE('',*,*,#8205,.F.);
#8205 = EDGE_CURVE('',#8206,#8178,#8208,.T.);
#8206 = VERTEX_POINT('',#8207);
#8207 = CARTESIAN_POINT('',(-25.81370931078,13.708370765666,
    3.804675674438));
#8208 = SURFACE_CURVE('',#8209,(#8213,#8220),.PCURVE_S1.);
#8209 = LINE('',#8210,#8211);
#8210 = CARTESIAN_POINT('',(-25.48425679613,13.346979698161,
    3.804675674438));
#8211 = VECTOR('',#8212,1.);
#8212 = DIRECTION('',(0.67369678958,-0.739007872563,8.250406169547E-17)
  );
#8213 = PCURVE('',#5676,#8214);
#8214 = DEFINITIONAL_REPRESENTATION('',(#8215),#8219);
#8215 = LINE('',#8216,#8217);
#8216 = CARTESIAN_POINT('',(-1.902620315552,-41.08249759674));
#8217 = VECTOR('',#8218,1.);
#8218 = DIRECTION('',(-0.739007872563,0.67369678958));
#8219 = ( GEOMETRIC_REPRESENTATION_CONTEXT(2) 
PARAMETRIC_REPRESENTATION_CONTEXT() REPRESENTATION_CONTEXT('2D SPACE',''
  ) );
#8220 = PCURVE('',#8221,#8226);
#8221 = PLANE('',#8222);
#8222 = AXIS2_PLACEMENT_3D('',#8223,#8224,#8225);
#8223 = CARTESIAN_POINT('',(-25.81370931078,13.708370765666,
    3.204675674438));
#8224 = DIRECTION('',(0.739007872563,0.67369678958,9.050236256788E-17));
#8225 = DIRECTION('',(-1.224646799147E-16,-1.848892746612E-31,1.));
#8226 = DEFINITIONAL_REPRESENTATION('',(#8227),#8231);
#8227 = LINE('',#8228,#8229);
#8228 = CARTESIAN_POINT('',(0.6,0.489021945398));
#8229 = VECTOR('',#8230,1.);
#8230 = DIRECTION('',(1.355854680849E-31,1.));
#8231 = ( GEOMETRIC_REPRESENTATION_CONTEXT(2) 
PARAMETRIC_REPRESENTATION_CONTEXT() REPRESENTATION_CONTEXT('2D SPACE',''
  ) );
#8232 = ORIENTED_EDGE('',*,*,#8233,.F.);
#8233 = EDGE_CURVE('',#8234,#8206,#8236,.T.);
#8234 = VERTEX_POINT('',#8235);
#8235 = CARTESIAN_POINT('',(-26.20395713259,14.003073295573,
    3.804675674438));
#8236 = SURFACE_CURVE('',#8237,(#8241,#8248),.PCURVE_S1.);
#8237 = LINE('',#8238,#8239);
#8238 = CARTESIAN_POINT('',(-25.81370931078,13.708370765666,
    3.804675674438));
#8239 = VECTOR('',#8240,1.);
#8240 = DIRECTION('',(0.798016190159,-0.602636009747,9.772879729461E-17)
  );
#8241 = PCURVE('',#5676,#8242);
#8242 = DEFINITIONAL_REPRESENTATION('',(#8243),#8247);
#8243 = LINE('',#8244,#8245);
#8244 = CARTESIAN_POINT('',(-1.541229248047,-41.41195011138));
#8245 = VECTOR('',#8246,1.);
#8246 = DIRECTION('',(-0.602636009747,0.798016190159));
#8247 = ( GEOMETRIC_REPRESENTATION_CONTEXT(2) 
PARAMETRIC_REPRESENTATION_CONTEXT() REPRESENTATION_CONTEXT('2D SPACE',''
  ) );
#8248 = PCURVE('',#8249,#8254);
#8249 = PLANE('',#8250);
#8250 = AXIS2_PLACEMENT_3D('',#8251,#8252,#8253);
#8251 = CARTESIAN_POINT('',(-26.20395713259,14.003073295573,
    3.204675674438));
#8252 = DIRECTION('',(0.602636009747,0.798016190159,7.380162603878E-17)
  );
#8253 = DIRECTION('',(-1.224646799147E-16,-1.355854680849E-31,1.));
#8254 = DEFINITIONAL_REPRESENTATION('',(#8255),#8259);
#8255 = LINE('',#8256,#8257);
#8256 = CARTESIAN_POINT('',(0.6,0.489022436663));
#8257 = VECTOR('',#8258,1.);
#8258 = DIRECTION('',(2.218671295934E-31,1.));
#8259 = ( GEOMETRIC_REPRESENTATION_CONTEXT(2) 
PARAMETRIC_REPRESENTATION_CONTEXT() REPRESENTATION_CONTEXT('2D SPACE',''
  ) );
#8260 = ORIENTED_EDGE('',*,*,#8261,.F.);
#8261 = EDGE_CURVE('',#8262,#8234,#8264,.T.);
#8262 = VERTEX_POINT('',#8263);
#8263 = CARTESIAN_POINT('',(-26.64171224047,14.221048912028,
    3.804675674438));
#8264 = SURFACE_CURVE('',#8265,(#8269,#8276),.PCURVE_S1.);
#8265 = LINE('',#8266,#8267);
#8266 = CARTESIAN_POINT('',(-26.20395713259,14.003073295573,
    3.804675674438));
#8267 = VECTOR('',#8268,1.);
#8268 = DIRECTION('',(0.895163721357,-0.445737492216,1.096259386072E-16)
  );
#8269 = PCURVE('',#5676,#8270);
#8270 = DEFINITIONAL_REPRESENTATION('',(#8271),#8275);
#8271 = LINE('',#8272,#8273);
#8272 = CARTESIAN_POINT('',(-1.24652671814,-41.80219793319));
#8273 = VECTOR('',#8274,1.);
#8274 = DIRECTION('',(-0.445737492216,0.895163721357));
#8275 = ( GEOMETRIC_REPRESENTATION_CONTEXT(2) 
PARAMETRIC_REPRESENTATION_CONTEXT() REPRESENTATION_CONTEXT('2D SPACE',''
  ) );
#8276 = PCURVE('',#8277,#8282);
#8277 = PLANE('',#8278);
#8278 = AXIS2_PLACEMENT_3D('',#8279,#8280,#8281);
#8279 = CARTESIAN_POINT('',(-26.64171224047,14.221048912028,
    3.204675674438));
#8280 = DIRECTION('',(0.445737492216,0.895163721357,5.458709931021E-17)
  );
#8281 = DIRECTION('',(-1.224646799147E-16,-1.047705889747E-31,1.));
#8282 = DEFINITIONAL_REPRESENTATION('',(#8283),#8287);
#8283 = LINE('',#8284,#8285);
#8284 = CARTESIAN_POINT('',(0.6,0.489022396055));
#8285 = VECTOR('',#8286,1.);
#8286 = DIRECTION('',(4.067564042546E-31,1.));
#8287 = ( GEOMETRIC_REPRESENTATION_CONTEXT(2) 
PARAMETRIC_REPRESENTATION_CONTEXT() REPRESENTATION_CONTEXT('2D SPACE',''
  ) );
#8288 = ORIENTED_EDGE('',*,*,#8289,.F.);
#8289 = EDGE_CURVE('',#8290,#8262,#8292,.T.);
#8290 = VERTEX_POINT('',#8291);
#8291 = CARTESIAN_POINT('',(-27.11206632067,14.354876121501,
    3.804675674438));
#8292 = SURFACE_CURVE('',#8293,(#8297,#8304),.PCURVE_S1.);
#8293 = LINE('',#8294,#8295);
#8294 = CARTESIAN_POINT('',(-26.64171224047,14.221048912028,
    3.804675674438));
#8295 = VECTOR('',#8296,1.);
#8296 = DIRECTION('',(0.961825677956,-0.273662867823,1.177896737846E-16)
  );
#8297 = PCURVE('',#5676,#8298);
#8298 = DEFINITIONAL_REPRESENTATION('',(#8299),#8303);
#8299 = LINE('',#8300,#8301);
#8300 = CARTESIAN_POINT('',(-1.028551101685,-42.23995304107));
#8301 = VECTOR('',#8302,1.);
#8302 = DIRECTION('',(-0.273662867823,0.961825677956));
#8303 = ( GEOMETRIC_REPRESENTATION_CONTEXT(2) 
PARAMETRIC_REPRESENTATION_CONTEXT() REPRESENTATION_CONTEXT('2D SPACE',''
  ) );
#8304 = PCURVE('',#8305,#8310);
#8305 = PLANE('',#8306);
#8306 = AXIS2_PLACEMENT_3D('',#8307,#8308,#8309);
#8307 = CARTESIAN_POINT('',(-27.11206632067,14.354876121501,
    3.204675674438));
#8308 = DIRECTION('',(0.273662867823,0.961825677956,3.351403551252E-17)
  );
#8309 = DIRECTION('',(-1.224646799147E-16,-1.047705889747E-31,1.));
#8310 = DEFINITIONAL_REPRESENTATION('',(#8311),#8315);
#8311 = LINE('',#8312,#8313);
#8312 = CARTESIAN_POINT('',(0.6,0.489022170005));
#8313 = VECTOR('',#8314,1.);
#8314 = DIRECTION('',(5.916456789158E-31,1.));
#8315 = ( GEOMETRIC_REPRESENTATION_CONTEXT(2) 
PARAMETRIC_REPRESENTATION_CONTEXT() REPRESENTATION_CONTEXT('2D SPACE',''
  ) );
#8316 = ORIENTED_EDGE('',*,*,#8317,.F.);
#8317 = EDGE_CURVE('',#8318,#8290,#8320,.T.);
#8318 = VERTEX_POINT('',#8319);
#8319 = CARTESIAN_POINT('',(-27.59900265146,14.399996360758,
    3.804675674438));
#8320 = SURFACE_CURVE('',#8321,(#8325,#8332),.PCURVE_S1.);
#8321 = LINE('',#8322,#8323);
#8322 = CARTESIAN_POINT('',(-27.11206632067,14.354876121501,
    3.804675674438));
#8323 = VECTOR('',#8324,1.);
#8324 = DIRECTION('',(0.995734374809,-9.226621713605E-02,
    1.21942291491E-16));
#8325 = PCURVE('',#5676,#8326);
#8326 = DEFINITIONAL_REPRESENTATION('',(#8327),#8331);
#8327 = LINE('',#8328,#8329);
#8328 = CARTESIAN_POINT('',(-0.894723892212,-42.71030712127));
#8329 = VECTOR('',#8330,1.);
#8330 = DIRECTION('',(-9.226621713605E-02,0.995734374809));
#8331 = ( GEOMETRIC_REPRESENTATION_CONTEXT(2) 
PARAMETRIC_REPRESENTATION_CONTEXT() REPRESENTATION_CONTEXT('2D SPACE',''
  ) );
#8332 = PCURVE('',#8333,#8338);
#8333 = PLANE('',#8334);
#8334 = AXIS2_PLACEMENT_3D('',#8335,#8336,#8337);
#8335 = CARTESIAN_POINT('',(-27.59900265146,14.399996360758,
    3.204675674438));
#8336 = DIRECTION('',(9.226621713605E-02,0.995734374809,
    1.129935274851E-17));
#8337 = DIRECTION('',(-1.224646799147E-16,-6.779273404243E-32,1.));
#8338 = DEFINITIONAL_REPRESENTATION('',(#8339),#8343);
#8339 = LINE('',#8340,#8341);
#8340 = CARTESIAN_POINT('',(0.6,0.489022316709));
#8341 = VECTOR('',#8342,1.);
#8342 = DIRECTION('',(2.711709361697E-31,1.));
#8343 = ( GEOMETRIC_REPRESENTATION_CONTEXT(2) 
PARAMETRIC_REPRESENTATION_CONTEXT() REPRESENTATION_CONTEXT('2D SPACE',''
  ) );
#8344 = ORIENTED_EDGE('',*,*,#8345,.F.);
#8345 = EDGE_CURVE('',#8346,#8318,#8348,.T.);
#8346 = VERTEX_POINT('',#8347);
#8347 = CARTESIAN_POINT('',(-28.08593874384,14.354876121501,
    3.804675674438));
#8348 = SURFACE_CURVE('',#8349,(#8353,#8360),.PCURVE_S1.);
#8349 = LINE('',#8350,#8351);
#8350 = CARTESIAN_POINT('',(-28.08593874384,14.354876121501,
    3.804675674438));
#8351 = VECTOR('',#8352,1.);
#8352 = DIRECTION('',(0.995734370658,9.226626192778E-02,
    1.219422909827E-16));
#8353 = PCURVE('',#5676,#8354);
#8354 = DEFINITIONAL_REPRESENTATION('',(#8355),#8359);
#8355 = LINE('',#8356,#8357);
#8356 = CARTESIAN_POINT('',(-0.894723892212,-43.68417954444));
#8357 = VECTOR('',#8358,1.);
#8358 = DIRECTION('',(9.226626192778E-02,0.995734370658));
#8359 = ( GEOMETRIC_REPRESENTATION_CONTEXT(2) 
PARAMETRIC_REPRESENTATION_CONTEXT() REPRESENTATION_CONTEXT('2D SPACE',''
  ) );
#8360 = PCURVE('',#8361,#8366);
#8361 = PLANE('',#8362);
#8362 = AXIS2_PLACEMENT_3D('',#8363,#8364,#8365);
#8363 = CARTESIAN_POINT('',(-28.08593874384,14.354876121501,
    3.204675674438));
#8364 = DIRECTION('',(-9.226626192778E-02,0.995734370658,
    -1.129935823392E-17));
#8365 = DIRECTION('',(-1.224646799147E-16,5.546678239835E-32,1.));
#8366 = DEFINITIONAL_REPRESENTATION('',(#8367),#8371);
#8367 = LINE('',#8368,#8369);
#8368 = CARTESIAN_POINT('',(0.6,7.316537458965E-17));
#8369 = VECTOR('',#8370,1.);
#8370 = DIRECTION('',(2.465190328816E-31,1.));
#8371 = ( GEOMETRIC_REPRESENTATION_CONTEXT(2) 
PARAMETRIC_REPRESENTATION_CONTEXT() REPRESENTATION_CONTEXT('2D SPACE',''
  ) );
#8372 = ORIENTED_EDGE('',*,*,#8373,.F.);
#8373 = EDGE_CURVE('',#8374,#8346,#8376,.T.);
#8374 = VERTEX_POINT('',#8375);
#8375 = CARTESIAN_POINT('',(-28.55629306246,14.221048912028,
    3.804675674438));
#8376 = SURFACE_CURVE('',#8377,(#8381,#8388),.PCURVE_S1.);
#8377 = LINE('',#8378,#8379);
#8378 = CARTESIAN_POINT('',(-28.55629306246,14.221048912028,
    3.804675674438));
#8379 = VECTOR('',#8380,1.);
#8380 = DIRECTION('',(0.961825714468,0.273662739495,1.177896782561E-16)
  );
#8381 = PCURVE('',#5676,#8382);
#8382 = DEFINITIONAL_REPRESENTATION('',(#8383),#8387);
#8383 = LINE('',#8384,#8385);
#8384 = CARTESIAN_POINT('',(-1.028551101685,-44.15453386306));
#8385 = VECTOR('',#8386,1.);
#8386 = DIRECTION('',(0.273662739495,0.961825714468));
#8387 = ( GEOMETRIC_REPRESENTATION_CONTEXT(2) 
PARAMETRIC_REPRESENTATION_CONTEXT() REPRESENTATION_CONTEXT('2D SPACE',''
  ) );
#8388 = PCURVE('',#8389,#8394);
#8389 = PLANE('',#8390);
#8390 = AXIS2_PLACEMENT_3D('',#8391,#8392,#8393);
#8391 = CARTESIAN_POINT('',(-28.55629306246,14.221048912028,
    3.204675674438));
#8392 = DIRECTION('',(-0.273662739495,0.961825714468,-3.351401979679E-17
    ));
#8393 = DIRECTION('',(-1.224646799147E-16,5.546678239835E-32,1.));
#8394 = DEFINITIONAL_REPRESENTATION('',(#8395),#8399);
#8395 = LINE('',#8396,#8397);
#8396 = CARTESIAN_POINT('',(0.6,7.067380695367E-17));
#8397 = VECTOR('',#8398,1.);
#8398 = DIRECTION('',(2.711709361697E-31,1.));
#8399 = ( GEOMETRIC_REPRESENTATION_CONTEXT(2) 
PARAMETRIC_REPRESENTATION_CONTEXT() REPRESENTATION_CONTEXT('2D SPACE',''
  ) );
#8400 = ORIENTED_EDGE('',*,*,#8401,.F.);
#8401 = EDGE_CURVE('',#8402,#8374,#8404,.T.);
#8402 = VERTEX_POINT('',#8403);
#8403 = CARTESIAN_POINT('',(-28.99404793192,14.003073295573,
    3.804675674438));
#8404 = SURFACE_CURVE('',#8405,(#8409,#8416),.PCURVE_S1.);
#8405 = LINE('',#8406,#8407);
#8406 = CARTESIAN_POINT('',(-28.99404793192,14.003073295573,
    3.804675674438));
#8407 = VECTOR('',#8408,1.);
#8408 = DIRECTION('',(0.895163624491,0.445737686749,1.096259267446E-16)
  );
#8409 = PCURVE('',#5676,#8410);
#8410 = DEFINITIONAL_REPRESENTATION('',(#8411),#8415);
#8411 = LINE('',#8412,#8413);
#8412 = CARTESIAN_POINT('',(-1.24652671814,-44.59228873252));
#8413 = VECTOR('',#8414,1.);
#8414 = DIRECTION('',(0.445737686749,0.895163624491));
#8415 = ( GEOMETRIC_REPRESENTATION_CONTEXT(2) 
PARAMETRIC_REPRESENTATION_CONTEXT() REPRESENTATION_CONTEXT('2D SPACE',''
  ) );
#8416 = PCURVE('',#8417,#8422);
#8417 = PLANE('',#8418);
#8418 = AXIS2_PLACEMENT_3D('',#8419,#8420,#8421);
#8419 = CARTESIAN_POINT('',(-28.99404793192,14.003073295573,
    3.204675674438));
#8420 = DIRECTION('',(-0.445737686749,0.895163624491,-5.458712313362E-17
    ));
#8421 = DIRECTION('',(-1.224646799147E-16,8.011868568651E-32,1.));
#8422 = DEFINITIONAL_REPRESENTATION('',(#8423),#8427);
#8423 = LINE('',#8424,#8425);
#8424 = CARTESIAN_POINT('',(0.6,6.577555604676E-17));
#8425 = VECTOR('',#8426,1.);
#8426 = DIRECTION('',(7.765349535769E-31,1.));
#8427 = ( GEOMETRIC_REPRESENTATION_CONTEXT(2) 
PARAMETRIC_REPRESENTATION_CONTEXT() REPRESENTATION_CONTEXT('2D SPACE',''
  ) );
#8428 = ORIENTED_EDGE('',*,*,#8429,.F.);
#8429 = EDGE_CURVE('',#8430,#8402,#8432,.T.);
#8430 = VERTEX_POINT('',#8431);
#8431 = CARTESIAN_POINT('',(-29.38429599214,13.708370765666,
    3.804675674438));
#8432 = SURFACE_CURVE('',#8433,(#8437,#8444),.PCURVE_S1.);
#8433 = LINE('',#8434,#8435);
#8434 = CARTESIAN_POINT('',(-29.38429599214,13.708370765666,
    3.804675674438));
#8435 = VECTOR('',#8436,1.);
#8436 = DIRECTION('',(0.798016367219,0.602635775282,9.772881897824E-17)
  );
#8437 = PCURVE('',#5676,#8438);
#8438 = DEFINITIONAL_REPRESENTATION('',(#8439),#8443);
#8439 = LINE('',#8440,#8441);
#8440 = CARTESIAN_POINT('',(-1.541229248047,-44.98253679275));
#8441 = VECTOR('',#8442,1.);
#8442 = DIRECTION('',(0.602635775282,0.798016367219));
#8443 = ( GEOMETRIC_REPRESENTATION_CONTEXT(2) 
PARAMETRIC_REPRESENTATION_CONTEXT() REPRESENTATION_CONTEXT('2D SPACE',''
  ) );
#8444 = PCURVE('',#8445,#8450);
#8445 = PLANE('',#8446);
#8446 = AXIS2_PLACEMENT_3D('',#8447,#8448,#8449);
#8447 = CARTESIAN_POINT('',(-29.38429599214,13.708370765666,
    3.204675674438));
#8448 = DIRECTION('',(-0.602635775282,0.798016367219,-7.38015973251E-17)
  );
#8449 = DIRECTION('',(-1.224646799147E-16,1.972152263053E-31,1.));
#8450 = DEFINITIONAL_REPRESENTATION('',(#8451),#8455);
#8451 = LINE('',#8452,#8453);
#8452 = CARTESIAN_POINT('',(0.6,5.863729138695E-17));
#8453 = VECTOR('',#8454,1.);
#8454 = DIRECTION('',(2.958228394579E-31,1.));
#8455 = ( GEOMETRIC_REPRESENTATION_CONTEXT(2) 
PARAMETRIC_REPRESENTATION_CONTEXT() REPRESENTATION_CONTEXT('2D SPACE',''
  ) );
#8456 = ORIENTED_EDGE('',*,*,#8457,.F.);
#8457 = EDGE_CURVE('',#8458,#8430,#8460,.T.);
#8458 = VERTEX_POINT('',#8459);
#8459 = CARTESIAN_POINT('',(-29.71374826837,13.346979698161,
    3.804675674438));
#8460 = SURFACE_CURVE('',#8461,(#8465,#8472),.PCURVE_S1.);
#8461 = LINE('',#8462,#8463);
#8462 = CARTESIAN_POINT('',(-29.71374826837,13.346979698161,
    3.804675674438));
#8463 = VECTOR('',#8464,1.);
#8464 = DIRECTION('',(0.673696523317,0.739008115294,8.250402908771E-17)
  );
#8465 = PCURVE('',#5676,#8466);
#8466 = DEFINITIONAL_REPRESENTATION('',(#8467),#8471);
#8467 = LINE('',#8468,#8469);
#8468 = CARTESIAN_POINT('',(-1.902620315552,-45.31198906898));
#8469 = VECTOR('',#8470,1.);
#8470 = DIRECTION('',(0.739008115294,0.673696523317));
#8471 = ( GEOMETRIC_REPRESENTATION_CONTEXT(2) 
PARAMETRIC_REPRESENTATION_CONTEXT() REPRESENTATION_CONTEXT('2D SPACE',''
  ) );
#8472 = PCURVE('',#8473,#8478);
#8473 = PLANE('',#8474);
#8474 = AXIS2_PLACEMENT_3D('',#8475,#8476,#8477);
#8475 = CARTESIAN_POINT('',(-29.71374826837,13.346979698161,
    3.204675674438));
#8476 = DIRECTION('',(-0.739008115294,0.673696523317,-9.050239229387E-17
    ));
#8477 = DIRECTION('',(-1.224646799147E-16,7.395570986447E-32,1.));
#8478 = DEFINITIONAL_REPRESENTATION('',(#8479),#8483);
#8479 = LINE('',#8480,#8481);
#8480 = CARTESIAN_POINT('',(0.6,4.950241745263E-17));
#8481 = VECTOR('',#8482,1.);
#8482 = DIRECTION('',(2.095411779493E-31,1.));
#8483 = ( GEOMETRIC_REPRESENTATION_CONTEXT(2) 
PARAMETRIC_REPRESENTATION_CONTEXT() REPRESENTATION_CONTEXT('2D SPACE',''
  ) );
#8484 = ORIENTED_EDGE('',*,*,#8485,.F.);
#8485 = EDGE_CURVE('',#8486,#8458,#8488,.T.);
#8486 = VERTEX_POINT('',#8487);
#8487 = CARTESIAN_POINT('',(-29.97118525911,12.931204399089,
    3.804675674438));
#8488 = SURFACE_CURVE('',#8489,(#8493,#8500),.PCURVE_S1.);
#8489 = LINE('',#8490,#8491);
#8490 = CARTESIAN_POINT('',(-29.97118525911,12.931204399089,
    3.804675674438));
#8491 = VECTOR('',#8492,1.);
#8492 = DIRECTION('',(0.526431903711,0.850217296199,6.446931458489E-17)
  );
#8493 = PCURVE('',#5676,#8494);
#8494 = DEFINITIONAL_REPRESENTATION('',(#8495),#8499);
#8495 = LINE('',#8496,#8497);
#8496 = CARTESIAN_POINT('',(-2.318395614624,-45.56942605972));
#8497 = VECTOR('',#8498,1.);
#8498 = DIRECTION('',(0.850217296199,0.526431903711));
#8499 = ( GEOMETRIC_REPRESENTATION_CONTEXT(2) 
PARAMETRIC_REPRESENTATION_CONTEXT() REPRESENTATION_CONTEXT('2D SPACE',''
  ) );
#8500 = PCURVE('',#8501,#8506);
#8501 = PLANE('',#8502);
#8502 = AXIS2_PLACEMENT_3D('',#8503,#8504,#8505);
#8503 = CARTESIAN_POINT('',(-29.97118525911,12.931204399089,
    3.204675674438));
#8504 = DIRECTION('',(-0.850217296199,0.526431903711,-1.041215890369E-16
    ));
#8505 = DIRECTION('',(-1.224646799147E-16,3.821045009664E-31,1.));
#8506 = DEFINITIONAL_REPRESENTATION('',(#8507),#8511);
#8507 = LINE('',#8508,#8509);
#8508 = CARTESIAN_POINT('',(0.6,3.868158875093E-17));
#8509 = VECTOR('',#8510,1.);
#8510 = DIRECTION('',(1.232595164408E-31,1.));
#8511 = ( GEOMETRIC_REPRESENTATION_CONTEXT(2) 
PARAMETRIC_REPRESENTATION_CONTEXT() REPRESENTATION_CONTEXT('2D SPACE',''
  ) );
#8512 = ORIENTED_EDGE('',*,*,#8513,.F.);
#8513 = EDGE_CURVE('',#8514,#8486,#8516,.T.);
#8514 = VERTEX_POINT('',#8515);
#8515 = CARTESIAN_POINT('',(-30.14784055162,12.475205024699,
    3.804675674438));
#8516 = SURFACE_CURVE('',#8517,(#8521,#8528),.PCURVE_S1.);
#8517 = LINE('',#8518,#8519);
#8518 = CARTESIAN_POINT('',(-30.14784055162,12.475205024699,
    3.804675674438));
#8519 = VECTOR('',#8520,1.);
#8520 = DIRECTION('',(0.36124201067,0.932472095951,4.42393872084E-17));
#8521 = PCURVE('',#5676,#8522);
#8522 = DEFINITIONAL_REPRESENTATION('',(#8523),#8527);
#8523 = LINE('',#8524,#8525);
#8524 = CARTESIAN_POINT('',(-2.774394989014,-45.74608135223));
#8525 = VECTOR('',#8526,1.);
#8526 = DIRECTION('',(0.932472095951,0.36124201067));
#8527 = ( GEOMETRIC_REPRESENTATION_CONTEXT(2) 
PARAMETRIC_REPRESENTATION_CONTEXT() REPRESENTATION_CONTEXT('2D SPACE',''
  ) );
#8528 = PCURVE('',#8529,#8534);
#8529 = PLANE('',#8530);
#8530 = AXIS2_PLACEMENT_3D('',#8531,#8532,#8533);
#8531 = CARTESIAN_POINT('',(-30.14784055162,12.475205024699,
    3.204675674438));
#8532 = DIRECTION('',(-0.932472095951,0.36124201067,-1.141948967601E-16)
  );
#8533 = DIRECTION('',(-1.224646799147E-16,1.479114197289E-31,1.));
#8534 = DEFINITIONAL_REPRESENTATION('',(#8535),#8539);
#8535 = LINE('',#8536,#8537);
#8536 = CARTESIAN_POINT('',(0.6,2.654363232504E-17));
#8537 = VECTOR('',#8538,1.);
#8538 = DIRECTION('',(9.244463733059E-32,1.));
#8539 = ( GEOMETRIC_REPRESENTATION_CONTEXT(2) 
PARAMETRIC_REPRESENTATION_CONTEXT() REPRESENTATION_CONTEXT('2D SPACE',''
  ) );
#8540 = ORIENTED_EDGE('',*,*,#8541,.F.);
#8541 = EDGE_CURVE('',#8542,#8514,#8544,.T.);
#8542 = VERTEX_POINT('',#8543);
#8543 = CARTESIAN_POINT('',(-30.2376981299,11.994507392863,
    3.804675674438));
#8544 = SURFACE_CURVE('',#8545,(#8549,#8556),.PCURVE_S1.);
#8545 = LINE('',#8546,#8547);
#8546 = CARTESIAN_POINT('',(-30.2376981299,11.994507392863,
    3.804675674438));
#8547 = VECTOR('',#8548,1.);
#8548 = DIRECTION('',(0.1837487624,0.982973240895,2.250273337206E-17));
#8549 = PCURVE('',#5676,#8550);
#8550 = DEFINITIONAL_REPRESENTATION('',(#8551),#8555);
#8551 = LINE('',#8552,#8553);
#8552 = CARTESIAN_POINT('',(-3.25509262085,-45.83593893051));
#8553 = VECTOR('',#8554,1.);
#8554 = DIRECTION('',(0.982973240895,0.1837487624));
#8555 = ( GEOMETRIC_REPRESENTATION_CONTEXT(2) 
PARAMETRIC_REPRESENTATION_CONTEXT() REPRESENTATION_CONTEXT('2D SPACE',''
  ) );
#8556 = PCURVE('',#8557,#8562);
#8557 = PLANE('',#8558);
#8558 = AXIS2_PLACEMENT_3D('',#8559,#8560,#8561);
#8559 = CARTESIAN_POINT('',(-30.2376981299,11.994507392863,
    3.204675674438));
#8560 = DIRECTION('',(-0.982973240895,0.1837487624,-1.20379503311E-16));
#8561 = DIRECTION('',(-1.224646799147E-16,8.011868568651E-32,1.));
#8562 = DEFINITIONAL_REPRESENTATION('',(#8563),#8567);
#8563 = LINE('',#8564,#8565);
#8564 = CARTESIAN_POINT('',(0.6,1.350164002324E-17));
#8565 = VECTOR('',#8566,1.);
#8566 = DIRECTION('',(7.703719777549E-32,1.));
#8567 = ( GEOMETRIC_REPRESENTATION_CONTEXT(2) 
PARAMETRIC_REPRESENTATION_CONTEXT() REPRESENTATION_CONTEXT('2D SPACE',''
  ) );
#8568 = ORIENTED_EDGE('',*,*,#8569,.F.);
#8569 = EDGE_CURVE('',#8570,#8542,#8572,.T.);
#8570 = VERTEX_POINT('',#8571);
#8571 = CARTESIAN_POINT('',(-30.2376981299,11.505486091593,
    3.804675674438));
#8572 = SURFACE_CURVE('',#8573,(#8577,#8584),.PCURVE_S1.);
#8573 = LINE('',#8574,#8575);
#8574 = CARTESIAN_POINT('',(-30.2376981299,11.505486091593,
    3.804675674438));
#8575 = VECTOR('',#8576,1.);
#8576 = DIRECTION('',(9.95799250103E-17,1.,1.54074395551E-32));
#8577 = PCURVE('',#5676,#8578);
#8578 = DEFINITIONAL_REPRESENTATION('',(#8579),#8583);
#8579 = LINE('',#8580,#8581);
#8580 = CARTESIAN_POINT('',(-3.744113922119,-45.83593893051));
#8581 = VECTOR('',#8582,1.);
#8582 = DIRECTION('',(1.,3.330135684236E-48));
#8583 = ( GEOMETRIC_REPRESENTATION_CONTEXT(2) 
PARAMETRIC_REPRESENTATION_CONTEXT() REPRESENTATION_CONTEXT('2D SPACE',''
  ) );
#8584 = PCURVE('',#8585,#8590);
#8585 = PLANE('',#8586);
#8586 = AXIS2_PLACEMENT_3D('',#8587,#8588,#8589);
#8587 = CARTESIAN_POINT('',(-30.2376981299,11.505486091593,
    3.204675674438));
#8588 = DIRECTION('',(-1.,9.95799250103E-17,-1.224646799147E-16));
#8589 = DIRECTION('',(-1.224646799147E-16,-1.499759782662E-32,1.));
#8590 = DEFINITIONAL_REPRESENTATION('',(#8591),#8595);
#8591 = LINE('',#8592,#8593);
#8592 = CARTESIAN_POINT('',(0.6,1.631557288136E-32));
#8593 = VECTOR('',#8594,1.);
#8594 = DIRECTION('',(-1.178518191384E-32,1.));
#8595 = ( GEOMETRIC_REPRESENTATION_CONTEXT(2) 
PARAMETRIC_REPRESENTATION_CONTEXT() REPRESENTATION_CONTEXT('2D SPACE',''
  ) );
#8596 = ORIENTED_EDGE('',*,*,#8597,.F.);
#8597 = EDGE_CURVE('',#8598,#8570,#8600,.T.);
#8598 = VERTEX_POINT('',#8599);
#8599 = CARTESIAN_POINT('',(-30.14784055162,11.024790367106,
    3.804675674438));
#8600 = SURFACE_CURVE('',#8601,(#8605,#8612),.PCURVE_S1.);
#8601 = LINE('',#8602,#8603);
#8602 = CARTESIAN_POINT('',(-30.14784055162,11.024790367106,
    3.804675674438));
#8603 = VECTOR('',#8604,1.);
#8604 = DIRECTION('',(-0.183749466878,0.982973109206,-2.250281964576E-17
    ));
#8605 = PCURVE('',#5676,#8606);
#8606 = DEFINITIONAL_REPRESENTATION('',(#8607),#8611);
#8607 = LINE('',#8608,#8609);
#8608 = CARTESIAN_POINT('',(-4.224809646606,-45.74608135223));
#8609 = VECTOR('',#8610,1.);
#8610 = DIRECTION('',(0.982973109206,-0.183749466878));
#8611 = ( GEOMETRIC_REPRESENTATION_CONTEXT(2) 
PARAMETRIC_REPRESENTATION_CONTEXT() REPRESENTATION_CONTEXT('2D SPACE',''
  ) );
#8612 = PCURVE('',#8613,#8618);
#8613 = PLANE('',#8614);
#8614 = AXIS2_PLACEMENT_3D('',#8615,#8616,#8617);
#8615 = CARTESIAN_POINT('',(-30.14784055162,11.024790367106,
    3.204675674438));
#8616 = DIRECTION('',(-0.982973109206,-0.183749466878,
    -1.203794871837E-16));
#8617 = DIRECTION('',(-1.224646799147E-16,-1.263410043518E-31,1.));
#8618 = DEFINITIONAL_REPRESENTATION('',(#8619),#8623);
#8619 = LINE('',#8620,#8621);
#8620 = CARTESIAN_POINT('',(0.6,-1.350169178745E-17));
#8621 = VECTOR('',#8622,1.);
#8622 = DIRECTION('',(-6.779273404243E-32,1.));
#8623 = ( GEOMETRIC_REPRESENTATION_CONTEXT(2) 
PARAMETRIC_REPRESENTATION_CONTEXT() REPRESENTATION_CONTEXT('2D SPACE',''
  ) );
#8624 = ORIENTED_EDGE('',*,*,#8625,.F.);
#8625 = EDGE_CURVE('',#8626,#8598,#8628,.T.);
#8626 = VERTEX_POINT('',#8627);
#8627 = CARTESIAN_POINT('',(-29.97118525911,10.568790992717,
    3.804675674438));
#8628 = SURFACE_CURVE('',#8629,(#8633,#8640),.PCURVE_S1.);
#8629 = LINE('',#8630,#8631);
#8630 = CARTESIAN_POINT('',(-29.97118525911,10.568790992717,
    3.804675674438));
#8631 = VECTOR('',#8632,1.);
#8632 = DIRECTION('',(-0.36124201067,0.932472095951,-4.42393872084E-17)
  );
#8633 = PCURVE('',#5676,#8634);
#8634 = DEFINITIONAL_REPRESENTATION('',(#8635),#8639);
#8635 = LINE('',#8636,#8637);
#8636 = CARTESIAN_POINT('',(-4.680809020996,-45.56942605972));
#8637 = VECTOR('',#8638,1.);
#8638 = DIRECTION('',(0.932472095951,-0.36124201067));
#8639 = ( GEOMETRIC_REPRESENTATION_CONTEXT(2) 
PARAMETRIC_REPRESENTATION_CONTEXT() REPRESENTATION_CONTEXT('2D SPACE',''
  ) );
#8640 = PCURVE('',#8641,#8646);
#8641 = PLANE('',#8642);
#8642 = AXIS2_PLACEMENT_3D('',#8643,#8644,#8645);
#8643 = CARTESIAN_POINT('',(-29.97118525911,10.568790992717,
    3.204675674438));
#8644 = DIRECTION('',(-0.932472095951,-0.36124201067,-1.141948967601E-16
    ));
#8645 = DIRECTION('',(-1.224646799147E-16,-1.725633230171E-31,1.));
#8646 = DEFINITIONAL_REPRESENTATION('',(#8647),#8651);
#8647 = LINE('',#8648,#8649);
#8648 = CARTESIAN_POINT('',(0.6,-2.654363232504E-17));
#8649 = VECTOR('',#8650,1.);
#8650 = DIRECTION('',(-1.232595164408E-31,1.));
#8651 = ( GEOMETRIC_REPRESENTATION_CONTEXT(2) 
PARAMETRIC_REPRESENTATION_CONTEXT() REPRESENTATION_CONTEXT('2D SPACE',''
  ) );
#8652 = ORIENTED_EDGE('',*,*,#8653,.F.);
#8653 = EDGE_CURVE('',#7730,#8626,#8654,.T.);
#8654 = SURFACE_CURVE('',#8655,(#8659,#8666),.PCURVE_S1.);
#8655 = LINE('',#8656,#8657);
#8656 = CARTESIAN_POINT('',(-29.71374826837,10.153015693644,
    3.804675674438));
#8657 = VECTOR('',#8658,1.);
#8658 = DIRECTION('',(-0.526431903711,0.850217296199,-6.446931458489E-17
    ));
#8659 = PCURVE('',#5676,#8660);
#8660 = DEFINITIONAL_REPRESENTATION('',(#8661),#8665);
#8661 = LINE('',#8662,#8663);
#8662 = CARTESIAN_POINT('',(-5.096584320068,-45.31198906898));
#8663 = VECTOR('',#8664,1.);
#8664 = DIRECTION('',(0.850217296199,-0.526431903711));
#8665 = ( GEOMETRIC_REPRESENTATION_CONTEXT(2) 
PARAMETRIC_REPRESENTATION_CONTEXT() REPRESENTATION_CONTEXT('2D SPACE',''
  ) );
#8666 = PCURVE('',#8667,#8672);
#8667 = PLANE('',#8668);
#8668 = AXIS2_PLACEMENT_3D('',#8669,#8670,#8671);
#8669 = CARTESIAN_POINT('',(-29.71374826837,10.153015693644,
    3.204675674438));
#8670 = DIRECTION('',(-0.850217296199,-0.526431903711,
    -1.041215890369E-16));
#8671 = DIRECTION('',(1.224646799147E-16,4.252453317207E-31,-1.));
#8672 = DEFINITIONAL_REPRESENTATION('',(#8673),#8677);
#8673 = LINE('',#8674,#8675);
#8674 = CARTESIAN_POINT('',(-0.6,3.868158875093E-17));
#8675 = VECTOR('',#8676,1.);
#8676 = DIRECTION('',(1.972152263053E-31,-1.));
#8677 = ( GEOMETRIC_REPRESENTATION_CONTEXT(2) 
PARAMETRIC_REPRESENTATION_CONTEXT() REPRESENTATION_CONTEXT('2D SPACE',''
  ) );
#8678 = ADVANCED_FACE('',(#8679),#1657,.F.);
#8679 = FACE_BOUND('',#8680,.F.);
#8680 = EDGE_LOOP('',(#8681,#8682,#8683,#8707));
#8681 = ORIENTED_EDGE('',*,*,#1636,.T.);
#8682 = ORIENTED_EDGE('',*,*,#5847,.F.);
#8683 = ORIENTED_EDGE('',*,*,#8684,.F.);
#8684 = EDGE_CURVE('',#8685,#5848,#8687,.T.);
#8685 = VERTEX_POINT('',#8686);
#8686 = CARTESIAN_POINT('',(25.89843077253,11.249600013713,4.80467569828
    ));
#8687 = SURFACE_CURVE('',#8688,(#8693,#8700),.PCURVE_S1.);
#8688 = CIRCLE('',#8689,1.5);
#8689 = AXIS2_PLACEMENT_3D('',#8690,#8691,#8692);
#8690 = CARTESIAN_POINT('',(24.39843077253,11.249600013713,4.80467569828
    ));
#8691 = DIRECTION('',(-1.224646799147E-16,-1.232595164408E-32,1.));
#8692 = DIRECTION('',(0.707106781187,0.707106781187,8.659560562355E-17)
  );
#8693 = PCURVE('',#1657,#8694);
#8694 = DEFINITIONAL_REPRESENTATION('',(#8695),#8699);
#8695 = LINE('',#8696,#8697);
#8696 = CARTESIAN_POINT('',(-8.881784197001E-16,1.600000023842));
#8697 = VECTOR('',#8698,1.);
#8698 = DIRECTION('',(1.,0.));
#8699 = ( GEOMETRIC_REPRESENTATION_CONTEXT(2) 
PARAMETRIC_REPRESENTATION_CONTEXT() REPRESENTATION_CONTEXT('2D SPACE',''
  ) );
#8700 = PCURVE('',#4595,#8701);
#8701 = DEFINITIONAL_REPRESENTATION('',(#8702),#8706);
#8702 = CIRCLE('',#8703,1.5);
#8703 = AXIS2_PLACEMENT_2D('',#8704,#8705);
#8704 = CARTESIAN_POINT('',(-21.87683677673,52.992117404938));
#8705 = DIRECTION('',(-0.707106781187,0.707106781187));
#8706 = ( GEOMETRIC_REPRESENTATION_CONTEXT(2) 
PARAMETRIC_REPRESENTATION_CONTEXT() REPRESENTATION_CONTEXT('2D SPACE',''
  ) );
#8707 = ORIENTED_EDGE('',*,*,#8708,.F.);
#8708 = EDGE_CURVE('',#1609,#8685,#8709,.T.);
#8709 = SURFACE_CURVE('',#8710,(#8714,#8721),.PCURVE_S1.);
#8710 = LINE('',#8711,#8712);
#8711 = CARTESIAN_POINT('',(25.89843077253,11.249600013713,
    3.204675674438));
#8712 = VECTOR('',#8713,1.);
#8713 = DIRECTION('',(-1.7080354225E-16,-7.643299359406E-33,1.));
#8714 = PCURVE('',#1657,#8715);
#8715 = DEFINITIONAL_REPRESENTATION('',(#8716),#8720);
#8716 = LINE('',#8717,#8718);
#8717 = CARTESIAN_POINT('',(5.497787143782,0.));
#8718 = VECTOR('',#8719,1.);
#8719 = DIRECTION('',(-8.881784091122E-16,1.));
#8720 = ( GEOMETRIC_REPRESENTATION_CONTEXT(2) 
PARAMETRIC_REPRESENTATION_CONTEXT() REPRESENTATION_CONTEXT('2D SPACE',''
  ) );
#8721 = PCURVE('',#1624,#8722);
#8722 = DEFINITIONAL_REPRESENTATION('',(#8723),#8727);
#8723 = LINE('',#8724,#8725);
#8724 = CARTESIAN_POINT('',(0.,5.5));
#8725 = VECTOR('',#8726,1.);
#8726 = DIRECTION('',(-1.,-7.643299359406E-33));
#8727 = ( GEOMETRIC_REPRESENTATION_CONTEXT(2) 
PARAMETRIC_REPRESENTATION_CONTEXT() REPRESENTATION_CONTEXT('2D SPACE',''
  ) );
#8728 = ADVANCED_FACE('',(#8729),#1624,.F.);
#8729 = FACE_BOUND('',#8730,.T.);
#8730 = EDGE_LOOP('',(#8731,#8754,#8775,#8776));
#8731 = ORIENTED_EDGE('',*,*,#8732,.F.);
#8732 = EDGE_CURVE('',#8733,#1580,#8735,.T.);
#8733 = VERTEX_POINT('',#8734);
#8734 = CARTESIAN_POINT('',(25.89843077253,7.249600013713,4.80467569828)
  );
#8735 = SURFACE_CURVE('',#8736,(#8740,#8747),.PCURVE_S1.);
#8736 = LINE('',#8737,#8738);
#8737 = CARTESIAN_POINT('',(25.89843077253,7.249600013713,3.804675674438
    ));
#8738 = VECTOR('',#8739,1.);
#8739 = DIRECTION('',(0.,0.,-1.));
#8740 = PCURVE('',#1624,#8741);
#8741 = DEFINITIONAL_REPRESENTATION('',(#8742),#8746);
#8742 = LINE('',#8743,#8744);
#8743 = CARTESIAN_POINT('',(-0.6,1.5));
#8744 = VECTOR('',#8745,1.);
#8745 = DIRECTION('',(1.,0.));
#8746 = ( GEOMETRIC_REPRESENTATION_CONTEXT(2) 
PARAMETRIC_REPRESENTATION_CONTEXT() REPRESENTATION_CONTEXT('2D SPACE',''
  ) );
#8747 = PCURVE('',#1596,#8748);
#8748 = DEFINITIONAL_REPRESENTATION('',(#8749),#8753);
#8749 = LINE('',#8750,#8751);
#8750 = CARTESIAN_POINT('',(7.068583470577,-0.6));
#8751 = VECTOR('',#8752,1.);
#8752 = DIRECTION('',(8.881784091122E-16,1.));
#8753 = ( GEOMETRIC_REPRESENTATION_CONTEXT(2) 
PARAMETRIC_REPRESENTATION_CONTEXT() REPRESENTATION_CONTEXT('2D SPACE',''
  ) );
#8754 = ORIENTED_EDGE('',*,*,#8755,.F.);
#8755 = EDGE_CURVE('',#8685,#8733,#8756,.T.);
#8756 = SURFACE_CURVE('',#8757,(#8761,#8768),.PCURVE_S1.);
#8757 = LINE('',#8758,#8759);
#8758 = CARTESIAN_POINT('',(25.89843077253,-2.438818374654,4.80467569828
    ));
#8759 = VECTOR('',#8760,1.);
#8760 = DIRECTION('',(2.561642834028E-48,-1.,-1.499759782662E-32));
#8761 = PCURVE('',#1624,#8762);
#8762 = DEFINITIONAL_REPRESENTATION('',(#8763),#8767);
#8763 = LINE('',#8764,#8765);
#8764 = CARTESIAN_POINT('',(-1.600000023842,-8.188418388367));
#8765 = VECTOR('',#8766,1.);
#8766 = DIRECTION('',(1.499759782662E-32,-1.));
#8767 = ( GEOMETRIC_REPRESENTATION_CONTEXT(2) 
PARAMETRIC_REPRESENTATION_CONTEXT() REPRESENTATION_CONTEXT('2D SPACE',''
  ) );
#8768 = PCURVE('',#4595,#8769);
#8769 = DEFINITIONAL_REPRESENTATION('',(#8770),#8774);
#8770 = LINE('',#8771,#8772);
#8771 = CARTESIAN_POINT('',(-8.188418388367,54.492117404938));
#8772 = VECTOR('',#8773,1.);
#8773 = DIRECTION('',(1.,9.95799250103E-17));
#8774 = ( GEOMETRIC_REPRESENTATION_CONTEXT(2) 
PARAMETRIC_REPRESENTATION_CONTEXT() REPRESENTATION_CONTEXT('2D SPACE',''
  ) );
#8775 = ORIENTED_EDGE('',*,*,#8708,.F.);
#8776 = ORIENTED_EDGE('',*,*,#1608,.F.);
#8777 = ADVANCED_FACE('',(#8778),#1596,.T.);
#8778 = FACE_BOUND('',#8779,.T.);
#8779 = EDGE_LOOP('',(#8780,#8803,#8829,#8830));
#8780 = ORIENTED_EDGE('',*,*,#8781,.T.);
#8781 = EDGE_CURVE('',#1552,#8782,#8784,.T.);
#8782 = VERTEX_POINT('',#8783);
#8783 = CARTESIAN_POINT('',(27.39843077253,5.749600013713,4.80467569828)
  );
#8784 = SURFACE_CURVE('',#8785,(#8789,#8796),.PCURVE_S1.);
#8785 = LINE('',#8786,#8787);
#8786 = CARTESIAN_POINT('',(27.39843077253,5.749600013713,3.204675674438
    ));
#8787 = VECTOR('',#8788,1.);
#8788 = DIRECTION('',(-1.7080354225E-16,-7.643299359406E-33,1.));
#8789 = PCURVE('',#1596,#8790);
#8790 = DEFINITIONAL_REPRESENTATION('',(#8791),#8795);
#8791 = LINE('',#8792,#8793);
#8792 = CARTESIAN_POINT('',(5.497787143782,0.));
#8793 = VECTOR('',#8794,1.);
#8794 = DIRECTION('',(-8.881784091122E-16,-1.));
#8795 = ( GEOMETRIC_REPRESENTATION_CONTEXT(2) 
PARAMETRIC_REPRESENTATION_CONTEXT() REPRESENTATION_CONTEXT('2D SPACE',''
  ) );
#8796 = PCURVE('',#1567,#8797);
#8797 = DEFINITIONAL_REPRESENTATION('',(#8798),#8802);
#8798 = LINE('',#8799,#8800);
#8799 = CARTESIAN_POINT('',(3.5,4.286263797016E-16));
#8800 = VECTOR('',#8801,1.);
#8801 = DIRECTION('',(4.833886233529E-17,1.));
#8802 = ( GEOMETRIC_REPRESENTATION_CONTEXT(2) 
PARAMETRIC_REPRESENTATION_CONTEXT() REPRESENTATION_CONTEXT('2D SPACE',''
  ) );
#8803 = ORIENTED_EDGE('',*,*,#8804,.T.);
#8804 = EDGE_CURVE('',#8782,#8733,#8805,.T.);
#8805 = SURFACE_CURVE('',#8806,(#8811,#8818),.PCURVE_S1.);
#8806 = CIRCLE('',#8807,1.5);
#8807 = AXIS2_PLACEMENT_3D('',#8808,#8809,#8810);
#8808 = CARTESIAN_POINT('',(27.39843077253,7.249600013713,4.80467569828)
  );
#8809 = DIRECTION('',(1.224646799147E-16,1.232595164408E-32,-1.));
#8810 = DIRECTION('',(-0.707106781187,-0.707106781187,
    -8.659560562355E-17));
#8811 = PCURVE('',#1596,#8812);
#8812 = DEFINITIONAL_REPRESENTATION('',(#8813),#8817);
#8813 = LINE('',#8814,#8815);
#8814 = CARTESIAN_POINT('',(-3.552713678801E-15,-1.600000023842));
#8815 = VECTOR('',#8816,1.);
#8816 = DIRECTION('',(1.,0.));
#8817 = ( GEOMETRIC_REPRESENTATION_CONTEXT(2) 
PARAMETRIC_REPRESENTATION_CONTEXT() REPRESENTATION_CONTEXT('2D SPACE',''
  ) );
#8818 = PCURVE('',#4595,#8819);
#8819 = DEFINITIONAL_REPRESENTATION('',(#8820),#8828);
#8820 = ( BOUNDED_CURVE() B_SPLINE_CURVE(2,(#8821,#8822,#8823,#8824,
#8825,#8826,#8827),.UNSPECIFIED.,.T.,.F.) B_SPLINE_CURVE_WITH_KNOTS((1,2
    ,2,2,2,1),(-2.094395102393,0.,2.094395102393,4.188790204786,
6.28318530718,8.377580409573),.UNSPECIFIED.) CURVE() 
GEOMETRIC_REPRESENTATION_ITEM() RATIONAL_B_SPLINE_CURVE((1.,0.5,1.,0.5,
1.,0.5,1.)) REPRESENTATION_ITEM('') );
#8821 = CARTESIAN_POINT('',(-16.81617660495,54.931457233158));
#8822 = CARTESIAN_POINT('',(-18.65329391204,53.094339926071));
#8823 = CARTESIAN_POINT('',(-19.32572551616,55.603888837284));
#8824 = CARTESIAN_POINT('',(-19.99815712029,58.113437748497));
#8825 = CARTESIAN_POINT('',(-17.48860820908,57.441006144371));
#8826 = CARTESIAN_POINT('',(-14.97905929786,56.768574540245));
#8827 = CARTESIAN_POINT('',(-16.81617660495,54.931457233158));
#8828 = ( GEOMETRIC_REPRESENTATION_CONTEXT(2) 
PARAMETRIC_REPRESENTATION_CONTEXT() REPRESENTATION_CONTEXT('2D SPACE',''
  ) );
#8829 = ORIENTED_EDGE('',*,*,#8732,.T.);
#8830 = ORIENTED_EDGE('',*,*,#1579,.F.);
#8831 = ADVANCED_FACE('',(#8832),#1567,.F.);
#8832 = FACE_BOUND('',#8833,.T.);
#8833 = EDGE_LOOP('',(#8834,#8857,#8878,#8879));
#8834 = ORIENTED_EDGE('',*,*,#8835,.F.);
#8835 = EDGE_CURVE('',#8836,#1519,#8838,.T.);
#8836 = VERTEX_POINT('',#8837);
#8837 = CARTESIAN_POINT('',(29.398430772531,5.749600013713,4.80467569828
    ));
#8838 = SURFACE_CURVE('',#8839,(#8843,#8850),.PCURVE_S1.);
#8839 = LINE('',#8840,#8841);
#8840 = CARTESIAN_POINT('',(29.398430772531,5.749600013713,
    3.804675674438));
#8841 = VECTOR('',#8842,1.);
#8842 = DIRECTION('',(0.,0.,-1.));
#8843 = PCURVE('',#1567,#8844);
#8844 = DEFINITIONAL_REPRESENTATION('',(#8845),#8849);
#8845 = LINE('',#8846,#8847);
#8846 = CARTESIAN_POINT('',(1.5,0.6));
#8847 = VECTOR('',#8848,1.);
#8848 = DIRECTION('',(1.224646799147E-16,-1.));
#8849 = ( GEOMETRIC_REPRESENTATION_CONTEXT(2) 
PARAMETRIC_REPRESENTATION_CONTEXT() REPRESENTATION_CONTEXT('2D SPACE',''
  ) );
#8850 = PCURVE('',#1539,#8851);
#8851 = DEFINITIONAL_REPRESENTATION('',(#8852),#8856);
#8852 = LINE('',#8853,#8854);
#8853 = CARTESIAN_POINT('',(0.785398163397,0.6));
#8854 = VECTOR('',#8855,1.);
#8855 = DIRECTION('',(0.,-1.));
#8856 = ( GEOMETRIC_REPRESENTATION_CONTEXT(2) 
PARAMETRIC_REPRESENTATION_CONTEXT() REPRESENTATION_CONTEXT('2D SPACE',''
  ) );
#8857 = ORIENTED_EDGE('',*,*,#8858,.F.);
#8858 = EDGE_CURVE('',#8782,#8836,#8859,.T.);
#8859 = SURFACE_CURVE('',#8860,(#8864,#8871),.PCURVE_S1.);
#8860 = LINE('',#8861,#8862);
#8861 = CARTESIAN_POINT('',(1.152372070062,5.749600013713,4.80467569828)
  );
#8862 = VECTOR('',#8863,1.);
#8863 = DIRECTION('',(1.,-9.95799250103E-17,1.224646799147E-16));
#8864 = PCURVE('',#1567,#8865);
#8865 = DEFINITIONAL_REPRESENTATION('',(#8866),#8870);
#8866 = LINE('',#8867,#8868);
#8867 = CARTESIAN_POINT('',(29.746058702469,1.600000023842));
#8868 = VECTOR('',#8869,1.);
#8869 = DIRECTION('',(-1.,0.));
#8870 = ( GEOMETRIC_REPRESENTATION_CONTEXT(2) 
PARAMETRIC_REPRESENTATION_CONTEXT() REPRESENTATION_CONTEXT('2D SPACE',''
  ) );
#8871 = PCURVE('',#4595,#8872);
#8872 = DEFINITIONAL_REPRESENTATION('',(#8873),#8877);
#8873 = LINE('',#8874,#8875);
#8874 = CARTESIAN_POINT('',(-16.37683677673,29.746058702469));
#8875 = VECTOR('',#8876,1.);
#8876 = DIRECTION('',(-3.330135684236E-48,1.));
#8877 = ( GEOMETRIC_REPRESENTATION_CONTEXT(2) 
PARAMETRIC_REPRESENTATION_CONTEXT() REPRESENTATION_CONTEXT('2D SPACE',''
  ) );
#8878 = ORIENTED_EDGE('',*,*,#8781,.F.);
#8879 = ORIENTED_EDGE('',*,*,#1551,.F.);
#8880 = ADVANCED_FACE('',(#8881),#1539,.F.);
#8881 = FACE_BOUND('',#8882,.F.);
#8882 = EDGE_LOOP('',(#8883,#8884,#8885,#8909));
#8883 = ORIENTED_EDGE('',*,*,#1518,.T.);
#8884 = ORIENTED_EDGE('',*,*,#8835,.F.);
#8885 = ORIENTED_EDGE('',*,*,#8886,.F.);
#8886 = EDGE_CURVE('',#8887,#8836,#8889,.T.);
#8887 = VERTEX_POINT('',#8888);
#8888 = CARTESIAN_POINT('',(30.89843077253,4.249600013713,4.80467569828)
  );
#8889 = SURFACE_CURVE('',#8890,(#8895,#8902),.PCURVE_S1.);
#8890 = CIRCLE('',#8891,1.5);
#8891 = AXIS2_PLACEMENT_3D('',#8892,#8893,#8894);
#8892 = CARTESIAN_POINT('',(29.398430772531,4.249600013713,4.80467569828
    ));
#8893 = DIRECTION('',(-1.224646799147E-16,-2.465190328816E-32,1.));
#8894 = DIRECTION('',(0.707106781187,0.707106781187,8.659560562355E-17)
  );
#8895 = PCURVE('',#1539,#8896);
#8896 = DEFINITIONAL_REPRESENTATION('',(#8897),#8901);
#8897 = LINE('',#8898,#8899);
#8898 = CARTESIAN_POINT('',(-6.28318530718,1.600000023842));
#8899 = VECTOR('',#8900,1.);
#8900 = DIRECTION('',(1.,0.));
#8901 = ( GEOMETRIC_REPRESENTATION_CONTEXT(2) 
PARAMETRIC_REPRESENTATION_CONTEXT() REPRESENTATION_CONTEXT('2D SPACE',''
  ) );
#8902 = PCURVE('',#4595,#8903);
#8903 = DEFINITIONAL_REPRESENTATION('',(#8904),#8908);
#8904 = CIRCLE('',#8905,1.5);
#8905 = AXIS2_PLACEMENT_2D('',#8906,#8907);
#8906 = CARTESIAN_POINT('',(-14.87683677673,57.992117404938));
#8907 = DIRECTION('',(-0.707106781187,0.707106781187));
#8908 = ( GEOMETRIC_REPRESENTATION_CONTEXT(2) 
PARAMETRIC_REPRESENTATION_CONTEXT() REPRESENTATION_CONTEXT('2D SPACE',''
  ) );
#8909 = ORIENTED_EDGE('',*,*,#8910,.F.);
#8910 = EDGE_CURVE('',#1491,#8887,#8911,.T.);
#8911 = SURFACE_CURVE('',#8912,(#8916,#8923),.PCURVE_S1.);
#8912 = LINE('',#8913,#8914);
#8913 = CARTESIAN_POINT('',(30.89843077253,4.249600013713,3.204675674438
    ));
#8914 = VECTOR('',#8915,1.);
#8915 = DIRECTION('',(-1.224646799147E-16,-1.499759782662E-32,1.));
#8916 = PCURVE('',#1539,#8917);
#8917 = DEFINITIONAL_REPRESENTATION('',(#8918),#8922);
#8918 = LINE('',#8919,#8920);
#8919 = CARTESIAN_POINT('',(-0.785398163397,0.));
#8920 = VECTOR('',#8921,1.);
#8921 = DIRECTION('',(0.,1.));
#8922 = ( GEOMETRIC_REPRESENTATION_CONTEXT(2) 
PARAMETRIC_REPRESENTATION_CONTEXT() REPRESENTATION_CONTEXT('2D SPACE',''
  ) );
#8923 = PCURVE('',#1506,#8924);
#8924 = DEFINITIONAL_REPRESENTATION('',(#8925),#8929);
#8925 = LINE('',#8926,#8927);
#8926 = CARTESIAN_POINT('',(9.5,-3.05179511714E-32));
#8927 = VECTOR('',#8928,1.);
#8928 = DIRECTION('',(-1.178518191384E-32,1.));
#8929 = ( GEOMETRIC_REPRESENTATION_CONTEXT(2) 
PARAMETRIC_REPRESENTATION_CONTEXT() REPRESENTATION_CONTEXT('2D SPACE',''
  ) );
#8930 = ADVANCED_FACE('',(#8931),#1506,.F.);
#8931 = FACE_BOUND('',#8932,.T.);
#8932 = EDGE_LOOP('',(#8933,#8956,#8977,#8978));
#8933 = ORIENTED_EDGE('',*,*,#8934,.F.);
#8934 = EDGE_CURVE('',#8935,#1458,#8937,.T.);
#8935 = VERTEX_POINT('',#8936);
#8936 = CARTESIAN_POINT('',(30.89843077253,-3.750399986287,4.80467569828
    ));
#8937 = SURFACE_CURVE('',#8938,(#8942,#8949),.PCURVE_S1.);
#8938 = LINE('',#8939,#8940);
#8939 = CARTESIAN_POINT('',(30.898430772531,-3.750399986287,
    3.804675674438));
#8940 = VECTOR('',#8941,1.);
#8941 = DIRECTION('',(0.,0.,-1.));
#8942 = PCURVE('',#1506,#8943);
#8943 = DEFINITIONAL_REPRESENTATION('',(#8944),#8948);
#8944 = LINE('',#8945,#8946);
#8945 = CARTESIAN_POINT('',(1.5,0.6));
#8946 = VECTOR('',#8947,1.);
#8947 = DIRECTION('',(-1.54074395551E-32,-1.));
#8948 = ( GEOMETRIC_REPRESENTATION_CONTEXT(2) 
PARAMETRIC_REPRESENTATION_CONTEXT() REPRESENTATION_CONTEXT('2D SPACE',''
  ) );
#8949 = PCURVE('',#1478,#8950);
#8950 = DEFINITIONAL_REPRESENTATION('',(#8951),#8955);
#8951 = LINE('',#8952,#8953);
#8952 = CARTESIAN_POINT('',(0.785398163397,0.6));
#8953 = VECTOR('',#8954,1.);
#8954 = DIRECTION('',(0.,-1.));
#8955 = ( GEOMETRIC_REPRESENTATION_CONTEXT(2) 
PARAMETRIC_REPRESENTATION_CONTEXT() REPRESENTATION_CONTEXT('2D SPACE',''
  ) );
#8956 = ORIENTED_EDGE('',*,*,#8957,.F.);
#8957 = EDGE_CURVE('',#8887,#8935,#8958,.T.);
#8958 = SURFACE_CURVE('',#8959,(#8963,#8970),.PCURVE_S1.);
#8959 = LINE('',#8960,#8961);
#8960 = CARTESIAN_POINT('',(30.89843077253,-7.938818374654,4.80467569828
    ));
#8961 = VECTOR('',#8962,1.);
#8962 = DIRECTION('',(-9.95799250103E-17,-1.,-1.54074395551E-32));
#8963 = PCURVE('',#1506,#8964);
#8964 = DEFINITIONAL_REPRESENTATION('',(#8965),#8969);
#8965 = LINE('',#8966,#8967);
#8966 = CARTESIAN_POINT('',(-2.688418388367,1.600000023842));
#8967 = VECTOR('',#8968,1.);
#8968 = DIRECTION('',(-1.,0.));
#8969 = ( GEOMETRIC_REPRESENTATION_CONTEXT(2) 
PARAMETRIC_REPRESENTATION_CONTEXT() REPRESENTATION_CONTEXT('2D SPACE',''
  ) );
#8970 = PCURVE('',#4595,#8971);
#8971 = DEFINITIONAL_REPRESENTATION('',(#8972),#8976);
#8972 = LINE('',#8973,#8974);
#8973 = CARTESIAN_POINT('',(-2.688418388367,59.492117404938));
#8974 = VECTOR('',#8975,1.);
#8975 = DIRECTION('',(1.,-3.330135684236E-48));
#8976 = ( GEOMETRIC_REPRESENTATION_CONTEXT(2) 
PARAMETRIC_REPRESENTATION_CONTEXT() REPRESENTATION_CONTEXT('2D SPACE',''
  ) );
#8977 = ORIENTED_EDGE('',*,*,#8910,.F.);
#8978 = ORIENTED_EDGE('',*,*,#1490,.F.);
#8979 = ADVANCED_FACE('',(#8980),#1478,.F.);
#8980 = FACE_BOUND('',#8981,.F.);
#8981 = EDGE_LOOP('',(#8982,#8983,#8984,#9008));
#8982 = ORIENTED_EDGE('',*,*,#1457,.T.);
#8983 = ORIENTED_EDGE('',*,*,#8934,.F.);
#8984 = ORIENTED_EDGE('',*,*,#8985,.F.);
#8985 = EDGE_CURVE('',#8986,#8935,#8988,.T.);
#8986 = VERTEX_POINT('',#8987);
#8987 = CARTESIAN_POINT('',(29.398430772531,-5.250399986287,
    4.80467569828));
#8988 = SURFACE_CURVE('',#8989,(#8994,#9001),.PCURVE_S1.);
#8989 = CIRCLE('',#8990,1.5);
#8990 = AXIS2_PLACEMENT_3D('',#8991,#8992,#8993);
#8991 = CARTESIAN_POINT('',(29.398430772531,-3.750399986287,
    4.80467569828));
#8992 = DIRECTION('',(-1.224646799147E-16,-2.465190328816E-32,1.));
#8993 = DIRECTION('',(0.707106781187,-0.707106781187,8.659560562355E-17)
  );
#8994 = PCURVE('',#1478,#8995);
#8995 = DEFINITIONAL_REPRESENTATION('',(#8996),#9000);
#8996 = LINE('',#8997,#8998);
#8997 = CARTESIAN_POINT('',(-6.28318530718,1.600000023842));
#8998 = VECTOR('',#8999,1.);
#8999 = DIRECTION('',(1.,0.));
#9000 = ( GEOMETRIC_REPRESENTATION_CONTEXT(2) 
PARAMETRIC_REPRESENTATION_CONTEXT() REPRESENTATION_CONTEXT('2D SPACE',''
  ) );
#9001 = PCURVE('',#4595,#9002);
#9002 = DEFINITIONAL_REPRESENTATION('',(#9003),#9007);
#9003 = CIRCLE('',#9004,1.5);
#9004 = AXIS2_PLACEMENT_2D('',#9005,#9006);
#9005 = CARTESIAN_POINT('',(-6.876836776733,57.992117404938));
#9006 = DIRECTION('',(0.707106781187,0.707106781187));
#9007 = ( GEOMETRIC_REPRESENTATION_CONTEXT(2) 
PARAMETRIC_REPRESENTATION_CONTEXT() REPRESENTATION_CONTEXT('2D SPACE',''
  ) );
#9008 = ORIENTED_EDGE('',*,*,#9009,.F.);
#9009 = EDGE_CURVE('',#1430,#8986,#9010,.T.);
#9010 = SURFACE_CURVE('',#9011,(#9015,#9022),.PCURVE_S1.);
#9011 = LINE('',#9012,#9013);
#9012 = CARTESIAN_POINT('',(29.398430772531,-5.250399986287,
    3.204675674438));
#9013 = VECTOR('',#9014,1.);
#9014 = DIRECTION('',(-1.224646799147E-16,-1.499759782662E-32,1.));
#9015 = PCURVE('',#1478,#9016);
#9016 = DEFINITIONAL_REPRESENTATION('',(#9017),#9021);
#9017 = LINE('',#9018,#9019);
#9018 = CARTESIAN_POINT('',(-0.785398163397,0.));
#9019 = VECTOR('',#9020,1.);
#9020 = DIRECTION('',(0.,1.));
#9021 = ( GEOMETRIC_REPRESENTATION_CONTEXT(2) 
PARAMETRIC_REPRESENTATION_CONTEXT() REPRESENTATION_CONTEXT('2D SPACE',''
  ) );
#9022 = PCURVE('',#1445,#9023);
#9023 = DEFINITIONAL_REPRESENTATION('',(#9024),#9028);
#9024 = LINE('',#9025,#9026);
#9025 = CARTESIAN_POINT('',(19.699932098389,-2.412545878771E-15));
#9026 = VECTOR('',#9027,1.);
#9027 = DIRECTION('',(0.,1.));
#9028 = ( GEOMETRIC_REPRESENTATION_CONTEXT(2) 
PARAMETRIC_REPRESENTATION_CONTEXT() REPRESENTATION_CONTEXT('2D SPACE',''
  ) );
#9029 = ADVANCED_FACE('',(#9030),#1445,.F.);
#9030 = FACE_BOUND('',#9031,.T.);
#9031 = EDGE_LOOP('',(#9032,#9055,#9076,#9077));
#9032 = ORIENTED_EDGE('',*,*,#9033,.F.);
#9033 = EDGE_CURVE('',#9034,#1397,#9036,.T.);
#9034 = VERTEX_POINT('',#9035);
#9035 = CARTESIAN_POINT('',(-26.60156922747,-5.250399986287,
    4.80467569828));
#9036 = SURFACE_CURVE('',#9037,(#9041,#9048),.PCURVE_S1.);
#9037 = LINE('',#9038,#9039);
#9038 = CARTESIAN_POINT('',(-26.60156922747,-5.250399986287,
    3.804675674438));
#9039 = VECTOR('',#9040,1.);
#9040 = DIRECTION('',(0.,0.,-1.));
#9041 = PCURVE('',#1445,#9042);
#9042 = DEFINITIONAL_REPRESENTATION('',(#9043),#9047);
#9043 = LINE('',#9044,#9045);
#9044 = CARTESIAN_POINT('',(-36.30006790161,0.6));
#9045 = VECTOR('',#9046,1.);
#9046 = DIRECTION('',(-1.224646799147E-16,-1.));
#9047 = ( GEOMETRIC_REPRESENTATION_CONTEXT(2) 
PARAMETRIC_REPRESENTATION_CONTEXT() REPRESENTATION_CONTEXT('2D SPACE',''
  ) );
#9048 = PCURVE('',#1417,#9049);
#9049 = DEFINITIONAL_REPRESENTATION('',(#9050),#9054);
#9050 = LINE('',#9051,#9052);
#9051 = CARTESIAN_POINT('',(0.785398163397,0.6));
#9052 = VECTOR('',#9053,1.);
#9053 = DIRECTION('',(0.,-1.));
#9054 = ( GEOMETRIC_REPRESENTATION_CONTEXT(2) 
PARAMETRIC_REPRESENTATION_CONTEXT() REPRESENTATION_CONTEXT('2D SPACE',''
  ) );
#9055 = ORIENTED_EDGE('',*,*,#9056,.F.);
#9056 = EDGE_CURVE('',#8986,#9034,#9057,.T.);
#9057 = SURFACE_CURVE('',#9058,(#9062,#9069),.PCURVE_S1.);
#9058 = LINE('',#9059,#9060);
#9059 = CARTESIAN_POINT('',(-9.447593979133,-5.250399986287,
    4.80467569828));
#9060 = VECTOR('',#9061,1.);
#9061 = DIRECTION('',(-1.,9.95799250103E-17,-1.224646799147E-16));
#9062 = PCURVE('',#1445,#9063);
#9063 = DEFINITIONAL_REPRESENTATION('',(#9064),#9068);
#9064 = LINE('',#9065,#9066);
#9065 = CARTESIAN_POINT('',(-19.14609265327,1.600000023842));
#9066 = VECTOR('',#9067,1.);
#9067 = DIRECTION('',(-1.,0.));
#9068 = ( GEOMETRIC_REPRESENTATION_CONTEXT(2) 
PARAMETRIC_REPRESENTATION_CONTEXT() REPRESENTATION_CONTEXT('2D SPACE',''
  ) );
#9069 = PCURVE('',#4595,#9070);
#9070 = DEFINITIONAL_REPRESENTATION('',(#9071),#9075);
#9071 = LINE('',#9072,#9073);
#9072 = CARTESIAN_POINT('',(-5.376836776733,19.146092653275));
#9073 = VECTOR('',#9074,1.);
#9074 = DIRECTION('',(3.330135684236E-48,-1.));
#9075 = ( GEOMETRIC_REPRESENTATION_CONTEXT(2) 
PARAMETRIC_REPRESENTATION_CONTEXT() REPRESENTATION_CONTEXT('2D SPACE',''
  ) );
#9076 = ORIENTED_EDGE('',*,*,#9009,.F.);
#9077 = ORIENTED_EDGE('',*,*,#1429,.F.);
#9078 = ADVANCED_FACE('',(#9079),#1124,.T.);
#9079 = FACE_BOUND('',#9080,.T.);
#9080 = EDGE_LOOP('',(#9081,#9104,#9127,#9148));
#9081 = ORIENTED_EDGE('',*,*,#9082,.F.);
#9082 = EDGE_CURVE('',#9083,#1107,#9085,.T.);
#9083 = VERTEX_POINT('',#9084);
#9084 = CARTESIAN_POINT('',(-24.70072369982,-7.35039989092,4.80467569828
    ));
#9085 = SURFACE_CURVE('',#9086,(#9090,#9097),.PCURVE_S1.);
#9086 = LINE('',#9087,#9088);
#9087 = CARTESIAN_POINT('',(-24.70072369982,-7.35039989092,
    3.804675674438));
#9088 = VECTOR('',#9089,1.);
#9089 = DIRECTION('',(0.,0.,-1.));
#9090 = PCURVE('',#1124,#9091);
#9091 = DEFINITIONAL_REPRESENTATION('',(#9092),#9096);
#9092 = LINE('',#9093,#9094);
#9093 = CARTESIAN_POINT('',(1.000000023842,4.900000095367));
#9094 = VECTOR('',#9095,1.);
#9095 = DIRECTION('',(1.,-2.719262146894E-32));
#9096 = ( GEOMETRIC_REPRESENTATION_CONTEXT(2) 
PARAMETRIC_REPRESENTATION_CONTEXT() REPRESENTATION_CONTEXT('2D SPACE',''
  ) );
#9097 = PCURVE('',#2189,#9098);
#9098 = DEFINITIONAL_REPRESENTATION('',(#9099),#9103);
#9099 = LINE('',#9100,#9101);
#9100 = CARTESIAN_POINT('',(-0.6,-52.19999980926));
#9101 = VECTOR('',#9102,1.);
#9102 = DIRECTION('',(1.,-1.224646799147E-16));
#9103 = ( GEOMETRIC_REPRESENTATION_CONTEXT(2) 
PARAMETRIC_REPRESENTATION_CONTEXT() REPRESENTATION_CONTEXT('2D SPACE',''
  ) );
#9104 = ORIENTED_EDGE('',*,*,#9105,.T.);
#9105 = EDGE_CURVE('',#9083,#9106,#9108,.T.);
#9106 = VERTEX_POINT('',#9107);
#9107 = CARTESIAN_POINT('',(-24.70072369982,-11.55039998628,
    4.80467569828));
#9108 = SURFACE_CURVE('',#9109,(#9113,#9120),.PCURVE_S1.);
#9109 = LINE('',#9110,#9111);
#9110 = CARTESIAN_POINT('',(-24.70072369982,-11.43881837465,
    4.80467569828));
#9111 = VECTOR('',#9112,1.);
#9112 = DIRECTION('',(-9.95799250103E-17,-1.,-2.719262146894E-32));
#9113 = PCURVE('',#1124,#9114);
#9114 = DEFINITIONAL_REPRESENTATION('',(#9115),#9119);
#9115 = LINE('',#9116,#9117);
#9116 = CARTESIAN_POINT('',(1.217177461476E-32,0.811581611633));
#9117 = VECTOR('',#9118,1.);
#9118 = DIRECTION('',(-1.642146637881E-47,-1.));
#9119 = ( GEOMETRIC_REPRESENTATION_CONTEXT(2) 
PARAMETRIC_REPRESENTATION_CONTEXT() REPRESENTATION_CONTEXT('2D SPACE',''
  ) );
#9120 = PCURVE('',#4595,#9121);
#9121 = DEFINITIONAL_REPRESENTATION('',(#9122),#9126);
#9122 = LINE('',#9123,#9124);
#9123 = CARTESIAN_POINT('',(0.811581611633,3.892962932587));
#9124 = VECTOR('',#9125,1.);
#9125 = DIRECTION('',(1.,-3.330135684236E-48));
#9126 = ( GEOMETRIC_REPRESENTATION_CONTEXT(2) 
PARAMETRIC_REPRESENTATION_CONTEXT() REPRESENTATION_CONTEXT('2D SPACE',''
  ) );
#9127 = ORIENTED_EDGE('',*,*,#9128,.F.);
#9128 = EDGE_CURVE('',#1109,#9106,#9129,.T.);
#9129 = SURFACE_CURVE('',#9130,(#9134,#9141),.PCURVE_S1.);
#9130 = LINE('',#9131,#9132);
#9131 = CARTESIAN_POINT('',(-24.70072369982,-11.55039998628,
    4.004675686359));
#9132 = VECTOR('',#9133,1.);
#9133 = DIRECTION('',(-1.224646799147E-16,-1.499759782662E-32,1.));
#9134 = PCURVE('',#1124,#9135);
#9135 = DEFINITIONAL_REPRESENTATION('',(#9136),#9140);
#9136 = LINE('',#9137,#9138);
#9137 = CARTESIAN_POINT('',(0.800000011921,0.7));
#9138 = VECTOR('',#9139,1.);
#9139 = DIRECTION('',(-1.,0.));
#9140 = ( GEOMETRIC_REPRESENTATION_CONTEXT(2) 
PARAMETRIC_REPRESENTATION_CONTEXT() REPRESENTATION_CONTEXT('2D SPACE',''
  ) );
#9141 = PCURVE('',#1153,#9142);
#9142 = DEFINITIONAL_REPRESENTATION('',(#9143),#9147);
#9143 = LINE('',#9144,#9145);
#9144 = CARTESIAN_POINT('',(5.497787143782,0.));
#9145 = VECTOR('',#9146,1.);
#9146 = DIRECTION('',(0.,-1.));
#9147 = ( GEOMETRIC_REPRESENTATION_CONTEXT(2) 
PARAMETRIC_REPRESENTATION_CONTEXT() REPRESENTATION_CONTEXT('2D SPACE',''
  ) );
#9148 = ORIENTED_EDGE('',*,*,#1106,.F.);
#9149 = ADVANCED_FACE('',(#9150),#2189,.T.);
#9150 = FACE_BOUND('',#9151,.T.);
#9151 = EDGE_LOOP('',(#9152,#9175,#9196,#9197));
#9152 = ORIENTED_EDGE('',*,*,#9153,.F.);
#9153 = EDGE_CURVE('',#9154,#2148,#9156,.T.);
#9154 = VERTEX_POINT('',#9155);
#9155 = CARTESIAN_POINT('',(27.499276109445,-7.35039989092,4.80467569828
    ));
#9156 = SURFACE_CURVE('',#9157,(#9161,#9168),.PCURVE_S1.);
#9157 = LINE('',#9158,#9159);
#9158 = CARTESIAN_POINT('',(27.499276109445,-7.35039989092,
    3.804675674438));
#9159 = VECTOR('',#9160,1.);
#9160 = DIRECTION('',(0.,0.,-1.));
#9161 = PCURVE('',#2189,#9162);
#9162 = DEFINITIONAL_REPRESENTATION('',(#9163),#9167);
#9163 = LINE('',#9164,#9165);
#9164 = CARTESIAN_POINT('',(-0.6,7.347880794884E-17));
#9165 = VECTOR('',#9166,1.);
#9166 = DIRECTION('',(1.,-1.224646799147E-16));
#9167 = ( GEOMETRIC_REPRESENTATION_CONTEXT(2) 
PARAMETRIC_REPRESENTATION_CONTEXT() REPRESENTATION_CONTEXT('2D SPACE',''
  ) );
#9168 = PCURVE('',#2163,#9169);
#9169 = DEFINITIONAL_REPRESENTATION('',(#9170),#9174);
#9170 = LINE('',#9171,#9172);
#9171 = CARTESIAN_POINT('',(0.6,1.631557288136E-32));
#9172 = VECTOR('',#9173,1.);
#9173 = DIRECTION('',(-1.,-2.719262146894E-32));
#9174 = ( GEOMETRIC_REPRESENTATION_CONTEXT(2) 
PARAMETRIC_REPRESENTATION_CONTEXT() REPRESENTATION_CONTEXT('2D SPACE',''
  ) );
#9175 = ORIENTED_EDGE('',*,*,#9176,.F.);
#9176 = EDGE_CURVE('',#9083,#9154,#9177,.T.);
#9177 = SURFACE_CURVE('',#9178,(#9182,#9189),.PCURVE_S1.);
#9178 = LINE('',#9179,#9180);
#9179 = CARTESIAN_POINT('',(-24.70072369982,-7.35039989092,4.80467569828
    ));
#9180 = VECTOR('',#9181,1.);
#9181 = DIRECTION('',(1.,-9.95799250103E-17,1.224646799147E-16));
#9182 = PCURVE('',#2189,#9183);
#9183 = DEFINITIONAL_REPRESENTATION('',(#9184),#9188);
#9184 = LINE('',#9185,#9186);
#9185 = CARTESIAN_POINT('',(-1.600000023842,-52.19999980926));
#9186 = VECTOR('',#9187,1.);
#9187 = DIRECTION('',(0.,1.));
#9188 = ( GEOMETRIC_REPRESENTATION_CONTEXT(2) 
PARAMETRIC_REPRESENTATION_CONTEXT() REPRESENTATION_CONTEXT('2D SPACE',''
  ) );
#9189 = PCURVE('',#4595,#9190);
#9190 = DEFINITIONAL_REPRESENTATION('',(#9191),#9195);
#9191 = LINE('',#9192,#9193);
#9192 = CARTESIAN_POINT('',(-3.276836872101,3.892962932587));
#9193 = VECTOR('',#9194,1.);
#9194 = DIRECTION('',(-3.330135684236E-48,1.));
#9195 = ( GEOMETRIC_REPRESENTATION_CONTEXT(2) 
PARAMETRIC_REPRESENTATION_CONTEXT() REPRESENTATION_CONTEXT('2D SPACE',''
  ) );
#9196 = ORIENTED_EDGE('',*,*,#9082,.T.);
#9197 = ORIENTED_EDGE('',*,*,#2175,.F.);
#9198 = ADVANCED_FACE('',(#9199),#2163,.T.);
#9199 = FACE_BOUND('',#9200,.T.);
#9200 = EDGE_LOOP('',(#9201,#9224,#9245,#9246));
#9201 = ORIENTED_EDGE('',*,*,#9202,.F.);
#9202 = EDGE_CURVE('',#9203,#2119,#9205,.T.);
#9203 = VERTEX_POINT('',#9204);
#9204 = CARTESIAN_POINT('',(27.499276109445,-11.55039998628,
    4.80467569828));
#9205 = SURFACE_CURVE('',#9206,(#9210,#9217),.PCURVE_S1.);
#9206 = LINE('',#9207,#9208);
#9207 = CARTESIAN_POINT('',(27.499276109445,-11.55039998628,
    3.804675674438));
#9208 = VECTOR('',#9209,1.);
#9209 = DIRECTION('',(0.,0.,-1.));
#9210 = PCURVE('',#2163,#9211);
#9211 = DEFINITIONAL_REPRESENTATION('',(#9212),#9216);
#9212 = LINE('',#9213,#9214);
#9213 = CARTESIAN_POINT('',(0.6,-4.200000095367));
#9214 = VECTOR('',#9215,1.);
#9215 = DIRECTION('',(-1.,-2.719262146894E-32));
#9216 = ( GEOMETRIC_REPRESENTATION_CONTEXT(2) 
PARAMETRIC_REPRESENTATION_CONTEXT() REPRESENTATION_CONTEXT('2D SPACE',''
  ) );
#9217 = PCURVE('',#2135,#9218);
#9218 = DEFINITIONAL_REPRESENTATION('',(#9219),#9223);
#9219 = LINE('',#9220,#9221);
#9220 = CARTESIAN_POINT('',(-0.785398163397,-0.200000011921));
#9221 = VECTOR('',#9222,1.);
#9222 = DIRECTION('',(0.,-1.));
#9223 = ( GEOMETRIC_REPRESENTATION_CONTEXT(2) 
PARAMETRIC_REPRESENTATION_CONTEXT() REPRESENTATION_CONTEXT('2D SPACE',''
  ) );
#9224 = ORIENTED_EDGE('',*,*,#9225,.F.);
#9225 = EDGE_CURVE('',#9154,#9203,#9226,.T.);
#9226 = SURFACE_CURVE('',#9227,(#9231,#9238),.PCURVE_S1.);
#9227 = LINE('',#9228,#9229);
#9228 = CARTESIAN_POINT('',(27.499276109445,-8.98881832697,4.80467569828
    ));
#9229 = VECTOR('',#9230,1.);
#9230 = DIRECTION('',(-9.95799250103E-17,-1.,-1.54074395551E-32));
#9231 = PCURVE('',#2163,#9232);
#9232 = DEFINITIONAL_REPRESENTATION('',(#9233),#9237);
#9233 = LINE('',#9234,#9235);
#9234 = CARTESIAN_POINT('',(1.600000023842,-1.63841843605));
#9235 = VECTOR('',#9236,1.);
#9236 = DIRECTION('',(1.178518191384E-32,-1.));
#9237 = ( GEOMETRIC_REPRESENTATION_CONTEXT(2) 
PARAMETRIC_REPRESENTATION_CONTEXT() REPRESENTATION_CONTEXT('2D SPACE',''
  ) );
#9238 = PCURVE('',#4595,#9239);
#9239 = DEFINITIONAL_REPRESENTATION('',(#9240),#9244);
#9240 = LINE('',#9241,#9242);
#9241 = CARTESIAN_POINT('',(-1.63841843605,56.092962741852));
#9242 = VECTOR('',#9243,1.);
#9243 = DIRECTION('',(1.,-3.330135684236E-48));
#9244 = ( GEOMETRIC_REPRESENTATION_CONTEXT(2) 
PARAMETRIC_REPRESENTATION_CONTEXT() REPRESENTATION_CONTEXT('2D SPACE',''
  ) );
#9245 = ORIENTED_EDGE('',*,*,#9153,.T.);
#9246 = ORIENTED_EDGE('',*,*,#2147,.F.);
#9247 = ADVANCED_FACE('',(#9248),#2135,.T.);
#9248 = FACE_BOUND('',#9249,.T.);
#9249 = EDGE_LOOP('',(#9250,#9273,#9299,#9300));
#9250 = ORIENTED_EDGE('',*,*,#9251,.T.);
#9251 = EDGE_CURVE('',#2091,#9252,#9254,.T.);
#9252 = VERTEX_POINT('',#9253);
#9253 = CARTESIAN_POINT('',(30.499276109445,-14.55039998628,
    4.80467569828));
#9254 = SURFACE_CURVE('',#9255,(#9259,#9266),.PCURVE_S1.);
#9255 = LINE('',#9256,#9257);
#9256 = CARTESIAN_POINT('',(30.499276109445,-14.55039998628,
    4.004675686359));
#9257 = VECTOR('',#9258,1.);
#9258 = DIRECTION('',(-1.224646799147E-16,-1.499759782662E-32,1.));
#9259 = PCURVE('',#2135,#9260);
#9260 = DEFINITIONAL_REPRESENTATION('',(#9261),#9265);
#9261 = LINE('',#9262,#9263);
#9262 = CARTESIAN_POINT('',(0.785398163397,0.));
#9263 = VECTOR('',#9264,1.);
#9264 = DIRECTION('',(0.,1.));
#9265 = ( GEOMETRIC_REPRESENTATION_CONTEXT(2) 
PARAMETRIC_REPRESENTATION_CONTEXT() REPRESENTATION_CONTEXT('2D SPACE',''
  ) );
#9266 = PCURVE('',#2106,#9267);
#9267 = DEFINITIONAL_REPRESENTATION('',(#9268),#9272);
#9268 = LINE('',#9269,#9270);
#9269 = CARTESIAN_POINT('',(0.800000011921,0.));
#9270 = VECTOR('',#9271,1.);
#9271 = DIRECTION('',(-1.,1.224646799147E-16));
#9272 = ( GEOMETRIC_REPRESENTATION_CONTEXT(2) 
PARAMETRIC_REPRESENTATION_CONTEXT() REPRESENTATION_CONTEXT('2D SPACE',''
  ) );
#9273 = ORIENTED_EDGE('',*,*,#9274,.T.);
#9274 = EDGE_CURVE('',#9252,#9203,#9275,.T.);
#9275 = SURFACE_CURVE('',#9276,(#9281,#9288),.PCURVE_S1.);
#9276 = CIRCLE('',#9277,3.);
#9277 = AXIS2_PLACEMENT_3D('',#9278,#9279,#9280);
#9278 = CARTESIAN_POINT('',(30.499276109445,-11.55039998628,
    4.80467569828));
#9279 = DIRECTION('',(1.224646799147E-16,2.465190328816E-32,-1.));
#9280 = DIRECTION('',(-0.707106781187,-0.707106781187,
    -8.659560562355E-17));
#9281 = PCURVE('',#2135,#9282);
#9282 = DEFINITIONAL_REPRESENTATION('',(#9283),#9287);
#9283 = LINE('',#9284,#9285);
#9284 = CARTESIAN_POINT('',(6.28318530718,0.800000011921));
#9285 = VECTOR('',#9286,1.);
#9286 = DIRECTION('',(-1.,1.130863886743E-15));
#9287 = ( GEOMETRIC_REPRESENTATION_CONTEXT(2) 
PARAMETRIC_REPRESENTATION_CONTEXT() REPRESENTATION_CONTEXT('2D SPACE',''
  ) );
#9288 = PCURVE('',#4595,#9289);
#9289 = DEFINITIONAL_REPRESENTATION('',(#9290),#9298);
#9290 = ( BOUNDED_CURVE() B_SPLINE_CURVE(2,(#9291,#9292,#9293,#9294,
#9295,#9296,#9297),.UNSPECIFIED.,.T.,.F.) B_SPLINE_CURVE_WITH_KNOTS((1,2
    ,2,2,2,1),(-2.094395102393,0.,2.094395102393,4.188790204786,
6.28318530718,8.377580409573),.UNSPECIFIED.) CURVE() 
GEOMETRIC_REPRESENTATION_ITEM() RATIONAL_B_SPLINE_CURVE((1.,0.5,1.,0.5,
1.,0.5,1.)) REPRESENTATION_ITEM('') );
#9291 = CARTESIAN_POINT('',(3.044483566826,56.971642398292));
#9292 = CARTESIAN_POINT('',(-0.629751047349,53.297407784117));
#9293 = CARTESIAN_POINT('',(-1.974614255601,58.316505606544));
#9294 = CARTESIAN_POINT('',(-3.319477463853,63.335603428971));
#9295 = CARTESIAN_POINT('',(1.699620358574,61.990740220719));
#9296 = CARTESIAN_POINT('',(6.718718181001,60.645877012467));
#9297 = CARTESIAN_POINT('',(3.044483566826,56.971642398292));
#9298 = ( GEOMETRIC_REPRESENTATION_CONTEXT(2) 
PARAMETRIC_REPRESENTATION_CONTEXT() REPRESENTATION_CONTEXT('2D SPACE',''
  ) );
#9299 = ORIENTED_EDGE('',*,*,#9202,.T.);
#9300 = ORIENTED_EDGE('',*,*,#2118,.F.);
#9301 = ADVANCED_FACE('',(#9302),#2106,.F.);
#9302 = FACE_BOUND('',#9303,.T.);
#9303 = EDGE_LOOP('',(#9304,#9327,#9348,#9349));
#9304 = ORIENTED_EDGE('',*,*,#9305,.F.);
#9305 = EDGE_CURVE('',#9306,#2062,#9308,.T.);
#9306 = VERTEX_POINT('',#9307);
#9307 = CARTESIAN_POINT('',(30.89843077253,-14.55039998628,4.80467569828
    ));
#9308 = SURFACE_CURVE('',#9309,(#9313,#9320),.PCURVE_S1.);
#9309 = LINE('',#9310,#9311);
#9310 = CARTESIAN_POINT('',(30.89843077253,-14.55039998628,
    3.804675674438));
#9311 = VECTOR('',#9312,1.);
#9312 = DIRECTION('',(0.,0.,-1.));
#9313 = PCURVE('',#2106,#9314);
#9314 = DEFINITIONAL_REPRESENTATION('',(#9315),#9319);
#9315 = LINE('',#9316,#9317);
#9316 = CARTESIAN_POINT('',(1.000000023842,-0.399154663086));
#9317 = VECTOR('',#9318,1.);
#9318 = DIRECTION('',(1.,0.));
#9319 = ( GEOMETRIC_REPRESENTATION_CONTEXT(2) 
PARAMETRIC_REPRESENTATION_CONTEXT() REPRESENTATION_CONTEXT('2D SPACE',''
  ) );
#9320 = PCURVE('',#2078,#9321);
#9321 = DEFINITIONAL_REPRESENTATION('',(#9322),#9326);
#9322 = LINE('',#9323,#9324);
#9323 = CARTESIAN_POINT('',(7.068583470577,1.000000023842));
#9324 = VECTOR('',#9325,1.);
#9325 = DIRECTION('',(0.,1.));
#9326 = ( GEOMETRIC_REPRESENTATION_CONTEXT(2) 
PARAMETRIC_REPRESENTATION_CONTEXT() REPRESENTATION_CONTEXT('2D SPACE',''
  ) );
#9327 = ORIENTED_EDGE('',*,*,#9328,.F.);
#9328 = EDGE_CURVE('',#9252,#9306,#9329,.T.);
#9329 = SURFACE_CURVE('',#9330,(#9334,#9341),.PCURVE_S1.);
#9330 = LINE('',#9331,#9332);
#9331 = CARTESIAN_POINT('',(0.952794738519,-14.55039998628,4.80467569828
    ));
#9332 = VECTOR('',#9333,1.);
#9333 = DIRECTION('',(1.,1.224646799147E-16,1.224646799147E-16));
#9334 = PCURVE('',#2106,#9335);
#9335 = DEFINITIONAL_REPRESENTATION('',(#9336),#9340);
#9336 = LINE('',#9337,#9338);
#9337 = CARTESIAN_POINT('',(-0.,29.546481370926));
#9338 = VECTOR('',#9339,1.);
#9339 = DIRECTION('',(-1.224646799147E-16,-1.));
#9340 = ( GEOMETRIC_REPRESENTATION_CONTEXT(2) 
PARAMETRIC_REPRESENTATION_CONTEXT() REPRESENTATION_CONTEXT('2D SPACE',''
  ) );
#9341 = PCURVE('',#4595,#9342);
#9342 = DEFINITIONAL_REPRESENTATION('',(#9343),#9347);
#9343 = LINE('',#9344,#9345);
#9344 = CARTESIAN_POINT('',(3.923163223267,29.546481370926));
#9345 = VECTOR('',#9346,1.);
#9346 = DIRECTION('',(-2.22044604925E-16,1.));
#9347 = ( GEOMETRIC_REPRESENTATION_CONTEXT(2) 
PARAMETRIC_REPRESENTATION_CONTEXT() REPRESENTATION_CONTEXT('2D SPACE',''
  ) );
#9348 = ORIENTED_EDGE('',*,*,#9251,.F.);
#9349 = ORIENTED_EDGE('',*,*,#2090,.F.);
#9350 = ADVANCED_FACE('',(#9351),#2078,.T.);
#9351 = FACE_BOUND('',#9352,.T.);
#9352 = EDGE_LOOP('',(#9353,#9376,#9402,#9403));
#9353 = ORIENTED_EDGE('',*,*,#9354,.T.);
#9354 = EDGE_CURVE('',#2034,#9355,#9357,.T.);
#9355 = VERTEX_POINT('',#9356);
#9356 = CARTESIAN_POINT('',(33.89843077253,-11.55039998628,4.80467569828
    ));
#9357 = SURFACE_CURVE('',#9358,(#9362,#9369),.PCURVE_S1.);
#9358 = LINE('',#9359,#9360);
#9359 = CARTESIAN_POINT('',(33.89843077253,-11.55039998628,4.80467569828
    ));
#9360 = VECTOR('',#9361,1.);
#9361 = DIRECTION('',(-1.224646799147E-16,-1.499759782662E-32,1.));
#9362 = PCURVE('',#2078,#9363);
#9363 = DEFINITIONAL_REPRESENTATION('',(#9364),#9368);
#9364 = LINE('',#9365,#9366);
#9365 = CARTESIAN_POINT('',(5.497787143782,0.));
#9366 = VECTOR('',#9367,1.);
#9367 = DIRECTION('',(0.,-1.));
#9368 = ( GEOMETRIC_REPRESENTATION_CONTEXT(2) 
PARAMETRIC_REPRESENTATION_CONTEXT() REPRESENTATION_CONTEXT('2D SPACE',''
  ) );
#9369 = PCURVE('',#2049,#9370);
#9370 = DEFINITIONAL_REPRESENTATION('',(#9371),#9375);
#9371 = LINE('',#9372,#9373);
#9372 = CARTESIAN_POINT('',(-3.569428282735E-31,-23.8));
#9373 = VECTOR('',#9374,1.);
#9374 = DIRECTION('',(-1.,0.));
#9375 = ( GEOMETRIC_REPRESENTATION_CONTEXT(2) 
PARAMETRIC_REPRESENTATION_CONTEXT() REPRESENTATION_CONTEXT('2D SPACE',''
  ) );
#9376 = ORIENTED_EDGE('',*,*,#9377,.T.);
#9377 = EDGE_CURVE('',#9355,#9306,#9378,.T.);
#9378 = SURFACE_CURVE('',#9379,(#9384,#9391),.PCURVE_S1.);
#9379 = CIRCLE('',#9380,3.);
#9380 = AXIS2_PLACEMENT_3D('',#9381,#9382,#9383);
#9381 = CARTESIAN_POINT('',(30.89843077253,-11.55039998628,4.80467569828
    ));
#9382 = DIRECTION('',(1.224646799147E-16,2.465190328816E-32,-1.));
#9383 = DIRECTION('',(0.707106781187,-0.707106781187,8.659560562355E-17)
  );
#9384 = PCURVE('',#2078,#9385);
#9385 = DEFINITIONAL_REPRESENTATION('',(#9386),#9390);
#9386 = LINE('',#9387,#9388);
#9387 = CARTESIAN_POINT('',(-8.881784197001E-16,0.));
#9388 = VECTOR('',#9389,1.);
#9389 = DIRECTION('',(1.,0.));
#9390 = ( GEOMETRIC_REPRESENTATION_CONTEXT(2) 
PARAMETRIC_REPRESENTATION_CONTEXT() REPRESENTATION_CONTEXT('2D SPACE',''
  ) );
#9391 = PCURVE('',#4595,#9392);
#9392 = DEFINITIONAL_REPRESENTATION('',(#9393),#9401);
#9393 = ( BOUNDED_CURVE() B_SPLINE_CURVE(2,(#9394,#9395,#9396,#9397,
#9398,#9399,#9400),.UNSPECIFIED.,.T.,.F.) B_SPLINE_CURVE_WITH_KNOTS((1,2
    ,2,2,2,1),(-2.094395102393,0.,2.094395102393,4.188790204786,
6.28318530718,8.377580409573),.UNSPECIFIED.) CURVE() 
GEOMETRIC_REPRESENTATION_ITEM() RATIONAL_B_SPLINE_CURVE((1.,0.5,1.,0.5,
1.,0.5,1.)) REPRESENTATION_ITEM('') );
#9394 = CARTESIAN_POINT('',(3.044483566826,61.613437748497));
#9395 = CARTESIAN_POINT('',(6.718718181001,57.939203134323));
#9396 = CARTESIAN_POINT('',(1.699620358574,56.594339926071));
#9397 = CARTESIAN_POINT('',(-3.319477463853,55.249476717818));
#9398 = CARTESIAN_POINT('',(-1.974614255601,60.268574540245));
#9399 = CARTESIAN_POINT('',(-0.629751047349,65.287672362672));
#9400 = CARTESIAN_POINT('',(3.044483566826,61.613437748497));
#9401 = ( GEOMETRIC_REPRESENTATION_CONTEXT(2) 
PARAMETRIC_REPRESENTATION_CONTEXT() REPRESENTATION_CONTEXT('2D SPACE',''
  ) );
#9402 = ORIENTED_EDGE('',*,*,#9305,.T.);
#9403 = ORIENTED_EDGE('',*,*,#2061,.F.);
#9404 = ADVANCED_FACE('',(#9405),#2049,.T.);
#9405 = FACE_BOUND('',#9406,.T.);
#9406 = EDGE_LOOP('',(#9407,#9430,#9451,#9452));
#9407 = ORIENTED_EDGE('',*,*,#9408,.F.);
#9408 = EDGE_CURVE('',#9409,#2006,#9411,.T.);
#9409 = VERTEX_POINT('',#9410);
#9410 = CARTESIAN_POINT('',(33.89843077253,12.249600013713,4.80467569828
    ));
#9411 = SURFACE_CURVE('',#9412,(#9416,#9423),.PCURVE_S1.);
#9412 = LINE('',#9413,#9414);
#9413 = CARTESIAN_POINT('',(33.89843077253,12.249600013713,
    3.804675674438));
#9414 = VECTOR('',#9415,1.);
#9415 = DIRECTION('',(0.,0.,-1.));
#9416 = PCURVE('',#2049,#9417);
#9417 = DEFINITIONAL_REPRESENTATION('',(#9418),#9422);
#9418 = LINE('',#9419,#9420);
#9419 = CARTESIAN_POINT('',(1.000000023842,-2.719262211726E-32));
#9420 = VECTOR('',#9421,1.);
#9421 = DIRECTION('',(1.,-2.719262146894E-32));
#9422 = ( GEOMETRIC_REPRESENTATION_CONTEXT(2) 
PARAMETRIC_REPRESENTATION_CONTEXT() REPRESENTATION_CONTEXT('2D SPACE',''
  ) );
#9423 = PCURVE('',#2021,#9424);
#9424 = DEFINITIONAL_REPRESENTATION('',(#9425),#9429);
#9425 = LINE('',#9426,#9427);
#9426 = CARTESIAN_POINT('',(1.000000023842,-0.470754226485));
#9427 = VECTOR('',#9428,1.);
#9428 = DIRECTION('',(1.,9.608194372937E-18));
#9429 = ( GEOMETRIC_REPRESENTATION_CONTEXT(2) 
PARAMETRIC_REPRESENTATION_CONTEXT() REPRESENTATION_CONTEXT('2D SPACE',''
  ) );
#9430 = ORIENTED_EDGE('',*,*,#9431,.F.);
#9431 = EDGE_CURVE('',#9355,#9409,#9432,.T.);
#9432 = SURFACE_CURVE('',#9433,(#9437,#9444),.PCURVE_S1.);
#9433 = LINE('',#9434,#9435);
#9434 = CARTESIAN_POINT('',(33.89843077253,-12.25039998628,4.80467569828
    ));
#9435 = VECTOR('',#9436,1.);
#9436 = DIRECTION('',(9.95799250103E-17,1.,1.54074395551E-32));
#9437 = PCURVE('',#2049,#9438);
#9438 = DEFINITIONAL_REPRESENTATION('',(#9439),#9443);
#9439 = LINE('',#9440,#9441);
#9440 = CARTESIAN_POINT('',(-3.674411467522E-31,-24.5));
#9441 = VECTOR('',#9442,1.);
#9442 = DIRECTION('',(1.178518191384E-32,1.));
#9443 = ( GEOMETRIC_REPRESENTATION_CONTEXT(2) 
PARAMETRIC_REPRESENTATION_CONTEXT() REPRESENTATION_CONTEXT('2D SPACE',''
  ) );
#9444 = PCURVE('',#4595,#9445);
#9445 = DEFINITIONAL_REPRESENTATION('',(#9446),#9450);
#9446 = LINE('',#9447,#9448);
#9447 = CARTESIAN_POINT('',(1.623163223267,62.492117404938));
#9448 = VECTOR('',#9449,1.);
#9449 = DIRECTION('',(-1.,3.330135684236E-48));
#9450 = ( GEOMETRIC_REPRESENTATION_CONTEXT(2) 
PARAMETRIC_REPRESENTATION_CONTEXT() REPRESENTATION_CONTEXT('2D SPACE',''
  ) );
#9451 = ORIENTED_EDGE('',*,*,#9354,.F.);
#9452 = ORIENTED_EDGE('',*,*,#2033,.F.);
#9453 = ADVANCED_FACE('',(#9454),#2021,.T.);
#9454 = FACE_BOUND('',#9455,.T.);
#9455 = EDGE_LOOP('',(#9456,#9479,#9500,#9501));
#9456 = ORIENTED_EDGE('',*,*,#9457,.F.);
#9457 = EDGE_CURVE('',#9458,#1978,#9460,.T.);
#9458 = VERTEX_POINT('',#9459);
#9459 = CARTESIAN_POINT('',(33.861496873605,12.718903144816,
    4.80467569828));
#9460 = SURFACE_CURVE('',#9461,(#9465,#9472),.PCURVE_S1.);
#9461 = LINE('',#9462,#9463);
#9462 = CARTESIAN_POINT('',(33.861496873605,12.718903144816,
    3.804675674438));
#9463 = VECTOR('',#9464,1.);
#9464 = DIRECTION('',(0.,0.,-1.));
#9465 = PCURVE('',#2021,#9466);
#9466 = DEFINITIONAL_REPRESENTATION('',(#9467),#9471);
#9467 = LINE('',#9468,#9469);
#9468 = CARTESIAN_POINT('',(1.000000023842,9.608194602015E-18));
#9469 = VECTOR('',#9470,1.);
#9470 = DIRECTION('',(1.,9.608194372937E-18));
#9471 = ( GEOMETRIC_REPRESENTATION_CONTEXT(2) 
PARAMETRIC_REPRESENTATION_CONTEXT() REPRESENTATION_CONTEXT('2D SPACE',''
  ) );
#9472 = PCURVE('',#1993,#9473);
#9473 = DEFINITIONAL_REPRESENTATION('',(#9474),#9478);
#9474 = LINE('',#9475,#9476);
#9475 = CARTESIAN_POINT('',(-0.6,-0.470754985851));
#9476 = VECTOR('',#9477,1.);
#9477 = DIRECTION('',(1.,2.858835127104E-17));
#9478 = ( GEOMETRIC_REPRESENTATION_CONTEXT(2) 
PARAMETRIC_REPRESENTATION_CONTEXT() REPRESENTATION_CONTEXT('2D SPACE',''
  ) );
#9479 = ORIENTED_EDGE('',*,*,#9480,.F.);
#9480 = EDGE_CURVE('',#9409,#9458,#9481,.T.);
#9481 = SURFACE_CURVE('',#9482,(#9486,#9493),.PCURVE_S1.);
#9482 = LINE('',#9483,#9484);
#9483 = CARTESIAN_POINT('',(33.89843077253,12.249600013713,4.80467569828
    ));
#9484 = VECTOR('',#9485,1.);
#9485 = DIRECTION('',(-7.845686102823E-02,0.996917509605,
    -9.608194372937E-18));
#9486 = PCURVE('',#2021,#9487);
#9487 = DEFINITIONAL_REPRESENTATION('',(#9488),#9492);
#9488 = LINE('',#9489,#9490);
#9489 = CARTESIAN_POINT('',(4.523098109949E-18,-0.470754226485));
#9490 = VECTOR('',#9491,1.);
#9491 = DIRECTION('',(1.694818351061E-32,1.));
#9492 = ( GEOMETRIC_REPRESENTATION_CONTEXT(2) 
PARAMETRIC_REPRESENTATION_CONTEXT() REPRESENTATION_CONTEXT('2D SPACE',''
  ) );
#9493 = PCURVE('',#4595,#9494);
#9494 = DEFINITIONAL_REPRESENTATION('',(#9495),#9499);
#9495 = LINE('',#9496,#9497);
#9496 = CARTESIAN_POINT('',(-22.87683677673,62.492117404938));
#9497 = VECTOR('',#9498,1.);
#9498 = DIRECTION('',(-0.996917509605,-7.845686102823E-02));
#9499 = ( GEOMETRIC_REPRESENTATION_CONTEXT(2) 
PARAMETRIC_REPRESENTATION_CONTEXT() REPRESENTATION_CONTEXT('2D SPACE',''
  ) );
#9500 = ORIENTED_EDGE('',*,*,#9408,.T.);
#9501 = ORIENTED_EDGE('',*,*,#2005,.F.);
#9502 = ADVANCED_FACE('',(#9503),#1993,.T.);
#9503 = FACE_BOUND('',#9504,.T.);
#9504 = EDGE_LOOP('',(#9505,#9528,#9549,#9550));
#9505 = ORIENTED_EDGE('',*,*,#9506,.F.);
#9506 = EDGE_CURVE('',#9507,#1950,#9509,.T.);
#9507 = VERTEX_POINT('',#9508);
#9508 = CARTESIAN_POINT('',(33.751603074777,13.176651557902,
    4.80467569828));
#9509 = SURFACE_CURVE('',#9510,(#9514,#9521),.PCURVE_S1.);
#9510 = LINE('',#9511,#9512);
#9511 = CARTESIAN_POINT('',(33.751603074777,13.176651557902,
    3.804675674438));
#9512 = VECTOR('',#9513,1.);
#9513 = DIRECTION('',(0.,0.,-1.));
#9514 = PCURVE('',#1993,#9515);
#9515 = DEFINITIONAL_REPRESENTATION('',(#9516),#9520);
#9516 = LINE('',#9517,#9518);
#9517 = CARTESIAN_POINT('',(-0.6,-1.715301076262E-17));
#9518 = VECTOR('',#9519,1.);
#9519 = DIRECTION('',(1.,2.858835127104E-17));
#9520 = ( GEOMETRIC_REPRESENTATION_CONTEXT(2) 
PARAMETRIC_REPRESENTATION_CONTEXT() REPRESENTATION_CONTEXT('2D SPACE',''
  ) );
#9521 = PCURVE('',#1965,#9522);
#9522 = DEFINITIONAL_REPRESENTATION('',(#9523),#9527);
#9523 = LINE('',#9524,#9525);
#9524 = CARTESIAN_POINT('',(-0.6,-0.470754619982));
#9525 = VECTOR('',#9526,1.);
#9526 = DIRECTION('',(1.,4.686595829042E-17));
#9527 = ( GEOMETRIC_REPRESENTATION_CONTEXT(2) 
PARAMETRIC_REPRESENTATION_CONTEXT() REPRESENTATION_CONTEXT('2D SPACE',''
  ) );
#9528 = ORIENTED_EDGE('',*,*,#9529,.F.);
#9529 = EDGE_CURVE('',#9458,#9507,#9530,.T.);
#9530 = SURFACE_CURVE('',#9531,(#9535,#9542),.PCURVE_S1.);
#9531 = LINE('',#9532,#9533);
#9532 = CARTESIAN_POINT('',(33.861496873605,12.718903144816,
    4.80467569828));
#9533 = VECTOR('',#9534,1.);
#9534 = DIRECTION('',(-0.23344160366,0.972370823133,-2.858835127104E-17)
  );
#9535 = PCURVE('',#1993,#9536);
#9536 = DEFINITIONAL_REPRESENTATION('',(#9537),#9541);
#9537 = LINE('',#9538,#9539);
#9538 = CARTESIAN_POINT('',(-1.600000023842,-0.470754985851));
#9539 = VECTOR('',#9540,1.);
#9540 = DIRECTION('',(1.60237371373E-31,1.));
#9541 = ( GEOMETRIC_REPRESENTATION_CONTEXT(2) 
PARAMETRIC_REPRESENTATION_CONTEXT() REPRESENTATION_CONTEXT('2D SPACE',''
  ) );
#9542 = PCURVE('',#4595,#9543);
#9543 = DEFINITIONAL_REPRESENTATION('',(#9544),#9548);
#9544 = LINE('',#9545,#9546);
#9545 = CARTESIAN_POINT('',(-23.34613990783,62.455183506012));
#9546 = VECTOR('',#9547,1.);
#9547 = DIRECTION('',(-0.972370823133,-0.23344160366));
#9548 = ( GEOMETRIC_REPRESENTATION_CONTEXT(2) 
PARAMETRIC_REPRESENTATION_CONTEXT() REPRESENTATION_CONTEXT('2D SPACE',''
  ) );
#9549 = ORIENTED_EDGE('',*,*,#9457,.T.);
#9550 = ORIENTED_EDGE('',*,*,#1977,.F.);
#9551 = ADVANCED_FACE('',(#9552),#1965,.T.);
#9552 = FACE_BOUND('',#9553,.T.);
#9553 = EDGE_LOOP('',(#9554,#9577,#9598,#9599));
#9554 = ORIENTED_EDGE('',*,*,#9555,.F.);
#9555 = EDGE_CURVE('',#9556,#1922,#9558,.T.);
#9556 = VERTEX_POINT('',#9557);
#9557 = CARTESIAN_POINT('',(33.57145018171,13.611570915202,4.80467569828
    ));
#9558 = SURFACE_CURVE('',#9559,(#9563,#9570),.PCURVE_S1.);
#9559 = LINE('',#9560,#9561);
#9560 = CARTESIAN_POINT('',(33.57145018171,13.611570915202,
    3.804675674438));
#9561 = VECTOR('',#9562,1.);
#9562 = DIRECTION('',(0.,0.,-1.));
#9563 = PCURVE('',#1965,#9564);
#9564 = DEFINITIONAL_REPRESENTATION('',(#9565),#9569);
#9565 = LINE('',#9566,#9567);
#9566 = CARTESIAN_POINT('',(-0.6,-2.811957497425E-17));
#9567 = VECTOR('',#9568,1.);
#9568 = DIRECTION('',(1.,4.686595829042E-17));
#9569 = ( GEOMETRIC_REPRESENTATION_CONTEXT(2) 
PARAMETRIC_REPRESENTATION_CONTEXT() REPRESENTATION_CONTEXT('2D SPACE',''
  ) );
#9570 = PCURVE('',#1937,#9571);
#9571 = DEFINITIONAL_REPRESENTATION('',(#9572),#9576);
#9572 = LINE('',#9573,#9574);
#9573 = CARTESIAN_POINT('',(0.6,0.470756270859));
#9574 = VECTOR('',#9575,1.);
#9575 = DIRECTION('',(-1.,-6.398819279885E-17));
#9576 = ( GEOMETRIC_REPRESENTATION_CONTEXT(2) 
PARAMETRIC_REPRESENTATION_CONTEXT() REPRESENTATION_CONTEXT('2D SPACE',''
  ) );
#9577 = ORIENTED_EDGE('',*,*,#9578,.F.);
#9578 = EDGE_CURVE('',#9507,#9556,#9579,.T.);
#9579 = SURFACE_CURVE('',#9580,(#9584,#9591),.PCURVE_S1.);
#9580 = LINE('',#9581,#9582);
#9581 = CARTESIAN_POINT('',(33.751603074777,13.176651557902,
    4.80467569828));
#9582 = VECTOR('',#9583,1.);
#9583 = DIRECTION('',(-0.382689591179,0.923876981423,-4.686595829042E-17
    ));
#9584 = PCURVE('',#1965,#9585);
#9585 = DEFINITIONAL_REPRESENTATION('',(#9586),#9590);
#9586 = LINE('',#9587,#9588);
#9587 = CARTESIAN_POINT('',(-1.600000023842,-0.470754619982));
#9588 = VECTOR('',#9589,1.);
#9589 = DIRECTION('',(6.779273404243E-32,1.));
#9590 = ( GEOMETRIC_REPRESENTATION_CONTEXT(2) 
PARAMETRIC_REPRESENTATION_CONTEXT() REPRESENTATION_CONTEXT('2D SPACE',''
  ) );
#9591 = PCURVE('',#4595,#9592);
#9592 = DEFINITIONAL_REPRESENTATION('',(#9593),#9597);
#9593 = LINE('',#9594,#9595);
#9594 = CARTESIAN_POINT('',(-23.80388832092,62.345289707184));
#9595 = VECTOR('',#9596,1.);
#9596 = DIRECTION('',(-0.923876981423,-0.382689591179));
#9597 = ( GEOMETRIC_REPRESENTATION_CONTEXT(2) 
PARAMETRIC_REPRESENTATION_CONTEXT() REPRESENTATION_CONTEXT('2D SPACE',''
  ) );
#9598 = ORIENTED_EDGE('',*,*,#9506,.T.);
#9599 = ORIENTED_EDGE('',*,*,#1949,.F.);
#9600 = ADVANCED_FACE('',(#9601),#1937,.T.);
#9601 = FACE_BOUND('',#9602,.T.);
#9602 = EDGE_LOOP('',(#9603,#9626,#9647,#9648));
#9603 = ORIENTED_EDGE('',*,*,#9604,.F.);
#9604 = EDGE_CURVE('',#9605,#1894,#9607,.T.);
#9605 = VERTEX_POINT('',#9606);
#9606 = CARTESIAN_POINT('',(33.325478502023,14.01295526884,4.80467569828
    ));
#9607 = SURFACE_CURVE('',#9608,(#9612,#9619),.PCURVE_S1.);
#9608 = LINE('',#9609,#9610);
#9609 = CARTESIAN_POINT('',(33.325478502023,14.01295526884,
    3.804675674438));
#9610 = VECTOR('',#9611,1.);
#9611 = DIRECTION('',(0.,0.,-1.));
#9612 = PCURVE('',#1937,#9613);
#9613 = DEFINITIONAL_REPRESENTATION('',(#9614),#9618);
#9614 = LINE('',#9615,#9616);
#9615 = CARTESIAN_POINT('',(0.6,3.839291567931E-17));
#9616 = VECTOR('',#9617,1.);
#9617 = DIRECTION('',(-1.,-6.398819279885E-17));
#9618 = ( GEOMETRIC_REPRESENTATION_CONTEXT(2) 
PARAMETRIC_REPRESENTATION_CONTEXT() REPRESENTATION_CONTEXT('2D SPACE',''
  ) );
#9619 = PCURVE('',#1909,#9620);
#9620 = DEFINITIONAL_REPRESENTATION('',(#9621),#9625);
#9621 = LINE('',#9622,#9623);
#9622 = CARTESIAN_POINT('',(0.6,0.470751646403));
#9623 = VECTOR('',#9624,1.);
#9624 = DIRECTION('',(-1.,-7.953350033386E-17));
#9625 = ( GEOMETRIC_REPRESENTATION_CONTEXT(2) 
PARAMETRIC_REPRESENTATION_CONTEXT() REPRESENTATION_CONTEXT('2D SPACE',''
  ) );
#9626 = ORIENTED_EDGE('',*,*,#9627,.F.);
#9627 = EDGE_CURVE('',#9556,#9605,#9628,.T.);
#9628 = SURFACE_CURVE('',#9629,(#9633,#9640),.PCURVE_S1.);
#9629 = LINE('',#9630,#9631);
#9630 = CARTESIAN_POINT('',(33.57145018171,13.611570915202,4.80467569828
    ));
#9631 = VECTOR('',#9632,1.);
#9632 = DIRECTION('',(-0.522503246188,0.852637295527,-6.398819279885E-17
    ));
#9633 = PCURVE('',#1937,#9634);
#9634 = DEFINITIONAL_REPRESENTATION('',(#9635),#9639);
#9635 = LINE('',#9636,#9637);
#9636 = CARTESIAN_POINT('',(1.600000023842,0.470756270859));
#9637 = VECTOR('',#9638,1.);
#9638 = DIRECTION('',(-1.60237371373E-31,-1.));
#9639 = ( GEOMETRIC_REPRESENTATION_CONTEXT(2) 
PARAMETRIC_REPRESENTATION_CONTEXT() REPRESENTATION_CONTEXT('2D SPACE',''
  ) );
#9640 = PCURVE('',#4595,#9641);
#9641 = DEFINITIONAL_REPRESENTATION('',(#9642),#9646);
#9642 = LINE('',#9643,#9644);
#9643 = CARTESIAN_POINT('',(-24.23880767822,62.165136814117));
#9644 = VECTOR('',#9645,1.);
#9645 = DIRECTION('',(-0.852637295527,-0.522503246188));
#9646 = ( GEOMETRIC_REPRESENTATION_CONTEXT(2) 
PARAMETRIC_REPRESENTATION_CONTEXT() REPRESENTATION_CONTEXT('2D SPACE',''
  ) );
#9647 = ORIENTED_EDGE('',*,*,#9555,.T.);
#9648 = ORIENTED_EDGE('',*,*,#1921,.F.);
#9649 = ADVANCED_FACE('',(#9650),#1909,.T.);
#9650 = FACE_BOUND('',#9651,.T.);
#9651 = EDGE_LOOP('',(#9652,#9675,#9696,#9697));
#9652 = ORIENTED_EDGE('',*,*,#9653,.F.);
#9653 = EDGE_CURVE('',#9654,#1866,#9656,.T.);
#9654 = VERTEX_POINT('',#9655);
#9655 = CARTESIAN_POINT('',(33.019753404366,14.3709207382,4.80467569828)
  );
#9656 = SURFACE_CURVE('',#9657,(#9661,#9668),.PCURVE_S1.);
#9657 = LINE('',#9658,#9659);
#9658 = CARTESIAN_POINT('',(33.019753404366,14.3709207382,3.804675674438
    ));
#9659 = VECTOR('',#9660,1.);
#9660 = DIRECTION('',(0.,0.,-1.));
#9661 = PCURVE('',#1909,#9662);
#9662 = DEFINITIONAL_REPRESENTATION('',(#9663),#9667);
#9663 = LINE('',#9664,#9665);
#9664 = CARTESIAN_POINT('',(0.6,4.772010020032E-17));
#9665 = VECTOR('',#9666,1.);
#9666 = DIRECTION('',(-1.,-7.953350033386E-17));
#9667 = ( GEOMETRIC_REPRESENTATION_CONTEXT(2) 
PARAMETRIC_REPRESENTATION_CONTEXT() REPRESENTATION_CONTEXT('2D SPACE',''
  ) );
#9668 = PCURVE('',#1881,#9669);
#9669 = DEFINITIONAL_REPRESENTATION('',(#9670),#9674);
#9670 = LINE('',#9671,#9672);
#9671 = CARTESIAN_POINT('',(0.6,0.470756812913));
#9672 = VECTOR('',#9673,1.);
#9673 = DIRECTION('',(-1.,-9.312315617346E-17));
#9674 = ( GEOMETRIC_REPRESENTATION_CONTEXT(2) 
PARAMETRIC_REPRESENTATION_CONTEXT() REPRESENTATION_CONTEXT('2D SPACE',''
  ) );
#9675 = ORIENTED_EDGE('',*,*,#9676,.F.);
#9676 = EDGE_CURVE('',#9605,#9654,#9677,.T.);
#9677 = SURFACE_CURVE('',#9678,(#9682,#9689),.PCURVE_S1.);
#9678 = LINE('',#9679,#9680);
#9679 = CARTESIAN_POINT('',(33.325478502023,14.01295526884,4.80467569828
    ));
#9680 = VECTOR('',#9681,1.);
#9681 = DIRECTION('',(-0.649440315275,0.760412570185,-7.953350033386E-17
    ));
#9682 = PCURVE('',#1909,#9683);
#9683 = DEFINITIONAL_REPRESENTATION('',(#9684),#9688);
#9684 = LINE('',#9685,#9686);
#9685 = CARTESIAN_POINT('',(1.600000023842,0.470751646403));
#9686 = VECTOR('',#9687,1.);
#9687 = DIRECTION('',(-2.218671295934E-31,-1.));
#9688 = ( GEOMETRIC_REPRESENTATION_CONTEXT(2) 
PARAMETRIC_REPRESENTATION_CONTEXT() REPRESENTATION_CONTEXT('2D SPACE',''
  ) );
#9689 = PCURVE('',#4595,#9690);
#9690 = DEFINITIONAL_REPRESENTATION('',(#9691),#9695);
#9691 = LINE('',#9692,#9693);
#9692 = CARTESIAN_POINT('',(-24.64019203186,61.91916513443));
#9693 = VECTOR('',#9694,1.);
#9694 = DIRECTION('',(-0.760412570185,-0.649440315275));
#9695 = ( GEOMETRIC_REPRESENTATION_CONTEXT(2) 
PARAMETRIC_REPRESENTATION_CONTEXT() REPRESENTATION_CONTEXT('2D SPACE',''
  ) );
#9696 = ORIENTED_EDGE('',*,*,#9604,.T.);
#9697 = ORIENTED_EDGE('',*,*,#1893,.F.);
#9698 = ADVANCED_FACE('',(#9699),#1881,.T.);
#9699 = FACE_BOUND('',#9700,.T.);
#9700 = EDGE_LOOP('',(#9701,#9724,#9745,#9746));
#9701 = ORIENTED_EDGE('',*,*,#9702,.F.);
#9702 = EDGE_CURVE('',#9703,#1838,#9705,.T.);
#9703 = VERTEX_POINT('',#9704);
#9704 = CARTESIAN_POINT('',(32.661786027657,14.676651557902,
    4.80467569828));
#9705 = SURFACE_CURVE('',#9706,(#9710,#9717),.PCURVE_S1.);
#9706 = LINE('',#9707,#9708);
#9707 = CARTESIAN_POINT('',(32.661786027657,14.676651557902,
    3.804675674438));
#9708 = VECTOR('',#9709,1.);
#9709 = DIRECTION('',(0.,0.,-1.));
#9710 = PCURVE('',#1881,#9711);
#9711 = DEFINITIONAL_REPRESENTATION('',(#9712),#9716);
#9712 = LINE('',#9713,#9714);
#9713 = CARTESIAN_POINT('',(0.6,5.587389370408E-17));
#9714 = VECTOR('',#9715,1.);
#9715 = DIRECTION('',(-1.,-9.312315617346E-17));
#9716 = ( GEOMETRIC_REPRESENTATION_CONTEXT(2) 
PARAMETRIC_REPRESENTATION_CONTEXT() REPRESENTATION_CONTEXT('2D SPACE',''
  ) );
#9717 = PCURVE('',#1853,#9718);
#9718 = DEFINITIONAL_REPRESENTATION('',(#9719),#9723);
#9719 = LINE('',#9720,#9721);
#9720 = CARTESIAN_POINT('',(0.6,0.470752651396));
#9721 = VECTOR('',#9722,1.);
#9722 = DIRECTION('',(-1.,-1.044182601253E-16));
#9723 = ( GEOMETRIC_REPRESENTATION_CONTEXT(2) 
PARAMETRIC_REPRESENTATION_CONTEXT() REPRESENTATION_CONTEXT('2D SPACE',''
  ) );
#9724 = ORIENTED_EDGE('',*,*,#9725,.F.);
#9725 = EDGE_CURVE('',#9654,#9703,#9726,.T.);
#9726 = SURFACE_CURVE('',#9727,(#9731,#9738),.PCURVE_S1.);
#9727 = LINE('',#9728,#9729);
#9728 = CARTESIAN_POINT('',(33.019753404366,14.3709207382,4.80467569828)
  );
#9729 = VECTOR('',#9730,1.);
#9730 = DIRECTION('',(-0.760408276397,0.649445342725,-9.312315617346E-17
    ));
#9731 = PCURVE('',#1881,#9732);
#9732 = DEFINITIONAL_REPRESENTATION('',(#9733),#9737);
#9733 = LINE('',#9734,#9735);
#9734 = CARTESIAN_POINT('',(1.600000023842,0.470756812913));
#9735 = VECTOR('',#9736,1.);
#9736 = DIRECTION('',(-2.095411779493E-31,-1.));
#9737 = ( GEOMETRIC_REPRESENTATION_CONTEXT(2) 
PARAMETRIC_REPRESENTATION_CONTEXT() REPRESENTATION_CONTEXT('2D SPACE',''
  ) );
#9738 = PCURVE('',#4595,#9739);
#9739 = DEFINITIONAL_REPRESENTATION('',(#9740),#9744);
#9740 = LINE('',#9741,#9742);
#9741 = CARTESIAN_POINT('',(-24.99815750122,61.613440036774));
#9742 = VECTOR('',#9743,1.);
#9743 = DIRECTION('',(-0.649445342725,-0.760408276397));
#9744 = ( GEOMETRIC_REPRESENTATION_CONTEXT(2) 
PARAMETRIC_REPRESENTATION_CONTEXT() REPRESENTATION_CONTEXT('2D SPACE',''
  ) );
#9745 = ORIENTED_EDGE('',*,*,#9653,.T.);
#9746 = ORIENTED_EDGE('',*,*,#1865,.F.);
#9747 = ADVANCED_FACE('',(#9748),#1853,.T.);
#9748 = FACE_BOUND('',#9749,.T.);
#9749 = EDGE_LOOP('',(#9750,#9773,#9794,#9795));
#9750 = ORIENTED_EDGE('',*,*,#9751,.F.);
#9751 = EDGE_CURVE('',#9752,#1810,#9754,.T.);
#9752 = VERTEX_POINT('',#9753);
#9753 = CARTESIAN_POINT('',(32.260403581368,14.922619422892,
    4.80467569828));
#9754 = SURFACE_CURVE('',#9755,(#9759,#9766),.PCURVE_S1.);
#9755 = LINE('',#9756,#9757);
#9756 = CARTESIAN_POINT('',(32.260403581368,14.922619422892,
    3.804675674438));
#9757 = VECTOR('',#9758,1.);
#9758 = DIRECTION('',(0.,0.,-1.));
#9759 = PCURVE('',#1853,#9760);
#9760 = DEFINITIONAL_REPRESENTATION('',(#9761),#9765);
#9761 = LINE('',#9762,#9763);
#9762 = CARTESIAN_POINT('',(0.6,6.265095607516E-17));
#9763 = VECTOR('',#9764,1.);
#9764 = DIRECTION('',(-1.,-1.044182601253E-16));
#9765 = ( GEOMETRIC_REPRESENTATION_CONTEXT(2) 
PARAMETRIC_REPRESENTATION_CONTEXT() REPRESENTATION_CONTEXT('2D SPACE',''
  ) );
#9766 = PCURVE('',#1825,#9767);
#9767 = DEFINITIONAL_REPRESENTATION('',(#9768),#9772);
#9768 = LINE('',#9769,#9770);
#9769 = CARTESIAN_POINT('',(0.6,0.470755652221));
#9770 = VECTOR('',#9771,1.);
#9771 = DIRECTION('',(-1.,-1.131425469072E-16));
#9772 = ( GEOMETRIC_REPRESENTATION_CONTEXT(2) 
PARAMETRIC_REPRESENTATION_CONTEXT() REPRESENTATION_CONTEXT('2D SPACE',''
  ) );
#9773 = ORIENTED_EDGE('',*,*,#9774,.F.);
#9774 = EDGE_CURVE('',#9703,#9752,#9775,.T.);
#9775 = SURFACE_CURVE('',#9776,(#9780,#9787),.PCURVE_S1.);
#9776 = LINE('',#9777,#9778);
#9777 = CARTESIAN_POINT('',(32.661786027657,14.676651557902,
    4.80467569828));
#9778 = VECTOR('',#9779,1.);
#9779 = DIRECTION('',(-0.852639799475,0.522499160144,-1.044182601253E-16
    ));
#9780 = PCURVE('',#1853,#9781);
#9781 = DEFINITIONAL_REPRESENTATION('',(#9782),#9786);
#9782 = LINE('',#9783,#9784);
#9783 = CARTESIAN_POINT('',(1.600000023842,0.470752651396));
#9784 = VECTOR('',#9785,1.);
#9785 = DIRECTION('',(-2.588449845256E-31,-1.));
#9786 = ( GEOMETRIC_REPRESENTATION_CONTEXT(2) 
PARAMETRIC_REPRESENTATION_CONTEXT() REPRESENTATION_CONTEXT('2D SPACE',''
  ) );
#9787 = PCURVE('',#4595,#9788);
#9788 = DEFINITIONAL_REPRESENTATION('',(#9789),#9793);
#9789 = LINE('',#9790,#9791);
#9790 = CARTESIAN_POINT('',(-25.30388832092,61.255472660065));
#9791 = VECTOR('',#9792,1.);
#9792 = DIRECTION('',(-0.522499160144,-0.852639799475));
#9793 = ( GEOMETRIC_REPRESENTATION_CONTEXT(2) 
PARAMETRIC_REPRESENTATION_CONTEXT() REPRESENTATION_CONTEXT('2D SPACE',''
  ) );
#9794 = ORIENTED_EDGE('',*,*,#9702,.T.);
#9795 = ORIENTED_EDGE('',*,*,#1837,.F.);
#9796 = ADVANCED_FACE('',(#9797),#1825,.T.);
#9797 = FACE_BOUND('',#9798,.T.);
#9798 = EDGE_LOOP('',(#9799,#9822,#9843,#9844));
#9799 = ORIENTED_EDGE('',*,*,#9800,.F.);
#9800 = EDGE_CURVE('',#9801,#1782,#9803,.T.);
#9801 = VERTEX_POINT('',#9802);
#9802 = CARTESIAN_POINT('',(31.82548231672,15.10277040861,4.80467569828)
  );
#9803 = SURFACE_CURVE('',#9804,(#9808,#9815),.PCURVE_S1.);
#9804 = LINE('',#9805,#9806);
#9805 = CARTESIAN_POINT('',(31.82548231672,15.10277040861,3.804675674438
    ));
#9806 = VECTOR('',#9807,1.);
#9807 = DIRECTION('',(0.,0.,-1.));
#9808 = PCURVE('',#1825,#9809);
#9809 = DEFINITIONAL_REPRESENTATION('',(#9810),#9814);
#9810 = LINE('',#9811,#9812);
#9811 = CARTESIAN_POINT('',(0.6,6.78855281443E-17));
#9812 = VECTOR('',#9813,1.);
#9813 = DIRECTION('',(-1.,-1.131425469072E-16));
#9814 = ( GEOMETRIC_REPRESENTATION_CONTEXT(2) 
PARAMETRIC_REPRESENTATION_CONTEXT() REPRESENTATION_CONTEXT('2D SPACE',''
  ) );
#9815 = PCURVE('',#1797,#9816);
#9816 = DEFINITIONAL_REPRESENTATION('',(#9817),#9821);
#9817 = LINE('',#9818,#9819);
#9818 = CARTESIAN_POINT('',(0.6,0.470754985851));
#9819 = VECTOR('',#9820,1.);
#9820 = DIRECTION('',(-1.,-1.190810816134E-16));
#9821 = ( GEOMETRIC_REPRESENTATION_CONTEXT(2) 
PARAMETRIC_REPRESENTATION_CONTEXT() REPRESENTATION_CONTEXT('2D SPACE',''
  ) );
#9822 = ORIENTED_EDGE('',*,*,#9823,.F.);
#9823 = EDGE_CURVE('',#9752,#9801,#9824,.T.);
#9824 = SURFACE_CURVE('',#9825,(#9829,#9836),.PCURVE_S1.);
#9825 = LINE('',#9826,#9827);
#9826 = CARTESIAN_POINT('',(32.260403581368,14.922619422892,
    4.80467569828));
#9827 = VECTOR('',#9828,1.);
#9828 = DIRECTION('',(-0.923879007286,0.38268470037,-1.131425469072E-16)
  );
#9829 = PCURVE('',#1825,#9830);
#9830 = DEFINITIONAL_REPRESENTATION('',(#9831),#9835);
#9831 = LINE('',#9832,#9833);
#9832 = CARTESIAN_POINT('',(1.600000023842,0.470755652221));
#9833 = VECTOR('',#9834,1.);
#9834 = DIRECTION('',(-4.930380657631E-32,-1.));
#9835 = ( GEOMETRIC_REPRESENTATION_CONTEXT(2) 
PARAMETRIC_REPRESENTATION_CONTEXT() REPRESENTATION_CONTEXT('2D SPACE',''
  ) );
#9836 = PCURVE('',#4595,#9837);
#9837 = DEFINITIONAL_REPRESENTATION('',(#9838),#9842);
#9838 = LINE('',#9839,#9840);
#9839 = CARTESIAN_POINT('',(-25.54985618591,60.854090213776));
#9840 = VECTOR('',#9841,1.);
#9841 = DIRECTION('',(-0.38268470037,-0.923879007286));
#9842 = ( GEOMETRIC_REPRESENTATION_CONTEXT(2) 
PARAMETRIC_REPRESENTATION_CONTEXT() REPRESENTATION_CONTEXT('2D SPACE',''
  ) );
#9843 = ORIENTED_EDGE('',*,*,#9751,.T.);
#9844 = ORIENTED_EDGE('',*,*,#1809,.F.);
#9845 = ADVANCED_FACE('',(#9846),#1797,.T.);
#9846 = FACE_BOUND('',#9847,.T.);
#9847 = EDGE_LOOP('',(#9848,#9871,#9892,#9893));
#9848 = ORIENTED_EDGE('',*,*,#9849,.F.);
#9849 = EDGE_CURVE('',#9850,#1754,#9852,.T.);
#9850 = VERTEX_POINT('',#9851);
#9851 = CARTESIAN_POINT('',(31.367733903634,15.212664207438,
    4.80467569828));
#9852 = SURFACE_CURVE('',#9853,(#9857,#9864),.PCURVE_S1.);
#9853 = LINE('',#9854,#9855);
#9854 = CARTESIAN_POINT('',(31.367733903634,15.212664207438,
    4.80467569828));
#9855 = VECTOR('',#9856,1.);
#9856 = DIRECTION('',(1.224646799147E-16,1.499759782662E-32,-1.));
#9857 = PCURVE('',#1797,#9858);
#9858 = DEFINITIONAL_REPRESENTATION('',(#9859),#9863);
#9859 = LINE('',#9860,#9861);
#9860 = CARTESIAN_POINT('',(1.600000023842,1.905297334206E-16));
#9861 = VECTOR('',#9862,1.);
#9862 = DIRECTION('',(-1.,-4.930380657631E-32));
#9863 = ( GEOMETRIC_REPRESENTATION_CONTEXT(2) 
PARAMETRIC_REPRESENTATION_CONTEXT() REPRESENTATION_CONTEXT('2D SPACE',''
  ) );
#9864 = PCURVE('',#1769,#9865);
#9865 = DEFINITIONAL_REPRESENTATION('',(#9866),#9870);
#9866 = LINE('',#9867,#9868);
#9867 = CARTESIAN_POINT('',(1.600000023842,0.470754376133));
#9868 = VECTOR('',#9869,1.);
#9869 = DIRECTION('',(-1.,0.));
#9870 = ( GEOMETRIC_REPRESENTATION_CONTEXT(2) 
PARAMETRIC_REPRESENTATION_CONTEXT() REPRESENTATION_CONTEXT('2D SPACE',''
  ) );
#9871 = ORIENTED_EDGE('',*,*,#9872,.F.);
#9872 = EDGE_CURVE('',#9801,#9850,#9873,.T.);
#9873 = SURFACE_CURVE('',#9874,(#9878,#9885),.PCURVE_S1.);
#9874 = LINE('',#9875,#9876);
#9875 = CARTESIAN_POINT('',(31.82548231672,15.10277040861,4.80467569828)
  );
#9876 = VECTOR('',#9877,1.);
#9877 = DIRECTION('',(-0.972370823133,0.23344160366,-1.190810816134E-16)
  );
#9878 = PCURVE('',#1797,#9879);
#9879 = DEFINITIONAL_REPRESENTATION('',(#9880),#9884);
#9880 = LINE('',#9881,#9882);
#9881 = CARTESIAN_POINT('',(1.600000023842,0.470754985851));
#9882 = VECTOR('',#9883,1.);
#9883 = DIRECTION('',(1.479114197289E-31,-1.));
#9884 = ( GEOMETRIC_REPRESENTATION_CONTEXT(2) 
PARAMETRIC_REPRESENTATION_CONTEXT() REPRESENTATION_CONTEXT('2D SPACE',''
  ) );
#9885 = PCURVE('',#4595,#9886);
#9886 = DEFINITIONAL_REPRESENTATION('',(#9887),#9891);
#9887 = LINE('',#9888,#9889);
#9888 = CARTESIAN_POINT('',(-25.73000717163,60.419168949127));
#9889 = VECTOR('',#9890,1.);
#9890 = DIRECTION('',(-0.23344160366,-0.972370823133));
#9891 = ( GEOMETRIC_REPRESENTATION_CONTEXT(2) 
PARAMETRIC_REPRESENTATION_CONTEXT() REPRESENTATION_CONTEXT('2D SPACE',''
  ) );
#9892 = ORIENTED_EDGE('',*,*,#9800,.T.);
#9893 = ORIENTED_EDGE('',*,*,#1781,.F.);
#9894 = ADVANCED_FACE('',(#9895,#10289,#10443,#10446,#10449,#10452),
  #4595,.T.);
#9895 = FACE_BOUND('',#9896,.T.);
#9896 = EDGE_LOOP('',(#9897,#9922,#9945,#9968,#9991,#10014,#10037,#10060
    ,#10083,#10106,#10129,#10152,#10175,#10203,#10226,#10252,#10253,
    #10254,#10255,#10256,#10257,#10258,#10259,#10260,#10261,#10262,
    #10263,#10264,#10265,#10266,#10267,#10268));
#9897 = ORIENTED_EDGE('',*,*,#9898,.F.);
#9898 = EDGE_CURVE('',#9899,#9901,#9903,.T.);
#9899 = VERTEX_POINT('',#9900);
#9900 = CARTESIAN_POINT('',(-28.10156922747,15.249600013713,
    4.80467569828));
#9901 = VERTEX_POINT('',#9902);
#9902 = CARTESIAN_POINT('',(30.89843077253,15.249600013713,4.80467569828
    ));
#9903 = SURFACE_CURVE('',#9904,(#9908,#9915),.PCURVE_S1.);
#9904 = LINE('',#9905,#9906);
#9905 = CARTESIAN_POINT('',(27.698239274728,15.249600013713,
    4.80467569828));
#9906 = VECTOR('',#9907,1.);
#9907 = DIRECTION('',(1.,-9.95799250103E-17,1.224646799147E-16));
#9908 = PCURVE('',#4595,#9909);
#9909 = DEFINITIONAL_REPRESENTATION('',(#9910),#9914);
#9910 = LINE('',#9911,#9912);
#9911 = CARTESIAN_POINT('',(-25.87683677673,56.291925907135));
#9912 = VECTOR('',#9913,1.);
#9913 = DIRECTION('',(-3.330135684236E-48,1.));
#9914 = ( GEOMETRIC_REPRESENTATION_CONTEXT(2) 
PARAMETRIC_REPRESENTATION_CONTEXT() REPRESENTATION_CONTEXT('2D SPACE',''
  ) );
#9915 = PCURVE('',#1741,#9916);
#9916 = DEFINITIONAL_REPRESENTATION('',(#9917),#9921);
#9917 = LINE('',#9918,#9919);
#9918 = CARTESIAN_POINT('',(1.600000023842,55.799808502197));
#9919 = VECTOR('',#9920,1.);
#9920 = DIRECTION('',(0.,1.));
#9921 = ( GEOMETRIC_REPRESENTATION_CONTEXT(2) 
PARAMETRIC_REPRESENTATION_CONTEXT() REPRESENTATION_CONTEXT('2D SPACE',''
  ) );
#9922 = ORIENTED_EDGE('',*,*,#9923,.F.);
#9923 = EDGE_CURVE('',#9924,#9899,#9926,.T.);
#9924 = VERTEX_POINT('',#9925);
#9925 = CARTESIAN_POINT('',(-28.57087259699,15.212664207438,
    4.80467569828));
#9926 = SURFACE_CURVE('',#9927,(#9931,#9938),.PCURVE_S1.);
#9927 = LINE('',#9928,#9929);
#9928 = CARTESIAN_POINT('',(-28.57087259699,15.212664207438,
    4.80467569828));
#9929 = VECTOR('',#9930,1.);
#9930 = DIRECTION('',(0.996917195812,7.84608481581E-02,
    1.220871452867E-16));
#9931 = PCURVE('',#4595,#9932);
#9932 = DEFINITIONAL_REPRESENTATION('',(#9933),#9937);
#9933 = LINE('',#9934,#9935);
#9934 = CARTESIAN_POINT('',(-25.83990097045,2.281403541566E-02));
#9935 = VECTOR('',#9936,1.);
#9936 = DIRECTION('',(-7.84608481581E-02,0.996917195812));
#9937 = ( GEOMETRIC_REPRESENTATION_CONTEXT(2) 
PARAMETRIC_REPRESENTATION_CONTEXT() REPRESENTATION_CONTEXT('2D SPACE',''
  ) );
#9938 = PCURVE('',#7692,#9939);
#9939 = DEFINITIONAL_REPRESENTATION('',(#9940),#9944);
#9940 = LINE('',#9941,#9942);
#9941 = CARTESIAN_POINT('',(0.,0.));
#9942 = VECTOR('',#9943,1.);
#9943 = DIRECTION('',(3.20474742746E-31,1.));
#9944 = ( GEOMETRIC_REPRESENTATION_CONTEXT(2) 
PARAMETRIC_REPRESENTATION_CONTEXT() REPRESENTATION_CONTEXT('2D SPACE',''
  ) );
#9945 = ORIENTED_EDGE('',*,*,#9946,.F.);
#9946 = EDGE_CURVE('',#9947,#9924,#9949,.T.);
#9947 = VERTEX_POINT('',#9948);
#9948 = CARTESIAN_POINT('',(-29.02862029482,15.10277040861,4.80467569828
    ));
#9949 = SURFACE_CURVE('',#9950,(#9954,#9961),.PCURVE_S1.);
#9950 = LINE('',#9951,#9952);
#9951 = CARTESIAN_POINT('',(-29.02862029482,15.10277040861,4.80467569828
    ));
#9952 = VECTOR('',#9953,1.);
#9953 = DIRECTION('',(0.972370740334,0.233441948548,1.190810714735E-16)
  );
#9954 = PCURVE('',#4595,#9955);
#9955 = DEFINITIONAL_REPRESENTATION('',(#9956),#9960);
#9956 = LINE('',#9957,#9958);
#9957 = CARTESIAN_POINT('',(-25.73000717163,-0.434933662415));
#9958 = VECTOR('',#9959,1.);
#9959 = DIRECTION('',(-0.233441948548,0.972370740334));
#9960 = ( GEOMETRIC_REPRESENTATION_CONTEXT(2) 
PARAMETRIC_REPRESENTATION_CONTEXT() REPRESENTATION_CONTEXT('2D SPACE',''
  ) );
#9961 = PCURVE('',#7664,#9962);
#9962 = DEFINITIONAL_REPRESENTATION('',(#9963),#9967);
#9963 = LINE('',#9964,#9965);
#9964 = CARTESIAN_POINT('',(1.600000023842,1.905297171967E-16));
#9965 = VECTOR('',#9966,1.);
#9966 = DIRECTION('',(7.395570986447E-32,1.));
#9967 = ( GEOMETRIC_REPRESENTATION_CONTEXT(2) 
PARAMETRIC_REPRESENTATION_CONTEXT() REPRESENTATION_CONTEXT('2D SPACE',''
  ) );
#9968 = ORIENTED_EDGE('',*,*,#9969,.F.);
#9969 = EDGE_CURVE('',#9970,#9947,#9972,.T.);
#9970 = VERTEX_POINT('',#9971);
#9971 = CARTESIAN_POINT('',(-29.463540725,14.922619422892,4.80467569828)
  );
#9972 = SURFACE_CURVE('',#9973,(#9977,#9984),.PCURVE_S1.);
#9973 = LINE('',#9974,#9975);
#9974 = CARTESIAN_POINT('',(-29.463540725,14.922619422892,4.80467569828)
  );
#9975 = VECTOR('',#9976,1.);
#9976 = DIRECTION('',(0.923878747691,0.382685327084,1.13142515116E-16));
#9977 = PCURVE('',#4595,#9978);
#9978 = DEFINITIONAL_REPRESENTATION('',(#9979),#9983);
#9979 = LINE('',#9980,#9981);
#9980 = CARTESIAN_POINT('',(-25.54985618591,-0.869854092598));
#9981 = VECTOR('',#9982,1.);
#9982 = DIRECTION('',(-0.382685327084,0.923878747691));
#9983 = ( GEOMETRIC_REPRESENTATION_CONTEXT(2) 
PARAMETRIC_REPRESENTATION_CONTEXT() REPRESENTATION_CONTEXT('2D SPACE',''
  ) );
#9984 = PCURVE('',#7636,#9985);
#9985 = DEFINITIONAL_REPRESENTATION('',(#9986),#9990);
#9986 = LINE('',#9987,#9988);
#9987 = CARTESIAN_POINT('',(1.600000023842,1.810280268831E-16));
#9988 = VECTOR('',#9989,1.);
#9989 = DIRECTION('',(-1.725633230171E-31,1.));
#9990 = ( GEOMETRIC_REPRESENTATION_CONTEXT(2) 
PARAMETRIC_REPRESENTATION_CONTEXT() REPRESENTATION_CONTEXT('2D SPACE',''
  ) );
#9991 = ORIENTED_EDGE('',*,*,#9992,.F.);
#9992 = EDGE_CURVE('',#9993,#9970,#9995,.T.);
#9993 = VERTEX_POINT('',#9994);
#9994 = CARTESIAN_POINT('',(-29.86492495943,14.676651557902,
    4.80467569828));
#9995 = SURFACE_CURVE('',#9996,(#10000,#10007),.PCURVE_S1.);
#9996 = LINE('',#9997,#9998);
#9997 = CARTESIAN_POINT('',(-29.86492495943,14.676651557902,
    4.80467569828));
#9998 = VECTOR('',#9999,1.);
#9999 = DIRECTION('',(0.852640836472,0.522497467917,1.044183871208E-16)
  );
#10000 = PCURVE('',#4595,#10001);
#10001 = DEFINITIONAL_REPRESENTATION('',(#10002),#10006);
#10002 = LINE('',#10003,#10004);
#10003 = CARTESIAN_POINT('',(-25.30388832092,-1.271238327026));
#10004 = VECTOR('',#10005,1.);
#10005 = DIRECTION('',(-0.522497467917,0.852640836472));
#10006 = ( GEOMETRIC_REPRESENTATION_CONTEXT(2) 
PARAMETRIC_REPRESENTATION_CONTEXT() REPRESENTATION_CONTEXT('2D SPACE',''
  ) );
#10007 = PCURVE('',#7608,#10008);
#10008 = DEFINITIONAL_REPRESENTATION('',(#10009),#10013);
#10009 = LINE('',#10010,#10011);
#10010 = CARTESIAN_POINT('',(1.600000023842,1.670694218829E-16));
#10011 = VECTOR('',#10012,1.);
#10012 = DIRECTION('',(5.669937756276E-31,1.));
#10013 = ( GEOMETRIC_REPRESENTATION_CONTEXT(2) 
PARAMETRIC_REPRESENTATION_CONTEXT() REPRESENTATION_CONTEXT('2D SPACE',''
  ) );
#10014 = ORIENTED_EDGE('',*,*,#10015,.F.);
#10015 = EDGE_CURVE('',#10016,#9993,#10018,.T.);
#10016 = VERTEX_POINT('',#10017);
#10017 = CARTESIAN_POINT('',(-30.22288959432,14.3709207382,4.80467569828
    ));
#10018 = SURFACE_CURVE('',#10019,(#10023,#10030),.PCURVE_S1.);
#10019 = LINE('',#10020,#10021);
#10020 = CARTESIAN_POINT('',(-30.22288959432,14.3709207382,4.80467569828
    ));
#10021 = VECTOR('',#10022,1.);
#10022 = DIRECTION('',(0.760405819825,0.64944821901,9.312285533021E-17)
  );
#10023 = PCURVE('',#4595,#10024);
#10024 = DEFINITIONAL_REPRESENTATION('',(#10025),#10029);
#10025 = LINE('',#10026,#10027);
#10026 = CARTESIAN_POINT('',(-24.99815750122,-1.629202961922));
#10027 = VECTOR('',#10028,1.);
#10028 = DIRECTION('',(-0.64944821901,0.760405819825));
#10029 = ( GEOMETRIC_REPRESENTATION_CONTEXT(2) 
PARAMETRIC_REPRESENTATION_CONTEXT() REPRESENTATION_CONTEXT('2D SPACE',''
  ) );
#10030 = PCURVE('',#7580,#10031);
#10031 = DEFINITIONAL_REPRESENTATION('',(#10032),#10036);
#10032 = LINE('',#10033,#10034);
#10033 = CARTESIAN_POINT('',(1.600000023842,1.489965707486E-16));
#10034 = VECTOR('',#10035,1.);
#10035 = DIRECTION('',(3.08148791102E-31,1.));
#10036 = ( GEOMETRIC_REPRESENTATION_CONTEXT(2) 
PARAMETRIC_REPRESENTATION_CONTEXT() REPRESENTATION_CONTEXT('2D SPACE',''
  ) );
#10037 = ORIENTED_EDGE('',*,*,#10038,.F.);
#10038 = EDGE_CURVE('',#10039,#10016,#10041,.T.);
#10039 = VERTEX_POINT('',#10040);
#10040 = CARTESIAN_POINT('',(-30.52862023521,14.01295526884,
    4.80467569828));
#10041 = SURFACE_CURVE('',#10042,(#10046,#10053),.PCURVE_S1.);
#10042 = LINE('',#10043,#10044);
#10043 = CARTESIAN_POINT('',(-30.52862023521,14.01295526884,
    4.80467569828));
#10044 = VECTOR('',#10045,1.);
#10045 = DIRECTION('',(0.649447123984,0.760406755065,7.953433416028E-17)
  );
#10046 = PCURVE('',#4595,#10047);
#10047 = DEFINITIONAL_REPRESENTATION('',(#10048),#10052);
#10048 = LINE('',#10049,#10050);
#10049 = CARTESIAN_POINT('',(-24.64019203186,-1.93493360281));
#10050 = VECTOR('',#10051,1.);
#10051 = DIRECTION('',(-0.760406755065,0.649447123984));
#10052 = ( GEOMETRIC_REPRESENTATION_CONTEXT(2) 
PARAMETRIC_REPRESENTATION_CONTEXT() REPRESENTATION_CONTEXT('2D SPACE',''
  ) );
#10053 = PCURVE('',#7552,#10054);
#10054 = DEFINITIONAL_REPRESENTATION('',(#10055),#10059);
#10055 = LINE('',#10056,#10057);
#10056 = CARTESIAN_POINT('',(1.600000023842,1.272549365527E-16));
#10057 = VECTOR('',#10058,1.);
#10058 = DIRECTION('',(2.465190328816E-31,1.));
#10059 = ( GEOMETRIC_REPRESENTATION_CONTEXT(2) 
PARAMETRIC_REPRESENTATION_CONTEXT() REPRESENTATION_CONTEXT('2D SPACE',''
  ) );
#10060 = ORIENTED_EDGE('',*,*,#10061,.F.);
#10061 = EDGE_CURVE('',#10062,#10039,#10064,.T.);
#10062 = VERTEX_POINT('',#10063);
#10063 = CARTESIAN_POINT('',(-30.77458878566,13.611570915202,
    4.80467569828));
#10064 = SURFACE_CURVE('',#10065,(#10069,#10076),.PCURVE_S1.);
#10065 = LINE('',#10066,#10067);
#10066 = CARTESIAN_POINT('',(-30.77458878566,13.611570915202,
    4.80467569828));
#10067 = VECTOR('',#10068,1.);
#10068 = DIRECTION('',(0.522498413662,0.85264025692,6.398760098509E-17)
  );
#10069 = PCURVE('',#4595,#10070);
#10070 = DEFINITIONAL_REPRESENTATION('',(#10071),#10075);
#10071 = LINE('',#10072,#10073);
#10072 = CARTESIAN_POINT('',(-24.23880767822,-2.180902153254));
#10073 = VECTOR('',#10074,1.);
#10074 = DIRECTION('',(-0.85264025692,0.522498413662));
#10075 = ( GEOMETRIC_REPRESENTATION_CONTEXT(2) 
PARAMETRIC_REPRESENTATION_CONTEXT() REPRESENTATION_CONTEXT('2D SPACE',''
  ) );
#10076 = PCURVE('',#7524,#10077);
#10077 = DEFINITIONAL_REPRESENTATION('',(#10078),#10082);
#10078 = LINE('',#10079,#10080);
#10079 = CARTESIAN_POINT('',(1.600000023842,1.023801631017E-16));
#10080 = VECTOR('',#10081,1.);
#10081 = DIRECTION('',(1.355854680849E-31,1.));
#10082 = ( GEOMETRIC_REPRESENTATION_CONTEXT(2) 
PARAMETRIC_REPRESENTATION_CONTEXT() REPRESENTATION_CONTEXT('2D SPACE',''
  ) );
#10083 = ORIENTED_EDGE('',*,*,#10084,.F.);
#10084 = EDGE_CURVE('',#10085,#10062,#10087,.T.);
#10085 = VERTEX_POINT('',#10086);
#10086 = CARTESIAN_POINT('',(-30.954738773,13.176651557902,4.80467569828
    ));
#10087 = SURFACE_CURVE('',#10088,(#10092,#10099),.PCURVE_S1.);
#10088 = LINE('',#10089,#10090);
#10089 = CARTESIAN_POINT('',(-30.954738773,13.176651557902,4.80467569828
    ));
#10090 = VECTOR('',#10091,1.);
#10091 = DIRECTION('',(0.382684322643,0.923879163746,4.686531308082E-17)
  );
#10092 = PCURVE('',#4595,#10093);
#10093 = DEFINITIONAL_REPRESENTATION('',(#10094),#10098);
#10094 = LINE('',#10095,#10096);
#10095 = CARTESIAN_POINT('',(-23.80388832092,-2.361052140594));
#10096 = VECTOR('',#10097,1.);
#10097 = DIRECTION('',(-0.923879163746,0.382684322643));
#10098 = ( GEOMETRIC_REPRESENTATION_CONTEXT(2) 
PARAMETRIC_REPRESENTATION_CONTEXT() REPRESENTATION_CONTEXT('2D SPACE',''
  ) );
#10099 = PCURVE('',#7496,#10100);
#10100 = DEFINITIONAL_REPRESENTATION('',(#10101),#10105);
#10101 = LINE('',#10102,#10103);
#10102 = CARTESIAN_POINT('',(1.600000023842,7.498450204667E-17));
#10103 = VECTOR('',#10104,1.);
#10104 = DIRECTION('',(9.860761315263E-32,1.));
#10105 = ( GEOMETRIC_REPRESENTATION_CONTEXT(2) 
PARAMETRIC_REPRESENTATION_CONTEXT() REPRESENTATION_CONTEXT('2D SPACE',''
  ) );
#10106 = ORIENTED_EDGE('',*,*,#10107,.F.);
#10107 = EDGE_CURVE('',#10108,#10085,#10110,.T.);
#10108 = VERTEX_POINT('',#10109);
#10109 = CARTESIAN_POINT('',(-31.06463424821,12.718903144816,
    4.80467569828));
#10110 = SURFACE_CURVE('',#10111,(#10115,#10122),.PCURVE_S1.);
#10111 = LINE('',#10112,#10113);
#10112 = CARTESIAN_POINT('',(-31.06463424821,12.718903144816,
    4.80467569828));
#10113 = VECTOR('',#10114,1.);
#10114 = DIRECTION('',(0.233444970644,0.972370014799,2.858876360761E-17)
  );
#10115 = PCURVE('',#4595,#10116);
#10116 = DEFINITIONAL_REPRESENTATION('',(#10117),#10121);
#10117 = LINE('',#10118,#10119);
#10118 = CARTESIAN_POINT('',(-23.34613990783,-2.470947615802));
#10119 = VECTOR('',#10120,1.);
#10120 = DIRECTION('',(-0.972370014799,0.233444970644));
#10121 = ( GEOMETRIC_REPRESENTATION_CONTEXT(2) 
PARAMETRIC_REPRESENTATION_CONTEXT() REPRESENTATION_CONTEXT('2D SPACE',''
  ) );
#10122 = PCURVE('',#7468,#10123);
#10123 = DEFINITIONAL_REPRESENTATION('',(#10124),#10128);
#10124 = LINE('',#10125,#10126);
#10125 = CARTESIAN_POINT('',(1.600000023842,4.574202245378E-17));
#10126 = VECTOR('',#10127,1.);
#10127 = DIRECTION('',(1.232595164408E-32,1.));
#10128 = ( GEOMETRIC_REPRESENTATION_CONTEXT(2) 
PARAMETRIC_REPRESENTATION_CONTEXT() REPRESENTATION_CONTEXT('2D SPACE',''
  ) );
#10129 = ORIENTED_EDGE('',*,*,#10130,.F.);
#10130 = EDGE_CURVE('',#10131,#10108,#10133,.T.);
#10131 = VERTEX_POINT('',#10132);
#10132 = CARTESIAN_POINT('',(-31.10156922747,12.249600013713,
    4.80467569828));
#10133 = SURFACE_CURVE('',#10134,(#10138,#10145),.PCURVE_S1.);
#10134 = LINE('',#10135,#10136);
#10135 = CARTESIAN_POINT('',(-31.10156922747,12.249600013713,
    4.80467569828));
#10136 = VECTOR('',#10137,1.);
#10137 = DIRECTION('',(7.845914180207E-02,0.996917330107,
    9.608473687175E-18));
#10138 = PCURVE('',#4595,#10139);
#10139 = DEFINITIONAL_REPRESENTATION('',(#10140),#10144);
#10140 = LINE('',#10141,#10142);
#10141 = CARTESIAN_POINT('',(-22.87683677673,-2.507882595062));
#10142 = VECTOR('',#10143,1.);
#10143 = DIRECTION('',(-0.996917330107,7.845914180207E-02));
#10144 = ( GEOMETRIC_REPRESENTATION_CONTEXT(2) 
PARAMETRIC_REPRESENTATION_CONTEXT() REPRESENTATION_CONTEXT('2D SPACE',''
  ) );
#10145 = PCURVE('',#7440,#10146);
#10146 = DEFINITIONAL_REPRESENTATION('',(#10147),#10151);
#10147 = LINE('',#10148,#10149);
#10148 = CARTESIAN_POINT('',(0.,0.));
#10149 = VECTOR('',#10150,1.);
#10150 = DIRECTION('',(3.235562306571E-32,1.));
#10151 = ( GEOMETRIC_REPRESENTATION_CONTEXT(2) 
PARAMETRIC_REPRESENTATION_CONTEXT() REPRESENTATION_CONTEXT('2D SPACE',''
  ) );
#10152 = ORIENTED_EDGE('',*,*,#10153,.T.);
#10153 = EDGE_CURVE('',#10131,#10154,#10156,.T.);
#10154 = VERTEX_POINT('',#10155);
#10155 = CARTESIAN_POINT('',(-31.10156922747,-11.55039998628,
    4.80467569828));
#10156 = SURFACE_CURVE('',#10157,(#10161,#10168),.PCURVE_S1.);
#10157 = LINE('',#10158,#10159);
#10158 = CARTESIAN_POINT('',(-31.10156922747,0.811181625346,
    4.80467569828));
#10159 = VECTOR('',#10160,1.);
#10160 = DIRECTION('',(-9.95799250103E-17,-1.,-1.54074395551E-32));
#10161 = PCURVE('',#4595,#10162);
#10162 = DEFINITIONAL_REPRESENTATION('',(#10163),#10167);
#10163 = LINE('',#10164,#10165);
#10164 = CARTESIAN_POINT('',(-11.43841838836,-2.507882595062));
#10165 = VECTOR('',#10166,1.);
#10166 = DIRECTION('',(1.,-3.330135684236E-48));
#10167 = ( GEOMETRIC_REPRESENTATION_CONTEXT(2) 
PARAMETRIC_REPRESENTATION_CONTEXT() REPRESENTATION_CONTEXT('2D SPACE',''
  ) );
#10168 = PCURVE('',#1238,#10169);
#10169 = DEFINITIONAL_REPRESENTATION('',(#10170),#10174);
#10170 = LINE('',#10171,#10172);
#10171 = CARTESIAN_POINT('',(1.600000023842,-11.43841838836));
#10172 = VECTOR('',#10173,1.);
#10173 = DIRECTION('',(1.178518191384E-32,-1.));
#10174 = ( GEOMETRIC_REPRESENTATION_CONTEXT(2) 
PARAMETRIC_REPRESENTATION_CONTEXT() REPRESENTATION_CONTEXT('2D SPACE',''
  ) );
#10175 = ORIENTED_EDGE('',*,*,#10176,.F.);
#10176 = EDGE_CURVE('',#10177,#10154,#10179,.T.);
#10177 = VERTEX_POINT('',#10178);
#10178 = CARTESIAN_POINT('',(-28.10156922747,-14.55039998628,
    4.80467569828));
#10179 = SURFACE_CURVE('',#10180,(#10185,#10196),.PCURVE_S1.);
#10180 = CIRCLE('',#10181,3.);
#10181 = AXIS2_PLACEMENT_3D('',#10182,#10183,#10184);
#10182 = CARTESIAN_POINT('',(-28.10156922747,-11.55039998628,
    4.80467569828));
#10183 = DIRECTION('',(1.224646799147E-16,1.232595164408E-32,-1.));
#10184 = DIRECTION('',(-0.707106781187,-0.707106781187,
    -8.659560562355E-17));
#10185 = PCURVE('',#4595,#10186);
#10186 = DEFINITIONAL_REPRESENTATION('',(#10187),#10195);
#10187 = ( BOUNDED_CURVE() B_SPLINE_CURVE(2,(#10188,#10189,#10190,#10191
    ,#10192,#10193,#10194),.UNSPECIFIED.,.T.,.F.) 
B_SPLINE_CURVE_WITH_KNOTS((1,2,2,2,2,1),(-2.094395102393,0.,
    2.094395102393,4.188790204786,6.28318530718,8.377580409573),
.UNSPECIFIED.) CURVE() GEOMETRIC_REPRESENTATION_ITEM() 
RATIONAL_B_SPLINE_CURVE((1.,0.5,1.,0.5,1.,0.5,1.)) REPRESENTATION_ITEM(
  '') );
#10188 = CARTESIAN_POINT('',(3.044483566826,-1.629202938622));
#10189 = CARTESIAN_POINT('',(-0.629751047349,-5.303437552797));
#10190 = CARTESIAN_POINT('',(-1.974614255601,-0.28433973037));
#10191 = CARTESIAN_POINT('',(-3.319477463853,4.734758092057));
#10192 = CARTESIAN_POINT('',(1.699620358574,3.389894883805));
#10193 = CARTESIAN_POINT('',(6.718718181001,2.045031675553));
#10194 = CARTESIAN_POINT('',(3.044483566826,-1.629202938622));
#10195 = ( GEOMETRIC_REPRESENTATION_CONTEXT(2) 
PARAMETRIC_REPRESENTATION_CONTEXT() REPRESENTATION_CONTEXT('2D SPACE',''
  ) );
#10196 = PCURVE('',#1210,#10197);
#10197 = DEFINITIONAL_REPRESENTATION('',(#10198),#10202);
#10198 = LINE('',#10199,#10200);
#10199 = CARTESIAN_POINT('',(6.28318530718,1.600000023842));
#10200 = VECTOR('',#10201,1.);
#10201 = DIRECTION('',(-1.,1.130863886743E-15));
#10202 = ( GEOMETRIC_REPRESENTATION_CONTEXT(2) 
PARAMETRIC_REPRESENTATION_CONTEXT() REPRESENTATION_CONTEXT('2D SPACE',''
  ) );
#10203 = ORIENTED_EDGE('',*,*,#10204,.T.);
#10204 = EDGE_CURVE('',#10177,#10205,#10207,.T.);
#10205 = VERTEX_POINT('',#10206);
#10206 = CARTESIAN_POINT('',(-27.70072369982,-14.55039998628,
    4.80467569828));
#10207 = SURFACE_CURVE('',#10208,(#10212,#10219),.PCURVE_S1.);
#10208 = LINE('',#10209,#10210);
#10209 = CARTESIAN_POINT('',(-28.34762792993,-14.55039998628,
    4.80467569828));
#10210 = VECTOR('',#10211,1.);
#10211 = DIRECTION('',(1.,1.224646799147E-16,1.224646799147E-16));
#10212 = PCURVE('',#4595,#10213);
#10213 = DEFINITIONAL_REPRESENTATION('',(#10214),#10218);
#10214 = LINE('',#10215,#10216);
#10215 = CARTESIAN_POINT('',(3.923163223267,0.246058702469));
#10216 = VECTOR('',#10217,1.);
#10217 = DIRECTION('',(-2.22044604925E-16,1.));
#10218 = ( GEOMETRIC_REPRESENTATION_CONTEXT(2) 
PARAMETRIC_REPRESENTATION_CONTEXT() REPRESENTATION_CONTEXT('2D SPACE',''
  ) );
#10219 = PCURVE('',#1181,#10220);
#10220 = DEFINITIONAL_REPRESENTATION('',(#10221),#10225);
#10221 = LINE('',#10222,#10223);
#10222 = CARTESIAN_POINT('',(-1.600000023842,0.246058702469));
#10223 = VECTOR('',#10224,1.);
#10224 = DIRECTION('',(-1.224646799147E-16,-1.));
#10225 = ( GEOMETRIC_REPRESENTATION_CONTEXT(2) 
PARAMETRIC_REPRESENTATION_CONTEXT() REPRESENTATION_CONTEXT('2D SPACE',''
  ) );
#10226 = ORIENTED_EDGE('',*,*,#10227,.F.);
#10227 = EDGE_CURVE('',#9106,#10205,#10228,.T.);
#10228 = SURFACE_CURVE('',#10229,(#10234,#10245),.PCURVE_S1.);
#10229 = CIRCLE('',#10230,3.);
#10230 = AXIS2_PLACEMENT_3D('',#10231,#10232,#10233);
#10231 = CARTESIAN_POINT('',(-27.70072369982,-11.55039998628,
    4.80467569828));
#10232 = DIRECTION('',(1.224646799147E-16,2.465190328816E-32,-1.));
#10233 = DIRECTION('',(0.707106781187,-0.707106781187,8.659560562355E-17
    ));
#10234 = PCURVE('',#4595,#10235);
#10235 = DEFINITIONAL_REPRESENTATION('',(#10236),#10244);
#10236 = ( BOUNDED_CURVE() B_SPLINE_CURVE(2,(#10237,#10238,#10239,#10240
    ,#10241,#10242,#10243),.UNSPECIFIED.,.T.,.F.) 
B_SPLINE_CURVE_WITH_KNOTS((1,2,2,2,2,1),(-2.094395102393,0.,
    2.094395102393,4.188790204786,6.28318530718,8.377580409573),
.UNSPECIFIED.) CURVE() GEOMETRIC_REPRESENTATION_ITEM() 
RATIONAL_B_SPLINE_CURVE((1.,0.5,1.,0.5,1.,0.5,1.)) REPRESENTATION_ITEM(
  '') );
#10237 = CARTESIAN_POINT('',(3.044483566826,3.014283276146));
#10238 = CARTESIAN_POINT('',(6.718718181001,-0.659951338028));
#10239 = CARTESIAN_POINT('',(1.699620358574,-2.004814546281));
#10240 = CARTESIAN_POINT('',(-3.319477463853,-3.349677754533));
#10241 = CARTESIAN_POINT('',(-1.974614255601,1.669420067894));
#10242 = CARTESIAN_POINT('',(-0.629751047349,6.688517890321));
#10243 = CARTESIAN_POINT('',(3.044483566826,3.014283276146));
#10244 = ( GEOMETRIC_REPRESENTATION_CONTEXT(2) 
PARAMETRIC_REPRESENTATION_CONTEXT() REPRESENTATION_CONTEXT('2D SPACE',''
  ) );
#10245 = PCURVE('',#1153,#10246);
#10246 = DEFINITIONAL_REPRESENTATION('',(#10247),#10251);
#10247 = LINE('',#10248,#10249);
#10248 = CARTESIAN_POINT('',(0.,-0.800000011921));
#10249 = VECTOR('',#10250,1.);
#10250 = DIRECTION('',(1.,0.));
#10251 = ( GEOMETRIC_REPRESENTATION_CONTEXT(2) 
PARAMETRIC_REPRESENTATION_CONTEXT() REPRESENTATION_CONTEXT('2D SPACE',''
  ) );
#10252 = ORIENTED_EDGE('',*,*,#9105,.F.);
#10253 = ORIENTED_EDGE('',*,*,#9176,.T.);
#10254 = ORIENTED_EDGE('',*,*,#9225,.T.);
#10255 = ORIENTED_EDGE('',*,*,#9274,.F.);
#10256 = ORIENTED_EDGE('',*,*,#9328,.T.);
#10257 = ORIENTED_EDGE('',*,*,#9377,.F.);
#10258 = ORIENTED_EDGE('',*,*,#9431,.T.);
#10259 = ORIENTED_EDGE('',*,*,#9480,.T.);
#10260 = ORIENTED_EDGE('',*,*,#9529,.T.);
#10261 = ORIENTED_EDGE('',*,*,#9578,.T.);
#10262 = ORIENTED_EDGE('',*,*,#9627,.T.);
#10263 = ORIENTED_EDGE('',*,*,#9676,.T.);
#10264 = ORIENTED_EDGE('',*,*,#9725,.T.);
#10265 = ORIENTED_EDGE('',*,*,#9774,.T.);
#10266 = ORIENTED_EDGE('',*,*,#9823,.T.);
#10267 = ORIENTED_EDGE('',*,*,#9872,.T.);
#10268 = ORIENTED_EDGE('',*,*,#10269,.T.);
#10269 = EDGE_CURVE('',#9850,#9901,#10270,.T.);
#10270 = SURFACE_CURVE('',#10271,(#10275,#10282),.PCURVE_S1.);
#10271 = LINE('',#10272,#10273);
#10272 = CARTESIAN_POINT('',(31.367733903634,15.212664207438,
    4.80467569828));
#10273 = VECTOR('',#10274,1.);
#10274 = DIRECTION('',(-0.996917192695,7.846088777293E-02,
    -1.220871449048E-16));
#10275 = PCURVE('',#4595,#10276);
#10276 = DEFINITIONAL_REPRESENTATION('',(#10277),#10281);
#10277 = LINE('',#10278,#10279);
#10278 = CARTESIAN_POINT('',(-25.83990097045,59.961420536041));
#10279 = VECTOR('',#10280,1.);
#10280 = DIRECTION('',(-7.846088777293E-02,-0.996917192695));
#10281 = ( GEOMETRIC_REPRESENTATION_CONTEXT(2) 
PARAMETRIC_REPRESENTATION_CONTEXT() REPRESENTATION_CONTEXT('2D SPACE',''
  ) );
#10282 = PCURVE('',#1769,#10283);
#10283 = DEFINITIONAL_REPRESENTATION('',(#10284),#10288);
#10284 = LINE('',#10285,#10286);
#10285 = CARTESIAN_POINT('',(1.600000023842,0.470754376133));
#10286 = VECTOR('',#10287,1.);
#10287 = DIRECTION('',(-7.642090019329E-31,-1.));
#10288 = ( GEOMETRIC_REPRESENTATION_CONTEXT(2) 
PARAMETRIC_REPRESENTATION_CONTEXT() REPRESENTATION_CONTEXT('2D SPACE',''
  ) );
#10289 = FACE_BOUND('',#10290,.T.);
#10290 = EDGE_LOOP('',(#10291,#10292,#10316,#10339,#10363,#10386,#10412,
    #10413,#10435,#10436,#10437,#10438,#10439,#10440,#10441,#10442));
#10291 = ORIENTED_EDGE('',*,*,#9056,.T.);
#10292 = ORIENTED_EDGE('',*,*,#10293,.F.);
#10293 = EDGE_CURVE('',#10294,#9034,#10296,.T.);
#10294 = VERTEX_POINT('',#10295);
#10295 = CARTESIAN_POINT('',(-28.10156922747,-3.750399986287,
    4.80467569828));
#10296 = SURFACE_CURVE('',#10297,(#10302,#10309),.PCURVE_S1.);
#10297 = CIRCLE('',#10298,1.5);
#10298 = AXIS2_PLACEMENT_3D('',#10299,#10300,#10301);
#10299 = CARTESIAN_POINT('',(-26.60156922747,-3.750399986287,
    4.80467569828));
#10300 = DIRECTION('',(-1.224646799147E-16,-2.465190328816E-32,1.));
#10301 = DIRECTION('',(-0.707106781187,-0.707106781187,
    -8.659560562355E-17));
#10302 = PCURVE('',#4595,#10303);
#10303 = DEFINITIONAL_REPRESENTATION('',(#10304),#10308);
#10304 = CIRCLE('',#10305,1.5);
#10305 = AXIS2_PLACEMENT_2D('',#10306,#10307);
#10306 = CARTESIAN_POINT('',(-6.876836776733,1.992117404938));
#10307 = DIRECTION('',(0.707106781187,-0.707106781187));
#10308 = ( GEOMETRIC_REPRESENTATION_CONTEXT(2) 
PARAMETRIC_REPRESENTATION_CONTEXT() REPRESENTATION_CONTEXT('2D SPACE',''
  ) );
#10309 = PCURVE('',#1417,#10310);
#10310 = DEFINITIONAL_REPRESENTATION('',(#10311),#10315);
#10311 = LINE('',#10312,#10313);
#10312 = CARTESIAN_POINT('',(-6.28318530718,1.600000023842));
#10313 = VECTOR('',#10314,1.);
#10314 = DIRECTION('',(1.,0.));
#10315 = ( GEOMETRIC_REPRESENTATION_CONTEXT(2) 
PARAMETRIC_REPRESENTATION_CONTEXT() REPRESENTATION_CONTEXT('2D SPACE',''
  ) );
#10316 = ORIENTED_EDGE('',*,*,#10317,.T.);
#10317 = EDGE_CURVE('',#10294,#10318,#10320,.T.);
#10318 = VERTEX_POINT('',#10319);
#10319 = CARTESIAN_POINT('',(-28.10156922747,4.249600013713,
    4.80467569828));
#10320 = SURFACE_CURVE('',#10321,(#10325,#10332),.PCURVE_S1.);
#10321 = LINE('',#10322,#10323);
#10322 = CARTESIAN_POINT('',(-28.10156922747,-2.438818374654,
    4.80467569828));
#10323 = VECTOR('',#10324,1.);
#10324 = DIRECTION('',(9.95799250103E-17,1.,1.54074395551E-32));
#10325 = PCURVE('',#4595,#10326);
#10326 = DEFINITIONAL_REPRESENTATION('',(#10327),#10331);
#10327 = LINE('',#10328,#10329);
#10328 = CARTESIAN_POINT('',(-8.188418388367,0.492117404938));
#10329 = VECTOR('',#10330,1.);
#10330 = DIRECTION('',(-1.,3.330135684236E-48));
#10331 = ( GEOMETRIC_REPRESENTATION_CONTEXT(2) 
PARAMETRIC_REPRESENTATION_CONTEXT() REPRESENTATION_CONTEXT('2D SPACE',''
  ) );
#10332 = PCURVE('',#1384,#10333);
#10333 = DEFINITIONAL_REPRESENTATION('',(#10334),#10338);
#10334 = LINE('',#10335,#10336);
#10335 = CARTESIAN_POINT('',(8.188418388367,1.600000023842));
#10336 = VECTOR('',#10337,1.);
#10337 = DIRECTION('',(-1.,0.));
#10338 = ( GEOMETRIC_REPRESENTATION_CONTEXT(2) 
PARAMETRIC_REPRESENTATION_CONTEXT() REPRESENTATION_CONTEXT('2D SPACE',''
  ) );
#10339 = ORIENTED_EDGE('',*,*,#10340,.F.);
#10340 = EDGE_CURVE('',#10341,#10318,#10343,.T.);
#10341 = VERTEX_POINT('',#10342);
#10342 = CARTESIAN_POINT('',(-26.60156922747,5.749600013713,
    4.80467569828));
#10343 = SURFACE_CURVE('',#10344,(#10349,#10356),.PCURVE_S1.);
#10344 = CIRCLE('',#10345,1.5);
#10345 = AXIS2_PLACEMENT_3D('',#10346,#10347,#10348);
#10346 = CARTESIAN_POINT('',(-26.60156922747,4.249600013713,
    4.80467569828));
#10347 = DIRECTION('',(-1.224646799147E-16,-2.465190328816E-32,1.));
#10348 = DIRECTION('',(-0.707106781187,0.707106781187,
    -8.659560562355E-17));
#10349 = PCURVE('',#4595,#10350);
#10350 = DEFINITIONAL_REPRESENTATION('',(#10351),#10355);
#10351 = CIRCLE('',#10352,1.5);
#10352 = AXIS2_PLACEMENT_2D('',#10353,#10354);
#10353 = CARTESIAN_POINT('',(-14.87683677673,1.992117404938));
#10354 = DIRECTION('',(-0.707106781187,-0.707106781187));
#10355 = ( GEOMETRIC_REPRESENTATION_CONTEXT(2) 
PARAMETRIC_REPRESENTATION_CONTEXT() REPRESENTATION_CONTEXT('2D SPACE',''
  ) );
#10356 = PCURVE('',#1356,#10357);
#10357 = DEFINITIONAL_REPRESENTATION('',(#10358),#10362);
#10358 = LINE('',#10359,#10360);
#10359 = CARTESIAN_POINT('',(-1.7763568394E-15,1.600000023842));
#10360 = VECTOR('',#10361,1.);
#10361 = DIRECTION('',(1.,0.));
#10362 = ( GEOMETRIC_REPRESENTATION_CONTEXT(2) 
PARAMETRIC_REPRESENTATION_CONTEXT() REPRESENTATION_CONTEXT('2D SPACE',''
  ) );
#10363 = ORIENTED_EDGE('',*,*,#10364,.T.);
#10364 = EDGE_CURVE('',#10341,#10365,#10367,.T.);
#10365 = VERTEX_POINT('',#10366);
#10366 = CARTESIAN_POINT('',(-24.60156922747,5.749600013713,
    4.80467569828));
#10367 = SURFACE_CURVE('',#10368,(#10372,#10379),.PCURVE_S1.);
#10368 = LINE('',#10369,#10370);
#10369 = CARTESIAN_POINT('',(-25.84762792993,5.749600013713,
    4.80467569828));
#10370 = VECTOR('',#10371,1.);
#10371 = DIRECTION('',(1.,-9.95799250103E-17,1.224646799147E-16));
#10372 = PCURVE('',#4595,#10373);
#10373 = DEFINITIONAL_REPRESENTATION('',(#10374),#10378);
#10374 = LINE('',#10375,#10376);
#10375 = CARTESIAN_POINT('',(-16.37683677673,2.746058702469));
#10376 = VECTOR('',#10377,1.);
#10377 = DIRECTION('',(-3.330135684236E-48,1.));
#10378 = ( GEOMETRIC_REPRESENTATION_CONTEXT(2) 
PARAMETRIC_REPRESENTATION_CONTEXT() REPRESENTATION_CONTEXT('2D SPACE',''
  ) );
#10379 = PCURVE('',#1323,#10380);
#10380 = DEFINITIONAL_REPRESENTATION('',(#10381),#10385);
#10381 = LINE('',#10382,#10383);
#10382 = CARTESIAN_POINT('',(2.746058702469,1.600000023842));
#10383 = VECTOR('',#10384,1.);
#10384 = DIRECTION('',(-1.,0.));
#10385 = ( GEOMETRIC_REPRESENTATION_CONTEXT(2) 
PARAMETRIC_REPRESENTATION_CONTEXT() REPRESENTATION_CONTEXT('2D SPACE',''
  ) );
#10386 = ORIENTED_EDGE('',*,*,#10387,.F.);
#10387 = EDGE_CURVE('',#5717,#10365,#10388,.T.);
#10388 = SURFACE_CURVE('',#10389,(#10394,#10405),.PCURVE_S1.);
#10389 = CIRCLE('',#10390,1.5);
#10390 = AXIS2_PLACEMENT_3D('',#10391,#10392,#10393);
#10391 = CARTESIAN_POINT('',(-24.60156922747,7.249600013713,
    4.80467569828));
#10392 = DIRECTION('',(1.224646799147E-16,2.465190328816E-32,-1.));
#10393 = DIRECTION('',(0.707106781187,-0.707106781187,8.659560562355E-17
    ));
#10394 = PCURVE('',#4595,#10395);
#10395 = DEFINITIONAL_REPRESENTATION('',(#10396),#10404);
#10396 = ( BOUNDED_CURVE() B_SPLINE_CURVE(2,(#10397,#10398,#10399,#10400
    ,#10401,#10402,#10403),.UNSPECIFIED.,.T.,.F.) 
B_SPLINE_CURVE_WITH_KNOTS((1,2,2,2,2,1),(-2.094395102393,0.,
    2.094395102393,4.188790204786,6.28318530718,8.377580409573),
.UNSPECIFIED.) CURVE() GEOMETRIC_REPRESENTATION_ITEM() 
RATIONAL_B_SPLINE_CURVE((1.,0.5,1.,0.5,1.,0.5,1.)) REPRESENTATION_ITEM(
  '') );
#10397 = CARTESIAN_POINT('',(-16.81617660495,5.052777576718));
#10398 = CARTESIAN_POINT('',(-14.97905929786,3.21566026963));
#10399 = CARTESIAN_POINT('',(-17.48860820908,2.543228665504));
#10400 = CARTESIAN_POINT('',(-19.99815712029,1.870797061378));
#10401 = CARTESIAN_POINT('',(-19.32572551616,4.380345972592));
#10402 = CARTESIAN_POINT('',(-18.65329391204,6.889894883805));
#10403 = CARTESIAN_POINT('',(-16.81617660495,5.052777576718));
#10404 = ( GEOMETRIC_REPRESENTATION_CONTEXT(2) 
PARAMETRIC_REPRESENTATION_CONTEXT() REPRESENTATION_CONTEXT('2D SPACE',''
  ) );
#10405 = PCURVE('',#1295,#10406);
#10406 = DEFINITIONAL_REPRESENTATION('',(#10407),#10411);
#10407 = LINE('',#10408,#10409);
#10408 = CARTESIAN_POINT('',(6.28318530718,1.600000023842));
#10409 = VECTOR('',#10410,1.);
#10410 = DIRECTION('',(-1.,0.));
#10411 = ( GEOMETRIC_REPRESENTATION_CONTEXT(2) 
PARAMETRIC_REPRESENTATION_CONTEXT() REPRESENTATION_CONTEXT('2D SPACE',''
  ) );
#10412 = ORIENTED_EDGE('',*,*,#5716,.T.);
#10413 = ORIENTED_EDGE('',*,*,#10414,.F.);
#10414 = EDGE_CURVE('',#5871,#5689,#10415,.T.);
#10415 = SURFACE_CURVE('',#10416,(#10421,#10428),.PCURVE_S1.);
#10416 = CIRCLE('',#10417,1.5);
#10417 = AXIS2_PLACEMENT_3D('',#10418,#10419,#10420);
#10418 = CARTESIAN_POINT('',(-21.60156922747,11.249600013713,
    4.80467569828));
#10419 = DIRECTION('',(-1.224646799147E-16,-2.465190328816E-32,1.));
#10420 = DIRECTION('',(-0.707106781187,0.707106781187,
    -8.659560562355E-17));
#10421 = PCURVE('',#4595,#10422);
#10422 = DEFINITIONAL_REPRESENTATION('',(#10423),#10427);
#10423 = CIRCLE('',#10424,1.5);
#10424 = AXIS2_PLACEMENT_2D('',#10425,#10426);
#10425 = CARTESIAN_POINT('',(-21.87683677673,6.992117404938));
#10426 = DIRECTION('',(-0.707106781187,-0.707106781187));
#10427 = ( GEOMETRIC_REPRESENTATION_CONTEXT(2) 
PARAMETRIC_REPRESENTATION_CONTEXT() REPRESENTATION_CONTEXT('2D SPACE',''
  ) );
#10428 = PCURVE('',#5704,#10429);
#10429 = DEFINITIONAL_REPRESENTATION('',(#10430),#10434);
#10430 = LINE('',#10431,#10432);
#10431 = CARTESIAN_POINT('',(-6.28318530718,1.600000023842));
#10432 = VECTOR('',#10433,1.);
#10433 = DIRECTION('',(1.,0.));
#10434 = ( GEOMETRIC_REPRESENTATION_CONTEXT(2) 
PARAMETRIC_REPRESENTATION_CONTEXT() REPRESENTATION_CONTEXT('2D SPACE',''
  ) );
#10435 = ORIENTED_EDGE('',*,*,#5870,.T.);
#10436 = ORIENTED_EDGE('',*,*,#8684,.F.);
#10437 = ORIENTED_EDGE('',*,*,#8755,.T.);
#10438 = ORIENTED_EDGE('',*,*,#8804,.F.);
#10439 = ORIENTED_EDGE('',*,*,#8858,.T.);
#10440 = ORIENTED_EDGE('',*,*,#8886,.F.);
#10441 = ORIENTED_EDGE('',*,*,#8957,.T.);
#10442 = ORIENTED_EDGE('',*,*,#8985,.F.);
#10443 = FACE_BOUND('',#10444,.T.);
#10444 = EDGE_LOOP('',(#10445));
#10445 = ORIENTED_EDGE('',*,*,#4580,.T.);
#10446 = FACE_BOUND('',#10447,.T.);
#10447 = EDGE_LOOP('',(#10448));
#10448 = ORIENTED_EDGE('',*,*,#7346,.T.);
#10449 = FACE_BOUND('',#10450,.T.);
#10450 = EDGE_LOOP('',(#10451));
#10451 = ORIENTED_EDGE('',*,*,#7260,.T.);
#10452 = FACE_BOUND('',#10453,.T.);
#10453 = EDGE_LOOP('',(#10454));
#10454 = ORIENTED_EDGE('',*,*,#5434,.T.);
#10455 = ADVANCED_FACE('',(#10456),#1741,.T.);
#10456 = FACE_BOUND('',#10457,.T.);
#10457 = EDGE_LOOP('',(#10458,#10459,#10460,#10461,#10482,#10483,#10504)
  );
#10458 = ORIENTED_EDGE('',*,*,#5763,.F.);
#10459 = ORIENTED_EDGE('',*,*,#5993,.F.);
#10460 = ORIENTED_EDGE('',*,*,#7704,.T.);
#10461 = ORIENTED_EDGE('',*,*,#10462,.F.);
#10462 = EDGE_CURVE('',#9899,#7677,#10463,.T.);
#10463 = SURFACE_CURVE('',#10464,(#10468,#10475),.PCURVE_S1.);
#10464 = LINE('',#10465,#10466);
#10465 = CARTESIAN_POINT('',(-28.10156922747,15.249600013713,
    4.80467569828));
#10466 = VECTOR('',#10467,1.);
#10467 = DIRECTION('',(1.224646799147E-16,1.499759782662E-32,-1.));
#10468 = PCURVE('',#1741,#10469);
#10469 = DEFINITIONAL_REPRESENTATION('',(#10470),#10474);
#10470 = LINE('',#10471,#10472);
#10471 = CARTESIAN_POINT('',(1.600000023842,1.959434907834E-16));
#10472 = VECTOR('',#10473,1.);
#10473 = DIRECTION('',(-1.,0.));
#10474 = ( GEOMETRIC_REPRESENTATION_CONTEXT(2) 
PARAMETRIC_REPRESENTATION_CONTEXT() REPRESENTATION_CONTEXT('2D SPACE',''
  ) );
#10475 = PCURVE('',#7692,#10476);
#10476 = DEFINITIONAL_REPRESENTATION('',(#10477),#10481);
#10477 = LINE('',#10478,#10479);
#10478 = CARTESIAN_POINT('',(-5.747308693143E-17,0.470754613817));
#10479 = VECTOR('',#10480,1.);
#10480 = DIRECTION('',(-1.,0.));
#10481 = ( GEOMETRIC_REPRESENTATION_CONTEXT(2) 
PARAMETRIC_REPRESENTATION_CONTEXT() REPRESENTATION_CONTEXT('2D SPACE',''
  ) );
#10482 = ORIENTED_EDGE('',*,*,#9898,.T.);
#10483 = ORIENTED_EDGE('',*,*,#10484,.T.);
#10484 = EDGE_CURVE('',#9901,#1726,#10485,.T.);
#10485 = SURFACE_CURVE('',#10486,(#10490,#10497),.PCURVE_S1.);
#10486 = LINE('',#10487,#10488);
#10487 = CARTESIAN_POINT('',(30.89843077253,15.249600013713,
    4.80467569828));
#10488 = VECTOR('',#10489,1.);
#10489 = DIRECTION('',(1.224646799147E-16,1.499759782662E-32,-1.));
#10490 = PCURVE('',#1741,#10491);
#10491 = DEFINITIONAL_REPRESENTATION('',(#10492),#10496);
#10492 = LINE('',#10493,#10494);
#10493 = CARTESIAN_POINT('',(1.600000023842,59.));
#10494 = VECTOR('',#10495,1.);
#10495 = DIRECTION('',(-1.,0.));
#10496 = ( GEOMETRIC_REPRESENTATION_CONTEXT(2) 
PARAMETRIC_REPRESENTATION_CONTEXT() REPRESENTATION_CONTEXT('2D SPACE',''
  ) );
#10497 = PCURVE('',#1769,#10498);
#10498 = DEFINITIONAL_REPRESENTATION('',(#10499),#10503);
#10499 = LINE('',#10500,#10501);
#10500 = CARTESIAN_POINT('',(1.600000023842,1.953394347585E-16));
#10501 = VECTOR('',#10502,1.);
#10502 = DIRECTION('',(-1.,0.));
#10503 = ( GEOMETRIC_REPRESENTATION_CONTEXT(2) 
PARAMETRIC_REPRESENTATION_CONTEXT() REPRESENTATION_CONTEXT('2D SPACE',''
  ) );
#10504 = ORIENTED_EDGE('',*,*,#1725,.F.);
#10505 = ADVANCED_FACE('',(#10506),#1210,.T.);
#10506 = FACE_BOUND('',#10507,.T.);
#10507 = EDGE_LOOP('',(#10508,#10529,#10530,#10551));
#10508 = ORIENTED_EDGE('',*,*,#10509,.T.);
#10509 = EDGE_CURVE('',#1166,#10177,#10510,.T.);
#10510 = SURFACE_CURVE('',#10511,(#10515,#10522),.PCURVE_S1.);
#10511 = LINE('',#10512,#10513);
#10512 = CARTESIAN_POINT('',(-28.10156922747,-14.55039998628,
    3.204675674438));
#10513 = VECTOR('',#10514,1.);
#10514 = DIRECTION('',(-1.224646799147E-16,-1.499759782662E-32,1.));
#10515 = PCURVE('',#1210,#10516);
#10516 = DEFINITIONAL_REPRESENTATION('',(#10517),#10521);
#10517 = LINE('',#10518,#10519);
#10518 = CARTESIAN_POINT('',(0.785398163397,0.));
#10519 = VECTOR('',#10520,1.);
#10520 = DIRECTION('',(1.11022301139E-16,1.));
#10521 = ( GEOMETRIC_REPRESENTATION_CONTEXT(2) 
PARAMETRIC_REPRESENTATION_CONTEXT() REPRESENTATION_CONTEXT('2D SPACE',''
  ) );
#10522 = PCURVE('',#1181,#10523);
#10523 = DEFINITIONAL_REPRESENTATION('',(#10524),#10528);
#10524 = LINE('',#10525,#10526);
#10525 = CARTESIAN_POINT('',(0.,1.95399252334E-14));
#10526 = VECTOR('',#10527,1.);
#10527 = DIRECTION('',(-1.,1.224646799147E-16));
#10528 = ( GEOMETRIC_REPRESENTATION_CONTEXT(2) 
PARAMETRIC_REPRESENTATION_CONTEXT() REPRESENTATION_CONTEXT('2D SPACE',''
  ) );
#10529 = ORIENTED_EDGE('',*,*,#10176,.T.);
#10530 = ORIENTED_EDGE('',*,*,#10531,.T.);
#10531 = EDGE_CURVE('',#10154,#1194,#10532,.T.);
#10532 = SURFACE_CURVE('',#10533,(#10537,#10544),.PCURVE_S1.);
#10533 = LINE('',#10534,#10535);
#10534 = CARTESIAN_POINT('',(-31.10156922747,-11.55039998628,
    3.204675674438));
#10535 = VECTOR('',#10536,1.);
#10536 = DIRECTION('',(1.224646799147E-16,1.499759782662E-32,-1.));
#10537 = PCURVE('',#1210,#10538);
#10538 = DEFINITIONAL_REPRESENTATION('',(#10539),#10543);
#10539 = LINE('',#10540,#10541);
#10540 = CARTESIAN_POINT('',(-0.785398163397,1.7763568394E-15));
#10541 = VECTOR('',#10542,1.);
#10542 = DIRECTION('',(0.,-1.));
#10543 = ( GEOMETRIC_REPRESENTATION_CONTEXT(2) 
PARAMETRIC_REPRESENTATION_CONTEXT() REPRESENTATION_CONTEXT('2D SPACE',''
  ) );
#10544 = PCURVE('',#1238,#10545);
#10545 = DEFINITIONAL_REPRESENTATION('',(#10546),#10550);
#10546 = LINE('',#10547,#10548);
#10547 = CARTESIAN_POINT('',(6.832542859008E-31,-23.8));
#10548 = VECTOR('',#10549,1.);
#10549 = DIRECTION('',(-1.,0.));
#10550 = ( GEOMETRIC_REPRESENTATION_CONTEXT(2) 
PARAMETRIC_REPRESENTATION_CONTEXT() REPRESENTATION_CONTEXT('2D SPACE',''
  ) );
#10551 = ORIENTED_EDGE('',*,*,#1193,.F.);
#10552 = ADVANCED_FACE('',(#10553),#1181,.F.);
#10553 = FACE_BOUND('',#10554,.T.);
#10554 = EDGE_LOOP('',(#10555,#10576,#10577,#10578));
#10555 = ORIENTED_EDGE('',*,*,#10556,.F.);
#10556 = EDGE_CURVE('',#10205,#1137,#10557,.T.);
#10557 = SURFACE_CURVE('',#10558,(#10562,#10569),.PCURVE_S1.);
#10558 = LINE('',#10559,#10560);
#10559 = CARTESIAN_POINT('',(-27.70072369982,-14.55039998628,
    4.004675686359));
#10560 = VECTOR('',#10561,1.);
#10561 = DIRECTION('',(1.224646799147E-16,1.499759782662E-32,-1.));
#10562 = PCURVE('',#1181,#10563);
#10563 = DEFINITIONAL_REPRESENTATION('',(#10564),#10568);
#10564 = LINE('',#10565,#10566);
#10565 = CARTESIAN_POINT('',(-0.800000011921,-0.400845527649));
#10566 = VECTOR('',#10567,1.);
#10567 = DIRECTION('',(1.,-1.224646799147E-16));
#10568 = ( GEOMETRIC_REPRESENTATION_CONTEXT(2) 
PARAMETRIC_REPRESENTATION_CONTEXT() REPRESENTATION_CONTEXT('2D SPACE',''
  ) );
#10569 = PCURVE('',#1153,#10570);
#10570 = DEFINITIONAL_REPRESENTATION('',(#10571),#10575);
#10571 = LINE('',#10572,#10573);
#10572 = CARTESIAN_POINT('',(7.068583470577,0.));
#10573 = VECTOR('',#10574,1.);
#10574 = DIRECTION('',(0.,1.));
#10575 = ( GEOMETRIC_REPRESENTATION_CONTEXT(2) 
PARAMETRIC_REPRESENTATION_CONTEXT() REPRESENTATION_CONTEXT('2D SPACE',''
  ) );
#10576 = ORIENTED_EDGE('',*,*,#10204,.F.);
#10577 = ORIENTED_EDGE('',*,*,#10509,.F.);
#10578 = ORIENTED_EDGE('',*,*,#1165,.F.);
#10579 = ADVANCED_FACE('',(#10580),#1153,.T.);
#10580 = FACE_BOUND('',#10581,.T.);
#10581 = EDGE_LOOP('',(#10582,#10583,#10584,#10585));
#10582 = ORIENTED_EDGE('',*,*,#9128,.T.);
#10583 = ORIENTED_EDGE('',*,*,#10227,.T.);
#10584 = ORIENTED_EDGE('',*,*,#10556,.T.);
#10585 = ORIENTED_EDGE('',*,*,#1136,.F.);
#10586 = ADVANCED_FACE('',(#10587),#1238,.T.);
#10587 = FACE_BOUND('',#10588,.T.);
#10588 = EDGE_LOOP('',(#10589,#10590,#10591,#10592,#10593,#10614,#10615)
  );
#10589 = ORIENTED_EDGE('',*,*,#5544,.F.);
#10590 = ORIENTED_EDGE('',*,*,#1222,.F.);
#10591 = ORIENTED_EDGE('',*,*,#10531,.F.);
#10592 = ORIENTED_EDGE('',*,*,#10153,.F.);
#10593 = ORIENTED_EDGE('',*,*,#10594,.T.);
#10594 = EDGE_CURVE('',#10131,#7402,#10595,.T.);
#10595 = SURFACE_CURVE('',#10596,(#10600,#10607),.PCURVE_S1.);
#10596 = LINE('',#10597,#10598);
#10597 = CARTESIAN_POINT('',(-31.10156922747,12.249600013713,
    4.80467569828));
#10598 = VECTOR('',#10599,1.);
#10599 = DIRECTION('',(1.224646799147E-16,1.499759782662E-32,-1.));
#10600 = PCURVE('',#1238,#10601);
#10601 = DEFINITIONAL_REPRESENTATION('',(#10602),#10606);
#10602 = LINE('',#10603,#10604);
#10603 = CARTESIAN_POINT('',(1.600000023842,4.350819499862E-32));
#10604 = VECTOR('',#10605,1.);
#10605 = DIRECTION('',(-1.,0.));
#10606 = ( GEOMETRIC_REPRESENTATION_CONTEXT(2) 
PARAMETRIC_REPRESENTATION_CONTEXT() REPRESENTATION_CONTEXT('2D SPACE',''
  ) );
#10607 = PCURVE('',#7440,#10608);
#10608 = DEFINITIONAL_REPRESENTATION('',(#10609),#10613);
#10609 = LINE('',#10610,#10611);
#10610 = CARTESIAN_POINT('',(0.,0.));
#10611 = VECTOR('',#10612,1.);
#10612 = DIRECTION('',(-1.,0.));
#10613 = ( GEOMETRIC_REPRESENTATION_CONTEXT(2) 
PARAMETRIC_REPRESENTATION_CONTEXT() REPRESENTATION_CONTEXT('2D SPACE',''
  ) );
#10614 = ORIENTED_EDGE('',*,*,#7401,.T.);
#10615 = ORIENTED_EDGE('',*,*,#6041,.F.);
#10616 = ADVANCED_FACE('',(#10617),#1417,.F.);
#10617 = FACE_BOUND('',#10618,.F.);
#10618 = EDGE_LOOP('',(#10619,#10620,#10621,#10622));
#10619 = ORIENTED_EDGE('',*,*,#1396,.T.);
#10620 = ORIENTED_EDGE('',*,*,#9033,.F.);
#10621 = ORIENTED_EDGE('',*,*,#10293,.F.);
#10622 = ORIENTED_EDGE('',*,*,#10623,.F.);
#10623 = EDGE_CURVE('',#1369,#10294,#10624,.T.);
#10624 = SURFACE_CURVE('',#10625,(#10629,#10636),.PCURVE_S1.);
#10625 = LINE('',#10626,#10627);
#10626 = CARTESIAN_POINT('',(-28.10156922747,-3.750399986287,
    3.204675674438));
#10627 = VECTOR('',#10628,1.);
#10628 = DIRECTION('',(-1.224646799147E-16,-1.499759782662E-32,1.));
#10629 = PCURVE('',#1417,#10630);
#10630 = DEFINITIONAL_REPRESENTATION('',(#10631),#10635);
#10631 = LINE('',#10632,#10633);
#10632 = CARTESIAN_POINT('',(-0.785398163397,0.));
#10633 = VECTOR('',#10634,1.);
#10634 = DIRECTION('',(0.,1.));
#10635 = ( GEOMETRIC_REPRESENTATION_CONTEXT(2) 
PARAMETRIC_REPRESENTATION_CONTEXT() REPRESENTATION_CONTEXT('2D SPACE',''
  ) );
#10636 = PCURVE('',#1384,#10637);
#10637 = DEFINITIONAL_REPRESENTATION('',(#10638),#10642);
#10638 = LINE('',#10639,#10640);
#10639 = CARTESIAN_POINT('',(9.5,2.480589229229E-31));
#10640 = VECTOR('',#10641,1.);
#10641 = DIRECTION('',(1.178518191384E-32,1.));
#10642 = ( GEOMETRIC_REPRESENTATION_CONTEXT(2) 
PARAMETRIC_REPRESENTATION_CONTEXT() REPRESENTATION_CONTEXT('2D SPACE',''
  ) );
#10643 = ADVANCED_FACE('',(#10644),#1384,.F.);
#10644 = FACE_BOUND('',#10645,.T.);
#10645 = EDGE_LOOP('',(#10646,#10667,#10668,#10669));
#10646 = ORIENTED_EDGE('',*,*,#10647,.F.);
#10647 = EDGE_CURVE('',#10318,#1336,#10648,.T.);
#10648 = SURFACE_CURVE('',#10649,(#10653,#10660),.PCURVE_S1.);
#10649 = LINE('',#10650,#10651);
#10650 = CARTESIAN_POINT('',(-28.10156922747,4.249600013713,
    3.204675674438));
#10651 = VECTOR('',#10652,1.);
#10652 = DIRECTION('',(1.224646799147E-16,1.499759782662E-32,-1.));
#10653 = PCURVE('',#1384,#10654);
#10654 = DEFINITIONAL_REPRESENTATION('',(#10655),#10659);
#10655 = LINE('',#10656,#10657);
#10656 = CARTESIAN_POINT('',(1.5,4.818623869168E-33));
#10657 = VECTOR('',#10658,1.);
#10658 = DIRECTION('',(-1.178518191384E-32,-1.));
#10659 = ( GEOMETRIC_REPRESENTATION_CONTEXT(2) 
PARAMETRIC_REPRESENTATION_CONTEXT() REPRESENTATION_CONTEXT('2D SPACE',''
  ) );
#10660 = PCURVE('',#1356,#10661);
#10661 = DEFINITIONAL_REPRESENTATION('',(#10662),#10666);
#10662 = LINE('',#10663,#10664);
#10663 = CARTESIAN_POINT('',(7.068583470577,0.));
#10664 = VECTOR('',#10665,1.);
#10665 = DIRECTION('',(0.,-1.));
#10666 = ( GEOMETRIC_REPRESENTATION_CONTEXT(2) 
PARAMETRIC_REPRESENTATION_CONTEXT() REPRESENTATION_CONTEXT('2D SPACE',''
  ) );
#10667 = ORIENTED_EDGE('',*,*,#10317,.F.);
#10668 = ORIENTED_EDGE('',*,*,#10623,.F.);
#10669 = ORIENTED_EDGE('',*,*,#1368,.F.);
#10670 = ADVANCED_FACE('',(#10671),#1356,.F.);
#10671 = FACE_BOUND('',#10672,.F.);
#10672 = EDGE_LOOP('',(#10673,#10674,#10675,#10676));
#10673 = ORIENTED_EDGE('',*,*,#1335,.T.);
#10674 = ORIENTED_EDGE('',*,*,#10647,.F.);
#10675 = ORIENTED_EDGE('',*,*,#10340,.F.);
#10676 = ORIENTED_EDGE('',*,*,#10677,.F.);
#10677 = EDGE_CURVE('',#1308,#10341,#10678,.T.);
#10678 = SURFACE_CURVE('',#10679,(#10683,#10690),.PCURVE_S1.);
#10679 = LINE('',#10680,#10681);
#10680 = CARTESIAN_POINT('',(-26.60156922747,5.749600013713,
    3.204675674438));
#10681 = VECTOR('',#10682,1.);
#10682 = DIRECTION('',(-1.224646799147E-16,-1.499759782662E-32,1.));
#10683 = PCURVE('',#1356,#10684);
#10684 = DEFINITIONAL_REPRESENTATION('',(#10685),#10689);
#10685 = LINE('',#10686,#10687);
#10686 = CARTESIAN_POINT('',(5.497787143782,0.));
#10687 = VECTOR('',#10688,1.);
#10688 = DIRECTION('',(0.,1.));
#10689 = ( GEOMETRIC_REPRESENTATION_CONTEXT(2) 
PARAMETRIC_REPRESENTATION_CONTEXT() REPRESENTATION_CONTEXT('2D SPACE',''
  ) );
#10690 = PCURVE('',#1323,#10691);
#10691 = DEFINITIONAL_REPRESENTATION('',(#10692),#10696);
#10692 = LINE('',#10693,#10694);
#10693 = CARTESIAN_POINT('',(3.5,4.286263797016E-16));
#10694 = VECTOR('',#10695,1.);
#10695 = DIRECTION('',(0.,1.));
#10696 = ( GEOMETRIC_REPRESENTATION_CONTEXT(2) 
PARAMETRIC_REPRESENTATION_CONTEXT() REPRESENTATION_CONTEXT('2D SPACE',''
  ) );
#10697 = ADVANCED_FACE('',(#10698),#1323,.F.);
#10698 = FACE_BOUND('',#10699,.T.);
#10699 = EDGE_LOOP('',(#10700,#10721,#10722,#10723));
#10700 = ORIENTED_EDGE('',*,*,#10701,.F.);
#10701 = EDGE_CURVE('',#10365,#1279,#10702,.T.);
#10702 = SURFACE_CURVE('',#10703,(#10707,#10714),.PCURVE_S1.);
#10703 = LINE('',#10704,#10705);
#10704 = CARTESIAN_POINT('',(-24.60156922747,5.749600013713,
    3.204675674438));
#10705 = VECTOR('',#10706,1.);
#10706 = DIRECTION('',(1.224646799147E-16,1.499759782662E-32,-1.));
#10707 = PCURVE('',#1323,#10708);
#10708 = DEFINITIONAL_REPRESENTATION('',(#10709),#10713);
#10709 = LINE('',#10710,#10711);
#10710 = CARTESIAN_POINT('',(1.5,1.836970198721E-16));
#10711 = VECTOR('',#10712,1.);
#10712 = DIRECTION('',(0.,-1.));
#10713 = ( GEOMETRIC_REPRESENTATION_CONTEXT(2) 
PARAMETRIC_REPRESENTATION_CONTEXT() REPRESENTATION_CONTEXT('2D SPACE',''
  ) );
#10714 = PCURVE('',#1295,#10715);
#10715 = DEFINITIONAL_REPRESENTATION('',(#10716),#10720);
#10716 = LINE('',#10717,#10718);
#10717 = CARTESIAN_POINT('',(-0.785398163397,0.));
#10718 = VECTOR('',#10719,1.);
#10719 = DIRECTION('',(0.,-1.));
#10720 = ( GEOMETRIC_REPRESENTATION_CONTEXT(2) 
PARAMETRIC_REPRESENTATION_CONTEXT() REPRESENTATION_CONTEXT('2D SPACE',''
  ) );
#10721 = ORIENTED_EDGE('',*,*,#10364,.F.);
#10722 = ORIENTED_EDGE('',*,*,#10677,.F.);
#10723 = ORIENTED_EDGE('',*,*,#1307,.F.);
#10724 = ADVANCED_FACE('',(#10725),#5704,.F.);
#10725 = FACE_BOUND('',#10726,.F.);
#10726 = EDGE_LOOP('',(#10727,#10728,#10729,#10730));
#10727 = ORIENTED_EDGE('',*,*,#5688,.F.);
#10728 = ORIENTED_EDGE('',*,*,#10414,.F.);
#10729 = ORIENTED_EDGE('',*,*,#5893,.F.);
#10730 = ORIENTED_EDGE('',*,*,#7377,.F.);
#10731 = ADVANCED_FACE('',(#10732),#1295,.T.);
#10732 = FACE_BOUND('',#10733,.T.);
#10733 = EDGE_LOOP('',(#10734,#10735,#10736,#10737));
#10734 = ORIENTED_EDGE('',*,*,#5739,.T.);
#10735 = ORIENTED_EDGE('',*,*,#10387,.T.);
#10736 = ORIENTED_EDGE('',*,*,#10701,.T.);
#10737 = ORIENTED_EDGE('',*,*,#1278,.F.);
#10738 = ADVANCED_FACE('',(#10739,#11523),#7243,.T.);
#10739 = FACE_BOUND('',#10740,.T.);
#10740 = EDGE_LOOP('',(#10741,#10766,#10789,#10812,#10835,#10858,#10881,
    #10904,#10927,#10950,#10973,#10996,#11019,#11042,#11065,#11088,
    #11111,#11134,#11157,#11180,#11203,#11226,#11249,#11272,#11295,
    #11318,#11341,#11364,#11387,#11410,#11433,#11456,#11479,#11502));
#10741 = ORIENTED_EDGE('',*,*,#10742,.F.);
#10742 = EDGE_CURVE('',#10743,#10745,#10747,.T.);
#10743 = VERTEX_POINT('',#10744);
#10744 = CARTESIAN_POINT('',(-27.59900265146,9.099997123698,
    0.404675602913));
#10745 = VERTEX_POINT('',#10746);
#10746 = CARTESIAN_POINT('',(-27.11206632067,9.145119270304,
    0.404675602913));
#10747 = SURFACE_CURVE('',#10748,(#10752,#10759),.PCURVE_S1.);
#10748 = LINE('',#10749,#10750);
#10749 = CARTESIAN_POINT('',(-27.59900265146,9.099997123698,
    0.404675602913));
#10750 = VECTOR('',#10751,1.);
#10751 = DIRECTION('',(0.995734016468,9.227008426069E-02,
    1.219422476069E-16));
#10752 = PCURVE('',#7243,#10753);
#10753 = DEFINITIONAL_REPRESENTATION('',(#10754),#10758);
#10754 = LINE('',#10755,#10756);
#10755 = CARTESIAN_POINT('',(0.,0.));
#10756 = VECTOR('',#10757,1.);
#10757 = DIRECTION('',(9.227008426069E-02,0.995734016468));
#10758 = ( GEOMETRIC_REPRESENTATION_CONTEXT(2) 
PARAMETRIC_REPRESENTATION_CONTEXT() REPRESENTATION_CONTEXT('2D SPACE',''
  ) );
#10759 = PCURVE('',#7885,#10760);
#10760 = DEFINITIONAL_REPRESENTATION('',(#10761),#10765);
#10761 = LINE('',#10762,#10763);
#10762 = CARTESIAN_POINT('',(2.800000071525,-0.489022492696));
#10763 = VECTOR('',#10764,1.);
#10764 = DIRECTION('',(-4.930380657631E-31,1.));
#10765 = ( GEOMETRIC_REPRESENTATION_CONTEXT(2) 
PARAMETRIC_REPRESENTATION_CONTEXT() REPRESENTATION_CONTEXT('2D SPACE',''
  ) );
#10766 = ORIENTED_EDGE('',*,*,#10767,.T.);
#10767 = EDGE_CURVE('',#10743,#10768,#10770,.T.);
#10768 = VERTEX_POINT('',#10769);
#10769 = CARTESIAN_POINT('',(-28.08593874384,9.145119270304,
    0.404675602913));
#10770 = SURFACE_CURVE('',#10771,(#10775,#10782),.PCURVE_S1.);
#10771 = LINE('',#10772,#10773);
#10772 = CARTESIAN_POINT('',(-27.59900265146,9.099997123698,
    0.404675602913));
#10773 = VECTOR('',#10774,1.);
#10774 = DIRECTION('',(-0.995734012317,9.227012905426E-02,
    -1.219422470986E-16));
#10775 = PCURVE('',#7243,#10776);
#10776 = DEFINITIONAL_REPRESENTATION('',(#10777),#10781);
#10777 = LINE('',#10778,#10779);
#10778 = CARTESIAN_POINT('',(0.,0.));
#10779 = VECTOR('',#10780,1.);
#10780 = DIRECTION('',(9.227012905426E-02,-0.995734012317));
#10781 = ( GEOMETRIC_REPRESENTATION_CONTEXT(2) 
PARAMETRIC_REPRESENTATION_CONTEXT() REPRESENTATION_CONTEXT('2D SPACE',''
  ) );
#10782 = PCURVE('',#7857,#10783);
#10783 = DEFINITIONAL_REPRESENTATION('',(#10784),#10788);
#10784 = LINE('',#10785,#10786);
#10785 = CARTESIAN_POINT('',(2.800000071525,-3.41438300598E-16));
#10786 = VECTOR('',#10787,1.);
#10787 = DIRECTION('',(7.88860905221E-31,-1.));
#10788 = ( GEOMETRIC_REPRESENTATION_CONTEXT(2) 
PARAMETRIC_REPRESENTATION_CONTEXT() REPRESENTATION_CONTEXT('2D SPACE',''
  ) );
#10789 = ORIENTED_EDGE('',*,*,#10790,.T.);
#10790 = EDGE_CURVE('',#10768,#10791,#10793,.T.);
#10791 = VERTEX_POINT('',#10792);
#10792 = CARTESIAN_POINT('',(-28.55629306246,9.278946479777,
    0.404675602913));
#10793 = SURFACE_CURVE('',#10794,(#10798,#10805),.PCURVE_S1.);
#10794 = LINE('',#10795,#10796);
#10795 = CARTESIAN_POINT('',(-28.08593874384,9.145119270304,
    0.404675602913));
#10796 = VECTOR('',#10797,1.);
#10797 = DIRECTION('',(-0.961825714468,0.273662739495,
    -1.177896782561E-16));
#10798 = PCURVE('',#7243,#10799);
#10799 = DEFINITIONAL_REPRESENTATION('',(#10800),#10804);
#10800 = LINE('',#10801,#10802);
#10801 = CARTESIAN_POINT('',(4.51221466064E-02,-0.486936092377));
#10802 = VECTOR('',#10803,1.);
#10803 = DIRECTION('',(0.273662739495,-0.961825714468));
#10804 = ( GEOMETRIC_REPRESENTATION_CONTEXT(2) 
PARAMETRIC_REPRESENTATION_CONTEXT() REPRESENTATION_CONTEXT('2D SPACE',''
  ) );
#10805 = PCURVE('',#7829,#10806);
#10806 = DEFINITIONAL_REPRESENTATION('',(#10807),#10811);
#10807 = LINE('',#10808,#10809);
#10808 = CARTESIAN_POINT('',(2.800000071525,-3.298111075421E-16));
#10809 = VECTOR('',#10810,1.);
#10810 = DIRECTION('',(3.20474742746E-31,-1.));
#10811 = ( GEOMETRIC_REPRESENTATION_CONTEXT(2) 
PARAMETRIC_REPRESENTATION_CONTEXT() REPRESENTATION_CONTEXT('2D SPACE',''
  ) );
#10812 = ORIENTED_EDGE('',*,*,#10813,.T.);
#10813 = EDGE_CURVE('',#10791,#10814,#10816,.T.);
#10814 = VERTEX_POINT('',#10815);
#10815 = CARTESIAN_POINT('',(-28.99404793192,9.496922096232,
    0.404675602913));
#10816 = SURFACE_CURVE('',#10817,(#10821,#10828),.PCURVE_S1.);
#10817 = LINE('',#10818,#10819);
#10818 = CARTESIAN_POINT('',(-28.55629306246,9.278946479777,
    0.404675602913));
#10819 = VECTOR('',#10820,1.);
#10820 = DIRECTION('',(-0.895163624491,0.445737686749,
    -1.096259267446E-16));
#10821 = PCURVE('',#7243,#10822);
#10822 = DEFINITIONAL_REPRESENTATION('',(#10823),#10827);
#10823 = LINE('',#10824,#10825);
#10824 = CARTESIAN_POINT('',(0.178949356079,-0.957290410995));
#10825 = VECTOR('',#10826,1.);
#10826 = DIRECTION('',(0.445737686749,-0.895163624491));
#10827 = ( GEOMETRIC_REPRESENTATION_CONTEXT(2) 
PARAMETRIC_REPRESENTATION_CONTEXT() REPRESENTATION_CONTEXT('2D SPACE',''
  ) );
#10828 = PCURVE('',#7801,#10829);
#10829 = DEFINITIONAL_REPRESENTATION('',(#10830),#10834);
#10830 = LINE('',#10831,#10832);
#10831 = CARTESIAN_POINT('',(2.800000071525,-3.069526027259E-16));
#10832 = VECTOR('',#10833,1.);
#10833 = DIRECTION('',(7.88860905221E-31,-1.));
#10834 = ( GEOMETRIC_REPRESENTATION_CONTEXT(2) 
PARAMETRIC_REPRESENTATION_CONTEXT() REPRESENTATION_CONTEXT('2D SPACE',''
  ) );
#10835 = ORIENTED_EDGE('',*,*,#10836,.T.);
#10836 = EDGE_CURVE('',#10814,#10837,#10839,.T.);
#10837 = VERTEX_POINT('',#10838);
#10838 = CARTESIAN_POINT('',(-29.38429599214,9.791622718791,
    0.404675602913));
#10839 = SURFACE_CURVE('',#10840,(#10844,#10851),.PCURVE_S1.);
#10840 = LINE('',#10841,#10842);
#10841 = CARTESIAN_POINT('',(-28.99404793192,9.496922096232,
    0.404675602913));
#10842 = VECTOR('',#10843,1.);
#10843 = DIRECTION('',(-0.798018242939,0.602633291427,
    -9.772904868767E-17));
#10844 = PCURVE('',#7243,#10845);
#10845 = DEFINITIONAL_REPRESENTATION('',(#10846),#10850);
#10846 = LINE('',#10847,#10848);
#10847 = CARTESIAN_POINT('',(0.396924972534,-1.395045280457));
#10848 = VECTOR('',#10849,1.);
#10849 = DIRECTION('',(0.602633291427,-0.798018242939));
#10850 = ( GEOMETRIC_REPRESENTATION_CONTEXT(2) 
PARAMETRIC_REPRESENTATION_CONTEXT() REPRESENTATION_CONTEXT('2D SPACE',''
  ) );
#10851 = PCURVE('',#7773,#10852);
#10852 = DEFINITIONAL_REPRESENTATION('',(#10853),#10857);
#10853 = LINE('',#10854,#10855);
#10854 = CARTESIAN_POINT('',(2.800000071525,-2.736413433156E-16));
#10855 = VECTOR('',#10856,1.);
#10856 = DIRECTION('',(3.08148791102E-31,-1.));
#10857 = ( GEOMETRIC_REPRESENTATION_CONTEXT(2) 
PARAMETRIC_REPRESENTATION_CONTEXT() REPRESENTATION_CONTEXT('2D SPACE',''
  ) );
#10858 = ORIENTED_EDGE('',*,*,#10859,.T.);
#10859 = EDGE_CURVE('',#10837,#10860,#10862,.T.);
#10860 = VERTEX_POINT('',#10861);
#10861 = CARTESIAN_POINT('',(-29.71374826837,10.153015693644,
    0.404675602913));
#10862 = SURFACE_CURVE('',#10863,(#10867,#10874),.PCURVE_S1.);
#10863 = LINE('',#10864,#10865);
#10864 = CARTESIAN_POINT('',(-29.38429599214,9.791622718791,
    0.404675602913));
#10865 = VECTOR('',#10866,1.);
#10866 = DIRECTION('',(-0.673694581472,0.73900988552,-8.250379128023E-17
    ));
#10867 = PCURVE('',#7243,#10868);
#10868 = DEFINITIONAL_REPRESENTATION('',(#10869),#10873);
#10869 = LINE('',#10870,#10871);
#10870 = CARTESIAN_POINT('',(0.691625595093,-1.785293340683));
#10871 = VECTOR('',#10872,1.);
#10872 = DIRECTION('',(0.73900988552,-0.673694581472));
#10873 = ( GEOMETRIC_REPRESENTATION_CONTEXT(2) 
PARAMETRIC_REPRESENTATION_CONTEXT() REPRESENTATION_CONTEXT('2D SPACE',''
  ) );
#10874 = PCURVE('',#7745,#10875);
#10875 = DEFINITIONAL_REPRESENTATION('',(#10876),#10880);
#10876 = LINE('',#10877,#10878);
#10877 = CARTESIAN_POINT('',(2.800000071525,-2.310106214858E-16));
#10878 = VECTOR('',#10879,1.);
#10879 = DIRECTION('',(1.725633230171E-31,-1.));
#10880 = ( GEOMETRIC_REPRESENTATION_CONTEXT(2) 
PARAMETRIC_REPRESENTATION_CONTEXT() REPRESENTATION_CONTEXT('2D SPACE',''
  ) );
#10881 = ORIENTED_EDGE('',*,*,#10882,.T.);
#10882 = EDGE_CURVE('',#10860,#10883,#10885,.T.);
#10883 = VERTEX_POINT('',#10884);
#10884 = CARTESIAN_POINT('',(-29.97118525911,10.568790992717,
    0.404675602913));
#10885 = SURFACE_CURVE('',#10886,(#10890,#10897),.PCURVE_S1.);
#10886 = LINE('',#10887,#10888);
#10887 = CARTESIAN_POINT('',(-29.71374826837,10.153015693644,
    0.404675602913));
#10888 = VECTOR('',#10889,1.);
#10889 = DIRECTION('',(-0.526431903711,0.850217296199,
    -6.446931458489E-17));
#10890 = PCURVE('',#7243,#10891);
#10891 = DEFINITIONAL_REPRESENTATION('',(#10892),#10896);
#10892 = LINE('',#10893,#10894);
#10893 = CARTESIAN_POINT('',(1.053018569946,-2.114745616913));
#10894 = VECTOR('',#10895,1.);
#10895 = DIRECTION('',(0.850217296199,-0.526431903711));
#10896 = ( GEOMETRIC_REPRESENTATION_CONTEXT(2) 
PARAMETRIC_REPRESENTATION_CONTEXT() REPRESENTATION_CONTEXT('2D SPACE',''
  ) );
#10897 = PCURVE('',#8667,#10898);
#10898 = DEFINITIONAL_REPRESENTATION('',(#10899),#10903);
#10899 = LINE('',#10900,#10901);
#10900 = CARTESIAN_POINT('',(2.800000071525,-1.805140854489E-16));
#10901 = VECTOR('',#10902,1.);
#10902 = DIRECTION('',(1.972152263053E-31,-1.));
#10903 = ( GEOMETRIC_REPRESENTATION_CONTEXT(2) 
PARAMETRIC_REPRESENTATION_CONTEXT() REPRESENTATION_CONTEXT('2D SPACE',''
  ) );
#10904 = ORIENTED_EDGE('',*,*,#10905,.T.);
#10905 = EDGE_CURVE('',#10883,#10906,#10908,.T.);
#10906 = VERTEX_POINT('',#10907);
#10907 = CARTESIAN_POINT('',(-30.14784055162,11.024790367106,
    0.404675602913));
#10908 = SURFACE_CURVE('',#10909,(#10913,#10920),.PCURVE_S1.);
#10909 = LINE('',#10910,#10911);
#10910 = CARTESIAN_POINT('',(-29.97118525911,10.568790992717,
    0.404675602913));
#10911 = VECTOR('',#10912,1.);
#10912 = DIRECTION('',(-0.36124201067,0.932472095951,-4.42393872084E-17)
  );
#10913 = PCURVE('',#7243,#10914);
#10914 = DEFINITIONAL_REPRESENTATION('',(#10915),#10919);
#10915 = LINE('',#10916,#10917);
#10916 = CARTESIAN_POINT('',(1.468793869019,-2.372182607651));
#10917 = VECTOR('',#10918,1.);
#10918 = DIRECTION('',(0.932472095951,-0.36124201067));
#10919 = ( GEOMETRIC_REPRESENTATION_CONTEXT(2) 
PARAMETRIC_REPRESENTATION_CONTEXT() REPRESENTATION_CONTEXT('2D SPACE',''
  ) );
#10920 = PCURVE('',#8641,#10921);
#10921 = DEFINITIONAL_REPRESENTATION('',(#10922),#10926);
#10922 = LINE('',#10923,#10924);
#10923 = CARTESIAN_POINT('',(-2.800000071525,1.238702873478E-16));
#10924 = VECTOR('',#10925,1.);
#10925 = DIRECTION('',(-1.232595164408E-31,1.));
#10926 = ( GEOMETRIC_REPRESENTATION_CONTEXT(2) 
PARAMETRIC_REPRESENTATION_CONTEXT() REPRESENTATION_CONTEXT('2D SPACE',''
  ) );
#10927 = ORIENTED_EDGE('',*,*,#10928,.T.);
#10928 = EDGE_CURVE('',#10906,#10929,#10931,.T.);
#10929 = VERTEX_POINT('',#10930);
#10930 = CARTESIAN_POINT('',(-30.2376981299,11.505486091593,
    0.404675602913));
#10931 = SURFACE_CURVE('',#10932,(#10936,#10943),.PCURVE_S1.);
#10932 = LINE('',#10933,#10934);
#10933 = CARTESIAN_POINT('',(-30.14784055162,11.024790367106,
    0.404675602913));
#10934 = VECTOR('',#10935,1.);
#10935 = DIRECTION('',(-0.183749466878,0.982973109206,
    -2.250281964576E-17));
#10936 = PCURVE('',#7243,#10937);
#10937 = DEFINITIONAL_REPRESENTATION('',(#10938),#10942);
#10938 = LINE('',#10939,#10940);
#10939 = CARTESIAN_POINT('',(1.924793243408,-2.548837900162));
#10940 = VECTOR('',#10941,1.);
#10941 = DIRECTION('',(0.982973109206,-0.183749466878));
#10942 = ( GEOMETRIC_REPRESENTATION_CONTEXT(2) 
PARAMETRIC_REPRESENTATION_CONTEXT() REPRESENTATION_CONTEXT('2D SPACE',''
  ) );
#10943 = PCURVE('',#8613,#10944);
#10944 = DEFINITIONAL_REPRESENTATION('',(#10945),#10949);
#10945 = LINE('',#10946,#10947);
#10946 = CARTESIAN_POINT('',(-2.800000071525,6.300789661765E-17));
#10947 = VECTOR('',#10948,1.);
#10948 = DIRECTION('',(-6.779273404243E-32,1.));
#10949 = ( GEOMETRIC_REPRESENTATION_CONTEXT(2) 
PARAMETRIC_REPRESENTATION_CONTEXT() REPRESENTATION_CONTEXT('2D SPACE',''
  ) );
#10950 = ORIENTED_EDGE('',*,*,#10951,.T.);
#10951 = EDGE_CURVE('',#10929,#10952,#10954,.T.);
#10952 = VERTEX_POINT('',#10953);
#10953 = CARTESIAN_POINT('',(-30.2376981299,11.994507392863,
    0.404675602913));
#10954 = SURFACE_CURVE('',#10955,(#10959,#10966),.PCURVE_S1.);
#10955 = LINE('',#10956,#10957);
#10956 = CARTESIAN_POINT('',(-30.2376981299,11.505486091593,
    0.404675602913));
#10957 = VECTOR('',#10958,1.);
#10958 = DIRECTION('',(9.95799250103E-17,1.,1.54074395551E-32));
#10959 = PCURVE('',#7243,#10960);
#10960 = DEFINITIONAL_REPRESENTATION('',(#10961),#10965);
#10961 = LINE('',#10962,#10963);
#10962 = CARTESIAN_POINT('',(2.405488967896,-2.638695478439));
#10963 = VECTOR('',#10964,1.);
#10964 = DIRECTION('',(1.,3.330135684236E-48));
#10965 = ( GEOMETRIC_REPRESENTATION_CONTEXT(2) 
PARAMETRIC_REPRESENTATION_CONTEXT() REPRESENTATION_CONTEXT('2D SPACE',''
  ) );
#10966 = PCURVE('',#8585,#10967);
#10967 = DEFINITIONAL_REPRESENTATION('',(#10968),#10972);
#10968 = LINE('',#10969,#10970);
#10969 = CARTESIAN_POINT('',(-2.800000071525,-7.613934205799E-32));
#10970 = VECTOR('',#10971,1.);
#10971 = DIRECTION('',(-1.178518191384E-32,1.));
#10972 = ( GEOMETRIC_REPRESENTATION_CONTEXT(2) 
PARAMETRIC_REPRESENTATION_CONTEXT() REPRESENTATION_CONTEXT('2D SPACE',''
  ) );
#10973 = ORIENTED_EDGE('',*,*,#10974,.T.);
#10974 = EDGE_CURVE('',#10952,#10975,#10977,.T.);
#10975 = VERTEX_POINT('',#10976);
#10976 = CARTESIAN_POINT('',(-30.14784055162,12.475205024699,
    0.404675602913));
#10977 = SURFACE_CURVE('',#10978,(#10982,#10989),.PCURVE_S1.);
#10978 = LINE('',#10979,#10980);
#10979 = CARTESIAN_POINT('',(-30.2376981299,11.994507392863,
    0.404675602913));
#10980 = VECTOR('',#10981,1.);
#10981 = DIRECTION('',(0.1837487624,0.982973240895,2.250273337206E-17));
#10982 = PCURVE('',#7243,#10983);
#10983 = DEFINITIONAL_REPRESENTATION('',(#10984),#10988);
#10984 = LINE('',#10985,#10986);
#10985 = CARTESIAN_POINT('',(2.894510269165,-2.638695478439));
#10986 = VECTOR('',#10987,1.);
#10987 = DIRECTION('',(0.982973240895,0.1837487624));
#10988 = ( GEOMETRIC_REPRESENTATION_CONTEXT(2) 
PARAMETRIC_REPRESENTATION_CONTEXT() REPRESENTATION_CONTEXT('2D SPACE',''
  ) );
#10989 = PCURVE('',#8557,#10990);
#10990 = DEFINITIONAL_REPRESENTATION('',(#10991),#10995);
#10991 = LINE('',#10992,#10993);
#10992 = CARTESIAN_POINT('',(-2.800000071525,-6.300765505129E-17));
#10993 = VECTOR('',#10994,1.);
#10994 = DIRECTION('',(7.703719777549E-32,1.));
#10995 = ( GEOMETRIC_REPRESENTATION_CONTEXT(2) 
PARAMETRIC_REPRESENTATION_CONTEXT() REPRESENTATION_CONTEXT('2D SPACE',''
  ) );
#10996 = ORIENTED_EDGE('',*,*,#10997,.T.);
#10997 = EDGE_CURVE('',#10975,#10998,#11000,.T.);
#10998 = VERTEX_POINT('',#10999);
#10999 = CARTESIAN_POINT('',(-29.97118525911,12.931204399089,
    0.404675602913));
#11000 = SURFACE_CURVE('',#11001,(#11005,#11012),.PCURVE_S1.);
#11001 = LINE('',#11002,#11003);
#11002 = CARTESIAN_POINT('',(-30.14784055162,12.475205024699,
    0.404675602913));
#11003 = VECTOR('',#11004,1.);
#11004 = DIRECTION('',(0.36124201067,0.932472095951,4.42393872084E-17));
#11005 = PCURVE('',#7243,#11006);
#11006 = DEFINITIONAL_REPRESENTATION('',(#11007),#11011);
#11007 = LINE('',#11008,#11009);
#11008 = CARTESIAN_POINT('',(3.375207901001,-2.548837900162));
#11009 = VECTOR('',#11010,1.);
#11010 = DIRECTION('',(0.932472095951,0.36124201067));
#11011 = ( GEOMETRIC_REPRESENTATION_CONTEXT(2) 
PARAMETRIC_REPRESENTATION_CONTEXT() REPRESENTATION_CONTEXT('2D SPACE',''
  ) );
#11012 = PCURVE('',#8529,#11013);
#11013 = DEFINITIONAL_REPRESENTATION('',(#11014),#11018);
#11014 = LINE('',#11015,#11016);
#11015 = CARTESIAN_POINT('',(-2.800000071525,-1.238702873478E-16));
#11016 = VECTOR('',#11017,1.);
#11017 = DIRECTION('',(9.244463733059E-32,1.));
#11018 = ( GEOMETRIC_REPRESENTATION_CONTEXT(2) 
PARAMETRIC_REPRESENTATION_CONTEXT() REPRESENTATION_CONTEXT('2D SPACE',''
  ) );
#11019 = ORIENTED_EDGE('',*,*,#11020,.T.);
#11020 = EDGE_CURVE('',#10998,#11021,#11023,.T.);
#11021 = VERTEX_POINT('',#11022);
#11022 = CARTESIAN_POINT('',(-29.71374826837,13.346979698161,
    0.404675602913));
#11023 = SURFACE_CURVE('',#11024,(#11028,#11035),.PCURVE_S1.);
#11024 = LINE('',#11025,#11026);
#11025 = CARTESIAN_POINT('',(-29.97118525911,12.931204399089,
    0.404675602913));
#11026 = VECTOR('',#11027,1.);
#11027 = DIRECTION('',(0.526431903711,0.850217296199,6.446931458489E-17)
  );
#11028 = PCURVE('',#7243,#11029);
#11029 = DEFINITIONAL_REPRESENTATION('',(#11030),#11034);
#11030 = LINE('',#11031,#11032);
#11031 = CARTESIAN_POINT('',(3.831207275391,-2.372182607651));
#11032 = VECTOR('',#11033,1.);
#11033 = DIRECTION('',(0.850217296199,0.526431903711));
#11034 = ( GEOMETRIC_REPRESENTATION_CONTEXT(2) 
PARAMETRIC_REPRESENTATION_CONTEXT() REPRESENTATION_CONTEXT('2D SPACE',''
  ) );
#11035 = PCURVE('',#8501,#11036);
#11036 = DEFINITIONAL_REPRESENTATION('',(#11037),#11041);
#11037 = LINE('',#11038,#11039);
#11038 = CARTESIAN_POINT('',(-2.800000071525,-1.805140854489E-16));
#11039 = VECTOR('',#11040,1.);
#11040 = DIRECTION('',(1.232595164408E-31,1.));
#11041 = ( GEOMETRIC_REPRESENTATION_CONTEXT(2) 
PARAMETRIC_REPRESENTATION_CONTEXT() REPRESENTATION_CONTEXT('2D SPACE',''
  ) );
#11042 = ORIENTED_EDGE('',*,*,#11043,.T.);
#11043 = EDGE_CURVE('',#11021,#11044,#11046,.T.);
#11044 = VERTEX_POINT('',#11045);
#11045 = CARTESIAN_POINT('',(-29.38429599214,13.708370765666,
    0.404675602913));
#11046 = SURFACE_CURVE('',#11047,(#11051,#11058),.PCURVE_S1.);
#11047 = LINE('',#11048,#11049);
#11048 = CARTESIAN_POINT('',(-29.71374826837,13.346979698161,
    0.404675602913));
#11049 = VECTOR('',#11050,1.);
#11050 = DIRECTION('',(0.673696523317,0.739008115294,8.250402908771E-17)
  );
#11051 = PCURVE('',#7243,#11052);
#11052 = DEFINITIONAL_REPRESENTATION('',(#11053),#11057);
#11053 = LINE('',#11054,#11055);
#11054 = CARTESIAN_POINT('',(4.246982574463,-2.114745616913));
#11055 = VECTOR('',#11056,1.);
#11056 = DIRECTION('',(0.739008115294,0.673696523317));
#11057 = ( GEOMETRIC_REPRESENTATION_CONTEXT(2) 
PARAMETRIC_REPRESENTATION_CONTEXT() REPRESENTATION_CONTEXT('2D SPACE',''
  ) );
#11058 = PCURVE('',#8473,#11059);
#11059 = DEFINITIONAL_REPRESENTATION('',(#11060),#11064);
#11060 = LINE('',#11061,#11062);
#11061 = CARTESIAN_POINT('',(-2.800000071525,-2.310112873467E-16));
#11062 = VECTOR('',#11063,1.);
#11063 = DIRECTION('',(2.095411779493E-31,1.));
#11064 = ( GEOMETRIC_REPRESENTATION_CONTEXT(2) 
PARAMETRIC_REPRESENTATION_CONTEXT() REPRESENTATION_CONTEXT('2D SPACE',''
  ) );
#11065 = ORIENTED_EDGE('',*,*,#11066,.T.);
#11066 = EDGE_CURVE('',#11044,#11067,#11069,.T.);
#11067 = VERTEX_POINT('',#11068);
#11068 = CARTESIAN_POINT('',(-28.99404793192,14.003073295573,
    0.404675602913));
#11069 = SURFACE_CURVE('',#11070,(#11074,#11081),.PCURVE_S1.);
#11070 = LINE('',#11071,#11072);
#11071 = CARTESIAN_POINT('',(-29.38429599214,13.708370765666,
    0.404675602913));
#11072 = VECTOR('',#11073,1.);
#11073 = DIRECTION('',(0.798016367219,0.602635775282,9.772881897824E-17)
  );
#11074 = PCURVE('',#7243,#11075);
#11075 = DEFINITIONAL_REPRESENTATION('',(#11076),#11080);
#11076 = LINE('',#11077,#11078);
#11077 = CARTESIAN_POINT('',(4.608373641968,-1.785293340683));
#11078 = VECTOR('',#11079,1.);
#11079 = DIRECTION('',(0.602635775282,0.798016367219));
#11080 = ( GEOMETRIC_REPRESENTATION_CONTEXT(2) 
PARAMETRIC_REPRESENTATION_CONTEXT() REPRESENTATION_CONTEXT('2D SPACE',''
  ) );
#11081 = PCURVE('',#8445,#11082);
#11082 = DEFINITIONAL_REPRESENTATION('',(#11083),#11087);
#11083 = LINE('',#11084,#11085);
#11084 = CARTESIAN_POINT('',(-2.800000071525,-2.736407001292E-16));
#11085 = VECTOR('',#11086,1.);
#11086 = DIRECTION('',(2.958228394579E-31,1.));
#11087 = ( GEOMETRIC_REPRESENTATION_CONTEXT(2) 
PARAMETRIC_REPRESENTATION_CONTEXT() REPRESENTATION_CONTEXT('2D SPACE',''
  ) );
#11088 = ORIENTED_EDGE('',*,*,#11089,.T.);
#11089 = EDGE_CURVE('',#11067,#11090,#11092,.T.);
#11090 = VERTEX_POINT('',#11091);
#11091 = CARTESIAN_POINT('',(-28.55629306246,14.221048912028,
    0.404675602913));
#11092 = SURFACE_CURVE('',#11093,(#11097,#11104),.PCURVE_S1.);
#11093 = LINE('',#11094,#11095);
#11094 = CARTESIAN_POINT('',(-28.99404793192,14.003073295573,
    0.404675602913));
#11095 = VECTOR('',#11096,1.);
#11096 = DIRECTION('',(0.895163624491,0.445737686749,1.096259267446E-16)
  );
#11097 = PCURVE('',#7243,#11098);
#11098 = DEFINITIONAL_REPRESENTATION('',(#11099),#11103);
#11099 = LINE('',#11100,#11101);
#11100 = CARTESIAN_POINT('',(4.903076171875,-1.395045280457));
#11101 = VECTOR('',#11102,1.);
#11102 = DIRECTION('',(0.445737686749,0.895163624491));
#11103 = ( GEOMETRIC_REPRESENTATION_CONTEXT(2) 
PARAMETRIC_REPRESENTATION_CONTEXT() REPRESENTATION_CONTEXT('2D SPACE',''
  ) );
#11104 = PCURVE('',#8417,#11105);
#11105 = DEFINITIONAL_REPRESENTATION('',(#11106),#11110);
#11106 = LINE('',#11107,#11108);
#11107 = CARTESIAN_POINT('',(-2.800000071525,-3.069526027259E-16));
#11108 = VECTOR('',#11109,1.);
#11109 = DIRECTION('',(7.765349535769E-31,1.));
#11110 = ( GEOMETRIC_REPRESENTATION_CONTEXT(2) 
PARAMETRIC_REPRESENTATION_CONTEXT() REPRESENTATION_CONTEXT('2D SPACE',''
  ) );
#11111 = ORIENTED_EDGE('',*,*,#11112,.T.);
#11112 = EDGE_CURVE('',#11090,#11113,#11115,.T.);
#11113 = VERTEX_POINT('',#11114);
#11114 = CARTESIAN_POINT('',(-28.08593874384,14.354876121501,
    0.404675602913));
#11115 = SURFACE_CURVE('',#11116,(#11120,#11127),.PCURVE_S1.);
#11116 = LINE('',#11117,#11118);
#11117 = CARTESIAN_POINT('',(-28.55629306246,14.221048912028,
    0.404675602913));
#11118 = VECTOR('',#11119,1.);
#11119 = DIRECTION('',(0.961825714468,0.273662739495,1.177896782561E-16)
  );
#11120 = PCURVE('',#7243,#11121);
#11121 = DEFINITIONAL_REPRESENTATION('',(#11122),#11126);
#11122 = LINE('',#11123,#11124);
#11123 = CARTESIAN_POINT('',(5.12105178833,-0.957290410995));
#11124 = VECTOR('',#11125,1.);
#11125 = DIRECTION('',(0.273662739495,0.961825714468));
#11126 = ( GEOMETRIC_REPRESENTATION_CONTEXT(2) 
PARAMETRIC_REPRESENTATION_CONTEXT() REPRESENTATION_CONTEXT('2D SPACE',''
  ) );
#11127 = PCURVE('',#8389,#11128);
#11128 = DEFINITIONAL_REPRESENTATION('',(#11129),#11133);
#11129 = LINE('',#11130,#11131);
#11130 = CARTESIAN_POINT('',(-2.800000071525,-3.298111075421E-16));
#11131 = VECTOR('',#11132,1.);
#11132 = DIRECTION('',(2.711709361697E-31,1.));
#11133 = ( GEOMETRIC_REPRESENTATION_CONTEXT(2) 
PARAMETRIC_REPRESENTATION_CONTEXT() REPRESENTATION_CONTEXT('2D SPACE',''
  ) );
#11134 = ORIENTED_EDGE('',*,*,#11135,.T.);
#11135 = EDGE_CURVE('',#11113,#11136,#11138,.T.);
#11136 = VERTEX_POINT('',#11137);
#11137 = CARTESIAN_POINT('',(-27.59900265146,14.399996360758,
    0.404675602913));
#11138 = SURFACE_CURVE('',#11139,(#11143,#11150),.PCURVE_S1.);
#11139 = LINE('',#11140,#11141);
#11140 = CARTESIAN_POINT('',(-28.08593874384,14.354876121501,
    0.404675602913));
#11141 = VECTOR('',#11142,1.);
#11142 = DIRECTION('',(0.995734370658,9.226626192778E-02,
    1.219422909827E-16));
#11143 = PCURVE('',#7243,#11144);
#11144 = DEFINITIONAL_REPRESENTATION('',(#11145),#11149);
#11145 = LINE('',#11146,#11147);
#11146 = CARTESIAN_POINT('',(5.254878997803,-0.486936092377));
#11147 = VECTOR('',#11148,1.);
#11148 = DIRECTION('',(9.226626192778E-02,0.995734370658));
#11149 = ( GEOMETRIC_REPRESENTATION_CONTEXT(2) 
PARAMETRIC_REPRESENTATION_CONTEXT() REPRESENTATION_CONTEXT('2D SPACE',''
  ) );
#11150 = PCURVE('',#8361,#11151);
#11151 = DEFINITIONAL_REPRESENTATION('',(#11152),#11156);
#11152 = LINE('',#11153,#11154);
#11153 = CARTESIAN_POINT('',(-2.800000071525,-3.414384234737E-16));
#11154 = VECTOR('',#11155,1.);
#11155 = DIRECTION('',(2.465190328816E-31,1.));
#11156 = ( GEOMETRIC_REPRESENTATION_CONTEXT(2) 
PARAMETRIC_REPRESENTATION_CONTEXT() REPRESENTATION_CONTEXT('2D SPACE',''
  ) );
#11157 = ORIENTED_EDGE('',*,*,#11158,.F.);
#11158 = EDGE_CURVE('',#11159,#11136,#11161,.T.);
#11159 = VERTEX_POINT('',#11160);
#11160 = CARTESIAN_POINT('',(-27.11206632067,14.354876121501,
    0.404675602913));
#11161 = SURFACE_CURVE('',#11162,(#11166,#11173),.PCURVE_S1.);
#11162 = LINE('',#11163,#11164);
#11163 = CARTESIAN_POINT('',(-27.11206632067,14.354876121501,
    0.404675602913));
#11164 = VECTOR('',#11165,1.);
#11165 = DIRECTION('',(-0.995734374809,9.226621713605E-02,
    -1.21942291491E-16));
#11166 = PCURVE('',#7243,#11167);
#11167 = DEFINITIONAL_REPRESENTATION('',(#11168),#11172);
#11168 = LINE('',#11169,#11170);
#11169 = CARTESIAN_POINT('',(5.254878997803,0.486936330795));
#11170 = VECTOR('',#11171,1.);
#11171 = DIRECTION('',(9.226621713605E-02,-0.995734374809));
#11172 = ( GEOMETRIC_REPRESENTATION_CONTEXT(2) 
PARAMETRIC_REPRESENTATION_CONTEXT() REPRESENTATION_CONTEXT('2D SPACE',''
  ) );
#11173 = PCURVE('',#8333,#11174);
#11174 = DEFINITIONAL_REPRESENTATION('',(#11175),#11179);
#11175 = LINE('',#11176,#11177);
#11176 = CARTESIAN_POINT('',(-2.800000071525,0.489022316709));
#11177 = VECTOR('',#11178,1.);
#11178 = DIRECTION('',(-2.711709361697E-31,-1.));
#11179 = ( GEOMETRIC_REPRESENTATION_CONTEXT(2) 
PARAMETRIC_REPRESENTATION_CONTEXT() REPRESENTATION_CONTEXT('2D SPACE',''
  ) );
#11180 = ORIENTED_EDGE('',*,*,#11181,.F.);
#11181 = EDGE_CURVE('',#11182,#11159,#11184,.T.);
#11182 = VERTEX_POINT('',#11183);
#11183 = CARTESIAN_POINT('',(-26.64171224047,14.221048912028,
    0.404675602913));
#11184 = SURFACE_CURVE('',#11185,(#11189,#11196),.PCURVE_S1.);
#11185 = LINE('',#11186,#11187);
#11186 = CARTESIAN_POINT('',(-26.64171224047,14.221048912028,
    0.404675602913));
#11187 = VECTOR('',#11188,1.);
#11188 = DIRECTION('',(-0.961825677956,0.273662867823,
    -1.177896737846E-16));
#11189 = PCURVE('',#7243,#11190);
#11190 = DEFINITIONAL_REPRESENTATION('',(#11191),#11195);
#11191 = LINE('',#11192,#11193);
#11192 = CARTESIAN_POINT('',(5.12105178833,0.957290410996));
#11193 = VECTOR('',#11194,1.);
#11194 = DIRECTION('',(0.273662867823,-0.961825677956));
#11195 = ( GEOMETRIC_REPRESENTATION_CONTEXT(2) 
PARAMETRIC_REPRESENTATION_CONTEXT() REPRESENTATION_CONTEXT('2D SPACE',''
  ) );
#11196 = PCURVE('',#8305,#11197);
#11197 = DEFINITIONAL_REPRESENTATION('',(#11198),#11202);
#11198 = LINE('',#11199,#11200);
#11199 = CARTESIAN_POINT('',(-2.800000071525,0.489022170005));
#11200 = VECTOR('',#11201,1.);
#11201 = DIRECTION('',(-5.916456789158E-31,-1.));
#11202 = ( GEOMETRIC_REPRESENTATION_CONTEXT(2) 
PARAMETRIC_REPRESENTATION_CONTEXT() REPRESENTATION_CONTEXT('2D SPACE',''
  ) );
#11203 = ORIENTED_EDGE('',*,*,#11204,.F.);
#11204 = EDGE_CURVE('',#11205,#11182,#11207,.T.);
#11205 = VERTEX_POINT('',#11206);
#11206 = CARTESIAN_POINT('',(-26.20395713259,14.003073295573,
    0.404675602913));
#11207 = SURFACE_CURVE('',#11208,(#11212,#11219),.PCURVE_S1.);
#11208 = LINE('',#11209,#11210);
#11209 = CARTESIAN_POINT('',(-26.20395713259,14.003073295573,
    0.404675602913));
#11210 = VECTOR('',#11211,1.);
#11211 = DIRECTION('',(-0.895163721357,0.445737492216,
    -1.096259386072E-16));
#11212 = PCURVE('',#7243,#11213);
#11213 = DEFINITIONAL_REPRESENTATION('',(#11214),#11218);
#11214 = LINE('',#11215,#11216);
#11215 = CARTESIAN_POINT('',(4.903076171875,1.395045518875));
#11216 = VECTOR('',#11217,1.);
#11217 = DIRECTION('',(0.445737492216,-0.895163721357));
#11218 = ( GEOMETRIC_REPRESENTATION_CONTEXT(2) 
PARAMETRIC_REPRESENTATION_CONTEXT() REPRESENTATION_CONTEXT('2D SPACE',''
  ) );
#11219 = PCURVE('',#8277,#11220);
#11220 = DEFINITIONAL_REPRESENTATION('',(#11221),#11225);
#11221 = LINE('',#11222,#11223);
#11222 = CARTESIAN_POINT('',(-2.800000071525,0.489022396055));
#11223 = VECTOR('',#11224,1.);
#11224 = DIRECTION('',(-4.067564042546E-31,-1.));
#11225 = ( GEOMETRIC_REPRESENTATION_CONTEXT(2) 
PARAMETRIC_REPRESENTATION_CONTEXT() REPRESENTATION_CONTEXT('2D SPACE',''
  ) );
#11226 = ORIENTED_EDGE('',*,*,#11227,.F.);
#11227 = EDGE_CURVE('',#11228,#11205,#11230,.T.);
#11228 = VERTEX_POINT('',#11229);
#11229 = CARTESIAN_POINT('',(-25.81370931078,13.708370765666,
    0.404675602913));
#11230 = SURFACE_CURVE('',#11231,(#11235,#11242),.PCURVE_S1.);
#11231 = LINE('',#11232,#11233);
#11232 = CARTESIAN_POINT('',(-25.81370931078,13.708370765666,
    0.404675602913));
#11233 = VECTOR('',#11234,1.);
#11234 = DIRECTION('',(-0.798016190159,0.602636009747,
    -9.772879729461E-17));
#11235 = PCURVE('',#7243,#11236);
#11236 = DEFINITIONAL_REPRESENTATION('',(#11237),#11241);
#11237 = LINE('',#11238,#11239);
#11238 = CARTESIAN_POINT('',(4.608373641968,1.785293340683));
#11239 = VECTOR('',#11240,1.);
#11240 = DIRECTION('',(0.602636009747,-0.798016190159));
#11241 = ( GEOMETRIC_REPRESENTATION_CONTEXT(2) 
PARAMETRIC_REPRESENTATION_CONTEXT() REPRESENTATION_CONTEXT('2D SPACE',''
  ) );
#11242 = PCURVE('',#8249,#11243);
#11243 = DEFINITIONAL_REPRESENTATION('',(#11244),#11248);
#11244 = LINE('',#11245,#11246);
#11245 = CARTESIAN_POINT('',(-2.800000071525,0.489022436663));
#11246 = VECTOR('',#11247,1.);
#11247 = DIRECTION('',(-2.218671295934E-31,-1.));
#11248 = ( GEOMETRIC_REPRESENTATION_CONTEXT(2) 
PARAMETRIC_REPRESENTATION_CONTEXT() REPRESENTATION_CONTEXT('2D SPACE',''
  ) );
#11249 = ORIENTED_EDGE('',*,*,#11250,.F.);
#11250 = EDGE_CURVE('',#11251,#11228,#11253,.T.);
#11251 = VERTEX_POINT('',#11252);
#11252 = CARTESIAN_POINT('',(-25.48425679613,13.346979698161,
    0.404675602913));
#11253 = SURFACE_CURVE('',#11254,(#11258,#11265),.PCURVE_S1.);
#11254 = LINE('',#11255,#11256);
#11255 = CARTESIAN_POINT('',(-25.48425679613,13.346979698161,
    0.404675602913));
#11256 = VECTOR('',#11257,1.);
#11257 = DIRECTION('',(-0.67369678958,0.739007872563,-8.250406169547E-17
    ));
#11258 = PCURVE('',#7243,#11259);
#11259 = DEFINITIONAL_REPRESENTATION('',(#11260),#11264);
#11260 = LINE('',#11261,#11262);
#11261 = CARTESIAN_POINT('',(4.246982574463,2.114745855331));
#11262 = VECTOR('',#11263,1.);
#11263 = DIRECTION('',(0.739007872563,-0.67369678958));
#11264 = ( GEOMETRIC_REPRESENTATION_CONTEXT(2) 
PARAMETRIC_REPRESENTATION_CONTEXT() REPRESENTATION_CONTEXT('2D SPACE',''
  ) );
#11265 = PCURVE('',#8221,#11266);
#11266 = DEFINITIONAL_REPRESENTATION('',(#11267),#11271);
#11267 = LINE('',#11268,#11269);
#11268 = CARTESIAN_POINT('',(-2.800000071525,0.489021945398));
#11269 = VECTOR('',#11270,1.);
#11270 = DIRECTION('',(-1.355854680849E-31,-1.));
#11271 = ( GEOMETRIC_REPRESENTATION_CONTEXT(2) 
PARAMETRIC_REPRESENTATION_CONTEXT() REPRESENTATION_CONTEXT('2D SPACE',''
  ) );
#11272 = ORIENTED_EDGE('',*,*,#11273,.F.);
#11273 = EDGE_CURVE('',#11274,#11251,#11276,.T.);
#11274 = VERTEX_POINT('',#11275);
#11275 = CARTESIAN_POINT('',(-25.22682004381,12.931204399089,
    0.404675602913));
#11276 = SURFACE_CURVE('',#11277,(#11281,#11288),.PCURVE_S1.);
#11277 = LINE('',#11278,#11279);
#11278 = CARTESIAN_POINT('',(-25.22682004381,12.931204399089,
    0.404675602913));
#11279 = VECTOR('',#11280,1.);
#11280 = DIRECTION('',(-0.526431551282,0.850217514413,
    -6.446927142481E-17));
#11281 = PCURVE('',#7243,#11282);
#11282 = DEFINITIONAL_REPRESENTATION('',(#11283),#11287);
#11283 = LINE('',#11284,#11285);
#11284 = CARTESIAN_POINT('',(3.831207275391,2.372182607651));
#11285 = VECTOR('',#11286,1.);
#11286 = DIRECTION('',(0.850217514413,-0.526431551282));
#11287 = ( GEOMETRIC_REPRESENTATION_CONTEXT(2) 
PARAMETRIC_REPRESENTATION_CONTEXT() REPRESENTATION_CONTEXT('2D SPACE',''
  ) );
#11288 = PCURVE('',#8193,#11289);
#11289 = DEFINITIONAL_REPRESENTATION('',(#11290),#11294);
#11290 = LINE('',#11291,#11292);
#11291 = CARTESIAN_POINT('',(-2.800000071525,0.489022270212));
#11292 = VECTOR('',#11293,1.);
#11293 = DIRECTION('',(-2.095411779493E-31,-1.));
#11294 = ( GEOMETRIC_REPRESENTATION_CONTEXT(2) 
PARAMETRIC_REPRESENTATION_CONTEXT() REPRESENTATION_CONTEXT('2D SPACE',''
  ) );
#11295 = ORIENTED_EDGE('',*,*,#11296,.F.);
#11296 = EDGE_CURVE('',#11297,#11274,#11299,.T.);
#11297 = VERTEX_POINT('',#11298);
#11298 = CARTESIAN_POINT('',(-25.0501647513,12.475205024699,
    0.404675602913));
#11299 = SURFACE_CURVE('',#11300,(#11304,#11311),.PCURVE_S1.);
#11300 = LINE('',#11301,#11302);
#11301 = CARTESIAN_POINT('',(-25.0501647513,12.475205024699,
    0.404675602913));
#11302 = VECTOR('',#11303,1.);
#11303 = DIRECTION('',(-0.36124201067,0.932472095951,-4.42393872084E-17)
  );
#11304 = PCURVE('',#7243,#11305);
#11305 = DEFINITIONAL_REPRESENTATION('',(#11306),#11310);
#11306 = LINE('',#11307,#11308);
#11307 = CARTESIAN_POINT('',(3.375207901001,2.548837900162));
#11308 = VECTOR('',#11309,1.);
#11309 = DIRECTION('',(0.932472095951,-0.36124201067));
#11310 = ( GEOMETRIC_REPRESENTATION_CONTEXT(2) 
PARAMETRIC_REPRESENTATION_CONTEXT() REPRESENTATION_CONTEXT('2D SPACE',''
  ) );
#11311 = PCURVE('',#8165,#11312);
#11312 = DEFINITIONAL_REPRESENTATION('',(#11313),#11317);
#11313 = LINE('',#11314,#11315);
#11314 = CARTESIAN_POINT('',(2.800000071525,-0.489022005452));
#11315 = VECTOR('',#11316,1.);
#11316 = DIRECTION('',(1.232595164408E-31,1.));
#11317 = ( GEOMETRIC_REPRESENTATION_CONTEXT(2) 
PARAMETRIC_REPRESENTATION_CONTEXT() REPRESENTATION_CONTEXT('2D SPACE',''
  ) );
#11318 = ORIENTED_EDGE('',*,*,#11319,.F.);
#11319 = EDGE_CURVE('',#11320,#11297,#11322,.T.);
#11320 = VERTEX_POINT('',#11321);
#11321 = CARTESIAN_POINT('',(-24.96030717302,11.994507392863,
    0.404675602913));
#11322 = SURFACE_CURVE('',#11323,(#11327,#11334),.PCURVE_S1.);
#11323 = LINE('',#11324,#11325);
#11324 = CARTESIAN_POINT('',(-24.96030717302,11.994507392863,
    0.404675602913));
#11325 = VECTOR('',#11326,1.);
#11326 = DIRECTION('',(-0.1837487624,0.982973240895,-2.250273337206E-17)
  );
#11327 = PCURVE('',#7243,#11328);
#11328 = DEFINITIONAL_REPRESENTATION('',(#11329),#11333);
#11329 = LINE('',#11330,#11331);
#11330 = CARTESIAN_POINT('',(2.894510269165,2.638695478439));
#11331 = VECTOR('',#11332,1.);
#11332 = DIRECTION('',(0.982973240895,-0.1837487624));
#11333 = ( GEOMETRIC_REPRESENTATION_CONTEXT(2) 
PARAMETRIC_REPRESENTATION_CONTEXT() REPRESENTATION_CONTEXT('2D SPACE',''
  ) );
#11334 = PCURVE('',#8137,#11335);
#11335 = DEFINITIONAL_REPRESENTATION('',(#11336),#11340);
#11336 = LINE('',#11337,#11338);
#11337 = CARTESIAN_POINT('',(2.800000071525,-0.489024127857));
#11338 = VECTOR('',#11339,1.);
#11339 = DIRECTION('',(3.08148791102E-33,1.));
#11340 = ( GEOMETRIC_REPRESENTATION_CONTEXT(2) 
PARAMETRIC_REPRESENTATION_CONTEXT() REPRESENTATION_CONTEXT('2D SPACE',''
  ) );
#11341 = ORIENTED_EDGE('',*,*,#11342,.F.);
#11342 = EDGE_CURVE('',#11343,#11320,#11345,.T.);
#11343 = VERTEX_POINT('',#11344);
#11344 = CARTESIAN_POINT('',(-24.96030717302,11.505486091593,
    0.404675602913));
#11345 = SURFACE_CURVE('',#11346,(#11350,#11357),.PCURVE_S1.);
#11346 = LINE('',#11347,#11348);
#11347 = CARTESIAN_POINT('',(-24.96030717302,11.505486091593,
    0.404675602913));
#11348 = VECTOR('',#11349,1.);
#11349 = DIRECTION('',(9.95799250103E-17,1.,1.54074395551E-32));
#11350 = PCURVE('',#7243,#11351);
#11351 = DEFINITIONAL_REPRESENTATION('',(#11352),#11356);
#11352 = LINE('',#11353,#11354);
#11353 = CARTESIAN_POINT('',(2.405488967896,2.638695478439));
#11354 = VECTOR('',#11355,1.);
#11355 = DIRECTION('',(1.,3.330135684236E-48));
#11356 = ( GEOMETRIC_REPRESENTATION_CONTEXT(2) 
PARAMETRIC_REPRESENTATION_CONTEXT() REPRESENTATION_CONTEXT('2D SPACE',''
  ) );
#11357 = PCURVE('',#8109,#11358);
#11358 = DEFINITIONAL_REPRESENTATION('',(#11359),#11363);
#11359 = LINE('',#11360,#11361);
#11360 = CARTESIAN_POINT('',(2.800000071525,-0.489021301269));
#11361 = VECTOR('',#11362,1.);
#11362 = DIRECTION('',(1.178518191384E-32,1.));
#11363 = ( GEOMETRIC_REPRESENTATION_CONTEXT(2) 
PARAMETRIC_REPRESENTATION_CONTEXT() REPRESENTATION_CONTEXT('2D SPACE',''
  ) );
#11364 = ORIENTED_EDGE('',*,*,#11365,.F.);
#11365 = EDGE_CURVE('',#11366,#11343,#11368,.T.);
#11366 = VERTEX_POINT('',#11367);
#11367 = CARTESIAN_POINT('',(-25.0501647513,11.024790367106,
    0.404675602913));
#11368 = SURFACE_CURVE('',#11369,(#11373,#11380),.PCURVE_S1.);
#11369 = LINE('',#11370,#11371);
#11370 = CARTESIAN_POINT('',(-25.0501647513,11.024790367106,
    0.404675602913));
#11371 = VECTOR('',#11372,1.);
#11372 = DIRECTION('',(0.183749466878,0.982973109206,2.250281964576E-17)
  );
#11373 = PCURVE('',#7243,#11374);
#11374 = DEFINITIONAL_REPRESENTATION('',(#11375),#11379);
#11375 = LINE('',#11376,#11377);
#11376 = CARTESIAN_POINT('',(1.924793243408,2.548837900162));
#11377 = VECTOR('',#11378,1.);
#11378 = DIRECTION('',(0.982973109206,0.183749466878));
#11379 = ( GEOMETRIC_REPRESENTATION_CONTEXT(2) 
PARAMETRIC_REPRESENTATION_CONTEXT() REPRESENTATION_CONTEXT('2D SPACE',''
  ) );
#11380 = PCURVE('',#8081,#11381);
#11381 = DEFINITIONAL_REPRESENTATION('',(#11382),#11386);
#11382 = LINE('',#11383,#11384);
#11383 = CARTESIAN_POINT('',(2.800000071525,-0.489022252985));
#11384 = VECTOR('',#11385,1.);
#11385 = DIRECTION('',(-3.697785493223E-32,1.));
#11386 = ( GEOMETRIC_REPRESENTATION_CONTEXT(2) 
PARAMETRIC_REPRESENTATION_CONTEXT() REPRESENTATION_CONTEXT('2D SPACE',''
  ) );
#11387 = ORIENTED_EDGE('',*,*,#11388,.F.);
#11388 = EDGE_CURVE('',#11389,#11366,#11391,.T.);
#11389 = VERTEX_POINT('',#11390);
#11390 = CARTESIAN_POINT('',(-25.22682004381,10.568790992716,
    0.404675602913));
#11391 = SURFACE_CURVE('',#11392,(#11396,#11403),.PCURVE_S1.);
#11392 = LINE('',#11393,#11394);
#11393 = CARTESIAN_POINT('',(-25.22682004381,10.568790992716,
    0.404675602913));
#11394 = VECTOR('',#11395,1.);
#11395 = DIRECTION('',(0.36124201067,0.932472095951,4.42393872084E-17));
#11396 = PCURVE('',#7243,#11397);
#11397 = DEFINITIONAL_REPRESENTATION('',(#11398),#11402);
#11398 = LINE('',#11399,#11400);
#11399 = CARTESIAN_POINT('',(1.468793869018,2.372182607651));
#11400 = VECTOR('',#11401,1.);
#11401 = DIRECTION('',(0.932472095951,0.36124201067));
#11402 = ( GEOMETRIC_REPRESENTATION_CONTEXT(2) 
PARAMETRIC_REPRESENTATION_CONTEXT() REPRESENTATION_CONTEXT('2D SPACE',''
  ) );
#11403 = PCURVE('',#8053,#11404);
#11404 = DEFINITIONAL_REPRESENTATION('',(#11405),#11409);
#11405 = LINE('',#11406,#11407);
#11406 = CARTESIAN_POINT('',(2.800000071525,-0.489022005452));
#11407 = VECTOR('',#11408,1.);
#11408 = DIRECTION('',(-9.244463733059E-32,1.));
#11409 = ( GEOMETRIC_REPRESENTATION_CONTEXT(2) 
PARAMETRIC_REPRESENTATION_CONTEXT() REPRESENTATION_CONTEXT('2D SPACE',''
  ) );
#11410 = ORIENTED_EDGE('',*,*,#11411,.F.);
#11411 = EDGE_CURVE('',#11412,#11389,#11414,.T.);
#11412 = VERTEX_POINT('',#11413);
#11413 = CARTESIAN_POINT('',(-25.48425679613,10.153015693644,
    0.404675602913));
#11414 = SURFACE_CURVE('',#11415,(#11419,#11426),.PCURVE_S1.);
#11415 = LINE('',#11416,#11417);
#11416 = CARTESIAN_POINT('',(-25.48425679613,10.153015693644,
    0.404675602913));
#11417 = VECTOR('',#11418,1.);
#11418 = DIRECTION('',(0.526431551282,0.850217514413,6.446927142481E-17)
  );
#11419 = PCURVE('',#7243,#11420);
#11420 = DEFINITIONAL_REPRESENTATION('',(#11421),#11425);
#11421 = LINE('',#11422,#11423);
#11422 = CARTESIAN_POINT('',(1.053018569946,2.114745855331));
#11423 = VECTOR('',#11424,1.);
#11424 = DIRECTION('',(0.850217514413,0.526431551282));
#11425 = ( GEOMETRIC_REPRESENTATION_CONTEXT(2) 
PARAMETRIC_REPRESENTATION_CONTEXT() REPRESENTATION_CONTEXT('2D SPACE',''
  ) );
#11426 = PCURVE('',#8025,#11427);
#11427 = DEFINITIONAL_REPRESENTATION('',(#11428),#11432);
#11428 = LINE('',#11429,#11430);
#11429 = CARTESIAN_POINT('',(2.800000071525,-0.489022270212));
#11430 = VECTOR('',#11431,1.);
#11431 = DIRECTION('',(-1.232595164408E-31,1.));
#11432 = ( GEOMETRIC_REPRESENTATION_CONTEXT(2) 
PARAMETRIC_REPRESENTATION_CONTEXT() REPRESENTATION_CONTEXT('2D SPACE',''
  ) );
#11433 = ORIENTED_EDGE('',*,*,#11434,.F.);
#11434 = EDGE_CURVE('',#11435,#11412,#11437,.T.);
#11435 = VERTEX_POINT('',#11436);
#11436 = CARTESIAN_POINT('',(-25.81370931078,9.791622718791,
    0.404675602913));
#11437 = SURFACE_CURVE('',#11438,(#11442,#11449),.PCURVE_S1.);
#11438 = LINE('',#11439,#11440);
#11439 = CARTESIAN_POINT('',(-25.81370931078,9.791622718791,
    0.404675602913));
#11440 = VECTOR('',#11441,1.);
#11441 = DIRECTION('',(0.673694847735,0.739009642789,8.250382388805E-17)
  );
#11442 = PCURVE('',#7243,#11443);
#11443 = DEFINITIONAL_REPRESENTATION('',(#11444),#11448);
#11444 = LINE('',#11445,#11446);
#11445 = CARTESIAN_POINT('',(0.691625595093,1.785293340683));
#11446 = VECTOR('',#11447,1.);
#11447 = DIRECTION('',(0.739009642789,0.673694847735));
#11448 = ( GEOMETRIC_REPRESENTATION_CONTEXT(2) 
PARAMETRIC_REPRESENTATION_CONTEXT() REPRESENTATION_CONTEXT('2D SPACE',''
  ) );
#11449 = PCURVE('',#7997,#11450);
#11450 = DEFINITIONAL_REPRESENTATION('',(#11451),#11455);
#11451 = LINE('',#11452,#11453);
#11452 = CARTESIAN_POINT('',(2.800000071525,-0.489023354945));
#11453 = VECTOR('',#11454,1.);
#11454 = DIRECTION('',(-2.095411779493E-31,1.));
#11455 = ( GEOMETRIC_REPRESENTATION_CONTEXT(2) 
PARAMETRIC_REPRESENTATION_CONTEXT() REPRESENTATION_CONTEXT('2D SPACE',''
  ) );
#11456 = ORIENTED_EDGE('',*,*,#11457,.F.);
#11457 = EDGE_CURVE('',#11458,#11435,#11460,.T.);
#11458 = VERTEX_POINT('',#11459);
#11459 = CARTESIAN_POINT('',(-26.20395713259,9.496922096232,
    0.404675602913));
#11460 = SURFACE_CURVE('',#11461,(#11465,#11472),.PCURVE_S1.);
#11461 = LINE('',#11462,#11463);
#11462 = CARTESIAN_POINT('',(-26.20395713259,9.496922096232,
    0.404675602913));
#11463 = VECTOR('',#11464,1.);
#11464 = DIRECTION('',(0.79801806588,0.602633525892,9.772902700416E-17)
  );
#11465 = PCURVE('',#7243,#11466);
#11466 = DEFINITIONAL_REPRESENTATION('',(#11467),#11471);
#11467 = LINE('',#11468,#11469);
#11468 = CARTESIAN_POINT('',(0.396924972534,1.395045518875));
#11469 = VECTOR('',#11470,1.);
#11470 = DIRECTION('',(0.602633525892,0.79801806588));
#11471 = ( GEOMETRIC_REPRESENTATION_CONTEXT(2) 
PARAMETRIC_REPRESENTATION_CONTEXT() REPRESENTATION_CONTEXT('2D SPACE',''
  ) );
#11472 = PCURVE('',#7969,#11473);
#11473 = DEFINITIONAL_REPRESENTATION('',(#11474),#11478);
#11474 = LINE('',#11475,#11476);
#11475 = CARTESIAN_POINT('',(2.800000071525,-0.489021287228));
#11476 = VECTOR('',#11477,1.);
#11477 = DIRECTION('',(-2.834968878138E-31,1.));
#11478 = ( GEOMETRIC_REPRESENTATION_CONTEXT(2) 
PARAMETRIC_REPRESENTATION_CONTEXT() REPRESENTATION_CONTEXT('2D SPACE',''
  ) );
#11479 = ORIENTED_EDGE('',*,*,#11480,.F.);
#11480 = EDGE_CURVE('',#11481,#11458,#11483,.T.);
#11481 = VERTEX_POINT('',#11482);
#11482 = CARTESIAN_POINT('',(-26.64171224047,9.278946479777,
    0.404675602913));
#11483 = SURFACE_CURVE('',#11484,(#11488,#11495),.PCURVE_S1.);
#11484 = LINE('',#11485,#11486);
#11485 = CARTESIAN_POINT('',(-26.64171224047,9.278946479777,
    0.404675602913));
#11486 = VECTOR('',#11487,1.);
#11487 = DIRECTION('',(0.895163721357,0.445737492216,1.096259386072E-16)
  );
#11488 = PCURVE('',#7243,#11489);
#11489 = DEFINITIONAL_REPRESENTATION('',(#11490),#11494);
#11490 = LINE('',#11491,#11492);
#11491 = CARTESIAN_POINT('',(0.178949356079,0.957290410995));
#11492 = VECTOR('',#11493,1.);
#11493 = DIRECTION('',(0.445737492216,0.895163721357));
#11494 = ( GEOMETRIC_REPRESENTATION_CONTEXT(2) 
PARAMETRIC_REPRESENTATION_CONTEXT() REPRESENTATION_CONTEXT('2D SPACE',''
  ) );
#11495 = PCURVE('',#7941,#11496);
#11496 = DEFINITIONAL_REPRESENTATION('',(#11497),#11501);
#11497 = LINE('',#11498,#11499);
#11498 = CARTESIAN_POINT('',(2.800000071525,-0.489022396055));
#11499 = VECTOR('',#11500,1.);
#11500 = DIRECTION('',(-3.944304526105E-31,1.));
#11501 = ( GEOMETRIC_REPRESENTATION_CONTEXT(2) 
PARAMETRIC_REPRESENTATION_CONTEXT() REPRESENTATION_CONTEXT('2D SPACE',''
  ) );
#11502 = ORIENTED_EDGE('',*,*,#11503,.F.);
#11503 = EDGE_CURVE('',#10745,#11481,#11504,.T.);
#11504 = SURFACE_CURVE('',#11505,(#11509,#11516),.PCURVE_S1.);
#11505 = LINE('',#11506,#11507);
#11506 = CARTESIAN_POINT('',(-27.11206632067,9.145119270304,
    0.404675602913));
#11507 = VECTOR('',#11508,1.);
#11508 = DIRECTION('',(0.961825677956,0.273662867823,1.177896737846E-16)
  );
#11509 = PCURVE('',#7243,#11510);
#11510 = DEFINITIONAL_REPRESENTATION('',(#11511),#11515);
#11511 = LINE('',#11512,#11513);
#11512 = CARTESIAN_POINT('',(4.51221466064E-02,0.486936330795));
#11513 = VECTOR('',#11514,1.);
#11514 = DIRECTION('',(0.273662867823,0.961825677956));
#11515 = ( GEOMETRIC_REPRESENTATION_CONTEXT(2) 
PARAMETRIC_REPRESENTATION_CONTEXT() REPRESENTATION_CONTEXT('2D SPACE',''
  ) );
#11516 = PCURVE('',#7913,#11517);
#11517 = DEFINITIONAL_REPRESENTATION('',(#11518),#11522);
#11518 = LINE('',#11519,#11520);
#11519 = CARTESIAN_POINT('',(2.800000071525,-0.489022170005));
#11520 = VECTOR('',#11521,1.);
#11521 = DIRECTION('',(-5.916456789158E-31,1.));
#11522 = ( GEOMETRIC_REPRESENTATION_CONTEXT(2) 
PARAMETRIC_REPRESENTATION_CONTEXT() REPRESENTATION_CONTEXT('2D SPACE',''
  ) );
#11523 = FACE_BOUND('',#11524,.T.);
#11524 = EDGE_LOOP('',(#11525));
#11525 = ORIENTED_EDGE('',*,*,#7228,.T.);
#11526 = ADVANCED_FACE('',(#11527),#7829,.T.);
#11527 = FACE_BOUND('',#11528,.T.);
#11528 = EDGE_LOOP('',(#11529,#11550,#11551,#11572));
#11529 = ORIENTED_EDGE('',*,*,#11530,.T.);
#11530 = EDGE_CURVE('',#7786,#10791,#11531,.T.);
#11531 = SURFACE_CURVE('',#11532,(#11536,#11543),.PCURVE_S1.);
#11532 = LINE('',#11533,#11534);
#11533 = CARTESIAN_POINT('',(-28.55629306246,9.278946479777,
    3.204675674438));
#11534 = VECTOR('',#11535,1.);
#11535 = DIRECTION('',(1.224646799147E-16,1.499759782662E-32,-1.));
#11536 = PCURVE('',#7829,#11537);
#11537 = DEFINITIONAL_REPRESENTATION('',(#11538),#11542);
#11538 = LINE('',#11539,#11540);
#11539 = CARTESIAN_POINT('',(-5.760179107616E-17,-0.489022399322));
#11540 = VECTOR('',#11541,1.);
#11541 = DIRECTION('',(1.,2.465190328816E-32));
#11542 = ( GEOMETRIC_REPRESENTATION_CONTEXT(2) 
PARAMETRIC_REPRESENTATION_CONTEXT() REPRESENTATION_CONTEXT('2D SPACE',''
  ) );
#11543 = PCURVE('',#7801,#11544);
#11544 = DEFINITIONAL_REPRESENTATION('',(#11545),#11549);
#11545 = LINE('',#11546,#11547);
#11546 = CARTESIAN_POINT('',(0.,0.));
#11547 = VECTOR('',#11548,1.);
#11548 = DIRECTION('',(1.,2.465190328816E-32));
#11549 = ( GEOMETRIC_REPRESENTATION_CONTEXT(2) 
PARAMETRIC_REPRESENTATION_CONTEXT() REPRESENTATION_CONTEXT('2D SPACE',''
  ) );
#11550 = ORIENTED_EDGE('',*,*,#10790,.F.);
#11551 = ORIENTED_EDGE('',*,*,#11552,.T.);
#11552 = EDGE_CURVE('',#10768,#7814,#11553,.T.);
#11553 = SURFACE_CURVE('',#11554,(#11558,#11565),.PCURVE_S1.);
#11554 = LINE('',#11555,#11556);
#11555 = CARTESIAN_POINT('',(-28.08593874384,9.145119270304,
    3.204675674438));
#11556 = VECTOR('',#11557,1.);
#11557 = DIRECTION('',(0.,0.,1.));
#11558 = PCURVE('',#7829,#11559);
#11559 = DEFINITIONAL_REPRESENTATION('',(#11560),#11564);
#11560 = LINE('',#11561,#11562);
#11561 = CARTESIAN_POINT('',(0.,0.));
#11562 = VECTOR('',#11563,1.);
#11563 = DIRECTION('',(-1.,1.177896782561E-16));
#11564 = ( GEOMETRIC_REPRESENTATION_CONTEXT(2) 
PARAMETRIC_REPRESENTATION_CONTEXT() REPRESENTATION_CONTEXT('2D SPACE',''
  ) );
#11565 = PCURVE('',#7857,#11566);
#11566 = DEFINITIONAL_REPRESENTATION('',(#11567),#11571);
#11567 = LINE('',#11568,#11569);
#11568 = CARTESIAN_POINT('',(-5.963247269185E-17,-0.489022255295));
#11569 = VECTOR('',#11570,1.);
#11570 = DIRECTION('',(-1.,1.219422470986E-16));
#11571 = ( GEOMETRIC_REPRESENTATION_CONTEXT(2) 
PARAMETRIC_REPRESENTATION_CONTEXT() REPRESENTATION_CONTEXT('2D SPACE',''
  ) );
#11572 = ORIENTED_EDGE('',*,*,#7813,.T.);
#11573 = ADVANCED_FACE('',(#11574),#7801,.T.);
#11574 = FACE_BOUND('',#11575,.T.);
#11575 = EDGE_LOOP('',(#11576,#11597,#11598,#11599));
#11576 = ORIENTED_EDGE('',*,*,#11577,.T.);
#11577 = EDGE_CURVE('',#7758,#10814,#11578,.T.);
#11578 = SURFACE_CURVE('',#11579,(#11583,#11590),.PCURVE_S1.);
#11579 = LINE('',#11580,#11581);
#11580 = CARTESIAN_POINT('',(-28.99404793192,9.496922096232,
    3.204675674438));
#11581 = VECTOR('',#11582,1.);
#11582 = DIRECTION('',(1.224646799147E-16,1.499759782662E-32,-1.));
#11583 = PCURVE('',#7801,#11584);
#11584 = DEFINITIONAL_REPRESENTATION('',(#11585),#11589);
#11585 = LINE('',#11586,#11587);
#11586 = CARTESIAN_POINT('',(-5.360950996967E-17,-0.489022182632));
#11587 = VECTOR('',#11588,1.);
#11588 = DIRECTION('',(1.,2.465190328816E-32));
#11589 = ( GEOMETRIC_REPRESENTATION_CONTEXT(2) 
PARAMETRIC_REPRESENTATION_CONTEXT() REPRESENTATION_CONTEXT('2D SPACE',''
  ) );
#11590 = PCURVE('',#7773,#11591);
#11591 = DEFINITIONAL_REPRESENTATION('',(#11592),#11596);
#11592 = LINE('',#11593,#11594);
#11593 = CARTESIAN_POINT('',(0.,0.));
#11594 = VECTOR('',#11595,1.);
#11595 = DIRECTION('',(1.,1.232595164408E-32));
#11596 = ( GEOMETRIC_REPRESENTATION_CONTEXT(2) 
PARAMETRIC_REPRESENTATION_CONTEXT() REPRESENTATION_CONTEXT('2D SPACE',''
  ) );
#11597 = ORIENTED_EDGE('',*,*,#10813,.F.);
#11598 = ORIENTED_EDGE('',*,*,#11530,.F.);
#11599 = ORIENTED_EDGE('',*,*,#7785,.T.);
#11600 = ADVANCED_FACE('',(#11601),#7773,.T.);
#11601 = FACE_BOUND('',#11602,.T.);
#11602 = EDGE_LOOP('',(#11603,#11624,#11625,#11626));
#11603 = ORIENTED_EDGE('',*,*,#11604,.T.);
#11604 = EDGE_CURVE('',#7728,#10837,#11605,.T.);
#11605 = SURFACE_CURVE('',#11606,(#11610,#11617),.PCURVE_S1.);
#11606 = LINE('',#11607,#11608);
#11607 = CARTESIAN_POINT('',(-29.38429599214,9.791622718791,
    3.204675674438));
#11608 = VECTOR('',#11609,1.);
#11609 = DIRECTION('',(1.224646799147E-16,1.499759782662E-32,-1.));
#11610 = PCURVE('',#7773,#11611);
#11611 = DEFINITIONAL_REPRESENTATION('',(#11612),#11616);
#11612 = LINE('',#11613,#11614);
#11613 = CARTESIAN_POINT('',(-4.779160378298E-17,-0.48902147749));
#11614 = VECTOR('',#11615,1.);
#11615 = DIRECTION('',(1.,1.232595164408E-32));
#11616 = ( GEOMETRIC_REPRESENTATION_CONTEXT(2) 
PARAMETRIC_REPRESENTATION_CONTEXT() REPRESENTATION_CONTEXT('2D SPACE',''
  ) );
#11617 = PCURVE('',#7745,#11618);
#11618 = DEFINITIONAL_REPRESENTATION('',(#11619),#11623);
#11619 = LINE('',#11620,#11621);
#11620 = CARTESIAN_POINT('',(0.,0.));
#11621 = VECTOR('',#11622,1.);
#11622 = DIRECTION('',(1.,1.232595164408E-32));
#11623 = ( GEOMETRIC_REPRESENTATION_CONTEXT(2) 
PARAMETRIC_REPRESENTATION_CONTEXT() REPRESENTATION_CONTEXT('2D SPACE',''
  ) );
#11624 = ORIENTED_EDGE('',*,*,#10836,.F.);
#11625 = ORIENTED_EDGE('',*,*,#11577,.F.);
#11626 = ORIENTED_EDGE('',*,*,#7757,.T.);
#11627 = ADVANCED_FACE('',(#11628),#7745,.T.);
#11628 = FACE_BOUND('',#11629,.T.);
#11629 = EDGE_LOOP('',(#11630,#11651,#11652,#11653));
#11630 = ORIENTED_EDGE('',*,*,#11631,.T.);
#11631 = EDGE_CURVE('',#7730,#10860,#11632,.T.);
#11632 = SURFACE_CURVE('',#11633,(#11637,#11644),.PCURVE_S1.);
#11633 = LINE('',#11634,#11635);
#11634 = CARTESIAN_POINT('',(-29.71374826837,10.153015693644,
    3.204675674438));
#11635 = VECTOR('',#11636,1.);
#11636 = DIRECTION('',(1.224646799147E-16,1.499759782662E-32,-1.));
#11637 = PCURVE('',#7745,#11638);
#11638 = DEFINITIONAL_REPRESENTATION('',(#11639),#11643);
#11639 = LINE('',#11640,#11641);
#11640 = CARTESIAN_POINT('',(-4.034626755567E-17,-0.489023194324));
#11641 = VECTOR('',#11642,1.);
#11642 = DIRECTION('',(1.,1.232595164408E-32));
#11643 = ( GEOMETRIC_REPRESENTATION_CONTEXT(2) 
PARAMETRIC_REPRESENTATION_CONTEXT() REPRESENTATION_CONTEXT('2D SPACE',''
  ) );
#11644 = PCURVE('',#8667,#11645);
#11645 = DEFINITIONAL_REPRESENTATION('',(#11646),#11650);
#11646 = LINE('',#11647,#11648);
#11647 = CARTESIAN_POINT('',(0.,0.));
#11648 = VECTOR('',#11649,1.);
#11649 = DIRECTION('',(1.,-1.232595164408E-32));
#11650 = ( GEOMETRIC_REPRESENTATION_CONTEXT(2) 
PARAMETRIC_REPRESENTATION_CONTEXT() REPRESENTATION_CONTEXT('2D SPACE',''
  ) );
#11651 = ORIENTED_EDGE('',*,*,#10859,.F.);
#11652 = ORIENTED_EDGE('',*,*,#11604,.F.);
#11653 = ORIENTED_EDGE('',*,*,#7727,.T.);
#11654 = ADVANCED_FACE('',(#11655),#8667,.T.);
#11655 = FACE_BOUND('',#11656,.T.);
#11656 = EDGE_LOOP('',(#11657,#11678,#11679,#11680));
#11657 = ORIENTED_EDGE('',*,*,#11658,.T.);
#11658 = EDGE_CURVE('',#8626,#10883,#11659,.T.);
#11659 = SURFACE_CURVE('',#11660,(#11664,#11671),.PCURVE_S1.);
#11660 = LINE('',#11661,#11662);
#11661 = CARTESIAN_POINT('',(-29.97118525911,10.568790992717,
    3.204675674438));
#11662 = VECTOR('',#11663,1.);
#11663 = DIRECTION('',(1.224646799147E-16,1.499759782662E-32,-1.));
#11664 = PCURVE('',#8667,#11665);
#11665 = DEFINITIONAL_REPRESENTATION('',(#11666),#11670);
#11666 = LINE('',#11667,#11668);
#11667 = CARTESIAN_POINT('',(-3.152693866893E-17,-0.489022395723));
#11668 = VECTOR('',#11669,1.);
#11669 = DIRECTION('',(1.,-1.232595164408E-32));
#11670 = ( GEOMETRIC_REPRESENTATION_CONTEXT(2) 
PARAMETRIC_REPRESENTATION_CONTEXT() REPRESENTATION_CONTEXT('2D SPACE',''
  ) );
#11671 = PCURVE('',#8641,#11672);
#11672 = DEFINITIONAL_REPRESENTATION('',(#11673),#11677);
#11673 = LINE('',#11674,#11675);
#11674 = CARTESIAN_POINT('',(0.,0.));
#11675 = VECTOR('',#11676,1.);
#11676 = DIRECTION('',(-1.,6.162975822039E-33));
#11677 = ( GEOMETRIC_REPRESENTATION_CONTEXT(2) 
PARAMETRIC_REPRESENTATION_CONTEXT() REPRESENTATION_CONTEXT('2D SPACE',''
  ) );
#11678 = ORIENTED_EDGE('',*,*,#10882,.F.);
#11679 = ORIENTED_EDGE('',*,*,#11631,.F.);
#11680 = ORIENTED_EDGE('',*,*,#8653,.T.);
#11681 = ADVANCED_FACE('',(#11682),#8641,.T.);
#11682 = FACE_BOUND('',#11683,.T.);
#11683 = EDGE_LOOP('',(#11684,#11705,#11706,#11707));
#11684 = ORIENTED_EDGE('',*,*,#11685,.T.);
#11685 = EDGE_CURVE('',#8598,#10906,#11686,.T.);
#11686 = SURFACE_CURVE('',#11687,(#11691,#11698),.PCURVE_S1.);
#11687 = LINE('',#11688,#11689);
#11688 = CARTESIAN_POINT('',(-30.14784055162,11.024790367106,
    3.204675674438));
#11689 = VECTOR('',#11690,1.);
#11690 = DIRECTION('',(1.224646799147E-16,1.499759782662E-32,-1.));
#11691 = PCURVE('',#8641,#11692);
#11692 = DEFINITIONAL_REPRESENTATION('',(#11693),#11697);
#11693 = LINE('',#11694,#11695);
#11694 = CARTESIAN_POINT('',(2.16340338526E-17,0.489022005452));
#11695 = VECTOR('',#11696,1.);
#11696 = DIRECTION('',(-1.,6.162975822039E-33));
#11697 = ( GEOMETRIC_REPRESENTATION_CONTEXT(2) 
PARAMETRIC_REPRESENTATION_CONTEXT() REPRESENTATION_CONTEXT('2D SPACE',''
  ) );
#11698 = PCURVE('',#8613,#11699);
#11699 = DEFINITIONAL_REPRESENTATION('',(#11700),#11704);
#11700 = LINE('',#11701,#11702);
#11701 = CARTESIAN_POINT('',(0.,0.));
#11702 = VECTOR('',#11703,1.);
#11703 = DIRECTION('',(-1.,6.162975822039E-33));
#11704 = ( GEOMETRIC_REPRESENTATION_CONTEXT(2) 
PARAMETRIC_REPRESENTATION_CONTEXT() REPRESENTATION_CONTEXT('2D SPACE',''
  ) );
#11705 = ORIENTED_EDGE('',*,*,#10905,.F.);
#11706 = ORIENTED_EDGE('',*,*,#11658,.F.);
#11707 = ORIENTED_EDGE('',*,*,#8625,.T.);
#11708 = ADVANCED_FACE('',(#11709),#8613,.T.);
#11709 = FACE_BOUND('',#11710,.T.);
#11710 = EDGE_LOOP('',(#11711,#11732,#11733,#11734));
#11711 = ORIENTED_EDGE('',*,*,#11712,.T.);
#11712 = EDGE_CURVE('',#8570,#10929,#11713,.T.);
#11713 = SURFACE_CURVE('',#11714,(#11718,#11725),.PCURVE_S1.);
#11714 = LINE('',#11715,#11716);
#11715 = CARTESIAN_POINT('',(-30.2376981299,11.505486091593,
    3.204675674438));
#11716 = VECTOR('',#11717,1.);
#11717 = DIRECTION('',(1.224646799147E-16,1.499759782662E-32,-1.));
#11718 = PCURVE('',#8613,#11719);
#11719 = DEFINITIONAL_REPRESENTATION('',(#11720),#11724);
#11720 = LINE('',#11721,#11722);
#11721 = CARTESIAN_POINT('',(1.100437956168E-17,0.489022252985));
#11722 = VECTOR('',#11723,1.);
#11723 = DIRECTION('',(-1.,6.162975822039E-33));
#11724 = ( GEOMETRIC_REPRESENTATION_CONTEXT(2) 
PARAMETRIC_REPRESENTATION_CONTEXT() REPRESENTATION_CONTEXT('2D SPACE',''
  ) );
#11725 = PCURVE('',#8585,#11726);
#11726 = DEFINITIONAL_REPRESENTATION('',(#11727),#11731);
#11727 = LINE('',#11728,#11729);
#11728 = CARTESIAN_POINT('',(0.,0.));
#11729 = VECTOR('',#11730,1.);
#11730 = DIRECTION('',(-1.,0.));
#11731 = ( GEOMETRIC_REPRESENTATION_CONTEXT(2) 
PARAMETRIC_REPRESENTATION_CONTEXT() REPRESENTATION_CONTEXT('2D SPACE',''
  ) );
#11732 = ORIENTED_EDGE('',*,*,#10928,.F.);
#11733 = ORIENTED_EDGE('',*,*,#11685,.F.);
#11734 = ORIENTED_EDGE('',*,*,#8597,.T.);
#11735 = ADVANCED_FACE('',(#11736),#8585,.T.);
#11736 = FACE_BOUND('',#11737,.T.);
#11737 = EDGE_LOOP('',(#11738,#11759,#11760,#11761));
#11738 = ORIENTED_EDGE('',*,*,#11739,.T.);
#11739 = EDGE_CURVE('',#8542,#10952,#11740,.T.);
#11740 = SURFACE_CURVE('',#11741,(#11745,#11752),.PCURVE_S1.);
#11741 = LINE('',#11742,#11743);
#11742 = CARTESIAN_POINT('',(-30.2376981299,11.994507392863,
    3.204675674438));
#11743 = VECTOR('',#11744,1.);
#11744 = DIRECTION('',(1.224646799147E-16,1.499759782662E-32,-1.));
#11745 = PCURVE('',#8585,#11746);
#11746 = DEFINITIONAL_REPRESENTATION('',(#11747),#11751);
#11747 = LINE('',#11748,#11749);
#11748 = CARTESIAN_POINT('',(-7.33414480509E-33,0.489021301269));
#11749 = VECTOR('',#11750,1.);
#11750 = DIRECTION('',(-1.,0.));
#11751 = ( GEOMETRIC_REPRESENTATION_CONTEXT(2) 
PARAMETRIC_REPRESENTATION_CONTEXT() REPRESENTATION_CONTEXT('2D SPACE',''
  ) );
#11752 = PCURVE('',#8557,#11753);
#11753 = DEFINITIONAL_REPRESENTATION('',(#11754),#11758);
#11754 = LINE('',#11755,#11756);
#11755 = CARTESIAN_POINT('',(0.,0.));
#11756 = VECTOR('',#11757,1.);
#11757 = DIRECTION('',(-1.,0.));
#11758 = ( GEOMETRIC_REPRESENTATION_CONTEXT(2) 
PARAMETRIC_REPRESENTATION_CONTEXT() REPRESENTATION_CONTEXT('2D SPACE',''
  ) );
#11759 = ORIENTED_EDGE('',*,*,#10951,.F.);
#11760 = ORIENTED_EDGE('',*,*,#11712,.F.);
#11761 = ORIENTED_EDGE('',*,*,#8569,.T.);
#11762 = ADVANCED_FACE('',(#11763),#8557,.T.);
#11763 = FACE_BOUND('',#11764,.T.);
#11764 = EDGE_LOOP('',(#11765,#11786,#11787,#11788));
#11765 = ORIENTED_EDGE('',*,*,#11766,.T.);
#11766 = EDGE_CURVE('',#8514,#10975,#11767,.T.);
#11767 = SURFACE_CURVE('',#11768,(#11772,#11779),.PCURVE_S1.);
#11768 = LINE('',#11769,#11770);
#11769 = CARTESIAN_POINT('',(-30.14784055162,12.475205024699,
    3.204675674438));
#11770 = VECTOR('',#11771,1.);
#11771 = DIRECTION('',(1.224646799147E-16,1.499759782662E-32,-1.));
#11772 = PCURVE('',#8557,#11773);
#11773 = DEFINITIONAL_REPRESENTATION('',(#11774),#11778);
#11774 = LINE('',#11775,#11776);
#11775 = CARTESIAN_POINT('',(-1.100437956168E-17,0.489024127857));
#11776 = VECTOR('',#11777,1.);
#11777 = DIRECTION('',(-1.,0.));
#11778 = ( GEOMETRIC_REPRESENTATION_CONTEXT(2) 
PARAMETRIC_REPRESENTATION_CONTEXT() REPRESENTATION_CONTEXT('2D SPACE',''
  ) );
#11779 = PCURVE('',#8529,#11780);
#11780 = DEFINITIONAL_REPRESENTATION('',(#11781),#11785);
#11781 = LINE('',#11782,#11783);
#11782 = CARTESIAN_POINT('',(0.,0.));
#11783 = VECTOR('',#11784,1.);
#11784 = DIRECTION('',(-1.,-6.162975822039E-33));
#11785 = ( GEOMETRIC_REPRESENTATION_CONTEXT(2) 
PARAMETRIC_REPRESENTATION_CONTEXT() REPRESENTATION_CONTEXT('2D SPACE',''
  ) );
#11786 = ORIENTED_EDGE('',*,*,#10974,.F.);
#11787 = ORIENTED_EDGE('',*,*,#11739,.F.);
#11788 = ORIENTED_EDGE('',*,*,#8541,.T.);
#11789 = ADVANCED_FACE('',(#11790),#8529,.T.);
#11790 = FACE_BOUND('',#11791,.T.);
#11791 = EDGE_LOOP('',(#11792,#11813,#11814,#11815));
#11792 = ORIENTED_EDGE('',*,*,#11793,.T.);
#11793 = EDGE_CURVE('',#8486,#10998,#11794,.T.);
#11794 = SURFACE_CURVE('',#11795,(#11799,#11806),.PCURVE_S1.);
#11795 = LINE('',#11796,#11797);
#11796 = CARTESIAN_POINT('',(-29.97118525911,12.931204399089,
    3.204675674438));
#11797 = VECTOR('',#11798,1.);
#11798 = DIRECTION('',(1.224646799147E-16,1.499759782662E-32,-1.));
#11799 = PCURVE('',#8529,#11800);
#11800 = DEFINITIONAL_REPRESENTATION('',(#11801),#11805);
#11801 = LINE('',#11802,#11803);
#11802 = CARTESIAN_POINT('',(-2.16340338526E-17,0.489022005452));
#11803 = VECTOR('',#11804,1.);
#11804 = DIRECTION('',(-1.,-6.162975822039E-33));
#11805 = ( GEOMETRIC_REPRESENTATION_CONTEXT(2) 
PARAMETRIC_REPRESENTATION_CONTEXT() REPRESENTATION_CONTEXT('2D SPACE',''
  ) );
#11806 = PCURVE('',#8501,#11807);
#11807 = DEFINITIONAL_REPRESENTATION('',(#11808),#11812);
#11808 = LINE('',#11809,#11810);
#11809 = CARTESIAN_POINT('',(0.,0.));
#11810 = VECTOR('',#11811,1.);
#11811 = DIRECTION('',(-1.,-3.697785493223E-32));
#11812 = ( GEOMETRIC_REPRESENTATION_CONTEXT(2) 
PARAMETRIC_REPRESENTATION_CONTEXT() REPRESENTATION_CONTEXT('2D SPACE',''
  ) );
#11813 = ORIENTED_EDGE('',*,*,#10997,.F.);
#11814 = ORIENTED_EDGE('',*,*,#11766,.F.);
#11815 = ORIENTED_EDGE('',*,*,#8513,.T.);
#11816 = ADVANCED_FACE('',(#11817),#8501,.T.);
#11817 = FACE_BOUND('',#11818,.T.);
#11818 = EDGE_LOOP('',(#11819,#11840,#11841,#11842));
#11819 = ORIENTED_EDGE('',*,*,#11820,.T.);
#11820 = EDGE_CURVE('',#8458,#11021,#11821,.T.);
#11821 = SURFACE_CURVE('',#11822,(#11826,#11833),.PCURVE_S1.);
#11822 = LINE('',#11823,#11824);
#11823 = CARTESIAN_POINT('',(-29.71374826837,13.346979698161,
    3.204675674438));
#11824 = VECTOR('',#11825,1.);
#11825 = DIRECTION('',(1.224646799147E-16,1.499759782662E-32,-1.));
#11826 = PCURVE('',#8501,#11827);
#11827 = DEFINITIONAL_REPRESENTATION('',(#11828),#11832);
#11828 = LINE('',#11829,#11830);
#11829 = CARTESIAN_POINT('',(-3.152693866893E-17,0.489022395723));
#11830 = VECTOR('',#11831,1.);
#11831 = DIRECTION('',(-1.,-3.697785493223E-32));
#11832 = ( GEOMETRIC_REPRESENTATION_CONTEXT(2) 
PARAMETRIC_REPRESENTATION_CONTEXT() REPRESENTATION_CONTEXT('2D SPACE',''
  ) );
#11833 = PCURVE('',#8473,#11834);
#11834 = DEFINITIONAL_REPRESENTATION('',(#11835),#11839);
#11835 = LINE('',#11836,#11837);
#11836 = CARTESIAN_POINT('',(0.,0.));
#11837 = VECTOR('',#11838,1.);
#11838 = DIRECTION('',(-1.,-2.465190328816E-32));
#11839 = ( GEOMETRIC_REPRESENTATION_CONTEXT(2) 
PARAMETRIC_REPRESENTATION_CONTEXT() REPRESENTATION_CONTEXT('2D SPACE',''
  ) );
#11840 = ORIENTED_EDGE('',*,*,#11020,.F.);
#11841 = ORIENTED_EDGE('',*,*,#11793,.F.);
#11842 = ORIENTED_EDGE('',*,*,#8485,.T.);
#11843 = ADVANCED_FACE('',(#11844),#8473,.T.);
#11844 = FACE_BOUND('',#11845,.T.);
#11845 = EDGE_LOOP('',(#11846,#11867,#11868,#11869));
#11846 = ORIENTED_EDGE('',*,*,#11847,.T.);
#11847 = EDGE_CURVE('',#8430,#11044,#11848,.T.);
#11848 = SURFACE_CURVE('',#11849,(#11853,#11860),.PCURVE_S1.);
#11849 = LINE('',#11850,#11851);
#11850 = CARTESIAN_POINT('',(-29.38429599214,13.708370765666,
    3.204675674438));
#11851 = VECTOR('',#11852,1.);
#11852 = DIRECTION('',(1.224646799147E-16,1.499759782662E-32,-1.));
#11853 = PCURVE('',#8473,#11854);
#11854 = DEFINITIONAL_REPRESENTATION('',(#11855),#11859);
#11855 = LINE('',#11856,#11857);
#11856 = CARTESIAN_POINT('',(-4.034626755567E-17,0.489021784776));
#11857 = VECTOR('',#11858,1.);
#11858 = DIRECTION('',(-1.,-2.465190328816E-32));
#11859 = ( GEOMETRIC_REPRESENTATION_CONTEXT(2) 
PARAMETRIC_REPRESENTATION_CONTEXT() REPRESENTATION_CONTEXT('2D SPACE',''
  ) );
#11860 = PCURVE('',#8445,#11861);
#11861 = DEFINITIONAL_REPRESENTATION('',(#11862),#11866);
#11862 = LINE('',#11863,#11864);
#11863 = CARTESIAN_POINT('',(0.,0.));
#11864 = VECTOR('',#11865,1.);
#11865 = DIRECTION('',(-1.,1.232595164408E-32));
#11866 = ( GEOMETRIC_REPRESENTATION_CONTEXT(2) 
PARAMETRIC_REPRESENTATION_CONTEXT() REPRESENTATION_CONTEXT('2D SPACE',''
  ) );
#11867 = ORIENTED_EDGE('',*,*,#11043,.F.);
#11868 = ORIENTED_EDGE('',*,*,#11820,.F.);
#11869 = ORIENTED_EDGE('',*,*,#8457,.T.);
#11870 = ADVANCED_FACE('',(#11871),#8445,.T.);
#11871 = FACE_BOUND('',#11872,.T.);
#11872 = EDGE_LOOP('',(#11873,#11894,#11895,#11896));
#11873 = ORIENTED_EDGE('',*,*,#11874,.T.);
#11874 = EDGE_CURVE('',#8402,#11067,#11875,.T.);
#11875 = SURFACE_CURVE('',#11876,(#11880,#11887),.PCURVE_S1.);
#11876 = LINE('',#11877,#11878);
#11877 = CARTESIAN_POINT('',(-28.99404793192,14.003073295573,
    3.204675674438));
#11878 = VECTOR('',#11879,1.);
#11879 = DIRECTION('',(1.224646799147E-16,1.499759782662E-32,-1.));
#11880 = PCURVE('',#8445,#11881);
#11881 = DEFINITIONAL_REPRESENTATION('',(#11882),#11886);
#11882 = LINE('',#11883,#11884);
#11883 = CARTESIAN_POINT('',(-4.779160378297E-17,0.489022626925));
#11884 = VECTOR('',#11885,1.);
#11885 = DIRECTION('',(-1.,1.232595164408E-32));
#11886 = ( GEOMETRIC_REPRESENTATION_CONTEXT(2) 
PARAMETRIC_REPRESENTATION_CONTEXT() REPRESENTATION_CONTEXT('2D SPACE',''
  ) );
#11887 = PCURVE('',#8417,#11888);
#11888 = DEFINITIONAL_REPRESENTATION('',(#11889),#11893);
#11889 = LINE('',#11890,#11891);
#11890 = CARTESIAN_POINT('',(0.,0.));
#11891 = VECTOR('',#11892,1.);
#11892 = DIRECTION('',(-1.,2.465190328816E-32));
#11893 = ( GEOMETRIC_REPRESENTATION_CONTEXT(2) 
PARAMETRIC_REPRESENTATION_CONTEXT() REPRESENTATION_CONTEXT('2D SPACE',''
  ) );
#11894 = ORIENTED_EDGE('',*,*,#11066,.F.);
#11895 = ORIENTED_EDGE('',*,*,#11847,.F.);
#11896 = ORIENTED_EDGE('',*,*,#8429,.T.);
#11897 = ADVANCED_FACE('',(#11898),#8417,.T.);
#11898 = FACE_BOUND('',#11899,.T.);
#11899 = EDGE_LOOP('',(#11900,#11921,#11922,#11923));
#11900 = ORIENTED_EDGE('',*,*,#11901,.T.);
#11901 = EDGE_CURVE('',#8374,#11090,#11902,.T.);
#11902 = SURFACE_CURVE('',#11903,(#11907,#11914),.PCURVE_S1.);
#11903 = LINE('',#11904,#11905);
#11904 = CARTESIAN_POINT('',(-28.55629306246,14.221048912028,
    3.204675674438));
#11905 = VECTOR('',#11906,1.);
#11906 = DIRECTION('',(1.224646799147E-16,1.499759782662E-32,-1.));
#11907 = PCURVE('',#8417,#11908);
#11908 = DEFINITIONAL_REPRESENTATION('',(#11909),#11913);
#11909 = LINE('',#11910,#11911);
#11910 = CARTESIAN_POINT('',(-5.360950996967E-17,0.489022182632));
#11911 = VECTOR('',#11912,1.);
#11912 = DIRECTION('',(-1.,2.465190328816E-32));
#11913 = ( GEOMETRIC_REPRESENTATION_CONTEXT(2) 
PARAMETRIC_REPRESENTATION_CONTEXT() REPRESENTATION_CONTEXT('2D SPACE',''
  ) );
#11914 = PCURVE('',#8389,#11915);
#11915 = DEFINITIONAL_REPRESENTATION('',(#11916),#11920);
#11916 = LINE('',#11917,#11918);
#11917 = CARTESIAN_POINT('',(0.,0.));
#11918 = VECTOR('',#11919,1.);
#11919 = DIRECTION('',(-1.,0.));
#11920 = ( GEOMETRIC_REPRESENTATION_CONTEXT(2) 
PARAMETRIC_REPRESENTATION_CONTEXT() REPRESENTATION_CONTEXT('2D SPACE',''
  ) );
#11921 = ORIENTED_EDGE('',*,*,#11089,.F.);
#11922 = ORIENTED_EDGE('',*,*,#11874,.F.);
#11923 = ORIENTED_EDGE('',*,*,#8401,.T.);
#11924 = ADVANCED_FACE('',(#11925),#8389,.T.);
#11925 = FACE_BOUND('',#11926,.T.);
#11926 = EDGE_LOOP('',(#11927,#11948,#11949,#11950));
#11927 = ORIENTED_EDGE('',*,*,#11928,.T.);
#11928 = EDGE_CURVE('',#8346,#11113,#11929,.T.);
#11929 = SURFACE_CURVE('',#11930,(#11934,#11941),.PCURVE_S1.);
#11930 = LINE('',#11931,#11932);
#11931 = CARTESIAN_POINT('',(-28.08593874384,14.354876121501,
    3.204675674438));
#11932 = VECTOR('',#11933,1.);
#11933 = DIRECTION('',(1.224646799147E-16,1.499759782662E-32,-1.));
#11934 = PCURVE('',#8389,#11935);
#11935 = DEFINITIONAL_REPRESENTATION('',(#11936),#11940);
#11936 = LINE('',#11937,#11938);
#11937 = CARTESIAN_POINT('',(-5.760179107616E-17,0.489022399322));
#11938 = VECTOR('',#11939,1.);
#11939 = DIRECTION('',(-1.,0.));
#11940 = ( GEOMETRIC_REPRESENTATION_CONTEXT(2) 
PARAMETRIC_REPRESENTATION_CONTEXT() REPRESENTATION_CONTEXT('2D SPACE',''
  ) );
#11941 = PCURVE('',#8361,#11942);
#11942 = DEFINITIONAL_REPRESENTATION('',(#11943),#11947);
#11943 = LINE('',#11944,#11945);
#11944 = CARTESIAN_POINT('',(0.,0.));
#11945 = VECTOR('',#11946,1.);
#11946 = DIRECTION('',(-1.,4.930380657631E-32));
#11947 = ( GEOMETRIC_REPRESENTATION_CONTEXT(2) 
PARAMETRIC_REPRESENTATION_CONTEXT() REPRESENTATION_CONTEXT('2D SPACE',''
  ) );
#11948 = ORIENTED_EDGE('',*,*,#11112,.F.);
#11949 = ORIENTED_EDGE('',*,*,#11901,.F.);
#11950 = ORIENTED_EDGE('',*,*,#8373,.T.);
#11951 = ADVANCED_FACE('',(#11952),#8361,.T.);
#11952 = FACE_BOUND('',#11953,.T.);
#11953 = EDGE_LOOP('',(#11954,#11975,#11976,#11977));
#11954 = ORIENTED_EDGE('',*,*,#11955,.T.);
#11955 = EDGE_CURVE('',#8318,#11136,#11956,.T.);
#11956 = SURFACE_CURVE('',#11957,(#11961,#11968),.PCURVE_S1.);
#11957 = LINE('',#11958,#11959);
#11958 = CARTESIAN_POINT('',(-27.59900265146,14.399996360758,
    3.204675674438));
#11959 = VECTOR('',#11960,1.);
#11960 = DIRECTION('',(1.224646799147E-16,1.499759782662E-32,-1.));
#11961 = PCURVE('',#8361,#11962);
#11962 = DEFINITIONAL_REPRESENTATION('',(#11963),#11967);
#11963 = LINE('',#11964,#11965);
#11964 = CARTESIAN_POINT('',(-5.963247269185E-17,0.489022079307));
#11965 = VECTOR('',#11966,1.);
#11966 = DIRECTION('',(-1.,4.930380657631E-32));
#11967 = ( GEOMETRIC_REPRESENTATION_CONTEXT(2) 
PARAMETRIC_REPRESENTATION_CONTEXT() REPRESENTATION_CONTEXT('2D SPACE',''
  ) );
#11968 = PCURVE('',#8333,#11969);
#11969 = DEFINITIONAL_REPRESENTATION('',(#11970),#11974);
#11970 = LINE('',#11971,#11972);
#11971 = CARTESIAN_POINT('',(0.,0.));
#11972 = VECTOR('',#11973,1.);
#11973 = DIRECTION('',(-1.,-4.930380657631E-32));
#11974 = ( GEOMETRIC_REPRESENTATION_CONTEXT(2) 
PARAMETRIC_REPRESENTATION_CONTEXT() REPRESENTATION_CONTEXT('2D SPACE',''
  ) );
#11975 = ORIENTED_EDGE('',*,*,#11135,.F.);
#11976 = ORIENTED_EDGE('',*,*,#11928,.F.);
#11977 = ORIENTED_EDGE('',*,*,#8345,.T.);
#11978 = ADVANCED_FACE('',(#11979),#8333,.T.);
#11979 = FACE_BOUND('',#11980,.T.);
#11980 = EDGE_LOOP('',(#11981,#12002,#12003,#12004));
#11981 = ORIENTED_EDGE('',*,*,#11982,.T.);
#11982 = EDGE_CURVE('',#8290,#11159,#11983,.T.);
#11983 = SURFACE_CURVE('',#11984,(#11988,#11995),.PCURVE_S1.);
#11984 = LINE('',#11985,#11986);
#11985 = CARTESIAN_POINT('',(-27.11206632067,14.354876121501,
    3.204675674438));
#11986 = VECTOR('',#11987,1.);
#11987 = DIRECTION('',(1.224646799147E-16,1.499759782662E-32,-1.));
#11988 = PCURVE('',#8333,#11989);
#11989 = DEFINITIONAL_REPRESENTATION('',(#11990),#11994);
#11990 = LINE('',#11991,#11992);
#11991 = CARTESIAN_POINT('',(-5.96325018897E-17,0.489022316709));
#11992 = VECTOR('',#11993,1.);
#11993 = DIRECTION('',(-1.,-4.930380657631E-32));
#11994 = ( GEOMETRIC_REPRESENTATION_CONTEXT(2) 
PARAMETRIC_REPRESENTATION_CONTEXT() REPRESENTATION_CONTEXT('2D SPACE',''
  ) );
#11995 = PCURVE('',#8305,#11996);
#11996 = DEFINITIONAL_REPRESENTATION('',(#11997),#12001);
#11997 = LINE('',#11998,#11999);
#11998 = CARTESIAN_POINT('',(0.,0.));
#11999 = VECTOR('',#12000,1.);
#12000 = DIRECTION('',(-1.,0.));
#12001 = ( GEOMETRIC_REPRESENTATION_CONTEXT(2) 
PARAMETRIC_REPRESENTATION_CONTEXT() REPRESENTATION_CONTEXT('2D SPACE',''
  ) );
#12002 = ORIENTED_EDGE('',*,*,#11158,.T.);
#12003 = ORIENTED_EDGE('',*,*,#11955,.F.);
#12004 = ORIENTED_EDGE('',*,*,#8317,.T.);
#12005 = ADVANCED_FACE('',(#12006),#8305,.T.);
#12006 = FACE_BOUND('',#12007,.T.);
#12007 = EDGE_LOOP('',(#12008,#12029,#12030,#12031));
#12008 = ORIENTED_EDGE('',*,*,#12009,.T.);
#12009 = EDGE_CURVE('',#8262,#11182,#12010,.T.);
#12010 = SURFACE_CURVE('',#12011,(#12015,#12022),.PCURVE_S1.);
#12011 = LINE('',#12012,#12013);
#12012 = CARTESIAN_POINT('',(-26.64171224047,14.221048912028,
    3.204675674438));
#12013 = VECTOR('',#12014,1.);
#12014 = DIRECTION('',(1.224646799147E-16,1.499759782662E-32,-1.));
#12015 = PCURVE('',#8305,#12016);
#12016 = DEFINITIONAL_REPRESENTATION('',(#12017),#12021);
#12017 = LINE('',#12018,#12019);
#12018 = CARTESIAN_POINT('',(-5.760176187831E-17,0.489022170005));
#12019 = VECTOR('',#12020,1.);
#12020 = DIRECTION('',(-1.,0.));
#12021 = ( GEOMETRIC_REPRESENTATION_CONTEXT(2) 
PARAMETRIC_REPRESENTATION_CONTEXT() REPRESENTATION_CONTEXT('2D SPACE',''
  ) );
#12022 = PCURVE('',#8277,#12023);
#12023 = DEFINITIONAL_REPRESENTATION('',(#12024),#12028);
#12024 = LINE('',#12025,#12026);
#12025 = CARTESIAN_POINT('',(0.,0.));
#12026 = VECTOR('',#12027,1.);
#12027 = DIRECTION('',(-1.,0.));
#12028 = ( GEOMETRIC_REPRESENTATION_CONTEXT(2) 
PARAMETRIC_REPRESENTATION_CONTEXT() REPRESENTATION_CONTEXT('2D SPACE',''
  ) );
#12029 = ORIENTED_EDGE('',*,*,#11181,.T.);
#12030 = ORIENTED_EDGE('',*,*,#11982,.F.);
#12031 = ORIENTED_EDGE('',*,*,#8289,.T.);
#12032 = ADVANCED_FACE('',(#12033),#8277,.T.);
#12033 = FACE_BOUND('',#12034,.T.);
#12034 = EDGE_LOOP('',(#12035,#12056,#12057,#12058));
#12035 = ORIENTED_EDGE('',*,*,#12036,.T.);
#12036 = EDGE_CURVE('',#8234,#11205,#12037,.T.);
#12037 = SURFACE_CURVE('',#12038,(#12042,#12049),.PCURVE_S1.);
#12038 = LINE('',#12039,#12040);
#12039 = CARTESIAN_POINT('',(-26.20395713259,14.003073295573,
    3.204675674438));
#12040 = VECTOR('',#12041,1.);
#12041 = DIRECTION('',(1.224646799147E-16,1.499759782662E-32,-1.));
#12042 = PCURVE('',#8277,#12043);
#12043 = DEFINITIONAL_REPRESENTATION('',(#12044),#12048);
#12044 = LINE('',#12045,#12046);
#12045 = CARTESIAN_POINT('',(-5.360953916752E-17,0.489022396055));
#12046 = VECTOR('',#12047,1.);
#12047 = DIRECTION('',(-1.,0.));
#12048 = ( GEOMETRIC_REPRESENTATION_CONTEXT(2) 
PARAMETRIC_REPRESENTATION_CONTEXT() REPRESENTATION_CONTEXT('2D SPACE',''
  ) );
#12049 = PCURVE('',#8249,#12050);
#12050 = DEFINITIONAL_REPRESENTATION('',(#12051),#12055);
#12051 = LINE('',#12052,#12053);
#12052 = CARTESIAN_POINT('',(0.,0.));
#12053 = VECTOR('',#12054,1.);
#12054 = DIRECTION('',(-1.,0.));
#12055 = ( GEOMETRIC_REPRESENTATION_CONTEXT(2) 
PARAMETRIC_REPRESENTATION_CONTEXT() REPRESENTATION_CONTEXT('2D SPACE',''
  ) );
#12056 = ORIENTED_EDGE('',*,*,#11204,.T.);
#12057 = ORIENTED_EDGE('',*,*,#12009,.F.);
#12058 = ORIENTED_EDGE('',*,*,#8261,.T.);
#12059 = ADVANCED_FACE('',(#12060),#8249,.T.);
#12060 = FACE_BOUND('',#12061,.T.);
#12061 = EDGE_LOOP('',(#12062,#12083,#12084,#12085));
#12062 = ORIENTED_EDGE('',*,*,#12063,.T.);
#12063 = EDGE_CURVE('',#8206,#11228,#12064,.T.);
#12064 = SURFACE_CURVE('',#12065,(#12069,#12076),.PCURVE_S1.);
#12065 = LINE('',#12066,#12067);
#12066 = CARTESIAN_POINT('',(-25.81370931078,13.708370765666,
    3.204675674438));
#12067 = VECTOR('',#12068,1.);
#12068 = DIRECTION('',(1.224646799147E-16,1.499759782662E-32,-1.));
#12069 = PCURVE('',#8249,#12070);
#12070 = DEFINITIONAL_REPRESENTATION('',(#12071),#12075);
#12071 = LINE('',#12072,#12073);
#12072 = CARTESIAN_POINT('',(-4.779157458512E-17,0.489022436663));
#12073 = VECTOR('',#12074,1.);
#12074 = DIRECTION('',(-1.,0.));
#12075 = ( GEOMETRIC_REPRESENTATION_CONTEXT(2) 
PARAMETRIC_REPRESENTATION_CONTEXT() REPRESENTATION_CONTEXT('2D SPACE',''
  ) );
#12076 = PCURVE('',#8221,#12077);
#12077 = DEFINITIONAL_REPRESENTATION('',(#12078),#12082);
#12078 = LINE('',#12079,#12080);
#12079 = CARTESIAN_POINT('',(0.,0.));
#12080 = VECTOR('',#12081,1.);
#12081 = DIRECTION('',(-1.,-1.232595164408E-32));
#12082 = ( GEOMETRIC_REPRESENTATION_CONTEXT(2) 
PARAMETRIC_REPRESENTATION_CONTEXT() REPRESENTATION_CONTEXT('2D SPACE',''
  ) );
#12083 = ORIENTED_EDGE('',*,*,#11227,.T.);
#12084 = ORIENTED_EDGE('',*,*,#12036,.F.);
#12085 = ORIENTED_EDGE('',*,*,#8233,.T.);
#12086 = ADVANCED_FACE('',(#12087),#8221,.T.);
#12087 = FACE_BOUND('',#12088,.T.);
#12088 = EDGE_LOOP('',(#12089,#12110,#12111,#12112));
#12089 = ORIENTED_EDGE('',*,*,#12090,.T.);
#12090 = EDGE_CURVE('',#8178,#11251,#12091,.T.);
#12091 = SURFACE_CURVE('',#12092,(#12096,#12103),.PCURVE_S1.);
#12092 = LINE('',#12093,#12094);
#12093 = CARTESIAN_POINT('',(-25.48425679613,13.346979698161,
    3.204675674438));
#12094 = VECTOR('',#12095,1.);
#12095 = DIRECTION('',(1.224646799147E-16,1.499759782662E-32,-1.));
#12096 = PCURVE('',#8221,#12097);
#12097 = DEFINITIONAL_REPRESENTATION('',(#12098),#12102);
#12098 = LINE('',#12099,#12100);
#12099 = CARTESIAN_POINT('',(-4.034629675352E-17,0.489021945398));
#12100 = VECTOR('',#12101,1.);
#12101 = DIRECTION('',(-1.,-1.232595164408E-32));
#12102 = ( GEOMETRIC_REPRESENTATION_CONTEXT(2) 
PARAMETRIC_REPRESENTATION_CONTEXT() REPRESENTATION_CONTEXT('2D SPACE',''
  ) );
#12103 = PCURVE('',#8193,#12104);
#12104 = DEFINITIONAL_REPRESENTATION('',(#12105),#12109);
#12105 = LINE('',#12106,#12107);
#12106 = CARTESIAN_POINT('',(0.,0.));
#12107 = VECTOR('',#12108,1.);
#12108 = DIRECTION('',(-1.,2.465190328816E-32));
#12109 = ( GEOMETRIC_REPRESENTATION_CONTEXT(2) 
PARAMETRIC_REPRESENTATION_CONTEXT() REPRESENTATION_CONTEXT('2D SPACE',''
  ) );
#12110 = ORIENTED_EDGE('',*,*,#11250,.T.);
#12111 = ORIENTED_EDGE('',*,*,#12063,.F.);
#12112 = ORIENTED_EDGE('',*,*,#8205,.T.);
#12113 = ADVANCED_FACE('',(#12114),#8193,.T.);
#12114 = FACE_BOUND('',#12115,.T.);
#12115 = EDGE_LOOP('',(#12116,#12137,#12138,#12139));
#12116 = ORIENTED_EDGE('',*,*,#12117,.T.);
#12117 = EDGE_CURVE('',#8150,#11274,#12118,.T.);
#12118 = SURFACE_CURVE('',#12119,(#12123,#12130),.PCURVE_S1.);
#12119 = LINE('',#12120,#12121);
#12120 = CARTESIAN_POINT('',(-25.22682004381,12.931204399089,
    3.204675674438));
#12121 = VECTOR('',#12122,1.);
#12122 = DIRECTION('',(1.224646799147E-16,1.499759782662E-32,-1.));
#12123 = PCURVE('',#8193,#12124);
#12124 = DEFINITIONAL_REPRESENTATION('',(#12125),#12129);
#12125 = LINE('',#12126,#12127);
#12126 = CARTESIAN_POINT('',(-3.152690947108E-17,0.489022270212));
#12127 = VECTOR('',#12128,1.);
#12128 = DIRECTION('',(-1.,2.465190328816E-32));
#12129 = ( GEOMETRIC_REPRESENTATION_CONTEXT(2) 
PARAMETRIC_REPRESENTATION_CONTEXT() REPRESENTATION_CONTEXT('2D SPACE',''
  ) );
#12130 = PCURVE('',#8165,#12131);
#12131 = DEFINITIONAL_REPRESENTATION('',(#12132),#12136);
#12132 = LINE('',#12133,#12134);
#12133 = CARTESIAN_POINT('',(0.,0.));
#12134 = VECTOR('',#12135,1.);
#12135 = DIRECTION('',(1.,6.162975822039E-33));
#12136 = ( GEOMETRIC_REPRESENTATION_CONTEXT(2) 
PARAMETRIC_REPRESENTATION_CONTEXT() REPRESENTATION_CONTEXT('2D SPACE',''
  ) );
#12137 = ORIENTED_EDGE('',*,*,#11273,.T.);
#12138 = ORIENTED_EDGE('',*,*,#12090,.F.);
#12139 = ORIENTED_EDGE('',*,*,#8177,.T.);
#12140 = ADVANCED_FACE('',(#12141),#8165,.T.);
#12141 = FACE_BOUND('',#12142,.T.);
#12142 = EDGE_LOOP('',(#12143,#12164,#12165,#12166));
#12143 = ORIENTED_EDGE('',*,*,#12144,.T.);
#12144 = EDGE_CURVE('',#8122,#11297,#12145,.T.);
#12145 = SURFACE_CURVE('',#12146,(#12150,#12157),.PCURVE_S1.);
#12146 = LINE('',#12147,#12148);
#12147 = CARTESIAN_POINT('',(-25.0501647513,12.475205024699,
    3.204675674438));
#12148 = VECTOR('',#12149,1.);
#12149 = DIRECTION('',(1.224646799147E-16,1.499759782662E-32,-1.));
#12150 = PCURVE('',#8165,#12151);
#12151 = DEFINITIONAL_REPRESENTATION('',(#12152),#12156);
#12152 = LINE('',#12153,#12154);
#12153 = CARTESIAN_POINT('',(2.16340338526E-17,-0.489022005452));
#12154 = VECTOR('',#12155,1.);
#12155 = DIRECTION('',(1.,6.162975822039E-33));
#12156 = ( GEOMETRIC_REPRESENTATION_CONTEXT(2) 
PARAMETRIC_REPRESENTATION_CONTEXT() REPRESENTATION_CONTEXT('2D SPACE',''
  ) );
#12157 = PCURVE('',#8137,#12158);
#12158 = DEFINITIONAL_REPRESENTATION('',(#12159),#12163);
#12159 = LINE('',#12160,#12161);
#12160 = CARTESIAN_POINT('',(0.,0.));
#12161 = VECTOR('',#12162,1.);
#12162 = DIRECTION('',(1.,3.08148791102E-33));
#12163 = ( GEOMETRIC_REPRESENTATION_CONTEXT(2) 
PARAMETRIC_REPRESENTATION_CONTEXT() REPRESENTATION_CONTEXT('2D SPACE',''
  ) );
#12164 = ORIENTED_EDGE('',*,*,#11296,.T.);
#12165 = ORIENTED_EDGE('',*,*,#12117,.F.);
#12166 = ORIENTED_EDGE('',*,*,#8149,.T.);
#12167 = ADVANCED_FACE('',(#12168),#8137,.T.);
#12168 = FACE_BOUND('',#12169,.T.);
#12169 = EDGE_LOOP('',(#12170,#12191,#12192,#12193));
#12170 = ORIENTED_EDGE('',*,*,#12171,.T.);
#12171 = EDGE_CURVE('',#8094,#11320,#12172,.T.);
#12172 = SURFACE_CURVE('',#12173,(#12177,#12184),.PCURVE_S1.);
#12173 = LINE('',#12174,#12175);
#12174 = CARTESIAN_POINT('',(-24.96030717302,11.994507392863,
    3.204675674438));
#12175 = VECTOR('',#12176,1.);
#12176 = DIRECTION('',(1.224646799147E-16,1.499759782662E-32,-1.));
#12177 = PCURVE('',#8137,#12178);
#12178 = DEFINITIONAL_REPRESENTATION('',(#12179),#12183);
#12179 = LINE('',#12180,#12181);
#12180 = CARTESIAN_POINT('',(1.100437956168E-17,-0.489024127857));
#12181 = VECTOR('',#12182,1.);
#12182 = DIRECTION('',(1.,3.08148791102E-33));
#12183 = ( GEOMETRIC_REPRESENTATION_CONTEXT(2) 
PARAMETRIC_REPRESENTATION_CONTEXT() REPRESENTATION_CONTEXT('2D SPACE',''
  ) );
#12184 = PCURVE('',#8109,#12185);
#12185 = DEFINITIONAL_REPRESENTATION('',(#12186),#12190);
#12186 = LINE('',#12187,#12188);
#12187 = CARTESIAN_POINT('',(0.,0.));
#12188 = VECTOR('',#12189,1.);
#12189 = DIRECTION('',(1.,0.));
#12190 = ( GEOMETRIC_REPRESENTATION_CONTEXT(2) 
PARAMETRIC_REPRESENTATION_CONTEXT() REPRESENTATION_CONTEXT('2D SPACE',''
  ) );
#12191 = ORIENTED_EDGE('',*,*,#11319,.T.);
#12192 = ORIENTED_EDGE('',*,*,#12144,.F.);
#12193 = ORIENTED_EDGE('',*,*,#8121,.T.);
#12194 = ADVANCED_FACE('',(#12195),#8109,.T.);
#12195 = FACE_BOUND('',#12196,.T.);
#12196 = EDGE_LOOP('',(#12197,#12218,#12219,#12220));
#12197 = ORIENTED_EDGE('',*,*,#12198,.T.);
#12198 = EDGE_CURVE('',#8066,#11343,#12199,.T.);
#12199 = SURFACE_CURVE('',#12200,(#12204,#12211),.PCURVE_S1.);
#12200 = LINE('',#12201,#12202);
#12201 = CARTESIAN_POINT('',(-24.96030717302,11.505486091593,
    3.204675674438));
#12202 = VECTOR('',#12203,1.);
#12203 = DIRECTION('',(1.224646799147E-16,1.499759782662E-32,-1.));
#12204 = PCURVE('',#8109,#12205);
#12205 = DEFINITIONAL_REPRESENTATION('',(#12206),#12210);
#12206 = LINE('',#12207,#12208);
#12207 = CARTESIAN_POINT('',(-7.33414480509E-33,-0.489021301269));
#12208 = VECTOR('',#12209,1.);
#12209 = DIRECTION('',(1.,0.));
#12210 = ( GEOMETRIC_REPRESENTATION_CONTEXT(2) 
PARAMETRIC_REPRESENTATION_CONTEXT() REPRESENTATION_CONTEXT('2D SPACE',''
  ) );
#12211 = PCURVE('',#8081,#12212);
#12212 = DEFINITIONAL_REPRESENTATION('',(#12213),#12217);
#12213 = LINE('',#12214,#12215);
#12214 = CARTESIAN_POINT('',(0.,0.));
#12215 = VECTOR('',#12216,1.);
#12216 = DIRECTION('',(1.,-9.244463733059E-33));
#12217 = ( GEOMETRIC_REPRESENTATION_CONTEXT(2) 
PARAMETRIC_REPRESENTATION_CONTEXT() REPRESENTATION_CONTEXT('2D SPACE',''
  ) );
#12218 = ORIENTED_EDGE('',*,*,#11342,.T.);
#12219 = ORIENTED_EDGE('',*,*,#12171,.F.);
#12220 = ORIENTED_EDGE('',*,*,#8093,.T.);
#12221 = ADVANCED_FACE('',(#12222),#8081,.T.);
#12222 = FACE_BOUND('',#12223,.T.);
#12223 = EDGE_LOOP('',(#12224,#12245,#12246,#12247));
#12224 = ORIENTED_EDGE('',*,*,#12225,.T.);
#12225 = EDGE_CURVE('',#8038,#11366,#12226,.T.);
#12226 = SURFACE_CURVE('',#12227,(#12231,#12238),.PCURVE_S1.);
#12227 = LINE('',#12228,#12229);
#12228 = CARTESIAN_POINT('',(-25.0501647513,11.024790367106,
    3.204675674438));
#12229 = VECTOR('',#12230,1.);
#12230 = DIRECTION('',(1.224646799147E-16,1.499759782662E-32,-1.));
#12231 = PCURVE('',#8081,#12232);
#12232 = DEFINITIONAL_REPRESENTATION('',(#12233),#12237);
#12233 = LINE('',#12234,#12235);
#12234 = CARTESIAN_POINT('',(-1.100437956168E-17,-0.489022252985));
#12235 = VECTOR('',#12236,1.);
#12236 = DIRECTION('',(1.,-9.244463733059E-33));
#12237 = ( GEOMETRIC_REPRESENTATION_CONTEXT(2) 
PARAMETRIC_REPRESENTATION_CONTEXT() REPRESENTATION_CONTEXT('2D SPACE',''
  ) );
#12238 = PCURVE('',#8053,#12239);
#12239 = DEFINITIONAL_REPRESENTATION('',(#12240),#12244);
#12240 = LINE('',#12241,#12242);
#12241 = CARTESIAN_POINT('',(0.,0.));
#12242 = VECTOR('',#12243,1.);
#12243 = DIRECTION('',(1.,-6.162975822039E-33));
#12244 = ( GEOMETRIC_REPRESENTATION_CONTEXT(2) 
PARAMETRIC_REPRESENTATION_CONTEXT() REPRESENTATION_CONTEXT('2D SPACE',''
  ) );
#12245 = ORIENTED_EDGE('',*,*,#11365,.T.);
#12246 = ORIENTED_EDGE('',*,*,#12198,.F.);
#12247 = ORIENTED_EDGE('',*,*,#8065,.T.);
#12248 = ADVANCED_FACE('',(#12249),#8053,.T.);
#12249 = FACE_BOUND('',#12250,.T.);
#12250 = EDGE_LOOP('',(#12251,#12272,#12273,#12274));
#12251 = ORIENTED_EDGE('',*,*,#12252,.T.);
#12252 = EDGE_CURVE('',#8010,#11389,#12253,.T.);
#12253 = SURFACE_CURVE('',#12254,(#12258,#12265),.PCURVE_S1.);
#12254 = LINE('',#12255,#12256);
#12255 = CARTESIAN_POINT('',(-25.22682004381,10.568790992716,
    3.204675674438));
#12256 = VECTOR('',#12257,1.);
#12257 = DIRECTION('',(1.224646799147E-16,1.499759782662E-32,-1.));
#12258 = PCURVE('',#8053,#12259);
#12259 = DEFINITIONAL_REPRESENTATION('',(#12260),#12264);
#12260 = LINE('',#12261,#12262);
#12261 = CARTESIAN_POINT('',(-2.16340338526E-17,-0.489022005452));
#12262 = VECTOR('',#12263,1.);
#12263 = DIRECTION('',(1.,-6.162975822039E-33));
#12264 = ( GEOMETRIC_REPRESENTATION_CONTEXT(2) 
PARAMETRIC_REPRESENTATION_CONTEXT() REPRESENTATION_CONTEXT('2D SPACE',''
  ) );
#12265 = PCURVE('',#8025,#12266);
#12266 = DEFINITIONAL_REPRESENTATION('',(#12267),#12271);
#12267 = LINE('',#12268,#12269);
#12268 = CARTESIAN_POINT('',(0.,0.));
#12269 = VECTOR('',#12270,1.);
#12270 = DIRECTION('',(1.,-1.232595164408E-32));
#12271 = ( GEOMETRIC_REPRESENTATION_CONTEXT(2) 
PARAMETRIC_REPRESENTATION_CONTEXT() REPRESENTATION_CONTEXT('2D SPACE',''
  ) );
#12272 = ORIENTED_EDGE('',*,*,#11388,.T.);
#12273 = ORIENTED_EDGE('',*,*,#12225,.F.);
#12274 = ORIENTED_EDGE('',*,*,#8037,.T.);
#12275 = ADVANCED_FACE('',(#12276),#8025,.T.);
#12276 = FACE_BOUND('',#12277,.T.);
#12277 = EDGE_LOOP('',(#12278,#12299,#12300,#12301));
#12278 = ORIENTED_EDGE('',*,*,#12279,.T.);
#12279 = EDGE_CURVE('',#7982,#11412,#12280,.T.);
#12280 = SURFACE_CURVE('',#12281,(#12285,#12292),.PCURVE_S1.);
#12281 = LINE('',#12282,#12283);
#12282 = CARTESIAN_POINT('',(-25.48425679613,10.153015693644,
    3.204675674438));
#12283 = VECTOR('',#12284,1.);
#12284 = DIRECTION('',(1.224646799147E-16,1.499759782662E-32,-1.));
#12285 = PCURVE('',#8025,#12286);
#12286 = DEFINITIONAL_REPRESENTATION('',(#12287),#12291);
#12287 = LINE('',#12288,#12289);
#12288 = CARTESIAN_POINT('',(-3.152690947107E-17,-0.489022270212));
#12289 = VECTOR('',#12290,1.);
#12290 = DIRECTION('',(1.,-1.232595164408E-32));
#12291 = ( GEOMETRIC_REPRESENTATION_CONTEXT(2) 
PARAMETRIC_REPRESENTATION_CONTEXT() REPRESENTATION_CONTEXT('2D SPACE',''
  ) );
#12292 = PCURVE('',#7997,#12293);
#12293 = DEFINITIONAL_REPRESENTATION('',(#12294),#12298);
#12294 = LINE('',#12295,#12296);
#12295 = CARTESIAN_POINT('',(0.,0.));
#12296 = VECTOR('',#12297,1.);
#12297 = DIRECTION('',(1.,-1.232595164408E-32));
#12298 = ( GEOMETRIC_REPRESENTATION_CONTEXT(2) 
PARAMETRIC_REPRESENTATION_CONTEXT() REPRESENTATION_CONTEXT('2D SPACE',''
  ) );
#12299 = ORIENTED_EDGE('',*,*,#11411,.T.);
#12300 = ORIENTED_EDGE('',*,*,#12252,.F.);
#12301 = ORIENTED_EDGE('',*,*,#8009,.T.);
#12302 = ADVANCED_FACE('',(#12303),#7997,.T.);
#12303 = FACE_BOUND('',#12304,.T.);
#12304 = EDGE_LOOP('',(#12305,#12326,#12327,#12328));
#12305 = ORIENTED_EDGE('',*,*,#12306,.T.);
#12306 = EDGE_CURVE('',#7954,#11435,#12307,.T.);
#12307 = SURFACE_CURVE('',#12308,(#12312,#12319),.PCURVE_S1.);
#12308 = LINE('',#12309,#12310);
#12309 = CARTESIAN_POINT('',(-25.81370931078,9.791622718791,
    3.204675674438));
#12310 = VECTOR('',#12311,1.);
#12311 = DIRECTION('',(1.224646799147E-16,1.499759782662E-32,-1.));
#12312 = PCURVE('',#7997,#12313);
#12313 = DEFINITIONAL_REPRESENTATION('',(#12314),#12318);
#12314 = LINE('',#12315,#12316);
#12315 = CARTESIAN_POINT('',(-4.034629675353E-17,-0.489023354945));
#12316 = VECTOR('',#12317,1.);
#12317 = DIRECTION('',(1.,-1.232595164408E-32));
#12318 = ( GEOMETRIC_REPRESENTATION_CONTEXT(2) 
PARAMETRIC_REPRESENTATION_CONTEXT() REPRESENTATION_CONTEXT('2D SPACE',''
  ) );
#12319 = PCURVE('',#7969,#12320);
#12320 = DEFINITIONAL_REPRESENTATION('',(#12321),#12325);
#12321 = LINE('',#12322,#12323);
#12322 = CARTESIAN_POINT('',(0.,0.));
#12323 = VECTOR('',#12324,1.);
#12324 = DIRECTION('',(1.,0.));
#12325 = ( GEOMETRIC_REPRESENTATION_CONTEXT(2) 
PARAMETRIC_REPRESENTATION_CONTEXT() REPRESENTATION_CONTEXT('2D SPACE',''
  ) );
#12326 = ORIENTED_EDGE('',*,*,#11434,.T.);
#12327 = ORIENTED_EDGE('',*,*,#12279,.F.);
#12328 = ORIENTED_EDGE('',*,*,#7981,.T.);
#12329 = ADVANCED_FACE('',(#12330),#7969,.T.);
#12330 = FACE_BOUND('',#12331,.T.);
#12331 = EDGE_LOOP('',(#12332,#12353,#12354,#12355));
#12332 = ORIENTED_EDGE('',*,*,#12333,.T.);
#12333 = EDGE_CURVE('',#7926,#11458,#12334,.T.);
#12334 = SURFACE_CURVE('',#12335,(#12339,#12346),.PCURVE_S1.);
#12335 = LINE('',#12336,#12337);
#12336 = CARTESIAN_POINT('',(-26.20395713259,9.496922096232,
    3.204675674438));
#12337 = VECTOR('',#12338,1.);
#12338 = DIRECTION('',(1.224646799147E-16,1.499759782662E-32,-1.));
#12339 = PCURVE('',#7969,#12340);
#12340 = DEFINITIONAL_REPRESENTATION('',(#12341),#12345);
#12341 = LINE('',#12342,#12343);
#12342 = CARTESIAN_POINT('',(-4.779157458512E-17,-0.489021287228));
#12343 = VECTOR('',#12344,1.);
#12344 = DIRECTION('',(1.,0.));
#12345 = ( GEOMETRIC_REPRESENTATION_CONTEXT(2) 
PARAMETRIC_REPRESENTATION_CONTEXT() REPRESENTATION_CONTEXT('2D SPACE',''
  ) );
#12346 = PCURVE('',#7941,#12347);
#12347 = DEFINITIONAL_REPRESENTATION('',(#12348),#12352);
#12348 = LINE('',#12349,#12350);
#12349 = CARTESIAN_POINT('',(0.,0.));
#12350 = VECTOR('',#12351,1.);
#12351 = DIRECTION('',(1.,-1.232595164408E-32));
#12352 = ( GEOMETRIC_REPRESENTATION_CONTEXT(2) 
PARAMETRIC_REPRESENTATION_CONTEXT() REPRESENTATION_CONTEXT('2D SPACE',''
  ) );
#12353 = ORIENTED_EDGE('',*,*,#11457,.T.);
#12354 = ORIENTED_EDGE('',*,*,#12306,.F.);
#12355 = ORIENTED_EDGE('',*,*,#7953,.T.);
#12356 = ADVANCED_FACE('',(#12357),#7941,.T.);
#12357 = FACE_BOUND('',#12358,.T.);
#12358 = EDGE_LOOP('',(#12359,#12380,#12381,#12382));
#12359 = ORIENTED_EDGE('',*,*,#12360,.T.);
#12360 = EDGE_CURVE('',#7898,#11481,#12361,.T.);
#12361 = SURFACE_CURVE('',#12362,(#12366,#12373),.PCURVE_S1.);
#12362 = LINE('',#12363,#12364);
#12363 = CARTESIAN_POINT('',(-26.64171224047,9.278946479777,
    3.204675674438));
#12364 = VECTOR('',#12365,1.);
#12365 = DIRECTION('',(1.224646799147E-16,1.499759782662E-32,-1.));
#12366 = PCURVE('',#7941,#12367);
#12367 = DEFINITIONAL_REPRESENTATION('',(#12368),#12372);
#12368 = LINE('',#12369,#12370);
#12369 = CARTESIAN_POINT('',(-5.360953916752E-17,-0.489022396055));
#12370 = VECTOR('',#12371,1.);
#12371 = DIRECTION('',(1.,-1.232595164408E-32));
#12372 = ( GEOMETRIC_REPRESENTATION_CONTEXT(2) 
PARAMETRIC_REPRESENTATION_CONTEXT() REPRESENTATION_CONTEXT('2D SPACE',''
  ) );
#12373 = PCURVE('',#7913,#12374);
#12374 = DEFINITIONAL_REPRESENTATION('',(#12375),#12379);
#12375 = LINE('',#12376,#12377);
#12376 = CARTESIAN_POINT('',(0.,0.));
#12377 = VECTOR('',#12378,1.);
#12378 = DIRECTION('',(1.,0.));
#12379 = ( GEOMETRIC_REPRESENTATION_CONTEXT(2) 
PARAMETRIC_REPRESENTATION_CONTEXT() REPRESENTATION_CONTEXT('2D SPACE',''
  ) );
#12380 = ORIENTED_EDGE('',*,*,#11480,.T.);
#12381 = ORIENTED_EDGE('',*,*,#12333,.F.);
#12382 = ORIENTED_EDGE('',*,*,#7925,.T.);
#12383 = ADVANCED_FACE('',(#12384),#7913,.T.);
#12384 = FACE_BOUND('',#12385,.T.);
#12385 = EDGE_LOOP('',(#12386,#12407,#12408,#12409));
#12386 = ORIENTED_EDGE('',*,*,#12387,.T.);
#12387 = EDGE_CURVE('',#7870,#10745,#12388,.T.);
#12388 = SURFACE_CURVE('',#12389,(#12393,#12400),.PCURVE_S1.);
#12389 = LINE('',#12390,#12391);
#12390 = CARTESIAN_POINT('',(-27.11206632067,9.145119270304,
    3.204675674438));
#12391 = VECTOR('',#12392,1.);
#12392 = DIRECTION('',(1.224646799147E-16,1.499759782662E-32,-1.));
#12393 = PCURVE('',#7913,#12394);
#12394 = DEFINITIONAL_REPRESENTATION('',(#12395),#12399);
#12395 = LINE('',#12396,#12397);
#12396 = CARTESIAN_POINT('',(-5.760176187831E-17,-0.489022170005));
#12397 = VECTOR('',#12398,1.);
#12398 = DIRECTION('',(1.,0.));
#12399 = ( GEOMETRIC_REPRESENTATION_CONTEXT(2) 
PARAMETRIC_REPRESENTATION_CONTEXT() REPRESENTATION_CONTEXT('2D SPACE',''
  ) );
#12400 = PCURVE('',#7885,#12401);
#12401 = DEFINITIONAL_REPRESENTATION('',(#12402),#12406);
#12402 = LINE('',#12403,#12404);
#12403 = CARTESIAN_POINT('',(0.,0.));
#12404 = VECTOR('',#12405,1.);
#12405 = DIRECTION('',(1.,-4.930380657631E-32));
#12406 = ( GEOMETRIC_REPRESENTATION_CONTEXT(2) 
PARAMETRIC_REPRESENTATION_CONTEXT() REPRESENTATION_CONTEXT('2D SPACE',''
  ) );
#12407 = ORIENTED_EDGE('',*,*,#11503,.T.);
#12408 = ORIENTED_EDGE('',*,*,#12360,.F.);
#12409 = ORIENTED_EDGE('',*,*,#7897,.T.);
#12410 = ADVANCED_FACE('',(#12411),#7885,.T.);
#12411 = FACE_BOUND('',#12412,.T.);
#12412 = EDGE_LOOP('',(#12413,#12434,#12435,#12436));
#12413 = ORIENTED_EDGE('',*,*,#12414,.T.);
#12414 = EDGE_CURVE('',#7842,#10743,#12415,.T.);
#12415 = SURFACE_CURVE('',#12416,(#12420,#12427),.PCURVE_S1.);
#12416 = LINE('',#12417,#12418);
#12417 = CARTESIAN_POINT('',(-27.59900265146,9.099997123698,
    3.204675674438));
#12418 = VECTOR('',#12419,1.);
#12419 = DIRECTION('',(1.224646799147E-16,1.499759782662E-32,-1.));
#12420 = PCURVE('',#7885,#12421);
#12421 = DEFINITIONAL_REPRESENTATION('',(#12422),#12426);
#12422 = LINE('',#12423,#12424);
#12423 = CARTESIAN_POINT('',(-5.96325018897E-17,-0.489022492696));
#12424 = VECTOR('',#12425,1.);
#12425 = DIRECTION('',(1.,-4.930380657631E-32));
#12426 = ( GEOMETRIC_REPRESENTATION_CONTEXT(2) 
PARAMETRIC_REPRESENTATION_CONTEXT() REPRESENTATION_CONTEXT('2D SPACE',''
  ) );
#12427 = PCURVE('',#7857,#12428);
#12428 = DEFINITIONAL_REPRESENTATION('',(#12429),#12433);
#12429 = LINE('',#12430,#12431);
#12430 = CARTESIAN_POINT('',(0.,0.));
#12431 = VECTOR('',#12432,1.);
#12432 = DIRECTION('',(1.,0.));
#12433 = ( GEOMETRIC_REPRESENTATION_CONTEXT(2) 
PARAMETRIC_REPRESENTATION_CONTEXT() REPRESENTATION_CONTEXT('2D SPACE',''
  ) );
#12434 = ORIENTED_EDGE('',*,*,#10742,.T.);
#12435 = ORIENTED_EDGE('',*,*,#12387,.F.);
#12436 = ORIENTED_EDGE('',*,*,#7869,.T.);
#12437 = ADVANCED_FACE('',(#12438),#7857,.T.);
#12438 = FACE_BOUND('',#12439,.T.);
#12439 = EDGE_LOOP('',(#12440,#12441,#12442,#12443));
#12440 = ORIENTED_EDGE('',*,*,#11552,.F.);
#12441 = ORIENTED_EDGE('',*,*,#10767,.F.);
#12442 = ORIENTED_EDGE('',*,*,#12414,.F.);
#12443 = ORIENTED_EDGE('',*,*,#7841,.T.);
#12444 = ADVANCED_FACE('',(#12445),#448,.T.);
#12445 = FACE_BOUND('',#12446,.T.);
#12446 = EDGE_LOOP('',(#12447,#12448,#12469,#12470));
#12447 = ORIENTED_EDGE('',*,*,#2653,.T.);
#12448 = ORIENTED_EDGE('',*,*,#12449,.T.);
#12449 = EDGE_CURVE('',#2631,#433,#12450,.T.);
#12450 = SURFACE_CURVE('',#12451,(#12455,#12462),.PCURVE_S1.);
#12451 = LINE('',#12452,#12453);
#12452 = CARTESIAN_POINT('',(-28.55629306246,-14.22105423547,
    3.204675674438));
#12453 = VECTOR('',#12454,1.);
#12454 = DIRECTION('',(1.224646799147E-16,1.499759782662E-32,-1.));
#12455 = PCURVE('',#448,#12456);
#12456 = DEFINITIONAL_REPRESENTATION('',(#12457),#12461);
#12457 = LINE('',#12458,#12459);
#12458 = CARTESIAN_POINT('',(-5.760179107616E-17,-0.489022431945));
#12459 = VECTOR('',#12460,1.);
#12460 = DIRECTION('',(1.,-4.930380657631E-32));
#12461 = ( GEOMETRIC_REPRESENTATION_CONTEXT(2) 
PARAMETRIC_REPRESENTATION_CONTEXT() REPRESENTATION_CONTEXT('2D SPACE',''
  ) );
#12462 = PCURVE('',#476,#12463);
#12463 = DEFINITIONAL_REPRESENTATION('',(#12464),#12468);
#12464 = LINE('',#12465,#12466);
#12465 = CARTESIAN_POINT('',(0.,0.));
#12466 = VECTOR('',#12467,1.);
#12467 = DIRECTION('',(1.,2.465190328816E-32));
#12468 = ( GEOMETRIC_REPRESENTATION_CONTEXT(2) 
PARAMETRIC_REPRESENTATION_CONTEXT() REPRESENTATION_CONTEXT('2D SPACE',''
  ) );
#12469 = ORIENTED_EDGE('',*,*,#432,.F.);
#12470 = ORIENTED_EDGE('',*,*,#6258,.T.);
#12471 = ADVANCED_FACE('',(#12472),#476,.T.);
#12472 = FACE_BOUND('',#12473,.T.);
#12473 = EDGE_LOOP('',(#12474,#12475,#12496,#12497));
#12474 = ORIENTED_EDGE('',*,*,#2630,.T.);
#12475 = ORIENTED_EDGE('',*,*,#12476,.T.);
#12476 = EDGE_CURVE('',#2608,#461,#12477,.T.);
#12477 = SURFACE_CURVE('',#12478,(#12482,#12489),.PCURVE_S1.);
#12478 = LINE('',#12479,#12480);
#12479 = CARTESIAN_POINT('',(-28.99404793192,-14.00307826139,
    3.204675674438));
#12480 = VECTOR('',#12481,1.);
#12481 = DIRECTION('',(1.224646799147E-16,1.499759782662E-32,-1.));
#12482 = PCURVE('',#476,#12483);
#12483 = DEFINITIONAL_REPRESENTATION('',(#12484),#12488);
#12484 = LINE('',#12485,#12486);
#12485 = CARTESIAN_POINT('',(-5.360950996967E-17,-0.48902234204));
#12486 = VECTOR('',#12487,1.);
#12487 = DIRECTION('',(1.,2.465190328816E-32));
#12488 = ( GEOMETRIC_REPRESENTATION_CONTEXT(2) 
PARAMETRIC_REPRESENTATION_CONTEXT() REPRESENTATION_CONTEXT('2D SPACE',''
  ) );
#12489 = PCURVE('',#504,#12490);
#12490 = DEFINITIONAL_REPRESENTATION('',(#12491),#12495);
#12491 = LINE('',#12492,#12493);
#12492 = CARTESIAN_POINT('',(0.,0.));
#12493 = VECTOR('',#12494,1.);
#12494 = DIRECTION('',(1.,1.232595164408E-32));
#12495 = ( GEOMETRIC_REPRESENTATION_CONTEXT(2) 
PARAMETRIC_REPRESENTATION_CONTEXT() REPRESENTATION_CONTEXT('2D SPACE',''
  ) );
#12496 = ORIENTED_EDGE('',*,*,#460,.F.);
#12497 = ORIENTED_EDGE('',*,*,#12449,.F.);
#12498 = ADVANCED_FACE('',(#12499),#504,.T.);
#12499 = FACE_BOUND('',#12500,.T.);
#12500 = EDGE_LOOP('',(#12501,#12502,#12523,#12524));
#12501 = ORIENTED_EDGE('',*,*,#2607,.T.);
#12502 = ORIENTED_EDGE('',*,*,#12503,.T.);
#12503 = EDGE_CURVE('',#2585,#489,#12504,.T.);
#12504 = SURFACE_CURVE('',#12505,(#12509,#12516),.PCURVE_S1.);
#12505 = LINE('',#12506,#12507);
#12506 = CARTESIAN_POINT('',(-29.38429599214,-13.70837644674,
    3.204675674438));
#12507 = VECTOR('',#12508,1.);
#12508 = DIRECTION('',(1.224646799147E-16,1.499759782662E-32,-1.));
#12509 = PCURVE('',#504,#12510);
#12510 = DEFINITIONAL_REPRESENTATION('',(#12511),#12515);
#12511 = LINE('',#12512,#12513);
#12512 = CARTESIAN_POINT('',(-4.779160378298E-17,-0.489022195886));
#12513 = VECTOR('',#12514,1.);
#12514 = DIRECTION('',(1.,1.232595164408E-32));
#12515 = ( GEOMETRIC_REPRESENTATION_CONTEXT(2) 
PARAMETRIC_REPRESENTATION_CONTEXT() REPRESENTATION_CONTEXT('2D SPACE',''
  ) );
#12516 = PCURVE('',#532,#12517);
#12517 = DEFINITIONAL_REPRESENTATION('',(#12518),#12522);
#12518 = LINE('',#12519,#12520);
#12519 = CARTESIAN_POINT('',(0.,0.));
#12520 = VECTOR('',#12521,1.);
#12521 = DIRECTION('',(1.,-1.232595164408E-32));
#12522 = ( GEOMETRIC_REPRESENTATION_CONTEXT(2) 
PARAMETRIC_REPRESENTATION_CONTEXT() REPRESENTATION_CONTEXT('2D SPACE',''
  ) );
#12523 = ORIENTED_EDGE('',*,*,#488,.F.);
#12524 = ORIENTED_EDGE('',*,*,#12476,.F.);
#12525 = ADVANCED_FACE('',(#12526),#532,.T.);
#12526 = FACE_BOUND('',#12527,.T.);
#12527 = EDGE_LOOP('',(#12528,#12529,#12550,#12551));
#12528 = ORIENTED_EDGE('',*,*,#2584,.T.);
#12529 = ORIENTED_EDGE('',*,*,#12530,.T.);
#12530 = EDGE_CURVE('',#2562,#517,#12531,.T.);
#12531 = SURFACE_CURVE('',#12532,(#12536,#12543),.PCURVE_S1.);
#12532 = LINE('',#12533,#12534);
#12533 = CARTESIAN_POINT('',(-29.71374826837,-13.34698466398,
    3.204675674438));
#12534 = VECTOR('',#12535,1.);
#12535 = DIRECTION('',(1.224646799147E-16,1.499759782662E-32,-1.));
#12536 = PCURVE('',#532,#12537);
#12537 = DEFINITIONAL_REPRESENTATION('',(#12538),#12542);
#12538 = LINE('',#12539,#12540);
#12539 = CARTESIAN_POINT('',(-4.034626755567E-17,-0.489022313356));
#12540 = VECTOR('',#12541,1.);
#12541 = DIRECTION('',(1.,-1.232595164408E-32));
#12542 = ( GEOMETRIC_REPRESENTATION_CONTEXT(2) 
PARAMETRIC_REPRESENTATION_CONTEXT() REPRESENTATION_CONTEXT('2D SPACE',''
  ) );
#12543 = PCURVE('',#560,#12544);
#12544 = DEFINITIONAL_REPRESENTATION('',(#12545),#12549);
#12545 = LINE('',#12546,#12547);
#12546 = CARTESIAN_POINT('',(0.,0.));
#12547 = VECTOR('',#12548,1.);
#12548 = DIRECTION('',(1.,0.));
#12549 = ( GEOMETRIC_REPRESENTATION_CONTEXT(2) 
PARAMETRIC_REPRESENTATION_CONTEXT() REPRESENTATION_CONTEXT('2D SPACE',''
  ) );
#12550 = ORIENTED_EDGE('',*,*,#516,.F.);
#12551 = ORIENTED_EDGE('',*,*,#12503,.F.);
#12552 = ADVANCED_FACE('',(#12553),#560,.T.);
#12553 = FACE_BOUND('',#12554,.T.);
#12554 = EDGE_LOOP('',(#12555,#12556,#12577,#12578));
#12555 = ORIENTED_EDGE('',*,*,#2561,.T.);
#12556 = ORIENTED_EDGE('',*,*,#12557,.T.);
#12557 = EDGE_CURVE('',#2539,#545,#12558,.T.);
#12558 = SURFACE_CURVE('',#12559,(#12563,#12570),.PCURVE_S1.);
#12559 = LINE('',#12560,#12561);
#12560 = CARTESIAN_POINT('',(-29.97118525911,-12.93120948412,
    3.204675674438));
#12561 = VECTOR('',#12562,1.);
#12562 = DIRECTION('',(1.224646799147E-16,1.499759782662E-32,-1.));
#12563 = PCURVE('',#560,#12564);
#12564 = DEFINITIONAL_REPRESENTATION('',(#12565),#12569);
#12565 = LINE('',#12566,#12567);
#12566 = CARTESIAN_POINT('',(-3.152693866893E-17,-0.489022294369));
#12567 = VECTOR('',#12568,1.);
#12568 = DIRECTION('',(1.,0.));
#12569 = ( GEOMETRIC_REPRESENTATION_CONTEXT(2) 
PARAMETRIC_REPRESENTATION_CONTEXT() REPRESENTATION_CONTEXT('2D SPACE',''
  ) );
#12570 = PCURVE('',#588,#12571);
#12571 = DEFINITIONAL_REPRESENTATION('',(#12572),#12576);
#12572 = LINE('',#12573,#12574);
#12573 = CARTESIAN_POINT('',(0.,0.));
#12574 = VECTOR('',#12575,1.);
#12575 = DIRECTION('',(-1.,0.));
#12576 = ( GEOMETRIC_REPRESENTATION_CONTEXT(2) 
PARAMETRIC_REPRESENTATION_CONTEXT() REPRESENTATION_CONTEXT('2D SPACE',''
  ) );
#12577 = ORIENTED_EDGE('',*,*,#544,.F.);
#12578 = ORIENTED_EDGE('',*,*,#12530,.F.);
#12579 = ADVANCED_FACE('',(#12580),#588,.T.);
#12580 = FACE_BOUND('',#12581,.T.);
#12581 = EDGE_LOOP('',(#12582,#12583,#12604,#12605));
#12582 = ORIENTED_EDGE('',*,*,#2538,.T.);
#12583 = ORIENTED_EDGE('',*,*,#12584,.T.);
#12584 = EDGE_CURVE('',#2516,#573,#12585,.T.);
#12585 = SURFACE_CURVE('',#12586,(#12590,#12597),.PCURVE_S1.);
#12586 = LINE('',#12587,#12588);
#12587 = CARTESIAN_POINT('',(-30.14784055162,-12.47520987131,
    3.204675674438));
#12588 = VECTOR('',#12589,1.);
#12589 = DIRECTION('',(1.224646799147E-16,1.499759782662E-32,-1.));
#12590 = PCURVE('',#588,#12591);
#12591 = DEFINITIONAL_REPRESENTATION('',(#12592),#12596);
#12592 = LINE('',#12593,#12594);
#12593 = CARTESIAN_POINT('',(2.16340338526E-17,0.48902222777));
#12594 = VECTOR('',#12595,1.);
#12595 = DIRECTION('',(-1.,0.));
#12596 = ( GEOMETRIC_REPRESENTATION_CONTEXT(2) 
PARAMETRIC_REPRESENTATION_CONTEXT() REPRESENTATION_CONTEXT('2D SPACE',''
  ) );
#12597 = PCURVE('',#616,#12598);
#12598 = DEFINITIONAL_REPRESENTATION('',(#12599),#12603);
#12599 = LINE('',#12600,#12601);
#12600 = CARTESIAN_POINT('',(0.,0.));
#12601 = VECTOR('',#12602,1.);
#12602 = DIRECTION('',(-1.,3.08148791102E-33));
#12603 = ( GEOMETRIC_REPRESENTATION_CONTEXT(2) 
PARAMETRIC_REPRESENTATION_CONTEXT() REPRESENTATION_CONTEXT('2D SPACE',''
  ) );
#12604 = ORIENTED_EDGE('',*,*,#572,.F.);
#12605 = ORIENTED_EDGE('',*,*,#12557,.F.);
#12606 = ADVANCED_FACE('',(#12607),#616,.T.);
#12607 = FACE_BOUND('',#12608,.T.);
#12608 = EDGE_LOOP('',(#12609,#12610,#12631,#12632));
#12609 = ORIENTED_EDGE('',*,*,#2515,.T.);
#12610 = ORIENTED_EDGE('',*,*,#12611,.T.);
#12611 = EDGE_CURVE('',#2493,#601,#12612,.T.);
#12612 = SURFACE_CURVE('',#12613,(#12617,#12624),.PCURVE_S1.);
#12613 = LINE('',#12614,#12615);
#12614 = CARTESIAN_POINT('',(-30.2376981299,-11.9945139084,
    3.204675674438));
#12615 = VECTOR('',#12616,1.);
#12616 = DIRECTION('',(1.224646799147E-16,1.499759782662E-32,-1.));
#12617 = PCURVE('',#616,#12618);
#12618 = DEFINITIONAL_REPRESENTATION('',(#12619),#12623);
#12619 = LINE('',#12620,#12621);
#12620 = CARTESIAN_POINT('',(1.100437956168E-17,0.489022487344));
#12621 = VECTOR('',#12622,1.);
#12622 = DIRECTION('',(-1.,3.08148791102E-33));
#12623 = ( GEOMETRIC_REPRESENTATION_CONTEXT(2) 
PARAMETRIC_REPRESENTATION_CONTEXT() REPRESENTATION_CONTEXT('2D SPACE',''
  ) );
#12624 = PCURVE('',#644,#12625);
#12625 = DEFINITIONAL_REPRESENTATION('',(#12626),#12630);
#12626 = LINE('',#12627,#12628);
#12627 = CARTESIAN_POINT('',(0.,0.));
#12628 = VECTOR('',#12629,1.);
#12629 = DIRECTION('',(-1.,0.));
#12630 = ( GEOMETRIC_REPRESENTATION_CONTEXT(2) 
PARAMETRIC_REPRESENTATION_CONTEXT() REPRESENTATION_CONTEXT('2D SPACE',''
  ) );
#12631 = ORIENTED_EDGE('',*,*,#600,.F.);
#12632 = ORIENTED_EDGE('',*,*,#12584,.F.);
#12633 = ADVANCED_FACE('',(#12634),#644,.T.);
#12634 = FACE_BOUND('',#12635,.T.);
#12635 = EDGE_LOOP('',(#12636,#12637,#12658,#12659));
#12636 = ORIENTED_EDGE('',*,*,#2492,.T.);
#12637 = ORIENTED_EDGE('',*,*,#12638,.T.);
#12638 = EDGE_CURVE('',#2470,#629,#12639,.T.);
#12639 = SURFACE_CURVE('',#12640,(#12644,#12651),.PCURVE_S1.);
#12640 = LINE('',#12641,#12642);
#12641 = CARTESIAN_POINT('',(-30.2376981299,-11.50549165346,
    3.204675674438));
#12642 = VECTOR('',#12643,1.);
#12643 = DIRECTION('',(1.224646799147E-16,1.499759782662E-32,-1.));
#12644 = PCURVE('',#644,#12645);
#12645 = DEFINITIONAL_REPRESENTATION('',(#12646),#12650);
#12646 = LINE('',#12647,#12648);
#12647 = CARTESIAN_POINT('',(-7.334159107914E-33,0.489022254944));
#12648 = VECTOR('',#12649,1.);
#12649 = DIRECTION('',(-1.,0.));
#12650 = ( GEOMETRIC_REPRESENTATION_CONTEXT(2) 
PARAMETRIC_REPRESENTATION_CONTEXT() REPRESENTATION_CONTEXT('2D SPACE',''
  ) );
#12651 = PCURVE('',#672,#12652);
#12652 = DEFINITIONAL_REPRESENTATION('',(#12653),#12657);
#12653 = LINE('',#12654,#12655);
#12654 = CARTESIAN_POINT('',(0.,0.));
#12655 = VECTOR('',#12656,1.);
#12656 = DIRECTION('',(-1.,-9.244463733059E-33));
#12657 = ( GEOMETRIC_REPRESENTATION_CONTEXT(2) 
PARAMETRIC_REPRESENTATION_CONTEXT() REPRESENTATION_CONTEXT('2D SPACE',''
  ) );
#12658 = ORIENTED_EDGE('',*,*,#628,.F.);
#12659 = ORIENTED_EDGE('',*,*,#12611,.F.);
#12660 = ADVANCED_FACE('',(#12661),#672,.T.);
#12661 = FACE_BOUND('',#12662,.T.);
#12662 = EDGE_LOOP('',(#12663,#12664,#12685,#12686));
#12663 = ORIENTED_EDGE('',*,*,#2469,.T.);
#12664 = ORIENTED_EDGE('',*,*,#12665,.T.);
#12665 = EDGE_CURVE('',#2447,#657,#12666,.T.);
#12666 = SURFACE_CURVE('',#12667,(#12671,#12678),.PCURVE_S1.);
#12667 = LINE('',#12668,#12669);
#12668 = CARTESIAN_POINT('',(-30.14784055162,-11.02479592897,
    3.204675674438));
#12669 = VECTOR('',#12670,1.);
#12670 = DIRECTION('',(1.224646799147E-16,1.499759782662E-32,-1.));
#12671 = PCURVE('',#672,#12672);
#12672 = DEFINITIONAL_REPRESENTATION('',(#12673),#12677);
#12673 = LINE('',#12674,#12675);
#12674 = CARTESIAN_POINT('',(-1.100437956168E-17,0.489022252985));
#12675 = VECTOR('',#12676,1.);
#12676 = DIRECTION('',(-1.,-9.244463733059E-33));
#12677 = ( GEOMETRIC_REPRESENTATION_CONTEXT(2) 
PARAMETRIC_REPRESENTATION_CONTEXT() REPRESENTATION_CONTEXT('2D SPACE',''
  ) );
#12678 = PCURVE('',#700,#12679);
#12679 = DEFINITIONAL_REPRESENTATION('',(#12680),#12684);
#12680 = LINE('',#12681,#12682);
#12681 = CARTESIAN_POINT('',(0.,0.));
#12682 = VECTOR('',#12683,1.);
#12683 = DIRECTION('',(-1.,-6.162975822039E-33));
#12684 = ( GEOMETRIC_REPRESENTATION_CONTEXT(2) 
PARAMETRIC_REPRESENTATION_CONTEXT() REPRESENTATION_CONTEXT('2D SPACE',''
  ) );
#12685 = ORIENTED_EDGE('',*,*,#656,.F.);
#12686 = ORIENTED_EDGE('',*,*,#12638,.F.);
#12687 = ADVANCED_FACE('',(#12688),#700,.T.);
#12688 = FACE_BOUND('',#12689,.T.);
#12689 = EDGE_LOOP('',(#12690,#12691,#12712,#12713));
#12690 = ORIENTED_EDGE('',*,*,#2446,.T.);
#12691 = ORIENTED_EDGE('',*,*,#12692,.T.);
#12692 = EDGE_CURVE('',#2424,#685,#12693,.T.);
#12693 = SURFACE_CURVE('',#12694,(#12698,#12705),.PCURVE_S1.);
#12694 = LINE('',#12695,#12696);
#12695 = CARTESIAN_POINT('',(-29.97118525911,-10.56879607774,
    3.204675674438));
#12696 = VECTOR('',#12697,1.);
#12697 = DIRECTION('',(1.224646799147E-16,1.499759782662E-32,-1.));
#12698 = PCURVE('',#700,#12699);
#12699 = DEFINITIONAL_REPRESENTATION('',(#12700),#12704);
#12700 = LINE('',#12701,#12702);
#12701 = CARTESIAN_POINT('',(-2.16340338526E-17,0.489022450089));
#12702 = VECTOR('',#12703,1.);
#12703 = DIRECTION('',(-1.,-6.162975822039E-33));
#12704 = ( GEOMETRIC_REPRESENTATION_CONTEXT(2) 
PARAMETRIC_REPRESENTATION_CONTEXT() REPRESENTATION_CONTEXT('2D SPACE',''
  ) );
#12705 = PCURVE('',#728,#12706);
#12706 = DEFINITIONAL_REPRESENTATION('',(#12707),#12711);
#12707 = LINE('',#12708,#12709);
#12708 = CARTESIAN_POINT('',(0.,0.));
#12709 = VECTOR('',#12710,1.);
#12710 = DIRECTION('',(-1.,0.));
#12711 = ( GEOMETRIC_REPRESENTATION_CONTEXT(2) 
PARAMETRIC_REPRESENTATION_CONTEXT() REPRESENTATION_CONTEXT('2D SPACE',''
  ) );
#12712 = ORIENTED_EDGE('',*,*,#684,.F.);
#12713 = ORIENTED_EDGE('',*,*,#12665,.F.);
#12714 = ADVANCED_FACE('',(#12715),#728,.T.);
#12715 = FACE_BOUND('',#12716,.T.);
#12716 = EDGE_LOOP('',(#12717,#12718,#12739,#12740));
#12717 = ORIENTED_EDGE('',*,*,#2423,.T.);
#12718 = ORIENTED_EDGE('',*,*,#12719,.T.);
#12719 = EDGE_CURVE('',#2401,#713,#12720,.T.);
#12720 = SURFACE_CURVE('',#12721,(#12725,#12732),.PCURVE_S1.);
#12721 = LINE('',#12722,#12723);
#12722 = CARTESIAN_POINT('',(-29.71374826837,-10.15302125551,
    3.204675674438));
#12723 = VECTOR('',#12724,1.);
#12724 = DIRECTION('',(1.224646799147E-16,1.499759782662E-32,-1.));
#12725 = PCURVE('',#728,#12726);
#12726 = DEFINITIONAL_REPRESENTATION('',(#12727),#12731);
#12727 = LINE('',#12728,#12729);
#12728 = CARTESIAN_POINT('',(-3.152693866893E-17,0.489021990308));
#12729 = VECTOR('',#12730,1.);
#12730 = DIRECTION('',(-1.,0.));
#12731 = ( GEOMETRIC_REPRESENTATION_CONTEXT(2) 
PARAMETRIC_REPRESENTATION_CONTEXT() REPRESENTATION_CONTEXT('2D SPACE',''
  ) );
#12732 = PCURVE('',#756,#12733);
#12733 = DEFINITIONAL_REPRESENTATION('',(#12734),#12738);
#12734 = LINE('',#12735,#12736);
#12735 = CARTESIAN_POINT('',(0.,0.));
#12736 = VECTOR('',#12737,1.);
#12737 = DIRECTION('',(-1.,0.));
#12738 = ( GEOMETRIC_REPRESENTATION_CONTEXT(2) 
PARAMETRIC_REPRESENTATION_CONTEXT() REPRESENTATION_CONTEXT('2D SPACE',''
  ) );
#12739 = ORIENTED_EDGE('',*,*,#712,.F.);
#12740 = ORIENTED_EDGE('',*,*,#12692,.F.);
#12741 = ADVANCED_FACE('',(#12742),#756,.T.);
#12742 = FACE_BOUND('',#12743,.T.);
#12743 = EDGE_LOOP('',(#12744,#12745,#12766,#12767));
#12744 = ORIENTED_EDGE('',*,*,#2400,.T.);
#12745 = ORIENTED_EDGE('',*,*,#12746,.T.);
#12746 = EDGE_CURVE('',#2378,#741,#12747,.T.);
#12747 = SURFACE_CURVE('',#12748,(#12752,#12759),.PCURVE_S1.);
#12748 = LINE('',#12749,#12750);
#12749 = CARTESIAN_POINT('',(-29.38429599214,-9.791629234334,
    3.204675674438));
#12750 = VECTOR('',#12751,1.);
#12751 = DIRECTION('',(1.224646799147E-16,1.499759782662E-32,-1.));
#12752 = PCURVE('',#756,#12753);
#12753 = DEFINITIONAL_REPRESENTATION('',(#12754),#12758);
#12754 = LINE('',#12755,#12756);
#12755 = CARTESIAN_POINT('',(-4.034626755567E-17,0.489022489549));
#12756 = VECTOR('',#12757,1.);
#12757 = DIRECTION('',(-1.,0.));
#12758 = ( GEOMETRIC_REPRESENTATION_CONTEXT(2) 
PARAMETRIC_REPRESENTATION_CONTEXT() REPRESENTATION_CONTEXT('2D SPACE',''
  ) );
#12759 = PCURVE('',#784,#12760);
#12760 = DEFINITIONAL_REPRESENTATION('',(#12761),#12765);
#12761 = LINE('',#12762,#12763);
#12762 = CARTESIAN_POINT('',(0.,0.));
#12763 = VECTOR('',#12764,1.);
#12764 = DIRECTION('',(-1.,-1.232595164408E-32));
#12765 = ( GEOMETRIC_REPRESENTATION_CONTEXT(2) 
PARAMETRIC_REPRESENTATION_CONTEXT() REPRESENTATION_CONTEXT('2D SPACE',''
  ) );
#12766 = ORIENTED_EDGE('',*,*,#740,.F.);
#12767 = ORIENTED_EDGE('',*,*,#12719,.F.);
#12768 = ADVANCED_FACE('',(#12769),#784,.T.);
#12769 = FACE_BOUND('',#12770,.T.);
#12770 = EDGE_LOOP('',(#12771,#12772,#12793,#12794));
#12771 = ORIENTED_EDGE('',*,*,#2377,.T.);
#12772 = ORIENTED_EDGE('',*,*,#12773,.T.);
#12773 = EDGE_CURVE('',#2355,#769,#12774,.T.);
#12774 = SURFACE_CURVE('',#12775,(#12779,#12786),.PCURVE_S1.);
#12775 = LINE('',#12776,#12777);
#12776 = CARTESIAN_POINT('',(-28.99404793192,-9.496927658101,
    3.204675674438));
#12777 = VECTOR('',#12778,1.);
#12778 = DIRECTION('',(1.224646799147E-16,1.499759782662E-32,-1.));
#12779 = PCURVE('',#784,#12780);
#12780 = DEFINITIONAL_REPRESENTATION('',(#12781),#12785);
#12781 = LINE('',#12782,#12783);
#12782 = CARTESIAN_POINT('',(-4.779160378298E-17,0.489022052207));
#12783 = VECTOR('',#12784,1.);
#12784 = DIRECTION('',(-1.,-1.232595164408E-32));
#12785 = ( GEOMETRIC_REPRESENTATION_CONTEXT(2) 
PARAMETRIC_REPRESENTATION_CONTEXT() REPRESENTATION_CONTEXT('2D SPACE',''
  ) );
#12786 = PCURVE('',#812,#12787);
#12787 = DEFINITIONAL_REPRESENTATION('',(#12788),#12792);
#12788 = LINE('',#12789,#12790);
#12789 = CARTESIAN_POINT('',(0.,0.));
#12790 = VECTOR('',#12791,1.);
#12791 = DIRECTION('',(-1.,0.));
#12792 = ( GEOMETRIC_REPRESENTATION_CONTEXT(2) 
PARAMETRIC_REPRESENTATION_CONTEXT() REPRESENTATION_CONTEXT('2D SPACE',''
  ) );
#12793 = ORIENTED_EDGE('',*,*,#768,.F.);
#12794 = ORIENTED_EDGE('',*,*,#12746,.F.);
#12795 = ADVANCED_FACE('',(#12796),#812,.T.);
#12796 = FACE_BOUND('',#12797,.T.);
#12797 = EDGE_LOOP('',(#12798,#12799,#12820,#12821));
#12798 = ORIENTED_EDGE('',*,*,#2354,.T.);
#12799 = ORIENTED_EDGE('',*,*,#12800,.T.);
#12800 = EDGE_CURVE('',#2332,#797,#12801,.T.);
#12801 = SURFACE_CURVE('',#12802,(#12806,#12813),.PCURVE_S1.);
#12802 = LINE('',#12803,#12804);
#12803 = CARTESIAN_POINT('',(-28.55629306246,-9.278951564809,
    3.204675674438));
#12804 = VECTOR('',#12805,1.);
#12805 = DIRECTION('',(1.224646799147E-16,1.499759782662E-32,-1.));
#12806 = PCURVE('',#812,#12807);
#12807 = DEFINITIONAL_REPRESENTATION('',(#12808),#12812);
#12808 = LINE('',#12809,#12810);
#12809 = CARTESIAN_POINT('',(-5.360950996967E-17,0.489022395176));
#12810 = VECTOR('',#12811,1.);
#12811 = DIRECTION('',(-1.,0.));
#12812 = ( GEOMETRIC_REPRESENTATION_CONTEXT(2) 
PARAMETRIC_REPRESENTATION_CONTEXT() REPRESENTATION_CONTEXT('2D SPACE',''
  ) );
#12813 = PCURVE('',#840,#12814);
#12814 = DEFINITIONAL_REPRESENTATION('',(#12815),#12819);
#12815 = LINE('',#12816,#12817);
#12816 = CARTESIAN_POINT('',(0.,0.));
#12817 = VECTOR('',#12818,1.);
#12818 = DIRECTION('',(-1.,0.));
#12819 = ( GEOMETRIC_REPRESENTATION_CONTEXT(2) 
PARAMETRIC_REPRESENTATION_CONTEXT() REPRESENTATION_CONTEXT('2D SPACE',''
  ) );
#12820 = ORIENTED_EDGE('',*,*,#796,.F.);
#12821 = ORIENTED_EDGE('',*,*,#12773,.F.);
#12822 = ADVANCED_FACE('',(#12823),#840,.T.);
#12823 = FACE_BOUND('',#12824,.T.);
#12824 = EDGE_LOOP('',(#12825,#12826,#12827,#12828));
#12825 = ORIENTED_EDGE('',*,*,#2331,.T.);
#12826 = ORIENTED_EDGE('',*,*,#4697,.T.);
#12827 = ORIENTED_EDGE('',*,*,#824,.F.);
#12828 = ORIENTED_EDGE('',*,*,#12800,.F.);
#12829 = ADVANCED_FACE('',(#12830,#13238),#6324,.T.);
#12830 = FACE_BOUND('',#12831,.T.);
#12831 = EDGE_LOOP('',(#12832,#12833,#12834,#12857,#12880,#12903,#12926,
    #12949,#12972,#12995,#13018,#13041,#13064,#13087,#13110,#13133,
    #13156,#13179,#13202,#13223,#13224,#13225,#13226,#13227,#13228,
    #13229,#13230,#13231,#13232,#13233,#13234,#13235,#13236,#13237));
#12832 = ORIENTED_EDGE('',*,*,#7070,.F.);
#12833 = ORIENTED_EDGE('',*,*,#7119,.T.);
#12834 = ORIENTED_EDGE('',*,*,#12835,.T.);
#12835 = EDGE_CURVE('',#7097,#12836,#12838,.T.);
#12836 = VERTEX_POINT('',#12837);
#12837 = CARTESIAN_POINT('',(29.440705247628,-14.22105423547,
    0.404675602913));
#12838 = SURFACE_CURVE('',#12839,(#12843,#12850),.PCURVE_S1.);
#12839 = LINE('',#12840,#12841);
#12840 = CARTESIAN_POINT('',(29.911061235177,-14.35488156416,
    0.404675602913));
#12841 = VECTOR('',#12842,1.);
#12842 = DIRECTION('',(-0.961825905891,0.273662066711,
    -1.177897016987E-16));
#12843 = PCURVE('',#6324,#12844);
#12844 = DEFINITIONAL_REPRESENTATION('',(#12845),#12849);
#12845 = LINE('',#12846,#12847);
#12846 = CARTESIAN_POINT('',(4.512125253677E-02,-0.486934661865));
#12847 = VECTOR('',#12848,1.);
#12848 = DIRECTION('',(0.273662066711,-0.961825905891));
#12849 = ( GEOMETRIC_REPRESENTATION_CONTEXT(2) 
PARAMETRIC_REPRESENTATION_CONTEXT() REPRESENTATION_CONTEXT('2D SPACE',''
  ) );
#12850 = PCURVE('',#4516,#12851);
#12851 = DEFINITIONAL_REPRESENTATION('',(#12852),#12856);
#12852 = LINE('',#12853,#12854);
#12853 = CARTESIAN_POINT('',(2.800000071525,-3.298111731812E-16));
#12854 = VECTOR('',#12855,1.);
#12855 = DIRECTION('',(5.176899690513E-31,-1.));
#12856 = ( GEOMETRIC_REPRESENTATION_CONTEXT(2) 
PARAMETRIC_REPRESENTATION_CONTEXT() REPRESENTATION_CONTEXT('2D SPACE',''
  ) );
#12857 = ORIENTED_EDGE('',*,*,#12858,.T.);
#12858 = EDGE_CURVE('',#12836,#12859,#12861,.T.);
#12859 = VERTEX_POINT('',#12860);
#12860 = CARTESIAN_POINT('',(29.002953477609,-14.00307826139,
    0.404675602913));
#12861 = SURFACE_CURVE('',#12862,(#12866,#12873),.PCURVE_S1.);
#12862 = LINE('',#12863,#12864);
#12863 = CARTESIAN_POINT('',(29.440705247628,-14.22105423547,
    0.404675602913));
#12864 = VECTOR('',#12865,1.);
#12865 = DIRECTION('',(-0.895162073423,0.445740801705,
    -1.096257367936E-16));
#12866 = PCURVE('',#6324,#12867);
#12867 = DEFINITIONAL_REPRESENTATION('',(#12868),#12872);
#12868 = LINE('',#12869,#12870);
#12869 = CARTESIAN_POINT('',(0.178948581219,-0.957290649414));
#12870 = VECTOR('',#12871,1.);
#12871 = DIRECTION('',(0.445740801705,-0.895162073423));
#12872 = ( GEOMETRIC_REPRESENTATION_CONTEXT(2) 
PARAMETRIC_REPRESENTATION_CONTEXT() REPRESENTATION_CONTEXT('2D SPACE',''
  ) );
#12873 = PCURVE('',#4490,#12874);
#12874 = DEFINITIONAL_REPRESENTATION('',(#12875),#12879);
#12875 = LINE('',#12876,#12877);
#12876 = CARTESIAN_POINT('',(2.800000071525,-3.06952070863E-16));
#12877 = VECTOR('',#12878,1.);
#12878 = DIRECTION('',(1.848892746612E-31,-1.));
#12879 = ( GEOMETRIC_REPRESENTATION_CONTEXT(2) 
PARAMETRIC_REPRESENTATION_CONTEXT() REPRESENTATION_CONTEXT('2D SPACE',''
  ) );
#12880 = ORIENTED_EDGE('',*,*,#12881,.T.);
#12881 = EDGE_CURVE('',#12859,#12882,#12884,.T.);
#12882 = VERTEX_POINT('',#12883);
#12883 = CARTESIAN_POINT('',(28.612702317941,-13.70837644674,
    0.404675602913));
#12884 = SURFACE_CURVE('',#12885,(#12889,#12896),.PCURVE_S1.);
#12885 = LINE('',#12886,#12887);
#12886 = CARTESIAN_POINT('',(29.002953477609,-14.00307826139,
    0.404675602913));
#12887 = VECTOR('',#12888,1.);
#12888 = DIRECTION('',(-0.798019372374,0.602631795805,
    -9.772918700358E-17));
#12889 = PCURVE('',#6324,#12890);
#12890 = DEFINITIONAL_REPRESENTATION('',(#12891),#12895);
#12891 = LINE('',#12892,#12893);
#12892 = CARTESIAN_POINT('',(0.396924555302,-1.395042419434));
#12893 = VECTOR('',#12894,1.);
#12894 = DIRECTION('',(0.602631795805,-0.798019372374));
#12895 = ( GEOMETRIC_REPRESENTATION_CONTEXT(2) 
PARAMETRIC_REPRESENTATION_CONTEXT() REPRESENTATION_CONTEXT('2D SPACE',''
  ) );
#12896 = PCURVE('',#4462,#12897);
#12897 = DEFINITIONAL_REPRESENTATION('',(#12898),#12902);
#12898 = LINE('',#12899,#12900);
#12899 = CARTESIAN_POINT('',(2.800000071525,-2.736417306001E-16));
#12900 = VECTOR('',#12901,1.);
#12901 = DIRECTION('',(3.08148791102E-31,-1.));
#12902 = ( GEOMETRIC_REPRESENTATION_CONTEXT(2) 
PARAMETRIC_REPRESENTATION_CONTEXT() REPRESENTATION_CONTEXT('2D SPACE',''
  ) );
#12903 = ORIENTED_EDGE('',*,*,#12904,.T.);
#12904 = EDGE_CURVE('',#12882,#12905,#12907,.T.);
#12905 = VERTEX_POINT('',#12906);
#12906 = CARTESIAN_POINT('',(28.283253617989,-13.34698466398,
    0.404675602913));
#12907 = SURFACE_CURVE('',#12908,(#12912,#12919),.PCURVE_S1.);
#12908 = LINE('',#12909,#12910);
#12909 = CARTESIAN_POINT('',(28.612702317941,-13.70837644674,
    0.404675602913));
#12910 = VECTOR('',#12911,1.);
#12911 = DIRECTION('',(-0.673691801152,0.739012420099,
    -8.250345078923E-17));
#12912 = PCURVE('',#6324,#12913);
#12913 = DEFINITIONAL_REPRESENTATION('',(#12914),#12918);
#12914 = LINE('',#12915,#12916);
#12915 = CARTESIAN_POINT('',(0.691626369953,-1.785293579102));
#12916 = VECTOR('',#12917,1.);
#12917 = DIRECTION('',(0.739012420099,-0.673691801152));
#12918 = ( GEOMETRIC_REPRESENTATION_CONTEXT(2) 
PARAMETRIC_REPRESENTATION_CONTEXT() REPRESENTATION_CONTEXT('2D SPACE',''
  ) );
#12919 = PCURVE('',#4434,#12920);
#12920 = DEFINITIONAL_REPRESENTATION('',(#12921),#12925);
#12921 = LINE('',#12922,#12923);
#12922 = CARTESIAN_POINT('',(2.800000071525,-2.31009668111E-16));
#12923 = VECTOR('',#12924,1.);
#12924 = DIRECTION('',(1.60237371373E-31,-1.));
#12925 = ( GEOMETRIC_REPRESENTATION_CONTEXT(2) 
PARAMETRIC_REPRESENTATION_CONTEXT() REPRESENTATION_CONTEXT('2D SPACE',''
  ) );
#12926 = ORIENTED_EDGE('',*,*,#12927,.T.);
#12927 = EDGE_CURVE('',#12905,#12928,#12930,.T.);
#12928 = VERTEX_POINT('',#12929);
#12929 = CARTESIAN_POINT('',(28.025814958321,-12.93120948412,
    0.404675602913));
#12930 = SURFACE_CURVE('',#12931,(#12935,#12942),.PCURVE_S1.);
#12931 = LINE('',#12932,#12933);
#12932 = CARTESIAN_POINT('',(28.283253617989,-13.34698466398,
    0.404675602913));
#12933 = VECTOR('',#12934,1.);
#12934 = DIRECTION('',(-0.526434479812,0.85021570114,-6.446963006631E-17
    ));
#12935 = PCURVE('',#6324,#12936);
#12936 = DEFINITIONAL_REPRESENTATION('',(#12937),#12941);
#12937 = LINE('',#12938,#12939);
#12938 = CARTESIAN_POINT('',(1.053018152714,-2.114742279053));
#12939 = VECTOR('',#12940,1.);
#12940 = DIRECTION('',(0.85021570114,-0.526434479812));
#12941 = ( GEOMETRIC_REPRESENTATION_CONTEXT(2) 
PARAMETRIC_REPRESENTATION_CONTEXT() REPRESENTATION_CONTEXT('2D SPACE',''
  ) );
#12942 = PCURVE('',#4406,#12943);
#12943 = DEFINITIONAL_REPRESENTATION('',(#12944),#12948);
#12944 = LINE('',#12945,#12946);
#12945 = CARTESIAN_POINT('',(2.800000071525,-1.805149687969E-16));
#12946 = VECTOR('',#12947,1.);
#12947 = DIRECTION('',(1.109335647967E-31,-1.));
#12948 = ( GEOMETRIC_REPRESENTATION_CONTEXT(2) 
PARAMETRIC_REPRESENTATION_CONTEXT() REPRESENTATION_CONTEXT('2D SPACE',''
  ) );
#12949 = ORIENTED_EDGE('',*,*,#12950,.T.);
#12950 = EDGE_CURVE('',#12928,#12951,#12953,.T.);
#12951 = VERTEX_POINT('',#12952);
#12952 = CARTESIAN_POINT('',(27.849160142648,-12.47520987131,
    0.404675602913));
#12953 = SURFACE_CURVE('',#12954,(#12958,#12965),.PCURVE_S1.);
#12954 = LINE('',#12955,#12956);
#12955 = CARTESIAN_POINT('',(28.025814958321,-12.93120948412,
    0.404675602913));
#12956 = VECTOR('',#12957,1.);
#12957 = DIRECTION('',(-0.361240998603,0.932472488028,-4.4239263266E-17)
  );
#12958 = PCURVE('',#6324,#12959);
#12959 = DEFINITIONAL_REPRESENTATION('',(#12960),#12964);
#12960 = LINE('',#12961,#12962);
#12961 = CARTESIAN_POINT('',(1.468793332577,-2.372180938721));
#12962 = VECTOR('',#12963,1.);
#12963 = DIRECTION('',(0.932472488028,-0.361240998603));
#12964 = ( GEOMETRIC_REPRESENTATION_CONTEXT(2) 
PARAMETRIC_REPRESENTATION_CONTEXT() REPRESENTATION_CONTEXT('2D SPACE',''
  ) );
#12965 = PCURVE('',#4378,#12966);
#12966 = DEFINITIONAL_REPRESENTATION('',(#12967),#12971);
#12967 = LINE('',#12968,#12969);
#12968 = CARTESIAN_POINT('',(-2.800000071525,1.23869940309E-16));
#12969 = VECTOR('',#12970,1.);
#12970 = DIRECTION('',(-1.294224922628E-31,1.));
#12971 = ( GEOMETRIC_REPRESENTATION_CONTEXT(2) 
PARAMETRIC_REPRESENTATION_CONTEXT() REPRESENTATION_CONTEXT('2D SPACE',''
  ) );
#12972 = ORIENTED_EDGE('',*,*,#12973,.T.);
#12973 = EDGE_CURVE('',#12951,#12974,#12976,.T.);
#12974 = VERTEX_POINT('',#12975);
#12975 = CARTESIAN_POINT('',(27.759301133859,-11.9945139084,
    0.404675602913));
#12976 = SURFACE_CURVE('',#12977,(#12981,#12988),.PCURVE_S1.);
#12977 = LINE('',#12978,#12979);
#12978 = CARTESIAN_POINT('',(27.849160142648,-12.47520987131,
    0.404675602913));
#12979 = VECTOR('',#12980,1.);
#12980 = DIRECTION('',(-0.183752205295,0.982972597303,
    -2.250315500511E-17));
#12981 = PCURVE('',#6324,#12982);
#12982 = DEFINITIONAL_REPRESENTATION('',(#12983),#12987);
#12983 = LINE('',#12984,#12985);
#12984 = CARTESIAN_POINT('',(1.924792945385,-2.548835754395));
#12985 = VECTOR('',#12986,1.);
#12986 = DIRECTION('',(0.982972597303,-0.183752205295));
#12987 = ( GEOMETRIC_REPRESENTATION_CONTEXT(2) 
PARAMETRIC_REPRESENTATION_CONTEXT() REPRESENTATION_CONTEXT('2D SPACE',''
  ) );
#12988 = PCURVE('',#4350,#12989);
#12989 = DEFINITIONAL_REPRESENTATION('',(#12990),#12994);
#12990 = LINE('',#12991,#12992);
#12991 = CARTESIAN_POINT('',(-2.800000071525,6.300883562386E-17));
#12992 = VECTOR('',#12993,1.);
#12993 = DIRECTION('',(-5.238529448733E-32,1.));
#12994 = ( GEOMETRIC_REPRESENTATION_CONTEXT(2) 
PARAMETRIC_REPRESENTATION_CONTEXT() REPRESENTATION_CONTEXT('2D SPACE',''
  ) );
#12995 = ORIENTED_EDGE('',*,*,#12996,.T.);
#12996 = EDGE_CURVE('',#12974,#12997,#12999,.T.);
#12997 = VERTEX_POINT('',#12998);
#12998 = CARTESIAN_POINT('',(27.759301133859,-11.50549165346,
    0.404675602913));
#12999 = SURFACE_CURVE('',#13000,(#13004,#13011),.PCURVE_S1.);
#13000 = LINE('',#13001,#13002);
#13001 = CARTESIAN_POINT('',(27.759301133859,-11.9945139084,
    0.404675602913));
#13002 = VECTOR('',#13003,1.);
#13003 = DIRECTION('',(9.95799250103E-17,1.,1.54074395551E-32));
#13004 = PCURVE('',#6324,#13005);
#13005 = DEFINITIONAL_REPRESENTATION('',(#13006),#13010);
#13006 = LINE('',#13007,#13008);
#13007 = CARTESIAN_POINT('',(2.405488908291,-2.638694763184));
#13008 = VECTOR('',#13009,1.);
#13009 = DIRECTION('',(1.,3.330135684236E-48));
#13010 = ( GEOMETRIC_REPRESENTATION_CONTEXT(2) 
PARAMETRIC_REPRESENTATION_CONTEXT() REPRESENTATION_CONTEXT('2D SPACE',''
  ) );
#13011 = PCURVE('',#4322,#13012);
#13012 = DEFINITIONAL_REPRESENTATION('',(#13013),#13017);
#13013 = LINE('',#13014,#13015);
#13014 = CARTESIAN_POINT('',(-2.800000071525,-7.613934205799E-32));
#13015 = VECTOR('',#13016,1.);
#13016 = DIRECTION('',(-1.178518191384E-32,1.));
#13017 = ( GEOMETRIC_REPRESENTATION_CONTEXT(2) 
PARAMETRIC_REPRESENTATION_CONTEXT() REPRESENTATION_CONTEXT('2D SPACE',''
  ) );
#13018 = ORIENTED_EDGE('',*,*,#13019,.T.);
#13019 = EDGE_CURVE('',#12997,#13020,#13022,.T.);
#13020 = VERTEX_POINT('',#13021);
#13021 = CARTESIAN_POINT('',(27.849160142648,-11.02479592897,
    0.404675602913));
#13022 = SURFACE_CURVE('',#13023,(#13027,#13034),.PCURVE_S1.);
#13023 = LINE('',#13024,#13025);
#13024 = CARTESIAN_POINT('',(27.759301133859,-11.50549165346,
    0.404675602913));
#13025 = VECTOR('',#13026,1.);
#13026 = DIRECTION('',(0.183752293357,0.982972580841,2.250316578951E-17)
  );
#13027 = PCURVE('',#6324,#13028);
#13028 = DEFINITIONAL_REPRESENTATION('',(#13029),#13033);
#13029 = LINE('',#13030,#13031);
#13030 = CARTESIAN_POINT('',(2.894511163235,-2.638694763184));
#13031 = VECTOR('',#13032,1.);
#13032 = DIRECTION('',(0.982972580841,0.183752293357));
#13033 = ( GEOMETRIC_REPRESENTATION_CONTEXT(2) 
PARAMETRIC_REPRESENTATION_CONTEXT() REPRESENTATION_CONTEXT('2D SPACE',''
  ) );
#13034 = PCURVE('',#4294,#13035);
#13035 = DEFINITIONAL_REPRESENTATION('',(#13036),#13040);
#13036 = LINE('',#13037,#13038);
#13037 = CARTESIAN_POINT('',(-2.800000071525,-6.300886582018E-17));
#13038 = VECTOR('',#13039,1.);
#13039 = DIRECTION('',(-2.465190328816E-32,1.));
#13040 = ( GEOMETRIC_REPRESENTATION_CONTEXT(2) 
PARAMETRIC_REPRESENTATION_CONTEXT() REPRESENTATION_CONTEXT('2D SPACE',''
  ) );
#13041 = ORIENTED_EDGE('',*,*,#13042,.T.);
#13042 = EDGE_CURVE('',#13020,#13043,#13045,.T.);
#13043 = VERTEX_POINT('',#13044);
#13044 = CARTESIAN_POINT('',(28.025814958321,-10.56879607774,
    0.404675602913));
#13045 = SURFACE_CURVE('',#13046,(#13050,#13057),.PCURVE_S1.);
#13046 = LINE('',#13047,#13048);
#13047 = CARTESIAN_POINT('',(27.849160142648,-11.02479592897,
    0.404675602913));
#13048 = VECTOR('',#13049,1.);
#13049 = DIRECTION('',(0.361240834376,0.932472551649,4.423924315399E-17)
  );
#13050 = PCURVE('',#6324,#13051);
#13051 = DEFINITIONAL_REPRESENTATION('',(#13052),#13056);
#13052 = LINE('',#13053,#13054);
#13053 = CARTESIAN_POINT('',(3.375206887722,-2.548835754395));
#13054 = VECTOR('',#13055,1.);
#13055 = DIRECTION('',(0.932472551649,0.361240834376));
#13056 = ( GEOMETRIC_REPRESENTATION_CONTEXT(2) 
PARAMETRIC_REPRESENTATION_CONTEXT() REPRESENTATION_CONTEXT('2D SPACE',''
  ) );
#13057 = PCURVE('',#4266,#13058);
#13058 = DEFINITIONAL_REPRESENTATION('',(#13059),#13063);
#13059 = LINE('',#13060,#13061);
#13060 = CARTESIAN_POINT('',(-2.800000071525,-1.238698839954E-16));
#13061 = VECTOR('',#13062,1.);
#13062 = DIRECTION('',(1.170965406187E-31,1.));
#13063 = ( GEOMETRIC_REPRESENTATION_CONTEXT(2) 
PARAMETRIC_REPRESENTATION_CONTEXT() REPRESENTATION_CONTEXT('2D SPACE',''
  ) );
#13064 = ORIENTED_EDGE('',*,*,#13065,.T.);
#13065 = EDGE_CURVE('',#13043,#13066,#13068,.T.);
#13066 = VERTEX_POINT('',#13067);
#13067 = CARTESIAN_POINT('',(28.283253617989,-10.15302125551,
    0.404675602913));
#13068 = SURFACE_CURVE('',#13069,(#13073,#13080),.PCURVE_S1.);
#13069 = LINE('',#13070,#13071);
#13070 = CARTESIAN_POINT('',(28.025814958321,-10.56879607774,
    0.404675602913));
#13071 = VECTOR('',#13072,1.);
#13072 = DIRECTION('',(0.526434807135,0.850215498469,6.446967015173E-17)
  );
#13073 = PCURVE('',#6324,#13074);
#13074 = DEFINITIONAL_REPRESENTATION('',(#13075),#13079);
#13075 = LINE('',#13076,#13077);
#13076 = CARTESIAN_POINT('',(3.831206738949,-2.372180938721));
#13077 = VECTOR('',#13078,1.);
#13078 = DIRECTION('',(0.850215498469,0.526434807135));
#13079 = ( GEOMETRIC_REPRESENTATION_CONTEXT(2) 
PARAMETRIC_REPRESENTATION_CONTEXT() REPRESENTATION_CONTEXT('2D SPACE',''
  ) );
#13080 = PCURVE('',#4238,#13081);
#13081 = DEFINITIONAL_REPRESENTATION('',(#13082),#13086);
#13082 = LINE('',#13083,#13084);
#13083 = CARTESIAN_POINT('',(-2.800000071525,-1.805150810361E-16));
#13084 = VECTOR('',#13085,1.);
#13085 = DIRECTION('',(1.972152263053E-31,1.));
#13086 = ( GEOMETRIC_REPRESENTATION_CONTEXT(2) 
PARAMETRIC_REPRESENTATION_CONTEXT() REPRESENTATION_CONTEXT('2D SPACE',''
  ) );
#13087 = ORIENTED_EDGE('',*,*,#13088,.T.);
#13088 = EDGE_CURVE('',#13066,#13089,#13091,.T.);
#13089 = VERTEX_POINT('',#13090);
#13090 = CARTESIAN_POINT('',(28.612702317941,-9.791629234334,
    0.404675602913));
#13091 = SURFACE_CURVE('',#13092,(#13096,#13103),.PCURVE_S1.);
#13092 = LINE('',#13093,#13094);
#13093 = CARTESIAN_POINT('',(28.283253617989,-10.15302125551,
    0.404675602913));
#13094 = VECTOR('',#13095,1.);
#13095 = DIRECTION('',(0.67369155842,0.739012641376,8.250342106318E-17)
  );
#13096 = PCURVE('',#6324,#13097);
#13097 = DEFINITIONAL_REPRESENTATION('',(#13098),#13102);
#13098 = LINE('',#13099,#13100);
#13099 = CARTESIAN_POINT('',(4.246981561184,-2.114742279053));
#13100 = VECTOR('',#13101,1.);
#13101 = DIRECTION('',(0.739012641376,0.67369155842));
#13102 = ( GEOMETRIC_REPRESENTATION_CONTEXT(2) 
PARAMETRIC_REPRESENTATION_CONTEXT() REPRESENTATION_CONTEXT('2D SPACE',''
  ) );
#13103 = PCURVE('',#4210,#13104);
#13104 = DEFINITIONAL_REPRESENTATION('',(#13105),#13109);
#13105 = LINE('',#13106,#13107);
#13106 = CARTESIAN_POINT('',(-2.800000071525,-2.31009584878E-16));
#13107 = VECTOR('',#13108,1.);
#13108 = DIRECTION('',(1.848892746612E-31,1.));
#13109 = ( GEOMETRIC_REPRESENTATION_CONTEXT(2) 
PARAMETRIC_REPRESENTATION_CONTEXT() REPRESENTATION_CONTEXT('2D SPACE',''
  ) );
#13110 = ORIENTED_EDGE('',*,*,#13111,.T.);
#13111 = EDGE_CURVE('',#13089,#13112,#13114,.T.);
#13112 = VERTEX_POINT('',#13113);
#13113 = CARTESIAN_POINT('',(29.002953477609,-9.496927658101,
    0.404675602913));
#13114 = SURFACE_CURVE('',#13115,(#13119,#13126),.PCURVE_S1.);
#13115 = LINE('',#13116,#13117);
#13116 = CARTESIAN_POINT('',(28.612702317941,-9.791629234334,
    0.404675602913));
#13117 = VECTOR('',#13118,1.);
#13118 = DIRECTION('',(0.798019606838,0.602631485323,9.772921571705E-17)
  );
#13119 = PCURVE('',#6324,#13120);
#13120 = DEFINITIONAL_REPRESENTATION('',(#13121),#13125);
#13121 = LINE('',#13122,#13123);
#13122 = CARTESIAN_POINT('',(4.608373582363,-1.785293579102));
#13123 = VECTOR('',#13124,1.);
#13124 = DIRECTION('',(0.602631485323,0.798019606838));
#13125 = ( GEOMETRIC_REPRESENTATION_CONTEXT(2) 
PARAMETRIC_REPRESENTATION_CONTEXT() REPRESENTATION_CONTEXT('2D SPACE',''
  ) );
#13126 = PCURVE('',#4182,#13127);
#13127 = DEFINITIONAL_REPRESENTATION('',(#13128),#13132);
#13128 = LINE('',#13129,#13130);
#13129 = CARTESIAN_POINT('',(-2.800000071525,-2.736418109979E-16));
#13130 = VECTOR('',#13131,1.);
#13131 = DIRECTION('',(3.697785493223E-31,1.));
#13132 = ( GEOMETRIC_REPRESENTATION_CONTEXT(2) 
PARAMETRIC_REPRESENTATION_CONTEXT() REPRESENTATION_CONTEXT('2D SPACE',''
  ) );
#13133 = ORIENTED_EDGE('',*,*,#13134,.T.);
#13134 = EDGE_CURVE('',#13112,#13135,#13137,.T.);
#13135 = VERTEX_POINT('',#13136);
#13136 = CARTESIAN_POINT('',(29.440705247628,-9.278951564809,
    0.404675602913));
#13137 = SURFACE_CURVE('',#13138,(#13142,#13149),.PCURVE_S1.);
#13138 = LINE('',#13139,#13140);
#13139 = CARTESIAN_POINT('',(29.002953477609,-9.496927658101,
    0.404675602913));
#13140 = VECTOR('',#13141,1.);
#13141 = DIRECTION('',(0.895161976155,0.445740997044,1.096257248817E-16)
  );
#13142 = PCURVE('',#6324,#13143);
#13143 = DEFINITIONAL_REPRESENTATION('',(#13144),#13148);
#13144 = LINE('',#13145,#13146);
#13145 = CARTESIAN_POINT('',(4.903075158596,-1.395042419434));
#13146 = VECTOR('',#13147,1.);
#13147 = DIRECTION('',(0.445740997044,0.895161976155));
#13148 = ( GEOMETRIC_REPRESENTATION_CONTEXT(2) 
PARAMETRIC_REPRESENTATION_CONTEXT() REPRESENTATION_CONTEXT('2D SPACE',''
  ) );
#13149 = PCURVE('',#4154,#13150);
#13150 = DEFINITIONAL_REPRESENTATION('',(#13151),#13155);
#13151 = LINE('',#13152,#13153);
#13152 = CARTESIAN_POINT('',(-2.800000071525,-3.069520375098E-16));
#13153 = VECTOR('',#13154,1.);
#13154 = DIRECTION('',(4.190823558987E-31,1.));
#13155 = ( GEOMETRIC_REPRESENTATION_CONTEXT(2) 
PARAMETRIC_REPRESENTATION_CONTEXT() REPRESENTATION_CONTEXT('2D SPACE',''
  ) );
#13156 = ORIENTED_EDGE('',*,*,#13157,.T.);
#13157 = EDGE_CURVE('',#13135,#13158,#13160,.T.);
#13158 = VERTEX_POINT('',#13159);
#13159 = CARTESIAN_POINT('',(29.911061235177,-9.145124355337,
    0.404675602913));
#13160 = SURFACE_CURVE('',#13161,(#13165,#13172),.PCURVE_S1.);
#13161 = LINE('',#13162,#13163);
#13162 = CARTESIAN_POINT('',(29.440705247628,-9.278951564809,
    0.404675602913));
#13163 = VECTOR('',#13164,1.);
#13164 = DIRECTION('',(0.961825970055,0.273661841197,1.177897095565E-16)
  );
#13165 = PCURVE('',#6324,#13166);
#13166 = DEFINITIONAL_REPRESENTATION('',(#13167),#13171);
#13167 = LINE('',#13168,#13169);
#13168 = CARTESIAN_POINT('',(5.121051251888,-0.957290649414));
#13169 = VECTOR('',#13170,1.);
#13170 = DIRECTION('',(0.273661841197,0.961825970055));
#13171 = ( GEOMETRIC_REPRESENTATION_CONTEXT(2) 
PARAMETRIC_REPRESENTATION_CONTEXT() REPRESENTATION_CONTEXT('2D SPACE',''
  ) );
#13172 = PCURVE('',#4126,#13173);
#13173 = DEFINITIONAL_REPRESENTATION('',(#13174),#13178);
#13174 = LINE('',#13175,#13176);
#13175 = CARTESIAN_POINT('',(-2.800000071525,-3.298111951831E-16));
#13176 = VECTOR('',#13177,1.);
#13177 = DIRECTION('',(-1.232595164408E-31,1.));
#13178 = ( GEOMETRIC_REPRESENTATION_CONTEXT(2) 
PARAMETRIC_REPRESENTATION_CONTEXT() REPRESENTATION_CONTEXT('2D SPACE',''
  ) );
#13179 = ORIENTED_EDGE('',*,*,#13180,.T.);
#13180 = EDGE_CURVE('',#13158,#13181,#13183,.T.);
#13181 = VERTEX_POINT('',#13182);
#13182 = CARTESIAN_POINT('',(30.397995897042,-9.100002685567,
    0.404675602913));
#13183 = SURFACE_CURVE('',#13184,(#13188,#13195),.PCURVE_S1.);
#13184 = LINE('',#13185,#13186);
#13185 = CARTESIAN_POINT('',(29.911061235177,-9.145124355337,
    0.404675602913));
#13186 = VECTOR('',#13187,1.);
#13187 = DIRECTION('',(0.995734076999,9.226943103263E-02,
    1.219422550199E-16));
#13188 = PCURVE('',#6324,#13189);
#13189 = DEFINITIONAL_REPRESENTATION('',(#13190),#13194);
#13190 = LINE('',#13191,#13192);
#13191 = CARTESIAN_POINT('',(5.254878461361,-0.486934661865));
#13192 = VECTOR('',#13193,1.);
#13193 = DIRECTION('',(9.226943103263E-02,0.995734076999));
#13194 = ( GEOMETRIC_REPRESENTATION_CONTEXT(2) 
PARAMETRIC_REPRESENTATION_CONTEXT() REPRESENTATION_CONTEXT('2D SPACE',''
  ) );
#13195 = PCURVE('',#4098,#13196);
#13196 = DEFINITIONAL_REPRESENTATION('',(#13197),#13201);
#13197 = LINE('',#13198,#13199);
#13198 = CARTESIAN_POINT('',(-2.800000071525,-3.414383227776E-16));
#13199 = VECTOR('',#13200,1.);
#13200 = DIRECTION('',(6.409494854921E-31,1.));
#13201 = ( GEOMETRIC_REPRESENTATION_CONTEXT(2) 
PARAMETRIC_REPRESENTATION_CONTEXT() REPRESENTATION_CONTEXT('2D SPACE',''
  ) );
#13202 = ORIENTED_EDGE('',*,*,#13203,.F.);
#13203 = EDGE_CURVE('',#6309,#13181,#13204,.T.);
#13204 = SURFACE_CURVE('',#13205,(#13209,#13216),.PCURVE_S1.);
#13205 = LINE('',#13206,#13207);
#13206 = CARTESIAN_POINT('',(30.884934373605,-9.145124355337,
    0.404675602913));
#13207 = VECTOR('',#13208,1.);
#13208 = DIRECTION('',(-0.99573414341,9.226871434384E-02,
    -1.219422631529E-16));
#13209 = PCURVE('',#6324,#13210);
#13210 = DEFINITIONAL_REPRESENTATION('',(#13211),#13215);
#13211 = LINE('',#13212,#13213);
#13212 = CARTESIAN_POINT('',(5.254878461361,0.486938476562));
#13213 = VECTOR('',#13214,1.);
#13214 = DIRECTION('',(9.226871434384E-02,-0.99573414341));
#13215 = ( GEOMETRIC_REPRESENTATION_CONTEXT(2) 
PARAMETRIC_REPRESENTATION_CONTEXT() REPRESENTATION_CONTEXT('2D SPACE',''
  ) );
#13216 = PCURVE('',#4070,#13217);
#13217 = DEFINITIONAL_REPRESENTATION('',(#13218),#13222);
#13218 = LINE('',#13219,#13220);
#13219 = CARTESIAN_POINT('',(-2.800000071525,0.489024585312));
#13220 = VECTOR('',#13221,1.);
#13221 = DIRECTION('',(9.860761315263E-32,-1.));
#13222 = ( GEOMETRIC_REPRESENTATION_CONTEXT(2) 
PARAMETRIC_REPRESENTATION_CONTEXT() REPRESENTATION_CONTEXT('2D SPACE',''
  ) );
#13223 = ORIENTED_EDGE('',*,*,#6308,.F.);
#13224 = ORIENTED_EDGE('',*,*,#6384,.F.);
#13225 = ORIENTED_EDGE('',*,*,#6433,.F.);
#13226 = ORIENTED_EDGE('',*,*,#6482,.F.);
#13227 = ORIENTED_EDGE('',*,*,#6531,.F.);
#13228 = ORIENTED_EDGE('',*,*,#6580,.F.);
#13229 = ORIENTED_EDGE('',*,*,#6629,.F.);
#13230 = ORIENTED_EDGE('',*,*,#6678,.F.);
#13231 = ORIENTED_EDGE('',*,*,#6727,.F.);
#13232 = ORIENTED_EDGE('',*,*,#6776,.F.);
#13233 = ORIENTED_EDGE('',*,*,#6825,.F.);
#13234 = ORIENTED_EDGE('',*,*,#6874,.F.);
#13235 = ORIENTED_EDGE('',*,*,#6923,.F.);
#13236 = ORIENTED_EDGE('',*,*,#6972,.F.);
#13237 = ORIENTED_EDGE('',*,*,#7021,.F.);
#13238 = FACE_BOUND('',#13239,.T.);
#13239 = EDGE_LOOP('',(#13240));
#13240 = ORIENTED_EDGE('',*,*,#7319,.T.);
#13241 = ADVANCED_FACE('',(#13242),#4516,.T.);
#13242 = FACE_BOUND('',#13243,.T.);
#13243 = EDGE_LOOP('',(#13244,#13245,#13266,#13267));
#13244 = ORIENTED_EDGE('',*,*,#4502,.T.);
#13245 = ORIENTED_EDGE('',*,*,#13246,.T.);
#13246 = EDGE_CURVE('',#4475,#12836,#13247,.T.);
#13247 = SURFACE_CURVE('',#13248,(#13252,#13259),.PCURVE_S1.);
#13248 = LINE('',#13249,#13250);
#13249 = CARTESIAN_POINT('',(29.440705247628,-14.22105423547,
    3.204675674438));
#13250 = VECTOR('',#13251,1.);
#13251 = DIRECTION('',(1.224646799147E-16,1.499759782662E-32,-1.));
#13252 = PCURVE('',#4516,#13253);
#13253 = DEFINITIONAL_REPRESENTATION('',(#13254),#13258);
#13254 = LINE('',#13255,#13256);
#13255 = CARTESIAN_POINT('',(-5.760199546114E-17,-0.489024037165));
#13256 = VECTOR('',#13257,1.);
#13257 = DIRECTION('',(1.,2.465190328816E-32));
#13258 = ( GEOMETRIC_REPRESENTATION_CONTEXT(2) 
PARAMETRIC_REPRESENTATION_CONTEXT() REPRESENTATION_CONTEXT('2D SPACE',''
  ) );
#13259 = PCURVE('',#4490,#13260);
#13260 = DEFINITIONAL_REPRESENTATION('',(#13261),#13265);
#13261 = LINE('',#13262,#13263);
#13262 = CARTESIAN_POINT('',(0.,0.));
#13263 = VECTOR('',#13264,1.);
#13264 = DIRECTION('',(1.,0.));
#13265 = ( GEOMETRIC_REPRESENTATION_CONTEXT(2) 
PARAMETRIC_REPRESENTATION_CONTEXT() REPRESENTATION_CONTEXT('2D SPACE',''
  ) );
#13266 = ORIENTED_EDGE('',*,*,#12835,.F.);
#13267 = ORIENTED_EDGE('',*,*,#7096,.T.);
#13268 = ADVANCED_FACE('',(#13269),#4490,.T.);
#13269 = FACE_BOUND('',#13270,.T.);
#13270 = EDGE_LOOP('',(#13271,#13272,#13293,#13294));
#13271 = ORIENTED_EDGE('',*,*,#4474,.T.);
#13272 = ORIENTED_EDGE('',*,*,#13273,.T.);
#13273 = EDGE_CURVE('',#4447,#12859,#13274,.T.);
#13274 = SURFACE_CURVE('',#13275,(#13279,#13286),.PCURVE_S1.);
#13275 = LINE('',#13276,#13277);
#13276 = CARTESIAN_POINT('',(29.002953477609,-14.00307826139,
    3.204675674438));
#13277 = VECTOR('',#13278,1.);
#13278 = DIRECTION('',(1.224646799147E-16,1.499759782662E-32,-1.));
#13279 = PCURVE('',#4490,#13280);
#13280 = DEFINITIONAL_REPRESENTATION('',(#13281),#13285);
#13281 = LINE('',#13282,#13283);
#13282 = CARTESIAN_POINT('',(-5.360913039756E-17,-0.489019567536));
#13283 = VECTOR('',#13284,1.);
#13284 = DIRECTION('',(1.,0.));
#13285 = ( GEOMETRIC_REPRESENTATION_CONTEXT(2) 
PARAMETRIC_REPRESENTATION_CONTEXT() REPRESENTATION_CONTEXT('2D SPACE',''
  ) );
#13286 = PCURVE('',#4462,#13287);
#13287 = DEFINITIONAL_REPRESENTATION('',(#13288),#13292);
#13288 = LINE('',#13289,#13290);
#13289 = CARTESIAN_POINT('',(0.,0.));
#13290 = VECTOR('',#13291,1.);
#13291 = DIRECTION('',(1.,0.));
#13292 = ( GEOMETRIC_REPRESENTATION_CONTEXT(2) 
PARAMETRIC_REPRESENTATION_CONTEXT() REPRESENTATION_CONTEXT('2D SPACE',''
  ) );
#13293 = ORIENTED_EDGE('',*,*,#12858,.F.);
#13294 = ORIENTED_EDGE('',*,*,#13246,.F.);
#13295 = ADVANCED_FACE('',(#13296),#4462,.T.);
#13296 = FACE_BOUND('',#13297,.T.);
#13297 = EDGE_LOOP('',(#13298,#13299,#13320,#13321));
#13298 = ORIENTED_EDGE('',*,*,#4446,.T.);
#13299 = ORIENTED_EDGE('',*,*,#13300,.T.);
#13300 = EDGE_CURVE('',#4419,#12882,#13301,.T.);
#13301 = SURFACE_CURVE('',#13302,(#13306,#13313),.PCURVE_S1.);
#13302 = LINE('',#13303,#13304);
#13303 = CARTESIAN_POINT('',(28.612702317941,-13.70837644674,
    3.204675674438));
#13304 = VECTOR('',#13305,1.);
#13305 = DIRECTION('',(1.224646799147E-16,1.499759782662E-32,-1.));
#13306 = PCURVE('',#4462,#13307);
#13307 = DEFINITIONAL_REPRESENTATION('',(#13308),#13312);
#13308 = LINE('',#13309,#13310);
#13309 = CARTESIAN_POINT('',(-4.779198335509E-17,-0.489024669297));
#13310 = VECTOR('',#13311,1.);
#13311 = DIRECTION('',(1.,0.));
#13312 = ( GEOMETRIC_REPRESENTATION_CONTEXT(2) 
PARAMETRIC_REPRESENTATION_CONTEXT() REPRESENTATION_CONTEXT('2D SPACE',''
  ) );
#13313 = PCURVE('',#4434,#13314);
#13314 = DEFINITIONAL_REPRESENTATION('',(#13315),#13319);
#13315 = LINE('',#13316,#13317);
#13316 = CARTESIAN_POINT('',(0.,0.));
#13317 = VECTOR('',#13318,1.);
#13318 = DIRECTION('',(1.,0.));
#13319 = ( GEOMETRIC_REPRESENTATION_CONTEXT(2) 
PARAMETRIC_REPRESENTATION_CONTEXT() REPRESENTATION_CONTEXT('2D SPACE',''
  ) );
#13320 = ORIENTED_EDGE('',*,*,#12881,.F.);
#13321 = ORIENTED_EDGE('',*,*,#13273,.F.);
#13322 = ADVANCED_FACE('',(#13323),#4434,.T.);
#13323 = FACE_BOUND('',#13324,.T.);
#13324 = EDGE_LOOP('',(#13325,#13326,#13347,#13348));
#13325 = ORIENTED_EDGE('',*,*,#4418,.T.);
#13326 = ORIENTED_EDGE('',*,*,#13327,.T.);
#13327 = EDGE_CURVE('',#4391,#12905,#13328,.T.);
#13328 = SURFACE_CURVE('',#13329,(#13333,#13340),.PCURVE_S1.);
#13329 = LINE('',#13330,#13331);
#13330 = CARTESIAN_POINT('',(28.283253617989,-13.34698466398,
    3.204675674438));
#13331 = VECTOR('',#13332,1.);
#13332 = DIRECTION('',(1.224646799147E-16,1.499759782662E-32,-1.));
#13333 = PCURVE('',#4434,#13334);
#13334 = DEFINITIONAL_REPRESENTATION('',(#13335),#13339);
#13335 = LINE('',#13336,#13337);
#13336 = CARTESIAN_POINT('',(-4.034582958785E-17,-0.489019904039));
#13337 = VECTOR('',#13338,1.);
#13338 = DIRECTION('',(1.,0.));
#13339 = ( GEOMETRIC_REPRESENTATION_CONTEXT(2) 
PARAMETRIC_REPRESENTATION_CONTEXT() REPRESENTATION_CONTEXT('2D SPACE',''
  ) );
#13340 = PCURVE('',#4406,#13341);
#13341 = DEFINITIONAL_REPRESENTATION('',(#13342),#13346);
#13342 = LINE('',#13343,#13344);
#13343 = CARTESIAN_POINT('',(0.,0.));
#13344 = VECTOR('',#13345,1.);
#13345 = DIRECTION('',(1.,-2.465190328816E-32));
#13346 = ( GEOMETRIC_REPRESENTATION_CONTEXT(2) 
PARAMETRIC_REPRESENTATION_CONTEXT() REPRESENTATION_CONTEXT('2D SPACE',''
  ) );
#13347 = ORIENTED_EDGE('',*,*,#12904,.F.);
#13348 = ORIENTED_EDGE('',*,*,#13300,.F.);
#13349 = ADVANCED_FACE('',(#13350),#4406,.T.);
#13350 = FACE_BOUND('',#13351,.T.);
#13351 = EDGE_LOOP('',(#13352,#13353,#13374,#13375));
#13352 = ORIENTED_EDGE('',*,*,#4390,.T.);
#13353 = ORIENTED_EDGE('',*,*,#13354,.T.);
#13354 = EDGE_CURVE('',#4363,#12928,#13355,.T.);
#13355 = SURFACE_CURVE('',#13356,(#13360,#13367),.PCURVE_S1.);
#13356 = LINE('',#13357,#13358);
#13357 = CARTESIAN_POINT('',(28.025814958321,-12.93120948412,
    3.204675674438));
#13358 = VECTOR('',#13359,1.);
#13359 = DIRECTION('',(1.224646799147E-16,1.499759782662E-32,-1.));
#13360 = PCURVE('',#4406,#13361);
#13361 = DEFINITIONAL_REPRESENTATION('',(#13362),#13366);
#13362 = LINE('',#13363,#13364);
#13363 = CARTESIAN_POINT('',(-3.152714305392E-17,-0.48902317295));
#13364 = VECTOR('',#13365,1.);
#13365 = DIRECTION('',(1.,-2.465190328816E-32));
#13366 = ( GEOMETRIC_REPRESENTATION_CONTEXT(2) 
PARAMETRIC_REPRESENTATION_CONTEXT() REPRESENTATION_CONTEXT('2D SPACE',''
  ) );
#13367 = PCURVE('',#4378,#13368);
#13368 = DEFINITIONAL_REPRESENTATION('',(#13369),#13373);
#13369 = LINE('',#13370,#13371);
#13370 = CARTESIAN_POINT('',(0.,0.));
#13371 = VECTOR('',#13372,1.);
#13372 = DIRECTION('',(-1.,6.162975822039E-33));
#13373 = ( GEOMETRIC_REPRESENTATION_CONTEXT(2) 
PARAMETRIC_REPRESENTATION_CONTEXT() REPRESENTATION_CONTEXT('2D SPACE',''
  ) );
#13374 = ORIENTED_EDGE('',*,*,#12927,.F.);
#13375 = ORIENTED_EDGE('',*,*,#13327,.F.);
#13376 = ADVANCED_FACE('',(#13377),#4378,.T.);
#13377 = FACE_BOUND('',#13378,.T.);
#13378 = EDGE_LOOP('',(#13379,#13380,#13401,#13402));
#13379 = ORIENTED_EDGE('',*,*,#4362,.T.);
#13380 = ORIENTED_EDGE('',*,*,#13381,.T.);
#13381 = EDGE_CURVE('',#4335,#12951,#13382,.T.);
#13382 = SURFACE_CURVE('',#13383,(#13387,#13394),.PCURVE_S1.);
#13383 = LINE('',#13384,#13385);
#13384 = CARTESIAN_POINT('',(27.849160142648,-12.47520987131,
    3.204675674438));
#13385 = VECTOR('',#13386,1.);
#13386 = DIRECTION('',(1.224646799147E-16,1.499759782662E-32,-1.));
#13387 = PCURVE('',#4378,#13388);
#13388 = DEFINITIONAL_REPRESENTATION('',(#13389),#13393);
#13389 = LINE('',#13390,#13391);
#13390 = CARTESIAN_POINT('',(2.163397545689E-17,0.489022055517));
#13391 = VECTOR('',#13392,1.);
#13392 = DIRECTION('',(-1.,6.162975822039E-33));
#13393 = ( GEOMETRIC_REPRESENTATION_CONTEXT(2) 
PARAMETRIC_REPRESENTATION_CONTEXT() REPRESENTATION_CONTEXT('2D SPACE',''
  ) );
#13394 = PCURVE('',#4350,#13395);
#13395 = DEFINITIONAL_REPRESENTATION('',(#13396),#13400);
#13396 = LINE('',#13397,#13398);
#13397 = CARTESIAN_POINT('',(0.,0.));
#13398 = VECTOR('',#13399,1.);
#13399 = DIRECTION('',(-1.,6.162975822039E-33));
#13400 = ( GEOMETRIC_REPRESENTATION_CONTEXT(2) 
PARAMETRIC_REPRESENTATION_CONTEXT() REPRESENTATION_CONTEXT('2D SPACE',''
  ) );
#13401 = ORIENTED_EDGE('',*,*,#12950,.F.);
#13402 = ORIENTED_EDGE('',*,*,#13354,.F.);
#13403 = ADVANCED_FACE('',(#13404),#4350,.T.);
#13404 = FACE_BOUND('',#13405,.T.);
#13405 = EDGE_LOOP('',(#13406,#13407,#13428,#13429));
#13406 = ORIENTED_EDGE('',*,*,#4334,.T.);
#13407 = ORIENTED_EDGE('',*,*,#13408,.T.);
#13408 = EDGE_CURVE('',#4307,#12974,#13409,.T.);
#13409 = SURFACE_CURVE('',#13410,(#13414,#13421),.PCURVE_S1.);
#13410 = LINE('',#13411,#13412);
#13411 = CARTESIAN_POINT('',(27.759301133859,-11.9945139084,
    3.204675674438));
#13412 = VECTOR('',#13413,1.);
#13413 = DIRECTION('',(1.224646799147E-16,1.499759782662E-32,-1.));
#13414 = PCURVE('',#4350,#13415);
#13415 = DEFINITIONAL_REPRESENTATION('',(#13416),#13420);
#13416 = LINE('',#13417,#13418);
#13417 = CARTESIAN_POINT('',(1.100455474881E-17,0.489022750201));
#13418 = VECTOR('',#13419,1.);
#13419 = DIRECTION('',(-1.,6.162975822039E-33));
#13420 = ( GEOMETRIC_REPRESENTATION_CONTEXT(2) 
PARAMETRIC_REPRESENTATION_CONTEXT() REPRESENTATION_CONTEXT('2D SPACE',''
  ) );
#13421 = PCURVE('',#4322,#13422);
#13422 = DEFINITIONAL_REPRESENTATION('',(#13423),#13427);
#13423 = LINE('',#13424,#13425);
#13424 = CARTESIAN_POINT('',(0.,0.));
#13425 = VECTOR('',#13426,1.);
#13426 = DIRECTION('',(-1.,0.));
#13427 = ( GEOMETRIC_REPRESENTATION_CONTEXT(2) 
PARAMETRIC_REPRESENTATION_CONTEXT() REPRESENTATION_CONTEXT('2D SPACE',''
  ) );
#13428 = ORIENTED_EDGE('',*,*,#12973,.F.);
#13429 = ORIENTED_EDGE('',*,*,#13381,.F.);
#13430 = ADVANCED_FACE('',(#13431),#4322,.T.);
#13431 = FACE_BOUND('',#13432,.T.);
#13432 = EDGE_LOOP('',(#13433,#13434,#13455,#13456));
#13433 = ORIENTED_EDGE('',*,*,#4306,.T.);
#13434 = ORIENTED_EDGE('',*,*,#13435,.T.);
#13435 = EDGE_CURVE('',#4279,#12997,#13436,.T.);
#13436 = SURFACE_CURVE('',#13437,(#13441,#13448),.PCURVE_S1.);
#13437 = LINE('',#13438,#13439);
#13438 = CARTESIAN_POINT('',(27.759301133859,-11.50549165346,
    3.204675674438));
#13439 = VECTOR('',#13440,1.);
#13440 = DIRECTION('',(1.224646799147E-16,1.499759782662E-32,-1.));
#13441 = PCURVE('',#4322,#13442);
#13442 = DEFINITIONAL_REPRESENTATION('',(#13443),#13447);
#13443 = LINE('',#13444,#13445);
#13444 = CARTESIAN_POINT('',(-7.334159107914E-33,0.489022254944));
#13445 = VECTOR('',#13446,1.);
#13446 = DIRECTION('',(-1.,0.));
#13447 = ( GEOMETRIC_REPRESENTATION_CONTEXT(2) 
PARAMETRIC_REPRESENTATION_CONTEXT() REPRESENTATION_CONTEXT('2D SPACE',''
  ) );
#13448 = PCURVE('',#4294,#13449);
#13449 = DEFINITIONAL_REPRESENTATION('',(#13450),#13454);
#13450 = LINE('',#13451,#13452);
#13451 = CARTESIAN_POINT('',(0.,0.));
#13452 = VECTOR('',#13453,1.);
#13453 = DIRECTION('',(-1.,-3.08148791102E-33));
#13454 = ( GEOMETRIC_REPRESENTATION_CONTEXT(2) 
PARAMETRIC_REPRESENTATION_CONTEXT() REPRESENTATION_CONTEXT('2D SPACE',''
  ) );
#13455 = ORIENTED_EDGE('',*,*,#12996,.F.);
#13456 = ORIENTED_EDGE('',*,*,#13408,.F.);
#13457 = ADVANCED_FACE('',(#13458),#4294,.T.);
#13458 = FACE_BOUND('',#13459,.T.);
#13459 = EDGE_LOOP('',(#13460,#13461,#13482,#13483));
#13460 = ORIENTED_EDGE('',*,*,#4278,.T.);
#13461 = ORIENTED_EDGE('',*,*,#13462,.T.);
#13462 = EDGE_CURVE('',#4251,#13020,#13463,.T.);
#13463 = SURFACE_CURVE('',#13464,(#13468,#13475),.PCURVE_S1.);
#13464 = LINE('',#13465,#13466);
#13465 = CARTESIAN_POINT('',(27.849160142648,-11.02479592897,
    3.204675674438));
#13466 = VECTOR('',#13467,1.);
#13467 = DIRECTION('',(1.224646799147E-16,1.499759782662E-32,-1.));
#13468 = PCURVE('',#4294,#13469);
#13469 = DEFINITIONAL_REPRESENTATION('',(#13470),#13474);
#13470 = LINE('',#13471,#13472);
#13471 = CARTESIAN_POINT('',(-1.100455474881E-17,0.489022515843));
#13472 = VECTOR('',#13473,1.);
#13473 = DIRECTION('',(-1.,-3.08148791102E-33));
#13474 = ( GEOMETRIC_REPRESENTATION_CONTEXT(2) 
PARAMETRIC_REPRESENTATION_CONTEXT() REPRESENTATION_CONTEXT('2D SPACE',''
  ) );
#13475 = PCURVE('',#4266,#13476);
#13476 = DEFINITIONAL_REPRESENTATION('',(#13477),#13481);
#13477 = LINE('',#13478,#13479);
#13478 = CARTESIAN_POINT('',(0.,0.));
#13479 = VECTOR('',#13480,1.);
#13480 = DIRECTION('',(-1.,0.));
#13481 = ( GEOMETRIC_REPRESENTATION_CONTEXT(2) 
PARAMETRIC_REPRESENTATION_CONTEXT() REPRESENTATION_CONTEXT('2D SPACE',''
  ) );
#13482 = ORIENTED_EDGE('',*,*,#13019,.F.);
#13483 = ORIENTED_EDGE('',*,*,#13435,.F.);
#13484 = ADVANCED_FACE('',(#13485),#4266,.T.);
#13485 = FACE_BOUND('',#13486,.T.);
#13486 = EDGE_LOOP('',(#13487,#13488,#13509,#13510));
#13487 = ORIENTED_EDGE('',*,*,#4250,.T.);
#13488 = ORIENTED_EDGE('',*,*,#13489,.T.);
#13489 = EDGE_CURVE('',#4223,#13043,#13490,.T.);
#13490 = SURFACE_CURVE('',#13491,(#13495,#13502),.PCURVE_S1.);
#13491 = LINE('',#13492,#13493);
#13492 = CARTESIAN_POINT('',(28.025814958321,-10.56879607774,
    3.204675674438));
#13493 = VECTOR('',#13494,1.);
#13494 = DIRECTION('',(1.224646799147E-16,1.499759782662E-32,-1.));
#13495 = PCURVE('',#4266,#13496);
#13496 = DEFINITIONAL_REPRESENTATION('',(#13497),#13501);
#13497 = LINE('',#13498,#13499);
#13498 = CARTESIAN_POINT('',(-2.163397545689E-17,0.489022277836));
#13499 = VECTOR('',#13500,1.);
#13500 = DIRECTION('',(-1.,0.));
#13501 = ( GEOMETRIC_REPRESENTATION_CONTEXT(2) 
PARAMETRIC_REPRESENTATION_CONTEXT() REPRESENTATION_CONTEXT('2D SPACE',''
  ) );
#13502 = PCURVE('',#4238,#13503);
#13503 = DEFINITIONAL_REPRESENTATION('',(#13504),#13508);
#13504 = LINE('',#13505,#13506);
#13505 = CARTESIAN_POINT('',(0.,0.));
#13506 = VECTOR('',#13507,1.);
#13507 = DIRECTION('',(-1.,-1.232595164408E-32));
#13508 = ( GEOMETRIC_REPRESENTATION_CONTEXT(2) 
PARAMETRIC_REPRESENTATION_CONTEXT() REPRESENTATION_CONTEXT('2D SPACE',''
  ) );
#13509 = ORIENTED_EDGE('',*,*,#13042,.F.);
#13510 = ORIENTED_EDGE('',*,*,#13462,.F.);
#13511 = ADVANCED_FACE('',(#13512),#4238,.T.);
#13512 = FACE_BOUND('',#13513,.T.);
#13513 = EDGE_LOOP('',(#13514,#13515,#13536,#13537));
#13514 = ORIENTED_EDGE('',*,*,#4222,.T.);
#13515 = ORIENTED_EDGE('',*,*,#13516,.T.);
#13516 = EDGE_CURVE('',#4195,#13066,#13517,.T.);
#13517 = SURFACE_CURVE('',#13518,(#13522,#13529),.PCURVE_S1.);
#13518 = LINE('',#13519,#13520);
#13519 = CARTESIAN_POINT('',(28.283253617989,-10.15302125551,
    3.204675674438));
#13520 = VECTOR('',#13521,1.);
#13521 = DIRECTION('',(1.224646799147E-16,1.499759782662E-32,-1.));
#13522 = PCURVE('',#4238,#13523);
#13523 = DEFINITIONAL_REPRESENTATION('',(#13524),#13528);
#13524 = LINE('',#13525,#13526);
#13525 = CARTESIAN_POINT('',(-3.152714305392E-17,0.489022868889));
#13526 = VECTOR('',#13527,1.);
#13527 = DIRECTION('',(-1.,-1.232595164408E-32));
#13528 = ( GEOMETRIC_REPRESENTATION_CONTEXT(2) 
PARAMETRIC_REPRESENTATION_CONTEXT() REPRESENTATION_CONTEXT('2D SPACE',''
  ) );
#13529 = PCURVE('',#4210,#13530);
#13530 = DEFINITIONAL_REPRESENTATION('',(#13531),#13535);
#13531 = LINE('',#13532,#13533);
#13532 = CARTESIAN_POINT('',(0.,0.));
#13533 = VECTOR('',#13534,1.);
#13534 = DIRECTION('',(-1.,-2.465190328816E-32));
#13535 = ( GEOMETRIC_REPRESENTATION_CONTEXT(2) 
PARAMETRIC_REPRESENTATION_CONTEXT() REPRESENTATION_CONTEXT('2D SPACE',''
  ) );
#13536 = ORIENTED_EDGE('',*,*,#13065,.F.);
#13537 = ORIENTED_EDGE('',*,*,#13489,.F.);
#13538 = ADVANCED_FACE('',(#13539),#4210,.T.);
#13539 = FACE_BOUND('',#13540,.T.);
#13540 = EDGE_LOOP('',(#13541,#13542,#13563,#13564));
#13541 = ORIENTED_EDGE('',*,*,#4194,.T.);
#13542 = ORIENTED_EDGE('',*,*,#13543,.T.);
#13543 = EDGE_CURVE('',#4167,#13089,#13544,.T.);
#13544 = SURFACE_CURVE('',#13545,(#13549,#13556),.PCURVE_S1.);
#13545 = LINE('',#13546,#13547);
#13546 = CARTESIAN_POINT('',(28.612702317941,-9.791629234334,
    3.204675674438));
#13547 = VECTOR('',#13548,1.);
#13548 = DIRECTION('',(1.224646799147E-16,1.499759782662E-32,-1.));
#13549 = PCURVE('',#4210,#13550);
#13550 = DEFINITIONAL_REPRESENTATION('',(#13551),#13555);
#13551 = LINE('',#13552,#13553);
#13552 = CARTESIAN_POINT('',(-4.034582958785E-17,0.489020080233));
#13553 = VECTOR('',#13554,1.);
#13554 = DIRECTION('',(-1.,-2.465190328816E-32));
#13555 = ( GEOMETRIC_REPRESENTATION_CONTEXT(2) 
PARAMETRIC_REPRESENTATION_CONTEXT() REPRESENTATION_CONTEXT('2D SPACE',''
  ) );
#13556 = PCURVE('',#4182,#13557);
#13557 = DEFINITIONAL_REPRESENTATION('',(#13558),#13562);
#13558 = LINE('',#13559,#13560);
#13559 = CARTESIAN_POINT('',(0.,0.));
#13560 = VECTOR('',#13561,1.);
#13561 = DIRECTION('',(-1.,0.));
#13562 = ( GEOMETRIC_REPRESENTATION_CONTEXT(2) 
PARAMETRIC_REPRESENTATION_CONTEXT() REPRESENTATION_CONTEXT('2D SPACE',''
  ) );
#13563 = ORIENTED_EDGE('',*,*,#13088,.F.);
#13564 = ORIENTED_EDGE('',*,*,#13516,.F.);
#13565 = ADVANCED_FACE('',(#13566),#4182,.T.);
#13566 = FACE_BOUND('',#13567,.T.);
#13567 = EDGE_LOOP('',(#13568,#13569,#13590,#13591));
#13568 = ORIENTED_EDGE('',*,*,#4166,.T.);
#13569 = ORIENTED_EDGE('',*,*,#13570,.T.);
#13570 = EDGE_CURVE('',#4139,#13112,#13571,.T.);
#13571 = SURFACE_CURVE('',#13572,(#13576,#13583),.PCURVE_S1.);
#13572 = LINE('',#13573,#13574);
#13573 = CARTESIAN_POINT('',(29.002953477609,-9.496927658101,
    3.204675674438));
#13574 = VECTOR('',#13575,1.);
#13575 = DIRECTION('',(1.224646799147E-16,1.499759782662E-32,-1.));
#13576 = PCURVE('',#4182,#13577);
#13577 = DEFINITIONAL_REPRESENTATION('',(#13578),#13582);
#13578 = LINE('',#13579,#13580);
#13579 = CARTESIAN_POINT('',(-4.779198335509E-17,0.489024525618));
#13580 = VECTOR('',#13581,1.);
#13581 = DIRECTION('',(-1.,0.));
#13582 = ( GEOMETRIC_REPRESENTATION_CONTEXT(2) 
PARAMETRIC_REPRESENTATION_CONTEXT() REPRESENTATION_CONTEXT('2D SPACE',''
  ) );
#13583 = PCURVE('',#4154,#13584);
#13584 = DEFINITIONAL_REPRESENTATION('',(#13585),#13589);
#13585 = LINE('',#13586,#13587);
#13586 = CARTESIAN_POINT('',(0.,0.));
#13587 = VECTOR('',#13588,1.);
#13588 = DIRECTION('',(-1.,0.));
#13589 = ( GEOMETRIC_REPRESENTATION_CONTEXT(2) 
PARAMETRIC_REPRESENTATION_CONTEXT() REPRESENTATION_CONTEXT('2D SPACE',''
  ) );
#13590 = ORIENTED_EDGE('',*,*,#13111,.F.);
#13591 = ORIENTED_EDGE('',*,*,#13543,.F.);
#13592 = ADVANCED_FACE('',(#13593),#4154,.T.);
#13593 = FACE_BOUND('',#13594,.T.);
#13594 = EDGE_LOOP('',(#13595,#13596,#13617,#13618));
#13595 = ORIENTED_EDGE('',*,*,#4138,.T.);
#13596 = ORIENTED_EDGE('',*,*,#13597,.T.);
#13597 = EDGE_CURVE('',#4111,#13135,#13598,.T.);
#13598 = SURFACE_CURVE('',#13599,(#13603,#13610),.PCURVE_S1.);
#13599 = LINE('',#13600,#13601);
#13600 = CARTESIAN_POINT('',(29.440705247628,-9.278951564809,
    3.204675674438));
#13601 = VECTOR('',#13602,1.);
#13602 = DIRECTION('',(1.224646799147E-16,1.499759782662E-32,-1.));
#13603 = PCURVE('',#4154,#13604);
#13604 = DEFINITIONAL_REPRESENTATION('',(#13605),#13609);
#13605 = LINE('',#13606,#13607);
#13606 = CARTESIAN_POINT('',(-5.360913039756E-17,0.489019620672));
#13607 = VECTOR('',#13608,1.);
#13608 = DIRECTION('',(-1.,0.));
#13609 = ( GEOMETRIC_REPRESENTATION_CONTEXT(2) 
PARAMETRIC_REPRESENTATION_CONTEXT() REPRESENTATION_CONTEXT('2D SPACE',''
  ) );
#13610 = PCURVE('',#4126,#13611);
#13611 = DEFINITIONAL_REPRESENTATION('',(#13612),#13616);
#13612 = LINE('',#13613,#13614);
#13613 = CARTESIAN_POINT('',(0.,0.));
#13614 = VECTOR('',#13615,1.);
#13615 = DIRECTION('',(-1.,0.));
#13616 = ( GEOMETRIC_REPRESENTATION_CONTEXT(2) 
PARAMETRIC_REPRESENTATION_CONTEXT() REPRESENTATION_CONTEXT('2D SPACE',''
  ) );
#13617 = ORIENTED_EDGE('',*,*,#13134,.F.);
#13618 = ORIENTED_EDGE('',*,*,#13570,.F.);
#13619 = ADVANCED_FACE('',(#13620),#4126,.T.);
#13620 = FACE_BOUND('',#13621,.T.);
#13621 = EDGE_LOOP('',(#13622,#13623,#13644,#13645));
#13622 = ORIENTED_EDGE('',*,*,#4110,.T.);
#13623 = ORIENTED_EDGE('',*,*,#13624,.T.);
#13624 = EDGE_CURVE('',#4083,#13158,#13625,.T.);
#13625 = SURFACE_CURVE('',#13626,(#13630,#13637),.PCURVE_S1.);
#13626 = LINE('',#13627,#13628);
#13627 = CARTESIAN_POINT('',(29.911061235177,-9.145124355337,
    3.204675674438));
#13628 = VECTOR('',#13629,1.);
#13629 = DIRECTION('',(1.224646799147E-16,1.499759782662E-32,-1.));
#13630 = PCURVE('',#4126,#13631);
#13631 = DEFINITIONAL_REPRESENTATION('',(#13632),#13636);
#13632 = LINE('',#13633,#13634);
#13633 = CARTESIAN_POINT('',(-5.760199546114E-17,0.489024004542));
#13634 = VECTOR('',#13635,1.);
#13635 = DIRECTION('',(-1.,0.));
#13636 = ( GEOMETRIC_REPRESENTATION_CONTEXT(2) 
PARAMETRIC_REPRESENTATION_CONTEXT() REPRESENTATION_CONTEXT('2D SPACE',''
  ) );
#13637 = PCURVE('',#4098,#13638);
#13638 = DEFINITIONAL_REPRESENTATION('',(#13639),#13643);
#13639 = LINE('',#13640,#13641);
#13640 = CARTESIAN_POINT('',(0.,0.));
#13641 = VECTOR('',#13642,1.);
#13642 = DIRECTION('',(-1.,-4.930380657631E-32));
#13643 = ( GEOMETRIC_REPRESENTATION_CONTEXT(2) 
PARAMETRIC_REPRESENTATION_CONTEXT() REPRESENTATION_CONTEXT('2D SPACE',''
  ) );
#13644 = ORIENTED_EDGE('',*,*,#13157,.F.);
#13645 = ORIENTED_EDGE('',*,*,#13597,.F.);
#13646 = ADVANCED_FACE('',(#13647),#4098,.T.);
#13647 = FACE_BOUND('',#13648,.T.);
#13648 = EDGE_LOOP('',(#13649,#13650,#13671,#13672));
#13649 = ORIENTED_EDGE('',*,*,#4082,.T.);
#13650 = ORIENTED_EDGE('',*,*,#13651,.T.);
#13651 = EDGE_CURVE('',#4055,#13181,#13652,.T.);
#13652 = SURFACE_CURVE('',#13653,(#13657,#13664),.PCURVE_S1.);
#13653 = LINE('',#13654,#13655);
#13654 = CARTESIAN_POINT('',(30.397995897042,-9.100002685567,
    3.204675674438));
#13655 = VECTOR('',#13656,1.);
#13656 = DIRECTION('',(1.224646799147E-16,1.499759782662E-32,-1.));
#13657 = PCURVE('',#4098,#13658);
#13658 = DEFINITIONAL_REPRESENTATION('',(#13659),#13663);
#13659 = LINE('',#13660,#13661);
#13660 = CARTESIAN_POINT('',(-5.963229750472E-17,0.489020786888));
#13661 = VECTOR('',#13662,1.);
#13662 = DIRECTION('',(-1.,-4.930380657631E-32));
#13663 = ( GEOMETRIC_REPRESENTATION_CONTEXT(2) 
PARAMETRIC_REPRESENTATION_CONTEXT() REPRESENTATION_CONTEXT('2D SPACE',''
  ) );
#13664 = PCURVE('',#4070,#13665);
#13665 = DEFINITIONAL_REPRESENTATION('',(#13666),#13670);
#13666 = LINE('',#13667,#13668);
#13667 = CARTESIAN_POINT('',(0.,0.));
#13668 = VECTOR('',#13669,1.);
#13669 = DIRECTION('',(-1.,0.));
#13670 = ( GEOMETRIC_REPRESENTATION_CONTEXT(2) 
PARAMETRIC_REPRESENTATION_CONTEXT() REPRESENTATION_CONTEXT('2D SPACE',''
  ) );
#13671 = ORIENTED_EDGE('',*,*,#13180,.F.);
#13672 = ORIENTED_EDGE('',*,*,#13624,.F.);
#13673 = ADVANCED_FACE('',(#13674),#4070,.T.);
#13674 = FACE_BOUND('',#13675,.T.);
#13675 = EDGE_LOOP('',(#13676,#13677,#13678,#13679));
#13676 = ORIENTED_EDGE('',*,*,#4054,.T.);
#13677 = ORIENTED_EDGE('',*,*,#6336,.T.);
#13678 = ORIENTED_EDGE('',*,*,#13203,.T.);
#13679 = ORIENTED_EDGE('',*,*,#13651,.F.);
#13680 = ADVANCED_FACE('',(#13681),#3390,.T.);
#13681 = FACE_BOUND('',#13682,.T.);
#13682 = EDGE_LOOP('',(#13683,#13684,#13705,#13706));
#13683 = ORIENTED_EDGE('',*,*,#3374,.T.);
#13684 = ORIENTED_EDGE('',*,*,#13685,.T.);
#13685 = EDGE_CURVE('',#3347,#4900,#13686,.T.);
#13686 = SURFACE_CURVE('',#13687,(#13691,#13698),.PCURVE_S1.);
#13687 = LINE('',#13688,#13689);
#13688 = CARTESIAN_POINT('',(28.283253617989,13.346979698161,
    3.204675674438));
#13689 = VECTOR('',#13690,1.);
#13690 = DIRECTION('',(1.224646799147E-16,1.499759782662E-32,-1.));
#13691 = PCURVE('',#3390,#13692);
#13692 = DEFINITIONAL_REPRESENTATION('',(#13693),#13697);
#13693 = LINE('',#13694,#13695);
#13694 = CARTESIAN_POINT('',(-3.152714305392E-17,0.489023274303));
#13695 = VECTOR('',#13696,1.);
#13696 = DIRECTION('',(-1.,-2.465190328816E-32));
#13697 = ( GEOMETRIC_REPRESENTATION_CONTEXT(2) 
PARAMETRIC_REPRESENTATION_CONTEXT() REPRESENTATION_CONTEXT('2D SPACE',''
  ) );
#13698 = PCURVE('',#3362,#13699);
#13699 = DEFINITIONAL_REPRESENTATION('',(#13700),#13704);
#13700 = LINE('',#13701,#13702);
#13701 = CARTESIAN_POINT('',(0.,0.));
#13702 = VECTOR('',#13703,1.);
#13703 = DIRECTION('',(-1.,-1.232595164408E-32));
#13704 = ( GEOMETRIC_REPRESENTATION_CONTEXT(2) 
PARAMETRIC_REPRESENTATION_CONTEXT() REPRESENTATION_CONTEXT('2D SPACE',''
  ) );
#13705 = ORIENTED_EDGE('',*,*,#4899,.F.);
#13706 = ORIENTED_EDGE('',*,*,#7172,.F.);
#13707 = ADVANCED_FACE('',(#13708),#3362,.T.);
#13708 = FACE_BOUND('',#13709,.T.);
#13709 = EDGE_LOOP('',(#13710,#13711,#13732,#13733));
#13710 = ORIENTED_EDGE('',*,*,#3346,.T.);
#13711 = ORIENTED_EDGE('',*,*,#13712,.T.);
#13712 = EDGE_CURVE('',#3319,#4923,#13713,.T.);
#13713 = SURFACE_CURVE('',#13714,(#13718,#13725),.PCURVE_S1.);
#13714 = LINE('',#13715,#13716);
#13715 = CARTESIAN_POINT('',(28.612702317941,13.708370765666,
    3.204675674438));
#13716 = VECTOR('',#13717,1.);
#13717 = DIRECTION('',(1.224646799147E-16,1.499759782662E-32,-1.));
#13718 = PCURVE('',#3362,#13719);
#13719 = DEFINITIONAL_REPRESENTATION('',(#13720),#13724);
#13720 = LINE('',#13721,#13722);
#13721 = CARTESIAN_POINT('',(-4.034582958785E-17,0.489019375457));
#13722 = VECTOR('',#13723,1.);
#13723 = DIRECTION('',(-1.,-1.232595164408E-32));
#13724 = ( GEOMETRIC_REPRESENTATION_CONTEXT(2) 
PARAMETRIC_REPRESENTATION_CONTEXT() REPRESENTATION_CONTEXT('2D SPACE',''
  ) );
#13725 = PCURVE('',#3334,#13726);
#13726 = DEFINITIONAL_REPRESENTATION('',(#13727),#13731);
#13727 = LINE('',#13728,#13729);
#13728 = CARTESIAN_POINT('',(0.,0.));
#13729 = VECTOR('',#13730,1.);
#13730 = DIRECTION('',(-1.,0.));
#13731 = ( GEOMETRIC_REPRESENTATION_CONTEXT(2) 
PARAMETRIC_REPRESENTATION_CONTEXT() REPRESENTATION_CONTEXT('2D SPACE',''
  ) );
#13732 = ORIENTED_EDGE('',*,*,#4922,.F.);
#13733 = ORIENTED_EDGE('',*,*,#13685,.F.);
#13734 = ADVANCED_FACE('',(#13735),#3334,.T.);
#13735 = FACE_BOUND('',#13736,.T.);
#13736 = EDGE_LOOP('',(#13737,#13738,#13759,#13760));
#13737 = ORIENTED_EDGE('',*,*,#3318,.T.);
#13738 = ORIENTED_EDGE('',*,*,#13739,.T.);
#13739 = EDGE_CURVE('',#3291,#4946,#13740,.T.);
#13740 = SURFACE_CURVE('',#13741,(#13745,#13752),.PCURVE_S1.);
#13741 = LINE('',#13742,#13743);
#13742 = CARTESIAN_POINT('',(29.002953477609,14.003073295573,
    3.204675674438));
#13743 = VECTOR('',#13744,1.);
#13744 = DIRECTION('',(1.224646799147E-16,1.499759782662E-32,-1.));
#13745 = PCURVE('',#3334,#13746);
#13746 = DEFINITIONAL_REPRESENTATION('',(#13747),#13751);
#13747 = LINE('',#13748,#13749);
#13748 = CARTESIAN_POINT('',(-4.779198335509E-17,0.489025100333));
#13749 = VECTOR('',#13750,1.);
#13750 = DIRECTION('',(-1.,0.));
#13751 = ( GEOMETRIC_REPRESENTATION_CONTEXT(2) 
PARAMETRIC_REPRESENTATION_CONTEXT() REPRESENTATION_CONTEXT('2D SPACE',''
  ) );
#13752 = PCURVE('',#3306,#13753);
#13753 = DEFINITIONAL_REPRESENTATION('',(#13754),#13758);
#13754 = LINE('',#13755,#13756);
#13755 = CARTESIAN_POINT('',(0.,0.));
#13756 = VECTOR('',#13757,1.);
#13757 = DIRECTION('',(-1.,0.));
#13758 = ( GEOMETRIC_REPRESENTATION_CONTEXT(2) 
PARAMETRIC_REPRESENTATION_CONTEXT() REPRESENTATION_CONTEXT('2D SPACE',''
  ) );
#13759 = ORIENTED_EDGE('',*,*,#4945,.F.);
#13760 = ORIENTED_EDGE('',*,*,#13712,.F.);
#13761 = ADVANCED_FACE('',(#13762),#3306,.T.);
#13762 = FACE_BOUND('',#13763,.T.);
#13763 = EDGE_LOOP('',(#13764,#13765,#13786,#13787));
#13764 = ORIENTED_EDGE('',*,*,#3290,.T.);
#13765 = ORIENTED_EDGE('',*,*,#13766,.T.);
#13766 = EDGE_CURVE('',#3263,#4969,#13767,.T.);
#13767 = SURFACE_CURVE('',#13768,(#13772,#13779),.PCURVE_S1.);
#13768 = LINE('',#13769,#13770);
#13769 = CARTESIAN_POINT('',(29.440705247628,14.221048912028,
    3.204675674438));
#13770 = VECTOR('',#13771,1.);
#13771 = DIRECTION('',(1.224646799147E-16,1.499759782662E-32,-1.));
#13772 = PCURVE('',#3306,#13773);
#13773 = DEFINITIONAL_REPRESENTATION('',(#13774),#13778);
#13774 = LINE('',#13775,#13776);
#13775 = CARTESIAN_POINT('',(-5.360913039756E-17,0.489019408126));
#13776 = VECTOR('',#13777,1.);
#13777 = DIRECTION('',(-1.,0.));
#13778 = ( GEOMETRIC_REPRESENTATION_CONTEXT(2) 
PARAMETRIC_REPRESENTATION_CONTEXT() REPRESENTATION_CONTEXT('2D SPACE',''
  ) );
#13779 = PCURVE('',#3278,#13780);
#13780 = DEFINITIONAL_REPRESENTATION('',(#13781),#13785);
#13781 = LINE('',#13782,#13783);
#13782 = CARTESIAN_POINT('',(0.,0.));
#13783 = VECTOR('',#13784,1.);
#13784 = DIRECTION('',(-1.,0.));
#13785 = ( GEOMETRIC_REPRESENTATION_CONTEXT(2) 
PARAMETRIC_REPRESENTATION_CONTEXT() REPRESENTATION_CONTEXT('2D SPACE',''
  ) );
#13786 = ORIENTED_EDGE('',*,*,#4968,.F.);
#13787 = ORIENTED_EDGE('',*,*,#13739,.F.);
#13788 = ADVANCED_FACE('',(#13789),#3278,.T.);
#13789 = FACE_BOUND('',#13790,.T.);
#13790 = EDGE_LOOP('',(#13791,#13792,#13813,#13814));
#13791 = ORIENTED_EDGE('',*,*,#3262,.T.);
#13792 = ORIENTED_EDGE('',*,*,#13793,.T.);
#13793 = EDGE_CURVE('',#3235,#4992,#13794,.T.);
#13794 = SURFACE_CURVE('',#13795,(#13799,#13806),.PCURVE_S1.);
#13795 = LINE('',#13796,#13797);
#13796 = CARTESIAN_POINT('',(29.911061235177,14.354876121501,
    3.204675674438));
#13797 = VECTOR('',#13798,1.);
#13798 = DIRECTION('',(1.224646799147E-16,1.499759782662E-32,-1.));
#13799 = PCURVE('',#3278,#13800);
#13800 = DEFINITIONAL_REPRESENTATION('',(#13801),#13805);
#13801 = LINE('',#13802,#13803);
#13802 = CARTESIAN_POINT('',(-5.760199546114E-17,0.489024004542));
#13803 = VECTOR('',#13804,1.);
#13804 = DIRECTION('',(-1.,0.));
#13805 = ( GEOMETRIC_REPRESENTATION_CONTEXT(2) 
PARAMETRIC_REPRESENTATION_CONTEXT() REPRESENTATION_CONTEXT('2D SPACE',''
  ) );
#13806 = PCURVE('',#3250,#13807);
#13807 = DEFINITIONAL_REPRESENTATION('',(#13808),#13812);
#13808 = LINE('',#13809,#13810);
#13809 = CARTESIAN_POINT('',(0.,0.));
#13810 = VECTOR('',#13811,1.);
#13811 = DIRECTION('',(-1.,0.));
#13812 = ( GEOMETRIC_REPRESENTATION_CONTEXT(2) 
PARAMETRIC_REPRESENTATION_CONTEXT() REPRESENTATION_CONTEXT('2D SPACE',''
  ) );
#13813 = ORIENTED_EDGE('',*,*,#4991,.F.);
#13814 = ORIENTED_EDGE('',*,*,#13766,.F.);
#13815 = ADVANCED_FACE('',(#13816),#3250,.T.);
#13816 = FACE_BOUND('',#13817,.T.);
#13817 = EDGE_LOOP('',(#13818,#13819,#13840,#13841));
#13818 = ORIENTED_EDGE('',*,*,#3234,.T.);
#13819 = ORIENTED_EDGE('',*,*,#13820,.T.);
#13820 = EDGE_CURVE('',#3207,#5015,#13821,.T.);
#13821 = SURFACE_CURVE('',#13822,(#13826,#13833),.PCURVE_S1.);
#13822 = LINE('',#13823,#13824);
#13823 = CARTESIAN_POINT('',(30.397995897042,14.399996360758,
    3.204675674438));
#13824 = VECTOR('',#13825,1.);
#13825 = DIRECTION('',(1.224646799147E-16,1.499759782662E-32,-1.));
#13826 = PCURVE('',#3250,#13827);
#13827 = DEFINITIONAL_REPRESENTATION('',(#13828),#13832);
#13828 = LINE('',#13829,#13830);
#13829 = CARTESIAN_POINT('',(-5.963229750472E-17,0.489020654898));
#13830 = VECTOR('',#13831,1.);
#13831 = DIRECTION('',(-1.,0.));
#13832 = ( GEOMETRIC_REPRESENTATION_CONTEXT(2) 
PARAMETRIC_REPRESENTATION_CONTEXT() REPRESENTATION_CONTEXT('2D SPACE',''
  ) );
#13833 = PCURVE('',#3222,#13834);
#13834 = DEFINITIONAL_REPRESENTATION('',(#13835),#13839);
#13835 = LINE('',#13836,#13837);
#13836 = CARTESIAN_POINT('',(0.,0.));
#13837 = VECTOR('',#13838,1.);
#13838 = DIRECTION('',(-1.,0.));
#13839 = ( GEOMETRIC_REPRESENTATION_CONTEXT(2) 
PARAMETRIC_REPRESENTATION_CONTEXT() REPRESENTATION_CONTEXT('2D SPACE',''
  ) );
#13840 = ORIENTED_EDGE('',*,*,#5014,.F.);
#13841 = ORIENTED_EDGE('',*,*,#13793,.F.);
#13842 = ADVANCED_FACE('',(#13843),#3222,.T.);
#13843 = FACE_BOUND('',#13844,.T.);
#13844 = EDGE_LOOP('',(#13845,#13846,#13867,#13868));
#13845 = ORIENTED_EDGE('',*,*,#3206,.T.);
#13846 = ORIENTED_EDGE('',*,*,#13847,.T.);
#13847 = EDGE_CURVE('',#3179,#5038,#13848,.T.);
#13848 = SURFACE_CURVE('',#13849,(#13853,#13860),.PCURVE_S1.);
#13849 = LINE('',#13850,#13851);
#13850 = CARTESIAN_POINT('',(30.884934373605,14.354876121501,
    3.204675674438));
#13851 = VECTOR('',#13852,1.);
#13852 = DIRECTION('',(1.224646799147E-16,1.499759782662E-32,-1.));
#13853 = PCURVE('',#3222,#13854);
#13854 = DEFINITIONAL_REPRESENTATION('',(#13855),#13859);
#13855 = LINE('',#13856,#13857);
#13856 = CARTESIAN_POINT('',(-5.963276467038E-17,0.489024453323));
#13857 = VECTOR('',#13858,1.);
#13858 = DIRECTION('',(-1.,0.));
#13859 = ( GEOMETRIC_REPRESENTATION_CONTEXT(2) 
PARAMETRIC_REPRESENTATION_CONTEXT() REPRESENTATION_CONTEXT('2D SPACE',''
  ) );
#13860 = PCURVE('',#3194,#13861);
#13861 = DEFINITIONAL_REPRESENTATION('',(#13862),#13866);
#13862 = LINE('',#13863,#13864);
#13863 = CARTESIAN_POINT('',(0.,0.));
#13864 = VECTOR('',#13865,1.);
#13865 = DIRECTION('',(-1.,-4.930380657631E-32));
#13866 = ( GEOMETRIC_REPRESENTATION_CONTEXT(2) 
PARAMETRIC_REPRESENTATION_CONTEXT() REPRESENTATION_CONTEXT('2D SPACE',''
  ) );
#13867 = ORIENTED_EDGE('',*,*,#5037,.T.);
#13868 = ORIENTED_EDGE('',*,*,#13820,.F.);
#13869 = ADVANCED_FACE('',(#13870),#3194,.T.);
#13870 = FACE_BOUND('',#13871,.T.);
#13871 = EDGE_LOOP('',(#13872,#13873,#13894,#13895));
#13872 = ORIENTED_EDGE('',*,*,#3178,.T.);
#13873 = ORIENTED_EDGE('',*,*,#13874,.T.);
#13874 = EDGE_CURVE('',#3151,#5061,#13875,.T.);
#13875 = SURFACE_CURVE('',#13876,(#13880,#13887),.PCURVE_S1.);
#13876 = LINE('',#13877,#13878);
#13877 = CARTESIAN_POINT('',(31.355286546456,14.221048912028,
    3.204675674438));
#13878 = VECTOR('',#13879,1.);
#13879 = DIRECTION('',(1.224646799147E-16,1.499759782662E-32,-1.));
#13880 = PCURVE('',#3194,#13881);
#13881 = DEFINITIONAL_REPRESENTATION('',(#13882),#13886);
#13882 = LINE('',#13883,#13884);
#13883 = CARTESIAN_POINT('',(-5.760152829547E-17,0.489020335468));
#13884 = VECTOR('',#13885,1.);
#13885 = DIRECTION('',(-1.,-4.930380657631E-32));
#13886 = ( GEOMETRIC_REPRESENTATION_CONTEXT(2) 
PARAMETRIC_REPRESENTATION_CONTEXT() REPRESENTATION_CONTEXT('2D SPACE',''
  ) );
#13887 = PCURVE('',#3166,#13888);
#13888 = DEFINITIONAL_REPRESENTATION('',(#13889),#13893);
#13889 = LINE('',#13890,#13891);
#13890 = CARTESIAN_POINT('',(0.,0.));
#13891 = VECTOR('',#13892,1.);
#13892 = DIRECTION('',(-1.,0.));
#13893 = ( GEOMETRIC_REPRESENTATION_CONTEXT(2) 
PARAMETRIC_REPRESENTATION_CONTEXT() REPRESENTATION_CONTEXT('2D SPACE',''
  ) );
#13894 = ORIENTED_EDGE('',*,*,#5060,.T.);
#13895 = ORIENTED_EDGE('',*,*,#13847,.F.);
#13896 = ADVANCED_FACE('',(#13897),#3166,.T.);
#13897 = FACE_BOUND('',#13898,.T.);
#13898 = EDGE_LOOP('',(#13899,#13900,#13921,#13922));
#13899 = ORIENTED_EDGE('',*,*,#3150,.T.);
#13900 = ORIENTED_EDGE('',*,*,#13901,.T.);
#13901 = EDGE_CURVE('',#3123,#5084,#13902,.T.);
#13902 = SURFACE_CURVE('',#13903,(#13907,#13914),.PCURVE_S1.);
#13903 = LINE('',#13904,#13905);
#13904 = CARTESIAN_POINT('',(31.793042131173,14.003073295573,
    3.204675674438));
#13905 = VECTOR('',#13906,1.);
#13906 = DIRECTION('',(1.224646799147E-16,1.499759782662E-32,-1.));
#13907 = PCURVE('',#3166,#13908);
#13908 = DEFINITIONAL_REPRESENTATION('',(#13909),#13913);
#13909 = LINE('',#13910,#13911);
#13910 = CARTESIAN_POINT('',(-5.360959756323E-17,0.489022822903));
#13911 = VECTOR('',#13912,1.);
#13912 = DIRECTION('',(-1.,0.));
#13913 = ( GEOMETRIC_REPRESENTATION_CONTEXT(2) 
PARAMETRIC_REPRESENTATION_CONTEXT() REPRESENTATION_CONTEXT('2D SPACE',''
  ) );
#13914 = PCURVE('',#3138,#13915);
#13915 = DEFINITIONAL_REPRESENTATION('',(#13916),#13920);
#13916 = LINE('',#13917,#13918);
#13917 = CARTESIAN_POINT('',(0.,0.));
#13918 = VECTOR('',#13919,1.);
#13919 = DIRECTION('',(-1.,1.232595164408E-32));
#13920 = ( GEOMETRIC_REPRESENTATION_CONTEXT(2) 
PARAMETRIC_REPRESENTATION_CONTEXT() REPRESENTATION_CONTEXT('2D SPACE',''
  ) );
#13921 = ORIENTED_EDGE('',*,*,#5083,.T.);
#13922 = ORIENTED_EDGE('',*,*,#13874,.F.);
#13923 = ADVANCED_FACE('',(#13924),#3138,.T.);
#13924 = FACE_BOUND('',#13925,.T.);
#13925 = EDGE_LOOP('',(#13926,#13927,#13948,#13949));
#13926 = ORIENTED_EDGE('',*,*,#3122,.T.);
#13927 = ORIENTED_EDGE('',*,*,#13928,.T.);
#13928 = EDGE_CURVE('',#3095,#5107,#13929,.T.);
#13929 = SURFACE_CURVE('',#13930,(#13934,#13941),.PCURVE_S1.);
#13930 = LINE('',#13931,#13932);
#13931 = CARTESIAN_POINT('',(32.183289476144,13.708370765666,
    3.204675674438));
#13932 = VECTOR('',#13933,1.);
#13933 = DIRECTION('',(1.224646799147E-16,1.499759782662E-32,-1.));
#13934 = PCURVE('',#3138,#13935);
#13935 = DEFINITIONAL_REPRESENTATION('',(#13936),#13940);
#13936 = LINE('',#13937,#13938);
#13937 = CARTESIAN_POINT('',(-4.779151618941E-17,0.489022056139));
#13938 = VECTOR('',#13939,1.);
#13939 = DIRECTION('',(-1.,1.232595164408E-32));
#13940 = ( GEOMETRIC_REPRESENTATION_CONTEXT(2) 
PARAMETRIC_REPRESENTATION_CONTEXT() REPRESENTATION_CONTEXT('2D SPACE',''
  ) );
#13941 = PCURVE('',#3110,#13942);
#13942 = DEFINITIONAL_REPRESENTATION('',(#13943),#13947);
#13943 = LINE('',#13944,#13945);
#13944 = CARTESIAN_POINT('',(0.,0.));
#13945 = VECTOR('',#13946,1.);
#13946 = DIRECTION('',(-1.,-1.232595164408E-32));
#13947 = ( GEOMETRIC_REPRESENTATION_CONTEXT(2) 
PARAMETRIC_REPRESENTATION_CONTEXT() REPRESENTATION_CONTEXT('2D SPACE',''
  ) );
#13948 = ORIENTED_EDGE('',*,*,#5106,.T.);
#13949 = ORIENTED_EDGE('',*,*,#13901,.F.);
#13950 = ADVANCED_FACE('',(#13951),#3110,.T.);
#13951 = FACE_BOUND('',#13952,.T.);
#13952 = EDGE_LOOP('',(#13953,#13954,#13975,#13976));
#13953 = ORIENTED_EDGE('',*,*,#3094,.T.);
#13954 = ORIENTED_EDGE('',*,*,#13955,.T.);
#13955 = EDGE_CURVE('',#3067,#5130,#13956,.T.);
#13956 = SURFACE_CURVE('',#13957,(#13961,#13968),.PCURVE_S1.);
#13957 = LINE('',#13958,#13959);
#13958 = CARTESIAN_POINT('',(32.512741990792,13.346979698161,
    3.204675674438));
#13959 = VECTOR('',#13960,1.);
#13960 = DIRECTION('',(1.224646799147E-16,1.499759782662E-32,-1.));
#13961 = PCURVE('',#3110,#13962);
#13962 = DEFINITIONAL_REPRESENTATION('',(#13963),#13967);
#13963 = LINE('',#13964,#13965);
#13964 = CARTESIAN_POINT('',(-4.034629675352E-17,0.489021945398));
#13965 = VECTOR('',#13966,1.);
#13966 = DIRECTION('',(-1.,-1.232595164408E-32));
#13967 = ( GEOMETRIC_REPRESENTATION_CONTEXT(2) 
PARAMETRIC_REPRESENTATION_CONTEXT() REPRESENTATION_CONTEXT('2D SPACE',''
  ) );
#13968 = PCURVE('',#3082,#13969);
#13969 = DEFINITIONAL_REPRESENTATION('',(#13970),#13974);
#13970 = LINE('',#13971,#13972);
#13971 = CARTESIAN_POINT('',(0.,0.));
#13972 = VECTOR('',#13973,1.);
#13973 = DIRECTION('',(-1.,-1.232595164408E-32));
#13974 = ( GEOMETRIC_REPRESENTATION_CONTEXT(2) 
PARAMETRIC_REPRESENTATION_CONTEXT() REPRESENTATION_CONTEXT('2D SPACE',''
  ) );
#13975 = ORIENTED_EDGE('',*,*,#5129,.T.);
#13976 = ORIENTED_EDGE('',*,*,#13928,.F.);
#13977 = ADVANCED_FACE('',(#13978),#3082,.T.);
#13978 = FACE_BOUND('',#13979,.T.);
#13979 = EDGE_LOOP('',(#13980,#13981,#14002,#14003));
#13980 = ORIENTED_EDGE('',*,*,#3066,.T.);
#13981 = ORIENTED_EDGE('',*,*,#13982,.T.);
#13982 = EDGE_CURVE('',#3039,#5153,#13983,.T.);
#13983 = SURFACE_CURVE('',#13984,(#13988,#13995),.PCURVE_S1.);
#13984 = LINE('',#13985,#13986);
#13985 = CARTESIAN_POINT('',(32.77018065046,12.931204399089,
    3.204675674438));
#13986 = VECTOR('',#13987,1.);
#13987 = DIRECTION('',(1.224646799147E-16,1.499759782662E-32,-1.));
#13988 = PCURVE('',#3082,#13989);
#13989 = DEFINITIONAL_REPRESENTATION('',(#13990),#13994);
#13990 = LINE('',#13991,#13992);
#13991 = CARTESIAN_POINT('',(-3.152714305392E-17,0.489023274303));
#13992 = VECTOR('',#13993,1.);
#13993 = DIRECTION('',(-1.,-1.232595164408E-32));
#13994 = ( GEOMETRIC_REPRESENTATION_CONTEXT(2) 
PARAMETRIC_REPRESENTATION_CONTEXT() REPRESENTATION_CONTEXT('2D SPACE',''
  ) );
#13995 = PCURVE('',#3054,#13996);
#13996 = DEFINITIONAL_REPRESENTATION('',(#13997),#14001);
#13997 = LINE('',#13998,#13999);
#13998 = CARTESIAN_POINT('',(0.,0.));
#13999 = VECTOR('',#14000,1.);
#14000 = DIRECTION('',(1.,1.232595164408E-32));
#14001 = ( GEOMETRIC_REPRESENTATION_CONTEXT(2) 
PARAMETRIC_REPRESENTATION_CONTEXT() REPRESENTATION_CONTEXT('2D SPACE',''
  ) );
#14002 = ORIENTED_EDGE('',*,*,#5152,.T.);
#14003 = ORIENTED_EDGE('',*,*,#13955,.F.);
#14004 = ADVANCED_FACE('',(#14005),#3054,.T.);
#14005 = FACE_BOUND('',#14006,.T.);
#14006 = EDGE_LOOP('',(#14007,#14008,#14029,#14030));
#14007 = ORIENTED_EDGE('',*,*,#3038,.T.);
#14008 = ORIENTED_EDGE('',*,*,#14009,.T.);
#14009 = EDGE_CURVE('',#3011,#5176,#14010,.T.);
#14010 = SURFACE_CURVE('',#14011,(#14015,#14022),.PCURVE_S1.);
#14011 = LINE('',#14012,#14013);
#14012 = CARTESIAN_POINT('',(32.946831651437,12.475205024699,
    3.204675674438));
#14013 = VECTOR('',#14014,1.);
#14014 = DIRECTION('',(1.224646799147E-16,1.499759782662E-32,-1.));
#14015 = PCURVE('',#3054,#14016);
#14016 = DEFINITIONAL_REPRESENTATION('',(#14017),#14021);
#14017 = LINE('',#14018,#14019);
#14018 = CARTESIAN_POINT('',(2.163350829121E-17,-0.489020455185));
#14019 = VECTOR('',#14020,1.);
#14020 = DIRECTION('',(1.,1.232595164408E-32));
#14021 = ( GEOMETRIC_REPRESENTATION_CONTEXT(2) 
PARAMETRIC_REPRESENTATION_CONTEXT() REPRESENTATION_CONTEXT('2D SPACE',''
  ) );
#14022 = PCURVE('',#3026,#14023);
#14023 = DEFINITIONAL_REPRESENTATION('',(#14024),#14028);
#14024 = LINE('',#14025,#14026);
#14025 = CARTESIAN_POINT('',(0.,0.));
#14026 = VECTOR('',#14027,1.);
#14027 = DIRECTION('',(1.,0.));
#14028 = ( GEOMETRIC_REPRESENTATION_CONTEXT(2) 
PARAMETRIC_REPRESENTATION_CONTEXT() REPRESENTATION_CONTEXT('2D SPACE',''
  ) );
#14029 = ORIENTED_EDGE('',*,*,#5175,.T.);
#14030 = ORIENTED_EDGE('',*,*,#13982,.F.);
#14031 = ADVANCED_FACE('',(#14032),#3026,.T.);
#14032 = FACE_BOUND('',#14033,.T.);
#14033 = EDGE_LOOP('',(#14034,#14035,#14036,#14037));
#14034 = ORIENTED_EDGE('',*,*,#3010,.T.);
#14035 = ORIENTED_EDGE('',*,*,#5486,.T.);
#14036 = ORIENTED_EDGE('',*,*,#5198,.T.);
#14037 = ORIENTED_EDGE('',*,*,#14009,.F.);
#14038 = ADVANCED_FACE('',(#14039),#7440,.T.);
#14039 = FACE_BOUND('',#14040,.T.);
#14040 = EDGE_LOOP('',(#14041,#14042,#14043,#14044));
#14041 = ORIENTED_EDGE('',*,*,#7424,.T.);
#14042 = ORIENTED_EDGE('',*,*,#10594,.F.);
#14043 = ORIENTED_EDGE('',*,*,#10130,.T.);
#14044 = ORIENTED_EDGE('',*,*,#14045,.T.);
#14045 = EDGE_CURVE('',#10108,#7425,#14046,.T.);
#14046 = SURFACE_CURVE('',#14047,(#14051,#14058),.PCURVE_S1.);
#14047 = LINE('',#14048,#14049);
#14048 = CARTESIAN_POINT('',(-31.06463424821,12.718903144816,
    4.80467569828));
#14049 = VECTOR('',#14050,1.);
#14050 = DIRECTION('',(1.224646799147E-16,1.499759782662E-32,-1.));
#14051 = PCURVE('',#7440,#14052);
#14052 = DEFINITIONAL_REPRESENTATION('',(#14053),#14057);
#14053 = LINE('',#14054,#14055);
#14054 = CARTESIAN_POINT('',(-4.52323041273E-18,0.470754311246));
#14055 = VECTOR('',#14056,1.);
#14056 = DIRECTION('',(-1.,0.));
#14057 = ( GEOMETRIC_REPRESENTATION_CONTEXT(2) 
PARAMETRIC_REPRESENTATION_CONTEXT() REPRESENTATION_CONTEXT('2D SPACE',''
  ) );
#14058 = PCURVE('',#7468,#14059);
#14059 = DEFINITIONAL_REPRESENTATION('',(#14060),#14064);
#14060 = LINE('',#14061,#14062);
#14061 = CARTESIAN_POINT('',(1.600000023842,4.574202245378E-17));
#14062 = VECTOR('',#14063,1.);
#14063 = DIRECTION('',(-1.,0.));
#14064 = ( GEOMETRIC_REPRESENTATION_CONTEXT(2) 
PARAMETRIC_REPRESENTATION_CONTEXT() REPRESENTATION_CONTEXT('2D SPACE',''
  ) );
#14065 = ADVANCED_FACE('',(#14066),#7468,.T.);
#14066 = FACE_BOUND('',#14067,.T.);
#14067 = EDGE_LOOP('',(#14068,#14069,#14070,#14071));
#14068 = ORIENTED_EDGE('',*,*,#7452,.T.);
#14069 = ORIENTED_EDGE('',*,*,#14045,.F.);
#14070 = ORIENTED_EDGE('',*,*,#10107,.T.);
#14071 = ORIENTED_EDGE('',*,*,#14072,.T.);
#14072 = EDGE_CURVE('',#10085,#7453,#14073,.T.);
#14073 = SURFACE_CURVE('',#14074,(#14078,#14085),.PCURVE_S1.);
#14074 = LINE('',#14075,#14076);
#14075 = CARTESIAN_POINT('',(-30.954738773,13.176651557902,4.80467569828
    ));
#14076 = VECTOR('',#14077,1.);
#14077 = DIRECTION('',(1.224646799147E-16,1.499759782662E-32,-1.));
#14078 = PCURVE('',#7468,#14079);
#14079 = DEFINITIONAL_REPRESENTATION('',(#14080),#14084);
#14080 = LINE('',#14081,#14082);
#14081 = CARTESIAN_POINT('',(1.600000023842,0.470755377191));
#14082 = VECTOR('',#14083,1.);
#14083 = DIRECTION('',(-1.,0.));
#14084 = ( GEOMETRIC_REPRESENTATION_CONTEXT(2) 
PARAMETRIC_REPRESENTATION_CONTEXT() REPRESENTATION_CONTEXT('2D SPACE',''
  ) );
#14085 = PCURVE('',#7496,#14086);
#14086 = DEFINITIONAL_REPRESENTATION('',(#14087),#14091);
#14087 = LINE('',#14088,#14089);
#14088 = CARTESIAN_POINT('',(1.600000023842,7.498450204667E-17));
#14089 = VECTOR('',#14090,1.);
#14090 = DIRECTION('',(-1.,6.162975822039E-33));
#14091 = ( GEOMETRIC_REPRESENTATION_CONTEXT(2) 
PARAMETRIC_REPRESENTATION_CONTEXT() REPRESENTATION_CONTEXT('2D SPACE',''
  ) );
#14092 = ADVANCED_FACE('',(#14093),#7496,.T.);
#14093 = FACE_BOUND('',#14094,.T.);
#14094 = EDGE_LOOP('',(#14095,#14096,#14097,#14098));
#14095 = ORIENTED_EDGE('',*,*,#7480,.T.);
#14096 = ORIENTED_EDGE('',*,*,#14072,.F.);
#14097 = ORIENTED_EDGE('',*,*,#10084,.T.);
#14098 = ORIENTED_EDGE('',*,*,#14099,.T.);
#14099 = EDGE_CURVE('',#10062,#7481,#14100,.T.);
#14100 = SURFACE_CURVE('',#14101,(#14105,#14112),.PCURVE_S1.);
#14101 = LINE('',#14102,#14103);
#14102 = CARTESIAN_POINT('',(-30.77458878566,13.611570915202,
    4.80467569828));
#14103 = VECTOR('',#14104,1.);
#14104 = DIRECTION('',(1.224646799147E-16,1.499759782662E-32,-1.));
#14105 = PCURVE('',#7496,#14106);
#14106 = DEFINITIONAL_REPRESENTATION('',(#14107),#14111);
#14107 = LINE('',#14108,#14109);
#14108 = CARTESIAN_POINT('',(1.600000023842,0.470753507998));
#14109 = VECTOR('',#14110,1.);
#14110 = DIRECTION('',(-1.,6.162975822039E-33));
#14111 = ( GEOMETRIC_REPRESENTATION_CONTEXT(2) 
PARAMETRIC_REPRESENTATION_CONTEXT() REPRESENTATION_CONTEXT('2D SPACE',''
  ) );
#14112 = PCURVE('',#7524,#14113);
#14113 = DEFINITIONAL_REPRESENTATION('',(#14114),#14118);
#14114 = LINE('',#14115,#14116);
#14115 = CARTESIAN_POINT('',(1.600000023842,1.023801631017E-16));
#14116 = VECTOR('',#14117,1.);
#14117 = DIRECTION('',(-1.,-2.465190328816E-32));
#14118 = ( GEOMETRIC_REPRESENTATION_CONTEXT(2) 
PARAMETRIC_REPRESENTATION_CONTEXT() REPRESENTATION_CONTEXT('2D SPACE',''
  ) );
#14119 = ADVANCED_FACE('',(#14120),#7524,.T.);
#14120 = FACE_BOUND('',#14121,.T.);
#14121 = EDGE_LOOP('',(#14122,#14123,#14124,#14125));
#14122 = ORIENTED_EDGE('',*,*,#7508,.T.);
#14123 = ORIENTED_EDGE('',*,*,#14099,.F.);
#14124 = ORIENTED_EDGE('',*,*,#10061,.T.);
#14125 = ORIENTED_EDGE('',*,*,#14126,.T.);
#14126 = EDGE_CURVE('',#10039,#7509,#14127,.T.);
#14127 = SURFACE_CURVE('',#14128,(#14132,#14139),.PCURVE_S1.);
#14128 = LINE('',#14129,#14130);
#14129 = CARTESIAN_POINT('',(-30.52862023521,14.01295526884,
    4.80467569828));
#14130 = VECTOR('',#14131,1.);
#14131 = DIRECTION('',(1.224646799147E-16,1.499759782662E-32,-1.));
#14132 = PCURVE('',#7524,#14133);
#14133 = DEFINITIONAL_REPRESENTATION('',(#14134),#14138);
#14134 = LINE('',#14135,#14136);
#14135 = CARTESIAN_POINT('',(1.600000023842,0.470754635827));
#14136 = VECTOR('',#14137,1.);
#14137 = DIRECTION('',(-1.,-2.465190328816E-32));
#14138 = ( GEOMETRIC_REPRESENTATION_CONTEXT(2) 
PARAMETRIC_REPRESENTATION_CONTEXT() REPRESENTATION_CONTEXT('2D SPACE',''
  ) );
#14139 = PCURVE('',#7552,#14140);
#14140 = DEFINITIONAL_REPRESENTATION('',(#14141),#14145);
#14141 = LINE('',#14142,#14143);
#14142 = CARTESIAN_POINT('',(1.600000023842,1.272549365527E-16));
#14143 = VECTOR('',#14144,1.);
#14144 = DIRECTION('',(-1.,0.));
#14145 = ( GEOMETRIC_REPRESENTATION_CONTEXT(2) 
PARAMETRIC_REPRESENTATION_CONTEXT() REPRESENTATION_CONTEXT('2D SPACE',''
  ) );
#14146 = ADVANCED_FACE('',(#14147),#7552,.T.);
#14147 = FACE_BOUND('',#14148,.T.);
#14148 = EDGE_LOOP('',(#14149,#14150,#14151,#14152));
#14149 = ORIENTED_EDGE('',*,*,#7536,.T.);
#14150 = ORIENTED_EDGE('',*,*,#14126,.F.);
#14151 = ORIENTED_EDGE('',*,*,#10038,.T.);
#14152 = ORIENTED_EDGE('',*,*,#14153,.T.);
#14153 = EDGE_CURVE('',#10016,#7537,#14154,.T.);
#14154 = SURFACE_CURVE('',#14155,(#14159,#14166),.PCURVE_S1.);
#14155 = LINE('',#14156,#14157);
#14156 = CARTESIAN_POINT('',(-30.22288959432,14.3709207382,4.80467569828
    ));
#14157 = VECTOR('',#14158,1.);
#14158 = DIRECTION('',(1.224646799147E-16,1.499759782662E-32,-1.));
#14159 = PCURVE('',#7552,#14160);
#14160 = DEFINITIONAL_REPRESENTATION('',(#14161),#14165);
#14161 = LINE('',#14162,#14163);
#14162 = CARTESIAN_POINT('',(1.600000023842,0.47075524642));
#14163 = VECTOR('',#14164,1.);
#14164 = DIRECTION('',(-1.,0.));
#14165 = ( GEOMETRIC_REPRESENTATION_CONTEXT(2) 
PARAMETRIC_REPRESENTATION_CONTEXT() REPRESENTATION_CONTEXT('2D SPACE',''
  ) );
#14166 = PCURVE('',#7580,#14167);
#14167 = DEFINITIONAL_REPRESENTATION('',(#14168),#14172);
#14168 = LINE('',#14169,#14170);
#14169 = CARTESIAN_POINT('',(1.600000023842,1.489965707486E-16));
#14170 = VECTOR('',#14171,1.);
#14171 = DIRECTION('',(-1.,0.));
#14172 = ( GEOMETRIC_REPRESENTATION_CONTEXT(2) 
PARAMETRIC_REPRESENTATION_CONTEXT() REPRESENTATION_CONTEXT('2D SPACE',''
  ) );
#14173 = ADVANCED_FACE('',(#14174),#7580,.T.);
#14174 = FACE_BOUND('',#14175,.T.);
#14175 = EDGE_LOOP('',(#14176,#14177,#14178,#14179));
#14176 = ORIENTED_EDGE('',*,*,#7564,.T.);
#14177 = ORIENTED_EDGE('',*,*,#14153,.F.);
#14178 = ORIENTED_EDGE('',*,*,#10015,.T.);
#14179 = ORIENTED_EDGE('',*,*,#14180,.T.);
#14180 = EDGE_CURVE('',#9993,#7565,#14181,.T.);
#14181 = SURFACE_CURVE('',#14182,(#14186,#14193),.PCURVE_S1.);
#14182 = LINE('',#14183,#14184);
#14183 = CARTESIAN_POINT('',(-29.86492495943,14.676651557902,
    4.80467569828));
#14184 = VECTOR('',#14185,1.);
#14185 = DIRECTION('',(1.224646799147E-16,1.499759782662E-32,-1.));
#14186 = PCURVE('',#7580,#14187);
#14187 = DEFINITIONAL_REPRESENTATION('',(#14188),#14192);
#14188 = LINE('',#14189,#14190);
#14189 = CARTESIAN_POINT('',(1.600000023842,0.470754728018));
#14190 = VECTOR('',#14191,1.);
#14191 = DIRECTION('',(-1.,0.));
#14192 = ( GEOMETRIC_REPRESENTATION_CONTEXT(2) 
PARAMETRIC_REPRESENTATION_CONTEXT() REPRESENTATION_CONTEXT('2D SPACE',''
  ) );
#14193 = PCURVE('',#7608,#14194);
#14194 = DEFINITIONAL_REPRESENTATION('',(#14195),#14199);
#14195 = LINE('',#14196,#14197);
#14196 = CARTESIAN_POINT('',(1.600000023842,1.670694218829E-16));
#14197 = VECTOR('',#14198,1.);
#14198 = DIRECTION('',(-1.,0.));
#14199 = ( GEOMETRIC_REPRESENTATION_CONTEXT(2) 
PARAMETRIC_REPRESENTATION_CONTEXT() REPRESENTATION_CONTEXT('2D SPACE',''
  ) );
#14200 = ADVANCED_FACE('',(#14201),#7608,.T.);
#14201 = FACE_BOUND('',#14202,.T.);
#14202 = EDGE_LOOP('',(#14203,#14204,#14205,#14206));
#14203 = ORIENTED_EDGE('',*,*,#7592,.T.);
#14204 = ORIENTED_EDGE('',*,*,#14180,.F.);
#14205 = ORIENTED_EDGE('',*,*,#9992,.T.);
#14206 = ORIENTED_EDGE('',*,*,#14207,.T.);
#14207 = EDGE_CURVE('',#9970,#7593,#14208,.T.);
#14208 = SURFACE_CURVE('',#14209,(#14213,#14220),.PCURVE_S1.);
#14209 = LINE('',#14210,#14211);
#14210 = CARTESIAN_POINT('',(-29.463540725,14.922619422892,4.80467569828
    ));
#14211 = VECTOR('',#14212,1.);
#14212 = DIRECTION('',(1.224646799147E-16,1.499759782662E-32,-1.));
#14213 = PCURVE('',#7608,#14214);
#14214 = DEFINITIONAL_REPRESENTATION('',(#14215),#14219);
#14215 = LINE('',#14216,#14217);
#14216 = CARTESIAN_POINT('',(1.600000023842,0.470754176036));
#14217 = VECTOR('',#14218,1.);
#14218 = DIRECTION('',(-1.,0.));
#14219 = ( GEOMETRIC_REPRESENTATION_CONTEXT(2) 
PARAMETRIC_REPRESENTATION_CONTEXT() REPRESENTATION_CONTEXT('2D SPACE',''
  ) );
#14220 = PCURVE('',#7636,#14221);
#14221 = DEFINITIONAL_REPRESENTATION('',(#14222),#14226);
#14222 = LINE('',#14223,#14224);
#14223 = CARTESIAN_POINT('',(1.600000023842,1.810280268831E-16));
#14224 = VECTOR('',#14225,1.);
#14225 = DIRECTION('',(-1.,-2.465190328816E-32));
#14226 = ( GEOMETRIC_REPRESENTATION_CONTEXT(2) 
PARAMETRIC_REPRESENTATION_CONTEXT() REPRESENTATION_CONTEXT('2D SPACE',''
  ) );
#14227 = ADVANCED_FACE('',(#14228),#7636,.T.);
#14228 = FACE_BOUND('',#14229,.T.);
#14229 = EDGE_LOOP('',(#14230,#14231,#14232,#14233));
#14230 = ORIENTED_EDGE('',*,*,#7620,.T.);
#14231 = ORIENTED_EDGE('',*,*,#14207,.F.);
#14232 = ORIENTED_EDGE('',*,*,#9969,.T.);
#14233 = ORIENTED_EDGE('',*,*,#14234,.T.);
#14234 = EDGE_CURVE('',#9947,#7621,#14235,.T.);
#14235 = SURFACE_CURVE('',#14236,(#14240,#14247),.PCURVE_S1.);
#14236 = LINE('',#14237,#14238);
#14237 = CARTESIAN_POINT('',(-29.02862029482,15.10277040861,
    4.80467569828));
#14238 = VECTOR('',#14239,1.);
#14239 = DIRECTION('',(1.224646799147E-16,1.499759782662E-32,-1.));
#14240 = PCURVE('',#7636,#14241);
#14241 = DEFINITIONAL_REPRESENTATION('',(#14242),#14246);
#14242 = LINE('',#14243,#14244);
#14243 = CARTESIAN_POINT('',(1.600000023842,0.470754881277));
#14244 = VECTOR('',#14245,1.);
#14245 = DIRECTION('',(-1.,-2.465190328816E-32));
#14246 = ( GEOMETRIC_REPRESENTATION_CONTEXT(2) 
PARAMETRIC_REPRESENTATION_CONTEXT() REPRESENTATION_CONTEXT('2D SPACE',''
  ) );
#14247 = PCURVE('',#7664,#14248);
#14248 = DEFINITIONAL_REPRESENTATION('',(#14249),#14253);
#14249 = LINE('',#14250,#14251);
#14250 = CARTESIAN_POINT('',(1.600000023842,1.905297171967E-16));
#14251 = VECTOR('',#14252,1.);
#14252 = DIRECTION('',(-1.,0.));
#14253 = ( GEOMETRIC_REPRESENTATION_CONTEXT(2) 
PARAMETRIC_REPRESENTATION_CONTEXT() REPRESENTATION_CONTEXT('2D SPACE',''
  ) );
#14254 = ADVANCED_FACE('',(#14255),#7664,.T.);
#14255 = FACE_BOUND('',#14256,.T.);
#14256 = EDGE_LOOP('',(#14257,#14258,#14259,#14260));
#14257 = ORIENTED_EDGE('',*,*,#7648,.T.);
#14258 = ORIENTED_EDGE('',*,*,#14234,.F.);
#14259 = ORIENTED_EDGE('',*,*,#9946,.T.);
#14260 = ORIENTED_EDGE('',*,*,#14261,.T.);
#14261 = EDGE_CURVE('',#9924,#7649,#14262,.T.);
#14262 = SURFACE_CURVE('',#14263,(#14267,#14274),.PCURVE_S1.);
#14263 = LINE('',#14264,#14265);
#14264 = CARTESIAN_POINT('',(-28.57087259699,15.212664207438,
    4.80467569828));
#14265 = VECTOR('',#14266,1.);
#14266 = DIRECTION('',(1.224646799147E-16,1.499759782662E-32,-1.));
#14267 = PCURVE('',#7664,#14268);
#14268 = DEFINITIONAL_REPRESENTATION('',(#14269),#14273);
#14269 = LINE('',#14270,#14271);
#14270 = CARTESIAN_POINT('',(1.600000023842,0.470754290357));
#14271 = VECTOR('',#14272,1.);
#14272 = DIRECTION('',(-1.,0.));
#14273 = ( GEOMETRIC_REPRESENTATION_CONTEXT(2) 
PARAMETRIC_REPRESENTATION_CONTEXT() REPRESENTATION_CONTEXT('2D SPACE',''
  ) );
#14274 = PCURVE('',#7692,#14275);
#14275 = DEFINITIONAL_REPRESENTATION('',(#14276),#14280);
#14276 = LINE('',#14277,#14278);
#14277 = CARTESIAN_POINT('',(0.,0.));
#14278 = VECTOR('',#14279,1.);
#14279 = DIRECTION('',(-1.,0.));
#14280 = ( GEOMETRIC_REPRESENTATION_CONTEXT(2) 
PARAMETRIC_REPRESENTATION_CONTEXT() REPRESENTATION_CONTEXT('2D SPACE',''
  ) );
#14281 = ADVANCED_FACE('',(#14282),#7692,.T.);
#14282 = FACE_BOUND('',#14283,.T.);
#14283 = EDGE_LOOP('',(#14284,#14285,#14286,#14287));
#14284 = ORIENTED_EDGE('',*,*,#7676,.T.);
#14285 = ORIENTED_EDGE('',*,*,#14261,.F.);
#14286 = ORIENTED_EDGE('',*,*,#9923,.T.);
#14287 = ORIENTED_EDGE('',*,*,#10462,.T.);
#14288 = ADVANCED_FACE('',(#14289),#1769,.T.);
#14289 = FACE_BOUND('',#14290,.T.);
#14290 = EDGE_LOOP('',(#14291,#14292,#14293,#14294));
#14291 = ORIENTED_EDGE('',*,*,#10484,.F.);
#14292 = ORIENTED_EDGE('',*,*,#10269,.F.);
#14293 = ORIENTED_EDGE('',*,*,#9849,.T.);
#14294 = ORIENTED_EDGE('',*,*,#1753,.F.);
#14295 = ( GEOMETRIC_REPRESENTATION_CONTEXT(3) 
GLOBAL_UNCERTAINTY_ASSIGNED_CONTEXT((#14299)) 
GLOBAL_UNIT_ASSIGNED_CONTEXT((#14296,#14297,#14298)) 
REPRESENTATION_CONTEXT('Context #1',
  '3D Context with UNIT and UNCERTAINTY') );
#14296 = ( LENGTH_UNIT() NAMED_UNIT(*) SI_UNIT(.MILLI.,.METRE.) );
#14297 = ( NAMED_UNIT(*) PLANE_ANGLE_UNIT() SI_UNIT($,.RADIAN.) );
#14298 = ( NAMED_UNIT(*) SI_UNIT($,.STERADIAN.) SOLID_ANGLE_UNIT() );
#14299 = UNCERTAINTY_MEASURE_WITH_UNIT(LENGTH_MEASURE(1.E-07),#14296,
  'distance_accuracy_value','confusion accuracy');
#14300 = PRODUCT_RELATED_PRODUCT_CATEGORY('part',$,(#7));
#14301 = COLOUR_RGB('Steel - Satin',0.62745098039215697,0.62745098039215697,0.62745098039215697);
#14302 = FILL_AREA_STYLE_COLOUR('Steel - Satin',#14301);
#14303 = FILL_AREA_STYLE('Steel - Satin',(#14302));
#14304 = SURFACE_STYLE_FILL_AREA(#14303);
#14305 = SURFACE_SIDE_STYLE('',(#14304));
#14306 = SURFACE_STYLE_USAGE(.BOTH.,#14305);
#14307 = PRESENTATION_STYLE_ASSIGNMENT((#14306));
#14308 = STYLED_ITEM('ShieldSigner Top Support Positioned',(#14307),#15);
#14309 = COLOUR_RGB('Opaque(160,160,160)',0.62745098039215697,0.62745098039215697,0.62745098039215697);
#14310 = MECHANICAL_DESIGN_GEOMETRIC_PRESENTATION_REPRESENTATION('',(#14308),#14295);
ENDSEC;
END-ISO-10303-21;
