ISO-10303-21;
HEADER;
FILE_DESCRIPTION(('FreeCAD Model'),'2;1');
FILE_NAME('Open CASCADE Shape Model','2026-10-03T15:52:11',('Author'),(
    ''),'Open CASCADE STEP processor 7.8','FreeCAD','Unknown');
FILE_SCHEMA(('AUTOMOTIVE_DESIGN { 1 0 10303 214 1 1 1 1 }'));
ENDSEC;
DATA;
#1 = APPLICATION_PROTOCOL_DEFINITION('international standard',
  'automotive_design',2000,#2);
#2 = APPLICATION_CONTEXT(
  'core data for automotive mechanical design processes');
#3 = SHAPE_DEFINITION_REPRESENTATION(#4,#10);
#4 = PRODUCT_DEFINITION_SHAPE('','',#5);
#5 = PRODUCT_DEFINITION('design','',#6,#9);
#6 = PRODUCT_DEFINITION_FORMATION('','',#7);
#7 = PRODUCT('DiceBox_HiddenLock_Base','DiceBox_HiddenLock_Base','',(#8)
  );
#8 = PRODUCT_CONTEXT('',#2,'mechanical');
#9 = PRODUCT_DEFINITION_CONTEXT('part definition',#2,'design');
#10 = ADVANCED_BREP_SHAPE_REPRESENTATION('',(#11,#15),#10223);
#11 = AXIS2_PLACEMENT_3D('',#12,#13,#14);
#12 = CARTESIAN_POINT('',(0.,0.,0.));
#13 = DIRECTION('',(0.,0.,1.));
#14 = DIRECTION('',(1.,0.,-0.));
#15 = MANIFOLD_SOLID_BREP('',#16);
#16 = CLOSED_SHELL('',(#17,#53,#175,#200,#225,#271,#287,#303,#321,#339,
    #351,#382,#434,#459,#511,#536,#588,#613,#659,#690,#712,#740,#762,
    #784,#800,#825,#847,#875,#897,#919,#935,#960,#982,#1010,#1032,#1054,
    #1070,#1095,#1111,#1139,#1161,#1183,#1199,#1245,#1257,#1269,#1281,
    #1293,#1321,#1343,#1365,#1381,#1423,#1451,#1473,#1495,#1511,#2273,
    #2301,#2323,#2345,#2361,#2389,#2411,#2433,#2449,#2477,#2499,#2521,
    #2537,#2565,#2587,#2609,#2625,#2653,#2675,#2697,#2713,#2741,#2763,
    #2785,#2801,#2829,#2851,#2873,#2889,#2917,#2939,#2961,#2977,#3005,
    #3027,#3049,#3065,#3093,#3115,#3137,#3153,#3181,#3203,#3225,#3241,
    #3269,#3291,#3313,#3329,#3357,#3379,#3401,#3417,#3445,#3467,#3489,
    #3505,#3533,#3555,#3577,#3593,#3621,#3643,#3665,#3681,#3709,#3731,
    #3753,#3769,#3797,#3819,#3841,#3857,#3885,#3907,#3929,#3945,#3973,
    #3995,#4017,#4033,#4061,#4083,#4105,#4121,#4149,#4171,#4193,#4209,
    #4237,#4259,#4281,#4297,#4325,#4347,#4369,#4385,#4413,#4435,#4457,
    #4473,#4515,#4557,#4599,#4641,#4683,#4725,#4767,#4809,#4851,#4893,
    #4935,#4977,#5019,#5061,#5103,#5145,#5187,#5229,#5271,#5313,#5355,
    #5397,#5439,#5481,#5523,#5551,#5573,#5595,#5611,#5639,#5661,#5683,
    #5699,#5727,#5749,#5771,#5787,#5815,#5837,#5859,#5875,#5903,#5925,
    #5947,#5963,#5991,#6013,#6035,#6051,#6079,#6101,#6123,#6139,#6167,
    #6189,#6211,#6227,#6255,#6277,#6299,#6315,#6343,#6365,#6387,#6403,
    #6431,#6453,#6475,#6491,#6519,#6541,#6563,#6579,#6607,#6629,#6651,
    #6667,#6695,#6717,#6739,#6755,#6783,#6805,#6827,#6843,#6871,#6893,
    #6915,#6931,#6959,#6981,#7003,#7019,#7047,#7069,#7091,#7107,#7135,
    #7157,#7179,#7195,#7223,#7245,#7267,#7283,#7311,#7333,#7355,#7371,
    #7399,#7421,#7443,#7459,#7487,#7509,#7531,#7547,#7575,#7597,#7619,
    #7635,#7663,#7685,#7707,#7723,#7751,#7773,#7795,#7811,#7839,#7861,
    #7883,#7899,#7927,#7949,#7971,#7987,#8015,#8037,#8059,#8075,#8103,
    #8125,#8147,#8163,#8191,#8213,#8235,#8251,#8279,#8301,#8323,#8339,
    #8367,#8389,#8411,#8427,#8455,#8477,#8499,#8515,#8543,#8565,#8587,
    #8603,#8631,#8653,#8675,#8691,#8719,#8741,#8763,#8779,#8807,#8829,
    #8851,#8867,#8895,#8917,#8939,#8955,#8983,#9005,#9027,#9043,#9071,
    #9093,#9115,#9131,#9159,#9181,#9203,#9219,#9247,#9269,#9291,#9307,
    #9335,#9357,#9379,#9395,#9423,#9445,#9467,#9483,#9511,#9533,#9555,
    #9571,#9599,#9621,#9643,#9659,#9687,#9709,#9731,#9747,#9775,#9797,
    #9819,#9835,#9863,#9885,#9907,#9923,#9935,#9947,#9959,#9971,#9983,
    #9995,#10007,#10019,#10031,#10043,#10055,#10067,#10079,#10091,#10103
    ,#10115,#10127,#10139,#10151,#10163,#10175,#10187,#10199,#10211));
#17 = ADVANCED_FACE('',(#18),#48,.F.);
#18 = FACE_BOUND('',#19,.F.);
#19 = EDGE_LOOP('',(#20,#29,#36,#43));
#20 = ORIENTED_EDGE('',*,*,#21,.F.);
#21 = EDGE_CURVE('',#22,#24,#26,.T.);
#22 = VERTEX_POINT('',#23);
#23 = CARTESIAN_POINT('',(-29.,-25.,5.8));
#24 = VERTEX_POINT('',#25);
#25 = CARTESIAN_POINT('',(-29.,25.,5.8));
#26 = B_SPLINE_CURVE_WITH_KNOTS('',1,(#27,#28),.UNSPECIFIED.,.F.,.F.,(2,
    2),(4.,54.),.PIECEWISE_BEZIER_KNOTS.);
#27 = CARTESIAN_POINT('',(-29.,-25.,5.8));
#28 = CARTESIAN_POINT('',(-29.,25.,5.8));
#29 = ORIENTED_EDGE('',*,*,#30,.F.);
#30 = EDGE_CURVE('',#31,#22,#33,.T.);
#31 = VERTEX_POINT('',#32);
#32 = CARTESIAN_POINT('',(-29.,-25.,0.));
#33 = B_SPLINE_CURVE_WITH_KNOTS('',1,(#34,#35),.UNSPECIFIED.,.F.,.F.,(2,
    2),(0.,5.8),.PIECEWISE_BEZIER_KNOTS.);
#34 = CARTESIAN_POINT('',(-29.,-25.,0.));
#35 = CARTESIAN_POINT('',(-29.,-25.,5.8));
#36 = ORIENTED_EDGE('',*,*,#37,.T.);
#37 = EDGE_CURVE('',#31,#38,#40,.T.);
#38 = VERTEX_POINT('',#39);
#39 = CARTESIAN_POINT('',(-29.,25.,0.));
#40 = B_SPLINE_CURVE_WITH_KNOTS('',1,(#41,#42),.UNSPECIFIED.,.F.,.F.,(2,
    2),(4.,54.),.PIECEWISE_BEZIER_KNOTS.);
#41 = CARTESIAN_POINT('',(-29.,-25.,0.));
#42 = CARTESIAN_POINT('',(-29.,25.,0.));
#43 = ORIENTED_EDGE('',*,*,#44,.T.);
#44 = EDGE_CURVE('',#38,#24,#45,.T.);
#45 = B_SPLINE_CURVE_WITH_KNOTS('',1,(#46,#47),.UNSPECIFIED.,.F.,.F.,(2,
    2),(0.,5.8),.PIECEWISE_BEZIER_KNOTS.);
#46 = CARTESIAN_POINT('',(-29.,25.,0.));
#47 = CARTESIAN_POINT('',(-29.,25.,5.8));
#48 = B_SPLINE_SURFACE_WITH_KNOTS('',1,1,(
    (#49,#50)
    ,(#51,#52
    )),.UNSPECIFIED.,.F.,.F.,.F.,(2,2),(2,2),(0.,5.8),(-54.,-4.),
  .PIECEWISE_BEZIER_KNOTS.);
#49 = CARTESIAN_POINT('',(-29.,25.,0.));
#50 = CARTESIAN_POINT('',(-29.,-25.,0.));
#51 = CARTESIAN_POINT('',(-29.,25.,5.8));
#52 = CARTESIAN_POINT('',(-29.,-25.,5.8));
#53 = ADVANCED_FACE('',(#54,#108),#170,.T.);
#54 = FACE_BOUND('',#55,.T.);
#55 = EDGE_LOOP('',(#56,#57,#65,#72,#80,#87,#95,#102));
#56 = ORIENTED_EDGE('',*,*,#21,.F.);
#57 = ORIENTED_EDGE('',*,*,#58,.T.);
#58 = EDGE_CURVE('',#22,#59,#61,.T.);
#59 = VERTEX_POINT('',#60);
#60 = CARTESIAN_POINT('',(-25.,-29.,5.8));
#61 = ( BOUNDED_CURVE() B_SPLINE_CURVE(2,(#62,#63,#64),.UNSPECIFIED.,.F.
,.F.) B_SPLINE_CURVE_WITH_KNOTS((3,3),(4.712388980385,6.28318530718),
.PIECEWISE_BEZIER_KNOTS.) CURVE() GEOMETRIC_REPRESENTATION_ITEM() 
RATIONAL_B_SPLINE_CURVE((1.,0.707106781187,1.)) REPRESENTATION_ITEM('') 
  );
#62 = CARTESIAN_POINT('',(-29.,-25.,5.8));
#63 = CARTESIAN_POINT('',(-29.,-29.,5.8));
#64 = CARTESIAN_POINT('',(-25.,-29.,5.8));
#65 = ORIENTED_EDGE('',*,*,#66,.T.);
#66 = EDGE_CURVE('',#59,#67,#69,.T.);
#67 = VERTEX_POINT('',#68);
#68 = CARTESIAN_POINT('',(25.,-29.,5.8));
#69 = B_SPLINE_CURVE_WITH_KNOTS('',1,(#70,#71),.UNSPECIFIED.,.F.,.F.,(2,
    2),(4.,54.),.PIECEWISE_BEZIER_KNOTS.);
#70 = CARTESIAN_POINT('',(-25.,-29.,5.8));
#71 = CARTESIAN_POINT('',(25.,-29.,5.8));
#72 = ORIENTED_EDGE('',*,*,#73,.F.);
#73 = EDGE_CURVE('',#74,#67,#76,.T.);
#74 = VERTEX_POINT('',#75);
#75 = CARTESIAN_POINT('',(29.,-25.,5.8));
#76 = ( BOUNDED_CURVE() B_SPLINE_CURVE(2,(#77,#78,#79),.UNSPECIFIED.,.F.
,.F.) B_SPLINE_CURVE_WITH_KNOTS((3,3),(4.712388980385,6.28318530718),
.PIECEWISE_BEZIER_KNOTS.) CURVE() GEOMETRIC_REPRESENTATION_ITEM() 
RATIONAL_B_SPLINE_CURVE((1.,0.707106781187,1.)) REPRESENTATION_ITEM('') 
  );
#77 = CARTESIAN_POINT('',(29.,-25.,5.8));
#78 = CARTESIAN_POINT('',(29.,-29.,5.8));
#79 = CARTESIAN_POINT('',(25.,-29.,5.8));
#80 = ORIENTED_EDGE('',*,*,#81,.T.);
#81 = EDGE_CURVE('',#74,#82,#84,.T.);
#82 = VERTEX_POINT('',#83);
#83 = CARTESIAN_POINT('',(29.,25.,5.8));
#84 = B_SPLINE_CURVE_WITH_KNOTS('',1,(#85,#86),.UNSPECIFIED.,.F.,.F.,(2,
    2),(4.,54.),.PIECEWISE_BEZIER_KNOTS.);
#85 = CARTESIAN_POINT('',(29.,-25.,5.8));
#86 = CARTESIAN_POINT('',(29.,25.,5.8));
#87 = ORIENTED_EDGE('',*,*,#88,.T.);
#88 = EDGE_CURVE('',#82,#89,#91,.T.);
#89 = VERTEX_POINT('',#90);
#90 = CARTESIAN_POINT('',(25.,29.,5.8));
#91 = ( BOUNDED_CURVE() B_SPLINE_CURVE(2,(#92,#93,#94),.UNSPECIFIED.,.F.
,.F.) B_SPLINE_CURVE_WITH_KNOTS((3,3),(1.570796326795,3.14159265359),
.PIECEWISE_BEZIER_KNOTS.) CURVE() GEOMETRIC_REPRESENTATION_ITEM() 
RATIONAL_B_SPLINE_CURVE((1.,0.707106781187,1.)) REPRESENTATION_ITEM('') 
  );
#92 = CARTESIAN_POINT('',(29.,25.,5.8));
#93 = CARTESIAN_POINT('',(29.,29.,5.8));
#94 = CARTESIAN_POINT('',(25.,29.,5.8));
#95 = ORIENTED_EDGE('',*,*,#96,.F.);
#96 = EDGE_CURVE('',#97,#89,#99,.T.);
#97 = VERTEX_POINT('',#98);
#98 = CARTESIAN_POINT('',(-25.,29.,5.8));
#99 = B_SPLINE_CURVE_WITH_KNOTS('',1,(#100,#101),.UNSPECIFIED.,.F.,.F.,(
    2,2),(4.,54.),.PIECEWISE_BEZIER_KNOTS.);
#100 = CARTESIAN_POINT('',(-25.,29.,5.8));
#101 = CARTESIAN_POINT('',(25.,29.,5.8));
#102 = ORIENTED_EDGE('',*,*,#103,.F.);
#103 = EDGE_CURVE('',#24,#97,#104,.T.);
#104 = ( BOUNDED_CURVE() B_SPLINE_CURVE(2,(#105,#106,#107),
.UNSPECIFIED.,.F.,.F.) B_SPLINE_CURVE_WITH_KNOTS((3,3),(1.570796326795,
3.14159265359),.PIECEWISE_BEZIER_KNOTS.) CURVE() 
GEOMETRIC_REPRESENTATION_ITEM() RATIONAL_B_SPLINE_CURVE((1.,
0.707106781187,1.)) REPRESENTATION_ITEM('') );
#105 = CARTESIAN_POINT('',(-29.,25.,5.8));
#106 = CARTESIAN_POINT('',(-29.,29.,5.8));
#107 = CARTESIAN_POINT('',(-25.,29.,5.8));
#108 = FACE_BOUND('',#109,.T.);
#109 = EDGE_LOOP('',(#110,#120,#127,#135,#142,#150,#157,#165));
#110 = ORIENTED_EDGE('',*,*,#111,.F.);
#111 = EDGE_CURVE('',#112,#114,#116,.T.);
#112 = VERTEX_POINT('',#113);
#113 = CARTESIAN_POINT('',(-26.5,-25.,5.8));
#114 = VERTEX_POINT('',#115);
#115 = CARTESIAN_POINT('',(-25.,-26.5,5.8));
#116 = ( BOUNDED_CURVE() B_SPLINE_CURVE(2,(#117,#118,#119),
.UNSPECIFIED.,.F.,.F.) B_SPLINE_CURVE_WITH_KNOTS((3,3),(4.712388980385,
6.28318530718),.PIECEWISE_BEZIER_KNOTS.) CURVE() 
GEOMETRIC_REPRESENTATION_ITEM() RATIONAL_B_SPLINE_CURVE((1.,
0.707106781187,1.)) REPRESENTATION_ITEM('') );
#117 = CARTESIAN_POINT('',(-26.5,-25.,5.8));
#118 = CARTESIAN_POINT('',(-26.5,-26.5,5.8));
#119 = CARTESIAN_POINT('',(-25.,-26.5,5.8));
#120 = ORIENTED_EDGE('',*,*,#121,.T.);
#121 = EDGE_CURVE('',#112,#122,#124,.T.);
#122 = VERTEX_POINT('',#123);
#123 = CARTESIAN_POINT('',(-26.5,25.,5.8));
#124 = B_SPLINE_CURVE_WITH_KNOTS('',1,(#125,#126),.UNSPECIFIED.,.F.,.F.,
  (2,2),(1.5,51.5),.PIECEWISE_BEZIER_KNOTS.);
#125 = CARTESIAN_POINT('',(-26.5,-25.,5.8));
#126 = CARTESIAN_POINT('',(-26.5,25.,5.8));
#127 = ORIENTED_EDGE('',*,*,#128,.T.);
#128 = EDGE_CURVE('',#122,#129,#131,.T.);
#129 = VERTEX_POINT('',#130);
#130 = CARTESIAN_POINT('',(-25.,26.5,5.8));
#131 = ( BOUNDED_CURVE() B_SPLINE_CURVE(2,(#132,#133,#134),
.UNSPECIFIED.,.F.,.F.) B_SPLINE_CURVE_WITH_KNOTS((3,3),(1.570796326795,
3.14159265359),.PIECEWISE_BEZIER_KNOTS.) CURVE() 
GEOMETRIC_REPRESENTATION_ITEM() RATIONAL_B_SPLINE_CURVE((1.,
0.707106781187,1.)) REPRESENTATION_ITEM('') );
#132 = CARTESIAN_POINT('',(-26.5,25.,5.8));
#133 = CARTESIAN_POINT('',(-26.5,26.5,5.8));
#134 = CARTESIAN_POINT('',(-25.,26.5,5.8));
#135 = ORIENTED_EDGE('',*,*,#136,.T.);
#136 = EDGE_CURVE('',#129,#137,#139,.T.);
#137 = VERTEX_POINT('',#138);
#138 = CARTESIAN_POINT('',(25.,26.5,5.8));
#139 = B_SPLINE_CURVE_WITH_KNOTS('',1,(#140,#141),.UNSPECIFIED.,.F.,.F.,
  (2,2),(1.5,51.5),.PIECEWISE_BEZIER_KNOTS.);
#140 = CARTESIAN_POINT('',(-25.,26.5,5.8));
#141 = CARTESIAN_POINT('',(25.,26.5,5.8));
#142 = ORIENTED_EDGE('',*,*,#143,.F.);
#143 = EDGE_CURVE('',#144,#137,#146,.T.);
#144 = VERTEX_POINT('',#145);
#145 = CARTESIAN_POINT('',(26.5,25.,5.8));
#146 = ( BOUNDED_CURVE() B_SPLINE_CURVE(2,(#147,#148,#149),
.UNSPECIFIED.,.F.,.F.) B_SPLINE_CURVE_WITH_KNOTS((3,3),(1.570796326795,
3.14159265359),.PIECEWISE_BEZIER_KNOTS.) CURVE() 
GEOMETRIC_REPRESENTATION_ITEM() RATIONAL_B_SPLINE_CURVE((1.,
0.707106781187,1.)) REPRESENTATION_ITEM('') );
#147 = CARTESIAN_POINT('',(26.5,25.,5.8));
#148 = CARTESIAN_POINT('',(26.5,26.5,5.8));
#149 = CARTESIAN_POINT('',(25.,26.5,5.8));
#150 = ORIENTED_EDGE('',*,*,#151,.F.);
#151 = EDGE_CURVE('',#152,#144,#154,.T.);
#152 = VERTEX_POINT('',#153);
#153 = CARTESIAN_POINT('',(26.5,-25.,5.8));
#154 = B_SPLINE_CURVE_WITH_KNOTS('',1,(#155,#156),.UNSPECIFIED.,.F.,.F.,
  (2,2),(1.5,51.5),.PIECEWISE_BEZIER_KNOTS.);
#155 = CARTESIAN_POINT('',(26.5,-25.,5.8));
#156 = CARTESIAN_POINT('',(26.5,25.,5.8));
#157 = ORIENTED_EDGE('',*,*,#158,.T.);
#158 = EDGE_CURVE('',#152,#159,#161,.T.);
#159 = VERTEX_POINT('',#160);
#160 = CARTESIAN_POINT('',(25.,-26.5,5.8));
#161 = ( BOUNDED_CURVE() B_SPLINE_CURVE(2,(#162,#163,#164),
.UNSPECIFIED.,.F.,.F.) B_SPLINE_CURVE_WITH_KNOTS((3,3),(4.712388980385,
6.28318530718),.PIECEWISE_BEZIER_KNOTS.) CURVE() 
GEOMETRIC_REPRESENTATION_ITEM() RATIONAL_B_SPLINE_CURVE((1.,
0.707106781187,1.)) REPRESENTATION_ITEM('') );
#162 = CARTESIAN_POINT('',(26.5,-25.,5.8));
#163 = CARTESIAN_POINT('',(26.5,-26.5,5.8));
#164 = CARTESIAN_POINT('',(25.,-26.5,5.8));
#165 = ORIENTED_EDGE('',*,*,#166,.F.);
#166 = EDGE_CURVE('',#114,#159,#167,.T.);
#167 = B_SPLINE_CURVE_WITH_KNOTS('',1,(#168,#169),.UNSPECIFIED.,.F.,.F.,
  (2,2),(1.5,51.5),.PIECEWISE_BEZIER_KNOTS.);
#168 = CARTESIAN_POINT('',(-25.,-26.5,5.8));
#169 = CARTESIAN_POINT('',(25.,-26.5,5.8));
#170 = B_SPLINE_SURFACE_WITH_KNOTS('',1,1,(
    (#171,#172)
    ,(#173,#174
    )),.UNSPECIFIED.,.F.,.F.,.F.,(2,2),(2,2),(0.,58.),(0.,58.),
  .PIECEWISE_BEZIER_KNOTS.);
#171 = CARTESIAN_POINT('',(-29.,-29.,5.8));
#172 = CARTESIAN_POINT('',(-29.,29.,5.8));
#173 = CARTESIAN_POINT('',(29.,-29.,5.8));
#174 = CARTESIAN_POINT('',(29.,29.,5.8));
#175 = ADVANCED_FACE('',(#176),#193,.T.);
#176 = FACE_BOUND('',#177,.T.);
#177 = EDGE_LOOP('',(#178,#186,#191,#192));
#178 = ORIENTED_EDGE('',*,*,#179,.T.);
#179 = EDGE_CURVE('',#31,#180,#182,.T.);
#180 = VERTEX_POINT('',#181);
#181 = CARTESIAN_POINT('',(-25.,-29.,0.));
#182 = ( BOUNDED_CURVE() B_SPLINE_CURVE(2,(#183,#184,#185),
.UNSPECIFIED.,.F.,.F.) B_SPLINE_CURVE_WITH_KNOTS((3,3),(4.712388980385,
6.28318530718),.PIECEWISE_BEZIER_KNOTS.) CURVE() 
GEOMETRIC_REPRESENTATION_ITEM() RATIONAL_B_SPLINE_CURVE((1.,
0.707106781187,1.)) REPRESENTATION_ITEM('') );
#183 = CARTESIAN_POINT('',(-29.,-25.,0.));
#184 = CARTESIAN_POINT('',(-29.,-29.,0.));
#185 = CARTESIAN_POINT('',(-25.,-29.,0.));
#186 = ORIENTED_EDGE('',*,*,#187,.T.);
#187 = EDGE_CURVE('',#180,#59,#188,.T.);
#188 = B_SPLINE_CURVE_WITH_KNOTS('',1,(#189,#190),.UNSPECIFIED.,.F.,.F.,
  (2,2),(0.,5.8),.PIECEWISE_BEZIER_KNOTS.);
#189 = CARTESIAN_POINT('',(-25.,-29.,0.));
#190 = CARTESIAN_POINT('',(-25.,-29.,5.8));
#191 = ORIENTED_EDGE('',*,*,#58,.F.);
#192 = ORIENTED_EDGE('',*,*,#30,.F.);
#193 = ( BOUNDED_SURFACE() B_SPLINE_SURFACE(2,1,(
    (#194,#195)
    ,(#196,#197)
,(#198,#199
    )),.UNSPECIFIED.,.F.,.F.,.F.) B_SPLINE_SURFACE_WITH_KNOTS((3,3),(2,2
    ),(0.,1.570796326795),(0.,5.8),.PIECEWISE_BEZIER_KNOTS.) 
GEOMETRIC_REPRESENTATION_ITEM() RATIONAL_B_SPLINE_SURFACE((
    (1.,1.)
    ,(0.707106781187,0.707106781187)
,(1.,1.))) REPRESENTATION_ITEM('') SURFACE() );
#194 = CARTESIAN_POINT('',(-29.,-25.,0.));
#195 = CARTESIAN_POINT('',(-29.,-25.,5.8));
#196 = CARTESIAN_POINT('',(-29.,-29.,0.));
#197 = CARTESIAN_POINT('',(-29.,-29.,5.8));
#198 = CARTESIAN_POINT('',(-25.,-29.,0.));
#199 = CARTESIAN_POINT('',(-25.,-29.,5.8));
#200 = ADVANCED_FACE('',(#201),#218,.F.);
#201 = FACE_BOUND('',#202,.F.);
#202 = EDGE_LOOP('',(#203,#211,#216,#217));
#203 = ORIENTED_EDGE('',*,*,#204,.T.);
#204 = EDGE_CURVE('',#38,#205,#207,.T.);
#205 = VERTEX_POINT('',#206);
#206 = CARTESIAN_POINT('',(-25.,29.,0.));
#207 = ( BOUNDED_CURVE() B_SPLINE_CURVE(2,(#208,#209,#210),
.UNSPECIFIED.,.F.,.F.) B_SPLINE_CURVE_WITH_KNOTS((3,3),(1.570796326795,
3.14159265359),.PIECEWISE_BEZIER_KNOTS.) CURVE() 
GEOMETRIC_REPRESENTATION_ITEM() RATIONAL_B_SPLINE_CURVE((1.,
0.707106781187,1.)) REPRESENTATION_ITEM('') );
#208 = CARTESIAN_POINT('',(-29.,25.,0.));
#209 = CARTESIAN_POINT('',(-29.,29.,0.));
#210 = CARTESIAN_POINT('',(-25.,29.,0.));
#211 = ORIENTED_EDGE('',*,*,#212,.T.);
#212 = EDGE_CURVE('',#205,#97,#213,.T.);
#213 = B_SPLINE_CURVE_WITH_KNOTS('',1,(#214,#215),.UNSPECIFIED.,.F.,.F.,
  (2,2),(0.,5.8),.PIECEWISE_BEZIER_KNOTS.);
#214 = CARTESIAN_POINT('',(-25.,29.,0.));
#215 = CARTESIAN_POINT('',(-25.,29.,5.8));
#216 = ORIENTED_EDGE('',*,*,#103,.F.);
#217 = ORIENTED_EDGE('',*,*,#44,.F.);
#218 = ( BOUNDED_SURFACE() B_SPLINE_SURFACE(2,1,(
    (#219,#220)
    ,(#221,#222)
,(#223,#224
    )),.UNSPECIFIED.,.F.,.F.,.F.) B_SPLINE_SURFACE_WITH_KNOTS((3,3),(2,2
    ),(0.,1.570796326795),(0.,5.8),.PIECEWISE_BEZIER_KNOTS.) 
GEOMETRIC_REPRESENTATION_ITEM() RATIONAL_B_SPLINE_SURFACE((
    (1.,1.)
    ,(0.707106781187,0.707106781187)
,(1.,1.))) REPRESENTATION_ITEM('') SURFACE() );
#219 = CARTESIAN_POINT('',(-29.,25.,0.));
#220 = CARTESIAN_POINT('',(-29.,25.,5.8));
#221 = CARTESIAN_POINT('',(-29.,29.,0.));
#222 = CARTESIAN_POINT('',(-29.,29.,5.8));
#223 = CARTESIAN_POINT('',(-25.,29.,0.));
#224 = CARTESIAN_POINT('',(-25.,29.,5.8));
#225 = ADVANCED_FACE('',(#226),#266,.F.);
#226 = FACE_BOUND('',#227,.F.);
#227 = EDGE_LOOP('',(#228,#229,#230,#237,#245,#252,#260,#265));
#228 = ORIENTED_EDGE('',*,*,#37,.F.);
#229 = ORIENTED_EDGE('',*,*,#179,.T.);
#230 = ORIENTED_EDGE('',*,*,#231,.T.);
#231 = EDGE_CURVE('',#180,#232,#234,.T.);
#232 = VERTEX_POINT('',#233);
#233 = CARTESIAN_POINT('',(25.,-29.,0.));
#234 = B_SPLINE_CURVE_WITH_KNOTS('',1,(#235,#236),.UNSPECIFIED.,.F.,.F.,
  (2,2),(4.,54.),.PIECEWISE_BEZIER_KNOTS.);
#235 = CARTESIAN_POINT('',(-25.,-29.,0.));
#236 = CARTESIAN_POINT('',(25.,-29.,0.));
#237 = ORIENTED_EDGE('',*,*,#238,.F.);
#238 = EDGE_CURVE('',#239,#232,#241,.T.);
#239 = VERTEX_POINT('',#240);
#240 = CARTESIAN_POINT('',(29.,-25.,0.));
#241 = ( BOUNDED_CURVE() B_SPLINE_CURVE(2,(#242,#243,#244),
.UNSPECIFIED.,.F.,.F.) B_SPLINE_CURVE_WITH_KNOTS((3,3),(4.712388980385,
6.28318530718),.PIECEWISE_BEZIER_KNOTS.) CURVE() 
GEOMETRIC_REPRESENTATION_ITEM() RATIONAL_B_SPLINE_CURVE((1.,
0.707106781187,1.)) REPRESENTATION_ITEM('') );
#242 = CARTESIAN_POINT('',(29.,-25.,0.));
#243 = CARTESIAN_POINT('',(29.,-29.,0.));
#244 = CARTESIAN_POINT('',(25.,-29.,0.));
#245 = ORIENTED_EDGE('',*,*,#246,.T.);
#246 = EDGE_CURVE('',#239,#247,#249,.T.);
#247 = VERTEX_POINT('',#248);
#248 = CARTESIAN_POINT('',(29.,25.,0.));
#249 = B_SPLINE_CURVE_WITH_KNOTS('',1,(#250,#251),.UNSPECIFIED.,.F.,.F.,
  (2,2),(4.,54.),.PIECEWISE_BEZIER_KNOTS.);
#250 = CARTESIAN_POINT('',(29.,-25.,0.));
#251 = CARTESIAN_POINT('',(29.,25.,0.));
#252 = ORIENTED_EDGE('',*,*,#253,.T.);
#253 = EDGE_CURVE('',#247,#254,#256,.T.);
#254 = VERTEX_POINT('',#255);
#255 = CARTESIAN_POINT('',(25.,29.,0.));
#256 = ( BOUNDED_CURVE() B_SPLINE_CURVE(2,(#257,#258,#259),
.UNSPECIFIED.,.F.,.F.) B_SPLINE_CURVE_WITH_KNOTS((3,3),(1.570796326795,
3.14159265359),.PIECEWISE_BEZIER_KNOTS.) CURVE() 
GEOMETRIC_REPRESENTATION_ITEM() RATIONAL_B_SPLINE_CURVE((1.,
0.707106781187,1.)) REPRESENTATION_ITEM('') );
#257 = CARTESIAN_POINT('',(29.,25.,0.));
#258 = CARTESIAN_POINT('',(29.,29.,0.));
#259 = CARTESIAN_POINT('',(25.,29.,0.));
#260 = ORIENTED_EDGE('',*,*,#261,.F.);
#261 = EDGE_CURVE('',#205,#254,#262,.T.);
#262 = B_SPLINE_CURVE_WITH_KNOTS('',1,(#263,#264),.UNSPECIFIED.,.F.,.F.,
  (2,2),(4.,54.),.PIECEWISE_BEZIER_KNOTS.);
#263 = CARTESIAN_POINT('',(-25.,29.,0.));
#264 = CARTESIAN_POINT('',(25.,29.,0.));
#265 = ORIENTED_EDGE('',*,*,#204,.F.);
#266 = B_SPLINE_SURFACE_WITH_KNOTS('',1,1,(
    (#267,#268)
    ,(#269,#270
    )),.UNSPECIFIED.,.F.,.F.,.F.,(2,2),(2,2),(0.,58.),(0.,58.),
  .PIECEWISE_BEZIER_KNOTS.);
#267 = CARTESIAN_POINT('',(-29.,-29.,0.));
#268 = CARTESIAN_POINT('',(-29.,29.,0.));
#269 = CARTESIAN_POINT('',(29.,-29.,0.));
#270 = CARTESIAN_POINT('',(29.,29.,0.));
#271 = ADVANCED_FACE('',(#272),#282,.F.);
#272 = FACE_BOUND('',#273,.F.);
#273 = EDGE_LOOP('',(#274,#275,#276,#277));
#274 = ORIENTED_EDGE('',*,*,#231,.F.);
#275 = ORIENTED_EDGE('',*,*,#187,.T.);
#276 = ORIENTED_EDGE('',*,*,#66,.T.);
#277 = ORIENTED_EDGE('',*,*,#278,.F.);
#278 = EDGE_CURVE('',#232,#67,#279,.T.);
#279 = B_SPLINE_CURVE_WITH_KNOTS('',1,(#280,#281),.UNSPECIFIED.,.F.,.F.,
  (2,2),(0.,5.8),.PIECEWISE_BEZIER_KNOTS.);
#280 = CARTESIAN_POINT('',(25.,-29.,0.));
#281 = CARTESIAN_POINT('',(25.,-29.,5.8));
#282 = B_SPLINE_SURFACE_WITH_KNOTS('',1,1,(
    (#283,#284)
    ,(#285,#286
    )),.UNSPECIFIED.,.F.,.F.,.F.,(2,2),(2,2),(0.,5.8),(4.,54.),
  .PIECEWISE_BEZIER_KNOTS.);
#283 = CARTESIAN_POINT('',(-25.,-29.,0.));
#284 = CARTESIAN_POINT('',(25.,-29.,0.));
#285 = CARTESIAN_POINT('',(-25.,-29.,5.8));
#286 = CARTESIAN_POINT('',(25.,-29.,5.8));
#287 = ADVANCED_FACE('',(#288),#298,.T.);
#288 = FACE_BOUND('',#289,.T.);
#289 = EDGE_LOOP('',(#290,#291,#292,#293));
#290 = ORIENTED_EDGE('',*,*,#261,.F.);
#291 = ORIENTED_EDGE('',*,*,#212,.T.);
#292 = ORIENTED_EDGE('',*,*,#96,.T.);
#293 = ORIENTED_EDGE('',*,*,#294,.F.);
#294 = EDGE_CURVE('',#254,#89,#295,.T.);
#295 = B_SPLINE_CURVE_WITH_KNOTS('',1,(#296,#297),.UNSPECIFIED.,.F.,.F.,
  (2,2),(0.,5.8),.PIECEWISE_BEZIER_KNOTS.);
#296 = CARTESIAN_POINT('',(25.,29.,0.));
#297 = CARTESIAN_POINT('',(25.,29.,5.8));
#298 = B_SPLINE_SURFACE_WITH_KNOTS('',1,1,(
    (#299,#300)
    ,(#301,#302
    )),.UNSPECIFIED.,.F.,.F.,.F.,(2,2),(2,2),(0.,5.8),(4.,54.),
  .PIECEWISE_BEZIER_KNOTS.);
#299 = CARTESIAN_POINT('',(-25.,29.,0.));
#300 = CARTESIAN_POINT('',(25.,29.,0.));
#301 = CARTESIAN_POINT('',(-25.,29.,5.8));
#302 = CARTESIAN_POINT('',(25.,29.,5.8));
#303 = ADVANCED_FACE('',(#304),#314,.F.);
#304 = FACE_BOUND('',#305,.F.);
#305 = EDGE_LOOP('',(#306,#307,#308,#309));
#306 = ORIENTED_EDGE('',*,*,#238,.T.);
#307 = ORIENTED_EDGE('',*,*,#278,.T.);
#308 = ORIENTED_EDGE('',*,*,#73,.F.);
#309 = ORIENTED_EDGE('',*,*,#310,.F.);
#310 = EDGE_CURVE('',#239,#74,#311,.T.);
#311 = B_SPLINE_CURVE_WITH_KNOTS('',1,(#312,#313),.UNSPECIFIED.,.F.,.F.,
  (2,2),(0.,5.8),.PIECEWISE_BEZIER_KNOTS.);
#312 = CARTESIAN_POINT('',(29.,-25.,0.));
#313 = CARTESIAN_POINT('',(29.,-25.,5.8));
#314 = ( BOUNDED_SURFACE() B_SPLINE_SURFACE(2,1,(
    (#315,#316)
    ,(#317,#318)
,(#319,#320
    )),.UNSPECIFIED.,.F.,.F.,.F.) B_SPLINE_SURFACE_WITH_KNOTS((3,3),(2,2
    ),(0.,1.570796326795),(0.,5.8),.PIECEWISE_BEZIER_KNOTS.) 
GEOMETRIC_REPRESENTATION_ITEM() RATIONAL_B_SPLINE_SURFACE((
    (1.,1.)
    ,(0.707106781187,0.707106781187)
,(1.,1.))) REPRESENTATION_ITEM('') SURFACE() );
#315 = CARTESIAN_POINT('',(29.,-25.,0.));
#316 = CARTESIAN_POINT('',(29.,-25.,5.8));
#317 = CARTESIAN_POINT('',(29.,-29.,0.));
#318 = CARTESIAN_POINT('',(29.,-29.,5.8));
#319 = CARTESIAN_POINT('',(25.,-29.,0.));
#320 = CARTESIAN_POINT('',(25.,-29.,5.8));
#321 = ADVANCED_FACE('',(#322),#332,.T.);
#322 = FACE_BOUND('',#323,.T.);
#323 = EDGE_LOOP('',(#324,#325,#326,#327));
#324 = ORIENTED_EDGE('',*,*,#253,.T.);
#325 = ORIENTED_EDGE('',*,*,#294,.T.);
#326 = ORIENTED_EDGE('',*,*,#88,.F.);
#327 = ORIENTED_EDGE('',*,*,#328,.F.);
#328 = EDGE_CURVE('',#247,#82,#329,.T.);
#329 = B_SPLINE_CURVE_WITH_KNOTS('',1,(#330,#331),.UNSPECIFIED.,.F.,.F.,
  (2,2),(0.,5.8),.PIECEWISE_BEZIER_KNOTS.);
#330 = CARTESIAN_POINT('',(29.,25.,0.));
#331 = CARTESIAN_POINT('',(29.,25.,5.8));
#332 = ( BOUNDED_SURFACE() B_SPLINE_SURFACE(2,1,(
    (#333,#334)
    ,(#335,#336)
,(#337,#338
    )),.UNSPECIFIED.,.F.,.F.,.F.) B_SPLINE_SURFACE_WITH_KNOTS((3,3),(2,2
    ),(0.,1.570796326795),(0.,5.8),.PIECEWISE_BEZIER_KNOTS.) 
GEOMETRIC_REPRESENTATION_ITEM() RATIONAL_B_SPLINE_SURFACE((
    (1.,1.)
    ,(0.707106781187,0.707106781187)
,(1.,1.))) REPRESENTATION_ITEM('') SURFACE() );
#333 = CARTESIAN_POINT('',(29.,25.,0.));
#334 = CARTESIAN_POINT('',(29.,25.,5.8));
#335 = CARTESIAN_POINT('',(29.,29.,0.));
#336 = CARTESIAN_POINT('',(29.,29.,5.8));
#337 = CARTESIAN_POINT('',(25.,29.,0.));
#338 = CARTESIAN_POINT('',(25.,29.,5.8));
#339 = ADVANCED_FACE('',(#340),#346,.T.);
#340 = FACE_BOUND('',#341,.T.);
#341 = EDGE_LOOP('',(#342,#343,#344,#345));
#342 = ORIENTED_EDGE('',*,*,#81,.F.);
#343 = ORIENTED_EDGE('',*,*,#310,.F.);
#344 = ORIENTED_EDGE('',*,*,#246,.T.);
#345 = ORIENTED_EDGE('',*,*,#328,.T.);
#346 = B_SPLINE_SURFACE_WITH_KNOTS('',1,1,(
    (#347,#348)
    ,(#349,#350
    )),.UNSPECIFIED.,.F.,.F.,.F.,(2,2),(2,2),(0.,5.8),(-54.,-4.),
  .PIECEWISE_BEZIER_KNOTS.);
#347 = CARTESIAN_POINT('',(29.,25.,0.));
#348 = CARTESIAN_POINT('',(29.,-25.,0.));
#349 = CARTESIAN_POINT('',(29.,25.,5.8));
#350 = CARTESIAN_POINT('',(29.,-25.,5.8));
#351 = ADVANCED_FACE('',(#352),#375,.T.);
#352 = FACE_BOUND('',#353,.T.);
#353 = EDGE_LOOP('',(#354,#361,#362,#369));
#354 = ORIENTED_EDGE('',*,*,#355,.F.);
#355 = EDGE_CURVE('',#112,#356,#358,.T.);
#356 = VERTEX_POINT('',#357);
#357 = CARTESIAN_POINT('',(-26.5,-25.,13.95));
#358 = B_SPLINE_CURVE_WITH_KNOTS('',1,(#359,#360),.UNSPECIFIED.,.F.,.F.,
  (2,2),(0.,8.15),.PIECEWISE_BEZIER_KNOTS.);
#359 = CARTESIAN_POINT('',(-26.5,-25.,5.8));
#360 = CARTESIAN_POINT('',(-26.5,-25.,13.95));
#361 = ORIENTED_EDGE('',*,*,#111,.T.);
#362 = ORIENTED_EDGE('',*,*,#363,.T.);
#363 = EDGE_CURVE('',#114,#364,#366,.T.);
#364 = VERTEX_POINT('',#365);
#365 = CARTESIAN_POINT('',(-25.,-26.5,13.95));
#366 = B_SPLINE_CURVE_WITH_KNOTS('',1,(#367,#368),.UNSPECIFIED.,.F.,.F.,
  (2,2),(0.,8.15),.PIECEWISE_BEZIER_KNOTS.);
#367 = CARTESIAN_POINT('',(-25.,-26.5,5.8));
#368 = CARTESIAN_POINT('',(-25.,-26.5,13.95));
#369 = ORIENTED_EDGE('',*,*,#370,.T.);
#370 = EDGE_CURVE('',#364,#356,#371,.T.);
#371 = ( BOUNDED_CURVE() B_SPLINE_CURVE(2,(#372,#373,#374),
.UNSPECIFIED.,.F.,.F.) B_SPLINE_CURVE_WITH_KNOTS((3,3),(0.,
1.570796326795),.PIECEWISE_BEZIER_KNOTS.) CURVE() 
GEOMETRIC_REPRESENTATION_ITEM() RATIONAL_B_SPLINE_CURVE((1.,
0.707106781187,1.)) REPRESENTATION_ITEM('') );
#372 = CARTESIAN_POINT('',(-25.,-26.5,13.95));
#373 = CARTESIAN_POINT('',(-26.5,-26.5,13.95));
#374 = CARTESIAN_POINT('',(-26.5,-25.,13.95));
#375 = ( BOUNDED_SURFACE() B_SPLINE_SURFACE(2,1,(
    (#376,#377)
    ,(#378,#379)
,(#380,#381
    )),.UNSPECIFIED.,.F.,.F.,.F.) B_SPLINE_SURFACE_WITH_KNOTS((3,3),(2,2
    ),(0.,1.570796326795),(0.,8.15),.PIECEWISE_BEZIER_KNOTS.) 
GEOMETRIC_REPRESENTATION_ITEM() RATIONAL_B_SPLINE_SURFACE((
    (1.,1.)
    ,(0.707106781187,0.707106781187)
,(1.,1.))) REPRESENTATION_ITEM('') SURFACE() );
#376 = CARTESIAN_POINT('',(-26.5,-25.,5.8));
#377 = CARTESIAN_POINT('',(-26.5,-25.,13.95));
#378 = CARTESIAN_POINT('',(-26.5,-26.5,5.8));
#379 = CARTESIAN_POINT('',(-26.5,-26.5,13.95));
#380 = CARTESIAN_POINT('',(-25.,-26.5,5.8));
#381 = CARTESIAN_POINT('',(-25.,-26.5,13.95));
#382 = ADVANCED_FACE('',(#383,#399),#429,.F.);
#383 = FACE_BOUND('',#384,.F.);
#384 = EDGE_LOOP('',(#385,#386,#393,#398));
#385 = ORIENTED_EDGE('',*,*,#363,.T.);
#386 = ORIENTED_EDGE('',*,*,#387,.F.);
#387 = EDGE_CURVE('',#388,#364,#390,.T.);
#388 = VERTEX_POINT('',#389);
#389 = CARTESIAN_POINT('',(25.,-26.5,13.95));
#390 = B_SPLINE_CURVE_WITH_KNOTS('',1,(#391,#392),.UNSPECIFIED.,.F.,.F.,
  (2,2),(-0.,50.),.PIECEWISE_BEZIER_KNOTS.);
#391 = CARTESIAN_POINT('',(25.,-26.5,13.95));
#392 = CARTESIAN_POINT('',(-25.,-26.5,13.95));
#393 = ORIENTED_EDGE('',*,*,#394,.F.);
#394 = EDGE_CURVE('',#159,#388,#395,.T.);
#395 = B_SPLINE_CURVE_WITH_KNOTS('',1,(#396,#397),.UNSPECIFIED.,.F.,.F.,
  (2,2),(0.,8.15),.PIECEWISE_BEZIER_KNOTS.);
#396 = CARTESIAN_POINT('',(25.,-26.5,5.8));
#397 = CARTESIAN_POINT('',(25.,-26.5,13.95));
#398 = ORIENTED_EDGE('',*,*,#166,.F.);
#399 = FACE_BOUND('',#400,.F.);
#400 = EDGE_LOOP('',(#401,#410,#417,#424));
#401 = ORIENTED_EDGE('',*,*,#402,.T.);
#402 = EDGE_CURVE('',#403,#405,#407,.T.);
#403 = VERTEX_POINT('',#404);
#404 = CARTESIAN_POINT('',(-4.25,-26.5,6.45));
#405 = VERTEX_POINT('',#406);
#406 = CARTESIAN_POINT('',(4.25,-26.5,6.45));
#407 = B_SPLINE_CURVE_WITH_KNOTS('',1,(#408,#409),.UNSPECIFIED.,.F.,.F.,
  (2,2),(6.875,15.375),.PIECEWISE_BEZIER_KNOTS.);
#408 = CARTESIAN_POINT('',(-4.25,-26.5,6.45));
#409 = CARTESIAN_POINT('',(4.25,-26.5,6.45));
#410 = ORIENTED_EDGE('',*,*,#411,.T.);
#411 = EDGE_CURVE('',#405,#412,#414,.T.);
#412 = VERTEX_POINT('',#413);
#413 = CARTESIAN_POINT('',(4.25,-26.5,7.45));
#414 = B_SPLINE_CURVE_WITH_KNOTS('',1,(#415,#416),.UNSPECIFIED.,.F.,.F.,
  (2,2),(0.325,1.325),.PIECEWISE_BEZIER_KNOTS.);
#415 = CARTESIAN_POINT('',(4.25,-26.5,6.45));
#416 = CARTESIAN_POINT('',(4.25,-26.5,7.45));
#417 = ORIENTED_EDGE('',*,*,#418,.F.);
#418 = EDGE_CURVE('',#419,#412,#421,.T.);
#419 = VERTEX_POINT('',#420);
#420 = CARTESIAN_POINT('',(-4.25,-26.5,7.45));
#421 = B_SPLINE_CURVE_WITH_KNOTS('',1,(#422,#423),.UNSPECIFIED.,.F.,.F.,
  (2,2),(6.875,15.375),.PIECEWISE_BEZIER_KNOTS.);
#422 = CARTESIAN_POINT('',(-4.25,-26.5,7.45));
#423 = CARTESIAN_POINT('',(4.25,-26.5,7.45));
#424 = ORIENTED_EDGE('',*,*,#425,.F.);
#425 = EDGE_CURVE('',#403,#419,#426,.T.);
#426 = B_SPLINE_CURVE_WITH_KNOTS('',1,(#427,#428),.UNSPECIFIED.,.F.,.F.,
  (2,2),(0.325,1.325),.PIECEWISE_BEZIER_KNOTS.);
#427 = CARTESIAN_POINT('',(-4.25,-26.5,6.45));
#428 = CARTESIAN_POINT('',(-4.25,-26.5,7.45));
#429 = B_SPLINE_SURFACE_WITH_KNOTS('',1,1,(
    (#430,#431)
    ,(#432,#433
    )),.UNSPECIFIED.,.F.,.F.,.F.,(2,2),(2,2),(0.,8.15),(1.5,51.5),
  .PIECEWISE_BEZIER_KNOTS.);
#430 = CARTESIAN_POINT('',(-25.,-26.5,5.8));
#431 = CARTESIAN_POINT('',(25.,-26.5,5.8));
#432 = CARTESIAN_POINT('',(-25.,-26.5,13.95));
#433 = CARTESIAN_POINT('',(25.,-26.5,13.95));
#434 = ADVANCED_FACE('',(#435),#452,.F.);
#435 = FACE_BOUND('',#436,.F.);
#436 = EDGE_LOOP('',(#437,#444,#445,#446));
#437 = ORIENTED_EDGE('',*,*,#438,.F.);
#438 = EDGE_CURVE('',#152,#439,#441,.T.);
#439 = VERTEX_POINT('',#440);
#440 = CARTESIAN_POINT('',(26.5,-25.,13.95));
#441 = B_SPLINE_CURVE_WITH_KNOTS('',1,(#442,#443),.UNSPECIFIED.,.F.,.F.,
  (2,2),(0.,8.15),.PIECEWISE_BEZIER_KNOTS.);
#442 = CARTESIAN_POINT('',(26.5,-25.,5.8));
#443 = CARTESIAN_POINT('',(26.5,-25.,13.95));
#444 = ORIENTED_EDGE('',*,*,#158,.T.);
#445 = ORIENTED_EDGE('',*,*,#394,.T.);
#446 = ORIENTED_EDGE('',*,*,#447,.F.);
#447 = EDGE_CURVE('',#439,#388,#448,.T.);
#448 = ( BOUNDED_CURVE() B_SPLINE_CURVE(2,(#449,#450,#451),
.UNSPECIFIED.,.F.,.F.) B_SPLINE_CURVE_WITH_KNOTS((3,3),(0.,
1.570796326795),.PIECEWISE_BEZIER_KNOTS.) CURVE() 
GEOMETRIC_REPRESENTATION_ITEM() RATIONAL_B_SPLINE_CURVE((1.,
0.707106781187,1.)) REPRESENTATION_ITEM('') );
#449 = CARTESIAN_POINT('',(26.5,-25.,13.95));
#450 = CARTESIAN_POINT('',(26.5,-26.5,13.95));
#451 = CARTESIAN_POINT('',(25.,-26.5,13.95));
#452 = ( BOUNDED_SURFACE() B_SPLINE_SURFACE(2,1,(
    (#453,#454)
    ,(#455,#456)
,(#457,#458
    )),.UNSPECIFIED.,.F.,.F.,.F.) B_SPLINE_SURFACE_WITH_KNOTS((3,3),(2,2
    ),(0.,1.570796326795),(0.,8.15),.PIECEWISE_BEZIER_KNOTS.) 
GEOMETRIC_REPRESENTATION_ITEM() RATIONAL_B_SPLINE_SURFACE((
    (1.,1.)
    ,(0.707106781187,0.707106781187)
,(1.,1.))) REPRESENTATION_ITEM('') SURFACE() );
#453 = CARTESIAN_POINT('',(26.5,-25.,5.8));
#454 = CARTESIAN_POINT('',(26.5,-25.,13.95));
#455 = CARTESIAN_POINT('',(26.5,-26.5,5.8));
#456 = CARTESIAN_POINT('',(26.5,-26.5,13.95));
#457 = CARTESIAN_POINT('',(25.,-26.5,5.8));
#458 = CARTESIAN_POINT('',(25.,-26.5,13.95));
#459 = ADVANCED_FACE('',(#460,#476),#506,.T.);
#460 = FACE_BOUND('',#461,.T.);
#461 = EDGE_LOOP('',(#462,#463,#464,#471));
#462 = ORIENTED_EDGE('',*,*,#438,.F.);
#463 = ORIENTED_EDGE('',*,*,#151,.T.);
#464 = ORIENTED_EDGE('',*,*,#465,.T.);
#465 = EDGE_CURVE('',#144,#466,#468,.T.);
#466 = VERTEX_POINT('',#467);
#467 = CARTESIAN_POINT('',(26.5,25.,13.95));
#468 = B_SPLINE_CURVE_WITH_KNOTS('',1,(#469,#470),.UNSPECIFIED.,.F.,.F.,
  (2,2),(0.,8.15),.PIECEWISE_BEZIER_KNOTS.);
#469 = CARTESIAN_POINT('',(26.5,25.,5.8));
#470 = CARTESIAN_POINT('',(26.5,25.,13.95));
#471 = ORIENTED_EDGE('',*,*,#472,.T.);
#472 = EDGE_CURVE('',#466,#439,#473,.T.);
#473 = B_SPLINE_CURVE_WITH_KNOTS('',1,(#474,#475),.UNSPECIFIED.,.F.,.F.,
  (2,2),(0.,50.),.PIECEWISE_BEZIER_KNOTS.);
#474 = CARTESIAN_POINT('',(26.5,25.,13.95));
#475 = CARTESIAN_POINT('',(26.5,-25.,13.95));
#476 = FACE_BOUND('',#477,.T.);
#477 = EDGE_LOOP('',(#478,#487,#494,#501));
#478 = ORIENTED_EDGE('',*,*,#479,.F.);
#479 = EDGE_CURVE('',#480,#482,#484,.T.);
#480 = VERTEX_POINT('',#481);
#481 = CARTESIAN_POINT('',(26.5,4.25,7.45));
#482 = VERTEX_POINT('',#483);
#483 = CARTESIAN_POINT('',(26.5,-4.25,7.45));
#484 = B_SPLINE_CURVE_WITH_KNOTS('',1,(#485,#486),.UNSPECIFIED.,.F.,.F.,
  (2,2),(-15.375,-6.875),.PIECEWISE_BEZIER_KNOTS.);
#485 = CARTESIAN_POINT('',(26.5,4.25,7.45));
#486 = CARTESIAN_POINT('',(26.5,-4.25,7.45));
#487 = ORIENTED_EDGE('',*,*,#488,.T.);
#488 = EDGE_CURVE('',#480,#489,#491,.T.);
#489 = VERTEX_POINT('',#490);
#490 = CARTESIAN_POINT('',(26.5,4.25,6.45));
#491 = B_SPLINE_CURVE_WITH_KNOTS('',1,(#492,#493),.UNSPECIFIED.,.F.,.F.,
  (2,2),(-1.325,-0.325),.PIECEWISE_BEZIER_KNOTS.);
#492 = CARTESIAN_POINT('',(26.5,4.25,7.45));
#493 = CARTESIAN_POINT('',(26.5,4.25,6.45));
#494 = ORIENTED_EDGE('',*,*,#495,.T.);
#495 = EDGE_CURVE('',#489,#496,#498,.T.);
#496 = VERTEX_POINT('',#497);
#497 = CARTESIAN_POINT('',(26.5,-4.25,6.45));
#498 = B_SPLINE_CURVE_WITH_KNOTS('',1,(#499,#500),.UNSPECIFIED.,.F.,.F.,
  (2,2),(-15.375,-6.875),.PIECEWISE_BEZIER_KNOTS.);
#499 = CARTESIAN_POINT('',(26.5,4.25,6.45));
#500 = CARTESIAN_POINT('',(26.5,-4.25,6.45));
#501 = ORIENTED_EDGE('',*,*,#502,.F.);
#502 = EDGE_CURVE('',#482,#496,#503,.T.);
#503 = B_SPLINE_CURVE_WITH_KNOTS('',1,(#504,#505),.UNSPECIFIED.,.F.,.F.,
  (2,2),(-1.325,-0.325),.PIECEWISE_BEZIER_KNOTS.);
#504 = CARTESIAN_POINT('',(26.5,-4.25,7.45));
#505 = CARTESIAN_POINT('',(26.5,-4.25,6.45));
#506 = B_SPLINE_SURFACE_WITH_KNOTS('',1,1,(
    (#507,#508)
    ,(#509,#510
    )),.UNSPECIFIED.,.F.,.F.,.F.,(2,2),(2,2),(0.,8.15),(-51.5,-1.5),
  .PIECEWISE_BEZIER_KNOTS.);
#507 = CARTESIAN_POINT('',(26.5,25.,5.8));
#508 = CARTESIAN_POINT('',(26.5,-25.,5.8));
#509 = CARTESIAN_POINT('',(26.5,25.,13.95));
#510 = CARTESIAN_POINT('',(26.5,-25.,13.95));
#511 = ADVANCED_FACE('',(#512),#529,.T.);
#512 = FACE_BOUND('',#513,.T.);
#513 = EDGE_LOOP('',(#514,#515,#516,#523));
#514 = ORIENTED_EDGE('',*,*,#465,.F.);
#515 = ORIENTED_EDGE('',*,*,#143,.T.);
#516 = ORIENTED_EDGE('',*,*,#517,.T.);
#517 = EDGE_CURVE('',#137,#518,#520,.T.);
#518 = VERTEX_POINT('',#519);
#519 = CARTESIAN_POINT('',(25.,26.5,13.95));
#520 = B_SPLINE_CURVE_WITH_KNOTS('',1,(#521,#522),.UNSPECIFIED.,.F.,.F.,
  (2,2),(0.,8.15),.PIECEWISE_BEZIER_KNOTS.);
#521 = CARTESIAN_POINT('',(25.,26.5,5.8));
#522 = CARTESIAN_POINT('',(25.,26.5,13.95));
#523 = ORIENTED_EDGE('',*,*,#524,.T.);
#524 = EDGE_CURVE('',#518,#466,#525,.T.);
#525 = ( BOUNDED_CURVE() B_SPLINE_CURVE(2,(#526,#527,#528),
.UNSPECIFIED.,.F.,.F.) B_SPLINE_CURVE_WITH_KNOTS((3,3),(0.,
1.570796326795),.PIECEWISE_BEZIER_KNOTS.) CURVE() 
GEOMETRIC_REPRESENTATION_ITEM() RATIONAL_B_SPLINE_CURVE((1.,
0.707106781187,1.)) REPRESENTATION_ITEM('') );
#526 = CARTESIAN_POINT('',(25.,26.5,13.95));
#527 = CARTESIAN_POINT('',(26.5,26.5,13.95));
#528 = CARTESIAN_POINT('',(26.5,25.,13.95));
#529 = ( BOUNDED_SURFACE() B_SPLINE_SURFACE(2,1,(
    (#530,#531)
    ,(#532,#533)
,(#534,#535
    )),.UNSPECIFIED.,.F.,.F.,.F.) B_SPLINE_SURFACE_WITH_KNOTS((3,3),(2,2
    ),(0.,1.570796326795),(0.,8.15),.PIECEWISE_BEZIER_KNOTS.) 
GEOMETRIC_REPRESENTATION_ITEM() RATIONAL_B_SPLINE_SURFACE((
    (1.,1.)
    ,(0.707106781187,0.707106781187)
,(1.,1.))) REPRESENTATION_ITEM('') SURFACE() );
#530 = CARTESIAN_POINT('',(26.5,25.,5.8));
#531 = CARTESIAN_POINT('',(26.5,25.,13.95));
#532 = CARTESIAN_POINT('',(26.5,26.5,5.8));
#533 = CARTESIAN_POINT('',(26.5,26.5,13.95));
#534 = CARTESIAN_POINT('',(25.,26.5,5.8));
#535 = CARTESIAN_POINT('',(25.,26.5,13.95));
#536 = ADVANCED_FACE('',(#537,#553),#583,.T.);
#537 = FACE_BOUND('',#538,.T.);
#538 = EDGE_LOOP('',(#539,#546,#551,#552));
#539 = ORIENTED_EDGE('',*,*,#540,.T.);
#540 = EDGE_CURVE('',#129,#541,#543,.T.);
#541 = VERTEX_POINT('',#542);
#542 = CARTESIAN_POINT('',(-25.,26.5,13.95));
#543 = B_SPLINE_CURVE_WITH_KNOTS('',1,(#544,#545),.UNSPECIFIED.,.F.,.F.,
  (2,2),(0.,8.15),.PIECEWISE_BEZIER_KNOTS.);
#544 = CARTESIAN_POINT('',(-25.,26.5,5.8));
#545 = CARTESIAN_POINT('',(-25.,26.5,13.95));
#546 = ORIENTED_EDGE('',*,*,#547,.T.);
#547 = EDGE_CURVE('',#541,#518,#548,.T.);
#548 = B_SPLINE_CURVE_WITH_KNOTS('',1,(#549,#550),.UNSPECIFIED.,.F.,.F.,
  (2,2),(0.,50.),.PIECEWISE_BEZIER_KNOTS.);
#549 = CARTESIAN_POINT('',(-25.,26.5,13.95));
#550 = CARTESIAN_POINT('',(25.,26.5,13.95));
#551 = ORIENTED_EDGE('',*,*,#517,.F.);
#552 = ORIENTED_EDGE('',*,*,#136,.F.);
#553 = FACE_BOUND('',#554,.T.);
#554 = EDGE_LOOP('',(#555,#564,#571,#578));
#555 = ORIENTED_EDGE('',*,*,#556,.F.);
#556 = EDGE_CURVE('',#557,#559,#561,.T.);
#557 = VERTEX_POINT('',#558);
#558 = CARTESIAN_POINT('',(-4.25,26.5,7.45));
#559 = VERTEX_POINT('',#560);
#560 = CARTESIAN_POINT('',(4.25,26.5,7.45));
#561 = B_SPLINE_CURVE_WITH_KNOTS('',1,(#562,#563),.UNSPECIFIED.,.F.,.F.,
  (2,2),(11.125,19.625),.PIECEWISE_BEZIER_KNOTS.);
#562 = CARTESIAN_POINT('',(-4.25,26.5,7.45));
#563 = CARTESIAN_POINT('',(4.25,26.5,7.45));
#564 = ORIENTED_EDGE('',*,*,#565,.T.);
#565 = EDGE_CURVE('',#557,#566,#568,.T.);
#566 = VERTEX_POINT('',#567);
#567 = CARTESIAN_POINT('',(-4.25,26.5,6.45));
#568 = B_SPLINE_CURVE_WITH_KNOTS('',1,(#569,#570),.UNSPECIFIED.,.F.,.F.,
  (2,2),(-1.325,-0.325),.PIECEWISE_BEZIER_KNOTS.);
#569 = CARTESIAN_POINT('',(-4.25,26.5,7.45));
#570 = CARTESIAN_POINT('',(-4.25,26.5,6.45));
#571 = ORIENTED_EDGE('',*,*,#572,.T.);
#572 = EDGE_CURVE('',#566,#573,#575,.T.);
#573 = VERTEX_POINT('',#574);
#574 = CARTESIAN_POINT('',(4.25,26.5,6.45));
#575 = B_SPLINE_CURVE_WITH_KNOTS('',1,(#576,#577),.UNSPECIFIED.,.F.,.F.,
  (2,2),(11.125,19.625),.PIECEWISE_BEZIER_KNOTS.);
#576 = CARTESIAN_POINT('',(-4.25,26.5,6.45));
#577 = CARTESIAN_POINT('',(4.25,26.5,6.45));
#578 = ORIENTED_EDGE('',*,*,#579,.F.);
#579 = EDGE_CURVE('',#559,#573,#580,.T.);
#580 = B_SPLINE_CURVE_WITH_KNOTS('',1,(#581,#582),.UNSPECIFIED.,.F.,.F.,
  (2,2),(-1.325,-0.325),.PIECEWISE_BEZIER_KNOTS.);
#581 = CARTESIAN_POINT('',(4.25,26.5,7.45));
#582 = CARTESIAN_POINT('',(4.25,26.5,6.45));
#583 = B_SPLINE_SURFACE_WITH_KNOTS('',1,1,(
    (#584,#585)
    ,(#586,#587
    )),.UNSPECIFIED.,.F.,.F.,.F.,(2,2),(2,2),(0.,8.15),(1.5,51.5),
  .PIECEWISE_BEZIER_KNOTS.);
#584 = CARTESIAN_POINT('',(-25.,26.5,5.8));
#585 = CARTESIAN_POINT('',(25.,26.5,5.8));
#586 = CARTESIAN_POINT('',(-25.,26.5,13.95));
#587 = CARTESIAN_POINT('',(25.,26.5,13.95));
#588 = ADVANCED_FACE('',(#589),#606,.F.);
#589 = FACE_BOUND('',#590,.F.);
#590 = EDGE_LOOP('',(#591,#598,#599,#600));
#591 = ORIENTED_EDGE('',*,*,#592,.F.);
#592 = EDGE_CURVE('',#122,#593,#595,.T.);
#593 = VERTEX_POINT('',#594);
#594 = CARTESIAN_POINT('',(-26.5,25.,13.95));
#595 = B_SPLINE_CURVE_WITH_KNOTS('',1,(#596,#597),.UNSPECIFIED.,.F.,.F.,
  (2,2),(0.,8.15),.PIECEWISE_BEZIER_KNOTS.);
#596 = CARTESIAN_POINT('',(-26.5,25.,5.8));
#597 = CARTESIAN_POINT('',(-26.5,25.,13.95));
#598 = ORIENTED_EDGE('',*,*,#128,.T.);
#599 = ORIENTED_EDGE('',*,*,#540,.T.);
#600 = ORIENTED_EDGE('',*,*,#601,.F.);
#601 = EDGE_CURVE('',#593,#541,#602,.T.);
#602 = ( BOUNDED_CURVE() B_SPLINE_CURVE(2,(#603,#604,#605),
.UNSPECIFIED.,.F.,.F.) B_SPLINE_CURVE_WITH_KNOTS((3,3),(0.,
1.570796326795),.PIECEWISE_BEZIER_KNOTS.) CURVE() 
GEOMETRIC_REPRESENTATION_ITEM() RATIONAL_B_SPLINE_CURVE((1.,
0.707106781187,1.)) REPRESENTATION_ITEM('') );
#603 = CARTESIAN_POINT('',(-26.5,25.,13.95));
#604 = CARTESIAN_POINT('',(-26.5,26.5,13.95));
#605 = CARTESIAN_POINT('',(-25.,26.5,13.95));
#606 = ( BOUNDED_SURFACE() B_SPLINE_SURFACE(2,1,(
    (#607,#608)
    ,(#609,#610)
,(#611,#612
    )),.UNSPECIFIED.,.F.,.F.,.F.) B_SPLINE_SURFACE_WITH_KNOTS((3,3),(2,2
    ),(0.,1.570796326795),(0.,8.15),.PIECEWISE_BEZIER_KNOTS.) 
GEOMETRIC_REPRESENTATION_ITEM() RATIONAL_B_SPLINE_SURFACE((
    (1.,1.)
    ,(0.707106781187,0.707106781187)
,(1.,1.))) REPRESENTATION_ITEM('') SURFACE() );
#607 = CARTESIAN_POINT('',(-26.5,25.,5.8));
#608 = CARTESIAN_POINT('',(-26.5,25.,13.95));
#609 = CARTESIAN_POINT('',(-26.5,26.5,5.8));
#610 = CARTESIAN_POINT('',(-26.5,26.5,13.95));
#611 = CARTESIAN_POINT('',(-25.,26.5,5.8));
#612 = CARTESIAN_POINT('',(-25.,26.5,13.95));
#613 = ADVANCED_FACE('',(#614,#624),#654,.F.);
#614 = FACE_BOUND('',#615,.F.);
#615 = EDGE_LOOP('',(#616,#617,#618,#619));
#616 = ORIENTED_EDGE('',*,*,#355,.F.);
#617 = ORIENTED_EDGE('',*,*,#121,.T.);
#618 = ORIENTED_EDGE('',*,*,#592,.T.);
#619 = ORIENTED_EDGE('',*,*,#620,.F.);
#620 = EDGE_CURVE('',#356,#593,#621,.T.);
#621 = B_SPLINE_CURVE_WITH_KNOTS('',1,(#622,#623),.UNSPECIFIED.,.F.,.F.,
  (2,2),(-0.,50.),.PIECEWISE_BEZIER_KNOTS.);
#622 = CARTESIAN_POINT('',(-26.5,-25.,13.95));
#623 = CARTESIAN_POINT('',(-26.5,25.,13.95));
#624 = FACE_BOUND('',#625,.F.);
#625 = EDGE_LOOP('',(#626,#635,#642,#649));
#626 = ORIENTED_EDGE('',*,*,#627,.T.);
#627 = EDGE_CURVE('',#628,#630,#632,.T.);
#628 = VERTEX_POINT('',#629);
#629 = CARTESIAN_POINT('',(-26.5,4.25,6.45));
#630 = VERTEX_POINT('',#631);
#631 = CARTESIAN_POINT('',(-26.5,-4.25,6.45));
#632 = B_SPLINE_CURVE_WITH_KNOTS('',1,(#633,#634),.UNSPECIFIED.,.F.,.F.,
  (2,2),(-19.625,-11.125),.PIECEWISE_BEZIER_KNOTS.);
#633 = CARTESIAN_POINT('',(-26.5,4.25,6.45));
#634 = CARTESIAN_POINT('',(-26.5,-4.25,6.45));
#635 = ORIENTED_EDGE('',*,*,#636,.T.);
#636 = EDGE_CURVE('',#630,#637,#639,.T.);
#637 = VERTEX_POINT('',#638);
#638 = CARTESIAN_POINT('',(-26.5,-4.25,7.45));
#639 = B_SPLINE_CURVE_WITH_KNOTS('',1,(#640,#641),.UNSPECIFIED.,.F.,.F.,
  (2,2),(0.325,1.325),.PIECEWISE_BEZIER_KNOTS.);
#640 = CARTESIAN_POINT('',(-26.5,-4.25,6.45));
#641 = CARTESIAN_POINT('',(-26.5,-4.25,7.45));
#642 = ORIENTED_EDGE('',*,*,#643,.F.);
#643 = EDGE_CURVE('',#644,#637,#646,.T.);
#644 = VERTEX_POINT('',#645);
#645 = CARTESIAN_POINT('',(-26.5,4.25,7.45));
#646 = B_SPLINE_CURVE_WITH_KNOTS('',1,(#647,#648),.UNSPECIFIED.,.F.,.F.,
  (2,2),(-19.625,-11.125),.PIECEWISE_BEZIER_KNOTS.);
#647 = CARTESIAN_POINT('',(-26.5,4.25,7.45));
#648 = CARTESIAN_POINT('',(-26.5,-4.25,7.45));
#649 = ORIENTED_EDGE('',*,*,#650,.F.);
#650 = EDGE_CURVE('',#628,#644,#651,.T.);
#651 = B_SPLINE_CURVE_WITH_KNOTS('',1,(#652,#653),.UNSPECIFIED.,.F.,.F.,
  (2,2),(0.325,1.325),.PIECEWISE_BEZIER_KNOTS.);
#652 = CARTESIAN_POINT('',(-26.5,4.25,6.45));
#653 = CARTESIAN_POINT('',(-26.5,4.25,7.45));
#654 = B_SPLINE_SURFACE_WITH_KNOTS('',1,1,(
    (#655,#656)
    ,(#657,#658
    )),.UNSPECIFIED.,.F.,.F.,.F.,(2,2),(2,2),(0.,8.15),(-51.5,-1.5),
  .PIECEWISE_BEZIER_KNOTS.);
#655 = CARTESIAN_POINT('',(-26.5,25.,5.8));
#656 = CARTESIAN_POINT('',(-26.5,-25.,5.8));
#657 = CARTESIAN_POINT('',(-26.5,25.,13.95));
#658 = CARTESIAN_POINT('',(-26.5,-25.,13.95));
#659 = ADVANCED_FACE('',(#660),#683,.F.);
#660 = FACE_BOUND('',#661,.F.);
#661 = EDGE_LOOP('',(#662,#669,#670,#677));
#662 = ORIENTED_EDGE('',*,*,#663,.F.);
#663 = EDGE_CURVE('',#364,#664,#666,.T.);
#664 = VERTEX_POINT('',#665);
#665 = CARTESIAN_POINT('',(-25.,-26.25,14.2));
#666 = B_SPLINE_CURVE_WITH_KNOTS('',1,(#667,#668),.UNSPECIFIED.,.F.,.F.,
  (2,2),(-0.176776695297,0.176776695297),.PIECEWISE_BEZIER_KNOTS.);
#667 = CARTESIAN_POINT('',(-25.,-26.5,13.95));
#668 = CARTESIAN_POINT('',(-25.,-26.25,14.2));
#669 = ORIENTED_EDGE('',*,*,#370,.T.);
#670 = ORIENTED_EDGE('',*,*,#671,.T.);
#671 = EDGE_CURVE('',#356,#672,#674,.T.);
#672 = VERTEX_POINT('',#673);
#673 = CARTESIAN_POINT('',(-26.25,-25.,14.2));
#674 = B_SPLINE_CURVE_WITH_KNOTS('',1,(#675,#676),.UNSPECIFIED.,.F.,.F.,
  (2,2),(-0.176776695297,0.176776695297),.PIECEWISE_BEZIER_KNOTS.);
#675 = CARTESIAN_POINT('',(-26.5,-25.,13.95));
#676 = CARTESIAN_POINT('',(-26.25,-25.,14.2));
#677 = ORIENTED_EDGE('',*,*,#678,.F.);
#678 = EDGE_CURVE('',#664,#672,#679,.T.);
#679 = ( BOUNDED_CURVE() B_SPLINE_CURVE(2,(#680,#681,#682),
.UNSPECIFIED.,.F.,.F.) B_SPLINE_CURVE_WITH_KNOTS((3,3),(0.,
1.570796326795),.PIECEWISE_BEZIER_KNOTS.) CURVE() 
GEOMETRIC_REPRESENTATION_ITEM() RATIONAL_B_SPLINE_CURVE((1.,
0.707106781187,1.)) REPRESENTATION_ITEM('') );
#680 = CARTESIAN_POINT('',(-25.,-26.25,14.2));
#681 = CARTESIAN_POINT('',(-26.25,-26.25,14.2));
#682 = CARTESIAN_POINT('',(-26.25,-25.,14.2));
#683 = ( BOUNDED_SURFACE() B_SPLINE_SURFACE(2,1,(
    (#684,#685)
    ,(#686,#687)
,(#688,#689
    )),.UNSPECIFIED.,.F.,.F.,.F.) B_SPLINE_SURFACE_WITH_KNOTS((3,3),(2,2
    ),(0.,1.570796326795),(0.,0.353553390593),.PIECEWISE_BEZIER_KNOTS.) 
GEOMETRIC_REPRESENTATION_ITEM() RATIONAL_B_SPLINE_SURFACE((
    (1.,1.)
    ,(0.707106781187,0.707106781187)
,(1.,1.))) REPRESENTATION_ITEM('') SURFACE() );
#684 = CARTESIAN_POINT('',(-25.,-26.5,13.95));
#685 = CARTESIAN_POINT('',(-25.,-26.25,14.2));
#686 = CARTESIAN_POINT('',(-26.5,-26.5,13.95));
#687 = CARTESIAN_POINT('',(-26.25,-26.25,14.2));
#688 = CARTESIAN_POINT('',(-26.5,-25.,13.95));
#689 = CARTESIAN_POINT('',(-26.25,-25.,14.2));
#690 = ADVANCED_FACE('',(#691),#707,.F.);
#691 = FACE_BOUND('',#692,.F.);
#692 = EDGE_LOOP('',(#693,#700,#701,#702));
#693 = ORIENTED_EDGE('',*,*,#694,.F.);
#694 = EDGE_CURVE('',#388,#695,#697,.T.);
#695 = VERTEX_POINT('',#696);
#696 = CARTESIAN_POINT('',(25.,-26.25,14.2));
#697 = B_SPLINE_CURVE_WITH_KNOTS('',1,(#698,#699),.UNSPECIFIED.,.F.,.F.,
  (2,2),(0.,0.353553390593),.PIECEWISE_BEZIER_KNOTS.);
#698 = CARTESIAN_POINT('',(25.,-26.5,13.95));
#699 = CARTESIAN_POINT('',(25.,-26.25,14.2));
#700 = ORIENTED_EDGE('',*,*,#387,.T.);
#701 = ORIENTED_EDGE('',*,*,#663,.T.);
#702 = ORIENTED_EDGE('',*,*,#703,.F.);
#703 = EDGE_CURVE('',#695,#664,#704,.T.);
#704 = B_SPLINE_CURVE_WITH_KNOTS('',1,(#705,#706),.UNSPECIFIED.,.F.,.F.,
  (2,2),(-0.,50.),.PIECEWISE_BEZIER_KNOTS.);
#705 = CARTESIAN_POINT('',(25.,-26.25,14.2));
#706 = CARTESIAN_POINT('',(-25.,-26.25,14.2));
#707 = B_SPLINE_SURFACE_WITH_KNOTS('',1,1,(
    (#708,#709)
    ,(#710,#711
    )),.UNSPECIFIED.,.F.,.F.,.F.,(2,2),(2,2),(0.,50.),(-0.176776695297,
    0.176776695297),.PIECEWISE_BEZIER_KNOTS.);
#708 = CARTESIAN_POINT('',(25.,-26.5,13.95));
#709 = CARTESIAN_POINT('',(25.,-26.25,14.2));
#710 = CARTESIAN_POINT('',(-25.,-26.5,13.95));
#711 = CARTESIAN_POINT('',(-25.,-26.25,14.2));
#712 = ADVANCED_FACE('',(#713),#735,.T.);
#713 = FACE_BOUND('',#714,.T.);
#714 = EDGE_LOOP('',(#715,#722,#729,#734));
#715 = ORIENTED_EDGE('',*,*,#716,.F.);
#716 = EDGE_CURVE('',#717,#405,#719,.T.);
#717 = VERTEX_POINT('',#718);
#718 = CARTESIAN_POINT('',(4.25,-26.05,6.45));
#719 = B_SPLINE_CURVE_WITH_KNOTS('',1,(#720,#721),.UNSPECIFIED.,.F.,.F.,
  (2,2),(0.,0.45),.PIECEWISE_BEZIER_KNOTS.);
#720 = CARTESIAN_POINT('',(4.25,-26.05,6.45));
#721 = CARTESIAN_POINT('',(4.25,-26.5,6.45));
#722 = ORIENTED_EDGE('',*,*,#723,.T.);
#723 = EDGE_CURVE('',#717,#724,#726,.T.);
#724 = VERTEX_POINT('',#725);
#725 = CARTESIAN_POINT('',(-4.25,-26.05,6.45));
#726 = B_SPLINE_CURVE_WITH_KNOTS('',1,(#727,#728),.UNSPECIFIED.,.F.,.F.,
  (2,2),(0.,8.5),.PIECEWISE_BEZIER_KNOTS.);
#727 = CARTESIAN_POINT('',(4.25,-26.05,6.45));
#728 = CARTESIAN_POINT('',(-4.25,-26.05,6.45));
#729 = ORIENTED_EDGE('',*,*,#730,.T.);
#730 = EDGE_CURVE('',#724,#403,#731,.T.);
#731 = B_SPLINE_CURVE_WITH_KNOTS('',1,(#732,#733),.UNSPECIFIED.,.F.,.F.,
  (2,2),(0.,0.45),.PIECEWISE_BEZIER_KNOTS.);
#732 = CARTESIAN_POINT('',(-4.25,-26.05,6.45));
#733 = CARTESIAN_POINT('',(-4.25,-26.5,6.45));
#734 = ORIENTED_EDGE('',*,*,#402,.T.);
#735 = B_SPLINE_SURFACE_WITH_KNOTS('',1,1,(
    (#736,#737)
    ,(#738,#739
    )),.UNSPECIFIED.,.F.,.F.,.F.,(2,2),(2,2),(0.,8.5),(0.,0.45),
  .PIECEWISE_BEZIER_KNOTS.);
#736 = CARTESIAN_POINT('',(4.25,-26.05,6.45));
#737 = CARTESIAN_POINT('',(4.25,-26.5,6.45));
#738 = CARTESIAN_POINT('',(-4.25,-26.05,6.45));
#739 = CARTESIAN_POINT('',(-4.25,-26.5,6.45));
#740 = ADVANCED_FACE('',(#741),#757,.F.);
#741 = FACE_BOUND('',#742,.F.);
#742 = EDGE_LOOP('',(#743,#750,#755,#756));
#743 = ORIENTED_EDGE('',*,*,#744,.F.);
#744 = EDGE_CURVE('',#745,#419,#747,.T.);
#745 = VERTEX_POINT('',#746);
#746 = CARTESIAN_POINT('',(-4.25,-26.05,7.45));
#747 = B_SPLINE_CURVE_WITH_KNOTS('',1,(#748,#749),.UNSPECIFIED.,.F.,.F.,
  (2,2),(0.,0.45),.PIECEWISE_BEZIER_KNOTS.);
#748 = CARTESIAN_POINT('',(-4.25,-26.05,7.45));
#749 = CARTESIAN_POINT('',(-4.25,-26.5,7.45));
#750 = ORIENTED_EDGE('',*,*,#751,.F.);
#751 = EDGE_CURVE('',#724,#745,#752,.T.);
#752 = B_SPLINE_CURVE_WITH_KNOTS('',1,(#753,#754),.UNSPECIFIED.,.F.,.F.,
  (2,2),(0.,1.),.PIECEWISE_BEZIER_KNOTS.);
#753 = CARTESIAN_POINT('',(-4.25,-26.05,6.45));
#754 = CARTESIAN_POINT('',(-4.25,-26.05,7.45));
#755 = ORIENTED_EDGE('',*,*,#730,.T.);
#756 = ORIENTED_EDGE('',*,*,#425,.T.);
#757 = B_SPLINE_SURFACE_WITH_KNOTS('',1,1,(
    (#758,#759)
    ,(#760,#761
    )),.UNSPECIFIED.,.F.,.F.,.F.,(2,2),(2,2),(0.,1.),(-0.45,0.),
  .PIECEWISE_BEZIER_KNOTS.);
#758 = CARTESIAN_POINT('',(-4.25,-26.5,6.45));
#759 = CARTESIAN_POINT('',(-4.25,-26.05,6.45));
#760 = CARTESIAN_POINT('',(-4.25,-26.5,7.45));
#761 = CARTESIAN_POINT('',(-4.25,-26.05,7.45));
#762 = ADVANCED_FACE('',(#763),#779,.F.);
#763 = FACE_BOUND('',#764,.F.);
#764 = EDGE_LOOP('',(#765,#772,#777,#778));
#765 = ORIENTED_EDGE('',*,*,#766,.F.);
#766 = EDGE_CURVE('',#767,#412,#769,.T.);
#767 = VERTEX_POINT('',#768);
#768 = CARTESIAN_POINT('',(4.25,-26.05,7.45));
#769 = B_SPLINE_CURVE_WITH_KNOTS('',1,(#770,#771),.UNSPECIFIED.,.F.,.F.,
  (2,2),(0.,0.45),.PIECEWISE_BEZIER_KNOTS.);
#770 = CARTESIAN_POINT('',(4.25,-26.05,7.45));
#771 = CARTESIAN_POINT('',(4.25,-26.5,7.45));
#772 = ORIENTED_EDGE('',*,*,#773,.T.);
#773 = EDGE_CURVE('',#767,#745,#774,.T.);
#774 = B_SPLINE_CURVE_WITH_KNOTS('',1,(#775,#776),.UNSPECIFIED.,.F.,.F.,
  (2,2),(0.,8.5),.PIECEWISE_BEZIER_KNOTS.);
#775 = CARTESIAN_POINT('',(4.25,-26.05,7.45));
#776 = CARTESIAN_POINT('',(-4.25,-26.05,7.45));
#777 = ORIENTED_EDGE('',*,*,#744,.T.);
#778 = ORIENTED_EDGE('',*,*,#418,.T.);
#779 = B_SPLINE_SURFACE_WITH_KNOTS('',1,1,(
    (#780,#781)
    ,(#782,#783
    )),.UNSPECIFIED.,.F.,.F.,.F.,(2,2),(2,2),(0.,8.5),(0.,0.45),
  .PIECEWISE_BEZIER_KNOTS.);
#780 = CARTESIAN_POINT('',(4.25,-26.05,7.45));
#781 = CARTESIAN_POINT('',(4.25,-26.5,7.45));
#782 = CARTESIAN_POINT('',(-4.25,-26.05,7.45));
#783 = CARTESIAN_POINT('',(-4.25,-26.5,7.45));
#784 = ADVANCED_FACE('',(#785),#795,.T.);
#785 = FACE_BOUND('',#786,.T.);
#786 = EDGE_LOOP('',(#787,#788,#793,#794));
#787 = ORIENTED_EDGE('',*,*,#766,.F.);
#788 = ORIENTED_EDGE('',*,*,#789,.F.);
#789 = EDGE_CURVE('',#717,#767,#790,.T.);
#790 = B_SPLINE_CURVE_WITH_KNOTS('',1,(#791,#792),.UNSPECIFIED.,.F.,.F.,
  (2,2),(0.,1.),.PIECEWISE_BEZIER_KNOTS.);
#791 = CARTESIAN_POINT('',(4.25,-26.05,6.45));
#792 = CARTESIAN_POINT('',(4.25,-26.05,7.45));
#793 = ORIENTED_EDGE('',*,*,#716,.T.);
#794 = ORIENTED_EDGE('',*,*,#411,.T.);
#795 = B_SPLINE_SURFACE_WITH_KNOTS('',1,1,(
    (#796,#797)
    ,(#798,#799
    )),.UNSPECIFIED.,.F.,.F.,.F.,(2,2),(2,2),(0.,1.),(-0.45,0.),
  .PIECEWISE_BEZIER_KNOTS.);
#796 = CARTESIAN_POINT('',(4.25,-26.5,6.45));
#797 = CARTESIAN_POINT('',(4.25,-26.05,6.45));
#798 = CARTESIAN_POINT('',(4.25,-26.5,7.45));
#799 = CARTESIAN_POINT('',(4.25,-26.05,7.45));
#800 = ADVANCED_FACE('',(#801),#818,.F.);
#801 = FACE_BOUND('',#802,.F.);
#802 = EDGE_LOOP('',(#803,#810,#811,#812));
#803 = ORIENTED_EDGE('',*,*,#804,.F.);
#804 = EDGE_CURVE('',#439,#805,#807,.T.);
#805 = VERTEX_POINT('',#806);
#806 = CARTESIAN_POINT('',(26.25,-25.,14.2));
#807 = B_SPLINE_CURVE_WITH_KNOTS('',1,(#808,#809),.UNSPECIFIED.,.F.,.F.,
  (2,2),(-0.176776695297,0.176776695297),.PIECEWISE_BEZIER_KNOTS.);
#808 = CARTESIAN_POINT('',(26.5,-25.,13.95));
#809 = CARTESIAN_POINT('',(26.25,-25.,14.2));
#810 = ORIENTED_EDGE('',*,*,#447,.T.);
#811 = ORIENTED_EDGE('',*,*,#694,.T.);
#812 = ORIENTED_EDGE('',*,*,#813,.F.);
#813 = EDGE_CURVE('',#805,#695,#814,.T.);
#814 = ( BOUNDED_CURVE() B_SPLINE_CURVE(2,(#815,#816,#817),
.UNSPECIFIED.,.F.,.F.) B_SPLINE_CURVE_WITH_KNOTS((3,3),(0.,
1.570796326795),.PIECEWISE_BEZIER_KNOTS.) CURVE() 
GEOMETRIC_REPRESENTATION_ITEM() RATIONAL_B_SPLINE_CURVE((1.,
0.707106781187,1.)) REPRESENTATION_ITEM('') );
#815 = CARTESIAN_POINT('',(26.25,-25.,14.2));
#816 = CARTESIAN_POINT('',(26.25,-26.25,14.2));
#817 = CARTESIAN_POINT('',(25.,-26.25,14.2));
#818 = ( BOUNDED_SURFACE() B_SPLINE_SURFACE(2,1,(
    (#819,#820)
    ,(#821,#822)
,(#823,#824
    )),.UNSPECIFIED.,.F.,.F.,.F.) B_SPLINE_SURFACE_WITH_KNOTS((3,3),(2,2
    ),(0.,1.570796326795),(0.,0.353553390593),.PIECEWISE_BEZIER_KNOTS.) 
GEOMETRIC_REPRESENTATION_ITEM() RATIONAL_B_SPLINE_SURFACE((
    (1.,1.)
    ,(0.707106781187,0.707106781187)
,(1.,1.))) REPRESENTATION_ITEM('') SURFACE() );
#819 = CARTESIAN_POINT('',(26.5,-25.,13.95));
#820 = CARTESIAN_POINT('',(26.25,-25.,14.2));
#821 = CARTESIAN_POINT('',(26.5,-26.5,13.95));
#822 = CARTESIAN_POINT('',(26.25,-26.25,14.2));
#823 = CARTESIAN_POINT('',(25.,-26.5,13.95));
#824 = CARTESIAN_POINT('',(25.,-26.25,14.2));
#825 = ADVANCED_FACE('',(#826),#842,.F.);
#826 = FACE_BOUND('',#827,.F.);
#827 = EDGE_LOOP('',(#828,#835,#836,#837));
#828 = ORIENTED_EDGE('',*,*,#829,.F.);
#829 = EDGE_CURVE('',#466,#830,#832,.T.);
#830 = VERTEX_POINT('',#831);
#831 = CARTESIAN_POINT('',(26.25,25.,14.2));
#832 = B_SPLINE_CURVE_WITH_KNOTS('',1,(#833,#834),.UNSPECIFIED.,.F.,.F.,
  (2,2),(0.,0.353553390593),.PIECEWISE_BEZIER_KNOTS.);
#833 = CARTESIAN_POINT('',(26.5,25.,13.95));
#834 = CARTESIAN_POINT('',(26.25,25.,14.2));
#835 = ORIENTED_EDGE('',*,*,#472,.T.);
#836 = ORIENTED_EDGE('',*,*,#804,.T.);
#837 = ORIENTED_EDGE('',*,*,#838,.F.);
#838 = EDGE_CURVE('',#830,#805,#839,.T.);
#839 = B_SPLINE_CURVE_WITH_KNOTS('',1,(#840,#841),.UNSPECIFIED.,.F.,.F.,
  (2,2),(0.,50.),.PIECEWISE_BEZIER_KNOTS.);
#840 = CARTESIAN_POINT('',(26.25,25.,14.2));
#841 = CARTESIAN_POINT('',(26.25,-25.,14.2));
#842 = B_SPLINE_SURFACE_WITH_KNOTS('',1,1,(
    (#843,#844)
    ,(#845,#846
    )),.UNSPECIFIED.,.F.,.F.,.F.,(2,2),(2,2),(0.,50.),(-0.176776695297,
    0.176776695297),.PIECEWISE_BEZIER_KNOTS.);
#843 = CARTESIAN_POINT('',(26.5,25.,13.95));
#844 = CARTESIAN_POINT('',(26.25,25.,14.2));
#845 = CARTESIAN_POINT('',(26.5,-25.,13.95));
#846 = CARTESIAN_POINT('',(26.25,-25.,14.2));
#847 = ADVANCED_FACE('',(#848),#870,.F.);
#848 = FACE_BOUND('',#849,.F.);
#849 = EDGE_LOOP('',(#850,#857,#864,#869));
#850 = ORIENTED_EDGE('',*,*,#851,.F.);
#851 = EDGE_CURVE('',#852,#480,#854,.T.);
#852 = VERTEX_POINT('',#853);
#853 = CARTESIAN_POINT('',(26.05,4.25,7.45));
#854 = B_SPLINE_CURVE_WITH_KNOTS('',1,(#855,#856),.UNSPECIFIED.,.F.,.F.,
  (2,2),(0.,0.45),.PIECEWISE_BEZIER_KNOTS.);
#855 = CARTESIAN_POINT('',(26.05,4.25,7.45));
#856 = CARTESIAN_POINT('',(26.5,4.25,7.45));
#857 = ORIENTED_EDGE('',*,*,#858,.T.);
#858 = EDGE_CURVE('',#852,#859,#861,.T.);
#859 = VERTEX_POINT('',#860);
#860 = CARTESIAN_POINT('',(26.05,-4.25,7.45));
#861 = B_SPLINE_CURVE_WITH_KNOTS('',1,(#862,#863),.UNSPECIFIED.,.F.,.F.,
  (2,2),(0.,8.5),.PIECEWISE_BEZIER_KNOTS.);
#862 = CARTESIAN_POINT('',(26.05,4.25,7.45));
#863 = CARTESIAN_POINT('',(26.05,-4.25,7.45));
#864 = ORIENTED_EDGE('',*,*,#865,.T.);
#865 = EDGE_CURVE('',#859,#482,#866,.T.);
#866 = B_SPLINE_CURVE_WITH_KNOTS('',1,(#867,#868),.UNSPECIFIED.,.F.,.F.,
  (2,2),(0.,0.45),.PIECEWISE_BEZIER_KNOTS.);
#867 = CARTESIAN_POINT('',(26.05,-4.25,7.45));
#868 = CARTESIAN_POINT('',(26.5,-4.25,7.45));
#869 = ORIENTED_EDGE('',*,*,#479,.F.);
#870 = B_SPLINE_SURFACE_WITH_KNOTS('',1,1,(
    (#871,#872)
    ,(#873,#874
    )),.UNSPECIFIED.,.F.,.F.,.F.,(2,2),(2,2),(0.,8.5),(0.,0.45),
  .PIECEWISE_BEZIER_KNOTS.);
#871 = CARTESIAN_POINT('',(26.05,4.25,7.45));
#872 = CARTESIAN_POINT('',(26.5,4.25,7.45));
#873 = CARTESIAN_POINT('',(26.05,-4.25,7.45));
#874 = CARTESIAN_POINT('',(26.5,-4.25,7.45));
#875 = ADVANCED_FACE('',(#876),#892,.F.);
#876 = FACE_BOUND('',#877,.F.);
#877 = EDGE_LOOP('',(#878,#879,#886,#891));
#878 = ORIENTED_EDGE('',*,*,#865,.F.);
#879 = ORIENTED_EDGE('',*,*,#880,.F.);
#880 = EDGE_CURVE('',#881,#859,#883,.T.);
#881 = VERTEX_POINT('',#882);
#882 = CARTESIAN_POINT('',(26.05,-4.25,6.45));
#883 = B_SPLINE_CURVE_WITH_KNOTS('',1,(#884,#885),.UNSPECIFIED.,.F.,.F.,
  (2,2),(0.,1.),.PIECEWISE_BEZIER_KNOTS.);
#884 = CARTESIAN_POINT('',(26.05,-4.25,6.45));
#885 = CARTESIAN_POINT('',(26.05,-4.25,7.45));
#886 = ORIENTED_EDGE('',*,*,#887,.T.);
#887 = EDGE_CURVE('',#881,#496,#888,.T.);
#888 = B_SPLINE_CURVE_WITH_KNOTS('',1,(#889,#890),.UNSPECIFIED.,.F.,.F.,
  (2,2),(0.,0.45),.PIECEWISE_BEZIER_KNOTS.);
#889 = CARTESIAN_POINT('',(26.05,-4.25,6.45));
#890 = CARTESIAN_POINT('',(26.5,-4.25,6.45));
#891 = ORIENTED_EDGE('',*,*,#502,.F.);
#892 = B_SPLINE_SURFACE_WITH_KNOTS('',1,1,(
    (#893,#894)
    ,(#895,#896
    )),.UNSPECIFIED.,.F.,.F.,.F.,(2,2),(2,2),(0.,1.),(-0.45,0.),
  .PIECEWISE_BEZIER_KNOTS.);
#893 = CARTESIAN_POINT('',(26.5,-4.25,6.45));
#894 = CARTESIAN_POINT('',(26.05,-4.25,6.45));
#895 = CARTESIAN_POINT('',(26.5,-4.25,7.45));
#896 = CARTESIAN_POINT('',(26.05,-4.25,7.45));
#897 = ADVANCED_FACE('',(#898),#914,.T.);
#898 = FACE_BOUND('',#899,.T.);
#899 = EDGE_LOOP('',(#900,#907,#912,#913));
#900 = ORIENTED_EDGE('',*,*,#901,.F.);
#901 = EDGE_CURVE('',#902,#489,#904,.T.);
#902 = VERTEX_POINT('',#903);
#903 = CARTESIAN_POINT('',(26.05,4.25,6.45));
#904 = B_SPLINE_CURVE_WITH_KNOTS('',1,(#905,#906),.UNSPECIFIED.,.F.,.F.,
  (2,2),(0.,0.45),.PIECEWISE_BEZIER_KNOTS.);
#905 = CARTESIAN_POINT('',(26.05,4.25,6.45));
#906 = CARTESIAN_POINT('',(26.5,4.25,6.45));
#907 = ORIENTED_EDGE('',*,*,#908,.T.);
#908 = EDGE_CURVE('',#902,#881,#909,.T.);
#909 = B_SPLINE_CURVE_WITH_KNOTS('',1,(#910,#911),.UNSPECIFIED.,.F.,.F.,
  (2,2),(0.,8.5),.PIECEWISE_BEZIER_KNOTS.);
#910 = CARTESIAN_POINT('',(26.05,4.25,6.45));
#911 = CARTESIAN_POINT('',(26.05,-4.25,6.45));
#912 = ORIENTED_EDGE('',*,*,#887,.T.);
#913 = ORIENTED_EDGE('',*,*,#495,.F.);
#914 = B_SPLINE_SURFACE_WITH_KNOTS('',1,1,(
    (#915,#916)
    ,(#917,#918
    )),.UNSPECIFIED.,.F.,.F.,.F.,(2,2),(2,2),(0.,8.5),(0.,0.45),
  .PIECEWISE_BEZIER_KNOTS.);
#915 = CARTESIAN_POINT('',(26.05,4.25,6.45));
#916 = CARTESIAN_POINT('',(26.5,4.25,6.45));
#917 = CARTESIAN_POINT('',(26.05,-4.25,6.45));
#918 = CARTESIAN_POINT('',(26.5,-4.25,6.45));
#919 = ADVANCED_FACE('',(#920),#930,.T.);
#920 = FACE_BOUND('',#921,.T.);
#921 = EDGE_LOOP('',(#922,#923,#928,#929));
#922 = ORIENTED_EDGE('',*,*,#851,.F.);
#923 = ORIENTED_EDGE('',*,*,#924,.F.);
#924 = EDGE_CURVE('',#902,#852,#925,.T.);
#925 = B_SPLINE_CURVE_WITH_KNOTS('',1,(#926,#927),.UNSPECIFIED.,.F.,.F.,
  (2,2),(0.,1.),.PIECEWISE_BEZIER_KNOTS.);
#926 = CARTESIAN_POINT('',(26.05,4.25,6.45));
#927 = CARTESIAN_POINT('',(26.05,4.25,7.45));
#928 = ORIENTED_EDGE('',*,*,#901,.T.);
#929 = ORIENTED_EDGE('',*,*,#488,.F.);
#930 = B_SPLINE_SURFACE_WITH_KNOTS('',1,1,(
    (#931,#932)
    ,(#933,#934
    )),.UNSPECIFIED.,.F.,.F.,.F.,(2,2),(2,2),(0.,1.),(-0.45,0.),
  .PIECEWISE_BEZIER_KNOTS.);
#931 = CARTESIAN_POINT('',(26.5,4.25,6.45));
#932 = CARTESIAN_POINT('',(26.05,4.25,6.45));
#933 = CARTESIAN_POINT('',(26.5,4.25,7.45));
#934 = CARTESIAN_POINT('',(26.05,4.25,7.45));
#935 = ADVANCED_FACE('',(#936),#953,.F.);
#936 = FACE_BOUND('',#937,.F.);
#937 = EDGE_LOOP('',(#938,#945,#946,#947));
#938 = ORIENTED_EDGE('',*,*,#939,.F.);
#939 = EDGE_CURVE('',#518,#940,#942,.T.);
#940 = VERTEX_POINT('',#941);
#941 = CARTESIAN_POINT('',(25.,26.25,14.2));
#942 = B_SPLINE_CURVE_WITH_KNOTS('',1,(#943,#944),.UNSPECIFIED.,.F.,.F.,
  (2,2),(-0.176776695297,0.176776695297),.PIECEWISE_BEZIER_KNOTS.);
#943 = CARTESIAN_POINT('',(25.,26.5,13.95));
#944 = CARTESIAN_POINT('',(25.,26.25,14.2));
#945 = ORIENTED_EDGE('',*,*,#524,.T.);
#946 = ORIENTED_EDGE('',*,*,#829,.T.);
#947 = ORIENTED_EDGE('',*,*,#948,.F.);
#948 = EDGE_CURVE('',#940,#830,#949,.T.);
#949 = ( BOUNDED_CURVE() B_SPLINE_CURVE(2,(#950,#951,#952),
.UNSPECIFIED.,.F.,.F.) B_SPLINE_CURVE_WITH_KNOTS((3,3),(0.,
1.570796326795),.PIECEWISE_BEZIER_KNOTS.) CURVE() 
GEOMETRIC_REPRESENTATION_ITEM() RATIONAL_B_SPLINE_CURVE((1.,
0.707106781187,1.)) REPRESENTATION_ITEM('') );
#950 = CARTESIAN_POINT('',(25.,26.25,14.2));
#951 = CARTESIAN_POINT('',(26.25,26.25,14.2));
#952 = CARTESIAN_POINT('',(26.25,25.,14.2));
#953 = ( BOUNDED_SURFACE() B_SPLINE_SURFACE(2,1,(
    (#954,#955)
    ,(#956,#957)
,(#958,#959
    )),.UNSPECIFIED.,.F.,.F.,.F.) B_SPLINE_SURFACE_WITH_KNOTS((3,3),(2,2
    ),(0.,1.570796326795),(0.,0.353553390593),.PIECEWISE_BEZIER_KNOTS.) 
GEOMETRIC_REPRESENTATION_ITEM() RATIONAL_B_SPLINE_SURFACE((
    (1.,1.)
    ,(0.707106781187,0.707106781187)
,(1.,1.))) REPRESENTATION_ITEM('') SURFACE() );
#954 = CARTESIAN_POINT('',(25.,26.5,13.95));
#955 = CARTESIAN_POINT('',(25.,26.25,14.2));
#956 = CARTESIAN_POINT('',(26.5,26.5,13.95));
#957 = CARTESIAN_POINT('',(26.25,26.25,14.2));
#958 = CARTESIAN_POINT('',(26.5,25.,13.95));
#959 = CARTESIAN_POINT('',(26.25,25.,14.2));
#960 = ADVANCED_FACE('',(#961),#977,.F.);
#961 = FACE_BOUND('',#962,.F.);
#962 = EDGE_LOOP('',(#963,#970,#971,#972));
#963 = ORIENTED_EDGE('',*,*,#964,.F.);
#964 = EDGE_CURVE('',#541,#965,#967,.T.);
#965 = VERTEX_POINT('',#966);
#966 = CARTESIAN_POINT('',(-25.,26.25,14.2));
#967 = B_SPLINE_CURVE_WITH_KNOTS('',1,(#968,#969),.UNSPECIFIED.,.F.,.F.,
  (2,2),(0.,0.353553390593),.PIECEWISE_BEZIER_KNOTS.);
#968 = CARTESIAN_POINT('',(-25.,26.5,13.95));
#969 = CARTESIAN_POINT('',(-25.,26.25,14.2));
#970 = ORIENTED_EDGE('',*,*,#547,.T.);
#971 = ORIENTED_EDGE('',*,*,#939,.T.);
#972 = ORIENTED_EDGE('',*,*,#973,.F.);
#973 = EDGE_CURVE('',#965,#940,#974,.T.);
#974 = B_SPLINE_CURVE_WITH_KNOTS('',1,(#975,#976),.UNSPECIFIED.,.F.,.F.,
  (2,2),(0.,50.),.PIECEWISE_BEZIER_KNOTS.);
#975 = CARTESIAN_POINT('',(-25.,26.25,14.2));
#976 = CARTESIAN_POINT('',(25.,26.25,14.2));
#977 = B_SPLINE_SURFACE_WITH_KNOTS('',1,1,(
    (#978,#979)
    ,(#980,#981
    )),.UNSPECIFIED.,.F.,.F.,.F.,(2,2),(2,2),(0.,50.),(-0.176776695297,
    0.176776695297),.PIECEWISE_BEZIER_KNOTS.);
#978 = CARTESIAN_POINT('',(-25.,26.5,13.95));
#979 = CARTESIAN_POINT('',(-25.,26.25,14.2));
#980 = CARTESIAN_POINT('',(25.,26.5,13.95));
#981 = CARTESIAN_POINT('',(25.,26.25,14.2));
#982 = ADVANCED_FACE('',(#983),#1005,.F.);
#983 = FACE_BOUND('',#984,.F.);
#984 = EDGE_LOOP('',(#985,#992,#999,#1004));
#985 = ORIENTED_EDGE('',*,*,#986,.F.);
#986 = EDGE_CURVE('',#987,#557,#989,.T.);
#987 = VERTEX_POINT('',#988);
#988 = CARTESIAN_POINT('',(-4.25,26.05,7.45));
#989 = B_SPLINE_CURVE_WITH_KNOTS('',1,(#990,#991),.UNSPECIFIED.,.F.,.F.,
  (2,2),(0.,0.45),.PIECEWISE_BEZIER_KNOTS.);
#990 = CARTESIAN_POINT('',(-4.25,26.05,7.45));
#991 = CARTESIAN_POINT('',(-4.25,26.5,7.45));
#992 = ORIENTED_EDGE('',*,*,#993,.T.);
#993 = EDGE_CURVE('',#987,#994,#996,.T.);
#994 = VERTEX_POINT('',#995);
#995 = CARTESIAN_POINT('',(4.25,26.05,7.45));
#996 = B_SPLINE_CURVE_WITH_KNOTS('',1,(#997,#998),.UNSPECIFIED.,.F.,.F.,
  (2,2),(0.,8.5),.PIECEWISE_BEZIER_KNOTS.);
#997 = CARTESIAN_POINT('',(-4.25,26.05,7.45));
#998 = CARTESIAN_POINT('',(4.25,26.05,7.45));
#999 = ORIENTED_EDGE('',*,*,#1000,.T.);
#1000 = EDGE_CURVE('',#994,#559,#1001,.T.);
#1001 = B_SPLINE_CURVE_WITH_KNOTS('',1,(#1002,#1003),.UNSPECIFIED.,.F.,
  .F.,(2,2),(0.,0.45),.PIECEWISE_BEZIER_KNOTS.);
#1002 = CARTESIAN_POINT('',(4.25,26.05,7.45));
#1003 = CARTESIAN_POINT('',(4.25,26.5,7.45));
#1004 = ORIENTED_EDGE('',*,*,#556,.F.);
#1005 = B_SPLINE_SURFACE_WITH_KNOTS('',1,1,(
    (#1006,#1007)
    ,(#1008,#1009
    )),.UNSPECIFIED.,.F.,.F.,.F.,(2,2),(2,2),(0.,8.5),(0.,0.45),
  .PIECEWISE_BEZIER_KNOTS.);
#1006 = CARTESIAN_POINT('',(-4.25,26.05,7.45));
#1007 = CARTESIAN_POINT('',(-4.25,26.5,7.45));
#1008 = CARTESIAN_POINT('',(4.25,26.05,7.45));
#1009 = CARTESIAN_POINT('',(4.25,26.5,7.45));
#1010 = ADVANCED_FACE('',(#1011),#1027,.F.);
#1011 = FACE_BOUND('',#1012,.F.);
#1012 = EDGE_LOOP('',(#1013,#1014,#1021,#1026));
#1013 = ORIENTED_EDGE('',*,*,#1000,.F.);
#1014 = ORIENTED_EDGE('',*,*,#1015,.F.);
#1015 = EDGE_CURVE('',#1016,#994,#1018,.T.);
#1016 = VERTEX_POINT('',#1017);
#1017 = CARTESIAN_POINT('',(4.25,26.05,6.45));
#1018 = B_SPLINE_CURVE_WITH_KNOTS('',1,(#1019,#1020),.UNSPECIFIED.,.F.,
  .F.,(2,2),(0.,1.),.PIECEWISE_BEZIER_KNOTS.);
#1019 = CARTESIAN_POINT('',(4.25,26.05,6.45));
#1020 = CARTESIAN_POINT('',(4.25,26.05,7.45));
#1021 = ORIENTED_EDGE('',*,*,#1022,.T.);
#1022 = EDGE_CURVE('',#1016,#573,#1023,.T.);
#1023 = B_SPLINE_CURVE_WITH_KNOTS('',1,(#1024,#1025),.UNSPECIFIED.,.F.,
  .F.,(2,2),(0.,0.45),.PIECEWISE_BEZIER_KNOTS.);
#1024 = CARTESIAN_POINT('',(4.25,26.05,6.45));
#1025 = CARTESIAN_POINT('',(4.25,26.5,6.45));
#1026 = ORIENTED_EDGE('',*,*,#579,.F.);
#1027 = B_SPLINE_SURFACE_WITH_KNOTS('',1,1,(
    (#1028,#1029)
    ,(#1030,#1031
    )),.UNSPECIFIED.,.F.,.F.,.F.,(2,2),(2,2),(0.,1.),(-0.45,0.),
  .PIECEWISE_BEZIER_KNOTS.);
#1028 = CARTESIAN_POINT('',(4.25,26.5,6.45));
#1029 = CARTESIAN_POINT('',(4.25,26.05,6.45));
#1030 = CARTESIAN_POINT('',(4.25,26.5,7.45));
#1031 = CARTESIAN_POINT('',(4.25,26.05,7.45));
#1032 = ADVANCED_FACE('',(#1033),#1049,.T.);
#1033 = FACE_BOUND('',#1034,.T.);
#1034 = EDGE_LOOP('',(#1035,#1042,#1047,#1048));
#1035 = ORIENTED_EDGE('',*,*,#1036,.F.);
#1036 = EDGE_CURVE('',#1037,#566,#1039,.T.);
#1037 = VERTEX_POINT('',#1038);
#1038 = CARTESIAN_POINT('',(-4.25,26.05,6.45));
#1039 = B_SPLINE_CURVE_WITH_KNOTS('',1,(#1040,#1041),.UNSPECIFIED.,.F.,
  .F.,(2,2),(0.,0.45),.PIECEWISE_BEZIER_KNOTS.);
#1040 = CARTESIAN_POINT('',(-4.25,26.05,6.45));
#1041 = CARTESIAN_POINT('',(-4.25,26.5,6.45));
#1042 = ORIENTED_EDGE('',*,*,#1043,.T.);
#1043 = EDGE_CURVE('',#1037,#1016,#1044,.T.);
#1044 = B_SPLINE_CURVE_WITH_KNOTS('',1,(#1045,#1046),.UNSPECIFIED.,.F.,
  .F.,(2,2),(0.,8.5),.PIECEWISE_BEZIER_KNOTS.);
#1045 = CARTESIAN_POINT('',(-4.25,26.05,6.45));
#1046 = CARTESIAN_POINT('',(4.25,26.05,6.45));
#1047 = ORIENTED_EDGE('',*,*,#1022,.T.);
#1048 = ORIENTED_EDGE('',*,*,#572,.F.);
#1049 = B_SPLINE_SURFACE_WITH_KNOTS('',1,1,(
    (#1050,#1051)
    ,(#1052,#1053
    )),.UNSPECIFIED.,.F.,.F.,.F.,(2,2),(2,2),(0.,8.5),(0.,0.45),
  .PIECEWISE_BEZIER_KNOTS.);
#1050 = CARTESIAN_POINT('',(-4.25,26.05,6.45));
#1051 = CARTESIAN_POINT('',(-4.25,26.5,6.45));
#1052 = CARTESIAN_POINT('',(4.25,26.05,6.45));
#1053 = CARTESIAN_POINT('',(4.25,26.5,6.45));
#1054 = ADVANCED_FACE('',(#1055),#1065,.T.);
#1055 = FACE_BOUND('',#1056,.T.);
#1056 = EDGE_LOOP('',(#1057,#1058,#1063,#1064));
#1057 = ORIENTED_EDGE('',*,*,#986,.F.);
#1058 = ORIENTED_EDGE('',*,*,#1059,.F.);
#1059 = EDGE_CURVE('',#1037,#987,#1060,.T.);
#1060 = B_SPLINE_CURVE_WITH_KNOTS('',1,(#1061,#1062),.UNSPECIFIED.,.F.,
  .F.,(2,2),(0.,1.),.PIECEWISE_BEZIER_KNOTS.);
#1061 = CARTESIAN_POINT('',(-4.25,26.05,6.45));
#1062 = CARTESIAN_POINT('',(-4.25,26.05,7.45));
#1063 = ORIENTED_EDGE('',*,*,#1036,.T.);
#1064 = ORIENTED_EDGE('',*,*,#565,.F.);
#1065 = B_SPLINE_SURFACE_WITH_KNOTS('',1,1,(
    (#1066,#1067)
    ,(#1068,#1069
    )),.UNSPECIFIED.,.F.,.F.,.F.,(2,2),(2,2),(0.,1.),(-0.45,0.),
  .PIECEWISE_BEZIER_KNOTS.);
#1066 = CARTESIAN_POINT('',(-4.25,26.5,6.45));
#1067 = CARTESIAN_POINT('',(-4.25,26.05,6.45));
#1068 = CARTESIAN_POINT('',(-4.25,26.5,7.45));
#1069 = CARTESIAN_POINT('',(-4.25,26.05,7.45));
#1070 = ADVANCED_FACE('',(#1071),#1088,.F.);
#1071 = FACE_BOUND('',#1072,.F.);
#1072 = EDGE_LOOP('',(#1073,#1080,#1081,#1082));
#1073 = ORIENTED_EDGE('',*,*,#1074,.F.);
#1074 = EDGE_CURVE('',#593,#1075,#1077,.T.);
#1075 = VERTEX_POINT('',#1076);
#1076 = CARTESIAN_POINT('',(-26.25,25.,14.2));
#1077 = B_SPLINE_CURVE_WITH_KNOTS('',1,(#1078,#1079),.UNSPECIFIED.,.F.,
  .F.,(2,2),(-0.176776695297,0.176776695297),.PIECEWISE_BEZIER_KNOTS.);
#1078 = CARTESIAN_POINT('',(-26.5,25.,13.95));
#1079 = CARTESIAN_POINT('',(-26.25,25.,14.2));
#1080 = ORIENTED_EDGE('',*,*,#601,.T.);
#1081 = ORIENTED_EDGE('',*,*,#964,.T.);
#1082 = ORIENTED_EDGE('',*,*,#1083,.F.);
#1083 = EDGE_CURVE('',#1075,#965,#1084,.T.);
#1084 = ( BOUNDED_CURVE() B_SPLINE_CURVE(2,(#1085,#1086,#1087),
.UNSPECIFIED.,.F.,.F.) B_SPLINE_CURVE_WITH_KNOTS((3,3),(0.,
1.570796326795),.PIECEWISE_BEZIER_KNOTS.) CURVE() 
GEOMETRIC_REPRESENTATION_ITEM() RATIONAL_B_SPLINE_CURVE((1.,
0.707106781187,1.)) REPRESENTATION_ITEM('') );
#1085 = CARTESIAN_POINT('',(-26.25,25.,14.2));
#1086 = CARTESIAN_POINT('',(-26.25,26.25,14.2));
#1087 = CARTESIAN_POINT('',(-25.,26.25,14.2));
#1088 = ( BOUNDED_SURFACE() B_SPLINE_SURFACE(2,1,(
    (#1089,#1090)
    ,(#1091,#1092)
    ,(#1093,#1094
)),.UNSPECIFIED.,.F.,.F.,.F.) B_SPLINE_SURFACE_WITH_KNOTS((3,3),(2,2),(
    0.,1.570796326795),(0.,0.353553390593),.PIECEWISE_BEZIER_KNOTS.) 
GEOMETRIC_REPRESENTATION_ITEM() RATIONAL_B_SPLINE_SURFACE((
    (1.,1.)
    ,(0.707106781187,0.707106781187)
,(1.,1.))) REPRESENTATION_ITEM('') SURFACE() );
#1089 = CARTESIAN_POINT('',(-26.5,25.,13.95));
#1090 = CARTESIAN_POINT('',(-26.25,25.,14.2));
#1091 = CARTESIAN_POINT('',(-26.5,26.5,13.95));
#1092 = CARTESIAN_POINT('',(-26.25,26.25,14.2));
#1093 = CARTESIAN_POINT('',(-25.,26.5,13.95));
#1094 = CARTESIAN_POINT('',(-25.,26.25,14.2));
#1095 = ADVANCED_FACE('',(#1096),#1106,.F.);
#1096 = FACE_BOUND('',#1097,.F.);
#1097 = EDGE_LOOP('',(#1098,#1099,#1100,#1101));
#1098 = ORIENTED_EDGE('',*,*,#671,.F.);
#1099 = ORIENTED_EDGE('',*,*,#620,.T.);
#1100 = ORIENTED_EDGE('',*,*,#1074,.T.);
#1101 = ORIENTED_EDGE('',*,*,#1102,.F.);
#1102 = EDGE_CURVE('',#672,#1075,#1103,.T.);
#1103 = B_SPLINE_CURVE_WITH_KNOTS('',1,(#1104,#1105),.UNSPECIFIED.,.F.,
  .F.,(2,2),(-0.,50.),.PIECEWISE_BEZIER_KNOTS.);
#1104 = CARTESIAN_POINT('',(-26.25,-25.,14.2));
#1105 = CARTESIAN_POINT('',(-26.25,25.,14.2));
#1106 = B_SPLINE_SURFACE_WITH_KNOTS('',1,1,(
    (#1107,#1108)
    ,(#1109,#1110
    )),.UNSPECIFIED.,.F.,.F.,.F.,(2,2),(2,2),(0.,50.),(-0.176776695297,
    0.176776695297),.PIECEWISE_BEZIER_KNOTS.);
#1107 = CARTESIAN_POINT('',(-26.5,-25.,13.95));
#1108 = CARTESIAN_POINT('',(-26.25,-25.,14.2));
#1109 = CARTESIAN_POINT('',(-26.5,25.,13.95));
#1110 = CARTESIAN_POINT('',(-26.25,25.,14.2));
#1111 = ADVANCED_FACE('',(#1112),#1134,.T.);
#1112 = FACE_BOUND('',#1113,.T.);
#1113 = EDGE_LOOP('',(#1114,#1121,#1128,#1133));
#1114 = ORIENTED_EDGE('',*,*,#1115,.F.);
#1115 = EDGE_CURVE('',#1116,#630,#1118,.T.);
#1116 = VERTEX_POINT('',#1117);
#1117 = CARTESIAN_POINT('',(-26.05,-4.25,6.45));
#1118 = B_SPLINE_CURVE_WITH_KNOTS('',1,(#1119,#1120),.UNSPECIFIED.,.F.,
  .F.,(2,2),(0.,0.45),.PIECEWISE_BEZIER_KNOTS.);
#1119 = CARTESIAN_POINT('',(-26.05,-4.25,6.45));
#1120 = CARTESIAN_POINT('',(-26.5,-4.25,6.45));
#1121 = ORIENTED_EDGE('',*,*,#1122,.T.);
#1122 = EDGE_CURVE('',#1116,#1123,#1125,.T.);
#1123 = VERTEX_POINT('',#1124);
#1124 = CARTESIAN_POINT('',(-26.05,4.25,6.45));
#1125 = B_SPLINE_CURVE_WITH_KNOTS('',1,(#1126,#1127),.UNSPECIFIED.,.F.,
  .F.,(2,2),(0.,8.5),.PIECEWISE_BEZIER_KNOTS.);
#1126 = CARTESIAN_POINT('',(-26.05,-4.25,6.45));
#1127 = CARTESIAN_POINT('',(-26.05,4.25,6.45));
#1128 = ORIENTED_EDGE('',*,*,#1129,.T.);
#1129 = EDGE_CURVE('',#1123,#628,#1130,.T.);
#1130 = B_SPLINE_CURVE_WITH_KNOTS('',1,(#1131,#1132),.UNSPECIFIED.,.F.,
  .F.,(2,2),(0.,0.45),.PIECEWISE_BEZIER_KNOTS.);
#1131 = CARTESIAN_POINT('',(-26.05,4.25,6.45));
#1132 = CARTESIAN_POINT('',(-26.5,4.25,6.45));
#1133 = ORIENTED_EDGE('',*,*,#627,.T.);
#1134 = B_SPLINE_SURFACE_WITH_KNOTS('',1,1,(
    (#1135,#1136)
    ,(#1137,#1138
    )),.UNSPECIFIED.,.F.,.F.,.F.,(2,2),(2,2),(0.,8.5),(0.,0.45),
  .PIECEWISE_BEZIER_KNOTS.);
#1135 = CARTESIAN_POINT('',(-26.05,-4.25,6.45));
#1136 = CARTESIAN_POINT('',(-26.5,-4.25,6.45));
#1137 = CARTESIAN_POINT('',(-26.05,4.25,6.45));
#1138 = CARTESIAN_POINT('',(-26.5,4.25,6.45));
#1139 = ADVANCED_FACE('',(#1140),#1156,.F.);
#1140 = FACE_BOUND('',#1141,.F.);
#1141 = EDGE_LOOP('',(#1142,#1149,#1154,#1155));
#1142 = ORIENTED_EDGE('',*,*,#1143,.F.);
#1143 = EDGE_CURVE('',#1144,#644,#1146,.T.);
#1144 = VERTEX_POINT('',#1145);
#1145 = CARTESIAN_POINT('',(-26.05,4.25,7.45));
#1146 = B_SPLINE_CURVE_WITH_KNOTS('',1,(#1147,#1148),.UNSPECIFIED.,.F.,
  .F.,(2,2),(0.,0.45),.PIECEWISE_BEZIER_KNOTS.);
#1147 = CARTESIAN_POINT('',(-26.05,4.25,7.45));
#1148 = CARTESIAN_POINT('',(-26.5,4.25,7.45));
#1149 = ORIENTED_EDGE('',*,*,#1150,.F.);
#1150 = EDGE_CURVE('',#1123,#1144,#1151,.T.);
#1151 = B_SPLINE_CURVE_WITH_KNOTS('',1,(#1152,#1153),.UNSPECIFIED.,.F.,
  .F.,(2,2),(0.,1.),.PIECEWISE_BEZIER_KNOTS.);
#1152 = CARTESIAN_POINT('',(-26.05,4.25,6.45));
#1153 = CARTESIAN_POINT('',(-26.05,4.25,7.45));
#1154 = ORIENTED_EDGE('',*,*,#1129,.T.);
#1155 = ORIENTED_EDGE('',*,*,#650,.T.);
#1156 = B_SPLINE_SURFACE_WITH_KNOTS('',1,1,(
    (#1157,#1158)
    ,(#1159,#1160
    )),.UNSPECIFIED.,.F.,.F.,.F.,(2,2),(2,2),(0.,1.),(-0.45,0.),
  .PIECEWISE_BEZIER_KNOTS.);
#1157 = CARTESIAN_POINT('',(-26.5,4.25,6.45));
#1158 = CARTESIAN_POINT('',(-26.05,4.25,6.45));
#1159 = CARTESIAN_POINT('',(-26.5,4.25,7.45));
#1160 = CARTESIAN_POINT('',(-26.05,4.25,7.45));
#1161 = ADVANCED_FACE('',(#1162),#1178,.F.);
#1162 = FACE_BOUND('',#1163,.F.);
#1163 = EDGE_LOOP('',(#1164,#1171,#1176,#1177));
#1164 = ORIENTED_EDGE('',*,*,#1165,.F.);
#1165 = EDGE_CURVE('',#1166,#637,#1168,.T.);
#1166 = VERTEX_POINT('',#1167);
#1167 = CARTESIAN_POINT('',(-26.05,-4.25,7.45));
#1168 = B_SPLINE_CURVE_WITH_KNOTS('',1,(#1169,#1170),.UNSPECIFIED.,.F.,
  .F.,(2,2),(0.,0.45),.PIECEWISE_BEZIER_KNOTS.);
#1169 = CARTESIAN_POINT('',(-26.05,-4.25,7.45));
#1170 = CARTESIAN_POINT('',(-26.5,-4.25,7.45));
#1171 = ORIENTED_EDGE('',*,*,#1172,.T.);
#1172 = EDGE_CURVE('',#1166,#1144,#1173,.T.);
#1173 = B_SPLINE_CURVE_WITH_KNOTS('',1,(#1174,#1175),.UNSPECIFIED.,.F.,
  .F.,(2,2),(0.,8.5),.PIECEWISE_BEZIER_KNOTS.);
#1174 = CARTESIAN_POINT('',(-26.05,-4.25,7.45));
#1175 = CARTESIAN_POINT('',(-26.05,4.25,7.45));
#1176 = ORIENTED_EDGE('',*,*,#1143,.T.);
#1177 = ORIENTED_EDGE('',*,*,#643,.T.);
#1178 = B_SPLINE_SURFACE_WITH_KNOTS('',1,1,(
    (#1179,#1180)
    ,(#1181,#1182
    )),.UNSPECIFIED.,.F.,.F.,.F.,(2,2),(2,2),(0.,8.5),(0.,0.45),
  .PIECEWISE_BEZIER_KNOTS.);
#1179 = CARTESIAN_POINT('',(-26.05,-4.25,7.45));
#1180 = CARTESIAN_POINT('',(-26.5,-4.25,7.45));
#1181 = CARTESIAN_POINT('',(-26.05,4.25,7.45));
#1182 = CARTESIAN_POINT('',(-26.5,4.25,7.45));
#1183 = ADVANCED_FACE('',(#1184),#1194,.T.);
#1184 = FACE_BOUND('',#1185,.T.);
#1185 = EDGE_LOOP('',(#1186,#1187,#1192,#1193));
#1186 = ORIENTED_EDGE('',*,*,#1165,.F.);
#1187 = ORIENTED_EDGE('',*,*,#1188,.F.);
#1188 = EDGE_CURVE('',#1116,#1166,#1189,.T.);
#1189 = B_SPLINE_CURVE_WITH_KNOTS('',1,(#1190,#1191),.UNSPECIFIED.,.F.,
  .F.,(2,2),(0.,1.),.PIECEWISE_BEZIER_KNOTS.);
#1190 = CARTESIAN_POINT('',(-26.05,-4.25,6.45));
#1191 = CARTESIAN_POINT('',(-26.05,-4.25,7.45));
#1192 = ORIENTED_EDGE('',*,*,#1115,.T.);
#1193 = ORIENTED_EDGE('',*,*,#636,.T.);
#1194 = B_SPLINE_SURFACE_WITH_KNOTS('',1,1,(
    (#1195,#1196)
    ,(#1197,#1198
    )),.UNSPECIFIED.,.F.,.F.,.F.,(2,2),(2,2),(0.,1.),(-0.45,0.),
  .PIECEWISE_BEZIER_KNOTS.);
#1195 = CARTESIAN_POINT('',(-26.5,-4.25,6.45));
#1196 = CARTESIAN_POINT('',(-26.05,-4.25,6.45));
#1197 = CARTESIAN_POINT('',(-26.5,-4.25,7.45));
#1198 = CARTESIAN_POINT('',(-26.05,-4.25,7.45));
#1199 = ADVANCED_FACE('',(#1200,#1210),#1240,.T.);
#1200 = FACE_BOUND('',#1201,.T.);
#1201 = EDGE_LOOP('',(#1202,#1203,#1204,#1205,#1206,#1207,#1208,#1209));
#1202 = ORIENTED_EDGE('',*,*,#1102,.F.);
#1203 = ORIENTED_EDGE('',*,*,#678,.F.);
#1204 = ORIENTED_EDGE('',*,*,#703,.F.);
#1205 = ORIENTED_EDGE('',*,*,#813,.F.);
#1206 = ORIENTED_EDGE('',*,*,#838,.F.);
#1207 = ORIENTED_EDGE('',*,*,#948,.F.);
#1208 = ORIENTED_EDGE('',*,*,#973,.F.);
#1209 = ORIENTED_EDGE('',*,*,#1083,.F.);
#1210 = FACE_BOUND('',#1211,.T.);
#1211 = EDGE_LOOP('',(#1212,#1221,#1228,#1235));
#1212 = ORIENTED_EDGE('',*,*,#1213,.T.);
#1213 = EDGE_CURVE('',#1214,#1216,#1218,.T.);
#1214 = VERTEX_POINT('',#1215);
#1215 = CARTESIAN_POINT('',(25.3,-25.3,14.2));
#1216 = VERTEX_POINT('',#1217);
#1217 = CARTESIAN_POINT('',(-25.3,-25.3,14.2));
#1218 = B_SPLINE_CURVE_WITH_KNOTS('',1,(#1219,#1220),.UNSPECIFIED.,.F.,
  .F.,(2,2),(-51.2,-0.6),.PIECEWISE_BEZIER_KNOTS.);
#1219 = CARTESIAN_POINT('',(25.3,-25.3,14.2));
#1220 = CARTESIAN_POINT('',(-25.3,-25.3,14.2));
#1221 = ORIENTED_EDGE('',*,*,#1222,.T.);
#1222 = EDGE_CURVE('',#1216,#1223,#1225,.T.);
#1223 = VERTEX_POINT('',#1224);
#1224 = CARTESIAN_POINT('',(-25.3,25.3,14.2));
#1225 = B_SPLINE_CURVE_WITH_KNOTS('',1,(#1226,#1227),.UNSPECIFIED.,.F.,
  .F.,(2,2),(0.6,51.2),.PIECEWISE_BEZIER_KNOTS.);
#1226 = CARTESIAN_POINT('',(-25.3,-25.3,14.2));
#1227 = CARTESIAN_POINT('',(-25.3,25.3,14.2));
#1228 = ORIENTED_EDGE('',*,*,#1229,.F.);
#1229 = EDGE_CURVE('',#1230,#1223,#1232,.T.);
#1230 = VERTEX_POINT('',#1231);
#1231 = CARTESIAN_POINT('',(25.3,25.3,14.2));
#1232 = B_SPLINE_CURVE_WITH_KNOTS('',1,(#1233,#1234),.UNSPECIFIED.,.F.,
  .F.,(2,2),(-51.2,-0.6),.PIECEWISE_BEZIER_KNOTS.);
#1233 = CARTESIAN_POINT('',(25.3,25.3,14.2));
#1234 = CARTESIAN_POINT('',(-25.3,25.3,14.2));
#1235 = ORIENTED_EDGE('',*,*,#1236,.F.);
#1236 = EDGE_CURVE('',#1214,#1230,#1237,.T.);
#1237 = B_SPLINE_CURVE_WITH_KNOTS('',1,(#1238,#1239),.UNSPECIFIED.,.F.,
  .F.,(2,2),(0.6,51.2),.PIECEWISE_BEZIER_KNOTS.);
#1238 = CARTESIAN_POINT('',(25.3,-25.3,14.2));
#1239 = CARTESIAN_POINT('',(25.3,25.3,14.2));
#1240 = B_SPLINE_SURFACE_WITH_KNOTS('',1,1,(
    (#1241,#1242)
    ,(#1243,#1244
    )),.UNSPECIFIED.,.F.,.F.,.F.,(2,2),(2,2),(0.25,52.75),(0.25,52.75),
  .PIECEWISE_BEZIER_KNOTS.);
#1241 = CARTESIAN_POINT('',(-26.25,-26.25,14.2));
#1242 = CARTESIAN_POINT('',(-26.25,26.25,14.2));
#1243 = CARTESIAN_POINT('',(26.25,-26.25,14.2));
#1244 = CARTESIAN_POINT('',(26.25,26.25,14.2));
#1245 = ADVANCED_FACE('',(#1246),#1252,.T.);
#1246 = FACE_BOUND('',#1247,.T.);
#1247 = EDGE_LOOP('',(#1248,#1249,#1250,#1251));
#1248 = ORIENTED_EDGE('',*,*,#723,.F.);
#1249 = ORIENTED_EDGE('',*,*,#789,.T.);
#1250 = ORIENTED_EDGE('',*,*,#773,.T.);
#1251 = ORIENTED_EDGE('',*,*,#751,.F.);
#1252 = B_SPLINE_SURFACE_WITH_KNOTS('',1,1,(
    (#1253,#1254)
    ,(#1255,#1256
    )),.UNSPECIFIED.,.F.,.F.,.F.,(2,2),(2,2),(0.,1.),(0.,8.5),
  .PIECEWISE_BEZIER_KNOTS.);
#1253 = CARTESIAN_POINT('',(4.25,-26.05,6.45));
#1254 = CARTESIAN_POINT('',(-4.25,-26.05,6.45));
#1255 = CARTESIAN_POINT('',(4.25,-26.05,7.45));
#1256 = CARTESIAN_POINT('',(-4.25,-26.05,7.45));
#1257 = ADVANCED_FACE('',(#1258),#1264,.T.);
#1258 = FACE_BOUND('',#1259,.T.);
#1259 = EDGE_LOOP('',(#1260,#1261,#1262,#1263));
#1260 = ORIENTED_EDGE('',*,*,#908,.F.);
#1261 = ORIENTED_EDGE('',*,*,#924,.T.);
#1262 = ORIENTED_EDGE('',*,*,#858,.T.);
#1263 = ORIENTED_EDGE('',*,*,#880,.F.);
#1264 = B_SPLINE_SURFACE_WITH_KNOTS('',1,1,(
    (#1265,#1266)
    ,(#1267,#1268
    )),.UNSPECIFIED.,.F.,.F.,.F.,(2,2),(2,2),(0.,1.),(0.,8.5),
  .PIECEWISE_BEZIER_KNOTS.);
#1265 = CARTESIAN_POINT('',(26.05,4.25,6.45));
#1266 = CARTESIAN_POINT('',(26.05,-4.25,6.45));
#1267 = CARTESIAN_POINT('',(26.05,4.25,7.45));
#1268 = CARTESIAN_POINT('',(26.05,-4.25,7.45));
#1269 = ADVANCED_FACE('',(#1270),#1276,.T.);
#1270 = FACE_BOUND('',#1271,.T.);
#1271 = EDGE_LOOP('',(#1272,#1273,#1274,#1275));
#1272 = ORIENTED_EDGE('',*,*,#1043,.F.);
#1273 = ORIENTED_EDGE('',*,*,#1059,.T.);
#1274 = ORIENTED_EDGE('',*,*,#993,.T.);
#1275 = ORIENTED_EDGE('',*,*,#1015,.F.);
#1276 = B_SPLINE_SURFACE_WITH_KNOTS('',1,1,(
    (#1277,#1278)
    ,(#1279,#1280
    )),.UNSPECIFIED.,.F.,.F.,.F.,(2,2),(2,2),(0.,1.),(0.,8.5),
  .PIECEWISE_BEZIER_KNOTS.);
#1277 = CARTESIAN_POINT('',(-4.25,26.05,6.45));
#1278 = CARTESIAN_POINT('',(4.25,26.05,6.45));
#1279 = CARTESIAN_POINT('',(-4.25,26.05,7.45));
#1280 = CARTESIAN_POINT('',(4.25,26.05,7.45));
#1281 = ADVANCED_FACE('',(#1282),#1288,.T.);
#1282 = FACE_BOUND('',#1283,.T.);
#1283 = EDGE_LOOP('',(#1284,#1285,#1286,#1287));
#1284 = ORIENTED_EDGE('',*,*,#1122,.F.);
#1285 = ORIENTED_EDGE('',*,*,#1188,.T.);
#1286 = ORIENTED_EDGE('',*,*,#1172,.T.);
#1287 = ORIENTED_EDGE('',*,*,#1150,.F.);
#1288 = B_SPLINE_SURFACE_WITH_KNOTS('',1,1,(
    (#1289,#1290)
    ,(#1291,#1292
    )),.UNSPECIFIED.,.F.,.F.,.F.,(2,2),(2,2),(0.,1.),(0.,8.5),
  .PIECEWISE_BEZIER_KNOTS.);
#1289 = CARTESIAN_POINT('',(-26.05,-4.25,6.45));
#1290 = CARTESIAN_POINT('',(-26.05,4.25,6.45));
#1291 = CARTESIAN_POINT('',(-26.05,-4.25,7.45));
#1292 = CARTESIAN_POINT('',(-26.05,4.25,7.45));
#1293 = ADVANCED_FACE('',(#1294),#1316,.T.);
#1294 = FACE_BOUND('',#1295,.T.);
#1295 = EDGE_LOOP('',(#1296,#1303,#1310,#1315));
#1296 = ORIENTED_EDGE('',*,*,#1297,.F.);
#1297 = EDGE_CURVE('',#1298,#1214,#1300,.T.);
#1298 = VERTEX_POINT('',#1299);
#1299 = CARTESIAN_POINT('',(25.3,-25.3,12.));
#1300 = B_SPLINE_CURVE_WITH_KNOTS('',1,(#1301,#1302),.UNSPECIFIED.,.F.,
  .F.,(2,2),(0.,2.2),.PIECEWISE_BEZIER_KNOTS.);
#1301 = CARTESIAN_POINT('',(25.3,-25.3,12.));
#1302 = CARTESIAN_POINT('',(25.3,-25.3,14.2));
#1303 = ORIENTED_EDGE('',*,*,#1304,.F.);
#1304 = EDGE_CURVE('',#1305,#1298,#1307,.T.);
#1305 = VERTEX_POINT('',#1306);
#1306 = CARTESIAN_POINT('',(-25.3,-25.3,12.));
#1307 = B_SPLINE_CURVE_WITH_KNOTS('',1,(#1308,#1309),.UNSPECIFIED.,.F.,
  .F.,(2,2),(0.,50.6),.PIECEWISE_BEZIER_KNOTS.);
#1308 = CARTESIAN_POINT('',(-25.3,-25.3,12.));
#1309 = CARTESIAN_POINT('',(25.3,-25.3,12.));
#1310 = ORIENTED_EDGE('',*,*,#1311,.T.);
#1311 = EDGE_CURVE('',#1305,#1216,#1312,.T.);
#1312 = B_SPLINE_CURVE_WITH_KNOTS('',1,(#1313,#1314),.UNSPECIFIED.,.F.,
  .F.,(2,2),(0.,2.2),.PIECEWISE_BEZIER_KNOTS.);
#1313 = CARTESIAN_POINT('',(-25.3,-25.3,12.));
#1314 = CARTESIAN_POINT('',(-25.3,-25.3,14.2));
#1315 = ORIENTED_EDGE('',*,*,#1213,.F.);
#1316 = B_SPLINE_SURFACE_WITH_KNOTS('',1,1,(
    (#1317,#1318)
    ,(#1319,#1320
    )),.UNSPECIFIED.,.F.,.F.,.F.,(2,2),(2,2),(0.,2.2),(0.,50.6),
  .PIECEWISE_BEZIER_KNOTS.);
#1317 = CARTESIAN_POINT('',(-25.3,-25.3,12.));
#1318 = CARTESIAN_POINT('',(25.3,-25.3,12.));
#1319 = CARTESIAN_POINT('',(-25.3,-25.3,14.2));
#1320 = CARTESIAN_POINT('',(25.3,-25.3,14.2));
#1321 = ADVANCED_FACE('',(#1322),#1338,.F.);
#1322 = FACE_BOUND('',#1323,.F.);
#1323 = EDGE_LOOP('',(#1324,#1325,#1332,#1337));
#1324 = ORIENTED_EDGE('',*,*,#1297,.F.);
#1325 = ORIENTED_EDGE('',*,*,#1326,.T.);
#1326 = EDGE_CURVE('',#1298,#1327,#1329,.T.);
#1327 = VERTEX_POINT('',#1328);
#1328 = CARTESIAN_POINT('',(25.3,25.3,12.));
#1329 = B_SPLINE_CURVE_WITH_KNOTS('',1,(#1330,#1331),.UNSPECIFIED.,.F.,
  .F.,(2,2),(0.,50.6),.PIECEWISE_BEZIER_KNOTS.);
#1330 = CARTESIAN_POINT('',(25.3,-25.3,12.));
#1331 = CARTESIAN_POINT('',(25.3,25.3,12.));
#1332 = ORIENTED_EDGE('',*,*,#1333,.T.);
#1333 = EDGE_CURVE('',#1327,#1230,#1334,.T.);
#1334 = B_SPLINE_CURVE_WITH_KNOTS('',1,(#1335,#1336),.UNSPECIFIED.,.F.,
  .F.,(2,2),(0.,2.2),.PIECEWISE_BEZIER_KNOTS.);
#1335 = CARTESIAN_POINT('',(25.3,25.3,12.));
#1336 = CARTESIAN_POINT('',(25.3,25.3,14.2));
#1337 = ORIENTED_EDGE('',*,*,#1236,.F.);
#1338 = B_SPLINE_SURFACE_WITH_KNOTS('',1,1,(
    (#1339,#1340)
    ,(#1341,#1342
    )),.UNSPECIFIED.,.F.,.F.,.F.,(2,2),(2,2),(0.,2.2),(-50.6,0.),
  .PIECEWISE_BEZIER_KNOTS.);
#1339 = CARTESIAN_POINT('',(25.3,25.3,12.));
#1340 = CARTESIAN_POINT('',(25.3,-25.3,12.));
#1341 = CARTESIAN_POINT('',(25.3,25.3,14.2));
#1342 = CARTESIAN_POINT('',(25.3,-25.3,14.2));
#1343 = ADVANCED_FACE('',(#1344),#1360,.F.);
#1344 = FACE_BOUND('',#1345,.F.);
#1345 = EDGE_LOOP('',(#1346,#1347,#1354,#1359));
#1346 = ORIENTED_EDGE('',*,*,#1333,.F.);
#1347 = ORIENTED_EDGE('',*,*,#1348,.F.);
#1348 = EDGE_CURVE('',#1349,#1327,#1351,.T.);
#1349 = VERTEX_POINT('',#1350);
#1350 = CARTESIAN_POINT('',(-25.3,25.3,12.));
#1351 = B_SPLINE_CURVE_WITH_KNOTS('',1,(#1352,#1353),.UNSPECIFIED.,.F.,
  .F.,(2,2),(0.,50.6),.PIECEWISE_BEZIER_KNOTS.);
#1352 = CARTESIAN_POINT('',(-25.3,25.3,12.));
#1353 = CARTESIAN_POINT('',(25.3,25.3,12.));
#1354 = ORIENTED_EDGE('',*,*,#1355,.T.);
#1355 = EDGE_CURVE('',#1349,#1223,#1356,.T.);
#1356 = B_SPLINE_CURVE_WITH_KNOTS('',1,(#1357,#1358),.UNSPECIFIED.,.F.,
  .F.,(2,2),(0.,2.2),.PIECEWISE_BEZIER_KNOTS.);
#1357 = CARTESIAN_POINT('',(-25.3,25.3,12.));
#1358 = CARTESIAN_POINT('',(-25.3,25.3,14.2));
#1359 = ORIENTED_EDGE('',*,*,#1229,.F.);
#1360 = B_SPLINE_SURFACE_WITH_KNOTS('',1,1,(
    (#1361,#1362)
    ,(#1363,#1364
    )),.UNSPECIFIED.,.F.,.F.,.F.,(2,2),(2,2),(0.,2.2),(0.,50.6),
  .PIECEWISE_BEZIER_KNOTS.);
#1361 = CARTESIAN_POINT('',(-25.3,25.3,12.));
#1362 = CARTESIAN_POINT('',(25.3,25.3,12.));
#1363 = CARTESIAN_POINT('',(-25.3,25.3,14.2));
#1364 = CARTESIAN_POINT('',(25.3,25.3,14.2));
#1365 = ADVANCED_FACE('',(#1366),#1376,.T.);
#1366 = FACE_BOUND('',#1367,.T.);
#1367 = EDGE_LOOP('',(#1368,#1369,#1374,#1375));
#1368 = ORIENTED_EDGE('',*,*,#1311,.F.);
#1369 = ORIENTED_EDGE('',*,*,#1370,.T.);
#1370 = EDGE_CURVE('',#1305,#1349,#1371,.T.);
#1371 = B_SPLINE_CURVE_WITH_KNOTS('',1,(#1372,#1373),.UNSPECIFIED.,.F.,
  .F.,(2,2),(0.,50.6),.PIECEWISE_BEZIER_KNOTS.);
#1372 = CARTESIAN_POINT('',(-25.3,-25.3,12.));
#1373 = CARTESIAN_POINT('',(-25.3,25.3,12.));
#1374 = ORIENTED_EDGE('',*,*,#1355,.T.);
#1375 = ORIENTED_EDGE('',*,*,#1222,.F.);
#1376 = B_SPLINE_SURFACE_WITH_KNOTS('',1,1,(
    (#1377,#1378)
    ,(#1379,#1380
    )),.UNSPECIFIED.,.F.,.F.,.F.,(2,2),(2,2),(0.,2.2),(-50.6,0.),
  .PIECEWISE_BEZIER_KNOTS.);
#1377 = CARTESIAN_POINT('',(-25.3,25.3,12.));
#1378 = CARTESIAN_POINT('',(-25.3,-25.3,12.));
#1379 = CARTESIAN_POINT('',(-25.3,25.3,14.2));
#1380 = CARTESIAN_POINT('',(-25.3,-25.3,14.2));
#1381 = ADVANCED_FACE('',(#1382,#1388),#1418,.T.);
#1382 = FACE_BOUND('',#1383,.T.);
#1383 = EDGE_LOOP('',(#1384,#1385,#1386,#1387));
#1384 = ORIENTED_EDGE('',*,*,#1370,.F.);
#1385 = ORIENTED_EDGE('',*,*,#1304,.T.);
#1386 = ORIENTED_EDGE('',*,*,#1326,.T.);
#1387 = ORIENTED_EDGE('',*,*,#1348,.F.);
#1388 = FACE_BOUND('',#1389,.T.);
#1389 = EDGE_LOOP('',(#1390,#1399,#1406,#1413));
#1390 = ORIENTED_EDGE('',*,*,#1391,.F.);
#1391 = EDGE_CURVE('',#1392,#1394,#1396,.T.);
#1392 = VERTEX_POINT('',#1393);
#1393 = CARTESIAN_POINT('',(-22.,-22.,12.));
#1394 = VERTEX_POINT('',#1395);
#1395 = CARTESIAN_POINT('',(22.,-22.,12.));
#1396 = B_SPLINE_CURVE_WITH_KNOTS('',1,(#1397,#1398),.UNSPECIFIED.,.F.,
  .F.,(2,2),(1.65,45.65),.PIECEWISE_BEZIER_KNOTS.);
#1397 = CARTESIAN_POINT('',(-22.,-22.,12.));
#1398 = CARTESIAN_POINT('',(22.,-22.,12.));
#1399 = ORIENTED_EDGE('',*,*,#1400,.F.);
#1400 = EDGE_CURVE('',#1401,#1392,#1403,.T.);
#1401 = VERTEX_POINT('',#1402);
#1402 = CARTESIAN_POINT('',(-22.,22.,12.));
#1403 = B_SPLINE_CURVE_WITH_KNOTS('',1,(#1404,#1405),.UNSPECIFIED.,.F.,
  .F.,(2,2),(-45.65,-1.65),.PIECEWISE_BEZIER_KNOTS.);
#1404 = CARTESIAN_POINT('',(-22.,22.,12.));
#1405 = CARTESIAN_POINT('',(-22.,-22.,12.));
#1406 = ORIENTED_EDGE('',*,*,#1407,.T.);
#1407 = EDGE_CURVE('',#1401,#1408,#1410,.T.);
#1408 = VERTEX_POINT('',#1409);
#1409 = CARTESIAN_POINT('',(22.,22.,12.));
#1410 = B_SPLINE_CURVE_WITH_KNOTS('',1,(#1411,#1412),.UNSPECIFIED.,.F.,
  .F.,(2,2),(1.65,45.65),.PIECEWISE_BEZIER_KNOTS.);
#1411 = CARTESIAN_POINT('',(-22.,22.,12.));
#1412 = CARTESIAN_POINT('',(22.,22.,12.));
#1413 = ORIENTED_EDGE('',*,*,#1414,.T.);
#1414 = EDGE_CURVE('',#1408,#1394,#1415,.T.);
#1415 = B_SPLINE_CURVE_WITH_KNOTS('',1,(#1416,#1417),.UNSPECIFIED.,.F.,
  .F.,(2,2),(-45.65,-1.65),.PIECEWISE_BEZIER_KNOTS.);
#1416 = CARTESIAN_POINT('',(22.,22.,12.));
#1417 = CARTESIAN_POINT('',(22.,-22.,12.));
#1418 = B_SPLINE_SURFACE_WITH_KNOTS('',1,1,(
    (#1419,#1420)
    ,(#1421,#1422
    )),.UNSPECIFIED.,.F.,.F.,.F.,(2,2),(2,2),(0.,50.6),(0.,50.6),
  .PIECEWISE_BEZIER_KNOTS.);
#1419 = CARTESIAN_POINT('',(-25.3,-25.3,12.));
#1420 = CARTESIAN_POINT('',(-25.3,25.3,12.));
#1421 = CARTESIAN_POINT('',(25.3,-25.3,12.));
#1422 = CARTESIAN_POINT('',(25.3,25.3,12.));
#1423 = ADVANCED_FACE('',(#1424),#1446,.T.);
#1424 = FACE_BOUND('',#1425,.T.);
#1425 = EDGE_LOOP('',(#1426,#1433,#1440,#1445));
#1426 = ORIENTED_EDGE('',*,*,#1427,.F.);
#1427 = EDGE_CURVE('',#1428,#1394,#1430,.T.);
#1428 = VERTEX_POINT('',#1429);
#1429 = CARTESIAN_POINT('',(22.,-22.,3.));
#1430 = B_SPLINE_CURVE_WITH_KNOTS('',1,(#1431,#1432),.UNSPECIFIED.,.F.,
  .F.,(2,2),(0.,9.),.PIECEWISE_BEZIER_KNOTS.);
#1431 = CARTESIAN_POINT('',(22.,-22.,3.));
#1432 = CARTESIAN_POINT('',(22.,-22.,12.));
#1433 = ORIENTED_EDGE('',*,*,#1434,.F.);
#1434 = EDGE_CURVE('',#1435,#1428,#1437,.T.);
#1435 = VERTEX_POINT('',#1436);
#1436 = CARTESIAN_POINT('',(-22.,-22.,3.));
#1437 = B_SPLINE_CURVE_WITH_KNOTS('',1,(#1438,#1439),.UNSPECIFIED.,.F.,
  .F.,(2,2),(0.,44.),.PIECEWISE_BEZIER_KNOTS.);
#1438 = CARTESIAN_POINT('',(-22.,-22.,3.));
#1439 = CARTESIAN_POINT('',(22.,-22.,3.));
#1440 = ORIENTED_EDGE('',*,*,#1441,.T.);
#1441 = EDGE_CURVE('',#1435,#1392,#1442,.T.);
#1442 = B_SPLINE_CURVE_WITH_KNOTS('',1,(#1443,#1444),.UNSPECIFIED.,.F.,
  .F.,(2,2),(0.,9.),.PIECEWISE_BEZIER_KNOTS.);
#1443 = CARTESIAN_POINT('',(-22.,-22.,3.));
#1444 = CARTESIAN_POINT('',(-22.,-22.,12.));
#1445 = ORIENTED_EDGE('',*,*,#1391,.T.);
#1446 = B_SPLINE_SURFACE_WITH_KNOTS('',1,1,(
    (#1447,#1448)
    ,(#1449,#1450
    )),.UNSPECIFIED.,.F.,.F.,.F.,(2,2),(2,2),(0.,9.),(0.,44.),
  .PIECEWISE_BEZIER_KNOTS.);
#1447 = CARTESIAN_POINT('',(-22.,-22.,3.));
#1448 = CARTESIAN_POINT('',(22.,-22.,3.));
#1449 = CARTESIAN_POINT('',(-22.,-22.,12.));
#1450 = CARTESIAN_POINT('',(22.,-22.,12.));
#1451 = ADVANCED_FACE('',(#1452),#1468,.F.);
#1452 = FACE_BOUND('',#1453,.F.);
#1453 = EDGE_LOOP('',(#1454,#1455,#1462,#1467));
#1454 = ORIENTED_EDGE('',*,*,#1427,.F.);
#1455 = ORIENTED_EDGE('',*,*,#1456,.T.);
#1456 = EDGE_CURVE('',#1428,#1457,#1459,.T.);
#1457 = VERTEX_POINT('',#1458);
#1458 = CARTESIAN_POINT('',(22.,22.,3.));
#1459 = B_SPLINE_CURVE_WITH_KNOTS('',1,(#1460,#1461),.UNSPECIFIED.,.F.,
  .F.,(2,2),(0.,44.),.PIECEWISE_BEZIER_KNOTS.);
#1460 = CARTESIAN_POINT('',(22.,-22.,3.));
#1461 = CARTESIAN_POINT('',(22.,22.,3.));
#1462 = ORIENTED_EDGE('',*,*,#1463,.T.);
#1463 = EDGE_CURVE('',#1457,#1408,#1464,.T.);
#1464 = B_SPLINE_CURVE_WITH_KNOTS('',1,(#1465,#1466),.UNSPECIFIED.,.F.,
  .F.,(2,2),(0.,9.),.PIECEWISE_BEZIER_KNOTS.);
#1465 = CARTESIAN_POINT('',(22.,22.,3.));
#1466 = CARTESIAN_POINT('',(22.,22.,12.));
#1467 = ORIENTED_EDGE('',*,*,#1414,.T.);
#1468 = B_SPLINE_SURFACE_WITH_KNOTS('',1,1,(
    (#1469,#1470)
    ,(#1471,#1472
    )),.UNSPECIFIED.,.F.,.F.,.F.,(2,2),(2,2),(0.,9.),(-44.,0.),
  .PIECEWISE_BEZIER_KNOTS.);
#1469 = CARTESIAN_POINT('',(22.,22.,3.));
#1470 = CARTESIAN_POINT('',(22.,-22.,3.));
#1471 = CARTESIAN_POINT('',(22.,22.,12.));
#1472 = CARTESIAN_POINT('',(22.,-22.,12.));
#1473 = ADVANCED_FACE('',(#1474),#1490,.F.);
#1474 = FACE_BOUND('',#1475,.F.);
#1475 = EDGE_LOOP('',(#1476,#1477,#1484,#1489));
#1476 = ORIENTED_EDGE('',*,*,#1463,.F.);
#1477 = ORIENTED_EDGE('',*,*,#1478,.F.);
#1478 = EDGE_CURVE('',#1479,#1457,#1481,.T.);
#1479 = VERTEX_POINT('',#1480);
#1480 = CARTESIAN_POINT('',(-22.,22.,3.));
#1481 = B_SPLINE_CURVE_WITH_KNOTS('',1,(#1482,#1483),.UNSPECIFIED.,.F.,
  .F.,(2,2),(0.,44.),.PIECEWISE_BEZIER_KNOTS.);
#1482 = CARTESIAN_POINT('',(-22.,22.,3.));
#1483 = CARTESIAN_POINT('',(22.,22.,3.));
#1484 = ORIENTED_EDGE('',*,*,#1485,.T.);
#1485 = EDGE_CURVE('',#1479,#1401,#1486,.T.);
#1486 = B_SPLINE_CURVE_WITH_KNOTS('',1,(#1487,#1488),.UNSPECIFIED.,.F.,
  .F.,(2,2),(0.,9.),.PIECEWISE_BEZIER_KNOTS.);
#1487 = CARTESIAN_POINT('',(-22.,22.,3.));
#1488 = CARTESIAN_POINT('',(-22.,22.,12.));
#1489 = ORIENTED_EDGE('',*,*,#1407,.T.);
#1490 = B_SPLINE_SURFACE_WITH_KNOTS('',1,1,(
    (#1491,#1492)
    ,(#1493,#1494
    )),.UNSPECIFIED.,.F.,.F.,.F.,(2,2),(2,2),(0.,9.),(0.,44.),
  .PIECEWISE_BEZIER_KNOTS.);
#1491 = CARTESIAN_POINT('',(-22.,22.,3.));
#1492 = CARTESIAN_POINT('',(22.,22.,3.));
#1493 = CARTESIAN_POINT('',(-22.,22.,12.));
#1494 = CARTESIAN_POINT('',(22.,22.,12.));
#1495 = ADVANCED_FACE('',(#1496),#1506,.T.);
#1496 = FACE_BOUND('',#1497,.T.);
#1497 = EDGE_LOOP('',(#1498,#1499,#1504,#1505));
#1498 = ORIENTED_EDGE('',*,*,#1441,.F.);
#1499 = ORIENTED_EDGE('',*,*,#1500,.T.);
#1500 = EDGE_CURVE('',#1435,#1479,#1501,.T.);
#1501 = B_SPLINE_CURVE_WITH_KNOTS('',1,(#1502,#1503),.UNSPECIFIED.,.F.,
  .F.,(2,2),(0.,44.),.PIECEWISE_BEZIER_KNOTS.);
#1502 = CARTESIAN_POINT('',(-22.,-22.,3.));
#1503 = CARTESIAN_POINT('',(-22.,22.,3.));
#1504 = ORIENTED_EDGE('',*,*,#1485,.T.);
#1505 = ORIENTED_EDGE('',*,*,#1400,.T.);
#1506 = B_SPLINE_SURFACE_WITH_KNOTS('',1,1,(
    (#1507,#1508)
    ,(#1509,#1510
    )),.UNSPECIFIED.,.F.,.F.,.F.,(2,2),(2,2),(0.,9.),(-44.,0.),
  .PIECEWISE_BEZIER_KNOTS.);
#1507 = CARTESIAN_POINT('',(-22.,22.,3.));
#1508 = CARTESIAN_POINT('',(-22.,-22.,3.));
#1509 = CARTESIAN_POINT('',(-22.,22.,12.));
#1510 = CARTESIAN_POINT('',(-22.,-22.,12.));
#1511 = ADVANCED_FACE('',(#1512,#1518,#1548,#1578,#1608,#1638,#1668,
    #1698,#1728,#1758,#1788,#1818,#1848,#1878,#1908,#1938,#1968,#1998,
    #2028,#2058,#2088,#2118,#2148,#2178,#2208,#2238),#2268,.T.);
#1512 = FACE_BOUND('',#1513,.T.);
#1513 = EDGE_LOOP('',(#1514,#1515,#1516,#1517));
#1514 = ORIENTED_EDGE('',*,*,#1500,.F.);
#1515 = ORIENTED_EDGE('',*,*,#1434,.T.);
#1516 = ORIENTED_EDGE('',*,*,#1456,.T.);
#1517 = ORIENTED_EDGE('',*,*,#1478,.F.);
#1518 = FACE_BOUND('',#1519,.T.);
#1519 = EDGE_LOOP('',(#1520,#1529,#1536,#1543));
#1520 = ORIENTED_EDGE('',*,*,#1521,.T.);
#1521 = EDGE_CURVE('',#1522,#1524,#1526,.T.);
#1522 = VERTEX_POINT('',#1523);
#1523 = CARTESIAN_POINT('',(-13.6,-21.6,3.));
#1524 = VERTEX_POINT('',#1525);
#1525 = CARTESIAN_POINT('',(-21.6,-21.6,3.));
#1526 = B_SPLINE_CURVE_WITH_KNOTS('',1,(#1527,#1528),.UNSPECIFIED.,.F.,
  .F.,(2,2),(-8.2,-0.2),.PIECEWISE_BEZIER_KNOTS.);
#1527 = CARTESIAN_POINT('',(-13.6,-21.6,3.));
#1528 = CARTESIAN_POINT('',(-21.6,-21.6,3.));
#1529 = ORIENTED_EDGE('',*,*,#1530,.T.);
#1530 = EDGE_CURVE('',#1524,#1531,#1533,.T.);
#1531 = VERTEX_POINT('',#1532);
#1532 = CARTESIAN_POINT('',(-21.6,-13.6,3.));
#1533 = B_SPLINE_CURVE_WITH_KNOTS('',1,(#1534,#1535),.UNSPECIFIED.,.F.,
  .F.,(2,2),(0.2,8.2),.PIECEWISE_BEZIER_KNOTS.);
#1534 = CARTESIAN_POINT('',(-21.6,-21.6,3.));
#1535 = CARTESIAN_POINT('',(-21.6,-13.6,3.));
#1536 = ORIENTED_EDGE('',*,*,#1537,.F.);
#1537 = EDGE_CURVE('',#1538,#1531,#1540,.T.);
#1538 = VERTEX_POINT('',#1539);
#1539 = CARTESIAN_POINT('',(-13.6,-13.6,3.));
#1540 = B_SPLINE_CURVE_WITH_KNOTS('',1,(#1541,#1542),.UNSPECIFIED.,.F.,
  .F.,(2,2),(-8.2,-0.2),.PIECEWISE_BEZIER_KNOTS.);
#1541 = CARTESIAN_POINT('',(-13.6,-13.6,3.));
#1542 = CARTESIAN_POINT('',(-21.6,-13.6,3.));
#1543 = ORIENTED_EDGE('',*,*,#1544,.F.);
#1544 = EDGE_CURVE('',#1522,#1538,#1545,.T.);
#1545 = B_SPLINE_CURVE_WITH_KNOTS('',1,(#1546,#1547),.UNSPECIFIED.,.F.,
  .F.,(2,2),(0.2,8.2),.PIECEWISE_BEZIER_KNOTS.);
#1546 = CARTESIAN_POINT('',(-13.6,-21.6,3.));
#1547 = CARTESIAN_POINT('',(-13.6,-13.6,3.));
#1548 = FACE_BOUND('',#1549,.T.);
#1549 = EDGE_LOOP('',(#1550,#1559,#1566,#1573));
#1550 = ORIENTED_EDGE('',*,*,#1551,.T.);
#1551 = EDGE_CURVE('',#1552,#1554,#1556,.T.);
#1552 = VERTEX_POINT('',#1553);
#1553 = CARTESIAN_POINT('',(-4.8,-21.6,3.));
#1554 = VERTEX_POINT('',#1555);
#1555 = CARTESIAN_POINT('',(-12.8,-21.6,3.));
#1556 = B_SPLINE_CURVE_WITH_KNOTS('',1,(#1557,#1558),.UNSPECIFIED.,.F.,
  .F.,(2,2),(-12.6,-4.6),.PIECEWISE_BEZIER_KNOTS.);
#1557 = CARTESIAN_POINT('',(-4.8,-21.6,3.));
#1558 = CARTESIAN_POINT('',(-12.8,-21.6,3.));
#1559 = ORIENTED_EDGE('',*,*,#1560,.T.);
#1560 = EDGE_CURVE('',#1554,#1561,#1563,.T.);
#1561 = VERTEX_POINT('',#1562);
#1562 = CARTESIAN_POINT('',(-12.8,-13.6,3.));
#1563 = B_SPLINE_CURVE_WITH_KNOTS('',1,(#1564,#1565),.UNSPECIFIED.,.F.,
  .F.,(2,2),(0.2,8.2),.PIECEWISE_BEZIER_KNOTS.);
#1564 = CARTESIAN_POINT('',(-12.8,-21.6,3.));
#1565 = CARTESIAN_POINT('',(-12.8,-13.6,3.));
#1566 = ORIENTED_EDGE('',*,*,#1567,.F.);
#1567 = EDGE_CURVE('',#1568,#1561,#1570,.T.);
#1568 = VERTEX_POINT('',#1569);
#1569 = CARTESIAN_POINT('',(-4.8,-13.6,3.));
#1570 = B_SPLINE_CURVE_WITH_KNOTS('',1,(#1571,#1572),.UNSPECIFIED.,.F.,
  .F.,(2,2),(-12.6,-4.6),.PIECEWISE_BEZIER_KNOTS.);
#1571 = CARTESIAN_POINT('',(-4.8,-13.6,3.));
#1572 = CARTESIAN_POINT('',(-12.8,-13.6,3.));
#1573 = ORIENTED_EDGE('',*,*,#1574,.F.);
#1574 = EDGE_CURVE('',#1552,#1568,#1575,.T.);
#1575 = B_SPLINE_CURVE_WITH_KNOTS('',1,(#1576,#1577),.UNSPECIFIED.,.F.,
  .F.,(2,2),(0.2,8.2),.PIECEWISE_BEZIER_KNOTS.);
#1576 = CARTESIAN_POINT('',(-4.8,-21.6,3.));
#1577 = CARTESIAN_POINT('',(-4.8,-13.6,3.));
#1578 = FACE_BOUND('',#1579,.T.);
#1579 = EDGE_LOOP('',(#1580,#1589,#1596,#1603));
#1580 = ORIENTED_EDGE('',*,*,#1581,.T.);
#1581 = EDGE_CURVE('',#1582,#1584,#1586,.T.);
#1582 = VERTEX_POINT('',#1583);
#1583 = CARTESIAN_POINT('',(-13.6,-12.8,3.));
#1584 = VERTEX_POINT('',#1585);
#1585 = CARTESIAN_POINT('',(-21.6,-12.8,3.));
#1586 = B_SPLINE_CURVE_WITH_KNOTS('',1,(#1587,#1588),.UNSPECIFIED.,.F.,
  .F.,(2,2),(-8.2,-0.2),.PIECEWISE_BEZIER_KNOTS.);
#1587 = CARTESIAN_POINT('',(-13.6,-12.8,3.));
#1588 = CARTESIAN_POINT('',(-21.6,-12.8,3.));
#1589 = ORIENTED_EDGE('',*,*,#1590,.T.);
#1590 = EDGE_CURVE('',#1584,#1591,#1593,.T.);
#1591 = VERTEX_POINT('',#1592);
#1592 = CARTESIAN_POINT('',(-21.6,-4.8,3.));
#1593 = B_SPLINE_CURVE_WITH_KNOTS('',1,(#1594,#1595),.UNSPECIFIED.,.F.,
  .F.,(2,2),(4.6,12.6),.PIECEWISE_BEZIER_KNOTS.);
#1594 = CARTESIAN_POINT('',(-21.6,-12.8,3.));
#1595 = CARTESIAN_POINT('',(-21.6,-4.8,3.));
#1596 = ORIENTED_EDGE('',*,*,#1597,.F.);
#1597 = EDGE_CURVE('',#1598,#1591,#1600,.T.);
#1598 = VERTEX_POINT('',#1599);
#1599 = CARTESIAN_POINT('',(-13.6,-4.8,3.));
#1600 = B_SPLINE_CURVE_WITH_KNOTS('',1,(#1601,#1602),.UNSPECIFIED.,.F.,
  .F.,(2,2),(-8.2,-0.2),.PIECEWISE_BEZIER_KNOTS.);
#1601 = CARTESIAN_POINT('',(-13.6,-4.8,3.));
#1602 = CARTESIAN_POINT('',(-21.6,-4.8,3.));
#1603 = ORIENTED_EDGE('',*,*,#1604,.F.);
#1604 = EDGE_CURVE('',#1582,#1598,#1605,.T.);
#1605 = B_SPLINE_CURVE_WITH_KNOTS('',1,(#1606,#1607),.UNSPECIFIED.,.F.,
  .F.,(2,2),(4.6,12.6),.PIECEWISE_BEZIER_KNOTS.);
#1606 = CARTESIAN_POINT('',(-13.6,-12.8,3.));
#1607 = CARTESIAN_POINT('',(-13.6,-4.8,3.));
#1608 = FACE_BOUND('',#1609,.T.);
#1609 = EDGE_LOOP('',(#1610,#1619,#1626,#1633));
#1610 = ORIENTED_EDGE('',*,*,#1611,.T.);
#1611 = EDGE_CURVE('',#1612,#1614,#1616,.T.);
#1612 = VERTEX_POINT('',#1613);
#1613 = CARTESIAN_POINT('',(-4.8,-12.8,3.));
#1614 = VERTEX_POINT('',#1615);
#1615 = CARTESIAN_POINT('',(-12.8,-12.8,3.));
#1616 = B_SPLINE_CURVE_WITH_KNOTS('',1,(#1617,#1618),.UNSPECIFIED.,.F.,
  .F.,(2,2),(-12.6,-4.6),.PIECEWISE_BEZIER_KNOTS.);
#1617 = CARTESIAN_POINT('',(-4.8,-12.8,3.));
#1618 = CARTESIAN_POINT('',(-12.8,-12.8,3.));
#1619 = ORIENTED_EDGE('',*,*,#1620,.T.);
#1620 = EDGE_CURVE('',#1614,#1621,#1623,.T.);
#1621 = VERTEX_POINT('',#1622);
#1622 = CARTESIAN_POINT('',(-12.8,-4.8,3.));
#1623 = B_SPLINE_CURVE_WITH_KNOTS('',1,(#1624,#1625),.UNSPECIFIED.,.F.,
  .F.,(2,2),(4.6,12.6),.PIECEWISE_BEZIER_KNOTS.);
#1624 = CARTESIAN_POINT('',(-12.8,-12.8,3.));
#1625 = CARTESIAN_POINT('',(-12.8,-4.8,3.));
#1626 = ORIENTED_EDGE('',*,*,#1627,.F.);
#1627 = EDGE_CURVE('',#1628,#1621,#1630,.T.);
#1628 = VERTEX_POINT('',#1629);
#1629 = CARTESIAN_POINT('',(-4.8,-4.8,3.));
#1630 = B_SPLINE_CURVE_WITH_KNOTS('',1,(#1631,#1632),.UNSPECIFIED.,.F.,
  .F.,(2,2),(-12.6,-4.6),.PIECEWISE_BEZIER_KNOTS.);
#1631 = CARTESIAN_POINT('',(-4.8,-4.8,3.));
#1632 = CARTESIAN_POINT('',(-12.8,-4.8,3.));
#1633 = ORIENTED_EDGE('',*,*,#1634,.F.);
#1634 = EDGE_CURVE('',#1612,#1628,#1635,.T.);
#1635 = B_SPLINE_CURVE_WITH_KNOTS('',1,(#1636,#1637),.UNSPECIFIED.,.F.,
  .F.,(2,2),(4.6,12.6),.PIECEWISE_BEZIER_KNOTS.);
#1636 = CARTESIAN_POINT('',(-4.8,-12.8,3.));
#1637 = CARTESIAN_POINT('',(-4.8,-4.8,3.));
#1638 = FACE_BOUND('',#1639,.T.);
#1639 = EDGE_LOOP('',(#1640,#1649,#1656,#1663));
#1640 = ORIENTED_EDGE('',*,*,#1641,.T.);
#1641 = EDGE_CURVE('',#1642,#1644,#1646,.T.);
#1642 = VERTEX_POINT('',#1643);
#1643 = CARTESIAN_POINT('',(4.,-21.6,3.));
#1644 = VERTEX_POINT('',#1645);
#1645 = CARTESIAN_POINT('',(-4.,-21.6,3.));
#1646 = B_SPLINE_CURVE_WITH_KNOTS('',1,(#1647,#1648),.UNSPECIFIED.,.F.,
  .F.,(2,2),(-17.,-9.),.PIECEWISE_BEZIER_KNOTS.);
#1647 = CARTESIAN_POINT('',(4.,-21.6,3.));
#1648 = CARTESIAN_POINT('',(-4.,-21.6,3.));
#1649 = ORIENTED_EDGE('',*,*,#1650,.T.);
#1650 = EDGE_CURVE('',#1644,#1651,#1653,.T.);
#1651 = VERTEX_POINT('',#1652);
#1652 = CARTESIAN_POINT('',(-4.,-13.6,3.));
#1653 = B_SPLINE_CURVE_WITH_KNOTS('',1,(#1654,#1655),.UNSPECIFIED.,.F.,
  .F.,(2,2),(0.2,8.2),.PIECEWISE_BEZIER_KNOTS.);
#1654 = CARTESIAN_POINT('',(-4.,-21.6,3.));
#1655 = CARTESIAN_POINT('',(-4.,-13.6,3.));
#1656 = ORIENTED_EDGE('',*,*,#1657,.F.);
#1657 = EDGE_CURVE('',#1658,#1651,#1660,.T.);
#1658 = VERTEX_POINT('',#1659);
#1659 = CARTESIAN_POINT('',(4.,-13.6,3.));
#1660 = B_SPLINE_CURVE_WITH_KNOTS('',1,(#1661,#1662),.UNSPECIFIED.,.F.,
  .F.,(2,2),(-17.,-9.),.PIECEWISE_BEZIER_KNOTS.);
#1661 = CARTESIAN_POINT('',(4.,-13.6,3.));
#1662 = CARTESIAN_POINT('',(-4.,-13.6,3.));
#1663 = ORIENTED_EDGE('',*,*,#1664,.F.);
#1664 = EDGE_CURVE('',#1642,#1658,#1665,.T.);
#1665 = B_SPLINE_CURVE_WITH_KNOTS('',1,(#1666,#1667),.UNSPECIFIED.,.F.,
  .F.,(2,2),(0.2,8.2),.PIECEWISE_BEZIER_KNOTS.);
#1666 = CARTESIAN_POINT('',(4.,-21.6,3.));
#1667 = CARTESIAN_POINT('',(4.,-13.6,3.));
#1668 = FACE_BOUND('',#1669,.T.);
#1669 = EDGE_LOOP('',(#1670,#1679,#1686,#1693));
#1670 = ORIENTED_EDGE('',*,*,#1671,.T.);
#1671 = EDGE_CURVE('',#1672,#1674,#1676,.T.);
#1672 = VERTEX_POINT('',#1673);
#1673 = CARTESIAN_POINT('',(12.8,-21.6,3.));
#1674 = VERTEX_POINT('',#1675);
#1675 = CARTESIAN_POINT('',(4.8,-21.6,3.));
#1676 = B_SPLINE_CURVE_WITH_KNOTS('',1,(#1677,#1678),.UNSPECIFIED.,.F.,
  .F.,(2,2),(-21.4,-13.4),.PIECEWISE_BEZIER_KNOTS.);
#1677 = CARTESIAN_POINT('',(12.8,-21.6,3.));
#1678 = CARTESIAN_POINT('',(4.8,-21.6,3.));
#1679 = ORIENTED_EDGE('',*,*,#1680,.T.);
#1680 = EDGE_CURVE('',#1674,#1681,#1683,.T.);
#1681 = VERTEX_POINT('',#1682);
#1682 = CARTESIAN_POINT('',(4.8,-13.6,3.));
#1683 = B_SPLINE_CURVE_WITH_KNOTS('',1,(#1684,#1685),.UNSPECIFIED.,.F.,
  .F.,(2,2),(0.2,8.2),.PIECEWISE_BEZIER_KNOTS.);
#1684 = CARTESIAN_POINT('',(4.8,-21.6,3.));
#1685 = CARTESIAN_POINT('',(4.8,-13.6,3.));
#1686 = ORIENTED_EDGE('',*,*,#1687,.F.);
#1687 = EDGE_CURVE('',#1688,#1681,#1690,.T.);
#1688 = VERTEX_POINT('',#1689);
#1689 = CARTESIAN_POINT('',(12.8,-13.6,3.));
#1690 = B_SPLINE_CURVE_WITH_KNOTS('',1,(#1691,#1692),.UNSPECIFIED.,.F.,
  .F.,(2,2),(-21.4,-13.4),.PIECEWISE_BEZIER_KNOTS.);
#1691 = CARTESIAN_POINT('',(12.8,-13.6,3.));
#1692 = CARTESIAN_POINT('',(4.8,-13.6,3.));
#1693 = ORIENTED_EDGE('',*,*,#1694,.F.);
#1694 = EDGE_CURVE('',#1672,#1688,#1695,.T.);
#1695 = B_SPLINE_CURVE_WITH_KNOTS('',1,(#1696,#1697),.UNSPECIFIED.,.F.,
  .F.,(2,2),(0.2,8.2),.PIECEWISE_BEZIER_KNOTS.);
#1696 = CARTESIAN_POINT('',(12.8,-21.6,3.));
#1697 = CARTESIAN_POINT('',(12.8,-13.6,3.));
#1698 = FACE_BOUND('',#1699,.T.);
#1699 = EDGE_LOOP('',(#1700,#1709,#1716,#1723));
#1700 = ORIENTED_EDGE('',*,*,#1701,.T.);
#1701 = EDGE_CURVE('',#1702,#1704,#1706,.T.);
#1702 = VERTEX_POINT('',#1703);
#1703 = CARTESIAN_POINT('',(21.6,-21.6,3.));
#1704 = VERTEX_POINT('',#1705);
#1705 = CARTESIAN_POINT('',(13.6,-21.6,3.));
#1706 = B_SPLINE_CURVE_WITH_KNOTS('',1,(#1707,#1708),.UNSPECIFIED.,.F.,
  .F.,(2,2),(-25.8,-17.8),.PIECEWISE_BEZIER_KNOTS.);
#1707 = CARTESIAN_POINT('',(21.6,-21.6,3.));
#1708 = CARTESIAN_POINT('',(13.6,-21.6,3.));
#1709 = ORIENTED_EDGE('',*,*,#1710,.T.);
#1710 = EDGE_CURVE('',#1704,#1711,#1713,.T.);
#1711 = VERTEX_POINT('',#1712);
#1712 = CARTESIAN_POINT('',(13.6,-13.6,3.));
#1713 = B_SPLINE_CURVE_WITH_KNOTS('',1,(#1714,#1715),.UNSPECIFIED.,.F.,
  .F.,(2,2),(0.2,8.2),.PIECEWISE_BEZIER_KNOTS.);
#1714 = CARTESIAN_POINT('',(13.6,-21.6,3.));
#1715 = CARTESIAN_POINT('',(13.6,-13.6,3.));
#1716 = ORIENTED_EDGE('',*,*,#1717,.F.);
#1717 = EDGE_CURVE('',#1718,#1711,#1720,.T.);
#1718 = VERTEX_POINT('',#1719);
#1719 = CARTESIAN_POINT('',(21.6,-13.6,3.));
#1720 = B_SPLINE_CURVE_WITH_KNOTS('',1,(#1721,#1722),.UNSPECIFIED.,.F.,
  .F.,(2,2),(-25.8,-17.8),.PIECEWISE_BEZIER_KNOTS.);
#1721 = CARTESIAN_POINT('',(21.6,-13.6,3.));
#1722 = CARTESIAN_POINT('',(13.6,-13.6,3.));
#1723 = ORIENTED_EDGE('',*,*,#1724,.F.);
#1724 = EDGE_CURVE('',#1702,#1718,#1725,.T.);
#1725 = B_SPLINE_CURVE_WITH_KNOTS('',1,(#1726,#1727),.UNSPECIFIED.,.F.,
  .F.,(2,2),(0.2,8.2),.PIECEWISE_BEZIER_KNOTS.);
#1726 = CARTESIAN_POINT('',(21.6,-21.6,3.));
#1727 = CARTESIAN_POINT('',(21.6,-13.6,3.));
#1728 = FACE_BOUND('',#1729,.T.);
#1729 = EDGE_LOOP('',(#1730,#1739,#1746,#1753));
#1730 = ORIENTED_EDGE('',*,*,#1731,.T.);
#1731 = EDGE_CURVE('',#1732,#1734,#1736,.T.);
#1732 = VERTEX_POINT('',#1733);
#1733 = CARTESIAN_POINT('',(4.,-12.8,3.));
#1734 = VERTEX_POINT('',#1735);
#1735 = CARTESIAN_POINT('',(-4.,-12.8,3.));
#1736 = B_SPLINE_CURVE_WITH_KNOTS('',1,(#1737,#1738),.UNSPECIFIED.,.F.,
  .F.,(2,2),(-17.,-9.),.PIECEWISE_BEZIER_KNOTS.);
#1737 = CARTESIAN_POINT('',(4.,-12.8,3.));
#1738 = CARTESIAN_POINT('',(-4.,-12.8,3.));
#1739 = ORIENTED_EDGE('',*,*,#1740,.T.);
#1740 = EDGE_CURVE('',#1734,#1741,#1743,.T.);
#1741 = VERTEX_POINT('',#1742);
#1742 = CARTESIAN_POINT('',(-4.,-4.8,3.));
#1743 = B_SPLINE_CURVE_WITH_KNOTS('',1,(#1744,#1745),.UNSPECIFIED.,.F.,
  .F.,(2,2),(4.6,12.6),.PIECEWISE_BEZIER_KNOTS.);
#1744 = CARTESIAN_POINT('',(-4.,-12.8,3.));
#1745 = CARTESIAN_POINT('',(-4.,-4.8,3.));
#1746 = ORIENTED_EDGE('',*,*,#1747,.F.);
#1747 = EDGE_CURVE('',#1748,#1741,#1750,.T.);
#1748 = VERTEX_POINT('',#1749);
#1749 = CARTESIAN_POINT('',(4.,-4.8,3.));
#1750 = B_SPLINE_CURVE_WITH_KNOTS('',1,(#1751,#1752),.UNSPECIFIED.,.F.,
  .F.,(2,2),(-17.,-9.),.PIECEWISE_BEZIER_KNOTS.);
#1751 = CARTESIAN_POINT('',(4.,-4.8,3.));
#1752 = CARTESIAN_POINT('',(-4.,-4.8,3.));
#1753 = ORIENTED_EDGE('',*,*,#1754,.F.);
#1754 = EDGE_CURVE('',#1732,#1748,#1755,.T.);
#1755 = B_SPLINE_CURVE_WITH_KNOTS('',1,(#1756,#1757),.UNSPECIFIED.,.F.,
  .F.,(2,2),(4.6,12.6),.PIECEWISE_BEZIER_KNOTS.);
#1756 = CARTESIAN_POINT('',(4.,-12.8,3.));
#1757 = CARTESIAN_POINT('',(4.,-4.8,3.));
#1758 = FACE_BOUND('',#1759,.T.);
#1759 = EDGE_LOOP('',(#1760,#1769,#1776,#1783));
#1760 = ORIENTED_EDGE('',*,*,#1761,.T.);
#1761 = EDGE_CURVE('',#1762,#1764,#1766,.T.);
#1762 = VERTEX_POINT('',#1763);
#1763 = CARTESIAN_POINT('',(12.8,-12.8,3.));
#1764 = VERTEX_POINT('',#1765);
#1765 = CARTESIAN_POINT('',(4.8,-12.8,3.));
#1766 = B_SPLINE_CURVE_WITH_KNOTS('',1,(#1767,#1768),.UNSPECIFIED.,.F.,
  .F.,(2,2),(-21.4,-13.4),.PIECEWISE_BEZIER_KNOTS.);
#1767 = CARTESIAN_POINT('',(12.8,-12.8,3.));
#1768 = CARTESIAN_POINT('',(4.8,-12.8,3.));
#1769 = ORIENTED_EDGE('',*,*,#1770,.T.);
#1770 = EDGE_CURVE('',#1764,#1771,#1773,.T.);
#1771 = VERTEX_POINT('',#1772);
#1772 = CARTESIAN_POINT('',(4.8,-4.8,3.));
#1773 = B_SPLINE_CURVE_WITH_KNOTS('',1,(#1774,#1775),.UNSPECIFIED.,.F.,
  .F.,(2,2),(4.6,12.6),.PIECEWISE_BEZIER_KNOTS.);
#1774 = CARTESIAN_POINT('',(4.8,-12.8,3.));
#1775 = CARTESIAN_POINT('',(4.8,-4.8,3.));
#1776 = ORIENTED_EDGE('',*,*,#1777,.F.);
#1777 = EDGE_CURVE('',#1778,#1771,#1780,.T.);
#1778 = VERTEX_POINT('',#1779);
#1779 = CARTESIAN_POINT('',(12.8,-4.8,3.));
#1780 = B_SPLINE_CURVE_WITH_KNOTS('',1,(#1781,#1782),.UNSPECIFIED.,.F.,
  .F.,(2,2),(-21.4,-13.4),.PIECEWISE_BEZIER_KNOTS.);
#1781 = CARTESIAN_POINT('',(12.8,-4.8,3.));
#1782 = CARTESIAN_POINT('',(4.8,-4.8,3.));
#1783 = ORIENTED_EDGE('',*,*,#1784,.F.);
#1784 = EDGE_CURVE('',#1762,#1778,#1785,.T.);
#1785 = B_SPLINE_CURVE_WITH_KNOTS('',1,(#1786,#1787),.UNSPECIFIED.,.F.,
  .F.,(2,2),(4.6,12.6),.PIECEWISE_BEZIER_KNOTS.);
#1786 = CARTESIAN_POINT('',(12.8,-12.8,3.));
#1787 = CARTESIAN_POINT('',(12.8,-4.8,3.));
#1788 = FACE_BOUND('',#1789,.T.);
#1789 = EDGE_LOOP('',(#1790,#1799,#1806,#1813));
#1790 = ORIENTED_EDGE('',*,*,#1791,.T.);
#1791 = EDGE_CURVE('',#1792,#1794,#1796,.T.);
#1792 = VERTEX_POINT('',#1793);
#1793 = CARTESIAN_POINT('',(21.6,-12.8,3.));
#1794 = VERTEX_POINT('',#1795);
#1795 = CARTESIAN_POINT('',(13.6,-12.8,3.));
#1796 = B_SPLINE_CURVE_WITH_KNOTS('',1,(#1797,#1798),.UNSPECIFIED.,.F.,
  .F.,(2,2),(-25.8,-17.8),.PIECEWISE_BEZIER_KNOTS.);
#1797 = CARTESIAN_POINT('',(21.6,-12.8,3.));
#1798 = CARTESIAN_POINT('',(13.6,-12.8,3.));
#1799 = ORIENTED_EDGE('',*,*,#1800,.T.);
#1800 = EDGE_CURVE('',#1794,#1801,#1803,.T.);
#1801 = VERTEX_POINT('',#1802);
#1802 = CARTESIAN_POINT('',(13.6,-4.8,3.));
#1803 = B_SPLINE_CURVE_WITH_KNOTS('',1,(#1804,#1805),.UNSPECIFIED.,.F.,
  .F.,(2,2),(4.6,12.6),.PIECEWISE_BEZIER_KNOTS.);
#1804 = CARTESIAN_POINT('',(13.6,-12.8,3.));
#1805 = CARTESIAN_POINT('',(13.6,-4.8,3.));
#1806 = ORIENTED_EDGE('',*,*,#1807,.F.);
#1807 = EDGE_CURVE('',#1808,#1801,#1810,.T.);
#1808 = VERTEX_POINT('',#1809);
#1809 = CARTESIAN_POINT('',(21.6,-4.8,3.));
#1810 = B_SPLINE_CURVE_WITH_KNOTS('',1,(#1811,#1812),.UNSPECIFIED.,.F.,
  .F.,(2,2),(-25.8,-17.8),.PIECEWISE_BEZIER_KNOTS.);
#1811 = CARTESIAN_POINT('',(21.6,-4.8,3.));
#1812 = CARTESIAN_POINT('',(13.6,-4.8,3.));
#1813 = ORIENTED_EDGE('',*,*,#1814,.F.);
#1814 = EDGE_CURVE('',#1792,#1808,#1815,.T.);
#1815 = B_SPLINE_CURVE_WITH_KNOTS('',1,(#1816,#1817),.UNSPECIFIED.,.F.,
  .F.,(2,2),(4.6,12.6),.PIECEWISE_BEZIER_KNOTS.);
#1816 = CARTESIAN_POINT('',(21.6,-12.8,3.));
#1817 = CARTESIAN_POINT('',(21.6,-4.8,3.));
#1818 = FACE_BOUND('',#1819,.T.);
#1819 = EDGE_LOOP('',(#1820,#1829,#1836,#1843));
#1820 = ORIENTED_EDGE('',*,*,#1821,.T.);
#1821 = EDGE_CURVE('',#1822,#1824,#1826,.T.);
#1822 = VERTEX_POINT('',#1823);
#1823 = CARTESIAN_POINT('',(-13.6,-4.,3.));
#1824 = VERTEX_POINT('',#1825);
#1825 = CARTESIAN_POINT('',(-21.6,-4.,3.));
#1826 = B_SPLINE_CURVE_WITH_KNOTS('',1,(#1827,#1828),.UNSPECIFIED.,.F.,
  .F.,(2,2),(-8.2,-0.2),.PIECEWISE_BEZIER_KNOTS.);
#1827 = CARTESIAN_POINT('',(-13.6,-4.,3.));
#1828 = CARTESIAN_POINT('',(-21.6,-4.,3.));
#1829 = ORIENTED_EDGE('',*,*,#1830,.T.);
#1830 = EDGE_CURVE('',#1824,#1831,#1833,.T.);
#1831 = VERTEX_POINT('',#1832);
#1832 = CARTESIAN_POINT('',(-21.6,4.,3.));
#1833 = B_SPLINE_CURVE_WITH_KNOTS('',1,(#1834,#1835),.UNSPECIFIED.,.F.,
  .F.,(2,2),(9.,17.),.PIECEWISE_BEZIER_KNOTS.);
#1834 = CARTESIAN_POINT('',(-21.6,-4.,3.));
#1835 = CARTESIAN_POINT('',(-21.6,4.,3.));
#1836 = ORIENTED_EDGE('',*,*,#1837,.F.);
#1837 = EDGE_CURVE('',#1838,#1831,#1840,.T.);
#1838 = VERTEX_POINT('',#1839);
#1839 = CARTESIAN_POINT('',(-13.6,4.,3.));
#1840 = B_SPLINE_CURVE_WITH_KNOTS('',1,(#1841,#1842),.UNSPECIFIED.,.F.,
  .F.,(2,2),(-8.2,-0.2),.PIECEWISE_BEZIER_KNOTS.);
#1841 = CARTESIAN_POINT('',(-13.6,4.,3.));
#1842 = CARTESIAN_POINT('',(-21.6,4.,3.));
#1843 = ORIENTED_EDGE('',*,*,#1844,.F.);
#1844 = EDGE_CURVE('',#1822,#1838,#1845,.T.);
#1845 = B_SPLINE_CURVE_WITH_KNOTS('',1,(#1846,#1847),.UNSPECIFIED.,.F.,
  .F.,(2,2),(9.,17.),.PIECEWISE_BEZIER_KNOTS.);
#1846 = CARTESIAN_POINT('',(-13.6,-4.,3.));
#1847 = CARTESIAN_POINT('',(-13.6,4.,3.));
#1848 = FACE_BOUND('',#1849,.T.);
#1849 = EDGE_LOOP('',(#1850,#1859,#1866,#1873));
#1850 = ORIENTED_EDGE('',*,*,#1851,.T.);
#1851 = EDGE_CURVE('',#1852,#1854,#1856,.T.);
#1852 = VERTEX_POINT('',#1853);
#1853 = CARTESIAN_POINT('',(-13.6,4.8,3.));
#1854 = VERTEX_POINT('',#1855);
#1855 = CARTESIAN_POINT('',(-21.6,4.8,3.));
#1856 = B_SPLINE_CURVE_WITH_KNOTS('',1,(#1857,#1858),.UNSPECIFIED.,.F.,
  .F.,(2,2),(-8.2,-0.2),.PIECEWISE_BEZIER_KNOTS.);
#1857 = CARTESIAN_POINT('',(-13.6,4.8,3.));
#1858 = CARTESIAN_POINT('',(-21.6,4.8,3.));
#1859 = ORIENTED_EDGE('',*,*,#1860,.T.);
#1860 = EDGE_CURVE('',#1854,#1861,#1863,.T.);
#1861 = VERTEX_POINT('',#1862);
#1862 = CARTESIAN_POINT('',(-21.6,12.8,3.));
#1863 = B_SPLINE_CURVE_WITH_KNOTS('',1,(#1864,#1865),.UNSPECIFIED.,.F.,
  .F.,(2,2),(13.4,21.4),.PIECEWISE_BEZIER_KNOTS.);
#1864 = CARTESIAN_POINT('',(-21.6,4.8,3.));
#1865 = CARTESIAN_POINT('',(-21.6,12.8,3.));
#1866 = ORIENTED_EDGE('',*,*,#1867,.F.);
#1867 = EDGE_CURVE('',#1868,#1861,#1870,.T.);
#1868 = VERTEX_POINT('',#1869);
#1869 = CARTESIAN_POINT('',(-13.6,12.8,3.));
#1870 = B_SPLINE_CURVE_WITH_KNOTS('',1,(#1871,#1872),.UNSPECIFIED.,.F.,
  .F.,(2,2),(-8.2,-0.2),.PIECEWISE_BEZIER_KNOTS.);
#1871 = CARTESIAN_POINT('',(-13.6,12.8,3.));
#1872 = CARTESIAN_POINT('',(-21.6,12.8,3.));
#1873 = ORIENTED_EDGE('',*,*,#1874,.F.);
#1874 = EDGE_CURVE('',#1852,#1868,#1875,.T.);
#1875 = B_SPLINE_CURVE_WITH_KNOTS('',1,(#1876,#1877),.UNSPECIFIED.,.F.,
  .F.,(2,2),(13.4,21.4),.PIECEWISE_BEZIER_KNOTS.);
#1876 = CARTESIAN_POINT('',(-13.6,4.8,3.));
#1877 = CARTESIAN_POINT('',(-13.6,12.8,3.));
#1878 = FACE_BOUND('',#1879,.T.);
#1879 = EDGE_LOOP('',(#1880,#1889,#1896,#1903));
#1880 = ORIENTED_EDGE('',*,*,#1881,.T.);
#1881 = EDGE_CURVE('',#1882,#1884,#1886,.T.);
#1882 = VERTEX_POINT('',#1883);
#1883 = CARTESIAN_POINT('',(-4.8,-4.,3.));
#1884 = VERTEX_POINT('',#1885);
#1885 = CARTESIAN_POINT('',(-12.8,-4.,3.));
#1886 = B_SPLINE_CURVE_WITH_KNOTS('',1,(#1887,#1888),.UNSPECIFIED.,.F.,
  .F.,(2,2),(-12.6,-4.6),.PIECEWISE_BEZIER_KNOTS.);
#1887 = CARTESIAN_POINT('',(-4.8,-4.,3.));
#1888 = CARTESIAN_POINT('',(-12.8,-4.,3.));
#1889 = ORIENTED_EDGE('',*,*,#1890,.T.);
#1890 = EDGE_CURVE('',#1884,#1891,#1893,.T.);
#1891 = VERTEX_POINT('',#1892);
#1892 = CARTESIAN_POINT('',(-12.8,4.,3.));
#1893 = B_SPLINE_CURVE_WITH_KNOTS('',1,(#1894,#1895),.UNSPECIFIED.,.F.,
  .F.,(2,2),(9.,17.),.PIECEWISE_BEZIER_KNOTS.);
#1894 = CARTESIAN_POINT('',(-12.8,-4.,3.));
#1895 = CARTESIAN_POINT('',(-12.8,4.,3.));
#1896 = ORIENTED_EDGE('',*,*,#1897,.F.);
#1897 = EDGE_CURVE('',#1898,#1891,#1900,.T.);
#1898 = VERTEX_POINT('',#1899);
#1899 = CARTESIAN_POINT('',(-4.8,4.,3.));
#1900 = B_SPLINE_CURVE_WITH_KNOTS('',1,(#1901,#1902),.UNSPECIFIED.,.F.,
  .F.,(2,2),(-12.6,-4.6),.PIECEWISE_BEZIER_KNOTS.);
#1901 = CARTESIAN_POINT('',(-4.8,4.,3.));
#1902 = CARTESIAN_POINT('',(-12.8,4.,3.));
#1903 = ORIENTED_EDGE('',*,*,#1904,.F.);
#1904 = EDGE_CURVE('',#1882,#1898,#1905,.T.);
#1905 = B_SPLINE_CURVE_WITH_KNOTS('',1,(#1906,#1907),.UNSPECIFIED.,.F.,
  .F.,(2,2),(9.,17.),.PIECEWISE_BEZIER_KNOTS.);
#1906 = CARTESIAN_POINT('',(-4.8,-4.,3.));
#1907 = CARTESIAN_POINT('',(-4.8,4.,3.));
#1908 = FACE_BOUND('',#1909,.T.);
#1909 = EDGE_LOOP('',(#1910,#1919,#1926,#1933));
#1910 = ORIENTED_EDGE('',*,*,#1911,.T.);
#1911 = EDGE_CURVE('',#1912,#1914,#1916,.T.);
#1912 = VERTEX_POINT('',#1913);
#1913 = CARTESIAN_POINT('',(-4.8,4.8,3.));
#1914 = VERTEX_POINT('',#1915);
#1915 = CARTESIAN_POINT('',(-12.8,4.8,3.));
#1916 = B_SPLINE_CURVE_WITH_KNOTS('',1,(#1917,#1918),.UNSPECIFIED.,.F.,
  .F.,(2,2),(-12.6,-4.6),.PIECEWISE_BEZIER_KNOTS.);
#1917 = CARTESIAN_POINT('',(-4.8,4.8,3.));
#1918 = CARTESIAN_POINT('',(-12.8,4.8,3.));
#1919 = ORIENTED_EDGE('',*,*,#1920,.T.);
#1920 = EDGE_CURVE('',#1914,#1921,#1923,.T.);
#1921 = VERTEX_POINT('',#1922);
#1922 = CARTESIAN_POINT('',(-12.8,12.8,3.));
#1923 = B_SPLINE_CURVE_WITH_KNOTS('',1,(#1924,#1925),.UNSPECIFIED.,.F.,
  .F.,(2,2),(13.4,21.4),.PIECEWISE_BEZIER_KNOTS.);
#1924 = CARTESIAN_POINT('',(-12.8,4.8,3.));
#1925 = CARTESIAN_POINT('',(-12.8,12.8,3.));
#1926 = ORIENTED_EDGE('',*,*,#1927,.F.);
#1927 = EDGE_CURVE('',#1928,#1921,#1930,.T.);
#1928 = VERTEX_POINT('',#1929);
#1929 = CARTESIAN_POINT('',(-4.8,12.8,3.));
#1930 = B_SPLINE_CURVE_WITH_KNOTS('',1,(#1931,#1932),.UNSPECIFIED.,.F.,
  .F.,(2,2),(-12.6,-4.6),.PIECEWISE_BEZIER_KNOTS.);
#1931 = CARTESIAN_POINT('',(-4.8,12.8,3.));
#1932 = CARTESIAN_POINT('',(-12.8,12.8,3.));
#1933 = ORIENTED_EDGE('',*,*,#1934,.F.);
#1934 = EDGE_CURVE('',#1912,#1928,#1935,.T.);
#1935 = B_SPLINE_CURVE_WITH_KNOTS('',1,(#1936,#1937),.UNSPECIFIED.,.F.,
  .F.,(2,2),(13.4,21.4),.PIECEWISE_BEZIER_KNOTS.);
#1936 = CARTESIAN_POINT('',(-4.8,4.8,3.));
#1937 = CARTESIAN_POINT('',(-4.8,12.8,3.));
#1938 = FACE_BOUND('',#1939,.T.);
#1939 = EDGE_LOOP('',(#1940,#1949,#1956,#1963));
#1940 = ORIENTED_EDGE('',*,*,#1941,.T.);
#1941 = EDGE_CURVE('',#1942,#1944,#1946,.T.);
#1942 = VERTEX_POINT('',#1943);
#1943 = CARTESIAN_POINT('',(-13.6,13.6,3.));
#1944 = VERTEX_POINT('',#1945);
#1945 = CARTESIAN_POINT('',(-21.6,13.6,3.));
#1946 = B_SPLINE_CURVE_WITH_KNOTS('',1,(#1947,#1948),.UNSPECIFIED.,.F.,
  .F.,(2,2),(-8.2,-0.2),.PIECEWISE_BEZIER_KNOTS.);
#1947 = CARTESIAN_POINT('',(-13.6,13.6,3.));
#1948 = CARTESIAN_POINT('',(-21.6,13.6,3.));
#1949 = ORIENTED_EDGE('',*,*,#1950,.T.);
#1950 = EDGE_CURVE('',#1944,#1951,#1953,.T.);
#1951 = VERTEX_POINT('',#1952);
#1952 = CARTESIAN_POINT('',(-21.6,21.6,3.));
#1953 = B_SPLINE_CURVE_WITH_KNOTS('',1,(#1954,#1955),.UNSPECIFIED.,.F.,
  .F.,(2,2),(17.8,25.8),.PIECEWISE_BEZIER_KNOTS.);
#1954 = CARTESIAN_POINT('',(-21.6,13.6,3.));
#1955 = CARTESIAN_POINT('',(-21.6,21.6,3.));
#1956 = ORIENTED_EDGE('',*,*,#1957,.F.);
#1957 = EDGE_CURVE('',#1958,#1951,#1960,.T.);
#1958 = VERTEX_POINT('',#1959);
#1959 = CARTESIAN_POINT('',(-13.6,21.6,3.));
#1960 = B_SPLINE_CURVE_WITH_KNOTS('',1,(#1961,#1962),.UNSPECIFIED.,.F.,
  .F.,(2,2),(-8.2,-0.2),.PIECEWISE_BEZIER_KNOTS.);
#1961 = CARTESIAN_POINT('',(-13.6,21.6,3.));
#1962 = CARTESIAN_POINT('',(-21.6,21.6,3.));
#1963 = ORIENTED_EDGE('',*,*,#1964,.F.);
#1964 = EDGE_CURVE('',#1942,#1958,#1965,.T.);
#1965 = B_SPLINE_CURVE_WITH_KNOTS('',1,(#1966,#1967),.UNSPECIFIED.,.F.,
  .F.,(2,2),(17.8,25.8),.PIECEWISE_BEZIER_KNOTS.);
#1966 = CARTESIAN_POINT('',(-13.6,13.6,3.));
#1967 = CARTESIAN_POINT('',(-13.6,21.6,3.));
#1968 = FACE_BOUND('',#1969,.T.);
#1969 = EDGE_LOOP('',(#1970,#1979,#1986,#1993));
#1970 = ORIENTED_EDGE('',*,*,#1971,.T.);
#1971 = EDGE_CURVE('',#1972,#1974,#1976,.T.);
#1972 = VERTEX_POINT('',#1973);
#1973 = CARTESIAN_POINT('',(-4.8,13.6,3.));
#1974 = VERTEX_POINT('',#1975);
#1975 = CARTESIAN_POINT('',(-12.8,13.6,3.));
#1976 = B_SPLINE_CURVE_WITH_KNOTS('',1,(#1977,#1978),.UNSPECIFIED.,.F.,
  .F.,(2,2),(-12.6,-4.6),.PIECEWISE_BEZIER_KNOTS.);
#1977 = CARTESIAN_POINT('',(-4.8,13.6,3.));
#1978 = CARTESIAN_POINT('',(-12.8,13.6,3.));
#1979 = ORIENTED_EDGE('',*,*,#1980,.T.);
#1980 = EDGE_CURVE('',#1974,#1981,#1983,.T.);
#1981 = VERTEX_POINT('',#1982);
#1982 = CARTESIAN_POINT('',(-12.8,21.6,3.));
#1983 = B_SPLINE_CURVE_WITH_KNOTS('',1,(#1984,#1985),.UNSPECIFIED.,.F.,
  .F.,(2,2),(17.8,25.8),.PIECEWISE_BEZIER_KNOTS.);
#1984 = CARTESIAN_POINT('',(-12.8,13.6,3.));
#1985 = CARTESIAN_POINT('',(-12.8,21.6,3.));
#1986 = ORIENTED_EDGE('',*,*,#1987,.F.);
#1987 = EDGE_CURVE('',#1988,#1981,#1990,.T.);
#1988 = VERTEX_POINT('',#1989);
#1989 = CARTESIAN_POINT('',(-4.8,21.6,3.));
#1990 = B_SPLINE_CURVE_WITH_KNOTS('',1,(#1991,#1992),.UNSPECIFIED.,.F.,
  .F.,(2,2),(-12.6,-4.6),.PIECEWISE_BEZIER_KNOTS.);
#1991 = CARTESIAN_POINT('',(-4.8,21.6,3.));
#1992 = CARTESIAN_POINT('',(-12.8,21.6,3.));
#1993 = ORIENTED_EDGE('',*,*,#1994,.F.);
#1994 = EDGE_CURVE('',#1972,#1988,#1995,.T.);
#1995 = B_SPLINE_CURVE_WITH_KNOTS('',1,(#1996,#1997),.UNSPECIFIED.,.F.,
  .F.,(2,2),(17.8,25.8),.PIECEWISE_BEZIER_KNOTS.);
#1996 = CARTESIAN_POINT('',(-4.8,13.6,3.));
#1997 = CARTESIAN_POINT('',(-4.8,21.6,3.));
#1998 = FACE_BOUND('',#1999,.T.);
#1999 = EDGE_LOOP('',(#2000,#2009,#2016,#2023));
#2000 = ORIENTED_EDGE('',*,*,#2001,.T.);
#2001 = EDGE_CURVE('',#2002,#2004,#2006,.T.);
#2002 = VERTEX_POINT('',#2003);
#2003 = CARTESIAN_POINT('',(4.,-4.,3.));
#2004 = VERTEX_POINT('',#2005);
#2005 = CARTESIAN_POINT('',(-4.,-4.,3.));
#2006 = B_SPLINE_CURVE_WITH_KNOTS('',1,(#2007,#2008),.UNSPECIFIED.,.F.,
  .F.,(2,2),(-17.,-9.),.PIECEWISE_BEZIER_KNOTS.);
#2007 = CARTESIAN_POINT('',(4.,-4.,3.));
#2008 = CARTESIAN_POINT('',(-4.,-4.,3.));
#2009 = ORIENTED_EDGE('',*,*,#2010,.T.);
#2010 = EDGE_CURVE('',#2004,#2011,#2013,.T.);
#2011 = VERTEX_POINT('',#2012);
#2012 = CARTESIAN_POINT('',(-4.,4.,3.));
#2013 = B_SPLINE_CURVE_WITH_KNOTS('',1,(#2014,#2015),.UNSPECIFIED.,.F.,
  .F.,(2,2),(9.,17.),.PIECEWISE_BEZIER_KNOTS.);
#2014 = CARTESIAN_POINT('',(-4.,-4.,3.));
#2015 = CARTESIAN_POINT('',(-4.,4.,3.));
#2016 = ORIENTED_EDGE('',*,*,#2017,.F.);
#2017 = EDGE_CURVE('',#2018,#2011,#2020,.T.);
#2018 = VERTEX_POINT('',#2019);
#2019 = CARTESIAN_POINT('',(4.,4.,3.));
#2020 = B_SPLINE_CURVE_WITH_KNOTS('',1,(#2021,#2022),.UNSPECIFIED.,.F.,
  .F.,(2,2),(-17.,-9.),.PIECEWISE_BEZIER_KNOTS.);
#2021 = CARTESIAN_POINT('',(4.,4.,3.));
#2022 = CARTESIAN_POINT('',(-4.,4.,3.));
#2023 = ORIENTED_EDGE('',*,*,#2024,.F.);
#2024 = EDGE_CURVE('',#2002,#2018,#2025,.T.);
#2025 = B_SPLINE_CURVE_WITH_KNOTS('',1,(#2026,#2027),.UNSPECIFIED.,.F.,
  .F.,(2,2),(9.,17.),.PIECEWISE_BEZIER_KNOTS.);
#2026 = CARTESIAN_POINT('',(4.,-4.,3.));
#2027 = CARTESIAN_POINT('',(4.,4.,3.));
#2028 = FACE_BOUND('',#2029,.T.);
#2029 = EDGE_LOOP('',(#2030,#2039,#2046,#2053));
#2030 = ORIENTED_EDGE('',*,*,#2031,.T.);
#2031 = EDGE_CURVE('',#2032,#2034,#2036,.T.);
#2032 = VERTEX_POINT('',#2033);
#2033 = CARTESIAN_POINT('',(12.8,-4.,3.));
#2034 = VERTEX_POINT('',#2035);
#2035 = CARTESIAN_POINT('',(4.8,-4.,3.));
#2036 = B_SPLINE_CURVE_WITH_KNOTS('',1,(#2037,#2038),.UNSPECIFIED.,.F.,
  .F.,(2,2),(-21.4,-13.4),.PIECEWISE_BEZIER_KNOTS.);
#2037 = CARTESIAN_POINT('',(12.8,-4.,3.));
#2038 = CARTESIAN_POINT('',(4.8,-4.,3.));
#2039 = ORIENTED_EDGE('',*,*,#2040,.T.);
#2040 = EDGE_CURVE('',#2034,#2041,#2043,.T.);
#2041 = VERTEX_POINT('',#2042);
#2042 = CARTESIAN_POINT('',(4.8,4.,3.));
#2043 = B_SPLINE_CURVE_WITH_KNOTS('',1,(#2044,#2045),.UNSPECIFIED.,.F.,
  .F.,(2,2),(9.,17.),.PIECEWISE_BEZIER_KNOTS.);
#2044 = CARTESIAN_POINT('',(4.8,-4.,3.));
#2045 = CARTESIAN_POINT('',(4.8,4.,3.));
#2046 = ORIENTED_EDGE('',*,*,#2047,.F.);
#2047 = EDGE_CURVE('',#2048,#2041,#2050,.T.);
#2048 = VERTEX_POINT('',#2049);
#2049 = CARTESIAN_POINT('',(12.8,4.,3.));
#2050 = B_SPLINE_CURVE_WITH_KNOTS('',1,(#2051,#2052),.UNSPECIFIED.,.F.,
  .F.,(2,2),(-21.4,-13.4),.PIECEWISE_BEZIER_KNOTS.);
#2051 = CARTESIAN_POINT('',(12.8,4.,3.));
#2052 = CARTESIAN_POINT('',(4.8,4.,3.));
#2053 = ORIENTED_EDGE('',*,*,#2054,.F.);
#2054 = EDGE_CURVE('',#2032,#2048,#2055,.T.);
#2055 = B_SPLINE_CURVE_WITH_KNOTS('',1,(#2056,#2057),.UNSPECIFIED.,.F.,
  .F.,(2,2),(9.,17.),.PIECEWISE_BEZIER_KNOTS.);
#2056 = CARTESIAN_POINT('',(12.8,-4.,3.));
#2057 = CARTESIAN_POINT('',(12.8,4.,3.));
#2058 = FACE_BOUND('',#2059,.T.);
#2059 = EDGE_LOOP('',(#2060,#2069,#2076,#2083));
#2060 = ORIENTED_EDGE('',*,*,#2061,.T.);
#2061 = EDGE_CURVE('',#2062,#2064,#2066,.T.);
#2062 = VERTEX_POINT('',#2063);
#2063 = CARTESIAN_POINT('',(4.,4.8,3.));
#2064 = VERTEX_POINT('',#2065);
#2065 = CARTESIAN_POINT('',(-4.,4.8,3.));
#2066 = B_SPLINE_CURVE_WITH_KNOTS('',1,(#2067,#2068),.UNSPECIFIED.,.F.,
  .F.,(2,2),(-17.,-9.),.PIECEWISE_BEZIER_KNOTS.);
#2067 = CARTESIAN_POINT('',(4.,4.8,3.));
#2068 = CARTESIAN_POINT('',(-4.,4.8,3.));
#2069 = ORIENTED_EDGE('',*,*,#2070,.T.);
#2070 = EDGE_CURVE('',#2064,#2071,#2073,.T.);
#2071 = VERTEX_POINT('',#2072);
#2072 = CARTESIAN_POINT('',(-4.,12.8,3.));
#2073 = B_SPLINE_CURVE_WITH_KNOTS('',1,(#2074,#2075),.UNSPECIFIED.,.F.,
  .F.,(2,2),(13.4,21.4),.PIECEWISE_BEZIER_KNOTS.);
#2074 = CARTESIAN_POINT('',(-4.,4.8,3.));
#2075 = CARTESIAN_POINT('',(-4.,12.8,3.));
#2076 = ORIENTED_EDGE('',*,*,#2077,.F.);
#2077 = EDGE_CURVE('',#2078,#2071,#2080,.T.);
#2078 = VERTEX_POINT('',#2079);
#2079 = CARTESIAN_POINT('',(4.,12.8,3.));
#2080 = B_SPLINE_CURVE_WITH_KNOTS('',1,(#2081,#2082),.UNSPECIFIED.,.F.,
  .F.,(2,2),(-17.,-9.),.PIECEWISE_BEZIER_KNOTS.);
#2081 = CARTESIAN_POINT('',(4.,12.8,3.));
#2082 = CARTESIAN_POINT('',(-4.,12.8,3.));
#2083 = ORIENTED_EDGE('',*,*,#2084,.F.);
#2084 = EDGE_CURVE('',#2062,#2078,#2085,.T.);
#2085 = B_SPLINE_CURVE_WITH_KNOTS('',1,(#2086,#2087),.UNSPECIFIED.,.F.,
  .F.,(2,2),(13.4,21.4),.PIECEWISE_BEZIER_KNOTS.);
#2086 = CARTESIAN_POINT('',(4.,4.8,3.));
#2087 = CARTESIAN_POINT('',(4.,12.8,3.));
#2088 = FACE_BOUND('',#2089,.T.);
#2089 = EDGE_LOOP('',(#2090,#2099,#2106,#2113));
#2090 = ORIENTED_EDGE('',*,*,#2091,.T.);
#2091 = EDGE_CURVE('',#2092,#2094,#2096,.T.);
#2092 = VERTEX_POINT('',#2093);
#2093 = CARTESIAN_POINT('',(12.8,4.8,3.));
#2094 = VERTEX_POINT('',#2095);
#2095 = CARTESIAN_POINT('',(4.8,4.8,3.));
#2096 = B_SPLINE_CURVE_WITH_KNOTS('',1,(#2097,#2098),.UNSPECIFIED.,.F.,
  .F.,(2,2),(-21.4,-13.4),.PIECEWISE_BEZIER_KNOTS.);
#2097 = CARTESIAN_POINT('',(12.8,4.8,3.));
#2098 = CARTESIAN_POINT('',(4.8,4.8,3.));
#2099 = ORIENTED_EDGE('',*,*,#2100,.T.);
#2100 = EDGE_CURVE('',#2094,#2101,#2103,.T.);
#2101 = VERTEX_POINT('',#2102);
#2102 = CARTESIAN_POINT('',(4.8,12.8,3.));
#2103 = B_SPLINE_CURVE_WITH_KNOTS('',1,(#2104,#2105),.UNSPECIFIED.,.F.,
  .F.,(2,2),(13.4,21.4),.PIECEWISE_BEZIER_KNOTS.);
#2104 = CARTESIAN_POINT('',(4.8,4.8,3.));
#2105 = CARTESIAN_POINT('',(4.8,12.8,3.));
#2106 = ORIENTED_EDGE('',*,*,#2107,.F.);
#2107 = EDGE_CURVE('',#2108,#2101,#2110,.T.);
#2108 = VERTEX_POINT('',#2109);
#2109 = CARTESIAN_POINT('',(12.8,12.8,3.));
#2110 = B_SPLINE_CURVE_WITH_KNOTS('',1,(#2111,#2112),.UNSPECIFIED.,.F.,
  .F.,(2,2),(-21.4,-13.4),.PIECEWISE_BEZIER_KNOTS.);
#2111 = CARTESIAN_POINT('',(12.8,12.8,3.));
#2112 = CARTESIAN_POINT('',(4.8,12.8,3.));
#2113 = ORIENTED_EDGE('',*,*,#2114,.F.);
#2114 = EDGE_CURVE('',#2092,#2108,#2115,.T.);
#2115 = B_SPLINE_CURVE_WITH_KNOTS('',1,(#2116,#2117),.UNSPECIFIED.,.F.,
  .F.,(2,2),(13.4,21.4),.PIECEWISE_BEZIER_KNOTS.);
#2116 = CARTESIAN_POINT('',(12.8,4.8,3.));
#2117 = CARTESIAN_POINT('',(12.8,12.8,3.));
#2118 = FACE_BOUND('',#2119,.T.);
#2119 = EDGE_LOOP('',(#2120,#2129,#2136,#2143));
#2120 = ORIENTED_EDGE('',*,*,#2121,.T.);
#2121 = EDGE_CURVE('',#2122,#2124,#2126,.T.);
#2122 = VERTEX_POINT('',#2123);
#2123 = CARTESIAN_POINT('',(21.6,-4.,3.));
#2124 = VERTEX_POINT('',#2125);
#2125 = CARTESIAN_POINT('',(13.6,-4.,3.));
#2126 = B_SPLINE_CURVE_WITH_KNOTS('',1,(#2127,#2128),.UNSPECIFIED.,.F.,
  .F.,(2,2),(-25.8,-17.8),.PIECEWISE_BEZIER_KNOTS.);
#2127 = CARTESIAN_POINT('',(21.6,-4.,3.));
#2128 = CARTESIAN_POINT('',(13.6,-4.,3.));
#2129 = ORIENTED_EDGE('',*,*,#2130,.T.);
#2130 = EDGE_CURVE('',#2124,#2131,#2133,.T.);
#2131 = VERTEX_POINT('',#2132);
#2132 = CARTESIAN_POINT('',(13.6,4.,3.));
#2133 = B_SPLINE_CURVE_WITH_KNOTS('',1,(#2134,#2135),.UNSPECIFIED.,.F.,
  .F.,(2,2),(9.,17.),.PIECEWISE_BEZIER_KNOTS.);
#2134 = CARTESIAN_POINT('',(13.6,-4.,3.));
#2135 = CARTESIAN_POINT('',(13.6,4.,3.));
#2136 = ORIENTED_EDGE('',*,*,#2137,.F.);
#2137 = EDGE_CURVE('',#2138,#2131,#2140,.T.);
#2138 = VERTEX_POINT('',#2139);
#2139 = CARTESIAN_POINT('',(21.6,4.,3.));
#2140 = B_SPLINE_CURVE_WITH_KNOTS('',1,(#2141,#2142),.UNSPECIFIED.,.F.,
  .F.,(2,2),(-25.8,-17.8),.PIECEWISE_BEZIER_KNOTS.);
#2141 = CARTESIAN_POINT('',(21.6,4.,3.));
#2142 = CARTESIAN_POINT('',(13.6,4.,3.));
#2143 = ORIENTED_EDGE('',*,*,#2144,.F.);
#2144 = EDGE_CURVE('',#2122,#2138,#2145,.T.);
#2145 = B_SPLINE_CURVE_WITH_KNOTS('',1,(#2146,#2147),.UNSPECIFIED.,.F.,
  .F.,(2,2),(9.,17.),.PIECEWISE_BEZIER_KNOTS.);
#2146 = CARTESIAN_POINT('',(21.6,-4.,3.));
#2147 = CARTESIAN_POINT('',(21.6,4.,3.));
#2148 = FACE_BOUND('',#2149,.T.);
#2149 = EDGE_LOOP('',(#2150,#2159,#2166,#2173));
#2150 = ORIENTED_EDGE('',*,*,#2151,.T.);
#2151 = EDGE_CURVE('',#2152,#2154,#2156,.T.);
#2152 = VERTEX_POINT('',#2153);
#2153 = CARTESIAN_POINT('',(21.6,4.8,3.));
#2154 = VERTEX_POINT('',#2155);
#2155 = CARTESIAN_POINT('',(13.6,4.8,3.));
#2156 = B_SPLINE_CURVE_WITH_KNOTS('',1,(#2157,#2158),.UNSPECIFIED.,.F.,
  .F.,(2,2),(-25.8,-17.8),.PIECEWISE_BEZIER_KNOTS.);
#2157 = CARTESIAN_POINT('',(21.6,4.8,3.));
#2158 = CARTESIAN_POINT('',(13.6,4.8,3.));
#2159 = ORIENTED_EDGE('',*,*,#2160,.T.);
#2160 = EDGE_CURVE('',#2154,#2161,#2163,.T.);
#2161 = VERTEX_POINT('',#2162);
#2162 = CARTESIAN_POINT('',(13.6,12.8,3.));
#2163 = B_SPLINE_CURVE_WITH_KNOTS('',1,(#2164,#2165),.UNSPECIFIED.,.F.,
  .F.,(2,2),(13.4,21.4),.PIECEWISE_BEZIER_KNOTS.);
#2164 = CARTESIAN_POINT('',(13.6,4.8,3.));
#2165 = CARTESIAN_POINT('',(13.6,12.8,3.));
#2166 = ORIENTED_EDGE('',*,*,#2167,.F.);
#2167 = EDGE_CURVE('',#2168,#2161,#2170,.T.);
#2168 = VERTEX_POINT('',#2169);
#2169 = CARTESIAN_POINT('',(21.6,12.8,3.));
#2170 = B_SPLINE_CURVE_WITH_KNOTS('',1,(#2171,#2172),.UNSPECIFIED.,.F.,
  .F.,(2,2),(-25.8,-17.8),.PIECEWISE_BEZIER_KNOTS.);
#2171 = CARTESIAN_POINT('',(21.6,12.8,3.));
#2172 = CARTESIAN_POINT('',(13.6,12.8,3.));
#2173 = ORIENTED_EDGE('',*,*,#2174,.F.);
#2174 = EDGE_CURVE('',#2152,#2168,#2175,.T.);
#2175 = B_SPLINE_CURVE_WITH_KNOTS('',1,(#2176,#2177),.UNSPECIFIED.,.F.,
  .F.,(2,2),(13.4,21.4),.PIECEWISE_BEZIER_KNOTS.);
#2176 = CARTESIAN_POINT('',(21.6,4.8,3.));
#2177 = CARTESIAN_POINT('',(21.6,12.8,3.));
#2178 = FACE_BOUND('',#2179,.T.);
#2179 = EDGE_LOOP('',(#2180,#2189,#2196,#2203));
#2180 = ORIENTED_EDGE('',*,*,#2181,.T.);
#2181 = EDGE_CURVE('',#2182,#2184,#2186,.T.);
#2182 = VERTEX_POINT('',#2183);
#2183 = CARTESIAN_POINT('',(4.,13.6,3.));
#2184 = VERTEX_POINT('',#2185);
#2185 = CARTESIAN_POINT('',(-4.,13.6,3.));
#2186 = B_SPLINE_CURVE_WITH_KNOTS('',1,(#2187,#2188),.UNSPECIFIED.,.F.,
  .F.,(2,2),(-17.,-9.),.PIECEWISE_BEZIER_KNOTS.);
#2187 = CARTESIAN_POINT('',(4.,13.6,3.));
#2188 = CARTESIAN_POINT('',(-4.,13.6,3.));
#2189 = ORIENTED_EDGE('',*,*,#2190,.T.);
#2190 = EDGE_CURVE('',#2184,#2191,#2193,.T.);
#2191 = VERTEX_POINT('',#2192);
#2192 = CARTESIAN_POINT('',(-4.,21.6,3.));
#2193 = B_SPLINE_CURVE_WITH_KNOTS('',1,(#2194,#2195),.UNSPECIFIED.,.F.,
  .F.,(2,2),(17.8,25.8),.PIECEWISE_BEZIER_KNOTS.);
#2194 = CARTESIAN_POINT('',(-4.,13.6,3.));
#2195 = CARTESIAN_POINT('',(-4.,21.6,3.));
#2196 = ORIENTED_EDGE('',*,*,#2197,.F.);
#2197 = EDGE_CURVE('',#2198,#2191,#2200,.T.);
#2198 = VERTEX_POINT('',#2199);
#2199 = CARTESIAN_POINT('',(4.,21.6,3.));
#2200 = B_SPLINE_CURVE_WITH_KNOTS('',1,(#2201,#2202),.UNSPECIFIED.,.F.,
  .F.,(2,2),(-17.,-9.),.PIECEWISE_BEZIER_KNOTS.);
#2201 = CARTESIAN_POINT('',(4.,21.6,3.));
#2202 = CARTESIAN_POINT('',(-4.,21.6,3.));
#2203 = ORIENTED_EDGE('',*,*,#2204,.F.);
#2204 = EDGE_CURVE('',#2182,#2198,#2205,.T.);
#2205 = B_SPLINE_CURVE_WITH_KNOTS('',1,(#2206,#2207),.UNSPECIFIED.,.F.,
  .F.,(2,2),(17.8,25.8),.PIECEWISE_BEZIER_KNOTS.);
#2206 = CARTESIAN_POINT('',(4.,13.6,3.));
#2207 = CARTESIAN_POINT('',(4.,21.6,3.));
#2208 = FACE_BOUND('',#2209,.T.);
#2209 = EDGE_LOOP('',(#2210,#2219,#2226,#2233));
#2210 = ORIENTED_EDGE('',*,*,#2211,.T.);
#2211 = EDGE_CURVE('',#2212,#2214,#2216,.T.);
#2212 = VERTEX_POINT('',#2213);
#2213 = CARTESIAN_POINT('',(12.8,13.6,3.));
#2214 = VERTEX_POINT('',#2215);
#2215 = CARTESIAN_POINT('',(4.8,13.6,3.));
#2216 = B_SPLINE_CURVE_WITH_KNOTS('',1,(#2217,#2218),.UNSPECIFIED.,.F.,
  .F.,(2,2),(-21.4,-13.4),.PIECEWISE_BEZIER_KNOTS.);
#2217 = CARTESIAN_POINT('',(12.8,13.6,3.));
#2218 = CARTESIAN_POINT('',(4.8,13.6,3.));
#2219 = ORIENTED_EDGE('',*,*,#2220,.T.);
#2220 = EDGE_CURVE('',#2214,#2221,#2223,.T.);
#2221 = VERTEX_POINT('',#2222);
#2222 = CARTESIAN_POINT('',(4.8,21.6,3.));
#2223 = B_SPLINE_CURVE_WITH_KNOTS('',1,(#2224,#2225),.UNSPECIFIED.,.F.,
  .F.,(2,2),(17.8,25.8),.PIECEWISE_BEZIER_KNOTS.);
#2224 = CARTESIAN_POINT('',(4.8,13.6,3.));
#2225 = CARTESIAN_POINT('',(4.8,21.6,3.));
#2226 = ORIENTED_EDGE('',*,*,#2227,.F.);
#2227 = EDGE_CURVE('',#2228,#2221,#2230,.T.);
#2228 = VERTEX_POINT('',#2229);
#2229 = CARTESIAN_POINT('',(12.8,21.6,3.));
#2230 = B_SPLINE_CURVE_WITH_KNOTS('',1,(#2231,#2232),.UNSPECIFIED.,.F.,
  .F.,(2,2),(-21.4,-13.4),.PIECEWISE_BEZIER_KNOTS.);
#2231 = CARTESIAN_POINT('',(12.8,21.6,3.));
#2232 = CARTESIAN_POINT('',(4.8,21.6,3.));
#2233 = ORIENTED_EDGE('',*,*,#2234,.F.);
#2234 = EDGE_CURVE('',#2212,#2228,#2235,.T.);
#2235 = B_SPLINE_CURVE_WITH_KNOTS('',1,(#2236,#2237),.UNSPECIFIED.,.F.,
  .F.,(2,2),(17.8,25.8),.PIECEWISE_BEZIER_KNOTS.);
#2236 = CARTESIAN_POINT('',(12.8,13.6,3.));
#2237 = CARTESIAN_POINT('',(12.8,21.6,3.));
#2238 = FACE_BOUND('',#2239,.T.);
#2239 = EDGE_LOOP('',(#2240,#2249,#2256,#2263));
#2240 = ORIENTED_EDGE('',*,*,#2241,.T.);
#2241 = EDGE_CURVE('',#2242,#2244,#2246,.T.);
#2242 = VERTEX_POINT('',#2243);
#2243 = CARTESIAN_POINT('',(21.6,13.6,3.));
#2244 = VERTEX_POINT('',#2245);
#2245 = CARTESIAN_POINT('',(13.6,13.6,3.));
#2246 = B_SPLINE_CURVE_WITH_KNOTS('',1,(#2247,#2248),.UNSPECIFIED.,.F.,
  .F.,(2,2),(-25.8,-17.8),.PIECEWISE_BEZIER_KNOTS.);
#2247 = CARTESIAN_POINT('',(21.6,13.6,3.));
#2248 = CARTESIAN_POINT('',(13.6,13.6,3.));
#2249 = ORIENTED_EDGE('',*,*,#2250,.T.);
#2250 = EDGE_CURVE('',#2244,#2251,#2253,.T.);
#2251 = VERTEX_POINT('',#2252);
#2252 = CARTESIAN_POINT('',(13.6,21.6,3.));
#2253 = B_SPLINE_CURVE_WITH_KNOTS('',1,(#2254,#2255),.UNSPECIFIED.,.F.,
  .F.,(2,2),(17.8,25.8),.PIECEWISE_BEZIER_KNOTS.);
#2254 = CARTESIAN_POINT('',(13.6,13.6,3.));
#2255 = CARTESIAN_POINT('',(13.6,21.6,3.));
#2256 = ORIENTED_EDGE('',*,*,#2257,.F.);
#2257 = EDGE_CURVE('',#2258,#2251,#2260,.T.);
#2258 = VERTEX_POINT('',#2259);
#2259 = CARTESIAN_POINT('',(21.6,21.6,3.));
#2260 = B_SPLINE_CURVE_WITH_KNOTS('',1,(#2261,#2262),.UNSPECIFIED.,.F.,
  .F.,(2,2),(-25.8,-17.8),.PIECEWISE_BEZIER_KNOTS.);
#2261 = CARTESIAN_POINT('',(21.6,21.6,3.));
#2262 = CARTESIAN_POINT('',(13.6,21.6,3.));
#2263 = ORIENTED_EDGE('',*,*,#2264,.F.);
#2264 = EDGE_CURVE('',#2242,#2258,#2265,.T.);
#2265 = B_SPLINE_CURVE_WITH_KNOTS('',1,(#2266,#2267),.UNSPECIFIED.,.F.,
  .F.,(2,2),(17.8,25.8),.PIECEWISE_BEZIER_KNOTS.);
#2266 = CARTESIAN_POINT('',(21.6,13.6,3.));
#2267 = CARTESIAN_POINT('',(21.6,21.6,3.));
#2268 = B_SPLINE_SURFACE_WITH_KNOTS('',1,1,(
    (#2269,#2270)
    ,(#2271,#2272
    )),.UNSPECIFIED.,.F.,.F.,.F.,(2,2),(2,2),(0.,44.),(0.,44.),
  .PIECEWISE_BEZIER_KNOTS.);
#2269 = CARTESIAN_POINT('',(-22.,-22.,3.));
#2270 = CARTESIAN_POINT('',(-22.,22.,3.));
#2271 = CARTESIAN_POINT('',(22.,-22.,3.));
#2272 = CARTESIAN_POINT('',(22.,22.,3.));
#2273 = ADVANCED_FACE('',(#2274),#2296,.T.);
#2274 = FACE_BOUND('',#2275,.T.);
#2275 = EDGE_LOOP('',(#2276,#2283,#2290,#2295));
#2276 = ORIENTED_EDGE('',*,*,#2277,.F.);
#2277 = EDGE_CURVE('',#2278,#1522,#2280,.T.);
#2278 = VERTEX_POINT('',#2279);
#2279 = CARTESIAN_POINT('',(-13.6,-21.6,2.999));
#2280 = B_SPLINE_CURVE_WITH_KNOTS('',1,(#2281,#2282),.UNSPECIFIED.,.F.,
  .F.,(2,2),(0.,9.999999999999E-04),.PIECEWISE_BEZIER_KNOTS.);
#2281 = CARTESIAN_POINT('',(-13.6,-21.6,2.999));
#2282 = CARTESIAN_POINT('',(-13.6,-21.6,3.));
#2283 = ORIENTED_EDGE('',*,*,#2284,.F.);
#2284 = EDGE_CURVE('',#2285,#2278,#2287,.T.);
#2285 = VERTEX_POINT('',#2286);
#2286 = CARTESIAN_POINT('',(-21.6,-21.6,2.999));
#2287 = B_SPLINE_CURVE_WITH_KNOTS('',1,(#2288,#2289),.UNSPECIFIED.,.F.,
  .F.,(2,2),(0.,8.),.PIECEWISE_BEZIER_KNOTS.);
#2288 = CARTESIAN_POINT('',(-21.6,-21.6,2.999));
#2289 = CARTESIAN_POINT('',(-13.6,-21.6,2.999));
#2290 = ORIENTED_EDGE('',*,*,#2291,.T.);
#2291 = EDGE_CURVE('',#2285,#1524,#2292,.T.);
#2292 = B_SPLINE_CURVE_WITH_KNOTS('',1,(#2293,#2294),.UNSPECIFIED.,.F.,
  .F.,(2,2),(0.,9.999999999999E-04),.PIECEWISE_BEZIER_KNOTS.);
#2293 = CARTESIAN_POINT('',(-21.6,-21.6,2.999));
#2294 = CARTESIAN_POINT('',(-21.6,-21.6,3.));
#2295 = ORIENTED_EDGE('',*,*,#1521,.F.);
#2296 = B_SPLINE_SURFACE_WITH_KNOTS('',1,1,(
    (#2297,#2298)
    ,(#2299,#2300
    )),.UNSPECIFIED.,.F.,.F.,.F.,(2,2),(2,2),(0.,9.999999999999E-04),(0.
    ,8.),.PIECEWISE_BEZIER_KNOTS.);
#2297 = CARTESIAN_POINT('',(-21.6,-21.6,2.999));
#2298 = CARTESIAN_POINT('',(-13.6,-21.6,2.999));
#2299 = CARTESIAN_POINT('',(-21.6,-21.6,3.));
#2300 = CARTESIAN_POINT('',(-13.6,-21.6,3.));
#2301 = ADVANCED_FACE('',(#2302),#2318,.F.);
#2302 = FACE_BOUND('',#2303,.F.);
#2303 = EDGE_LOOP('',(#2304,#2305,#2312,#2317));
#2304 = ORIENTED_EDGE('',*,*,#2277,.F.);
#2305 = ORIENTED_EDGE('',*,*,#2306,.T.);
#2306 = EDGE_CURVE('',#2278,#2307,#2309,.T.);
#2307 = VERTEX_POINT('',#2308);
#2308 = CARTESIAN_POINT('',(-13.6,-13.6,2.999));
#2309 = B_SPLINE_CURVE_WITH_KNOTS('',1,(#2310,#2311),.UNSPECIFIED.,.F.,
  .F.,(2,2),(0.,8.),.PIECEWISE_BEZIER_KNOTS.);
#2310 = CARTESIAN_POINT('',(-13.6,-21.6,2.999));
#2311 = CARTESIAN_POINT('',(-13.6,-13.6,2.999));
#2312 = ORIENTED_EDGE('',*,*,#2313,.T.);
#2313 = EDGE_CURVE('',#2307,#1538,#2314,.T.);
#2314 = B_SPLINE_CURVE_WITH_KNOTS('',1,(#2315,#2316),.UNSPECIFIED.,.F.,
  .F.,(2,2),(0.,9.999999999999E-04),.PIECEWISE_BEZIER_KNOTS.);
#2315 = CARTESIAN_POINT('',(-13.6,-13.6,2.999));
#2316 = CARTESIAN_POINT('',(-13.6,-13.6,3.));
#2317 = ORIENTED_EDGE('',*,*,#1544,.F.);
#2318 = B_SPLINE_SURFACE_WITH_KNOTS('',1,1,(
    (#2319,#2320)
    ,(#2321,#2322
    )),.UNSPECIFIED.,.F.,.F.,.F.,(2,2),(2,2),(0.,9.999999999999E-04),(
    -8.,0.),.PIECEWISE_BEZIER_KNOTS.);
#2319 = CARTESIAN_POINT('',(-13.6,-13.6,2.999));
#2320 = CARTESIAN_POINT('',(-13.6,-21.6,2.999));
#2321 = CARTESIAN_POINT('',(-13.6,-13.6,3.));
#2322 = CARTESIAN_POINT('',(-13.6,-21.6,3.));
#2323 = ADVANCED_FACE('',(#2324),#2340,.F.);
#2324 = FACE_BOUND('',#2325,.F.);
#2325 = EDGE_LOOP('',(#2326,#2327,#2334,#2339));
#2326 = ORIENTED_EDGE('',*,*,#2313,.F.);
#2327 = ORIENTED_EDGE('',*,*,#2328,.F.);
#2328 = EDGE_CURVE('',#2329,#2307,#2331,.T.);
#2329 = VERTEX_POINT('',#2330);
#2330 = CARTESIAN_POINT('',(-21.6,-13.6,2.999));
#2331 = B_SPLINE_CURVE_WITH_KNOTS('',1,(#2332,#2333),.UNSPECIFIED.,.F.,
  .F.,(2,2),(0.,8.),.PIECEWISE_BEZIER_KNOTS.);
#2332 = CARTESIAN_POINT('',(-21.6,-13.6,2.999));
#2333 = CARTESIAN_POINT('',(-13.6,-13.6,2.999));
#2334 = ORIENTED_EDGE('',*,*,#2335,.T.);
#2335 = EDGE_CURVE('',#2329,#1531,#2336,.T.);
#2336 = B_SPLINE_CURVE_WITH_KNOTS('',1,(#2337,#2338),.UNSPECIFIED.,.F.,
  .F.,(2,2),(0.,9.999999999999E-04),.PIECEWISE_BEZIER_KNOTS.);
#2337 = CARTESIAN_POINT('',(-21.6,-13.6,2.999));
#2338 = CARTESIAN_POINT('',(-21.6,-13.6,3.));
#2339 = ORIENTED_EDGE('',*,*,#1537,.F.);
#2340 = B_SPLINE_SURFACE_WITH_KNOTS('',1,1,(
    (#2341,#2342)
    ,(#2343,#2344
    )),.UNSPECIFIED.,.F.,.F.,.F.,(2,2),(2,2),(0.,9.999999999999E-04),(0.
    ,8.),.PIECEWISE_BEZIER_KNOTS.);
#2341 = CARTESIAN_POINT('',(-21.6,-13.6,2.999));
#2342 = CARTESIAN_POINT('',(-13.6,-13.6,2.999));
#2343 = CARTESIAN_POINT('',(-21.6,-13.6,3.));
#2344 = CARTESIAN_POINT('',(-13.6,-13.6,3.));
#2345 = ADVANCED_FACE('',(#2346),#2356,.T.);
#2346 = FACE_BOUND('',#2347,.T.);
#2347 = EDGE_LOOP('',(#2348,#2349,#2354,#2355));
#2348 = ORIENTED_EDGE('',*,*,#2291,.F.);
#2349 = ORIENTED_EDGE('',*,*,#2350,.T.);
#2350 = EDGE_CURVE('',#2285,#2329,#2351,.T.);
#2351 = B_SPLINE_CURVE_WITH_KNOTS('',1,(#2352,#2353),.UNSPECIFIED.,.F.,
  .F.,(2,2),(0.,8.),.PIECEWISE_BEZIER_KNOTS.);
#2352 = CARTESIAN_POINT('',(-21.6,-21.6,2.999));
#2353 = CARTESIAN_POINT('',(-21.6,-13.6,2.999));
#2354 = ORIENTED_EDGE('',*,*,#2335,.T.);
#2355 = ORIENTED_EDGE('',*,*,#1530,.F.);
#2356 = B_SPLINE_SURFACE_WITH_KNOTS('',1,1,(
    (#2357,#2358)
    ,(#2359,#2360
    )),.UNSPECIFIED.,.F.,.F.,.F.,(2,2),(2,2),(0.,9.999999999999E-04),(
    -8.,0.),.PIECEWISE_BEZIER_KNOTS.);
#2357 = CARTESIAN_POINT('',(-21.6,-13.6,2.999));
#2358 = CARTESIAN_POINT('',(-21.6,-21.6,2.999));
#2359 = CARTESIAN_POINT('',(-21.6,-13.6,3.));
#2360 = CARTESIAN_POINT('',(-21.6,-21.6,3.));
#2361 = ADVANCED_FACE('',(#2362),#2384,.T.);
#2362 = FACE_BOUND('',#2363,.T.);
#2363 = EDGE_LOOP('',(#2364,#2371,#2378,#2383));
#2364 = ORIENTED_EDGE('',*,*,#2365,.F.);
#2365 = EDGE_CURVE('',#2366,#1552,#2368,.T.);
#2366 = VERTEX_POINT('',#2367);
#2367 = CARTESIAN_POINT('',(-4.8,-21.6,2.999));
#2368 = B_SPLINE_CURVE_WITH_KNOTS('',1,(#2369,#2370),.UNSPECIFIED.,.F.,
  .F.,(2,2),(0.,9.999999999999E-04),.PIECEWISE_BEZIER_KNOTS.);
#2369 = CARTESIAN_POINT('',(-4.8,-21.6,2.999));
#2370 = CARTESIAN_POINT('',(-4.8,-21.6,3.));
#2371 = ORIENTED_EDGE('',*,*,#2372,.F.);
#2372 = EDGE_CURVE('',#2373,#2366,#2375,.T.);
#2373 = VERTEX_POINT('',#2374);
#2374 = CARTESIAN_POINT('',(-12.8,-21.6,2.999));
#2375 = B_SPLINE_CURVE_WITH_KNOTS('',1,(#2376,#2377),.UNSPECIFIED.,.F.,
  .F.,(2,2),(0.,8.),.PIECEWISE_BEZIER_KNOTS.);
#2376 = CARTESIAN_POINT('',(-12.8,-21.6,2.999));
#2377 = CARTESIAN_POINT('',(-4.8,-21.6,2.999));
#2378 = ORIENTED_EDGE('',*,*,#2379,.T.);
#2379 = EDGE_CURVE('',#2373,#1554,#2380,.T.);
#2380 = B_SPLINE_CURVE_WITH_KNOTS('',1,(#2381,#2382),.UNSPECIFIED.,.F.,
  .F.,(2,2),(0.,9.999999999999E-04),.PIECEWISE_BEZIER_KNOTS.);
#2381 = CARTESIAN_POINT('',(-12.8,-21.6,2.999));
#2382 = CARTESIAN_POINT('',(-12.8,-21.6,3.));
#2383 = ORIENTED_EDGE('',*,*,#1551,.F.);
#2384 = B_SPLINE_SURFACE_WITH_KNOTS('',1,1,(
    (#2385,#2386)
    ,(#2387,#2388
    )),.UNSPECIFIED.,.F.,.F.,.F.,(2,2),(2,2),(0.,9.999999999999E-04),(0.
    ,8.),.PIECEWISE_BEZIER_KNOTS.);
#2385 = CARTESIAN_POINT('',(-12.8,-21.6,2.999));
#2386 = CARTESIAN_POINT('',(-4.8,-21.6,2.999));
#2387 = CARTESIAN_POINT('',(-12.8,-21.6,3.));
#2388 = CARTESIAN_POINT('',(-4.8,-21.6,3.));
#2389 = ADVANCED_FACE('',(#2390),#2406,.F.);
#2390 = FACE_BOUND('',#2391,.F.);
#2391 = EDGE_LOOP('',(#2392,#2393,#2400,#2405));
#2392 = ORIENTED_EDGE('',*,*,#2365,.F.);
#2393 = ORIENTED_EDGE('',*,*,#2394,.T.);
#2394 = EDGE_CURVE('',#2366,#2395,#2397,.T.);
#2395 = VERTEX_POINT('',#2396);
#2396 = CARTESIAN_POINT('',(-4.8,-13.6,2.999));
#2397 = B_SPLINE_CURVE_WITH_KNOTS('',1,(#2398,#2399),.UNSPECIFIED.,.F.,
  .F.,(2,2),(0.,8.),.PIECEWISE_BEZIER_KNOTS.);
#2398 = CARTESIAN_POINT('',(-4.8,-21.6,2.999));
#2399 = CARTESIAN_POINT('',(-4.8,-13.6,2.999));
#2400 = ORIENTED_EDGE('',*,*,#2401,.T.);
#2401 = EDGE_CURVE('',#2395,#1568,#2402,.T.);
#2402 = B_SPLINE_CURVE_WITH_KNOTS('',1,(#2403,#2404),.UNSPECIFIED.,.F.,
  .F.,(2,2),(0.,9.999999999999E-04),.PIECEWISE_BEZIER_KNOTS.);
#2403 = CARTESIAN_POINT('',(-4.8,-13.6,2.999));
#2404 = CARTESIAN_POINT('',(-4.8,-13.6,3.));
#2405 = ORIENTED_EDGE('',*,*,#1574,.F.);
#2406 = B_SPLINE_SURFACE_WITH_KNOTS('',1,1,(
    (#2407,#2408)
    ,(#2409,#2410
    )),.UNSPECIFIED.,.F.,.F.,.F.,(2,2),(2,2),(0.,9.999999999999E-04),(
    -8.,0.),.PIECEWISE_BEZIER_KNOTS.);
#2407 = CARTESIAN_POINT('',(-4.8,-13.6,2.999));
#2408 = CARTESIAN_POINT('',(-4.8,-21.6,2.999));
#2409 = CARTESIAN_POINT('',(-4.8,-13.6,3.));
#2410 = CARTESIAN_POINT('',(-4.8,-21.6,3.));
#2411 = ADVANCED_FACE('',(#2412),#2428,.F.);
#2412 = FACE_BOUND('',#2413,.F.);
#2413 = EDGE_LOOP('',(#2414,#2415,#2422,#2427));
#2414 = ORIENTED_EDGE('',*,*,#2401,.F.);
#2415 = ORIENTED_EDGE('',*,*,#2416,.F.);
#2416 = EDGE_CURVE('',#2417,#2395,#2419,.T.);
#2417 = VERTEX_POINT('',#2418);
#2418 = CARTESIAN_POINT('',(-12.8,-13.6,2.999));
#2419 = B_SPLINE_CURVE_WITH_KNOTS('',1,(#2420,#2421),.UNSPECIFIED.,.F.,
  .F.,(2,2),(0.,8.),.PIECEWISE_BEZIER_KNOTS.);
#2420 = CARTESIAN_POINT('',(-12.8,-13.6,2.999));
#2421 = CARTESIAN_POINT('',(-4.8,-13.6,2.999));
#2422 = ORIENTED_EDGE('',*,*,#2423,.T.);
#2423 = EDGE_CURVE('',#2417,#1561,#2424,.T.);
#2424 = B_SPLINE_CURVE_WITH_KNOTS('',1,(#2425,#2426),.UNSPECIFIED.,.F.,
  .F.,(2,2),(0.,9.999999999999E-04),.PIECEWISE_BEZIER_KNOTS.);
#2425 = CARTESIAN_POINT('',(-12.8,-13.6,2.999));
#2426 = CARTESIAN_POINT('',(-12.8,-13.6,3.));
#2427 = ORIENTED_EDGE('',*,*,#1567,.F.);
#2428 = B_SPLINE_SURFACE_WITH_KNOTS('',1,1,(
    (#2429,#2430)
    ,(#2431,#2432
    )),.UNSPECIFIED.,.F.,.F.,.F.,(2,2),(2,2),(0.,9.999999999999E-04),(0.
    ,8.),.PIECEWISE_BEZIER_KNOTS.);
#2429 = CARTESIAN_POINT('',(-12.8,-13.6,2.999));
#2430 = CARTESIAN_POINT('',(-4.8,-13.6,2.999));
#2431 = CARTESIAN_POINT('',(-12.8,-13.6,3.));
#2432 = CARTESIAN_POINT('',(-4.8,-13.6,3.));
#2433 = ADVANCED_FACE('',(#2434),#2444,.T.);
#2434 = FACE_BOUND('',#2435,.T.);
#2435 = EDGE_LOOP('',(#2436,#2437,#2442,#2443));
#2436 = ORIENTED_EDGE('',*,*,#2379,.F.);
#2437 = ORIENTED_EDGE('',*,*,#2438,.T.);
#2438 = EDGE_CURVE('',#2373,#2417,#2439,.T.);
#2439 = B_SPLINE_CURVE_WITH_KNOTS('',1,(#2440,#2441),.UNSPECIFIED.,.F.,
  .F.,(2,2),(0.,8.),.PIECEWISE_BEZIER_KNOTS.);
#2440 = CARTESIAN_POINT('',(-12.8,-21.6,2.999));
#2441 = CARTESIAN_POINT('',(-12.8,-13.6,2.999));
#2442 = ORIENTED_EDGE('',*,*,#2423,.T.);
#2443 = ORIENTED_EDGE('',*,*,#1560,.F.);
#2444 = B_SPLINE_SURFACE_WITH_KNOTS('',1,1,(
    (#2445,#2446)
    ,(#2447,#2448
    )),.UNSPECIFIED.,.F.,.F.,.F.,(2,2),(2,2),(0.,9.999999999999E-04),(
    -8.,0.),.PIECEWISE_BEZIER_KNOTS.);
#2445 = CARTESIAN_POINT('',(-12.8,-13.6,2.999));
#2446 = CARTESIAN_POINT('',(-12.8,-21.6,2.999));
#2447 = CARTESIAN_POINT('',(-12.8,-13.6,3.));
#2448 = CARTESIAN_POINT('',(-12.8,-21.6,3.));
#2449 = ADVANCED_FACE('',(#2450),#2472,.T.);
#2450 = FACE_BOUND('',#2451,.T.);
#2451 = EDGE_LOOP('',(#2452,#2459,#2466,#2471));
#2452 = ORIENTED_EDGE('',*,*,#2453,.F.);
#2453 = EDGE_CURVE('',#2454,#1582,#2456,.T.);
#2454 = VERTEX_POINT('',#2455);
#2455 = CARTESIAN_POINT('',(-13.6,-12.8,2.999));
#2456 = B_SPLINE_CURVE_WITH_KNOTS('',1,(#2457,#2458),.UNSPECIFIED.,.F.,
  .F.,(2,2),(0.,9.999999999999E-04),.PIECEWISE_BEZIER_KNOTS.);
#2457 = CARTESIAN_POINT('',(-13.6,-12.8,2.999));
#2458 = CARTESIAN_POINT('',(-13.6,-12.8,3.));
#2459 = ORIENTED_EDGE('',*,*,#2460,.F.);
#2460 = EDGE_CURVE('',#2461,#2454,#2463,.T.);
#2461 = VERTEX_POINT('',#2462);
#2462 = CARTESIAN_POINT('',(-21.6,-12.8,2.999));
#2463 = B_SPLINE_CURVE_WITH_KNOTS('',1,(#2464,#2465),.UNSPECIFIED.,.F.,
  .F.,(2,2),(0.,8.),.PIECEWISE_BEZIER_KNOTS.);
#2464 = CARTESIAN_POINT('',(-21.6,-12.8,2.999));
#2465 = CARTESIAN_POINT('',(-13.6,-12.8,2.999));
#2466 = ORIENTED_EDGE('',*,*,#2467,.T.);
#2467 = EDGE_CURVE('',#2461,#1584,#2468,.T.);
#2468 = B_SPLINE_CURVE_WITH_KNOTS('',1,(#2469,#2470),.UNSPECIFIED.,.F.,
  .F.,(2,2),(0.,9.999999999999E-04),.PIECEWISE_BEZIER_KNOTS.);
#2469 = CARTESIAN_POINT('',(-21.6,-12.8,2.999));
#2470 = CARTESIAN_POINT('',(-21.6,-12.8,3.));
#2471 = ORIENTED_EDGE('',*,*,#1581,.F.);
#2472 = B_SPLINE_SURFACE_WITH_KNOTS('',1,1,(
    (#2473,#2474)
    ,(#2475,#2476
    )),.UNSPECIFIED.,.F.,.F.,.F.,(2,2),(2,2),(0.,9.999999999999E-04),(0.
    ,8.),.PIECEWISE_BEZIER_KNOTS.);
#2473 = CARTESIAN_POINT('',(-21.6,-12.8,2.999));
#2474 = CARTESIAN_POINT('',(-13.6,-12.8,2.999));
#2475 = CARTESIAN_POINT('',(-21.6,-12.8,3.));
#2476 = CARTESIAN_POINT('',(-13.6,-12.8,3.));
#2477 = ADVANCED_FACE('',(#2478),#2494,.F.);
#2478 = FACE_BOUND('',#2479,.F.);
#2479 = EDGE_LOOP('',(#2480,#2481,#2488,#2493));
#2480 = ORIENTED_EDGE('',*,*,#2453,.F.);
#2481 = ORIENTED_EDGE('',*,*,#2482,.T.);
#2482 = EDGE_CURVE('',#2454,#2483,#2485,.T.);
#2483 = VERTEX_POINT('',#2484);
#2484 = CARTESIAN_POINT('',(-13.6,-4.8,2.999));
#2485 = B_SPLINE_CURVE_WITH_KNOTS('',1,(#2486,#2487),.UNSPECIFIED.,.F.,
  .F.,(2,2),(0.,8.),.PIECEWISE_BEZIER_KNOTS.);
#2486 = CARTESIAN_POINT('',(-13.6,-12.8,2.999));
#2487 = CARTESIAN_POINT('',(-13.6,-4.8,2.999));
#2488 = ORIENTED_EDGE('',*,*,#2489,.T.);
#2489 = EDGE_CURVE('',#2483,#1598,#2490,.T.);
#2490 = B_SPLINE_CURVE_WITH_KNOTS('',1,(#2491,#2492),.UNSPECIFIED.,.F.,
  .F.,(2,2),(0.,9.999999999999E-04),.PIECEWISE_BEZIER_KNOTS.);
#2491 = CARTESIAN_POINT('',(-13.6,-4.8,2.999));
#2492 = CARTESIAN_POINT('',(-13.6,-4.8,3.));
#2493 = ORIENTED_EDGE('',*,*,#1604,.F.);
#2494 = B_SPLINE_SURFACE_WITH_KNOTS('',1,1,(
    (#2495,#2496)
    ,(#2497,#2498
    )),.UNSPECIFIED.,.F.,.F.,.F.,(2,2),(2,2),(0.,9.999999999999E-04),(
    -8.,0.),.PIECEWISE_BEZIER_KNOTS.);
#2495 = CARTESIAN_POINT('',(-13.6,-4.8,2.999));
#2496 = CARTESIAN_POINT('',(-13.6,-12.8,2.999));
#2497 = CARTESIAN_POINT('',(-13.6,-4.8,3.));
#2498 = CARTESIAN_POINT('',(-13.6,-12.8,3.));
#2499 = ADVANCED_FACE('',(#2500),#2516,.F.);
#2500 = FACE_BOUND('',#2501,.F.);
#2501 = EDGE_LOOP('',(#2502,#2503,#2510,#2515));
#2502 = ORIENTED_EDGE('',*,*,#2489,.F.);
#2503 = ORIENTED_EDGE('',*,*,#2504,.F.);
#2504 = EDGE_CURVE('',#2505,#2483,#2507,.T.);
#2505 = VERTEX_POINT('',#2506);
#2506 = CARTESIAN_POINT('',(-21.6,-4.8,2.999));
#2507 = B_SPLINE_CURVE_WITH_KNOTS('',1,(#2508,#2509),.UNSPECIFIED.,.F.,
  .F.,(2,2),(0.,8.),.PIECEWISE_BEZIER_KNOTS.);
#2508 = CARTESIAN_POINT('',(-21.6,-4.8,2.999));
#2509 = CARTESIAN_POINT('',(-13.6,-4.8,2.999));
#2510 = ORIENTED_EDGE('',*,*,#2511,.T.);
#2511 = EDGE_CURVE('',#2505,#1591,#2512,.T.);
#2512 = B_SPLINE_CURVE_WITH_KNOTS('',1,(#2513,#2514),.UNSPECIFIED.,.F.,
  .F.,(2,2),(0.,9.999999999999E-04),.PIECEWISE_BEZIER_KNOTS.);
#2513 = CARTESIAN_POINT('',(-21.6,-4.8,2.999));
#2514 = CARTESIAN_POINT('',(-21.6,-4.8,3.));
#2515 = ORIENTED_EDGE('',*,*,#1597,.F.);
#2516 = B_SPLINE_SURFACE_WITH_KNOTS('',1,1,(
    (#2517,#2518)
    ,(#2519,#2520
    )),.UNSPECIFIED.,.F.,.F.,.F.,(2,2),(2,2),(0.,9.999999999999E-04),(0.
    ,8.),.PIECEWISE_BEZIER_KNOTS.);
#2517 = CARTESIAN_POINT('',(-21.6,-4.8,2.999));
#2518 = CARTESIAN_POINT('',(-13.6,-4.8,2.999));
#2519 = CARTESIAN_POINT('',(-21.6,-4.8,3.));
#2520 = CARTESIAN_POINT('',(-13.6,-4.8,3.));
#2521 = ADVANCED_FACE('',(#2522),#2532,.T.);
#2522 = FACE_BOUND('',#2523,.T.);
#2523 = EDGE_LOOP('',(#2524,#2525,#2530,#2531));
#2524 = ORIENTED_EDGE('',*,*,#2467,.F.);
#2525 = ORIENTED_EDGE('',*,*,#2526,.T.);
#2526 = EDGE_CURVE('',#2461,#2505,#2527,.T.);
#2527 = B_SPLINE_CURVE_WITH_KNOTS('',1,(#2528,#2529),.UNSPECIFIED.,.F.,
  .F.,(2,2),(0.,8.),.PIECEWISE_BEZIER_KNOTS.);
#2528 = CARTESIAN_POINT('',(-21.6,-12.8,2.999));
#2529 = CARTESIAN_POINT('',(-21.6,-4.8,2.999));
#2530 = ORIENTED_EDGE('',*,*,#2511,.T.);
#2531 = ORIENTED_EDGE('',*,*,#1590,.F.);
#2532 = B_SPLINE_SURFACE_WITH_KNOTS('',1,1,(
    (#2533,#2534)
    ,(#2535,#2536
    )),.UNSPECIFIED.,.F.,.F.,.F.,(2,2),(2,2),(0.,9.999999999999E-04),(
    -8.,0.),.PIECEWISE_BEZIER_KNOTS.);
#2533 = CARTESIAN_POINT('',(-21.6,-4.8,2.999));
#2534 = CARTESIAN_POINT('',(-21.6,-12.8,2.999));
#2535 = CARTESIAN_POINT('',(-21.6,-4.8,3.));
#2536 = CARTESIAN_POINT('',(-21.6,-12.8,3.));
#2537 = ADVANCED_FACE('',(#2538),#2560,.T.);
#2538 = FACE_BOUND('',#2539,.T.);
#2539 = EDGE_LOOP('',(#2540,#2547,#2554,#2559));
#2540 = ORIENTED_EDGE('',*,*,#2541,.F.);
#2541 = EDGE_CURVE('',#2542,#1612,#2544,.T.);
#2542 = VERTEX_POINT('',#2543);
#2543 = CARTESIAN_POINT('',(-4.8,-12.8,2.999));
#2544 = B_SPLINE_CURVE_WITH_KNOTS('',1,(#2545,#2546),.UNSPECIFIED.,.F.,
  .F.,(2,2),(0.,9.999999999999E-04),.PIECEWISE_BEZIER_KNOTS.);
#2545 = CARTESIAN_POINT('',(-4.8,-12.8,2.999));
#2546 = CARTESIAN_POINT('',(-4.8,-12.8,3.));
#2547 = ORIENTED_EDGE('',*,*,#2548,.F.);
#2548 = EDGE_CURVE('',#2549,#2542,#2551,.T.);
#2549 = VERTEX_POINT('',#2550);
#2550 = CARTESIAN_POINT('',(-12.8,-12.8,2.999));
#2551 = B_SPLINE_CURVE_WITH_KNOTS('',1,(#2552,#2553),.UNSPECIFIED.,.F.,
  .F.,(2,2),(0.,8.),.PIECEWISE_BEZIER_KNOTS.);
#2552 = CARTESIAN_POINT('',(-12.8,-12.8,2.999));
#2553 = CARTESIAN_POINT('',(-4.8,-12.8,2.999));
#2554 = ORIENTED_EDGE('',*,*,#2555,.T.);
#2555 = EDGE_CURVE('',#2549,#1614,#2556,.T.);
#2556 = B_SPLINE_CURVE_WITH_KNOTS('',1,(#2557,#2558),.UNSPECIFIED.,.F.,
  .F.,(2,2),(0.,9.999999999999E-04),.PIECEWISE_BEZIER_KNOTS.);
#2557 = CARTESIAN_POINT('',(-12.8,-12.8,2.999));
#2558 = CARTESIAN_POINT('',(-12.8,-12.8,3.));
#2559 = ORIENTED_EDGE('',*,*,#1611,.F.);
#2560 = B_SPLINE_SURFACE_WITH_KNOTS('',1,1,(
    (#2561,#2562)
    ,(#2563,#2564
    )),.UNSPECIFIED.,.F.,.F.,.F.,(2,2),(2,2),(0.,9.999999999999E-04),(0.
    ,8.),.PIECEWISE_BEZIER_KNOTS.);
#2561 = CARTESIAN_POINT('',(-12.8,-12.8,2.999));
#2562 = CARTESIAN_POINT('',(-4.8,-12.8,2.999));
#2563 = CARTESIAN_POINT('',(-12.8,-12.8,3.));
#2564 = CARTESIAN_POINT('',(-4.8,-12.8,3.));
#2565 = ADVANCED_FACE('',(#2566),#2582,.F.);
#2566 = FACE_BOUND('',#2567,.F.);
#2567 = EDGE_LOOP('',(#2568,#2569,#2576,#2581));
#2568 = ORIENTED_EDGE('',*,*,#2541,.F.);
#2569 = ORIENTED_EDGE('',*,*,#2570,.T.);
#2570 = EDGE_CURVE('',#2542,#2571,#2573,.T.);
#2571 = VERTEX_POINT('',#2572);
#2572 = CARTESIAN_POINT('',(-4.8,-4.8,2.999));
#2573 = B_SPLINE_CURVE_WITH_KNOTS('',1,(#2574,#2575),.UNSPECIFIED.,.F.,
  .F.,(2,2),(0.,8.),.PIECEWISE_BEZIER_KNOTS.);
#2574 = CARTESIAN_POINT('',(-4.8,-12.8,2.999));
#2575 = CARTESIAN_POINT('',(-4.8,-4.8,2.999));
#2576 = ORIENTED_EDGE('',*,*,#2577,.T.);
#2577 = EDGE_CURVE('',#2571,#1628,#2578,.T.);
#2578 = B_SPLINE_CURVE_WITH_KNOTS('',1,(#2579,#2580),.UNSPECIFIED.,.F.,
  .F.,(2,2),(0.,9.999999999999E-04),.PIECEWISE_BEZIER_KNOTS.);
#2579 = CARTESIAN_POINT('',(-4.8,-4.8,2.999));
#2580 = CARTESIAN_POINT('',(-4.8,-4.8,3.));
#2581 = ORIENTED_EDGE('',*,*,#1634,.F.);
#2582 = B_SPLINE_SURFACE_WITH_KNOTS('',1,1,(
    (#2583,#2584)
    ,(#2585,#2586
    )),.UNSPECIFIED.,.F.,.F.,.F.,(2,2),(2,2),(0.,9.999999999999E-04),(
    -8.,0.),.PIECEWISE_BEZIER_KNOTS.);
#2583 = CARTESIAN_POINT('',(-4.8,-4.8,2.999));
#2584 = CARTESIAN_POINT('',(-4.8,-12.8,2.999));
#2585 = CARTESIAN_POINT('',(-4.8,-4.8,3.));
#2586 = CARTESIAN_POINT('',(-4.8,-12.8,3.));
#2587 = ADVANCED_FACE('',(#2588),#2604,.F.);
#2588 = FACE_BOUND('',#2589,.F.);
#2589 = EDGE_LOOP('',(#2590,#2591,#2598,#2603));
#2590 = ORIENTED_EDGE('',*,*,#2577,.F.);
#2591 = ORIENTED_EDGE('',*,*,#2592,.F.);
#2592 = EDGE_CURVE('',#2593,#2571,#2595,.T.);
#2593 = VERTEX_POINT('',#2594);
#2594 = CARTESIAN_POINT('',(-12.8,-4.8,2.999));
#2595 = B_SPLINE_CURVE_WITH_KNOTS('',1,(#2596,#2597),.UNSPECIFIED.,.F.,
  .F.,(2,2),(0.,8.),.PIECEWISE_BEZIER_KNOTS.);
#2596 = CARTESIAN_POINT('',(-12.8,-4.8,2.999));
#2597 = CARTESIAN_POINT('',(-4.8,-4.8,2.999));
#2598 = ORIENTED_EDGE('',*,*,#2599,.T.);
#2599 = EDGE_CURVE('',#2593,#1621,#2600,.T.);
#2600 = B_SPLINE_CURVE_WITH_KNOTS('',1,(#2601,#2602),.UNSPECIFIED.,.F.,
  .F.,(2,2),(0.,9.999999999999E-04),.PIECEWISE_BEZIER_KNOTS.);
#2601 = CARTESIAN_POINT('',(-12.8,-4.8,2.999));
#2602 = CARTESIAN_POINT('',(-12.8,-4.8,3.));
#2603 = ORIENTED_EDGE('',*,*,#1627,.F.);
#2604 = B_SPLINE_SURFACE_WITH_KNOTS('',1,1,(
    (#2605,#2606)
    ,(#2607,#2608
    )),.UNSPECIFIED.,.F.,.F.,.F.,(2,2),(2,2),(0.,9.999999999999E-04),(0.
    ,8.),.PIECEWISE_BEZIER_KNOTS.);
#2605 = CARTESIAN_POINT('',(-12.8,-4.8,2.999));
#2606 = CARTESIAN_POINT('',(-4.8,-4.8,2.999));
#2607 = CARTESIAN_POINT('',(-12.8,-4.8,3.));
#2608 = CARTESIAN_POINT('',(-4.8,-4.8,3.));
#2609 = ADVANCED_FACE('',(#2610),#2620,.T.);
#2610 = FACE_BOUND('',#2611,.T.);
#2611 = EDGE_LOOP('',(#2612,#2613,#2618,#2619));
#2612 = ORIENTED_EDGE('',*,*,#2555,.F.);
#2613 = ORIENTED_EDGE('',*,*,#2614,.T.);
#2614 = EDGE_CURVE('',#2549,#2593,#2615,.T.);
#2615 = B_SPLINE_CURVE_WITH_KNOTS('',1,(#2616,#2617),.UNSPECIFIED.,.F.,
  .F.,(2,2),(0.,8.),.PIECEWISE_BEZIER_KNOTS.);
#2616 = CARTESIAN_POINT('',(-12.8,-12.8,2.999));
#2617 = CARTESIAN_POINT('',(-12.8,-4.8,2.999));
#2618 = ORIENTED_EDGE('',*,*,#2599,.T.);
#2619 = ORIENTED_EDGE('',*,*,#1620,.F.);
#2620 = B_SPLINE_SURFACE_WITH_KNOTS('',1,1,(
    (#2621,#2622)
    ,(#2623,#2624
    )),.UNSPECIFIED.,.F.,.F.,.F.,(2,2),(2,2),(0.,9.999999999999E-04),(
    -8.,0.),.PIECEWISE_BEZIER_KNOTS.);
#2621 = CARTESIAN_POINT('',(-12.8,-4.8,2.999));
#2622 = CARTESIAN_POINT('',(-12.8,-12.8,2.999));
#2623 = CARTESIAN_POINT('',(-12.8,-4.8,3.));
#2624 = CARTESIAN_POINT('',(-12.8,-12.8,3.));
#2625 = ADVANCED_FACE('',(#2626),#2648,.T.);
#2626 = FACE_BOUND('',#2627,.T.);
#2627 = EDGE_LOOP('',(#2628,#2635,#2642,#2647));
#2628 = ORIENTED_EDGE('',*,*,#2629,.F.);
#2629 = EDGE_CURVE('',#2630,#1642,#2632,.T.);
#2630 = VERTEX_POINT('',#2631);
#2631 = CARTESIAN_POINT('',(4.,-21.6,2.999));
#2632 = B_SPLINE_CURVE_WITH_KNOTS('',1,(#2633,#2634),.UNSPECIFIED.,.F.,
  .F.,(2,2),(0.,9.999999999999E-04),.PIECEWISE_BEZIER_KNOTS.);
#2633 = CARTESIAN_POINT('',(4.,-21.6,2.999));
#2634 = CARTESIAN_POINT('',(4.,-21.6,3.));
#2635 = ORIENTED_EDGE('',*,*,#2636,.F.);
#2636 = EDGE_CURVE('',#2637,#2630,#2639,.T.);
#2637 = VERTEX_POINT('',#2638);
#2638 = CARTESIAN_POINT('',(-4.,-21.6,2.999));
#2639 = B_SPLINE_CURVE_WITH_KNOTS('',1,(#2640,#2641),.UNSPECIFIED.,.F.,
  .F.,(2,2),(0.,8.),.PIECEWISE_BEZIER_KNOTS.);
#2640 = CARTESIAN_POINT('',(-4.,-21.6,2.999));
#2641 = CARTESIAN_POINT('',(4.,-21.6,2.999));
#2642 = ORIENTED_EDGE('',*,*,#2643,.T.);
#2643 = EDGE_CURVE('',#2637,#1644,#2644,.T.);
#2644 = B_SPLINE_CURVE_WITH_KNOTS('',1,(#2645,#2646),.UNSPECIFIED.,.F.,
  .F.,(2,2),(0.,9.999999999999E-04),.PIECEWISE_BEZIER_KNOTS.);
#2645 = CARTESIAN_POINT('',(-4.,-21.6,2.999));
#2646 = CARTESIAN_POINT('',(-4.,-21.6,3.));
#2647 = ORIENTED_EDGE('',*,*,#1641,.F.);
#2648 = B_SPLINE_SURFACE_WITH_KNOTS('',1,1,(
    (#2649,#2650)
    ,(#2651,#2652
    )),.UNSPECIFIED.,.F.,.F.,.F.,(2,2),(2,2),(0.,9.999999999999E-04),(0.
    ,8.),.PIECEWISE_BEZIER_KNOTS.);
#2649 = CARTESIAN_POINT('',(-4.,-21.6,2.999));
#2650 = CARTESIAN_POINT('',(4.,-21.6,2.999));
#2651 = CARTESIAN_POINT('',(-4.,-21.6,3.));
#2652 = CARTESIAN_POINT('',(4.,-21.6,3.));
#2653 = ADVANCED_FACE('',(#2654),#2670,.F.);
#2654 = FACE_BOUND('',#2655,.F.);
#2655 = EDGE_LOOP('',(#2656,#2657,#2664,#2669));
#2656 = ORIENTED_EDGE('',*,*,#2629,.F.);
#2657 = ORIENTED_EDGE('',*,*,#2658,.T.);
#2658 = EDGE_CURVE('',#2630,#2659,#2661,.T.);
#2659 = VERTEX_POINT('',#2660);
#2660 = CARTESIAN_POINT('',(4.,-13.6,2.999));
#2661 = B_SPLINE_CURVE_WITH_KNOTS('',1,(#2662,#2663),.UNSPECIFIED.,.F.,
  .F.,(2,2),(0.,8.),.PIECEWISE_BEZIER_KNOTS.);
#2662 = CARTESIAN_POINT('',(4.,-21.6,2.999));
#2663 = CARTESIAN_POINT('',(4.,-13.6,2.999));
#2664 = ORIENTED_EDGE('',*,*,#2665,.T.);
#2665 = EDGE_CURVE('',#2659,#1658,#2666,.T.);
#2666 = B_SPLINE_CURVE_WITH_KNOTS('',1,(#2667,#2668),.UNSPECIFIED.,.F.,
  .F.,(2,2),(0.,9.999999999999E-04),.PIECEWISE_BEZIER_KNOTS.);
#2667 = CARTESIAN_POINT('',(4.,-13.6,2.999));
#2668 = CARTESIAN_POINT('',(4.,-13.6,3.));
#2669 = ORIENTED_EDGE('',*,*,#1664,.F.);
#2670 = B_SPLINE_SURFACE_WITH_KNOTS('',1,1,(
    (#2671,#2672)
    ,(#2673,#2674
    )),.UNSPECIFIED.,.F.,.F.,.F.,(2,2),(2,2),(0.,9.999999999999E-04),(
    -8.,0.),.PIECEWISE_BEZIER_KNOTS.);
#2671 = CARTESIAN_POINT('',(4.,-13.6,2.999));
#2672 = CARTESIAN_POINT('',(4.,-21.6,2.999));
#2673 = CARTESIAN_POINT('',(4.,-13.6,3.));
#2674 = CARTESIAN_POINT('',(4.,-21.6,3.));
#2675 = ADVANCED_FACE('',(#2676),#2692,.F.);
#2676 = FACE_BOUND('',#2677,.F.);
#2677 = EDGE_LOOP('',(#2678,#2679,#2686,#2691));
#2678 = ORIENTED_EDGE('',*,*,#2665,.F.);
#2679 = ORIENTED_EDGE('',*,*,#2680,.F.);
#2680 = EDGE_CURVE('',#2681,#2659,#2683,.T.);
#2681 = VERTEX_POINT('',#2682);
#2682 = CARTESIAN_POINT('',(-4.,-13.6,2.999));
#2683 = B_SPLINE_CURVE_WITH_KNOTS('',1,(#2684,#2685),.UNSPECIFIED.,.F.,
  .F.,(2,2),(0.,8.),.PIECEWISE_BEZIER_KNOTS.);
#2684 = CARTESIAN_POINT('',(-4.,-13.6,2.999));
#2685 = CARTESIAN_POINT('',(4.,-13.6,2.999));
#2686 = ORIENTED_EDGE('',*,*,#2687,.T.);
#2687 = EDGE_CURVE('',#2681,#1651,#2688,.T.);
#2688 = B_SPLINE_CURVE_WITH_KNOTS('',1,(#2689,#2690),.UNSPECIFIED.,.F.,
  .F.,(2,2),(0.,9.999999999999E-04),.PIECEWISE_BEZIER_KNOTS.);
#2689 = CARTESIAN_POINT('',(-4.,-13.6,2.999));
#2690 = CARTESIAN_POINT('',(-4.,-13.6,3.));
#2691 = ORIENTED_EDGE('',*,*,#1657,.F.);
#2692 = B_SPLINE_SURFACE_WITH_KNOTS('',1,1,(
    (#2693,#2694)
    ,(#2695,#2696
    )),.UNSPECIFIED.,.F.,.F.,.F.,(2,2),(2,2),(0.,9.999999999999E-04),(0.
    ,8.),.PIECEWISE_BEZIER_KNOTS.);
#2693 = CARTESIAN_POINT('',(-4.,-13.6,2.999));
#2694 = CARTESIAN_POINT('',(4.,-13.6,2.999));
#2695 = CARTESIAN_POINT('',(-4.,-13.6,3.));
#2696 = CARTESIAN_POINT('',(4.,-13.6,3.));
#2697 = ADVANCED_FACE('',(#2698),#2708,.T.);
#2698 = FACE_BOUND('',#2699,.T.);
#2699 = EDGE_LOOP('',(#2700,#2701,#2706,#2707));
#2700 = ORIENTED_EDGE('',*,*,#2643,.F.);
#2701 = ORIENTED_EDGE('',*,*,#2702,.T.);
#2702 = EDGE_CURVE('',#2637,#2681,#2703,.T.);
#2703 = B_SPLINE_CURVE_WITH_KNOTS('',1,(#2704,#2705),.UNSPECIFIED.,.F.,
  .F.,(2,2),(0.,8.),.PIECEWISE_BEZIER_KNOTS.);
#2704 = CARTESIAN_POINT('',(-4.,-21.6,2.999));
#2705 = CARTESIAN_POINT('',(-4.,-13.6,2.999));
#2706 = ORIENTED_EDGE('',*,*,#2687,.T.);
#2707 = ORIENTED_EDGE('',*,*,#1650,.F.);
#2708 = B_SPLINE_SURFACE_WITH_KNOTS('',1,1,(
    (#2709,#2710)
    ,(#2711,#2712
    )),.UNSPECIFIED.,.F.,.F.,.F.,(2,2),(2,2),(0.,9.999999999999E-04),(
    -8.,0.),.PIECEWISE_BEZIER_KNOTS.);
#2709 = CARTESIAN_POINT('',(-4.,-13.6,2.999));
#2710 = CARTESIAN_POINT('',(-4.,-21.6,2.999));
#2711 = CARTESIAN_POINT('',(-4.,-13.6,3.));
#2712 = CARTESIAN_POINT('',(-4.,-21.6,3.));
#2713 = ADVANCED_FACE('',(#2714),#2736,.T.);
#2714 = FACE_BOUND('',#2715,.T.);
#2715 = EDGE_LOOP('',(#2716,#2723,#2730,#2735));
#2716 = ORIENTED_EDGE('',*,*,#2717,.F.);
#2717 = EDGE_CURVE('',#2718,#1672,#2720,.T.);
#2718 = VERTEX_POINT('',#2719);
#2719 = CARTESIAN_POINT('',(12.8,-21.6,2.999));
#2720 = B_SPLINE_CURVE_WITH_KNOTS('',1,(#2721,#2722),.UNSPECIFIED.,.F.,
  .F.,(2,2),(0.,9.999999999999E-04),.PIECEWISE_BEZIER_KNOTS.);
#2721 = CARTESIAN_POINT('',(12.8,-21.6,2.999));
#2722 = CARTESIAN_POINT('',(12.8,-21.6,3.));
#2723 = ORIENTED_EDGE('',*,*,#2724,.F.);
#2724 = EDGE_CURVE('',#2725,#2718,#2727,.T.);
#2725 = VERTEX_POINT('',#2726);
#2726 = CARTESIAN_POINT('',(4.8,-21.6,2.999));
#2727 = B_SPLINE_CURVE_WITH_KNOTS('',1,(#2728,#2729),.UNSPECIFIED.,.F.,
  .F.,(2,2),(0.,8.),.PIECEWISE_BEZIER_KNOTS.);
#2728 = CARTESIAN_POINT('',(4.8,-21.6,2.999));
#2729 = CARTESIAN_POINT('',(12.8,-21.6,2.999));
#2730 = ORIENTED_EDGE('',*,*,#2731,.T.);
#2731 = EDGE_CURVE('',#2725,#1674,#2732,.T.);
#2732 = B_SPLINE_CURVE_WITH_KNOTS('',1,(#2733,#2734),.UNSPECIFIED.,.F.,
  .F.,(2,2),(0.,9.999999999999E-04),.PIECEWISE_BEZIER_KNOTS.);
#2733 = CARTESIAN_POINT('',(4.8,-21.6,2.999));
#2734 = CARTESIAN_POINT('',(4.8,-21.6,3.));
#2735 = ORIENTED_EDGE('',*,*,#1671,.F.);
#2736 = B_SPLINE_SURFACE_WITH_KNOTS('',1,1,(
    (#2737,#2738)
    ,(#2739,#2740
    )),.UNSPECIFIED.,.F.,.F.,.F.,(2,2),(2,2),(0.,9.999999999999E-04),(0.
    ,8.),.PIECEWISE_BEZIER_KNOTS.);
#2737 = CARTESIAN_POINT('',(4.8,-21.6,2.999));
#2738 = CARTESIAN_POINT('',(12.8,-21.6,2.999));
#2739 = CARTESIAN_POINT('',(4.8,-21.6,3.));
#2740 = CARTESIAN_POINT('',(12.8,-21.6,3.));
#2741 = ADVANCED_FACE('',(#2742),#2758,.F.);
#2742 = FACE_BOUND('',#2743,.F.);
#2743 = EDGE_LOOP('',(#2744,#2745,#2752,#2757));
#2744 = ORIENTED_EDGE('',*,*,#2717,.F.);
#2745 = ORIENTED_EDGE('',*,*,#2746,.T.);
#2746 = EDGE_CURVE('',#2718,#2747,#2749,.T.);
#2747 = VERTEX_POINT('',#2748);
#2748 = CARTESIAN_POINT('',(12.8,-13.6,2.999));
#2749 = B_SPLINE_CURVE_WITH_KNOTS('',1,(#2750,#2751),.UNSPECIFIED.,.F.,
  .F.,(2,2),(0.,8.),.PIECEWISE_BEZIER_KNOTS.);
#2750 = CARTESIAN_POINT('',(12.8,-21.6,2.999));
#2751 = CARTESIAN_POINT('',(12.8,-13.6,2.999));
#2752 = ORIENTED_EDGE('',*,*,#2753,.T.);
#2753 = EDGE_CURVE('',#2747,#1688,#2754,.T.);
#2754 = B_SPLINE_CURVE_WITH_KNOTS('',1,(#2755,#2756),.UNSPECIFIED.,.F.,
  .F.,(2,2),(0.,9.999999999999E-04),.PIECEWISE_BEZIER_KNOTS.);
#2755 = CARTESIAN_POINT('',(12.8,-13.6,2.999));
#2756 = CARTESIAN_POINT('',(12.8,-13.6,3.));
#2757 = ORIENTED_EDGE('',*,*,#1694,.F.);
#2758 = B_SPLINE_SURFACE_WITH_KNOTS('',1,1,(
    (#2759,#2760)
    ,(#2761,#2762
    )),.UNSPECIFIED.,.F.,.F.,.F.,(2,2),(2,2),(0.,9.999999999999E-04),(
    -8.,0.),.PIECEWISE_BEZIER_KNOTS.);
#2759 = CARTESIAN_POINT('',(12.8,-13.6,2.999));
#2760 = CARTESIAN_POINT('',(12.8,-21.6,2.999));
#2761 = CARTESIAN_POINT('',(12.8,-13.6,3.));
#2762 = CARTESIAN_POINT('',(12.8,-21.6,3.));
#2763 = ADVANCED_FACE('',(#2764),#2780,.F.);
#2764 = FACE_BOUND('',#2765,.F.);
#2765 = EDGE_LOOP('',(#2766,#2767,#2774,#2779));
#2766 = ORIENTED_EDGE('',*,*,#2753,.F.);
#2767 = ORIENTED_EDGE('',*,*,#2768,.F.);
#2768 = EDGE_CURVE('',#2769,#2747,#2771,.T.);
#2769 = VERTEX_POINT('',#2770);
#2770 = CARTESIAN_POINT('',(4.8,-13.6,2.999));
#2771 = B_SPLINE_CURVE_WITH_KNOTS('',1,(#2772,#2773),.UNSPECIFIED.,.F.,
  .F.,(2,2),(0.,8.),.PIECEWISE_BEZIER_KNOTS.);
#2772 = CARTESIAN_POINT('',(4.8,-13.6,2.999));
#2773 = CARTESIAN_POINT('',(12.8,-13.6,2.999));
#2774 = ORIENTED_EDGE('',*,*,#2775,.T.);
#2775 = EDGE_CURVE('',#2769,#1681,#2776,.T.);
#2776 = B_SPLINE_CURVE_WITH_KNOTS('',1,(#2777,#2778),.UNSPECIFIED.,.F.,
  .F.,(2,2),(0.,9.999999999999E-04),.PIECEWISE_BEZIER_KNOTS.);
#2777 = CARTESIAN_POINT('',(4.8,-13.6,2.999));
#2778 = CARTESIAN_POINT('',(4.8,-13.6,3.));
#2779 = ORIENTED_EDGE('',*,*,#1687,.F.);
#2780 = B_SPLINE_SURFACE_WITH_KNOTS('',1,1,(
    (#2781,#2782)
    ,(#2783,#2784
    )),.UNSPECIFIED.,.F.,.F.,.F.,(2,2),(2,2),(0.,9.999999999999E-04),(0.
    ,8.),.PIECEWISE_BEZIER_KNOTS.);
#2781 = CARTESIAN_POINT('',(4.8,-13.6,2.999));
#2782 = CARTESIAN_POINT('',(12.8,-13.6,2.999));
#2783 = CARTESIAN_POINT('',(4.8,-13.6,3.));
#2784 = CARTESIAN_POINT('',(12.8,-13.6,3.));
#2785 = ADVANCED_FACE('',(#2786),#2796,.T.);
#2786 = FACE_BOUND('',#2787,.T.);
#2787 = EDGE_LOOP('',(#2788,#2789,#2794,#2795));
#2788 = ORIENTED_EDGE('',*,*,#2731,.F.);
#2789 = ORIENTED_EDGE('',*,*,#2790,.T.);
#2790 = EDGE_CURVE('',#2725,#2769,#2791,.T.);
#2791 = B_SPLINE_CURVE_WITH_KNOTS('',1,(#2792,#2793),.UNSPECIFIED.,.F.,
  .F.,(2,2),(0.,8.),.PIECEWISE_BEZIER_KNOTS.);
#2792 = CARTESIAN_POINT('',(4.8,-21.6,2.999));
#2793 = CARTESIAN_POINT('',(4.8,-13.6,2.999));
#2794 = ORIENTED_EDGE('',*,*,#2775,.T.);
#2795 = ORIENTED_EDGE('',*,*,#1680,.F.);
#2796 = B_SPLINE_SURFACE_WITH_KNOTS('',1,1,(
    (#2797,#2798)
    ,(#2799,#2800
    )),.UNSPECIFIED.,.F.,.F.,.F.,(2,2),(2,2),(0.,9.999999999999E-04),(
    -8.,0.),.PIECEWISE_BEZIER_KNOTS.);
#2797 = CARTESIAN_POINT('',(4.8,-13.6,2.999));
#2798 = CARTESIAN_POINT('',(4.8,-21.6,2.999));
#2799 = CARTESIAN_POINT('',(4.8,-13.6,3.));
#2800 = CARTESIAN_POINT('',(4.8,-21.6,3.));
#2801 = ADVANCED_FACE('',(#2802),#2824,.T.);
#2802 = FACE_BOUND('',#2803,.T.);
#2803 = EDGE_LOOP('',(#2804,#2811,#2818,#2823));
#2804 = ORIENTED_EDGE('',*,*,#2805,.F.);
#2805 = EDGE_CURVE('',#2806,#1702,#2808,.T.);
#2806 = VERTEX_POINT('',#2807);
#2807 = CARTESIAN_POINT('',(21.6,-21.6,2.999));
#2808 = B_SPLINE_CURVE_WITH_KNOTS('',1,(#2809,#2810),.UNSPECIFIED.,.F.,
  .F.,(2,2),(0.,9.999999999999E-04),.PIECEWISE_BEZIER_KNOTS.);
#2809 = CARTESIAN_POINT('',(21.6,-21.6,2.999));
#2810 = CARTESIAN_POINT('',(21.6,-21.6,3.));
#2811 = ORIENTED_EDGE('',*,*,#2812,.F.);
#2812 = EDGE_CURVE('',#2813,#2806,#2815,.T.);
#2813 = VERTEX_POINT('',#2814);
#2814 = CARTESIAN_POINT('',(13.6,-21.6,2.999));
#2815 = B_SPLINE_CURVE_WITH_KNOTS('',1,(#2816,#2817),.UNSPECIFIED.,.F.,
  .F.,(2,2),(0.,8.),.PIECEWISE_BEZIER_KNOTS.);
#2816 = CARTESIAN_POINT('',(13.6,-21.6,2.999));
#2817 = CARTESIAN_POINT('',(21.6,-21.6,2.999));
#2818 = ORIENTED_EDGE('',*,*,#2819,.T.);
#2819 = EDGE_CURVE('',#2813,#1704,#2820,.T.);
#2820 = B_SPLINE_CURVE_WITH_KNOTS('',1,(#2821,#2822),.UNSPECIFIED.,.F.,
  .F.,(2,2),(0.,9.999999999999E-04),.PIECEWISE_BEZIER_KNOTS.);
#2821 = CARTESIAN_POINT('',(13.6,-21.6,2.999));
#2822 = CARTESIAN_POINT('',(13.6,-21.6,3.));
#2823 = ORIENTED_EDGE('',*,*,#1701,.F.);
#2824 = B_SPLINE_SURFACE_WITH_KNOTS('',1,1,(
    (#2825,#2826)
    ,(#2827,#2828
    )),.UNSPECIFIED.,.F.,.F.,.F.,(2,2),(2,2),(0.,9.999999999999E-04),(0.
    ,8.),.PIECEWISE_BEZIER_KNOTS.);
#2825 = CARTESIAN_POINT('',(13.6,-21.6,2.999));
#2826 = CARTESIAN_POINT('',(21.6,-21.6,2.999));
#2827 = CARTESIAN_POINT('',(13.6,-21.6,3.));
#2828 = CARTESIAN_POINT('',(21.6,-21.6,3.));
#2829 = ADVANCED_FACE('',(#2830),#2846,.F.);
#2830 = FACE_BOUND('',#2831,.F.);
#2831 = EDGE_LOOP('',(#2832,#2833,#2840,#2845));
#2832 = ORIENTED_EDGE('',*,*,#2805,.F.);
#2833 = ORIENTED_EDGE('',*,*,#2834,.T.);
#2834 = EDGE_CURVE('',#2806,#2835,#2837,.T.);
#2835 = VERTEX_POINT('',#2836);
#2836 = CARTESIAN_POINT('',(21.6,-13.6,2.999));
#2837 = B_SPLINE_CURVE_WITH_KNOTS('',1,(#2838,#2839),.UNSPECIFIED.,.F.,
  .F.,(2,2),(0.,8.),.PIECEWISE_BEZIER_KNOTS.);
#2838 = CARTESIAN_POINT('',(21.6,-21.6,2.999));
#2839 = CARTESIAN_POINT('',(21.6,-13.6,2.999));
#2840 = ORIENTED_EDGE('',*,*,#2841,.T.);
#2841 = EDGE_CURVE('',#2835,#1718,#2842,.T.);
#2842 = B_SPLINE_CURVE_WITH_KNOTS('',1,(#2843,#2844),.UNSPECIFIED.,.F.,
  .F.,(2,2),(0.,9.999999999999E-04),.PIECEWISE_BEZIER_KNOTS.);
#2843 = CARTESIAN_POINT('',(21.6,-13.6,2.999));
#2844 = CARTESIAN_POINT('',(21.6,-13.6,3.));
#2845 = ORIENTED_EDGE('',*,*,#1724,.F.);
#2846 = B_SPLINE_SURFACE_WITH_KNOTS('',1,1,(
    (#2847,#2848)
    ,(#2849,#2850
    )),.UNSPECIFIED.,.F.,.F.,.F.,(2,2),(2,2),(0.,9.999999999999E-04),(
    -8.,0.),.PIECEWISE_BEZIER_KNOTS.);
#2847 = CARTESIAN_POINT('',(21.6,-13.6,2.999));
#2848 = CARTESIAN_POINT('',(21.6,-21.6,2.999));
#2849 = CARTESIAN_POINT('',(21.6,-13.6,3.));
#2850 = CARTESIAN_POINT('',(21.6,-21.6,3.));
#2851 = ADVANCED_FACE('',(#2852),#2868,.F.);
#2852 = FACE_BOUND('',#2853,.F.);
#2853 = EDGE_LOOP('',(#2854,#2855,#2862,#2867));
#2854 = ORIENTED_EDGE('',*,*,#2841,.F.);
#2855 = ORIENTED_EDGE('',*,*,#2856,.F.);
#2856 = EDGE_CURVE('',#2857,#2835,#2859,.T.);
#2857 = VERTEX_POINT('',#2858);
#2858 = CARTESIAN_POINT('',(13.6,-13.6,2.999));
#2859 = B_SPLINE_CURVE_WITH_KNOTS('',1,(#2860,#2861),.UNSPECIFIED.,.F.,
  .F.,(2,2),(0.,8.),.PIECEWISE_BEZIER_KNOTS.);
#2860 = CARTESIAN_POINT('',(13.6,-13.6,2.999));
#2861 = CARTESIAN_POINT('',(21.6,-13.6,2.999));
#2862 = ORIENTED_EDGE('',*,*,#2863,.T.);
#2863 = EDGE_CURVE('',#2857,#1711,#2864,.T.);
#2864 = B_SPLINE_CURVE_WITH_KNOTS('',1,(#2865,#2866),.UNSPECIFIED.,.F.,
  .F.,(2,2),(0.,9.999999999999E-04),.PIECEWISE_BEZIER_KNOTS.);
#2865 = CARTESIAN_POINT('',(13.6,-13.6,2.999));
#2866 = CARTESIAN_POINT('',(13.6,-13.6,3.));
#2867 = ORIENTED_EDGE('',*,*,#1717,.F.);
#2868 = B_SPLINE_SURFACE_WITH_KNOTS('',1,1,(
    (#2869,#2870)
    ,(#2871,#2872
    )),.UNSPECIFIED.,.F.,.F.,.F.,(2,2),(2,2),(0.,9.999999999999E-04),(0.
    ,8.),.PIECEWISE_BEZIER_KNOTS.);
#2869 = CARTESIAN_POINT('',(13.6,-13.6,2.999));
#2870 = CARTESIAN_POINT('',(21.6,-13.6,2.999));
#2871 = CARTESIAN_POINT('',(13.6,-13.6,3.));
#2872 = CARTESIAN_POINT('',(21.6,-13.6,3.));
#2873 = ADVANCED_FACE('',(#2874),#2884,.T.);
#2874 = FACE_BOUND('',#2875,.T.);
#2875 = EDGE_LOOP('',(#2876,#2877,#2882,#2883));
#2876 = ORIENTED_EDGE('',*,*,#2819,.F.);
#2877 = ORIENTED_EDGE('',*,*,#2878,.T.);
#2878 = EDGE_CURVE('',#2813,#2857,#2879,.T.);
#2879 = B_SPLINE_CURVE_WITH_KNOTS('',1,(#2880,#2881),.UNSPECIFIED.,.F.,
  .F.,(2,2),(0.,8.),.PIECEWISE_BEZIER_KNOTS.);
#2880 = CARTESIAN_POINT('',(13.6,-21.6,2.999));
#2881 = CARTESIAN_POINT('',(13.6,-13.6,2.999));
#2882 = ORIENTED_EDGE('',*,*,#2863,.T.);
#2883 = ORIENTED_EDGE('',*,*,#1710,.F.);
#2884 = B_SPLINE_SURFACE_WITH_KNOTS('',1,1,(
    (#2885,#2886)
    ,(#2887,#2888
    )),.UNSPECIFIED.,.F.,.F.,.F.,(2,2),(2,2),(0.,9.999999999999E-04),(
    -8.,0.),.PIECEWISE_BEZIER_KNOTS.);
#2885 = CARTESIAN_POINT('',(13.6,-13.6,2.999));
#2886 = CARTESIAN_POINT('',(13.6,-21.6,2.999));
#2887 = CARTESIAN_POINT('',(13.6,-13.6,3.));
#2888 = CARTESIAN_POINT('',(13.6,-21.6,3.));
#2889 = ADVANCED_FACE('',(#2890),#2912,.T.);
#2890 = FACE_BOUND('',#2891,.T.);
#2891 = EDGE_LOOP('',(#2892,#2899,#2906,#2911));
#2892 = ORIENTED_EDGE('',*,*,#2893,.F.);
#2893 = EDGE_CURVE('',#2894,#1732,#2896,.T.);
#2894 = VERTEX_POINT('',#2895);
#2895 = CARTESIAN_POINT('',(4.,-12.8,2.999));
#2896 = B_SPLINE_CURVE_WITH_KNOTS('',1,(#2897,#2898),.UNSPECIFIED.,.F.,
  .F.,(2,2),(0.,9.999999999999E-04),.PIECEWISE_BEZIER_KNOTS.);
#2897 = CARTESIAN_POINT('',(4.,-12.8,2.999));
#2898 = CARTESIAN_POINT('',(4.,-12.8,3.));
#2899 = ORIENTED_EDGE('',*,*,#2900,.F.);
#2900 = EDGE_CURVE('',#2901,#2894,#2903,.T.);
#2901 = VERTEX_POINT('',#2902);
#2902 = CARTESIAN_POINT('',(-4.,-12.8,2.999));
#2903 = B_SPLINE_CURVE_WITH_KNOTS('',1,(#2904,#2905),.UNSPECIFIED.,.F.,
  .F.,(2,2),(0.,8.),.PIECEWISE_BEZIER_KNOTS.);
#2904 = CARTESIAN_POINT('',(-4.,-12.8,2.999));
#2905 = CARTESIAN_POINT('',(4.,-12.8,2.999));
#2906 = ORIENTED_EDGE('',*,*,#2907,.T.);
#2907 = EDGE_CURVE('',#2901,#1734,#2908,.T.);
#2908 = B_SPLINE_CURVE_WITH_KNOTS('',1,(#2909,#2910),.UNSPECIFIED.,.F.,
  .F.,(2,2),(0.,9.999999999999E-04),.PIECEWISE_BEZIER_KNOTS.);
#2909 = CARTESIAN_POINT('',(-4.,-12.8,2.999));
#2910 = CARTESIAN_POINT('',(-4.,-12.8,3.));
#2911 = ORIENTED_EDGE('',*,*,#1731,.F.);
#2912 = B_SPLINE_SURFACE_WITH_KNOTS('',1,1,(
    (#2913,#2914)
    ,(#2915,#2916
    )),.UNSPECIFIED.,.F.,.F.,.F.,(2,2),(2,2),(0.,9.999999999999E-04),(0.
    ,8.),.PIECEWISE_BEZIER_KNOTS.);
#2913 = CARTESIAN_POINT('',(-4.,-12.8,2.999));
#2914 = CARTESIAN_POINT('',(4.,-12.8,2.999));
#2915 = CARTESIAN_POINT('',(-4.,-12.8,3.));
#2916 = CARTESIAN_POINT('',(4.,-12.8,3.));
#2917 = ADVANCED_FACE('',(#2918),#2934,.F.);
#2918 = FACE_BOUND('',#2919,.F.);
#2919 = EDGE_LOOP('',(#2920,#2921,#2928,#2933));
#2920 = ORIENTED_EDGE('',*,*,#2893,.F.);
#2921 = ORIENTED_EDGE('',*,*,#2922,.T.);
#2922 = EDGE_CURVE('',#2894,#2923,#2925,.T.);
#2923 = VERTEX_POINT('',#2924);
#2924 = CARTESIAN_POINT('',(4.,-4.8,2.999));
#2925 = B_SPLINE_CURVE_WITH_KNOTS('',1,(#2926,#2927),.UNSPECIFIED.,.F.,
  .F.,(2,2),(0.,8.),.PIECEWISE_BEZIER_KNOTS.);
#2926 = CARTESIAN_POINT('',(4.,-12.8,2.999));
#2927 = CARTESIAN_POINT('',(4.,-4.8,2.999));
#2928 = ORIENTED_EDGE('',*,*,#2929,.T.);
#2929 = EDGE_CURVE('',#2923,#1748,#2930,.T.);
#2930 = B_SPLINE_CURVE_WITH_KNOTS('',1,(#2931,#2932),.UNSPECIFIED.,.F.,
  .F.,(2,2),(0.,9.999999999999E-04),.PIECEWISE_BEZIER_KNOTS.);
#2931 = CARTESIAN_POINT('',(4.,-4.8,2.999));
#2932 = CARTESIAN_POINT('',(4.,-4.8,3.));
#2933 = ORIENTED_EDGE('',*,*,#1754,.F.);
#2934 = B_SPLINE_SURFACE_WITH_KNOTS('',1,1,(
    (#2935,#2936)
    ,(#2937,#2938
    )),.UNSPECIFIED.,.F.,.F.,.F.,(2,2),(2,2),(0.,9.999999999999E-04),(
    -8.,0.),.PIECEWISE_BEZIER_KNOTS.);
#2935 = CARTESIAN_POINT('',(4.,-4.8,2.999));
#2936 = CARTESIAN_POINT('',(4.,-12.8,2.999));
#2937 = CARTESIAN_POINT('',(4.,-4.8,3.));
#2938 = CARTESIAN_POINT('',(4.,-12.8,3.));
#2939 = ADVANCED_FACE('',(#2940),#2956,.F.);
#2940 = FACE_BOUND('',#2941,.F.);
#2941 = EDGE_LOOP('',(#2942,#2943,#2950,#2955));
#2942 = ORIENTED_EDGE('',*,*,#2929,.F.);
#2943 = ORIENTED_EDGE('',*,*,#2944,.F.);
#2944 = EDGE_CURVE('',#2945,#2923,#2947,.T.);
#2945 = VERTEX_POINT('',#2946);
#2946 = CARTESIAN_POINT('',(-4.,-4.8,2.999));
#2947 = B_SPLINE_CURVE_WITH_KNOTS('',1,(#2948,#2949),.UNSPECIFIED.,.F.,
  .F.,(2,2),(0.,8.),.PIECEWISE_BEZIER_KNOTS.);
#2948 = CARTESIAN_POINT('',(-4.,-4.8,2.999));
#2949 = CARTESIAN_POINT('',(4.,-4.8,2.999));
#2950 = ORIENTED_EDGE('',*,*,#2951,.T.);
#2951 = EDGE_CURVE('',#2945,#1741,#2952,.T.);
#2952 = B_SPLINE_CURVE_WITH_KNOTS('',1,(#2953,#2954),.UNSPECIFIED.,.F.,
  .F.,(2,2),(0.,9.999999999999E-04),.PIECEWISE_BEZIER_KNOTS.);
#2953 = CARTESIAN_POINT('',(-4.,-4.8,2.999));
#2954 = CARTESIAN_POINT('',(-4.,-4.8,3.));
#2955 = ORIENTED_EDGE('',*,*,#1747,.F.);
#2956 = B_SPLINE_SURFACE_WITH_KNOTS('',1,1,(
    (#2957,#2958)
    ,(#2959,#2960
    )),.UNSPECIFIED.,.F.,.F.,.F.,(2,2),(2,2),(0.,9.999999999999E-04),(0.
    ,8.),.PIECEWISE_BEZIER_KNOTS.);
#2957 = CARTESIAN_POINT('',(-4.,-4.8,2.999));
#2958 = CARTESIAN_POINT('',(4.,-4.8,2.999));
#2959 = CARTESIAN_POINT('',(-4.,-4.8,3.));
#2960 = CARTESIAN_POINT('',(4.,-4.8,3.));
#2961 = ADVANCED_FACE('',(#2962),#2972,.T.);
#2962 = FACE_BOUND('',#2963,.T.);
#2963 = EDGE_LOOP('',(#2964,#2965,#2970,#2971));
#2964 = ORIENTED_EDGE('',*,*,#2907,.F.);
#2965 = ORIENTED_EDGE('',*,*,#2966,.T.);
#2966 = EDGE_CURVE('',#2901,#2945,#2967,.T.);
#2967 = B_SPLINE_CURVE_WITH_KNOTS('',1,(#2968,#2969),.UNSPECIFIED.,.F.,
  .F.,(2,2),(0.,8.),.PIECEWISE_BEZIER_KNOTS.);
#2968 = CARTESIAN_POINT('',(-4.,-12.8,2.999));
#2969 = CARTESIAN_POINT('',(-4.,-4.8,2.999));
#2970 = ORIENTED_EDGE('',*,*,#2951,.T.);
#2971 = ORIENTED_EDGE('',*,*,#1740,.F.);
#2972 = B_SPLINE_SURFACE_WITH_KNOTS('',1,1,(
    (#2973,#2974)
    ,(#2975,#2976
    )),.UNSPECIFIED.,.F.,.F.,.F.,(2,2),(2,2),(0.,9.999999999999E-04),(
    -8.,0.),.PIECEWISE_BEZIER_KNOTS.);
#2973 = CARTESIAN_POINT('',(-4.,-4.8,2.999));
#2974 = CARTESIAN_POINT('',(-4.,-12.8,2.999));
#2975 = CARTESIAN_POINT('',(-4.,-4.8,3.));
#2976 = CARTESIAN_POINT('',(-4.,-12.8,3.));
#2977 = ADVANCED_FACE('',(#2978),#3000,.T.);
#2978 = FACE_BOUND('',#2979,.T.);
#2979 = EDGE_LOOP('',(#2980,#2987,#2994,#2999));
#2980 = ORIENTED_EDGE('',*,*,#2981,.F.);
#2981 = EDGE_CURVE('',#2982,#1762,#2984,.T.);
#2982 = VERTEX_POINT('',#2983);
#2983 = CARTESIAN_POINT('',(12.8,-12.8,2.999));
#2984 = B_SPLINE_CURVE_WITH_KNOTS('',1,(#2985,#2986),.UNSPECIFIED.,.F.,
  .F.,(2,2),(0.,9.999999999999E-04),.PIECEWISE_BEZIER_KNOTS.);
#2985 = CARTESIAN_POINT('',(12.8,-12.8,2.999));
#2986 = CARTESIAN_POINT('',(12.8,-12.8,3.));
#2987 = ORIENTED_EDGE('',*,*,#2988,.F.);
#2988 = EDGE_CURVE('',#2989,#2982,#2991,.T.);
#2989 = VERTEX_POINT('',#2990);
#2990 = CARTESIAN_POINT('',(4.8,-12.8,2.999));
#2991 = B_SPLINE_CURVE_WITH_KNOTS('',1,(#2992,#2993),.UNSPECIFIED.,.F.,
  .F.,(2,2),(0.,8.),.PIECEWISE_BEZIER_KNOTS.);
#2992 = CARTESIAN_POINT('',(4.8,-12.8,2.999));
#2993 = CARTESIAN_POINT('',(12.8,-12.8,2.999));
#2994 = ORIENTED_EDGE('',*,*,#2995,.T.);
#2995 = EDGE_CURVE('',#2989,#1764,#2996,.T.);
#2996 = B_SPLINE_CURVE_WITH_KNOTS('',1,(#2997,#2998),.UNSPECIFIED.,.F.,
  .F.,(2,2),(0.,9.999999999999E-04),.PIECEWISE_BEZIER_KNOTS.);
#2997 = CARTESIAN_POINT('',(4.8,-12.8,2.999));
#2998 = CARTESIAN_POINT('',(4.8,-12.8,3.));
#2999 = ORIENTED_EDGE('',*,*,#1761,.F.);
#3000 = B_SPLINE_SURFACE_WITH_KNOTS('',1,1,(
    (#3001,#3002)
    ,(#3003,#3004
    )),.UNSPECIFIED.,.F.,.F.,.F.,(2,2),(2,2),(0.,9.999999999999E-04),(0.
    ,8.),.PIECEWISE_BEZIER_KNOTS.);
#3001 = CARTESIAN_POINT('',(4.8,-12.8,2.999));
#3002 = CARTESIAN_POINT('',(12.8,-12.8,2.999));
#3003 = CARTESIAN_POINT('',(4.8,-12.8,3.));
#3004 = CARTESIAN_POINT('',(12.8,-12.8,3.));
#3005 = ADVANCED_FACE('',(#3006),#3022,.F.);
#3006 = FACE_BOUND('',#3007,.F.);
#3007 = EDGE_LOOP('',(#3008,#3009,#3016,#3021));
#3008 = ORIENTED_EDGE('',*,*,#2981,.F.);
#3009 = ORIENTED_EDGE('',*,*,#3010,.T.);
#3010 = EDGE_CURVE('',#2982,#3011,#3013,.T.);
#3011 = VERTEX_POINT('',#3012);
#3012 = CARTESIAN_POINT('',(12.8,-4.8,2.999));
#3013 = B_SPLINE_CURVE_WITH_KNOTS('',1,(#3014,#3015),.UNSPECIFIED.,.F.,
  .F.,(2,2),(0.,8.),.PIECEWISE_BEZIER_KNOTS.);
#3014 = CARTESIAN_POINT('',(12.8,-12.8,2.999));
#3015 = CARTESIAN_POINT('',(12.8,-4.8,2.999));
#3016 = ORIENTED_EDGE('',*,*,#3017,.T.);
#3017 = EDGE_CURVE('',#3011,#1778,#3018,.T.);
#3018 = B_SPLINE_CURVE_WITH_KNOTS('',1,(#3019,#3020),.UNSPECIFIED.,.F.,
  .F.,(2,2),(0.,9.999999999999E-04),.PIECEWISE_BEZIER_KNOTS.);
#3019 = CARTESIAN_POINT('',(12.8,-4.8,2.999));
#3020 = CARTESIAN_POINT('',(12.8,-4.8,3.));
#3021 = ORIENTED_EDGE('',*,*,#1784,.F.);
#3022 = B_SPLINE_SURFACE_WITH_KNOTS('',1,1,(
    (#3023,#3024)
    ,(#3025,#3026
    )),.UNSPECIFIED.,.F.,.F.,.F.,(2,2),(2,2),(0.,9.999999999999E-04),(
    -8.,0.),.PIECEWISE_BEZIER_KNOTS.);
#3023 = CARTESIAN_POINT('',(12.8,-4.8,2.999));
#3024 = CARTESIAN_POINT('',(12.8,-12.8,2.999));
#3025 = CARTESIAN_POINT('',(12.8,-4.8,3.));
#3026 = CARTESIAN_POINT('',(12.8,-12.8,3.));
#3027 = ADVANCED_FACE('',(#3028),#3044,.F.);
#3028 = FACE_BOUND('',#3029,.F.);
#3029 = EDGE_LOOP('',(#3030,#3031,#3038,#3043));
#3030 = ORIENTED_EDGE('',*,*,#3017,.F.);
#3031 = ORIENTED_EDGE('',*,*,#3032,.F.);
#3032 = EDGE_CURVE('',#3033,#3011,#3035,.T.);
#3033 = VERTEX_POINT('',#3034);
#3034 = CARTESIAN_POINT('',(4.8,-4.8,2.999));
#3035 = B_SPLINE_CURVE_WITH_KNOTS('',1,(#3036,#3037),.UNSPECIFIED.,.F.,
  .F.,(2,2),(0.,8.),.PIECEWISE_BEZIER_KNOTS.);
#3036 = CARTESIAN_POINT('',(4.8,-4.8,2.999));
#3037 = CARTESIAN_POINT('',(12.8,-4.8,2.999));
#3038 = ORIENTED_EDGE('',*,*,#3039,.T.);
#3039 = EDGE_CURVE('',#3033,#1771,#3040,.T.);
#3040 = B_SPLINE_CURVE_WITH_KNOTS('',1,(#3041,#3042),.UNSPECIFIED.,.F.,
  .F.,(2,2),(0.,9.999999999999E-04),.PIECEWISE_BEZIER_KNOTS.);
#3041 = CARTESIAN_POINT('',(4.8,-4.8,2.999));
#3042 = CARTESIAN_POINT('',(4.8,-4.8,3.));
#3043 = ORIENTED_EDGE('',*,*,#1777,.F.);
#3044 = B_SPLINE_SURFACE_WITH_KNOTS('',1,1,(
    (#3045,#3046)
    ,(#3047,#3048
    )),.UNSPECIFIED.,.F.,.F.,.F.,(2,2),(2,2),(0.,9.999999999999E-04),(0.
    ,8.),.PIECEWISE_BEZIER_KNOTS.);
#3045 = CARTESIAN_POINT('',(4.8,-4.8,2.999));
#3046 = CARTESIAN_POINT('',(12.8,-4.8,2.999));
#3047 = CARTESIAN_POINT('',(4.8,-4.8,3.));
#3048 = CARTESIAN_POINT('',(12.8,-4.8,3.));
#3049 = ADVANCED_FACE('',(#3050),#3060,.T.);
#3050 = FACE_BOUND('',#3051,.T.);
#3051 = EDGE_LOOP('',(#3052,#3053,#3058,#3059));
#3052 = ORIENTED_EDGE('',*,*,#2995,.F.);
#3053 = ORIENTED_EDGE('',*,*,#3054,.T.);
#3054 = EDGE_CURVE('',#2989,#3033,#3055,.T.);
#3055 = B_SPLINE_CURVE_WITH_KNOTS('',1,(#3056,#3057),.UNSPECIFIED.,.F.,
  .F.,(2,2),(0.,8.),.PIECEWISE_BEZIER_KNOTS.);
#3056 = CARTESIAN_POINT('',(4.8,-12.8,2.999));
#3057 = CARTESIAN_POINT('',(4.8,-4.8,2.999));
#3058 = ORIENTED_EDGE('',*,*,#3039,.T.);
#3059 = ORIENTED_EDGE('',*,*,#1770,.F.);
#3060 = B_SPLINE_SURFACE_WITH_KNOTS('',1,1,(
    (#3061,#3062)
    ,(#3063,#3064
    )),.UNSPECIFIED.,.F.,.F.,.F.,(2,2),(2,2),(0.,9.999999999999E-04),(
    -8.,0.),.PIECEWISE_BEZIER_KNOTS.);
#3061 = CARTESIAN_POINT('',(4.8,-4.8,2.999));
#3062 = CARTESIAN_POINT('',(4.8,-12.8,2.999));
#3063 = CARTESIAN_POINT('',(4.8,-4.8,3.));
#3064 = CARTESIAN_POINT('',(4.8,-12.8,3.));
#3065 = ADVANCED_FACE('',(#3066),#3088,.T.);
#3066 = FACE_BOUND('',#3067,.T.);
#3067 = EDGE_LOOP('',(#3068,#3075,#3082,#3087));
#3068 = ORIENTED_EDGE('',*,*,#3069,.F.);
#3069 = EDGE_CURVE('',#3070,#1792,#3072,.T.);
#3070 = VERTEX_POINT('',#3071);
#3071 = CARTESIAN_POINT('',(21.6,-12.8,2.999));
#3072 = B_SPLINE_CURVE_WITH_KNOTS('',1,(#3073,#3074),.UNSPECIFIED.,.F.,
  .F.,(2,2),(0.,9.999999999999E-04),.PIECEWISE_BEZIER_KNOTS.);
#3073 = CARTESIAN_POINT('',(21.6,-12.8,2.999));
#3074 = CARTESIAN_POINT('',(21.6,-12.8,3.));
#3075 = ORIENTED_EDGE('',*,*,#3076,.F.);
#3076 = EDGE_CURVE('',#3077,#3070,#3079,.T.);
#3077 = VERTEX_POINT('',#3078);
#3078 = CARTESIAN_POINT('',(13.6,-12.8,2.999));
#3079 = B_SPLINE_CURVE_WITH_KNOTS('',1,(#3080,#3081),.UNSPECIFIED.,.F.,
  .F.,(2,2),(0.,8.),.PIECEWISE_BEZIER_KNOTS.);
#3080 = CARTESIAN_POINT('',(13.6,-12.8,2.999));
#3081 = CARTESIAN_POINT('',(21.6,-12.8,2.999));
#3082 = ORIENTED_EDGE('',*,*,#3083,.T.);
#3083 = EDGE_CURVE('',#3077,#1794,#3084,.T.);
#3084 = B_SPLINE_CURVE_WITH_KNOTS('',1,(#3085,#3086),.UNSPECIFIED.,.F.,
  .F.,(2,2),(0.,9.999999999999E-04),.PIECEWISE_BEZIER_KNOTS.);
#3085 = CARTESIAN_POINT('',(13.6,-12.8,2.999));
#3086 = CARTESIAN_POINT('',(13.6,-12.8,3.));
#3087 = ORIENTED_EDGE('',*,*,#1791,.F.);
#3088 = B_SPLINE_SURFACE_WITH_KNOTS('',1,1,(
    (#3089,#3090)
    ,(#3091,#3092
    )),.UNSPECIFIED.,.F.,.F.,.F.,(2,2),(2,2),(0.,9.999999999999E-04),(0.
    ,8.),.PIECEWISE_BEZIER_KNOTS.);
#3089 = CARTESIAN_POINT('',(13.6,-12.8,2.999));
#3090 = CARTESIAN_POINT('',(21.6,-12.8,2.999));
#3091 = CARTESIAN_POINT('',(13.6,-12.8,3.));
#3092 = CARTESIAN_POINT('',(21.6,-12.8,3.));
#3093 = ADVANCED_FACE('',(#3094),#3110,.F.);
#3094 = FACE_BOUND('',#3095,.F.);
#3095 = EDGE_LOOP('',(#3096,#3097,#3104,#3109));
#3096 = ORIENTED_EDGE('',*,*,#3069,.F.);
#3097 = ORIENTED_EDGE('',*,*,#3098,.T.);
#3098 = EDGE_CURVE('',#3070,#3099,#3101,.T.);
#3099 = VERTEX_POINT('',#3100);
#3100 = CARTESIAN_POINT('',(21.6,-4.8,2.999));
#3101 = B_SPLINE_CURVE_WITH_KNOTS('',1,(#3102,#3103),.UNSPECIFIED.,.F.,
  .F.,(2,2),(0.,8.),.PIECEWISE_BEZIER_KNOTS.);
#3102 = CARTESIAN_POINT('',(21.6,-12.8,2.999));
#3103 = CARTESIAN_POINT('',(21.6,-4.8,2.999));
#3104 = ORIENTED_EDGE('',*,*,#3105,.T.);
#3105 = EDGE_CURVE('',#3099,#1808,#3106,.T.);
#3106 = B_SPLINE_CURVE_WITH_KNOTS('',1,(#3107,#3108),.UNSPECIFIED.,.F.,
  .F.,(2,2),(0.,9.999999999999E-04),.PIECEWISE_BEZIER_KNOTS.);
#3107 = CARTESIAN_POINT('',(21.6,-4.8,2.999));
#3108 = CARTESIAN_POINT('',(21.6,-4.8,3.));
#3109 = ORIENTED_EDGE('',*,*,#1814,.F.);
#3110 = B_SPLINE_SURFACE_WITH_KNOTS('',1,1,(
    (#3111,#3112)
    ,(#3113,#3114
    )),.UNSPECIFIED.,.F.,.F.,.F.,(2,2),(2,2),(0.,9.999999999999E-04),(
    -8.,0.),.PIECEWISE_BEZIER_KNOTS.);
#3111 = CARTESIAN_POINT('',(21.6,-4.8,2.999));
#3112 = CARTESIAN_POINT('',(21.6,-12.8,2.999));
#3113 = CARTESIAN_POINT('',(21.6,-4.8,3.));
#3114 = CARTESIAN_POINT('',(21.6,-12.8,3.));
#3115 = ADVANCED_FACE('',(#3116),#3132,.F.);
#3116 = FACE_BOUND('',#3117,.F.);
#3117 = EDGE_LOOP('',(#3118,#3119,#3126,#3131));
#3118 = ORIENTED_EDGE('',*,*,#3105,.F.);
#3119 = ORIENTED_EDGE('',*,*,#3120,.F.);
#3120 = EDGE_CURVE('',#3121,#3099,#3123,.T.);
#3121 = VERTEX_POINT('',#3122);
#3122 = CARTESIAN_POINT('',(13.6,-4.8,2.999));
#3123 = B_SPLINE_CURVE_WITH_KNOTS('',1,(#3124,#3125),.UNSPECIFIED.,.F.,
  .F.,(2,2),(0.,8.),.PIECEWISE_BEZIER_KNOTS.);
#3124 = CARTESIAN_POINT('',(13.6,-4.8,2.999));
#3125 = CARTESIAN_POINT('',(21.6,-4.8,2.999));
#3126 = ORIENTED_EDGE('',*,*,#3127,.T.);
#3127 = EDGE_CURVE('',#3121,#1801,#3128,.T.);
#3128 = B_SPLINE_CURVE_WITH_KNOTS('',1,(#3129,#3130),.UNSPECIFIED.,.F.,
  .F.,(2,2),(0.,9.999999999999E-04),.PIECEWISE_BEZIER_KNOTS.);
#3129 = CARTESIAN_POINT('',(13.6,-4.8,2.999));
#3130 = CARTESIAN_POINT('',(13.6,-4.8,3.));
#3131 = ORIENTED_EDGE('',*,*,#1807,.F.);
#3132 = B_SPLINE_SURFACE_WITH_KNOTS('',1,1,(
    (#3133,#3134)
    ,(#3135,#3136
    )),.UNSPECIFIED.,.F.,.F.,.F.,(2,2),(2,2),(0.,9.999999999999E-04),(0.
    ,8.),.PIECEWISE_BEZIER_KNOTS.);
#3133 = CARTESIAN_POINT('',(13.6,-4.8,2.999));
#3134 = CARTESIAN_POINT('',(21.6,-4.8,2.999));
#3135 = CARTESIAN_POINT('',(13.6,-4.8,3.));
#3136 = CARTESIAN_POINT('',(21.6,-4.8,3.));
#3137 = ADVANCED_FACE('',(#3138),#3148,.T.);
#3138 = FACE_BOUND('',#3139,.T.);
#3139 = EDGE_LOOP('',(#3140,#3141,#3146,#3147));
#3140 = ORIENTED_EDGE('',*,*,#3083,.F.);
#3141 = ORIENTED_EDGE('',*,*,#3142,.T.);
#3142 = EDGE_CURVE('',#3077,#3121,#3143,.T.);
#3143 = B_SPLINE_CURVE_WITH_KNOTS('',1,(#3144,#3145),.UNSPECIFIED.,.F.,
  .F.,(2,2),(0.,8.),.PIECEWISE_BEZIER_KNOTS.);
#3144 = CARTESIAN_POINT('',(13.6,-12.8,2.999));
#3145 = CARTESIAN_POINT('',(13.6,-4.8,2.999));
#3146 = ORIENTED_EDGE('',*,*,#3127,.T.);
#3147 = ORIENTED_EDGE('',*,*,#1800,.F.);
#3148 = B_SPLINE_SURFACE_WITH_KNOTS('',1,1,(
    (#3149,#3150)
    ,(#3151,#3152
    )),.UNSPECIFIED.,.F.,.F.,.F.,(2,2),(2,2),(0.,9.999999999999E-04),(
    -8.,0.),.PIECEWISE_BEZIER_KNOTS.);
#3149 = CARTESIAN_POINT('',(13.6,-4.8,2.999));
#3150 = CARTESIAN_POINT('',(13.6,-12.8,2.999));
#3151 = CARTESIAN_POINT('',(13.6,-4.8,3.));
#3152 = CARTESIAN_POINT('',(13.6,-12.8,3.));
#3153 = ADVANCED_FACE('',(#3154),#3176,.T.);
#3154 = FACE_BOUND('',#3155,.T.);
#3155 = EDGE_LOOP('',(#3156,#3163,#3170,#3175));
#3156 = ORIENTED_EDGE('',*,*,#3157,.F.);
#3157 = EDGE_CURVE('',#3158,#1822,#3160,.T.);
#3158 = VERTEX_POINT('',#3159);
#3159 = CARTESIAN_POINT('',(-13.6,-4.,2.999));
#3160 = B_SPLINE_CURVE_WITH_KNOTS('',1,(#3161,#3162),.UNSPECIFIED.,.F.,
  .F.,(2,2),(0.,9.999999999999E-04),.PIECEWISE_BEZIER_KNOTS.);
#3161 = CARTESIAN_POINT('',(-13.6,-4.,2.999));
#3162 = CARTESIAN_POINT('',(-13.6,-4.,3.));
#3163 = ORIENTED_EDGE('',*,*,#3164,.F.);
#3164 = EDGE_CURVE('',#3165,#3158,#3167,.T.);
#3165 = VERTEX_POINT('',#3166);
#3166 = CARTESIAN_POINT('',(-21.6,-4.,2.999));
#3167 = B_SPLINE_CURVE_WITH_KNOTS('',1,(#3168,#3169),.UNSPECIFIED.,.F.,
  .F.,(2,2),(0.,8.),.PIECEWISE_BEZIER_KNOTS.);
#3168 = CARTESIAN_POINT('',(-21.6,-4.,2.999));
#3169 = CARTESIAN_POINT('',(-13.6,-4.,2.999));
#3170 = ORIENTED_EDGE('',*,*,#3171,.T.);
#3171 = EDGE_CURVE('',#3165,#1824,#3172,.T.);
#3172 = B_SPLINE_CURVE_WITH_KNOTS('',1,(#3173,#3174),.UNSPECIFIED.,.F.,
  .F.,(2,2),(0.,9.999999999999E-04),.PIECEWISE_BEZIER_KNOTS.);
#3173 = CARTESIAN_POINT('',(-21.6,-4.,2.999));
#3174 = CARTESIAN_POINT('',(-21.6,-4.,3.));
#3175 = ORIENTED_EDGE('',*,*,#1821,.F.);
#3176 = B_SPLINE_SURFACE_WITH_KNOTS('',1,1,(
    (#3177,#3178)
    ,(#3179,#3180
    )),.UNSPECIFIED.,.F.,.F.,.F.,(2,2),(2,2),(0.,9.999999999999E-04),(0.
    ,8.),.PIECEWISE_BEZIER_KNOTS.);
#3177 = CARTESIAN_POINT('',(-21.6,-4.,2.999));
#3178 = CARTESIAN_POINT('',(-13.6,-4.,2.999));
#3179 = CARTESIAN_POINT('',(-21.6,-4.,3.));
#3180 = CARTESIAN_POINT('',(-13.6,-4.,3.));
#3181 = ADVANCED_FACE('',(#3182),#3198,.F.);
#3182 = FACE_BOUND('',#3183,.F.);
#3183 = EDGE_LOOP('',(#3184,#3185,#3192,#3197));
#3184 = ORIENTED_EDGE('',*,*,#3157,.F.);
#3185 = ORIENTED_EDGE('',*,*,#3186,.T.);
#3186 = EDGE_CURVE('',#3158,#3187,#3189,.T.);
#3187 = VERTEX_POINT('',#3188);
#3188 = CARTESIAN_POINT('',(-13.6,4.,2.999));
#3189 = B_SPLINE_CURVE_WITH_KNOTS('',1,(#3190,#3191),.UNSPECIFIED.,.F.,
  .F.,(2,2),(0.,8.),.PIECEWISE_BEZIER_KNOTS.);
#3190 = CARTESIAN_POINT('',(-13.6,-4.,2.999));
#3191 = CARTESIAN_POINT('',(-13.6,4.,2.999));
#3192 = ORIENTED_EDGE('',*,*,#3193,.T.);
#3193 = EDGE_CURVE('',#3187,#1838,#3194,.T.);
#3194 = B_SPLINE_CURVE_WITH_KNOTS('',1,(#3195,#3196),.UNSPECIFIED.,.F.,
  .F.,(2,2),(0.,9.999999999999E-04),.PIECEWISE_BEZIER_KNOTS.);
#3195 = CARTESIAN_POINT('',(-13.6,4.,2.999));
#3196 = CARTESIAN_POINT('',(-13.6,4.,3.));
#3197 = ORIENTED_EDGE('',*,*,#1844,.F.);
#3198 = B_SPLINE_SURFACE_WITH_KNOTS('',1,1,(
    (#3199,#3200)
    ,(#3201,#3202
    )),.UNSPECIFIED.,.F.,.F.,.F.,(2,2),(2,2),(0.,9.999999999999E-04),(
    -8.,0.),.PIECEWISE_BEZIER_KNOTS.);
#3199 = CARTESIAN_POINT('',(-13.6,4.,2.999));
#3200 = CARTESIAN_POINT('',(-13.6,-4.,2.999));
#3201 = CARTESIAN_POINT('',(-13.6,4.,3.));
#3202 = CARTESIAN_POINT('',(-13.6,-4.,3.));
#3203 = ADVANCED_FACE('',(#3204),#3220,.F.);
#3204 = FACE_BOUND('',#3205,.F.);
#3205 = EDGE_LOOP('',(#3206,#3207,#3214,#3219));
#3206 = ORIENTED_EDGE('',*,*,#3193,.F.);
#3207 = ORIENTED_EDGE('',*,*,#3208,.F.);
#3208 = EDGE_CURVE('',#3209,#3187,#3211,.T.);
#3209 = VERTEX_POINT('',#3210);
#3210 = CARTESIAN_POINT('',(-21.6,4.,2.999));
#3211 = B_SPLINE_CURVE_WITH_KNOTS('',1,(#3212,#3213),.UNSPECIFIED.,.F.,
  .F.,(2,2),(0.,8.),.PIECEWISE_BEZIER_KNOTS.);
#3212 = CARTESIAN_POINT('',(-21.6,4.,2.999));
#3213 = CARTESIAN_POINT('',(-13.6,4.,2.999));
#3214 = ORIENTED_EDGE('',*,*,#3215,.T.);
#3215 = EDGE_CURVE('',#3209,#1831,#3216,.T.);
#3216 = B_SPLINE_CURVE_WITH_KNOTS('',1,(#3217,#3218),.UNSPECIFIED.,.F.,
  .F.,(2,2),(0.,9.999999999999E-04),.PIECEWISE_BEZIER_KNOTS.);
#3217 = CARTESIAN_POINT('',(-21.6,4.,2.999));
#3218 = CARTESIAN_POINT('',(-21.6,4.,3.));
#3219 = ORIENTED_EDGE('',*,*,#1837,.F.);
#3220 = B_SPLINE_SURFACE_WITH_KNOTS('',1,1,(
    (#3221,#3222)
    ,(#3223,#3224
    )),.UNSPECIFIED.,.F.,.F.,.F.,(2,2),(2,2),(0.,9.999999999999E-04),(0.
    ,8.),.PIECEWISE_BEZIER_KNOTS.);
#3221 = CARTESIAN_POINT('',(-21.6,4.,2.999));
#3222 = CARTESIAN_POINT('',(-13.6,4.,2.999));
#3223 = CARTESIAN_POINT('',(-21.6,4.,3.));
#3224 = CARTESIAN_POINT('',(-13.6,4.,3.));
#3225 = ADVANCED_FACE('',(#3226),#3236,.T.);
#3226 = FACE_BOUND('',#3227,.T.);
#3227 = EDGE_LOOP('',(#3228,#3229,#3234,#3235));
#3228 = ORIENTED_EDGE('',*,*,#3171,.F.);
#3229 = ORIENTED_EDGE('',*,*,#3230,.T.);
#3230 = EDGE_CURVE('',#3165,#3209,#3231,.T.);
#3231 = B_SPLINE_CURVE_WITH_KNOTS('',1,(#3232,#3233),.UNSPECIFIED.,.F.,
  .F.,(2,2),(0.,8.),.PIECEWISE_BEZIER_KNOTS.);
#3232 = CARTESIAN_POINT('',(-21.6,-4.,2.999));
#3233 = CARTESIAN_POINT('',(-21.6,4.,2.999));
#3234 = ORIENTED_EDGE('',*,*,#3215,.T.);
#3235 = ORIENTED_EDGE('',*,*,#1830,.F.);
#3236 = B_SPLINE_SURFACE_WITH_KNOTS('',1,1,(
    (#3237,#3238)
    ,(#3239,#3240
    )),.UNSPECIFIED.,.F.,.F.,.F.,(2,2),(2,2),(0.,9.999999999999E-04),(
    -8.,0.),.PIECEWISE_BEZIER_KNOTS.);
#3237 = CARTESIAN_POINT('',(-21.6,4.,2.999));
#3238 = CARTESIAN_POINT('',(-21.6,-4.,2.999));
#3239 = CARTESIAN_POINT('',(-21.6,4.,3.));
#3240 = CARTESIAN_POINT('',(-21.6,-4.,3.));
#3241 = ADVANCED_FACE('',(#3242),#3264,.T.);
#3242 = FACE_BOUND('',#3243,.T.);
#3243 = EDGE_LOOP('',(#3244,#3251,#3258,#3263));
#3244 = ORIENTED_EDGE('',*,*,#3245,.F.);
#3245 = EDGE_CURVE('',#3246,#1852,#3248,.T.);
#3246 = VERTEX_POINT('',#3247);
#3247 = CARTESIAN_POINT('',(-13.6,4.8,2.999));
#3248 = B_SPLINE_CURVE_WITH_KNOTS('',1,(#3249,#3250),.UNSPECIFIED.,.F.,
  .F.,(2,2),(0.,9.999999999999E-04),.PIECEWISE_BEZIER_KNOTS.);
#3249 = CARTESIAN_POINT('',(-13.6,4.8,2.999));
#3250 = CARTESIAN_POINT('',(-13.6,4.8,3.));
#3251 = ORIENTED_EDGE('',*,*,#3252,.F.);
#3252 = EDGE_CURVE('',#3253,#3246,#3255,.T.);
#3253 = VERTEX_POINT('',#3254);
#3254 = CARTESIAN_POINT('',(-21.6,4.8,2.999));
#3255 = B_SPLINE_CURVE_WITH_KNOTS('',1,(#3256,#3257),.UNSPECIFIED.,.F.,
  .F.,(2,2),(0.,8.),.PIECEWISE_BEZIER_KNOTS.);
#3256 = CARTESIAN_POINT('',(-21.6,4.8,2.999));
#3257 = CARTESIAN_POINT('',(-13.6,4.8,2.999));
#3258 = ORIENTED_EDGE('',*,*,#3259,.T.);
#3259 = EDGE_CURVE('',#3253,#1854,#3260,.T.);
#3260 = B_SPLINE_CURVE_WITH_KNOTS('',1,(#3261,#3262),.UNSPECIFIED.,.F.,
  .F.,(2,2),(0.,9.999999999999E-04),.PIECEWISE_BEZIER_KNOTS.);
#3261 = CARTESIAN_POINT('',(-21.6,4.8,2.999));
#3262 = CARTESIAN_POINT('',(-21.6,4.8,3.));
#3263 = ORIENTED_EDGE('',*,*,#1851,.F.);
#3264 = B_SPLINE_SURFACE_WITH_KNOTS('',1,1,(
    (#3265,#3266)
    ,(#3267,#3268
    )),.UNSPECIFIED.,.F.,.F.,.F.,(2,2),(2,2),(0.,9.999999999999E-04),(0.
    ,8.),.PIECEWISE_BEZIER_KNOTS.);
#3265 = CARTESIAN_POINT('',(-21.6,4.8,2.999));
#3266 = CARTESIAN_POINT('',(-13.6,4.8,2.999));
#3267 = CARTESIAN_POINT('',(-21.6,4.8,3.));
#3268 = CARTESIAN_POINT('',(-13.6,4.8,3.));
#3269 = ADVANCED_FACE('',(#3270),#3286,.F.);
#3270 = FACE_BOUND('',#3271,.F.);
#3271 = EDGE_LOOP('',(#3272,#3273,#3280,#3285));
#3272 = ORIENTED_EDGE('',*,*,#3245,.F.);
#3273 = ORIENTED_EDGE('',*,*,#3274,.T.);
#3274 = EDGE_CURVE('',#3246,#3275,#3277,.T.);
#3275 = VERTEX_POINT('',#3276);
#3276 = CARTESIAN_POINT('',(-13.6,12.8,2.999));
#3277 = B_SPLINE_CURVE_WITH_KNOTS('',1,(#3278,#3279),.UNSPECIFIED.,.F.,
  .F.,(2,2),(0.,8.),.PIECEWISE_BEZIER_KNOTS.);
#3278 = CARTESIAN_POINT('',(-13.6,4.8,2.999));
#3279 = CARTESIAN_POINT('',(-13.6,12.8,2.999));
#3280 = ORIENTED_EDGE('',*,*,#3281,.T.);
#3281 = EDGE_CURVE('',#3275,#1868,#3282,.T.);
#3282 = B_SPLINE_CURVE_WITH_KNOTS('',1,(#3283,#3284),.UNSPECIFIED.,.F.,
  .F.,(2,2),(0.,9.999999999999E-04),.PIECEWISE_BEZIER_KNOTS.);
#3283 = CARTESIAN_POINT('',(-13.6,12.8,2.999));
#3284 = CARTESIAN_POINT('',(-13.6,12.8,3.));
#3285 = ORIENTED_EDGE('',*,*,#1874,.F.);
#3286 = B_SPLINE_SURFACE_WITH_KNOTS('',1,1,(
    (#3287,#3288)
    ,(#3289,#3290
    )),.UNSPECIFIED.,.F.,.F.,.F.,(2,2),(2,2),(0.,9.999999999999E-04),(
    -8.,0.),.PIECEWISE_BEZIER_KNOTS.);
#3287 = CARTESIAN_POINT('',(-13.6,12.8,2.999));
#3288 = CARTESIAN_POINT('',(-13.6,4.8,2.999));
#3289 = CARTESIAN_POINT('',(-13.6,12.8,3.));
#3290 = CARTESIAN_POINT('',(-13.6,4.8,3.));
#3291 = ADVANCED_FACE('',(#3292),#3308,.F.);
#3292 = FACE_BOUND('',#3293,.F.);
#3293 = EDGE_LOOP('',(#3294,#3295,#3302,#3307));
#3294 = ORIENTED_EDGE('',*,*,#3281,.F.);
#3295 = ORIENTED_EDGE('',*,*,#3296,.F.);
#3296 = EDGE_CURVE('',#3297,#3275,#3299,.T.);
#3297 = VERTEX_POINT('',#3298);
#3298 = CARTESIAN_POINT('',(-21.6,12.8,2.999));
#3299 = B_SPLINE_CURVE_WITH_KNOTS('',1,(#3300,#3301),.UNSPECIFIED.,.F.,
  .F.,(2,2),(0.,8.),.PIECEWISE_BEZIER_KNOTS.);
#3300 = CARTESIAN_POINT('',(-21.6,12.8,2.999));
#3301 = CARTESIAN_POINT('',(-13.6,12.8,2.999));
#3302 = ORIENTED_EDGE('',*,*,#3303,.T.);
#3303 = EDGE_CURVE('',#3297,#1861,#3304,.T.);
#3304 = B_SPLINE_CURVE_WITH_KNOTS('',1,(#3305,#3306),.UNSPECIFIED.,.F.,
  .F.,(2,2),(0.,9.999999999999E-04),.PIECEWISE_BEZIER_KNOTS.);
#3305 = CARTESIAN_POINT('',(-21.6,12.8,2.999));
#3306 = CARTESIAN_POINT('',(-21.6,12.8,3.));
#3307 = ORIENTED_EDGE('',*,*,#1867,.F.);
#3308 = B_SPLINE_SURFACE_WITH_KNOTS('',1,1,(
    (#3309,#3310)
    ,(#3311,#3312
    )),.UNSPECIFIED.,.F.,.F.,.F.,(2,2),(2,2),(0.,9.999999999999E-04),(0.
    ,8.),.PIECEWISE_BEZIER_KNOTS.);
#3309 = CARTESIAN_POINT('',(-21.6,12.8,2.999));
#3310 = CARTESIAN_POINT('',(-13.6,12.8,2.999));
#3311 = CARTESIAN_POINT('',(-21.6,12.8,3.));
#3312 = CARTESIAN_POINT('',(-13.6,12.8,3.));
#3313 = ADVANCED_FACE('',(#3314),#3324,.T.);
#3314 = FACE_BOUND('',#3315,.T.);
#3315 = EDGE_LOOP('',(#3316,#3317,#3322,#3323));
#3316 = ORIENTED_EDGE('',*,*,#3259,.F.);
#3317 = ORIENTED_EDGE('',*,*,#3318,.T.);
#3318 = EDGE_CURVE('',#3253,#3297,#3319,.T.);
#3319 = B_SPLINE_CURVE_WITH_KNOTS('',1,(#3320,#3321),.UNSPECIFIED.,.F.,
  .F.,(2,2),(0.,8.),.PIECEWISE_BEZIER_KNOTS.);
#3320 = CARTESIAN_POINT('',(-21.6,4.8,2.999));
#3321 = CARTESIAN_POINT('',(-21.6,12.8,2.999));
#3322 = ORIENTED_EDGE('',*,*,#3303,.T.);
#3323 = ORIENTED_EDGE('',*,*,#1860,.F.);
#3324 = B_SPLINE_SURFACE_WITH_KNOTS('',1,1,(
    (#3325,#3326)
    ,(#3327,#3328
    )),.UNSPECIFIED.,.F.,.F.,.F.,(2,2),(2,2),(0.,9.999999999999E-04),(
    -8.,0.),.PIECEWISE_BEZIER_KNOTS.);
#3325 = CARTESIAN_POINT('',(-21.6,12.8,2.999));
#3326 = CARTESIAN_POINT('',(-21.6,4.8,2.999));
#3327 = CARTESIAN_POINT('',(-21.6,12.8,3.));
#3328 = CARTESIAN_POINT('',(-21.6,4.8,3.));
#3329 = ADVANCED_FACE('',(#3330),#3352,.T.);
#3330 = FACE_BOUND('',#3331,.T.);
#3331 = EDGE_LOOP('',(#3332,#3339,#3346,#3351));
#3332 = ORIENTED_EDGE('',*,*,#3333,.F.);
#3333 = EDGE_CURVE('',#3334,#1882,#3336,.T.);
#3334 = VERTEX_POINT('',#3335);
#3335 = CARTESIAN_POINT('',(-4.8,-4.,2.999));
#3336 = B_SPLINE_CURVE_WITH_KNOTS('',1,(#3337,#3338),.UNSPECIFIED.,.F.,
  .F.,(2,2),(0.,9.999999999999E-04),.PIECEWISE_BEZIER_KNOTS.);
#3337 = CARTESIAN_POINT('',(-4.8,-4.,2.999));
#3338 = CARTESIAN_POINT('',(-4.8,-4.,3.));
#3339 = ORIENTED_EDGE('',*,*,#3340,.F.);
#3340 = EDGE_CURVE('',#3341,#3334,#3343,.T.);
#3341 = VERTEX_POINT('',#3342);
#3342 = CARTESIAN_POINT('',(-12.8,-4.,2.999));
#3343 = B_SPLINE_CURVE_WITH_KNOTS('',1,(#3344,#3345),.UNSPECIFIED.,.F.,
  .F.,(2,2),(0.,8.),.PIECEWISE_BEZIER_KNOTS.);
#3344 = CARTESIAN_POINT('',(-12.8,-4.,2.999));
#3345 = CARTESIAN_POINT('',(-4.8,-4.,2.999));
#3346 = ORIENTED_EDGE('',*,*,#3347,.T.);
#3347 = EDGE_CURVE('',#3341,#1884,#3348,.T.);
#3348 = B_SPLINE_CURVE_WITH_KNOTS('',1,(#3349,#3350),.UNSPECIFIED.,.F.,
  .F.,(2,2),(0.,9.999999999999E-04),.PIECEWISE_BEZIER_KNOTS.);
#3349 = CARTESIAN_POINT('',(-12.8,-4.,2.999));
#3350 = CARTESIAN_POINT('',(-12.8,-4.,3.));
#3351 = ORIENTED_EDGE('',*,*,#1881,.F.);
#3352 = B_SPLINE_SURFACE_WITH_KNOTS('',1,1,(
    (#3353,#3354)
    ,(#3355,#3356
    )),.UNSPECIFIED.,.F.,.F.,.F.,(2,2),(2,2),(0.,9.999999999999E-04),(0.
    ,8.),.PIECEWISE_BEZIER_KNOTS.);
#3353 = CARTESIAN_POINT('',(-12.8,-4.,2.999));
#3354 = CARTESIAN_POINT('',(-4.8,-4.,2.999));
#3355 = CARTESIAN_POINT('',(-12.8,-4.,3.));
#3356 = CARTESIAN_POINT('',(-4.8,-4.,3.));
#3357 = ADVANCED_FACE('',(#3358),#3374,.F.);
#3358 = FACE_BOUND('',#3359,.F.);
#3359 = EDGE_LOOP('',(#3360,#3361,#3368,#3373));
#3360 = ORIENTED_EDGE('',*,*,#3333,.F.);
#3361 = ORIENTED_EDGE('',*,*,#3362,.T.);
#3362 = EDGE_CURVE('',#3334,#3363,#3365,.T.);
#3363 = VERTEX_POINT('',#3364);
#3364 = CARTESIAN_POINT('',(-4.8,4.,2.999));
#3365 = B_SPLINE_CURVE_WITH_KNOTS('',1,(#3366,#3367),.UNSPECIFIED.,.F.,
  .F.,(2,2),(0.,8.),.PIECEWISE_BEZIER_KNOTS.);
#3366 = CARTESIAN_POINT('',(-4.8,-4.,2.999));
#3367 = CARTESIAN_POINT('',(-4.8,4.,2.999));
#3368 = ORIENTED_EDGE('',*,*,#3369,.T.);
#3369 = EDGE_CURVE('',#3363,#1898,#3370,.T.);
#3370 = B_SPLINE_CURVE_WITH_KNOTS('',1,(#3371,#3372),.UNSPECIFIED.,.F.,
  .F.,(2,2),(0.,9.999999999999E-04),.PIECEWISE_BEZIER_KNOTS.);
#3371 = CARTESIAN_POINT('',(-4.8,4.,2.999));
#3372 = CARTESIAN_POINT('',(-4.8,4.,3.));
#3373 = ORIENTED_EDGE('',*,*,#1904,.F.);
#3374 = B_SPLINE_SURFACE_WITH_KNOTS('',1,1,(
    (#3375,#3376)
    ,(#3377,#3378
    )),.UNSPECIFIED.,.F.,.F.,.F.,(2,2),(2,2),(0.,9.999999999999E-04),(
    -8.,0.),.PIECEWISE_BEZIER_KNOTS.);
#3375 = CARTESIAN_POINT('',(-4.8,4.,2.999));
#3376 = CARTESIAN_POINT('',(-4.8,-4.,2.999));
#3377 = CARTESIAN_POINT('',(-4.8,4.,3.));
#3378 = CARTESIAN_POINT('',(-4.8,-4.,3.));
#3379 = ADVANCED_FACE('',(#3380),#3396,.F.);
#3380 = FACE_BOUND('',#3381,.F.);
#3381 = EDGE_LOOP('',(#3382,#3383,#3390,#3395));
#3382 = ORIENTED_EDGE('',*,*,#3369,.F.);
#3383 = ORIENTED_EDGE('',*,*,#3384,.F.);
#3384 = EDGE_CURVE('',#3385,#3363,#3387,.T.);
#3385 = VERTEX_POINT('',#3386);
#3386 = CARTESIAN_POINT('',(-12.8,4.,2.999));
#3387 = B_SPLINE_CURVE_WITH_KNOTS('',1,(#3388,#3389),.UNSPECIFIED.,.F.,
  .F.,(2,2),(0.,8.),.PIECEWISE_BEZIER_KNOTS.);
#3388 = CARTESIAN_POINT('',(-12.8,4.,2.999));
#3389 = CARTESIAN_POINT('',(-4.8,4.,2.999));
#3390 = ORIENTED_EDGE('',*,*,#3391,.T.);
#3391 = EDGE_CURVE('',#3385,#1891,#3392,.T.);
#3392 = B_SPLINE_CURVE_WITH_KNOTS('',1,(#3393,#3394),.UNSPECIFIED.,.F.,
  .F.,(2,2),(0.,9.999999999999E-04),.PIECEWISE_BEZIER_KNOTS.);
#3393 = CARTESIAN_POINT('',(-12.8,4.,2.999));
#3394 = CARTESIAN_POINT('',(-12.8,4.,3.));
#3395 = ORIENTED_EDGE('',*,*,#1897,.F.);
#3396 = B_SPLINE_SURFACE_WITH_KNOTS('',1,1,(
    (#3397,#3398)
    ,(#3399,#3400
    )),.UNSPECIFIED.,.F.,.F.,.F.,(2,2),(2,2),(0.,9.999999999999E-04),(0.
    ,8.),.PIECEWISE_BEZIER_KNOTS.);
#3397 = CARTESIAN_POINT('',(-12.8,4.,2.999));
#3398 = CARTESIAN_POINT('',(-4.8,4.,2.999));
#3399 = CARTESIAN_POINT('',(-12.8,4.,3.));
#3400 = CARTESIAN_POINT('',(-4.8,4.,3.));
#3401 = ADVANCED_FACE('',(#3402),#3412,.T.);
#3402 = FACE_BOUND('',#3403,.T.);
#3403 = EDGE_LOOP('',(#3404,#3405,#3410,#3411));
#3404 = ORIENTED_EDGE('',*,*,#3347,.F.);
#3405 = ORIENTED_EDGE('',*,*,#3406,.T.);
#3406 = EDGE_CURVE('',#3341,#3385,#3407,.T.);
#3407 = B_SPLINE_CURVE_WITH_KNOTS('',1,(#3408,#3409),.UNSPECIFIED.,.F.,
  .F.,(2,2),(0.,8.),.PIECEWISE_BEZIER_KNOTS.);
#3408 = CARTESIAN_POINT('',(-12.8,-4.,2.999));
#3409 = CARTESIAN_POINT('',(-12.8,4.,2.999));
#3410 = ORIENTED_EDGE('',*,*,#3391,.T.);
#3411 = ORIENTED_EDGE('',*,*,#1890,.F.);
#3412 = B_SPLINE_SURFACE_WITH_KNOTS('',1,1,(
    (#3413,#3414)
    ,(#3415,#3416
    )),.UNSPECIFIED.,.F.,.F.,.F.,(2,2),(2,2),(0.,9.999999999999E-04),(
    -8.,0.),.PIECEWISE_BEZIER_KNOTS.);
#3413 = CARTESIAN_POINT('',(-12.8,4.,2.999));
#3414 = CARTESIAN_POINT('',(-12.8,-4.,2.999));
#3415 = CARTESIAN_POINT('',(-12.8,4.,3.));
#3416 = CARTESIAN_POINT('',(-12.8,-4.,3.));
#3417 = ADVANCED_FACE('',(#3418),#3440,.T.);
#3418 = FACE_BOUND('',#3419,.T.);
#3419 = EDGE_LOOP('',(#3420,#3427,#3434,#3439));
#3420 = ORIENTED_EDGE('',*,*,#3421,.F.);
#3421 = EDGE_CURVE('',#3422,#1912,#3424,.T.);
#3422 = VERTEX_POINT('',#3423);
#3423 = CARTESIAN_POINT('',(-4.8,4.8,2.999));
#3424 = B_SPLINE_CURVE_WITH_KNOTS('',1,(#3425,#3426),.UNSPECIFIED.,.F.,
  .F.,(2,2),(0.,9.999999999999E-04),.PIECEWISE_BEZIER_KNOTS.);
#3425 = CARTESIAN_POINT('',(-4.8,4.8,2.999));
#3426 = CARTESIAN_POINT('',(-4.8,4.8,3.));
#3427 = ORIENTED_EDGE('',*,*,#3428,.F.);
#3428 = EDGE_CURVE('',#3429,#3422,#3431,.T.);
#3429 = VERTEX_POINT('',#3430);
#3430 = CARTESIAN_POINT('',(-12.8,4.8,2.999));
#3431 = B_SPLINE_CURVE_WITH_KNOTS('',1,(#3432,#3433),.UNSPECIFIED.,.F.,
  .F.,(2,2),(0.,8.),.PIECEWISE_BEZIER_KNOTS.);
#3432 = CARTESIAN_POINT('',(-12.8,4.8,2.999));
#3433 = CARTESIAN_POINT('',(-4.8,4.8,2.999));
#3434 = ORIENTED_EDGE('',*,*,#3435,.T.);
#3435 = EDGE_CURVE('',#3429,#1914,#3436,.T.);
#3436 = B_SPLINE_CURVE_WITH_KNOTS('',1,(#3437,#3438),.UNSPECIFIED.,.F.,
  .F.,(2,2),(0.,9.999999999999E-04),.PIECEWISE_BEZIER_KNOTS.);
#3437 = CARTESIAN_POINT('',(-12.8,4.8,2.999));
#3438 = CARTESIAN_POINT('',(-12.8,4.8,3.));
#3439 = ORIENTED_EDGE('',*,*,#1911,.F.);
#3440 = B_SPLINE_SURFACE_WITH_KNOTS('',1,1,(
    (#3441,#3442)
    ,(#3443,#3444
    )),.UNSPECIFIED.,.F.,.F.,.F.,(2,2),(2,2),(0.,9.999999999999E-04),(0.
    ,8.),.PIECEWISE_BEZIER_KNOTS.);
#3441 = CARTESIAN_POINT('',(-12.8,4.8,2.999));
#3442 = CARTESIAN_POINT('',(-4.8,4.8,2.999));
#3443 = CARTESIAN_POINT('',(-12.8,4.8,3.));
#3444 = CARTESIAN_POINT('',(-4.8,4.8,3.));
#3445 = ADVANCED_FACE('',(#3446),#3462,.F.);
#3446 = FACE_BOUND('',#3447,.F.);
#3447 = EDGE_LOOP('',(#3448,#3449,#3456,#3461));
#3448 = ORIENTED_EDGE('',*,*,#3421,.F.);
#3449 = ORIENTED_EDGE('',*,*,#3450,.T.);
#3450 = EDGE_CURVE('',#3422,#3451,#3453,.T.);
#3451 = VERTEX_POINT('',#3452);
#3452 = CARTESIAN_POINT('',(-4.8,12.8,2.999));
#3453 = B_SPLINE_CURVE_WITH_KNOTS('',1,(#3454,#3455),.UNSPECIFIED.,.F.,
  .F.,(2,2),(0.,8.),.PIECEWISE_BEZIER_KNOTS.);
#3454 = CARTESIAN_POINT('',(-4.8,4.8,2.999));
#3455 = CARTESIAN_POINT('',(-4.8,12.8,2.999));
#3456 = ORIENTED_EDGE('',*,*,#3457,.T.);
#3457 = EDGE_CURVE('',#3451,#1928,#3458,.T.);
#3458 = B_SPLINE_CURVE_WITH_KNOTS('',1,(#3459,#3460),.UNSPECIFIED.,.F.,
  .F.,(2,2),(0.,9.999999999999E-04),.PIECEWISE_BEZIER_KNOTS.);
#3459 = CARTESIAN_POINT('',(-4.8,12.8,2.999));
#3460 = CARTESIAN_POINT('',(-4.8,12.8,3.));
#3461 = ORIENTED_EDGE('',*,*,#1934,.F.);
#3462 = B_SPLINE_SURFACE_WITH_KNOTS('',1,1,(
    (#3463,#3464)
    ,(#3465,#3466
    )),.UNSPECIFIED.,.F.,.F.,.F.,(2,2),(2,2),(0.,9.999999999999E-04),(
    -8.,0.),.PIECEWISE_BEZIER_KNOTS.);
#3463 = CARTESIAN_POINT('',(-4.8,12.8,2.999));
#3464 = CARTESIAN_POINT('',(-4.8,4.8,2.999));
#3465 = CARTESIAN_POINT('',(-4.8,12.8,3.));
#3466 = CARTESIAN_POINT('',(-4.8,4.8,3.));
#3467 = ADVANCED_FACE('',(#3468),#3484,.F.);
#3468 = FACE_BOUND('',#3469,.F.);
#3469 = EDGE_LOOP('',(#3470,#3471,#3478,#3483));
#3470 = ORIENTED_EDGE('',*,*,#3457,.F.);
#3471 = ORIENTED_EDGE('',*,*,#3472,.F.);
#3472 = EDGE_CURVE('',#3473,#3451,#3475,.T.);
#3473 = VERTEX_POINT('',#3474);
#3474 = CARTESIAN_POINT('',(-12.8,12.8,2.999));
#3475 = B_SPLINE_CURVE_WITH_KNOTS('',1,(#3476,#3477),.UNSPECIFIED.,.F.,
  .F.,(2,2),(0.,8.),.PIECEWISE_BEZIER_KNOTS.);
#3476 = CARTESIAN_POINT('',(-12.8,12.8,2.999));
#3477 = CARTESIAN_POINT('',(-4.8,12.8,2.999));
#3478 = ORIENTED_EDGE('',*,*,#3479,.T.);
#3479 = EDGE_CURVE('',#3473,#1921,#3480,.T.);
#3480 = B_SPLINE_CURVE_WITH_KNOTS('',1,(#3481,#3482),.UNSPECIFIED.,.F.,
  .F.,(2,2),(0.,9.999999999999E-04),.PIECEWISE_BEZIER_KNOTS.);
#3481 = CARTESIAN_POINT('',(-12.8,12.8,2.999));
#3482 = CARTESIAN_POINT('',(-12.8,12.8,3.));
#3483 = ORIENTED_EDGE('',*,*,#1927,.F.);
#3484 = B_SPLINE_SURFACE_WITH_KNOTS('',1,1,(
    (#3485,#3486)
    ,(#3487,#3488
    )),.UNSPECIFIED.,.F.,.F.,.F.,(2,2),(2,2),(0.,9.999999999999E-04),(0.
    ,8.),.PIECEWISE_BEZIER_KNOTS.);
#3485 = CARTESIAN_POINT('',(-12.8,12.8,2.999));
#3486 = CARTESIAN_POINT('',(-4.8,12.8,2.999));
#3487 = CARTESIAN_POINT('',(-12.8,12.8,3.));
#3488 = CARTESIAN_POINT('',(-4.8,12.8,3.));
#3489 = ADVANCED_FACE('',(#3490),#3500,.T.);
#3490 = FACE_BOUND('',#3491,.T.);
#3491 = EDGE_LOOP('',(#3492,#3493,#3498,#3499));
#3492 = ORIENTED_EDGE('',*,*,#3435,.F.);
#3493 = ORIENTED_EDGE('',*,*,#3494,.T.);
#3494 = EDGE_CURVE('',#3429,#3473,#3495,.T.);
#3495 = B_SPLINE_CURVE_WITH_KNOTS('',1,(#3496,#3497),.UNSPECIFIED.,.F.,
  .F.,(2,2),(0.,8.),.PIECEWISE_BEZIER_KNOTS.);
#3496 = CARTESIAN_POINT('',(-12.8,4.8,2.999));
#3497 = CARTESIAN_POINT('',(-12.8,12.8,2.999));
#3498 = ORIENTED_EDGE('',*,*,#3479,.T.);
#3499 = ORIENTED_EDGE('',*,*,#1920,.F.);
#3500 = B_SPLINE_SURFACE_WITH_KNOTS('',1,1,(
    (#3501,#3502)
    ,(#3503,#3504
    )),.UNSPECIFIED.,.F.,.F.,.F.,(2,2),(2,2),(0.,9.999999999999E-04),(
    -8.,0.),.PIECEWISE_BEZIER_KNOTS.);
#3501 = CARTESIAN_POINT('',(-12.8,12.8,2.999));
#3502 = CARTESIAN_POINT('',(-12.8,4.8,2.999));
#3503 = CARTESIAN_POINT('',(-12.8,12.8,3.));
#3504 = CARTESIAN_POINT('',(-12.8,4.8,3.));
#3505 = ADVANCED_FACE('',(#3506),#3528,.T.);
#3506 = FACE_BOUND('',#3507,.T.);
#3507 = EDGE_LOOP('',(#3508,#3515,#3522,#3527));
#3508 = ORIENTED_EDGE('',*,*,#3509,.F.);
#3509 = EDGE_CURVE('',#3510,#1942,#3512,.T.);
#3510 = VERTEX_POINT('',#3511);
#3511 = CARTESIAN_POINT('',(-13.6,13.6,2.999));
#3512 = B_SPLINE_CURVE_WITH_KNOTS('',1,(#3513,#3514),.UNSPECIFIED.,.F.,
  .F.,(2,2),(0.,9.999999999999E-04),.PIECEWISE_BEZIER_KNOTS.);
#3513 = CARTESIAN_POINT('',(-13.6,13.6,2.999));
#3514 = CARTESIAN_POINT('',(-13.6,13.6,3.));
#3515 = ORIENTED_EDGE('',*,*,#3516,.F.);
#3516 = EDGE_CURVE('',#3517,#3510,#3519,.T.);
#3517 = VERTEX_POINT('',#3518);
#3518 = CARTESIAN_POINT('',(-21.6,13.6,2.999));
#3519 = B_SPLINE_CURVE_WITH_KNOTS('',1,(#3520,#3521),.UNSPECIFIED.,.F.,
  .F.,(2,2),(0.,8.),.PIECEWISE_BEZIER_KNOTS.);
#3520 = CARTESIAN_POINT('',(-21.6,13.6,2.999));
#3521 = CARTESIAN_POINT('',(-13.6,13.6,2.999));
#3522 = ORIENTED_EDGE('',*,*,#3523,.T.);
#3523 = EDGE_CURVE('',#3517,#1944,#3524,.T.);
#3524 = B_SPLINE_CURVE_WITH_KNOTS('',1,(#3525,#3526),.UNSPECIFIED.,.F.,
  .F.,(2,2),(0.,9.999999999999E-04),.PIECEWISE_BEZIER_KNOTS.);
#3525 = CARTESIAN_POINT('',(-21.6,13.6,2.999));
#3526 = CARTESIAN_POINT('',(-21.6,13.6,3.));
#3527 = ORIENTED_EDGE('',*,*,#1941,.F.);
#3528 = B_SPLINE_SURFACE_WITH_KNOTS('',1,1,(
    (#3529,#3530)
    ,(#3531,#3532
    )),.UNSPECIFIED.,.F.,.F.,.F.,(2,2),(2,2),(0.,9.999999999999E-04),(0.
    ,8.),.PIECEWISE_BEZIER_KNOTS.);
#3529 = CARTESIAN_POINT('',(-21.6,13.6,2.999));
#3530 = CARTESIAN_POINT('',(-13.6,13.6,2.999));
#3531 = CARTESIAN_POINT('',(-21.6,13.6,3.));
#3532 = CARTESIAN_POINT('',(-13.6,13.6,3.));
#3533 = ADVANCED_FACE('',(#3534),#3550,.F.);
#3534 = FACE_BOUND('',#3535,.F.);
#3535 = EDGE_LOOP('',(#3536,#3537,#3544,#3549));
#3536 = ORIENTED_EDGE('',*,*,#3509,.F.);
#3537 = ORIENTED_EDGE('',*,*,#3538,.T.);
#3538 = EDGE_CURVE('',#3510,#3539,#3541,.T.);
#3539 = VERTEX_POINT('',#3540);
#3540 = CARTESIAN_POINT('',(-13.6,21.6,2.999));
#3541 = B_SPLINE_CURVE_WITH_KNOTS('',1,(#3542,#3543),.UNSPECIFIED.,.F.,
  .F.,(2,2),(0.,8.),.PIECEWISE_BEZIER_KNOTS.);
#3542 = CARTESIAN_POINT('',(-13.6,13.6,2.999));
#3543 = CARTESIAN_POINT('',(-13.6,21.6,2.999));
#3544 = ORIENTED_EDGE('',*,*,#3545,.T.);
#3545 = EDGE_CURVE('',#3539,#1958,#3546,.T.);
#3546 = B_SPLINE_CURVE_WITH_KNOTS('',1,(#3547,#3548),.UNSPECIFIED.,.F.,
  .F.,(2,2),(0.,9.999999999999E-04),.PIECEWISE_BEZIER_KNOTS.);
#3547 = CARTESIAN_POINT('',(-13.6,21.6,2.999));
#3548 = CARTESIAN_POINT('',(-13.6,21.6,3.));
#3549 = ORIENTED_EDGE('',*,*,#1964,.F.);
#3550 = B_SPLINE_SURFACE_WITH_KNOTS('',1,1,(
    (#3551,#3552)
    ,(#3553,#3554
    )),.UNSPECIFIED.,.F.,.F.,.F.,(2,2),(2,2),(0.,9.999999999999E-04),(
    -8.,0.),.PIECEWISE_BEZIER_KNOTS.);
#3551 = CARTESIAN_POINT('',(-13.6,21.6,2.999));
#3552 = CARTESIAN_POINT('',(-13.6,13.6,2.999));
#3553 = CARTESIAN_POINT('',(-13.6,21.6,3.));
#3554 = CARTESIAN_POINT('',(-13.6,13.6,3.));
#3555 = ADVANCED_FACE('',(#3556),#3572,.F.);
#3556 = FACE_BOUND('',#3557,.F.);
#3557 = EDGE_LOOP('',(#3558,#3559,#3566,#3571));
#3558 = ORIENTED_EDGE('',*,*,#3545,.F.);
#3559 = ORIENTED_EDGE('',*,*,#3560,.F.);
#3560 = EDGE_CURVE('',#3561,#3539,#3563,.T.);
#3561 = VERTEX_POINT('',#3562);
#3562 = CARTESIAN_POINT('',(-21.6,21.6,2.999));
#3563 = B_SPLINE_CURVE_WITH_KNOTS('',1,(#3564,#3565),.UNSPECIFIED.,.F.,
  .F.,(2,2),(0.,8.),.PIECEWISE_BEZIER_KNOTS.);
#3564 = CARTESIAN_POINT('',(-21.6,21.6,2.999));
#3565 = CARTESIAN_POINT('',(-13.6,21.6,2.999));
#3566 = ORIENTED_EDGE('',*,*,#3567,.T.);
#3567 = EDGE_CURVE('',#3561,#1951,#3568,.T.);
#3568 = B_SPLINE_CURVE_WITH_KNOTS('',1,(#3569,#3570),.UNSPECIFIED.,.F.,
  .F.,(2,2),(0.,9.999999999999E-04),.PIECEWISE_BEZIER_KNOTS.);
#3569 = CARTESIAN_POINT('',(-21.6,21.6,2.999));
#3570 = CARTESIAN_POINT('',(-21.6,21.6,3.));
#3571 = ORIENTED_EDGE('',*,*,#1957,.F.);
#3572 = B_SPLINE_SURFACE_WITH_KNOTS('',1,1,(
    (#3573,#3574)
    ,(#3575,#3576
    )),.UNSPECIFIED.,.F.,.F.,.F.,(2,2),(2,2),(0.,9.999999999999E-04),(0.
    ,8.),.PIECEWISE_BEZIER_KNOTS.);
#3573 = CARTESIAN_POINT('',(-21.6,21.6,2.999));
#3574 = CARTESIAN_POINT('',(-13.6,21.6,2.999));
#3575 = CARTESIAN_POINT('',(-21.6,21.6,3.));
#3576 = CARTESIAN_POINT('',(-13.6,21.6,3.));
#3577 = ADVANCED_FACE('',(#3578),#3588,.T.);
#3578 = FACE_BOUND('',#3579,.T.);
#3579 = EDGE_LOOP('',(#3580,#3581,#3586,#3587));
#3580 = ORIENTED_EDGE('',*,*,#3523,.F.);
#3581 = ORIENTED_EDGE('',*,*,#3582,.T.);
#3582 = EDGE_CURVE('',#3517,#3561,#3583,.T.);
#3583 = B_SPLINE_CURVE_WITH_KNOTS('',1,(#3584,#3585),.UNSPECIFIED.,.F.,
  .F.,(2,2),(0.,8.),.PIECEWISE_BEZIER_KNOTS.);
#3584 = CARTESIAN_POINT('',(-21.6,13.6,2.999));
#3585 = CARTESIAN_POINT('',(-21.6,21.6,2.999));
#3586 = ORIENTED_EDGE('',*,*,#3567,.T.);
#3587 = ORIENTED_EDGE('',*,*,#1950,.F.);
#3588 = B_SPLINE_SURFACE_WITH_KNOTS('',1,1,(
    (#3589,#3590)
    ,(#3591,#3592
    )),.UNSPECIFIED.,.F.,.F.,.F.,(2,2),(2,2),(0.,9.999999999999E-04),(
    -8.,0.),.PIECEWISE_BEZIER_KNOTS.);
#3589 = CARTESIAN_POINT('',(-21.6,21.6,2.999));
#3590 = CARTESIAN_POINT('',(-21.6,13.6,2.999));
#3591 = CARTESIAN_POINT('',(-21.6,21.6,3.));
#3592 = CARTESIAN_POINT('',(-21.6,13.6,3.));
#3593 = ADVANCED_FACE('',(#3594),#3616,.T.);
#3594 = FACE_BOUND('',#3595,.T.);
#3595 = EDGE_LOOP('',(#3596,#3603,#3610,#3615));
#3596 = ORIENTED_EDGE('',*,*,#3597,.F.);
#3597 = EDGE_CURVE('',#3598,#1972,#3600,.T.);
#3598 = VERTEX_POINT('',#3599);
#3599 = CARTESIAN_POINT('',(-4.8,13.6,2.999));
#3600 = B_SPLINE_CURVE_WITH_KNOTS('',1,(#3601,#3602),.UNSPECIFIED.,.F.,
  .F.,(2,2),(0.,9.999999999999E-04),.PIECEWISE_BEZIER_KNOTS.);
#3601 = CARTESIAN_POINT('',(-4.8,13.6,2.999));
#3602 = CARTESIAN_POINT('',(-4.8,13.6,3.));
#3603 = ORIENTED_EDGE('',*,*,#3604,.F.);
#3604 = EDGE_CURVE('',#3605,#3598,#3607,.T.);
#3605 = VERTEX_POINT('',#3606);
#3606 = CARTESIAN_POINT('',(-12.8,13.6,2.999));
#3607 = B_SPLINE_CURVE_WITH_KNOTS('',1,(#3608,#3609),.UNSPECIFIED.,.F.,
  .F.,(2,2),(0.,8.),.PIECEWISE_BEZIER_KNOTS.);
#3608 = CARTESIAN_POINT('',(-12.8,13.6,2.999));
#3609 = CARTESIAN_POINT('',(-4.8,13.6,2.999));
#3610 = ORIENTED_EDGE('',*,*,#3611,.T.);
#3611 = EDGE_CURVE('',#3605,#1974,#3612,.T.);
#3612 = B_SPLINE_CURVE_WITH_KNOTS('',1,(#3613,#3614),.UNSPECIFIED.,.F.,
  .F.,(2,2),(0.,9.999999999999E-04),.PIECEWISE_BEZIER_KNOTS.);
#3613 = CARTESIAN_POINT('',(-12.8,13.6,2.999));
#3614 = CARTESIAN_POINT('',(-12.8,13.6,3.));
#3615 = ORIENTED_EDGE('',*,*,#1971,.F.);
#3616 = B_SPLINE_SURFACE_WITH_KNOTS('',1,1,(
    (#3617,#3618)
    ,(#3619,#3620
    )),.UNSPECIFIED.,.F.,.F.,.F.,(2,2),(2,2),(0.,9.999999999999E-04),(0.
    ,8.),.PIECEWISE_BEZIER_KNOTS.);
#3617 = CARTESIAN_POINT('',(-12.8,13.6,2.999));
#3618 = CARTESIAN_POINT('',(-4.8,13.6,2.999));
#3619 = CARTESIAN_POINT('',(-12.8,13.6,3.));
#3620 = CARTESIAN_POINT('',(-4.8,13.6,3.));
#3621 = ADVANCED_FACE('',(#3622),#3638,.F.);
#3622 = FACE_BOUND('',#3623,.F.);
#3623 = EDGE_LOOP('',(#3624,#3625,#3632,#3637));
#3624 = ORIENTED_EDGE('',*,*,#3597,.F.);
#3625 = ORIENTED_EDGE('',*,*,#3626,.T.);
#3626 = EDGE_CURVE('',#3598,#3627,#3629,.T.);
#3627 = VERTEX_POINT('',#3628);
#3628 = CARTESIAN_POINT('',(-4.8,21.6,2.999));
#3629 = B_SPLINE_CURVE_WITH_KNOTS('',1,(#3630,#3631),.UNSPECIFIED.,.F.,
  .F.,(2,2),(0.,8.),.PIECEWISE_BEZIER_KNOTS.);
#3630 = CARTESIAN_POINT('',(-4.8,13.6,2.999));
#3631 = CARTESIAN_POINT('',(-4.8,21.6,2.999));
#3632 = ORIENTED_EDGE('',*,*,#3633,.T.);
#3633 = EDGE_CURVE('',#3627,#1988,#3634,.T.);
#3634 = B_SPLINE_CURVE_WITH_KNOTS('',1,(#3635,#3636),.UNSPECIFIED.,.F.,
  .F.,(2,2),(0.,9.999999999999E-04),.PIECEWISE_BEZIER_KNOTS.);
#3635 = CARTESIAN_POINT('',(-4.8,21.6,2.999));
#3636 = CARTESIAN_POINT('',(-4.8,21.6,3.));
#3637 = ORIENTED_EDGE('',*,*,#1994,.F.);
#3638 = B_SPLINE_SURFACE_WITH_KNOTS('',1,1,(
    (#3639,#3640)
    ,(#3641,#3642
    )),.UNSPECIFIED.,.F.,.F.,.F.,(2,2),(2,2),(0.,9.999999999999E-04),(
    -8.,0.),.PIECEWISE_BEZIER_KNOTS.);
#3639 = CARTESIAN_POINT('',(-4.8,21.6,2.999));
#3640 = CARTESIAN_POINT('',(-4.8,13.6,2.999));
#3641 = CARTESIAN_POINT('',(-4.8,21.6,3.));
#3642 = CARTESIAN_POINT('',(-4.8,13.6,3.));
#3643 = ADVANCED_FACE('',(#3644),#3660,.F.);
#3644 = FACE_BOUND('',#3645,.F.);
#3645 = EDGE_LOOP('',(#3646,#3647,#3654,#3659));
#3646 = ORIENTED_EDGE('',*,*,#3633,.F.);
#3647 = ORIENTED_EDGE('',*,*,#3648,.F.);
#3648 = EDGE_CURVE('',#3649,#3627,#3651,.T.);
#3649 = VERTEX_POINT('',#3650);
#3650 = CARTESIAN_POINT('',(-12.8,21.6,2.999));
#3651 = B_SPLINE_CURVE_WITH_KNOTS('',1,(#3652,#3653),.UNSPECIFIED.,.F.,
  .F.,(2,2),(0.,8.),.PIECEWISE_BEZIER_KNOTS.);
#3652 = CARTESIAN_POINT('',(-12.8,21.6,2.999));
#3653 = CARTESIAN_POINT('',(-4.8,21.6,2.999));
#3654 = ORIENTED_EDGE('',*,*,#3655,.T.);
#3655 = EDGE_CURVE('',#3649,#1981,#3656,.T.);
#3656 = B_SPLINE_CURVE_WITH_KNOTS('',1,(#3657,#3658),.UNSPECIFIED.,.F.,
  .F.,(2,2),(0.,9.999999999999E-04),.PIECEWISE_BEZIER_KNOTS.);
#3657 = CARTESIAN_POINT('',(-12.8,21.6,2.999));
#3658 = CARTESIAN_POINT('',(-12.8,21.6,3.));
#3659 = ORIENTED_EDGE('',*,*,#1987,.F.);
#3660 = B_SPLINE_SURFACE_WITH_KNOTS('',1,1,(
    (#3661,#3662)
    ,(#3663,#3664
    )),.UNSPECIFIED.,.F.,.F.,.F.,(2,2),(2,2),(0.,9.999999999999E-04),(0.
    ,8.),.PIECEWISE_BEZIER_KNOTS.);
#3661 = CARTESIAN_POINT('',(-12.8,21.6,2.999));
#3662 = CARTESIAN_POINT('',(-4.8,21.6,2.999));
#3663 = CARTESIAN_POINT('',(-12.8,21.6,3.));
#3664 = CARTESIAN_POINT('',(-4.8,21.6,3.));
#3665 = ADVANCED_FACE('',(#3666),#3676,.T.);
#3666 = FACE_BOUND('',#3667,.T.);
#3667 = EDGE_LOOP('',(#3668,#3669,#3674,#3675));
#3668 = ORIENTED_EDGE('',*,*,#3611,.F.);
#3669 = ORIENTED_EDGE('',*,*,#3670,.T.);
#3670 = EDGE_CURVE('',#3605,#3649,#3671,.T.);
#3671 = B_SPLINE_CURVE_WITH_KNOTS('',1,(#3672,#3673),.UNSPECIFIED.,.F.,
  .F.,(2,2),(0.,8.),.PIECEWISE_BEZIER_KNOTS.);
#3672 = CARTESIAN_POINT('',(-12.8,13.6,2.999));
#3673 = CARTESIAN_POINT('',(-12.8,21.6,2.999));
#3674 = ORIENTED_EDGE('',*,*,#3655,.T.);
#3675 = ORIENTED_EDGE('',*,*,#1980,.F.);
#3676 = B_SPLINE_SURFACE_WITH_KNOTS('',1,1,(
    (#3677,#3678)
    ,(#3679,#3680
    )),.UNSPECIFIED.,.F.,.F.,.F.,(2,2),(2,2),(0.,9.999999999999E-04),(
    -8.,0.),.PIECEWISE_BEZIER_KNOTS.);
#3677 = CARTESIAN_POINT('',(-12.8,21.6,2.999));
#3678 = CARTESIAN_POINT('',(-12.8,13.6,2.999));
#3679 = CARTESIAN_POINT('',(-12.8,21.6,3.));
#3680 = CARTESIAN_POINT('',(-12.8,13.6,3.));
#3681 = ADVANCED_FACE('',(#3682),#3704,.T.);
#3682 = FACE_BOUND('',#3683,.T.);
#3683 = EDGE_LOOP('',(#3684,#3691,#3698,#3703));
#3684 = ORIENTED_EDGE('',*,*,#3685,.F.);
#3685 = EDGE_CURVE('',#3686,#2002,#3688,.T.);
#3686 = VERTEX_POINT('',#3687);
#3687 = CARTESIAN_POINT('',(4.,-4.,2.999));
#3688 = B_SPLINE_CURVE_WITH_KNOTS('',1,(#3689,#3690),.UNSPECIFIED.,.F.,
  .F.,(2,2),(0.,9.999999999999E-04),.PIECEWISE_BEZIER_KNOTS.);
#3689 = CARTESIAN_POINT('',(4.,-4.,2.999));
#3690 = CARTESIAN_POINT('',(4.,-4.,3.));
#3691 = ORIENTED_EDGE('',*,*,#3692,.F.);
#3692 = EDGE_CURVE('',#3693,#3686,#3695,.T.);
#3693 = VERTEX_POINT('',#3694);
#3694 = CARTESIAN_POINT('',(-4.,-4.,2.999));
#3695 = B_SPLINE_CURVE_WITH_KNOTS('',1,(#3696,#3697),.UNSPECIFIED.,.F.,
  .F.,(2,2),(0.,8.),.PIECEWISE_BEZIER_KNOTS.);
#3696 = CARTESIAN_POINT('',(-4.,-4.,2.999));
#3697 = CARTESIAN_POINT('',(4.,-4.,2.999));
#3698 = ORIENTED_EDGE('',*,*,#3699,.T.);
#3699 = EDGE_CURVE('',#3693,#2004,#3700,.T.);
#3700 = B_SPLINE_CURVE_WITH_KNOTS('',1,(#3701,#3702),.UNSPECIFIED.,.F.,
  .F.,(2,2),(0.,9.999999999999E-04),.PIECEWISE_BEZIER_KNOTS.);
#3701 = CARTESIAN_POINT('',(-4.,-4.,2.999));
#3702 = CARTESIAN_POINT('',(-4.,-4.,3.));
#3703 = ORIENTED_EDGE('',*,*,#2001,.F.);
#3704 = B_SPLINE_SURFACE_WITH_KNOTS('',1,1,(
    (#3705,#3706)
    ,(#3707,#3708
    )),.UNSPECIFIED.,.F.,.F.,.F.,(2,2),(2,2),(0.,9.999999999999E-04),(0.
    ,8.),.PIECEWISE_BEZIER_KNOTS.);
#3705 = CARTESIAN_POINT('',(-4.,-4.,2.999));
#3706 = CARTESIAN_POINT('',(4.,-4.,2.999));
#3707 = CARTESIAN_POINT('',(-4.,-4.,3.));
#3708 = CARTESIAN_POINT('',(4.,-4.,3.));
#3709 = ADVANCED_FACE('',(#3710),#3726,.F.);
#3710 = FACE_BOUND('',#3711,.F.);
#3711 = EDGE_LOOP('',(#3712,#3713,#3720,#3725));
#3712 = ORIENTED_EDGE('',*,*,#3685,.F.);
#3713 = ORIENTED_EDGE('',*,*,#3714,.T.);
#3714 = EDGE_CURVE('',#3686,#3715,#3717,.T.);
#3715 = VERTEX_POINT('',#3716);
#3716 = CARTESIAN_POINT('',(4.,4.,2.999));
#3717 = B_SPLINE_CURVE_WITH_KNOTS('',1,(#3718,#3719),.UNSPECIFIED.,.F.,
  .F.,(2,2),(0.,8.),.PIECEWISE_BEZIER_KNOTS.);
#3718 = CARTESIAN_POINT('',(4.,-4.,2.999));
#3719 = CARTESIAN_POINT('',(4.,4.,2.999));
#3720 = ORIENTED_EDGE('',*,*,#3721,.T.);
#3721 = EDGE_CURVE('',#3715,#2018,#3722,.T.);
#3722 = B_SPLINE_CURVE_WITH_KNOTS('',1,(#3723,#3724),.UNSPECIFIED.,.F.,
  .F.,(2,2),(0.,9.999999999999E-04),.PIECEWISE_BEZIER_KNOTS.);
#3723 = CARTESIAN_POINT('',(4.,4.,2.999));
#3724 = CARTESIAN_POINT('',(4.,4.,3.));
#3725 = ORIENTED_EDGE('',*,*,#2024,.F.);
#3726 = B_SPLINE_SURFACE_WITH_KNOTS('',1,1,(
    (#3727,#3728)
    ,(#3729,#3730
    )),.UNSPECIFIED.,.F.,.F.,.F.,(2,2),(2,2),(0.,9.999999999999E-04),(
    -8.,0.),.PIECEWISE_BEZIER_KNOTS.);
#3727 = CARTESIAN_POINT('',(4.,4.,2.999));
#3728 = CARTESIAN_POINT('',(4.,-4.,2.999));
#3729 = CARTESIAN_POINT('',(4.,4.,3.));
#3730 = CARTESIAN_POINT('',(4.,-4.,3.));
#3731 = ADVANCED_FACE('',(#3732),#3748,.F.);
#3732 = FACE_BOUND('',#3733,.F.);
#3733 = EDGE_LOOP('',(#3734,#3735,#3742,#3747));
#3734 = ORIENTED_EDGE('',*,*,#3721,.F.);
#3735 = ORIENTED_EDGE('',*,*,#3736,.F.);
#3736 = EDGE_CURVE('',#3737,#3715,#3739,.T.);
#3737 = VERTEX_POINT('',#3738);
#3738 = CARTESIAN_POINT('',(-4.,4.,2.999));
#3739 = B_SPLINE_CURVE_WITH_KNOTS('',1,(#3740,#3741),.UNSPECIFIED.,.F.,
  .F.,(2,2),(0.,8.),.PIECEWISE_BEZIER_KNOTS.);
#3740 = CARTESIAN_POINT('',(-4.,4.,2.999));
#3741 = CARTESIAN_POINT('',(4.,4.,2.999));
#3742 = ORIENTED_EDGE('',*,*,#3743,.T.);
#3743 = EDGE_CURVE('',#3737,#2011,#3744,.T.);
#3744 = B_SPLINE_CURVE_WITH_KNOTS('',1,(#3745,#3746),.UNSPECIFIED.,.F.,
  .F.,(2,2),(0.,9.999999999999E-04),.PIECEWISE_BEZIER_KNOTS.);
#3745 = CARTESIAN_POINT('',(-4.,4.,2.999));
#3746 = CARTESIAN_POINT('',(-4.,4.,3.));
#3747 = ORIENTED_EDGE('',*,*,#2017,.F.);
#3748 = B_SPLINE_SURFACE_WITH_KNOTS('',1,1,(
    (#3749,#3750)
    ,(#3751,#3752
    )),.UNSPECIFIED.,.F.,.F.,.F.,(2,2),(2,2),(0.,9.999999999999E-04),(0.
    ,8.),.PIECEWISE_BEZIER_KNOTS.);
#3749 = CARTESIAN_POINT('',(-4.,4.,2.999));
#3750 = CARTESIAN_POINT('',(4.,4.,2.999));
#3751 = CARTESIAN_POINT('',(-4.,4.,3.));
#3752 = CARTESIAN_POINT('',(4.,4.,3.));
#3753 = ADVANCED_FACE('',(#3754),#3764,.T.);
#3754 = FACE_BOUND('',#3755,.T.);
#3755 = EDGE_LOOP('',(#3756,#3757,#3762,#3763));
#3756 = ORIENTED_EDGE('',*,*,#3699,.F.);
#3757 = ORIENTED_EDGE('',*,*,#3758,.T.);
#3758 = EDGE_CURVE('',#3693,#3737,#3759,.T.);
#3759 = B_SPLINE_CURVE_WITH_KNOTS('',1,(#3760,#3761),.UNSPECIFIED.,.F.,
  .F.,(2,2),(0.,8.),.PIECEWISE_BEZIER_KNOTS.);
#3760 = CARTESIAN_POINT('',(-4.,-4.,2.999));
#3761 = CARTESIAN_POINT('',(-4.,4.,2.999));
#3762 = ORIENTED_EDGE('',*,*,#3743,.T.);
#3763 = ORIENTED_EDGE('',*,*,#2010,.F.);
#3764 = B_SPLINE_SURFACE_WITH_KNOTS('',1,1,(
    (#3765,#3766)
    ,(#3767,#3768
    )),.UNSPECIFIED.,.F.,.F.,.F.,(2,2),(2,2),(0.,9.999999999999E-04),(
    -8.,0.),.PIECEWISE_BEZIER_KNOTS.);
#3765 = CARTESIAN_POINT('',(-4.,4.,2.999));
#3766 = CARTESIAN_POINT('',(-4.,-4.,2.999));
#3767 = CARTESIAN_POINT('',(-4.,4.,3.));
#3768 = CARTESIAN_POINT('',(-4.,-4.,3.));
#3769 = ADVANCED_FACE('',(#3770),#3792,.T.);
#3770 = FACE_BOUND('',#3771,.T.);
#3771 = EDGE_LOOP('',(#3772,#3779,#3786,#3791));
#3772 = ORIENTED_EDGE('',*,*,#3773,.F.);
#3773 = EDGE_CURVE('',#3774,#2032,#3776,.T.);
#3774 = VERTEX_POINT('',#3775);
#3775 = CARTESIAN_POINT('',(12.8,-4.,2.999));
#3776 = B_SPLINE_CURVE_WITH_KNOTS('',1,(#3777,#3778),.UNSPECIFIED.,.F.,
  .F.,(2,2),(0.,9.999999999999E-04),.PIECEWISE_BEZIER_KNOTS.);
#3777 = CARTESIAN_POINT('',(12.8,-4.,2.999));
#3778 = CARTESIAN_POINT('',(12.8,-4.,3.));
#3779 = ORIENTED_EDGE('',*,*,#3780,.F.);
#3780 = EDGE_CURVE('',#3781,#3774,#3783,.T.);
#3781 = VERTEX_POINT('',#3782);
#3782 = CARTESIAN_POINT('',(4.8,-4.,2.999));
#3783 = B_SPLINE_CURVE_WITH_KNOTS('',1,(#3784,#3785),.UNSPECIFIED.,.F.,
  .F.,(2,2),(0.,8.),.PIECEWISE_BEZIER_KNOTS.);
#3784 = CARTESIAN_POINT('',(4.8,-4.,2.999));
#3785 = CARTESIAN_POINT('',(12.8,-4.,2.999));
#3786 = ORIENTED_EDGE('',*,*,#3787,.T.);
#3787 = EDGE_CURVE('',#3781,#2034,#3788,.T.);
#3788 = B_SPLINE_CURVE_WITH_KNOTS('',1,(#3789,#3790),.UNSPECIFIED.,.F.,
  .F.,(2,2),(0.,9.999999999999E-04),.PIECEWISE_BEZIER_KNOTS.);
#3789 = CARTESIAN_POINT('',(4.8,-4.,2.999));
#3790 = CARTESIAN_POINT('',(4.8,-4.,3.));
#3791 = ORIENTED_EDGE('',*,*,#2031,.F.);
#3792 = B_SPLINE_SURFACE_WITH_KNOTS('',1,1,(
    (#3793,#3794)
    ,(#3795,#3796
    )),.UNSPECIFIED.,.F.,.F.,.F.,(2,2),(2,2),(0.,9.999999999999E-04),(0.
    ,8.),.PIECEWISE_BEZIER_KNOTS.);
#3793 = CARTESIAN_POINT('',(4.8,-4.,2.999));
#3794 = CARTESIAN_POINT('',(12.8,-4.,2.999));
#3795 = CARTESIAN_POINT('',(4.8,-4.,3.));
#3796 = CARTESIAN_POINT('',(12.8,-4.,3.));
#3797 = ADVANCED_FACE('',(#3798),#3814,.F.);
#3798 = FACE_BOUND('',#3799,.F.);
#3799 = EDGE_LOOP('',(#3800,#3801,#3808,#3813));
#3800 = ORIENTED_EDGE('',*,*,#3773,.F.);
#3801 = ORIENTED_EDGE('',*,*,#3802,.T.);
#3802 = EDGE_CURVE('',#3774,#3803,#3805,.T.);
#3803 = VERTEX_POINT('',#3804);
#3804 = CARTESIAN_POINT('',(12.8,4.,2.999));
#3805 = B_SPLINE_CURVE_WITH_KNOTS('',1,(#3806,#3807),.UNSPECIFIED.,.F.,
  .F.,(2,2),(0.,8.),.PIECEWISE_BEZIER_KNOTS.);
#3806 = CARTESIAN_POINT('',(12.8,-4.,2.999));
#3807 = CARTESIAN_POINT('',(12.8,4.,2.999));
#3808 = ORIENTED_EDGE('',*,*,#3809,.T.);
#3809 = EDGE_CURVE('',#3803,#2048,#3810,.T.);
#3810 = B_SPLINE_CURVE_WITH_KNOTS('',1,(#3811,#3812),.UNSPECIFIED.,.F.,
  .F.,(2,2),(0.,9.999999999999E-04),.PIECEWISE_BEZIER_KNOTS.);
#3811 = CARTESIAN_POINT('',(12.8,4.,2.999));
#3812 = CARTESIAN_POINT('',(12.8,4.,3.));
#3813 = ORIENTED_EDGE('',*,*,#2054,.F.);
#3814 = B_SPLINE_SURFACE_WITH_KNOTS('',1,1,(
    (#3815,#3816)
    ,(#3817,#3818
    )),.UNSPECIFIED.,.F.,.F.,.F.,(2,2),(2,2),(0.,9.999999999999E-04),(
    -8.,0.),.PIECEWISE_BEZIER_KNOTS.);
#3815 = CARTESIAN_POINT('',(12.8,4.,2.999));
#3816 = CARTESIAN_POINT('',(12.8,-4.,2.999));
#3817 = CARTESIAN_POINT('',(12.8,4.,3.));
#3818 = CARTESIAN_POINT('',(12.8,-4.,3.));
#3819 = ADVANCED_FACE('',(#3820),#3836,.F.);
#3820 = FACE_BOUND('',#3821,.F.);
#3821 = EDGE_LOOP('',(#3822,#3823,#3830,#3835));
#3822 = ORIENTED_EDGE('',*,*,#3809,.F.);
#3823 = ORIENTED_EDGE('',*,*,#3824,.F.);
#3824 = EDGE_CURVE('',#3825,#3803,#3827,.T.);
#3825 = VERTEX_POINT('',#3826);
#3826 = CARTESIAN_POINT('',(4.8,4.,2.999));
#3827 = B_SPLINE_CURVE_WITH_KNOTS('',1,(#3828,#3829),.UNSPECIFIED.,.F.,
  .F.,(2,2),(0.,8.),.PIECEWISE_BEZIER_KNOTS.);
#3828 = CARTESIAN_POINT('',(4.8,4.,2.999));
#3829 = CARTESIAN_POINT('',(12.8,4.,2.999));
#3830 = ORIENTED_EDGE('',*,*,#3831,.T.);
#3831 = EDGE_CURVE('',#3825,#2041,#3832,.T.);
#3832 = B_SPLINE_CURVE_WITH_KNOTS('',1,(#3833,#3834),.UNSPECIFIED.,.F.,
  .F.,(2,2),(0.,9.999999999999E-04),.PIECEWISE_BEZIER_KNOTS.);
#3833 = CARTESIAN_POINT('',(4.8,4.,2.999));
#3834 = CARTESIAN_POINT('',(4.8,4.,3.));
#3835 = ORIENTED_EDGE('',*,*,#2047,.F.);
#3836 = B_SPLINE_SURFACE_WITH_KNOTS('',1,1,(
    (#3837,#3838)
    ,(#3839,#3840
    )),.UNSPECIFIED.,.F.,.F.,.F.,(2,2),(2,2),(0.,9.999999999999E-04),(0.
    ,8.),.PIECEWISE_BEZIER_KNOTS.);
#3837 = CARTESIAN_POINT('',(4.8,4.,2.999));
#3838 = CARTESIAN_POINT('',(12.8,4.,2.999));
#3839 = CARTESIAN_POINT('',(4.8,4.,3.));
#3840 = CARTESIAN_POINT('',(12.8,4.,3.));
#3841 = ADVANCED_FACE('',(#3842),#3852,.T.);
#3842 = FACE_BOUND('',#3843,.T.);
#3843 = EDGE_LOOP('',(#3844,#3845,#3850,#3851));
#3844 = ORIENTED_EDGE('',*,*,#3787,.F.);
#3845 = ORIENTED_EDGE('',*,*,#3846,.T.);
#3846 = EDGE_CURVE('',#3781,#3825,#3847,.T.);
#3847 = B_SPLINE_CURVE_WITH_KNOTS('',1,(#3848,#3849),.UNSPECIFIED.,.F.,
  .F.,(2,2),(0.,8.),.PIECEWISE_BEZIER_KNOTS.);
#3848 = CARTESIAN_POINT('',(4.8,-4.,2.999));
#3849 = CARTESIAN_POINT('',(4.8,4.,2.999));
#3850 = ORIENTED_EDGE('',*,*,#3831,.T.);
#3851 = ORIENTED_EDGE('',*,*,#2040,.F.);
#3852 = B_SPLINE_SURFACE_WITH_KNOTS('',1,1,(
    (#3853,#3854)
    ,(#3855,#3856
    )),.UNSPECIFIED.,.F.,.F.,.F.,(2,2),(2,2),(0.,9.999999999999E-04),(
    -8.,0.),.PIECEWISE_BEZIER_KNOTS.);
#3853 = CARTESIAN_POINT('',(4.8,4.,2.999));
#3854 = CARTESIAN_POINT('',(4.8,-4.,2.999));
#3855 = CARTESIAN_POINT('',(4.8,4.,3.));
#3856 = CARTESIAN_POINT('',(4.8,-4.,3.));
#3857 = ADVANCED_FACE('',(#3858),#3880,.T.);
#3858 = FACE_BOUND('',#3859,.T.);
#3859 = EDGE_LOOP('',(#3860,#3867,#3874,#3879));
#3860 = ORIENTED_EDGE('',*,*,#3861,.F.);
#3861 = EDGE_CURVE('',#3862,#2062,#3864,.T.);
#3862 = VERTEX_POINT('',#3863);
#3863 = CARTESIAN_POINT('',(4.,4.8,2.999));
#3864 = B_SPLINE_CURVE_WITH_KNOTS('',1,(#3865,#3866),.UNSPECIFIED.,.F.,
  .F.,(2,2),(0.,9.999999999999E-04),.PIECEWISE_BEZIER_KNOTS.);
#3865 = CARTESIAN_POINT('',(4.,4.8,2.999));
#3866 = CARTESIAN_POINT('',(4.,4.8,3.));
#3867 = ORIENTED_EDGE('',*,*,#3868,.F.);
#3868 = EDGE_CURVE('',#3869,#3862,#3871,.T.);
#3869 = VERTEX_POINT('',#3870);
#3870 = CARTESIAN_POINT('',(-4.,4.8,2.999));
#3871 = B_SPLINE_CURVE_WITH_KNOTS('',1,(#3872,#3873),.UNSPECIFIED.,.F.,
  .F.,(2,2),(0.,8.),.PIECEWISE_BEZIER_KNOTS.);
#3872 = CARTESIAN_POINT('',(-4.,4.8,2.999));
#3873 = CARTESIAN_POINT('',(4.,4.8,2.999));
#3874 = ORIENTED_EDGE('',*,*,#3875,.T.);
#3875 = EDGE_CURVE('',#3869,#2064,#3876,.T.);
#3876 = B_SPLINE_CURVE_WITH_KNOTS('',1,(#3877,#3878),.UNSPECIFIED.,.F.,
  .F.,(2,2),(0.,9.999999999999E-04),.PIECEWISE_BEZIER_KNOTS.);
#3877 = CARTESIAN_POINT('',(-4.,4.8,2.999));
#3878 = CARTESIAN_POINT('',(-4.,4.8,3.));
#3879 = ORIENTED_EDGE('',*,*,#2061,.F.);
#3880 = B_SPLINE_SURFACE_WITH_KNOTS('',1,1,(
    (#3881,#3882)
    ,(#3883,#3884
    )),.UNSPECIFIED.,.F.,.F.,.F.,(2,2),(2,2),(0.,9.999999999999E-04),(0.
    ,8.),.PIECEWISE_BEZIER_KNOTS.);
#3881 = CARTESIAN_POINT('',(-4.,4.8,2.999));
#3882 = CARTESIAN_POINT('',(4.,4.8,2.999));
#3883 = CARTESIAN_POINT('',(-4.,4.8,3.));
#3884 = CARTESIAN_POINT('',(4.,4.8,3.));
#3885 = ADVANCED_FACE('',(#3886),#3902,.F.);
#3886 = FACE_BOUND('',#3887,.F.);
#3887 = EDGE_LOOP('',(#3888,#3889,#3896,#3901));
#3888 = ORIENTED_EDGE('',*,*,#3861,.F.);
#3889 = ORIENTED_EDGE('',*,*,#3890,.T.);
#3890 = EDGE_CURVE('',#3862,#3891,#3893,.T.);
#3891 = VERTEX_POINT('',#3892);
#3892 = CARTESIAN_POINT('',(4.,12.8,2.999));
#3893 = B_SPLINE_CURVE_WITH_KNOTS('',1,(#3894,#3895),.UNSPECIFIED.,.F.,
  .F.,(2,2),(0.,8.),.PIECEWISE_BEZIER_KNOTS.);
#3894 = CARTESIAN_POINT('',(4.,4.8,2.999));
#3895 = CARTESIAN_POINT('',(4.,12.8,2.999));
#3896 = ORIENTED_EDGE('',*,*,#3897,.T.);
#3897 = EDGE_CURVE('',#3891,#2078,#3898,.T.);
#3898 = B_SPLINE_CURVE_WITH_KNOTS('',1,(#3899,#3900),.UNSPECIFIED.,.F.,
  .F.,(2,2),(0.,9.999999999999E-04),.PIECEWISE_BEZIER_KNOTS.);
#3899 = CARTESIAN_POINT('',(4.,12.8,2.999));
#3900 = CARTESIAN_POINT('',(4.,12.8,3.));
#3901 = ORIENTED_EDGE('',*,*,#2084,.F.);
#3902 = B_SPLINE_SURFACE_WITH_KNOTS('',1,1,(
    (#3903,#3904)
    ,(#3905,#3906
    )),.UNSPECIFIED.,.F.,.F.,.F.,(2,2),(2,2),(0.,9.999999999999E-04),(
    -8.,0.),.PIECEWISE_BEZIER_KNOTS.);
#3903 = CARTESIAN_POINT('',(4.,12.8,2.999));
#3904 = CARTESIAN_POINT('',(4.,4.8,2.999));
#3905 = CARTESIAN_POINT('',(4.,12.8,3.));
#3906 = CARTESIAN_POINT('',(4.,4.8,3.));
#3907 = ADVANCED_FACE('',(#3908),#3924,.F.);
#3908 = FACE_BOUND('',#3909,.F.);
#3909 = EDGE_LOOP('',(#3910,#3911,#3918,#3923));
#3910 = ORIENTED_EDGE('',*,*,#3897,.F.);
#3911 = ORIENTED_EDGE('',*,*,#3912,.F.);
#3912 = EDGE_CURVE('',#3913,#3891,#3915,.T.);
#3913 = VERTEX_POINT('',#3914);
#3914 = CARTESIAN_POINT('',(-4.,12.8,2.999));
#3915 = B_SPLINE_CURVE_WITH_KNOTS('',1,(#3916,#3917),.UNSPECIFIED.,.F.,
  .F.,(2,2),(0.,8.),.PIECEWISE_BEZIER_KNOTS.);
#3916 = CARTESIAN_POINT('',(-4.,12.8,2.999));
#3917 = CARTESIAN_POINT('',(4.,12.8,2.999));
#3918 = ORIENTED_EDGE('',*,*,#3919,.T.);
#3919 = EDGE_CURVE('',#3913,#2071,#3920,.T.);
#3920 = B_SPLINE_CURVE_WITH_KNOTS('',1,(#3921,#3922),.UNSPECIFIED.,.F.,
  .F.,(2,2),(0.,9.999999999999E-04),.PIECEWISE_BEZIER_KNOTS.);
#3921 = CARTESIAN_POINT('',(-4.,12.8,2.999));
#3922 = CARTESIAN_POINT('',(-4.,12.8,3.));
#3923 = ORIENTED_EDGE('',*,*,#2077,.F.);
#3924 = B_SPLINE_SURFACE_WITH_KNOTS('',1,1,(
    (#3925,#3926)
    ,(#3927,#3928
    )),.UNSPECIFIED.,.F.,.F.,.F.,(2,2),(2,2),(0.,9.999999999999E-04),(0.
    ,8.),.PIECEWISE_BEZIER_KNOTS.);
#3925 = CARTESIAN_POINT('',(-4.,12.8,2.999));
#3926 = CARTESIAN_POINT('',(4.,12.8,2.999));
#3927 = CARTESIAN_POINT('',(-4.,12.8,3.));
#3928 = CARTESIAN_POINT('',(4.,12.8,3.));
#3929 = ADVANCED_FACE('',(#3930),#3940,.T.);
#3930 = FACE_BOUND('',#3931,.T.);
#3931 = EDGE_LOOP('',(#3932,#3933,#3938,#3939));
#3932 = ORIENTED_EDGE('',*,*,#3875,.F.);
#3933 = ORIENTED_EDGE('',*,*,#3934,.T.);
#3934 = EDGE_CURVE('',#3869,#3913,#3935,.T.);
#3935 = B_SPLINE_CURVE_WITH_KNOTS('',1,(#3936,#3937),.UNSPECIFIED.,.F.,
  .F.,(2,2),(0.,8.),.PIECEWISE_BEZIER_KNOTS.);
#3936 = CARTESIAN_POINT('',(-4.,4.8,2.999));
#3937 = CARTESIAN_POINT('',(-4.,12.8,2.999));
#3938 = ORIENTED_EDGE('',*,*,#3919,.T.);
#3939 = ORIENTED_EDGE('',*,*,#2070,.F.);
#3940 = B_SPLINE_SURFACE_WITH_KNOTS('',1,1,(
    (#3941,#3942)
    ,(#3943,#3944
    )),.UNSPECIFIED.,.F.,.F.,.F.,(2,2),(2,2),(0.,9.999999999999E-04),(
    -8.,0.),.PIECEWISE_BEZIER_KNOTS.);
#3941 = CARTESIAN_POINT('',(-4.,12.8,2.999));
#3942 = CARTESIAN_POINT('',(-4.,4.8,2.999));
#3943 = CARTESIAN_POINT('',(-4.,12.8,3.));
#3944 = CARTESIAN_POINT('',(-4.,4.8,3.));
#3945 = ADVANCED_FACE('',(#3946),#3968,.T.);
#3946 = FACE_BOUND('',#3947,.T.);
#3947 = EDGE_LOOP('',(#3948,#3955,#3962,#3967));
#3948 = ORIENTED_EDGE('',*,*,#3949,.F.);
#3949 = EDGE_CURVE('',#3950,#2092,#3952,.T.);
#3950 = VERTEX_POINT('',#3951);
#3951 = CARTESIAN_POINT('',(12.8,4.8,2.999));
#3952 = B_SPLINE_CURVE_WITH_KNOTS('',1,(#3953,#3954),.UNSPECIFIED.,.F.,
  .F.,(2,2),(0.,9.999999999999E-04),.PIECEWISE_BEZIER_KNOTS.);
#3953 = CARTESIAN_POINT('',(12.8,4.8,2.999));
#3954 = CARTESIAN_POINT('',(12.8,4.8,3.));
#3955 = ORIENTED_EDGE('',*,*,#3956,.F.);
#3956 = EDGE_CURVE('',#3957,#3950,#3959,.T.);
#3957 = VERTEX_POINT('',#3958);
#3958 = CARTESIAN_POINT('',(4.8,4.8,2.999));
#3959 = B_SPLINE_CURVE_WITH_KNOTS('',1,(#3960,#3961),.UNSPECIFIED.,.F.,
  .F.,(2,2),(0.,8.),.PIECEWISE_BEZIER_KNOTS.);
#3960 = CARTESIAN_POINT('',(4.8,4.8,2.999));
#3961 = CARTESIAN_POINT('',(12.8,4.8,2.999));
#3962 = ORIENTED_EDGE('',*,*,#3963,.T.);
#3963 = EDGE_CURVE('',#3957,#2094,#3964,.T.);
#3964 = B_SPLINE_CURVE_WITH_KNOTS('',1,(#3965,#3966),.UNSPECIFIED.,.F.,
  .F.,(2,2),(0.,9.999999999999E-04),.PIECEWISE_BEZIER_KNOTS.);
#3965 = CARTESIAN_POINT('',(4.8,4.8,2.999));
#3966 = CARTESIAN_POINT('',(4.8,4.8,3.));
#3967 = ORIENTED_EDGE('',*,*,#2091,.F.);
#3968 = B_SPLINE_SURFACE_WITH_KNOTS('',1,1,(
    (#3969,#3970)
    ,(#3971,#3972
    )),.UNSPECIFIED.,.F.,.F.,.F.,(2,2),(2,2),(0.,9.999999999999E-04),(0.
    ,8.),.PIECEWISE_BEZIER_KNOTS.);
#3969 = CARTESIAN_POINT('',(4.8,4.8,2.999));
#3970 = CARTESIAN_POINT('',(12.8,4.8,2.999));
#3971 = CARTESIAN_POINT('',(4.8,4.8,3.));
#3972 = CARTESIAN_POINT('',(12.8,4.8,3.));
#3973 = ADVANCED_FACE('',(#3974),#3990,.F.);
#3974 = FACE_BOUND('',#3975,.F.);
#3975 = EDGE_LOOP('',(#3976,#3977,#3984,#3989));
#3976 = ORIENTED_EDGE('',*,*,#3949,.F.);
#3977 = ORIENTED_EDGE('',*,*,#3978,.T.);
#3978 = EDGE_CURVE('',#3950,#3979,#3981,.T.);
#3979 = VERTEX_POINT('',#3980);
#3980 = CARTESIAN_POINT('',(12.8,12.8,2.999));
#3981 = B_SPLINE_CURVE_WITH_KNOTS('',1,(#3982,#3983),.UNSPECIFIED.,.F.,
  .F.,(2,2),(0.,8.),.PIECEWISE_BEZIER_KNOTS.);
#3982 = CARTESIAN_POINT('',(12.8,4.8,2.999));
#3983 = CARTESIAN_POINT('',(12.8,12.8,2.999));
#3984 = ORIENTED_EDGE('',*,*,#3985,.T.);
#3985 = EDGE_CURVE('',#3979,#2108,#3986,.T.);
#3986 = B_SPLINE_CURVE_WITH_KNOTS('',1,(#3987,#3988),.UNSPECIFIED.,.F.,
  .F.,(2,2),(0.,9.999999999999E-04),.PIECEWISE_BEZIER_KNOTS.);
#3987 = CARTESIAN_POINT('',(12.8,12.8,2.999));
#3988 = CARTESIAN_POINT('',(12.8,12.8,3.));
#3989 = ORIENTED_EDGE('',*,*,#2114,.F.);
#3990 = B_SPLINE_SURFACE_WITH_KNOTS('',1,1,(
    (#3991,#3992)
    ,(#3993,#3994
    )),.UNSPECIFIED.,.F.,.F.,.F.,(2,2),(2,2),(0.,9.999999999999E-04),(
    -8.,0.),.PIECEWISE_BEZIER_KNOTS.);
#3991 = CARTESIAN_POINT('',(12.8,12.8,2.999));
#3992 = CARTESIAN_POINT('',(12.8,4.8,2.999));
#3993 = CARTESIAN_POINT('',(12.8,12.8,3.));
#3994 = CARTESIAN_POINT('',(12.8,4.8,3.));
#3995 = ADVANCED_FACE('',(#3996),#4012,.F.);
#3996 = FACE_BOUND('',#3997,.F.);
#3997 = EDGE_LOOP('',(#3998,#3999,#4006,#4011));
#3998 = ORIENTED_EDGE('',*,*,#3985,.F.);
#3999 = ORIENTED_EDGE('',*,*,#4000,.F.);
#4000 = EDGE_CURVE('',#4001,#3979,#4003,.T.);
#4001 = VERTEX_POINT('',#4002);
#4002 = CARTESIAN_POINT('',(4.8,12.8,2.999));
#4003 = B_SPLINE_CURVE_WITH_KNOTS('',1,(#4004,#4005),.UNSPECIFIED.,.F.,
  .F.,(2,2),(0.,8.),.PIECEWISE_BEZIER_KNOTS.);
#4004 = CARTESIAN_POINT('',(4.8,12.8,2.999));
#4005 = CARTESIAN_POINT('',(12.8,12.8,2.999));
#4006 = ORIENTED_EDGE('',*,*,#4007,.T.);
#4007 = EDGE_CURVE('',#4001,#2101,#4008,.T.);
#4008 = B_SPLINE_CURVE_WITH_KNOTS('',1,(#4009,#4010),.UNSPECIFIED.,.F.,
  .F.,(2,2),(0.,9.999999999999E-04),.PIECEWISE_BEZIER_KNOTS.);
#4009 = CARTESIAN_POINT('',(4.8,12.8,2.999));
#4010 = CARTESIAN_POINT('',(4.8,12.8,3.));
#4011 = ORIENTED_EDGE('',*,*,#2107,.F.);
#4012 = B_SPLINE_SURFACE_WITH_KNOTS('',1,1,(
    (#4013,#4014)
    ,(#4015,#4016
    )),.UNSPECIFIED.,.F.,.F.,.F.,(2,2),(2,2),(0.,9.999999999999E-04),(0.
    ,8.),.PIECEWISE_BEZIER_KNOTS.);
#4013 = CARTESIAN_POINT('',(4.8,12.8,2.999));
#4014 = CARTESIAN_POINT('',(12.8,12.8,2.999));
#4015 = CARTESIAN_POINT('',(4.8,12.8,3.));
#4016 = CARTESIAN_POINT('',(12.8,12.8,3.));
#4017 = ADVANCED_FACE('',(#4018),#4028,.T.);
#4018 = FACE_BOUND('',#4019,.T.);
#4019 = EDGE_LOOP('',(#4020,#4021,#4026,#4027));
#4020 = ORIENTED_EDGE('',*,*,#3963,.F.);
#4021 = ORIENTED_EDGE('',*,*,#4022,.T.);
#4022 = EDGE_CURVE('',#3957,#4001,#4023,.T.);
#4023 = B_SPLINE_CURVE_WITH_KNOTS('',1,(#4024,#4025),.UNSPECIFIED.,.F.,
  .F.,(2,2),(0.,8.),.PIECEWISE_BEZIER_KNOTS.);
#4024 = CARTESIAN_POINT('',(4.8,4.8,2.999));
#4025 = CARTESIAN_POINT('',(4.8,12.8,2.999));
#4026 = ORIENTED_EDGE('',*,*,#4007,.T.);
#4027 = ORIENTED_EDGE('',*,*,#2100,.F.);
#4028 = B_SPLINE_SURFACE_WITH_KNOTS('',1,1,(
    (#4029,#4030)
    ,(#4031,#4032
    )),.UNSPECIFIED.,.F.,.F.,.F.,(2,2),(2,2),(0.,9.999999999999E-04),(
    -8.,0.),.PIECEWISE_BEZIER_KNOTS.);
#4029 = CARTESIAN_POINT('',(4.8,12.8,2.999));
#4030 = CARTESIAN_POINT('',(4.8,4.8,2.999));
#4031 = CARTESIAN_POINT('',(4.8,12.8,3.));
#4032 = CARTESIAN_POINT('',(4.8,4.8,3.));
#4033 = ADVANCED_FACE('',(#4034),#4056,.T.);
#4034 = FACE_BOUND('',#4035,.T.);
#4035 = EDGE_LOOP('',(#4036,#4043,#4050,#4055));
#4036 = ORIENTED_EDGE('',*,*,#4037,.F.);
#4037 = EDGE_CURVE('',#4038,#2122,#4040,.T.);
#4038 = VERTEX_POINT('',#4039);
#4039 = CARTESIAN_POINT('',(21.6,-4.,2.999));
#4040 = B_SPLINE_CURVE_WITH_KNOTS('',1,(#4041,#4042),.UNSPECIFIED.,.F.,
  .F.,(2,2),(0.,9.999999999999E-04),.PIECEWISE_BEZIER_KNOTS.);
#4041 = CARTESIAN_POINT('',(21.6,-4.,2.999));
#4042 = CARTESIAN_POINT('',(21.6,-4.,3.));
#4043 = ORIENTED_EDGE('',*,*,#4044,.F.);
#4044 = EDGE_CURVE('',#4045,#4038,#4047,.T.);
#4045 = VERTEX_POINT('',#4046);
#4046 = CARTESIAN_POINT('',(13.6,-4.,2.999));
#4047 = B_SPLINE_CURVE_WITH_KNOTS('',1,(#4048,#4049),.UNSPECIFIED.,.F.,
  .F.,(2,2),(0.,8.),.PIECEWISE_BEZIER_KNOTS.);
#4048 = CARTESIAN_POINT('',(13.6,-4.,2.999));
#4049 = CARTESIAN_POINT('',(21.6,-4.,2.999));
#4050 = ORIENTED_EDGE('',*,*,#4051,.T.);
#4051 = EDGE_CURVE('',#4045,#2124,#4052,.T.);
#4052 = B_SPLINE_CURVE_WITH_KNOTS('',1,(#4053,#4054),.UNSPECIFIED.,.F.,
  .F.,(2,2),(0.,9.999999999999E-04),.PIECEWISE_BEZIER_KNOTS.);
#4053 = CARTESIAN_POINT('',(13.6,-4.,2.999));
#4054 = CARTESIAN_POINT('',(13.6,-4.,3.));
#4055 = ORIENTED_EDGE('',*,*,#2121,.F.);
#4056 = B_SPLINE_SURFACE_WITH_KNOTS('',1,1,(
    (#4057,#4058)
    ,(#4059,#4060
    )),.UNSPECIFIED.,.F.,.F.,.F.,(2,2),(2,2),(0.,9.999999999999E-04),(0.
    ,8.),.PIECEWISE_BEZIER_KNOTS.);
#4057 = CARTESIAN_POINT('',(13.6,-4.,2.999));
#4058 = CARTESIAN_POINT('',(21.6,-4.,2.999));
#4059 = CARTESIAN_POINT('',(13.6,-4.,3.));
#4060 = CARTESIAN_POINT('',(21.6,-4.,3.));
#4061 = ADVANCED_FACE('',(#4062),#4078,.F.);
#4062 = FACE_BOUND('',#4063,.F.);
#4063 = EDGE_LOOP('',(#4064,#4065,#4072,#4077));
#4064 = ORIENTED_EDGE('',*,*,#4037,.F.);
#4065 = ORIENTED_EDGE('',*,*,#4066,.T.);
#4066 = EDGE_CURVE('',#4038,#4067,#4069,.T.);
#4067 = VERTEX_POINT('',#4068);
#4068 = CARTESIAN_POINT('',(21.6,4.,2.999));
#4069 = B_SPLINE_CURVE_WITH_KNOTS('',1,(#4070,#4071),.UNSPECIFIED.,.F.,
  .F.,(2,2),(0.,8.),.PIECEWISE_BEZIER_KNOTS.);
#4070 = CARTESIAN_POINT('',(21.6,-4.,2.999));
#4071 = CARTESIAN_POINT('',(21.6,4.,2.999));
#4072 = ORIENTED_EDGE('',*,*,#4073,.T.);
#4073 = EDGE_CURVE('',#4067,#2138,#4074,.T.);
#4074 = B_SPLINE_CURVE_WITH_KNOTS('',1,(#4075,#4076),.UNSPECIFIED.,.F.,
  .F.,(2,2),(0.,9.999999999999E-04),.PIECEWISE_BEZIER_KNOTS.);
#4075 = CARTESIAN_POINT('',(21.6,4.,2.999));
#4076 = CARTESIAN_POINT('',(21.6,4.,3.));
#4077 = ORIENTED_EDGE('',*,*,#2144,.F.);
#4078 = B_SPLINE_SURFACE_WITH_KNOTS('',1,1,(
    (#4079,#4080)
    ,(#4081,#4082
    )),.UNSPECIFIED.,.F.,.F.,.F.,(2,2),(2,2),(0.,9.999999999999E-04),(
    -8.,0.),.PIECEWISE_BEZIER_KNOTS.);
#4079 = CARTESIAN_POINT('',(21.6,4.,2.999));
#4080 = CARTESIAN_POINT('',(21.6,-4.,2.999));
#4081 = CARTESIAN_POINT('',(21.6,4.,3.));
#4082 = CARTESIAN_POINT('',(21.6,-4.,3.));
#4083 = ADVANCED_FACE('',(#4084),#4100,.F.);
#4084 = FACE_BOUND('',#4085,.F.);
#4085 = EDGE_LOOP('',(#4086,#4087,#4094,#4099));
#4086 = ORIENTED_EDGE('',*,*,#4073,.F.);
#4087 = ORIENTED_EDGE('',*,*,#4088,.F.);
#4088 = EDGE_CURVE('',#4089,#4067,#4091,.T.);
#4089 = VERTEX_POINT('',#4090);
#4090 = CARTESIAN_POINT('',(13.6,4.,2.999));
#4091 = B_SPLINE_CURVE_WITH_KNOTS('',1,(#4092,#4093),.UNSPECIFIED.,.F.,
  .F.,(2,2),(0.,8.),.PIECEWISE_BEZIER_KNOTS.);
#4092 = CARTESIAN_POINT('',(13.6,4.,2.999));
#4093 = CARTESIAN_POINT('',(21.6,4.,2.999));
#4094 = ORIENTED_EDGE('',*,*,#4095,.T.);
#4095 = EDGE_CURVE('',#4089,#2131,#4096,.T.);
#4096 = B_SPLINE_CURVE_WITH_KNOTS('',1,(#4097,#4098),.UNSPECIFIED.,.F.,
  .F.,(2,2),(0.,9.999999999999E-04),.PIECEWISE_BEZIER_KNOTS.);
#4097 = CARTESIAN_POINT('',(13.6,4.,2.999));
#4098 = CARTESIAN_POINT('',(13.6,4.,3.));
#4099 = ORIENTED_EDGE('',*,*,#2137,.F.);
#4100 = B_SPLINE_SURFACE_WITH_KNOTS('',1,1,(
    (#4101,#4102)
    ,(#4103,#4104
    )),.UNSPECIFIED.,.F.,.F.,.F.,(2,2),(2,2),(0.,9.999999999999E-04),(0.
    ,8.),.PIECEWISE_BEZIER_KNOTS.);
#4101 = CARTESIAN_POINT('',(13.6,4.,2.999));
#4102 = CARTESIAN_POINT('',(21.6,4.,2.999));
#4103 = CARTESIAN_POINT('',(13.6,4.,3.));
#4104 = CARTESIAN_POINT('',(21.6,4.,3.));
#4105 = ADVANCED_FACE('',(#4106),#4116,.T.);
#4106 = FACE_BOUND('',#4107,.T.);
#4107 = EDGE_LOOP('',(#4108,#4109,#4114,#4115));
#4108 = ORIENTED_EDGE('',*,*,#4051,.F.);
#4109 = ORIENTED_EDGE('',*,*,#4110,.T.);
#4110 = EDGE_CURVE('',#4045,#4089,#4111,.T.);
#4111 = B_SPLINE_CURVE_WITH_KNOTS('',1,(#4112,#4113),.UNSPECIFIED.,.F.,
  .F.,(2,2),(0.,8.),.PIECEWISE_BEZIER_KNOTS.);
#4112 = CARTESIAN_POINT('',(13.6,-4.,2.999));
#4113 = CARTESIAN_POINT('',(13.6,4.,2.999));
#4114 = ORIENTED_EDGE('',*,*,#4095,.T.);
#4115 = ORIENTED_EDGE('',*,*,#2130,.F.);
#4116 = B_SPLINE_SURFACE_WITH_KNOTS('',1,1,(
    (#4117,#4118)
    ,(#4119,#4120
    )),.UNSPECIFIED.,.F.,.F.,.F.,(2,2),(2,2),(0.,9.999999999999E-04),(
    -8.,0.),.PIECEWISE_BEZIER_KNOTS.);
#4117 = CARTESIAN_POINT('',(13.6,4.,2.999));
#4118 = CARTESIAN_POINT('',(13.6,-4.,2.999));
#4119 = CARTESIAN_POINT('',(13.6,4.,3.));
#4120 = CARTESIAN_POINT('',(13.6,-4.,3.));
#4121 = ADVANCED_FACE('',(#4122),#4144,.T.);
#4122 = FACE_BOUND('',#4123,.T.);
#4123 = EDGE_LOOP('',(#4124,#4131,#4138,#4143));
#4124 = ORIENTED_EDGE('',*,*,#4125,.F.);
#4125 = EDGE_CURVE('',#4126,#2152,#4128,.T.);
#4126 = VERTEX_POINT('',#4127);
#4127 = CARTESIAN_POINT('',(21.6,4.8,2.999));
#4128 = B_SPLINE_CURVE_WITH_KNOTS('',1,(#4129,#4130),.UNSPECIFIED.,.F.,
  .F.,(2,2),(0.,9.999999999999E-04),.PIECEWISE_BEZIER_KNOTS.);
#4129 = CARTESIAN_POINT('',(21.6,4.8,2.999));
#4130 = CARTESIAN_POINT('',(21.6,4.8,3.));
#4131 = ORIENTED_EDGE('',*,*,#4132,.F.);
#4132 = EDGE_CURVE('',#4133,#4126,#4135,.T.);
#4133 = VERTEX_POINT('',#4134);
#4134 = CARTESIAN_POINT('',(13.6,4.8,2.999));
#4135 = B_SPLINE_CURVE_WITH_KNOTS('',1,(#4136,#4137),.UNSPECIFIED.,.F.,
  .F.,(2,2),(0.,8.),.PIECEWISE_BEZIER_KNOTS.);
#4136 = CARTESIAN_POINT('',(13.6,4.8,2.999));
#4137 = CARTESIAN_POINT('',(21.6,4.8,2.999));
#4138 = ORIENTED_EDGE('',*,*,#4139,.T.);
#4139 = EDGE_CURVE('',#4133,#2154,#4140,.T.);
#4140 = B_SPLINE_CURVE_WITH_KNOTS('',1,(#4141,#4142),.UNSPECIFIED.,.F.,
  .F.,(2,2),(0.,9.999999999999E-04),.PIECEWISE_BEZIER_KNOTS.);
#4141 = CARTESIAN_POINT('',(13.6,4.8,2.999));
#4142 = CARTESIAN_POINT('',(13.6,4.8,3.));
#4143 = ORIENTED_EDGE('',*,*,#2151,.F.);
#4144 = B_SPLINE_SURFACE_WITH_KNOTS('',1,1,(
    (#4145,#4146)
    ,(#4147,#4148
    )),.UNSPECIFIED.,.F.,.F.,.F.,(2,2),(2,2),(0.,9.999999999999E-04),(0.
    ,8.),.PIECEWISE_BEZIER_KNOTS.);
#4145 = CARTESIAN_POINT('',(13.6,4.8,2.999));
#4146 = CARTESIAN_POINT('',(21.6,4.8,2.999));
#4147 = CARTESIAN_POINT('',(13.6,4.8,3.));
#4148 = CARTESIAN_POINT('',(21.6,4.8,3.));
#4149 = ADVANCED_FACE('',(#4150),#4166,.F.);
#4150 = FACE_BOUND('',#4151,.F.);
#4151 = EDGE_LOOP('',(#4152,#4153,#4160,#4165));
#4152 = ORIENTED_EDGE('',*,*,#4125,.F.);
#4153 = ORIENTED_EDGE('',*,*,#4154,.T.);
#4154 = EDGE_CURVE('',#4126,#4155,#4157,.T.);
#4155 = VERTEX_POINT('',#4156);
#4156 = CARTESIAN_POINT('',(21.6,12.8,2.999));
#4157 = B_SPLINE_CURVE_WITH_KNOTS('',1,(#4158,#4159),.UNSPECIFIED.,.F.,
  .F.,(2,2),(0.,8.),.PIECEWISE_BEZIER_KNOTS.);
#4158 = CARTESIAN_POINT('',(21.6,4.8,2.999));
#4159 = CARTESIAN_POINT('',(21.6,12.8,2.999));
#4160 = ORIENTED_EDGE('',*,*,#4161,.T.);
#4161 = EDGE_CURVE('',#4155,#2168,#4162,.T.);
#4162 = B_SPLINE_CURVE_WITH_KNOTS('',1,(#4163,#4164),.UNSPECIFIED.,.F.,
  .F.,(2,2),(0.,9.999999999999E-04),.PIECEWISE_BEZIER_KNOTS.);
#4163 = CARTESIAN_POINT('',(21.6,12.8,2.999));
#4164 = CARTESIAN_POINT('',(21.6,12.8,3.));
#4165 = ORIENTED_EDGE('',*,*,#2174,.F.);
#4166 = B_SPLINE_SURFACE_WITH_KNOTS('',1,1,(
    (#4167,#4168)
    ,(#4169,#4170
    )),.UNSPECIFIED.,.F.,.F.,.F.,(2,2),(2,2),(0.,9.999999999999E-04),(
    -8.,0.),.PIECEWISE_BEZIER_KNOTS.);
#4167 = CARTESIAN_POINT('',(21.6,12.8,2.999));
#4168 = CARTESIAN_POINT('',(21.6,4.8,2.999));
#4169 = CARTESIAN_POINT('',(21.6,12.8,3.));
#4170 = CARTESIAN_POINT('',(21.6,4.8,3.));
#4171 = ADVANCED_FACE('',(#4172),#4188,.F.);
#4172 = FACE_BOUND('',#4173,.F.);
#4173 = EDGE_LOOP('',(#4174,#4175,#4182,#4187));
#4174 = ORIENTED_EDGE('',*,*,#4161,.F.);
#4175 = ORIENTED_EDGE('',*,*,#4176,.F.);
#4176 = EDGE_CURVE('',#4177,#4155,#4179,.T.);
#4177 = VERTEX_POINT('',#4178);
#4178 = CARTESIAN_POINT('',(13.6,12.8,2.999));
#4179 = B_SPLINE_CURVE_WITH_KNOTS('',1,(#4180,#4181),.UNSPECIFIED.,.F.,
  .F.,(2,2),(0.,8.),.PIECEWISE_BEZIER_KNOTS.);
#4180 = CARTESIAN_POINT('',(13.6,12.8,2.999));
#4181 = CARTESIAN_POINT('',(21.6,12.8,2.999));
#4182 = ORIENTED_EDGE('',*,*,#4183,.T.);
#4183 = EDGE_CURVE('',#4177,#2161,#4184,.T.);
#4184 = B_SPLINE_CURVE_WITH_KNOTS('',1,(#4185,#4186),.UNSPECIFIED.,.F.,
  .F.,(2,2),(0.,9.999999999999E-04),.PIECEWISE_BEZIER_KNOTS.);
#4185 = CARTESIAN_POINT('',(13.6,12.8,2.999));
#4186 = CARTESIAN_POINT('',(13.6,12.8,3.));
#4187 = ORIENTED_EDGE('',*,*,#2167,.F.);
#4188 = B_SPLINE_SURFACE_WITH_KNOTS('',1,1,(
    (#4189,#4190)
    ,(#4191,#4192
    )),.UNSPECIFIED.,.F.,.F.,.F.,(2,2),(2,2),(0.,9.999999999999E-04),(0.
    ,8.),.PIECEWISE_BEZIER_KNOTS.);
#4189 = CARTESIAN_POINT('',(13.6,12.8,2.999));
#4190 = CARTESIAN_POINT('',(21.6,12.8,2.999));
#4191 = CARTESIAN_POINT('',(13.6,12.8,3.));
#4192 = CARTESIAN_POINT('',(21.6,12.8,3.));
#4193 = ADVANCED_FACE('',(#4194),#4204,.T.);
#4194 = FACE_BOUND('',#4195,.T.);
#4195 = EDGE_LOOP('',(#4196,#4197,#4202,#4203));
#4196 = ORIENTED_EDGE('',*,*,#4139,.F.);
#4197 = ORIENTED_EDGE('',*,*,#4198,.T.);
#4198 = EDGE_CURVE('',#4133,#4177,#4199,.T.);
#4199 = B_SPLINE_CURVE_WITH_KNOTS('',1,(#4200,#4201),.UNSPECIFIED.,.F.,
  .F.,(2,2),(0.,8.),.PIECEWISE_BEZIER_KNOTS.);
#4200 = CARTESIAN_POINT('',(13.6,4.8,2.999));
#4201 = CARTESIAN_POINT('',(13.6,12.8,2.999));
#4202 = ORIENTED_EDGE('',*,*,#4183,.T.);
#4203 = ORIENTED_EDGE('',*,*,#2160,.F.);
#4204 = B_SPLINE_SURFACE_WITH_KNOTS('',1,1,(
    (#4205,#4206)
    ,(#4207,#4208
    )),.UNSPECIFIED.,.F.,.F.,.F.,(2,2),(2,2),(0.,9.999999999999E-04),(
    -8.,0.),.PIECEWISE_BEZIER_KNOTS.);
#4205 = CARTESIAN_POINT('',(13.6,12.8,2.999));
#4206 = CARTESIAN_POINT('',(13.6,4.8,2.999));
#4207 = CARTESIAN_POINT('',(13.6,12.8,3.));
#4208 = CARTESIAN_POINT('',(13.6,4.8,3.));
#4209 = ADVANCED_FACE('',(#4210),#4232,.T.);
#4210 = FACE_BOUND('',#4211,.T.);
#4211 = EDGE_LOOP('',(#4212,#4219,#4226,#4231));
#4212 = ORIENTED_EDGE('',*,*,#4213,.F.);
#4213 = EDGE_CURVE('',#4214,#2182,#4216,.T.);
#4214 = VERTEX_POINT('',#4215);
#4215 = CARTESIAN_POINT('',(4.,13.6,2.999));
#4216 = B_SPLINE_CURVE_WITH_KNOTS('',1,(#4217,#4218),.UNSPECIFIED.,.F.,
  .F.,(2,2),(0.,9.999999999999E-04),.PIECEWISE_BEZIER_KNOTS.);
#4217 = CARTESIAN_POINT('',(4.,13.6,2.999));
#4218 = CARTESIAN_POINT('',(4.,13.6,3.));
#4219 = ORIENTED_EDGE('',*,*,#4220,.F.);
#4220 = EDGE_CURVE('',#4221,#4214,#4223,.T.);
#4221 = VERTEX_POINT('',#4222);
#4222 = CARTESIAN_POINT('',(-4.,13.6,2.999));
#4223 = B_SPLINE_CURVE_WITH_KNOTS('',1,(#4224,#4225),.UNSPECIFIED.,.F.,
  .F.,(2,2),(0.,8.),.PIECEWISE_BEZIER_KNOTS.);
#4224 = CARTESIAN_POINT('',(-4.,13.6,2.999));
#4225 = CARTESIAN_POINT('',(4.,13.6,2.999));
#4226 = ORIENTED_EDGE('',*,*,#4227,.T.);
#4227 = EDGE_CURVE('',#4221,#2184,#4228,.T.);
#4228 = B_SPLINE_CURVE_WITH_KNOTS('',1,(#4229,#4230),.UNSPECIFIED.,.F.,
  .F.,(2,2),(0.,9.999999999999E-04),.PIECEWISE_BEZIER_KNOTS.);
#4229 = CARTESIAN_POINT('',(-4.,13.6,2.999));
#4230 = CARTESIAN_POINT('',(-4.,13.6,3.));
#4231 = ORIENTED_EDGE('',*,*,#2181,.F.);
#4232 = B_SPLINE_SURFACE_WITH_KNOTS('',1,1,(
    (#4233,#4234)
    ,(#4235,#4236
    )),.UNSPECIFIED.,.F.,.F.,.F.,(2,2),(2,2),(0.,9.999999999999E-04),(0.
    ,8.),.PIECEWISE_BEZIER_KNOTS.);
#4233 = CARTESIAN_POINT('',(-4.,13.6,2.999));
#4234 = CARTESIAN_POINT('',(4.,13.6,2.999));
#4235 = CARTESIAN_POINT('',(-4.,13.6,3.));
#4236 = CARTESIAN_POINT('',(4.,13.6,3.));
#4237 = ADVANCED_FACE('',(#4238),#4254,.F.);
#4238 = FACE_BOUND('',#4239,.F.);
#4239 = EDGE_LOOP('',(#4240,#4241,#4248,#4253));
#4240 = ORIENTED_EDGE('',*,*,#4213,.F.);
#4241 = ORIENTED_EDGE('',*,*,#4242,.T.);
#4242 = EDGE_CURVE('',#4214,#4243,#4245,.T.);
#4243 = VERTEX_POINT('',#4244);
#4244 = CARTESIAN_POINT('',(4.,21.6,2.999));
#4245 = B_SPLINE_CURVE_WITH_KNOTS('',1,(#4246,#4247),.UNSPECIFIED.,.F.,
  .F.,(2,2),(0.,8.),.PIECEWISE_BEZIER_KNOTS.);
#4246 = CARTESIAN_POINT('',(4.,13.6,2.999));
#4247 = CARTESIAN_POINT('',(4.,21.6,2.999));
#4248 = ORIENTED_EDGE('',*,*,#4249,.T.);
#4249 = EDGE_CURVE('',#4243,#2198,#4250,.T.);
#4250 = B_SPLINE_CURVE_WITH_KNOTS('',1,(#4251,#4252),.UNSPECIFIED.,.F.,
  .F.,(2,2),(0.,9.999999999999E-04),.PIECEWISE_BEZIER_KNOTS.);
#4251 = CARTESIAN_POINT('',(4.,21.6,2.999));
#4252 = CARTESIAN_POINT('',(4.,21.6,3.));
#4253 = ORIENTED_EDGE('',*,*,#2204,.F.);
#4254 = B_SPLINE_SURFACE_WITH_KNOTS('',1,1,(
    (#4255,#4256)
    ,(#4257,#4258
    )),.UNSPECIFIED.,.F.,.F.,.F.,(2,2),(2,2),(0.,9.999999999999E-04),(
    -8.,0.),.PIECEWISE_BEZIER_KNOTS.);
#4255 = CARTESIAN_POINT('',(4.,21.6,2.999));
#4256 = CARTESIAN_POINT('',(4.,13.6,2.999));
#4257 = CARTESIAN_POINT('',(4.,21.6,3.));
#4258 = CARTESIAN_POINT('',(4.,13.6,3.));
#4259 = ADVANCED_FACE('',(#4260),#4276,.F.);
#4260 = FACE_BOUND('',#4261,.F.);
#4261 = EDGE_LOOP('',(#4262,#4263,#4270,#4275));
#4262 = ORIENTED_EDGE('',*,*,#4249,.F.);
#4263 = ORIENTED_EDGE('',*,*,#4264,.F.);
#4264 = EDGE_CURVE('',#4265,#4243,#4267,.T.);
#4265 = VERTEX_POINT('',#4266);
#4266 = CARTESIAN_POINT('',(-4.,21.6,2.999));
#4267 = B_SPLINE_CURVE_WITH_KNOTS('',1,(#4268,#4269),.UNSPECIFIED.,.F.,
  .F.,(2,2),(0.,8.),.PIECEWISE_BEZIER_KNOTS.);
#4268 = CARTESIAN_POINT('',(-4.,21.6,2.999));
#4269 = CARTESIAN_POINT('',(4.,21.6,2.999));
#4270 = ORIENTED_EDGE('',*,*,#4271,.T.);
#4271 = EDGE_CURVE('',#4265,#2191,#4272,.T.);
#4272 = B_SPLINE_CURVE_WITH_KNOTS('',1,(#4273,#4274),.UNSPECIFIED.,.F.,
  .F.,(2,2),(0.,9.999999999999E-04),.PIECEWISE_BEZIER_KNOTS.);
#4273 = CARTESIAN_POINT('',(-4.,21.6,2.999));
#4274 = CARTESIAN_POINT('',(-4.,21.6,3.));
#4275 = ORIENTED_EDGE('',*,*,#2197,.F.);
#4276 = B_SPLINE_SURFACE_WITH_KNOTS('',1,1,(
    (#4277,#4278)
    ,(#4279,#4280
    )),.UNSPECIFIED.,.F.,.F.,.F.,(2,2),(2,2),(0.,9.999999999999E-04),(0.
    ,8.),.PIECEWISE_BEZIER_KNOTS.);
#4277 = CARTESIAN_POINT('',(-4.,21.6,2.999));
#4278 = CARTESIAN_POINT('',(4.,21.6,2.999));
#4279 = CARTESIAN_POINT('',(-4.,21.6,3.));
#4280 = CARTESIAN_POINT('',(4.,21.6,3.));
#4281 = ADVANCED_FACE('',(#4282),#4292,.T.);
#4282 = FACE_BOUND('',#4283,.T.);
#4283 = EDGE_LOOP('',(#4284,#4285,#4290,#4291));
#4284 = ORIENTED_EDGE('',*,*,#4227,.F.);
#4285 = ORIENTED_EDGE('',*,*,#4286,.T.);
#4286 = EDGE_CURVE('',#4221,#4265,#4287,.T.);
#4287 = B_SPLINE_CURVE_WITH_KNOTS('',1,(#4288,#4289),.UNSPECIFIED.,.F.,
  .F.,(2,2),(0.,8.),.PIECEWISE_BEZIER_KNOTS.);
#4288 = CARTESIAN_POINT('',(-4.,13.6,2.999));
#4289 = CARTESIAN_POINT('',(-4.,21.6,2.999));
#4290 = ORIENTED_EDGE('',*,*,#4271,.T.);
#4291 = ORIENTED_EDGE('',*,*,#2190,.F.);
#4292 = B_SPLINE_SURFACE_WITH_KNOTS('',1,1,(
    (#4293,#4294)
    ,(#4295,#4296
    )),.UNSPECIFIED.,.F.,.F.,.F.,(2,2),(2,2),(0.,9.999999999999E-04),(
    -8.,0.),.PIECEWISE_BEZIER_KNOTS.);
#4293 = CARTESIAN_POINT('',(-4.,21.6,2.999));
#4294 = CARTESIAN_POINT('',(-4.,13.6,2.999));
#4295 = CARTESIAN_POINT('',(-4.,21.6,3.));
#4296 = CARTESIAN_POINT('',(-4.,13.6,3.));
#4297 = ADVANCED_FACE('',(#4298),#4320,.T.);
#4298 = FACE_BOUND('',#4299,.T.);
#4299 = EDGE_LOOP('',(#4300,#4307,#4314,#4319));
#4300 = ORIENTED_EDGE('',*,*,#4301,.F.);
#4301 = EDGE_CURVE('',#4302,#2212,#4304,.T.);
#4302 = VERTEX_POINT('',#4303);
#4303 = CARTESIAN_POINT('',(12.8,13.6,2.999));
#4304 = B_SPLINE_CURVE_WITH_KNOTS('',1,(#4305,#4306),.UNSPECIFIED.,.F.,
  .F.,(2,2),(0.,9.999999999999E-04),.PIECEWISE_BEZIER_KNOTS.);
#4305 = CARTESIAN_POINT('',(12.8,13.6,2.999));
#4306 = CARTESIAN_POINT('',(12.8,13.6,3.));
#4307 = ORIENTED_EDGE('',*,*,#4308,.F.);
#4308 = EDGE_CURVE('',#4309,#4302,#4311,.T.);
#4309 = VERTEX_POINT('',#4310);
#4310 = CARTESIAN_POINT('',(4.8,13.6,2.999));
#4311 = B_SPLINE_CURVE_WITH_KNOTS('',1,(#4312,#4313),.UNSPECIFIED.,.F.,
  .F.,(2,2),(0.,8.),.PIECEWISE_BEZIER_KNOTS.);
#4312 = CARTESIAN_POINT('',(4.8,13.6,2.999));
#4313 = CARTESIAN_POINT('',(12.8,13.6,2.999));
#4314 = ORIENTED_EDGE('',*,*,#4315,.T.);
#4315 = EDGE_CURVE('',#4309,#2214,#4316,.T.);
#4316 = B_SPLINE_CURVE_WITH_KNOTS('',1,(#4317,#4318),.UNSPECIFIED.,.F.,
  .F.,(2,2),(0.,9.999999999999E-04),.PIECEWISE_BEZIER_KNOTS.);
#4317 = CARTESIAN_POINT('',(4.8,13.6,2.999));
#4318 = CARTESIAN_POINT('',(4.8,13.6,3.));
#4319 = ORIENTED_EDGE('',*,*,#2211,.F.);
#4320 = B_SPLINE_SURFACE_WITH_KNOTS('',1,1,(
    (#4321,#4322)
    ,(#4323,#4324
    )),.UNSPECIFIED.,.F.,.F.,.F.,(2,2),(2,2),(0.,9.999999999999E-04),(0.
    ,8.),.PIECEWISE_BEZIER_KNOTS.);
#4321 = CARTESIAN_POINT('',(4.8,13.6,2.999));
#4322 = CARTESIAN_POINT('',(12.8,13.6,2.999));
#4323 = CARTESIAN_POINT('',(4.8,13.6,3.));
#4324 = CARTESIAN_POINT('',(12.8,13.6,3.));
#4325 = ADVANCED_FACE('',(#4326),#4342,.F.);
#4326 = FACE_BOUND('',#4327,.F.);
#4327 = EDGE_LOOP('',(#4328,#4329,#4336,#4341));
#4328 = ORIENTED_EDGE('',*,*,#4301,.F.);
#4329 = ORIENTED_EDGE('',*,*,#4330,.T.);
#4330 = EDGE_CURVE('',#4302,#4331,#4333,.T.);
#4331 = VERTEX_POINT('',#4332);
#4332 = CARTESIAN_POINT('',(12.8,21.6,2.999));
#4333 = B_SPLINE_CURVE_WITH_KNOTS('',1,(#4334,#4335),.UNSPECIFIED.,.F.,
  .F.,(2,2),(0.,8.),.PIECEWISE_BEZIER_KNOTS.);
#4334 = CARTESIAN_POINT('',(12.8,13.6,2.999));
#4335 = CARTESIAN_POINT('',(12.8,21.6,2.999));
#4336 = ORIENTED_EDGE('',*,*,#4337,.T.);
#4337 = EDGE_CURVE('',#4331,#2228,#4338,.T.);
#4338 = B_SPLINE_CURVE_WITH_KNOTS('',1,(#4339,#4340),.UNSPECIFIED.,.F.,
  .F.,(2,2),(0.,9.999999999999E-04),.PIECEWISE_BEZIER_KNOTS.);
#4339 = CARTESIAN_POINT('',(12.8,21.6,2.999));
#4340 = CARTESIAN_POINT('',(12.8,21.6,3.));
#4341 = ORIENTED_EDGE('',*,*,#2234,.F.);
#4342 = B_SPLINE_SURFACE_WITH_KNOTS('',1,1,(
    (#4343,#4344)
    ,(#4345,#4346
    )),.UNSPECIFIED.,.F.,.F.,.F.,(2,2),(2,2),(0.,9.999999999999E-04),(
    -8.,0.),.PIECEWISE_BEZIER_KNOTS.);
#4343 = CARTESIAN_POINT('',(12.8,21.6,2.999));
#4344 = CARTESIAN_POINT('',(12.8,13.6,2.999));
#4345 = CARTESIAN_POINT('',(12.8,21.6,3.));
#4346 = CARTESIAN_POINT('',(12.8,13.6,3.));
#4347 = ADVANCED_FACE('',(#4348),#4364,.F.);
#4348 = FACE_BOUND('',#4349,.F.);
#4349 = EDGE_LOOP('',(#4350,#4351,#4358,#4363));
#4350 = ORIENTED_EDGE('',*,*,#4337,.F.);
#4351 = ORIENTED_EDGE('',*,*,#4352,.F.);
#4352 = EDGE_CURVE('',#4353,#4331,#4355,.T.);
#4353 = VERTEX_POINT('',#4354);
#4354 = CARTESIAN_POINT('',(4.8,21.6,2.999));
#4355 = B_SPLINE_CURVE_WITH_KNOTS('',1,(#4356,#4357),.UNSPECIFIED.,.F.,
  .F.,(2,2),(0.,8.),.PIECEWISE_BEZIER_KNOTS.);
#4356 = CARTESIAN_POINT('',(4.8,21.6,2.999));
#4357 = CARTESIAN_POINT('',(12.8,21.6,2.999));
#4358 = ORIENTED_EDGE('',*,*,#4359,.T.);
#4359 = EDGE_CURVE('',#4353,#2221,#4360,.T.);
#4360 = B_SPLINE_CURVE_WITH_KNOTS('',1,(#4361,#4362),.UNSPECIFIED.,.F.,
  .F.,(2,2),(0.,9.999999999999E-04),.PIECEWISE_BEZIER_KNOTS.);
#4361 = CARTESIAN_POINT('',(4.8,21.6,2.999));
#4362 = CARTESIAN_POINT('',(4.8,21.6,3.));
#4363 = ORIENTED_EDGE('',*,*,#2227,.F.);
#4364 = B_SPLINE_SURFACE_WITH_KNOTS('',1,1,(
    (#4365,#4366)
    ,(#4367,#4368
    )),.UNSPECIFIED.,.F.,.F.,.F.,(2,2),(2,2),(0.,9.999999999999E-04),(0.
    ,8.),.PIECEWISE_BEZIER_KNOTS.);
#4365 = CARTESIAN_POINT('',(4.8,21.6,2.999));
#4366 = CARTESIAN_POINT('',(12.8,21.6,2.999));
#4367 = CARTESIAN_POINT('',(4.8,21.6,3.));
#4368 = CARTESIAN_POINT('',(12.8,21.6,3.));
#4369 = ADVANCED_FACE('',(#4370),#4380,.T.);
#4370 = FACE_BOUND('',#4371,.T.);
#4371 = EDGE_LOOP('',(#4372,#4373,#4378,#4379));
#4372 = ORIENTED_EDGE('',*,*,#4315,.F.);
#4373 = ORIENTED_EDGE('',*,*,#4374,.T.);
#4374 = EDGE_CURVE('',#4309,#4353,#4375,.T.);
#4375 = B_SPLINE_CURVE_WITH_KNOTS('',1,(#4376,#4377),.UNSPECIFIED.,.F.,
  .F.,(2,2),(0.,8.),.PIECEWISE_BEZIER_KNOTS.);
#4376 = CARTESIAN_POINT('',(4.8,13.6,2.999));
#4377 = CARTESIAN_POINT('',(4.8,21.6,2.999));
#4378 = ORIENTED_EDGE('',*,*,#4359,.T.);
#4379 = ORIENTED_EDGE('',*,*,#2220,.F.);
#4380 = B_SPLINE_SURFACE_WITH_KNOTS('',1,1,(
    (#4381,#4382)
    ,(#4383,#4384
    )),.UNSPECIFIED.,.F.,.F.,.F.,(2,2),(2,2),(0.,9.999999999999E-04),(
    -8.,0.),.PIECEWISE_BEZIER_KNOTS.);
#4381 = CARTESIAN_POINT('',(4.8,21.6,2.999));
#4382 = CARTESIAN_POINT('',(4.8,13.6,2.999));
#4383 = CARTESIAN_POINT('',(4.8,21.6,3.));
#4384 = CARTESIAN_POINT('',(4.8,13.6,3.));
#4385 = ADVANCED_FACE('',(#4386),#4408,.T.);
#4386 = FACE_BOUND('',#4387,.T.);
#4387 = EDGE_LOOP('',(#4388,#4395,#4402,#4407));
#4388 = ORIENTED_EDGE('',*,*,#4389,.F.);
#4389 = EDGE_CURVE('',#4390,#2242,#4392,.T.);
#4390 = VERTEX_POINT('',#4391);
#4391 = CARTESIAN_POINT('',(21.6,13.6,2.999));
#4392 = B_SPLINE_CURVE_WITH_KNOTS('',1,(#4393,#4394),.UNSPECIFIED.,.F.,
  .F.,(2,2),(0.,9.999999999999E-04),.PIECEWISE_BEZIER_KNOTS.);
#4393 = CARTESIAN_POINT('',(21.6,13.6,2.999));
#4394 = CARTESIAN_POINT('',(21.6,13.6,3.));
#4395 = ORIENTED_EDGE('',*,*,#4396,.F.);
#4396 = EDGE_CURVE('',#4397,#4390,#4399,.T.);
#4397 = VERTEX_POINT('',#4398);
#4398 = CARTESIAN_POINT('',(13.6,13.6,2.999));
#4399 = B_SPLINE_CURVE_WITH_KNOTS('',1,(#4400,#4401),.UNSPECIFIED.,.F.,
  .F.,(2,2),(0.,8.),.PIECEWISE_BEZIER_KNOTS.);
#4400 = CARTESIAN_POINT('',(13.6,13.6,2.999));
#4401 = CARTESIAN_POINT('',(21.6,13.6,2.999));
#4402 = ORIENTED_EDGE('',*,*,#4403,.T.);
#4403 = EDGE_CURVE('',#4397,#2244,#4404,.T.);
#4404 = B_SPLINE_CURVE_WITH_KNOTS('',1,(#4405,#4406),.UNSPECIFIED.,.F.,
  .F.,(2,2),(0.,9.999999999999E-04),.PIECEWISE_BEZIER_KNOTS.);
#4405 = CARTESIAN_POINT('',(13.6,13.6,2.999));
#4406 = CARTESIAN_POINT('',(13.6,13.6,3.));
#4407 = ORIENTED_EDGE('',*,*,#2241,.F.);
#4408 = B_SPLINE_SURFACE_WITH_KNOTS('',1,1,(
    (#4409,#4410)
    ,(#4411,#4412
    )),.UNSPECIFIED.,.F.,.F.,.F.,(2,2),(2,2),(0.,9.999999999999E-04),(0.
    ,8.),.PIECEWISE_BEZIER_KNOTS.);
#4409 = CARTESIAN_POINT('',(13.6,13.6,2.999));
#4410 = CARTESIAN_POINT('',(21.6,13.6,2.999));
#4411 = CARTESIAN_POINT('',(13.6,13.6,3.));
#4412 = CARTESIAN_POINT('',(21.6,13.6,3.));
#4413 = ADVANCED_FACE('',(#4414),#4430,.F.);
#4414 = FACE_BOUND('',#4415,.F.);
#4415 = EDGE_LOOP('',(#4416,#4417,#4424,#4429));
#4416 = ORIENTED_EDGE('',*,*,#4389,.F.);
#4417 = ORIENTED_EDGE('',*,*,#4418,.T.);
#4418 = EDGE_CURVE('',#4390,#4419,#4421,.T.);
#4419 = VERTEX_POINT('',#4420);
#4420 = CARTESIAN_POINT('',(21.6,21.6,2.999));
#4421 = B_SPLINE_CURVE_WITH_KNOTS('',1,(#4422,#4423),.UNSPECIFIED.,.F.,
  .F.,(2,2),(0.,8.),.PIECEWISE_BEZIER_KNOTS.);
#4422 = CARTESIAN_POINT('',(21.6,13.6,2.999));
#4423 = CARTESIAN_POINT('',(21.6,21.6,2.999));
#4424 = ORIENTED_EDGE('',*,*,#4425,.T.);
#4425 = EDGE_CURVE('',#4419,#2258,#4426,.T.);
#4426 = B_SPLINE_CURVE_WITH_KNOTS('',1,(#4427,#4428),.UNSPECIFIED.,.F.,
  .F.,(2,2),(0.,9.999999999999E-04),.PIECEWISE_BEZIER_KNOTS.);
#4427 = CARTESIAN_POINT('',(21.6,21.6,2.999));
#4428 = CARTESIAN_POINT('',(21.6,21.6,3.));
#4429 = ORIENTED_EDGE('',*,*,#2264,.F.);
#4430 = B_SPLINE_SURFACE_WITH_KNOTS('',1,1,(
    (#4431,#4432)
    ,(#4433,#4434
    )),.UNSPECIFIED.,.F.,.F.,.F.,(2,2),(2,2),(0.,9.999999999999E-04),(
    -8.,0.),.PIECEWISE_BEZIER_KNOTS.);
#4431 = CARTESIAN_POINT('',(21.6,21.6,2.999));
#4432 = CARTESIAN_POINT('',(21.6,13.6,2.999));
#4433 = CARTESIAN_POINT('',(21.6,21.6,3.));
#4434 = CARTESIAN_POINT('',(21.6,13.6,3.));
#4435 = ADVANCED_FACE('',(#4436),#4452,.F.);
#4436 = FACE_BOUND('',#4437,.F.);
#4437 = EDGE_LOOP('',(#4438,#4439,#4446,#4451));
#4438 = ORIENTED_EDGE('',*,*,#4425,.F.);
#4439 = ORIENTED_EDGE('',*,*,#4440,.F.);
#4440 = EDGE_CURVE('',#4441,#4419,#4443,.T.);
#4441 = VERTEX_POINT('',#4442);
#4442 = CARTESIAN_POINT('',(13.6,21.6,2.999));
#4443 = B_SPLINE_CURVE_WITH_KNOTS('',1,(#4444,#4445),.UNSPECIFIED.,.F.,
  .F.,(2,2),(0.,8.),.PIECEWISE_BEZIER_KNOTS.);
#4444 = CARTESIAN_POINT('',(13.6,21.6,2.999));
#4445 = CARTESIAN_POINT('',(21.6,21.6,2.999));
#4446 = ORIENTED_EDGE('',*,*,#4447,.T.);
#4447 = EDGE_CURVE('',#4441,#2251,#4448,.T.);
#4448 = B_SPLINE_CURVE_WITH_KNOTS('',1,(#4449,#4450),.UNSPECIFIED.,.F.,
  .F.,(2,2),(0.,9.999999999999E-04),.PIECEWISE_BEZIER_KNOTS.);
#4449 = CARTESIAN_POINT('',(13.6,21.6,2.999));
#4450 = CARTESIAN_POINT('',(13.6,21.6,3.));
#4451 = ORIENTED_EDGE('',*,*,#2257,.F.);
#4452 = B_SPLINE_SURFACE_WITH_KNOTS('',1,1,(
    (#4453,#4454)
    ,(#4455,#4456
    )),.UNSPECIFIED.,.F.,.F.,.F.,(2,2),(2,2),(0.,9.999999999999E-04),(0.
    ,8.),.PIECEWISE_BEZIER_KNOTS.);
#4453 = CARTESIAN_POINT('',(13.6,21.6,2.999));
#4454 = CARTESIAN_POINT('',(21.6,21.6,2.999));
#4455 = CARTESIAN_POINT('',(13.6,21.6,3.));
#4456 = CARTESIAN_POINT('',(21.6,21.6,3.));
#4457 = ADVANCED_FACE('',(#4458),#4468,.T.);
#4458 = FACE_BOUND('',#4459,.T.);
#4459 = EDGE_LOOP('',(#4460,#4461,#4466,#4467));
#4460 = ORIENTED_EDGE('',*,*,#4403,.F.);
#4461 = ORIENTED_EDGE('',*,*,#4462,.T.);
#4462 = EDGE_CURVE('',#4397,#4441,#4463,.T.);
#4463 = B_SPLINE_CURVE_WITH_KNOTS('',1,(#4464,#4465),.UNSPECIFIED.,.F.,
  .F.,(2,2),(0.,8.),.PIECEWISE_BEZIER_KNOTS.);
#4464 = CARTESIAN_POINT('',(13.6,13.6,2.999));
#4465 = CARTESIAN_POINT('',(13.6,21.6,2.999));
#4466 = ORIENTED_EDGE('',*,*,#4447,.T.);
#4467 = ORIENTED_EDGE('',*,*,#2250,.F.);
#4468 = B_SPLINE_SURFACE_WITH_KNOTS('',1,1,(
    (#4469,#4470)
    ,(#4471,#4472
    )),.UNSPECIFIED.,.F.,.F.,.F.,(2,2),(2,2),(0.,9.999999999999E-04),(
    -8.,0.),.PIECEWISE_BEZIER_KNOTS.);
#4469 = CARTESIAN_POINT('',(13.6,21.6,2.999));
#4470 = CARTESIAN_POINT('',(13.6,13.6,2.999));
#4471 = CARTESIAN_POINT('',(13.6,21.6,3.));
#4472 = CARTESIAN_POINT('',(13.6,13.6,3.));
#4473 = ADVANCED_FACE('',(#4474,#4480),#4510,.T.);
#4474 = FACE_BOUND('',#4475,.T.);
#4475 = EDGE_LOOP('',(#4476,#4477,#4478,#4479));
#4476 = ORIENTED_EDGE('',*,*,#2350,.F.);
#4477 = ORIENTED_EDGE('',*,*,#2284,.T.);
#4478 = ORIENTED_EDGE('',*,*,#2306,.T.);
#4479 = ORIENTED_EDGE('',*,*,#2328,.F.);
#4480 = FACE_BOUND('',#4481,.T.);
#4481 = EDGE_LOOP('',(#4482,#4491,#4498,#4505));
#4482 = ORIENTED_EDGE('',*,*,#4483,.T.);
#4483 = EDGE_CURVE('',#4484,#4486,#4488,.T.);
#4484 = VERTEX_POINT('',#4485);
#4485 = CARTESIAN_POINT('',(-13.601,-21.599,2.999));
#4486 = VERTEX_POINT('',#4487);
#4487 = CARTESIAN_POINT('',(-21.599,-21.599,2.999));
#4488 = B_SPLINE_CURVE_WITH_KNOTS('',1,(#4489,#4490),.UNSPECIFIED.,.F.,
  .F.,(2,2),(0.,1.),.PIECEWISE_BEZIER_KNOTS.);
#4489 = CARTESIAN_POINT('',(-13.601,-21.599,2.999));
#4490 = CARTESIAN_POINT('',(-21.599,-21.599,2.999));
#4491 = ORIENTED_EDGE('',*,*,#4492,.T.);
#4492 = EDGE_CURVE('',#4486,#4493,#4495,.T.);
#4493 = VERTEX_POINT('',#4494);
#4494 = CARTESIAN_POINT('',(-21.599,-13.601,2.999));
#4495 = B_SPLINE_CURVE_WITH_KNOTS('',1,(#4496,#4497),.UNSPECIFIED.,.F.,
  .F.,(2,2),(0.,1.),.PIECEWISE_BEZIER_KNOTS.);
#4496 = CARTESIAN_POINT('',(-21.599,-21.599,2.999));
#4497 = CARTESIAN_POINT('',(-21.599,-13.601,2.999));
#4498 = ORIENTED_EDGE('',*,*,#4499,.T.);
#4499 = EDGE_CURVE('',#4493,#4500,#4502,.T.);
#4500 = VERTEX_POINT('',#4501);
#4501 = CARTESIAN_POINT('',(-13.601,-13.601,2.999));
#4502 = B_SPLINE_CURVE_WITH_KNOTS('',1,(#4503,#4504),.UNSPECIFIED.,.F.,
  .F.,(2,2),(0.,1.),.PIECEWISE_BEZIER_KNOTS.);
#4503 = CARTESIAN_POINT('',(-21.599,-13.601,2.999));
#4504 = CARTESIAN_POINT('',(-13.601,-13.601,2.999));
#4505 = ORIENTED_EDGE('',*,*,#4506,.T.);
#4506 = EDGE_CURVE('',#4500,#4484,#4507,.T.);
#4507 = B_SPLINE_CURVE_WITH_KNOTS('',1,(#4508,#4509),.UNSPECIFIED.,.F.,
  .F.,(2,2),(0.,1.),.PIECEWISE_BEZIER_KNOTS.);
#4508 = CARTESIAN_POINT('',(-13.601,-13.601,2.999));
#4509 = CARTESIAN_POINT('',(-13.601,-21.599,2.999));
#4510 = B_SPLINE_SURFACE_WITH_KNOTS('',1,1,(
    (#4511,#4512)
    ,(#4513,#4514
    )),.UNSPECIFIED.,.F.,.F.,.F.,(2,2),(2,2),(0.,8.),(0.,8.),
  .PIECEWISE_BEZIER_KNOTS.);
#4511 = CARTESIAN_POINT('',(-21.6,-21.6,2.999));
#4512 = CARTESIAN_POINT('',(-21.6,-13.6,2.999));
#4513 = CARTESIAN_POINT('',(-13.6,-21.6,2.999));
#4514 = CARTESIAN_POINT('',(-13.6,-13.6,2.999));
#4515 = ADVANCED_FACE('',(#4516,#4522),#4552,.T.);
#4516 = FACE_BOUND('',#4517,.T.);
#4517 = EDGE_LOOP('',(#4518,#4519,#4520,#4521));
#4518 = ORIENTED_EDGE('',*,*,#2438,.F.);
#4519 = ORIENTED_EDGE('',*,*,#2372,.T.);
#4520 = ORIENTED_EDGE('',*,*,#2394,.T.);
#4521 = ORIENTED_EDGE('',*,*,#2416,.F.);
#4522 = FACE_BOUND('',#4523,.T.);
#4523 = EDGE_LOOP('',(#4524,#4533,#4540,#4547));
#4524 = ORIENTED_EDGE('',*,*,#4525,.T.);
#4525 = EDGE_CURVE('',#4526,#4528,#4530,.T.);
#4526 = VERTEX_POINT('',#4527);
#4527 = CARTESIAN_POINT('',(-4.801,-21.599,2.999));
#4528 = VERTEX_POINT('',#4529);
#4529 = CARTESIAN_POINT('',(-12.799,-21.599,2.999));
#4530 = B_SPLINE_CURVE_WITH_KNOTS('',1,(#4531,#4532),.UNSPECIFIED.,.F.,
  .F.,(2,2),(0.,1.),.PIECEWISE_BEZIER_KNOTS.);
#4531 = CARTESIAN_POINT('',(-4.801,-21.599,2.999));
#4532 = CARTESIAN_POINT('',(-12.799,-21.599,2.999));
#4533 = ORIENTED_EDGE('',*,*,#4534,.T.);
#4534 = EDGE_CURVE('',#4528,#4535,#4537,.T.);
#4535 = VERTEX_POINT('',#4536);
#4536 = CARTESIAN_POINT('',(-12.799,-13.601,2.999));
#4537 = B_SPLINE_CURVE_WITH_KNOTS('',1,(#4538,#4539),.UNSPECIFIED.,.F.,
  .F.,(2,2),(0.,1.),.PIECEWISE_BEZIER_KNOTS.);
#4538 = CARTESIAN_POINT('',(-12.799,-21.599,2.999));
#4539 = CARTESIAN_POINT('',(-12.799,-13.601,2.999));
#4540 = ORIENTED_EDGE('',*,*,#4541,.T.);
#4541 = EDGE_CURVE('',#4535,#4542,#4544,.T.);
#4542 = VERTEX_POINT('',#4543);
#4543 = CARTESIAN_POINT('',(-4.801,-13.601,2.999));
#4544 = B_SPLINE_CURVE_WITH_KNOTS('',1,(#4545,#4546),.UNSPECIFIED.,.F.,
  .F.,(2,2),(0.,1.),.PIECEWISE_BEZIER_KNOTS.);
#4545 = CARTESIAN_POINT('',(-12.799,-13.601,2.999));
#4546 = CARTESIAN_POINT('',(-4.801,-13.601,2.999));
#4547 = ORIENTED_EDGE('',*,*,#4548,.T.);
#4548 = EDGE_CURVE('',#4542,#4526,#4549,.T.);
#4549 = B_SPLINE_CURVE_WITH_KNOTS('',1,(#4550,#4551),.UNSPECIFIED.,.F.,
  .F.,(2,2),(0.,1.),.PIECEWISE_BEZIER_KNOTS.);
#4550 = CARTESIAN_POINT('',(-4.801,-13.601,2.999));
#4551 = CARTESIAN_POINT('',(-4.801,-21.599,2.999));
#4552 = B_SPLINE_SURFACE_WITH_KNOTS('',1,1,(
    (#4553,#4554)
    ,(#4555,#4556
    )),.UNSPECIFIED.,.F.,.F.,.F.,(2,2),(2,2),(0.,8.),(0.,8.),
  .PIECEWISE_BEZIER_KNOTS.);
#4553 = CARTESIAN_POINT('',(-12.8,-21.6,2.999));
#4554 = CARTESIAN_POINT('',(-12.8,-13.6,2.999));
#4555 = CARTESIAN_POINT('',(-4.8,-21.6,2.999));
#4556 = CARTESIAN_POINT('',(-4.8,-13.6,2.999));
#4557 = ADVANCED_FACE('',(#4558,#4564),#4594,.T.);
#4558 = FACE_BOUND('',#4559,.T.);
#4559 = EDGE_LOOP('',(#4560,#4561,#4562,#4563));
#4560 = ORIENTED_EDGE('',*,*,#2526,.F.);
#4561 = ORIENTED_EDGE('',*,*,#2460,.T.);
#4562 = ORIENTED_EDGE('',*,*,#2482,.T.);
#4563 = ORIENTED_EDGE('',*,*,#2504,.F.);
#4564 = FACE_BOUND('',#4565,.T.);
#4565 = EDGE_LOOP('',(#4566,#4575,#4582,#4589));
#4566 = ORIENTED_EDGE('',*,*,#4567,.T.);
#4567 = EDGE_CURVE('',#4568,#4570,#4572,.T.);
#4568 = VERTEX_POINT('',#4569);
#4569 = CARTESIAN_POINT('',(-13.601,-12.799,2.999));
#4570 = VERTEX_POINT('',#4571);
#4571 = CARTESIAN_POINT('',(-21.599,-12.799,2.999));
#4572 = B_SPLINE_CURVE_WITH_KNOTS('',1,(#4573,#4574),.UNSPECIFIED.,.F.,
  .F.,(2,2),(0.,1.),.PIECEWISE_BEZIER_KNOTS.);
#4573 = CARTESIAN_POINT('',(-13.601,-12.799,2.999));
#4574 = CARTESIAN_POINT('',(-21.599,-12.799,2.999));
#4575 = ORIENTED_EDGE('',*,*,#4576,.T.);
#4576 = EDGE_CURVE('',#4570,#4577,#4579,.T.);
#4577 = VERTEX_POINT('',#4578);
#4578 = CARTESIAN_POINT('',(-21.599,-4.801,2.999));
#4579 = B_SPLINE_CURVE_WITH_KNOTS('',1,(#4580,#4581),.UNSPECIFIED.,.F.,
  .F.,(2,2),(0.,1.),.PIECEWISE_BEZIER_KNOTS.);
#4580 = CARTESIAN_POINT('',(-21.599,-12.799,2.999));
#4581 = CARTESIAN_POINT('',(-21.599,-4.801,2.999));
#4582 = ORIENTED_EDGE('',*,*,#4583,.T.);
#4583 = EDGE_CURVE('',#4577,#4584,#4586,.T.);
#4584 = VERTEX_POINT('',#4585);
#4585 = CARTESIAN_POINT('',(-13.601,-4.801,2.999));
#4586 = B_SPLINE_CURVE_WITH_KNOTS('',1,(#4587,#4588),.UNSPECIFIED.,.F.,
  .F.,(2,2),(0.,1.),.PIECEWISE_BEZIER_KNOTS.);
#4587 = CARTESIAN_POINT('',(-21.599,-4.801,2.999));
#4588 = CARTESIAN_POINT('',(-13.601,-4.801,2.999));
#4589 = ORIENTED_EDGE('',*,*,#4590,.T.);
#4590 = EDGE_CURVE('',#4584,#4568,#4591,.T.);
#4591 = B_SPLINE_CURVE_WITH_KNOTS('',1,(#4592,#4593),.UNSPECIFIED.,.F.,
  .F.,(2,2),(0.,1.),.PIECEWISE_BEZIER_KNOTS.);
#4592 = CARTESIAN_POINT('',(-13.601,-4.801,2.999));
#4593 = CARTESIAN_POINT('',(-13.601,-12.799,2.999));
#4594 = B_SPLINE_SURFACE_WITH_KNOTS('',1,1,(
    (#4595,#4596)
    ,(#4597,#4598
    )),.UNSPECIFIED.,.F.,.F.,.F.,(2,2),(2,2),(0.,8.),(0.,8.),
  .PIECEWISE_BEZIER_KNOTS.);
#4595 = CARTESIAN_POINT('',(-21.6,-12.8,2.999));
#4596 = CARTESIAN_POINT('',(-21.6,-4.8,2.999));
#4597 = CARTESIAN_POINT('',(-13.6,-12.8,2.999));
#4598 = CARTESIAN_POINT('',(-13.6,-4.8,2.999));
#4599 = ADVANCED_FACE('',(#4600,#4606),#4636,.T.);
#4600 = FACE_BOUND('',#4601,.T.);
#4601 = EDGE_LOOP('',(#4602,#4603,#4604,#4605));
#4602 = ORIENTED_EDGE('',*,*,#2614,.F.);
#4603 = ORIENTED_EDGE('',*,*,#2548,.T.);
#4604 = ORIENTED_EDGE('',*,*,#2570,.T.);
#4605 = ORIENTED_EDGE('',*,*,#2592,.F.);
#4606 = FACE_BOUND('',#4607,.T.);
#4607 = EDGE_LOOP('',(#4608,#4617,#4624,#4631));
#4608 = ORIENTED_EDGE('',*,*,#4609,.T.);
#4609 = EDGE_CURVE('',#4610,#4612,#4614,.T.);
#4610 = VERTEX_POINT('',#4611);
#4611 = CARTESIAN_POINT('',(-4.801,-12.799,2.999));
#4612 = VERTEX_POINT('',#4613);
#4613 = CARTESIAN_POINT('',(-12.799,-12.799,2.999));
#4614 = B_SPLINE_CURVE_WITH_KNOTS('',1,(#4615,#4616),.UNSPECIFIED.,.F.,
  .F.,(2,2),(0.,1.),.PIECEWISE_BEZIER_KNOTS.);
#4615 = CARTESIAN_POINT('',(-4.801,-12.799,2.999));
#4616 = CARTESIAN_POINT('',(-12.799,-12.799,2.999));
#4617 = ORIENTED_EDGE('',*,*,#4618,.T.);
#4618 = EDGE_CURVE('',#4612,#4619,#4621,.T.);
#4619 = VERTEX_POINT('',#4620);
#4620 = CARTESIAN_POINT('',(-12.799,-4.801,2.999));
#4621 = B_SPLINE_CURVE_WITH_KNOTS('',1,(#4622,#4623),.UNSPECIFIED.,.F.,
  .F.,(2,2),(0.,1.),.PIECEWISE_BEZIER_KNOTS.);
#4622 = CARTESIAN_POINT('',(-12.799,-12.799,2.999));
#4623 = CARTESIAN_POINT('',(-12.799,-4.801,2.999));
#4624 = ORIENTED_EDGE('',*,*,#4625,.T.);
#4625 = EDGE_CURVE('',#4619,#4626,#4628,.T.);
#4626 = VERTEX_POINT('',#4627);
#4627 = CARTESIAN_POINT('',(-4.801,-4.801,2.999));
#4628 = B_SPLINE_CURVE_WITH_KNOTS('',1,(#4629,#4630),.UNSPECIFIED.,.F.,
  .F.,(2,2),(0.,1.),.PIECEWISE_BEZIER_KNOTS.);
#4629 = CARTESIAN_POINT('',(-12.799,-4.801,2.999));
#4630 = CARTESIAN_POINT('',(-4.801,-4.801,2.999));
#4631 = ORIENTED_EDGE('',*,*,#4632,.T.);
#4632 = EDGE_CURVE('',#4626,#4610,#4633,.T.);
#4633 = B_SPLINE_CURVE_WITH_KNOTS('',1,(#4634,#4635),.UNSPECIFIED.,.F.,
  .F.,(2,2),(0.,1.),.PIECEWISE_BEZIER_KNOTS.);
#4634 = CARTESIAN_POINT('',(-4.801,-4.801,2.999));
#4635 = CARTESIAN_POINT('',(-4.801,-12.799,2.999));
#4636 = B_SPLINE_SURFACE_WITH_KNOTS('',1,1,(
    (#4637,#4638)
    ,(#4639,#4640
    )),.UNSPECIFIED.,.F.,.F.,.F.,(2,2),(2,2),(0.,8.),(0.,8.),
  .PIECEWISE_BEZIER_KNOTS.);
#4637 = CARTESIAN_POINT('',(-12.8,-12.8,2.999));
#4638 = CARTESIAN_POINT('',(-12.8,-4.8,2.999));
#4639 = CARTESIAN_POINT('',(-4.8,-12.8,2.999));
#4640 = CARTESIAN_POINT('',(-4.8,-4.8,2.999));
#4641 = ADVANCED_FACE('',(#4642,#4648),#4678,.T.);
#4642 = FACE_BOUND('',#4643,.T.);
#4643 = EDGE_LOOP('',(#4644,#4645,#4646,#4647));
#4644 = ORIENTED_EDGE('',*,*,#2702,.F.);
#4645 = ORIENTED_EDGE('',*,*,#2636,.T.);
#4646 = ORIENTED_EDGE('',*,*,#2658,.T.);
#4647 = ORIENTED_EDGE('',*,*,#2680,.F.);
#4648 = FACE_BOUND('',#4649,.T.);
#4649 = EDGE_LOOP('',(#4650,#4659,#4666,#4673));
#4650 = ORIENTED_EDGE('',*,*,#4651,.T.);
#4651 = EDGE_CURVE('',#4652,#4654,#4656,.T.);
#4652 = VERTEX_POINT('',#4653);
#4653 = CARTESIAN_POINT('',(3.999,-21.599,2.999));
#4654 = VERTEX_POINT('',#4655);
#4655 = CARTESIAN_POINT('',(-3.999,-21.599,2.999));
#4656 = B_SPLINE_CURVE_WITH_KNOTS('',1,(#4657,#4658),.UNSPECIFIED.,.F.,
  .F.,(2,2),(0.,1.),.PIECEWISE_BEZIER_KNOTS.);
#4657 = CARTESIAN_POINT('',(3.999,-21.599,2.999));
#4658 = CARTESIAN_POINT('',(-3.999,-21.599,2.999));
#4659 = ORIENTED_EDGE('',*,*,#4660,.T.);
#4660 = EDGE_CURVE('',#4654,#4661,#4663,.T.);
#4661 = VERTEX_POINT('',#4662);
#4662 = CARTESIAN_POINT('',(-3.999,-13.601,2.999));
#4663 = B_SPLINE_CURVE_WITH_KNOTS('',1,(#4664,#4665),.UNSPECIFIED.,.F.,
  .F.,(2,2),(0.,1.),.PIECEWISE_BEZIER_KNOTS.);
#4664 = CARTESIAN_POINT('',(-3.999,-21.599,2.999));
#4665 = CARTESIAN_POINT('',(-3.999,-13.601,2.999));
#4666 = ORIENTED_EDGE('',*,*,#4667,.T.);
#4667 = EDGE_CURVE('',#4661,#4668,#4670,.T.);
#4668 = VERTEX_POINT('',#4669);
#4669 = CARTESIAN_POINT('',(3.999,-13.601,2.999));
#4670 = B_SPLINE_CURVE_WITH_KNOTS('',1,(#4671,#4672),.UNSPECIFIED.,.F.,
  .F.,(2,2),(0.,1.),.PIECEWISE_BEZIER_KNOTS.);
#4671 = CARTESIAN_POINT('',(-3.999,-13.601,2.999));
#4672 = CARTESIAN_POINT('',(3.999,-13.601,2.999));
#4673 = ORIENTED_EDGE('',*,*,#4674,.T.);
#4674 = EDGE_CURVE('',#4668,#4652,#4675,.T.);
#4675 = B_SPLINE_CURVE_WITH_KNOTS('',1,(#4676,#4677),.UNSPECIFIED.,.F.,
  .F.,(2,2),(0.,1.),.PIECEWISE_BEZIER_KNOTS.);
#4676 = CARTESIAN_POINT('',(3.999,-13.601,2.999));
#4677 = CARTESIAN_POINT('',(3.999,-21.599,2.999));
#4678 = B_SPLINE_SURFACE_WITH_KNOTS('',1,1,(
    (#4679,#4680)
    ,(#4681,#4682
    )),.UNSPECIFIED.,.F.,.F.,.F.,(2,2),(2,2),(0.,8.),(0.,8.),
  .PIECEWISE_BEZIER_KNOTS.);
#4679 = CARTESIAN_POINT('',(-4.,-21.6,2.999));
#4680 = CARTESIAN_POINT('',(-4.,-13.6,2.999));
#4681 = CARTESIAN_POINT('',(4.,-21.6,2.999));
#4682 = CARTESIAN_POINT('',(4.,-13.6,2.999));
#4683 = ADVANCED_FACE('',(#4684,#4690),#4720,.T.);
#4684 = FACE_BOUND('',#4685,.T.);
#4685 = EDGE_LOOP('',(#4686,#4687,#4688,#4689));
#4686 = ORIENTED_EDGE('',*,*,#2790,.F.);
#4687 = ORIENTED_EDGE('',*,*,#2724,.T.);
#4688 = ORIENTED_EDGE('',*,*,#2746,.T.);
#4689 = ORIENTED_EDGE('',*,*,#2768,.F.);
#4690 = FACE_BOUND('',#4691,.T.);
#4691 = EDGE_LOOP('',(#4692,#4701,#4708,#4715));
#4692 = ORIENTED_EDGE('',*,*,#4693,.T.);
#4693 = EDGE_CURVE('',#4694,#4696,#4698,.T.);
#4694 = VERTEX_POINT('',#4695);
#4695 = CARTESIAN_POINT('',(12.799,-21.599,2.999));
#4696 = VERTEX_POINT('',#4697);
#4697 = CARTESIAN_POINT('',(4.801,-21.599,2.999));
#4698 = B_SPLINE_CURVE_WITH_KNOTS('',1,(#4699,#4700),.UNSPECIFIED.,.F.,
  .F.,(2,2),(0.,1.),.PIECEWISE_BEZIER_KNOTS.);
#4699 = CARTESIAN_POINT('',(12.799,-21.599,2.999));
#4700 = CARTESIAN_POINT('',(4.801,-21.599,2.999));
#4701 = ORIENTED_EDGE('',*,*,#4702,.T.);
#4702 = EDGE_CURVE('',#4696,#4703,#4705,.T.);
#4703 = VERTEX_POINT('',#4704);
#4704 = CARTESIAN_POINT('',(4.801,-13.601,2.999));
#4705 = B_SPLINE_CURVE_WITH_KNOTS('',1,(#4706,#4707),.UNSPECIFIED.,.F.,
  .F.,(2,2),(0.,1.),.PIECEWISE_BEZIER_KNOTS.);
#4706 = CARTESIAN_POINT('',(4.801,-21.599,2.999));
#4707 = CARTESIAN_POINT('',(4.801,-13.601,2.999));
#4708 = ORIENTED_EDGE('',*,*,#4709,.T.);
#4709 = EDGE_CURVE('',#4703,#4710,#4712,.T.);
#4710 = VERTEX_POINT('',#4711);
#4711 = CARTESIAN_POINT('',(12.799,-13.601,2.999));
#4712 = B_SPLINE_CURVE_WITH_KNOTS('',1,(#4713,#4714),.UNSPECIFIED.,.F.,
  .F.,(2,2),(0.,1.),.PIECEWISE_BEZIER_KNOTS.);
#4713 = CARTESIAN_POINT('',(4.801,-13.601,2.999));
#4714 = CARTESIAN_POINT('',(12.799,-13.601,2.999));
#4715 = ORIENTED_EDGE('',*,*,#4716,.T.);
#4716 = EDGE_CURVE('',#4710,#4694,#4717,.T.);
#4717 = B_SPLINE_CURVE_WITH_KNOTS('',1,(#4718,#4719),.UNSPECIFIED.,.F.,
  .F.,(2,2),(0.,1.),.PIECEWISE_BEZIER_KNOTS.);
#4718 = CARTESIAN_POINT('',(12.799,-13.601,2.999));
#4719 = CARTESIAN_POINT('',(12.799,-21.599,2.999));
#4720 = B_SPLINE_SURFACE_WITH_KNOTS('',1,1,(
    (#4721,#4722)
    ,(#4723,#4724
    )),.UNSPECIFIED.,.F.,.F.,.F.,(2,2),(2,2),(0.,8.),(0.,8.),
  .PIECEWISE_BEZIER_KNOTS.);
#4721 = CARTESIAN_POINT('',(4.8,-21.6,2.999));
#4722 = CARTESIAN_POINT('',(4.8,-13.6,2.999));
#4723 = CARTESIAN_POINT('',(12.8,-21.6,2.999));
#4724 = CARTESIAN_POINT('',(12.8,-13.6,2.999));
#4725 = ADVANCED_FACE('',(#4726,#4732),#4762,.T.);
#4726 = FACE_BOUND('',#4727,.T.);
#4727 = EDGE_LOOP('',(#4728,#4729,#4730,#4731));
#4728 = ORIENTED_EDGE('',*,*,#2878,.F.);
#4729 = ORIENTED_EDGE('',*,*,#2812,.T.);
#4730 = ORIENTED_EDGE('',*,*,#2834,.T.);
#4731 = ORIENTED_EDGE('',*,*,#2856,.F.);
#4732 = FACE_BOUND('',#4733,.T.);
#4733 = EDGE_LOOP('',(#4734,#4743,#4750,#4757));
#4734 = ORIENTED_EDGE('',*,*,#4735,.T.);
#4735 = EDGE_CURVE('',#4736,#4738,#4740,.T.);
#4736 = VERTEX_POINT('',#4737);
#4737 = CARTESIAN_POINT('',(21.599,-21.599,2.999));
#4738 = VERTEX_POINT('',#4739);
#4739 = CARTESIAN_POINT('',(13.601,-21.599,2.999));
#4740 = B_SPLINE_CURVE_WITH_KNOTS('',1,(#4741,#4742),.UNSPECIFIED.,.F.,
  .F.,(2,2),(0.,1.),.PIECEWISE_BEZIER_KNOTS.);
#4741 = CARTESIAN_POINT('',(21.599,-21.599,2.999));
#4742 = CARTESIAN_POINT('',(13.601,-21.599,2.999));
#4743 = ORIENTED_EDGE('',*,*,#4744,.T.);
#4744 = EDGE_CURVE('',#4738,#4745,#4747,.T.);
#4745 = VERTEX_POINT('',#4746);
#4746 = CARTESIAN_POINT('',(13.601,-13.601,2.999));
#4747 = B_SPLINE_CURVE_WITH_KNOTS('',1,(#4748,#4749),.UNSPECIFIED.,.F.,
  .F.,(2,2),(0.,1.),.PIECEWISE_BEZIER_KNOTS.);
#4748 = CARTESIAN_POINT('',(13.601,-21.599,2.999));
#4749 = CARTESIAN_POINT('',(13.601,-13.601,2.999));
#4750 = ORIENTED_EDGE('',*,*,#4751,.T.);
#4751 = EDGE_CURVE('',#4745,#4752,#4754,.T.);
#4752 = VERTEX_POINT('',#4753);
#4753 = CARTESIAN_POINT('',(21.599,-13.601,2.999));
#4754 = B_SPLINE_CURVE_WITH_KNOTS('',1,(#4755,#4756),.UNSPECIFIED.,.F.,
  .F.,(2,2),(0.,1.),.PIECEWISE_BEZIER_KNOTS.);
#4755 = CARTESIAN_POINT('',(13.601,-13.601,2.999));
#4756 = CARTESIAN_POINT('',(21.599,-13.601,2.999));
#4757 = ORIENTED_EDGE('',*,*,#4758,.T.);
#4758 = EDGE_CURVE('',#4752,#4736,#4759,.T.);
#4759 = B_SPLINE_CURVE_WITH_KNOTS('',1,(#4760,#4761),.UNSPECIFIED.,.F.,
  .F.,(2,2),(0.,1.),.PIECEWISE_BEZIER_KNOTS.);
#4760 = CARTESIAN_POINT('',(21.599,-13.601,2.999));
#4761 = CARTESIAN_POINT('',(21.599,-21.599,2.999));
#4762 = B_SPLINE_SURFACE_WITH_KNOTS('',1,1,(
    (#4763,#4764)
    ,(#4765,#4766
    )),.UNSPECIFIED.,.F.,.F.,.F.,(2,2),(2,2),(0.,8.),(0.,8.),
  .PIECEWISE_BEZIER_KNOTS.);
#4763 = CARTESIAN_POINT('',(13.6,-21.6,2.999));
#4764 = CARTESIAN_POINT('',(13.6,-13.6,2.999));
#4765 = CARTESIAN_POINT('',(21.6,-21.6,2.999));
#4766 = CARTESIAN_POINT('',(21.6,-13.6,2.999));
#4767 = ADVANCED_FACE('',(#4768,#4774),#4804,.T.);
#4768 = FACE_BOUND('',#4769,.T.);
#4769 = EDGE_LOOP('',(#4770,#4771,#4772,#4773));
#4770 = ORIENTED_EDGE('',*,*,#2966,.F.);
#4771 = ORIENTED_EDGE('',*,*,#2900,.T.);
#4772 = ORIENTED_EDGE('',*,*,#2922,.T.);
#4773 = ORIENTED_EDGE('',*,*,#2944,.F.);
#4774 = FACE_BOUND('',#4775,.T.);
#4775 = EDGE_LOOP('',(#4776,#4785,#4792,#4799));
#4776 = ORIENTED_EDGE('',*,*,#4777,.T.);
#4777 = EDGE_CURVE('',#4778,#4780,#4782,.T.);
#4778 = VERTEX_POINT('',#4779);
#4779 = CARTESIAN_POINT('',(3.999,-12.799,2.999));
#4780 = VERTEX_POINT('',#4781);
#4781 = CARTESIAN_POINT('',(-3.999,-12.799,2.999));
#4782 = B_SPLINE_CURVE_WITH_KNOTS('',1,(#4783,#4784),.UNSPECIFIED.,.F.,
  .F.,(2,2),(0.,1.),.PIECEWISE_BEZIER_KNOTS.);
#4783 = CARTESIAN_POINT('',(3.999,-12.799,2.999));
#4784 = CARTESIAN_POINT('',(-3.999,-12.799,2.999));
#4785 = ORIENTED_EDGE('',*,*,#4786,.T.);
#4786 = EDGE_CURVE('',#4780,#4787,#4789,.T.);
#4787 = VERTEX_POINT('',#4788);
#4788 = CARTESIAN_POINT('',(-3.999,-4.801,2.999));
#4789 = B_SPLINE_CURVE_WITH_KNOTS('',1,(#4790,#4791),.UNSPECIFIED.,.F.,
  .F.,(2,2),(0.,1.),.PIECEWISE_BEZIER_KNOTS.);
#4790 = CARTESIAN_POINT('',(-3.999,-12.799,2.999));
#4791 = CARTESIAN_POINT('',(-3.999,-4.801,2.999));
#4792 = ORIENTED_EDGE('',*,*,#4793,.T.);
#4793 = EDGE_CURVE('',#4787,#4794,#4796,.T.);
#4794 = VERTEX_POINT('',#4795);
#4795 = CARTESIAN_POINT('',(3.999,-4.801,2.999));
#4796 = B_SPLINE_CURVE_WITH_KNOTS('',1,(#4797,#4798),.UNSPECIFIED.,.F.,
  .F.,(2,2),(0.,1.),.PIECEWISE_BEZIER_KNOTS.);
#4797 = CARTESIAN_POINT('',(-3.999,-4.801,2.999));
#4798 = CARTESIAN_POINT('',(3.999,-4.801,2.999));
#4799 = ORIENTED_EDGE('',*,*,#4800,.T.);
#4800 = EDGE_CURVE('',#4794,#4778,#4801,.T.);
#4801 = B_SPLINE_CURVE_WITH_KNOTS('',1,(#4802,#4803),.UNSPECIFIED.,.F.,
  .F.,(2,2),(0.,1.),.PIECEWISE_BEZIER_KNOTS.);
#4802 = CARTESIAN_POINT('',(3.999,-4.801,2.999));
#4803 = CARTESIAN_POINT('',(3.999,-12.799,2.999));
#4804 = B_SPLINE_SURFACE_WITH_KNOTS('',1,1,(
    (#4805,#4806)
    ,(#4807,#4808
    )),.UNSPECIFIED.,.F.,.F.,.F.,(2,2),(2,2),(0.,8.),(0.,8.),
  .PIECEWISE_BEZIER_KNOTS.);
#4805 = CARTESIAN_POINT('',(-4.,-12.8,2.999));
#4806 = CARTESIAN_POINT('',(-4.,-4.8,2.999));
#4807 = CARTESIAN_POINT('',(4.,-12.8,2.999));
#4808 = CARTESIAN_POINT('',(4.,-4.8,2.999));
#4809 = ADVANCED_FACE('',(#4810,#4816),#4846,.T.);
#4810 = FACE_BOUND('',#4811,.T.);
#4811 = EDGE_LOOP('',(#4812,#4813,#4814,#4815));
#4812 = ORIENTED_EDGE('',*,*,#3054,.F.);
#4813 = ORIENTED_EDGE('',*,*,#2988,.T.);
#4814 = ORIENTED_EDGE('',*,*,#3010,.T.);
#4815 = ORIENTED_EDGE('',*,*,#3032,.F.);
#4816 = FACE_BOUND('',#4817,.T.);
#4817 = EDGE_LOOP('',(#4818,#4827,#4834,#4841));
#4818 = ORIENTED_EDGE('',*,*,#4819,.T.);
#4819 = EDGE_CURVE('',#4820,#4822,#4824,.T.);
#4820 = VERTEX_POINT('',#4821);
#4821 = CARTESIAN_POINT('',(12.799,-12.799,2.999));
#4822 = VERTEX_POINT('',#4823);
#4823 = CARTESIAN_POINT('',(4.801,-12.799,2.999));
#4824 = B_SPLINE_CURVE_WITH_KNOTS('',1,(#4825,#4826),.UNSPECIFIED.,.F.,
  .F.,(2,2),(0.,1.),.PIECEWISE_BEZIER_KNOTS.);
#4825 = CARTESIAN_POINT('',(12.799,-12.799,2.999));
#4826 = CARTESIAN_POINT('',(4.801,-12.799,2.999));
#4827 = ORIENTED_EDGE('',*,*,#4828,.T.);
#4828 = EDGE_CURVE('',#4822,#4829,#4831,.T.);
#4829 = VERTEX_POINT('',#4830);
#4830 = CARTESIAN_POINT('',(4.801,-4.801,2.999));
#4831 = B_SPLINE_CURVE_WITH_KNOTS('',1,(#4832,#4833),.UNSPECIFIED.,.F.,
  .F.,(2,2),(0.,1.),.PIECEWISE_BEZIER_KNOTS.);
#4832 = CARTESIAN_POINT('',(4.801,-12.799,2.999));
#4833 = CARTESIAN_POINT('',(4.801,-4.801,2.999));
#4834 = ORIENTED_EDGE('',*,*,#4835,.T.);
#4835 = EDGE_CURVE('',#4829,#4836,#4838,.T.);
#4836 = VERTEX_POINT('',#4837);
#4837 = CARTESIAN_POINT('',(12.799,-4.801,2.999));
#4838 = B_SPLINE_CURVE_WITH_KNOTS('',1,(#4839,#4840),.UNSPECIFIED.,.F.,
  .F.,(2,2),(0.,1.),.PIECEWISE_BEZIER_KNOTS.);
#4839 = CARTESIAN_POINT('',(4.801,-4.801,2.999));
#4840 = CARTESIAN_POINT('',(12.799,-4.801,2.999));
#4841 = ORIENTED_EDGE('',*,*,#4842,.T.);
#4842 = EDGE_CURVE('',#4836,#4820,#4843,.T.);
#4843 = B_SPLINE_CURVE_WITH_KNOTS('',1,(#4844,#4845),.UNSPECIFIED.,.F.,
  .F.,(2,2),(0.,1.),.PIECEWISE_BEZIER_KNOTS.);
#4844 = CARTESIAN_POINT('',(12.799,-4.801,2.999));
#4845 = CARTESIAN_POINT('',(12.799,-12.799,2.999));
#4846 = B_SPLINE_SURFACE_WITH_KNOTS('',1,1,(
    (#4847,#4848)
    ,(#4849,#4850
    )),.UNSPECIFIED.,.F.,.F.,.F.,(2,2),(2,2),(0.,8.),(0.,8.),
  .PIECEWISE_BEZIER_KNOTS.);
#4847 = CARTESIAN_POINT('',(4.8,-12.8,2.999));
#4848 = CARTESIAN_POINT('',(4.8,-4.8,2.999));
#4849 = CARTESIAN_POINT('',(12.8,-12.8,2.999));
#4850 = CARTESIAN_POINT('',(12.8,-4.8,2.999));
#4851 = ADVANCED_FACE('',(#4852,#4858),#4888,.T.);
#4852 = FACE_BOUND('',#4853,.T.);
#4853 = EDGE_LOOP('',(#4854,#4855,#4856,#4857));
#4854 = ORIENTED_EDGE('',*,*,#3142,.F.);
#4855 = ORIENTED_EDGE('',*,*,#3076,.T.);
#4856 = ORIENTED_EDGE('',*,*,#3098,.T.);
#4857 = ORIENTED_EDGE('',*,*,#3120,.F.);
#4858 = FACE_BOUND('',#4859,.T.);
#4859 = EDGE_LOOP('',(#4860,#4869,#4876,#4883));
#4860 = ORIENTED_EDGE('',*,*,#4861,.T.);
#4861 = EDGE_CURVE('',#4862,#4864,#4866,.T.);
#4862 = VERTEX_POINT('',#4863);
#4863 = CARTESIAN_POINT('',(21.599,-12.799,2.999));
#4864 = VERTEX_POINT('',#4865);
#4865 = CARTESIAN_POINT('',(13.601,-12.799,2.999));
#4866 = B_SPLINE_CURVE_WITH_KNOTS('',1,(#4867,#4868),.UNSPECIFIED.,.F.,
  .F.,(2,2),(0.,1.),.PIECEWISE_BEZIER_KNOTS.);
#4867 = CARTESIAN_POINT('',(21.599,-12.799,2.999));
#4868 = CARTESIAN_POINT('',(13.601,-12.799,2.999));
#4869 = ORIENTED_EDGE('',*,*,#4870,.T.);
#4870 = EDGE_CURVE('',#4864,#4871,#4873,.T.);
#4871 = VERTEX_POINT('',#4872);
#4872 = CARTESIAN_POINT('',(13.601,-4.801,2.999));
#4873 = B_SPLINE_CURVE_WITH_KNOTS('',1,(#4874,#4875),.UNSPECIFIED.,.F.,
  .F.,(2,2),(0.,1.),.PIECEWISE_BEZIER_KNOTS.);
#4874 = CARTESIAN_POINT('',(13.601,-12.799,2.999));
#4875 = CARTESIAN_POINT('',(13.601,-4.801,2.999));
#4876 = ORIENTED_EDGE('',*,*,#4877,.T.);
#4877 = EDGE_CURVE('',#4871,#4878,#4880,.T.);
#4878 = VERTEX_POINT('',#4879);
#4879 = CARTESIAN_POINT('',(21.599,-4.801,2.999));
#4880 = B_SPLINE_CURVE_WITH_KNOTS('',1,(#4881,#4882),.UNSPECIFIED.,.F.,
  .F.,(2,2),(0.,1.),.PIECEWISE_BEZIER_KNOTS.);
#4881 = CARTESIAN_POINT('',(13.601,-4.801,2.999));
#4882 = CARTESIAN_POINT('',(21.599,-4.801,2.999));
#4883 = ORIENTED_EDGE('',*,*,#4884,.T.);
#4884 = EDGE_CURVE('',#4878,#4862,#4885,.T.);
#4885 = B_SPLINE_CURVE_WITH_KNOTS('',1,(#4886,#4887),.UNSPECIFIED.,.F.,
  .F.,(2,2),(0.,1.),.PIECEWISE_BEZIER_KNOTS.);
#4886 = CARTESIAN_POINT('',(21.599,-4.801,2.999));
#4887 = CARTESIAN_POINT('',(21.599,-12.799,2.999));
#4888 = B_SPLINE_SURFACE_WITH_KNOTS('',1,1,(
    (#4889,#4890)
    ,(#4891,#4892
    )),.UNSPECIFIED.,.F.,.F.,.F.,(2,2),(2,2),(0.,8.),(0.,8.),
  .PIECEWISE_BEZIER_KNOTS.);
#4889 = CARTESIAN_POINT('',(13.6,-12.8,2.999));
#4890 = CARTESIAN_POINT('',(13.6,-4.8,2.999));
#4891 = CARTESIAN_POINT('',(21.6,-12.8,2.999));
#4892 = CARTESIAN_POINT('',(21.6,-4.8,2.999));
#4893 = ADVANCED_FACE('',(#4894,#4900),#4930,.T.);
#4894 = FACE_BOUND('',#4895,.T.);
#4895 = EDGE_LOOP('',(#4896,#4897,#4898,#4899));
#4896 = ORIENTED_EDGE('',*,*,#3230,.F.);
#4897 = ORIENTED_EDGE('',*,*,#3164,.T.);
#4898 = ORIENTED_EDGE('',*,*,#3186,.T.);
#4899 = ORIENTED_EDGE('',*,*,#3208,.F.);
#4900 = FACE_BOUND('',#4901,.T.);
#4901 = EDGE_LOOP('',(#4902,#4911,#4918,#4925));
#4902 = ORIENTED_EDGE('',*,*,#4903,.T.);
#4903 = EDGE_CURVE('',#4904,#4906,#4908,.T.);
#4904 = VERTEX_POINT('',#4905);
#4905 = CARTESIAN_POINT('',(-13.601,-3.999,2.999));
#4906 = VERTEX_POINT('',#4907);
#4907 = CARTESIAN_POINT('',(-21.599,-3.999,2.999));
#4908 = B_SPLINE_CURVE_WITH_KNOTS('',1,(#4909,#4910),.UNSPECIFIED.,.F.,
  .F.,(2,2),(0.,1.),.PIECEWISE_BEZIER_KNOTS.);
#4909 = CARTESIAN_POINT('',(-13.601,-3.999,2.999));
#4910 = CARTESIAN_POINT('',(-21.599,-3.999,2.999));
#4911 = ORIENTED_EDGE('',*,*,#4912,.T.);
#4912 = EDGE_CURVE('',#4906,#4913,#4915,.T.);
#4913 = VERTEX_POINT('',#4914);
#4914 = CARTESIAN_POINT('',(-21.599,3.999,2.999));
#4915 = B_SPLINE_CURVE_WITH_KNOTS('',1,(#4916,#4917),.UNSPECIFIED.,.F.,
  .F.,(2,2),(0.,1.),.PIECEWISE_BEZIER_KNOTS.);
#4916 = CARTESIAN_POINT('',(-21.599,-3.999,2.999));
#4917 = CARTESIAN_POINT('',(-21.599,3.999,2.999));
#4918 = ORIENTED_EDGE('',*,*,#4919,.T.);
#4919 = EDGE_CURVE('',#4913,#4920,#4922,.T.);
#4920 = VERTEX_POINT('',#4921);
#4921 = CARTESIAN_POINT('',(-13.601,3.999,2.999));
#4922 = B_SPLINE_CURVE_WITH_KNOTS('',1,(#4923,#4924),.UNSPECIFIED.,.F.,
  .F.,(2,2),(0.,1.),.PIECEWISE_BEZIER_KNOTS.);
#4923 = CARTESIAN_POINT('',(-21.599,3.999,2.999));
#4924 = CARTESIAN_POINT('',(-13.601,3.999,2.999));
#4925 = ORIENTED_EDGE('',*,*,#4926,.T.);
#4926 = EDGE_CURVE('',#4920,#4904,#4927,.T.);
#4927 = B_SPLINE_CURVE_WITH_KNOTS('',1,(#4928,#4929),.UNSPECIFIED.,.F.,
  .F.,(2,2),(0.,1.),.PIECEWISE_BEZIER_KNOTS.);
#4928 = CARTESIAN_POINT('',(-13.601,3.999,2.999));
#4929 = CARTESIAN_POINT('',(-13.601,-3.999,2.999));
#4930 = B_SPLINE_SURFACE_WITH_KNOTS('',1,1,(
    (#4931,#4932)
    ,(#4933,#4934
    )),.UNSPECIFIED.,.F.,.F.,.F.,(2,2),(2,2),(0.,8.),(0.,8.),
  .PIECEWISE_BEZIER_KNOTS.);
#4931 = CARTESIAN_POINT('',(-21.6,-4.,2.999));
#4932 = CARTESIAN_POINT('',(-21.6,4.,2.999));
#4933 = CARTESIAN_POINT('',(-13.6,-4.,2.999));
#4934 = CARTESIAN_POINT('',(-13.6,4.,2.999));
#4935 = ADVANCED_FACE('',(#4936,#4942),#4972,.T.);
#4936 = FACE_BOUND('',#4937,.T.);
#4937 = EDGE_LOOP('',(#4938,#4939,#4940,#4941));
#4938 = ORIENTED_EDGE('',*,*,#3318,.F.);
#4939 = ORIENTED_EDGE('',*,*,#3252,.T.);
#4940 = ORIENTED_EDGE('',*,*,#3274,.T.);
#4941 = ORIENTED_EDGE('',*,*,#3296,.F.);
#4942 = FACE_BOUND('',#4943,.T.);
#4943 = EDGE_LOOP('',(#4944,#4953,#4960,#4967));
#4944 = ORIENTED_EDGE('',*,*,#4945,.T.);
#4945 = EDGE_CURVE('',#4946,#4948,#4950,.T.);
#4946 = VERTEX_POINT('',#4947);
#4947 = CARTESIAN_POINT('',(-13.601,4.801,2.999));
#4948 = VERTEX_POINT('',#4949);
#4949 = CARTESIAN_POINT('',(-21.599,4.801,2.999));
#4950 = B_SPLINE_CURVE_WITH_KNOTS('',1,(#4951,#4952),.UNSPECIFIED.,.F.,
  .F.,(2,2),(0.,1.),.PIECEWISE_BEZIER_KNOTS.);
#4951 = CARTESIAN_POINT('',(-13.601,4.801,2.999));
#4952 = CARTESIAN_POINT('',(-21.599,4.801,2.999));
#4953 = ORIENTED_EDGE('',*,*,#4954,.T.);
#4954 = EDGE_CURVE('',#4948,#4955,#4957,.T.);
#4955 = VERTEX_POINT('',#4956);
#4956 = CARTESIAN_POINT('',(-21.599,12.799,2.999));
#4957 = B_SPLINE_CURVE_WITH_KNOTS('',1,(#4958,#4959),.UNSPECIFIED.,.F.,
  .F.,(2,2),(0.,1.),.PIECEWISE_BEZIER_KNOTS.);
#4958 = CARTESIAN_POINT('',(-21.599,4.801,2.999));
#4959 = CARTESIAN_POINT('',(-21.599,12.799,2.999));
#4960 = ORIENTED_EDGE('',*,*,#4961,.T.);
#4961 = EDGE_CURVE('',#4955,#4962,#4964,.T.);
#4962 = VERTEX_POINT('',#4963);
#4963 = CARTESIAN_POINT('',(-13.601,12.799,2.999));
#4964 = B_SPLINE_CURVE_WITH_KNOTS('',1,(#4965,#4966),.UNSPECIFIED.,.F.,
  .F.,(2,2),(0.,1.),.PIECEWISE_BEZIER_KNOTS.);
#4965 = CARTESIAN_POINT('',(-21.599,12.799,2.999));
#4966 = CARTESIAN_POINT('',(-13.601,12.799,2.999));
#4967 = ORIENTED_EDGE('',*,*,#4968,.T.);
#4968 = EDGE_CURVE('',#4962,#4946,#4969,.T.);
#4969 = B_SPLINE_CURVE_WITH_KNOTS('',1,(#4970,#4971),.UNSPECIFIED.,.F.,
  .F.,(2,2),(0.,1.),.PIECEWISE_BEZIER_KNOTS.);
#4970 = CARTESIAN_POINT('',(-13.601,12.799,2.999));
#4971 = CARTESIAN_POINT('',(-13.601,4.801,2.999));
#4972 = B_SPLINE_SURFACE_WITH_KNOTS('',1,1,(
    (#4973,#4974)
    ,(#4975,#4976
    )),.UNSPECIFIED.,.F.,.F.,.F.,(2,2),(2,2),(0.,8.),(0.,8.),
  .PIECEWISE_BEZIER_KNOTS.);
#4973 = CARTESIAN_POINT('',(-21.6,4.8,2.999));
#4974 = CARTESIAN_POINT('',(-21.6,12.8,2.999));
#4975 = CARTESIAN_POINT('',(-13.6,4.8,2.999));
#4976 = CARTESIAN_POINT('',(-13.6,12.8,2.999));
#4977 = ADVANCED_FACE('',(#4978,#4984),#5014,.T.);
#4978 = FACE_BOUND('',#4979,.T.);
#4979 = EDGE_LOOP('',(#4980,#4981,#4982,#4983));
#4980 = ORIENTED_EDGE('',*,*,#3406,.F.);
#4981 = ORIENTED_EDGE('',*,*,#3340,.T.);
#4982 = ORIENTED_EDGE('',*,*,#3362,.T.);
#4983 = ORIENTED_EDGE('',*,*,#3384,.F.);
#4984 = FACE_BOUND('',#4985,.T.);
#4985 = EDGE_LOOP('',(#4986,#4995,#5002,#5009));
#4986 = ORIENTED_EDGE('',*,*,#4987,.T.);
#4987 = EDGE_CURVE('',#4988,#4990,#4992,.T.);
#4988 = VERTEX_POINT('',#4989);
#4989 = CARTESIAN_POINT('',(-4.801,-3.999,2.999));
#4990 = VERTEX_POINT('',#4991);
#4991 = CARTESIAN_POINT('',(-12.799,-3.999,2.999));
#4992 = B_SPLINE_CURVE_WITH_KNOTS('',1,(#4993,#4994),.UNSPECIFIED.,.F.,
  .F.,(2,2),(0.,1.),.PIECEWISE_BEZIER_KNOTS.);
#4993 = CARTESIAN_POINT('',(-4.801,-3.999,2.999));
#4994 = CARTESIAN_POINT('',(-12.799,-3.999,2.999));
#4995 = ORIENTED_EDGE('',*,*,#4996,.T.);
#4996 = EDGE_CURVE('',#4990,#4997,#4999,.T.);
#4997 = VERTEX_POINT('',#4998);
#4998 = CARTESIAN_POINT('',(-12.799,3.999,2.999));
#4999 = B_SPLINE_CURVE_WITH_KNOTS('',1,(#5000,#5001),.UNSPECIFIED.,.F.,
  .F.,(2,2),(0.,1.),.PIECEWISE_BEZIER_KNOTS.);
#5000 = CARTESIAN_POINT('',(-12.799,-3.999,2.999));
#5001 = CARTESIAN_POINT('',(-12.799,3.999,2.999));
#5002 = ORIENTED_EDGE('',*,*,#5003,.T.);
#5003 = EDGE_CURVE('',#4997,#5004,#5006,.T.);
#5004 = VERTEX_POINT('',#5005);
#5005 = CARTESIAN_POINT('',(-4.801,3.999,2.999));
#5006 = B_SPLINE_CURVE_WITH_KNOTS('',1,(#5007,#5008),.UNSPECIFIED.,.F.,
  .F.,(2,2),(0.,1.),.PIECEWISE_BEZIER_KNOTS.);
#5007 = CARTESIAN_POINT('',(-12.799,3.999,2.999));
#5008 = CARTESIAN_POINT('',(-4.801,3.999,2.999));
#5009 = ORIENTED_EDGE('',*,*,#5010,.T.);
#5010 = EDGE_CURVE('',#5004,#4988,#5011,.T.);
#5011 = B_SPLINE_CURVE_WITH_KNOTS('',1,(#5012,#5013),.UNSPECIFIED.,.F.,
  .F.,(2,2),(0.,1.),.PIECEWISE_BEZIER_KNOTS.);
#5012 = CARTESIAN_POINT('',(-4.801,3.999,2.999));
#5013 = CARTESIAN_POINT('',(-4.801,-3.999,2.999));
#5014 = B_SPLINE_SURFACE_WITH_KNOTS('',1,1,(
    (#5015,#5016)
    ,(#5017,#5018
    )),.UNSPECIFIED.,.F.,.F.,.F.,(2,2),(2,2),(0.,8.),(0.,8.),
  .PIECEWISE_BEZIER_KNOTS.);
#5015 = CARTESIAN_POINT('',(-12.8,-4.,2.999));
#5016 = CARTESIAN_POINT('',(-12.8,4.,2.999));
#5017 = CARTESIAN_POINT('',(-4.8,-4.,2.999));
#5018 = CARTESIAN_POINT('',(-4.8,4.,2.999));
#5019 = ADVANCED_FACE('',(#5020,#5026),#5056,.T.);
#5020 = FACE_BOUND('',#5021,.T.);
#5021 = EDGE_LOOP('',(#5022,#5023,#5024,#5025));
#5022 = ORIENTED_EDGE('',*,*,#3494,.F.);
#5023 = ORIENTED_EDGE('',*,*,#3428,.T.);
#5024 = ORIENTED_EDGE('',*,*,#3450,.T.);
#5025 = ORIENTED_EDGE('',*,*,#3472,.F.);
#5026 = FACE_BOUND('',#5027,.T.);
#5027 = EDGE_LOOP('',(#5028,#5037,#5044,#5051));
#5028 = ORIENTED_EDGE('',*,*,#5029,.T.);
#5029 = EDGE_CURVE('',#5030,#5032,#5034,.T.);
#5030 = VERTEX_POINT('',#5031);
#5031 = CARTESIAN_POINT('',(-4.801,4.801,2.999));
#5032 = VERTEX_POINT('',#5033);
#5033 = CARTESIAN_POINT('',(-12.799,4.801,2.999));
#5034 = B_SPLINE_CURVE_WITH_KNOTS('',1,(#5035,#5036),.UNSPECIFIED.,.F.,
  .F.,(2,2),(0.,1.),.PIECEWISE_BEZIER_KNOTS.);
#5035 = CARTESIAN_POINT('',(-4.801,4.801,2.999));
#5036 = CARTESIAN_POINT('',(-12.799,4.801,2.999));
#5037 = ORIENTED_EDGE('',*,*,#5038,.T.);
#5038 = EDGE_CURVE('',#5032,#5039,#5041,.T.);
#5039 = VERTEX_POINT('',#5040);
#5040 = CARTESIAN_POINT('',(-12.799,12.799,2.999));
#5041 = B_SPLINE_CURVE_WITH_KNOTS('',1,(#5042,#5043),.UNSPECIFIED.,.F.,
  .F.,(2,2),(0.,1.),.PIECEWISE_BEZIER_KNOTS.);
#5042 = CARTESIAN_POINT('',(-12.799,4.801,2.999));
#5043 = CARTESIAN_POINT('',(-12.799,12.799,2.999));
#5044 = ORIENTED_EDGE('',*,*,#5045,.T.);
#5045 = EDGE_CURVE('',#5039,#5046,#5048,.T.);
#5046 = VERTEX_POINT('',#5047);
#5047 = CARTESIAN_POINT('',(-4.801,12.799,2.999));
#5048 = B_SPLINE_CURVE_WITH_KNOTS('',1,(#5049,#5050),.UNSPECIFIED.,.F.,
  .F.,(2,2),(0.,1.),.PIECEWISE_BEZIER_KNOTS.);
#5049 = CARTESIAN_POINT('',(-12.799,12.799,2.999));
#5050 = CARTESIAN_POINT('',(-4.801,12.799,2.999));
#5051 = ORIENTED_EDGE('',*,*,#5052,.T.);
#5052 = EDGE_CURVE('',#5046,#5030,#5053,.T.);
#5053 = B_SPLINE_CURVE_WITH_KNOTS('',1,(#5054,#5055),.UNSPECIFIED.,.F.,
  .F.,(2,2),(0.,1.),.PIECEWISE_BEZIER_KNOTS.);
#5054 = CARTESIAN_POINT('',(-4.801,12.799,2.999));
#5055 = CARTESIAN_POINT('',(-4.801,4.801,2.999));
#5056 = B_SPLINE_SURFACE_WITH_KNOTS('',1,1,(
    (#5057,#5058)
    ,(#5059,#5060
    )),.UNSPECIFIED.,.F.,.F.,.F.,(2,2),(2,2),(0.,8.),(0.,8.),
  .PIECEWISE_BEZIER_KNOTS.);
#5057 = CARTESIAN_POINT('',(-12.8,4.8,2.999));
#5058 = CARTESIAN_POINT('',(-12.8,12.8,2.999));
#5059 = CARTESIAN_POINT('',(-4.8,4.8,2.999));
#5060 = CARTESIAN_POINT('',(-4.8,12.8,2.999));
#5061 = ADVANCED_FACE('',(#5062,#5068),#5098,.T.);
#5062 = FACE_BOUND('',#5063,.T.);
#5063 = EDGE_LOOP('',(#5064,#5065,#5066,#5067));
#5064 = ORIENTED_EDGE('',*,*,#3582,.F.);
#5065 = ORIENTED_EDGE('',*,*,#3516,.T.);
#5066 = ORIENTED_EDGE('',*,*,#3538,.T.);
#5067 = ORIENTED_EDGE('',*,*,#3560,.F.);
#5068 = FACE_BOUND('',#5069,.T.);
#5069 = EDGE_LOOP('',(#5070,#5079,#5086,#5093));
#5070 = ORIENTED_EDGE('',*,*,#5071,.T.);
#5071 = EDGE_CURVE('',#5072,#5074,#5076,.T.);
#5072 = VERTEX_POINT('',#5073);
#5073 = CARTESIAN_POINT('',(-13.601,13.601,2.999));
#5074 = VERTEX_POINT('',#5075);
#5075 = CARTESIAN_POINT('',(-21.599,13.601,2.999));
#5076 = B_SPLINE_CURVE_WITH_KNOTS('',1,(#5077,#5078),.UNSPECIFIED.,.F.,
  .F.,(2,2),(0.,1.),.PIECEWISE_BEZIER_KNOTS.);
#5077 = CARTESIAN_POINT('',(-13.601,13.601,2.999));
#5078 = CARTESIAN_POINT('',(-21.599,13.601,2.999));
#5079 = ORIENTED_EDGE('',*,*,#5080,.T.);
#5080 = EDGE_CURVE('',#5074,#5081,#5083,.T.);
#5081 = VERTEX_POINT('',#5082);
#5082 = CARTESIAN_POINT('',(-21.599,21.599,2.999));
#5083 = B_SPLINE_CURVE_WITH_KNOTS('',1,(#5084,#5085),.UNSPECIFIED.,.F.,
  .F.,(2,2),(0.,1.),.PIECEWISE_BEZIER_KNOTS.);
#5084 = CARTESIAN_POINT('',(-21.599,13.601,2.999));
#5085 = CARTESIAN_POINT('',(-21.599,21.599,2.999));
#5086 = ORIENTED_EDGE('',*,*,#5087,.T.);
#5087 = EDGE_CURVE('',#5081,#5088,#5090,.T.);
#5088 = VERTEX_POINT('',#5089);
#5089 = CARTESIAN_POINT('',(-13.601,21.599,2.999));
#5090 = B_SPLINE_CURVE_WITH_KNOTS('',1,(#5091,#5092),.UNSPECIFIED.,.F.,
  .F.,(2,2),(0.,1.),.PIECEWISE_BEZIER_KNOTS.);
#5091 = CARTESIAN_POINT('',(-21.599,21.599,2.999));
#5092 = CARTESIAN_POINT('',(-13.601,21.599,2.999));
#5093 = ORIENTED_EDGE('',*,*,#5094,.T.);
#5094 = EDGE_CURVE('',#5088,#5072,#5095,.T.);
#5095 = B_SPLINE_CURVE_WITH_KNOTS('',1,(#5096,#5097),.UNSPECIFIED.,.F.,
  .F.,(2,2),(0.,1.),.PIECEWISE_BEZIER_KNOTS.);
#5096 = CARTESIAN_POINT('',(-13.601,21.599,2.999));
#5097 = CARTESIAN_POINT('',(-13.601,13.601,2.999));
#5098 = B_SPLINE_SURFACE_WITH_KNOTS('',1,1,(
    (#5099,#5100)
    ,(#5101,#5102
    )),.UNSPECIFIED.,.F.,.F.,.F.,(2,2),(2,2),(0.,8.),(0.,8.),
  .PIECEWISE_BEZIER_KNOTS.);
#5099 = CARTESIAN_POINT('',(-21.6,13.6,2.999));
#5100 = CARTESIAN_POINT('',(-21.6,21.6,2.999));
#5101 = CARTESIAN_POINT('',(-13.6,13.6,2.999));
#5102 = CARTESIAN_POINT('',(-13.6,21.6,2.999));
#5103 = ADVANCED_FACE('',(#5104,#5110),#5140,.T.);
#5104 = FACE_BOUND('',#5105,.T.);
#5105 = EDGE_LOOP('',(#5106,#5107,#5108,#5109));
#5106 = ORIENTED_EDGE('',*,*,#3670,.F.);
#5107 = ORIENTED_EDGE('',*,*,#3604,.T.);
#5108 = ORIENTED_EDGE('',*,*,#3626,.T.);
#5109 = ORIENTED_EDGE('',*,*,#3648,.F.);
#5110 = FACE_BOUND('',#5111,.T.);
#5111 = EDGE_LOOP('',(#5112,#5121,#5128,#5135));
#5112 = ORIENTED_EDGE('',*,*,#5113,.T.);
#5113 = EDGE_CURVE('',#5114,#5116,#5118,.T.);
#5114 = VERTEX_POINT('',#5115);
#5115 = CARTESIAN_POINT('',(-4.801,13.601,2.999));
#5116 = VERTEX_POINT('',#5117);
#5117 = CARTESIAN_POINT('',(-12.799,13.601,2.999));
#5118 = B_SPLINE_CURVE_WITH_KNOTS('',1,(#5119,#5120),.UNSPECIFIED.,.F.,
  .F.,(2,2),(0.,1.),.PIECEWISE_BEZIER_KNOTS.);
#5119 = CARTESIAN_POINT('',(-4.801,13.601,2.999));
#5120 = CARTESIAN_POINT('',(-12.799,13.601,2.999));
#5121 = ORIENTED_EDGE('',*,*,#5122,.T.);
#5122 = EDGE_CURVE('',#5116,#5123,#5125,.T.);
#5123 = VERTEX_POINT('',#5124);
#5124 = CARTESIAN_POINT('',(-12.799,21.599,2.999));
#5125 = B_SPLINE_CURVE_WITH_KNOTS('',1,(#5126,#5127),.UNSPECIFIED.,.F.,
  .F.,(2,2),(0.,1.),.PIECEWISE_BEZIER_KNOTS.);
#5126 = CARTESIAN_POINT('',(-12.799,13.601,2.999));
#5127 = CARTESIAN_POINT('',(-12.799,21.599,2.999));
#5128 = ORIENTED_EDGE('',*,*,#5129,.T.);
#5129 = EDGE_CURVE('',#5123,#5130,#5132,.T.);
#5130 = VERTEX_POINT('',#5131);
#5131 = CARTESIAN_POINT('',(-4.801,21.599,2.999));
#5132 = B_SPLINE_CURVE_WITH_KNOTS('',1,(#5133,#5134),.UNSPECIFIED.,.F.,
  .F.,(2,2),(0.,1.),.PIECEWISE_BEZIER_KNOTS.);
#5133 = CARTESIAN_POINT('',(-12.799,21.599,2.999));
#5134 = CARTESIAN_POINT('',(-4.801,21.599,2.999));
#5135 = ORIENTED_EDGE('',*,*,#5136,.T.);
#5136 = EDGE_CURVE('',#5130,#5114,#5137,.T.);
#5137 = B_SPLINE_CURVE_WITH_KNOTS('',1,(#5138,#5139),.UNSPECIFIED.,.F.,
  .F.,(2,2),(0.,1.),.PIECEWISE_BEZIER_KNOTS.);
#5138 = CARTESIAN_POINT('',(-4.801,21.599,2.999));
#5139 = CARTESIAN_POINT('',(-4.801,13.601,2.999));
#5140 = B_SPLINE_SURFACE_WITH_KNOTS('',1,1,(
    (#5141,#5142)
    ,(#5143,#5144
    )),.UNSPECIFIED.,.F.,.F.,.F.,(2,2),(2,2),(0.,8.),(0.,8.),
  .PIECEWISE_BEZIER_KNOTS.);
#5141 = CARTESIAN_POINT('',(-12.8,13.6,2.999));
#5142 = CARTESIAN_POINT('',(-12.8,21.6,2.999));
#5143 = CARTESIAN_POINT('',(-4.8,13.6,2.999));
#5144 = CARTESIAN_POINT('',(-4.8,21.6,2.999));
#5145 = ADVANCED_FACE('',(#5146,#5152),#5182,.T.);
#5146 = FACE_BOUND('',#5147,.T.);
#5147 = EDGE_LOOP('',(#5148,#5149,#5150,#5151));
#5148 = ORIENTED_EDGE('',*,*,#3758,.F.);
#5149 = ORIENTED_EDGE('',*,*,#3692,.T.);
#5150 = ORIENTED_EDGE('',*,*,#3714,.T.);
#5151 = ORIENTED_EDGE('',*,*,#3736,.F.);
#5152 = FACE_BOUND('',#5153,.T.);
#5153 = EDGE_LOOP('',(#5154,#5163,#5170,#5177));
#5154 = ORIENTED_EDGE('',*,*,#5155,.T.);
#5155 = EDGE_CURVE('',#5156,#5158,#5160,.T.);
#5156 = VERTEX_POINT('',#5157);
#5157 = CARTESIAN_POINT('',(3.999,-3.999,2.999));
#5158 = VERTEX_POINT('',#5159);
#5159 = CARTESIAN_POINT('',(-3.999,-3.999,2.999));
#5160 = B_SPLINE_CURVE_WITH_KNOTS('',1,(#5161,#5162),.UNSPECIFIED.,.F.,
  .F.,(2,2),(0.,1.),.PIECEWISE_BEZIER_KNOTS.);
#5161 = CARTESIAN_POINT('',(3.999,-3.999,2.999));
#5162 = CARTESIAN_POINT('',(-3.999,-3.999,2.999));
#5163 = ORIENTED_EDGE('',*,*,#5164,.T.);
#5164 = EDGE_CURVE('',#5158,#5165,#5167,.T.);
#5165 = VERTEX_POINT('',#5166);
#5166 = CARTESIAN_POINT('',(-3.999,3.999,2.999));
#5167 = B_SPLINE_CURVE_WITH_KNOTS('',1,(#5168,#5169),.UNSPECIFIED.,.F.,
  .F.,(2,2),(0.,1.),.PIECEWISE_BEZIER_KNOTS.);
#5168 = CARTESIAN_POINT('',(-3.999,-3.999,2.999));
#5169 = CARTESIAN_POINT('',(-3.999,3.999,2.999));
#5170 = ORIENTED_EDGE('',*,*,#5171,.T.);
#5171 = EDGE_CURVE('',#5165,#5172,#5174,.T.);
#5172 = VERTEX_POINT('',#5173);
#5173 = CARTESIAN_POINT('',(3.999,3.999,2.999));
#5174 = B_SPLINE_CURVE_WITH_KNOTS('',1,(#5175,#5176),.UNSPECIFIED.,.F.,
  .F.,(2,2),(0.,1.),.PIECEWISE_BEZIER_KNOTS.);
#5175 = CARTESIAN_POINT('',(-3.999,3.999,2.999));
#5176 = CARTESIAN_POINT('',(3.999,3.999,2.999));
#5177 = ORIENTED_EDGE('',*,*,#5178,.T.);
#5178 = EDGE_CURVE('',#5172,#5156,#5179,.T.);
#5179 = B_SPLINE_CURVE_WITH_KNOTS('',1,(#5180,#5181),.UNSPECIFIED.,.F.,
  .F.,(2,2),(0.,1.),.PIECEWISE_BEZIER_KNOTS.);
#5180 = CARTESIAN_POINT('',(3.999,3.999,2.999));
#5181 = CARTESIAN_POINT('',(3.999,-3.999,2.999));
#5182 = B_SPLINE_SURFACE_WITH_KNOTS('',1,1,(
    (#5183,#5184)
    ,(#5185,#5186
    )),.UNSPECIFIED.,.F.,.F.,.F.,(2,2),(2,2),(0.,8.),(0.,8.),
  .PIECEWISE_BEZIER_KNOTS.);
#5183 = CARTESIAN_POINT('',(-4.,-4.,2.999));
#5184 = CARTESIAN_POINT('',(-4.,4.,2.999));
#5185 = CARTESIAN_POINT('',(4.,-4.,2.999));
#5186 = CARTESIAN_POINT('',(4.,4.,2.999));
#5187 = ADVANCED_FACE('',(#5188,#5194),#5224,.T.);
#5188 = FACE_BOUND('',#5189,.T.);
#5189 = EDGE_LOOP('',(#5190,#5191,#5192,#5193));
#5190 = ORIENTED_EDGE('',*,*,#3846,.F.);
#5191 = ORIENTED_EDGE('',*,*,#3780,.T.);
#5192 = ORIENTED_EDGE('',*,*,#3802,.T.);
#5193 = ORIENTED_EDGE('',*,*,#3824,.F.);
#5194 = FACE_BOUND('',#5195,.T.);
#5195 = EDGE_LOOP('',(#5196,#5205,#5212,#5219));
#5196 = ORIENTED_EDGE('',*,*,#5197,.T.);
#5197 = EDGE_CURVE('',#5198,#5200,#5202,.T.);
#5198 = VERTEX_POINT('',#5199);
#5199 = CARTESIAN_POINT('',(12.799,-3.999,2.999));
#5200 = VERTEX_POINT('',#5201);
#5201 = CARTESIAN_POINT('',(4.801,-3.999,2.999));
#5202 = B_SPLINE_CURVE_WITH_KNOTS('',1,(#5203,#5204),.UNSPECIFIED.,.F.,
  .F.,(2,2),(0.,1.),.PIECEWISE_BEZIER_KNOTS.);
#5203 = CARTESIAN_POINT('',(12.799,-3.999,2.999));
#5204 = CARTESIAN_POINT('',(4.801,-3.999,2.999));
#5205 = ORIENTED_EDGE('',*,*,#5206,.T.);
#5206 = EDGE_CURVE('',#5200,#5207,#5209,.T.);
#5207 = VERTEX_POINT('',#5208);
#5208 = CARTESIAN_POINT('',(4.801,3.999,2.999));
#5209 = B_SPLINE_CURVE_WITH_KNOTS('',1,(#5210,#5211),.UNSPECIFIED.,.F.,
  .F.,(2,2),(0.,1.),.PIECEWISE_BEZIER_KNOTS.);
#5210 = CARTESIAN_POINT('',(4.801,-3.999,2.999));
#5211 = CARTESIAN_POINT('',(4.801,3.999,2.999));
#5212 = ORIENTED_EDGE('',*,*,#5213,.T.);
#5213 = EDGE_CURVE('',#5207,#5214,#5216,.T.);
#5214 = VERTEX_POINT('',#5215);
#5215 = CARTESIAN_POINT('',(12.799,3.999,2.999));
#5216 = B_SPLINE_CURVE_WITH_KNOTS('',1,(#5217,#5218),.UNSPECIFIED.,.F.,
  .F.,(2,2),(0.,1.),.PIECEWISE_BEZIER_KNOTS.);
#5217 = CARTESIAN_POINT('',(4.801,3.999,2.999));
#5218 = CARTESIAN_POINT('',(12.799,3.999,2.999));
#5219 = ORIENTED_EDGE('',*,*,#5220,.T.);
#5220 = EDGE_CURVE('',#5214,#5198,#5221,.T.);
#5221 = B_SPLINE_CURVE_WITH_KNOTS('',1,(#5222,#5223),.UNSPECIFIED.,.F.,
  .F.,(2,2),(0.,1.),.PIECEWISE_BEZIER_KNOTS.);
#5222 = CARTESIAN_POINT('',(12.799,3.999,2.999));
#5223 = CARTESIAN_POINT('',(12.799,-3.999,2.999));
#5224 = B_SPLINE_SURFACE_WITH_KNOTS('',1,1,(
    (#5225,#5226)
    ,(#5227,#5228
    )),.UNSPECIFIED.,.F.,.F.,.F.,(2,2),(2,2),(0.,8.),(0.,8.),
  .PIECEWISE_BEZIER_KNOTS.);
#5225 = CARTESIAN_POINT('',(4.8,-4.,2.999));
#5226 = CARTESIAN_POINT('',(4.8,4.,2.999));
#5227 = CARTESIAN_POINT('',(12.8,-4.,2.999));
#5228 = CARTESIAN_POINT('',(12.8,4.,2.999));
#5229 = ADVANCED_FACE('',(#5230,#5236),#5266,.T.);
#5230 = FACE_BOUND('',#5231,.T.);
#5231 = EDGE_LOOP('',(#5232,#5233,#5234,#5235));
#5232 = ORIENTED_EDGE('',*,*,#3934,.F.);
#5233 = ORIENTED_EDGE('',*,*,#3868,.T.);
#5234 = ORIENTED_EDGE('',*,*,#3890,.T.);
#5235 = ORIENTED_EDGE('',*,*,#3912,.F.);
#5236 = FACE_BOUND('',#5237,.T.);
#5237 = EDGE_LOOP('',(#5238,#5247,#5254,#5261));
#5238 = ORIENTED_EDGE('',*,*,#5239,.T.);
#5239 = EDGE_CURVE('',#5240,#5242,#5244,.T.);
#5240 = VERTEX_POINT('',#5241);
#5241 = CARTESIAN_POINT('',(3.999,4.801,2.999));
#5242 = VERTEX_POINT('',#5243);
#5243 = CARTESIAN_POINT('',(-3.999,4.801,2.999));
#5244 = B_SPLINE_CURVE_WITH_KNOTS('',1,(#5245,#5246),.UNSPECIFIED.,.F.,
  .F.,(2,2),(0.,1.),.PIECEWISE_BEZIER_KNOTS.);
#5245 = CARTESIAN_POINT('',(3.999,4.801,2.999));
#5246 = CARTESIAN_POINT('',(-3.999,4.801,2.999));
#5247 = ORIENTED_EDGE('',*,*,#5248,.T.);
#5248 = EDGE_CURVE('',#5242,#5249,#5251,.T.);
#5249 = VERTEX_POINT('',#5250);
#5250 = CARTESIAN_POINT('',(-3.999,12.799,2.999));
#5251 = B_SPLINE_CURVE_WITH_KNOTS('',1,(#5252,#5253),.UNSPECIFIED.,.F.,
  .F.,(2,2),(0.,1.),.PIECEWISE_BEZIER_KNOTS.);
#5252 = CARTESIAN_POINT('',(-3.999,4.801,2.999));
#5253 = CARTESIAN_POINT('',(-3.999,12.799,2.999));
#5254 = ORIENTED_EDGE('',*,*,#5255,.T.);
#5255 = EDGE_CURVE('',#5249,#5256,#5258,.T.);
#5256 = VERTEX_POINT('',#5257);
#5257 = CARTESIAN_POINT('',(3.999,12.799,2.999));
#5258 = B_SPLINE_CURVE_WITH_KNOTS('',1,(#5259,#5260),.UNSPECIFIED.,.F.,
  .F.,(2,2),(0.,1.),.PIECEWISE_BEZIER_KNOTS.);
#5259 = CARTESIAN_POINT('',(-3.999,12.799,2.999));
#5260 = CARTESIAN_POINT('',(3.999,12.799,2.999));
#5261 = ORIENTED_EDGE('',*,*,#5262,.T.);
#5262 = EDGE_CURVE('',#5256,#5240,#5263,.T.);
#5263 = B_SPLINE_CURVE_WITH_KNOTS('',1,(#5264,#5265),.UNSPECIFIED.,.F.,
  .F.,(2,2),(0.,1.),.PIECEWISE_BEZIER_KNOTS.);
#5264 = CARTESIAN_POINT('',(3.999,12.799,2.999));
#5265 = CARTESIAN_POINT('',(3.999,4.801,2.999));
#5266 = B_SPLINE_SURFACE_WITH_KNOTS('',1,1,(
    (#5267,#5268)
    ,(#5269,#5270
    )),.UNSPECIFIED.,.F.,.F.,.F.,(2,2),(2,2),(0.,8.),(0.,8.),
  .PIECEWISE_BEZIER_KNOTS.);
#5267 = CARTESIAN_POINT('',(-4.,4.8,2.999));
#5268 = CARTESIAN_POINT('',(-4.,12.8,2.999));
#5269 = CARTESIAN_POINT('',(4.,4.8,2.999));
#5270 = CARTESIAN_POINT('',(4.,12.8,2.999));
#5271 = ADVANCED_FACE('',(#5272,#5278),#5308,.T.);
#5272 = FACE_BOUND('',#5273,.T.);
#5273 = EDGE_LOOP('',(#5274,#5275,#5276,#5277));
#5274 = ORIENTED_EDGE('',*,*,#4022,.F.);
#5275 = ORIENTED_EDGE('',*,*,#3956,.T.);
#5276 = ORIENTED_EDGE('',*,*,#3978,.T.);
#5277 = ORIENTED_EDGE('',*,*,#4000,.F.);
#5278 = FACE_BOUND('',#5279,.T.);
#5279 = EDGE_LOOP('',(#5280,#5289,#5296,#5303));
#5280 = ORIENTED_EDGE('',*,*,#5281,.T.);
#5281 = EDGE_CURVE('',#5282,#5284,#5286,.T.);
#5282 = VERTEX_POINT('',#5283);
#5283 = CARTESIAN_POINT('',(12.799,4.801,2.999));
#5284 = VERTEX_POINT('',#5285);
#5285 = CARTESIAN_POINT('',(4.801,4.801,2.999));
#5286 = B_SPLINE_CURVE_WITH_KNOTS('',1,(#5287,#5288),.UNSPECIFIED.,.F.,
  .F.,(2,2),(0.,1.),.PIECEWISE_BEZIER_KNOTS.);
#5287 = CARTESIAN_POINT('',(12.799,4.801,2.999));
#5288 = CARTESIAN_POINT('',(4.801,4.801,2.999));
#5289 = ORIENTED_EDGE('',*,*,#5290,.T.);
#5290 = EDGE_CURVE('',#5284,#5291,#5293,.T.);
#5291 = VERTEX_POINT('',#5292);
#5292 = CARTESIAN_POINT('',(4.801,12.799,2.999));
#5293 = B_SPLINE_CURVE_WITH_KNOTS('',1,(#5294,#5295),.UNSPECIFIED.,.F.,
  .F.,(2,2),(0.,1.),.PIECEWISE_BEZIER_KNOTS.);
#5294 = CARTESIAN_POINT('',(4.801,4.801,2.999));
#5295 = CARTESIAN_POINT('',(4.801,12.799,2.999));
#5296 = ORIENTED_EDGE('',*,*,#5297,.T.);
#5297 = EDGE_CURVE('',#5291,#5298,#5300,.T.);
#5298 = VERTEX_POINT('',#5299);
#5299 = CARTESIAN_POINT('',(12.799,12.799,2.999));
#5300 = B_SPLINE_CURVE_WITH_KNOTS('',1,(#5301,#5302),.UNSPECIFIED.,.F.,
  .F.,(2,2),(0.,1.),.PIECEWISE_BEZIER_KNOTS.);
#5301 = CARTESIAN_POINT('',(4.801,12.799,2.999));
#5302 = CARTESIAN_POINT('',(12.799,12.799,2.999));
#5303 = ORIENTED_EDGE('',*,*,#5304,.T.);
#5304 = EDGE_CURVE('',#5298,#5282,#5305,.T.);
#5305 = B_SPLINE_CURVE_WITH_KNOTS('',1,(#5306,#5307),.UNSPECIFIED.,.F.,
  .F.,(2,2),(0.,1.),.PIECEWISE_BEZIER_KNOTS.);
#5306 = CARTESIAN_POINT('',(12.799,12.799,2.999));
#5307 = CARTESIAN_POINT('',(12.799,4.801,2.999));
#5308 = B_SPLINE_SURFACE_WITH_KNOTS('',1,1,(
    (#5309,#5310)
    ,(#5311,#5312
    )),.UNSPECIFIED.,.F.,.F.,.F.,(2,2),(2,2),(0.,8.),(0.,8.),
  .PIECEWISE_BEZIER_KNOTS.);
#5309 = CARTESIAN_POINT('',(4.8,4.8,2.999));
#5310 = CARTESIAN_POINT('',(4.8,12.8,2.999));
#5311 = CARTESIAN_POINT('',(12.8,4.8,2.999));
#5312 = CARTESIAN_POINT('',(12.8,12.8,2.999));
#5313 = ADVANCED_FACE('',(#5314,#5320),#5350,.T.);
#5314 = FACE_BOUND('',#5315,.T.);
#5315 = EDGE_LOOP('',(#5316,#5317,#5318,#5319));
#5316 = ORIENTED_EDGE('',*,*,#4110,.F.);
#5317 = ORIENTED_EDGE('',*,*,#4044,.T.);
#5318 = ORIENTED_EDGE('',*,*,#4066,.T.);
#5319 = ORIENTED_EDGE('',*,*,#4088,.F.);
#5320 = FACE_BOUND('',#5321,.T.);
#5321 = EDGE_LOOP('',(#5322,#5331,#5338,#5345));
#5322 = ORIENTED_EDGE('',*,*,#5323,.T.);
#5323 = EDGE_CURVE('',#5324,#5326,#5328,.T.);
#5324 = VERTEX_POINT('',#5325);
#5325 = CARTESIAN_POINT('',(21.599,-3.999,2.999));
#5326 = VERTEX_POINT('',#5327);
#5327 = CARTESIAN_POINT('',(13.601,-3.999,2.999));
#5328 = B_SPLINE_CURVE_WITH_KNOTS('',1,(#5329,#5330),.UNSPECIFIED.,.F.,
  .F.,(2,2),(0.,1.),.PIECEWISE_BEZIER_KNOTS.);
#5329 = CARTESIAN_POINT('',(21.599,-3.999,2.999));
#5330 = CARTESIAN_POINT('',(13.601,-3.999,2.999));
#5331 = ORIENTED_EDGE('',*,*,#5332,.T.);
#5332 = EDGE_CURVE('',#5326,#5333,#5335,.T.);
#5333 = VERTEX_POINT('',#5334);
#5334 = CARTESIAN_POINT('',(13.601,3.999,2.999));
#5335 = B_SPLINE_CURVE_WITH_KNOTS('',1,(#5336,#5337),.UNSPECIFIED.,.F.,
  .F.,(2,2),(0.,1.),.PIECEWISE_BEZIER_KNOTS.);
#5336 = CARTESIAN_POINT('',(13.601,-3.999,2.999));
#5337 = CARTESIAN_POINT('',(13.601,3.999,2.999));
#5338 = ORIENTED_EDGE('',*,*,#5339,.T.);
#5339 = EDGE_CURVE('',#5333,#5340,#5342,.T.);
#5340 = VERTEX_POINT('',#5341);
#5341 = CARTESIAN_POINT('',(21.599,3.999,2.999));
#5342 = B_SPLINE_CURVE_WITH_KNOTS('',1,(#5343,#5344),.UNSPECIFIED.,.F.,
  .F.,(2,2),(0.,1.),.PIECEWISE_BEZIER_KNOTS.);
#5343 = CARTESIAN_POINT('',(13.601,3.999,2.999));
#5344 = CARTESIAN_POINT('',(21.599,3.999,2.999));
#5345 = ORIENTED_EDGE('',*,*,#5346,.T.);
#5346 = EDGE_CURVE('',#5340,#5324,#5347,.T.);
#5347 = B_SPLINE_CURVE_WITH_KNOTS('',1,(#5348,#5349),.UNSPECIFIED.,.F.,
  .F.,(2,2),(0.,1.),.PIECEWISE_BEZIER_KNOTS.);
#5348 = CARTESIAN_POINT('',(21.599,3.999,2.999));
#5349 = CARTESIAN_POINT('',(21.599,-3.999,2.999));
#5350 = B_SPLINE_SURFACE_WITH_KNOTS('',1,1,(
    (#5351,#5352)
    ,(#5353,#5354
    )),.UNSPECIFIED.,.F.,.F.,.F.,(2,2),(2,2),(0.,8.),(0.,8.),
  .PIECEWISE_BEZIER_KNOTS.);
#5351 = CARTESIAN_POINT('',(13.6,-4.,2.999));
#5352 = CARTESIAN_POINT('',(13.6,4.,2.999));
#5353 = CARTESIAN_POINT('',(21.6,-4.,2.999));
#5354 = CARTESIAN_POINT('',(21.6,4.,2.999));
#5355 = ADVANCED_FACE('',(#5356,#5362),#5392,.T.);
#5356 = FACE_BOUND('',#5357,.T.);
#5357 = EDGE_LOOP('',(#5358,#5359,#5360,#5361));
#5358 = ORIENTED_EDGE('',*,*,#4198,.F.);
#5359 = ORIENTED_EDGE('',*,*,#4132,.T.);
#5360 = ORIENTED_EDGE('',*,*,#4154,.T.);
#5361 = ORIENTED_EDGE('',*,*,#4176,.F.);
#5362 = FACE_BOUND('',#5363,.T.);
#5363 = EDGE_LOOP('',(#5364,#5373,#5380,#5387));
#5364 = ORIENTED_EDGE('',*,*,#5365,.T.);
#5365 = EDGE_CURVE('',#5366,#5368,#5370,.T.);
#5366 = VERTEX_POINT('',#5367);
#5367 = CARTESIAN_POINT('',(21.599,4.801,2.999));
#5368 = VERTEX_POINT('',#5369);
#5369 = CARTESIAN_POINT('',(13.601,4.801,2.999));
#5370 = B_SPLINE_CURVE_WITH_KNOTS('',1,(#5371,#5372),.UNSPECIFIED.,.F.,
  .F.,(2,2),(0.,1.),.PIECEWISE_BEZIER_KNOTS.);
#5371 = CARTESIAN_POINT('',(21.599,4.801,2.999));
#5372 = CARTESIAN_POINT('',(13.601,4.801,2.999));
#5373 = ORIENTED_EDGE('',*,*,#5374,.T.);
#5374 = EDGE_CURVE('',#5368,#5375,#5377,.T.);
#5375 = VERTEX_POINT('',#5376);
#5376 = CARTESIAN_POINT('',(13.601,12.799,2.999));
#5377 = B_SPLINE_CURVE_WITH_KNOTS('',1,(#5378,#5379),.UNSPECIFIED.,.F.,
  .F.,(2,2),(0.,1.),.PIECEWISE_BEZIER_KNOTS.);
#5378 = CARTESIAN_POINT('',(13.601,4.801,2.999));
#5379 = CARTESIAN_POINT('',(13.601,12.799,2.999));
#5380 = ORIENTED_EDGE('',*,*,#5381,.T.);
#5381 = EDGE_CURVE('',#5375,#5382,#5384,.T.);
#5382 = VERTEX_POINT('',#5383);
#5383 = CARTESIAN_POINT('',(21.599,12.799,2.999));
#5384 = B_SPLINE_CURVE_WITH_KNOTS('',1,(#5385,#5386),.UNSPECIFIED.,.F.,
  .F.,(2,2),(0.,1.),.PIECEWISE_BEZIER_KNOTS.);
#5385 = CARTESIAN_POINT('',(13.601,12.799,2.999));
#5386 = CARTESIAN_POINT('',(21.599,12.799,2.999));
#5387 = ORIENTED_EDGE('',*,*,#5388,.T.);
#5388 = EDGE_CURVE('',#5382,#5366,#5389,.T.);
#5389 = B_SPLINE_CURVE_WITH_KNOTS('',1,(#5390,#5391),.UNSPECIFIED.,.F.,
  .F.,(2,2),(0.,1.),.PIECEWISE_BEZIER_KNOTS.);
#5390 = CARTESIAN_POINT('',(21.599,12.799,2.999));
#5391 = CARTESIAN_POINT('',(21.599,4.801,2.999));
#5392 = B_SPLINE_SURFACE_WITH_KNOTS('',1,1,(
    (#5393,#5394)
    ,(#5395,#5396
    )),.UNSPECIFIED.,.F.,.F.,.F.,(2,2),(2,2),(0.,8.),(0.,8.),
  .PIECEWISE_BEZIER_KNOTS.);
#5393 = CARTESIAN_POINT('',(13.6,4.8,2.999));
#5394 = CARTESIAN_POINT('',(13.6,12.8,2.999));
#5395 = CARTESIAN_POINT('',(21.6,4.8,2.999));
#5396 = CARTESIAN_POINT('',(21.6,12.8,2.999));
#5397 = ADVANCED_FACE('',(#5398,#5404),#5434,.T.);
#5398 = FACE_BOUND('',#5399,.T.);
#5399 = EDGE_LOOP('',(#5400,#5401,#5402,#5403));
#5400 = ORIENTED_EDGE('',*,*,#4286,.F.);
#5401 = ORIENTED_EDGE('',*,*,#4220,.T.);
#5402 = ORIENTED_EDGE('',*,*,#4242,.T.);
#5403 = ORIENTED_EDGE('',*,*,#4264,.F.);
#5404 = FACE_BOUND('',#5405,.T.);
#5405 = EDGE_LOOP('',(#5406,#5415,#5422,#5429));
#5406 = ORIENTED_EDGE('',*,*,#5407,.T.);
#5407 = EDGE_CURVE('',#5408,#5410,#5412,.T.);
#5408 = VERTEX_POINT('',#5409);
#5409 = CARTESIAN_POINT('',(3.999,13.601,2.999));
#5410 = VERTEX_POINT('',#5411);
#5411 = CARTESIAN_POINT('',(-3.999,13.601,2.999));
#5412 = B_SPLINE_CURVE_WITH_KNOTS('',1,(#5413,#5414),.UNSPECIFIED.,.F.,
  .F.,(2,2),(0.,1.),.PIECEWISE_BEZIER_KNOTS.);
#5413 = CARTESIAN_POINT('',(3.999,13.601,2.999));
#5414 = CARTESIAN_POINT('',(-3.999,13.601,2.999));
#5415 = ORIENTED_EDGE('',*,*,#5416,.T.);
#5416 = EDGE_CURVE('',#5410,#5417,#5419,.T.);
#5417 = VERTEX_POINT('',#5418);
#5418 = CARTESIAN_POINT('',(-3.999,21.599,2.999));
#5419 = B_SPLINE_CURVE_WITH_KNOTS('',1,(#5420,#5421),.UNSPECIFIED.,.F.,
  .F.,(2,2),(0.,1.),.PIECEWISE_BEZIER_KNOTS.);
#5420 = CARTESIAN_POINT('',(-3.999,13.601,2.999));
#5421 = CARTESIAN_POINT('',(-3.999,21.599,2.999));
#5422 = ORIENTED_EDGE('',*,*,#5423,.T.);
#5423 = EDGE_CURVE('',#5417,#5424,#5426,.T.);
#5424 = VERTEX_POINT('',#5425);
#5425 = CARTESIAN_POINT('',(3.999,21.599,2.999));
#5426 = B_SPLINE_CURVE_WITH_KNOTS('',1,(#5427,#5428),.UNSPECIFIED.,.F.,
  .F.,(2,2),(0.,1.),.PIECEWISE_BEZIER_KNOTS.);
#5427 = CARTESIAN_POINT('',(-3.999,21.599,2.999));
#5428 = CARTESIAN_POINT('',(3.999,21.599,2.999));
#5429 = ORIENTED_EDGE('',*,*,#5430,.T.);
#5430 = EDGE_CURVE('',#5424,#5408,#5431,.T.);
#5431 = B_SPLINE_CURVE_WITH_KNOTS('',1,(#5432,#5433),.UNSPECIFIED.,.F.,
  .F.,(2,2),(0.,1.),.PIECEWISE_BEZIER_KNOTS.);
#5432 = CARTESIAN_POINT('',(3.999,21.599,2.999));
#5433 = CARTESIAN_POINT('',(3.999,13.601,2.999));
#5434 = B_SPLINE_SURFACE_WITH_KNOTS('',1,1,(
    (#5435,#5436)
    ,(#5437,#5438
    )),.UNSPECIFIED.,.F.,.F.,.F.,(2,2),(2,2),(0.,8.),(0.,8.),
  .PIECEWISE_BEZIER_KNOTS.);
#5435 = CARTESIAN_POINT('',(-4.,13.6,2.999));
#5436 = CARTESIAN_POINT('',(-4.,21.6,2.999));
#5437 = CARTESIAN_POINT('',(4.,13.6,2.999));
#5438 = CARTESIAN_POINT('',(4.,21.6,2.999));
#5439 = ADVANCED_FACE('',(#5440,#5446),#5476,.T.);
#5440 = FACE_BOUND('',#5441,.T.);
#5441 = EDGE_LOOP('',(#5442,#5443,#5444,#5445));
#5442 = ORIENTED_EDGE('',*,*,#4374,.F.);
#5443 = ORIENTED_EDGE('',*,*,#4308,.T.);
#5444 = ORIENTED_EDGE('',*,*,#4330,.T.);
#5445 = ORIENTED_EDGE('',*,*,#4352,.F.);
#5446 = FACE_BOUND('',#5447,.T.);
#5447 = EDGE_LOOP('',(#5448,#5457,#5464,#5471));
#5448 = ORIENTED_EDGE('',*,*,#5449,.T.);
#5449 = EDGE_CURVE('',#5450,#5452,#5454,.T.);
#5450 = VERTEX_POINT('',#5451);
#5451 = CARTESIAN_POINT('',(12.799,13.601,2.999));
#5452 = VERTEX_POINT('',#5453);
#5453 = CARTESIAN_POINT('',(4.801,13.601,2.999));
#5454 = B_SPLINE_CURVE_WITH_KNOTS('',1,(#5455,#5456),.UNSPECIFIED.,.F.,
  .F.,(2,2),(0.,1.),.PIECEWISE_BEZIER_KNOTS.);
#5455 = CARTESIAN_POINT('',(12.799,13.601,2.999));
#5456 = CARTESIAN_POINT('',(4.801,13.601,2.999));
#5457 = ORIENTED_EDGE('',*,*,#5458,.T.);
#5458 = EDGE_CURVE('',#5452,#5459,#5461,.T.);
#5459 = VERTEX_POINT('',#5460);
#5460 = CARTESIAN_POINT('',(4.801,21.599,2.999));
#5461 = B_SPLINE_CURVE_WITH_KNOTS('',1,(#5462,#5463),.UNSPECIFIED.,.F.,
  .F.,(2,2),(0.,1.),.PIECEWISE_BEZIER_KNOTS.);
#5462 = CARTESIAN_POINT('',(4.801,13.601,2.999));
#5463 = CARTESIAN_POINT('',(4.801,21.599,2.999));
#5464 = ORIENTED_EDGE('',*,*,#5465,.T.);
#5465 = EDGE_CURVE('',#5459,#5466,#5468,.T.);
#5466 = VERTEX_POINT('',#5467);
#5467 = CARTESIAN_POINT('',(12.799,21.599,2.999));
#5468 = B_SPLINE_CURVE_WITH_KNOTS('',1,(#5469,#5470),.UNSPECIFIED.,.F.,
  .F.,(2,2),(0.,1.),.PIECEWISE_BEZIER_KNOTS.);
#5469 = CARTESIAN_POINT('',(4.801,21.599,2.999));
#5470 = CARTESIAN_POINT('',(12.799,21.599,2.999));
#5471 = ORIENTED_EDGE('',*,*,#5472,.T.);
#5472 = EDGE_CURVE('',#5466,#5450,#5473,.T.);
#5473 = B_SPLINE_CURVE_WITH_KNOTS('',1,(#5474,#5475),.UNSPECIFIED.,.F.,
  .F.,(2,2),(0.,1.),.PIECEWISE_BEZIER_KNOTS.);
#5474 = CARTESIAN_POINT('',(12.799,21.599,2.999));
#5475 = CARTESIAN_POINT('',(12.799,13.601,2.999));
#5476 = B_SPLINE_SURFACE_WITH_KNOTS('',1,1,(
    (#5477,#5478)
    ,(#5479,#5480
    )),.UNSPECIFIED.,.F.,.F.,.F.,(2,2),(2,2),(0.,8.),(0.,8.),
  .PIECEWISE_BEZIER_KNOTS.);
#5477 = CARTESIAN_POINT('',(4.8,13.6,2.999));
#5478 = CARTESIAN_POINT('',(4.8,21.6,2.999));
#5479 = CARTESIAN_POINT('',(12.8,13.6,2.999));
#5480 = CARTESIAN_POINT('',(12.8,21.6,2.999));
#5481 = ADVANCED_FACE('',(#5482,#5488),#5518,.T.);
#5482 = FACE_BOUND('',#5483,.T.);
#5483 = EDGE_LOOP('',(#5484,#5485,#5486,#5487));
#5484 = ORIENTED_EDGE('',*,*,#4462,.F.);
#5485 = ORIENTED_EDGE('',*,*,#4396,.T.);
#5486 = ORIENTED_EDGE('',*,*,#4418,.T.);
#5487 = ORIENTED_EDGE('',*,*,#4440,.F.);
#5488 = FACE_BOUND('',#5489,.T.);
#5489 = EDGE_LOOP('',(#5490,#5499,#5506,#5513));
#5490 = ORIENTED_EDGE('',*,*,#5491,.T.);
#5491 = EDGE_CURVE('',#5492,#5494,#5496,.T.);
#5492 = VERTEX_POINT('',#5493);
#5493 = CARTESIAN_POINT('',(21.599,13.601,2.999));
#5494 = VERTEX_POINT('',#5495);
#5495 = CARTESIAN_POINT('',(13.601,13.601,2.999));
#5496 = B_SPLINE_CURVE_WITH_KNOTS('',1,(#5497,#5498),.UNSPECIFIED.,.F.,
  .F.,(2,2),(0.,1.),.PIECEWISE_BEZIER_KNOTS.);
#5497 = CARTESIAN_POINT('',(21.599,13.601,2.999));
#5498 = CARTESIAN_POINT('',(13.601,13.601,2.999));
#5499 = ORIENTED_EDGE('',*,*,#5500,.T.);
#5500 = EDGE_CURVE('',#5494,#5501,#5503,.T.);
#5501 = VERTEX_POINT('',#5502);
#5502 = CARTESIAN_POINT('',(13.601,21.599,2.999));
#5503 = B_SPLINE_CURVE_WITH_KNOTS('',1,(#5504,#5505),.UNSPECIFIED.,.F.,
  .F.,(2,2),(0.,1.),.PIECEWISE_BEZIER_KNOTS.);
#5504 = CARTESIAN_POINT('',(13.601,13.601,2.999));
#5505 = CARTESIAN_POINT('',(13.601,21.599,2.999));
#5506 = ORIENTED_EDGE('',*,*,#5507,.T.);
#5507 = EDGE_CURVE('',#5501,#5508,#5510,.T.);
#5508 = VERTEX_POINT('',#5509);
#5509 = CARTESIAN_POINT('',(21.599,21.599,2.999));
#5510 = B_SPLINE_CURVE_WITH_KNOTS('',1,(#5511,#5512),.UNSPECIFIED.,.F.,
  .F.,(2,2),(0.,1.),.PIECEWISE_BEZIER_KNOTS.);
#5511 = CARTESIAN_POINT('',(13.601,21.599,2.999));
#5512 = CARTESIAN_POINT('',(21.599,21.599,2.999));
#5513 = ORIENTED_EDGE('',*,*,#5514,.T.);
#5514 = EDGE_CURVE('',#5508,#5492,#5515,.T.);
#5515 = B_SPLINE_CURVE_WITH_KNOTS('',1,(#5516,#5517),.UNSPECIFIED.,.F.,
  .F.,(2,2),(0.,1.),.PIECEWISE_BEZIER_KNOTS.);
#5516 = CARTESIAN_POINT('',(21.599,21.599,2.999));
#5517 = CARTESIAN_POINT('',(21.599,13.601,2.999));
#5518 = B_SPLINE_SURFACE_WITH_KNOTS('',1,1,(
    (#5519,#5520)
    ,(#5521,#5522
    )),.UNSPECIFIED.,.F.,.F.,.F.,(2,2),(2,2),(0.,8.),(0.,8.),
  .PIECEWISE_BEZIER_KNOTS.);
#5519 = CARTESIAN_POINT('',(13.6,13.6,2.999));
#5520 = CARTESIAN_POINT('',(13.6,21.6,2.999));
#5521 = CARTESIAN_POINT('',(21.6,13.6,2.999));
#5522 = CARTESIAN_POINT('',(21.6,21.6,2.999));
#5523 = ADVANCED_FACE('',(#5524),#5546,.F.);
#5524 = FACE_BOUND('',#5525,.F.);
#5525 = EDGE_LOOP('',(#5526,#5533,#5540,#5545));
#5526 = ORIENTED_EDGE('',*,*,#5527,.F.);
#5527 = EDGE_CURVE('',#5528,#4486,#5530,.T.);
#5528 = VERTEX_POINT('',#5529);
#5529 = CARTESIAN_POINT('',(-20.6,-20.6,2.));
#5530 = B_SPLINE_CURVE_WITH_KNOTS('',1,(#5531,#5532),.UNSPECIFIED.,.F.,
  .F.,(2,2),(0.,1.),.PIECEWISE_BEZIER_KNOTS.);
#5531 = CARTESIAN_POINT('',(-20.6,-20.6,2.));
#5532 = CARTESIAN_POINT('',(-21.6,-21.6,3.));
#5533 = ORIENTED_EDGE('',*,*,#5534,.T.);
#5534 = EDGE_CURVE('',#5528,#5535,#5537,.T.);
#5535 = VERTEX_POINT('',#5536);
#5536 = CARTESIAN_POINT('',(-14.6,-20.6,2.));
#5537 = B_SPLINE_CURVE_WITH_KNOTS('',1,(#5538,#5539),.UNSPECIFIED.,.F.,
  .F.,(2,2),(0.,6.),.PIECEWISE_BEZIER_KNOTS.);
#5538 = CARTESIAN_POINT('',(-20.6,-20.6,2.));
#5539 = CARTESIAN_POINT('',(-14.6,-20.6,2.));
#5540 = ORIENTED_EDGE('',*,*,#5541,.T.);
#5541 = EDGE_CURVE('',#5535,#4484,#5542,.T.);
#5542 = B_SPLINE_CURVE_WITH_KNOTS('',1,(#5543,#5544),.UNSPECIFIED.,.F.,
  .F.,(2,2),(0.,1.),.PIECEWISE_BEZIER_KNOTS.);
#5543 = CARTESIAN_POINT('',(-14.6,-20.6,2.));
#5544 = CARTESIAN_POINT('',(-13.6,-21.6,3.));
#5545 = ORIENTED_EDGE('',*,*,#4483,.T.);
#5546 = B_SPLINE_SURFACE_WITH_KNOTS('',1,1,(
    (#5547,#5548)
    ,(#5549,#5550
    )),.UNSPECIFIED.,.F.,.F.,.F.,(2,2),(2,2),(0.,8.),(0.,1.),
  .PIECEWISE_BEZIER_KNOTS.);
#5547 = CARTESIAN_POINT('',(-20.6,-20.6,2.));
#5548 = CARTESIAN_POINT('',(-21.6,-21.6,3.));
#5549 = CARTESIAN_POINT('',(-14.6,-20.6,2.));
#5550 = CARTESIAN_POINT('',(-13.6,-21.6,3.));
#5551 = ADVANCED_FACE('',(#5552),#5568,.F.);
#5552 = FACE_BOUND('',#5553,.F.);
#5553 = EDGE_LOOP('',(#5554,#5555,#5562,#5567));
#5554 = ORIENTED_EDGE('',*,*,#5541,.F.);
#5555 = ORIENTED_EDGE('',*,*,#5556,.T.);
#5556 = EDGE_CURVE('',#5535,#5557,#5559,.T.);
#5557 = VERTEX_POINT('',#5558);
#5558 = CARTESIAN_POINT('',(-14.6,-14.6,2.));
#5559 = B_SPLINE_CURVE_WITH_KNOTS('',1,(#5560,#5561),.UNSPECIFIED.,.F.,
  .F.,(2,2),(0.,6.),.PIECEWISE_BEZIER_KNOTS.);
#5560 = CARTESIAN_POINT('',(-14.6,-20.6,2.));
#5561 = CARTESIAN_POINT('',(-14.6,-14.6,2.));
#5562 = ORIENTED_EDGE('',*,*,#5563,.T.);
#5563 = EDGE_CURVE('',#5557,#4500,#5564,.T.);
#5564 = B_SPLINE_CURVE_WITH_KNOTS('',1,(#5565,#5566),.UNSPECIFIED.,.F.,
  .F.,(2,2),(0.,1.),.PIECEWISE_BEZIER_KNOTS.);
#5565 = CARTESIAN_POINT('',(-14.6,-14.6,2.));
#5566 = CARTESIAN_POINT('',(-13.6,-13.6,3.));
#5567 = ORIENTED_EDGE('',*,*,#4506,.T.);
#5568 = B_SPLINE_SURFACE_WITH_KNOTS('',1,1,(
    (#5569,#5570)
    ,(#5571,#5572
    )),.UNSPECIFIED.,.F.,.F.,.F.,(2,2),(2,2),(0.,8.),(0.,1.),
  .PIECEWISE_BEZIER_KNOTS.);
#5569 = CARTESIAN_POINT('',(-14.6,-20.6,2.));
#5570 = CARTESIAN_POINT('',(-13.6,-21.6,3.));
#5571 = CARTESIAN_POINT('',(-14.6,-14.6,2.));
#5572 = CARTESIAN_POINT('',(-13.6,-13.6,3.));
#5573 = ADVANCED_FACE('',(#5574),#5590,.F.);
#5574 = FACE_BOUND('',#5575,.F.);
#5575 = EDGE_LOOP('',(#5576,#5577,#5584,#5589));
#5576 = ORIENTED_EDGE('',*,*,#5563,.F.);
#5577 = ORIENTED_EDGE('',*,*,#5578,.T.);
#5578 = EDGE_CURVE('',#5557,#5579,#5581,.T.);
#5579 = VERTEX_POINT('',#5580);
#5580 = CARTESIAN_POINT('',(-20.6,-14.6,2.));
#5581 = B_SPLINE_CURVE_WITH_KNOTS('',1,(#5582,#5583),.UNSPECIFIED.,.F.,
  .F.,(2,2),(0.,6.),.PIECEWISE_BEZIER_KNOTS.);
#5582 = CARTESIAN_POINT('',(-14.6,-14.6,2.));
#5583 = CARTESIAN_POINT('',(-20.6,-14.6,2.));
#5584 = ORIENTED_EDGE('',*,*,#5585,.T.);
#5585 = EDGE_CURVE('',#5579,#4493,#5586,.T.);
#5586 = B_SPLINE_CURVE_WITH_KNOTS('',1,(#5587,#5588),.UNSPECIFIED.,.F.,
  .F.,(2,2),(0.,1.),.PIECEWISE_BEZIER_KNOTS.);
#5587 = CARTESIAN_POINT('',(-20.6,-14.6,2.));
#5588 = CARTESIAN_POINT('',(-21.6,-13.6,3.));
#5589 = ORIENTED_EDGE('',*,*,#4499,.T.);
#5590 = B_SPLINE_SURFACE_WITH_KNOTS('',1,1,(
    (#5591,#5592)
    ,(#5593,#5594
    )),.UNSPECIFIED.,.F.,.F.,.F.,(2,2),(2,2),(0.,8.),(0.,1.),
  .PIECEWISE_BEZIER_KNOTS.);
#5591 = CARTESIAN_POINT('',(-14.6,-14.6,2.));
#5592 = CARTESIAN_POINT('',(-13.6,-13.6,3.));
#5593 = CARTESIAN_POINT('',(-20.6,-14.6,2.));
#5594 = CARTESIAN_POINT('',(-21.6,-13.6,3.));
#5595 = ADVANCED_FACE('',(#5596),#5606,.F.);
#5596 = FACE_BOUND('',#5597,.F.);
#5597 = EDGE_LOOP('',(#5598,#5599,#5604,#5605));
#5598 = ORIENTED_EDGE('',*,*,#5585,.F.);
#5599 = ORIENTED_EDGE('',*,*,#5600,.T.);
#5600 = EDGE_CURVE('',#5579,#5528,#5601,.T.);
#5601 = B_SPLINE_CURVE_WITH_KNOTS('',1,(#5602,#5603),.UNSPECIFIED.,.F.,
  .F.,(2,2),(0.,6.),.PIECEWISE_BEZIER_KNOTS.);
#5602 = CARTESIAN_POINT('',(-20.6,-14.6,2.));
#5603 = CARTESIAN_POINT('',(-20.6,-20.6,2.));
#5604 = ORIENTED_EDGE('',*,*,#5527,.T.);
#5605 = ORIENTED_EDGE('',*,*,#4492,.T.);
#5606 = B_SPLINE_SURFACE_WITH_KNOTS('',1,1,(
    (#5607,#5608)
    ,(#5609,#5610
    )),.UNSPECIFIED.,.F.,.F.,.F.,(2,2),(2,2),(0.,8.),(0.,1.),
  .PIECEWISE_BEZIER_KNOTS.);
#5607 = CARTESIAN_POINT('',(-20.6,-14.6,2.));
#5608 = CARTESIAN_POINT('',(-21.6,-13.6,3.));
#5609 = CARTESIAN_POINT('',(-20.6,-20.6,2.));
#5610 = CARTESIAN_POINT('',(-21.6,-21.6,3.));
#5611 = ADVANCED_FACE('',(#5612),#5634,.F.);
#5612 = FACE_BOUND('',#5613,.F.);
#5613 = EDGE_LOOP('',(#5614,#5621,#5628,#5633));
#5614 = ORIENTED_EDGE('',*,*,#5615,.F.);
#5615 = EDGE_CURVE('',#5616,#4528,#5618,.T.);
#5616 = VERTEX_POINT('',#5617);
#5617 = CARTESIAN_POINT('',(-11.8,-20.6,2.));
#5618 = B_SPLINE_CURVE_WITH_KNOTS('',1,(#5619,#5620),.UNSPECIFIED.,.F.,
  .F.,(2,2),(0.,1.),.PIECEWISE_BEZIER_KNOTS.);
#5619 = CARTESIAN_POINT('',(-11.8,-20.6,2.));
#5620 = CARTESIAN_POINT('',(-12.8,-21.6,3.));
#5621 = ORIENTED_EDGE('',*,*,#5622,.T.);
#5622 = EDGE_CURVE('',#5616,#5623,#5625,.T.);
#5623 = VERTEX_POINT('',#5624);
#5624 = CARTESIAN_POINT('',(-5.8,-20.6,2.));
#5625 = B_SPLINE_CURVE_WITH_KNOTS('',1,(#5626,#5627),.UNSPECIFIED.,.F.,
  .F.,(2,2),(0.,6.),.PIECEWISE_BEZIER_KNOTS.);
#5626 = CARTESIAN_POINT('',(-11.8,-20.6,2.));
#5627 = CARTESIAN_POINT('',(-5.8,-20.6,2.));
#5628 = ORIENTED_EDGE('',*,*,#5629,.T.);
#5629 = EDGE_CURVE('',#5623,#4526,#5630,.T.);
#5630 = B_SPLINE_CURVE_WITH_KNOTS('',1,(#5631,#5632),.UNSPECIFIED.,.F.,
  .F.,(2,2),(0.,1.),.PIECEWISE_BEZIER_KNOTS.);
#5631 = CARTESIAN_POINT('',(-5.8,-20.6,2.));
#5632 = CARTESIAN_POINT('',(-4.8,-21.6,3.));
#5633 = ORIENTED_EDGE('',*,*,#4525,.T.);
#5634 = B_SPLINE_SURFACE_WITH_KNOTS('',1,1,(
    (#5635,#5636)
    ,(#5637,#5638
    )),.UNSPECIFIED.,.F.,.F.,.F.,(2,2),(2,2),(0.,8.),(0.,1.),
  .PIECEWISE_BEZIER_KNOTS.);
#5635 = CARTESIAN_POINT('',(-11.8,-20.6,2.));
#5636 = CARTESIAN_POINT('',(-12.8,-21.6,3.));
#5637 = CARTESIAN_POINT('',(-5.8,-20.6,2.));
#5638 = CARTESIAN_POINT('',(-4.8,-21.6,3.));
#5639 = ADVANCED_FACE('',(#5640),#5656,.F.);
#5640 = FACE_BOUND('',#5641,.F.);
#5641 = EDGE_LOOP('',(#5642,#5643,#5650,#5655));
#5642 = ORIENTED_EDGE('',*,*,#5629,.F.);
#5643 = ORIENTED_EDGE('',*,*,#5644,.T.);
#5644 = EDGE_CURVE('',#5623,#5645,#5647,.T.);
#5645 = VERTEX_POINT('',#5646);
#5646 = CARTESIAN_POINT('',(-5.8,-14.6,2.));
#5647 = B_SPLINE_CURVE_WITH_KNOTS('',1,(#5648,#5649),.UNSPECIFIED.,.F.,
  .F.,(2,2),(0.,6.),.PIECEWISE_BEZIER_KNOTS.);
#5648 = CARTESIAN_POINT('',(-5.8,-20.6,2.));
#5649 = CARTESIAN_POINT('',(-5.8,-14.6,2.));
#5650 = ORIENTED_EDGE('',*,*,#5651,.T.);
#5651 = EDGE_CURVE('',#5645,#4542,#5652,.T.);
#5652 = B_SPLINE_CURVE_WITH_KNOTS('',1,(#5653,#5654),.UNSPECIFIED.,.F.,
  .F.,(2,2),(0.,1.),.PIECEWISE_BEZIER_KNOTS.);
#5653 = CARTESIAN_POINT('',(-5.8,-14.6,2.));
#5654 = CARTESIAN_POINT('',(-4.8,-13.6,3.));
#5655 = ORIENTED_EDGE('',*,*,#4548,.T.);
#5656 = B_SPLINE_SURFACE_WITH_KNOTS('',1,1,(
    (#5657,#5658)
    ,(#5659,#5660
    )),.UNSPECIFIED.,.F.,.F.,.F.,(2,2),(2,2),(0.,8.),(0.,1.),
  .PIECEWISE_BEZIER_KNOTS.);
#5657 = CARTESIAN_POINT('',(-5.8,-20.6,2.));
#5658 = CARTESIAN_POINT('',(-4.8,-21.6,3.));
#5659 = CARTESIAN_POINT('',(-5.8,-14.6,2.));
#5660 = CARTESIAN_POINT('',(-4.8,-13.6,3.));
#5661 = ADVANCED_FACE('',(#5662),#5678,.F.);
#5662 = FACE_BOUND('',#5663,.F.);
#5663 = EDGE_LOOP('',(#5664,#5665,#5672,#5677));
#5664 = ORIENTED_EDGE('',*,*,#5651,.F.);
#5665 = ORIENTED_EDGE('',*,*,#5666,.T.);
#5666 = EDGE_CURVE('',#5645,#5667,#5669,.T.);
#5667 = VERTEX_POINT('',#5668);
#5668 = CARTESIAN_POINT('',(-11.8,-14.6,2.));
#5669 = B_SPLINE_CURVE_WITH_KNOTS('',1,(#5670,#5671),.UNSPECIFIED.,.F.,
  .F.,(2,2),(0.,6.),.PIECEWISE_BEZIER_KNOTS.);
#5670 = CARTESIAN_POINT('',(-5.8,-14.6,2.));
#5671 = CARTESIAN_POINT('',(-11.8,-14.6,2.));
#5672 = ORIENTED_EDGE('',*,*,#5673,.T.);
#5673 = EDGE_CURVE('',#5667,#4535,#5674,.T.);
#5674 = B_SPLINE_CURVE_WITH_KNOTS('',1,(#5675,#5676),.UNSPECIFIED.,.F.,
  .F.,(2,2),(0.,1.),.PIECEWISE_BEZIER_KNOTS.);
#5675 = CARTESIAN_POINT('',(-11.8,-14.6,2.));
#5676 = CARTESIAN_POINT('',(-12.8,-13.6,3.));
#5677 = ORIENTED_EDGE('',*,*,#4541,.T.);
#5678 = B_SPLINE_SURFACE_WITH_KNOTS('',1,1,(
    (#5679,#5680)
    ,(#5681,#5682
    )),.UNSPECIFIED.,.F.,.F.,.F.,(2,2),(2,2),(0.,8.),(0.,1.),
  .PIECEWISE_BEZIER_KNOTS.);
#5679 = CARTESIAN_POINT('',(-5.8,-14.6,2.));
#5680 = CARTESIAN_POINT('',(-4.8,-13.6,3.));
#5681 = CARTESIAN_POINT('',(-11.8,-14.6,2.));
#5682 = CARTESIAN_POINT('',(-12.8,-13.6,3.));
#5683 = ADVANCED_FACE('',(#5684),#5694,.F.);
#5684 = FACE_BOUND('',#5685,.F.);
#5685 = EDGE_LOOP('',(#5686,#5687,#5692,#5693));
#5686 = ORIENTED_EDGE('',*,*,#5673,.F.);
#5687 = ORIENTED_EDGE('',*,*,#5688,.T.);
#5688 = EDGE_CURVE('',#5667,#5616,#5689,.T.);
#5689 = B_SPLINE_CURVE_WITH_KNOTS('',1,(#5690,#5691),.UNSPECIFIED.,.F.,
  .F.,(2,2),(0.,6.),.PIECEWISE_BEZIER_KNOTS.);
#5690 = CARTESIAN_POINT('',(-11.8,-14.6,2.));
#5691 = CARTESIAN_POINT('',(-11.8,-20.6,2.));
#5692 = ORIENTED_EDGE('',*,*,#5615,.T.);
#5693 = ORIENTED_EDGE('',*,*,#4534,.T.);
#5694 = B_SPLINE_SURFACE_WITH_KNOTS('',1,1,(
    (#5695,#5696)
    ,(#5697,#5698
    )),.UNSPECIFIED.,.F.,.F.,.F.,(2,2),(2,2),(0.,8.),(0.,1.),
  .PIECEWISE_BEZIER_KNOTS.);
#5695 = CARTESIAN_POINT('',(-11.8,-14.6,2.));
#5696 = CARTESIAN_POINT('',(-12.8,-13.6,3.));
#5697 = CARTESIAN_POINT('',(-11.8,-20.6,2.));
#5698 = CARTESIAN_POINT('',(-12.8,-21.6,3.));
#5699 = ADVANCED_FACE('',(#5700),#5722,.F.);
#5700 = FACE_BOUND('',#5701,.F.);
#5701 = EDGE_LOOP('',(#5702,#5709,#5716,#5721));
#5702 = ORIENTED_EDGE('',*,*,#5703,.F.);
#5703 = EDGE_CURVE('',#5704,#4570,#5706,.T.);
#5704 = VERTEX_POINT('',#5705);
#5705 = CARTESIAN_POINT('',(-20.6,-11.8,2.));
#5706 = B_SPLINE_CURVE_WITH_KNOTS('',1,(#5707,#5708),.UNSPECIFIED.,.F.,
  .F.,(2,2),(0.,1.),.PIECEWISE_BEZIER_KNOTS.);
#5707 = CARTESIAN_POINT('',(-20.6,-11.8,2.));
#5708 = CARTESIAN_POINT('',(-21.6,-12.8,3.));
#5709 = ORIENTED_EDGE('',*,*,#5710,.T.);
#5710 = EDGE_CURVE('',#5704,#5711,#5713,.T.);
#5711 = VERTEX_POINT('',#5712);
#5712 = CARTESIAN_POINT('',(-14.6,-11.8,2.));
#5713 = B_SPLINE_CURVE_WITH_KNOTS('',1,(#5714,#5715),.UNSPECIFIED.,.F.,
  .F.,(2,2),(0.,6.),.PIECEWISE_BEZIER_KNOTS.);
#5714 = CARTESIAN_POINT('',(-20.6,-11.8,2.));
#5715 = CARTESIAN_POINT('',(-14.6,-11.8,2.));
#5716 = ORIENTED_EDGE('',*,*,#5717,.T.);
#5717 = EDGE_CURVE('',#5711,#4568,#5718,.T.);
#5718 = B_SPLINE_CURVE_WITH_KNOTS('',1,(#5719,#5720),.UNSPECIFIED.,.F.,
  .F.,(2,2),(0.,1.),.PIECEWISE_BEZIER_KNOTS.);
#5719 = CARTESIAN_POINT('',(-14.6,-11.8,2.));
#5720 = CARTESIAN_POINT('',(-13.6,-12.8,3.));
#5721 = ORIENTED_EDGE('',*,*,#4567,.T.);
#5722 = B_SPLINE_SURFACE_WITH_KNOTS('',1,1,(
    (#5723,#5724)
    ,(#5725,#5726
    )),.UNSPECIFIED.,.F.,.F.,.F.,(2,2),(2,2),(0.,8.),(0.,1.),
  .PIECEWISE_BEZIER_KNOTS.);
#5723 = CARTESIAN_POINT('',(-20.6,-11.8,2.));
#5724 = CARTESIAN_POINT('',(-21.6,-12.8,3.));
#5725 = CARTESIAN_POINT('',(-14.6,-11.8,2.));
#5726 = CARTESIAN_POINT('',(-13.6,-12.8,3.));
#5727 = ADVANCED_FACE('',(#5728),#5744,.F.);
#5728 = FACE_BOUND('',#5729,.F.);
#5729 = EDGE_LOOP('',(#5730,#5731,#5738,#5743));
#5730 = ORIENTED_EDGE('',*,*,#5717,.F.);
#5731 = ORIENTED_EDGE('',*,*,#5732,.T.);
#5732 = EDGE_CURVE('',#5711,#5733,#5735,.T.);
#5733 = VERTEX_POINT('',#5734);
#5734 = CARTESIAN_POINT('',(-14.6,-5.8,2.));
#5735 = B_SPLINE_CURVE_WITH_KNOTS('',1,(#5736,#5737),.UNSPECIFIED.,.F.,
  .F.,(2,2),(0.,6.),.PIECEWISE_BEZIER_KNOTS.);
#5736 = CARTESIAN_POINT('',(-14.6,-11.8,2.));
#5737 = CARTESIAN_POINT('',(-14.6,-5.8,2.));
#5738 = ORIENTED_EDGE('',*,*,#5739,.T.);
#5739 = EDGE_CURVE('',#5733,#4584,#5740,.T.);
#5740 = B_SPLINE_CURVE_WITH_KNOTS('',1,(#5741,#5742),.UNSPECIFIED.,.F.,
  .F.,(2,2),(0.,1.),.PIECEWISE_BEZIER_KNOTS.);
#5741 = CARTESIAN_POINT('',(-14.6,-5.8,2.));
#5742 = CARTESIAN_POINT('',(-13.6,-4.8,3.));
#5743 = ORIENTED_EDGE('',*,*,#4590,.T.);
#5744 = B_SPLINE_SURFACE_WITH_KNOTS('',1,1,(
    (#5745,#5746)
    ,(#5747,#5748
    )),.UNSPECIFIED.,.F.,.F.,.F.,(2,2),(2,2),(0.,8.),(0.,1.),
  .PIECEWISE_BEZIER_KNOTS.);
#5745 = CARTESIAN_POINT('',(-14.6,-11.8,2.));
#5746 = CARTESIAN_POINT('',(-13.6,-12.8,3.));
#5747 = CARTESIAN_POINT('',(-14.6,-5.8,2.));
#5748 = CARTESIAN_POINT('',(-13.6,-4.8,3.));
#5749 = ADVANCED_FACE('',(#5750),#5766,.F.);
#5750 = FACE_BOUND('',#5751,.F.);
#5751 = EDGE_LOOP('',(#5752,#5753,#5760,#5765));
#5752 = ORIENTED_EDGE('',*,*,#5739,.F.);
#5753 = ORIENTED_EDGE('',*,*,#5754,.T.);
#5754 = EDGE_CURVE('',#5733,#5755,#5757,.T.);
#5755 = VERTEX_POINT('',#5756);
#5756 = CARTESIAN_POINT('',(-20.6,-5.8,2.));
#5757 = B_SPLINE_CURVE_WITH_KNOTS('',1,(#5758,#5759),.UNSPECIFIED.,.F.,
  .F.,(2,2),(0.,6.),.PIECEWISE_BEZIER_KNOTS.);
#5758 = CARTESIAN_POINT('',(-14.6,-5.8,2.));
#5759 = CARTESIAN_POINT('',(-20.6,-5.8,2.));
#5760 = ORIENTED_EDGE('',*,*,#5761,.T.);
#5761 = EDGE_CURVE('',#5755,#4577,#5762,.T.);
#5762 = B_SPLINE_CURVE_WITH_KNOTS('',1,(#5763,#5764),.UNSPECIFIED.,.F.,
  .F.,(2,2),(0.,1.),.PIECEWISE_BEZIER_KNOTS.);
#5763 = CARTESIAN_POINT('',(-20.6,-5.8,2.));
#5764 = CARTESIAN_POINT('',(-21.6,-4.8,3.));
#5765 = ORIENTED_EDGE('',*,*,#4583,.T.);
#5766 = B_SPLINE_SURFACE_WITH_KNOTS('',1,1,(
    (#5767,#5768)
    ,(#5769,#5770
    )),.UNSPECIFIED.,.F.,.F.,.F.,(2,2),(2,2),(0.,8.),(0.,1.),
  .PIECEWISE_BEZIER_KNOTS.);
#5767 = CARTESIAN_POINT('',(-14.6,-5.8,2.));
#5768 = CARTESIAN_POINT('',(-13.6,-4.8,3.));
#5769 = CARTESIAN_POINT('',(-20.6,-5.8,2.));
#5770 = CARTESIAN_POINT('',(-21.6,-4.8,3.));
#5771 = ADVANCED_FACE('',(#5772),#5782,.F.);
#5772 = FACE_BOUND('',#5773,.F.);
#5773 = EDGE_LOOP('',(#5774,#5775,#5780,#5781));
#5774 = ORIENTED_EDGE('',*,*,#5761,.F.);
#5775 = ORIENTED_EDGE('',*,*,#5776,.T.);
#5776 = EDGE_CURVE('',#5755,#5704,#5777,.T.);
#5777 = B_SPLINE_CURVE_WITH_KNOTS('',1,(#5778,#5779),.UNSPECIFIED.,.F.,
  .F.,(2,2),(0.,6.),.PIECEWISE_BEZIER_KNOTS.);
#5778 = CARTESIAN_POINT('',(-20.6,-5.8,2.));
#5779 = CARTESIAN_POINT('',(-20.6,-11.8,2.));
#5780 = ORIENTED_EDGE('',*,*,#5703,.T.);
#5781 = ORIENTED_EDGE('',*,*,#4576,.T.);
#5782 = B_SPLINE_SURFACE_WITH_KNOTS('',1,1,(
    (#5783,#5784)
    ,(#5785,#5786
    )),.UNSPECIFIED.,.F.,.F.,.F.,(2,2),(2,2),(0.,8.),(0.,1.),
  .PIECEWISE_BEZIER_KNOTS.);
#5783 = CARTESIAN_POINT('',(-20.6,-5.8,2.));
#5784 = CARTESIAN_POINT('',(-21.6,-4.8,3.));
#5785 = CARTESIAN_POINT('',(-20.6,-11.8,2.));
#5786 = CARTESIAN_POINT('',(-21.6,-12.8,3.));
#5787 = ADVANCED_FACE('',(#5788),#5810,.F.);
#5788 = FACE_BOUND('',#5789,.F.);
#5789 = EDGE_LOOP('',(#5790,#5797,#5804,#5809));
#5790 = ORIENTED_EDGE('',*,*,#5791,.F.);
#5791 = EDGE_CURVE('',#5792,#4612,#5794,.T.);
#5792 = VERTEX_POINT('',#5793);
#5793 = CARTESIAN_POINT('',(-11.8,-11.8,2.));
#5794 = B_SPLINE_CURVE_WITH_KNOTS('',1,(#5795,#5796),.UNSPECIFIED.,.F.,
  .F.,(2,2),(0.,1.),.PIECEWISE_BEZIER_KNOTS.);
#5795 = CARTESIAN_POINT('',(-11.8,-11.8,2.));
#5796 = CARTESIAN_POINT('',(-12.8,-12.8,3.));
#5797 = ORIENTED_EDGE('',*,*,#5798,.T.);
#5798 = EDGE_CURVE('',#5792,#5799,#5801,.T.);
#5799 = VERTEX_POINT('',#5800);
#5800 = CARTESIAN_POINT('',(-5.8,-11.8,2.));
#5801 = B_SPLINE_CURVE_WITH_KNOTS('',1,(#5802,#5803),.UNSPECIFIED.,.F.,
  .F.,(2,2),(0.,6.),.PIECEWISE_BEZIER_KNOTS.);
#5802 = CARTESIAN_POINT('',(-11.8,-11.8,2.));
#5803 = CARTESIAN_POINT('',(-5.8,-11.8,2.));
#5804 = ORIENTED_EDGE('',*,*,#5805,.T.);
#5805 = EDGE_CURVE('',#5799,#4610,#5806,.T.);
#5806 = B_SPLINE_CURVE_WITH_KNOTS('',1,(#5807,#5808),.UNSPECIFIED.,.F.,
  .F.,(2,2),(0.,1.),.PIECEWISE_BEZIER_KNOTS.);
#5807 = CARTESIAN_POINT('',(-5.8,-11.8,2.));
#5808 = CARTESIAN_POINT('',(-4.8,-12.8,3.));
#5809 = ORIENTED_EDGE('',*,*,#4609,.T.);
#5810 = B_SPLINE_SURFACE_WITH_KNOTS('',1,1,(
    (#5811,#5812)
    ,(#5813,#5814
    )),.UNSPECIFIED.,.F.,.F.,.F.,(2,2),(2,2),(0.,8.),(0.,1.),
  .PIECEWISE_BEZIER_KNOTS.);
#5811 = CARTESIAN_POINT('',(-11.8,-11.8,2.));
#5812 = CARTESIAN_POINT('',(-12.8,-12.8,3.));
#5813 = CARTESIAN_POINT('',(-5.8,-11.8,2.));
#5814 = CARTESIAN_POINT('',(-4.8,-12.8,3.));
#5815 = ADVANCED_FACE('',(#5816),#5832,.F.);
#5816 = FACE_BOUND('',#5817,.F.);
#5817 = EDGE_LOOP('',(#5818,#5819,#5826,#5831));
#5818 = ORIENTED_EDGE('',*,*,#5805,.F.);
#5819 = ORIENTED_EDGE('',*,*,#5820,.T.);
#5820 = EDGE_CURVE('',#5799,#5821,#5823,.T.);
#5821 = VERTEX_POINT('',#5822);
#5822 = CARTESIAN_POINT('',(-5.8,-5.8,2.));
#5823 = B_SPLINE_CURVE_WITH_KNOTS('',1,(#5824,#5825),.UNSPECIFIED.,.F.,
  .F.,(2,2),(0.,6.),.PIECEWISE_BEZIER_KNOTS.);
#5824 = CARTESIAN_POINT('',(-5.8,-11.8,2.));
#5825 = CARTESIAN_POINT('',(-5.8,-5.8,2.));
#5826 = ORIENTED_EDGE('',*,*,#5827,.T.);
#5827 = EDGE_CURVE('',#5821,#4626,#5828,.T.);
#5828 = B_SPLINE_CURVE_WITH_KNOTS('',1,(#5829,#5830),.UNSPECIFIED.,.F.,
  .F.,(2,2),(0.,1.),.PIECEWISE_BEZIER_KNOTS.);
#5829 = CARTESIAN_POINT('',(-5.8,-5.8,2.));
#5830 = CARTESIAN_POINT('',(-4.8,-4.8,3.));
#5831 = ORIENTED_EDGE('',*,*,#4632,.T.);
#5832 = B_SPLINE_SURFACE_WITH_KNOTS('',1,1,(
    (#5833,#5834)
    ,(#5835,#5836
    )),.UNSPECIFIED.,.F.,.F.,.F.,(2,2),(2,2),(0.,8.),(0.,1.),
  .PIECEWISE_BEZIER_KNOTS.);
#5833 = CARTESIAN_POINT('',(-5.8,-11.8,2.));
#5834 = CARTESIAN_POINT('',(-4.8,-12.8,3.));
#5835 = CARTESIAN_POINT('',(-5.8,-5.8,2.));
#5836 = CARTESIAN_POINT('',(-4.8,-4.8,3.));
#5837 = ADVANCED_FACE('',(#5838),#5854,.F.);
#5838 = FACE_BOUND('',#5839,.F.);
#5839 = EDGE_LOOP('',(#5840,#5841,#5848,#5853));
#5840 = ORIENTED_EDGE('',*,*,#5827,.F.);
#5841 = ORIENTED_EDGE('',*,*,#5842,.T.);
#5842 = EDGE_CURVE('',#5821,#5843,#5845,.T.);
#5843 = VERTEX_POINT('',#5844);
#5844 = CARTESIAN_POINT('',(-11.8,-5.8,2.));
#5845 = B_SPLINE_CURVE_WITH_KNOTS('',1,(#5846,#5847),.UNSPECIFIED.,.F.,
  .F.,(2,2),(0.,6.),.PIECEWISE_BEZIER_KNOTS.);
#5846 = CARTESIAN_POINT('',(-5.8,-5.8,2.));
#5847 = CARTESIAN_POINT('',(-11.8,-5.8,2.));
#5848 = ORIENTED_EDGE('',*,*,#5849,.T.);
#5849 = EDGE_CURVE('',#5843,#4619,#5850,.T.);
#5850 = B_SPLINE_CURVE_WITH_KNOTS('',1,(#5851,#5852),.UNSPECIFIED.,.F.,
  .F.,(2,2),(0.,1.),.PIECEWISE_BEZIER_KNOTS.);
#5851 = CARTESIAN_POINT('',(-11.8,-5.8,2.));
#5852 = CARTESIAN_POINT('',(-12.8,-4.8,3.));
#5853 = ORIENTED_EDGE('',*,*,#4625,.T.);
#5854 = B_SPLINE_SURFACE_WITH_KNOTS('',1,1,(
    (#5855,#5856)
    ,(#5857,#5858
    )),.UNSPECIFIED.,.F.,.F.,.F.,(2,2),(2,2),(0.,8.),(0.,1.),
  .PIECEWISE_BEZIER_KNOTS.);
#5855 = CARTESIAN_POINT('',(-5.8,-5.8,2.));
#5856 = CARTESIAN_POINT('',(-4.8,-4.8,3.));
#5857 = CARTESIAN_POINT('',(-11.8,-5.8,2.));
#5858 = CARTESIAN_POINT('',(-12.8,-4.8,3.));
#5859 = ADVANCED_FACE('',(#5860),#5870,.F.);
#5860 = FACE_BOUND('',#5861,.F.);
#5861 = EDGE_LOOP('',(#5862,#5863,#5868,#5869));
#5862 = ORIENTED_EDGE('',*,*,#5849,.F.);
#5863 = ORIENTED_EDGE('',*,*,#5864,.T.);
#5864 = EDGE_CURVE('',#5843,#5792,#5865,.T.);
#5865 = B_SPLINE_CURVE_WITH_KNOTS('',1,(#5866,#5867),.UNSPECIFIED.,.F.,
  .F.,(2,2),(0.,6.),.PIECEWISE_BEZIER_KNOTS.);
#5866 = CARTESIAN_POINT('',(-11.8,-5.8,2.));
#5867 = CARTESIAN_POINT('',(-11.8,-11.8,2.));
#5868 = ORIENTED_EDGE('',*,*,#5791,.T.);
#5869 = ORIENTED_EDGE('',*,*,#4618,.T.);
#5870 = B_SPLINE_SURFACE_WITH_KNOTS('',1,1,(
    (#5871,#5872)
    ,(#5873,#5874
    )),.UNSPECIFIED.,.F.,.F.,.F.,(2,2),(2,2),(0.,8.),(0.,1.),
  .PIECEWISE_BEZIER_KNOTS.);
#5871 = CARTESIAN_POINT('',(-11.8,-5.8,2.));
#5872 = CARTESIAN_POINT('',(-12.8,-4.8,3.));
#5873 = CARTESIAN_POINT('',(-11.8,-11.8,2.));
#5874 = CARTESIAN_POINT('',(-12.8,-12.8,3.));
#5875 = ADVANCED_FACE('',(#5876),#5898,.F.);
#5876 = FACE_BOUND('',#5877,.F.);
#5877 = EDGE_LOOP('',(#5878,#5885,#5892,#5897));
#5878 = ORIENTED_EDGE('',*,*,#5879,.F.);
#5879 = EDGE_CURVE('',#5880,#4654,#5882,.T.);
#5880 = VERTEX_POINT('',#5881);
#5881 = CARTESIAN_POINT('',(-3.,-20.6,2.));
#5882 = B_SPLINE_CURVE_WITH_KNOTS('',1,(#5883,#5884),.UNSPECIFIED.,.F.,
  .F.,(2,2),(0.,1.),.PIECEWISE_BEZIER_KNOTS.);
#5883 = CARTESIAN_POINT('',(-3.,-20.6,2.));
#5884 = CARTESIAN_POINT('',(-4.,-21.6,3.));
#5885 = ORIENTED_EDGE('',*,*,#5886,.T.);
#5886 = EDGE_CURVE('',#5880,#5887,#5889,.T.);
#5887 = VERTEX_POINT('',#5888);
#5888 = CARTESIAN_POINT('',(3.,-20.6,2.));
#5889 = B_SPLINE_CURVE_WITH_KNOTS('',1,(#5890,#5891),.UNSPECIFIED.,.F.,
  .F.,(2,2),(0.,6.),.PIECEWISE_BEZIER_KNOTS.);
#5890 = CARTESIAN_POINT('',(-3.,-20.6,2.));
#5891 = CARTESIAN_POINT('',(3.,-20.6,2.));
#5892 = ORIENTED_EDGE('',*,*,#5893,.T.);
#5893 = EDGE_CURVE('',#5887,#4652,#5894,.T.);
#5894 = B_SPLINE_CURVE_WITH_KNOTS('',1,(#5895,#5896),.UNSPECIFIED.,.F.,
  .F.,(2,2),(0.,1.),.PIECEWISE_BEZIER_KNOTS.);
#5895 = CARTESIAN_POINT('',(3.,-20.6,2.));
#5896 = CARTESIAN_POINT('',(4.,-21.6,3.));
#5897 = ORIENTED_EDGE('',*,*,#4651,.T.);
#5898 = B_SPLINE_SURFACE_WITH_KNOTS('',1,1,(
    (#5899,#5900)
    ,(#5901,#5902
    )),.UNSPECIFIED.,.F.,.F.,.F.,(2,2),(2,2),(0.,8.),(0.,1.),
  .PIECEWISE_BEZIER_KNOTS.);
#5899 = CARTESIAN_POINT('',(-3.,-20.6,2.));
#5900 = CARTESIAN_POINT('',(-4.,-21.6,3.));
#5901 = CARTESIAN_POINT('',(3.,-20.6,2.));
#5902 = CARTESIAN_POINT('',(4.,-21.6,3.));
#5903 = ADVANCED_FACE('',(#5904),#5920,.F.);
#5904 = FACE_BOUND('',#5905,.F.);
#5905 = EDGE_LOOP('',(#5906,#5907,#5914,#5919));
#5906 = ORIENTED_EDGE('',*,*,#5893,.F.);
#5907 = ORIENTED_EDGE('',*,*,#5908,.T.);
#5908 = EDGE_CURVE('',#5887,#5909,#5911,.T.);
#5909 = VERTEX_POINT('',#5910);
#5910 = CARTESIAN_POINT('',(3.,-14.6,2.));
#5911 = B_SPLINE_CURVE_WITH_KNOTS('',1,(#5912,#5913),.UNSPECIFIED.,.F.,
  .F.,(2,2),(0.,6.),.PIECEWISE_BEZIER_KNOTS.);
#5912 = CARTESIAN_POINT('',(3.,-20.6,2.));
#5913 = CARTESIAN_POINT('',(3.,-14.6,2.));
#5914 = ORIENTED_EDGE('',*,*,#5915,.T.);
#5915 = EDGE_CURVE('',#5909,#4668,#5916,.T.);
#5916 = B_SPLINE_CURVE_WITH_KNOTS('',1,(#5917,#5918),.UNSPECIFIED.,.F.,
  .F.,(2,2),(0.,1.),.PIECEWISE_BEZIER_KNOTS.);
#5917 = CARTESIAN_POINT('',(3.,-14.6,2.));
#5918 = CARTESIAN_POINT('',(4.,-13.6,3.));
#5919 = ORIENTED_EDGE('',*,*,#4674,.T.);
#5920 = B_SPLINE_SURFACE_WITH_KNOTS('',1,1,(
    (#5921,#5922)
    ,(#5923,#5924
    )),.UNSPECIFIED.,.F.,.F.,.F.,(2,2),(2,2),(0.,8.),(0.,1.),
  .PIECEWISE_BEZIER_KNOTS.);
#5921 = CARTESIAN_POINT('',(3.,-20.6,2.));
#5922 = CARTESIAN_POINT('',(4.,-21.6,3.));
#5923 = CARTESIAN_POINT('',(3.,-14.6,2.));
#5924 = CARTESIAN_POINT('',(4.,-13.6,3.));
#5925 = ADVANCED_FACE('',(#5926),#5942,.F.);
#5926 = FACE_BOUND('',#5927,.F.);
#5927 = EDGE_LOOP('',(#5928,#5929,#5936,#5941));
#5928 = ORIENTED_EDGE('',*,*,#5915,.F.);
#5929 = ORIENTED_EDGE('',*,*,#5930,.T.);
#5930 = EDGE_CURVE('',#5909,#5931,#5933,.T.);
#5931 = VERTEX_POINT('',#5932);
#5932 = CARTESIAN_POINT('',(-3.,-14.6,2.));
#5933 = B_SPLINE_CURVE_WITH_KNOTS('',1,(#5934,#5935),.UNSPECIFIED.,.F.,
  .F.,(2,2),(0.,6.),.PIECEWISE_BEZIER_KNOTS.);
#5934 = CARTESIAN_POINT('',(3.,-14.6,2.));
#5935 = CARTESIAN_POINT('',(-3.,-14.6,2.));
#5936 = ORIENTED_EDGE('',*,*,#5937,.T.);
#5937 = EDGE_CURVE('',#5931,#4661,#5938,.T.);
#5938 = B_SPLINE_CURVE_WITH_KNOTS('',1,(#5939,#5940),.UNSPECIFIED.,.F.,
  .F.,(2,2),(0.,1.),.PIECEWISE_BEZIER_KNOTS.);
#5939 = CARTESIAN_POINT('',(-3.,-14.6,2.));
#5940 = CARTESIAN_POINT('',(-4.,-13.6,3.));
#5941 = ORIENTED_EDGE('',*,*,#4667,.T.);
#5942 = B_SPLINE_SURFACE_WITH_KNOTS('',1,1,(
    (#5943,#5944)
    ,(#5945,#5946
    )),.UNSPECIFIED.,.F.,.F.,.F.,(2,2),(2,2),(0.,8.),(0.,1.),
  .PIECEWISE_BEZIER_KNOTS.);
#5943 = CARTESIAN_POINT('',(3.,-14.6,2.));
#5944 = CARTESIAN_POINT('',(4.,-13.6,3.));
#5945 = CARTESIAN_POINT('',(-3.,-14.6,2.));
#5946 = CARTESIAN_POINT('',(-4.,-13.6,3.));
#5947 = ADVANCED_FACE('',(#5948),#5958,.F.);
#5948 = FACE_BOUND('',#5949,.F.);
#5949 = EDGE_LOOP('',(#5950,#5951,#5956,#5957));
#5950 = ORIENTED_EDGE('',*,*,#5937,.F.);
#5951 = ORIENTED_EDGE('',*,*,#5952,.T.);
#5952 = EDGE_CURVE('',#5931,#5880,#5953,.T.);
#5953 = B_SPLINE_CURVE_WITH_KNOTS('',1,(#5954,#5955),.UNSPECIFIED.,.F.,
  .F.,(2,2),(0.,6.),.PIECEWISE_BEZIER_KNOTS.);
#5954 = CARTESIAN_POINT('',(-3.,-14.6,2.));
#5955 = CARTESIAN_POINT('',(-3.,-20.6,2.));
#5956 = ORIENTED_EDGE('',*,*,#5879,.T.);
#5957 = ORIENTED_EDGE('',*,*,#4660,.T.);
#5958 = B_SPLINE_SURFACE_WITH_KNOTS('',1,1,(
    (#5959,#5960)
    ,(#5961,#5962
    )),.UNSPECIFIED.,.F.,.F.,.F.,(2,2),(2,2),(0.,8.),(0.,1.),
  .PIECEWISE_BEZIER_KNOTS.);
#5959 = CARTESIAN_POINT('',(-3.,-14.6,2.));
#5960 = CARTESIAN_POINT('',(-4.,-13.6,3.));
#5961 = CARTESIAN_POINT('',(-3.,-20.6,2.));
#5962 = CARTESIAN_POINT('',(-4.,-21.6,3.));
#5963 = ADVANCED_FACE('',(#5964),#5986,.F.);
#5964 = FACE_BOUND('',#5965,.F.);
#5965 = EDGE_LOOP('',(#5966,#5973,#5980,#5985));
#5966 = ORIENTED_EDGE('',*,*,#5967,.F.);
#5967 = EDGE_CURVE('',#5968,#4696,#5970,.T.);
#5968 = VERTEX_POINT('',#5969);
#5969 = CARTESIAN_POINT('',(5.8,-20.6,2.));
#5970 = B_SPLINE_CURVE_WITH_KNOTS('',1,(#5971,#5972),.UNSPECIFIED.,.F.,
  .F.,(2,2),(0.,1.),.PIECEWISE_BEZIER_KNOTS.);
#5971 = CARTESIAN_POINT('',(5.8,-20.6,2.));
#5972 = CARTESIAN_POINT('',(4.8,-21.6,3.));
#5973 = ORIENTED_EDGE('',*,*,#5974,.T.);
#5974 = EDGE_CURVE('',#5968,#5975,#5977,.T.);
#5975 = VERTEX_POINT('',#5976);
#5976 = CARTESIAN_POINT('',(11.8,-20.6,2.));
#5977 = B_SPLINE_CURVE_WITH_KNOTS('',1,(#5978,#5979),.UNSPECIFIED.,.F.,
  .F.,(2,2),(0.,6.),.PIECEWISE_BEZIER_KNOTS.);
#5978 = CARTESIAN_POINT('',(5.8,-20.6,2.));
#5979 = CARTESIAN_POINT('',(11.8,-20.6,2.));
#5980 = ORIENTED_EDGE('',*,*,#5981,.T.);
#5981 = EDGE_CURVE('',#5975,#4694,#5982,.T.);
#5982 = B_SPLINE_CURVE_WITH_KNOTS('',1,(#5983,#5984),.UNSPECIFIED.,.F.,
  .F.,(2,2),(0.,1.),.PIECEWISE_BEZIER_KNOTS.);
#5983 = CARTESIAN_POINT('',(11.8,-20.6,2.));
#5984 = CARTESIAN_POINT('',(12.8,-21.6,3.));
#5985 = ORIENTED_EDGE('',*,*,#4693,.T.);
#5986 = B_SPLINE_SURFACE_WITH_KNOTS('',1,1,(
    (#5987,#5988)
    ,(#5989,#5990
    )),.UNSPECIFIED.,.F.,.F.,.F.,(2,2),(2,2),(0.,8.),(0.,1.),
  .PIECEWISE_BEZIER_KNOTS.);
#5987 = CARTESIAN_POINT('',(5.8,-20.6,2.));
#5988 = CARTESIAN_POINT('',(4.8,-21.6,3.));
#5989 = CARTESIAN_POINT('',(11.8,-20.6,2.));
#5990 = CARTESIAN_POINT('',(12.8,-21.6,3.));
#5991 = ADVANCED_FACE('',(#5992),#6008,.F.);
#5992 = FACE_BOUND('',#5993,.F.);
#5993 = EDGE_LOOP('',(#5994,#5995,#6002,#6007));
#5994 = ORIENTED_EDGE('',*,*,#5981,.F.);
#5995 = ORIENTED_EDGE('',*,*,#5996,.T.);
#5996 = EDGE_CURVE('',#5975,#5997,#5999,.T.);
#5997 = VERTEX_POINT('',#5998);
#5998 = CARTESIAN_POINT('',(11.8,-14.6,2.));
#5999 = B_SPLINE_CURVE_WITH_KNOTS('',1,(#6000,#6001),.UNSPECIFIED.,.F.,
  .F.,(2,2),(0.,6.),.PIECEWISE_BEZIER_KNOTS.);
#6000 = CARTESIAN_POINT('',(11.8,-20.6,2.));
#6001 = CARTESIAN_POINT('',(11.8,-14.6,2.));
#6002 = ORIENTED_EDGE('',*,*,#6003,.T.);
#6003 = EDGE_CURVE('',#5997,#4710,#6004,.T.);
#6004 = B_SPLINE_CURVE_WITH_KNOTS('',1,(#6005,#6006),.UNSPECIFIED.,.F.,
  .F.,(2,2),(0.,1.),.PIECEWISE_BEZIER_KNOTS.);
#6005 = CARTESIAN_POINT('',(11.8,-14.6,2.));
#6006 = CARTESIAN_POINT('',(12.8,-13.6,3.));
#6007 = ORIENTED_EDGE('',*,*,#4716,.T.);
#6008 = B_SPLINE_SURFACE_WITH_KNOTS('',1,1,(
    (#6009,#6010)
    ,(#6011,#6012
    )),.UNSPECIFIED.,.F.,.F.,.F.,(2,2),(2,2),(0.,8.),(0.,1.),
  .PIECEWISE_BEZIER_KNOTS.);
#6009 = CARTESIAN_POINT('',(11.8,-20.6,2.));
#6010 = CARTESIAN_POINT('',(12.8,-21.6,3.));
#6011 = CARTESIAN_POINT('',(11.8,-14.6,2.));
#6012 = CARTESIAN_POINT('',(12.8,-13.6,3.));
#6013 = ADVANCED_FACE('',(#6014),#6030,.F.);
#6014 = FACE_BOUND('',#6015,.F.);
#6015 = EDGE_LOOP('',(#6016,#6017,#6024,#6029));
#6016 = ORIENTED_EDGE('',*,*,#6003,.F.);
#6017 = ORIENTED_EDGE('',*,*,#6018,.T.);
#6018 = EDGE_CURVE('',#5997,#6019,#6021,.T.);
#6019 = VERTEX_POINT('',#6020);
#6020 = CARTESIAN_POINT('',(5.8,-14.6,2.));
#6021 = B_SPLINE_CURVE_WITH_KNOTS('',1,(#6022,#6023),.UNSPECIFIED.,.F.,
  .F.,(2,2),(0.,6.),.PIECEWISE_BEZIER_KNOTS.);
#6022 = CARTESIAN_POINT('',(11.8,-14.6,2.));
#6023 = CARTESIAN_POINT('',(5.8,-14.6,2.));
#6024 = ORIENTED_EDGE('',*,*,#6025,.T.);
#6025 = EDGE_CURVE('',#6019,#4703,#6026,.T.);
#6026 = B_SPLINE_CURVE_WITH_KNOTS('',1,(#6027,#6028),.UNSPECIFIED.,.F.,
  .F.,(2,2),(0.,1.),.PIECEWISE_BEZIER_KNOTS.);
#6027 = CARTESIAN_POINT('',(5.8,-14.6,2.));
#6028 = CARTESIAN_POINT('',(4.8,-13.6,3.));
#6029 = ORIENTED_EDGE('',*,*,#4709,.T.);
#6030 = B_SPLINE_SURFACE_WITH_KNOTS('',1,1,(
    (#6031,#6032)
    ,(#6033,#6034
    )),.UNSPECIFIED.,.F.,.F.,.F.,(2,2),(2,2),(0.,8.),(0.,1.),
  .PIECEWISE_BEZIER_KNOTS.);
#6031 = CARTESIAN_POINT('',(11.8,-14.6,2.));
#6032 = CARTESIAN_POINT('',(12.8,-13.6,3.));
#6033 = CARTESIAN_POINT('',(5.8,-14.6,2.));
#6034 = CARTESIAN_POINT('',(4.8,-13.6,3.));
#6035 = ADVANCED_FACE('',(#6036),#6046,.F.);
#6036 = FACE_BOUND('',#6037,.F.);
#6037 = EDGE_LOOP('',(#6038,#6039,#6044,#6045));
#6038 = ORIENTED_EDGE('',*,*,#6025,.F.);
#6039 = ORIENTED_EDGE('',*,*,#6040,.T.);
#6040 = EDGE_CURVE('',#6019,#5968,#6041,.T.);
#6041 = B_SPLINE_CURVE_WITH_KNOTS('',1,(#6042,#6043),.UNSPECIFIED.,.F.,
  .F.,(2,2),(0.,6.),.PIECEWISE_BEZIER_KNOTS.);
#6042 = CARTESIAN_POINT('',(5.8,-14.6,2.));
#6043 = CARTESIAN_POINT('',(5.8,-20.6,2.));
#6044 = ORIENTED_EDGE('',*,*,#5967,.T.);
#6045 = ORIENTED_EDGE('',*,*,#4702,.T.);
#6046 = B_SPLINE_SURFACE_WITH_KNOTS('',1,1,(
    (#6047,#6048)
    ,(#6049,#6050
    )),.UNSPECIFIED.,.F.,.F.,.F.,(2,2),(2,2),(0.,8.),(0.,1.),
  .PIECEWISE_BEZIER_KNOTS.);
#6047 = CARTESIAN_POINT('',(5.8,-14.6,2.));
#6048 = CARTESIAN_POINT('',(4.8,-13.6,3.));
#6049 = CARTESIAN_POINT('',(5.8,-20.6,2.));
#6050 = CARTESIAN_POINT('',(4.8,-21.6,3.));
#6051 = ADVANCED_FACE('',(#6052),#6074,.F.);
#6052 = FACE_BOUND('',#6053,.F.);
#6053 = EDGE_LOOP('',(#6054,#6061,#6068,#6073));
#6054 = ORIENTED_EDGE('',*,*,#6055,.F.);
#6055 = EDGE_CURVE('',#6056,#4738,#6058,.T.);
#6056 = VERTEX_POINT('',#6057);
#6057 = CARTESIAN_POINT('',(14.6,-20.6,2.));
#6058 = B_SPLINE_CURVE_WITH_KNOTS('',1,(#6059,#6060),.UNSPECIFIED.,.F.,
  .F.,(2,2),(0.,1.),.PIECEWISE_BEZIER_KNOTS.);
#6059 = CARTESIAN_POINT('',(14.6,-20.6,2.));
#6060 = CARTESIAN_POINT('',(13.6,-21.6,3.));
#6061 = ORIENTED_EDGE('',*,*,#6062,.T.);
#6062 = EDGE_CURVE('',#6056,#6063,#6065,.T.);
#6063 = VERTEX_POINT('',#6064);
#6064 = CARTESIAN_POINT('',(20.6,-20.6,2.));
#6065 = B_SPLINE_CURVE_WITH_KNOTS('',1,(#6066,#6067),.UNSPECIFIED.,.F.,
  .F.,(2,2),(0.,6.),.PIECEWISE_BEZIER_KNOTS.);
#6066 = CARTESIAN_POINT('',(14.6,-20.6,2.));
#6067 = CARTESIAN_POINT('',(20.6,-20.6,2.));
#6068 = ORIENTED_EDGE('',*,*,#6069,.T.);
#6069 = EDGE_CURVE('',#6063,#4736,#6070,.T.);
#6070 = B_SPLINE_CURVE_WITH_KNOTS('',1,(#6071,#6072),.UNSPECIFIED.,.F.,
  .F.,(2,2),(0.,1.),.PIECEWISE_BEZIER_KNOTS.);
#6071 = CARTESIAN_POINT('',(20.6,-20.6,2.));
#6072 = CARTESIAN_POINT('',(21.6,-21.6,3.));
#6073 = ORIENTED_EDGE('',*,*,#4735,.T.);
#6074 = B_SPLINE_SURFACE_WITH_KNOTS('',1,1,(
    (#6075,#6076)
    ,(#6077,#6078
    )),.UNSPECIFIED.,.F.,.F.,.F.,(2,2),(2,2),(0.,8.),(0.,1.),
  .PIECEWISE_BEZIER_KNOTS.);
#6075 = CARTESIAN_POINT('',(14.6,-20.6,2.));
#6076 = CARTESIAN_POINT('',(13.6,-21.6,3.));
#6077 = CARTESIAN_POINT('',(20.6,-20.6,2.));
#6078 = CARTESIAN_POINT('',(21.6,-21.6,3.));
#6079 = ADVANCED_FACE('',(#6080),#6096,.F.);
#6080 = FACE_BOUND('',#6081,.F.);
#6081 = EDGE_LOOP('',(#6082,#6083,#6090,#6095));
#6082 = ORIENTED_EDGE('',*,*,#6069,.F.);
#6083 = ORIENTED_EDGE('',*,*,#6084,.T.);
#6084 = EDGE_CURVE('',#6063,#6085,#6087,.T.);
#6085 = VERTEX_POINT('',#6086);
#6086 = CARTESIAN_POINT('',(20.6,-14.6,2.));
#6087 = B_SPLINE_CURVE_WITH_KNOTS('',1,(#6088,#6089),.UNSPECIFIED.,.F.,
  .F.,(2,2),(0.,6.),.PIECEWISE_BEZIER_KNOTS.);
#6088 = CARTESIAN_POINT('',(20.6,-20.6,2.));
#6089 = CARTESIAN_POINT('',(20.6,-14.6,2.));
#6090 = ORIENTED_EDGE('',*,*,#6091,.T.);
#6091 = EDGE_CURVE('',#6085,#4752,#6092,.T.);
#6092 = B_SPLINE_CURVE_WITH_KNOTS('',1,(#6093,#6094),.UNSPECIFIED.,.F.,
  .F.,(2,2),(0.,1.),.PIECEWISE_BEZIER_KNOTS.);
#6093 = CARTESIAN_POINT('',(20.6,-14.6,2.));
#6094 = CARTESIAN_POINT('',(21.6,-13.6,3.));
#6095 = ORIENTED_EDGE('',*,*,#4758,.T.);
#6096 = B_SPLINE_SURFACE_WITH_KNOTS('',1,1,(
    (#6097,#6098)
    ,(#6099,#6100
    )),.UNSPECIFIED.,.F.,.F.,.F.,(2,2),(2,2),(0.,8.),(0.,1.),
  .PIECEWISE_BEZIER_KNOTS.);
#6097 = CARTESIAN_POINT('',(20.6,-20.6,2.));
#6098 = CARTESIAN_POINT('',(21.6,-21.6,3.));
#6099 = CARTESIAN_POINT('',(20.6,-14.6,2.));
#6100 = CARTESIAN_POINT('',(21.6,-13.6,3.));
#6101 = ADVANCED_FACE('',(#6102),#6118,.F.);
#6102 = FACE_BOUND('',#6103,.F.);
#6103 = EDGE_LOOP('',(#6104,#6105,#6112,#6117));
#6104 = ORIENTED_EDGE('',*,*,#6091,.F.);
#6105 = ORIENTED_EDGE('',*,*,#6106,.T.);
#6106 = EDGE_CURVE('',#6085,#6107,#6109,.T.);
#6107 = VERTEX_POINT('',#6108);
#6108 = CARTESIAN_POINT('',(14.6,-14.6,2.));
#6109 = B_SPLINE_CURVE_WITH_KNOTS('',1,(#6110,#6111),.UNSPECIFIED.,.F.,
  .F.,(2,2),(0.,6.),.PIECEWISE_BEZIER_KNOTS.);
#6110 = CARTESIAN_POINT('',(20.6,-14.6,2.));
#6111 = CARTESIAN_POINT('',(14.6,-14.6,2.));
#6112 = ORIENTED_EDGE('',*,*,#6113,.T.);
#6113 = EDGE_CURVE('',#6107,#4745,#6114,.T.);
#6114 = B_SPLINE_CURVE_WITH_KNOTS('',1,(#6115,#6116),.UNSPECIFIED.,.F.,
  .F.,(2,2),(0.,1.),.PIECEWISE_BEZIER_KNOTS.);
#6115 = CARTESIAN_POINT('',(14.6,-14.6,2.));
#6116 = CARTESIAN_POINT('',(13.6,-13.6,3.));
#6117 = ORIENTED_EDGE('',*,*,#4751,.T.);
#6118 = B_SPLINE_SURFACE_WITH_KNOTS('',1,1,(
    (#6119,#6120)
    ,(#6121,#6122
    )),.UNSPECIFIED.,.F.,.F.,.F.,(2,2),(2,2),(0.,8.),(0.,1.),
  .PIECEWISE_BEZIER_KNOTS.);
#6119 = CARTESIAN_POINT('',(20.6,-14.6,2.));
#6120 = CARTESIAN_POINT('',(21.6,-13.6,3.));
#6121 = CARTESIAN_POINT('',(14.6,-14.6,2.));
#6122 = CARTESIAN_POINT('',(13.6,-13.6,3.));
#6123 = ADVANCED_FACE('',(#6124),#6134,.F.);
#6124 = FACE_BOUND('',#6125,.F.);
#6125 = EDGE_LOOP('',(#6126,#6127,#6132,#6133));
#6126 = ORIENTED_EDGE('',*,*,#6113,.F.);
#6127 = ORIENTED_EDGE('',*,*,#6128,.T.);
#6128 = EDGE_CURVE('',#6107,#6056,#6129,.T.);
#6129 = B_SPLINE_CURVE_WITH_KNOTS('',1,(#6130,#6131),.UNSPECIFIED.,.F.,
  .F.,(2,2),(0.,6.),.PIECEWISE_BEZIER_KNOTS.);
#6130 = CARTESIAN_POINT('',(14.6,-14.6,2.));
#6131 = CARTESIAN_POINT('',(14.6,-20.6,2.));
#6132 = ORIENTED_EDGE('',*,*,#6055,.T.);
#6133 = ORIENTED_EDGE('',*,*,#4744,.T.);
#6134 = B_SPLINE_SURFACE_WITH_KNOTS('',1,1,(
    (#6135,#6136)
    ,(#6137,#6138
    )),.UNSPECIFIED.,.F.,.F.,.F.,(2,2),(2,2),(0.,8.),(0.,1.),
  .PIECEWISE_BEZIER_KNOTS.);
#6135 = CARTESIAN_POINT('',(14.6,-14.6,2.));
#6136 = CARTESIAN_POINT('',(13.6,-13.6,3.));
#6137 = CARTESIAN_POINT('',(14.6,-20.6,2.));
#6138 = CARTESIAN_POINT('',(13.6,-21.6,3.));
#6139 = ADVANCED_FACE('',(#6140),#6162,.F.);
#6140 = FACE_BOUND('',#6141,.F.);
#6141 = EDGE_LOOP('',(#6142,#6149,#6156,#6161));
#6142 = ORIENTED_EDGE('',*,*,#6143,.F.);
#6143 = EDGE_CURVE('',#6144,#4780,#6146,.T.);
#6144 = VERTEX_POINT('',#6145);
#6145 = CARTESIAN_POINT('',(-3.,-11.8,2.));
#6146 = B_SPLINE_CURVE_WITH_KNOTS('',1,(#6147,#6148),.UNSPECIFIED.,.F.,
  .F.,(2,2),(0.,1.),.PIECEWISE_BEZIER_KNOTS.);
#6147 = CARTESIAN_POINT('',(-3.,-11.8,2.));
#6148 = CARTESIAN_POINT('',(-4.,-12.8,3.));
#6149 = ORIENTED_EDGE('',*,*,#6150,.T.);
#6150 = EDGE_CURVE('',#6144,#6151,#6153,.T.);
#6151 = VERTEX_POINT('',#6152);
#6152 = CARTESIAN_POINT('',(3.,-11.8,2.));
#6153 = B_SPLINE_CURVE_WITH_KNOTS('',1,(#6154,#6155),.UNSPECIFIED.,.F.,
  .F.,(2,2),(0.,6.),.PIECEWISE_BEZIER_KNOTS.);
#6154 = CARTESIAN_POINT('',(-3.,-11.8,2.));
#6155 = CARTESIAN_POINT('',(3.,-11.8,2.));
#6156 = ORIENTED_EDGE('',*,*,#6157,.T.);
#6157 = EDGE_CURVE('',#6151,#4778,#6158,.T.);
#6158 = B_SPLINE_CURVE_WITH_KNOTS('',1,(#6159,#6160),.UNSPECIFIED.,.F.,
  .F.,(2,2),(0.,1.),.PIECEWISE_BEZIER_KNOTS.);
#6159 = CARTESIAN_POINT('',(3.,-11.8,2.));
#6160 = CARTESIAN_POINT('',(4.,-12.8,3.));
#6161 = ORIENTED_EDGE('',*,*,#4777,.T.);
#6162 = B_SPLINE_SURFACE_WITH_KNOTS('',1,1,(
    (#6163,#6164)
    ,(#6165,#6166
    )),.UNSPECIFIED.,.F.,.F.,.F.,(2,2),(2,2),(0.,8.),(0.,1.),
  .PIECEWISE_BEZIER_KNOTS.);
#6163 = CARTESIAN_POINT('',(-3.,-11.8,2.));
#6164 = CARTESIAN_POINT('',(-4.,-12.8,3.));
#6165 = CARTESIAN_POINT('',(3.,-11.8,2.));
#6166 = CARTESIAN_POINT('',(4.,-12.8,3.));
#6167 = ADVANCED_FACE('',(#6168),#6184,.F.);
#6168 = FACE_BOUND('',#6169,.F.);
#6169 = EDGE_LOOP('',(#6170,#6171,#6178,#6183));
#6170 = ORIENTED_EDGE('',*,*,#6157,.F.);
#6171 = ORIENTED_EDGE('',*,*,#6172,.T.);
#6172 = EDGE_CURVE('',#6151,#6173,#6175,.T.);
#6173 = VERTEX_POINT('',#6174);
#6174 = CARTESIAN_POINT('',(3.,-5.8,2.));
#6175 = B_SPLINE_CURVE_WITH_KNOTS('',1,(#6176,#6177),.UNSPECIFIED.,.F.,
  .F.,(2,2),(0.,6.),.PIECEWISE_BEZIER_KNOTS.);
#6176 = CARTESIAN_POINT('',(3.,-11.8,2.));
#6177 = CARTESIAN_POINT('',(3.,-5.8,2.));
#6178 = ORIENTED_EDGE('',*,*,#6179,.T.);
#6179 = EDGE_CURVE('',#6173,#4794,#6180,.T.);
#6180 = B_SPLINE_CURVE_WITH_KNOTS('',1,(#6181,#6182),.UNSPECIFIED.,.F.,
  .F.,(2,2),(0.,1.),.PIECEWISE_BEZIER_KNOTS.);
#6181 = CARTESIAN_POINT('',(3.,-5.8,2.));
#6182 = CARTESIAN_POINT('',(4.,-4.8,3.));
#6183 = ORIENTED_EDGE('',*,*,#4800,.T.);
#6184 = B_SPLINE_SURFACE_WITH_KNOTS('',1,1,(
    (#6185,#6186)
    ,(#6187,#6188
    )),.UNSPECIFIED.,.F.,.F.,.F.,(2,2),(2,2),(0.,8.),(0.,1.),
  .PIECEWISE_BEZIER_KNOTS.);
#6185 = CARTESIAN_POINT('',(3.,-11.8,2.));
#6186 = CARTESIAN_POINT('',(4.,-12.8,3.));
#6187 = CARTESIAN_POINT('',(3.,-5.8,2.));
#6188 = CARTESIAN_POINT('',(4.,-4.8,3.));
#6189 = ADVANCED_FACE('',(#6190),#6206,.F.);
#6190 = FACE_BOUND('',#6191,.F.);
#6191 = EDGE_LOOP('',(#6192,#6193,#6200,#6205));
#6192 = ORIENTED_EDGE('',*,*,#6179,.F.);
#6193 = ORIENTED_EDGE('',*,*,#6194,.T.);
#6194 = EDGE_CURVE('',#6173,#6195,#6197,.T.);
#6195 = VERTEX_POINT('',#6196);
#6196 = CARTESIAN_POINT('',(-3.,-5.8,2.));
#6197 = B_SPLINE_CURVE_WITH_KNOTS('',1,(#6198,#6199),.UNSPECIFIED.,.F.,
  .F.,(2,2),(0.,6.),.PIECEWISE_BEZIER_KNOTS.);
#6198 = CARTESIAN_POINT('',(3.,-5.8,2.));
#6199 = CARTESIAN_POINT('',(-3.,-5.8,2.));
#6200 = ORIENTED_EDGE('',*,*,#6201,.T.);
#6201 = EDGE_CURVE('',#6195,#4787,#6202,.T.);
#6202 = B_SPLINE_CURVE_WITH_KNOTS('',1,(#6203,#6204),.UNSPECIFIED.,.F.,
  .F.,(2,2),(0.,1.),.PIECEWISE_BEZIER_KNOTS.);
#6203 = CARTESIAN_POINT('',(-3.,-5.8,2.));
#6204 = CARTESIAN_POINT('',(-4.,-4.8,3.));
#6205 = ORIENTED_EDGE('',*,*,#4793,.T.);
#6206 = B_SPLINE_SURFACE_WITH_KNOTS('',1,1,(
    (#6207,#6208)
    ,(#6209,#6210
    )),.UNSPECIFIED.,.F.,.F.,.F.,(2,2),(2,2),(0.,8.),(0.,1.),
  .PIECEWISE_BEZIER_KNOTS.);
#6207 = CARTESIAN_POINT('',(3.,-5.8,2.));
#6208 = CARTESIAN_POINT('',(4.,-4.8,3.));
#6209 = CARTESIAN_POINT('',(-3.,-5.8,2.));
#6210 = CARTESIAN_POINT('',(-4.,-4.8,3.));
#6211 = ADVANCED_FACE('',(#6212),#6222,.F.);
#6212 = FACE_BOUND('',#6213,.F.);
#6213 = EDGE_LOOP('',(#6214,#6215,#6220,#6221));
#6214 = ORIENTED_EDGE('',*,*,#6201,.F.);
#6215 = ORIENTED_EDGE('',*,*,#6216,.T.);
#6216 = EDGE_CURVE('',#6195,#6144,#6217,.T.);
#6217 = B_SPLINE_CURVE_WITH_KNOTS('',1,(#6218,#6219),.UNSPECIFIED.,.F.,
  .F.,(2,2),(0.,6.),.PIECEWISE_BEZIER_KNOTS.);
#6218 = CARTESIAN_POINT('',(-3.,-5.8,2.));
#6219 = CARTESIAN_POINT('',(-3.,-11.8,2.));
#6220 = ORIENTED_EDGE('',*,*,#6143,.T.);
#6221 = ORIENTED_EDGE('',*,*,#4786,.T.);
#6222 = B_SPLINE_SURFACE_WITH_KNOTS('',1,1,(
    (#6223,#6224)
    ,(#6225,#6226
    )),.UNSPECIFIED.,.F.,.F.,.F.,(2,2),(2,2),(0.,8.),(0.,1.),
  .PIECEWISE_BEZIER_KNOTS.);
#6223 = CARTESIAN_POINT('',(-3.,-5.8,2.));
#6224 = CARTESIAN_POINT('',(-4.,-4.8,3.));
#6225 = CARTESIAN_POINT('',(-3.,-11.8,2.));
#6226 = CARTESIAN_POINT('',(-4.,-12.8,3.));
#6227 = ADVANCED_FACE('',(#6228),#6250,.F.);
#6228 = FACE_BOUND('',#6229,.F.);
#6229 = EDGE_LOOP('',(#6230,#6237,#6244,#6249));
#6230 = ORIENTED_EDGE('',*,*,#6231,.F.);
#6231 = EDGE_CURVE('',#6232,#4822,#6234,.T.);
#6232 = VERTEX_POINT('',#6233);
#6233 = CARTESIAN_POINT('',(5.8,-11.8,2.));
#6234 = B_SPLINE_CURVE_WITH_KNOTS('',1,(#6235,#6236),.UNSPECIFIED.,.F.,
  .F.,(2,2),(0.,1.),.PIECEWISE_BEZIER_KNOTS.);
#6235 = CARTESIAN_POINT('',(5.8,-11.8,2.));
#6236 = CARTESIAN_POINT('',(4.8,-12.8,3.));
#6237 = ORIENTED_EDGE('',*,*,#6238,.T.);
#6238 = EDGE_CURVE('',#6232,#6239,#6241,.T.);
#6239 = VERTEX_POINT('',#6240);
#6240 = CARTESIAN_POINT('',(11.8,-11.8,2.));
#6241 = B_SPLINE_CURVE_WITH_KNOTS('',1,(#6242,#6243),.UNSPECIFIED.,.F.,
  .F.,(2,2),(0.,6.),.PIECEWISE_BEZIER_KNOTS.);
#6242 = CARTESIAN_POINT('',(5.8,-11.8,2.));
#6243 = CARTESIAN_POINT('',(11.8,-11.8,2.));
#6244 = ORIENTED_EDGE('',*,*,#6245,.T.);
#6245 = EDGE_CURVE('',#6239,#4820,#6246,.T.);
#6246 = B_SPLINE_CURVE_WITH_KNOTS('',1,(#6247,#6248),.UNSPECIFIED.,.F.,
  .F.,(2,2),(0.,1.),.PIECEWISE_BEZIER_KNOTS.);
#6247 = CARTESIAN_POINT('',(11.8,-11.8,2.));
#6248 = CARTESIAN_POINT('',(12.8,-12.8,3.));
#6249 = ORIENTED_EDGE('',*,*,#4819,.T.);
#6250 = B_SPLINE_SURFACE_WITH_KNOTS('',1,1,(
    (#6251,#6252)
    ,(#6253,#6254
    )),.UNSPECIFIED.,.F.,.F.,.F.,(2,2),(2,2),(0.,8.),(0.,1.),
  .PIECEWISE_BEZIER_KNOTS.);
#6251 = CARTESIAN_POINT('',(5.8,-11.8,2.));
#6252 = CARTESIAN_POINT('',(4.8,-12.8,3.));
#6253 = CARTESIAN_POINT('',(11.8,-11.8,2.));
#6254 = CARTESIAN_POINT('',(12.8,-12.8,3.));
#6255 = ADVANCED_FACE('',(#6256),#6272,.F.);
#6256 = FACE_BOUND('',#6257,.F.);
#6257 = EDGE_LOOP('',(#6258,#6259,#6266,#6271));
#6258 = ORIENTED_EDGE('',*,*,#6245,.F.);
#6259 = ORIENTED_EDGE('',*,*,#6260,.T.);
#6260 = EDGE_CURVE('',#6239,#6261,#6263,.T.);
#6261 = VERTEX_POINT('',#6262);
#6262 = CARTESIAN_POINT('',(11.8,-5.8,2.));
#6263 = B_SPLINE_CURVE_WITH_KNOTS('',1,(#6264,#6265),.UNSPECIFIED.,.F.,
  .F.,(2,2),(0.,6.),.PIECEWISE_BEZIER_KNOTS.);
#6264 = CARTESIAN_POINT('',(11.8,-11.8,2.));
#6265 = CARTESIAN_POINT('',(11.8,-5.8,2.));
#6266 = ORIENTED_EDGE('',*,*,#6267,.T.);
#6267 = EDGE_CURVE('',#6261,#4836,#6268,.T.);
#6268 = B_SPLINE_CURVE_WITH_KNOTS('',1,(#6269,#6270),.UNSPECIFIED.,.F.,
  .F.,(2,2),(0.,1.),.PIECEWISE_BEZIER_KNOTS.);
#6269 = CARTESIAN_POINT('',(11.8,-5.8,2.));
#6270 = CARTESIAN_POINT('',(12.8,-4.8,3.));
#6271 = ORIENTED_EDGE('',*,*,#4842,.T.);
#6272 = B_SPLINE_SURFACE_WITH_KNOTS('',1,1,(
    (#6273,#6274)
    ,(#6275,#6276
    )),.UNSPECIFIED.,.F.,.F.,.F.,(2,2),(2,2),(0.,8.),(0.,1.),
  .PIECEWISE_BEZIER_KNOTS.);
#6273 = CARTESIAN_POINT('',(11.8,-11.8,2.));
#6274 = CARTESIAN_POINT('',(12.8,-12.8,3.));
#6275 = CARTESIAN_POINT('',(11.8,-5.8,2.));
#6276 = CARTESIAN_POINT('',(12.8,-4.8,3.));
#6277 = ADVANCED_FACE('',(#6278),#6294,.F.);
#6278 = FACE_BOUND('',#6279,.F.);
#6279 = EDGE_LOOP('',(#6280,#6281,#6288,#6293));
#6280 = ORIENTED_EDGE('',*,*,#6267,.F.);
#6281 = ORIENTED_EDGE('',*,*,#6282,.T.);
#6282 = EDGE_CURVE('',#6261,#6283,#6285,.T.);
#6283 = VERTEX_POINT('',#6284);
#6284 = CARTESIAN_POINT('',(5.8,-5.8,2.));
#6285 = B_SPLINE_CURVE_WITH_KNOTS('',1,(#6286,#6287),.UNSPECIFIED.,.F.,
  .F.,(2,2),(0.,6.),.PIECEWISE_BEZIER_KNOTS.);
#6286 = CARTESIAN_POINT('',(11.8,-5.8,2.));
#6287 = CARTESIAN_POINT('',(5.8,-5.8,2.));
#6288 = ORIENTED_EDGE('',*,*,#6289,.T.);
#6289 = EDGE_CURVE('',#6283,#4829,#6290,.T.);
#6290 = B_SPLINE_CURVE_WITH_KNOTS('',1,(#6291,#6292),.UNSPECIFIED.,.F.,
  .F.,(2,2),(0.,1.),.PIECEWISE_BEZIER_KNOTS.);
#6291 = CARTESIAN_POINT('',(5.8,-5.8,2.));
#6292 = CARTESIAN_POINT('',(4.8,-4.8,3.));
#6293 = ORIENTED_EDGE('',*,*,#4835,.T.);
#6294 = B_SPLINE_SURFACE_WITH_KNOTS('',1,1,(
    (#6295,#6296)
    ,(#6297,#6298
    )),.UNSPECIFIED.,.F.,.F.,.F.,(2,2),(2,2),(0.,8.),(0.,1.),
  .PIECEWISE_BEZIER_KNOTS.);
#6295 = CARTESIAN_POINT('',(11.8,-5.8,2.));
#6296 = CARTESIAN_POINT('',(12.8,-4.8,3.));
#6297 = CARTESIAN_POINT('',(5.8,-5.8,2.));
#6298 = CARTESIAN_POINT('',(4.8,-4.8,3.));
#6299 = ADVANCED_FACE('',(#6300),#6310,.F.);
#6300 = FACE_BOUND('',#6301,.F.);
#6301 = EDGE_LOOP('',(#6302,#6303,#6308,#6309));
#6302 = ORIENTED_EDGE('',*,*,#6289,.F.);
#6303 = ORIENTED_EDGE('',*,*,#6304,.T.);
#6304 = EDGE_CURVE('',#6283,#6232,#6305,.T.);
#6305 = B_SPLINE_CURVE_WITH_KNOTS('',1,(#6306,#6307),.UNSPECIFIED.,.F.,
  .F.,(2,2),(0.,6.),.PIECEWISE_BEZIER_KNOTS.);
#6306 = CARTESIAN_POINT('',(5.8,-5.8,2.));
#6307 = CARTESIAN_POINT('',(5.8,-11.8,2.));
#6308 = ORIENTED_EDGE('',*,*,#6231,.T.);
#6309 = ORIENTED_EDGE('',*,*,#4828,.T.);
#6310 = B_SPLINE_SURFACE_WITH_KNOTS('',1,1,(
    (#6311,#6312)
    ,(#6313,#6314
    )),.UNSPECIFIED.,.F.,.F.,.F.,(2,2),(2,2),(0.,8.),(0.,1.),
  .PIECEWISE_BEZIER_KNOTS.);
#6311 = CARTESIAN_POINT('',(5.8,-5.8,2.));
#6312 = CARTESIAN_POINT('',(4.8,-4.8,3.));
#6313 = CARTESIAN_POINT('',(5.8,-11.8,2.));
#6314 = CARTESIAN_POINT('',(4.8,-12.8,3.));
#6315 = ADVANCED_FACE('',(#6316),#6338,.F.);
#6316 = FACE_BOUND('',#6317,.F.);
#6317 = EDGE_LOOP('',(#6318,#6325,#6332,#6337));
#6318 = ORIENTED_EDGE('',*,*,#6319,.F.);
#6319 = EDGE_CURVE('',#6320,#4864,#6322,.T.);
#6320 = VERTEX_POINT('',#6321);
#6321 = CARTESIAN_POINT('',(14.6,-11.8,2.));
#6322 = B_SPLINE_CURVE_WITH_KNOTS('',1,(#6323,#6324),.UNSPECIFIED.,.F.,
  .F.,(2,2),(0.,1.),.PIECEWISE_BEZIER_KNOTS.);
#6323 = CARTESIAN_POINT('',(14.6,-11.8,2.));
#6324 = CARTESIAN_POINT('',(13.6,-12.8,3.));
#6325 = ORIENTED_EDGE('',*,*,#6326,.T.);
#6326 = EDGE_CURVE('',#6320,#6327,#6329,.T.);
#6327 = VERTEX_POINT('',#6328);
#6328 = CARTESIAN_POINT('',(20.6,-11.8,2.));
#6329 = B_SPLINE_CURVE_WITH_KNOTS('',1,(#6330,#6331),.UNSPECIFIED.,.F.,
  .F.,(2,2),(0.,6.),.PIECEWISE_BEZIER_KNOTS.);
#6330 = CARTESIAN_POINT('',(14.6,-11.8,2.));
#6331 = CARTESIAN_POINT('',(20.6,-11.8,2.));
#6332 = ORIENTED_EDGE('',*,*,#6333,.T.);
#6333 = EDGE_CURVE('',#6327,#4862,#6334,.T.);
#6334 = B_SPLINE_CURVE_WITH_KNOTS('',1,(#6335,#6336),.UNSPECIFIED.,.F.,
  .F.,(2,2),(0.,1.),.PIECEWISE_BEZIER_KNOTS.);
#6335 = CARTESIAN_POINT('',(20.6,-11.8,2.));
#6336 = CARTESIAN_POINT('',(21.6,-12.8,3.));
#6337 = ORIENTED_EDGE('',*,*,#4861,.T.);
#6338 = B_SPLINE_SURFACE_WITH_KNOTS('',1,1,(
    (#6339,#6340)
    ,(#6341,#6342
    )),.UNSPECIFIED.,.F.,.F.,.F.,(2,2),(2,2),(0.,8.),(0.,1.),
  .PIECEWISE_BEZIER_KNOTS.);
#6339 = CARTESIAN_POINT('',(14.6,-11.8,2.));
#6340 = CARTESIAN_POINT('',(13.6,-12.8,3.));
#6341 = CARTESIAN_POINT('',(20.6,-11.8,2.));
#6342 = CARTESIAN_POINT('',(21.6,-12.8,3.));
#6343 = ADVANCED_FACE('',(#6344),#6360,.F.);
#6344 = FACE_BOUND('',#6345,.F.);
#6345 = EDGE_LOOP('',(#6346,#6347,#6354,#6359));
#6346 = ORIENTED_EDGE('',*,*,#6333,.F.);
#6347 = ORIENTED_EDGE('',*,*,#6348,.T.);
#6348 = EDGE_CURVE('',#6327,#6349,#6351,.T.);
#6349 = VERTEX_POINT('',#6350);
#6350 = CARTESIAN_POINT('',(20.6,-5.8,2.));
#6351 = B_SPLINE_CURVE_WITH_KNOTS('',1,(#6352,#6353),.UNSPECIFIED.,.F.,
  .F.,(2,2),(0.,6.),.PIECEWISE_BEZIER_KNOTS.);
#6352 = CARTESIAN_POINT('',(20.6,-11.8,2.));
#6353 = CARTESIAN_POINT('',(20.6,-5.8,2.));
#6354 = ORIENTED_EDGE('',*,*,#6355,.T.);
#6355 = EDGE_CURVE('',#6349,#4878,#6356,.T.);
#6356 = B_SPLINE_CURVE_WITH_KNOTS('',1,(#6357,#6358),.UNSPECIFIED.,.F.,
  .F.,(2,2),(0.,1.),.PIECEWISE_BEZIER_KNOTS.);
#6357 = CARTESIAN_POINT('',(20.6,-5.8,2.));
#6358 = CARTESIAN_POINT('',(21.6,-4.8,3.));
#6359 = ORIENTED_EDGE('',*,*,#4884,.T.);
#6360 = B_SPLINE_SURFACE_WITH_KNOTS('',1,1,(
    (#6361,#6362)
    ,(#6363,#6364
    )),.UNSPECIFIED.,.F.,.F.,.F.,(2,2),(2,2),(0.,8.),(0.,1.),
  .PIECEWISE_BEZIER_KNOTS.);
#6361 = CARTESIAN_POINT('',(20.6,-11.8,2.));
#6362 = CARTESIAN_POINT('',(21.6,-12.8,3.));
#6363 = CARTESIAN_POINT('',(20.6,-5.8,2.));
#6364 = CARTESIAN_POINT('',(21.6,-4.8,3.));
#6365 = ADVANCED_FACE('',(#6366),#6382,.F.);
#6366 = FACE_BOUND('',#6367,.F.);
#6367 = EDGE_LOOP('',(#6368,#6369,#6376,#6381));
#6368 = ORIENTED_EDGE('',*,*,#6355,.F.);
#6369 = ORIENTED_EDGE('',*,*,#6370,.T.);
#6370 = EDGE_CURVE('',#6349,#6371,#6373,.T.);
#6371 = VERTEX_POINT('',#6372);
#6372 = CARTESIAN_POINT('',(14.6,-5.8,2.));
#6373 = B_SPLINE_CURVE_WITH_KNOTS('',1,(#6374,#6375),.UNSPECIFIED.,.F.,
  .F.,(2,2),(0.,6.),.PIECEWISE_BEZIER_KNOTS.);
#6374 = CARTESIAN_POINT('',(20.6,-5.8,2.));
#6375 = CARTESIAN_POINT('',(14.6,-5.8,2.));
#6376 = ORIENTED_EDGE('',*,*,#6377,.T.);
#6377 = EDGE_CURVE('',#6371,#4871,#6378,.T.);
#6378 = B_SPLINE_CURVE_WITH_KNOTS('',1,(#6379,#6380),.UNSPECIFIED.,.F.,
  .F.,(2,2),(0.,1.),.PIECEWISE_BEZIER_KNOTS.);
#6379 = CARTESIAN_POINT('',(14.6,-5.8,2.));
#6380 = CARTESIAN_POINT('',(13.6,-4.8,3.));
#6381 = ORIENTED_EDGE('',*,*,#4877,.T.);
#6382 = B_SPLINE_SURFACE_WITH_KNOTS('',1,1,(
    (#6383,#6384)
    ,(#6385,#6386
    )),.UNSPECIFIED.,.F.,.F.,.F.,(2,2),(2,2),(0.,8.),(0.,1.),
  .PIECEWISE_BEZIER_KNOTS.);
#6383 = CARTESIAN_POINT('',(20.6,-5.8,2.));
#6384 = CARTESIAN_POINT('',(21.6,-4.8,3.));
#6385 = CARTESIAN_POINT('',(14.6,-5.8,2.));
#6386 = CARTESIAN_POINT('',(13.6,-4.8,3.));
#6387 = ADVANCED_FACE('',(#6388),#6398,.F.);
#6388 = FACE_BOUND('',#6389,.F.);
#6389 = EDGE_LOOP('',(#6390,#6391,#6396,#6397));
#6390 = ORIENTED_EDGE('',*,*,#6377,.F.);
#6391 = ORIENTED_EDGE('',*,*,#6392,.T.);
#6392 = EDGE_CURVE('',#6371,#6320,#6393,.T.);
#6393 = B_SPLINE_CURVE_WITH_KNOTS('',1,(#6394,#6395),.UNSPECIFIED.,.F.,
  .F.,(2,2),(0.,6.),.PIECEWISE_BEZIER_KNOTS.);
#6394 = CARTESIAN_POINT('',(14.6,-5.8,2.));
#6395 = CARTESIAN_POINT('',(14.6,-11.8,2.));
#6396 = ORIENTED_EDGE('',*,*,#6319,.T.);
#6397 = ORIENTED_EDGE('',*,*,#4870,.T.);
#6398 = B_SPLINE_SURFACE_WITH_KNOTS('',1,1,(
    (#6399,#6400)
    ,(#6401,#6402
    )),.UNSPECIFIED.,.F.,.F.,.F.,(2,2),(2,2),(0.,8.),(0.,1.),
  .PIECEWISE_BEZIER_KNOTS.);
#6399 = CARTESIAN_POINT('',(14.6,-5.8,2.));
#6400 = CARTESIAN_POINT('',(13.6,-4.8,3.));
#6401 = CARTESIAN_POINT('',(14.6,-11.8,2.));
#6402 = CARTESIAN_POINT('',(13.6,-12.8,3.));
#6403 = ADVANCED_FACE('',(#6404),#6426,.F.);
#6404 = FACE_BOUND('',#6405,.F.);
#6405 = EDGE_LOOP('',(#6406,#6413,#6420,#6425));
#6406 = ORIENTED_EDGE('',*,*,#6407,.F.);
#6407 = EDGE_CURVE('',#6408,#4906,#6410,.T.);
#6408 = VERTEX_POINT('',#6409);
#6409 = CARTESIAN_POINT('',(-20.6,-3.,2.));
#6410 = B_SPLINE_CURVE_WITH_KNOTS('',1,(#6411,#6412),.UNSPECIFIED.,.F.,
  .F.,(2,2),(0.,1.),.PIECEWISE_BEZIER_KNOTS.);
#6411 = CARTESIAN_POINT('',(-20.6,-3.,2.));
#6412 = CARTESIAN_POINT('',(-21.6,-4.,3.));
#6413 = ORIENTED_EDGE('',*,*,#6414,.T.);
#6414 = EDGE_CURVE('',#6408,#6415,#6417,.T.);
#6415 = VERTEX_POINT('',#6416);
#6416 = CARTESIAN_POINT('',(-14.6,-3.,2.));
#6417 = B_SPLINE_CURVE_WITH_KNOTS('',1,(#6418,#6419),.UNSPECIFIED.,.F.,
  .F.,(2,2),(0.,6.),.PIECEWISE_BEZIER_KNOTS.);
#6418 = CARTESIAN_POINT('',(-20.6,-3.,2.));
#6419 = CARTESIAN_POINT('',(-14.6,-3.,2.));
#6420 = ORIENTED_EDGE('',*,*,#6421,.T.);
#6421 = EDGE_CURVE('',#6415,#4904,#6422,.T.);
#6422 = B_SPLINE_CURVE_WITH_KNOTS('',1,(#6423,#6424),.UNSPECIFIED.,.F.,
  .F.,(2,2),(0.,1.),.PIECEWISE_BEZIER_KNOTS.);
#6423 = CARTESIAN_POINT('',(-14.6,-3.,2.));
#6424 = CARTESIAN_POINT('',(-13.6,-4.,3.));
#6425 = ORIENTED_EDGE('',*,*,#4903,.T.);
#6426 = B_SPLINE_SURFACE_WITH_KNOTS('',1,1,(
    (#6427,#6428)
    ,(#6429,#6430
    )),.UNSPECIFIED.,.F.,.F.,.F.,(2,2),(2,2),(0.,8.),(0.,1.),
  .PIECEWISE_BEZIER_KNOTS.);
#6427 = CARTESIAN_POINT('',(-20.6,-3.,2.));
#6428 = CARTESIAN_POINT('',(-21.6,-4.,3.));
#6429 = CARTESIAN_POINT('',(-14.6,-3.,2.));
#6430 = CARTESIAN_POINT('',(-13.6,-4.,3.));
#6431 = ADVANCED_FACE('',(#6432),#6448,.F.);
#6432 = FACE_BOUND('',#6433,.F.);
#6433 = EDGE_LOOP('',(#6434,#6435,#6442,#6447));
#6434 = ORIENTED_EDGE('',*,*,#6421,.F.);
#6435 = ORIENTED_EDGE('',*,*,#6436,.T.);
#6436 = EDGE_CURVE('',#6415,#6437,#6439,.T.);
#6437 = VERTEX_POINT('',#6438);
#6438 = CARTESIAN_POINT('',(-14.6,3.,2.));
#6439 = B_SPLINE_CURVE_WITH_KNOTS('',1,(#6440,#6441),.UNSPECIFIED.,.F.,
  .F.,(2,2),(0.,6.),.PIECEWISE_BEZIER_KNOTS.);
#6440 = CARTESIAN_POINT('',(-14.6,-3.,2.));
#6441 = CARTESIAN_POINT('',(-14.6,3.,2.));
#6442 = ORIENTED_EDGE('',*,*,#6443,.T.);
#6443 = EDGE_CURVE('',#6437,#4920,#6444,.T.);
#6444 = B_SPLINE_CURVE_WITH_KNOTS('',1,(#6445,#6446),.UNSPECIFIED.,.F.,
  .F.,(2,2),(0.,1.),.PIECEWISE_BEZIER_KNOTS.);
#6445 = CARTESIAN_POINT('',(-14.6,3.,2.));
#6446 = CARTESIAN_POINT('',(-13.6,4.,3.));
#6447 = ORIENTED_EDGE('',*,*,#4926,.T.);
#6448 = B_SPLINE_SURFACE_WITH_KNOTS('',1,1,(
    (#6449,#6450)
    ,(#6451,#6452
    )),.UNSPECIFIED.,.F.,.F.,.F.,(2,2),(2,2),(0.,8.),(0.,1.),
  .PIECEWISE_BEZIER_KNOTS.);
#6449 = CARTESIAN_POINT('',(-14.6,-3.,2.));
#6450 = CARTESIAN_POINT('',(-13.6,-4.,3.));
#6451 = CARTESIAN_POINT('',(-14.6,3.,2.));
#6452 = CARTESIAN_POINT('',(-13.6,4.,3.));
#6453 = ADVANCED_FACE('',(#6454),#6470,.F.);
#6454 = FACE_BOUND('',#6455,.F.);
#6455 = EDGE_LOOP('',(#6456,#6457,#6464,#6469));
#6456 = ORIENTED_EDGE('',*,*,#6443,.F.);
#6457 = ORIENTED_EDGE('',*,*,#6458,.T.);
#6458 = EDGE_CURVE('',#6437,#6459,#6461,.T.);
#6459 = VERTEX_POINT('',#6460);
#6460 = CARTESIAN_POINT('',(-20.6,3.,2.));
#6461 = B_SPLINE_CURVE_WITH_KNOTS('',1,(#6462,#6463),.UNSPECIFIED.,.F.,
  .F.,(2,2),(0.,6.),.PIECEWISE_BEZIER_KNOTS.);
#6462 = CARTESIAN_POINT('',(-14.6,3.,2.));
#6463 = CARTESIAN_POINT('',(-20.6,3.,2.));
#6464 = ORIENTED_EDGE('',*,*,#6465,.T.);
#6465 = EDGE_CURVE('',#6459,#4913,#6466,.T.);
#6466 = B_SPLINE_CURVE_WITH_KNOTS('',1,(#6467,#6468),.UNSPECIFIED.,.F.,
  .F.,(2,2),(0.,1.),.PIECEWISE_BEZIER_KNOTS.);
#6467 = CARTESIAN_POINT('',(-20.6,3.,2.));
#6468 = CARTESIAN_POINT('',(-21.6,4.,3.));
#6469 = ORIENTED_EDGE('',*,*,#4919,.T.);
#6470 = B_SPLINE_SURFACE_WITH_KNOTS('',1,1,(
    (#6471,#6472)
    ,(#6473,#6474
    )),.UNSPECIFIED.,.F.,.F.,.F.,(2,2),(2,2),(0.,8.),(0.,1.),
  .PIECEWISE_BEZIER_KNOTS.);
#6471 = CARTESIAN_POINT('',(-14.6,3.,2.));
#6472 = CARTESIAN_POINT('',(-13.6,4.,3.));
#6473 = CARTESIAN_POINT('',(-20.6,3.,2.));
#6474 = CARTESIAN_POINT('',(-21.6,4.,3.));
#6475 = ADVANCED_FACE('',(#6476),#6486,.F.);
#6476 = FACE_BOUND('',#6477,.F.);
#6477 = EDGE_LOOP('',(#6478,#6479,#6484,#6485));
#6478 = ORIENTED_EDGE('',*,*,#6465,.F.);
#6479 = ORIENTED_EDGE('',*,*,#6480,.T.);
#6480 = EDGE_CURVE('',#6459,#6408,#6481,.T.);
#6481 = B_SPLINE_CURVE_WITH_KNOTS('',1,(#6482,#6483),.UNSPECIFIED.,.F.,
  .F.,(2,2),(0.,6.),.PIECEWISE_BEZIER_KNOTS.);
#6482 = CARTESIAN_POINT('',(-20.6,3.,2.));
#6483 = CARTESIAN_POINT('',(-20.6,-3.,2.));
#6484 = ORIENTED_EDGE('',*,*,#6407,.T.);
#6485 = ORIENTED_EDGE('',*,*,#4912,.T.);
#6486 = B_SPLINE_SURFACE_WITH_KNOTS('',1,1,(
    (#6487,#6488)
    ,(#6489,#6490
    )),.UNSPECIFIED.,.F.,.F.,.F.,(2,2),(2,2),(0.,8.),(0.,1.),
  .PIECEWISE_BEZIER_KNOTS.);
#6487 = CARTESIAN_POINT('',(-20.6,3.,2.));
#6488 = CARTESIAN_POINT('',(-21.6,4.,3.));
#6489 = CARTESIAN_POINT('',(-20.6,-3.,2.));
#6490 = CARTESIAN_POINT('',(-21.6,-4.,3.));
#6491 = ADVANCED_FACE('',(#6492),#6514,.F.);
#6492 = FACE_BOUND('',#6493,.F.);
#6493 = EDGE_LOOP('',(#6494,#6501,#6508,#6513));
#6494 = ORIENTED_EDGE('',*,*,#6495,.F.);
#6495 = EDGE_CURVE('',#6496,#4948,#6498,.T.);
#6496 = VERTEX_POINT('',#6497);
#6497 = CARTESIAN_POINT('',(-20.6,5.8,2.));
#6498 = B_SPLINE_CURVE_WITH_KNOTS('',1,(#6499,#6500),.UNSPECIFIED.,.F.,
  .F.,(2,2),(0.,1.),.PIECEWISE_BEZIER_KNOTS.);
#6499 = CARTESIAN_POINT('',(-20.6,5.8,2.));
#6500 = CARTESIAN_POINT('',(-21.6,4.8,3.));
#6501 = ORIENTED_EDGE('',*,*,#6502,.T.);
#6502 = EDGE_CURVE('',#6496,#6503,#6505,.T.);
#6503 = VERTEX_POINT('',#6504);
#6504 = CARTESIAN_POINT('',(-14.6,5.8,2.));
#6505 = B_SPLINE_CURVE_WITH_KNOTS('',1,(#6506,#6507),.UNSPECIFIED.,.F.,
  .F.,(2,2),(0.,6.),.PIECEWISE_BEZIER_KNOTS.);
#6506 = CARTESIAN_POINT('',(-20.6,5.8,2.));
#6507 = CARTESIAN_POINT('',(-14.6,5.8,2.));
#6508 = ORIENTED_EDGE('',*,*,#6509,.T.);
#6509 = EDGE_CURVE('',#6503,#4946,#6510,.T.);
#6510 = B_SPLINE_CURVE_WITH_KNOTS('',1,(#6511,#6512),.UNSPECIFIED.,.F.,
  .F.,(2,2),(0.,1.),.PIECEWISE_BEZIER_KNOTS.);
#6511 = CARTESIAN_POINT('',(-14.6,5.8,2.));
#6512 = CARTESIAN_POINT('',(-13.6,4.8,3.));
#6513 = ORIENTED_EDGE('',*,*,#4945,.T.);
#6514 = B_SPLINE_SURFACE_WITH_KNOTS('',1,1,(
    (#6515,#6516)
    ,(#6517,#6518
    )),.UNSPECIFIED.,.F.,.F.,.F.,(2,2),(2,2),(0.,8.),(0.,1.),
  .PIECEWISE_BEZIER_KNOTS.);
#6515 = CARTESIAN_POINT('',(-20.6,5.8,2.));
#6516 = CARTESIAN_POINT('',(-21.6,4.8,3.));
#6517 = CARTESIAN_POINT('',(-14.6,5.8,2.));
#6518 = CARTESIAN_POINT('',(-13.6,4.8,3.));
#6519 = ADVANCED_FACE('',(#6520),#6536,.F.);
#6520 = FACE_BOUND('',#6521,.F.);
#6521 = EDGE_LOOP('',(#6522,#6523,#6530,#6535));
#6522 = ORIENTED_EDGE('',*,*,#6509,.F.);
#6523 = ORIENTED_EDGE('',*,*,#6524,.T.);
#6524 = EDGE_CURVE('',#6503,#6525,#6527,.T.);
#6525 = VERTEX_POINT('',#6526);
#6526 = CARTESIAN_POINT('',(-14.6,11.8,2.));
#6527 = B_SPLINE_CURVE_WITH_KNOTS('',1,(#6528,#6529),.UNSPECIFIED.,.F.,
  .F.,(2,2),(0.,6.),.PIECEWISE_BEZIER_KNOTS.);
#6528 = CARTESIAN_POINT('',(-14.6,5.8,2.));
#6529 = CARTESIAN_POINT('',(-14.6,11.8,2.));
#6530 = ORIENTED_EDGE('',*,*,#6531,.T.);
#6531 = EDGE_CURVE('',#6525,#4962,#6532,.T.);
#6532 = B_SPLINE_CURVE_WITH_KNOTS('',1,(#6533,#6534),.UNSPECIFIED.,.F.,
  .F.,(2,2),(0.,1.),.PIECEWISE_BEZIER_KNOTS.);
#6533 = CARTESIAN_POINT('',(-14.6,11.8,2.));
#6534 = CARTESIAN_POINT('',(-13.6,12.8,3.));
#6535 = ORIENTED_EDGE('',*,*,#4968,.T.);
#6536 = B_SPLINE_SURFACE_WITH_KNOTS('',1,1,(
    (#6537,#6538)
    ,(#6539,#6540
    )),.UNSPECIFIED.,.F.,.F.,.F.,(2,2),(2,2),(0.,8.),(0.,1.),
  .PIECEWISE_BEZIER_KNOTS.);
#6537 = CARTESIAN_POINT('',(-14.6,5.8,2.));
#6538 = CARTESIAN_POINT('',(-13.6,4.8,3.));
#6539 = CARTESIAN_POINT('',(-14.6,11.8,2.));
#6540 = CARTESIAN_POINT('',(-13.6,12.8,3.));
#6541 = ADVANCED_FACE('',(#6542),#6558,.F.);
#6542 = FACE_BOUND('',#6543,.F.);
#6543 = EDGE_LOOP('',(#6544,#6545,#6552,#6557));
#6544 = ORIENTED_EDGE('',*,*,#6531,.F.);
#6545 = ORIENTED_EDGE('',*,*,#6546,.T.);
#6546 = EDGE_CURVE('',#6525,#6547,#6549,.T.);
#6547 = VERTEX_POINT('',#6548);
#6548 = CARTESIAN_POINT('',(-20.6,11.8,2.));
#6549 = B_SPLINE_CURVE_WITH_KNOTS('',1,(#6550,#6551),.UNSPECIFIED.,.F.,
  .F.,(2,2),(0.,6.),.PIECEWISE_BEZIER_KNOTS.);
#6550 = CARTESIAN_POINT('',(-14.6,11.8,2.));
#6551 = CARTESIAN_POINT('',(-20.6,11.8,2.));
#6552 = ORIENTED_EDGE('',*,*,#6553,.T.);
#6553 = EDGE_CURVE('',#6547,#4955,#6554,.T.);
#6554 = B_SPLINE_CURVE_WITH_KNOTS('',1,(#6555,#6556),.UNSPECIFIED.,.F.,
  .F.,(2,2),(0.,1.),.PIECEWISE_BEZIER_KNOTS.);
#6555 = CARTESIAN_POINT('',(-20.6,11.8,2.));
#6556 = CARTESIAN_POINT('',(-21.6,12.8,3.));
#6557 = ORIENTED_EDGE('',*,*,#4961,.T.);
#6558 = B_SPLINE_SURFACE_WITH_KNOTS('',1,1,(
    (#6559,#6560)
    ,(#6561,#6562
    )),.UNSPECIFIED.,.F.,.F.,.F.,(2,2),(2,2),(0.,8.),(0.,1.),
  .PIECEWISE_BEZIER_KNOTS.);
#6559 = CARTESIAN_POINT('',(-14.6,11.8,2.));
#6560 = CARTESIAN_POINT('',(-13.6,12.8,3.));
#6561 = CARTESIAN_POINT('',(-20.6,11.8,2.));
#6562 = CARTESIAN_POINT('',(-21.6,12.8,3.));
#6563 = ADVANCED_FACE('',(#6564),#6574,.F.);
#6564 = FACE_BOUND('',#6565,.F.);
#6565 = EDGE_LOOP('',(#6566,#6567,#6572,#6573));
#6566 = ORIENTED_EDGE('',*,*,#6553,.F.);
#6567 = ORIENTED_EDGE('',*,*,#6568,.T.);
#6568 = EDGE_CURVE('',#6547,#6496,#6569,.T.);
#6569 = B_SPLINE_CURVE_WITH_KNOTS('',1,(#6570,#6571),.UNSPECIFIED.,.F.,
  .F.,(2,2),(0.,6.),.PIECEWISE_BEZIER_KNOTS.);
#6570 = CARTESIAN_POINT('',(-20.6,11.8,2.));
#6571 = CARTESIAN_POINT('',(-20.6,5.8,2.));
#6572 = ORIENTED_EDGE('',*,*,#6495,.T.);
#6573 = ORIENTED_EDGE('',*,*,#4954,.T.);
#6574 = B_SPLINE_SURFACE_WITH_KNOTS('',1,1,(
    (#6575,#6576)
    ,(#6577,#6578
    )),.UNSPECIFIED.,.F.,.F.,.F.,(2,2),(2,2),(0.,8.),(0.,1.),
  .PIECEWISE_BEZIER_KNOTS.);
#6575 = CARTESIAN_POINT('',(-20.6,11.8,2.));
#6576 = CARTESIAN_POINT('',(-21.6,12.8,3.));
#6577 = CARTESIAN_POINT('',(-20.6,5.8,2.));
#6578 = CARTESIAN_POINT('',(-21.6,4.8,3.));
#6579 = ADVANCED_FACE('',(#6580),#6602,.F.);
#6580 = FACE_BOUND('',#6581,.F.);
#6581 = EDGE_LOOP('',(#6582,#6589,#6596,#6601));
#6582 = ORIENTED_EDGE('',*,*,#6583,.F.);
#6583 = EDGE_CURVE('',#6584,#4990,#6586,.T.);
#6584 = VERTEX_POINT('',#6585);
#6585 = CARTESIAN_POINT('',(-11.8,-3.,2.));
#6586 = B_SPLINE_CURVE_WITH_KNOTS('',1,(#6587,#6588),.UNSPECIFIED.,.F.,
  .F.,(2,2),(0.,1.),.PIECEWISE_BEZIER_KNOTS.);
#6587 = CARTESIAN_POINT('',(-11.8,-3.,2.));
#6588 = CARTESIAN_POINT('',(-12.8,-4.,3.));
#6589 = ORIENTED_EDGE('',*,*,#6590,.T.);
#6590 = EDGE_CURVE('',#6584,#6591,#6593,.T.);
#6591 = VERTEX_POINT('',#6592);
#6592 = CARTESIAN_POINT('',(-5.8,-3.,2.));
#6593 = B_SPLINE_CURVE_WITH_KNOTS('',1,(#6594,#6595),.UNSPECIFIED.,.F.,
  .F.,(2,2),(0.,6.),.PIECEWISE_BEZIER_KNOTS.);
#6594 = CARTESIAN_POINT('',(-11.8,-3.,2.));
#6595 = CARTESIAN_POINT('',(-5.8,-3.,2.));
#6596 = ORIENTED_EDGE('',*,*,#6597,.T.);
#6597 = EDGE_CURVE('',#6591,#4988,#6598,.T.);
#6598 = B_SPLINE_CURVE_WITH_KNOTS('',1,(#6599,#6600),.UNSPECIFIED.,.F.,
  .F.,(2,2),(0.,1.),.PIECEWISE_BEZIER_KNOTS.);
#6599 = CARTESIAN_POINT('',(-5.8,-3.,2.));
#6600 = CARTESIAN_POINT('',(-4.8,-4.,3.));
#6601 = ORIENTED_EDGE('',*,*,#4987,.T.);
#6602 = B_SPLINE_SURFACE_WITH_KNOTS('',1,1,(
    (#6603,#6604)
    ,(#6605,#6606
    )),.UNSPECIFIED.,.F.,.F.,.F.,(2,2),(2,2),(0.,8.),(0.,1.),
  .PIECEWISE_BEZIER_KNOTS.);
#6603 = CARTESIAN_POINT('',(-11.8,-3.,2.));
#6604 = CARTESIAN_POINT('',(-12.8,-4.,3.));
#6605 = CARTESIAN_POINT('',(-5.8,-3.,2.));
#6606 = CARTESIAN_POINT('',(-4.8,-4.,3.));
#6607 = ADVANCED_FACE('',(#6608),#6624,.F.);
#6608 = FACE_BOUND('',#6609,.F.);
#6609 = EDGE_LOOP('',(#6610,#6611,#6618,#6623));
#6610 = ORIENTED_EDGE('',*,*,#6597,.F.);
#6611 = ORIENTED_EDGE('',*,*,#6612,.T.);
#6612 = EDGE_CURVE('',#6591,#6613,#6615,.T.);
#6613 = VERTEX_POINT('',#6614);
#6614 = CARTESIAN_POINT('',(-5.8,3.,2.));
#6615 = B_SPLINE_CURVE_WITH_KNOTS('',1,(#6616,#6617),.UNSPECIFIED.,.F.,
  .F.,(2,2),(0.,6.),.PIECEWISE_BEZIER_KNOTS.);
#6616 = CARTESIAN_POINT('',(-5.8,-3.,2.));
#6617 = CARTESIAN_POINT('',(-5.8,3.,2.));
#6618 = ORIENTED_EDGE('',*,*,#6619,.T.);
#6619 = EDGE_CURVE('',#6613,#5004,#6620,.T.);
#6620 = B_SPLINE_CURVE_WITH_KNOTS('',1,(#6621,#6622),.UNSPECIFIED.,.F.,
  .F.,(2,2),(0.,1.),.PIECEWISE_BEZIER_KNOTS.);
#6621 = CARTESIAN_POINT('',(-5.8,3.,2.));
#6622 = CARTESIAN_POINT('',(-4.8,4.,3.));
#6623 = ORIENTED_EDGE('',*,*,#5010,.T.);
#6624 = B_SPLINE_SURFACE_WITH_KNOTS('',1,1,(
    (#6625,#6626)
    ,(#6627,#6628
    )),.UNSPECIFIED.,.F.,.F.,.F.,(2,2),(2,2),(0.,8.),(0.,1.),
  .PIECEWISE_BEZIER_KNOTS.);
#6625 = CARTESIAN_POINT('',(-5.8,-3.,2.));
#6626 = CARTESIAN_POINT('',(-4.8,-4.,3.));
#6627 = CARTESIAN_POINT('',(-5.8,3.,2.));
#6628 = CARTESIAN_POINT('',(-4.8,4.,3.));
#6629 = ADVANCED_FACE('',(#6630),#6646,.F.);
#6630 = FACE_BOUND('',#6631,.F.);
#6631 = EDGE_LOOP('',(#6632,#6633,#6640,#6645));
#6632 = ORIENTED_EDGE('',*,*,#6619,.F.);
#6633 = ORIENTED_EDGE('',*,*,#6634,.T.);
#6634 = EDGE_CURVE('',#6613,#6635,#6637,.T.);
#6635 = VERTEX_POINT('',#6636);
#6636 = CARTESIAN_POINT('',(-11.8,3.,2.));
#6637 = B_SPLINE_CURVE_WITH_KNOTS('',1,(#6638,#6639),.UNSPECIFIED.,.F.,
  .F.,(2,2),(0.,6.),.PIECEWISE_BEZIER_KNOTS.);
#6638 = CARTESIAN_POINT('',(-5.8,3.,2.));
#6639 = CARTESIAN_POINT('',(-11.8,3.,2.));
#6640 = ORIENTED_EDGE('',*,*,#6641,.T.);
#6641 = EDGE_CURVE('',#6635,#4997,#6642,.T.);
#6642 = B_SPLINE_CURVE_WITH_KNOTS('',1,(#6643,#6644),.UNSPECIFIED.,.F.,
  .F.,(2,2),(0.,1.),.PIECEWISE_BEZIER_KNOTS.);
#6643 = CARTESIAN_POINT('',(-11.8,3.,2.));
#6644 = CARTESIAN_POINT('',(-12.8,4.,3.));
#6645 = ORIENTED_EDGE('',*,*,#5003,.T.);
#6646 = B_SPLINE_SURFACE_WITH_KNOTS('',1,1,(
    (#6647,#6648)
    ,(#6649,#6650
    )),.UNSPECIFIED.,.F.,.F.,.F.,(2,2),(2,2),(0.,8.),(0.,1.),
  .PIECEWISE_BEZIER_KNOTS.);
#6647 = CARTESIAN_POINT('',(-5.8,3.,2.));
#6648 = CARTESIAN_POINT('',(-4.8,4.,3.));
#6649 = CARTESIAN_POINT('',(-11.8,3.,2.));
#6650 = CARTESIAN_POINT('',(-12.8,4.,3.));
#6651 = ADVANCED_FACE('',(#6652),#6662,.F.);
#6652 = FACE_BOUND('',#6653,.F.);
#6653 = EDGE_LOOP('',(#6654,#6655,#6660,#6661));
#6654 = ORIENTED_EDGE('',*,*,#6641,.F.);
#6655 = ORIENTED_EDGE('',*,*,#6656,.T.);
#6656 = EDGE_CURVE('',#6635,#6584,#6657,.T.);
#6657 = B_SPLINE_CURVE_WITH_KNOTS('',1,(#6658,#6659),.UNSPECIFIED.,.F.,
  .F.,(2,2),(0.,6.),.PIECEWISE_BEZIER_KNOTS.);
#6658 = CARTESIAN_POINT('',(-11.8,3.,2.));
#6659 = CARTESIAN_POINT('',(-11.8,-3.,2.));
#6660 = ORIENTED_EDGE('',*,*,#6583,.T.);
#6661 = ORIENTED_EDGE('',*,*,#4996,.T.);
#6662 = B_SPLINE_SURFACE_WITH_KNOTS('',1,1,(
    (#6663,#6664)
    ,(#6665,#6666
    )),.UNSPECIFIED.,.F.,.F.,.F.,(2,2),(2,2),(0.,8.),(0.,1.),
  .PIECEWISE_BEZIER_KNOTS.);
#6663 = CARTESIAN_POINT('',(-11.8,3.,2.));
#6664 = CARTESIAN_POINT('',(-12.8,4.,3.));
#6665 = CARTESIAN_POINT('',(-11.8,-3.,2.));
#6666 = CARTESIAN_POINT('',(-12.8,-4.,3.));
#6667 = ADVANCED_FACE('',(#6668),#6690,.F.);
#6668 = FACE_BOUND('',#6669,.F.);
#6669 = EDGE_LOOP('',(#6670,#6677,#6684,#6689));
#6670 = ORIENTED_EDGE('',*,*,#6671,.F.);
#6671 = EDGE_CURVE('',#6672,#5032,#6674,.T.);
#6672 = VERTEX_POINT('',#6673);
#6673 = CARTESIAN_POINT('',(-11.8,5.8,2.));
#6674 = B_SPLINE_CURVE_WITH_KNOTS('',1,(#6675,#6676),.UNSPECIFIED.,.F.,
  .F.,(2,2),(0.,1.),.PIECEWISE_BEZIER_KNOTS.);
#6675 = CARTESIAN_POINT('',(-11.8,5.8,2.));
#6676 = CARTESIAN_POINT('',(-12.8,4.8,3.));
#6677 = ORIENTED_EDGE('',*,*,#6678,.T.);
#6678 = EDGE_CURVE('',#6672,#6679,#6681,.T.);
#6679 = VERTEX_POINT('',#6680);
#6680 = CARTESIAN_POINT('',(-5.8,5.8,2.));
#6681 = B_SPLINE_CURVE_WITH_KNOTS('',1,(#6682,#6683),.UNSPECIFIED.,.F.,
  .F.,(2,2),(0.,6.),.PIECEWISE_BEZIER_KNOTS.);
#6682 = CARTESIAN_POINT('',(-11.8,5.8,2.));
#6683 = CARTESIAN_POINT('',(-5.8,5.8,2.));
#6684 = ORIENTED_EDGE('',*,*,#6685,.T.);
#6685 = EDGE_CURVE('',#6679,#5030,#6686,.T.);
#6686 = B_SPLINE_CURVE_WITH_KNOTS('',1,(#6687,#6688),.UNSPECIFIED.,.F.,
  .F.,(2,2),(0.,1.),.PIECEWISE_BEZIER_KNOTS.);
#6687 = CARTESIAN_POINT('',(-5.8,5.8,2.));
#6688 = CARTESIAN_POINT('',(-4.8,4.8,3.));
#6689 = ORIENTED_EDGE('',*,*,#5029,.T.);
#6690 = B_SPLINE_SURFACE_WITH_KNOTS('',1,1,(
    (#6691,#6692)
    ,(#6693,#6694
    )),.UNSPECIFIED.,.F.,.F.,.F.,(2,2),(2,2),(0.,8.),(0.,1.),
  .PIECEWISE_BEZIER_KNOTS.);
#6691 = CARTESIAN_POINT('',(-11.8,5.8,2.));
#6692 = CARTESIAN_POINT('',(-12.8,4.8,3.));
#6693 = CARTESIAN_POINT('',(-5.8,5.8,2.));
#6694 = CARTESIAN_POINT('',(-4.8,4.8,3.));
#6695 = ADVANCED_FACE('',(#6696),#6712,.F.);
#6696 = FACE_BOUND('',#6697,.F.);
#6697 = EDGE_LOOP('',(#6698,#6699,#6706,#6711));
#6698 = ORIENTED_EDGE('',*,*,#6685,.F.);
#6699 = ORIENTED_EDGE('',*,*,#6700,.T.);
#6700 = EDGE_CURVE('',#6679,#6701,#6703,.T.);
#6701 = VERTEX_POINT('',#6702);
#6702 = CARTESIAN_POINT('',(-5.8,11.8,2.));
#6703 = B_SPLINE_CURVE_WITH_KNOTS('',1,(#6704,#6705),.UNSPECIFIED.,.F.,
  .F.,(2,2),(0.,6.),.PIECEWISE_BEZIER_KNOTS.);
#6704 = CARTESIAN_POINT('',(-5.8,5.8,2.));
#6705 = CARTESIAN_POINT('',(-5.8,11.8,2.));
#6706 = ORIENTED_EDGE('',*,*,#6707,.T.);
#6707 = EDGE_CURVE('',#6701,#5046,#6708,.T.);
#6708 = B_SPLINE_CURVE_WITH_KNOTS('',1,(#6709,#6710),.UNSPECIFIED.,.F.,
  .F.,(2,2),(0.,1.),.PIECEWISE_BEZIER_KNOTS.);
#6709 = CARTESIAN_POINT('',(-5.8,11.8,2.));
#6710 = CARTESIAN_POINT('',(-4.8,12.8,3.));
#6711 = ORIENTED_EDGE('',*,*,#5052,.T.);
#6712 = B_SPLINE_SURFACE_WITH_KNOTS('',1,1,(
    (#6713,#6714)
    ,(#6715,#6716
    )),.UNSPECIFIED.,.F.,.F.,.F.,(2,2),(2,2),(0.,8.),(0.,1.),
  .PIECEWISE_BEZIER_KNOTS.);
#6713 = CARTESIAN_POINT('',(-5.8,5.8,2.));
#6714 = CARTESIAN_POINT('',(-4.8,4.8,3.));
#6715 = CARTESIAN_POINT('',(-5.8,11.8,2.));
#6716 = CARTESIAN_POINT('',(-4.8,12.8,3.));
#6717 = ADVANCED_FACE('',(#6718),#6734,.F.);
#6718 = FACE_BOUND('',#6719,.F.);
#6719 = EDGE_LOOP('',(#6720,#6721,#6728,#6733));
#6720 = ORIENTED_EDGE('',*,*,#6707,.F.);
#6721 = ORIENTED_EDGE('',*,*,#6722,.T.);
#6722 = EDGE_CURVE('',#6701,#6723,#6725,.T.);
#6723 = VERTEX_POINT('',#6724);
#6724 = CARTESIAN_POINT('',(-11.8,11.8,2.));
#6725 = B_SPLINE_CURVE_WITH_KNOTS('',1,(#6726,#6727),.UNSPECIFIED.,.F.,
  .F.,(2,2),(0.,6.),.PIECEWISE_BEZIER_KNOTS.);
#6726 = CARTESIAN_POINT('',(-5.8,11.8,2.));
#6727 = CARTESIAN_POINT('',(-11.8,11.8,2.));
#6728 = ORIENTED_EDGE('',*,*,#6729,.T.);
#6729 = EDGE_CURVE('',#6723,#5039,#6730,.T.);
#6730 = B_SPLINE_CURVE_WITH_KNOTS('',1,(#6731,#6732),.UNSPECIFIED.,.F.,
  .F.,(2,2),(0.,1.),.PIECEWISE_BEZIER_KNOTS.);
#6731 = CARTESIAN_POINT('',(-11.8,11.8,2.));
#6732 = CARTESIAN_POINT('',(-12.8,12.8,3.));
#6733 = ORIENTED_EDGE('',*,*,#5045,.T.);
#6734 = B_SPLINE_SURFACE_WITH_KNOTS('',1,1,(
    (#6735,#6736)
    ,(#6737,#6738
    )),.UNSPECIFIED.,.F.,.F.,.F.,(2,2),(2,2),(0.,8.),(0.,1.),
  .PIECEWISE_BEZIER_KNOTS.);
#6735 = CARTESIAN_POINT('',(-5.8,11.8,2.));
#6736 = CARTESIAN_POINT('',(-4.8,12.8,3.));
#6737 = CARTESIAN_POINT('',(-11.8,11.8,2.));
#6738 = CARTESIAN_POINT('',(-12.8,12.8,3.));
#6739 = ADVANCED_FACE('',(#6740),#6750,.F.);
#6740 = FACE_BOUND('',#6741,.F.);
#6741 = EDGE_LOOP('',(#6742,#6743,#6748,#6749));
#6742 = ORIENTED_EDGE('',*,*,#6729,.F.);
#6743 = ORIENTED_EDGE('',*,*,#6744,.T.);
#6744 = EDGE_CURVE('',#6723,#6672,#6745,.T.);
#6745 = B_SPLINE_CURVE_WITH_KNOTS('',1,(#6746,#6747),.UNSPECIFIED.,.F.,
  .F.,(2,2),(0.,6.),.PIECEWISE_BEZIER_KNOTS.);
#6746 = CARTESIAN_POINT('',(-11.8,11.8,2.));
#6747 = CARTESIAN_POINT('',(-11.8,5.8,2.));
#6748 = ORIENTED_EDGE('',*,*,#6671,.T.);
#6749 = ORIENTED_EDGE('',*,*,#5038,.T.);
#6750 = B_SPLINE_SURFACE_WITH_KNOTS('',1,1,(
    (#6751,#6752)
    ,(#6753,#6754
    )),.UNSPECIFIED.,.F.,.F.,.F.,(2,2),(2,2),(0.,8.),(0.,1.),
  .PIECEWISE_BEZIER_KNOTS.);
#6751 = CARTESIAN_POINT('',(-11.8,11.8,2.));
#6752 = CARTESIAN_POINT('',(-12.8,12.8,3.));
#6753 = CARTESIAN_POINT('',(-11.8,5.8,2.));
#6754 = CARTESIAN_POINT('',(-12.8,4.8,3.));
#6755 = ADVANCED_FACE('',(#6756),#6778,.F.);
#6756 = FACE_BOUND('',#6757,.F.);
#6757 = EDGE_LOOP('',(#6758,#6765,#6772,#6777));
#6758 = ORIENTED_EDGE('',*,*,#6759,.F.);
#6759 = EDGE_CURVE('',#6760,#5074,#6762,.T.);
#6760 = VERTEX_POINT('',#6761);
#6761 = CARTESIAN_POINT('',(-20.6,14.6,2.));
#6762 = B_SPLINE_CURVE_WITH_KNOTS('',1,(#6763,#6764),.UNSPECIFIED.,.F.,
  .F.,(2,2),(0.,1.),.PIECEWISE_BEZIER_KNOTS.);
#6763 = CARTESIAN_POINT('',(-20.6,14.6,2.));
#6764 = CARTESIAN_POINT('',(-21.6,13.6,3.));
#6765 = ORIENTED_EDGE('',*,*,#6766,.T.);
#6766 = EDGE_CURVE('',#6760,#6767,#6769,.T.);
#6767 = VERTEX_POINT('',#6768);
#6768 = CARTESIAN_POINT('',(-14.6,14.6,2.));
#6769 = B_SPLINE_CURVE_WITH_KNOTS('',1,(#6770,#6771),.UNSPECIFIED.,.F.,
  .F.,(2,2),(0.,6.),.PIECEWISE_BEZIER_KNOTS.);
#6770 = CARTESIAN_POINT('',(-20.6,14.6,2.));
#6771 = CARTESIAN_POINT('',(-14.6,14.6,2.));
#6772 = ORIENTED_EDGE('',*,*,#6773,.T.);
#6773 = EDGE_CURVE('',#6767,#5072,#6774,.T.);
#6774 = B_SPLINE_CURVE_WITH_KNOTS('',1,(#6775,#6776),.UNSPECIFIED.,.F.,
  .F.,(2,2),(0.,1.),.PIECEWISE_BEZIER_KNOTS.);
#6775 = CARTESIAN_POINT('',(-14.6,14.6,2.));
#6776 = CARTESIAN_POINT('',(-13.6,13.6,3.));
#6777 = ORIENTED_EDGE('',*,*,#5071,.T.);
#6778 = B_SPLINE_SURFACE_WITH_KNOTS('',1,1,(
    (#6779,#6780)
    ,(#6781,#6782
    )),.UNSPECIFIED.,.F.,.F.,.F.,(2,2),(2,2),(0.,8.),(0.,1.),
  .PIECEWISE_BEZIER_KNOTS.);
#6779 = CARTESIAN_POINT('',(-20.6,14.6,2.));
#6780 = CARTESIAN_POINT('',(-21.6,13.6,3.));
#6781 = CARTESIAN_POINT('',(-14.6,14.6,2.));
#6782 = CARTESIAN_POINT('',(-13.6,13.6,3.));
#6783 = ADVANCED_FACE('',(#6784),#6800,.F.);
#6784 = FACE_BOUND('',#6785,.F.);
#6785 = EDGE_LOOP('',(#6786,#6787,#6794,#6799));
#6786 = ORIENTED_EDGE('',*,*,#6773,.F.);
#6787 = ORIENTED_EDGE('',*,*,#6788,.T.);
#6788 = EDGE_CURVE('',#6767,#6789,#6791,.T.);
#6789 = VERTEX_POINT('',#6790);
#6790 = CARTESIAN_POINT('',(-14.6,20.6,2.));
#6791 = B_SPLINE_CURVE_WITH_KNOTS('',1,(#6792,#6793),.UNSPECIFIED.,.F.,
  .F.,(2,2),(0.,6.),.PIECEWISE_BEZIER_KNOTS.);
#6792 = CARTESIAN_POINT('',(-14.6,14.6,2.));
#6793 = CARTESIAN_POINT('',(-14.6,20.6,2.));
#6794 = ORIENTED_EDGE('',*,*,#6795,.T.);
#6795 = EDGE_CURVE('',#6789,#5088,#6796,.T.);
#6796 = B_SPLINE_CURVE_WITH_KNOTS('',1,(#6797,#6798),.UNSPECIFIED.,.F.,
  .F.,(2,2),(0.,1.),.PIECEWISE_BEZIER_KNOTS.);
#6797 = CARTESIAN_POINT('',(-14.6,20.6,2.));
#6798 = CARTESIAN_POINT('',(-13.6,21.6,3.));
#6799 = ORIENTED_EDGE('',*,*,#5094,.T.);
#6800 = B_SPLINE_SURFACE_WITH_KNOTS('',1,1,(
    (#6801,#6802)
    ,(#6803,#6804
    )),.UNSPECIFIED.,.F.,.F.,.F.,(2,2),(2,2),(0.,8.),(0.,1.),
  .PIECEWISE_BEZIER_KNOTS.);
#6801 = CARTESIAN_POINT('',(-14.6,14.6,2.));
#6802 = CARTESIAN_POINT('',(-13.6,13.6,3.));
#6803 = CARTESIAN_POINT('',(-14.6,20.6,2.));
#6804 = CARTESIAN_POINT('',(-13.6,21.6,3.));
#6805 = ADVANCED_FACE('',(#6806),#6822,.F.);
#6806 = FACE_BOUND('',#6807,.F.);
#6807 = EDGE_LOOP('',(#6808,#6809,#6816,#6821));
#6808 = ORIENTED_EDGE('',*,*,#6795,.F.);
#6809 = ORIENTED_EDGE('',*,*,#6810,.T.);
#6810 = EDGE_CURVE('',#6789,#6811,#6813,.T.);
#6811 = VERTEX_POINT('',#6812);
#6812 = CARTESIAN_POINT('',(-20.6,20.6,2.));
#6813 = B_SPLINE_CURVE_WITH_KNOTS('',1,(#6814,#6815),.UNSPECIFIED.,.F.,
  .F.,(2,2),(0.,6.),.PIECEWISE_BEZIER_KNOTS.);
#6814 = CARTESIAN_POINT('',(-14.6,20.6,2.));
#6815 = CARTESIAN_POINT('',(-20.6,20.6,2.));
#6816 = ORIENTED_EDGE('',*,*,#6817,.T.);
#6817 = EDGE_CURVE('',#6811,#5081,#6818,.T.);
#6818 = B_SPLINE_CURVE_WITH_KNOTS('',1,(#6819,#6820),.UNSPECIFIED.,.F.,
  .F.,(2,2),(0.,1.),.PIECEWISE_BEZIER_KNOTS.);
#6819 = CARTESIAN_POINT('',(-20.6,20.6,2.));
#6820 = CARTESIAN_POINT('',(-21.6,21.6,3.));
#6821 = ORIENTED_EDGE('',*,*,#5087,.T.);
#6822 = B_SPLINE_SURFACE_WITH_KNOTS('',1,1,(
    (#6823,#6824)
    ,(#6825,#6826
    )),.UNSPECIFIED.,.F.,.F.,.F.,(2,2),(2,2),(0.,8.),(0.,1.),
  .PIECEWISE_BEZIER_KNOTS.);
#6823 = CARTESIAN_POINT('',(-14.6,20.6,2.));
#6824 = CARTESIAN_POINT('',(-13.6,21.6,3.));
#6825 = CARTESIAN_POINT('',(-20.6,20.6,2.));
#6826 = CARTESIAN_POINT('',(-21.6,21.6,3.));
#6827 = ADVANCED_FACE('',(#6828),#6838,.F.);
#6828 = FACE_BOUND('',#6829,.F.);
#6829 = EDGE_LOOP('',(#6830,#6831,#6836,#6837));
#6830 = ORIENTED_EDGE('',*,*,#6817,.F.);
#6831 = ORIENTED_EDGE('',*,*,#6832,.T.);
#6832 = EDGE_CURVE('',#6811,#6760,#6833,.T.);
#6833 = B_SPLINE_CURVE_WITH_KNOTS('',1,(#6834,#6835),.UNSPECIFIED.,.F.,
  .F.,(2,2),(0.,6.),.PIECEWISE_BEZIER_KNOTS.);
#6834 = CARTESIAN_POINT('',(-20.6,20.6,2.));
#6835 = CARTESIAN_POINT('',(-20.6,14.6,2.));
#6836 = ORIENTED_EDGE('',*,*,#6759,.T.);
#6837 = ORIENTED_EDGE('',*,*,#5080,.T.);
#6838 = B_SPLINE_SURFACE_WITH_KNOTS('',1,1,(
    (#6839,#6840)
    ,(#6841,#6842
    )),.UNSPECIFIED.,.F.,.F.,.F.,(2,2),(2,2),(0.,8.),(0.,1.),
  .PIECEWISE_BEZIER_KNOTS.);
#6839 = CARTESIAN_POINT('',(-20.6,20.6,2.));
#6840 = CARTESIAN_POINT('',(-21.6,21.6,3.));
#6841 = CARTESIAN_POINT('',(-20.6,14.6,2.));
#6842 = CARTESIAN_POINT('',(-21.6,13.6,3.));
#6843 = ADVANCED_FACE('',(#6844),#6866,.F.);
#6844 = FACE_BOUND('',#6845,.F.);
#6845 = EDGE_LOOP('',(#6846,#6853,#6860,#6865));
#6846 = ORIENTED_EDGE('',*,*,#6847,.F.);
#6847 = EDGE_CURVE('',#6848,#5116,#6850,.T.);
#6848 = VERTEX_POINT('',#6849);
#6849 = CARTESIAN_POINT('',(-11.8,14.6,2.));
#6850 = B_SPLINE_CURVE_WITH_KNOTS('',1,(#6851,#6852),.UNSPECIFIED.,.F.,
  .F.,(2,2),(0.,1.),.PIECEWISE_BEZIER_KNOTS.);
#6851 = CARTESIAN_POINT('',(-11.8,14.6,2.));
#6852 = CARTESIAN_POINT('',(-12.8,13.6,3.));
#6853 = ORIENTED_EDGE('',*,*,#6854,.T.);
#6854 = EDGE_CURVE('',#6848,#6855,#6857,.T.);
#6855 = VERTEX_POINT('',#6856);
#6856 = CARTESIAN_POINT('',(-5.8,14.6,2.));
#6857 = B_SPLINE_CURVE_WITH_KNOTS('',1,(#6858,#6859),.UNSPECIFIED.,.F.,
  .F.,(2,2),(0.,6.),.PIECEWISE_BEZIER_KNOTS.);
#6858 = CARTESIAN_POINT('',(-11.8,14.6,2.));
#6859 = CARTESIAN_POINT('',(-5.8,14.6,2.));
#6860 = ORIENTED_EDGE('',*,*,#6861,.T.);
#6861 = EDGE_CURVE('',#6855,#5114,#6862,.T.);
#6862 = B_SPLINE_CURVE_WITH_KNOTS('',1,(#6863,#6864),.UNSPECIFIED.,.F.,
  .F.,(2,2),(0.,1.),.PIECEWISE_BEZIER_KNOTS.);
#6863 = CARTESIAN_POINT('',(-5.8,14.6,2.));
#6864 = CARTESIAN_POINT('',(-4.8,13.6,3.));
#6865 = ORIENTED_EDGE('',*,*,#5113,.T.);
#6866 = B_SPLINE_SURFACE_WITH_KNOTS('',1,1,(
    (#6867,#6868)
    ,(#6869,#6870
    )),.UNSPECIFIED.,.F.,.F.,.F.,(2,2),(2,2),(0.,8.),(0.,1.),
  .PIECEWISE_BEZIER_KNOTS.);
#6867 = CARTESIAN_POINT('',(-11.8,14.6,2.));
#6868 = CARTESIAN_POINT('',(-12.8,13.6,3.));
#6869 = CARTESIAN_POINT('',(-5.8,14.6,2.));
#6870 = CARTESIAN_POINT('',(-4.8,13.6,3.));
#6871 = ADVANCED_FACE('',(#6872),#6888,.F.);
#6872 = FACE_BOUND('',#6873,.F.);
#6873 = EDGE_LOOP('',(#6874,#6875,#6882,#6887));
#6874 = ORIENTED_EDGE('',*,*,#6861,.F.);
#6875 = ORIENTED_EDGE('',*,*,#6876,.T.);
#6876 = EDGE_CURVE('',#6855,#6877,#6879,.T.);
#6877 = VERTEX_POINT('',#6878);
#6878 = CARTESIAN_POINT('',(-5.8,20.6,2.));
#6879 = B_SPLINE_CURVE_WITH_KNOTS('',1,(#6880,#6881),.UNSPECIFIED.,.F.,
  .F.,(2,2),(0.,6.),.PIECEWISE_BEZIER_KNOTS.);
#6880 = CARTESIAN_POINT('',(-5.8,14.6,2.));
#6881 = CARTESIAN_POINT('',(-5.8,20.6,2.));
#6882 = ORIENTED_EDGE('',*,*,#6883,.T.);
#6883 = EDGE_CURVE('',#6877,#5130,#6884,.T.);
#6884 = B_SPLINE_CURVE_WITH_KNOTS('',1,(#6885,#6886),.UNSPECIFIED.,.F.,
  .F.,(2,2),(0.,1.),.PIECEWISE_BEZIER_KNOTS.);
#6885 = CARTESIAN_POINT('',(-5.8,20.6,2.));
#6886 = CARTESIAN_POINT('',(-4.8,21.6,3.));
#6887 = ORIENTED_EDGE('',*,*,#5136,.T.);
#6888 = B_SPLINE_SURFACE_WITH_KNOTS('',1,1,(
    (#6889,#6890)
    ,(#6891,#6892
    )),.UNSPECIFIED.,.F.,.F.,.F.,(2,2),(2,2),(0.,8.),(0.,1.),
  .PIECEWISE_BEZIER_KNOTS.);
#6889 = CARTESIAN_POINT('',(-5.8,14.6,2.));
#6890 = CARTESIAN_POINT('',(-4.8,13.6,3.));
#6891 = CARTESIAN_POINT('',(-5.8,20.6,2.));
#6892 = CARTESIAN_POINT('',(-4.8,21.6,3.));
#6893 = ADVANCED_FACE('',(#6894),#6910,.F.);
#6894 = FACE_BOUND('',#6895,.F.);
#6895 = EDGE_LOOP('',(#6896,#6897,#6904,#6909));
#6896 = ORIENTED_EDGE('',*,*,#6883,.F.);
#6897 = ORIENTED_EDGE('',*,*,#6898,.T.);
#6898 = EDGE_CURVE('',#6877,#6899,#6901,.T.);
#6899 = VERTEX_POINT('',#6900);
#6900 = CARTESIAN_POINT('',(-11.8,20.6,2.));
#6901 = B_SPLINE_CURVE_WITH_KNOTS('',1,(#6902,#6903),.UNSPECIFIED.,.F.,
  .F.,(2,2),(0.,6.),.PIECEWISE_BEZIER_KNOTS.);
#6902 = CARTESIAN_POINT('',(-5.8,20.6,2.));
#6903 = CARTESIAN_POINT('',(-11.8,20.6,2.));
#6904 = ORIENTED_EDGE('',*,*,#6905,.T.);
#6905 = EDGE_CURVE('',#6899,#5123,#6906,.T.);
#6906 = B_SPLINE_CURVE_WITH_KNOTS('',1,(#6907,#6908),.UNSPECIFIED.,.F.,
  .F.,(2,2),(0.,1.),.PIECEWISE_BEZIER_KNOTS.);
#6907 = CARTESIAN_POINT('',(-11.8,20.6,2.));
#6908 = CARTESIAN_POINT('',(-12.8,21.6,3.));
#6909 = ORIENTED_EDGE('',*,*,#5129,.T.);
#6910 = B_SPLINE_SURFACE_WITH_KNOTS('',1,1,(
    (#6911,#6912)
    ,(#6913,#6914
    )),.UNSPECIFIED.,.F.,.F.,.F.,(2,2),(2,2),(0.,8.),(0.,1.),
  .PIECEWISE_BEZIER_KNOTS.);
#6911 = CARTESIAN_POINT('',(-5.8,20.6,2.));
#6912 = CARTESIAN_POINT('',(-4.8,21.6,3.));
#6913 = CARTESIAN_POINT('',(-11.8,20.6,2.));
#6914 = CARTESIAN_POINT('',(-12.8,21.6,3.));
#6915 = ADVANCED_FACE('',(#6916),#6926,.F.);
#6916 = FACE_BOUND('',#6917,.F.);
#6917 = EDGE_LOOP('',(#6918,#6919,#6924,#6925));
#6918 = ORIENTED_EDGE('',*,*,#6905,.F.);
#6919 = ORIENTED_EDGE('',*,*,#6920,.T.);
#6920 = EDGE_CURVE('',#6899,#6848,#6921,.T.);
#6921 = B_SPLINE_CURVE_WITH_KNOTS('',1,(#6922,#6923),.UNSPECIFIED.,.F.,
  .F.,(2,2),(0.,6.),.PIECEWISE_BEZIER_KNOTS.);
#6922 = CARTESIAN_POINT('',(-11.8,20.6,2.));
#6923 = CARTESIAN_POINT('',(-11.8,14.6,2.));
#6924 = ORIENTED_EDGE('',*,*,#6847,.T.);
#6925 = ORIENTED_EDGE('',*,*,#5122,.T.);
#6926 = B_SPLINE_SURFACE_WITH_KNOTS('',1,1,(
    (#6927,#6928)
    ,(#6929,#6930
    )),.UNSPECIFIED.,.F.,.F.,.F.,(2,2),(2,2),(0.,8.),(0.,1.),
  .PIECEWISE_BEZIER_KNOTS.);
#6927 = CARTESIAN_POINT('',(-11.8,20.6,2.));
#6928 = CARTESIAN_POINT('',(-12.8,21.6,3.));
#6929 = CARTESIAN_POINT('',(-11.8,14.6,2.));
#6930 = CARTESIAN_POINT('',(-12.8,13.6,3.));
#6931 = ADVANCED_FACE('',(#6932),#6954,.F.);
#6932 = FACE_BOUND('',#6933,.F.);
#6933 = EDGE_LOOP('',(#6934,#6941,#6948,#6953));
#6934 = ORIENTED_EDGE('',*,*,#6935,.F.);
#6935 = EDGE_CURVE('',#6936,#5158,#6938,.T.);
#6936 = VERTEX_POINT('',#6937);
#6937 = CARTESIAN_POINT('',(-3.,-3.,2.));
#6938 = B_SPLINE_CURVE_WITH_KNOTS('',1,(#6939,#6940),.UNSPECIFIED.,.F.,
  .F.,(2,2),(0.,1.),.PIECEWISE_BEZIER_KNOTS.);
#6939 = CARTESIAN_POINT('',(-3.,-3.,2.));
#6940 = CARTESIAN_POINT('',(-4.,-4.,3.));
#6941 = ORIENTED_EDGE('',*,*,#6942,.T.);
#6942 = EDGE_CURVE('',#6936,#6943,#6945,.T.);
#6943 = VERTEX_POINT('',#6944);
#6944 = CARTESIAN_POINT('',(3.,-3.,2.));
#6945 = B_SPLINE_CURVE_WITH_KNOTS('',1,(#6946,#6947),.UNSPECIFIED.,.F.,
  .F.,(2,2),(0.,6.),.PIECEWISE_BEZIER_KNOTS.);
#6946 = CARTESIAN_POINT('',(-3.,-3.,2.));
#6947 = CARTESIAN_POINT('',(3.,-3.,2.));
#6948 = ORIENTED_EDGE('',*,*,#6949,.T.);
#6949 = EDGE_CURVE('',#6943,#5156,#6950,.T.);
#6950 = B_SPLINE_CURVE_WITH_KNOTS('',1,(#6951,#6952),.UNSPECIFIED.,.F.,
  .F.,(2,2),(0.,1.),.PIECEWISE_BEZIER_KNOTS.);
#6951 = CARTESIAN_POINT('',(3.,-3.,2.));
#6952 = CARTESIAN_POINT('',(4.,-4.,3.));
#6953 = ORIENTED_EDGE('',*,*,#5155,.T.);
#6954 = B_SPLINE_SURFACE_WITH_KNOTS('',1,1,(
    (#6955,#6956)
    ,(#6957,#6958
    )),.UNSPECIFIED.,.F.,.F.,.F.,(2,2),(2,2),(0.,8.),(0.,1.),
  .PIECEWISE_BEZIER_KNOTS.);
#6955 = CARTESIAN_POINT('',(-3.,-3.,2.));
#6956 = CARTESIAN_POINT('',(-4.,-4.,3.));
#6957 = CARTESIAN_POINT('',(3.,-3.,2.));
#6958 = CARTESIAN_POINT('',(4.,-4.,3.));
#6959 = ADVANCED_FACE('',(#6960),#6976,.F.);
#6960 = FACE_BOUND('',#6961,.F.);
#6961 = EDGE_LOOP('',(#6962,#6963,#6970,#6975));
#6962 = ORIENTED_EDGE('',*,*,#6949,.F.);
#6963 = ORIENTED_EDGE('',*,*,#6964,.T.);
#6964 = EDGE_CURVE('',#6943,#6965,#6967,.T.);
#6965 = VERTEX_POINT('',#6966);
#6966 = CARTESIAN_POINT('',(3.,3.,2.));
#6967 = B_SPLINE_CURVE_WITH_KNOTS('',1,(#6968,#6969),.UNSPECIFIED.,.F.,
  .F.,(2,2),(0.,6.),.PIECEWISE_BEZIER_KNOTS.);
#6968 = CARTESIAN_POINT('',(3.,-3.,2.));
#6969 = CARTESIAN_POINT('',(3.,3.,2.));
#6970 = ORIENTED_EDGE('',*,*,#6971,.T.);
#6971 = EDGE_CURVE('',#6965,#5172,#6972,.T.);
#6972 = B_SPLINE_CURVE_WITH_KNOTS('',1,(#6973,#6974),.UNSPECIFIED.,.F.,
  .F.,(2,2),(0.,1.),.PIECEWISE_BEZIER_KNOTS.);
#6973 = CARTESIAN_POINT('',(3.,3.,2.));
#6974 = CARTESIAN_POINT('',(4.,4.,3.));
#6975 = ORIENTED_EDGE('',*,*,#5178,.T.);
#6976 = B_SPLINE_SURFACE_WITH_KNOTS('',1,1,(
    (#6977,#6978)
    ,(#6979,#6980
    )),.UNSPECIFIED.,.F.,.F.,.F.,(2,2),(2,2),(0.,8.),(0.,1.),
  .PIECEWISE_BEZIER_KNOTS.);
#6977 = CARTESIAN_POINT('',(3.,-3.,2.));
#6978 = CARTESIAN_POINT('',(4.,-4.,3.));
#6979 = CARTESIAN_POINT('',(3.,3.,2.));
#6980 = CARTESIAN_POINT('',(4.,4.,3.));
#6981 = ADVANCED_FACE('',(#6982),#6998,.F.);
#6982 = FACE_BOUND('',#6983,.F.);
#6983 = EDGE_LOOP('',(#6984,#6985,#6992,#6997));
#6984 = ORIENTED_EDGE('',*,*,#6971,.F.);
#6985 = ORIENTED_EDGE('',*,*,#6986,.T.);
#6986 = EDGE_CURVE('',#6965,#6987,#6989,.T.);
#6987 = VERTEX_POINT('',#6988);
#6988 = CARTESIAN_POINT('',(-3.,3.,2.));
#6989 = B_SPLINE_CURVE_WITH_KNOTS('',1,(#6990,#6991),.UNSPECIFIED.,.F.,
  .F.,(2,2),(0.,6.),.PIECEWISE_BEZIER_KNOTS.);
#6990 = CARTESIAN_POINT('',(3.,3.,2.));
#6991 = CARTESIAN_POINT('',(-3.,3.,2.));
#6992 = ORIENTED_EDGE('',*,*,#6993,.T.);
#6993 = EDGE_CURVE('',#6987,#5165,#6994,.T.);
#6994 = B_SPLINE_CURVE_WITH_KNOTS('',1,(#6995,#6996),.UNSPECIFIED.,.F.,
  .F.,(2,2),(0.,1.),.PIECEWISE_BEZIER_KNOTS.);
#6995 = CARTESIAN_POINT('',(-3.,3.,2.));
#6996 = CARTESIAN_POINT('',(-4.,4.,3.));
#6997 = ORIENTED_EDGE('',*,*,#5171,.T.);
#6998 = B_SPLINE_SURFACE_WITH_KNOTS('',1,1,(
    (#6999,#7000)
    ,(#7001,#7002
    )),.UNSPECIFIED.,.F.,.F.,.F.,(2,2),(2,2),(0.,8.),(0.,1.),
  .PIECEWISE_BEZIER_KNOTS.);
#6999 = CARTESIAN_POINT('',(3.,3.,2.));
#7000 = CARTESIAN_POINT('',(4.,4.,3.));
#7001 = CARTESIAN_POINT('',(-3.,3.,2.));
#7002 = CARTESIAN_POINT('',(-4.,4.,3.));
#7003 = ADVANCED_FACE('',(#7004),#7014,.F.);
#7004 = FACE_BOUND('',#7005,.F.);
#7005 = EDGE_LOOP('',(#7006,#7007,#7012,#7013));
#7006 = ORIENTED_EDGE('',*,*,#6993,.F.);
#7007 = ORIENTED_EDGE('',*,*,#7008,.T.);
#7008 = EDGE_CURVE('',#6987,#6936,#7009,.T.);
#7009 = B_SPLINE_CURVE_WITH_KNOTS('',1,(#7010,#7011),.UNSPECIFIED.,.F.,
  .F.,(2,2),(0.,6.),.PIECEWISE_BEZIER_KNOTS.);
#7010 = CARTESIAN_POINT('',(-3.,3.,2.));
#7011 = CARTESIAN_POINT('',(-3.,-3.,2.));
#7012 = ORIENTED_EDGE('',*,*,#6935,.T.);
#7013 = ORIENTED_EDGE('',*,*,#5164,.T.);
#7014 = B_SPLINE_SURFACE_WITH_KNOTS('',1,1,(
    (#7015,#7016)
    ,(#7017,#7018
    )),.UNSPECIFIED.,.F.,.F.,.F.,(2,2),(2,2),(0.,8.),(0.,1.),
  .PIECEWISE_BEZIER_KNOTS.);
#7015 = CARTESIAN_POINT('',(-3.,3.,2.));
#7016 = CARTESIAN_POINT('',(-4.,4.,3.));
#7017 = CARTESIAN_POINT('',(-3.,-3.,2.));
#7018 = CARTESIAN_POINT('',(-4.,-4.,3.));
#7019 = ADVANCED_FACE('',(#7020),#7042,.F.);
#7020 = FACE_BOUND('',#7021,.F.);
#7021 = EDGE_LOOP('',(#7022,#7029,#7036,#7041));
#7022 = ORIENTED_EDGE('',*,*,#7023,.F.);
#7023 = EDGE_CURVE('',#7024,#5200,#7026,.T.);
#7024 = VERTEX_POINT('',#7025);
#7025 = CARTESIAN_POINT('',(5.8,-3.,2.));
#7026 = B_SPLINE_CURVE_WITH_KNOTS('',1,(#7027,#7028),.UNSPECIFIED.,.F.,
  .F.,(2,2),(0.,1.),.PIECEWISE_BEZIER_KNOTS.);
#7027 = CARTESIAN_POINT('',(5.8,-3.,2.));
#7028 = CARTESIAN_POINT('',(4.8,-4.,3.));
#7029 = ORIENTED_EDGE('',*,*,#7030,.T.);
#7030 = EDGE_CURVE('',#7024,#7031,#7033,.T.);
#7031 = VERTEX_POINT('',#7032);
#7032 = CARTESIAN_POINT('',(11.8,-3.,2.));
#7033 = B_SPLINE_CURVE_WITH_KNOTS('',1,(#7034,#7035),.UNSPECIFIED.,.F.,
  .F.,(2,2),(0.,6.),.PIECEWISE_BEZIER_KNOTS.);
#7034 = CARTESIAN_POINT('',(5.8,-3.,2.));
#7035 = CARTESIAN_POINT('',(11.8,-3.,2.));
#7036 = ORIENTED_EDGE('',*,*,#7037,.T.);
#7037 = EDGE_CURVE('',#7031,#5198,#7038,.T.);
#7038 = B_SPLINE_CURVE_WITH_KNOTS('',1,(#7039,#7040),.UNSPECIFIED.,.F.,
  .F.,(2,2),(0.,1.),.PIECEWISE_BEZIER_KNOTS.);
#7039 = CARTESIAN_POINT('',(11.8,-3.,2.));
#7040 = CARTESIAN_POINT('',(12.8,-4.,3.));
#7041 = ORIENTED_EDGE('',*,*,#5197,.T.);
#7042 = B_SPLINE_SURFACE_WITH_KNOTS('',1,1,(
    (#7043,#7044)
    ,(#7045,#7046
    )),.UNSPECIFIED.,.F.,.F.,.F.,(2,2),(2,2),(0.,8.),(0.,1.),
  .PIECEWISE_BEZIER_KNOTS.);
#7043 = CARTESIAN_POINT('',(5.8,-3.,2.));
#7044 = CARTESIAN_POINT('',(4.8,-4.,3.));
#7045 = CARTESIAN_POINT('',(11.8,-3.,2.));
#7046 = CARTESIAN_POINT('',(12.8,-4.,3.));
#7047 = ADVANCED_FACE('',(#7048),#7064,.F.);
#7048 = FACE_BOUND('',#7049,.F.);
#7049 = EDGE_LOOP('',(#7050,#7051,#7058,#7063));
#7050 = ORIENTED_EDGE('',*,*,#7037,.F.);
#7051 = ORIENTED_EDGE('',*,*,#7052,.T.);
#7052 = EDGE_CURVE('',#7031,#7053,#7055,.T.);
#7053 = VERTEX_POINT('',#7054);
#7054 = CARTESIAN_POINT('',(11.8,3.,2.));
#7055 = B_SPLINE_CURVE_WITH_KNOTS('',1,(#7056,#7057),.UNSPECIFIED.,.F.,
  .F.,(2,2),(0.,6.),.PIECEWISE_BEZIER_KNOTS.);
#7056 = CARTESIAN_POINT('',(11.8,-3.,2.));
#7057 = CARTESIAN_POINT('',(11.8,3.,2.));
#7058 = ORIENTED_EDGE('',*,*,#7059,.T.);
#7059 = EDGE_CURVE('',#7053,#5214,#7060,.T.);
#7060 = B_SPLINE_CURVE_WITH_KNOTS('',1,(#7061,#7062),.UNSPECIFIED.,.F.,
  .F.,(2,2),(0.,1.),.PIECEWISE_BEZIER_KNOTS.);
#7061 = CARTESIAN_POINT('',(11.8,3.,2.));
#7062 = CARTESIAN_POINT('',(12.8,4.,3.));
#7063 = ORIENTED_EDGE('',*,*,#5220,.T.);
#7064 = B_SPLINE_SURFACE_WITH_KNOTS('',1,1,(
    (#7065,#7066)
    ,(#7067,#7068
    )),.UNSPECIFIED.,.F.,.F.,.F.,(2,2),(2,2),(0.,8.),(0.,1.),
  .PIECEWISE_BEZIER_KNOTS.);
#7065 = CARTESIAN_POINT('',(11.8,-3.,2.));
#7066 = CARTESIAN_POINT('',(12.8,-4.,3.));
#7067 = CARTESIAN_POINT('',(11.8,3.,2.));
#7068 = CARTESIAN_POINT('',(12.8,4.,3.));
#7069 = ADVANCED_FACE('',(#7070),#7086,.F.);
#7070 = FACE_BOUND('',#7071,.F.);
#7071 = EDGE_LOOP('',(#7072,#7073,#7080,#7085));
#7072 = ORIENTED_EDGE('',*,*,#7059,.F.);
#7073 = ORIENTED_EDGE('',*,*,#7074,.T.);
#7074 = EDGE_CURVE('',#7053,#7075,#7077,.T.);
#7075 = VERTEX_POINT('',#7076);
#7076 = CARTESIAN_POINT('',(5.8,3.,2.));
#7077 = B_SPLINE_CURVE_WITH_KNOTS('',1,(#7078,#7079),.UNSPECIFIED.,.F.,
  .F.,(2,2),(0.,6.),.PIECEWISE_BEZIER_KNOTS.);
#7078 = CARTESIAN_POINT('',(11.8,3.,2.));
#7079 = CARTESIAN_POINT('',(5.8,3.,2.));
#7080 = ORIENTED_EDGE('',*,*,#7081,.T.);
#7081 = EDGE_CURVE('',#7075,#5207,#7082,.T.);
#7082 = B_SPLINE_CURVE_WITH_KNOTS('',1,(#7083,#7084),.UNSPECIFIED.,.F.,
  .F.,(2,2),(0.,1.),.PIECEWISE_BEZIER_KNOTS.);
#7083 = CARTESIAN_POINT('',(5.8,3.,2.));
#7084 = CARTESIAN_POINT('',(4.8,4.,3.));
#7085 = ORIENTED_EDGE('',*,*,#5213,.T.);
#7086 = B_SPLINE_SURFACE_WITH_KNOTS('',1,1,(
    (#7087,#7088)
    ,(#7089,#7090
    )),.UNSPECIFIED.,.F.,.F.,.F.,(2,2),(2,2),(0.,8.),(0.,1.),
  .PIECEWISE_BEZIER_KNOTS.);
#7087 = CARTESIAN_POINT('',(11.8,3.,2.));
#7088 = CARTESIAN_POINT('',(12.8,4.,3.));
#7089 = CARTESIAN_POINT('',(5.8,3.,2.));
#7090 = CARTESIAN_POINT('',(4.8,4.,3.));
#7091 = ADVANCED_FACE('',(#7092),#7102,.F.);
#7092 = FACE_BOUND('',#7093,.F.);
#7093 = EDGE_LOOP('',(#7094,#7095,#7100,#7101));
#7094 = ORIENTED_EDGE('',*,*,#7081,.F.);
#7095 = ORIENTED_EDGE('',*,*,#7096,.T.);
#7096 = EDGE_CURVE('',#7075,#7024,#7097,.T.);
#7097 = B_SPLINE_CURVE_WITH_KNOTS('',1,(#7098,#7099),.UNSPECIFIED.,.F.,
  .F.,(2,2),(0.,6.),.PIECEWISE_BEZIER_KNOTS.);
#7098 = CARTESIAN_POINT('',(5.8,3.,2.));
#7099 = CARTESIAN_POINT('',(5.8,-3.,2.));
#7100 = ORIENTED_EDGE('',*,*,#7023,.T.);
#7101 = ORIENTED_EDGE('',*,*,#5206,.T.);
#7102 = B_SPLINE_SURFACE_WITH_KNOTS('',1,1,(
    (#7103,#7104)
    ,(#7105,#7106
    )),.UNSPECIFIED.,.F.,.F.,.F.,(2,2),(2,2),(0.,8.),(0.,1.),
  .PIECEWISE_BEZIER_KNOTS.);
#7103 = CARTESIAN_POINT('',(5.8,3.,2.));
#7104 = CARTESIAN_POINT('',(4.8,4.,3.));
#7105 = CARTESIAN_POINT('',(5.8,-3.,2.));
#7106 = CARTESIAN_POINT('',(4.8,-4.,3.));
#7107 = ADVANCED_FACE('',(#7108),#7130,.F.);
#7108 = FACE_BOUND('',#7109,.F.);
#7109 = EDGE_LOOP('',(#7110,#7117,#7124,#7129));
#7110 = ORIENTED_EDGE('',*,*,#7111,.F.);
#7111 = EDGE_CURVE('',#7112,#5242,#7114,.T.);
#7112 = VERTEX_POINT('',#7113);
#7113 = CARTESIAN_POINT('',(-3.,5.8,2.));
#7114 = B_SPLINE_CURVE_WITH_KNOTS('',1,(#7115,#7116),.UNSPECIFIED.,.F.,
  .F.,(2,2),(0.,1.),.PIECEWISE_BEZIER_KNOTS.);
#7115 = CARTESIAN_POINT('',(-3.,5.8,2.));
#7116 = CARTESIAN_POINT('',(-4.,4.8,3.));
#7117 = ORIENTED_EDGE('',*,*,#7118,.T.);
#7118 = EDGE_CURVE('',#7112,#7119,#7121,.T.);
#7119 = VERTEX_POINT('',#7120);
#7120 = CARTESIAN_POINT('',(3.,5.8,2.));
#7121 = B_SPLINE_CURVE_WITH_KNOTS('',1,(#7122,#7123),.UNSPECIFIED.,.F.,
  .F.,(2,2),(0.,6.),.PIECEWISE_BEZIER_KNOTS.);
#7122 = CARTESIAN_POINT('',(-3.,5.8,2.));
#7123 = CARTESIAN_POINT('',(3.,5.8,2.));
#7124 = ORIENTED_EDGE('',*,*,#7125,.T.);
#7125 = EDGE_CURVE('',#7119,#5240,#7126,.T.);
#7126 = B_SPLINE_CURVE_WITH_KNOTS('',1,(#7127,#7128),.UNSPECIFIED.,.F.,
  .F.,(2,2),(0.,1.),.PIECEWISE_BEZIER_KNOTS.);
#7127 = CARTESIAN_POINT('',(3.,5.8,2.));
#7128 = CARTESIAN_POINT('',(4.,4.8,3.));
#7129 = ORIENTED_EDGE('',*,*,#5239,.T.);
#7130 = B_SPLINE_SURFACE_WITH_KNOTS('',1,1,(
    (#7131,#7132)
    ,(#7133,#7134
    )),.UNSPECIFIED.,.F.,.F.,.F.,(2,2),(2,2),(0.,8.),(0.,1.),
  .PIECEWISE_BEZIER_KNOTS.);
#7131 = CARTESIAN_POINT('',(-3.,5.8,2.));
#7132 = CARTESIAN_POINT('',(-4.,4.8,3.));
#7133 = CARTESIAN_POINT('',(3.,5.8,2.));
#7134 = CARTESIAN_POINT('',(4.,4.8,3.));
#7135 = ADVANCED_FACE('',(#7136),#7152,.F.);
#7136 = FACE_BOUND('',#7137,.F.);
#7137 = EDGE_LOOP('',(#7138,#7139,#7146,#7151));
#7138 = ORIENTED_EDGE('',*,*,#7125,.F.);
#7139 = ORIENTED_EDGE('',*,*,#7140,.T.);
#7140 = EDGE_CURVE('',#7119,#7141,#7143,.T.);
#7141 = VERTEX_POINT('',#7142);
#7142 = CARTESIAN_POINT('',(3.,11.8,2.));
#7143 = B_SPLINE_CURVE_WITH_KNOTS('',1,(#7144,#7145),.UNSPECIFIED.,.F.,
  .F.,(2,2),(0.,6.),.PIECEWISE_BEZIER_KNOTS.);
#7144 = CARTESIAN_POINT('',(3.,5.8,2.));
#7145 = CARTESIAN_POINT('',(3.,11.8,2.));
#7146 = ORIENTED_EDGE('',*,*,#7147,.T.);
#7147 = EDGE_CURVE('',#7141,#5256,#7148,.T.);
#7148 = B_SPLINE_CURVE_WITH_KNOTS('',1,(#7149,#7150),.UNSPECIFIED.,.F.,
  .F.,(2,2),(0.,1.),.PIECEWISE_BEZIER_KNOTS.);
#7149 = CARTESIAN_POINT('',(3.,11.8,2.));
#7150 = CARTESIAN_POINT('',(4.,12.8,3.));
#7151 = ORIENTED_EDGE('',*,*,#5262,.T.);
#7152 = B_SPLINE_SURFACE_WITH_KNOTS('',1,1,(
    (#7153,#7154)
    ,(#7155,#7156
    )),.UNSPECIFIED.,.F.,.F.,.F.,(2,2),(2,2),(0.,8.),(0.,1.),
  .PIECEWISE_BEZIER_KNOTS.);
#7153 = CARTESIAN_POINT('',(3.,5.8,2.));
#7154 = CARTESIAN_POINT('',(4.,4.8,3.));
#7155 = CARTESIAN_POINT('',(3.,11.8,2.));
#7156 = CARTESIAN_POINT('',(4.,12.8,3.));
#7157 = ADVANCED_FACE('',(#7158),#7174,.F.);
#7158 = FACE_BOUND('',#7159,.F.);
#7159 = EDGE_LOOP('',(#7160,#7161,#7168,#7173));
#7160 = ORIENTED_EDGE('',*,*,#7147,.F.);
#7161 = ORIENTED_EDGE('',*,*,#7162,.T.);
#7162 = EDGE_CURVE('',#7141,#7163,#7165,.T.);
#7163 = VERTEX_POINT('',#7164);
#7164 = CARTESIAN_POINT('',(-3.,11.8,2.));
#7165 = B_SPLINE_CURVE_WITH_KNOTS('',1,(#7166,#7167),.UNSPECIFIED.,.F.,
  .F.,(2,2),(0.,6.),.PIECEWISE_BEZIER_KNOTS.);
#7166 = CARTESIAN_POINT('',(3.,11.8,2.));
#7167 = CARTESIAN_POINT('',(-3.,11.8,2.));
#7168 = ORIENTED_EDGE('',*,*,#7169,.T.);
#7169 = EDGE_CURVE('',#7163,#5249,#7170,.T.);
#7170 = B_SPLINE_CURVE_WITH_KNOTS('',1,(#7171,#7172),.UNSPECIFIED.,.F.,
  .F.,(2,2),(0.,1.),.PIECEWISE_BEZIER_KNOTS.);
#7171 = CARTESIAN_POINT('',(-3.,11.8,2.));
#7172 = CARTESIAN_POINT('',(-4.,12.8,3.));
#7173 = ORIENTED_EDGE('',*,*,#5255,.T.);
#7174 = B_SPLINE_SURFACE_WITH_KNOTS('',1,1,(
    (#7175,#7176)
    ,(#7177,#7178
    )),.UNSPECIFIED.,.F.,.F.,.F.,(2,2),(2,2),(0.,8.),(0.,1.),
  .PIECEWISE_BEZIER_KNOTS.);
#7175 = CARTESIAN_POINT('',(3.,11.8,2.));
#7176 = CARTESIAN_POINT('',(4.,12.8,3.));
#7177 = CARTESIAN_POINT('',(-3.,11.8,2.));
#7178 = CARTESIAN_POINT('',(-4.,12.8,3.));
#7179 = ADVANCED_FACE('',(#7180),#7190,.F.);
#7180 = FACE_BOUND('',#7181,.F.);
#7181 = EDGE_LOOP('',(#7182,#7183,#7188,#7189));
#7182 = ORIENTED_EDGE('',*,*,#7169,.F.);
#7183 = ORIENTED_EDGE('',*,*,#7184,.T.);
#7184 = EDGE_CURVE('',#7163,#7112,#7185,.T.);
#7185 = B_SPLINE_CURVE_WITH_KNOTS('',1,(#7186,#7187),.UNSPECIFIED.,.F.,
  .F.,(2,2),(0.,6.),.PIECEWISE_BEZIER_KNOTS.);
#7186 = CARTESIAN_POINT('',(-3.,11.8,2.));
#7187 = CARTESIAN_POINT('',(-3.,5.8,2.));
#7188 = ORIENTED_EDGE('',*,*,#7111,.T.);
#7189 = ORIENTED_EDGE('',*,*,#5248,.T.);
#7190 = B_SPLINE_SURFACE_WITH_KNOTS('',1,1,(
    (#7191,#7192)
    ,(#7193,#7194
    )),.UNSPECIFIED.,.F.,.F.,.F.,(2,2),(2,2),(0.,8.),(0.,1.),
  .PIECEWISE_BEZIER_KNOTS.);
#7191 = CARTESIAN_POINT('',(-3.,11.8,2.));
#7192 = CARTESIAN_POINT('',(-4.,12.8,3.));
#7193 = CARTESIAN_POINT('',(-3.,5.8,2.));
#7194 = CARTESIAN_POINT('',(-4.,4.8,3.));
#7195 = ADVANCED_FACE('',(#7196),#7218,.F.);
#7196 = FACE_BOUND('',#7197,.F.);
#7197 = EDGE_LOOP('',(#7198,#7205,#7212,#7217));
#7198 = ORIENTED_EDGE('',*,*,#7199,.F.);
#7199 = EDGE_CURVE('',#7200,#5284,#7202,.T.);
#7200 = VERTEX_POINT('',#7201);
#7201 = CARTESIAN_POINT('',(5.8,5.8,2.));
#7202 = B_SPLINE_CURVE_WITH_KNOTS('',1,(#7203,#7204),.UNSPECIFIED.,.F.,
  .F.,(2,2),(0.,1.),.PIECEWISE_BEZIER_KNOTS.);
#7203 = CARTESIAN_POINT('',(5.8,5.8,2.));
#7204 = CARTESIAN_POINT('',(4.8,4.8,3.));
#7205 = ORIENTED_EDGE('',*,*,#7206,.T.);
#7206 = EDGE_CURVE('',#7200,#7207,#7209,.T.);
#7207 = VERTEX_POINT('',#7208);
#7208 = CARTESIAN_POINT('',(11.8,5.8,2.));
#7209 = B_SPLINE_CURVE_WITH_KNOTS('',1,(#7210,#7211),.UNSPECIFIED.,.F.,
  .F.,(2,2),(0.,6.),.PIECEWISE_BEZIER_KNOTS.);
#7210 = CARTESIAN_POINT('',(5.8,5.8,2.));
#7211 = CARTESIAN_POINT('',(11.8,5.8,2.));
#7212 = ORIENTED_EDGE('',*,*,#7213,.T.);
#7213 = EDGE_CURVE('',#7207,#5282,#7214,.T.);
#7214 = B_SPLINE_CURVE_WITH_KNOTS('',1,(#7215,#7216),.UNSPECIFIED.,.F.,
  .F.,(2,2),(0.,1.),.PIECEWISE_BEZIER_KNOTS.);
#7215 = CARTESIAN_POINT('',(11.8,5.8,2.));
#7216 = CARTESIAN_POINT('',(12.8,4.8,3.));
#7217 = ORIENTED_EDGE('',*,*,#5281,.T.);
#7218 = B_SPLINE_SURFACE_WITH_KNOTS('',1,1,(
    (#7219,#7220)
    ,(#7221,#7222
    )),.UNSPECIFIED.,.F.,.F.,.F.,(2,2),(2,2),(0.,8.),(0.,1.),
  .PIECEWISE_BEZIER_KNOTS.);
#7219 = CARTESIAN_POINT('',(5.8,5.8,2.));
#7220 = CARTESIAN_POINT('',(4.8,4.8,3.));
#7221 = CARTESIAN_POINT('',(11.8,5.8,2.));
#7222 = CARTESIAN_POINT('',(12.8,4.8,3.));
#7223 = ADVANCED_FACE('',(#7224),#7240,.F.);
#7224 = FACE_BOUND('',#7225,.F.);
#7225 = EDGE_LOOP('',(#7226,#7227,#7234,#7239));
#7226 = ORIENTED_EDGE('',*,*,#7213,.F.);
#7227 = ORIENTED_EDGE('',*,*,#7228,.T.);
#7228 = EDGE_CURVE('',#7207,#7229,#7231,.T.);
#7229 = VERTEX_POINT('',#7230);
#7230 = CARTESIAN_POINT('',(11.8,11.8,2.));
#7231 = B_SPLINE_CURVE_WITH_KNOTS('',1,(#7232,#7233),.UNSPECIFIED.,.F.,
  .F.,(2,2),(0.,6.),.PIECEWISE_BEZIER_KNOTS.);
#7232 = CARTESIAN_POINT('',(11.8,5.8,2.));
#7233 = CARTESIAN_POINT('',(11.8,11.8,2.));
#7234 = ORIENTED_EDGE('',*,*,#7235,.T.);
#7235 = EDGE_CURVE('',#7229,#5298,#7236,.T.);
#7236 = B_SPLINE_CURVE_WITH_KNOTS('',1,(#7237,#7238),.UNSPECIFIED.,.F.,
  .F.,(2,2),(0.,1.),.PIECEWISE_BEZIER_KNOTS.);
#7237 = CARTESIAN_POINT('',(11.8,11.8,2.));
#7238 = CARTESIAN_POINT('',(12.8,12.8,3.));
#7239 = ORIENTED_EDGE('',*,*,#5304,.T.);
#7240 = B_SPLINE_SURFACE_WITH_KNOTS('',1,1,(
    (#7241,#7242)
    ,(#7243,#7244
    )),.UNSPECIFIED.,.F.,.F.,.F.,(2,2),(2,2),(0.,8.),(0.,1.),
  .PIECEWISE_BEZIER_KNOTS.);
#7241 = CARTESIAN_POINT('',(11.8,5.8,2.));
#7242 = CARTESIAN_POINT('',(12.8,4.8,3.));
#7243 = CARTESIAN_POINT('',(11.8,11.8,2.));
#7244 = CARTESIAN_POINT('',(12.8,12.8,3.));
#7245 = ADVANCED_FACE('',(#7246),#7262,.F.);
#7246 = FACE_BOUND('',#7247,.F.);
#7247 = EDGE_LOOP('',(#7248,#7249,#7256,#7261));
#7248 = ORIENTED_EDGE('',*,*,#7235,.F.);
#7249 = ORIENTED_EDGE('',*,*,#7250,.T.);
#7250 = EDGE_CURVE('',#7229,#7251,#7253,.T.);
#7251 = VERTEX_POINT('',#7252);
#7252 = CARTESIAN_POINT('',(5.8,11.8,2.));
#7253 = B_SPLINE_CURVE_WITH_KNOTS('',1,(#7254,#7255),.UNSPECIFIED.,.F.,
  .F.,(2,2),(0.,6.),.PIECEWISE_BEZIER_KNOTS.);
#7254 = CARTESIAN_POINT('',(11.8,11.8,2.));
#7255 = CARTESIAN_POINT('',(5.8,11.8,2.));
#7256 = ORIENTED_EDGE('',*,*,#7257,.T.);
#7257 = EDGE_CURVE('',#7251,#5291,#7258,.T.);
#7258 = B_SPLINE_CURVE_WITH_KNOTS('',1,(#7259,#7260),.UNSPECIFIED.,.F.,
  .F.,(2,2),(0.,1.),.PIECEWISE_BEZIER_KNOTS.);
#7259 = CARTESIAN_POINT('',(5.8,11.8,2.));
#7260 = CARTESIAN_POINT('',(4.8,12.8,3.));
#7261 = ORIENTED_EDGE('',*,*,#5297,.T.);
#7262 = B_SPLINE_SURFACE_WITH_KNOTS('',1,1,(
    (#7263,#7264)
    ,(#7265,#7266
    )),.UNSPECIFIED.,.F.,.F.,.F.,(2,2),(2,2),(0.,8.),(0.,1.),
  .PIECEWISE_BEZIER_KNOTS.);
#7263 = CARTESIAN_POINT('',(11.8,11.8,2.));
#7264 = CARTESIAN_POINT('',(12.8,12.8,3.));
#7265 = CARTESIAN_POINT('',(5.8,11.8,2.));
#7266 = CARTESIAN_POINT('',(4.8,12.8,3.));
#7267 = ADVANCED_FACE('',(#7268),#7278,.F.);
#7268 = FACE_BOUND('',#7269,.F.);
#7269 = EDGE_LOOP('',(#7270,#7271,#7276,#7277));
#7270 = ORIENTED_EDGE('',*,*,#7257,.F.);
#7271 = ORIENTED_EDGE('',*,*,#7272,.T.);
#7272 = EDGE_CURVE('',#7251,#7200,#7273,.T.);
#7273 = B_SPLINE_CURVE_WITH_KNOTS('',1,(#7274,#7275),.UNSPECIFIED.,.F.,
  .F.,(2,2),(0.,6.),.PIECEWISE_BEZIER_KNOTS.);
#7274 = CARTESIAN_POINT('',(5.8,11.8,2.));
#7275 = CARTESIAN_POINT('',(5.8,5.8,2.));
#7276 = ORIENTED_EDGE('',*,*,#7199,.T.);
#7277 = ORIENTED_EDGE('',*,*,#5290,.T.);
#7278 = B_SPLINE_SURFACE_WITH_KNOTS('',1,1,(
    (#7279,#7280)
    ,(#7281,#7282
    )),.UNSPECIFIED.,.F.,.F.,.F.,(2,2),(2,2),(0.,8.),(0.,1.),
  .PIECEWISE_BEZIER_KNOTS.);
#7279 = CARTESIAN_POINT('',(5.8,11.8,2.));
#7280 = CARTESIAN_POINT('',(4.8,12.8,3.));
#7281 = CARTESIAN_POINT('',(5.8,5.8,2.));
#7282 = CARTESIAN_POINT('',(4.8,4.8,3.));
#7283 = ADVANCED_FACE('',(#7284),#7306,.F.);
#7284 = FACE_BOUND('',#7285,.F.);
#7285 = EDGE_LOOP('',(#7286,#7293,#7300,#7305));
#7286 = ORIENTED_EDGE('',*,*,#7287,.F.);
#7287 = EDGE_CURVE('',#7288,#5326,#7290,.T.);
#7288 = VERTEX_POINT('',#7289);
#7289 = CARTESIAN_POINT('',(14.6,-3.,2.));
#7290 = B_SPLINE_CURVE_WITH_KNOTS('',1,(#7291,#7292),.UNSPECIFIED.,.F.,
  .F.,(2,2),(0.,1.),.PIECEWISE_BEZIER_KNOTS.);
#7291 = CARTESIAN_POINT('',(14.6,-3.,2.));
#7292 = CARTESIAN_POINT('',(13.6,-4.,3.));
#7293 = ORIENTED_EDGE('',*,*,#7294,.T.);
#7294 = EDGE_CURVE('',#7288,#7295,#7297,.T.);
#7295 = VERTEX_POINT('',#7296);
#7296 = CARTESIAN_POINT('',(20.6,-3.,2.));
#7297 = B_SPLINE_CURVE_WITH_KNOTS('',1,(#7298,#7299),.UNSPECIFIED.,.F.,
  .F.,(2,2),(0.,6.),.PIECEWISE_BEZIER_KNOTS.);
#7298 = CARTESIAN_POINT('',(14.6,-3.,2.));
#7299 = CARTESIAN_POINT('',(20.6,-3.,2.));
#7300 = ORIENTED_EDGE('',*,*,#7301,.T.);
#7301 = EDGE_CURVE('',#7295,#5324,#7302,.T.);
#7302 = B_SPLINE_CURVE_WITH_KNOTS('',1,(#7303,#7304),.UNSPECIFIED.,.F.,
  .F.,(2,2),(0.,1.),.PIECEWISE_BEZIER_KNOTS.);
#7303 = CARTESIAN_POINT('',(20.6,-3.,2.));
#7304 = CARTESIAN_POINT('',(21.6,-4.,3.));
#7305 = ORIENTED_EDGE('',*,*,#5323,.T.);
#7306 = B_SPLINE_SURFACE_WITH_KNOTS('',1,1,(
    (#7307,#7308)
    ,(#7309,#7310
    )),.UNSPECIFIED.,.F.,.F.,.F.,(2,2),(2,2),(0.,8.),(0.,1.),
  .PIECEWISE_BEZIER_KNOTS.);
#7307 = CARTESIAN_POINT('',(14.6,-3.,2.));
#7308 = CARTESIAN_POINT('',(13.6,-4.,3.));
#7309 = CARTESIAN_POINT('',(20.6,-3.,2.));
#7310 = CARTESIAN_POINT('',(21.6,-4.,3.));
#7311 = ADVANCED_FACE('',(#7312),#7328,.F.);
#7312 = FACE_BOUND('',#7313,.F.);
#7313 = EDGE_LOOP('',(#7314,#7315,#7322,#7327));
#7314 = ORIENTED_EDGE('',*,*,#7301,.F.);
#7315 = ORIENTED_EDGE('',*,*,#7316,.T.);
#7316 = EDGE_CURVE('',#7295,#7317,#7319,.T.);
#7317 = VERTEX_POINT('',#7318);
#7318 = CARTESIAN_POINT('',(20.6,3.,2.));
#7319 = B_SPLINE_CURVE_WITH_KNOTS('',1,(#7320,#7321),.UNSPECIFIED.,.F.,
  .F.,(2,2),(0.,6.),.PIECEWISE_BEZIER_KNOTS.);
#7320 = CARTESIAN_POINT('',(20.6,-3.,2.));
#7321 = CARTESIAN_POINT('',(20.6,3.,2.));
#7322 = ORIENTED_EDGE('',*,*,#7323,.T.);
#7323 = EDGE_CURVE('',#7317,#5340,#7324,.T.);
#7324 = B_SPLINE_CURVE_WITH_KNOTS('',1,(#7325,#7326),.UNSPECIFIED.,.F.,
  .F.,(2,2),(0.,1.),.PIECEWISE_BEZIER_KNOTS.);
#7325 = CARTESIAN_POINT('',(20.6,3.,2.));
#7326 = CARTESIAN_POINT('',(21.6,4.,3.));
#7327 = ORIENTED_EDGE('',*,*,#5346,.T.);
#7328 = B_SPLINE_SURFACE_WITH_KNOTS('',1,1,(
    (#7329,#7330)
    ,(#7331,#7332
    )),.UNSPECIFIED.,.F.,.F.,.F.,(2,2),(2,2),(0.,8.),(0.,1.),
  .PIECEWISE_BEZIER_KNOTS.);
#7329 = CARTESIAN_POINT('',(20.6,-3.,2.));
#7330 = CARTESIAN_POINT('',(21.6,-4.,3.));
#7331 = CARTESIAN_POINT('',(20.6,3.,2.));
#7332 = CARTESIAN_POINT('',(21.6,4.,3.));
#7333 = ADVANCED_FACE('',(#7334),#7350,.F.);
#7334 = FACE_BOUND('',#7335,.F.);
#7335 = EDGE_LOOP('',(#7336,#7337,#7344,#7349));
#7336 = ORIENTED_EDGE('',*,*,#7323,.F.);
#7337 = ORIENTED_EDGE('',*,*,#7338,.T.);
#7338 = EDGE_CURVE('',#7317,#7339,#7341,.T.);
#7339 = VERTEX_POINT('',#7340);
#7340 = CARTESIAN_POINT('',(14.6,3.,2.));
#7341 = B_SPLINE_CURVE_WITH_KNOTS('',1,(#7342,#7343),.UNSPECIFIED.,.F.,
  .F.,(2,2),(0.,6.),.PIECEWISE_BEZIER_KNOTS.);
#7342 = CARTESIAN_POINT('',(20.6,3.,2.));
#7343 = CARTESIAN_POINT('',(14.6,3.,2.));
#7344 = ORIENTED_EDGE('',*,*,#7345,.T.);
#7345 = EDGE_CURVE('',#7339,#5333,#7346,.T.);
#7346 = B_SPLINE_CURVE_WITH_KNOTS('',1,(#7347,#7348),.UNSPECIFIED.,.F.,
  .F.,(2,2),(0.,1.),.PIECEWISE_BEZIER_KNOTS.);
#7347 = CARTESIAN_POINT('',(14.6,3.,2.));
#7348 = CARTESIAN_POINT('',(13.6,4.,3.));
#7349 = ORIENTED_EDGE('',*,*,#5339,.T.);
#7350 = B_SPLINE_SURFACE_WITH_KNOTS('',1,1,(
    (#7351,#7352)
    ,(#7353,#7354
    )),.UNSPECIFIED.,.F.,.F.,.F.,(2,2),(2,2),(0.,8.),(0.,1.),
  .PIECEWISE_BEZIER_KNOTS.);
#7351 = CARTESIAN_POINT('',(20.6,3.,2.));
#7352 = CARTESIAN_POINT('',(21.6,4.,3.));
#7353 = CARTESIAN_POINT('',(14.6,3.,2.));
#7354 = CARTESIAN_POINT('',(13.6,4.,3.));
#7355 = ADVANCED_FACE('',(#7356),#7366,.F.);
#7356 = FACE_BOUND('',#7357,.F.);
#7357 = EDGE_LOOP('',(#7358,#7359,#7364,#7365));
#7358 = ORIENTED_EDGE('',*,*,#7345,.F.);
#7359 = ORIENTED_EDGE('',*,*,#7360,.T.);
#7360 = EDGE_CURVE('',#7339,#7288,#7361,.T.);
#7361 = B_SPLINE_CURVE_WITH_KNOTS('',1,(#7362,#7363),.UNSPECIFIED.,.F.,
  .F.,(2,2),(0.,6.),.PIECEWISE_BEZIER_KNOTS.);
#7362 = CARTESIAN_POINT('',(14.6,3.,2.));
#7363 = CARTESIAN_POINT('',(14.6,-3.,2.));
#7364 = ORIENTED_EDGE('',*,*,#7287,.T.);
#7365 = ORIENTED_EDGE('',*,*,#5332,.T.);
#7366 = B_SPLINE_SURFACE_WITH_KNOTS('',1,1,(
    (#7367,#7368)
    ,(#7369,#7370
    )),.UNSPECIFIED.,.F.,.F.,.F.,(2,2),(2,2),(0.,8.),(0.,1.),
  .PIECEWISE_BEZIER_KNOTS.);
#7367 = CARTESIAN_POINT('',(14.6,3.,2.));
#7368 = CARTESIAN_POINT('',(13.6,4.,3.));
#7369 = CARTESIAN_POINT('',(14.6,-3.,2.));
#7370 = CARTESIAN_POINT('',(13.6,-4.,3.));
#7371 = ADVANCED_FACE('',(#7372),#7394,.F.);
#7372 = FACE_BOUND('',#7373,.F.);
#7373 = EDGE_LOOP('',(#7374,#7381,#7388,#7393));
#7374 = ORIENTED_EDGE('',*,*,#7375,.F.);
#7375 = EDGE_CURVE('',#7376,#5368,#7378,.T.);
#7376 = VERTEX_POINT('',#7377);
#7377 = CARTESIAN_POINT('',(14.6,5.8,2.));
#7378 = B_SPLINE_CURVE_WITH_KNOTS('',1,(#7379,#7380),.UNSPECIFIED.,.F.,
  .F.,(2,2),(0.,1.),.PIECEWISE_BEZIER_KNOTS.);
#7379 = CARTESIAN_POINT('',(14.6,5.8,2.));
#7380 = CARTESIAN_POINT('',(13.6,4.8,3.));
#7381 = ORIENTED_EDGE('',*,*,#7382,.T.);
#7382 = EDGE_CURVE('',#7376,#7383,#7385,.T.);
#7383 = VERTEX_POINT('',#7384);
#7384 = CARTESIAN_POINT('',(20.6,5.8,2.));
#7385 = B_SPLINE_CURVE_WITH_KNOTS('',1,(#7386,#7387),.UNSPECIFIED.,.F.,
  .F.,(2,2),(0.,6.),.PIECEWISE_BEZIER_KNOTS.);
#7386 = CARTESIAN_POINT('',(14.6,5.8,2.));
#7387 = CARTESIAN_POINT('',(20.6,5.8,2.));
#7388 = ORIENTED_EDGE('',*,*,#7389,.T.);
#7389 = EDGE_CURVE('',#7383,#5366,#7390,.T.);
#7390 = B_SPLINE_CURVE_WITH_KNOTS('',1,(#7391,#7392),.UNSPECIFIED.,.F.,
  .F.,(2,2),(0.,1.),.PIECEWISE_BEZIER_KNOTS.);
#7391 = CARTESIAN_POINT('',(20.6,5.8,2.));
#7392 = CARTESIAN_POINT('',(21.6,4.8,3.));
#7393 = ORIENTED_EDGE('',*,*,#5365,.T.);
#7394 = B_SPLINE_SURFACE_WITH_KNOTS('',1,1,(
    (#7395,#7396)
    ,(#7397,#7398
    )),.UNSPECIFIED.,.F.,.F.,.F.,(2,2),(2,2),(0.,8.),(0.,1.),
  .PIECEWISE_BEZIER_KNOTS.);
#7395 = CARTESIAN_POINT('',(14.6,5.8,2.));
#7396 = CARTESIAN_POINT('',(13.6,4.8,3.));
#7397 = CARTESIAN_POINT('',(20.6,5.8,2.));
#7398 = CARTESIAN_POINT('',(21.6,4.8,3.));
#7399 = ADVANCED_FACE('',(#7400),#7416,.F.);
#7400 = FACE_BOUND('',#7401,.F.);
#7401 = EDGE_LOOP('',(#7402,#7403,#7410,#7415));
#7402 = ORIENTED_EDGE('',*,*,#7389,.F.);
#7403 = ORIENTED_EDGE('',*,*,#7404,.T.);
#7404 = EDGE_CURVE('',#7383,#7405,#7407,.T.);
#7405 = VERTEX_POINT('',#7406);
#7406 = CARTESIAN_POINT('',(20.6,11.8,2.));
#7407 = B_SPLINE_CURVE_WITH_KNOTS('',1,(#7408,#7409),.UNSPECIFIED.,.F.,
  .F.,(2,2),(0.,6.),.PIECEWISE_BEZIER_KNOTS.);
#7408 = CARTESIAN_POINT('',(20.6,5.8,2.));
#7409 = CARTESIAN_POINT('',(20.6,11.8,2.));
#7410 = ORIENTED_EDGE('',*,*,#7411,.T.);
#7411 = EDGE_CURVE('',#7405,#5382,#7412,.T.);
#7412 = B_SPLINE_CURVE_WITH_KNOTS('',1,(#7413,#7414),.UNSPECIFIED.,.F.,
  .F.,(2,2),(0.,1.),.PIECEWISE_BEZIER_KNOTS.);
#7413 = CARTESIAN_POINT('',(20.6,11.8,2.));
#7414 = CARTESIAN_POINT('',(21.6,12.8,3.));
#7415 = ORIENTED_EDGE('',*,*,#5388,.T.);
#7416 = B_SPLINE_SURFACE_WITH_KNOTS('',1,1,(
    (#7417,#7418)
    ,(#7419,#7420
    )),.UNSPECIFIED.,.F.,.F.,.F.,(2,2),(2,2),(0.,8.),(0.,1.),
  .PIECEWISE_BEZIER_KNOTS.);
#7417 = CARTESIAN_POINT('',(20.6,5.8,2.));
#7418 = CARTESIAN_POINT('',(21.6,4.8,3.));
#7419 = CARTESIAN_POINT('',(20.6,11.8,2.));
#7420 = CARTESIAN_POINT('',(21.6,12.8,3.));
#7421 = ADVANCED_FACE('',(#7422),#7438,.F.);
#7422 = FACE_BOUND('',#7423,.F.);
#7423 = EDGE_LOOP('',(#7424,#7425,#7432,#7437));
#7424 = ORIENTED_EDGE('',*,*,#7411,.F.);
#7425 = ORIENTED_EDGE('',*,*,#7426,.T.);
#7426 = EDGE_CURVE('',#7405,#7427,#7429,.T.);
#7427 = VERTEX_POINT('',#7428);
#7428 = CARTESIAN_POINT('',(14.6,11.8,2.));
#7429 = B_SPLINE_CURVE_WITH_KNOTS('',1,(#7430,#7431),.UNSPECIFIED.,.F.,
  .F.,(2,2),(0.,6.),.PIECEWISE_BEZIER_KNOTS.);
#7430 = CARTESIAN_POINT('',(20.6,11.8,2.));
#7431 = CARTESIAN_POINT('',(14.6,11.8,2.));
#7432 = ORIENTED_EDGE('',*,*,#7433,.T.);
#7433 = EDGE_CURVE('',#7427,#5375,#7434,.T.);
#7434 = B_SPLINE_CURVE_WITH_KNOTS('',1,(#7435,#7436),.UNSPECIFIED.,.F.,
  .F.,(2,2),(0.,1.),.PIECEWISE_BEZIER_KNOTS.);
#7435 = CARTESIAN_POINT('',(14.6,11.8,2.));
#7436 = CARTESIAN_POINT('',(13.6,12.8,3.));
#7437 = ORIENTED_EDGE('',*,*,#5381,.T.);
#7438 = B_SPLINE_SURFACE_WITH_KNOTS('',1,1,(
    (#7439,#7440)
    ,(#7441,#7442
    )),.UNSPECIFIED.,.F.,.F.,.F.,(2,2),(2,2),(0.,8.),(0.,1.),
  .PIECEWISE_BEZIER_KNOTS.);
#7439 = CARTESIAN_POINT('',(20.6,11.8,2.));
#7440 = CARTESIAN_POINT('',(21.6,12.8,3.));
#7441 = CARTESIAN_POINT('',(14.6,11.8,2.));
#7442 = CARTESIAN_POINT('',(13.6,12.8,3.));
#7443 = ADVANCED_FACE('',(#7444),#7454,.F.);
#7444 = FACE_BOUND('',#7445,.F.);
#7445 = EDGE_LOOP('',(#7446,#7447,#7452,#7453));
#7446 = ORIENTED_EDGE('',*,*,#7433,.F.);
#7447 = ORIENTED_EDGE('',*,*,#7448,.T.);
#7448 = EDGE_CURVE('',#7427,#7376,#7449,.T.);
#7449 = B_SPLINE_CURVE_WITH_KNOTS('',1,(#7450,#7451),.UNSPECIFIED.,.F.,
  .F.,(2,2),(0.,6.),.PIECEWISE_BEZIER_KNOTS.);
#7450 = CARTESIAN_POINT('',(14.6,11.8,2.));
#7451 = CARTESIAN_POINT('',(14.6,5.8,2.));
#7452 = ORIENTED_EDGE('',*,*,#7375,.T.);
#7453 = ORIENTED_EDGE('',*,*,#5374,.T.);
#7454 = B_SPLINE_SURFACE_WITH_KNOTS('',1,1,(
    (#7455,#7456)
    ,(#7457,#7458
    )),.UNSPECIFIED.,.F.,.F.,.F.,(2,2),(2,2),(0.,8.),(0.,1.),
  .PIECEWISE_BEZIER_KNOTS.);
#7455 = CARTESIAN_POINT('',(14.6,11.8,2.));
#7456 = CARTESIAN_POINT('',(13.6,12.8,3.));
#7457 = CARTESIAN_POINT('',(14.6,5.8,2.));
#7458 = CARTESIAN_POINT('',(13.6,4.8,3.));
#7459 = ADVANCED_FACE('',(#7460),#7482,.F.);
#7460 = FACE_BOUND('',#7461,.F.);
#7461 = EDGE_LOOP('',(#7462,#7469,#7476,#7481));
#7462 = ORIENTED_EDGE('',*,*,#7463,.F.);
#7463 = EDGE_CURVE('',#7464,#5410,#7466,.T.);
#7464 = VERTEX_POINT('',#7465);
#7465 = CARTESIAN_POINT('',(-3.,14.6,2.));
#7466 = B_SPLINE_CURVE_WITH_KNOTS('',1,(#7467,#7468),.UNSPECIFIED.,.F.,
  .F.,(2,2),(0.,1.),.PIECEWISE_BEZIER_KNOTS.);
#7467 = CARTESIAN_POINT('',(-3.,14.6,2.));
#7468 = CARTESIAN_POINT('',(-4.,13.6,3.));
#7469 = ORIENTED_EDGE('',*,*,#7470,.T.);
#7470 = EDGE_CURVE('',#7464,#7471,#7473,.T.);
#7471 = VERTEX_POINT('',#7472);
#7472 = CARTESIAN_POINT('',(3.,14.6,2.));
#7473 = B_SPLINE_CURVE_WITH_KNOTS('',1,(#7474,#7475),.UNSPECIFIED.,.F.,
  .F.,(2,2),(0.,6.),.PIECEWISE_BEZIER_KNOTS.);
#7474 = CARTESIAN_POINT('',(-3.,14.6,2.));
#7475 = CARTESIAN_POINT('',(3.,14.6,2.));
#7476 = ORIENTED_EDGE('',*,*,#7477,.T.);
#7477 = EDGE_CURVE('',#7471,#5408,#7478,.T.);
#7478 = B_SPLINE_CURVE_WITH_KNOTS('',1,(#7479,#7480),.UNSPECIFIED.,.F.,
  .F.,(2,2),(0.,1.),.PIECEWISE_BEZIER_KNOTS.);
#7479 = CARTESIAN_POINT('',(3.,14.6,2.));
#7480 = CARTESIAN_POINT('',(4.,13.6,3.));
#7481 = ORIENTED_EDGE('',*,*,#5407,.T.);
#7482 = B_SPLINE_SURFACE_WITH_KNOTS('',1,1,(
    (#7483,#7484)
    ,(#7485,#7486
    )),.UNSPECIFIED.,.F.,.F.,.F.,(2,2),(2,2),(0.,8.),(0.,1.),
  .PIECEWISE_BEZIER_KNOTS.);
#7483 = CARTESIAN_POINT('',(-3.,14.6,2.));
#7484 = CARTESIAN_POINT('',(-4.,13.6,3.));
#7485 = CARTESIAN_POINT('',(3.,14.6,2.));
#7486 = CARTESIAN_POINT('',(4.,13.6,3.));
#7487 = ADVANCED_FACE('',(#7488),#7504,.F.);
#7488 = FACE_BOUND('',#7489,.F.);
#7489 = EDGE_LOOP('',(#7490,#7491,#7498,#7503));
#7490 = ORIENTED_EDGE('',*,*,#7477,.F.);
#7491 = ORIENTED_EDGE('',*,*,#7492,.T.);
#7492 = EDGE_CURVE('',#7471,#7493,#7495,.T.);
#7493 = VERTEX_POINT('',#7494);
#7494 = CARTESIAN_POINT('',(3.,20.6,2.));
#7495 = B_SPLINE_CURVE_WITH_KNOTS('',1,(#7496,#7497),.UNSPECIFIED.,.F.,
  .F.,(2,2),(0.,6.),.PIECEWISE_BEZIER_KNOTS.);
#7496 = CARTESIAN_POINT('',(3.,14.6,2.));
#7497 = CARTESIAN_POINT('',(3.,20.6,2.));
#7498 = ORIENTED_EDGE('',*,*,#7499,.T.);
#7499 = EDGE_CURVE('',#7493,#5424,#7500,.T.);
#7500 = B_SPLINE_CURVE_WITH_KNOTS('',1,(#7501,#7502),.UNSPECIFIED.,.F.,
  .F.,(2,2),(0.,1.),.PIECEWISE_BEZIER_KNOTS.);
#7501 = CARTESIAN_POINT('',(3.,20.6,2.));
#7502 = CARTESIAN_POINT('',(4.,21.6,3.));
#7503 = ORIENTED_EDGE('',*,*,#5430,.T.);
#7504 = B_SPLINE_SURFACE_WITH_KNOTS('',1,1,(
    (#7505,#7506)
    ,(#7507,#7508
    )),.UNSPECIFIED.,.F.,.F.,.F.,(2,2),(2,2),(0.,8.),(0.,1.),
  .PIECEWISE_BEZIER_KNOTS.);
#7505 = CARTESIAN_POINT('',(3.,14.6,2.));
#7506 = CARTESIAN_POINT('',(4.,13.6,3.));
#7507 = CARTESIAN_POINT('',(3.,20.6,2.));
#7508 = CARTESIAN_POINT('',(4.,21.6,3.));
#7509 = ADVANCED_FACE('',(#7510),#7526,.F.);
#7510 = FACE_BOUND('',#7511,.F.);
#7511 = EDGE_LOOP('',(#7512,#7513,#7520,#7525));
#7512 = ORIENTED_EDGE('',*,*,#7499,.F.);
#7513 = ORIENTED_EDGE('',*,*,#7514,.T.);
#7514 = EDGE_CURVE('',#7493,#7515,#7517,.T.);
#7515 = VERTEX_POINT('',#7516);
#7516 = CARTESIAN_POINT('',(-3.,20.6,2.));
#7517 = B_SPLINE_CURVE_WITH_KNOTS('',1,(#7518,#7519),.UNSPECIFIED.,.F.,
  .F.,(2,2),(0.,6.),.PIECEWISE_BEZIER_KNOTS.);
#7518 = CARTESIAN_POINT('',(3.,20.6,2.));
#7519 = CARTESIAN_POINT('',(-3.,20.6,2.));
#7520 = ORIENTED_EDGE('',*,*,#7521,.T.);
#7521 = EDGE_CURVE('',#7515,#5417,#7522,.T.);
#7522 = B_SPLINE_CURVE_WITH_KNOTS('',1,(#7523,#7524),.UNSPECIFIED.,.F.,
  .F.,(2,2),(0.,1.),.PIECEWISE_BEZIER_KNOTS.);
#7523 = CARTESIAN_POINT('',(-3.,20.6,2.));
#7524 = CARTESIAN_POINT('',(-4.,21.6,3.));
#7525 = ORIENTED_EDGE('',*,*,#5423,.T.);
#7526 = B_SPLINE_SURFACE_WITH_KNOTS('',1,1,(
    (#7527,#7528)
    ,(#7529,#7530
    )),.UNSPECIFIED.,.F.,.F.,.F.,(2,2),(2,2),(0.,8.),(0.,1.),
  .PIECEWISE_BEZIER_KNOTS.);
#7527 = CARTESIAN_POINT('',(3.,20.6,2.));
#7528 = CARTESIAN_POINT('',(4.,21.6,3.));
#7529 = CARTESIAN_POINT('',(-3.,20.6,2.));
#7530 = CARTESIAN_POINT('',(-4.,21.6,3.));
#7531 = ADVANCED_FACE('',(#7532),#7542,.F.);
#7532 = FACE_BOUND('',#7533,.F.);
#7533 = EDGE_LOOP('',(#7534,#7535,#7540,#7541));
#7534 = ORIENTED_EDGE('',*,*,#7521,.F.);
#7535 = ORIENTED_EDGE('',*,*,#7536,.T.);
#7536 = EDGE_CURVE('',#7515,#7464,#7537,.T.);
#7537 = B_SPLINE_CURVE_WITH_KNOTS('',1,(#7538,#7539),.UNSPECIFIED.,.F.,
  .F.,(2,2),(0.,6.),.PIECEWISE_BEZIER_KNOTS.);
#7538 = CARTESIAN_POINT('',(-3.,20.6,2.));
#7539 = CARTESIAN_POINT('',(-3.,14.6,2.));
#7540 = ORIENTED_EDGE('',*,*,#7463,.T.);
#7541 = ORIENTED_EDGE('',*,*,#5416,.T.);
#7542 = B_SPLINE_SURFACE_WITH_KNOTS('',1,1,(
    (#7543,#7544)
    ,(#7545,#7546
    )),.UNSPECIFIED.,.F.,.F.,.F.,(2,2),(2,2),(0.,8.),(0.,1.),
  .PIECEWISE_BEZIER_KNOTS.);
#7543 = CARTESIAN_POINT('',(-3.,20.6,2.));
#7544 = CARTESIAN_POINT('',(-4.,21.6,3.));
#7545 = CARTESIAN_POINT('',(-3.,14.6,2.));
#7546 = CARTESIAN_POINT('',(-4.,13.6,3.));
#7547 = ADVANCED_FACE('',(#7548),#7570,.F.);
#7548 = FACE_BOUND('',#7549,.F.);
#7549 = EDGE_LOOP('',(#7550,#7557,#7564,#7569));
#7550 = ORIENTED_EDGE('',*,*,#7551,.F.);
#7551 = EDGE_CURVE('',#7552,#5452,#7554,.T.);
#7552 = VERTEX_POINT('',#7553);
#7553 = CARTESIAN_POINT('',(5.8,14.6,2.));
#7554 = B_SPLINE_CURVE_WITH_KNOTS('',1,(#7555,#7556),.UNSPECIFIED.,.F.,
  .F.,(2,2),(0.,1.),.PIECEWISE_BEZIER_KNOTS.);
#7555 = CARTESIAN_POINT('',(5.8,14.6,2.));
#7556 = CARTESIAN_POINT('',(4.8,13.6,3.));
#7557 = ORIENTED_EDGE('',*,*,#7558,.T.);
#7558 = EDGE_CURVE('',#7552,#7559,#7561,.T.);
#7559 = VERTEX_POINT('',#7560);
#7560 = CARTESIAN_POINT('',(11.8,14.6,2.));
#7561 = B_SPLINE_CURVE_WITH_KNOTS('',1,(#7562,#7563),.UNSPECIFIED.,.F.,
  .F.,(2,2),(0.,6.),.PIECEWISE_BEZIER_KNOTS.);
#7562 = CARTESIAN_POINT('',(5.8,14.6,2.));
#7563 = CARTESIAN_POINT('',(11.8,14.6,2.));
#7564 = ORIENTED_EDGE('',*,*,#7565,.T.);
#7565 = EDGE_CURVE('',#7559,#5450,#7566,.T.);
#7566 = B_SPLINE_CURVE_WITH_KNOTS('',1,(#7567,#7568),.UNSPECIFIED.,.F.,
  .F.,(2,2),(0.,1.),.PIECEWISE_BEZIER_KNOTS.);
#7567 = CARTESIAN_POINT('',(11.8,14.6,2.));
#7568 = CARTESIAN_POINT('',(12.8,13.6,3.));
#7569 = ORIENTED_EDGE('',*,*,#5449,.T.);
#7570 = B_SPLINE_SURFACE_WITH_KNOTS('',1,1,(
    (#7571,#7572)
    ,(#7573,#7574
    )),.UNSPECIFIED.,.F.,.F.,.F.,(2,2),(2,2),(0.,8.),(0.,1.),
  .PIECEWISE_BEZIER_KNOTS.);
#7571 = CARTESIAN_POINT('',(5.8,14.6,2.));
#7572 = CARTESIAN_POINT('',(4.8,13.6,3.));
#7573 = CARTESIAN_POINT('',(11.8,14.6,2.));
#7574 = CARTESIAN_POINT('',(12.8,13.6,3.));
#7575 = ADVANCED_FACE('',(#7576),#7592,.F.);
#7576 = FACE_BOUND('',#7577,.F.);
#7577 = EDGE_LOOP('',(#7578,#7579,#7586,#7591));
#7578 = ORIENTED_EDGE('',*,*,#7565,.F.);
#7579 = ORIENTED_EDGE('',*,*,#7580,.T.);
#7580 = EDGE_CURVE('',#7559,#7581,#7583,.T.);
#7581 = VERTEX_POINT('',#7582);
#7582 = CARTESIAN_POINT('',(11.8,20.6,2.));
#7583 = B_SPLINE_CURVE_WITH_KNOTS('',1,(#7584,#7585),.UNSPECIFIED.,.F.,
  .F.,(2,2),(0.,6.),.PIECEWISE_BEZIER_KNOTS.);
#7584 = CARTESIAN_POINT('',(11.8,14.6,2.));
#7585 = CARTESIAN_POINT('',(11.8,20.6,2.));
#7586 = ORIENTED_EDGE('',*,*,#7587,.T.);
#7587 = EDGE_CURVE('',#7581,#5466,#7588,.T.);
#7588 = B_SPLINE_CURVE_WITH_KNOTS('',1,(#7589,#7590),.UNSPECIFIED.,.F.,
  .F.,(2,2),(0.,1.),.PIECEWISE_BEZIER_KNOTS.);
#7589 = CARTESIAN_POINT('',(11.8,20.6,2.));
#7590 = CARTESIAN_POINT('',(12.8,21.6,3.));
#7591 = ORIENTED_EDGE('',*,*,#5472,.T.);
#7592 = B_SPLINE_SURFACE_WITH_KNOTS('',1,1,(
    (#7593,#7594)
    ,(#7595,#7596
    )),.UNSPECIFIED.,.F.,.F.,.F.,(2,2),(2,2),(0.,8.),(0.,1.),
  .PIECEWISE_BEZIER_KNOTS.);
#7593 = CARTESIAN_POINT('',(11.8,14.6,2.));
#7594 = CARTESIAN_POINT('',(12.8,13.6,3.));
#7595 = CARTESIAN_POINT('',(11.8,20.6,2.));
#7596 = CARTESIAN_POINT('',(12.8,21.6,3.));
#7597 = ADVANCED_FACE('',(#7598),#7614,.F.);
#7598 = FACE_BOUND('',#7599,.F.);
#7599 = EDGE_LOOP('',(#7600,#7601,#7608,#7613));
#7600 = ORIENTED_EDGE('',*,*,#7587,.F.);
#7601 = ORIENTED_EDGE('',*,*,#7602,.T.);
#7602 = EDGE_CURVE('',#7581,#7603,#7605,.T.);
#7603 = VERTEX_POINT('',#7604);
#7604 = CARTESIAN_POINT('',(5.8,20.6,2.));
#7605 = B_SPLINE_CURVE_WITH_KNOTS('',1,(#7606,#7607),.UNSPECIFIED.,.F.,
  .F.,(2,2),(0.,6.),.PIECEWISE_BEZIER_KNOTS.);
#7606 = CARTESIAN_POINT('',(11.8,20.6,2.));
#7607 = CARTESIAN_POINT('',(5.8,20.6,2.));
#7608 = ORIENTED_EDGE('',*,*,#7609,.T.);
#7609 = EDGE_CURVE('',#7603,#5459,#7610,.T.);
#7610 = B_SPLINE_CURVE_WITH_KNOTS('',1,(#7611,#7612),.UNSPECIFIED.,.F.,
  .F.,(2,2),(0.,1.),.PIECEWISE_BEZIER_KNOTS.);
#7611 = CARTESIAN_POINT('',(5.8,20.6,2.));
#7612 = CARTESIAN_POINT('',(4.8,21.6,3.));
#7613 = ORIENTED_EDGE('',*,*,#5465,.T.);
#7614 = B_SPLINE_SURFACE_WITH_KNOTS('',1,1,(
    (#7615,#7616)
    ,(#7617,#7618
    )),.UNSPECIFIED.,.F.,.F.,.F.,(2,2),(2,2),(0.,8.),(0.,1.),
  .PIECEWISE_BEZIER_KNOTS.);
#7615 = CARTESIAN_POINT('',(11.8,20.6,2.));
#7616 = CARTESIAN_POINT('',(12.8,21.6,3.));
#7617 = CARTESIAN_POINT('',(5.8,20.6,2.));
#7618 = CARTESIAN_POINT('',(4.8,21.6,3.));
#7619 = ADVANCED_FACE('',(#7620),#7630,.F.);
#7620 = FACE_BOUND('',#7621,.F.);
#7621 = EDGE_LOOP('',(#7622,#7623,#7628,#7629));
#7622 = ORIENTED_EDGE('',*,*,#7609,.F.);
#7623 = ORIENTED_EDGE('',*,*,#7624,.T.);
#7624 = EDGE_CURVE('',#7603,#7552,#7625,.T.);
#7625 = B_SPLINE_CURVE_WITH_KNOTS('',1,(#7626,#7627),.UNSPECIFIED.,.F.,
  .F.,(2,2),(0.,6.),.PIECEWISE_BEZIER_KNOTS.);
#7626 = CARTESIAN_POINT('',(5.8,20.6,2.));
#7627 = CARTESIAN_POINT('',(5.8,14.6,2.));
#7628 = ORIENTED_EDGE('',*,*,#7551,.T.);
#7629 = ORIENTED_EDGE('',*,*,#5458,.T.);
#7630 = B_SPLINE_SURFACE_WITH_KNOTS('',1,1,(
    (#7631,#7632)
    ,(#7633,#7634
    )),.UNSPECIFIED.,.F.,.F.,.F.,(2,2),(2,2),(0.,8.),(0.,1.),
  .PIECEWISE_BEZIER_KNOTS.);
#7631 = CARTESIAN_POINT('',(5.8,20.6,2.));
#7632 = CARTESIAN_POINT('',(4.8,21.6,3.));
#7633 = CARTESIAN_POINT('',(5.8,14.6,2.));
#7634 = CARTESIAN_POINT('',(4.8,13.6,3.));
#7635 = ADVANCED_FACE('',(#7636),#7658,.F.);
#7636 = FACE_BOUND('',#7637,.F.);
#7637 = EDGE_LOOP('',(#7638,#7645,#7652,#7657));
#7638 = ORIENTED_EDGE('',*,*,#7639,.F.);
#7639 = EDGE_CURVE('',#7640,#5494,#7642,.T.);
#7640 = VERTEX_POINT('',#7641);
#7641 = CARTESIAN_POINT('',(14.6,14.6,2.));
#7642 = B_SPLINE_CURVE_WITH_KNOTS('',1,(#7643,#7644),.UNSPECIFIED.,.F.,
  .F.,(2,2),(0.,1.),.PIECEWISE_BEZIER_KNOTS.);
#7643 = CARTESIAN_POINT('',(14.6,14.6,2.));
#7644 = CARTESIAN_POINT('',(13.6,13.6,3.));
#7645 = ORIENTED_EDGE('',*,*,#7646,.T.);
#7646 = EDGE_CURVE('',#7640,#7647,#7649,.T.);
#7647 = VERTEX_POINT('',#7648);
#7648 = CARTESIAN_POINT('',(20.6,14.6,2.));
#7649 = B_SPLINE_CURVE_WITH_KNOTS('',1,(#7650,#7651),.UNSPECIFIED.,.F.,
  .F.,(2,2),(0.,6.),.PIECEWISE_BEZIER_KNOTS.);
#7650 = CARTESIAN_POINT('',(14.6,14.6,2.));
#7651 = CARTESIAN_POINT('',(20.6,14.6,2.));
#7652 = ORIENTED_EDGE('',*,*,#7653,.T.);
#7653 = EDGE_CURVE('',#7647,#5492,#7654,.T.);
#7654 = B_SPLINE_CURVE_WITH_KNOTS('',1,(#7655,#7656),.UNSPECIFIED.,.F.,
  .F.,(2,2),(0.,1.),.PIECEWISE_BEZIER_KNOTS.);
#7655 = CARTESIAN_POINT('',(20.6,14.6,2.));
#7656 = CARTESIAN_POINT('',(21.6,13.6,3.));
#7657 = ORIENTED_EDGE('',*,*,#5491,.T.);
#7658 = B_SPLINE_SURFACE_WITH_KNOTS('',1,1,(
    (#7659,#7660)
    ,(#7661,#7662
    )),.UNSPECIFIED.,.F.,.F.,.F.,(2,2),(2,2),(0.,8.),(0.,1.),
  .PIECEWISE_BEZIER_KNOTS.);
#7659 = CARTESIAN_POINT('',(14.6,14.6,2.));
#7660 = CARTESIAN_POINT('',(13.6,13.6,3.));
#7661 = CARTESIAN_POINT('',(20.6,14.6,2.));
#7662 = CARTESIAN_POINT('',(21.6,13.6,3.));
#7663 = ADVANCED_FACE('',(#7664),#7680,.F.);
#7664 = FACE_BOUND('',#7665,.F.);
#7665 = EDGE_LOOP('',(#7666,#7667,#7674,#7679));
#7666 = ORIENTED_EDGE('',*,*,#7653,.F.);
#7667 = ORIENTED_EDGE('',*,*,#7668,.T.);
#7668 = EDGE_CURVE('',#7647,#7669,#7671,.T.);
#7669 = VERTEX_POINT('',#7670);
#7670 = CARTESIAN_POINT('',(20.6,20.6,2.));
#7671 = B_SPLINE_CURVE_WITH_KNOTS('',1,(#7672,#7673),.UNSPECIFIED.,.F.,
  .F.,(2,2),(0.,6.),.PIECEWISE_BEZIER_KNOTS.);
#7672 = CARTESIAN_POINT('',(20.6,14.6,2.));
#7673 = CARTESIAN_POINT('',(20.6,20.6,2.));
#7674 = ORIENTED_EDGE('',*,*,#7675,.T.);
#7675 = EDGE_CURVE('',#7669,#5508,#7676,.T.);
#7676 = B_SPLINE_CURVE_WITH_KNOTS('',1,(#7677,#7678),.UNSPECIFIED.,.F.,
  .F.,(2,2),(0.,1.),.PIECEWISE_BEZIER_KNOTS.);
#7677 = CARTESIAN_POINT('',(20.6,20.6,2.));
#7678 = CARTESIAN_POINT('',(21.6,21.6,3.));
#7679 = ORIENTED_EDGE('',*,*,#5514,.T.);
#7680 = B_SPLINE_SURFACE_WITH_KNOTS('',1,1,(
    (#7681,#7682)
    ,(#7683,#7684
    )),.UNSPECIFIED.,.F.,.F.,.F.,(2,2),(2,2),(0.,8.),(0.,1.),
  .PIECEWISE_BEZIER_KNOTS.);
#7681 = CARTESIAN_POINT('',(20.6,14.6,2.));
#7682 = CARTESIAN_POINT('',(21.6,13.6,3.));
#7683 = CARTESIAN_POINT('',(20.6,20.6,2.));
#7684 = CARTESIAN_POINT('',(21.6,21.6,3.));
#7685 = ADVANCED_FACE('',(#7686),#7702,.F.);
#7686 = FACE_BOUND('',#7687,.F.);
#7687 = EDGE_LOOP('',(#7688,#7689,#7696,#7701));
#7688 = ORIENTED_EDGE('',*,*,#7675,.F.);
#7689 = ORIENTED_EDGE('',*,*,#7690,.T.);
#7690 = EDGE_CURVE('',#7669,#7691,#7693,.T.);
#7691 = VERTEX_POINT('',#7692);
#7692 = CARTESIAN_POINT('',(14.6,20.6,2.));
#7693 = B_SPLINE_CURVE_WITH_KNOTS('',1,(#7694,#7695),.UNSPECIFIED.,.F.,
  .F.,(2,2),(0.,6.),.PIECEWISE_BEZIER_KNOTS.);
#7694 = CARTESIAN_POINT('',(20.6,20.6,2.));
#7695 = CARTESIAN_POINT('',(14.6,20.6,2.));
#7696 = ORIENTED_EDGE('',*,*,#7697,.T.);
#7697 = EDGE_CURVE('',#7691,#5501,#7698,.T.);
#7698 = B_SPLINE_CURVE_WITH_KNOTS('',1,(#7699,#7700),.UNSPECIFIED.,.F.,
  .F.,(2,2),(0.,1.),.PIECEWISE_BEZIER_KNOTS.);
#7699 = CARTESIAN_POINT('',(14.6,20.6,2.));
#7700 = CARTESIAN_POINT('',(13.6,21.6,3.));
#7701 = ORIENTED_EDGE('',*,*,#5507,.T.);
#7702 = B_SPLINE_SURFACE_WITH_KNOTS('',1,1,(
    (#7703,#7704)
    ,(#7705,#7706
    )),.UNSPECIFIED.,.F.,.F.,.F.,(2,2),(2,2),(0.,8.),(0.,1.),
  .PIECEWISE_BEZIER_KNOTS.);
#7703 = CARTESIAN_POINT('',(20.6,20.6,2.));
#7704 = CARTESIAN_POINT('',(21.6,21.6,3.));
#7705 = CARTESIAN_POINT('',(14.6,20.6,2.));
#7706 = CARTESIAN_POINT('',(13.6,21.6,3.));
#7707 = ADVANCED_FACE('',(#7708),#7718,.F.);
#7708 = FACE_BOUND('',#7709,.F.);
#7709 = EDGE_LOOP('',(#7710,#7711,#7716,#7717));
#7710 = ORIENTED_EDGE('',*,*,#7697,.F.);
#7711 = ORIENTED_EDGE('',*,*,#7712,.T.);
#7712 = EDGE_CURVE('',#7691,#7640,#7713,.T.);
#7713 = B_SPLINE_CURVE_WITH_KNOTS('',1,(#7714,#7715),.UNSPECIFIED.,.F.,
  .F.,(2,2),(0.,6.),.PIECEWISE_BEZIER_KNOTS.);
#7714 = CARTESIAN_POINT('',(14.6,20.6,2.));
#7715 = CARTESIAN_POINT('',(14.6,14.6,2.));
#7716 = ORIENTED_EDGE('',*,*,#7639,.T.);
#7717 = ORIENTED_EDGE('',*,*,#5500,.T.);
#7718 = B_SPLINE_SURFACE_WITH_KNOTS('',1,1,(
    (#7719,#7720)
    ,(#7721,#7722
    )),.UNSPECIFIED.,.F.,.F.,.F.,(2,2),(2,2),(0.,8.),(0.,1.),
  .PIECEWISE_BEZIER_KNOTS.);
#7719 = CARTESIAN_POINT('',(14.6,20.6,2.));
#7720 = CARTESIAN_POINT('',(13.6,21.6,3.));
#7721 = CARTESIAN_POINT('',(14.6,14.6,2.));
#7722 = CARTESIAN_POINT('',(13.6,13.6,3.));
#7723 = ADVANCED_FACE('',(#7724),#7746,.T.);
#7724 = FACE_BOUND('',#7725,.T.);
#7725 = EDGE_LOOP('',(#7726,#7733,#7740,#7745));
#7726 = ORIENTED_EDGE('',*,*,#7727,.F.);
#7727 = EDGE_CURVE('',#7728,#5535,#7730,.T.);
#7728 = VERTEX_POINT('',#7729);
#7729 = CARTESIAN_POINT('',(-14.6,-20.6,1.4));
#7730 = B_SPLINE_CURVE_WITH_KNOTS('',1,(#7731,#7732),.UNSPECIFIED.,.F.,
  .F.,(2,2),(0.,0.6),.PIECEWISE_BEZIER_KNOTS.);
#7731 = CARTESIAN_POINT('',(-14.6,-20.6,1.4));
#7732 = CARTESIAN_POINT('',(-14.6,-20.6,2.));
#7733 = ORIENTED_EDGE('',*,*,#7734,.F.);
#7734 = EDGE_CURVE('',#7735,#7728,#7737,.T.);
#7735 = VERTEX_POINT('',#7736);
#7736 = CARTESIAN_POINT('',(-20.6,-20.6,1.4));
#7737 = B_SPLINE_CURVE_WITH_KNOTS('',1,(#7738,#7739),.UNSPECIFIED.,.F.,
  .F.,(2,2),(0.,6.),.PIECEWISE_BEZIER_KNOTS.);
#7738 = CARTESIAN_POINT('',(-20.6,-20.6,1.4));
#7739 = CARTESIAN_POINT('',(-14.6,-20.6,1.4));
#7740 = ORIENTED_EDGE('',*,*,#7741,.T.);
#7741 = EDGE_CURVE('',#7735,#5528,#7742,.T.);
#7742 = B_SPLINE_CURVE_WITH_KNOTS('',1,(#7743,#7744),.UNSPECIFIED.,.F.,
  .F.,(2,2),(0.,0.6),.PIECEWISE_BEZIER_KNOTS.);
#7743 = CARTESIAN_POINT('',(-20.6,-20.6,1.4));
#7744 = CARTESIAN_POINT('',(-20.6,-20.6,2.));
#7745 = ORIENTED_EDGE('',*,*,#5534,.T.);
#7746 = B_SPLINE_SURFACE_WITH_KNOTS('',1,1,(
    (#7747,#7748)
    ,(#7749,#7750
    )),.UNSPECIFIED.,.F.,.F.,.F.,(2,2),(2,2),(0.,0.6),(0.,6.),
  .PIECEWISE_BEZIER_KNOTS.);
#7747 = CARTESIAN_POINT('',(-20.6,-20.6,1.4));
#7748 = CARTESIAN_POINT('',(-14.6,-20.6,1.4));
#7749 = CARTESIAN_POINT('',(-20.6,-20.6,2.));
#7750 = CARTESIAN_POINT('',(-14.6,-20.6,2.));
#7751 = ADVANCED_FACE('',(#7752),#7768,.F.);
#7752 = FACE_BOUND('',#7753,.F.);
#7753 = EDGE_LOOP('',(#7754,#7755,#7762,#7767));
#7754 = ORIENTED_EDGE('',*,*,#7727,.F.);
#7755 = ORIENTED_EDGE('',*,*,#7756,.T.);
#7756 = EDGE_CURVE('',#7728,#7757,#7759,.T.);
#7757 = VERTEX_POINT('',#7758);
#7758 = CARTESIAN_POINT('',(-14.6,-14.6,1.4));
#7759 = B_SPLINE_CURVE_WITH_KNOTS('',1,(#7760,#7761),.UNSPECIFIED.,.F.,
  .F.,(2,2),(0.,6.),.PIECEWISE_BEZIER_KNOTS.);
#7760 = CARTESIAN_POINT('',(-14.6,-20.6,1.4));
#7761 = CARTESIAN_POINT('',(-14.6,-14.6,1.4));
#7762 = ORIENTED_EDGE('',*,*,#7763,.T.);
#7763 = EDGE_CURVE('',#7757,#5557,#7764,.T.);
#7764 = B_SPLINE_CURVE_WITH_KNOTS('',1,(#7765,#7766),.UNSPECIFIED.,.F.,
  .F.,(2,2),(0.,0.6),.PIECEWISE_BEZIER_KNOTS.);
#7765 = CARTESIAN_POINT('',(-14.6,-14.6,1.4));
#7766 = CARTESIAN_POINT('',(-14.6,-14.6,2.));
#7767 = ORIENTED_EDGE('',*,*,#5556,.F.);
#7768 = B_SPLINE_SURFACE_WITH_KNOTS('',1,1,(
    (#7769,#7770)
    ,(#7771,#7772
    )),.UNSPECIFIED.,.F.,.F.,.F.,(2,2),(2,2),(0.,0.6),(-6.,0.),
  .PIECEWISE_BEZIER_KNOTS.);
#7769 = CARTESIAN_POINT('',(-14.6,-14.6,1.4));
#7770 = CARTESIAN_POINT('',(-14.6,-20.6,1.4));
#7771 = CARTESIAN_POINT('',(-14.6,-14.6,2.));
#7772 = CARTESIAN_POINT('',(-14.6,-20.6,2.));
#7773 = ADVANCED_FACE('',(#7774),#7790,.F.);
#7774 = FACE_BOUND('',#7775,.F.);
#7775 = EDGE_LOOP('',(#7776,#7777,#7784,#7789));
#7776 = ORIENTED_EDGE('',*,*,#7763,.F.);
#7777 = ORIENTED_EDGE('',*,*,#7778,.F.);
#7778 = EDGE_CURVE('',#7779,#7757,#7781,.T.);
#7779 = VERTEX_POINT('',#7780);
#7780 = CARTESIAN_POINT('',(-20.6,-14.6,1.4));
#7781 = B_SPLINE_CURVE_WITH_KNOTS('',1,(#7782,#7783),.UNSPECIFIED.,.F.,
  .F.,(2,2),(0.,6.),.PIECEWISE_BEZIER_KNOTS.);
#7782 = CARTESIAN_POINT('',(-20.6,-14.6,1.4));
#7783 = CARTESIAN_POINT('',(-14.6,-14.6,1.4));
#7784 = ORIENTED_EDGE('',*,*,#7785,.T.);
#7785 = EDGE_CURVE('',#7779,#5579,#7786,.T.);
#7786 = B_SPLINE_CURVE_WITH_KNOTS('',1,(#7787,#7788),.UNSPECIFIED.,.F.,
  .F.,(2,2),(0.,0.6),.PIECEWISE_BEZIER_KNOTS.);
#7787 = CARTESIAN_POINT('',(-20.6,-14.6,1.4));
#7788 = CARTESIAN_POINT('',(-20.6,-14.6,2.));
#7789 = ORIENTED_EDGE('',*,*,#5578,.F.);
#7790 = B_SPLINE_SURFACE_WITH_KNOTS('',1,1,(
    (#7791,#7792)
    ,(#7793,#7794
    )),.UNSPECIFIED.,.F.,.F.,.F.,(2,2),(2,2),(0.,0.6),(0.,6.),
  .PIECEWISE_BEZIER_KNOTS.);
#7791 = CARTESIAN_POINT('',(-20.6,-14.6,1.4));
#7792 = CARTESIAN_POINT('',(-14.6,-14.6,1.4));
#7793 = CARTESIAN_POINT('',(-20.6,-14.6,2.));
#7794 = CARTESIAN_POINT('',(-14.6,-14.6,2.));
#7795 = ADVANCED_FACE('',(#7796),#7806,.T.);
#7796 = FACE_BOUND('',#7797,.T.);
#7797 = EDGE_LOOP('',(#7798,#7799,#7804,#7805));
#7798 = ORIENTED_EDGE('',*,*,#7741,.F.);
#7799 = ORIENTED_EDGE('',*,*,#7800,.T.);
#7800 = EDGE_CURVE('',#7735,#7779,#7801,.T.);
#7801 = B_SPLINE_CURVE_WITH_KNOTS('',1,(#7802,#7803),.UNSPECIFIED.,.F.,
  .F.,(2,2),(0.,6.),.PIECEWISE_BEZIER_KNOTS.);
#7802 = CARTESIAN_POINT('',(-20.6,-20.6,1.4));
#7803 = CARTESIAN_POINT('',(-20.6,-14.6,1.4));
#7804 = ORIENTED_EDGE('',*,*,#7785,.T.);
#7805 = ORIENTED_EDGE('',*,*,#5600,.T.);
#7806 = B_SPLINE_SURFACE_WITH_KNOTS('',1,1,(
    (#7807,#7808)
    ,(#7809,#7810
    )),.UNSPECIFIED.,.F.,.F.,.F.,(2,2),(2,2),(0.,0.6),(-6.,0.),
  .PIECEWISE_BEZIER_KNOTS.);
#7807 = CARTESIAN_POINT('',(-20.6,-14.6,1.4));
#7808 = CARTESIAN_POINT('',(-20.6,-20.6,1.4));
#7809 = CARTESIAN_POINT('',(-20.6,-14.6,2.));
#7810 = CARTESIAN_POINT('',(-20.6,-20.6,2.));
#7811 = ADVANCED_FACE('',(#7812),#7834,.T.);
#7812 = FACE_BOUND('',#7813,.T.);
#7813 = EDGE_LOOP('',(#7814,#7821,#7828,#7833));
#7814 = ORIENTED_EDGE('',*,*,#7815,.F.);
#7815 = EDGE_CURVE('',#7816,#5623,#7818,.T.);
#7816 = VERTEX_POINT('',#7817);
#7817 = CARTESIAN_POINT('',(-5.8,-20.6,1.4));
#7818 = B_SPLINE_CURVE_WITH_KNOTS('',1,(#7819,#7820),.UNSPECIFIED.,.F.,
  .F.,(2,2),(0.,0.6),.PIECEWISE_BEZIER_KNOTS.);
#7819 = CARTESIAN_POINT('',(-5.8,-20.6,1.4));
#7820 = CARTESIAN_POINT('',(-5.8,-20.6,2.));
#7821 = ORIENTED_EDGE('',*,*,#7822,.F.);
#7822 = EDGE_CURVE('',#7823,#7816,#7825,.T.);
#7823 = VERTEX_POINT('',#7824);
#7824 = CARTESIAN_POINT('',(-11.8,-20.6,1.4));
#7825 = B_SPLINE_CURVE_WITH_KNOTS('',1,(#7826,#7827),.UNSPECIFIED.,.F.,
  .F.,(2,2),(0.,6.),.PIECEWISE_BEZIER_KNOTS.);
#7826 = CARTESIAN_POINT('',(-11.8,-20.6,1.4));
#7827 = CARTESIAN_POINT('',(-5.8,-20.6,1.4));
#7828 = ORIENTED_EDGE('',*,*,#7829,.T.);
#7829 = EDGE_CURVE('',#7823,#5616,#7830,.T.);
#7830 = B_SPLINE_CURVE_WITH_KNOTS('',1,(#7831,#7832),.UNSPECIFIED.,.F.,
  .F.,(2,2),(0.,0.6),.PIECEWISE_BEZIER_KNOTS.);
#7831 = CARTESIAN_POINT('',(-11.8,-20.6,1.4));
#7832 = CARTESIAN_POINT('',(-11.8,-20.6,2.));
#7833 = ORIENTED_EDGE('',*,*,#5622,.T.);
#7834 = B_SPLINE_SURFACE_WITH_KNOTS('',1,1,(
    (#7835,#7836)
    ,(#7837,#7838
    )),.UNSPECIFIED.,.F.,.F.,.F.,(2,2),(2,2),(0.,0.6),(0.,6.),
  .PIECEWISE_BEZIER_KNOTS.);
#7835 = CARTESIAN_POINT('',(-11.8,-20.6,1.4));
#7836 = CARTESIAN_POINT('',(-5.8,-20.6,1.4));
#7837 = CARTESIAN_POINT('',(-11.8,-20.6,2.));
#7838 = CARTESIAN_POINT('',(-5.8,-20.6,2.));
#7839 = ADVANCED_FACE('',(#7840),#7856,.F.);
#7840 = FACE_BOUND('',#7841,.F.);
#7841 = EDGE_LOOP('',(#7842,#7843,#7850,#7855));
#7842 = ORIENTED_EDGE('',*,*,#7815,.F.);
#7843 = ORIENTED_EDGE('',*,*,#7844,.T.);
#7844 = EDGE_CURVE('',#7816,#7845,#7847,.T.);
#7845 = VERTEX_POINT('',#7846);
#7846 = CARTESIAN_POINT('',(-5.8,-14.6,1.4));
#7847 = B_SPLINE_CURVE_WITH_KNOTS('',1,(#7848,#7849),.UNSPECIFIED.,.F.,
  .F.,(2,2),(0.,6.),.PIECEWISE_BEZIER_KNOTS.);
#7848 = CARTESIAN_POINT('',(-5.8,-20.6,1.4));
#7849 = CARTESIAN_POINT('',(-5.8,-14.6,1.4));
#7850 = ORIENTED_EDGE('',*,*,#7851,.T.);
#7851 = EDGE_CURVE('',#7845,#5645,#7852,.T.);
#7852 = B_SPLINE_CURVE_WITH_KNOTS('',1,(#7853,#7854),.UNSPECIFIED.,.F.,
  .F.,(2,2),(0.,0.6),.PIECEWISE_BEZIER_KNOTS.);
#7853 = CARTESIAN_POINT('',(-5.8,-14.6,1.4));
#7854 = CARTESIAN_POINT('',(-5.8,-14.6,2.));
#7855 = ORIENTED_EDGE('',*,*,#5644,.F.);
#7856 = B_SPLINE_SURFACE_WITH_KNOTS('',1,1,(
    (#7857,#7858)
    ,(#7859,#7860
    )),.UNSPECIFIED.,.F.,.F.,.F.,(2,2),(2,2),(0.,0.6),(-6.,0.),
  .PIECEWISE_BEZIER_KNOTS.);
#7857 = CARTESIAN_POINT('',(-5.8,-14.6,1.4));
#7858 = CARTESIAN_POINT('',(-5.8,-20.6,1.4));
#7859 = CARTESIAN_POINT('',(-5.8,-14.6,2.));
#7860 = CARTESIAN_POINT('',(-5.8,-20.6,2.));
#7861 = ADVANCED_FACE('',(#7862),#7878,.F.);
#7862 = FACE_BOUND('',#7863,.F.);
#7863 = EDGE_LOOP('',(#7864,#7865,#7872,#7877));
#7864 = ORIENTED_EDGE('',*,*,#7851,.F.);
#7865 = ORIENTED_EDGE('',*,*,#7866,.F.);
#7866 = EDGE_CURVE('',#7867,#7845,#7869,.T.);
#7867 = VERTEX_POINT('',#7868);
#7868 = CARTESIAN_POINT('',(-11.8,-14.6,1.4));
#7869 = B_SPLINE_CURVE_WITH_KNOTS('',1,(#7870,#7871),.UNSPECIFIED.,.F.,
  .F.,(2,2),(0.,6.),.PIECEWISE_BEZIER_KNOTS.);
#7870 = CARTESIAN_POINT('',(-11.8,-14.6,1.4));
#7871 = CARTESIAN_POINT('',(-5.8,-14.6,1.4));
#7872 = ORIENTED_EDGE('',*,*,#7873,.T.);
#7873 = EDGE_CURVE('',#7867,#5667,#7874,.T.);
#7874 = B_SPLINE_CURVE_WITH_KNOTS('',1,(#7875,#7876),.UNSPECIFIED.,.F.,
  .F.,(2,2),(0.,0.6),.PIECEWISE_BEZIER_KNOTS.);
#7875 = CARTESIAN_POINT('',(-11.8,-14.6,1.4));
#7876 = CARTESIAN_POINT('',(-11.8,-14.6,2.));
#7877 = ORIENTED_EDGE('',*,*,#5666,.F.);
#7878 = B_SPLINE_SURFACE_WITH_KNOTS('',1,1,(
    (#7879,#7880)
    ,(#7881,#7882
    )),.UNSPECIFIED.,.F.,.F.,.F.,(2,2),(2,2),(0.,0.6),(0.,6.),
  .PIECEWISE_BEZIER_KNOTS.);
#7879 = CARTESIAN_POINT('',(-11.8,-14.6,1.4));
#7880 = CARTESIAN_POINT('',(-5.8,-14.6,1.4));
#7881 = CARTESIAN_POINT('',(-11.8,-14.6,2.));
#7882 = CARTESIAN_POINT('',(-5.8,-14.6,2.));
#7883 = ADVANCED_FACE('',(#7884),#7894,.T.);
#7884 = FACE_BOUND('',#7885,.T.);
#7885 = EDGE_LOOP('',(#7886,#7887,#7892,#7893));
#7886 = ORIENTED_EDGE('',*,*,#7829,.F.);
#7887 = ORIENTED_EDGE('',*,*,#7888,.T.);
#7888 = EDGE_CURVE('',#7823,#7867,#7889,.T.);
#7889 = B_SPLINE_CURVE_WITH_KNOTS('',1,(#7890,#7891),.UNSPECIFIED.,.F.,
  .F.,(2,2),(0.,6.),.PIECEWISE_BEZIER_KNOTS.);
#7890 = CARTESIAN_POINT('',(-11.8,-20.6,1.4));
#7891 = CARTESIAN_POINT('',(-11.8,-14.6,1.4));
#7892 = ORIENTED_EDGE('',*,*,#7873,.T.);
#7893 = ORIENTED_EDGE('',*,*,#5688,.T.);
#7894 = B_SPLINE_SURFACE_WITH_KNOTS('',1,1,(
    (#7895,#7896)
    ,(#7897,#7898
    )),.UNSPECIFIED.,.F.,.F.,.F.,(2,2),(2,2),(0.,0.6),(-6.,0.),
  .PIECEWISE_BEZIER_KNOTS.);
#7895 = CARTESIAN_POINT('',(-11.8,-14.6,1.4));
#7896 = CARTESIAN_POINT('',(-11.8,-20.6,1.4));
#7897 = CARTESIAN_POINT('',(-11.8,-14.6,2.));
#7898 = CARTESIAN_POINT('',(-11.8,-20.6,2.));
#7899 = ADVANCED_FACE('',(#7900),#7922,.T.);
#7900 = FACE_BOUND('',#7901,.T.);
#7901 = EDGE_LOOP('',(#7902,#7909,#7916,#7921));
#7902 = ORIENTED_EDGE('',*,*,#7903,.F.);
#7903 = EDGE_CURVE('',#7904,#5711,#7906,.T.);
#7904 = VERTEX_POINT('',#7905);
#7905 = CARTESIAN_POINT('',(-14.6,-11.8,1.4));
#7906 = B_SPLINE_CURVE_WITH_KNOTS('',1,(#7907,#7908),.UNSPECIFIED.,.F.,
  .F.,(2,2),(0.,0.6),.PIECEWISE_BEZIER_KNOTS.);
#7907 = CARTESIAN_POINT('',(-14.6,-11.8,1.4));
#7908 = CARTESIAN_POINT('',(-14.6,-11.8,2.));
#7909 = ORIENTED_EDGE('',*,*,#7910,.F.);
#7910 = EDGE_CURVE('',#7911,#7904,#7913,.T.);
#7911 = VERTEX_POINT('',#7912);
#7912 = CARTESIAN_POINT('',(-20.6,-11.8,1.4));
#7913 = B_SPLINE_CURVE_WITH_KNOTS('',1,(#7914,#7915),.UNSPECIFIED.,.F.,
  .F.,(2,2),(0.,6.),.PIECEWISE_BEZIER_KNOTS.);
#7914 = CARTESIAN_POINT('',(-20.6,-11.8,1.4));
#7915 = CARTESIAN_POINT('',(-14.6,-11.8,1.4));
#7916 = ORIENTED_EDGE('',*,*,#7917,.T.);
#7917 = EDGE_CURVE('',#7911,#5704,#7918,.T.);
#7918 = B_SPLINE_CURVE_WITH_KNOTS('',1,(#7919,#7920),.UNSPECIFIED.,.F.,
  .F.,(2,2),(0.,0.6),.PIECEWISE_BEZIER_KNOTS.);
#7919 = CARTESIAN_POINT('',(-20.6,-11.8,1.4));
#7920 = CARTESIAN_POINT('',(-20.6,-11.8,2.));
#7921 = ORIENTED_EDGE('',*,*,#5710,.T.);
#7922 = B_SPLINE_SURFACE_WITH_KNOTS('',1,1,(
    (#7923,#7924)
    ,(#7925,#7926
    )),.UNSPECIFIED.,.F.,.F.,.F.,(2,2),(2,2),(0.,0.6),(0.,6.),
  .PIECEWISE_BEZIER_KNOTS.);
#7923 = CARTESIAN_POINT('',(-20.6,-11.8,1.4));
#7924 = CARTESIAN_POINT('',(-14.6,-11.8,1.4));
#7925 = CARTESIAN_POINT('',(-20.6,-11.8,2.));
#7926 = CARTESIAN_POINT('',(-14.6,-11.8,2.));
#7927 = ADVANCED_FACE('',(#7928),#7944,.F.);
#7928 = FACE_BOUND('',#7929,.F.);
#7929 = EDGE_LOOP('',(#7930,#7931,#7938,#7943));
#7930 = ORIENTED_EDGE('',*,*,#7903,.F.);
#7931 = ORIENTED_EDGE('',*,*,#7932,.T.);
#7932 = EDGE_CURVE('',#7904,#7933,#7935,.T.);
#7933 = VERTEX_POINT('',#7934);
#7934 = CARTESIAN_POINT('',(-14.6,-5.8,1.4));
#7935 = B_SPLINE_CURVE_WITH_KNOTS('',1,(#7936,#7937),.UNSPECIFIED.,.F.,
  .F.,(2,2),(0.,6.),.PIECEWISE_BEZIER_KNOTS.);
#7936 = CARTESIAN_POINT('',(-14.6,-11.8,1.4));
#7937 = CARTESIAN_POINT('',(-14.6,-5.8,1.4));
#7938 = ORIENTED_EDGE('',*,*,#7939,.T.);
#7939 = EDGE_CURVE('',#7933,#5733,#7940,.T.);
#7940 = B_SPLINE_CURVE_WITH_KNOTS('',1,(#7941,#7942),.UNSPECIFIED.,.F.,
  .F.,(2,2),(0.,0.6),.PIECEWISE_BEZIER_KNOTS.);
#7941 = CARTESIAN_POINT('',(-14.6,-5.8,1.4));
#7942 = CARTESIAN_POINT('',(-14.6,-5.8,2.));
#7943 = ORIENTED_EDGE('',*,*,#5732,.F.);
#7944 = B_SPLINE_SURFACE_WITH_KNOTS('',1,1,(
    (#7945,#7946)
    ,(#7947,#7948
    )),.UNSPECIFIED.,.F.,.F.,.F.,(2,2),(2,2),(0.,0.6),(-6.,0.),
  .PIECEWISE_BEZIER_KNOTS.);
#7945 = CARTESIAN_POINT('',(-14.6,-5.8,1.4));
#7946 = CARTESIAN_POINT('',(-14.6,-11.8,1.4));
#7947 = CARTESIAN_POINT('',(-14.6,-5.8,2.));
#7948 = CARTESIAN_POINT('',(-14.6,-11.8,2.));
#7949 = ADVANCED_FACE('',(#7950),#7966,.F.);
#7950 = FACE_BOUND('',#7951,.F.);
#7951 = EDGE_LOOP('',(#7952,#7953,#7960,#7965));
#7952 = ORIENTED_EDGE('',*,*,#7939,.F.);
#7953 = ORIENTED_EDGE('',*,*,#7954,.F.);
#7954 = EDGE_CURVE('',#7955,#7933,#7957,.T.);
#7955 = VERTEX_POINT('',#7956);
#7956 = CARTESIAN_POINT('',(-20.6,-5.8,1.4));
#7957 = B_SPLINE_CURVE_WITH_KNOTS('',1,(#7958,#7959),.UNSPECIFIED.,.F.,
  .F.,(2,2),(0.,6.),.PIECEWISE_BEZIER_KNOTS.);
#7958 = CARTESIAN_POINT('',(-20.6,-5.8,1.4));
#7959 = CARTESIAN_POINT('',(-14.6,-5.8,1.4));
#7960 = ORIENTED_EDGE('',*,*,#7961,.T.);
#7961 = EDGE_CURVE('',#7955,#5755,#7962,.T.);
#7962 = B_SPLINE_CURVE_WITH_KNOTS('',1,(#7963,#7964),.UNSPECIFIED.,.F.,
  .F.,(2,2),(0.,0.6),.PIECEWISE_BEZIER_KNOTS.);
#7963 = CARTESIAN_POINT('',(-20.6,-5.8,1.4));
#7964 = CARTESIAN_POINT('',(-20.6,-5.8,2.));
#7965 = ORIENTED_EDGE('',*,*,#5754,.F.);
#7966 = B_SPLINE_SURFACE_WITH_KNOTS('',1,1,(
    (#7967,#7968)
    ,(#7969,#7970
    )),.UNSPECIFIED.,.F.,.F.,.F.,(2,2),(2,2),(0.,0.6),(0.,6.),
  .PIECEWISE_BEZIER_KNOTS.);
#7967 = CARTESIAN_POINT('',(-20.6,-5.8,1.4));
#7968 = CARTESIAN_POINT('',(-14.6,-5.8,1.4));
#7969 = CARTESIAN_POINT('',(-20.6,-5.8,2.));
#7970 = CARTESIAN_POINT('',(-14.6,-5.8,2.));
#7971 = ADVANCED_FACE('',(#7972),#7982,.T.);
#7972 = FACE_BOUND('',#7973,.T.);
#7973 = EDGE_LOOP('',(#7974,#7975,#7980,#7981));
#7974 = ORIENTED_EDGE('',*,*,#7917,.F.);
#7975 = ORIENTED_EDGE('',*,*,#7976,.T.);
#7976 = EDGE_CURVE('',#7911,#7955,#7977,.T.);
#7977 = B_SPLINE_CURVE_WITH_KNOTS('',1,(#7978,#7979),.UNSPECIFIED.,.F.,
  .F.,(2,2),(0.,6.),.PIECEWISE_BEZIER_KNOTS.);
#7978 = CARTESIAN_POINT('',(-20.6,-11.8,1.4));
#7979 = CARTESIAN_POINT('',(-20.6,-5.8,1.4));
#7980 = ORIENTED_EDGE('',*,*,#7961,.T.);
#7981 = ORIENTED_EDGE('',*,*,#5776,.T.);
#7982 = B_SPLINE_SURFACE_WITH_KNOTS('',1,1,(
    (#7983,#7984)
    ,(#7985,#7986
    )),.UNSPECIFIED.,.F.,.F.,.F.,(2,2),(2,2),(0.,0.6),(-6.,0.),
  .PIECEWISE_BEZIER_KNOTS.);
#7983 = CARTESIAN_POINT('',(-20.6,-5.8,1.4));
#7984 = CARTESIAN_POINT('',(-20.6,-11.8,1.4));
#7985 = CARTESIAN_POINT('',(-20.6,-5.8,2.));
#7986 = CARTESIAN_POINT('',(-20.6,-11.8,2.));
#7987 = ADVANCED_FACE('',(#7988),#8010,.T.);
#7988 = FACE_BOUND('',#7989,.T.);
#7989 = EDGE_LOOP('',(#7990,#7997,#8004,#8009));
#7990 = ORIENTED_EDGE('',*,*,#7991,.F.);
#7991 = EDGE_CURVE('',#7992,#5799,#7994,.T.);
#7992 = VERTEX_POINT('',#7993);
#7993 = CARTESIAN_POINT('',(-5.8,-11.8,1.4));
#7994 = B_SPLINE_CURVE_WITH_KNOTS('',1,(#7995,#7996),.UNSPECIFIED.,.F.,
  .F.,(2,2),(0.,0.6),.PIECEWISE_BEZIER_KNOTS.);
#7995 = CARTESIAN_POINT('',(-5.8,-11.8,1.4));
#7996 = CARTESIAN_POINT('',(-5.8,-11.8,2.));
#7997 = ORIENTED_EDGE('',*,*,#7998,.F.);
#7998 = EDGE_CURVE('',#7999,#7992,#8001,.T.);
#7999 = VERTEX_POINT('',#8000);
#8000 = CARTESIAN_POINT('',(-11.8,-11.8,1.4));
#8001 = B_SPLINE_CURVE_WITH_KNOTS('',1,(#8002,#8003),.UNSPECIFIED.,.F.,
  .F.,(2,2),(0.,6.),.PIECEWISE_BEZIER_KNOTS.);
#8002 = CARTESIAN_POINT('',(-11.8,-11.8,1.4));
#8003 = CARTESIAN_POINT('',(-5.8,-11.8,1.4));
#8004 = ORIENTED_EDGE('',*,*,#8005,.T.);
#8005 = EDGE_CURVE('',#7999,#5792,#8006,.T.);
#8006 = B_SPLINE_CURVE_WITH_KNOTS('',1,(#8007,#8008),.UNSPECIFIED.,.F.,
  .F.,(2,2),(0.,0.6),.PIECEWISE_BEZIER_KNOTS.);
#8007 = CARTESIAN_POINT('',(-11.8,-11.8,1.4));
#8008 = CARTESIAN_POINT('',(-11.8,-11.8,2.));
#8009 = ORIENTED_EDGE('',*,*,#5798,.T.);
#8010 = B_SPLINE_SURFACE_WITH_KNOTS('',1,1,(
    (#8011,#8012)
    ,(#8013,#8014
    )),.UNSPECIFIED.,.F.,.F.,.F.,(2,2),(2,2),(0.,0.6),(0.,6.),
  .PIECEWISE_BEZIER_KNOTS.);
#8011 = CARTESIAN_POINT('',(-11.8,-11.8,1.4));
#8012 = CARTESIAN_POINT('',(-5.8,-11.8,1.4));
#8013 = CARTESIAN_POINT('',(-11.8,-11.8,2.));
#8014 = CARTESIAN_POINT('',(-5.8,-11.8,2.));
#8015 = ADVANCED_FACE('',(#8016),#8032,.F.);
#8016 = FACE_BOUND('',#8017,.F.);
#8017 = EDGE_LOOP('',(#8018,#8019,#8026,#8031));
#8018 = ORIENTED_EDGE('',*,*,#7991,.F.);
#8019 = ORIENTED_EDGE('',*,*,#8020,.T.);
#8020 = EDGE_CURVE('',#7992,#8021,#8023,.T.);
#8021 = VERTEX_POINT('',#8022);
#8022 = CARTESIAN_POINT('',(-5.8,-5.8,1.4));
#8023 = B_SPLINE_CURVE_WITH_KNOTS('',1,(#8024,#8025),.UNSPECIFIED.,.F.,
  .F.,(2,2),(0.,6.),.PIECEWISE_BEZIER_KNOTS.);
#8024 = CARTESIAN_POINT('',(-5.8,-11.8,1.4));
#8025 = CARTESIAN_POINT('',(-5.8,-5.8,1.4));
#8026 = ORIENTED_EDGE('',*,*,#8027,.T.);
#8027 = EDGE_CURVE('',#8021,#5821,#8028,.T.);
#8028 = B_SPLINE_CURVE_WITH_KNOTS('',1,(#8029,#8030),.UNSPECIFIED.,.F.,
  .F.,(2,2),(0.,0.6),.PIECEWISE_BEZIER_KNOTS.);
#8029 = CARTESIAN_POINT('',(-5.8,-5.8,1.4));
#8030 = CARTESIAN_POINT('',(-5.8,-5.8,2.));
#8031 = ORIENTED_EDGE('',*,*,#5820,.F.);
#8032 = B_SPLINE_SURFACE_WITH_KNOTS('',1,1,(
    (#8033,#8034)
    ,(#8035,#8036
    )),.UNSPECIFIED.,.F.,.F.,.F.,(2,2),(2,2),(0.,0.6),(-6.,0.),
  .PIECEWISE_BEZIER_KNOTS.);
#8033 = CARTESIAN_POINT('',(-5.8,-5.8,1.4));
#8034 = CARTESIAN_POINT('',(-5.8,-11.8,1.4));
#8035 = CARTESIAN_POINT('',(-5.8,-5.8,2.));
#8036 = CARTESIAN_POINT('',(-5.8,-11.8,2.));
#8037 = ADVANCED_FACE('',(#8038),#8054,.F.);
#8038 = FACE_BOUND('',#8039,.F.);
#8039 = EDGE_LOOP('',(#8040,#8041,#8048,#8053));
#8040 = ORIENTED_EDGE('',*,*,#8027,.F.);
#8041 = ORIENTED_EDGE('',*,*,#8042,.F.);
#8042 = EDGE_CURVE('',#8043,#8021,#8045,.T.);
#8043 = VERTEX_POINT('',#8044);
#8044 = CARTESIAN_POINT('',(-11.8,-5.8,1.4));
#8045 = B_SPLINE_CURVE_WITH_KNOTS('',1,(#8046,#8047),.UNSPECIFIED.,.F.,
  .F.,(2,2),(0.,6.),.PIECEWISE_BEZIER_KNOTS.);
#8046 = CARTESIAN_POINT('',(-11.8,-5.8,1.4));
#8047 = CARTESIAN_POINT('',(-5.8,-5.8,1.4));
#8048 = ORIENTED_EDGE('',*,*,#8049,.T.);
#8049 = EDGE_CURVE('',#8043,#5843,#8050,.T.);
#8050 = B_SPLINE_CURVE_WITH_KNOTS('',1,(#8051,#8052),.UNSPECIFIED.,.F.,
  .F.,(2,2),(0.,0.6),.PIECEWISE_BEZIER_KNOTS.);
#8051 = CARTESIAN_POINT('',(-11.8,-5.8,1.4));
#8052 = CARTESIAN_POINT('',(-11.8,-5.8,2.));
#8053 = ORIENTED_EDGE('',*,*,#5842,.F.);
#8054 = B_SPLINE_SURFACE_WITH_KNOTS('',1,1,(
    (#8055,#8056)
    ,(#8057,#8058
    )),.UNSPECIFIED.,.F.,.F.,.F.,(2,2),(2,2),(0.,0.6),(0.,6.),
  .PIECEWISE_BEZIER_KNOTS.);
#8055 = CARTESIAN_POINT('',(-11.8,-5.8,1.4));
#8056 = CARTESIAN_POINT('',(-5.8,-5.8,1.4));
#8057 = CARTESIAN_POINT('',(-11.8,-5.8,2.));
#8058 = CARTESIAN_POINT('',(-5.8,-5.8,2.));
#8059 = ADVANCED_FACE('',(#8060),#8070,.T.);
#8060 = FACE_BOUND('',#8061,.T.);
#8061 = EDGE_LOOP('',(#8062,#8063,#8068,#8069));
#8062 = ORIENTED_EDGE('',*,*,#8005,.F.);
#8063 = ORIENTED_EDGE('',*,*,#8064,.T.);
#8064 = EDGE_CURVE('',#7999,#8043,#8065,.T.);
#8065 = B_SPLINE_CURVE_WITH_KNOTS('',1,(#8066,#8067),.UNSPECIFIED.,.F.,
  .F.,(2,2),(0.,6.),.PIECEWISE_BEZIER_KNOTS.);
#8066 = CARTESIAN_POINT('',(-11.8,-11.8,1.4));
#8067 = CARTESIAN_POINT('',(-11.8,-5.8,1.4));
#8068 = ORIENTED_EDGE('',*,*,#8049,.T.);
#8069 = ORIENTED_EDGE('',*,*,#5864,.T.);
#8070 = B_SPLINE_SURFACE_WITH_KNOTS('',1,1,(
    (#8071,#8072)
    ,(#8073,#8074
    )),.UNSPECIFIED.,.F.,.F.,.F.,(2,2),(2,2),(0.,0.6),(-6.,0.),
  .PIECEWISE_BEZIER_KNOTS.);
#8071 = CARTESIAN_POINT('',(-11.8,-5.8,1.4));
#8072 = CARTESIAN_POINT('',(-11.8,-11.8,1.4));
#8073 = CARTESIAN_POINT('',(-11.8,-5.8,2.));
#8074 = CARTESIAN_POINT('',(-11.8,-11.8,2.));
#8075 = ADVANCED_FACE('',(#8076),#8098,.T.);
#8076 = FACE_BOUND('',#8077,.T.);
#8077 = EDGE_LOOP('',(#8078,#8085,#8092,#8097));
#8078 = ORIENTED_EDGE('',*,*,#8079,.F.);
#8079 = EDGE_CURVE('',#8080,#5887,#8082,.T.);
#8080 = VERTEX_POINT('',#8081);
#8081 = CARTESIAN_POINT('',(3.,-20.6,1.4));
#8082 = B_SPLINE_CURVE_WITH_KNOTS('',1,(#8083,#8084),.UNSPECIFIED.,.F.,
  .F.,(2,2),(0.,0.6),.PIECEWISE_BEZIER_KNOTS.);
#8083 = CARTESIAN_POINT('',(3.,-20.6,1.4));
#8084 = CARTESIAN_POINT('',(3.,-20.6,2.));
#8085 = ORIENTED_EDGE('',*,*,#8086,.F.);
#8086 = EDGE_CURVE('',#8087,#8080,#8089,.T.);
#8087 = VERTEX_POINT('',#8088);
#8088 = CARTESIAN_POINT('',(-3.,-20.6,1.4));
#8089 = B_SPLINE_CURVE_WITH_KNOTS('',1,(#8090,#8091),.UNSPECIFIED.,.F.,
  .F.,(2,2),(0.,6.),.PIECEWISE_BEZIER_KNOTS.);
#8090 = CARTESIAN_POINT('',(-3.,-20.6,1.4));
#8091 = CARTESIAN_POINT('',(3.,-20.6,1.4));
#8092 = ORIENTED_EDGE('',*,*,#8093,.T.);
#8093 = EDGE_CURVE('',#8087,#5880,#8094,.T.);
#8094 = B_SPLINE_CURVE_WITH_KNOTS('',1,(#8095,#8096),.UNSPECIFIED.,.F.,
  .F.,(2,2),(0.,0.6),.PIECEWISE_BEZIER_KNOTS.);
#8095 = CARTESIAN_POINT('',(-3.,-20.6,1.4));
#8096 = CARTESIAN_POINT('',(-3.,-20.6,2.));
#8097 = ORIENTED_EDGE('',*,*,#5886,.T.);
#8098 = B_SPLINE_SURFACE_WITH_KNOTS('',1,1,(
    (#8099,#8100)
    ,(#8101,#8102
    )),.UNSPECIFIED.,.F.,.F.,.F.,(2,2),(2,2),(0.,0.6),(0.,6.),
  .PIECEWISE_BEZIER_KNOTS.);
#8099 = CARTESIAN_POINT('',(-3.,-20.6,1.4));
#8100 = CARTESIAN_POINT('',(3.,-20.6,1.4));
#8101 = CARTESIAN_POINT('',(-3.,-20.6,2.));
#8102 = CARTESIAN_POINT('',(3.,-20.6,2.));
#8103 = ADVANCED_FACE('',(#8104),#8120,.F.);
#8104 = FACE_BOUND('',#8105,.F.);
#8105 = EDGE_LOOP('',(#8106,#8107,#8114,#8119));
#8106 = ORIENTED_EDGE('',*,*,#8079,.F.);
#8107 = ORIENTED_EDGE('',*,*,#8108,.T.);
#8108 = EDGE_CURVE('',#8080,#8109,#8111,.T.);
#8109 = VERTEX_POINT('',#8110);
#8110 = CARTESIAN_POINT('',(3.,-14.6,1.4));
#8111 = B_SPLINE_CURVE_WITH_KNOTS('',1,(#8112,#8113),.UNSPECIFIED.,.F.,
  .F.,(2,2),(0.,6.),.PIECEWISE_BEZIER_KNOTS.);
#8112 = CARTESIAN_POINT('',(3.,-20.6,1.4));
#8113 = CARTESIAN_POINT('',(3.,-14.6,1.4));
#8114 = ORIENTED_EDGE('',*,*,#8115,.T.);
#8115 = EDGE_CURVE('',#8109,#5909,#8116,.T.);
#8116 = B_SPLINE_CURVE_WITH_KNOTS('',1,(#8117,#8118),.UNSPECIFIED.,.F.,
  .F.,(2,2),(0.,0.6),.PIECEWISE_BEZIER_KNOTS.);
#8117 = CARTESIAN_POINT('',(3.,-14.6,1.4));
#8118 = CARTESIAN_POINT('',(3.,-14.6,2.));
#8119 = ORIENTED_EDGE('',*,*,#5908,.F.);
#8120 = B_SPLINE_SURFACE_WITH_KNOTS('',1,1,(
    (#8121,#8122)
    ,(#8123,#8124
    )),.UNSPECIFIED.,.F.,.F.,.F.,(2,2),(2,2),(0.,0.6),(-6.,0.),
  .PIECEWISE_BEZIER_KNOTS.);
#8121 = CARTESIAN_POINT('',(3.,-14.6,1.4));
#8122 = CARTESIAN_POINT('',(3.,-20.6,1.4));
#8123 = CARTESIAN_POINT('',(3.,-14.6,2.));
#8124 = CARTESIAN_POINT('',(3.,-20.6,2.));
#8125 = ADVANCED_FACE('',(#8126),#8142,.F.);
#8126 = FACE_BOUND('',#8127,.F.);
#8127 = EDGE_LOOP('',(#8128,#8129,#8136,#8141));
#8128 = ORIENTED_EDGE('',*,*,#8115,.F.);
#8129 = ORIENTED_EDGE('',*,*,#8130,.F.);
#8130 = EDGE_CURVE('',#8131,#8109,#8133,.T.);
#8131 = VERTEX_POINT('',#8132);
#8132 = CARTESIAN_POINT('',(-3.,-14.6,1.4));
#8133 = B_SPLINE_CURVE_WITH_KNOTS('',1,(#8134,#8135),.UNSPECIFIED.,.F.,
  .F.,(2,2),(0.,6.),.PIECEWISE_BEZIER_KNOTS.);
#8134 = CARTESIAN_POINT('',(-3.,-14.6,1.4));
#8135 = CARTESIAN_POINT('',(3.,-14.6,1.4));
#8136 = ORIENTED_EDGE('',*,*,#8137,.T.);
#8137 = EDGE_CURVE('',#8131,#5931,#8138,.T.);
#8138 = B_SPLINE_CURVE_WITH_KNOTS('',1,(#8139,#8140),.UNSPECIFIED.,.F.,
  .F.,(2,2),(0.,0.6),.PIECEWISE_BEZIER_KNOTS.);
#8139 = CARTESIAN_POINT('',(-3.,-14.6,1.4));
#8140 = CARTESIAN_POINT('',(-3.,-14.6,2.));
#8141 = ORIENTED_EDGE('',*,*,#5930,.F.);
#8142 = B_SPLINE_SURFACE_WITH_KNOTS('',1,1,(
    (#8143,#8144)
    ,(#8145,#8146
    )),.UNSPECIFIED.,.F.,.F.,.F.,(2,2),(2,2),(0.,0.6),(0.,6.),
  .PIECEWISE_BEZIER_KNOTS.);
#8143 = CARTESIAN_POINT('',(-3.,-14.6,1.4));
#8144 = CARTESIAN_POINT('',(3.,-14.6,1.4));
#8145 = CARTESIAN_POINT('',(-3.,-14.6,2.));
#8146 = CARTESIAN_POINT('',(3.,-14.6,2.));
#8147 = ADVANCED_FACE('',(#8148),#8158,.T.);
#8148 = FACE_BOUND('',#8149,.T.);
#8149 = EDGE_LOOP('',(#8150,#8151,#8156,#8157));
#8150 = ORIENTED_EDGE('',*,*,#8093,.F.);
#8151 = ORIENTED_EDGE('',*,*,#8152,.T.);
#8152 = EDGE_CURVE('',#8087,#8131,#8153,.T.);
#8153 = B_SPLINE_CURVE_WITH_KNOTS('',1,(#8154,#8155),.UNSPECIFIED.,.F.,
  .F.,(2,2),(0.,6.),.PIECEWISE_BEZIER_KNOTS.);
#8154 = CARTESIAN_POINT('',(-3.,-20.6,1.4));
#8155 = CARTESIAN_POINT('',(-3.,-14.6,1.4));
#8156 = ORIENTED_EDGE('',*,*,#8137,.T.);
#8157 = ORIENTED_EDGE('',*,*,#5952,.T.);
#8158 = B_SPLINE_SURFACE_WITH_KNOTS('',1,1,(
    (#8159,#8160)
    ,(#8161,#8162
    )),.UNSPECIFIED.,.F.,.F.,.F.,(2,2),(2,2),(0.,0.6),(-6.,0.),
  .PIECEWISE_BEZIER_KNOTS.);
#8159 = CARTESIAN_POINT('',(-3.,-14.6,1.4));
#8160 = CARTESIAN_POINT('',(-3.,-20.6,1.4));
#8161 = CARTESIAN_POINT('',(-3.,-14.6,2.));
#8162 = CARTESIAN_POINT('',(-3.,-20.6,2.));
#8163 = ADVANCED_FACE('',(#8164),#8186,.T.);
#8164 = FACE_BOUND('',#8165,.T.);
#8165 = EDGE_LOOP('',(#8166,#8173,#8180,#8185));
#8166 = ORIENTED_EDGE('',*,*,#8167,.F.);
#8167 = EDGE_CURVE('',#8168,#5975,#8170,.T.);
#8168 = VERTEX_POINT('',#8169);
#8169 = CARTESIAN_POINT('',(11.8,-20.6,1.4));
#8170 = B_SPLINE_CURVE_WITH_KNOTS('',1,(#8171,#8172),.UNSPECIFIED.,.F.,
  .F.,(2,2),(0.,0.6),.PIECEWISE_BEZIER_KNOTS.);
#8171 = CARTESIAN_POINT('',(11.8,-20.6,1.4));
#8172 = CARTESIAN_POINT('',(11.8,-20.6,2.));
#8173 = ORIENTED_EDGE('',*,*,#8174,.F.);
#8174 = EDGE_CURVE('',#8175,#8168,#8177,.T.);
#8175 = VERTEX_POINT('',#8176);
#8176 = CARTESIAN_POINT('',(5.8,-20.6,1.4));
#8177 = B_SPLINE_CURVE_WITH_KNOTS('',1,(#8178,#8179),.UNSPECIFIED.,.F.,
  .F.,(2,2),(0.,6.),.PIECEWISE_BEZIER_KNOTS.);
#8178 = CARTESIAN_POINT('',(5.8,-20.6,1.4));
#8179 = CARTESIAN_POINT('',(11.8,-20.6,1.4));
#8180 = ORIENTED_EDGE('',*,*,#8181,.T.);
#8181 = EDGE_CURVE('',#8175,#5968,#8182,.T.);
#8182 = B_SPLINE_CURVE_WITH_KNOTS('',1,(#8183,#8184),.UNSPECIFIED.,.F.,
  .F.,(2,2),(0.,0.6),.PIECEWISE_BEZIER_KNOTS.);
#8183 = CARTESIAN_POINT('',(5.8,-20.6,1.4));
#8184 = CARTESIAN_POINT('',(5.8,-20.6,2.));
#8185 = ORIENTED_EDGE('',*,*,#5974,.T.);
#8186 = B_SPLINE_SURFACE_WITH_KNOTS('',1,1,(
    (#8187,#8188)
    ,(#8189,#8190
    )),.UNSPECIFIED.,.F.,.F.,.F.,(2,2),(2,2),(0.,0.6),(0.,6.),
  .PIECEWISE_BEZIER_KNOTS.);
#8187 = CARTESIAN_POINT('',(5.8,-20.6,1.4));
#8188 = CARTESIAN_POINT('',(11.8,-20.6,1.4));
#8189 = CARTESIAN_POINT('',(5.8,-20.6,2.));
#8190 = CARTESIAN_POINT('',(11.8,-20.6,2.));
#8191 = ADVANCED_FACE('',(#8192),#8208,.F.);
#8192 = FACE_BOUND('',#8193,.F.);
#8193 = EDGE_LOOP('',(#8194,#8195,#8202,#8207));
#8194 = ORIENTED_EDGE('',*,*,#8167,.F.);
#8195 = ORIENTED_EDGE('',*,*,#8196,.T.);
#8196 = EDGE_CURVE('',#8168,#8197,#8199,.T.);
#8197 = VERTEX_POINT('',#8198);
#8198 = CARTESIAN_POINT('',(11.8,-14.6,1.4));
#8199 = B_SPLINE_CURVE_WITH_KNOTS('',1,(#8200,#8201),.UNSPECIFIED.,.F.,
  .F.,(2,2),(0.,6.),.PIECEWISE_BEZIER_KNOTS.);
#8200 = CARTESIAN_POINT('',(11.8,-20.6,1.4));
#8201 = CARTESIAN_POINT('',(11.8,-14.6,1.4));
#8202 = ORIENTED_EDGE('',*,*,#8203,.T.);
#8203 = EDGE_CURVE('',#8197,#5997,#8204,.T.);
#8204 = B_SPLINE_CURVE_WITH_KNOTS('',1,(#8205,#8206),.UNSPECIFIED.,.F.,
  .F.,(2,2),(0.,0.6),.PIECEWISE_BEZIER_KNOTS.);
#8205 = CARTESIAN_POINT('',(11.8,-14.6,1.4));
#8206 = CARTESIAN_POINT('',(11.8,-14.6,2.));
#8207 = ORIENTED_EDGE('',*,*,#5996,.F.);
#8208 = B_SPLINE_SURFACE_WITH_KNOTS('',1,1,(
    (#8209,#8210)
    ,(#8211,#8212
    )),.UNSPECIFIED.,.F.,.F.,.F.,(2,2),(2,2),(0.,0.6),(-6.,0.),
  .PIECEWISE_BEZIER_KNOTS.);
#8209 = CARTESIAN_POINT('',(11.8,-14.6,1.4));
#8210 = CARTESIAN_POINT('',(11.8,-20.6,1.4));
#8211 = CARTESIAN_POINT('',(11.8,-14.6,2.));
#8212 = CARTESIAN_POINT('',(11.8,-20.6,2.));
#8213 = ADVANCED_FACE('',(#8214),#8230,.F.);
#8214 = FACE_BOUND('',#8215,.F.);
#8215 = EDGE_LOOP('',(#8216,#8217,#8224,#8229));
#8216 = ORIENTED_EDGE('',*,*,#8203,.F.);
#8217 = ORIENTED_EDGE('',*,*,#8218,.F.);
#8218 = EDGE_CURVE('',#8219,#8197,#8221,.T.);
#8219 = VERTEX_POINT('',#8220);
#8220 = CARTESIAN_POINT('',(5.8,-14.6,1.4));
#8221 = B_SPLINE_CURVE_WITH_KNOTS('',1,(#8222,#8223),.UNSPECIFIED.,.F.,
  .F.,(2,2),(0.,6.),.PIECEWISE_BEZIER_KNOTS.);
#8222 = CARTESIAN_POINT('',(5.8,-14.6,1.4));
#8223 = CARTESIAN_POINT('',(11.8,-14.6,1.4));
#8224 = ORIENTED_EDGE('',*,*,#8225,.T.);
#8225 = EDGE_CURVE('',#8219,#6019,#8226,.T.);
#8226 = B_SPLINE_CURVE_WITH_KNOTS('',1,(#8227,#8228),.UNSPECIFIED.,.F.,
  .F.,(2,2),(0.,0.6),.PIECEWISE_BEZIER_KNOTS.);
#8227 = CARTESIAN_POINT('',(5.8,-14.6,1.4));
#8228 = CARTESIAN_POINT('',(5.8,-14.6,2.));
#8229 = ORIENTED_EDGE('',*,*,#6018,.F.);
#8230 = B_SPLINE_SURFACE_WITH_KNOTS('',1,1,(
    (#8231,#8232)
    ,(#8233,#8234
    )),.UNSPECIFIED.,.F.,.F.,.F.,(2,2),(2,2),(0.,0.6),(0.,6.),
  .PIECEWISE_BEZIER_KNOTS.);
#8231 = CARTESIAN_POINT('',(5.8,-14.6,1.4));
#8232 = CARTESIAN_POINT('',(11.8,-14.6,1.4));
#8233 = CARTESIAN_POINT('',(5.8,-14.6,2.));
#8234 = CARTESIAN_POINT('',(11.8,-14.6,2.));
#8235 = ADVANCED_FACE('',(#8236),#8246,.T.);
#8236 = FACE_BOUND('',#8237,.T.);
#8237 = EDGE_LOOP('',(#8238,#8239,#8244,#8245));
#8238 = ORIENTED_EDGE('',*,*,#8181,.F.);
#8239 = ORIENTED_EDGE('',*,*,#8240,.T.);
#8240 = EDGE_CURVE('',#8175,#8219,#8241,.T.);
#8241 = B_SPLINE_CURVE_WITH_KNOTS('',1,(#8242,#8243),.UNSPECIFIED.,.F.,
  .F.,(2,2),(0.,6.),.PIECEWISE_BEZIER_KNOTS.);
#8242 = CARTESIAN_POINT('',(5.8,-20.6,1.4));
#8243 = CARTESIAN_POINT('',(5.8,-14.6,1.4));
#8244 = ORIENTED_EDGE('',*,*,#8225,.T.);
#8245 = ORIENTED_EDGE('',*,*,#6040,.T.);
#8246 = B_SPLINE_SURFACE_WITH_KNOTS('',1,1,(
    (#8247,#8248)
    ,(#8249,#8250
    )),.UNSPECIFIED.,.F.,.F.,.F.,(2,2),(2,2),(0.,0.6),(-6.,0.),
  .PIECEWISE_BEZIER_KNOTS.);
#8247 = CARTESIAN_POINT('',(5.8,-14.6,1.4));
#8248 = CARTESIAN_POINT('',(5.8,-20.6,1.4));
#8249 = CARTESIAN_POINT('',(5.8,-14.6,2.));
#8250 = CARTESIAN_POINT('',(5.8,-20.6,2.));
#8251 = ADVANCED_FACE('',(#8252),#8274,.T.);
#8252 = FACE_BOUND('',#8253,.T.);
#8253 = EDGE_LOOP('',(#8254,#8261,#8268,#8273));
#8254 = ORIENTED_EDGE('',*,*,#8255,.F.);
#8255 = EDGE_CURVE('',#8256,#6063,#8258,.T.);
#8256 = VERTEX_POINT('',#8257);
#8257 = CARTESIAN_POINT('',(20.6,-20.6,1.4));
#8258 = B_SPLINE_CURVE_WITH_KNOTS('',1,(#8259,#8260),.UNSPECIFIED.,.F.,
  .F.,(2,2),(0.,0.6),.PIECEWISE_BEZIER_KNOTS.);
#8259 = CARTESIAN_POINT('',(20.6,-20.6,1.4));
#8260 = CARTESIAN_POINT('',(20.6,-20.6,2.));
#8261 = ORIENTED_EDGE('',*,*,#8262,.F.);
#8262 = EDGE_CURVE('',#8263,#8256,#8265,.T.);
#8263 = VERTEX_POINT('',#8264);
#8264 = CARTESIAN_POINT('',(14.6,-20.6,1.4));
#8265 = B_SPLINE_CURVE_WITH_KNOTS('',1,(#8266,#8267),.UNSPECIFIED.,.F.,
  .F.,(2,2),(0.,6.),.PIECEWISE_BEZIER_KNOTS.);
#8266 = CARTESIAN_POINT('',(14.6,-20.6,1.4));
#8267 = CARTESIAN_POINT('',(20.6,-20.6,1.4));
#8268 = ORIENTED_EDGE('',*,*,#8269,.T.);
#8269 = EDGE_CURVE('',#8263,#6056,#8270,.T.);
#8270 = B_SPLINE_CURVE_WITH_KNOTS('',1,(#8271,#8272),.UNSPECIFIED.,.F.,
  .F.,(2,2),(0.,0.6),.PIECEWISE_BEZIER_KNOTS.);
#8271 = CARTESIAN_POINT('',(14.6,-20.6,1.4));
#8272 = CARTESIAN_POINT('',(14.6,-20.6,2.));
#8273 = ORIENTED_EDGE('',*,*,#6062,.T.);
#8274 = B_SPLINE_SURFACE_WITH_KNOTS('',1,1,(
    (#8275,#8276)
    ,(#8277,#8278
    )),.UNSPECIFIED.,.F.,.F.,.F.,(2,2),(2,2),(0.,0.6),(0.,6.),
  .PIECEWISE_BEZIER_KNOTS.);
#8275 = CARTESIAN_POINT('',(14.6,-20.6,1.4));
#8276 = CARTESIAN_POINT('',(20.6,-20.6,1.4));
#8277 = CARTESIAN_POINT('',(14.6,-20.6,2.));
#8278 = CARTESIAN_POINT('',(20.6,-20.6,2.));
#8279 = ADVANCED_FACE('',(#8280),#8296,.F.);
#8280 = FACE_BOUND('',#8281,.F.);
#8281 = EDGE_LOOP('',(#8282,#8283,#8290,#8295));
#8282 = ORIENTED_EDGE('',*,*,#8255,.F.);
#8283 = ORIENTED_EDGE('',*,*,#8284,.T.);
#8284 = EDGE_CURVE('',#8256,#8285,#8287,.T.);
#8285 = VERTEX_POINT('',#8286);
#8286 = CARTESIAN_POINT('',(20.6,-14.6,1.4));
#8287 = B_SPLINE_CURVE_WITH_KNOTS('',1,(#8288,#8289),.UNSPECIFIED.,.F.,
  .F.,(2,2),(0.,6.),.PIECEWISE_BEZIER_KNOTS.);
#8288 = CARTESIAN_POINT('',(20.6,-20.6,1.4));
#8289 = CARTESIAN_POINT('',(20.6,-14.6,1.4));
#8290 = ORIENTED_EDGE('',*,*,#8291,.T.);
#8291 = EDGE_CURVE('',#8285,#6085,#8292,.T.);
#8292 = B_SPLINE_CURVE_WITH_KNOTS('',1,(#8293,#8294),.UNSPECIFIED.,.F.,
  .F.,(2,2),(0.,0.6),.PIECEWISE_BEZIER_KNOTS.);
#8293 = CARTESIAN_POINT('',(20.6,-14.6,1.4));
#8294 = CARTESIAN_POINT('',(20.6,-14.6,2.));
#8295 = ORIENTED_EDGE('',*,*,#6084,.F.);
#8296 = B_SPLINE_SURFACE_WITH_KNOTS('',1,1,(
    (#8297,#8298)
    ,(#8299,#8300
    )),.UNSPECIFIED.,.F.,.F.,.F.,(2,2),(2,2),(0.,0.6),(-6.,0.),
  .PIECEWISE_BEZIER_KNOTS.);
#8297 = CARTESIAN_POINT('',(20.6,-14.6,1.4));
#8298 = CARTESIAN_POINT('',(20.6,-20.6,1.4));
#8299 = CARTESIAN_POINT('',(20.6,-14.6,2.));
#8300 = CARTESIAN_POINT('',(20.6,-20.6,2.));
#8301 = ADVANCED_FACE('',(#8302),#8318,.F.);
#8302 = FACE_BOUND('',#8303,.F.);
#8303 = EDGE_LOOP('',(#8304,#8305,#8312,#8317));
#8304 = ORIENTED_EDGE('',*,*,#8291,.F.);
#8305 = ORIENTED_EDGE('',*,*,#8306,.F.);
#8306 = EDGE_CURVE('',#8307,#8285,#8309,.T.);
#8307 = VERTEX_POINT('',#8308);
#8308 = CARTESIAN_POINT('',(14.6,-14.6,1.4));
#8309 = B_SPLINE_CURVE_WITH_KNOTS('',1,(#8310,#8311),.UNSPECIFIED.,.F.,
  .F.,(2,2),(0.,6.),.PIECEWISE_BEZIER_KNOTS.);
#8310 = CARTESIAN_POINT('',(14.6,-14.6,1.4));
#8311 = CARTESIAN_POINT('',(20.6,-14.6,1.4));
#8312 = ORIENTED_EDGE('',*,*,#8313,.T.);
#8313 = EDGE_CURVE('',#8307,#6107,#8314,.T.);
#8314 = B_SPLINE_CURVE_WITH_KNOTS('',1,(#8315,#8316),.UNSPECIFIED.,.F.,
  .F.,(2,2),(0.,0.6),.PIECEWISE_BEZIER_KNOTS.);
#8315 = CARTESIAN_POINT('',(14.6,-14.6,1.4));
#8316 = CARTESIAN_POINT('',(14.6,-14.6,2.));
#8317 = ORIENTED_EDGE('',*,*,#6106,.F.);
#8318 = B_SPLINE_SURFACE_WITH_KNOTS('',1,1,(
    (#8319,#8320)
    ,(#8321,#8322
    )),.UNSPECIFIED.,.F.,.F.,.F.,(2,2),(2,2),(0.,0.6),(0.,6.),
  .PIECEWISE_BEZIER_KNOTS.);
#8319 = CARTESIAN_POINT('',(14.6,-14.6,1.4));
#8320 = CARTESIAN_POINT('',(20.6,-14.6,1.4));
#8321 = CARTESIAN_POINT('',(14.6,-14.6,2.));
#8322 = CARTESIAN_POINT('',(20.6,-14.6,2.));
#8323 = ADVANCED_FACE('',(#8324),#8334,.T.);
#8324 = FACE_BOUND('',#8325,.T.);
#8325 = EDGE_LOOP('',(#8326,#8327,#8332,#8333));
#8326 = ORIENTED_EDGE('',*,*,#8269,.F.);
#8327 = ORIENTED_EDGE('',*,*,#8328,.T.);
#8328 = EDGE_CURVE('',#8263,#8307,#8329,.T.);
#8329 = B_SPLINE_CURVE_WITH_KNOTS('',1,(#8330,#8331),.UNSPECIFIED.,.F.,
  .F.,(2,2),(0.,6.),.PIECEWISE_BEZIER_KNOTS.);
#8330 = CARTESIAN_POINT('',(14.6,-20.6,1.4));
#8331 = CARTESIAN_POINT('',(14.6,-14.6,1.4));
#8332 = ORIENTED_EDGE('',*,*,#8313,.T.);
#8333 = ORIENTED_EDGE('',*,*,#6128,.T.);
#8334 = B_SPLINE_SURFACE_WITH_KNOTS('',1,1,(
    (#8335,#8336)
    ,(#8337,#8338
    )),.UNSPECIFIED.,.F.,.F.,.F.,(2,2),(2,2),(0.,0.6),(-6.,0.),
  .PIECEWISE_BEZIER_KNOTS.);
#8335 = CARTESIAN_POINT('',(14.6,-14.6,1.4));
#8336 = CARTESIAN_POINT('',(14.6,-20.6,1.4));
#8337 = CARTESIAN_POINT('',(14.6,-14.6,2.));
#8338 = CARTESIAN_POINT('',(14.6,-20.6,2.));
#8339 = ADVANCED_FACE('',(#8340),#8362,.T.);
#8340 = FACE_BOUND('',#8341,.T.);
#8341 = EDGE_LOOP('',(#8342,#8349,#8356,#8361));
#8342 = ORIENTED_EDGE('',*,*,#8343,.F.);
#8343 = EDGE_CURVE('',#8344,#6151,#8346,.T.);
#8344 = VERTEX_POINT('',#8345);
#8345 = CARTESIAN_POINT('',(3.,-11.8,1.4));
#8346 = B_SPLINE_CURVE_WITH_KNOTS('',1,(#8347,#8348),.UNSPECIFIED.,.F.,
  .F.,(2,2),(0.,0.6),.PIECEWISE_BEZIER_KNOTS.);
#8347 = CARTESIAN_POINT('',(3.,-11.8,1.4));
#8348 = CARTESIAN_POINT('',(3.,-11.8,2.));
#8349 = ORIENTED_EDGE('',*,*,#8350,.F.);
#8350 = EDGE_CURVE('',#8351,#8344,#8353,.T.);
#8351 = VERTEX_POINT('',#8352);
#8352 = CARTESIAN_POINT('',(-3.,-11.8,1.4));
#8353 = B_SPLINE_CURVE_WITH_KNOTS('',1,(#8354,#8355),.UNSPECIFIED.,.F.,
  .F.,(2,2),(0.,6.),.PIECEWISE_BEZIER_KNOTS.);
#8354 = CARTESIAN_POINT('',(-3.,-11.8,1.4));
#8355 = CARTESIAN_POINT('',(3.,-11.8,1.4));
#8356 = ORIENTED_EDGE('',*,*,#8357,.T.);
#8357 = EDGE_CURVE('',#8351,#6144,#8358,.T.);
#8358 = B_SPLINE_CURVE_WITH_KNOTS('',1,(#8359,#8360),.UNSPECIFIED.,.F.,
  .F.,(2,2),(0.,0.6),.PIECEWISE_BEZIER_KNOTS.);
#8359 = CARTESIAN_POINT('',(-3.,-11.8,1.4));
#8360 = CARTESIAN_POINT('',(-3.,-11.8,2.));
#8361 = ORIENTED_EDGE('',*,*,#6150,.T.);
#8362 = B_SPLINE_SURFACE_WITH_KNOTS('',1,1,(
    (#8363,#8364)
    ,(#8365,#8366
    )),.UNSPECIFIED.,.F.,.F.,.F.,(2,2),(2,2),(0.,0.6),(0.,6.),
  .PIECEWISE_BEZIER_KNOTS.);
#8363 = CARTESIAN_POINT('',(-3.,-11.8,1.4));
#8364 = CARTESIAN_POINT('',(3.,-11.8,1.4));
#8365 = CARTESIAN_POINT('',(-3.,-11.8,2.));
#8366 = CARTESIAN_POINT('',(3.,-11.8,2.));
#8367 = ADVANCED_FACE('',(#8368),#8384,.F.);
#8368 = FACE_BOUND('',#8369,.F.);
#8369 = EDGE_LOOP('',(#8370,#8371,#8378,#8383));
#8370 = ORIENTED_EDGE('',*,*,#8343,.F.);
#8371 = ORIENTED_EDGE('',*,*,#8372,.T.);
#8372 = EDGE_CURVE('',#8344,#8373,#8375,.T.);
#8373 = VERTEX_POINT('',#8374);
#8374 = CARTESIAN_POINT('',(3.,-5.8,1.4));
#8375 = B_SPLINE_CURVE_WITH_KNOTS('',1,(#8376,#8377),.UNSPECIFIED.,.F.,
  .F.,(2,2),(0.,6.),.PIECEWISE_BEZIER_KNOTS.);
#8376 = CARTESIAN_POINT('',(3.,-11.8,1.4));
#8377 = CARTESIAN_POINT('',(3.,-5.8,1.4));
#8378 = ORIENTED_EDGE('',*,*,#8379,.T.);
#8379 = EDGE_CURVE('',#8373,#6173,#8380,.T.);
#8380 = B_SPLINE_CURVE_WITH_KNOTS('',1,(#8381,#8382),.UNSPECIFIED.,.F.,
  .F.,(2,2),(0.,0.6),.PIECEWISE_BEZIER_KNOTS.);
#8381 = CARTESIAN_POINT('',(3.,-5.8,1.4));
#8382 = CARTESIAN_POINT('',(3.,-5.8,2.));
#8383 = ORIENTED_EDGE('',*,*,#6172,.F.);
#8384 = B_SPLINE_SURFACE_WITH_KNOTS('',1,1,(
    (#8385,#8386)
    ,(#8387,#8388
    )),.UNSPECIFIED.,.F.,.F.,.F.,(2,2),(2,2),(0.,0.6),(-6.,0.),
  .PIECEWISE_BEZIER_KNOTS.);
#8385 = CARTESIAN_POINT('',(3.,-5.8,1.4));
#8386 = CARTESIAN_POINT('',(3.,-11.8,1.4));
#8387 = CARTESIAN_POINT('',(3.,-5.8,2.));
#8388 = CARTESIAN_POINT('',(3.,-11.8,2.));
#8389 = ADVANCED_FACE('',(#8390),#8406,.F.);
#8390 = FACE_BOUND('',#8391,.F.);
#8391 = EDGE_LOOP('',(#8392,#8393,#8400,#8405));
#8392 = ORIENTED_EDGE('',*,*,#8379,.F.);
#8393 = ORIENTED_EDGE('',*,*,#8394,.F.);
#8394 = EDGE_CURVE('',#8395,#8373,#8397,.T.);
#8395 = VERTEX_POINT('',#8396);
#8396 = CARTESIAN_POINT('',(-3.,-5.8,1.4));
#8397 = B_SPLINE_CURVE_WITH_KNOTS('',1,(#8398,#8399),.UNSPECIFIED.,.F.,
  .F.,(2,2),(0.,6.),.PIECEWISE_BEZIER_KNOTS.);
#8398 = CARTESIAN_POINT('',(-3.,-5.8,1.4));
#8399 = CARTESIAN_POINT('',(3.,-5.8,1.4));
#8400 = ORIENTED_EDGE('',*,*,#8401,.T.);
#8401 = EDGE_CURVE('',#8395,#6195,#8402,.T.);
#8402 = B_SPLINE_CURVE_WITH_KNOTS('',1,(#8403,#8404),.UNSPECIFIED.,.F.,
  .F.,(2,2),(0.,0.6),.PIECEWISE_BEZIER_KNOTS.);
#8403 = CARTESIAN_POINT('',(-3.,-5.8,1.4));
#8404 = CARTESIAN_POINT('',(-3.,-5.8,2.));
#8405 = ORIENTED_EDGE('',*,*,#6194,.F.);
#8406 = B_SPLINE_SURFACE_WITH_KNOTS('',1,1,(
    (#8407,#8408)
    ,(#8409,#8410
    )),.UNSPECIFIED.,.F.,.F.,.F.,(2,2),(2,2),(0.,0.6),(0.,6.),
  .PIECEWISE_BEZIER_KNOTS.);
#8407 = CARTESIAN_POINT('',(-3.,-5.8,1.4));
#8408 = CARTESIAN_POINT('',(3.,-5.8,1.4));
#8409 = CARTESIAN_POINT('',(-3.,-5.8,2.));
#8410 = CARTESIAN_POINT('',(3.,-5.8,2.));
#8411 = ADVANCED_FACE('',(#8412),#8422,.T.);
#8412 = FACE_BOUND('',#8413,.T.);
#8413 = EDGE_LOOP('',(#8414,#8415,#8420,#8421));
#8414 = ORIENTED_EDGE('',*,*,#8357,.F.);
#8415 = ORIENTED_EDGE('',*,*,#8416,.T.);
#8416 = EDGE_CURVE('',#8351,#8395,#8417,.T.);
#8417 = B_SPLINE_CURVE_WITH_KNOTS('',1,(#8418,#8419),.UNSPECIFIED.,.F.,
  .F.,(2,2),(0.,6.),.PIECEWISE_BEZIER_KNOTS.);
#8418 = CARTESIAN_POINT('',(-3.,-11.8,1.4));
#8419 = CARTESIAN_POINT('',(-3.,-5.8,1.4));
#8420 = ORIENTED_EDGE('',*,*,#8401,.T.);
#8421 = ORIENTED_EDGE('',*,*,#6216,.T.);
#8422 = B_SPLINE_SURFACE_WITH_KNOTS('',1,1,(
    (#8423,#8424)
    ,(#8425,#8426
    )),.UNSPECIFIED.,.F.,.F.,.F.,(2,2),(2,2),(0.,0.6),(-6.,0.),
  .PIECEWISE_BEZIER_KNOTS.);
#8423 = CARTESIAN_POINT('',(-3.,-5.8,1.4));
#8424 = CARTESIAN_POINT('',(-3.,-11.8,1.4));
#8425 = CARTESIAN_POINT('',(-3.,-5.8,2.));
#8426 = CARTESIAN_POINT('',(-3.,-11.8,2.));
#8427 = ADVANCED_FACE('',(#8428),#8450,.T.);
#8428 = FACE_BOUND('',#8429,.T.);
#8429 = EDGE_LOOP('',(#8430,#8437,#8444,#8449));
#8430 = ORIENTED_EDGE('',*,*,#8431,.F.);
#8431 = EDGE_CURVE('',#8432,#6239,#8434,.T.);
#8432 = VERTEX_POINT('',#8433);
#8433 = CARTESIAN_POINT('',(11.8,-11.8,1.4));
#8434 = B_SPLINE_CURVE_WITH_KNOTS('',1,(#8435,#8436),.UNSPECIFIED.,.F.,
  .F.,(2,2),(0.,0.6),.PIECEWISE_BEZIER_KNOTS.);
#8435 = CARTESIAN_POINT('',(11.8,-11.8,1.4));
#8436 = CARTESIAN_POINT('',(11.8,-11.8,2.));
#8437 = ORIENTED_EDGE('',*,*,#8438,.F.);
#8438 = EDGE_CURVE('',#8439,#8432,#8441,.T.);
#8439 = VERTEX_POINT('',#8440);
#8440 = CARTESIAN_POINT('',(5.8,-11.8,1.4));
#8441 = B_SPLINE_CURVE_WITH_KNOTS('',1,(#8442,#8443),.UNSPECIFIED.,.F.,
  .F.,(2,2),(0.,6.),.PIECEWISE_BEZIER_KNOTS.);
#8442 = CARTESIAN_POINT('',(5.8,-11.8,1.4));
#8443 = CARTESIAN_POINT('',(11.8,-11.8,1.4));
#8444 = ORIENTED_EDGE('',*,*,#8445,.T.);
#8445 = EDGE_CURVE('',#8439,#6232,#8446,.T.);
#8446 = B_SPLINE_CURVE_WITH_KNOTS('',1,(#8447,#8448),.UNSPECIFIED.,.F.,
  .F.,(2,2),(0.,0.6),.PIECEWISE_BEZIER_KNOTS.);
#8447 = CARTESIAN_POINT('',(5.8,-11.8,1.4));
#8448 = CARTESIAN_POINT('',(5.8,-11.8,2.));
#8449 = ORIENTED_EDGE('',*,*,#6238,.T.);
#8450 = B_SPLINE_SURFACE_WITH_KNOTS('',1,1,(
    (#8451,#8452)
    ,(#8453,#8454
    )),.UNSPECIFIED.,.F.,.F.,.F.,(2,2),(2,2),(0.,0.6),(0.,6.),
  .PIECEWISE_BEZIER_KNOTS.);
#8451 = CARTESIAN_POINT('',(5.8,-11.8,1.4));
#8452 = CARTESIAN_POINT('',(11.8,-11.8,1.4));
#8453 = CARTESIAN_POINT('',(5.8,-11.8,2.));
#8454 = CARTESIAN_POINT('',(11.8,-11.8,2.));
#8455 = ADVANCED_FACE('',(#8456),#8472,.F.);
#8456 = FACE_BOUND('',#8457,.F.);
#8457 = EDGE_LOOP('',(#8458,#8459,#8466,#8471));
#8458 = ORIENTED_EDGE('',*,*,#8431,.F.);
#8459 = ORIENTED_EDGE('',*,*,#8460,.T.);
#8460 = EDGE_CURVE('',#8432,#8461,#8463,.T.);
#8461 = VERTEX_POINT('',#8462);
#8462 = CARTESIAN_POINT('',(11.8,-5.8,1.4));
#8463 = B_SPLINE_CURVE_WITH_KNOTS('',1,(#8464,#8465),.UNSPECIFIED.,.F.,
  .F.,(2,2),(0.,6.),.PIECEWISE_BEZIER_KNOTS.);
#8464 = CARTESIAN_POINT('',(11.8,-11.8,1.4));
#8465 = CARTESIAN_POINT('',(11.8,-5.8,1.4));
#8466 = ORIENTED_EDGE('',*,*,#8467,.T.);
#8467 = EDGE_CURVE('',#8461,#6261,#8468,.T.);
#8468 = B_SPLINE_CURVE_WITH_KNOTS('',1,(#8469,#8470),.UNSPECIFIED.,.F.,
  .F.,(2,2),(0.,0.6),.PIECEWISE_BEZIER_KNOTS.);
#8469 = CARTESIAN_POINT('',(11.8,-5.8,1.4));
#8470 = CARTESIAN_POINT('',(11.8,-5.8,2.));
#8471 = ORIENTED_EDGE('',*,*,#6260,.F.);
#8472 = B_SPLINE_SURFACE_WITH_KNOTS('',1,1,(
    (#8473,#8474)
    ,(#8475,#8476
    )),.UNSPECIFIED.,.F.,.F.,.F.,(2,2),(2,2),(0.,0.6),(-6.,0.),
  .PIECEWISE_BEZIER_KNOTS.);
#8473 = CARTESIAN_POINT('',(11.8,-5.8,1.4));
#8474 = CARTESIAN_POINT('',(11.8,-11.8,1.4));
#8475 = CARTESIAN_POINT('',(11.8,-5.8,2.));
#8476 = CARTESIAN_POINT('',(11.8,-11.8,2.));
#8477 = ADVANCED_FACE('',(#8478),#8494,.F.);
#8478 = FACE_BOUND('',#8479,.F.);
#8479 = EDGE_LOOP('',(#8480,#8481,#8488,#8493));
#8480 = ORIENTED_EDGE('',*,*,#8467,.F.);
#8481 = ORIENTED_EDGE('',*,*,#8482,.F.);
#8482 = EDGE_CURVE('',#8483,#8461,#8485,.T.);
#8483 = VERTEX_POINT('',#8484);
#8484 = CARTESIAN_POINT('',(5.8,-5.8,1.4));
#8485 = B_SPLINE_CURVE_WITH_KNOTS('',1,(#8486,#8487),.UNSPECIFIED.,.F.,
  .F.,(2,2),(0.,6.),.PIECEWISE_BEZIER_KNOTS.);
#8486 = CARTESIAN_POINT('',(5.8,-5.8,1.4));
#8487 = CARTESIAN_POINT('',(11.8,-5.8,1.4));
#8488 = ORIENTED_EDGE('',*,*,#8489,.T.);
#8489 = EDGE_CURVE('',#8483,#6283,#8490,.T.);
#8490 = B_SPLINE_CURVE_WITH_KNOTS('',1,(#8491,#8492),.UNSPECIFIED.,.F.,
  .F.,(2,2),(0.,0.6),.PIECEWISE_BEZIER_KNOTS.);
#8491 = CARTESIAN_POINT('',(5.8,-5.8,1.4));
#8492 = CARTESIAN_POINT('',(5.8,-5.8,2.));
#8493 = ORIENTED_EDGE('',*,*,#6282,.F.);
#8494 = B_SPLINE_SURFACE_WITH_KNOTS('',1,1,(
    (#8495,#8496)
    ,(#8497,#8498
    )),.UNSPECIFIED.,.F.,.F.,.F.,(2,2),(2,2),(0.,0.6),(0.,6.),
  .PIECEWISE_BEZIER_KNOTS.);
#8495 = CARTESIAN_POINT('',(5.8,-5.8,1.4));
#8496 = CARTESIAN_POINT('',(11.8,-5.8,1.4));
#8497 = CARTESIAN_POINT('',(5.8,-5.8,2.));
#8498 = CARTESIAN_POINT('',(11.8,-5.8,2.));
#8499 = ADVANCED_FACE('',(#8500),#8510,.T.);
#8500 = FACE_BOUND('',#8501,.T.);
#8501 = EDGE_LOOP('',(#8502,#8503,#8508,#8509));
#8502 = ORIENTED_EDGE('',*,*,#8445,.F.);
#8503 = ORIENTED_EDGE('',*,*,#8504,.T.);
#8504 = EDGE_CURVE('',#8439,#8483,#8505,.T.);
#8505 = B_SPLINE_CURVE_WITH_KNOTS('',1,(#8506,#8507),.UNSPECIFIED.,.F.,
  .F.,(2,2),(0.,6.),.PIECEWISE_BEZIER_KNOTS.);
#8506 = CARTESIAN_POINT('',(5.8,-11.8,1.4));
#8507 = CARTESIAN_POINT('',(5.8,-5.8,1.4));
#8508 = ORIENTED_EDGE('',*,*,#8489,.T.);
#8509 = ORIENTED_EDGE('',*,*,#6304,.T.);
#8510 = B_SPLINE_SURFACE_WITH_KNOTS('',1,1,(
    (#8511,#8512)
    ,(#8513,#8514
    )),.UNSPECIFIED.,.F.,.F.,.F.,(2,2),(2,2),(0.,0.6),(-6.,0.),
  .PIECEWISE_BEZIER_KNOTS.);
#8511 = CARTESIAN_POINT('',(5.8,-5.8,1.4));
#8512 = CARTESIAN_POINT('',(5.8,-11.8,1.4));
#8513 = CARTESIAN_POINT('',(5.8,-5.8,2.));
#8514 = CARTESIAN_POINT('',(5.8,-11.8,2.));
#8515 = ADVANCED_FACE('',(#8516),#8538,.T.);
#8516 = FACE_BOUND('',#8517,.T.);
#8517 = EDGE_LOOP('',(#8518,#8525,#8532,#8537));
#8518 = ORIENTED_EDGE('',*,*,#8519,.F.);
#8519 = EDGE_CURVE('',#8520,#6327,#8522,.T.);
#8520 = VERTEX_POINT('',#8521);
#8521 = CARTESIAN_POINT('',(20.6,-11.8,1.4));
#8522 = B_SPLINE_CURVE_WITH_KNOTS('',1,(#8523,#8524),.UNSPECIFIED.,.F.,
  .F.,(2,2),(0.,0.6),.PIECEWISE_BEZIER_KNOTS.);
#8523 = CARTESIAN_POINT('',(20.6,-11.8,1.4));
#8524 = CARTESIAN_POINT('',(20.6,-11.8,2.));
#8525 = ORIENTED_EDGE('',*,*,#8526,.F.);
#8526 = EDGE_CURVE('',#8527,#8520,#8529,.T.);
#8527 = VERTEX_POINT('',#8528);
#8528 = CARTESIAN_POINT('',(14.6,-11.8,1.4));
#8529 = B_SPLINE_CURVE_WITH_KNOTS('',1,(#8530,#8531),.UNSPECIFIED.,.F.,
  .F.,(2,2),(0.,6.),.PIECEWISE_BEZIER_KNOTS.);
#8530 = CARTESIAN_POINT('',(14.6,-11.8,1.4));
#8531 = CARTESIAN_POINT('',(20.6,-11.8,1.4));
#8532 = ORIENTED_EDGE('',*,*,#8533,.T.);
#8533 = EDGE_CURVE('',#8527,#6320,#8534,.T.);
#8534 = B_SPLINE_CURVE_WITH_KNOTS('',1,(#8535,#8536),.UNSPECIFIED.,.F.,
  .F.,(2,2),(0.,0.6),.PIECEWISE_BEZIER_KNOTS.);
#8535 = CARTESIAN_POINT('',(14.6,-11.8,1.4));
#8536 = CARTESIAN_POINT('',(14.6,-11.8,2.));
#8537 = ORIENTED_EDGE('',*,*,#6326,.T.);
#8538 = B_SPLINE_SURFACE_WITH_KNOTS('',1,1,(
    (#8539,#8540)
    ,(#8541,#8542
    )),.UNSPECIFIED.,.F.,.F.,.F.,(2,2),(2,2),(0.,0.6),(0.,6.),
  .PIECEWISE_BEZIER_KNOTS.);
#8539 = CARTESIAN_POINT('',(14.6,-11.8,1.4));
#8540 = CARTESIAN_POINT('',(20.6,-11.8,1.4));
#8541 = CARTESIAN_POINT('',(14.6,-11.8,2.));
#8542 = CARTESIAN_POINT('',(20.6,-11.8,2.));
#8543 = ADVANCED_FACE('',(#8544),#8560,.F.);
#8544 = FACE_BOUND('',#8545,.F.);
#8545 = EDGE_LOOP('',(#8546,#8547,#8554,#8559));
#8546 = ORIENTED_EDGE('',*,*,#8519,.F.);
#8547 = ORIENTED_EDGE('',*,*,#8548,.T.);
#8548 = EDGE_CURVE('',#8520,#8549,#8551,.T.);
#8549 = VERTEX_POINT('',#8550);
#8550 = CARTESIAN_POINT('',(20.6,-5.8,1.4));
#8551 = B_SPLINE_CURVE_WITH_KNOTS('',1,(#8552,#8553),.UNSPECIFIED.,.F.,
  .F.,(2,2),(0.,6.),.PIECEWISE_BEZIER_KNOTS.);
#8552 = CARTESIAN_POINT('',(20.6,-11.8,1.4));
#8553 = CARTESIAN_POINT('',(20.6,-5.8,1.4));
#8554 = ORIENTED_EDGE('',*,*,#8555,.T.);
#8555 = EDGE_CURVE('',#8549,#6349,#8556,.T.);
#8556 = B_SPLINE_CURVE_WITH_KNOTS('',1,(#8557,#8558),.UNSPECIFIED.,.F.,
  .F.,(2,2),(0.,0.6),.PIECEWISE_BEZIER_KNOTS.);
#8557 = CARTESIAN_POINT('',(20.6,-5.8,1.4));
#8558 = CARTESIAN_POINT('',(20.6,-5.8,2.));
#8559 = ORIENTED_EDGE('',*,*,#6348,.F.);
#8560 = B_SPLINE_SURFACE_WITH_KNOTS('',1,1,(
    (#8561,#8562)
    ,(#8563,#8564
    )),.UNSPECIFIED.,.F.,.F.,.F.,(2,2),(2,2),(0.,0.6),(-6.,0.),
  .PIECEWISE_BEZIER_KNOTS.);
#8561 = CARTESIAN_POINT('',(20.6,-5.8,1.4));
#8562 = CARTESIAN_POINT('',(20.6,-11.8,1.4));
#8563 = CARTESIAN_POINT('',(20.6,-5.8,2.));
#8564 = CARTESIAN_POINT('',(20.6,-11.8,2.));
#8565 = ADVANCED_FACE('',(#8566),#8582,.F.);
#8566 = FACE_BOUND('',#8567,.F.);
#8567 = EDGE_LOOP('',(#8568,#8569,#8576,#8581));
#8568 = ORIENTED_EDGE('',*,*,#8555,.F.);
#8569 = ORIENTED_EDGE('',*,*,#8570,.F.);
#8570 = EDGE_CURVE('',#8571,#8549,#8573,.T.);
#8571 = VERTEX_POINT('',#8572);
#8572 = CARTESIAN_POINT('',(14.6,-5.8,1.4));
#8573 = B_SPLINE_CURVE_WITH_KNOTS('',1,(#8574,#8575),.UNSPECIFIED.,.F.,
  .F.,(2,2),(0.,6.),.PIECEWISE_BEZIER_KNOTS.);
#8574 = CARTESIAN_POINT('',(14.6,-5.8,1.4));
#8575 = CARTESIAN_POINT('',(20.6,-5.8,1.4));
#8576 = ORIENTED_EDGE('',*,*,#8577,.T.);
#8577 = EDGE_CURVE('',#8571,#6371,#8578,.T.);
#8578 = B_SPLINE_CURVE_WITH_KNOTS('',1,(#8579,#8580),.UNSPECIFIED.,.F.,
  .F.,(2,2),(0.,0.6),.PIECEWISE_BEZIER_KNOTS.);
#8579 = CARTESIAN_POINT('',(14.6,-5.8,1.4));
#8580 = CARTESIAN_POINT('',(14.6,-5.8,2.));
#8581 = ORIENTED_EDGE('',*,*,#6370,.F.);
#8582 = B_SPLINE_SURFACE_WITH_KNOTS('',1,1,(
    (#8583,#8584)
    ,(#8585,#8586
    )),.UNSPECIFIED.,.F.,.F.,.F.,(2,2),(2,2),(0.,0.6),(0.,6.),
  .PIECEWISE_BEZIER_KNOTS.);
#8583 = CARTESIAN_POINT('',(14.6,-5.8,1.4));
#8584 = CARTESIAN_POINT('',(20.6,-5.8,1.4));
#8585 = CARTESIAN_POINT('',(14.6,-5.8,2.));
#8586 = CARTESIAN_POINT('',(20.6,-5.8,2.));
#8587 = ADVANCED_FACE('',(#8588),#8598,.T.);
#8588 = FACE_BOUND('',#8589,.T.);
#8589 = EDGE_LOOP('',(#8590,#8591,#8596,#8597));
#8590 = ORIENTED_EDGE('',*,*,#8533,.F.);
#8591 = ORIENTED_EDGE('',*,*,#8592,.T.);
#8592 = EDGE_CURVE('',#8527,#8571,#8593,.T.);
#8593 = B_SPLINE_CURVE_WITH_KNOTS('',1,(#8594,#8595),.UNSPECIFIED.,.F.,
  .F.,(2,2),(0.,6.),.PIECEWISE_BEZIER_KNOTS.);
#8594 = CARTESIAN_POINT('',(14.6,-11.8,1.4));
#8595 = CARTESIAN_POINT('',(14.6,-5.8,1.4));
#8596 = ORIENTED_EDGE('',*,*,#8577,.T.);
#8597 = ORIENTED_EDGE('',*,*,#6392,.T.);
#8598 = B_SPLINE_SURFACE_WITH_KNOTS('',1,1,(
    (#8599,#8600)
    ,(#8601,#8602
    )),.UNSPECIFIED.,.F.,.F.,.F.,(2,2),(2,2),(0.,0.6),(-6.,0.),
  .PIECEWISE_BEZIER_KNOTS.);
#8599 = CARTESIAN_POINT('',(14.6,-5.8,1.4));
#8600 = CARTESIAN_POINT('',(14.6,-11.8,1.4));
#8601 = CARTESIAN_POINT('',(14.6,-5.8,2.));
#8602 = CARTESIAN_POINT('',(14.6,-11.8,2.));
#8603 = ADVANCED_FACE('',(#8604),#8626,.T.);
#8604 = FACE_BOUND('',#8605,.T.);
#8605 = EDGE_LOOP('',(#8606,#8613,#8620,#8625));
#8606 = ORIENTED_EDGE('',*,*,#8607,.F.);
#8607 = EDGE_CURVE('',#8608,#6415,#8610,.T.);
#8608 = VERTEX_POINT('',#8609);
#8609 = CARTESIAN_POINT('',(-14.6,-3.,1.4));
#8610 = B_SPLINE_CURVE_WITH_KNOTS('',1,(#8611,#8612),.UNSPECIFIED.,.F.,
  .F.,(2,2),(0.,0.6),.PIECEWISE_BEZIER_KNOTS.);
#8611 = CARTESIAN_POINT('',(-14.6,-3.,1.4));
#8612 = CARTESIAN_POINT('',(-14.6,-3.,2.));
#8613 = ORIENTED_EDGE('',*,*,#8614,.F.);
#8614 = EDGE_CURVE('',#8615,#8608,#8617,.T.);
#8615 = VERTEX_POINT('',#8616);
#8616 = CARTESIAN_POINT('',(-20.6,-3.,1.4));
#8617 = B_SPLINE_CURVE_WITH_KNOTS('',1,(#8618,#8619),.UNSPECIFIED.,.F.,
  .F.,(2,2),(0.,6.),.PIECEWISE_BEZIER_KNOTS.);
#8618 = CARTESIAN_POINT('',(-20.6,-3.,1.4));
#8619 = CARTESIAN_POINT('',(-14.6,-3.,1.4));
#8620 = ORIENTED_EDGE('',*,*,#8621,.T.);
#8621 = EDGE_CURVE('',#8615,#6408,#8622,.T.);
#8622 = B_SPLINE_CURVE_WITH_KNOTS('',1,(#8623,#8624),.UNSPECIFIED.,.F.,
  .F.,(2,2),(0.,0.6),.PIECEWISE_BEZIER_KNOTS.);
#8623 = CARTESIAN_POINT('',(-20.6,-3.,1.4));
#8624 = CARTESIAN_POINT('',(-20.6,-3.,2.));
#8625 = ORIENTED_EDGE('',*,*,#6414,.T.);
#8626 = B_SPLINE_SURFACE_WITH_KNOTS('',1,1,(
    (#8627,#8628)
    ,(#8629,#8630
    )),.UNSPECIFIED.,.F.,.F.,.F.,(2,2),(2,2),(0.,0.6),(0.,6.),
  .PIECEWISE_BEZIER_KNOTS.);
#8627 = CARTESIAN_POINT('',(-20.6,-3.,1.4));
#8628 = CARTESIAN_POINT('',(-14.6,-3.,1.4));
#8629 = CARTESIAN_POINT('',(-20.6,-3.,2.));
#8630 = CARTESIAN_POINT('',(-14.6,-3.,2.));
#8631 = ADVANCED_FACE('',(#8632),#8648,.F.);
#8632 = FACE_BOUND('',#8633,.F.);
#8633 = EDGE_LOOP('',(#8634,#8635,#8642,#8647));
#8634 = ORIENTED_EDGE('',*,*,#8607,.F.);
#8635 = ORIENTED_EDGE('',*,*,#8636,.T.);
#8636 = EDGE_CURVE('',#8608,#8637,#8639,.T.);
#8637 = VERTEX_POINT('',#8638);
#8638 = CARTESIAN_POINT('',(-14.6,3.,1.4));
#8639 = B_SPLINE_CURVE_WITH_KNOTS('',1,(#8640,#8641),.UNSPECIFIED.,.F.,
  .F.,(2,2),(0.,6.),.PIECEWISE_BEZIER_KNOTS.);
#8640 = CARTESIAN_POINT('',(-14.6,-3.,1.4));
#8641 = CARTESIAN_POINT('',(-14.6,3.,1.4));
#8642 = ORIENTED_EDGE('',*,*,#8643,.T.);
#8643 = EDGE_CURVE('',#8637,#6437,#8644,.T.);
#8644 = B_SPLINE_CURVE_WITH_KNOTS('',1,(#8645,#8646),.UNSPECIFIED.,.F.,
  .F.,(2,2),(0.,0.6),.PIECEWISE_BEZIER_KNOTS.);
#8645 = CARTESIAN_POINT('',(-14.6,3.,1.4));
#8646 = CARTESIAN_POINT('',(-14.6,3.,2.));
#8647 = ORIENTED_EDGE('',*,*,#6436,.F.);
#8648 = B_SPLINE_SURFACE_WITH_KNOTS('',1,1,(
    (#8649,#8650)
    ,(#8651,#8652
    )),.UNSPECIFIED.,.F.,.F.,.F.,(2,2),(2,2),(0.,0.6),(-6.,0.),
  .PIECEWISE_BEZIER_KNOTS.);
#8649 = CARTESIAN_POINT('',(-14.6,3.,1.4));
#8650 = CARTESIAN_POINT('',(-14.6,-3.,1.4));
#8651 = CARTESIAN_POINT('',(-14.6,3.,2.));
#8652 = CARTESIAN_POINT('',(-14.6,-3.,2.));
#8653 = ADVANCED_FACE('',(#8654),#8670,.F.);
#8654 = FACE_BOUND('',#8655,.F.);
#8655 = EDGE_LOOP('',(#8656,#8657,#8664,#8669));
#8656 = ORIENTED_EDGE('',*,*,#8643,.F.);
#8657 = ORIENTED_EDGE('',*,*,#8658,.F.);
#8658 = EDGE_CURVE('',#8659,#8637,#8661,.T.);
#8659 = VERTEX_POINT('',#8660);
#8660 = CARTESIAN_POINT('',(-20.6,3.,1.4));
#8661 = B_SPLINE_CURVE_WITH_KNOTS('',1,(#8662,#8663),.UNSPECIFIED.,.F.,
  .F.,(2,2),(0.,6.),.PIECEWISE_BEZIER_KNOTS.);
#8662 = CARTESIAN_POINT('',(-20.6,3.,1.4));
#8663 = CARTESIAN_POINT('',(-14.6,3.,1.4));
#8664 = ORIENTED_EDGE('',*,*,#8665,.T.);
#8665 = EDGE_CURVE('',#8659,#6459,#8666,.T.);
#8666 = B_SPLINE_CURVE_WITH_KNOTS('',1,(#8667,#8668),.UNSPECIFIED.,.F.,
  .F.,(2,2),(0.,0.6),.PIECEWISE_BEZIER_KNOTS.);
#8667 = CARTESIAN_POINT('',(-20.6,3.,1.4));
#8668 = CARTESIAN_POINT('',(-20.6,3.,2.));
#8669 = ORIENTED_EDGE('',*,*,#6458,.F.);
#8670 = B_SPLINE_SURFACE_WITH_KNOTS('',1,1,(
    (#8671,#8672)
    ,(#8673,#8674
    )),.UNSPECIFIED.,.F.,.F.,.F.,(2,2),(2,2),(0.,0.6),(0.,6.),
  .PIECEWISE_BEZIER_KNOTS.);
#8671 = CARTESIAN_POINT('',(-20.6,3.,1.4));
#8672 = CARTESIAN_POINT('',(-14.6,3.,1.4));
#8673 = CARTESIAN_POINT('',(-20.6,3.,2.));
#8674 = CARTESIAN_POINT('',(-14.6,3.,2.));
#8675 = ADVANCED_FACE('',(#8676),#8686,.T.);
#8676 = FACE_BOUND('',#8677,.T.);
#8677 = EDGE_LOOP('',(#8678,#8679,#8684,#8685));
#8678 = ORIENTED_EDGE('',*,*,#8621,.F.);
#8679 = ORIENTED_EDGE('',*,*,#8680,.T.);
#8680 = EDGE_CURVE('',#8615,#8659,#8681,.T.);
#8681 = B_SPLINE_CURVE_WITH_KNOTS('',1,(#8682,#8683),.UNSPECIFIED.,.F.,
  .F.,(2,2),(0.,6.),.PIECEWISE_BEZIER_KNOTS.);
#8682 = CARTESIAN_POINT('',(-20.6,-3.,1.4));
#8683 = CARTESIAN_POINT('',(-20.6,3.,1.4));
#8684 = ORIENTED_EDGE('',*,*,#8665,.T.);
#8685 = ORIENTED_EDGE('',*,*,#6480,.T.);
#8686 = B_SPLINE_SURFACE_WITH_KNOTS('',1,1,(
    (#8687,#8688)
    ,(#8689,#8690
    )),.UNSPECIFIED.,.F.,.F.,.F.,(2,2),(2,2),(0.,0.6),(-6.,0.),
  .PIECEWISE_BEZIER_KNOTS.);
#8687 = CARTESIAN_POINT('',(-20.6,3.,1.4));
#8688 = CARTESIAN_POINT('',(-20.6,-3.,1.4));
#8689 = CARTESIAN_POINT('',(-20.6,3.,2.));
#8690 = CARTESIAN_POINT('',(-20.6,-3.,2.));
#8691 = ADVANCED_FACE('',(#8692),#8714,.T.);
#8692 = FACE_BOUND('',#8693,.T.);
#8693 = EDGE_LOOP('',(#8694,#8701,#8708,#8713));
#8694 = ORIENTED_EDGE('',*,*,#8695,.F.);
#8695 = EDGE_CURVE('',#8696,#6503,#8698,.T.);
#8696 = VERTEX_POINT('',#8697);
#8697 = CARTESIAN_POINT('',(-14.6,5.8,1.4));
#8698 = B_SPLINE_CURVE_WITH_KNOTS('',1,(#8699,#8700),.UNSPECIFIED.,.F.,
  .F.,(2,2),(0.,0.6),.PIECEWISE_BEZIER_KNOTS.);
#8699 = CARTESIAN_POINT('',(-14.6,5.8,1.4));
#8700 = CARTESIAN_POINT('',(-14.6,5.8,2.));
#8701 = ORIENTED_EDGE('',*,*,#8702,.F.);
#8702 = EDGE_CURVE('',#8703,#8696,#8705,.T.);
#8703 = VERTEX_POINT('',#8704);
#8704 = CARTESIAN_POINT('',(-20.6,5.8,1.4));
#8705 = B_SPLINE_CURVE_WITH_KNOTS('',1,(#8706,#8707),.UNSPECIFIED.,.F.,
  .F.,(2,2),(0.,6.),.PIECEWISE_BEZIER_KNOTS.);
#8706 = CARTESIAN_POINT('',(-20.6,5.8,1.4));
#8707 = CARTESIAN_POINT('',(-14.6,5.8,1.4));
#8708 = ORIENTED_EDGE('',*,*,#8709,.T.);
#8709 = EDGE_CURVE('',#8703,#6496,#8710,.T.);
#8710 = B_SPLINE_CURVE_WITH_KNOTS('',1,(#8711,#8712),.UNSPECIFIED.,.F.,
  .F.,(2,2),(0.,0.6),.PIECEWISE_BEZIER_KNOTS.);
#8711 = CARTESIAN_POINT('',(-20.6,5.8,1.4));
#8712 = CARTESIAN_POINT('',(-20.6,5.8,2.));
#8713 = ORIENTED_EDGE('',*,*,#6502,.T.);
#8714 = B_SPLINE_SURFACE_WITH_KNOTS('',1,1,(
    (#8715,#8716)
    ,(#8717,#8718
    )),.UNSPECIFIED.,.F.,.F.,.F.,(2,2),(2,2),(0.,0.6),(0.,6.),
  .PIECEWISE_BEZIER_KNOTS.);
#8715 = CARTESIAN_POINT('',(-20.6,5.8,1.4));
#8716 = CARTESIAN_POINT('',(-14.6,5.8,1.4));
#8717 = CARTESIAN_POINT('',(-20.6,5.8,2.));
#8718 = CARTESIAN_POINT('',(-14.6,5.8,2.));
#8719 = ADVANCED_FACE('',(#8720),#8736,.F.);
#8720 = FACE_BOUND('',#8721,.F.);
#8721 = EDGE_LOOP('',(#8722,#8723,#8730,#8735));
#8722 = ORIENTED_EDGE('',*,*,#8695,.F.);
#8723 = ORIENTED_EDGE('',*,*,#8724,.T.);
#8724 = EDGE_CURVE('',#8696,#8725,#8727,.T.);
#8725 = VERTEX_POINT('',#8726);
#8726 = CARTESIAN_POINT('',(-14.6,11.8,1.4));
#8727 = B_SPLINE_CURVE_WITH_KNOTS('',1,(#8728,#8729),.UNSPECIFIED.,.F.,
  .F.,(2,2),(0.,6.),.PIECEWISE_BEZIER_KNOTS.);
#8728 = CARTESIAN_POINT('',(-14.6,5.8,1.4));
#8729 = CARTESIAN_POINT('',(-14.6,11.8,1.4));
#8730 = ORIENTED_EDGE('',*,*,#8731,.T.);
#8731 = EDGE_CURVE('',#8725,#6525,#8732,.T.);
#8732 = B_SPLINE_CURVE_WITH_KNOTS('',1,(#8733,#8734),.UNSPECIFIED.,.F.,
  .F.,(2,2),(0.,0.6),.PIECEWISE_BEZIER_KNOTS.);
#8733 = CARTESIAN_POINT('',(-14.6,11.8,1.4));
#8734 = CARTESIAN_POINT('',(-14.6,11.8,2.));
#8735 = ORIENTED_EDGE('',*,*,#6524,.F.);
#8736 = B_SPLINE_SURFACE_WITH_KNOTS('',1,1,(
    (#8737,#8738)
    ,(#8739,#8740
    )),.UNSPECIFIED.,.F.,.F.,.F.,(2,2),(2,2),(0.,0.6),(-6.,0.),
  .PIECEWISE_BEZIER_KNOTS.);
#8737 = CARTESIAN_POINT('',(-14.6,11.8,1.4));
#8738 = CARTESIAN_POINT('',(-14.6,5.8,1.4));
#8739 = CARTESIAN_POINT('',(-14.6,11.8,2.));
#8740 = CARTESIAN_POINT('',(-14.6,5.8,2.));
#8741 = ADVANCED_FACE('',(#8742),#8758,.F.);
#8742 = FACE_BOUND('',#8743,.F.);
#8743 = EDGE_LOOP('',(#8744,#8745,#8752,#8757));
#8744 = ORIENTED_EDGE('',*,*,#8731,.F.);
#8745 = ORIENTED_EDGE('',*,*,#8746,.F.);
#8746 = EDGE_CURVE('',#8747,#8725,#8749,.T.);
#8747 = VERTEX_POINT('',#8748);
#8748 = CARTESIAN_POINT('',(-20.6,11.8,1.4));
#8749 = B_SPLINE_CURVE_WITH_KNOTS('',1,(#8750,#8751),.UNSPECIFIED.,.F.,
  .F.,(2,2),(0.,6.),.PIECEWISE_BEZIER_KNOTS.);
#8750 = CARTESIAN_POINT('',(-20.6,11.8,1.4));
#8751 = CARTESIAN_POINT('',(-14.6,11.8,1.4));
#8752 = ORIENTED_EDGE('',*,*,#8753,.T.);
#8753 = EDGE_CURVE('',#8747,#6547,#8754,.T.);
#8754 = B_SPLINE_CURVE_WITH_KNOTS('',1,(#8755,#8756),.UNSPECIFIED.,.F.,
  .F.,(2,2),(0.,0.6),.PIECEWISE_BEZIER_KNOTS.);
#8755 = CARTESIAN_POINT('',(-20.6,11.8,1.4));
#8756 = CARTESIAN_POINT('',(-20.6,11.8,2.));
#8757 = ORIENTED_EDGE('',*,*,#6546,.F.);
#8758 = B_SPLINE_SURFACE_WITH_KNOTS('',1,1,(
    (#8759,#8760)
    ,(#8761,#8762
    )),.UNSPECIFIED.,.F.,.F.,.F.,(2,2),(2,2),(0.,0.6),(0.,6.),
  .PIECEWISE_BEZIER_KNOTS.);
#8759 = CARTESIAN_POINT('',(-20.6,11.8,1.4));
#8760 = CARTESIAN_POINT('',(-14.6,11.8,1.4));
#8761 = CARTESIAN_POINT('',(-20.6,11.8,2.));
#8762 = CARTESIAN_POINT('',(-14.6,11.8,2.));
#8763 = ADVANCED_FACE('',(#8764),#8774,.T.);
#8764 = FACE_BOUND('',#8765,.T.);
#8765 = EDGE_LOOP('',(#8766,#8767,#8772,#8773));
#8766 = ORIENTED_EDGE('',*,*,#8709,.F.);
#8767 = ORIENTED_EDGE('',*,*,#8768,.T.);
#8768 = EDGE_CURVE('',#8703,#8747,#8769,.T.);
#8769 = B_SPLINE_CURVE_WITH_KNOTS('',1,(#8770,#8771),.UNSPECIFIED.,.F.,
  .F.,(2,2),(0.,6.),.PIECEWISE_BEZIER_KNOTS.);
#8770 = CARTESIAN_POINT('',(-20.6,5.8,1.4));
#8771 = CARTESIAN_POINT('',(-20.6,11.8,1.4));
#8772 = ORIENTED_EDGE('',*,*,#8753,.T.);
#8773 = ORIENTED_EDGE('',*,*,#6568,.T.);
#8774 = B_SPLINE_SURFACE_WITH_KNOTS('',1,1,(
    (#8775,#8776)
    ,(#8777,#8778
    )),.UNSPECIFIED.,.F.,.F.,.F.,(2,2),(2,2),(0.,0.6),(-6.,0.),
  .PIECEWISE_BEZIER_KNOTS.);
#8775 = CARTESIAN_POINT('',(-20.6,11.8,1.4));
#8776 = CARTESIAN_POINT('',(-20.6,5.8,1.4));
#8777 = CARTESIAN_POINT('',(-20.6,11.8,2.));
#8778 = CARTESIAN_POINT('',(-20.6,5.8,2.));
#8779 = ADVANCED_FACE('',(#8780),#8802,.T.);
#8780 = FACE_BOUND('',#8781,.T.);
#8781 = EDGE_LOOP('',(#8782,#8789,#8796,#8801));
#8782 = ORIENTED_EDGE('',*,*,#8783,.F.);
#8783 = EDGE_CURVE('',#8784,#6591,#8786,.T.);
#8784 = VERTEX_POINT('',#8785);
#8785 = CARTESIAN_POINT('',(-5.8,-3.,1.4));
#8786 = B_SPLINE_CURVE_WITH_KNOTS('',1,(#8787,#8788),.UNSPECIFIED.,.F.,
  .F.,(2,2),(0.,0.6),.PIECEWISE_BEZIER_KNOTS.);
#8787 = CARTESIAN_POINT('',(-5.8,-3.,1.4));
#8788 = CARTESIAN_POINT('',(-5.8,-3.,2.));
#8789 = ORIENTED_EDGE('',*,*,#8790,.F.);
#8790 = EDGE_CURVE('',#8791,#8784,#8793,.T.);
#8791 = VERTEX_POINT('',#8792);
#8792 = CARTESIAN_POINT('',(-11.8,-3.,1.4));
#8793 = B_SPLINE_CURVE_WITH_KNOTS('',1,(#8794,#8795),.UNSPECIFIED.,.F.,
  .F.,(2,2),(0.,6.),.PIECEWISE_BEZIER_KNOTS.);
#8794 = CARTESIAN_POINT('',(-11.8,-3.,1.4));
#8795 = CARTESIAN_POINT('',(-5.8,-3.,1.4));
#8796 = ORIENTED_EDGE('',*,*,#8797,.T.);
#8797 = EDGE_CURVE('',#8791,#6584,#8798,.T.);
#8798 = B_SPLINE_CURVE_WITH_KNOTS('',1,(#8799,#8800),.UNSPECIFIED.,.F.,
  .F.,(2,2),(0.,0.6),.PIECEWISE_BEZIER_KNOTS.);
#8799 = CARTESIAN_POINT('',(-11.8,-3.,1.4));
#8800 = CARTESIAN_POINT('',(-11.8,-3.,2.));
#8801 = ORIENTED_EDGE('',*,*,#6590,.T.);
#8802 = B_SPLINE_SURFACE_WITH_KNOTS('',1,1,(
    (#8803,#8804)
    ,(#8805,#8806
    )),.UNSPECIFIED.,.F.,.F.,.F.,(2,2),(2,2),(0.,0.6),(0.,6.),
  .PIECEWISE_BEZIER_KNOTS.);
#8803 = CARTESIAN_POINT('',(-11.8,-3.,1.4));
#8804 = CARTESIAN_POINT('',(-5.8,-3.,1.4));
#8805 = CARTESIAN_POINT('',(-11.8,-3.,2.));
#8806 = CARTESIAN_POINT('',(-5.8,-3.,2.));
#8807 = ADVANCED_FACE('',(#8808),#8824,.F.);
#8808 = FACE_BOUND('',#8809,.F.);
#8809 = EDGE_LOOP('',(#8810,#8811,#8818,#8823));
#8810 = ORIENTED_EDGE('',*,*,#8783,.F.);
#8811 = ORIENTED_EDGE('',*,*,#8812,.T.);
#8812 = EDGE_CURVE('',#8784,#8813,#8815,.T.);
#8813 = VERTEX_POINT('',#8814);
#8814 = CARTESIAN_POINT('',(-5.8,3.,1.4));
#8815 = B_SPLINE_CURVE_WITH_KNOTS('',1,(#8816,#8817),.UNSPECIFIED.,.F.,
  .F.,(2,2),(0.,6.),.PIECEWISE_BEZIER_KNOTS.);
#8816 = CARTESIAN_POINT('',(-5.8,-3.,1.4));
#8817 = CARTESIAN_POINT('',(-5.8,3.,1.4));
#8818 = ORIENTED_EDGE('',*,*,#8819,.T.);
#8819 = EDGE_CURVE('',#8813,#6613,#8820,.T.);
#8820 = B_SPLINE_CURVE_WITH_KNOTS('',1,(#8821,#8822),.UNSPECIFIED.,.F.,
  .F.,(2,2),(0.,0.6),.PIECEWISE_BEZIER_KNOTS.);
#8821 = CARTESIAN_POINT('',(-5.8,3.,1.4));
#8822 = CARTESIAN_POINT('',(-5.8,3.,2.));
#8823 = ORIENTED_EDGE('',*,*,#6612,.F.);
#8824 = B_SPLINE_SURFACE_WITH_KNOTS('',1,1,(
    (#8825,#8826)
    ,(#8827,#8828
    )),.UNSPECIFIED.,.F.,.F.,.F.,(2,2),(2,2),(0.,0.6),(-6.,0.),
  .PIECEWISE_BEZIER_KNOTS.);
#8825 = CARTESIAN_POINT('',(-5.8,3.,1.4));
#8826 = CARTESIAN_POINT('',(-5.8,-3.,1.4));
#8827 = CARTESIAN_POINT('',(-5.8,3.,2.));
#8828 = CARTESIAN_POINT('',(-5.8,-3.,2.));
#8829 = ADVANCED_FACE('',(#8830),#8846,.F.);
#8830 = FACE_BOUND('',#8831,.F.);
#8831 = EDGE_LOOP('',(#8832,#8833,#8840,#8845));
#8832 = ORIENTED_EDGE('',*,*,#8819,.F.);
#8833 = ORIENTED_EDGE('',*,*,#8834,.F.);
#8834 = EDGE_CURVE('',#8835,#8813,#8837,.T.);
#8835 = VERTEX_POINT('',#8836);
#8836 = CARTESIAN_POINT('',(-11.8,3.,1.4));
#8837 = B_SPLINE_CURVE_WITH_KNOTS('',1,(#8838,#8839),.UNSPECIFIED.,.F.,
  .F.,(2,2),(0.,6.),.PIECEWISE_BEZIER_KNOTS.);
#8838 = CARTESIAN_POINT('',(-11.8,3.,1.4));
#8839 = CARTESIAN_POINT('',(-5.8,3.,1.4));
#8840 = ORIENTED_EDGE('',*,*,#8841,.T.);
#8841 = EDGE_CURVE('',#8835,#6635,#8842,.T.);
#8842 = B_SPLINE_CURVE_WITH_KNOTS('',1,(#8843,#8844),.UNSPECIFIED.,.F.,
  .F.,(2,2),(0.,0.6),.PIECEWISE_BEZIER_KNOTS.);
#8843 = CARTESIAN_POINT('',(-11.8,3.,1.4));
#8844 = CARTESIAN_POINT('',(-11.8,3.,2.));
#8845 = ORIENTED_EDGE('',*,*,#6634,.F.);
#8846 = B_SPLINE_SURFACE_WITH_KNOTS('',1,1,(
    (#8847,#8848)
    ,(#8849,#8850
    )),.UNSPECIFIED.,.F.,.F.,.F.,(2,2),(2,2),(0.,0.6),(0.,6.),
  .PIECEWISE_BEZIER_KNOTS.);
#8847 = CARTESIAN_POINT('',(-11.8,3.,1.4));
#8848 = CARTESIAN_POINT('',(-5.8,3.,1.4));
#8849 = CARTESIAN_POINT('',(-11.8,3.,2.));
#8850 = CARTESIAN_POINT('',(-5.8,3.,2.));
#8851 = ADVANCED_FACE('',(#8852),#8862,.T.);
#8852 = FACE_BOUND('',#8853,.T.);
#8853 = EDGE_LOOP('',(#8854,#8855,#8860,#8861));
#8854 = ORIENTED_EDGE('',*,*,#8797,.F.);
#8855 = ORIENTED_EDGE('',*,*,#8856,.T.);
#8856 = EDGE_CURVE('',#8791,#8835,#8857,.T.);
#8857 = B_SPLINE_CURVE_WITH_KNOTS('',1,(#8858,#8859),.UNSPECIFIED.,.F.,
  .F.,(2,2),(0.,6.),.PIECEWISE_BEZIER_KNOTS.);
#8858 = CARTESIAN_POINT('',(-11.8,-3.,1.4));
#8859 = CARTESIAN_POINT('',(-11.8,3.,1.4));
#8860 = ORIENTED_EDGE('',*,*,#8841,.T.);
#8861 = ORIENTED_EDGE('',*,*,#6656,.T.);
#8862 = B_SPLINE_SURFACE_WITH_KNOTS('',1,1,(
    (#8863,#8864)
    ,(#8865,#8866
    )),.UNSPECIFIED.,.F.,.F.,.F.,(2,2),(2,2),(0.,0.6),(-6.,0.),
  .PIECEWISE_BEZIER_KNOTS.);
#8863 = CARTESIAN_POINT('',(-11.8,3.,1.4));
#8864 = CARTESIAN_POINT('',(-11.8,-3.,1.4));
#8865 = CARTESIAN_POINT('',(-11.8,3.,2.));
#8866 = CARTESIAN_POINT('',(-11.8,-3.,2.));
#8867 = ADVANCED_FACE('',(#8868),#8890,.T.);
#8868 = FACE_BOUND('',#8869,.T.);
#8869 = EDGE_LOOP('',(#8870,#8877,#8884,#8889));
#8870 = ORIENTED_EDGE('',*,*,#8871,.F.);
#8871 = EDGE_CURVE('',#8872,#6679,#8874,.T.);
#8872 = VERTEX_POINT('',#8873);
#8873 = CARTESIAN_POINT('',(-5.8,5.8,1.4));
#8874 = B_SPLINE_CURVE_WITH_KNOTS('',1,(#8875,#8876),.UNSPECIFIED.,.F.,
  .F.,(2,2),(0.,0.6),.PIECEWISE_BEZIER_KNOTS.);
#8875 = CARTESIAN_POINT('',(-5.8,5.8,1.4));
#8876 = CARTESIAN_POINT('',(-5.8,5.8,2.));
#8877 = ORIENTED_EDGE('',*,*,#8878,.F.);
#8878 = EDGE_CURVE('',#8879,#8872,#8881,.T.);
#8879 = VERTEX_POINT('',#8880);
#8880 = CARTESIAN_POINT('',(-11.8,5.8,1.4));
#8881 = B_SPLINE_CURVE_WITH_KNOTS('',1,(#8882,#8883),.UNSPECIFIED.,.F.,
  .F.,(2,2),(0.,6.),.PIECEWISE_BEZIER_KNOTS.);
#8882 = CARTESIAN_POINT('',(-11.8,5.8,1.4));
#8883 = CARTESIAN_POINT('',(-5.8,5.8,1.4));
#8884 = ORIENTED_EDGE('',*,*,#8885,.T.);
#8885 = EDGE_CURVE('',#8879,#6672,#8886,.T.);
#8886 = B_SPLINE_CURVE_WITH_KNOTS('',1,(#8887,#8888),.UNSPECIFIED.,.F.,
  .F.,(2,2),(0.,0.6),.PIECEWISE_BEZIER_KNOTS.);
#8887 = CARTESIAN_POINT('',(-11.8,5.8,1.4));
#8888 = CARTESIAN_POINT('',(-11.8,5.8,2.));
#8889 = ORIENTED_EDGE('',*,*,#6678,.T.);
#8890 = B_SPLINE_SURFACE_WITH_KNOTS('',1,1,(
    (#8891,#8892)
    ,(#8893,#8894
    )),.UNSPECIFIED.,.F.,.F.,.F.,(2,2),(2,2),(0.,0.6),(0.,6.),
  .PIECEWISE_BEZIER_KNOTS.);
#8891 = CARTESIAN_POINT('',(-11.8,5.8,1.4));
#8892 = CARTESIAN_POINT('',(-5.8,5.8,1.4));
#8893 = CARTESIAN_POINT('',(-11.8,5.8,2.));
#8894 = CARTESIAN_POINT('',(-5.8,5.8,2.));
#8895 = ADVANCED_FACE('',(#8896),#8912,.F.);
#8896 = FACE_BOUND('',#8897,.F.);
#8897 = EDGE_LOOP('',(#8898,#8899,#8906,#8911));
#8898 = ORIENTED_EDGE('',*,*,#8871,.F.);
#8899 = ORIENTED_EDGE('',*,*,#8900,.T.);
#8900 = EDGE_CURVE('',#8872,#8901,#8903,.T.);
#8901 = VERTEX_POINT('',#8902);
#8902 = CARTESIAN_POINT('',(-5.8,11.8,1.4));
#8903 = B_SPLINE_CURVE_WITH_KNOTS('',1,(#8904,#8905),.UNSPECIFIED.,.F.,
  .F.,(2,2),(0.,6.),.PIECEWISE_BEZIER_KNOTS.);
#8904 = CARTESIAN_POINT('',(-5.8,5.8,1.4));
#8905 = CARTESIAN_POINT('',(-5.8,11.8,1.4));
#8906 = ORIENTED_EDGE('',*,*,#8907,.T.);
#8907 = EDGE_CURVE('',#8901,#6701,#8908,.T.);
#8908 = B_SPLINE_CURVE_WITH_KNOTS('',1,(#8909,#8910),.UNSPECIFIED.,.F.,
  .F.,(2,2),(0.,0.6),.PIECEWISE_BEZIER_KNOTS.);
#8909 = CARTESIAN_POINT('',(-5.8,11.8,1.4));
#8910 = CARTESIAN_POINT('',(-5.8,11.8,2.));
#8911 = ORIENTED_EDGE('',*,*,#6700,.F.);
#8912 = B_SPLINE_SURFACE_WITH_KNOTS('',1,1,(
    (#8913,#8914)
    ,(#8915,#8916
    )),.UNSPECIFIED.,.F.,.F.,.F.,(2,2),(2,2),(0.,0.6),(-6.,0.),
  .PIECEWISE_BEZIER_KNOTS.);
#8913 = CARTESIAN_POINT('',(-5.8,11.8,1.4));
#8914 = CARTESIAN_POINT('',(-5.8,5.8,1.4));
#8915 = CARTESIAN_POINT('',(-5.8,11.8,2.));
#8916 = CARTESIAN_POINT('',(-5.8,5.8,2.));
#8917 = ADVANCED_FACE('',(#8918),#8934,.F.);
#8918 = FACE_BOUND('',#8919,.F.);
#8919 = EDGE_LOOP('',(#8920,#8921,#8928,#8933));
#8920 = ORIENTED_EDGE('',*,*,#8907,.F.);
#8921 = ORIENTED_EDGE('',*,*,#8922,.F.);
#8922 = EDGE_CURVE('',#8923,#8901,#8925,.T.);
#8923 = VERTEX_POINT('',#8924);
#8924 = CARTESIAN_POINT('',(-11.8,11.8,1.4));
#8925 = B_SPLINE_CURVE_WITH_KNOTS('',1,(#8926,#8927),.UNSPECIFIED.,.F.,
  .F.,(2,2),(0.,6.),.PIECEWISE_BEZIER_KNOTS.);
#8926 = CARTESIAN_POINT('',(-11.8,11.8,1.4));
#8927 = CARTESIAN_POINT('',(-5.8,11.8,1.4));
#8928 = ORIENTED_EDGE('',*,*,#8929,.T.);
#8929 = EDGE_CURVE('',#8923,#6723,#8930,.T.);
#8930 = B_SPLINE_CURVE_WITH_KNOTS('',1,(#8931,#8932),.UNSPECIFIED.,.F.,
  .F.,(2,2),(0.,0.6),.PIECEWISE_BEZIER_KNOTS.);
#8931 = CARTESIAN_POINT('',(-11.8,11.8,1.4));
#8932 = CARTESIAN_POINT('',(-11.8,11.8,2.));
#8933 = ORIENTED_EDGE('',*,*,#6722,.F.);
#8934 = B_SPLINE_SURFACE_WITH_KNOTS('',1,1,(
    (#8935,#8936)
    ,(#8937,#8938
    )),.UNSPECIFIED.,.F.,.F.,.F.,(2,2),(2,2),(0.,0.6),(0.,6.),
  .PIECEWISE_BEZIER_KNOTS.);
#8935 = CARTESIAN_POINT('',(-11.8,11.8,1.4));
#8936 = CARTESIAN_POINT('',(-5.8,11.8,1.4));
#8937 = CARTESIAN_POINT('',(-11.8,11.8,2.));
#8938 = CARTESIAN_POINT('',(-5.8,11.8,2.));
#8939 = ADVANCED_FACE('',(#8940),#8950,.T.);
#8940 = FACE_BOUND('',#8941,.T.);
#8941 = EDGE_LOOP('',(#8942,#8943,#8948,#8949));
#8942 = ORIENTED_EDGE('',*,*,#8885,.F.);
#8943 = ORIENTED_EDGE('',*,*,#8944,.T.);
#8944 = EDGE_CURVE('',#8879,#8923,#8945,.T.);
#8945 = B_SPLINE_CURVE_WITH_KNOTS('',1,(#8946,#8947),.UNSPECIFIED.,.F.,
  .F.,(2,2),(0.,6.),.PIECEWISE_BEZIER_KNOTS.);
#8946 = CARTESIAN_POINT('',(-11.8,5.8,1.4));
#8947 = CARTESIAN_POINT('',(-11.8,11.8,1.4));
#8948 = ORIENTED_EDGE('',*,*,#8929,.T.);
#8949 = ORIENTED_EDGE('',*,*,#6744,.T.);
#8950 = B_SPLINE_SURFACE_WITH_KNOTS('',1,1,(
    (#8951,#8952)
    ,(#8953,#8954
    )),.UNSPECIFIED.,.F.,.F.,.F.,(2,2),(2,2),(0.,0.6),(-6.,0.),
  .PIECEWISE_BEZIER_KNOTS.);
#8951 = CARTESIAN_POINT('',(-11.8,11.8,1.4));
#8952 = CARTESIAN_POINT('',(-11.8,5.8,1.4));
#8953 = CARTESIAN_POINT('',(-11.8,11.8,2.));
#8954 = CARTESIAN_POINT('',(-11.8,5.8,2.));
#8955 = ADVANCED_FACE('',(#8956),#8978,.T.);
#8956 = FACE_BOUND('',#8957,.T.);
#8957 = EDGE_LOOP('',(#8958,#8965,#8972,#8977));
#8958 = ORIENTED_EDGE('',*,*,#8959,.F.);
#8959 = EDGE_CURVE('',#8960,#6767,#8962,.T.);
#8960 = VERTEX_POINT('',#8961);
#8961 = CARTESIAN_POINT('',(-14.6,14.6,1.4));
#8962 = B_SPLINE_CURVE_WITH_KNOTS('',1,(#8963,#8964),.UNSPECIFIED.,.F.,
  .F.,(2,2),(0.,0.6),.PIECEWISE_BEZIER_KNOTS.);
#8963 = CARTESIAN_POINT('',(-14.6,14.6,1.4));
#8964 = CARTESIAN_POINT('',(-14.6,14.6,2.));
#8965 = ORIENTED_EDGE('',*,*,#8966,.F.);
#8966 = EDGE_CURVE('',#8967,#8960,#8969,.T.);
#8967 = VERTEX_POINT('',#8968);
#8968 = CARTESIAN_POINT('',(-20.6,14.6,1.4));
#8969 = B_SPLINE_CURVE_WITH_KNOTS('',1,(#8970,#8971),.UNSPECIFIED.,.F.,
  .F.,(2,2),(0.,6.),.PIECEWISE_BEZIER_KNOTS.);
#8970 = CARTESIAN_POINT('',(-20.6,14.6,1.4));
#8971 = CARTESIAN_POINT('',(-14.6,14.6,1.4));
#8972 = ORIENTED_EDGE('',*,*,#8973,.T.);
#8973 = EDGE_CURVE('',#8967,#6760,#8974,.T.);
#8974 = B_SPLINE_CURVE_WITH_KNOTS('',1,(#8975,#8976),.UNSPECIFIED.,.F.,
  .F.,(2,2),(0.,0.6),.PIECEWISE_BEZIER_KNOTS.);
#8975 = CARTESIAN_POINT('',(-20.6,14.6,1.4));
#8976 = CARTESIAN_POINT('',(-20.6,14.6,2.));
#8977 = ORIENTED_EDGE('',*,*,#6766,.T.);
#8978 = B_SPLINE_SURFACE_WITH_KNOTS('',1,1,(
    (#8979,#8980)
    ,(#8981,#8982
    )),.UNSPECIFIED.,.F.,.F.,.F.,(2,2),(2,2),(0.,0.6),(0.,6.),
  .PIECEWISE_BEZIER_KNOTS.);
#8979 = CARTESIAN_POINT('',(-20.6,14.6,1.4));
#8980 = CARTESIAN_POINT('',(-14.6,14.6,1.4));
#8981 = CARTESIAN_POINT('',(-20.6,14.6,2.));
#8982 = CARTESIAN_POINT('',(-14.6,14.6,2.));
#8983 = ADVANCED_FACE('',(#8984),#9000,.F.);
#8984 = FACE_BOUND('',#8985,.F.);
#8985 = EDGE_LOOP('',(#8986,#8987,#8994,#8999));
#8986 = ORIENTED_EDGE('',*,*,#8959,.F.);
#8987 = ORIENTED_EDGE('',*,*,#8988,.T.);
#8988 = EDGE_CURVE('',#8960,#8989,#8991,.T.);
#8989 = VERTEX_POINT('',#8990);
#8990 = CARTESIAN_POINT('',(-14.6,20.6,1.4));
#8991 = B_SPLINE_CURVE_WITH_KNOTS('',1,(#8992,#8993),.UNSPECIFIED.,.F.,
  .F.,(2,2),(0.,6.),.PIECEWISE_BEZIER_KNOTS.);
#8992 = CARTESIAN_POINT('',(-14.6,14.6,1.4));
#8993 = CARTESIAN_POINT('',(-14.6,20.6,1.4));
#8994 = ORIENTED_EDGE('',*,*,#8995,.T.);
#8995 = EDGE_CURVE('',#8989,#6789,#8996,.T.);
#8996 = B_SPLINE_CURVE_WITH_KNOTS('',1,(#8997,#8998),.UNSPECIFIED.,.F.,
  .F.,(2,2),(0.,0.6),.PIECEWISE_BEZIER_KNOTS.);
#8997 = CARTESIAN_POINT('',(-14.6,20.6,1.4));
#8998 = CARTESIAN_POINT('',(-14.6,20.6,2.));
#8999 = ORIENTED_EDGE('',*,*,#6788,.F.);
#9000 = B_SPLINE_SURFACE_WITH_KNOTS('',1,1,(
    (#9001,#9002)
    ,(#9003,#9004
    )),.UNSPECIFIED.,.F.,.F.,.F.,(2,2),(2,2),(0.,0.6),(-6.,0.),
  .PIECEWISE_BEZIER_KNOTS.);
#9001 = CARTESIAN_POINT('',(-14.6,20.6,1.4));
#9002 = CARTESIAN_POINT('',(-14.6,14.6,1.4));
#9003 = CARTESIAN_POINT('',(-14.6,20.6,2.));
#9004 = CARTESIAN_POINT('',(-14.6,14.6,2.));
#9005 = ADVANCED_FACE('',(#9006),#9022,.F.);
#9006 = FACE_BOUND('',#9007,.F.);
#9007 = EDGE_LOOP('',(#9008,#9009,#9016,#9021));
#9008 = ORIENTED_EDGE('',*,*,#8995,.F.);
#9009 = ORIENTED_EDGE('',*,*,#9010,.F.);
#9010 = EDGE_CURVE('',#9011,#8989,#9013,.T.);
#9011 = VERTEX_POINT('',#9012);
#9012 = CARTESIAN_POINT('',(-20.6,20.6,1.4));
#9013 = B_SPLINE_CURVE_WITH_KNOTS('',1,(#9014,#9015),.UNSPECIFIED.,.F.,
  .F.,(2,2),(0.,6.),.PIECEWISE_BEZIER_KNOTS.);
#9014 = CARTESIAN_POINT('',(-20.6,20.6,1.4));
#9015 = CARTESIAN_POINT('',(-14.6,20.6,1.4));
#9016 = ORIENTED_EDGE('',*,*,#9017,.T.);
#9017 = EDGE_CURVE('',#9011,#6811,#9018,.T.);
#9018 = B_SPLINE_CURVE_WITH_KNOTS('',1,(#9019,#9020),.UNSPECIFIED.,.F.,
  .F.,(2,2),(0.,0.6),.PIECEWISE_BEZIER_KNOTS.);
#9019 = CARTESIAN_POINT('',(-20.6,20.6,1.4));
#9020 = CARTESIAN_POINT('',(-20.6,20.6,2.));
#9021 = ORIENTED_EDGE('',*,*,#6810,.F.);
#9022 = B_SPLINE_SURFACE_WITH_KNOTS('',1,1,(
    (#9023,#9024)
    ,(#9025,#9026
    )),.UNSPECIFIED.,.F.,.F.,.F.,(2,2),(2,2),(0.,0.6),(0.,6.),
  .PIECEWISE_BEZIER_KNOTS.);
#9023 = CARTESIAN_POINT('',(-20.6,20.6,1.4));
#9024 = CARTESIAN_POINT('',(-14.6,20.6,1.4));
#9025 = CARTESIAN_POINT('',(-20.6,20.6,2.));
#9026 = CARTESIAN_POINT('',(-14.6,20.6,2.));
#9027 = ADVANCED_FACE('',(#9028),#9038,.T.);
#9028 = FACE_BOUND('',#9029,.T.);
#9029 = EDGE_LOOP('',(#9030,#9031,#9036,#9037));
#9030 = ORIENTED_EDGE('',*,*,#8973,.F.);
#9031 = ORIENTED_EDGE('',*,*,#9032,.T.);
#9032 = EDGE_CURVE('',#8967,#9011,#9033,.T.);
#9033 = B_SPLINE_CURVE_WITH_KNOTS('',1,(#9034,#9035),.UNSPECIFIED.,.F.,
  .F.,(2,2),(0.,6.),.PIECEWISE_BEZIER_KNOTS.);
#9034 = CARTESIAN_POINT('',(-20.6,14.6,1.4));
#9035 = CARTESIAN_POINT('',(-20.6,20.6,1.4));
#9036 = ORIENTED_EDGE('',*,*,#9017,.T.);
#9037 = ORIENTED_EDGE('',*,*,#6832,.T.);
#9038 = B_SPLINE_SURFACE_WITH_KNOTS('',1,1,(
    (#9039,#9040)
    ,(#9041,#9042
    )),.UNSPECIFIED.,.F.,.F.,.F.,(2,2),(2,2),(0.,0.6),(-6.,0.),
  .PIECEWISE_BEZIER_KNOTS.);
#9039 = CARTESIAN_POINT('',(-20.6,20.6,1.4));
#9040 = CARTESIAN_POINT('',(-20.6,14.6,1.4));
#9041 = CARTESIAN_POINT('',(-20.6,20.6,2.));
#9042 = CARTESIAN_POINT('',(-20.6,14.6,2.));
#9043 = ADVANCED_FACE('',(#9044),#9066,.T.);
#9044 = FACE_BOUND('',#9045,.T.);
#9045 = EDGE_LOOP('',(#9046,#9053,#9060,#9065));
#9046 = ORIENTED_EDGE('',*,*,#9047,.F.);
#9047 = EDGE_CURVE('',#9048,#6855,#9050,.T.);
#9048 = VERTEX_POINT('',#9049);
#9049 = CARTESIAN_POINT('',(-5.8,14.6,1.4));
#9050 = B_SPLINE_CURVE_WITH_KNOTS('',1,(#9051,#9052),.UNSPECIFIED.,.F.,
  .F.,(2,2),(0.,0.6),.PIECEWISE_BEZIER_KNOTS.);
#9051 = CARTESIAN_POINT('',(-5.8,14.6,1.4));
#9052 = CARTESIAN_POINT('',(-5.8,14.6,2.));
#9053 = ORIENTED_EDGE('',*,*,#9054,.F.);
#9054 = EDGE_CURVE('',#9055,#9048,#9057,.T.);
#9055 = VERTEX_POINT('',#9056);
#9056 = CARTESIAN_POINT('',(-11.8,14.6,1.4));
#9057 = B_SPLINE_CURVE_WITH_KNOTS('',1,(#9058,#9059),.UNSPECIFIED.,.F.,
  .F.,(2,2),(0.,6.),.PIECEWISE_BEZIER_KNOTS.);
#9058 = CARTESIAN_POINT('',(-11.8,14.6,1.4));
#9059 = CARTESIAN_POINT('',(-5.8,14.6,1.4));
#9060 = ORIENTED_EDGE('',*,*,#9061,.T.);
#9061 = EDGE_CURVE('',#9055,#6848,#9062,.T.);
#9062 = B_SPLINE_CURVE_WITH_KNOTS('',1,(#9063,#9064),.UNSPECIFIED.,.F.,
  .F.,(2,2),(0.,0.6),.PIECEWISE_BEZIER_KNOTS.);
#9063 = CARTESIAN_POINT('',(-11.8,14.6,1.4));
#9064 = CARTESIAN_POINT('',(-11.8,14.6,2.));
#9065 = ORIENTED_EDGE('',*,*,#6854,.T.);
#9066 = B_SPLINE_SURFACE_WITH_KNOTS('',1,1,(
    (#9067,#9068)
    ,(#9069,#9070
    )),.UNSPECIFIED.,.F.,.F.,.F.,(2,2),(2,2),(0.,0.6),(0.,6.),
  .PIECEWISE_BEZIER_KNOTS.);
#9067 = CARTESIAN_POINT('',(-11.8,14.6,1.4));
#9068 = CARTESIAN_POINT('',(-5.8,14.6,1.4));
#9069 = CARTESIAN_POINT('',(-11.8,14.6,2.));
#9070 = CARTESIAN_POINT('',(-5.8,14.6,2.));
#9071 = ADVANCED_FACE('',(#9072),#9088,.F.);
#9072 = FACE_BOUND('',#9073,.F.);
#9073 = EDGE_LOOP('',(#9074,#9075,#9082,#9087));
#9074 = ORIENTED_EDGE('',*,*,#9047,.F.);
#9075 = ORIENTED_EDGE('',*,*,#9076,.T.);
#9076 = EDGE_CURVE('',#9048,#9077,#9079,.T.);
#9077 = VERTEX_POINT('',#9078);
#9078 = CARTESIAN_POINT('',(-5.8,20.6,1.4));
#9079 = B_SPLINE_CURVE_WITH_KNOTS('',1,(#9080,#9081),.UNSPECIFIED.,.F.,
  .F.,(2,2),(0.,6.),.PIECEWISE_BEZIER_KNOTS.);
#9080 = CARTESIAN_POINT('',(-5.8,14.6,1.4));
#9081 = CARTESIAN_POINT('',(-5.8,20.6,1.4));
#9082 = ORIENTED_EDGE('',*,*,#9083,.T.);
#9083 = EDGE_CURVE('',#9077,#6877,#9084,.T.);
#9084 = B_SPLINE_CURVE_WITH_KNOTS('',1,(#9085,#9086),.UNSPECIFIED.,.F.,
  .F.,(2,2),(0.,0.6),.PIECEWISE_BEZIER_KNOTS.);
#9085 = CARTESIAN_POINT('',(-5.8,20.6,1.4));
#9086 = CARTESIAN_POINT('',(-5.8,20.6,2.));
#9087 = ORIENTED_EDGE('',*,*,#6876,.F.);
#9088 = B_SPLINE_SURFACE_WITH_KNOTS('',1,1,(
    (#9089,#9090)
    ,(#9091,#9092
    )),.UNSPECIFIED.,.F.,.F.,.F.,(2,2),(2,2),(0.,0.6),(-6.,0.),
  .PIECEWISE_BEZIER_KNOTS.);
#9089 = CARTESIAN_POINT('',(-5.8,20.6,1.4));
#9090 = CARTESIAN_POINT('',(-5.8,14.6,1.4));
#9091 = CARTESIAN_POINT('',(-5.8,20.6,2.));
#9092 = CARTESIAN_POINT('',(-5.8,14.6,2.));
#9093 = ADVANCED_FACE('',(#9094),#9110,.F.);
#9094 = FACE_BOUND('',#9095,.F.);
#9095 = EDGE_LOOP('',(#9096,#9097,#9104,#9109));
#9096 = ORIENTED_EDGE('',*,*,#9083,.F.);
#9097 = ORIENTED_EDGE('',*,*,#9098,.F.);
#9098 = EDGE_CURVE('',#9099,#9077,#9101,.T.);
#9099 = VERTEX_POINT('',#9100);
#9100 = CARTESIAN_POINT('',(-11.8,20.6,1.4));
#9101 = B_SPLINE_CURVE_WITH_KNOTS('',1,(#9102,#9103),.UNSPECIFIED.,.F.,
  .F.,(2,2),(0.,6.),.PIECEWISE_BEZIER_KNOTS.);
#9102 = CARTESIAN_POINT('',(-11.8,20.6,1.4));
#9103 = CARTESIAN_POINT('',(-5.8,20.6,1.4));
#9104 = ORIENTED_EDGE('',*,*,#9105,.T.);
#9105 = EDGE_CURVE('',#9099,#6899,#9106,.T.);
#9106 = B_SPLINE_CURVE_WITH_KNOTS('',1,(#9107,#9108),.UNSPECIFIED.,.F.,
  .F.,(2,2),(0.,0.6),.PIECEWISE_BEZIER_KNOTS.);
#9107 = CARTESIAN_POINT('',(-11.8,20.6,1.4));
#9108 = CARTESIAN_POINT('',(-11.8,20.6,2.));
#9109 = ORIENTED_EDGE('',*,*,#6898,.F.);
#9110 = B_SPLINE_SURFACE_WITH_KNOTS('',1,1,(
    (#9111,#9112)
    ,(#9113,#9114
    )),.UNSPECIFIED.,.F.,.F.,.F.,(2,2),(2,2),(0.,0.6),(0.,6.),
  .PIECEWISE_BEZIER_KNOTS.);
#9111 = CARTESIAN_POINT('',(-11.8,20.6,1.4));
#9112 = CARTESIAN_POINT('',(-5.8,20.6,1.4));
#9113 = CARTESIAN_POINT('',(-11.8,20.6,2.));
#9114 = CARTESIAN_POINT('',(-5.8,20.6,2.));
#9115 = ADVANCED_FACE('',(#9116),#9126,.T.);
#9116 = FACE_BOUND('',#9117,.T.);
#9117 = EDGE_LOOP('',(#9118,#9119,#9124,#9125));
#9118 = ORIENTED_EDGE('',*,*,#9061,.F.);
#9119 = ORIENTED_EDGE('',*,*,#9120,.T.);
#9120 = EDGE_CURVE('',#9055,#9099,#9121,.T.);
#9121 = B_SPLINE_CURVE_WITH_KNOTS('',1,(#9122,#9123),.UNSPECIFIED.,.F.,
  .F.,(2,2),(0.,6.),.PIECEWISE_BEZIER_KNOTS.);
#9122 = CARTESIAN_POINT('',(-11.8,14.6,1.4));
#9123 = CARTESIAN_POINT('',(-11.8,20.6,1.4));
#9124 = ORIENTED_EDGE('',*,*,#9105,.T.);
#9125 = ORIENTED_EDGE('',*,*,#6920,.T.);
#9126 = B_SPLINE_SURFACE_WITH_KNOTS('',1,1,(
    (#9127,#9128)
    ,(#9129,#9130
    )),.UNSPECIFIED.,.F.,.F.,.F.,(2,2),(2,2),(0.,0.6),(-6.,0.),
  .PIECEWISE_BEZIER_KNOTS.);
#9127 = CARTESIAN_POINT('',(-11.8,20.6,1.4));
#9128 = CARTESIAN_POINT('',(-11.8,14.6,1.4));
#9129 = CARTESIAN_POINT('',(-11.8,20.6,2.));
#9130 = CARTESIAN_POINT('',(-11.8,14.6,2.));
#9131 = ADVANCED_FACE('',(#9132),#9154,.T.);
#9132 = FACE_BOUND('',#9133,.T.);
#9133 = EDGE_LOOP('',(#9134,#9141,#9148,#9153));
#9134 = ORIENTED_EDGE('',*,*,#9135,.F.);
#9135 = EDGE_CURVE('',#9136,#6943,#9138,.T.);
#9136 = VERTEX_POINT('',#9137);
#9137 = CARTESIAN_POINT('',(3.,-3.,1.4));
#9138 = B_SPLINE_CURVE_WITH_KNOTS('',1,(#9139,#9140),.UNSPECIFIED.,.F.,
  .F.,(2,2),(0.,0.6),.PIECEWISE_BEZIER_KNOTS.);
#9139 = CARTESIAN_POINT('',(3.,-3.,1.4));
#9140 = CARTESIAN_POINT('',(3.,-3.,2.));
#9141 = ORIENTED_EDGE('',*,*,#9142,.F.);
#9142 = EDGE_CURVE('',#9143,#9136,#9145,.T.);
#9143 = VERTEX_POINT('',#9144);
#9144 = CARTESIAN_POINT('',(-3.,-3.,1.4));
#9145 = B_SPLINE_CURVE_WITH_KNOTS('',1,(#9146,#9147),.UNSPECIFIED.,.F.,
  .F.,(2,2),(0.,6.),.PIECEWISE_BEZIER_KNOTS.);
#9146 = CARTESIAN_POINT('',(-3.,-3.,1.4));
#9147 = CARTESIAN_POINT('',(3.,-3.,1.4));
#9148 = ORIENTED_EDGE('',*,*,#9149,.T.);
#9149 = EDGE_CURVE('',#9143,#6936,#9150,.T.);
#9150 = B_SPLINE_CURVE_WITH_KNOTS('',1,(#9151,#9152),.UNSPECIFIED.,.F.,
  .F.,(2,2),(0.,0.6),.PIECEWISE_BEZIER_KNOTS.);
#9151 = CARTESIAN_POINT('',(-3.,-3.,1.4));
#9152 = CARTESIAN_POINT('',(-3.,-3.,2.));
#9153 = ORIENTED_EDGE('',*,*,#6942,.T.);
#9154 = B_SPLINE_SURFACE_WITH_KNOTS('',1,1,(
    (#9155,#9156)
    ,(#9157,#9158
    )),.UNSPECIFIED.,.F.,.F.,.F.,(2,2),(2,2),(0.,0.6),(0.,6.),
  .PIECEWISE_BEZIER_KNOTS.);
#9155 = CARTESIAN_POINT('',(-3.,-3.,1.4));
#9156 = CARTESIAN_POINT('',(3.,-3.,1.4));
#9157 = CARTESIAN_POINT('',(-3.,-3.,2.));
#9158 = CARTESIAN_POINT('',(3.,-3.,2.));
#9159 = ADVANCED_FACE('',(#9160),#9176,.F.);
#9160 = FACE_BOUND('',#9161,.F.);
#9161 = EDGE_LOOP('',(#9162,#9163,#9170,#9175));
#9162 = ORIENTED_EDGE('',*,*,#9135,.F.);
#9163 = ORIENTED_EDGE('',*,*,#9164,.T.);
#9164 = EDGE_CURVE('',#9136,#9165,#9167,.T.);
#9165 = VERTEX_POINT('',#9166);
#9166 = CARTESIAN_POINT('',(3.,3.,1.4));
#9167 = B_SPLINE_CURVE_WITH_KNOTS('',1,(#9168,#9169),.UNSPECIFIED.,.F.,
  .F.,(2,2),(0.,6.),.PIECEWISE_BEZIER_KNOTS.);
#9168 = CARTESIAN_POINT('',(3.,-3.,1.4));
#9169 = CARTESIAN_POINT('',(3.,3.,1.4));
#9170 = ORIENTED_EDGE('',*,*,#9171,.T.);
#9171 = EDGE_CURVE('',#9165,#6965,#9172,.T.);
#9172 = B_SPLINE_CURVE_WITH_KNOTS('',1,(#9173,#9174),.UNSPECIFIED.,.F.,
  .F.,(2,2),(0.,0.6),.PIECEWISE_BEZIER_KNOTS.);
#9173 = CARTESIAN_POINT('',(3.,3.,1.4));
#9174 = CARTESIAN_POINT('',(3.,3.,2.));
#9175 = ORIENTED_EDGE('',*,*,#6964,.F.);
#9176 = B_SPLINE_SURFACE_WITH_KNOTS('',1,1,(
    (#9177,#9178)
    ,(#9179,#9180
    )),.UNSPECIFIED.,.F.,.F.,.F.,(2,2),(2,2),(0.,0.6),(-6.,0.),
  .PIECEWISE_BEZIER_KNOTS.);
#9177 = CARTESIAN_POINT('',(3.,3.,1.4));
#9178 = CARTESIAN_POINT('',(3.,-3.,1.4));
#9179 = CARTESIAN_POINT('',(3.,3.,2.));
#9180 = CARTESIAN_POINT('',(3.,-3.,2.));
#9181 = ADVANCED_FACE('',(#9182),#9198,.F.);
#9182 = FACE_BOUND('',#9183,.F.);
#9183 = EDGE_LOOP('',(#9184,#9185,#9192,#9197));
#9184 = ORIENTED_EDGE('',*,*,#9171,.F.);
#9185 = ORIENTED_EDGE('',*,*,#9186,.F.);
#9186 = EDGE_CURVE('',#9187,#9165,#9189,.T.);
#9187 = VERTEX_POINT('',#9188);
#9188 = CARTESIAN_POINT('',(-3.,3.,1.4));
#9189 = B_SPLINE_CURVE_WITH_KNOTS('',1,(#9190,#9191),.UNSPECIFIED.,.F.,
  .F.,(2,2),(0.,6.),.PIECEWISE_BEZIER_KNOTS.);
#9190 = CARTESIAN_POINT('',(-3.,3.,1.4));
#9191 = CARTESIAN_POINT('',(3.,3.,1.4));
#9192 = ORIENTED_EDGE('',*,*,#9193,.T.);
#9193 = EDGE_CURVE('',#9187,#6987,#9194,.T.);
#9194 = B_SPLINE_CURVE_WITH_KNOTS('',1,(#9195,#9196),.UNSPECIFIED.,.F.,
  .F.,(2,2),(0.,0.6),.PIECEWISE_BEZIER_KNOTS.);
#9195 = CARTESIAN_POINT('',(-3.,3.,1.4));
#9196 = CARTESIAN_POINT('',(-3.,3.,2.));
#9197 = ORIENTED_EDGE('',*,*,#6986,.F.);
#9198 = B_SPLINE_SURFACE_WITH_KNOTS('',1,1,(
    (#9199,#9200)
    ,(#9201,#9202
    )),.UNSPECIFIED.,.F.,.F.,.F.,(2,2),(2,2),(0.,0.6),(0.,6.),
  .PIECEWISE_BEZIER_KNOTS.);
#9199 = CARTESIAN_POINT('',(-3.,3.,1.4));
#9200 = CARTESIAN_POINT('',(3.,3.,1.4));
#9201 = CARTESIAN_POINT('',(-3.,3.,2.));
#9202 = CARTESIAN_POINT('',(3.,3.,2.));
#9203 = ADVANCED_FACE('',(#9204),#9214,.T.);
#9204 = FACE_BOUND('',#9205,.T.);
#9205 = EDGE_LOOP('',(#9206,#9207,#9212,#9213));
#9206 = ORIENTED_EDGE('',*,*,#9149,.F.);
#9207 = ORIENTED_EDGE('',*,*,#9208,.T.);
#9208 = EDGE_CURVE('',#9143,#9187,#9209,.T.);
#9209 = B_SPLINE_CURVE_WITH_KNOTS('',1,(#9210,#9211),.UNSPECIFIED.,.F.,
  .F.,(2,2),(0.,6.),.PIECEWISE_BEZIER_KNOTS.);
#9210 = CARTESIAN_POINT('',(-3.,-3.,1.4));
#9211 = CARTESIAN_POINT('',(-3.,3.,1.4));
#9212 = ORIENTED_EDGE('',*,*,#9193,.T.);
#9213 = ORIENTED_EDGE('',*,*,#7008,.T.);
#9214 = B_SPLINE_SURFACE_WITH_KNOTS('',1,1,(
    (#9215,#9216)
    ,(#9217,#9218
    )),.UNSPECIFIED.,.F.,.F.,.F.,(2,2),(2,2),(0.,0.6),(-6.,0.),
  .PIECEWISE_BEZIER_KNOTS.);
#9215 = CARTESIAN_POINT('',(-3.,3.,1.4));
#9216 = CARTESIAN_POINT('',(-3.,-3.,1.4));
#9217 = CARTESIAN_POINT('',(-3.,3.,2.));
#9218 = CARTESIAN_POINT('',(-3.,-3.,2.));
#9219 = ADVANCED_FACE('',(#9220),#9242,.T.);
#9220 = FACE_BOUND('',#9221,.T.);
#9221 = EDGE_LOOP('',(#9222,#9229,#9236,#9241));
#9222 = ORIENTED_EDGE('',*,*,#9223,.F.);
#9223 = EDGE_CURVE('',#9224,#7031,#9226,.T.);
#9224 = VERTEX_POINT('',#9225);
#9225 = CARTESIAN_POINT('',(11.8,-3.,1.4));
#9226 = B_SPLINE_CURVE_WITH_KNOTS('',1,(#9227,#9228),.UNSPECIFIED.,.F.,
  .F.,(2,2),(0.,0.6),.PIECEWISE_BEZIER_KNOTS.);
#9227 = CARTESIAN_POINT('',(11.8,-3.,1.4));
#9228 = CARTESIAN_POINT('',(11.8,-3.,2.));
#9229 = ORIENTED_EDGE('',*,*,#9230,.F.);
#9230 = EDGE_CURVE('',#9231,#9224,#9233,.T.);
#9231 = VERTEX_POINT('',#9232);
#9232 = CARTESIAN_POINT('',(5.8,-3.,1.4));
#9233 = B_SPLINE_CURVE_WITH_KNOTS('',1,(#9234,#9235),.UNSPECIFIED.,.F.,
  .F.,(2,2),(0.,6.),.PIECEWISE_BEZIER_KNOTS.);
#9234 = CARTESIAN_POINT('',(5.8,-3.,1.4));
#9235 = CARTESIAN_POINT('',(11.8,-3.,1.4));
#9236 = ORIENTED_EDGE('',*,*,#9237,.T.);
#9237 = EDGE_CURVE('',#9231,#7024,#9238,.T.);
#9238 = B_SPLINE_CURVE_WITH_KNOTS('',1,(#9239,#9240),.UNSPECIFIED.,.F.,
  .F.,(2,2),(0.,0.6),.PIECEWISE_BEZIER_KNOTS.);
#9239 = CARTESIAN_POINT('',(5.8,-3.,1.4));
#9240 = CARTESIAN_POINT('',(5.8,-3.,2.));
#9241 = ORIENTED_EDGE('',*,*,#7030,.T.);
#9242 = B_SPLINE_SURFACE_WITH_KNOTS('',1,1,(
    (#9243,#9244)
    ,(#9245,#9246
    )),.UNSPECIFIED.,.F.,.F.,.F.,(2,2),(2,2),(0.,0.6),(0.,6.),
  .PIECEWISE_BEZIER_KNOTS.);
#9243 = CARTESIAN_POINT('',(5.8,-3.,1.4));
#9244 = CARTESIAN_POINT('',(11.8,-3.,1.4));
#9245 = CARTESIAN_POINT('',(5.8,-3.,2.));
#9246 = CARTESIAN_POINT('',(11.8,-3.,2.));
#9247 = ADVANCED_FACE('',(#9248),#9264,.F.);
#9248 = FACE_BOUND('',#9249,.F.);
#9249 = EDGE_LOOP('',(#9250,#9251,#9258,#9263));
#9250 = ORIENTED_EDGE('',*,*,#9223,.F.);
#9251 = ORIENTED_EDGE('',*,*,#9252,.T.);
#9252 = EDGE_CURVE('',#9224,#9253,#9255,.T.);
#9253 = VERTEX_POINT('',#9254);
#9254 = CARTESIAN_POINT('',(11.8,3.,1.4));
#9255 = B_SPLINE_CURVE_WITH_KNOTS('',1,(#9256,#9257),.UNSPECIFIED.,.F.,
  .F.,(2,2),(0.,6.),.PIECEWISE_BEZIER_KNOTS.);
#9256 = CARTESIAN_POINT('',(11.8,-3.,1.4));
#9257 = CARTESIAN_POINT('',(11.8,3.,1.4));
#9258 = ORIENTED_EDGE('',*,*,#9259,.T.);
#9259 = EDGE_CURVE('',#9253,#7053,#9260,.T.);
#9260 = B_SPLINE_CURVE_WITH_KNOTS('',1,(#9261,#9262),.UNSPECIFIED.,.F.,
  .F.,(2,2),(0.,0.6),.PIECEWISE_BEZIER_KNOTS.);
#9261 = CARTESIAN_POINT('',(11.8,3.,1.4));
#9262 = CARTESIAN_POINT('',(11.8,3.,2.));
#9263 = ORIENTED_EDGE('',*,*,#7052,.F.);
#9264 = B_SPLINE_SURFACE_WITH_KNOTS('',1,1,(
    (#9265,#9266)
    ,(#9267,#9268
    )),.UNSPECIFIED.,.F.,.F.,.F.,(2,2),(2,2),(0.,0.6),(-6.,0.),
  .PIECEWISE_BEZIER_KNOTS.);
#9265 = CARTESIAN_POINT('',(11.8,3.,1.4));
#9266 = CARTESIAN_POINT('',(11.8,-3.,1.4));
#9267 = CARTESIAN_POINT('',(11.8,3.,2.));
#9268 = CARTESIAN_POINT('',(11.8,-3.,2.));
#9269 = ADVANCED_FACE('',(#9270),#9286,.F.);
#9270 = FACE_BOUND('',#9271,.F.);
#9271 = EDGE_LOOP('',(#9272,#9273,#9280,#9285));
#9272 = ORIENTED_EDGE('',*,*,#9259,.F.);
#9273 = ORIENTED_EDGE('',*,*,#9274,.F.);
#9274 = EDGE_CURVE('',#9275,#9253,#9277,.T.);
#9275 = VERTEX_POINT('',#9276);
#9276 = CARTESIAN_POINT('',(5.8,3.,1.4));
#9277 = B_SPLINE_CURVE_WITH_KNOTS('',1,(#9278,#9279),.UNSPECIFIED.,.F.,
  .F.,(2,2),(0.,6.),.PIECEWISE_BEZIER_KNOTS.);
#9278 = CARTESIAN_POINT('',(5.8,3.,1.4));
#9279 = CARTESIAN_POINT('',(11.8,3.,1.4));
#9280 = ORIENTED_EDGE('',*,*,#9281,.T.);
#9281 = EDGE_CURVE('',#9275,#7075,#9282,.T.);
#9282 = B_SPLINE_CURVE_WITH_KNOTS('',1,(#9283,#9284),.UNSPECIFIED.,.F.,
  .F.,(2,2),(0.,0.6),.PIECEWISE_BEZIER_KNOTS.);
#9283 = CARTESIAN_POINT('',(5.8,3.,1.4));
#9284 = CARTESIAN_POINT('',(5.8,3.,2.));
#9285 = ORIENTED_EDGE('',*,*,#7074,.F.);
#9286 = B_SPLINE_SURFACE_WITH_KNOTS('',1,1,(
    (#9287,#9288)
    ,(#9289,#9290
    )),.UNSPECIFIED.,.F.,.F.,.F.,(2,2),(2,2),(0.,0.6),(0.,6.),
  .PIECEWISE_BEZIER_KNOTS.);
#9287 = CARTESIAN_POINT('',(5.8,3.,1.4));
#9288 = CARTESIAN_POINT('',(11.8,3.,1.4));
#9289 = CARTESIAN_POINT('',(5.8,3.,2.));
#9290 = CARTESIAN_POINT('',(11.8,3.,2.));
#9291 = ADVANCED_FACE('',(#9292),#9302,.T.);
#9292 = FACE_BOUND('',#9293,.T.);
#9293 = EDGE_LOOP('',(#9294,#9295,#9300,#9301));
#9294 = ORIENTED_EDGE('',*,*,#9237,.F.);
#9295 = ORIENTED_EDGE('',*,*,#9296,.T.);
#9296 = EDGE_CURVE('',#9231,#9275,#9297,.T.);
#9297 = B_SPLINE_CURVE_WITH_KNOTS('',1,(#9298,#9299),.UNSPECIFIED.,.F.,
  .F.,(2,2),(0.,6.),.PIECEWISE_BEZIER_KNOTS.);
#9298 = CARTESIAN_POINT('',(5.8,-3.,1.4));
#9299 = CARTESIAN_POINT('',(5.8,3.,1.4));
#9300 = ORIENTED_EDGE('',*,*,#9281,.T.);
#9301 = ORIENTED_EDGE('',*,*,#7096,.T.);
#9302 = B_SPLINE_SURFACE_WITH_KNOTS('',1,1,(
    (#9303,#9304)
    ,(#9305,#9306
    )),.UNSPECIFIED.,.F.,.F.,.F.,(2,2),(2,2),(0.,0.6),(-6.,0.),
  .PIECEWISE_BEZIER_KNOTS.);
#9303 = CARTESIAN_POINT('',(5.8,3.,1.4));
#9304 = CARTESIAN_POINT('',(5.8,-3.,1.4));
#9305 = CARTESIAN_POINT('',(5.8,3.,2.));
#9306 = CARTESIAN_POINT('',(5.8,-3.,2.));
#9307 = ADVANCED_FACE('',(#9308),#9330,.T.);
#9308 = FACE_BOUND('',#9309,.T.);
#9309 = EDGE_LOOP('',(#9310,#9317,#9324,#9329));
#9310 = ORIENTED_EDGE('',*,*,#9311,.F.);
#9311 = EDGE_CURVE('',#9312,#7119,#9314,.T.);
#9312 = VERTEX_POINT('',#9313);
#9313 = CARTESIAN_POINT('',(3.,5.8,1.4));
#9314 = B_SPLINE_CURVE_WITH_KNOTS('',1,(#9315,#9316),.UNSPECIFIED.,.F.,
  .F.,(2,2),(0.,0.6),.PIECEWISE_BEZIER_KNOTS.);
#9315 = CARTESIAN_POINT('',(3.,5.8,1.4));
#9316 = CARTESIAN_POINT('',(3.,5.8,2.));
#9317 = ORIENTED_EDGE('',*,*,#9318,.F.);
#9318 = EDGE_CURVE('',#9319,#9312,#9321,.T.);
#9319 = VERTEX_POINT('',#9320);
#9320 = CARTESIAN_POINT('',(-3.,5.8,1.4));
#9321 = B_SPLINE_CURVE_WITH_KNOTS('',1,(#9322,#9323),.UNSPECIFIED.,.F.,
  .F.,(2,2),(0.,6.),.PIECEWISE_BEZIER_KNOTS.);
#9322 = CARTESIAN_POINT('',(-3.,5.8,1.4));
#9323 = CARTESIAN_POINT('',(3.,5.8,1.4));
#9324 = ORIENTED_EDGE('',*,*,#9325,.T.);
#9325 = EDGE_CURVE('',#9319,#7112,#9326,.T.);
#9326 = B_SPLINE_CURVE_WITH_KNOTS('',1,(#9327,#9328),.UNSPECIFIED.,.F.,
  .F.,(2,2),(0.,0.6),.PIECEWISE_BEZIER_KNOTS.);
#9327 = CARTESIAN_POINT('',(-3.,5.8,1.4));
#9328 = CARTESIAN_POINT('',(-3.,5.8,2.));
#9329 = ORIENTED_EDGE('',*,*,#7118,.T.);
#9330 = B_SPLINE_SURFACE_WITH_KNOTS('',1,1,(
    (#9331,#9332)
    ,(#9333,#9334
    )),.UNSPECIFIED.,.F.,.F.,.F.,(2,2),(2,2),(0.,0.6),(0.,6.),
  .PIECEWISE_BEZIER_KNOTS.);
#9331 = CARTESIAN_POINT('',(-3.,5.8,1.4));
#9332 = CARTESIAN_POINT('',(3.,5.8,1.4));
#9333 = CARTESIAN_POINT('',(-3.,5.8,2.));
#9334 = CARTESIAN_POINT('',(3.,5.8,2.));
#9335 = ADVANCED_FACE('',(#9336),#9352,.F.);
#9336 = FACE_BOUND('',#9337,.F.);
#9337 = EDGE_LOOP('',(#9338,#9339,#9346,#9351));
#9338 = ORIENTED_EDGE('',*,*,#9311,.F.);
#9339 = ORIENTED_EDGE('',*,*,#9340,.T.);
#9340 = EDGE_CURVE('',#9312,#9341,#9343,.T.);
#9341 = VERTEX_POINT('',#9342);
#9342 = CARTESIAN_POINT('',(3.,11.8,1.4));
#9343 = B_SPLINE_CURVE_WITH_KNOTS('',1,(#9344,#9345),.UNSPECIFIED.,.F.,
  .F.,(2,2),(0.,6.),.PIECEWISE_BEZIER_KNOTS.);
#9344 = CARTESIAN_POINT('',(3.,5.8,1.4));
#9345 = CARTESIAN_POINT('',(3.,11.8,1.4));
#9346 = ORIENTED_EDGE('',*,*,#9347,.T.);
#9347 = EDGE_CURVE('',#9341,#7141,#9348,.T.);
#9348 = B_SPLINE_CURVE_WITH_KNOTS('',1,(#9349,#9350),.UNSPECIFIED.,.F.,
  .F.,(2,2),(0.,0.6),.PIECEWISE_BEZIER_KNOTS.);
#9349 = CARTESIAN_POINT('',(3.,11.8,1.4));
#9350 = CARTESIAN_POINT('',(3.,11.8,2.));
#9351 = ORIENTED_EDGE('',*,*,#7140,.F.);
#9352 = B_SPLINE_SURFACE_WITH_KNOTS('',1,1,(
    (#9353,#9354)
    ,(#9355,#9356
    )),.UNSPECIFIED.,.F.,.F.,.F.,(2,2),(2,2),(0.,0.6),(-6.,0.),
  .PIECEWISE_BEZIER_KNOTS.);
#9353 = CARTESIAN_POINT('',(3.,11.8,1.4));
#9354 = CARTESIAN_POINT('',(3.,5.8,1.4));
#9355 = CARTESIAN_POINT('',(3.,11.8,2.));
#9356 = CARTESIAN_POINT('',(3.,5.8,2.));
#9357 = ADVANCED_FACE('',(#9358),#9374,.F.);
#9358 = FACE_BOUND('',#9359,.F.);
#9359 = EDGE_LOOP('',(#9360,#9361,#9368,#9373));
#9360 = ORIENTED_EDGE('',*,*,#9347,.F.);
#9361 = ORIENTED_EDGE('',*,*,#9362,.F.);
#9362 = EDGE_CURVE('',#9363,#9341,#9365,.T.);
#9363 = VERTEX_POINT('',#9364);
#9364 = CARTESIAN_POINT('',(-3.,11.8,1.4));
#9365 = B_SPLINE_CURVE_WITH_KNOTS('',1,(#9366,#9367),.UNSPECIFIED.,.F.,
  .F.,(2,2),(0.,6.),.PIECEWISE_BEZIER_KNOTS.);
#9366 = CARTESIAN_POINT('',(-3.,11.8,1.4));
#9367 = CARTESIAN_POINT('',(3.,11.8,1.4));
#9368 = ORIENTED_EDGE('',*,*,#9369,.T.);
#9369 = EDGE_CURVE('',#9363,#7163,#9370,.T.);
#9370 = B_SPLINE_CURVE_WITH_KNOTS('',1,(#9371,#9372),.UNSPECIFIED.,.F.,
  .F.,(2,2),(0.,0.6),.PIECEWISE_BEZIER_KNOTS.);
#9371 = CARTESIAN_POINT('',(-3.,11.8,1.4));
#9372 = CARTESIAN_POINT('',(-3.,11.8,2.));
#9373 = ORIENTED_EDGE('',*,*,#7162,.F.);
#9374 = B_SPLINE_SURFACE_WITH_KNOTS('',1,1,(
    (#9375,#9376)
    ,(#9377,#9378
    )),.UNSPECIFIED.,.F.,.F.,.F.,(2,2),(2,2),(0.,0.6),(0.,6.),
  .PIECEWISE_BEZIER_KNOTS.);
#9375 = CARTESIAN_POINT('',(-3.,11.8,1.4));
#9376 = CARTESIAN_POINT('',(3.,11.8,1.4));
#9377 = CARTESIAN_POINT('',(-3.,11.8,2.));
#9378 = CARTESIAN_POINT('',(3.,11.8,2.));
#9379 = ADVANCED_FACE('',(#9380),#9390,.T.);
#9380 = FACE_BOUND('',#9381,.T.);
#9381 = EDGE_LOOP('',(#9382,#9383,#9388,#9389));
#9382 = ORIENTED_EDGE('',*,*,#9325,.F.);
#9383 = ORIENTED_EDGE('',*,*,#9384,.T.);
#9384 = EDGE_CURVE('',#9319,#9363,#9385,.T.);
#9385 = B_SPLINE_CURVE_WITH_KNOTS('',1,(#9386,#9387),.UNSPECIFIED.,.F.,
  .F.,(2,2),(0.,6.),.PIECEWISE_BEZIER_KNOTS.);
#9386 = CARTESIAN_POINT('',(-3.,5.8,1.4));
#9387 = CARTESIAN_POINT('',(-3.,11.8,1.4));
#9388 = ORIENTED_EDGE('',*,*,#9369,.T.);
#9389 = ORIENTED_EDGE('',*,*,#7184,.T.);
#9390 = B_SPLINE_SURFACE_WITH_KNOTS('',1,1,(
    (#9391,#9392)
    ,(#9393,#9394
    )),.UNSPECIFIED.,.F.,.F.,.F.,(2,2),(2,2),(0.,0.6),(-6.,0.),
  .PIECEWISE_BEZIER_KNOTS.);
#9391 = CARTESIAN_POINT('',(-3.,11.8,1.4));
#9392 = CARTESIAN_POINT('',(-3.,5.8,1.4));
#9393 = CARTESIAN_POINT('',(-3.,11.8,2.));
#9394 = CARTESIAN_POINT('',(-3.,5.8,2.));
#9395 = ADVANCED_FACE('',(#9396),#9418,.T.);
#9396 = FACE_BOUND('',#9397,.T.);
#9397 = EDGE_LOOP('',(#9398,#9405,#9412,#9417));
#9398 = ORIENTED_EDGE('',*,*,#9399,.F.);
#9399 = EDGE_CURVE('',#9400,#7207,#9402,.T.);
#9400 = VERTEX_POINT('',#9401);
#9401 = CARTESIAN_POINT('',(11.8,5.8,1.4));
#9402 = B_SPLINE_CURVE_WITH_KNOTS('',1,(#9403,#9404),.UNSPECIFIED.,.F.,
  .F.,(2,2),(0.,0.6),.PIECEWISE_BEZIER_KNOTS.);
#9403 = CARTESIAN_POINT('',(11.8,5.8,1.4));
#9404 = CARTESIAN_POINT('',(11.8,5.8,2.));
#9405 = ORIENTED_EDGE('',*,*,#9406,.F.);
#9406 = EDGE_CURVE('',#9407,#9400,#9409,.T.);
#9407 = VERTEX_POINT('',#9408);
#9408 = CARTESIAN_POINT('',(5.8,5.8,1.4));
#9409 = B_SPLINE_CURVE_WITH_KNOTS('',1,(#9410,#9411),.UNSPECIFIED.,.F.,
  .F.,(2,2),(0.,6.),.PIECEWISE_BEZIER_KNOTS.);
#9410 = CARTESIAN_POINT('',(5.8,5.8,1.4));
#9411 = CARTESIAN_POINT('',(11.8,5.8,1.4));
#9412 = ORIENTED_EDGE('',*,*,#9413,.T.);
#9413 = EDGE_CURVE('',#9407,#7200,#9414,.T.);
#9414 = B_SPLINE_CURVE_WITH_KNOTS('',1,(#9415,#9416),.UNSPECIFIED.,.F.,
  .F.,(2,2),(0.,0.6),.PIECEWISE_BEZIER_KNOTS.);
#9415 = CARTESIAN_POINT('',(5.8,5.8,1.4));
#9416 = CARTESIAN_POINT('',(5.8,5.8,2.));
#9417 = ORIENTED_EDGE('',*,*,#7206,.T.);
#9418 = B_SPLINE_SURFACE_WITH_KNOTS('',1,1,(
    (#9419,#9420)
    ,(#9421,#9422
    )),.UNSPECIFIED.,.F.,.F.,.F.,(2,2),(2,2),(0.,0.6),(0.,6.),
  .PIECEWISE_BEZIER_KNOTS.);
#9419 = CARTESIAN_POINT('',(5.8,5.8,1.4));
#9420 = CARTESIAN_POINT('',(11.8,5.8,1.4));
#9421 = CARTESIAN_POINT('',(5.8,5.8,2.));
#9422 = CARTESIAN_POINT('',(11.8,5.8,2.));
#9423 = ADVANCED_FACE('',(#9424),#9440,.F.);
#9424 = FACE_BOUND('',#9425,.F.);
#9425 = EDGE_LOOP('',(#9426,#9427,#9434,#9439));
#9426 = ORIENTED_EDGE('',*,*,#9399,.F.);
#9427 = ORIENTED_EDGE('',*,*,#9428,.T.);
#9428 = EDGE_CURVE('',#9400,#9429,#9431,.T.);
#9429 = VERTEX_POINT('',#9430);
#9430 = CARTESIAN_POINT('',(11.8,11.8,1.4));
#9431 = B_SPLINE_CURVE_WITH_KNOTS('',1,(#9432,#9433),.UNSPECIFIED.,.F.,
  .F.,(2,2),(0.,6.),.PIECEWISE_BEZIER_KNOTS.);
#9432 = CARTESIAN_POINT('',(11.8,5.8,1.4));
#9433 = CARTESIAN_POINT('',(11.8,11.8,1.4));
#9434 = ORIENTED_EDGE('',*,*,#9435,.T.);
#9435 = EDGE_CURVE('',#9429,#7229,#9436,.T.);
#9436 = B_SPLINE_CURVE_WITH_KNOTS('',1,(#9437,#9438),.UNSPECIFIED.,.F.,
  .F.,(2,2),(0.,0.6),.PIECEWISE_BEZIER_KNOTS.);
#9437 = CARTESIAN_POINT('',(11.8,11.8,1.4));
#9438 = CARTESIAN_POINT('',(11.8,11.8,2.));
#9439 = ORIENTED_EDGE('',*,*,#7228,.F.);
#9440 = B_SPLINE_SURFACE_WITH_KNOTS('',1,1,(
    (#9441,#9442)
    ,(#9443,#9444
    )),.UNSPECIFIED.,.F.,.F.,.F.,(2,2),(2,2),(0.,0.6),(-6.,0.),
  .PIECEWISE_BEZIER_KNOTS.);
#9441 = CARTESIAN_POINT('',(11.8,11.8,1.4));
#9442 = CARTESIAN_POINT('',(11.8,5.8,1.4));
#9443 = CARTESIAN_POINT('',(11.8,11.8,2.));
#9444 = CARTESIAN_POINT('',(11.8,5.8,2.));
#9445 = ADVANCED_FACE('',(#9446),#9462,.F.);
#9446 = FACE_BOUND('',#9447,.F.);
#9447 = EDGE_LOOP('',(#9448,#9449,#9456,#9461));
#9448 = ORIENTED_EDGE('',*,*,#9435,.F.);
#9449 = ORIENTED_EDGE('',*,*,#9450,.F.);
#9450 = EDGE_CURVE('',#9451,#9429,#9453,.T.);
#9451 = VERTEX_POINT('',#9452);
#9452 = CARTESIAN_POINT('',(5.8,11.8,1.4));
#9453 = B_SPLINE_CURVE_WITH_KNOTS('',1,(#9454,#9455),.UNSPECIFIED.,.F.,
  .F.,(2,2),(0.,6.),.PIECEWISE_BEZIER_KNOTS.);
#9454 = CARTESIAN_POINT('',(5.8,11.8,1.4));
#9455 = CARTESIAN_POINT('',(11.8,11.8,1.4));
#9456 = ORIENTED_EDGE('',*,*,#9457,.T.);
#9457 = EDGE_CURVE('',#9451,#7251,#9458,.T.);
#9458 = B_SPLINE_CURVE_WITH_KNOTS('',1,(#9459,#9460),.UNSPECIFIED.,.F.,
  .F.,(2,2),(0.,0.6),.PIECEWISE_BEZIER_KNOTS.);
#9459 = CARTESIAN_POINT('',(5.8,11.8,1.4));
#9460 = CARTESIAN_POINT('',(5.8,11.8,2.));
#9461 = ORIENTED_EDGE('',*,*,#7250,.F.);
#9462 = B_SPLINE_SURFACE_WITH_KNOTS('',1,1,(
    (#9463,#9464)
    ,(#9465,#9466
    )),.UNSPECIFIED.,.F.,.F.,.F.,(2,2),(2,2),(0.,0.6),(0.,6.),
  .PIECEWISE_BEZIER_KNOTS.);
#9463 = CARTESIAN_POINT('',(5.8,11.8,1.4));
#9464 = CARTESIAN_POINT('',(11.8,11.8,1.4));
#9465 = CARTESIAN_POINT('',(5.8,11.8,2.));
#9466 = CARTESIAN_POINT('',(11.8,11.8,2.));
#9467 = ADVANCED_FACE('',(#9468),#9478,.T.);
#9468 = FACE_BOUND('',#9469,.T.);
#9469 = EDGE_LOOP('',(#9470,#9471,#9476,#9477));
#9470 = ORIENTED_EDGE('',*,*,#9413,.F.);
#9471 = ORIENTED_EDGE('',*,*,#9472,.T.);
#9472 = EDGE_CURVE('',#9407,#9451,#9473,.T.);
#9473 = B_SPLINE_CURVE_WITH_KNOTS('',1,(#9474,#9475),.UNSPECIFIED.,.F.,
  .F.,(2,2),(0.,6.),.PIECEWISE_BEZIER_KNOTS.);
#9474 = CARTESIAN_POINT('',(5.8,5.8,1.4));
#9475 = CARTESIAN_POINT('',(5.8,11.8,1.4));
#9476 = ORIENTED_EDGE('',*,*,#9457,.T.);
#9477 = ORIENTED_EDGE('',*,*,#7272,.T.);
#9478 = B_SPLINE_SURFACE_WITH_KNOTS('',1,1,(
    (#9479,#9480)
    ,(#9481,#9482
    )),.UNSPECIFIED.,.F.,.F.,.F.,(2,2),(2,2),(0.,0.6),(-6.,0.),
  .PIECEWISE_BEZIER_KNOTS.);
#9479 = CARTESIAN_POINT('',(5.8,11.8,1.4));
#9480 = CARTESIAN_POINT('',(5.8,5.8,1.4));
#9481 = CARTESIAN_POINT('',(5.8,11.8,2.));
#9482 = CARTESIAN_POINT('',(5.8,5.8,2.));
#9483 = ADVANCED_FACE('',(#9484),#9506,.T.);
#9484 = FACE_BOUND('',#9485,.T.);
#9485 = EDGE_LOOP('',(#9486,#9493,#9500,#9505));
#9486 = ORIENTED_EDGE('',*,*,#9487,.F.);
#9487 = EDGE_CURVE('',#9488,#7295,#9490,.T.);
#9488 = VERTEX_POINT('',#9489);
#9489 = CARTESIAN_POINT('',(20.6,-3.,1.4));
#9490 = B_SPLINE_CURVE_WITH_KNOTS('',1,(#9491,#9492),.UNSPECIFIED.,.F.,
  .F.,(2,2),(0.,0.6),.PIECEWISE_BEZIER_KNOTS.);
#9491 = CARTESIAN_POINT('',(20.6,-3.,1.4));
#9492 = CARTESIAN_POINT('',(20.6,-3.,2.));
#9493 = ORIENTED_EDGE('',*,*,#9494,.F.);
#9494 = EDGE_CURVE('',#9495,#9488,#9497,.T.);
#9495 = VERTEX_POINT('',#9496);
#9496 = CARTESIAN_POINT('',(14.6,-3.,1.4));
#9497 = B_SPLINE_CURVE_WITH_KNOTS('',1,(#9498,#9499),.UNSPECIFIED.,.F.,
  .F.,(2,2),(0.,6.),.PIECEWISE_BEZIER_KNOTS.);
#9498 = CARTESIAN_POINT('',(14.6,-3.,1.4));
#9499 = CARTESIAN_POINT('',(20.6,-3.,1.4));
#9500 = ORIENTED_EDGE('',*,*,#9501,.T.);
#9501 = EDGE_CURVE('',#9495,#7288,#9502,.T.);
#9502 = B_SPLINE_CURVE_WITH_KNOTS('',1,(#9503,#9504),.UNSPECIFIED.,.F.,
  .F.,(2,2),(0.,0.6),.PIECEWISE_BEZIER_KNOTS.);
#9503 = CARTESIAN_POINT('',(14.6,-3.,1.4));
#9504 = CARTESIAN_POINT('',(14.6,-3.,2.));
#9505 = ORIENTED_EDGE('',*,*,#7294,.T.);
#9506 = B_SPLINE_SURFACE_WITH_KNOTS('',1,1,(
    (#9507,#9508)
    ,(#9509,#9510
    )),.UNSPECIFIED.,.F.,.F.,.F.,(2,2),(2,2),(0.,0.6),(0.,6.),
  .PIECEWISE_BEZIER_KNOTS.);
#9507 = CARTESIAN_POINT('',(14.6,-3.,1.4));
#9508 = CARTESIAN_POINT('',(20.6,-3.,1.4));
#9509 = CARTESIAN_POINT('',(14.6,-3.,2.));
#9510 = CARTESIAN_POINT('',(20.6,-3.,2.));
#9511 = ADVANCED_FACE('',(#9512),#9528,.F.);
#9512 = FACE_BOUND('',#9513,.F.);
#9513 = EDGE_LOOP('',(#9514,#9515,#9522,#9527));
#9514 = ORIENTED_EDGE('',*,*,#9487,.F.);
#9515 = ORIENTED_EDGE('',*,*,#9516,.T.);
#9516 = EDGE_CURVE('',#9488,#9517,#9519,.T.);
#9517 = VERTEX_POINT('',#9518);
#9518 = CARTESIAN_POINT('',(20.6,3.,1.4));
#9519 = B_SPLINE_CURVE_WITH_KNOTS('',1,(#9520,#9521),.UNSPECIFIED.,.F.,
  .F.,(2,2),(0.,6.),.PIECEWISE_BEZIER_KNOTS.);
#9520 = CARTESIAN_POINT('',(20.6,-3.,1.4));
#9521 = CARTESIAN_POINT('',(20.6,3.,1.4));
#9522 = ORIENTED_EDGE('',*,*,#9523,.T.);
#9523 = EDGE_CURVE('',#9517,#7317,#9524,.T.);
#9524 = B_SPLINE_CURVE_WITH_KNOTS('',1,(#9525,#9526),.UNSPECIFIED.,.F.,
  .F.,(2,2),(0.,0.6),.PIECEWISE_BEZIER_KNOTS.);
#9525 = CARTESIAN_POINT('',(20.6,3.,1.4));
#9526 = CARTESIAN_POINT('',(20.6,3.,2.));
#9527 = ORIENTED_EDGE('',*,*,#7316,.F.);
#9528 = B_SPLINE_SURFACE_WITH_KNOTS('',1,1,(
    (#9529,#9530)
    ,(#9531,#9532
    )),.UNSPECIFIED.,.F.,.F.,.F.,(2,2),(2,2),(0.,0.6),(-6.,0.),
  .PIECEWISE_BEZIER_KNOTS.);
#9529 = CARTESIAN_POINT('',(20.6,3.,1.4));
#9530 = CARTESIAN_POINT('',(20.6,-3.,1.4));
#9531 = CARTESIAN_POINT('',(20.6,3.,2.));
#9532 = CARTESIAN_POINT('',(20.6,-3.,2.));
#9533 = ADVANCED_FACE('',(#9534),#9550,.F.);
#9534 = FACE_BOUND('',#9535,.F.);
#9535 = EDGE_LOOP('',(#9536,#9537,#9544,#9549));
#9536 = ORIENTED_EDGE('',*,*,#9523,.F.);
#9537 = ORIENTED_EDGE('',*,*,#9538,.F.);
#9538 = EDGE_CURVE('',#9539,#9517,#9541,.T.);
#9539 = VERTEX_POINT('',#9540);
#9540 = CARTESIAN_POINT('',(14.6,3.,1.4));
#9541 = B_SPLINE_CURVE_WITH_KNOTS('',1,(#9542,#9543),.UNSPECIFIED.,.F.,
  .F.,(2,2),(0.,6.),.PIECEWISE_BEZIER_KNOTS.);
#9542 = CARTESIAN_POINT('',(14.6,3.,1.4));
#9543 = CARTESIAN_POINT('',(20.6,3.,1.4));
#9544 = ORIENTED_EDGE('',*,*,#9545,.T.);
#9545 = EDGE_CURVE('',#9539,#7339,#9546,.T.);
#9546 = B_SPLINE_CURVE_WITH_KNOTS('',1,(#9547,#9548),.UNSPECIFIED.,.F.,
  .F.,(2,2),(0.,0.6),.PIECEWISE_BEZIER_KNOTS.);
#9547 = CARTESIAN_POINT('',(14.6,3.,1.4));
#9548 = CARTESIAN_POINT('',(14.6,3.,2.));
#9549 = ORIENTED_EDGE('',*,*,#7338,.F.);
#9550 = B_SPLINE_SURFACE_WITH_KNOTS('',1,1,(
    (#9551,#9552)
    ,(#9553,#9554
    )),.UNSPECIFIED.,.F.,.F.,.F.,(2,2),(2,2),(0.,0.6),(0.,6.),
  .PIECEWISE_BEZIER_KNOTS.);
#9551 = CARTESIAN_POINT('',(14.6,3.,1.4));
#9552 = CARTESIAN_POINT('',(20.6,3.,1.4));
#9553 = CARTESIAN_POINT('',(14.6,3.,2.));
#9554 = CARTESIAN_POINT('',(20.6,3.,2.));
#9555 = ADVANCED_FACE('',(#9556),#9566,.T.);
#9556 = FACE_BOUND('',#9557,.T.);
#9557 = EDGE_LOOP('',(#9558,#9559,#9564,#9565));
#9558 = ORIENTED_EDGE('',*,*,#9501,.F.);
#9559 = ORIENTED_EDGE('',*,*,#9560,.T.);
#9560 = EDGE_CURVE('',#9495,#9539,#9561,.T.);
#9561 = B_SPLINE_CURVE_WITH_KNOTS('',1,(#9562,#9563),.UNSPECIFIED.,.F.,
  .F.,(2,2),(0.,6.),.PIECEWISE_BEZIER_KNOTS.);
#9562 = CARTESIAN_POINT('',(14.6,-3.,1.4));
#9563 = CARTESIAN_POINT('',(14.6,3.,1.4));
#9564 = ORIENTED_EDGE('',*,*,#9545,.T.);
#9565 = ORIENTED_EDGE('',*,*,#7360,.T.);
#9566 = B_SPLINE_SURFACE_WITH_KNOTS('',1,1,(
    (#9567,#9568)
    ,(#9569,#9570
    )),.UNSPECIFIED.,.F.,.F.,.F.,(2,2),(2,2),(0.,0.6),(-6.,0.),
  .PIECEWISE_BEZIER_KNOTS.);
#9567 = CARTESIAN_POINT('',(14.6,3.,1.4));
#9568 = CARTESIAN_POINT('',(14.6,-3.,1.4));
#9569 = CARTESIAN_POINT('',(14.6,3.,2.));
#9570 = CARTESIAN_POINT('',(14.6,-3.,2.));
#9571 = ADVANCED_FACE('',(#9572),#9594,.T.);
#9572 = FACE_BOUND('',#9573,.T.);
#9573 = EDGE_LOOP('',(#9574,#9581,#9588,#9593));
#9574 = ORIENTED_EDGE('',*,*,#9575,.F.);
#9575 = EDGE_CURVE('',#9576,#7383,#9578,.T.);
#9576 = VERTEX_POINT('',#9577);
#9577 = CARTESIAN_POINT('',(20.6,5.8,1.4));
#9578 = B_SPLINE_CURVE_WITH_KNOTS('',1,(#9579,#9580),.UNSPECIFIED.,.F.,
  .F.,(2,2),(0.,0.6),.PIECEWISE_BEZIER_KNOTS.);
#9579 = CARTESIAN_POINT('',(20.6,5.8,1.4));
#9580 = CARTESIAN_POINT('',(20.6,5.8,2.));
#9581 = ORIENTED_EDGE('',*,*,#9582,.F.);
#9582 = EDGE_CURVE('',#9583,#9576,#9585,.T.);
#9583 = VERTEX_POINT('',#9584);
#9584 = CARTESIAN_POINT('',(14.6,5.8,1.4));
#9585 = B_SPLINE_CURVE_WITH_KNOTS('',1,(#9586,#9587),.UNSPECIFIED.,.F.,
  .F.,(2,2),(0.,6.),.PIECEWISE_BEZIER_KNOTS.);
#9586 = CARTESIAN_POINT('',(14.6,5.8,1.4));
#9587 = CARTESIAN_POINT('',(20.6,5.8,1.4));
#9588 = ORIENTED_EDGE('',*,*,#9589,.T.);
#9589 = EDGE_CURVE('',#9583,#7376,#9590,.T.);
#9590 = B_SPLINE_CURVE_WITH_KNOTS('',1,(#9591,#9592),.UNSPECIFIED.,.F.,
  .F.,(2,2),(0.,0.6),.PIECEWISE_BEZIER_KNOTS.);
#9591 = CARTESIAN_POINT('',(14.6,5.8,1.4));
#9592 = CARTESIAN_POINT('',(14.6,5.8,2.));
#9593 = ORIENTED_EDGE('',*,*,#7382,.T.);
#9594 = B_SPLINE_SURFACE_WITH_KNOTS('',1,1,(
    (#9595,#9596)
    ,(#9597,#9598
    )),.UNSPECIFIED.,.F.,.F.,.F.,(2,2),(2,2),(0.,0.6),(0.,6.),
  .PIECEWISE_BEZIER_KNOTS.);
#9595 = CARTESIAN_POINT('',(14.6,5.8,1.4));
#9596 = CARTESIAN_POINT('',(20.6,5.8,1.4));
#9597 = CARTESIAN_POINT('',(14.6,5.8,2.));
#9598 = CARTESIAN_POINT('',(20.6,5.8,2.));
#9599 = ADVANCED_FACE('',(#9600),#9616,.F.);
#9600 = FACE_BOUND('',#9601,.F.);
#9601 = EDGE_LOOP('',(#9602,#9603,#9610,#9615));
#9602 = ORIENTED_EDGE('',*,*,#9575,.F.);
#9603 = ORIENTED_EDGE('',*,*,#9604,.T.);
#9604 = EDGE_CURVE('',#9576,#9605,#9607,.T.);
#9605 = VERTEX_POINT('',#9606);
#9606 = CARTESIAN_POINT('',(20.6,11.8,1.4));
#9607 = B_SPLINE_CURVE_WITH_KNOTS('',1,(#9608,#9609),.UNSPECIFIED.,.F.,
  .F.,(2,2),(0.,6.),.PIECEWISE_BEZIER_KNOTS.);
#9608 = CARTESIAN_POINT('',(20.6,5.8,1.4));
#9609 = CARTESIAN_POINT('',(20.6,11.8,1.4));
#9610 = ORIENTED_EDGE('',*,*,#9611,.T.);
#9611 = EDGE_CURVE('',#9605,#7405,#9612,.T.);
#9612 = B_SPLINE_CURVE_WITH_KNOTS('',1,(#9613,#9614),.UNSPECIFIED.,.F.,
  .F.,(2,2),(0.,0.6),.PIECEWISE_BEZIER_KNOTS.);
#9613 = CARTESIAN_POINT('',(20.6,11.8,1.4));
#9614 = CARTESIAN_POINT('',(20.6,11.8,2.));
#9615 = ORIENTED_EDGE('',*,*,#7404,.F.);
#9616 = B_SPLINE_SURFACE_WITH_KNOTS('',1,1,(
    (#9617,#9618)
    ,(#9619,#9620
    )),.UNSPECIFIED.,.F.,.F.,.F.,(2,2),(2,2),(0.,0.6),(-6.,0.),
  .PIECEWISE_BEZIER_KNOTS.);
#9617 = CARTESIAN_POINT('',(20.6,11.8,1.4));
#9618 = CARTESIAN_POINT('',(20.6,5.8,1.4));
#9619 = CARTESIAN_POINT('',(20.6,11.8,2.));
#9620 = CARTESIAN_POINT('',(20.6,5.8,2.));
#9621 = ADVANCED_FACE('',(#9622),#9638,.F.);
#9622 = FACE_BOUND('',#9623,.F.);
#9623 = EDGE_LOOP('',(#9624,#9625,#9632,#9637));
#9624 = ORIENTED_EDGE('',*,*,#9611,.F.);
#9625 = ORIENTED_EDGE('',*,*,#9626,.F.);
#9626 = EDGE_CURVE('',#9627,#9605,#9629,.T.);
#9627 = VERTEX_POINT('',#9628);
#9628 = CARTESIAN_POINT('',(14.6,11.8,1.4));
#9629 = B_SPLINE_CURVE_WITH_KNOTS('',1,(#9630,#9631),.UNSPECIFIED.,.F.,
  .F.,(2,2),(0.,6.),.PIECEWISE_BEZIER_KNOTS.);
#9630 = CARTESIAN_POINT('',(14.6,11.8,1.4));
#9631 = CARTESIAN_POINT('',(20.6,11.8,1.4));
#9632 = ORIENTED_EDGE('',*,*,#9633,.T.);
#9633 = EDGE_CURVE('',#9627,#7427,#9634,.T.);
#9634 = B_SPLINE_CURVE_WITH_KNOTS('',1,(#9635,#9636),.UNSPECIFIED.,.F.,
  .F.,(2,2),(0.,0.6),.PIECEWISE_BEZIER_KNOTS.);
#9635 = CARTESIAN_POINT('',(14.6,11.8,1.4));
#9636 = CARTESIAN_POINT('',(14.6,11.8,2.));
#9637 = ORIENTED_EDGE('',*,*,#7426,.F.);
#9638 = B_SPLINE_SURFACE_WITH_KNOTS('',1,1,(
    (#9639,#9640)
    ,(#9641,#9642
    )),.UNSPECIFIED.,.F.,.F.,.F.,(2,2),(2,2),(0.,0.6),(0.,6.),
  .PIECEWISE_BEZIER_KNOTS.);
#9639 = CARTESIAN_POINT('',(14.6,11.8,1.4));
#9640 = CARTESIAN_POINT('',(20.6,11.8,1.4));
#9641 = CARTESIAN_POINT('',(14.6,11.8,2.));
#9642 = CARTESIAN_POINT('',(20.6,11.8,2.));
#9643 = ADVANCED_FACE('',(#9644),#9654,.T.);
#9644 = FACE_BOUND('',#9645,.T.);
#9645 = EDGE_LOOP('',(#9646,#9647,#9652,#9653));
#9646 = ORIENTED_EDGE('',*,*,#9589,.F.);
#9647 = ORIENTED_EDGE('',*,*,#9648,.T.);
#9648 = EDGE_CURVE('',#9583,#9627,#9649,.T.);
#9649 = B_SPLINE_CURVE_WITH_KNOTS('',1,(#9650,#9651),.UNSPECIFIED.,.F.,
  .F.,(2,2),(0.,6.),.PIECEWISE_BEZIER_KNOTS.);
#9650 = CARTESIAN_POINT('',(14.6,5.8,1.4));
#9651 = CARTESIAN_POINT('',(14.6,11.8,1.4));
#9652 = ORIENTED_EDGE('',*,*,#9633,.T.);
#9653 = ORIENTED_EDGE('',*,*,#7448,.T.);
#9654 = B_SPLINE_SURFACE_WITH_KNOTS('',1,1,(
    (#9655,#9656)
    ,(#9657,#9658
    )),.UNSPECIFIED.,.F.,.F.,.F.,(2,2),(2,2),(0.,0.6),(-6.,0.),
  .PIECEWISE_BEZIER_KNOTS.);
#9655 = CARTESIAN_POINT('',(14.6,11.8,1.4));
#9656 = CARTESIAN_POINT('',(14.6,5.8,1.4));
#9657 = CARTESIAN_POINT('',(14.6,11.8,2.));
#9658 = CARTESIAN_POINT('',(14.6,5.8,2.));
#9659 = ADVANCED_FACE('',(#9660),#9682,.T.);
#9660 = FACE_BOUND('',#9661,.T.);
#9661 = EDGE_LOOP('',(#9662,#9669,#9676,#9681));
#9662 = ORIENTED_EDGE('',*,*,#9663,.F.);
#9663 = EDGE_CURVE('',#9664,#7471,#9666,.T.);
#9664 = VERTEX_POINT('',#9665);
#9665 = CARTESIAN_POINT('',(3.,14.6,1.4));
#9666 = B_SPLINE_CURVE_WITH_KNOTS('',1,(#9667,#9668),.UNSPECIFIED.,.F.,
  .F.,(2,2),(0.,0.6),.PIECEWISE_BEZIER_KNOTS.);
#9667 = CARTESIAN_POINT('',(3.,14.6,1.4));
#9668 = CARTESIAN_POINT('',(3.,14.6,2.));
#9669 = ORIENTED_EDGE('',*,*,#9670,.F.);
#9670 = EDGE_CURVE('',#9671,#9664,#9673,.T.);
#9671 = VERTEX_POINT('',#9672);
#9672 = CARTESIAN_POINT('',(-3.,14.6,1.4));
#9673 = B_SPLINE_CURVE_WITH_KNOTS('',1,(#9674,#9675),.UNSPECIFIED.,.F.,
  .F.,(2,2),(0.,6.),.PIECEWISE_BEZIER_KNOTS.);
#9674 = CARTESIAN_POINT('',(-3.,14.6,1.4));
#9675 = CARTESIAN_POINT('',(3.,14.6,1.4));
#9676 = ORIENTED_EDGE('',*,*,#9677,.T.);
#9677 = EDGE_CURVE('',#9671,#7464,#9678,.T.);
#9678 = B_SPLINE_CURVE_WITH_KNOTS('',1,(#9679,#9680),.UNSPECIFIED.,.F.,
  .F.,(2,2),(0.,0.6),.PIECEWISE_BEZIER_KNOTS.);
#9679 = CARTESIAN_POINT('',(-3.,14.6,1.4));
#9680 = CARTESIAN_POINT('',(-3.,14.6,2.));
#9681 = ORIENTED_EDGE('',*,*,#7470,.T.);
#9682 = B_SPLINE_SURFACE_WITH_KNOTS('',1,1,(
    (#9683,#9684)
    ,(#9685,#9686
    )),.UNSPECIFIED.,.F.,.F.,.F.,(2,2),(2,2),(0.,0.6),(0.,6.),
  .PIECEWISE_BEZIER_KNOTS.);
#9683 = CARTESIAN_POINT('',(-3.,14.6,1.4));
#9684 = CARTESIAN_POINT('',(3.,14.6,1.4));
#9685 = CARTESIAN_POINT('',(-3.,14.6,2.));
#9686 = CARTESIAN_POINT('',(3.,14.6,2.));
#9687 = ADVANCED_FACE('',(#9688),#9704,.F.);
#9688 = FACE_BOUND('',#9689,.F.);
#9689 = EDGE_LOOP('',(#9690,#9691,#9698,#9703));
#9690 = ORIENTED_EDGE('',*,*,#9663,.F.);
#9691 = ORIENTED_EDGE('',*,*,#9692,.T.);
#9692 = EDGE_CURVE('',#9664,#9693,#9695,.T.);
#9693 = VERTEX_POINT('',#9694);
#9694 = CARTESIAN_POINT('',(3.,20.6,1.4));
#9695 = B_SPLINE_CURVE_WITH_KNOTS('',1,(#9696,#9697),.UNSPECIFIED.,.F.,
  .F.,(2,2),(0.,6.),.PIECEWISE_BEZIER_KNOTS.);
#9696 = CARTESIAN_POINT('',(3.,14.6,1.4));
#9697 = CARTESIAN_POINT('',(3.,20.6,1.4));
#9698 = ORIENTED_EDGE('',*,*,#9699,.T.);
#9699 = EDGE_CURVE('',#9693,#7493,#9700,.T.);
#9700 = B_SPLINE_CURVE_WITH_KNOTS('',1,(#9701,#9702),.UNSPECIFIED.,.F.,
  .F.,(2,2),(0.,0.6),.PIECEWISE_BEZIER_KNOTS.);
#9701 = CARTESIAN_POINT('',(3.,20.6,1.4));
#9702 = CARTESIAN_POINT('',(3.,20.6,2.));
#9703 = ORIENTED_EDGE('',*,*,#7492,.F.);
#9704 = B_SPLINE_SURFACE_WITH_KNOTS('',1,1,(
    (#9705,#9706)
    ,(#9707,#9708
    )),.UNSPECIFIED.,.F.,.F.,.F.,(2,2),(2,2),(0.,0.6),(-6.,0.),
  .PIECEWISE_BEZIER_KNOTS.);
#9705 = CARTESIAN_POINT('',(3.,20.6,1.4));
#9706 = CARTESIAN_POINT('',(3.,14.6,1.4));
#9707 = CARTESIAN_POINT('',(3.,20.6,2.));
#9708 = CARTESIAN_POINT('',(3.,14.6,2.));
#9709 = ADVANCED_FACE('',(#9710),#9726,.F.);
#9710 = FACE_BOUND('',#9711,.F.);
#9711 = EDGE_LOOP('',(#9712,#9713,#9720,#9725));
#9712 = ORIENTED_EDGE('',*,*,#9699,.F.);
#9713 = ORIENTED_EDGE('',*,*,#9714,.F.);
#9714 = EDGE_CURVE('',#9715,#9693,#9717,.T.);
#9715 = VERTEX_POINT('',#9716);
#9716 = CARTESIAN_POINT('',(-3.,20.6,1.4));
#9717 = B_SPLINE_CURVE_WITH_KNOTS('',1,(#9718,#9719),.UNSPECIFIED.,.F.,
  .F.,(2,2),(0.,6.),.PIECEWISE_BEZIER_KNOTS.);
#9718 = CARTESIAN_POINT('',(-3.,20.6,1.4));
#9719 = CARTESIAN_POINT('',(3.,20.6,1.4));
#9720 = ORIENTED_EDGE('',*,*,#9721,.T.);
#9721 = EDGE_CURVE('',#9715,#7515,#9722,.T.);
#9722 = B_SPLINE_CURVE_WITH_KNOTS('',1,(#9723,#9724),.UNSPECIFIED.,.F.,
  .F.,(2,2),(0.,0.6),.PIECEWISE_BEZIER_KNOTS.);
#9723 = CARTESIAN_POINT('',(-3.,20.6,1.4));
#9724 = CARTESIAN_POINT('',(-3.,20.6,2.));
#9725 = ORIENTED_EDGE('',*,*,#7514,.F.);
#9726 = B_SPLINE_SURFACE_WITH_KNOTS('',1,1,(
    (#9727,#9728)
    ,(#9729,#9730
    )),.UNSPECIFIED.,.F.,.F.,.F.,(2,2),(2,2),(0.,0.6),(0.,6.),
  .PIECEWISE_BEZIER_KNOTS.);
#9727 = CARTESIAN_POINT('',(-3.,20.6,1.4));
#9728 = CARTESIAN_POINT('',(3.,20.6,1.4));
#9729 = CARTESIAN_POINT('',(-3.,20.6,2.));
#9730 = CARTESIAN_POINT('',(3.,20.6,2.));
#9731 = ADVANCED_FACE('',(#9732),#9742,.T.);
#9732 = FACE_BOUND('',#9733,.T.);
#9733 = EDGE_LOOP('',(#9734,#9735,#9740,#9741));
#9734 = ORIENTED_EDGE('',*,*,#9677,.F.);
#9735 = ORIENTED_EDGE('',*,*,#9736,.T.);
#9736 = EDGE_CURVE('',#9671,#9715,#9737,.T.);
#9737 = B_SPLINE_CURVE_WITH_KNOTS('',1,(#9738,#9739),.UNSPECIFIED.,.F.,
  .F.,(2,2),(0.,6.),.PIECEWISE_BEZIER_KNOTS.);
#9738 = CARTESIAN_POINT('',(-3.,14.6,1.4));
#9739 = CARTESIAN_POINT('',(-3.,20.6,1.4));
#9740 = ORIENTED_EDGE('',*,*,#9721,.T.);
#9741 = ORIENTED_EDGE('',*,*,#7536,.T.);
#9742 = B_SPLINE_SURFACE_WITH_KNOTS('',1,1,(
    (#9743,#9744)
    ,(#9745,#9746
    )),.UNSPECIFIED.,.F.,.F.,.F.,(2,2),(2,2),(0.,0.6),(-6.,0.),
  .PIECEWISE_BEZIER_KNOTS.);
#9743 = CARTESIAN_POINT('',(-3.,20.6,1.4));
#9744 = CARTESIAN_POINT('',(-3.,14.6,1.4));
#9745 = CARTESIAN_POINT('',(-3.,20.6,2.));
#9746 = CARTESIAN_POINT('',(-3.,14.6,2.));
#9747 = ADVANCED_FACE('',(#9748),#9770,.T.);
#9748 = FACE_BOUND('',#9749,.T.);
#9749 = EDGE_LOOP('',(#9750,#9757,#9764,#9769));
#9750 = ORIENTED_EDGE('',*,*,#9751,.F.);
#9751 = EDGE_CURVE('',#9752,#7559,#9754,.T.);
#9752 = VERTEX_POINT('',#9753);
#9753 = CARTESIAN_POINT('',(11.8,14.6,1.4));
#9754 = B_SPLINE_CURVE_WITH_KNOTS('',1,(#9755,#9756),.UNSPECIFIED.,.F.,
  .F.,(2,2),(0.,0.6),.PIECEWISE_BEZIER_KNOTS.);
#9755 = CARTESIAN_POINT('',(11.8,14.6,1.4));
#9756 = CARTESIAN_POINT('',(11.8,14.6,2.));
#9757 = ORIENTED_EDGE('',*,*,#9758,.F.);
#9758 = EDGE_CURVE('',#9759,#9752,#9761,.T.);
#9759 = VERTEX_POINT('',#9760);
#9760 = CARTESIAN_POINT('',(5.8,14.6,1.4));
#9761 = B_SPLINE_CURVE_WITH_KNOTS('',1,(#9762,#9763),.UNSPECIFIED.,.F.,
  .F.,(2,2),(0.,6.),.PIECEWISE_BEZIER_KNOTS.);
#9762 = CARTESIAN_POINT('',(5.8,14.6,1.4));
#9763 = CARTESIAN_POINT('',(11.8,14.6,1.4));
#9764 = ORIENTED_EDGE('',*,*,#9765,.T.);
#9765 = EDGE_CURVE('',#9759,#7552,#9766,.T.);
#9766 = B_SPLINE_CURVE_WITH_KNOTS('',1,(#9767,#9768),.UNSPECIFIED.,.F.,
  .F.,(2,2),(0.,0.6),.PIECEWISE_BEZIER_KNOTS.);
#9767 = CARTESIAN_POINT('',(5.8,14.6,1.4));
#9768 = CARTESIAN_POINT('',(5.8,14.6,2.));
#9769 = ORIENTED_EDGE('',*,*,#7558,.T.);
#9770 = B_SPLINE_SURFACE_WITH_KNOTS('',1,1,(
    (#9771,#9772)
    ,(#9773,#9774
    )),.UNSPECIFIED.,.F.,.F.,.F.,(2,2),(2,2),(0.,0.6),(0.,6.),
  .PIECEWISE_BEZIER_KNOTS.);
#9771 = CARTESIAN_POINT('',(5.8,14.6,1.4));
#9772 = CARTESIAN_POINT('',(11.8,14.6,1.4));
#9773 = CARTESIAN_POINT('',(5.8,14.6,2.));
#9774 = CARTESIAN_POINT('',(11.8,14.6,2.));
#9775 = ADVANCED_FACE('',(#9776),#9792,.F.);
#9776 = FACE_BOUND('',#9777,.F.);
#9777 = EDGE_LOOP('',(#9778,#9779,#9786,#9791));
#9778 = ORIENTED_EDGE('',*,*,#9751,.F.);
#9779 = ORIENTED_EDGE('',*,*,#9780,.T.);
#9780 = EDGE_CURVE('',#9752,#9781,#9783,.T.);
#9781 = VERTEX_POINT('',#9782);
#9782 = CARTESIAN_POINT('',(11.8,20.6,1.4));
#9783 = B_SPLINE_CURVE_WITH_KNOTS('',1,(#9784,#9785),.UNSPECIFIED.,.F.,
  .F.,(2,2),(0.,6.),.PIECEWISE_BEZIER_KNOTS.);
#9784 = CARTESIAN_POINT('',(11.8,14.6,1.4));
#9785 = CARTESIAN_POINT('',(11.8,20.6,1.4));
#9786 = ORIENTED_EDGE('',*,*,#9787,.T.);
#9787 = EDGE_CURVE('',#9781,#7581,#9788,.T.);
#9788 = B_SPLINE_CURVE_WITH_KNOTS('',1,(#9789,#9790),.UNSPECIFIED.,.F.,
  .F.,(2,2),(0.,0.6),.PIECEWISE_BEZIER_KNOTS.);
#9789 = CARTESIAN_POINT('',(11.8,20.6,1.4));
#9790 = CARTESIAN_POINT('',(11.8,20.6,2.));
#9791 = ORIENTED_EDGE('',*,*,#7580,.F.);
#9792 = B_SPLINE_SURFACE_WITH_KNOTS('',1,1,(
    (#9793,#9794)
    ,(#9795,#9796
    )),.UNSPECIFIED.,.F.,.F.,.F.,(2,2),(2,2),(0.,0.6),(-6.,0.),
  .PIECEWISE_BEZIER_KNOTS.);
#9793 = CARTESIAN_POINT('',(11.8,20.6,1.4));
#9794 = CARTESIAN_POINT('',(11.8,14.6,1.4));
#9795 = CARTESIAN_POINT('',(11.8,20.6,2.));
#9796 = CARTESIAN_POINT('',(11.8,14.6,2.));
#9797 = ADVANCED_FACE('',(#9798),#9814,.F.);
#9798 = FACE_BOUND('',#9799,.F.);
#9799 = EDGE_LOOP('',(#9800,#9801,#9808,#9813));
#9800 = ORIENTED_EDGE('',*,*,#9787,.F.);
#9801 = ORIENTED_EDGE('',*,*,#9802,.F.);
#9802 = EDGE_CURVE('',#9803,#9781,#9805,.T.);
#9803 = VERTEX_POINT('',#9804);
#9804 = CARTESIAN_POINT('',(5.8,20.6,1.4));
#9805 = B_SPLINE_CURVE_WITH_KNOTS('',1,(#9806,#9807),.UNSPECIFIED.,.F.,
  .F.,(2,2),(0.,6.),.PIECEWISE_BEZIER_KNOTS.);
#9806 = CARTESIAN_POINT('',(5.8,20.6,1.4));
#9807 = CARTESIAN_POINT('',(11.8,20.6,1.4));
#9808 = ORIENTED_EDGE('',*,*,#9809,.T.);
#9809 = EDGE_CURVE('',#9803,#7603,#9810,.T.);
#9810 = B_SPLINE_CURVE_WITH_KNOTS('',1,(#9811,#9812),.UNSPECIFIED.,.F.,
  .F.,(2,2),(0.,0.6),.PIECEWISE_BEZIER_KNOTS.);
#9811 = CARTESIAN_POINT('',(5.8,20.6,1.4));
#9812 = CARTESIAN_POINT('',(5.8,20.6,2.));
#9813 = ORIENTED_EDGE('',*,*,#7602,.F.);
#9814 = B_SPLINE_SURFACE_WITH_KNOTS('',1,1,(
    (#9815,#9816)
    ,(#9817,#9818
    )),.UNSPECIFIED.,.F.,.F.,.F.,(2,2),(2,2),(0.,0.6),(0.,6.),
  .PIECEWISE_BEZIER_KNOTS.);
#9815 = CARTESIAN_POINT('',(5.8,20.6,1.4));
#9816 = CARTESIAN_POINT('',(11.8,20.6,1.4));
#9817 = CARTESIAN_POINT('',(5.8,20.6,2.));
#9818 = CARTESIAN_POINT('',(11.8,20.6,2.));
#9819 = ADVANCED_FACE('',(#9820),#9830,.T.);
#9820 = FACE_BOUND('',#9821,.T.);
#9821 = EDGE_LOOP('',(#9822,#9823,#9828,#9829));
#9822 = ORIENTED_EDGE('',*,*,#9765,.F.);
#9823 = ORIENTED_EDGE('',*,*,#9824,.T.);
#9824 = EDGE_CURVE('',#9759,#9803,#9825,.T.);
#9825 = B_SPLINE_CURVE_WITH_KNOTS('',1,(#9826,#9827),.UNSPECIFIED.,.F.,
  .F.,(2,2),(0.,6.),.PIECEWISE_BEZIER_KNOTS.);
#9826 = CARTESIAN_POINT('',(5.8,14.6,1.4));
#9827 = CARTESIAN_POINT('',(5.8,20.6,1.4));
#9828 = ORIENTED_EDGE('',*,*,#9809,.T.);
#9829 = ORIENTED_EDGE('',*,*,#7624,.T.);
#9830 = B_SPLINE_SURFACE_WITH_KNOTS('',1,1,(
    (#9831,#9832)
    ,(#9833,#9834
    )),.UNSPECIFIED.,.F.,.F.,.F.,(2,2),(2,2),(0.,0.6),(-6.,0.),
  .PIECEWISE_BEZIER_KNOTS.);
#9831 = CARTESIAN_POINT('',(5.8,20.6,1.4));
#9832 = CARTESIAN_POINT('',(5.8,14.6,1.4));
#9833 = CARTESIAN_POINT('',(5.8,20.6,2.));
#9834 = CARTESIAN_POINT('',(5.8,14.6,2.));
#9835 = ADVANCED_FACE('',(#9836),#9858,.T.);
#9836 = FACE_BOUND('',#9837,.T.);
#9837 = EDGE_LOOP('',(#9838,#9845,#9852,#9857));
#9838 = ORIENTED_EDGE('',*,*,#9839,.F.);
#9839 = EDGE_CURVE('',#9840,#7647,#9842,.T.);
#9840 = VERTEX_POINT('',#9841);
#9841 = CARTESIAN_POINT('',(20.6,14.6,1.4));
#9842 = B_SPLINE_CURVE_WITH_KNOTS('',1,(#9843,#9844),.UNSPECIFIED.,.F.,
  .F.,(2,2),(0.,0.6),.PIECEWISE_BEZIER_KNOTS.);
#9843 = CARTESIAN_POINT('',(20.6,14.6,1.4));
#9844 = CARTESIAN_POINT('',(20.6,14.6,2.));
#9845 = ORIENTED_EDGE('',*,*,#9846,.F.);
#9846 = EDGE_CURVE('',#9847,#9840,#9849,.T.);
#9847 = VERTEX_POINT('',#9848);
#9848 = CARTESIAN_POINT('',(14.6,14.6,1.4));
#9849 = B_SPLINE_CURVE_WITH_KNOTS('',1,(#9850,#9851),.UNSPECIFIED.,.F.,
  .F.,(2,2),(0.,6.),.PIECEWISE_BEZIER_KNOTS.);
#9850 = CARTESIAN_POINT('',(14.6,14.6,1.4));
#9851 = CARTESIAN_POINT('',(20.6,14.6,1.4));
#9852 = ORIENTED_EDGE('',*,*,#9853,.T.);
#9853 = EDGE_CURVE('',#9847,#7640,#9854,.T.);
#9854 = B_SPLINE_CURVE_WITH_KNOTS('',1,(#9855,#9856),.UNSPECIFIED.,.F.,
  .F.,(2,2),(0.,0.6),.PIECEWISE_BEZIER_KNOTS.);
#9855 = CARTESIAN_POINT('',(14.6,14.6,1.4));
#9856 = CARTESIAN_POINT('',(14.6,14.6,2.));
#9857 = ORIENTED_EDGE('',*,*,#7646,.T.);
#9858 = B_SPLINE_SURFACE_WITH_KNOTS('',1,1,(
    (#9859,#9860)
    ,(#9861,#9862
    )),.UNSPECIFIED.,.F.,.F.,.F.,(2,2),(2,2),(0.,0.6),(0.,6.),
  .PIECEWISE_BEZIER_KNOTS.);
#9859 = CARTESIAN_POINT('',(14.6,14.6,1.4));
#9860 = CARTESIAN_POINT('',(20.6,14.6,1.4));
#9861 = CARTESIAN_POINT('',(14.6,14.6,2.));
#9862 = CARTESIAN_POINT('',(20.6,14.6,2.));
#9863 = ADVANCED_FACE('',(#9864),#9880,.F.);
#9864 = FACE_BOUND('',#9865,.F.);
#9865 = EDGE_LOOP('',(#9866,#9867,#9874,#9879));
#9866 = ORIENTED_EDGE('',*,*,#9839,.F.);
#9867 = ORIENTED_EDGE('',*,*,#9868,.T.);
#9868 = EDGE_CURVE('',#9840,#9869,#9871,.T.);
#9869 = VERTEX_POINT('',#9870);
#9870 = CARTESIAN_POINT('',(20.6,20.6,1.4));
#9871 = B_SPLINE_CURVE_WITH_KNOTS('',1,(#9872,#9873),.UNSPECIFIED.,.F.,
  .F.,(2,2),(0.,6.),.PIECEWISE_BEZIER_KNOTS.);
#9872 = CARTESIAN_POINT('',(20.6,14.6,1.4));
#9873 = CARTESIAN_POINT('',(20.6,20.6,1.4));
#9874 = ORIENTED_EDGE('',*,*,#9875,.T.);
#9875 = EDGE_CURVE('',#9869,#7669,#9876,.T.);
#9876 = B_SPLINE_CURVE_WITH_KNOTS('',1,(#9877,#9878),.UNSPECIFIED.,.F.,
  .F.,(2,2),(0.,0.6),.PIECEWISE_BEZIER_KNOTS.);
#9877 = CARTESIAN_POINT('',(20.6,20.6,1.4));
#9878 = CARTESIAN_POINT('',(20.6,20.6,2.));
#9879 = ORIENTED_EDGE('',*,*,#7668,.F.);
#9880 = B_SPLINE_SURFACE_WITH_KNOTS('',1,1,(
    (#9881,#9882)
    ,(#9883,#9884
    )),.UNSPECIFIED.,.F.,.F.,.F.,(2,2),(2,2),(0.,0.6),(-6.,0.),
  .PIECEWISE_BEZIER_KNOTS.);
#9881 = CARTESIAN_POINT('',(20.6,20.6,1.4));
#9882 = CARTESIAN_POINT('',(20.6,14.6,1.4));
#9883 = CARTESIAN_POINT('',(20.6,20.6,2.));
#9884 = CARTESIAN_POINT('',(20.6,14.6,2.));
#9885 = ADVANCED_FACE('',(#9886),#9902,.F.);
#9886 = FACE_BOUND('',#9887,.F.);
#9887 = EDGE_LOOP('',(#9888,#9889,#9896,#9901));
#9888 = ORIENTED_EDGE('',*,*,#9875,.F.);
#9889 = ORIENTED_EDGE('',*,*,#9890,.F.);
#9890 = EDGE_CURVE('',#9891,#9869,#9893,.T.);
#9891 = VERTEX_POINT('',#9892);
#9892 = CARTESIAN_POINT('',(14.6,20.6,1.4));
#9893 = B_SPLINE_CURVE_WITH_KNOTS('',1,(#9894,#9895),.UNSPECIFIED.,.F.,
  .F.,(2,2),(0.,6.),.PIECEWISE_BEZIER_KNOTS.);
#9894 = CARTESIAN_POINT('',(14.6,20.6,1.4));
#9895 = CARTESIAN_POINT('',(20.6,20.6,1.4));
#9896 = ORIENTED_EDGE('',*,*,#9897,.T.);
#9897 = EDGE_CURVE('',#9891,#7691,#9898,.T.);
#9898 = B_SPLINE_CURVE_WITH_KNOTS('',1,(#9899,#9900),.UNSPECIFIED.,.F.,
  .F.,(2,2),(0.,0.6),.PIECEWISE_BEZIER_KNOTS.);
#9899 = CARTESIAN_POINT('',(14.6,20.6,1.4));
#9900 = CARTESIAN_POINT('',(14.6,20.6,2.));
#9901 = ORIENTED_EDGE('',*,*,#7690,.F.);
#9902 = B_SPLINE_SURFACE_WITH_KNOTS('',1,1,(
    (#9903,#9904)
    ,(#9905,#9906
    )),.UNSPECIFIED.,.F.,.F.,.F.,(2,2),(2,2),(0.,0.6),(0.,6.),
  .PIECEWISE_BEZIER_KNOTS.);
#9903 = CARTESIAN_POINT('',(14.6,20.6,1.4));
#9904 = CARTESIAN_POINT('',(20.6,20.6,1.4));
#9905 = CARTESIAN_POINT('',(14.6,20.6,2.));
#9906 = CARTESIAN_POINT('',(20.6,20.6,2.));
#9907 = ADVANCED_FACE('',(#9908),#9918,.T.);
#9908 = FACE_BOUND('',#9909,.T.);
#9909 = EDGE_LOOP('',(#9910,#9911,#9916,#9917));
#9910 = ORIENTED_EDGE('',*,*,#9853,.F.);
#9911 = ORIENTED_EDGE('',*,*,#9912,.T.);
#9912 = EDGE_CURVE('',#9847,#9891,#9913,.T.);
#9913 = B_SPLINE_CURVE_WITH_KNOTS('',1,(#9914,#9915),.UNSPECIFIED.,.F.,
  .F.,(2,2),(0.,6.),.PIECEWISE_BEZIER_KNOTS.);
#9914 = CARTESIAN_POINT('',(14.6,14.6,1.4));
#9915 = CARTESIAN_POINT('',(14.6,20.6,1.4));
#9916 = ORIENTED_EDGE('',*,*,#9897,.T.);
#9917 = ORIENTED_EDGE('',*,*,#7712,.T.);
#9918 = B_SPLINE_SURFACE_WITH_KNOTS('',1,1,(
    (#9919,#9920)
    ,(#9921,#9922
    )),.UNSPECIFIED.,.F.,.F.,.F.,(2,2),(2,2),(0.,0.6),(-6.,0.),
  .PIECEWISE_BEZIER_KNOTS.);
#9919 = CARTESIAN_POINT('',(14.6,20.6,1.4));
#9920 = CARTESIAN_POINT('',(14.6,14.6,1.4));
#9921 = CARTESIAN_POINT('',(14.6,20.6,2.));
#9922 = CARTESIAN_POINT('',(14.6,14.6,2.));
#9923 = ADVANCED_FACE('',(#9924),#9930,.T.);
#9924 = FACE_BOUND('',#9925,.T.);
#9925 = EDGE_LOOP('',(#9926,#9927,#9928,#9929));
#9926 = ORIENTED_EDGE('',*,*,#7800,.F.);
#9927 = ORIENTED_EDGE('',*,*,#7734,.T.);
#9928 = ORIENTED_EDGE('',*,*,#7756,.T.);
#9929 = ORIENTED_EDGE('',*,*,#7778,.F.);
#9930 = B_SPLINE_SURFACE_WITH_KNOTS('',1,1,(
    (#9931,#9932)
    ,(#9933,#9934
    )),.UNSPECIFIED.,.F.,.F.,.F.,(2,2),(2,2),(0.,6.),(0.,6.),
  .PIECEWISE_BEZIER_KNOTS.);
#9931 = CARTESIAN_POINT('',(-20.6,-20.6,1.4));
#9932 = CARTESIAN_POINT('',(-20.6,-14.6,1.4));
#9933 = CARTESIAN_POINT('',(-14.6,-20.6,1.4));
#9934 = CARTESIAN_POINT('',(-14.6,-14.6,1.4));
#9935 = ADVANCED_FACE('',(#9936),#9942,.T.);
#9936 = FACE_BOUND('',#9937,.T.);
#9937 = EDGE_LOOP('',(#9938,#9939,#9940,#9941));
#9938 = ORIENTED_EDGE('',*,*,#7888,.F.);
#9939 = ORIENTED_EDGE('',*,*,#7822,.T.);
#9940 = ORIENTED_EDGE('',*,*,#7844,.T.);
#9941 = ORIENTED_EDGE('',*,*,#7866,.F.);
#9942 = B_SPLINE_SURFACE_WITH_KNOTS('',1,1,(
    (#9943,#9944)
    ,(#9945,#9946
    )),.UNSPECIFIED.,.F.,.F.,.F.,(2,2),(2,2),(0.,6.),(0.,6.),
  .PIECEWISE_BEZIER_KNOTS.);
#9943 = CARTESIAN_POINT('',(-11.8,-20.6,1.4));
#9944 = CARTESIAN_POINT('',(-11.8,-14.6,1.4));
#9945 = CARTESIAN_POINT('',(-5.8,-20.6,1.4));
#9946 = CARTESIAN_POINT('',(-5.8,-14.6,1.4));
#9947 = ADVANCED_FACE('',(#9948),#9954,.T.);
#9948 = FACE_BOUND('',#9949,.T.);
#9949 = EDGE_LOOP('',(#9950,#9951,#9952,#9953));
#9950 = ORIENTED_EDGE('',*,*,#7976,.F.);
#9951 = ORIENTED_EDGE('',*,*,#7910,.T.);
#9952 = ORIENTED_EDGE('',*,*,#7932,.T.);
#9953 = ORIENTED_EDGE('',*,*,#7954,.F.);
#9954 = B_SPLINE_SURFACE_WITH_KNOTS('',1,1,(
    (#9955,#9956)
    ,(#9957,#9958
    )),.UNSPECIFIED.,.F.,.F.,.F.,(2,2),(2,2),(0.,6.),(0.,6.),
  .PIECEWISE_BEZIER_KNOTS.);
#9955 = CARTESIAN_POINT('',(-20.6,-11.8,1.4));
#9956 = CARTESIAN_POINT('',(-20.6,-5.8,1.4));
#9957 = CARTESIAN_POINT('',(-14.6,-11.8,1.4));
#9958 = CARTESIAN_POINT('',(-14.6,-5.8,1.4));
#9959 = ADVANCED_FACE('',(#9960),#9966,.T.);
#9960 = FACE_BOUND('',#9961,.T.);
#9961 = EDGE_LOOP('',(#9962,#9963,#9964,#9965));
#9962 = ORIENTED_EDGE('',*,*,#8064,.F.);
#9963 = ORIENTED_EDGE('',*,*,#7998,.T.);
#9964 = ORIENTED_EDGE('',*,*,#8020,.T.);
#9965 = ORIENTED_EDGE('',*,*,#8042,.F.);
#9966 = B_SPLINE_SURFACE_WITH_KNOTS('',1,1,(
    (#9967,#9968)
    ,(#9969,#9970
    )),.UNSPECIFIED.,.F.,.F.,.F.,(2,2),(2,2),(0.,6.),(0.,6.),
  .PIECEWISE_BEZIER_KNOTS.);
#9967 = CARTESIAN_POINT('',(-11.8,-11.8,1.4));
#9968 = CARTESIAN_POINT('',(-11.8,-5.8,1.4));
#9969 = CARTESIAN_POINT('',(-5.8,-11.8,1.4));
#9970 = CARTESIAN_POINT('',(-5.8,-5.8,1.4));
#9971 = ADVANCED_FACE('',(#9972),#9978,.T.);
#9972 = FACE_BOUND('',#9973,.T.);
#9973 = EDGE_LOOP('',(#9974,#9975,#9976,#9977));
#9974 = ORIENTED_EDGE('',*,*,#8152,.F.);
#9975 = ORIENTED_EDGE('',*,*,#8086,.T.);
#9976 = ORIENTED_EDGE('',*,*,#8108,.T.);
#9977 = ORIENTED_EDGE('',*,*,#8130,.F.);
#9978 = B_SPLINE_SURFACE_WITH_KNOTS('',1,1,(
    (#9979,#9980)
    ,(#9981,#9982
    )),.UNSPECIFIED.,.F.,.F.,.F.,(2,2),(2,2),(0.,6.),(0.,6.),
  .PIECEWISE_BEZIER_KNOTS.);
#9979 = CARTESIAN_POINT('',(-3.,-20.6,1.4));
#9980 = CARTESIAN_POINT('',(-3.,-14.6,1.4));
#9981 = CARTESIAN_POINT('',(3.,-20.6,1.4));
#9982 = CARTESIAN_POINT('',(3.,-14.6,1.4));
#9983 = ADVANCED_FACE('',(#9984),#9990,.T.);
#9984 = FACE_BOUND('',#9985,.T.);
#9985 = EDGE_LOOP('',(#9986,#9987,#9988,#9989));
#9986 = ORIENTED_EDGE('',*,*,#8240,.F.);
#9987 = ORIENTED_EDGE('',*,*,#8174,.T.);
#9988 = ORIENTED_EDGE('',*,*,#8196,.T.);
#9989 = ORIENTED_EDGE('',*,*,#8218,.F.);
#9990 = B_SPLINE_SURFACE_WITH_KNOTS('',1,1,(
    (#9991,#9992)
    ,(#9993,#9994
    )),.UNSPECIFIED.,.F.,.F.,.F.,(2,2),(2,2),(0.,6.),(0.,6.),
  .PIECEWISE_BEZIER_KNOTS.);
#9991 = CARTESIAN_POINT('',(5.8,-20.6,1.4));
#9992 = CARTESIAN_POINT('',(5.8,-14.6,1.4));
#9993 = CARTESIAN_POINT('',(11.8,-20.6,1.4));
#9994 = CARTESIAN_POINT('',(11.8,-14.6,1.4));
#9995 = ADVANCED_FACE('',(#9996),#10002,.T.);
#9996 = FACE_BOUND('',#9997,.T.);
#9997 = EDGE_LOOP('',(#9998,#9999,#10000,#10001));
#9998 = ORIENTED_EDGE('',*,*,#8328,.F.);
#9999 = ORIENTED_EDGE('',*,*,#8262,.T.);
#10000 = ORIENTED_EDGE('',*,*,#8284,.T.);
#10001 = ORIENTED_EDGE('',*,*,#8306,.F.);
#10002 = B_SPLINE_SURFACE_WITH_KNOTS('',1,1,(
    (#10003,#10004)
    ,(#10005,#10006
    )),.UNSPECIFIED.,.F.,.F.,.F.,(2,2),(2,2),(0.,6.),(0.,6.),
  .PIECEWISE_BEZIER_KNOTS.);
#10003 = CARTESIAN_POINT('',(14.6,-20.6,1.4));
#10004 = CARTESIAN_POINT('',(14.6,-14.6,1.4));
#10005 = CARTESIAN_POINT('',(20.6,-20.6,1.4));
#10006 = CARTESIAN_POINT('',(20.6,-14.6,1.4));
#10007 = ADVANCED_FACE('',(#10008),#10014,.T.);
#10008 = FACE_BOUND('',#10009,.T.);
#10009 = EDGE_LOOP('',(#10010,#10011,#10012,#10013));
#10010 = ORIENTED_EDGE('',*,*,#8416,.F.);
#10011 = ORIENTED_EDGE('',*,*,#8350,.T.);
#10012 = ORIENTED_EDGE('',*,*,#8372,.T.);
#10013 = ORIENTED_EDGE('',*,*,#8394,.F.);
#10014 = B_SPLINE_SURFACE_WITH_KNOTS('',1,1,(
    (#10015,#10016)
    ,(#10017,#10018
    )),.UNSPECIFIED.,.F.,.F.,.F.,(2,2),(2,2),(0.,6.),(0.,6.),
  .PIECEWISE_BEZIER_KNOTS.);
#10015 = CARTESIAN_POINT('',(-3.,-11.8,1.4));
#10016 = CARTESIAN_POINT('',(-3.,-5.8,1.4));
#10017 = CARTESIAN_POINT('',(3.,-11.8,1.4));
#10018 = CARTESIAN_POINT('',(3.,-5.8,1.4));
#10019 = ADVANCED_FACE('',(#10020),#10026,.T.);
#10020 = FACE_BOUND('',#10021,.T.);
#10021 = EDGE_LOOP('',(#10022,#10023,#10024,#10025));
#10022 = ORIENTED_EDGE('',*,*,#8504,.F.);
#10023 = ORIENTED_EDGE('',*,*,#8438,.T.);
#10024 = ORIENTED_EDGE('',*,*,#8460,.T.);
#10025 = ORIENTED_EDGE('',*,*,#8482,.F.);
#10026 = B_SPLINE_SURFACE_WITH_KNOTS('',1,1,(
    (#10027,#10028)
    ,(#10029,#10030
    )),.UNSPECIFIED.,.F.,.F.,.F.,(2,2),(2,2),(0.,6.),(0.,6.),
  .PIECEWISE_BEZIER_KNOTS.);
#10027 = CARTESIAN_POINT('',(5.8,-11.8,1.4));
#10028 = CARTESIAN_POINT('',(5.8,-5.8,1.4));
#10029 = CARTESIAN_POINT('',(11.8,-11.8,1.4));
#10030 = CARTESIAN_POINT('',(11.8,-5.8,1.4));
#10031 = ADVANCED_FACE('',(#10032),#10038,.T.);
#10032 = FACE_BOUND('',#10033,.T.);
#10033 = EDGE_LOOP('',(#10034,#10035,#10036,#10037));
#10034 = ORIENTED_EDGE('',*,*,#8592,.F.);
#10035 = ORIENTED_EDGE('',*,*,#8526,.T.);
#10036 = ORIENTED_EDGE('',*,*,#8548,.T.);
#10037 = ORIENTED_EDGE('',*,*,#8570,.F.);
#10038 = B_SPLINE_SURFACE_WITH_KNOTS('',1,1,(
    (#10039,#10040)
    ,(#10041,#10042
    )),.UNSPECIFIED.,.F.,.F.,.F.,(2,2),(2,2),(0.,6.),(0.,6.),
  .PIECEWISE_BEZIER_KNOTS.);
#10039 = CARTESIAN_POINT('',(14.6,-11.8,1.4));
#10040 = CARTESIAN_POINT('',(14.6,-5.8,1.4));
#10041 = CARTESIAN_POINT('',(20.6,-11.8,1.4));
#10042 = CARTESIAN_POINT('',(20.6,-5.8,1.4));
#10043 = ADVANCED_FACE('',(#10044),#10050,.T.);
#10044 = FACE_BOUND('',#10045,.T.);
#10045 = EDGE_LOOP('',(#10046,#10047,#10048,#10049));
#10046 = ORIENTED_EDGE('',*,*,#8680,.F.);
#10047 = ORIENTED_EDGE('',*,*,#8614,.T.);
#10048 = ORIENTED_EDGE('',*,*,#8636,.T.);
#10049 = ORIENTED_EDGE('',*,*,#8658,.F.);
#10050 = B_SPLINE_SURFACE_WITH_KNOTS('',1,1,(
    (#10051,#10052)
    ,(#10053,#10054
    )),.UNSPECIFIED.,.F.,.F.,.F.,(2,2),(2,2),(0.,6.),(0.,6.),
  .PIECEWISE_BEZIER_KNOTS.);
#10051 = CARTESIAN_POINT('',(-20.6,-3.,1.4));
#10052 = CARTESIAN_POINT('',(-20.6,3.,1.4));
#10053 = CARTESIAN_POINT('',(-14.6,-3.,1.4));
#10054 = CARTESIAN_POINT('',(-14.6,3.,1.4));
#10055 = ADVANCED_FACE('',(#10056),#10062,.T.);
#10056 = FACE_BOUND('',#10057,.T.);
#10057 = EDGE_LOOP('',(#10058,#10059,#10060,#10061));
#10058 = ORIENTED_EDGE('',*,*,#8768,.F.);
#10059 = ORIENTED_EDGE('',*,*,#8702,.T.);
#10060 = ORIENTED_EDGE('',*,*,#8724,.T.);
#10061 = ORIENTED_EDGE('',*,*,#8746,.F.);
#10062 = B_SPLINE_SURFACE_WITH_KNOTS('',1,1,(
    (#10063,#10064)
    ,(#10065,#10066
    )),.UNSPECIFIED.,.F.,.F.,.F.,(2,2),(2,2),(0.,6.),(0.,6.),
  .PIECEWISE_BEZIER_KNOTS.);
#10063 = CARTESIAN_POINT('',(-20.6,5.8,1.4));
#10064 = CARTESIAN_POINT('',(-20.6,11.8,1.4));
#10065 = CARTESIAN_POINT('',(-14.6,5.8,1.4));
#10066 = CARTESIAN_POINT('',(-14.6,11.8,1.4));
#10067 = ADVANCED_FACE('',(#10068),#10074,.T.);
#10068 = FACE_BOUND('',#10069,.T.);
#10069 = EDGE_LOOP('',(#10070,#10071,#10072,#10073));
#10070 = ORIENTED_EDGE('',*,*,#8856,.F.);
#10071 = ORIENTED_EDGE('',*,*,#8790,.T.);
#10072 = ORIENTED_EDGE('',*,*,#8812,.T.);
#10073 = ORIENTED_EDGE('',*,*,#8834,.F.);
#10074 = B_SPLINE_SURFACE_WITH_KNOTS('',1,1,(
    (#10075,#10076)
    ,(#10077,#10078
    )),.UNSPECIFIED.,.F.,.F.,.F.,(2,2),(2,2),(0.,6.),(0.,6.),
  .PIECEWISE_BEZIER_KNOTS.);
#10075 = CARTESIAN_POINT('',(-11.8,-3.,1.4));
#10076 = CARTESIAN_POINT('',(-11.8,3.,1.4));
#10077 = CARTESIAN_POINT('',(-5.8,-3.,1.4));
#10078 = CARTESIAN_POINT('',(-5.8,3.,1.4));
#10079 = ADVANCED_FACE('',(#10080),#10086,.T.);
#10080 = FACE_BOUND('',#10081,.T.);
#10081 = EDGE_LOOP('',(#10082,#10083,#10084,#10085));
#10082 = ORIENTED_EDGE('',*,*,#8944,.F.);
#10083 = ORIENTED_EDGE('',*,*,#8878,.T.);
#10084 = ORIENTED_EDGE('',*,*,#8900,.T.);
#10085 = ORIENTED_EDGE('',*,*,#8922,.F.);
#10086 = B_SPLINE_SURFACE_WITH_KNOTS('',1,1,(
    (#10087,#10088)
    ,(#10089,#10090
    )),.UNSPECIFIED.,.F.,.F.,.F.,(2,2),(2,2),(0.,6.),(0.,6.),
  .PIECEWISE_BEZIER_KNOTS.);
#10087 = CARTESIAN_POINT('',(-11.8,5.8,1.4));
#10088 = CARTESIAN_POINT('',(-11.8,11.8,1.4));
#10089 = CARTESIAN_POINT('',(-5.8,5.8,1.4));
#10090 = CARTESIAN_POINT('',(-5.8,11.8,1.4));
#10091 = ADVANCED_FACE('',(#10092),#10098,.T.);
#10092 = FACE_BOUND('',#10093,.T.);
#10093 = EDGE_LOOP('',(#10094,#10095,#10096,#10097));
#10094 = ORIENTED_EDGE('',*,*,#9032,.F.);
#10095 = ORIENTED_EDGE('',*,*,#8966,.T.);
#10096 = ORIENTED_EDGE('',*,*,#8988,.T.);
#10097 = ORIENTED_EDGE('',*,*,#9010,.F.);
#10098 = B_SPLINE_SURFACE_WITH_KNOTS('',1,1,(
    (#10099,#10100)
    ,(#10101,#10102
    )),.UNSPECIFIED.,.F.,.F.,.F.,(2,2),(2,2),(0.,6.),(0.,6.),
  .PIECEWISE_BEZIER_KNOTS.);
#10099 = CARTESIAN_POINT('',(-20.6,14.6,1.4));
#10100 = CARTESIAN_POINT('',(-20.6,20.6,1.4));
#10101 = CARTESIAN_POINT('',(-14.6,14.6,1.4));
#10102 = CARTESIAN_POINT('',(-14.6,20.6,1.4));
#10103 = ADVANCED_FACE('',(#10104),#10110,.T.);
#10104 = FACE_BOUND('',#10105,.T.);
#10105 = EDGE_LOOP('',(#10106,#10107,#10108,#10109));
#10106 = ORIENTED_EDGE('',*,*,#9120,.F.);
#10107 = ORIENTED_EDGE('',*,*,#9054,.T.);
#10108 = ORIENTED_EDGE('',*,*,#9076,.T.);
#10109 = ORIENTED_EDGE('',*,*,#9098,.F.);
#10110 = B_SPLINE_SURFACE_WITH_KNOTS('',1,1,(
    (#10111,#10112)
    ,(#10113,#10114
    )),.UNSPECIFIED.,.F.,.F.,.F.,(2,2),(2,2),(0.,6.),(0.,6.),
  .PIECEWISE_BEZIER_KNOTS.);
#10111 = CARTESIAN_POINT('',(-11.8,14.6,1.4));
#10112 = CARTESIAN_POINT('',(-11.8,20.6,1.4));
#10113 = CARTESIAN_POINT('',(-5.8,14.6,1.4));
#10114 = CARTESIAN_POINT('',(-5.8,20.6,1.4));
#10115 = ADVANCED_FACE('',(#10116),#10122,.T.);
#10116 = FACE_BOUND('',#10117,.T.);
#10117 = EDGE_LOOP('',(#10118,#10119,#10120,#10121));
#10118 = ORIENTED_EDGE('',*,*,#9208,.F.);
#10119 = ORIENTED_EDGE('',*,*,#9142,.T.);
#10120 = ORIENTED_EDGE('',*,*,#9164,.T.);
#10121 = ORIENTED_EDGE('',*,*,#9186,.F.);
#10122 = B_SPLINE_SURFACE_WITH_KNOTS('',1,1,(
    (#10123,#10124)
    ,(#10125,#10126
    )),.UNSPECIFIED.,.F.,.F.,.F.,(2,2),(2,2),(0.,6.),(0.,6.),
  .PIECEWISE_BEZIER_KNOTS.);
#10123 = CARTESIAN_POINT('',(-3.,-3.,1.4));
#10124 = CARTESIAN_POINT('',(-3.,3.,1.4));
#10125 = CARTESIAN_POINT('',(3.,-3.,1.4));
#10126 = CARTESIAN_POINT('',(3.,3.,1.4));
#10127 = ADVANCED_FACE('',(#10128),#10134,.T.);
#10128 = FACE_BOUND('',#10129,.T.);
#10129 = EDGE_LOOP('',(#10130,#10131,#10132,#10133));
#10130 = ORIENTED_EDGE('',*,*,#9296,.F.);
#10131 = ORIENTED_EDGE('',*,*,#9230,.T.);
#10132 = ORIENTED_EDGE('',*,*,#9252,.T.);
#10133 = ORIENTED_EDGE('',*,*,#9274,.F.);
#10134 = B_SPLINE_SURFACE_WITH_KNOTS('',1,1,(
    (#10135,#10136)
    ,(#10137,#10138
    )),.UNSPECIFIED.,.F.,.F.,.F.,(2,2),(2,2),(0.,6.),(0.,6.),
  .PIECEWISE_BEZIER_KNOTS.);
#10135 = CARTESIAN_POINT('',(5.8,-3.,1.4));
#10136 = CARTESIAN_POINT('',(5.8,3.,1.4));
#10137 = CARTESIAN_POINT('',(11.8,-3.,1.4));
#10138 = CARTESIAN_POINT('',(11.8,3.,1.4));
#10139 = ADVANCED_FACE('',(#10140),#10146,.T.);
#10140 = FACE_BOUND('',#10141,.T.);
#10141 = EDGE_LOOP('',(#10142,#10143,#10144,#10145));
#10142 = ORIENTED_EDGE('',*,*,#9384,.F.);
#10143 = ORIENTED_EDGE('',*,*,#9318,.T.);
#10144 = ORIENTED_EDGE('',*,*,#9340,.T.);
#10145 = ORIENTED_EDGE('',*,*,#9362,.F.);
#10146 = B_SPLINE_SURFACE_WITH_KNOTS('',1,1,(
    (#10147,#10148)
    ,(#10149,#10150
    )),.UNSPECIFIED.,.F.,.F.,.F.,(2,2),(2,2),(0.,6.),(0.,6.),
  .PIECEWISE_BEZIER_KNOTS.);
#10147 = CARTESIAN_POINT('',(-3.,5.8,1.4));
#10148 = CARTESIAN_POINT('',(-3.,11.8,1.4));
#10149 = CARTESIAN_POINT('',(3.,5.8,1.4));
#10150 = CARTESIAN_POINT('',(3.,11.8,1.4));
#10151 = ADVANCED_FACE('',(#10152),#10158,.T.);
#10152 = FACE_BOUND('',#10153,.T.);
#10153 = EDGE_LOOP('',(#10154,#10155,#10156,#10157));
#10154 = ORIENTED_EDGE('',*,*,#9472,.F.);
#10155 = ORIENTED_EDGE('',*,*,#9406,.T.);
#10156 = ORIENTED_EDGE('',*,*,#9428,.T.);
#10157 = ORIENTED_EDGE('',*,*,#9450,.F.);
#10158 = B_SPLINE_SURFACE_WITH_KNOTS('',1,1,(
    (#10159,#10160)
    ,(#10161,#10162
    )),.UNSPECIFIED.,.F.,.F.,.F.,(2,2),(2,2),(0.,6.),(0.,6.),
  .PIECEWISE_BEZIER_KNOTS.);
#10159 = CARTESIAN_POINT('',(5.8,5.8,1.4));
#10160 = CARTESIAN_POINT('',(5.8,11.8,1.4));
#10161 = CARTESIAN_POINT('',(11.8,5.8,1.4));
#10162 = CARTESIAN_POINT('',(11.8,11.8,1.4));
#10163 = ADVANCED_FACE('',(#10164),#10170,.T.);
#10164 = FACE_BOUND('',#10165,.T.);
#10165 = EDGE_LOOP('',(#10166,#10167,#10168,#10169));
#10166 = ORIENTED_EDGE('',*,*,#9560,.F.);
#10167 = ORIENTED_EDGE('',*,*,#9494,.T.);
#10168 = ORIENTED_EDGE('',*,*,#9516,.T.);
#10169 = ORIENTED_EDGE('',*,*,#9538,.F.);
#10170 = B_SPLINE_SURFACE_WITH_KNOTS('',1,1,(
    (#10171,#10172)
    ,(#10173,#10174
    )),.UNSPECIFIED.,.F.,.F.,.F.,(2,2),(2,2),(0.,6.),(0.,6.),
  .PIECEWISE_BEZIER_KNOTS.);
#10171 = CARTESIAN_POINT('',(14.6,-3.,1.4));
#10172 = CARTESIAN_POINT('',(14.6,3.,1.4));
#10173 = CARTESIAN_POINT('',(20.6,-3.,1.4));
#10174 = CARTESIAN_POINT('',(20.6,3.,1.4));
#10175 = ADVANCED_FACE('',(#10176),#10182,.T.);
#10176 = FACE_BOUND('',#10177,.T.);
#10177 = EDGE_LOOP('',(#10178,#10179,#10180,#10181));
#10178 = ORIENTED_EDGE('',*,*,#9648,.F.);
#10179 = ORIENTED_EDGE('',*,*,#9582,.T.);
#10180 = ORIENTED_EDGE('',*,*,#9604,.T.);
#10181 = ORIENTED_EDGE('',*,*,#9626,.F.);
#10182 = B_SPLINE_SURFACE_WITH_KNOTS('',1,1,(
    (#10183,#10184)
    ,(#10185,#10186
    )),.UNSPECIFIED.,.F.,.F.,.F.,(2,2),(2,2),(0.,6.),(0.,6.),
  .PIECEWISE_BEZIER_KNOTS.);
#10183 = CARTESIAN_POINT('',(14.6,5.8,1.4));
#10184 = CARTESIAN_POINT('',(14.6,11.8,1.4));
#10185 = CARTESIAN_POINT('',(20.6,5.8,1.4));
#10186 = CARTESIAN_POINT('',(20.6,11.8,1.4));
#10187 = ADVANCED_FACE('',(#10188),#10194,.T.);
#10188 = FACE_BOUND('',#10189,.T.);
#10189 = EDGE_LOOP('',(#10190,#10191,#10192,#10193));
#10190 = ORIENTED_EDGE('',*,*,#9736,.F.);
#10191 = ORIENTED_EDGE('',*,*,#9670,.T.);
#10192 = ORIENTED_EDGE('',*,*,#9692,.T.);
#10193 = ORIENTED_EDGE('',*,*,#9714,.F.);
#10194 = B_SPLINE_SURFACE_WITH_KNOTS('',1,1,(
    (#10195,#10196)
    ,(#10197,#10198
    )),.UNSPECIFIED.,.F.,.F.,.F.,(2,2),(2,2),(0.,6.),(0.,6.),
  .PIECEWISE_BEZIER_KNOTS.);
#10195 = CARTESIAN_POINT('',(-3.,14.6,1.4));
#10196 = CARTESIAN_POINT('',(-3.,20.6,1.4));
#10197 = CARTESIAN_POINT('',(3.,14.6,1.4));
#10198 = CARTESIAN_POINT('',(3.,20.6,1.4));
#10199 = ADVANCED_FACE('',(#10200),#10206,.T.);
#10200 = FACE_BOUND('',#10201,.T.);
#10201 = EDGE_LOOP('',(#10202,#10203,#10204,#10205));
#10202 = ORIENTED_EDGE('',*,*,#9824,.F.);
#10203 = ORIENTED_EDGE('',*,*,#9758,.T.);
#10204 = ORIENTED_EDGE('',*,*,#9780,.T.);
#10205 = ORIENTED_EDGE('',*,*,#9802,.F.);
#10206 = B_SPLINE_SURFACE_WITH_KNOTS('',1,1,(
    (#10207,#10208)
    ,(#10209,#10210
    )),.UNSPECIFIED.,.F.,.F.,.F.,(2,2),(2,2),(0.,6.),(0.,6.),
  .PIECEWISE_BEZIER_KNOTS.);
#10207 = CARTESIAN_POINT('',(5.8,14.6,1.4));
#10208 = CARTESIAN_POINT('',(5.8,20.6,1.4));
#10209 = CARTESIAN_POINT('',(11.8,14.6,1.4));
#10210 = CARTESIAN_POINT('',(11.8,20.6,1.4));
#10211 = ADVANCED_FACE('',(#10212),#10218,.T.);
#10212 = FACE_BOUND('',#10213,.T.);
#10213 = EDGE_LOOP('',(#10214,#10215,#10216,#10217));
#10214 = ORIENTED_EDGE('',*,*,#9912,.F.);
#10215 = ORIENTED_EDGE('',*,*,#9846,.T.);
#10216 = ORIENTED_EDGE('',*,*,#9868,.T.);
#10217 = ORIENTED_EDGE('',*,*,#9890,.F.);
#10218 = B_SPLINE_SURFACE_WITH_KNOTS('',1,1,(
    (#10219,#10220)
    ,(#10221,#10222
    )),.UNSPECIFIED.,.F.,.F.,.F.,(2,2),(2,2),(0.,6.),(0.,6.),
  .PIECEWISE_BEZIER_KNOTS.);
#10219 = CARTESIAN_POINT('',(14.6,14.6,1.4));
#10220 = CARTESIAN_POINT('',(14.6,20.6,1.4));
#10221 = CARTESIAN_POINT('',(20.6,14.6,1.4));
#10222 = CARTESIAN_POINT('',(20.6,20.6,1.4));
#10223 = ( GEOMETRIC_REPRESENTATION_CONTEXT(3) 
GLOBAL_UNCERTAINTY_ASSIGNED_CONTEXT((#10227)) 
GLOBAL_UNIT_ASSIGNED_CONTEXT((#10224,#10225,#10226)) 
REPRESENTATION_CONTEXT('Context #1',
  '3D Context with UNIT and UNCERTAINTY') );
#10224 = ( LENGTH_UNIT() NAMED_UNIT(*) SI_UNIT(.MILLI.,.METRE.) );
#10225 = ( NAMED_UNIT(*) PLANE_ANGLE_UNIT() SI_UNIT($,.RADIAN.) );
#10226 = ( NAMED_UNIT(*) SI_UNIT($,.STERADIAN.) SOLID_ANGLE_UNIT() );
#10227 = UNCERTAINTY_MEASURE_WITH_UNIT(LENGTH_MEASURE(1.E-06),#10224,
  'distance_accuracy_value','confusion accuracy');
#10228 = PRODUCT_RELATED_PRODUCT_CATEGORY('part',$,(#7));
ENDSEC;
END-ISO-10303-21;
