ISO-10303-21;
HEADER;
FILE_DESCRIPTION(('FreeCAD Model'),'2;1');
FILE_NAME('Open CASCADE Shape Model','2026-10-03T19:08:40',('Author'),(
    ''),'Open CASCADE STEP processor 7.8','FreeCAD','Unknown');
FILE_SCHEMA(('AUTOMOTIVE_DESIGN { 1 0 10303 214 1 1 1 1 }'));
ENDSEC;
DATA;
#1 = APPLICATION_PROTOCOL_DEFINITION('international standard',
  'automotive_design',2000,#2);
#2 = APPLICATION_CONTEXT(
  'core data for automotive mechanical design processes');
#3 = SHAPE_DEFINITION_REPRESENTATION(#4,#10);
#4 = PRODUCT_DEFINITION_SHAPE('','',#5);
#5 = PRODUCT_DEFINITION('design','',#6,#9);
#6 = PRODUCT_DEFINITION_FORMATION('','',#7);
#7 = PRODUCT('DiceBox_StrongLockV2_Lid','DiceBox_StrongLockV2_Lid','',(
    #8));
#8 = PRODUCT_CONTEXT('',#2,'mechanical');
#9 = PRODUCT_DEFINITION_CONTEXT('part definition',#2,'design');
#10 = ADVANCED_BREP_SHAPE_REPRESENTATION('',(#11,#15),#8387);
#11 = AXIS2_PLACEMENT_3D('',#12,#13,#14);
#12 = CARTESIAN_POINT('',(0.,0.,0.));
#13 = DIRECTION('',(0.,0.,1.));
#14 = DIRECTION('',(1.,0.,-0.));
#15 = MANIFOLD_SOLID_BREP('',#16);
#16 = CLOSED_SHELL('',(#17,#53,#124,#149,#171,#229,#273,#295,#819,#835,
    #851,#867,#879,#895,#932,#954,#985,#1151,#1194,#1216,#1281,#1303,
    #1368,#1390,#1433,#1593,#1636,#1658,#1723,#1745,#1810,#1832,#1875,
    #2035,#2060,#2220,#2263,#2285,#2350,#2372,#2437,#2459,#2502,#2662,
    #2705,#2727,#2792,#2814,#2879,#2901,#2944,#3104,#3129,#3289,#3332,
    #3354,#3419,#3441,#3506,#3528,#3571,#3731,#3774,#3796,#3861,#3883,
    #3948,#3970,#4013,#4173,#4198,#4358,#4401,#4423,#4488,#4510,#4575,
    #4597,#4640,#4794,#4954,#4973,#5001,#5023,#5045,#5061,#5283,#5295,
    #5311,#5327,#5355,#5377,#5399,#5414,#5430,#5446,#5462,#5473,#5497,
    #5509,#5529,#5545,#5561,#5577,#5589,#5603,#5615,#5643,#5665,#5687,
    #5702,#5718,#5734,#5750,#5761,#5785,#5797,#5817,#5833,#5849,#5865,
    #5877,#5891,#5907,#5935,#5957,#5979,#5994,#6010,#6026,#6042,#6053,
    #6071,#6083,#6104,#6126,#6148,#6170,#6185,#6201,#6217,#6229,#6253,
    #6265,#6285,#6301,#6317,#6333,#6345,#6359,#6371,#6392,#6414,#6436,
    #6458,#6473,#6489,#6505,#6517,#6541,#6553,#6573,#6589,#6605,#6621,
    #6633,#6647,#6663,#6684,#6706,#6728,#6750,#6765,#6781,#6797,#6809,
    #6827,#6839,#6860,#6882,#6904,#6926,#6941,#6957,#6973,#6985,#7009,
    #7021,#7041,#7057,#7073,#7089,#7101,#7115,#7127,#7148,#7170,#7192,
    #7214,#7229,#7245,#7261,#7273,#7297,#7309,#7329,#7345,#7361,#7377,
    #7389,#7403,#7419,#7440,#7462,#7484,#7506,#7521,#7537,#7553,#7565,
    #7583,#7595,#7623,#7645,#7667,#7682,#7698,#7714,#7730,#7741,#7765,
    #7777,#7797,#7813,#7829,#7845,#7857,#7871,#7899,#7921,#7943,#7958,
    #7974,#7990,#8006,#8017,#8045,#8067,#8089,#8104,#8120,#8136,#8152,
    #8163,#8177,#8251,#8271,#8289,#8307,#8323,#8339,#8357,#8375));
#17 = ADVANCED_FACE('',(#18),#48,.T.);
#18 = FACE_BOUND('',#19,.T.);
#19 = EDGE_LOOP('',(#20,#29,#36,#43));
#20 = ORIENTED_EDGE('',*,*,#21,.F.);
#21 = EDGE_CURVE('',#22,#24,#26,.T.);
#22 = VERTEX_POINT('',#23);
#23 = CARTESIAN_POINT('',(-15.,27.55,9.4));
#24 = VERTEX_POINT('',#25);
#25 = CARTESIAN_POINT('',(-15.,27.55,1.5));
#26 = B_SPLINE_CURVE_WITH_KNOTS('',1,(#27,#28),.UNSPECIFIED.,.F.,.F.,(2,
    2),(0.,7.9),.PIECEWISE_BEZIER_KNOTS.);
#27 = CARTESIAN_POINT('',(-15.,27.55,9.4));
#28 = CARTESIAN_POINT('',(-15.,27.55,1.5));
#29 = ORIENTED_EDGE('',*,*,#30,.F.);
#30 = EDGE_CURVE('',#31,#22,#33,.T.);
#31 = VERTEX_POINT('',#32);
#32 = CARTESIAN_POINT('',(-7.,27.55,9.4));
#33 = B_SPLINE_CURVE_WITH_KNOTS('',1,(#34,#35),.UNSPECIFIED.,.F.,.F.,(2,
    2),(0.,8.),.PIECEWISE_BEZIER_KNOTS.);
#34 = CARTESIAN_POINT('',(-7.,27.55,9.4));
#35 = CARTESIAN_POINT('',(-15.,27.55,9.4));
#36 = ORIENTED_EDGE('',*,*,#37,.T.);
#37 = EDGE_CURVE('',#31,#38,#40,.T.);
#38 = VERTEX_POINT('',#39);
#39 = CARTESIAN_POINT('',(-7.,27.55,1.5));
#40 = B_SPLINE_CURVE_WITH_KNOTS('',1,(#41,#42),.UNSPECIFIED.,.F.,.F.,(2,
    2),(0.,7.9),.PIECEWISE_BEZIER_KNOTS.);
#41 = CARTESIAN_POINT('',(-7.,27.55,9.4));
#42 = CARTESIAN_POINT('',(-7.,27.55,1.5));
#43 = ORIENTED_EDGE('',*,*,#44,.T.);
#44 = EDGE_CURVE('',#38,#24,#45,.T.);
#45 = B_SPLINE_CURVE_WITH_KNOTS('',1,(#46,#47),.UNSPECIFIED.,.F.,.F.,(2,
    2),(0.,8.),.PIECEWISE_BEZIER_KNOTS.);
#46 = CARTESIAN_POINT('',(-7.,27.55,1.5));
#47 = CARTESIAN_POINT('',(-15.,27.55,1.5));
#48 = B_SPLINE_SURFACE_WITH_KNOTS('',1,1,(
    (#49,#50)
    ,(#51,#52)),.UNSPECIFIED.,.F.,.F.,.F.,(2,2),(2,2),(0.,7.9),(0.,8.),
  .PIECEWISE_BEZIER_KNOTS.);
#49 = CARTESIAN_POINT('',(-7.,27.55,9.4));
#50 = CARTESIAN_POINT('',(-15.,27.55,9.4));
#51 = CARTESIAN_POINT('',(-7.,27.55,1.5));
#52 = CARTESIAN_POINT('',(-15.,27.55,1.5));
#53 = ADVANCED_FACE('',(#54),#119,.T.);
#54 = FACE_BOUND('',#55,.T.);
#55 = EDGE_LOOP('',(#56,#57,#65,#72,#79,#86,#93,#100,#107,#114));
#56 = ORIENTED_EDGE('',*,*,#21,.T.);
#57 = ORIENTED_EDGE('',*,*,#58,.T.);
#58 = EDGE_CURVE('',#24,#59,#61,.T.);
#59 = VERTEX_POINT('',#60);
#60 = CARTESIAN_POINT('',(-15.,27.85,1.2));
#61 = ( BOUNDED_CURVE() B_SPLINE_CURVE(2,(#62,#63,#64),.UNSPECIFIED.,.F.
,.F.) B_SPLINE_CURVE_WITH_KNOTS((3,3),(3.14159265359,4.712388980385),
.PIECEWISE_BEZIER_KNOTS.) CURVE() GEOMETRIC_REPRESENTATION_ITEM() 
RATIONAL_B_SPLINE_CURVE((1.,0.707106781187,1.)) REPRESENTATION_ITEM('') 
  );
#62 = CARTESIAN_POINT('',(-15.,27.55,1.5));
#63 = CARTESIAN_POINT('',(-15.,27.55,1.2));
#64 = CARTESIAN_POINT('',(-15.,27.85,1.2));
#65 = ORIENTED_EDGE('',*,*,#66,.F.);
#66 = EDGE_CURVE('',#67,#59,#69,.T.);
#67 = VERTEX_POINT('',#68);
#68 = CARTESIAN_POINT('',(-15.,26.5,1.2));
#69 = B_SPLINE_CURVE_WITH_KNOTS('',1,(#70,#71),.UNSPECIFIED.,.F.,.F.,(2,
    2),(-3.552713678801E-15,1.35),.PIECEWISE_BEZIER_KNOTS.);
#70 = CARTESIAN_POINT('',(-15.,26.5,1.2));
#71 = CARTESIAN_POINT('',(-15.,27.85,1.2));
#72 = ORIENTED_EDGE('',*,*,#73,.F.);
#73 = EDGE_CURVE('',#74,#67,#76,.T.);
#74 = VERTEX_POINT('',#75);
#75 = CARTESIAN_POINT('',(-15.,26.5,1.4));
#76 = B_SPLINE_CURVE_WITH_KNOTS('',1,(#77,#78),.UNSPECIFIED.,.F.,.F.,(2,
    2),(8.45,8.65),.PIECEWISE_BEZIER_KNOTS.);
#77 = CARTESIAN_POINT('',(-15.,26.5,1.4));
#78 = CARTESIAN_POINT('',(-15.,26.5,1.2));
#79 = ORIENTED_EDGE('',*,*,#80,.T.);
#80 = EDGE_CURVE('',#74,#81,#83,.T.);
#81 = VERTEX_POINT('',#82);
#82 = CARTESIAN_POINT('',(-15.,26.55,1.4));
#83 = B_SPLINE_CURVE_WITH_KNOTS('',1,(#84,#85),.UNSPECIFIED.,.F.,.F.,(2,
    2),(-2.5E-02,2.5E-02),.PIECEWISE_BEZIER_KNOTS.);
#84 = CARTESIAN_POINT('',(-15.,26.5,1.4));
#85 = CARTESIAN_POINT('',(-15.,26.55,1.4));
#86 = ORIENTED_EDGE('',*,*,#87,.F.);
#87 = EDGE_CURVE('',#88,#81,#90,.T.);
#88 = VERTEX_POINT('',#89);
#89 = CARTESIAN_POINT('',(-15.,26.55,8.4));
#90 = B_SPLINE_CURVE_WITH_KNOTS('',1,(#91,#92),.UNSPECIFIED.,.F.,.F.,(2,
    2),(1.475,8.475),.PIECEWISE_BEZIER_KNOTS.);
#91 = CARTESIAN_POINT('',(-15.,26.55,8.4));
#92 = CARTESIAN_POINT('',(-15.,26.55,1.4));
#93 = ORIENTED_EDGE('',*,*,#94,.F.);
#94 = EDGE_CURVE('',#95,#88,#97,.T.);
#95 = VERTEX_POINT('',#96);
#96 = CARTESIAN_POINT('',(-15.,26.,8.4));
#97 = B_SPLINE_CURVE_WITH_KNOTS('',1,(#98,#99),.UNSPECIFIED.,.F.,.F.,(2,
    2),(0.,0.55),.PIECEWISE_BEZIER_KNOTS.);
#98 = CARTESIAN_POINT('',(-15.,26.,8.4));
#99 = CARTESIAN_POINT('',(-15.,26.55,8.4));
#100 = ORIENTED_EDGE('',*,*,#101,.F.);
#101 = EDGE_CURVE('',#102,#95,#104,.T.);
#102 = VERTEX_POINT('',#103);
#103 = CARTESIAN_POINT('',(-15.,26.,8.8));
#104 = B_SPLINE_CURVE_WITH_KNOTS('',1,(#105,#106),.UNSPECIFIED.,.F.,.F.,
  (2,2),(0.,0.4),.PIECEWISE_BEZIER_KNOTS.);
#105 = CARTESIAN_POINT('',(-15.,26.,8.8));
#106 = CARTESIAN_POINT('',(-15.,26.,8.4));
#107 = ORIENTED_EDGE('',*,*,#108,.F.);
#108 = EDGE_CURVE('',#109,#102,#111,.T.);
#109 = VERTEX_POINT('',#110);
#110 = CARTESIAN_POINT('',(-15.,26.55,9.4));
#111 = B_SPLINE_CURVE_WITH_KNOTS('',1,(#112,#113),.UNSPECIFIED.,.F.,.F.,
  (2,2),(0.,0.813941029805),.PIECEWISE_BEZIER_KNOTS.);
#112 = CARTESIAN_POINT('',(-15.,26.55,9.4));
#113 = CARTESIAN_POINT('',(-15.,26.,8.8));
#114 = ORIENTED_EDGE('',*,*,#115,.T.);
#115 = EDGE_CURVE('',#109,#22,#116,.T.);
#116 = B_SPLINE_CURVE_WITH_KNOTS('',1,(#117,#118),.UNSPECIFIED.,.F.,.F.,
  (2,2),(5.E-02,1.05),.PIECEWISE_BEZIER_KNOTS.);
#117 = CARTESIAN_POINT('',(-15.,26.55,9.4));
#118 = CARTESIAN_POINT('',(-15.,27.55,9.4));
#119 = B_SPLINE_SURFACE_WITH_KNOTS('',1,1,(
    (#120,#121)
    ,(#122,#123
    )),.UNSPECIFIED.,.F.,.F.,.F.,(2,2),(2,2),(-4.110933722237,
    4.089066277763),(-1.014075274586,0.835924725414),
  .PIECEWISE_BEZIER_KNOTS.);
#120 = CARTESIAN_POINT('',(-15.,26.,1.2));
#121 = CARTESIAN_POINT('',(-15.,27.85,1.2));
#122 = CARTESIAN_POINT('',(-15.,26.,9.4));
#123 = CARTESIAN_POINT('',(-15.,27.85,9.4));
#124 = ADVANCED_FACE('',(#125),#142,.T.);
#125 = FACE_BOUND('',#126,.T.);
#126 = EDGE_LOOP('',(#127,#135,#140,#141));
#127 = ORIENTED_EDGE('',*,*,#128,.T.);
#128 = EDGE_CURVE('',#38,#129,#131,.T.);
#129 = VERTEX_POINT('',#130);
#130 = CARTESIAN_POINT('',(-7.,27.85,1.2));
#131 = ( BOUNDED_CURVE() B_SPLINE_CURVE(2,(#132,#133,#134),
.UNSPECIFIED.,.F.,.F.) B_SPLINE_CURVE_WITH_KNOTS((3,3),(3.14159265359,
4.712388980385),.PIECEWISE_BEZIER_KNOTS.) CURVE() 
GEOMETRIC_REPRESENTATION_ITEM() RATIONAL_B_SPLINE_CURVE((1.,
0.707106781187,1.)) REPRESENTATION_ITEM('') );
#132 = CARTESIAN_POINT('',(-7.,27.55,1.5));
#133 = CARTESIAN_POINT('',(-7.,27.55,1.2));
#134 = CARTESIAN_POINT('',(-7.,27.85,1.2));
#135 = ORIENTED_EDGE('',*,*,#136,.T.);
#136 = EDGE_CURVE('',#129,#59,#137,.T.);
#137 = B_SPLINE_CURVE_WITH_KNOTS('',1,(#138,#139),.UNSPECIFIED.,.F.,.F.,
  (2,2),(-0.,8.),.PIECEWISE_BEZIER_KNOTS.);
#138 = CARTESIAN_POINT('',(-7.,27.85,1.2));
#139 = CARTESIAN_POINT('',(-15.,27.85,1.2));
#140 = ORIENTED_EDGE('',*,*,#58,.F.);
#141 = ORIENTED_EDGE('',*,*,#44,.F.);
#142 = ( BOUNDED_SURFACE() B_SPLINE_SURFACE(2,1,(
    (#143,#144)
    ,(#145,#146)
,(#147,#148
    )),.UNSPECIFIED.,.F.,.F.,.F.) B_SPLINE_SURFACE_WITH_KNOTS((3,3),(2,2
    ),(0.,1.570796326795),(0.,8.),.PIECEWISE_BEZIER_KNOTS.) 
GEOMETRIC_REPRESENTATION_ITEM() RATIONAL_B_SPLINE_SURFACE((
    (1.,1.)
    ,(0.707106781187,0.707106781187)
,(1.,1.))) REPRESENTATION_ITEM('') SURFACE() );
#143 = CARTESIAN_POINT('',(-7.,27.55,1.5));
#144 = CARTESIAN_POINT('',(-15.,27.55,1.5));
#145 = CARTESIAN_POINT('',(-7.,27.55,1.2));
#146 = CARTESIAN_POINT('',(-15.,27.55,1.2));
#147 = CARTESIAN_POINT('',(-7.,27.85,1.2));
#148 = CARTESIAN_POINT('',(-15.,27.85,1.2));
#149 = ADVANCED_FACE('',(#150),#166,.T.);
#150 = FACE_BOUND('',#151,.T.);
#151 = EDGE_LOOP('',(#152,#153,#154,#161));
#152 = ORIENTED_EDGE('',*,*,#30,.T.);
#153 = ORIENTED_EDGE('',*,*,#115,.F.);
#154 = ORIENTED_EDGE('',*,*,#155,.T.);
#155 = EDGE_CURVE('',#109,#156,#158,.T.);
#156 = VERTEX_POINT('',#157);
#157 = CARTESIAN_POINT('',(-7.,26.55,9.4));
#158 = B_SPLINE_CURVE_WITH_KNOTS('',1,(#159,#160),.UNSPECIFIED.,.F.,.F.,
  (2,2),(1.775,9.775),.PIECEWISE_BEZIER_KNOTS.);
#159 = CARTESIAN_POINT('',(-15.,26.55,9.4));
#160 = CARTESIAN_POINT('',(-7.,26.55,9.4));
#161 = ORIENTED_EDGE('',*,*,#162,.T.);
#162 = EDGE_CURVE('',#156,#31,#163,.T.);
#163 = B_SPLINE_CURVE_WITH_KNOTS('',1,(#164,#165),.UNSPECIFIED.,.F.,.F.,
  (2,2),(5.E-02,1.05),.PIECEWISE_BEZIER_KNOTS.);
#164 = CARTESIAN_POINT('',(-7.,26.55,9.4));
#165 = CARTESIAN_POINT('',(-7.,27.55,9.4));
#166 = B_SPLINE_SURFACE_WITH_KNOTS('',1,1,(
    (#167,#168)
    ,(#169,#170
    )),.UNSPECIFIED.,.F.,.F.,.F.,(2,2),(2,2),(-4.,4.),(-0.5,0.5),
  .PIECEWISE_BEZIER_KNOTS.);
#167 = CARTESIAN_POINT('',(-7.,27.55,9.4));
#168 = CARTESIAN_POINT('',(-7.,26.55,9.4));
#169 = CARTESIAN_POINT('',(-15.,27.55,9.4));
#170 = CARTESIAN_POINT('',(-15.,26.55,9.4));
#171 = ADVANCED_FACE('',(#172),#224,.T.);
#172 = FACE_BOUND('',#173,.T.);
#173 = EDGE_LOOP('',(#174,#175,#176,#183,#190,#197,#204,#211,#218,#223)
  );
#174 = ORIENTED_EDGE('',*,*,#37,.F.);
#175 = ORIENTED_EDGE('',*,*,#162,.F.);
#176 = ORIENTED_EDGE('',*,*,#177,.T.);
#177 = EDGE_CURVE('',#156,#178,#180,.T.);
#178 = VERTEX_POINT('',#179);
#179 = CARTESIAN_POINT('',(-7.,26.,8.8));
#180 = B_SPLINE_CURVE_WITH_KNOTS('',1,(#181,#182),.UNSPECIFIED.,.F.,.F.,
  (2,2),(0.,0.813941029805),.PIECEWISE_BEZIER_KNOTS.);
#181 = CARTESIAN_POINT('',(-7.,26.55,9.4));
#182 = CARTESIAN_POINT('',(-7.,26.,8.8));
#183 = ORIENTED_EDGE('',*,*,#184,.T.);
#184 = EDGE_CURVE('',#178,#185,#187,.T.);
#185 = VERTEX_POINT('',#186);
#186 = CARTESIAN_POINT('',(-7.,26.,8.4));
#187 = B_SPLINE_CURVE_WITH_KNOTS('',1,(#188,#189),.UNSPECIFIED.,.F.,.F.,
  (2,2),(0.,0.4),.PIECEWISE_BEZIER_KNOTS.);
#188 = CARTESIAN_POINT('',(-7.,26.,8.8));
#189 = CARTESIAN_POINT('',(-7.,26.,8.4));
#190 = ORIENTED_EDGE('',*,*,#191,.T.);
#191 = EDGE_CURVE('',#185,#192,#194,.T.);
#192 = VERTEX_POINT('',#193);
#193 = CARTESIAN_POINT('',(-7.,26.55,8.4));
#194 = B_SPLINE_CURVE_WITH_KNOTS('',1,(#195,#196),.UNSPECIFIED.,.F.,.F.,
  (2,2),(0.,0.55),.PIECEWISE_BEZIER_KNOTS.);
#195 = CARTESIAN_POINT('',(-7.,26.,8.4));
#196 = CARTESIAN_POINT('',(-7.,26.55,8.4));
#197 = ORIENTED_EDGE('',*,*,#198,.T.);
#198 = EDGE_CURVE('',#192,#199,#201,.T.);
#199 = VERTEX_POINT('',#200);
#200 = CARTESIAN_POINT('',(-7.,26.55,1.4));
#201 = B_SPLINE_CURVE_WITH_KNOTS('',1,(#202,#203),.UNSPECIFIED.,.F.,.F.,
  (2,2),(1.475,8.475),.PIECEWISE_BEZIER_KNOTS.);
#202 = CARTESIAN_POINT('',(-7.,26.55,8.4));
#203 = CARTESIAN_POINT('',(-7.,26.55,1.4));
#204 = ORIENTED_EDGE('',*,*,#205,.F.);
#205 = EDGE_CURVE('',#206,#199,#208,.T.);
#206 = VERTEX_POINT('',#207);
#207 = CARTESIAN_POINT('',(-7.,26.5,1.4));
#208 = B_SPLINE_CURVE_WITH_KNOTS('',1,(#209,#210),.UNSPECIFIED.,.F.,.F.,
  (2,2),(-2.5E-02,2.5E-02),.PIECEWISE_BEZIER_KNOTS.);
#209 = CARTESIAN_POINT('',(-7.,26.5,1.4));
#210 = CARTESIAN_POINT('',(-7.,26.55,1.4));
#211 = ORIENTED_EDGE('',*,*,#212,.T.);
#212 = EDGE_CURVE('',#206,#213,#215,.T.);
#213 = VERTEX_POINT('',#214);
#214 = CARTESIAN_POINT('',(-7.,26.5,1.2));
#215 = B_SPLINE_CURVE_WITH_KNOTS('',1,(#216,#217),.UNSPECIFIED.,.F.,.F.,
  (2,2),(8.45,8.65),.PIECEWISE_BEZIER_KNOTS.);
#216 = CARTESIAN_POINT('',(-7.,26.5,1.4));
#217 = CARTESIAN_POINT('',(-7.,26.5,1.2));
#218 = ORIENTED_EDGE('',*,*,#219,.T.);
#219 = EDGE_CURVE('',#213,#129,#220,.T.);
#220 = B_SPLINE_CURVE_WITH_KNOTS('',1,(#221,#222),.UNSPECIFIED.,.F.,.F.,
  (2,2),(-0.575735294118,0.774264705882),.PIECEWISE_BEZIER_KNOTS.);
#221 = CARTESIAN_POINT('',(-7.,26.5,1.2));
#222 = CARTESIAN_POINT('',(-7.,27.85,1.2));
#223 = ORIENTED_EDGE('',*,*,#128,.F.);
#224 = B_SPLINE_SURFACE_WITH_KNOTS('',1,1,(
    (#225,#226)
    ,(#227,#228
    )),.UNSPECIFIED.,.F.,.F.,.F.,(2,2),(2,2),(-4.089066277763,
    4.110933722237),(-1.014075274586,0.835924725414),
  .PIECEWISE_BEZIER_KNOTS.);
#225 = CARTESIAN_POINT('',(-7.,26.,9.4));
#226 = CARTESIAN_POINT('',(-7.,27.85,9.4));
#227 = CARTESIAN_POINT('',(-7.,26.,1.2));
#228 = CARTESIAN_POINT('',(-7.,27.85,1.2));
#229 = ADVANCED_FACE('',(#230),#268,.T.);
#230 = FACE_BOUND('',#231,.T.);
#231 = EDGE_LOOP('',(#232,#233,#240,#247,#254,#261,#266,#267));
#232 = ORIENTED_EDGE('',*,*,#219,.F.);
#233 = ORIENTED_EDGE('',*,*,#234,.F.);
#234 = EDGE_CURVE('',#235,#213,#237,.T.);
#235 = VERTEX_POINT('',#236);
#236 = CARTESIAN_POINT('',(-6.4,26.5,1.2));
#237 = B_SPLINE_CURVE_WITH_KNOTS('',1,(#238,#239),.UNSPECIFIED.,.F.,.F.,
  (2,2),(0.,0.6),.PIECEWISE_BEZIER_KNOTS.);
#238 = CARTESIAN_POINT('',(-6.4,26.5,1.2));
#239 = CARTESIAN_POINT('',(-7.,26.5,1.2));
#240 = ORIENTED_EDGE('',*,*,#241,.T.);
#241 = EDGE_CURVE('',#235,#242,#244,.T.);
#242 = VERTEX_POINT('',#243);
#243 = CARTESIAN_POINT('',(-6.4,28.15,1.2));
#244 = B_SPLINE_CURVE_WITH_KNOTS('',1,(#245,#246),.UNSPECIFIED.,.F.,.F.,
  (2,2),(0.,1.65),.PIECEWISE_BEZIER_KNOTS.);
#245 = CARTESIAN_POINT('',(-6.4,26.5,1.2));
#246 = CARTESIAN_POINT('',(-6.4,28.15,1.2));
#247 = ORIENTED_EDGE('',*,*,#248,.T.);
#248 = EDGE_CURVE('',#242,#249,#251,.T.);
#249 = VERTEX_POINT('',#250);
#250 = CARTESIAN_POINT('',(-15.6,28.15,1.2));
#251 = B_SPLINE_CURVE_WITH_KNOTS('',1,(#252,#253),.UNSPECIFIED.,.F.,.F.,
  (2,2),(-8.6,0.6),.PIECEWISE_BEZIER_KNOTS.);
#252 = CARTESIAN_POINT('',(-6.4,28.15,1.2));
#253 = CARTESIAN_POINT('',(-15.6,28.15,1.2));
#254 = ORIENTED_EDGE('',*,*,#255,.F.);
#255 = EDGE_CURVE('',#256,#249,#258,.T.);
#256 = VERTEX_POINT('',#257);
#257 = CARTESIAN_POINT('',(-15.6,26.5,1.2));
#258 = B_SPLINE_CURVE_WITH_KNOTS('',1,(#259,#260),.UNSPECIFIED.,.F.,.F.,
  (2,2),(0.,1.65),.PIECEWISE_BEZIER_KNOTS.);
#259 = CARTESIAN_POINT('',(-15.6,26.5,1.2));
#260 = CARTESIAN_POINT('',(-15.6,28.15,1.2));
#261 = ORIENTED_EDGE('',*,*,#262,.F.);
#262 = EDGE_CURVE('',#67,#256,#263,.T.);
#263 = B_SPLINE_CURVE_WITH_KNOTS('',1,(#264,#265),.UNSPECIFIED.,.F.,.F.,
  (2,2),(0.,0.6),.PIECEWISE_BEZIER_KNOTS.);
#264 = CARTESIAN_POINT('',(-15.,26.5,1.2));
#265 = CARTESIAN_POINT('',(-15.6,26.5,1.2));
#266 = ORIENTED_EDGE('',*,*,#66,.T.);
#267 = ORIENTED_EDGE('',*,*,#136,.F.);
#268 = B_SPLINE_SURFACE_WITH_KNOTS('',1,1,(
    (#269,#270)
    ,(#271,#272
    )),.UNSPECIFIED.,.F.,.F.,.F.,(2,2),(2,2),(-1.151470588235,
    0.498529411765),(-4.6,4.6),.PIECEWISE_BEZIER_KNOTS.);
#269 = CARTESIAN_POINT('',(-6.4,26.5,1.2));
#270 = CARTESIAN_POINT('',(-15.6,26.5,1.2));
#271 = CARTESIAN_POINT('',(-6.4,28.15,1.2));
#272 = CARTESIAN_POINT('',(-15.6,28.15,1.2));
#273 = ADVANCED_FACE('',(#274),#290,.T.);
#274 = FACE_BOUND('',#275,.T.);
#275 = EDGE_LOOP('',(#276,#283,#288,#289));
#276 = ORIENTED_EDGE('',*,*,#277,.F.);
#277 = EDGE_CURVE('',#278,#256,#280,.T.);
#278 = VERTEX_POINT('',#279);
#279 = CARTESIAN_POINT('',(-15.6,26.5,1.4));
#280 = B_SPLINE_CURVE_WITH_KNOTS('',1,(#281,#282),.UNSPECIFIED.,.F.,.F.,
  (2,2),(8.45,8.65),.PIECEWISE_BEZIER_KNOTS.);
#281 = CARTESIAN_POINT('',(-15.6,26.5,1.4));
#282 = CARTESIAN_POINT('',(-15.6,26.5,1.2));
#283 = ORIENTED_EDGE('',*,*,#284,.T.);
#284 = EDGE_CURVE('',#278,#74,#285,.T.);
#285 = B_SPLINE_CURVE_WITH_KNOTS('',1,(#286,#287),.UNSPECIFIED.,.F.,.F.,
  (2,2),(5.175,5.775),.PIECEWISE_BEZIER_KNOTS.);
#286 = CARTESIAN_POINT('',(-15.6,26.5,1.4));
#287 = CARTESIAN_POINT('',(-15.,26.5,1.4));
#288 = ORIENTED_EDGE('',*,*,#73,.T.);
#289 = ORIENTED_EDGE('',*,*,#262,.T.);
#290 = B_SPLINE_SURFACE_WITH_KNOTS('',1,1,(
    (#291,#292)
    ,(#293,#294
    )),.UNSPECIFIED.,.F.,.F.,.F.,(2,2),(2,2),(8.45,8.65),(0.,0.6),
  .PIECEWISE_BEZIER_KNOTS.);
#291 = CARTESIAN_POINT('',(-15.,26.5,1.4));
#292 = CARTESIAN_POINT('',(-15.6,26.5,1.4));
#293 = CARTESIAN_POINT('',(-15.,26.5,1.2));
#294 = CARTESIAN_POINT('',(-15.6,26.5,1.2));
#295 = ADVANCED_FACE('',(#296,#784),#814,.F.);
#296 = FACE_BOUND('',#297,.F.);
#297 = EDGE_LOOP('',(#298,#307,#315,#322,#327,#328,#329,#334,#335,#342,
    #349,#356,#363,#370,#377,#384,#391,#398,#405,#412,#420,#427,#434,
    #441,#448,#455,#462,#469,#476,#483,#490,#497,#504,#511,#518,#525,
    #532,#539,#547,#554,#561,#568,#575,#582,#589,#596,#603,#610,#617,
    #624,#631,#638,#645,#652,#659,#666,#674,#681,#688,#695,#702,#709,
    #716,#723,#730,#737,#744,#751,#758,#765,#772,#779));
#298 = ORIENTED_EDGE('',*,*,#299,.F.);
#299 = EDGE_CURVE('',#300,#302,#304,.T.);
#300 = VERTEX_POINT('',#301);
#301 = CARTESIAN_POINT('',(-26.55,25.,1.4));
#302 = VERTEX_POINT('',#303);
#303 = CARTESIAN_POINT('',(-26.55,15.6,1.4));
#304 = B_SPLINE_CURVE_WITH_KNOTS('',1,(#305,#306),.UNSPECIFIED.,.F.,.F.,
  (2,2),(1.55,10.95),.PIECEWISE_BEZIER_KNOTS.);
#305 = CARTESIAN_POINT('',(-26.55,25.,1.4));
#306 = CARTESIAN_POINT('',(-26.55,15.6,1.4));
#307 = ORIENTED_EDGE('',*,*,#308,.T.);
#308 = EDGE_CURVE('',#300,#309,#311,.T.);
#309 = VERTEX_POINT('',#310);
#310 = CARTESIAN_POINT('',(-25.,26.55,1.4));
#311 = ( BOUNDED_CURVE() B_SPLINE_CURVE(2,(#312,#313,#314),
.UNSPECIFIED.,.F.,.F.) B_SPLINE_CURVE_WITH_KNOTS((3,3),(4.712388980385,
6.28318530718),.PIECEWISE_BEZIER_KNOTS.) CURVE() 
GEOMETRIC_REPRESENTATION_ITEM() RATIONAL_B_SPLINE_CURVE((1.,
0.707106781187,1.)) REPRESENTATION_ITEM('') );
#312 = CARTESIAN_POINT('',(-26.55,25.,1.4));
#313 = CARTESIAN_POINT('',(-26.55,26.55,1.4));
#314 = CARTESIAN_POINT('',(-25.,26.55,1.4));
#315 = ORIENTED_EDGE('',*,*,#316,.T.);
#316 = EDGE_CURVE('',#309,#317,#319,.T.);
#317 = VERTEX_POINT('',#318);
#318 = CARTESIAN_POINT('',(-15.6,26.55,1.4));
#319 = B_SPLINE_CURVE_WITH_KNOTS('',1,(#320,#321),.UNSPECIFIED.,.F.,.F.,
  (2,2),(1.55,10.95),.PIECEWISE_BEZIER_KNOTS.);
#320 = CARTESIAN_POINT('',(-25.,26.55,1.4));
#321 = CARTESIAN_POINT('',(-15.6,26.55,1.4));
#322 = ORIENTED_EDGE('',*,*,#323,.F.);
#323 = EDGE_CURVE('',#278,#317,#324,.T.);
#324 = B_SPLINE_CURVE_WITH_KNOTS('',1,(#325,#326),.UNSPECIFIED.,.F.,.F.,
  (2,2),(-2.5E-02,2.5E-02),.PIECEWISE_BEZIER_KNOTS.);
#325 = CARTESIAN_POINT('',(-15.6,26.5,1.4));
#326 = CARTESIAN_POINT('',(-15.6,26.55,1.4));
#327 = ORIENTED_EDGE('',*,*,#284,.T.);
#328 = ORIENTED_EDGE('',*,*,#80,.T.);
#329 = ORIENTED_EDGE('',*,*,#330,.T.);
#330 = EDGE_CURVE('',#81,#199,#331,.T.);
#331 = B_SPLINE_CURVE_WITH_KNOTS('',1,(#332,#333),.UNSPECIFIED.,.F.,.F.,
  (2,2),(11.55,19.55),.PIECEWISE_BEZIER_KNOTS.);
#332 = CARTESIAN_POINT('',(-15.,26.55,1.4));
#333 = CARTESIAN_POINT('',(-7.,26.55,1.4));
#334 = ORIENTED_EDGE('',*,*,#205,.F.);
#335 = ORIENTED_EDGE('',*,*,#336,.T.);
#336 = EDGE_CURVE('',#206,#337,#339,.T.);
#337 = VERTEX_POINT('',#338);
#338 = CARTESIAN_POINT('',(-6.4,26.5,1.4));
#339 = B_SPLINE_CURVE_WITH_KNOTS('',1,(#340,#341),.UNSPECIFIED.,.F.,.F.,
  (2,2),(9.475,10.075),.PIECEWISE_BEZIER_KNOTS.);
#340 = CARTESIAN_POINT('',(-7.,26.5,1.4));
#341 = CARTESIAN_POINT('',(-6.4,26.5,1.4));
#342 = ORIENTED_EDGE('',*,*,#343,.T.);
#343 = EDGE_CURVE('',#337,#344,#346,.T.);
#344 = VERTEX_POINT('',#345);
#345 = CARTESIAN_POINT('',(-6.4,26.55,1.4));
#346 = B_SPLINE_CURVE_WITH_KNOTS('',1,(#347,#348),.UNSPECIFIED.,.F.,.F.,
  (2,2),(-2.5E-02,2.5E-02),.PIECEWISE_BEZIER_KNOTS.);
#347 = CARTESIAN_POINT('',(-6.4,26.5,1.4));
#348 = CARTESIAN_POINT('',(-6.4,26.55,1.4));
#349 = ORIENTED_EDGE('',*,*,#350,.T.);
#350 = EDGE_CURVE('',#344,#351,#353,.T.);
#351 = VERTEX_POINT('',#352);
#352 = CARTESIAN_POINT('',(6.4,26.55,1.4));
#353 = B_SPLINE_CURVE_WITH_KNOTS('',1,(#354,#355),.UNSPECIFIED.,.F.,.F.,
  (2,2),(20.15,32.95),.PIECEWISE_BEZIER_KNOTS.);
#354 = CARTESIAN_POINT('',(-6.4,26.55,1.4));
#355 = CARTESIAN_POINT('',(6.4,26.55,1.4));
#356 = ORIENTED_EDGE('',*,*,#357,.F.);
#357 = EDGE_CURVE('',#358,#351,#360,.T.);
#358 = VERTEX_POINT('',#359);
#359 = CARTESIAN_POINT('',(6.4,26.5,1.4));
#360 = B_SPLINE_CURVE_WITH_KNOTS('',1,(#361,#362),.UNSPECIFIED.,.F.,.F.,
  (2,2),(-2.5E-02,2.5E-02),.PIECEWISE_BEZIER_KNOTS.);
#361 = CARTESIAN_POINT('',(6.4,26.5,1.4));
#362 = CARTESIAN_POINT('',(6.4,26.55,1.4));
#363 = ORIENTED_EDGE('',*,*,#364,.T.);
#364 = EDGE_CURVE('',#358,#365,#367,.T.);
#365 = VERTEX_POINT('',#366);
#366 = CARTESIAN_POINT('',(7.,26.5,1.4));
#367 = B_SPLINE_CURVE_WITH_KNOTS('',1,(#368,#369),.UNSPECIFIED.,.F.,.F.,
  (2,2),(16.175,16.775),.PIECEWISE_BEZIER_KNOTS.);
#368 = CARTESIAN_POINT('',(6.4,26.5,1.4));
#369 = CARTESIAN_POINT('',(7.,26.5,1.4));
#370 = ORIENTED_EDGE('',*,*,#371,.T.);
#371 = EDGE_CURVE('',#365,#372,#374,.T.);
#372 = VERTEX_POINT('',#373);
#373 = CARTESIAN_POINT('',(7.,26.55,1.4));
#374 = B_SPLINE_CURVE_WITH_KNOTS('',1,(#375,#376),.UNSPECIFIED.,.F.,.F.,
  (2,2),(-2.5E-02,2.5E-02),.PIECEWISE_BEZIER_KNOTS.);
#375 = CARTESIAN_POINT('',(7.,26.5,1.4));
#376 = CARTESIAN_POINT('',(7.,26.55,1.4));
#377 = ORIENTED_EDGE('',*,*,#378,.T.);
#378 = EDGE_CURVE('',#372,#379,#381,.T.);
#379 = VERTEX_POINT('',#380);
#380 = CARTESIAN_POINT('',(15.,26.55,1.4));
#381 = B_SPLINE_CURVE_WITH_KNOTS('',1,(#382,#383),.UNSPECIFIED.,.F.,.F.,
  (2,2),(33.55,41.55),.PIECEWISE_BEZIER_KNOTS.);
#382 = CARTESIAN_POINT('',(7.,26.55,1.4));
#383 = CARTESIAN_POINT('',(15.,26.55,1.4));
#384 = ORIENTED_EDGE('',*,*,#385,.F.);
#385 = EDGE_CURVE('',#386,#379,#388,.T.);
#386 = VERTEX_POINT('',#387);
#387 = CARTESIAN_POINT('',(15.,26.5,1.4));
#388 = B_SPLINE_CURVE_WITH_KNOTS('',1,(#389,#390),.UNSPECIFIED.,.F.,.F.,
  (2,2),(-2.5E-02,2.5E-02),.PIECEWISE_BEZIER_KNOTS.);
#389 = CARTESIAN_POINT('',(15.,26.5,1.4));
#390 = CARTESIAN_POINT('',(15.,26.55,1.4));
#391 = ORIENTED_EDGE('',*,*,#392,.T.);
#392 = EDGE_CURVE('',#386,#393,#395,.T.);
#393 = VERTEX_POINT('',#394);
#394 = CARTESIAN_POINT('',(15.6,26.5,1.4));
#395 = B_SPLINE_CURVE_WITH_KNOTS('',1,(#396,#397),.UNSPECIFIED.,.F.,.F.,
  (2,2),(20.475,21.075),.PIECEWISE_BEZIER_KNOTS.);
#396 = CARTESIAN_POINT('',(15.,26.5,1.4));
#397 = CARTESIAN_POINT('',(15.6,26.5,1.4));
#398 = ORIENTED_EDGE('',*,*,#399,.T.);
#399 = EDGE_CURVE('',#393,#400,#402,.T.);
#400 = VERTEX_POINT('',#401);
#401 = CARTESIAN_POINT('',(15.6,26.55,1.4));
#402 = B_SPLINE_CURVE_WITH_KNOTS('',1,(#403,#404),.UNSPECIFIED.,.F.,.F.,
  (2,2),(-2.5E-02,2.5E-02),.PIECEWISE_BEZIER_KNOTS.);
#403 = CARTESIAN_POINT('',(15.6,26.5,1.4));
#404 = CARTESIAN_POINT('',(15.6,26.55,1.4));
#405 = ORIENTED_EDGE('',*,*,#406,.T.);
#406 = EDGE_CURVE('',#400,#407,#409,.T.);
#407 = VERTEX_POINT('',#408);
#408 = CARTESIAN_POINT('',(25.,26.55,1.4));
#409 = B_SPLINE_CURVE_WITH_KNOTS('',1,(#410,#411),.UNSPECIFIED.,.F.,.F.,
  (2,2),(42.15,51.55),.PIECEWISE_BEZIER_KNOTS.);
#410 = CARTESIAN_POINT('',(15.6,26.55,1.4));
#411 = CARTESIAN_POINT('',(25.,26.55,1.4));
#412 = ORIENTED_EDGE('',*,*,#413,.F.);
#413 = EDGE_CURVE('',#414,#407,#416,.T.);
#414 = VERTEX_POINT('',#415);
#415 = CARTESIAN_POINT('',(26.55,25.,1.4));
#416 = ( BOUNDED_CURVE() B_SPLINE_CURVE(2,(#417,#418,#419),
.UNSPECIFIED.,.F.,.F.) B_SPLINE_CURVE_WITH_KNOTS((3,3),(4.712388980385,
6.28318530718),.PIECEWISE_BEZIER_KNOTS.) CURVE() 
GEOMETRIC_REPRESENTATION_ITEM() RATIONAL_B_SPLINE_CURVE((1.,
0.707106781187,1.)) REPRESENTATION_ITEM('') );
#417 = CARTESIAN_POINT('',(26.55,25.,1.4));
#418 = CARTESIAN_POINT('',(26.55,26.55,1.4));
#419 = CARTESIAN_POINT('',(25.,26.55,1.4));
#420 = ORIENTED_EDGE('',*,*,#421,.T.);
#421 = EDGE_CURVE('',#414,#422,#424,.T.);
#422 = VERTEX_POINT('',#423);
#423 = CARTESIAN_POINT('',(26.55,15.6,1.4));
#424 = B_SPLINE_CURVE_WITH_KNOTS('',1,(#425,#426),.UNSPECIFIED.,.F.,.F.,
  (2,2),(1.55,10.95),.PIECEWISE_BEZIER_KNOTS.);
#425 = CARTESIAN_POINT('',(26.55,25.,1.4));
#426 = CARTESIAN_POINT('',(26.55,15.6,1.4));
#427 = ORIENTED_EDGE('',*,*,#428,.F.);
#428 = EDGE_CURVE('',#429,#422,#431,.T.);
#429 = VERTEX_POINT('',#430);
#430 = CARTESIAN_POINT('',(26.5,15.6,1.4));
#431 = B_SPLINE_CURVE_WITH_KNOTS('',1,(#432,#433),.UNSPECIFIED.,.F.,.F.,
  (2,2),(26.525,26.575),.PIECEWISE_BEZIER_KNOTS.);
#432 = CARTESIAN_POINT('',(26.5,15.6,1.4));
#433 = CARTESIAN_POINT('',(26.55,15.6,1.4));
#434 = ORIENTED_EDGE('',*,*,#435,.T.);
#435 = EDGE_CURVE('',#429,#436,#438,.T.);
#436 = VERTEX_POINT('',#437);
#437 = CARTESIAN_POINT('',(26.5,15.,1.4));
#438 = B_SPLINE_CURVE_WITH_KNOTS('',1,(#439,#440),.UNSPECIFIED.,.F.,.F.,
  (2,2),(5.175,5.775),.PIECEWISE_BEZIER_KNOTS.);
#439 = CARTESIAN_POINT('',(26.5,15.6,1.4));
#440 = CARTESIAN_POINT('',(26.5,15.,1.4));
#441 = ORIENTED_EDGE('',*,*,#442,.T.);
#442 = EDGE_CURVE('',#436,#443,#445,.T.);
#443 = VERTEX_POINT('',#444);
#444 = CARTESIAN_POINT('',(26.55,15.,1.4));
#445 = B_SPLINE_CURVE_WITH_KNOTS('',1,(#446,#447),.UNSPECIFIED.,.F.,.F.,
  (2,2),(26.525,26.575),.PIECEWISE_BEZIER_KNOTS.);
#446 = CARTESIAN_POINT('',(26.5,15.,1.4));
#447 = CARTESIAN_POINT('',(26.55,15.,1.4));
#448 = ORIENTED_EDGE('',*,*,#449,.T.);
#449 = EDGE_CURVE('',#443,#450,#452,.T.);
#450 = VERTEX_POINT('',#451);
#451 = CARTESIAN_POINT('',(26.55,7.,1.4));
#452 = B_SPLINE_CURVE_WITH_KNOTS('',1,(#453,#454),.UNSPECIFIED.,.F.,.F.,
  (2,2),(11.55,19.55),.PIECEWISE_BEZIER_KNOTS.);
#453 = CARTESIAN_POINT('',(26.55,15.,1.4));
#454 = CARTESIAN_POINT('',(26.55,7.,1.4));
#455 = ORIENTED_EDGE('',*,*,#456,.F.);
#456 = EDGE_CURVE('',#457,#450,#459,.T.);
#457 = VERTEX_POINT('',#458);
#458 = CARTESIAN_POINT('',(26.5,7.,1.4));
#459 = B_SPLINE_CURVE_WITH_KNOTS('',1,(#460,#461),.UNSPECIFIED.,.F.,.F.,
  (2,2),(26.525,26.575),.PIECEWISE_BEZIER_KNOTS.);
#460 = CARTESIAN_POINT('',(26.5,7.,1.4));
#461 = CARTESIAN_POINT('',(26.55,7.,1.4));
#462 = ORIENTED_EDGE('',*,*,#463,.T.);
#463 = EDGE_CURVE('',#457,#464,#466,.T.);
#464 = VERTEX_POINT('',#465);
#465 = CARTESIAN_POINT('',(26.5,6.4,1.4));
#466 = B_SPLINE_CURVE_WITH_KNOTS('',1,(#467,#468),.UNSPECIFIED.,.F.,.F.,
  (2,2),(9.475,10.075),.PIECEWISE_BEZIER_KNOTS.);
#467 = CARTESIAN_POINT('',(26.5,7.,1.4));
#468 = CARTESIAN_POINT('',(26.5,6.4,1.4));
#469 = ORIENTED_EDGE('',*,*,#470,.T.);
#470 = EDGE_CURVE('',#464,#471,#473,.T.);
#471 = VERTEX_POINT('',#472);
#472 = CARTESIAN_POINT('',(26.55,6.4,1.4));
#473 = B_SPLINE_CURVE_WITH_KNOTS('',1,(#474,#475),.UNSPECIFIED.,.F.,.F.,
  (2,2),(26.525,26.575),.PIECEWISE_BEZIER_KNOTS.);
#474 = CARTESIAN_POINT('',(26.5,6.4,1.4));
#475 = CARTESIAN_POINT('',(26.55,6.4,1.4));
#476 = ORIENTED_EDGE('',*,*,#477,.T.);
#477 = EDGE_CURVE('',#471,#478,#480,.T.);
#478 = VERTEX_POINT('',#479);
#479 = CARTESIAN_POINT('',(26.55,-6.4,1.4));
#480 = B_SPLINE_CURVE_WITH_KNOTS('',1,(#481,#482),.UNSPECIFIED.,.F.,.F.,
  (2,2),(20.15,32.95),.PIECEWISE_BEZIER_KNOTS.);
#481 = CARTESIAN_POINT('',(26.55,6.4,1.4));
#482 = CARTESIAN_POINT('',(26.55,-6.4,1.4));
#483 = ORIENTED_EDGE('',*,*,#484,.F.);
#484 = EDGE_CURVE('',#485,#478,#487,.T.);
#485 = VERTEX_POINT('',#486);
#486 = CARTESIAN_POINT('',(26.5,-6.4,1.4));
#487 = B_SPLINE_CURVE_WITH_KNOTS('',1,(#488,#489),.UNSPECIFIED.,.F.,.F.,
  (2,2),(26.525,26.575),.PIECEWISE_BEZIER_KNOTS.);
#488 = CARTESIAN_POINT('',(26.5,-6.4,1.4));
#489 = CARTESIAN_POINT('',(26.55,-6.4,1.4));
#490 = ORIENTED_EDGE('',*,*,#491,.T.);
#491 = EDGE_CURVE('',#485,#492,#494,.T.);
#492 = VERTEX_POINT('',#493);
#493 = CARTESIAN_POINT('',(26.5,-7.,1.4));
#494 = B_SPLINE_CURVE_WITH_KNOTS('',1,(#495,#496),.UNSPECIFIED.,.F.,.F.,
  (2,2),(16.175,16.775),.PIECEWISE_BEZIER_KNOTS.);
#495 = CARTESIAN_POINT('',(26.5,-6.4,1.4));
#496 = CARTESIAN_POINT('',(26.5,-7.,1.4));
#497 = ORIENTED_EDGE('',*,*,#498,.T.);
#498 = EDGE_CURVE('',#492,#499,#501,.T.);
#499 = VERTEX_POINT('',#500);
#500 = CARTESIAN_POINT('',(26.55,-7.,1.4));
#501 = B_SPLINE_CURVE_WITH_KNOTS('',1,(#502,#503),.UNSPECIFIED.,.F.,.F.,
  (2,2),(26.525,26.575),.PIECEWISE_BEZIER_KNOTS.);
#502 = CARTESIAN_POINT('',(26.5,-7.,1.4));
#503 = CARTESIAN_POINT('',(26.55,-7.,1.4));
#504 = ORIENTED_EDGE('',*,*,#505,.T.);
#505 = EDGE_CURVE('',#499,#506,#508,.T.);
#506 = VERTEX_POINT('',#507);
#507 = CARTESIAN_POINT('',(26.55,-15.,1.4));
#508 = B_SPLINE_CURVE_WITH_KNOTS('',1,(#509,#510),.UNSPECIFIED.,.F.,.F.,
  (2,2),(33.55,41.55),.PIECEWISE_BEZIER_KNOTS.);
#509 = CARTESIAN_POINT('',(26.55,-7.,1.4));
#510 = CARTESIAN_POINT('',(26.55,-15.,1.4));
#511 = ORIENTED_EDGE('',*,*,#512,.F.);
#512 = EDGE_CURVE('',#513,#506,#515,.T.);
#513 = VERTEX_POINT('',#514);
#514 = CARTESIAN_POINT('',(26.5,-15.,1.4));
#515 = B_SPLINE_CURVE_WITH_KNOTS('',1,(#516,#517),.UNSPECIFIED.,.F.,.F.,
  (2,2),(26.525,26.575),.PIECEWISE_BEZIER_KNOTS.);
#516 = CARTESIAN_POINT('',(26.5,-15.,1.4));
#517 = CARTESIAN_POINT('',(26.55,-15.,1.4));
#518 = ORIENTED_EDGE('',*,*,#519,.T.);
#519 = EDGE_CURVE('',#513,#520,#522,.T.);
#520 = VERTEX_POINT('',#521);
#521 = CARTESIAN_POINT('',(26.5,-15.6,1.4));
#522 = B_SPLINE_CURVE_WITH_KNOTS('',1,(#523,#524),.UNSPECIFIED.,.F.,.F.,
  (2,2),(20.475,21.075),.PIECEWISE_BEZIER_KNOTS.);
#523 = CARTESIAN_POINT('',(26.5,-15.,1.4));
#524 = CARTESIAN_POINT('',(26.5,-15.6,1.4));
#525 = ORIENTED_EDGE('',*,*,#526,.T.);
#526 = EDGE_CURVE('',#520,#527,#529,.T.);
#527 = VERTEX_POINT('',#528);
#528 = CARTESIAN_POINT('',(26.55,-15.6,1.4));
#529 = B_SPLINE_CURVE_WITH_KNOTS('',1,(#530,#531),.UNSPECIFIED.,.F.,.F.,
  (2,2),(26.525,26.575),.PIECEWISE_BEZIER_KNOTS.);
#530 = CARTESIAN_POINT('',(26.5,-15.6,1.4));
#531 = CARTESIAN_POINT('',(26.55,-15.6,1.4));
#532 = ORIENTED_EDGE('',*,*,#533,.T.);
#533 = EDGE_CURVE('',#527,#534,#536,.T.);
#534 = VERTEX_POINT('',#535);
#535 = CARTESIAN_POINT('',(26.55,-25.,1.4));
#536 = B_SPLINE_CURVE_WITH_KNOTS('',1,(#537,#538),.UNSPECIFIED.,.F.,.F.,
  (2,2),(42.15,51.55),.PIECEWISE_BEZIER_KNOTS.);
#537 = CARTESIAN_POINT('',(26.55,-15.6,1.4));
#538 = CARTESIAN_POINT('',(26.55,-25.,1.4));
#539 = ORIENTED_EDGE('',*,*,#540,.T.);
#540 = EDGE_CURVE('',#534,#541,#543,.T.);
#541 = VERTEX_POINT('',#542);
#542 = CARTESIAN_POINT('',(25.,-26.55,1.4));
#543 = ( BOUNDED_CURVE() B_SPLINE_CURVE(2,(#544,#545,#546),
.UNSPECIFIED.,.F.,.F.) B_SPLINE_CURVE_WITH_KNOTS((3,3),(1.570796326795,
3.14159265359),.PIECEWISE_BEZIER_KNOTS.) CURVE() 
GEOMETRIC_REPRESENTATION_ITEM() RATIONAL_B_SPLINE_CURVE((1.,
0.707106781187,1.)) REPRESENTATION_ITEM('') );
#544 = CARTESIAN_POINT('',(26.55,-25.,1.4));
#545 = CARTESIAN_POINT('',(26.55,-26.55,1.4));
#546 = CARTESIAN_POINT('',(25.,-26.55,1.4));
#547 = ORIENTED_EDGE('',*,*,#548,.F.);
#548 = EDGE_CURVE('',#549,#541,#551,.T.);
#549 = VERTEX_POINT('',#550);
#550 = CARTESIAN_POINT('',(15.6,-26.55,1.4));
#551 = B_SPLINE_CURVE_WITH_KNOTS('',1,(#552,#553),.UNSPECIFIED.,.F.,.F.,
  (2,2),(42.15,51.55),.PIECEWISE_BEZIER_KNOTS.);
#552 = CARTESIAN_POINT('',(15.6,-26.55,1.4));
#553 = CARTESIAN_POINT('',(25.,-26.55,1.4));
#554 = ORIENTED_EDGE('',*,*,#555,.F.);
#555 = EDGE_CURVE('',#556,#549,#558,.T.);
#556 = VERTEX_POINT('',#557);
#557 = CARTESIAN_POINT('',(15.6,-26.5,1.4));
#558 = B_SPLINE_CURVE_WITH_KNOTS('',1,(#559,#560),.UNSPECIFIED.,.F.,.F.,
  (2,2),(26.525,26.575),.PIECEWISE_BEZIER_KNOTS.);
#559 = CARTESIAN_POINT('',(15.6,-26.5,1.4));
#560 = CARTESIAN_POINT('',(15.6,-26.55,1.4));
#561 = ORIENTED_EDGE('',*,*,#562,.T.);
#562 = EDGE_CURVE('',#556,#563,#565,.T.);
#563 = VERTEX_POINT('',#564);
#564 = CARTESIAN_POINT('',(15.,-26.5,1.4));
#565 = B_SPLINE_CURVE_WITH_KNOTS('',1,(#566,#567),.UNSPECIFIED.,.F.,.F.,
  (2,2),(-21.375,-20.775),.PIECEWISE_BEZIER_KNOTS.);
#566 = CARTESIAN_POINT('',(15.6,-26.5,1.4));
#567 = CARTESIAN_POINT('',(15.,-26.5,1.4));
#568 = ORIENTED_EDGE('',*,*,#569,.T.);
#569 = EDGE_CURVE('',#563,#570,#572,.T.);
#570 = VERTEX_POINT('',#571);
#571 = CARTESIAN_POINT('',(15.,-26.55,1.4));
#572 = B_SPLINE_CURVE_WITH_KNOTS('',1,(#573,#574),.UNSPECIFIED.,.F.,.F.,
  (2,2),(26.525,26.575),.PIECEWISE_BEZIER_KNOTS.);
#573 = CARTESIAN_POINT('',(15.,-26.5,1.4));
#574 = CARTESIAN_POINT('',(15.,-26.55,1.4));
#575 = ORIENTED_EDGE('',*,*,#576,.F.);
#576 = EDGE_CURVE('',#577,#570,#579,.T.);
#577 = VERTEX_POINT('',#578);
#578 = CARTESIAN_POINT('',(7.,-26.55,1.4));
#579 = B_SPLINE_CURVE_WITH_KNOTS('',1,(#580,#581),.UNSPECIFIED.,.F.,.F.,
  (2,2),(33.55,41.55),.PIECEWISE_BEZIER_KNOTS.);
#580 = CARTESIAN_POINT('',(7.,-26.55,1.4));
#581 = CARTESIAN_POINT('',(15.,-26.55,1.4));
#582 = ORIENTED_EDGE('',*,*,#583,.F.);
#583 = EDGE_CURVE('',#584,#577,#586,.T.);
#584 = VERTEX_POINT('',#585);
#585 = CARTESIAN_POINT('',(7.,-26.5,1.4));
#586 = B_SPLINE_CURVE_WITH_KNOTS('',1,(#587,#588),.UNSPECIFIED.,.F.,.F.,
  (2,2),(26.525,26.575),.PIECEWISE_BEZIER_KNOTS.);
#587 = CARTESIAN_POINT('',(7.,-26.5,1.4));
#588 = CARTESIAN_POINT('',(7.,-26.55,1.4));
#589 = ORIENTED_EDGE('',*,*,#590,.T.);
#590 = EDGE_CURVE('',#584,#591,#593,.T.);
#591 = VERTEX_POINT('',#592);
#592 = CARTESIAN_POINT('',(6.4,-26.5,1.4));
#593 = B_SPLINE_CURVE_WITH_KNOTS('',1,(#594,#595),.UNSPECIFIED.,.F.,.F.,
  (2,2),(-17.075,-16.475),.PIECEWISE_BEZIER_KNOTS.);
#594 = CARTESIAN_POINT('',(7.,-26.5,1.4));
#595 = CARTESIAN_POINT('',(6.4,-26.5,1.4));
#596 = ORIENTED_EDGE('',*,*,#597,.T.);
#597 = EDGE_CURVE('',#591,#598,#600,.T.);
#598 = VERTEX_POINT('',#599);
#599 = CARTESIAN_POINT('',(6.4,-26.55,1.4));
#600 = B_SPLINE_CURVE_WITH_KNOTS('',1,(#601,#602),.UNSPECIFIED.,.F.,.F.,
  (2,2),(26.525,26.575),.PIECEWISE_BEZIER_KNOTS.);
#601 = CARTESIAN_POINT('',(6.4,-26.5,1.4));
#602 = CARTESIAN_POINT('',(6.4,-26.55,1.4));
#603 = ORIENTED_EDGE('',*,*,#604,.F.);
#604 = EDGE_CURVE('',#605,#598,#607,.T.);
#605 = VERTEX_POINT('',#606);
#606 = CARTESIAN_POINT('',(-6.4,-26.55,1.4));
#607 = B_SPLINE_CURVE_WITH_KNOTS('',1,(#608,#609),.UNSPECIFIED.,.F.,.F.,
  (2,2),(20.15,32.95),.PIECEWISE_BEZIER_KNOTS.);
#608 = CARTESIAN_POINT('',(-6.4,-26.55,1.4));
#609 = CARTESIAN_POINT('',(6.4,-26.55,1.4));
#610 = ORIENTED_EDGE('',*,*,#611,.F.);
#611 = EDGE_CURVE('',#612,#605,#614,.T.);
#612 = VERTEX_POINT('',#613);
#613 = CARTESIAN_POINT('',(-6.4,-26.5,1.4));
#614 = B_SPLINE_CURVE_WITH_KNOTS('',1,(#615,#616),.UNSPECIFIED.,.F.,.F.,
  (2,2),(26.525,26.575),.PIECEWISE_BEZIER_KNOTS.);
#615 = CARTESIAN_POINT('',(-6.4,-26.5,1.4));
#616 = CARTESIAN_POINT('',(-6.4,-26.55,1.4));
#617 = ORIENTED_EDGE('',*,*,#618,.T.);
#618 = EDGE_CURVE('',#612,#619,#621,.T.);
#619 = VERTEX_POINT('',#620);
#620 = CARTESIAN_POINT('',(-7.,-26.5,1.4));
#621 = B_SPLINE_CURVE_WITH_KNOTS('',1,(#622,#623),.UNSPECIFIED.,.F.,.F.,
  (2,2),(-10.375,-9.775),.PIECEWISE_BEZIER_KNOTS.);
#622 = CARTESIAN_POINT('',(-6.4,-26.5,1.4));
#623 = CARTESIAN_POINT('',(-7.,-26.5,1.4));
#624 = ORIENTED_EDGE('',*,*,#625,.T.);
#625 = EDGE_CURVE('',#619,#626,#628,.T.);
#626 = VERTEX_POINT('',#627);
#627 = CARTESIAN_POINT('',(-7.,-26.55,1.4));
#628 = B_SPLINE_CURVE_WITH_KNOTS('',1,(#629,#630),.UNSPECIFIED.,.F.,.F.,
  (2,2),(26.525,26.575),.PIECEWISE_BEZIER_KNOTS.);
#629 = CARTESIAN_POINT('',(-7.,-26.5,1.4));
#630 = CARTESIAN_POINT('',(-7.,-26.55,1.4));
#631 = ORIENTED_EDGE('',*,*,#632,.F.);
#632 = EDGE_CURVE('',#633,#626,#635,.T.);
#633 = VERTEX_POINT('',#634);
#634 = CARTESIAN_POINT('',(-15.,-26.55,1.4));
#635 = B_SPLINE_CURVE_WITH_KNOTS('',1,(#636,#637),.UNSPECIFIED.,.F.,.F.,
  (2,2),(11.55,19.55),.PIECEWISE_BEZIER_KNOTS.);
#636 = CARTESIAN_POINT('',(-15.,-26.55,1.4));
#637 = CARTESIAN_POINT('',(-7.,-26.55,1.4));
#638 = ORIENTED_EDGE('',*,*,#639,.F.);
#639 = EDGE_CURVE('',#640,#633,#642,.T.);
#640 = VERTEX_POINT('',#641);
#641 = CARTESIAN_POINT('',(-15.,-26.5,1.4));
#642 = B_SPLINE_CURVE_WITH_KNOTS('',1,(#643,#644),.UNSPECIFIED.,.F.,.F.,
  (2,2),(26.525,26.575),.PIECEWISE_BEZIER_KNOTS.);
#643 = CARTESIAN_POINT('',(-15.,-26.5,1.4));
#644 = CARTESIAN_POINT('',(-15.,-26.55,1.4));
#645 = ORIENTED_EDGE('',*,*,#646,.T.);
#646 = EDGE_CURVE('',#640,#647,#649,.T.);
#647 = VERTEX_POINT('',#648);
#648 = CARTESIAN_POINT('',(-15.6,-26.5,1.4));
#649 = B_SPLINE_CURVE_WITH_KNOTS('',1,(#650,#651),.UNSPECIFIED.,.F.,.F.,
  (2,2),(-6.075,-5.475),.PIECEWISE_BEZIER_KNOTS.);
#650 = CARTESIAN_POINT('',(-15.,-26.5,1.4));
#651 = CARTESIAN_POINT('',(-15.6,-26.5,1.4));
#652 = ORIENTED_EDGE('',*,*,#653,.T.);
#653 = EDGE_CURVE('',#647,#654,#656,.T.);
#654 = VERTEX_POINT('',#655);
#655 = CARTESIAN_POINT('',(-15.6,-26.55,1.4));
#656 = B_SPLINE_CURVE_WITH_KNOTS('',1,(#657,#658),.UNSPECIFIED.,.F.,.F.,
  (2,2),(26.525,26.575),.PIECEWISE_BEZIER_KNOTS.);
#657 = CARTESIAN_POINT('',(-15.6,-26.5,1.4));
#658 = CARTESIAN_POINT('',(-15.6,-26.55,1.4));
#659 = ORIENTED_EDGE('',*,*,#660,.F.);
#660 = EDGE_CURVE('',#661,#654,#663,.T.);
#661 = VERTEX_POINT('',#662);
#662 = CARTESIAN_POINT('',(-25.,-26.55,1.4));
#663 = B_SPLINE_CURVE_WITH_KNOTS('',1,(#664,#665),.UNSPECIFIED.,.F.,.F.,
  (2,2),(1.55,10.95),.PIECEWISE_BEZIER_KNOTS.);
#664 = CARTESIAN_POINT('',(-25.,-26.55,1.4));
#665 = CARTESIAN_POINT('',(-15.6,-26.55,1.4));
#666 = ORIENTED_EDGE('',*,*,#667,.F.);
#667 = EDGE_CURVE('',#668,#661,#670,.T.);
#668 = VERTEX_POINT('',#669);
#669 = CARTESIAN_POINT('',(-26.55,-25.,1.4));
#670 = ( BOUNDED_CURVE() B_SPLINE_CURVE(2,(#671,#672,#673),
.UNSPECIFIED.,.F.,.F.) B_SPLINE_CURVE_WITH_KNOTS((3,3),(1.570796326795,
3.14159265359),.PIECEWISE_BEZIER_KNOTS.) CURVE() 
GEOMETRIC_REPRESENTATION_ITEM() RATIONAL_B_SPLINE_CURVE((1.,
0.707106781187,1.)) REPRESENTATION_ITEM('') );
#671 = CARTESIAN_POINT('',(-26.55,-25.,1.4));
#672 = CARTESIAN_POINT('',(-26.55,-26.55,1.4));
#673 = CARTESIAN_POINT('',(-25.,-26.55,1.4));
#674 = ORIENTED_EDGE('',*,*,#675,.F.);
#675 = EDGE_CURVE('',#676,#668,#678,.T.);
#676 = VERTEX_POINT('',#677);
#677 = CARTESIAN_POINT('',(-26.55,-15.6,1.4));
#678 = B_SPLINE_CURVE_WITH_KNOTS('',1,(#679,#680),.UNSPECIFIED.,.F.,.F.,
  (2,2),(42.15,51.55),.PIECEWISE_BEZIER_KNOTS.);
#679 = CARTESIAN_POINT('',(-26.55,-15.6,1.4));
#680 = CARTESIAN_POINT('',(-26.55,-25.,1.4));
#681 = ORIENTED_EDGE('',*,*,#682,.F.);
#682 = EDGE_CURVE('',#683,#676,#685,.T.);
#683 = VERTEX_POINT('',#684);
#684 = CARTESIAN_POINT('',(-26.5,-15.6,1.4));
#685 = B_SPLINE_CURVE_WITH_KNOTS('',1,(#686,#687),.UNSPECIFIED.,.F.,.F.,
  (2,2),(-2.5E-02,2.5E-02),.PIECEWISE_BEZIER_KNOTS.);
#686 = CARTESIAN_POINT('',(-26.5,-15.6,1.4));
#687 = CARTESIAN_POINT('',(-26.55,-15.6,1.4));
#688 = ORIENTED_EDGE('',*,*,#689,.T.);
#689 = EDGE_CURVE('',#683,#690,#692,.T.);
#690 = VERTEX_POINT('',#691);
#691 = CARTESIAN_POINT('',(-26.5,-15.,1.4));
#692 = B_SPLINE_CURVE_WITH_KNOTS('',1,(#693,#694),.UNSPECIFIED.,.F.,.F.,
  (2,2),(-21.375,-20.775),.PIECEWISE_BEZIER_KNOTS.);
#693 = CARTESIAN_POINT('',(-26.5,-15.6,1.4));
#694 = CARTESIAN_POINT('',(-26.5,-15.,1.4));
#695 = ORIENTED_EDGE('',*,*,#696,.T.);
#696 = EDGE_CURVE('',#690,#697,#699,.T.);
#697 = VERTEX_POINT('',#698);
#698 = CARTESIAN_POINT('',(-26.55,-15.,1.4));
#699 = B_SPLINE_CURVE_WITH_KNOTS('',1,(#700,#701),.UNSPECIFIED.,.F.,.F.,
  (2,2),(-2.5E-02,2.5E-02),.PIECEWISE_BEZIER_KNOTS.);
#700 = CARTESIAN_POINT('',(-26.5,-15.,1.4));
#701 = CARTESIAN_POINT('',(-26.55,-15.,1.4));
#702 = ORIENTED_EDGE('',*,*,#703,.F.);
#703 = EDGE_CURVE('',#704,#697,#706,.T.);
#704 = VERTEX_POINT('',#705);
#705 = CARTESIAN_POINT('',(-26.55,-7.,1.4));
#706 = B_SPLINE_CURVE_WITH_KNOTS('',1,(#707,#708),.UNSPECIFIED.,.F.,.F.,
  (2,2),(33.55,41.55),.PIECEWISE_BEZIER_KNOTS.);
#707 = CARTESIAN_POINT('',(-26.55,-7.,1.4));
#708 = CARTESIAN_POINT('',(-26.55,-15.,1.4));
#709 = ORIENTED_EDGE('',*,*,#710,.F.);
#710 = EDGE_CURVE('',#711,#704,#713,.T.);
#711 = VERTEX_POINT('',#712);
#712 = CARTESIAN_POINT('',(-26.5,-7.,1.4));
#713 = B_SPLINE_CURVE_WITH_KNOTS('',1,(#714,#715),.UNSPECIFIED.,.F.,.F.,
  (2,2),(-2.5E-02,2.5E-02),.PIECEWISE_BEZIER_KNOTS.);
#714 = CARTESIAN_POINT('',(-26.5,-7.,1.4));
#715 = CARTESIAN_POINT('',(-26.55,-7.,1.4));
#716 = ORIENTED_EDGE('',*,*,#717,.T.);
#717 = EDGE_CURVE('',#711,#718,#720,.T.);
#718 = VERTEX_POINT('',#719);
#719 = CARTESIAN_POINT('',(-26.5,-6.4,1.4));
#720 = B_SPLINE_CURVE_WITH_KNOTS('',1,(#721,#722),.UNSPECIFIED.,.F.,.F.,
  (2,2),(-17.075,-16.475),.PIECEWISE_BEZIER_KNOTS.);
#721 = CARTESIAN_POINT('',(-26.5,-7.,1.4));
#722 = CARTESIAN_POINT('',(-26.5,-6.4,1.4));
#723 = ORIENTED_EDGE('',*,*,#724,.T.);
#724 = EDGE_CURVE('',#718,#725,#727,.T.);
#725 = VERTEX_POINT('',#726);
#726 = CARTESIAN_POINT('',(-26.55,-6.4,1.4));
#727 = B_SPLINE_CURVE_WITH_KNOTS('',1,(#728,#729),.UNSPECIFIED.,.F.,.F.,
  (2,2),(-2.5E-02,2.5E-02),.PIECEWISE_BEZIER_KNOTS.);
#728 = CARTESIAN_POINT('',(-26.5,-6.4,1.4));
#729 = CARTESIAN_POINT('',(-26.55,-6.4,1.4));
#730 = ORIENTED_EDGE('',*,*,#731,.F.);
#731 = EDGE_CURVE('',#732,#725,#734,.T.);
#732 = VERTEX_POINT('',#733);
#733 = CARTESIAN_POINT('',(-26.55,6.4,1.4));
#734 = B_SPLINE_CURVE_WITH_KNOTS('',1,(#735,#736),.UNSPECIFIED.,.F.,.F.,
  (2,2),(20.15,32.95),.PIECEWISE_BEZIER_KNOTS.);
#735 = CARTESIAN_POINT('',(-26.55,6.4,1.4));
#736 = CARTESIAN_POINT('',(-26.55,-6.4,1.4));
#737 = ORIENTED_EDGE('',*,*,#738,.F.);
#738 = EDGE_CURVE('',#739,#732,#741,.T.);
#739 = VERTEX_POINT('',#740);
#740 = CARTESIAN_POINT('',(-26.5,6.4,1.4));
#741 = B_SPLINE_CURVE_WITH_KNOTS('',1,(#742,#743),.UNSPECIFIED.,.F.,.F.,
  (2,2),(-2.5E-02,2.5E-02),.PIECEWISE_BEZIER_KNOTS.);
#742 = CARTESIAN_POINT('',(-26.5,6.4,1.4));
#743 = CARTESIAN_POINT('',(-26.55,6.4,1.4));
#744 = ORIENTED_EDGE('',*,*,#745,.T.);
#745 = EDGE_CURVE('',#739,#746,#748,.T.);
#746 = VERTEX_POINT('',#747);
#747 = CARTESIAN_POINT('',(-26.5,7.,1.4));
#748 = B_SPLINE_CURVE_WITH_KNOTS('',1,(#749,#750),.UNSPECIFIED.,.F.,.F.,
  (2,2),(-10.375,-9.775),.PIECEWISE_BEZIER_KNOTS.);
#749 = CARTESIAN_POINT('',(-26.5,6.4,1.4));
#750 = CARTESIAN_POINT('',(-26.5,7.,1.4));
#751 = ORIENTED_EDGE('',*,*,#752,.T.);
#752 = EDGE_CURVE('',#746,#753,#755,.T.);
#753 = VERTEX_POINT('',#754);
#754 = CARTESIAN_POINT('',(-26.55,7.,1.4));
#755 = B_SPLINE_CURVE_WITH_KNOTS('',1,(#756,#757),.UNSPECIFIED.,.F.,.F.,
  (2,2),(-2.5E-02,2.5E-02),.PIECEWISE_BEZIER_KNOTS.);
#756 = CARTESIAN_POINT('',(-26.5,7.,1.4));
#757 = CARTESIAN_POINT('',(-26.55,7.,1.4));
#758 = ORIENTED_EDGE('',*,*,#759,.F.);
#759 = EDGE_CURVE('',#760,#753,#762,.T.);
#760 = VERTEX_POINT('',#761);
#761 = CARTESIAN_POINT('',(-26.55,15.,1.4));
#762 = B_SPLINE_CURVE_WITH_KNOTS('',1,(#763,#764),.UNSPECIFIED.,.F.,.F.,
  (2,2),(11.55,19.55),.PIECEWISE_BEZIER_KNOTS.);
#763 = CARTESIAN_POINT('',(-26.55,15.,1.4));
#764 = CARTESIAN_POINT('',(-26.55,7.,1.4));
#765 = ORIENTED_EDGE('',*,*,#766,.F.);
#766 = EDGE_CURVE('',#767,#760,#769,.T.);
#767 = VERTEX_POINT('',#768);
#768 = CARTESIAN_POINT('',(-26.5,15.,1.4));
#769 = B_SPLINE_CURVE_WITH_KNOTS('',1,(#770,#771),.UNSPECIFIED.,.F.,.F.,
  (2,2),(-2.5E-02,2.5E-02),.PIECEWISE_BEZIER_KNOTS.);
#770 = CARTESIAN_POINT('',(-26.5,15.,1.4));
#771 = CARTESIAN_POINT('',(-26.55,15.,1.4));
#772 = ORIENTED_EDGE('',*,*,#773,.T.);
#773 = EDGE_CURVE('',#767,#774,#776,.T.);
#774 = VERTEX_POINT('',#775);
#775 = CARTESIAN_POINT('',(-26.5,15.6,1.4));
#776 = B_SPLINE_CURVE_WITH_KNOTS('',1,(#777,#778),.UNSPECIFIED.,.F.,.F.,
  (2,2),(-6.075,-5.475),.PIECEWISE_BEZIER_KNOTS.);
#777 = CARTESIAN_POINT('',(-26.5,15.,1.4));
#778 = CARTESIAN_POINT('',(-26.5,15.6,1.4));
#779 = ORIENTED_EDGE('',*,*,#780,.T.);
#780 = EDGE_CURVE('',#774,#302,#781,.T.);
#781 = B_SPLINE_CURVE_WITH_KNOTS('',1,(#782,#783),.UNSPECIFIED.,.F.,.F.,
  (2,2),(-2.5E-02,2.5E-02),.PIECEWISE_BEZIER_KNOTS.);
#782 = CARTESIAN_POINT('',(-26.5,15.6,1.4));
#783 = CARTESIAN_POINT('',(-26.55,15.6,1.4));
#784 = FACE_BOUND('',#785,.F.);
#785 = EDGE_LOOP('',(#786,#795,#802,#809));
#786 = ORIENTED_EDGE('',*,*,#787,.T.);
#787 = EDGE_CURVE('',#788,#790,#792,.T.);
#788 = VERTEX_POINT('',#789);
#789 = CARTESIAN_POINT('',(22.,22.,1.4));
#790 = VERTEX_POINT('',#791);
#791 = CARTESIAN_POINT('',(-22.,22.,1.4));
#792 = B_SPLINE_CURVE_WITH_KNOTS('',1,(#793,#794),.UNSPECIFIED.,.F.,.F.,
  (2,2),(-46.275,-2.275),.PIECEWISE_BEZIER_KNOTS.);
#793 = CARTESIAN_POINT('',(22.,22.,1.4));
#794 = CARTESIAN_POINT('',(-22.,22.,1.4));
#795 = ORIENTED_EDGE('',*,*,#796,.T.);
#796 = EDGE_CURVE('',#790,#797,#799,.T.);
#797 = VERTEX_POINT('',#798);
#798 = CARTESIAN_POINT('',(-22.,-22.,1.4));
#799 = B_SPLINE_CURVE_WITH_KNOTS('',1,(#800,#801),.UNSPECIFIED.,.F.,.F.,
  (2,2),(2.275,46.275),.PIECEWISE_BEZIER_KNOTS.);
#800 = CARTESIAN_POINT('',(-22.,22.,1.4));
#801 = CARTESIAN_POINT('',(-22.,-22.,1.4));
#802 = ORIENTED_EDGE('',*,*,#803,.F.);
#803 = EDGE_CURVE('',#804,#797,#806,.T.);
#804 = VERTEX_POINT('',#805);
#805 = CARTESIAN_POINT('',(22.,-22.,1.4));
#806 = B_SPLINE_CURVE_WITH_KNOTS('',1,(#807,#808),.UNSPECIFIED.,.F.,.F.,
  (2,2),(-46.275,-2.275),.PIECEWISE_BEZIER_KNOTS.);
#807 = CARTESIAN_POINT('',(22.,-22.,1.4));
#808 = CARTESIAN_POINT('',(-22.,-22.,1.4));
#809 = ORIENTED_EDGE('',*,*,#810,.F.);
#810 = EDGE_CURVE('',#788,#804,#811,.T.);
#811 = B_SPLINE_CURVE_WITH_KNOTS('',1,(#812,#813),.UNSPECIFIED.,.F.,.F.,
  (2,2),(2.275,46.275),.PIECEWISE_BEZIER_KNOTS.);
#812 = CARTESIAN_POINT('',(22.,22.,1.4));
#813 = CARTESIAN_POINT('',(22.,-22.,1.4));
#814 = B_SPLINE_SURFACE_WITH_KNOTS('',1,1,(
    (#815,#816)
    ,(#817,#818
    )),.UNSPECIFIED.,.F.,.F.,.F.,(2,2),(2,2),(0.,53.1),(0.,53.1),
  .PIECEWISE_BEZIER_KNOTS.);
#815 = CARTESIAN_POINT('',(-26.55,26.55,1.4));
#816 = CARTESIAN_POINT('',(-26.55,-26.55,1.4));
#817 = CARTESIAN_POINT('',(26.55,26.55,1.4));
#818 = CARTESIAN_POINT('',(26.55,-26.55,1.4));
#819 = ADVANCED_FACE('',(#820),#830,.T.);
#820 = FACE_BOUND('',#821,.T.);
#821 = EDGE_LOOP('',(#822,#823,#824,#825));
#822 = ORIENTED_EDGE('',*,*,#87,.T.);
#823 = ORIENTED_EDGE('',*,*,#330,.T.);
#824 = ORIENTED_EDGE('',*,*,#198,.F.);
#825 = ORIENTED_EDGE('',*,*,#826,.T.);
#826 = EDGE_CURVE('',#192,#88,#827,.T.);
#827 = B_SPLINE_CURVE_WITH_KNOTS('',1,(#828,#829),.UNSPECIFIED.,.F.,.F.,
  (2,2),(0.,8.),.PIECEWISE_BEZIER_KNOTS.);
#828 = CARTESIAN_POINT('',(-7.,26.55,8.4));
#829 = CARTESIAN_POINT('',(-15.,26.55,8.4));
#830 = B_SPLINE_SURFACE_WITH_KNOTS('',1,1,(
    (#831,#832)
    ,(#833,#834
    )),.UNSPECIFIED.,.F.,.F.,.F.,(2,2),(2,2),(1.5,8.5),(11.55,19.55),
  .PIECEWISE_BEZIER_KNOTS.);
#831 = CARTESIAN_POINT('',(-15.,26.55,8.4));
#832 = CARTESIAN_POINT('',(-7.,26.55,8.4));
#833 = CARTESIAN_POINT('',(-15.,26.55,1.4));
#834 = CARTESIAN_POINT('',(-7.,26.55,1.4));
#835 = ADVANCED_FACE('',(#836),#846,.T.);
#836 = FACE_BOUND('',#837,.T.);
#837 = EDGE_LOOP('',(#838,#843,#844,#845));
#838 = ORIENTED_EDGE('',*,*,#839,.T.);
#839 = EDGE_CURVE('',#185,#95,#840,.T.);
#840 = B_SPLINE_CURVE_WITH_KNOTS('',1,(#841,#842),.UNSPECIFIED.,.F.,.F.,
  (2,2),(0.,8.),.PIECEWISE_BEZIER_KNOTS.);
#841 = CARTESIAN_POINT('',(-7.,26.,8.4));
#842 = CARTESIAN_POINT('',(-15.,26.,8.4));
#843 = ORIENTED_EDGE('',*,*,#94,.T.);
#844 = ORIENTED_EDGE('',*,*,#826,.F.);
#845 = ORIENTED_EDGE('',*,*,#191,.F.);
#846 = B_SPLINE_SURFACE_WITH_KNOTS('',1,1,(
    (#847,#848)
    ,(#849,#850
    )),.UNSPECIFIED.,.F.,.F.,.F.,(2,2),(2,2),(0.,0.55),(-8.,0.),
  .PIECEWISE_BEZIER_KNOTS.);
#847 = CARTESIAN_POINT('',(-15.,26.,8.4));
#848 = CARTESIAN_POINT('',(-7.,26.,8.4));
#849 = CARTESIAN_POINT('',(-15.,26.55,8.4));
#850 = CARTESIAN_POINT('',(-7.,26.55,8.4));
#851 = ADVANCED_FACE('',(#852),#862,.T.);
#852 = FACE_BOUND('',#853,.T.);
#853 = EDGE_LOOP('',(#854,#859,#860,#861));
#854 = ORIENTED_EDGE('',*,*,#855,.T.);
#855 = EDGE_CURVE('',#178,#102,#856,.T.);
#856 = B_SPLINE_CURVE_WITH_KNOTS('',1,(#857,#858),.UNSPECIFIED.,.F.,.F.,
  (2,2),(0.,8.),.PIECEWISE_BEZIER_KNOTS.);
#857 = CARTESIAN_POINT('',(-7.,26.,8.8));
#858 = CARTESIAN_POINT('',(-15.,26.,8.8));
#859 = ORIENTED_EDGE('',*,*,#101,.T.);
#860 = ORIENTED_EDGE('',*,*,#839,.F.);
#861 = ORIENTED_EDGE('',*,*,#184,.F.);
#862 = B_SPLINE_SURFACE_WITH_KNOTS('',1,1,(
    (#863,#864)
    ,(#865,#866
    )),.UNSPECIFIED.,.F.,.F.,.F.,(2,2),(2,2),(0.,0.4),(-8.,0.),
  .PIECEWISE_BEZIER_KNOTS.);
#863 = CARTESIAN_POINT('',(-15.,26.,8.8));
#864 = CARTESIAN_POINT('',(-7.,26.,8.8));
#865 = CARTESIAN_POINT('',(-15.,26.,8.4));
#866 = CARTESIAN_POINT('',(-7.,26.,8.4));
#867 = ADVANCED_FACE('',(#868),#874,.T.);
#868 = FACE_BOUND('',#869,.T.);
#869 = EDGE_LOOP('',(#870,#871,#872,#873));
#870 = ORIENTED_EDGE('',*,*,#155,.F.);
#871 = ORIENTED_EDGE('',*,*,#108,.T.);
#872 = ORIENTED_EDGE('',*,*,#855,.F.);
#873 = ORIENTED_EDGE('',*,*,#177,.F.);
#874 = B_SPLINE_SURFACE_WITH_KNOTS('',1,1,(
    (#875,#876)
    ,(#877,#878
    )),.UNSPECIFIED.,.F.,.F.,.F.,(2,2),(2,2),(-1.162563288031E-15,
    0.813941029805),(-8.,0.),.PIECEWISE_BEZIER_KNOTS.);
#875 = CARTESIAN_POINT('',(-15.,26.55,9.4));
#876 = CARTESIAN_POINT('',(-7.,26.55,9.4));
#877 = CARTESIAN_POINT('',(-15.,26.,8.8));
#878 = CARTESIAN_POINT('',(-7.,26.,8.8));
#879 = ADVANCED_FACE('',(#880),#890,.T.);
#880 = FACE_BOUND('',#881,.T.);
#881 = EDGE_LOOP('',(#882,#883,#888,#889));
#882 = ORIENTED_EDGE('',*,*,#336,.T.);
#883 = ORIENTED_EDGE('',*,*,#884,.T.);
#884 = EDGE_CURVE('',#337,#235,#885,.T.);
#885 = B_SPLINE_CURVE_WITH_KNOTS('',1,(#886,#887),.UNSPECIFIED.,.F.,.F.,
  (2,2),(8.45,8.65),.PIECEWISE_BEZIER_KNOTS.);
#886 = CARTESIAN_POINT('',(-6.4,26.5,1.4));
#887 = CARTESIAN_POINT('',(-6.4,26.5,1.2));
#888 = ORIENTED_EDGE('',*,*,#234,.T.);
#889 = ORIENTED_EDGE('',*,*,#212,.F.);
#890 = B_SPLINE_SURFACE_WITH_KNOTS('',1,1,(
    (#891,#892)
    ,(#893,#894
    )),.UNSPECIFIED.,.F.,.F.,.F.,(2,2),(2,2),(8.45,8.65),(0.,0.6),
  .PIECEWISE_BEZIER_KNOTS.);
#891 = CARTESIAN_POINT('',(-6.4,26.5,1.4));
#892 = CARTESIAN_POINT('',(-7.,26.5,1.4));
#893 = CARTESIAN_POINT('',(-6.4,26.5,1.2));
#894 = CARTESIAN_POINT('',(-7.,26.5,1.2));
#895 = ADVANCED_FACE('',(#896),#927,.T.);
#896 = FACE_BOUND('',#897,.T.);
#897 = EDGE_LOOP('',(#898,#899,#900,#907,#914,#921,#926));
#898 = ORIENTED_EDGE('',*,*,#884,.F.);
#899 = ORIENTED_EDGE('',*,*,#343,.T.);
#900 = ORIENTED_EDGE('',*,*,#901,.F.);
#901 = EDGE_CURVE('',#902,#344,#904,.T.);
#902 = VERTEX_POINT('',#903);
#903 = CARTESIAN_POINT('',(-6.4,26.55,9.5));
#904 = B_SPLINE_CURVE_WITH_KNOTS('',1,(#905,#906),.UNSPECIFIED.,.F.,.F.,
  (2,2),(0.375,8.475),.PIECEWISE_BEZIER_KNOTS.);
#905 = CARTESIAN_POINT('',(-6.4,26.55,9.5));
#906 = CARTESIAN_POINT('',(-6.4,26.55,1.4));
#907 = ORIENTED_EDGE('',*,*,#908,.T.);
#908 = EDGE_CURVE('',#902,#909,#911,.T.);
#909 = VERTEX_POINT('',#910);
#910 = CARTESIAN_POINT('',(-6.4,26.849003322259,9.8));
#911 = B_SPLINE_CURVE_WITH_KNOTS('',1,(#912,#913),.UNSPECIFIED.,.F.,.F.,
  (2,2),(-0.106301180105,0.317258717338),.PIECEWISE_BEZIER_KNOTS.);
#912 = CARTESIAN_POINT('',(-6.4,26.55,9.5));
#913 = CARTESIAN_POINT('',(-6.4,26.849003322259,9.8));
#914 = ORIENTED_EDGE('',*,*,#915,.T.);
#915 = EDGE_CURVE('',#909,#916,#918,.T.);
#916 = VERTEX_POINT('',#917);
#917 = CARTESIAN_POINT('',(-6.4,28.15,9.8));
#918 = B_SPLINE_CURVE_WITH_KNOTS('',1,(#919,#920),.UNSPECIFIED.,.F.,.F.,
  (2,2),(-0.900996677741,0.4),.PIECEWISE_BEZIER_KNOTS.);
#919 = CARTESIAN_POINT('',(-6.4,26.849003322259,9.8));
#920 = CARTESIAN_POINT('',(-6.4,28.15,9.8));
#921 = ORIENTED_EDGE('',*,*,#922,.T.);
#922 = EDGE_CURVE('',#916,#242,#923,.T.);
#923 = B_SPLINE_CURVE_WITH_KNOTS('',1,(#924,#925),.UNSPECIFIED.,.F.,.F.,
  (2,2),(5.E-02,8.65),.PIECEWISE_BEZIER_KNOTS.);
#924 = CARTESIAN_POINT('',(-6.4,28.15,9.8));
#925 = CARTESIAN_POINT('',(-6.4,28.15,1.2));
#926 = ORIENTED_EDGE('',*,*,#241,.F.);
#927 = B_SPLINE_SURFACE_WITH_KNOTS('',1,1,(
    (#928,#929)
    ,(#930,#931
    )),.UNSPECIFIED.,.F.,.F.,.F.,(2,2),(2,2),(5.E-02,8.65),(-1.65,0.),
  .PIECEWISE_BEZIER_KNOTS.);
#928 = CARTESIAN_POINT('',(-6.4,28.15,9.8));
#929 = CARTESIAN_POINT('',(-6.4,26.5,9.8));
#930 = CARTESIAN_POINT('',(-6.4,28.15,1.2));
#931 = CARTESIAN_POINT('',(-6.4,26.5,1.2));
#932 = ADVANCED_FACE('',(#933),#949,.T.);
#933 = FACE_BOUND('',#934,.T.);
#934 = EDGE_LOOP('',(#935,#942,#947,#948));
#935 = ORIENTED_EDGE('',*,*,#936,.F.);
#936 = EDGE_CURVE('',#937,#916,#939,.T.);
#937 = VERTEX_POINT('',#938);
#938 = CARTESIAN_POINT('',(-15.6,28.15,9.8));
#939 = B_SPLINE_CURVE_WITH_KNOTS('',1,(#940,#941),.UNSPECIFIED.,.F.,.F.,
  (2,2),(6.4,15.6),.PIECEWISE_BEZIER_KNOTS.);
#940 = CARTESIAN_POINT('',(-15.6,28.15,9.8));
#941 = CARTESIAN_POINT('',(-6.4,28.15,9.8));
#942 = ORIENTED_EDGE('',*,*,#943,.T.);
#943 = EDGE_CURVE('',#937,#249,#944,.T.);
#944 = B_SPLINE_CURVE_WITH_KNOTS('',1,(#945,#946),.UNSPECIFIED.,.F.,.F.,
  (2,2),(5.E-02,8.65),.PIECEWISE_BEZIER_KNOTS.);
#945 = CARTESIAN_POINT('',(-15.6,28.15,9.8));
#946 = CARTESIAN_POINT('',(-15.6,28.15,1.2));
#947 = ORIENTED_EDGE('',*,*,#248,.F.);
#948 = ORIENTED_EDGE('',*,*,#922,.F.);
#949 = B_SPLINE_SURFACE_WITH_KNOTS('',1,1,(
    (#950,#951)
    ,(#952,#953
    )),.UNSPECIFIED.,.F.,.F.,.F.,(2,2),(2,2),(-4.3,4.3),(-4.6,4.6),
  .PIECEWISE_BEZIER_KNOTS.);
#950 = CARTESIAN_POINT('',(-15.6,28.15,9.8));
#951 = CARTESIAN_POINT('',(-6.4,28.15,9.8));
#952 = CARTESIAN_POINT('',(-15.6,28.15,1.2));
#953 = CARTESIAN_POINT('',(-6.4,28.15,1.2));
#954 = ADVANCED_FACE('',(#955),#980,.F.);
#955 = FACE_BOUND('',#956,.F.);
#956 = EDGE_LOOP('',(#957,#958,#959,#966,#973,#978,#979));
#957 = ORIENTED_EDGE('',*,*,#277,.F.);
#958 = ORIENTED_EDGE('',*,*,#323,.T.);
#959 = ORIENTED_EDGE('',*,*,#960,.F.);
#960 = EDGE_CURVE('',#961,#317,#963,.T.);
#961 = VERTEX_POINT('',#962);
#962 = CARTESIAN_POINT('',(-15.6,26.55,9.5));
#963 = B_SPLINE_CURVE_WITH_KNOTS('',1,(#964,#965),.UNSPECIFIED.,.F.,.F.,
  (2,2),(0.375,8.475),.PIECEWISE_BEZIER_KNOTS.);
#964 = CARTESIAN_POINT('',(-15.6,26.55,9.5));
#965 = CARTESIAN_POINT('',(-15.6,26.55,1.4));
#966 = ORIENTED_EDGE('',*,*,#967,.T.);
#967 = EDGE_CURVE('',#961,#968,#970,.T.);
#968 = VERTEX_POINT('',#969);
#969 = CARTESIAN_POINT('',(-15.6,26.849003322259,9.8));
#970 = B_SPLINE_CURVE_WITH_KNOTS('',1,(#971,#972),.UNSPECIFIED.,.F.,.F.,
  (2,2),(-0.106301180105,0.317258717338),.PIECEWISE_BEZIER_KNOTS.);
#971 = CARTESIAN_POINT('',(-15.6,26.55,9.5));
#972 = CARTESIAN_POINT('',(-15.6,26.849003322259,9.8));
#973 = ORIENTED_EDGE('',*,*,#974,.T.);
#974 = EDGE_CURVE('',#968,#937,#975,.T.);
#975 = B_SPLINE_CURVE_WITH_KNOTS('',1,(#976,#977),.UNSPECIFIED.,.F.,.F.,
  (2,2),(-0.900996677741,0.4),.PIECEWISE_BEZIER_KNOTS.);
#976 = CARTESIAN_POINT('',(-15.6,26.849003322259,9.8));
#977 = CARTESIAN_POINT('',(-15.6,28.15,9.8));
#978 = ORIENTED_EDGE('',*,*,#943,.T.);
#979 = ORIENTED_EDGE('',*,*,#255,.F.);
#980 = B_SPLINE_SURFACE_WITH_KNOTS('',1,1,(
    (#981,#982)
    ,(#983,#984
    )),.UNSPECIFIED.,.F.,.F.,.F.,(2,2),(2,2),(5.E-02,8.65),(-1.65,0.),
  .PIECEWISE_BEZIER_KNOTS.);
#981 = CARTESIAN_POINT('',(-15.6,28.15,9.8));
#982 = CARTESIAN_POINT('',(-15.6,26.5,9.8));
#983 = CARTESIAN_POINT('',(-15.6,28.15,1.2));
#984 = CARTESIAN_POINT('',(-15.6,26.5,1.2));
#985 = ADVANCED_FACE('',(#986,#1008),#1146,.T.);
#986 = FACE_BOUND('',#987,.T.);
#987 = EDGE_LOOP('',(#988,#989,#996,#1003));
#988 = ORIENTED_EDGE('',*,*,#299,.F.);
#989 = ORIENTED_EDGE('',*,*,#990,.F.);
#990 = EDGE_CURVE('',#991,#300,#993,.T.);
#991 = VERTEX_POINT('',#992);
#992 = CARTESIAN_POINT('',(-26.55,25.,9.5));
#993 = B_SPLINE_CURVE_WITH_KNOTS('',1,(#994,#995),.UNSPECIFIED.,.F.,.F.,
  (2,2),(0.4,8.5),.PIECEWISE_BEZIER_KNOTS.);
#994 = CARTESIAN_POINT('',(-26.55,25.,9.5));
#995 = CARTESIAN_POINT('',(-26.55,25.,1.4));
#996 = ORIENTED_EDGE('',*,*,#997,.T.);
#997 = EDGE_CURVE('',#991,#998,#1000,.T.);
#998 = VERTEX_POINT('',#999);
#999 = CARTESIAN_POINT('',(-26.55,15.6,9.5));
#1000 = B_SPLINE_CURVE_WITH_KNOTS('',1,(#1001,#1002),.UNSPECIFIED.,.F.,
  .F.,(2,2),(1.55,10.95),.PIECEWISE_BEZIER_KNOTS.);
#1001 = CARTESIAN_POINT('',(-26.55,25.,9.5));
#1002 = CARTESIAN_POINT('',(-26.55,15.6,9.5));
#1003 = ORIENTED_EDGE('',*,*,#1004,.T.);
#1004 = EDGE_CURVE('',#998,#302,#1005,.T.);
#1005 = B_SPLINE_CURVE_WITH_KNOTS('',1,(#1006,#1007),.UNSPECIFIED.,.F.,
  .F.,(2,2),(0.375,8.475),.PIECEWISE_BEZIER_KNOTS.);
#1006 = CARTESIAN_POINT('',(-26.55,15.6,9.5));
#1007 = CARTESIAN_POINT('',(-26.55,15.6,1.4));
#1008 = FACE_BOUND('',#1009,.T.);
#1009 = EDGE_LOOP('',(#1010,#1043,#1050,#1081,#1088,#1111,#1118,#1141));
#1010 = ORIENTED_EDGE('',*,*,#1011,.F.);
#1011 = EDGE_CURVE('',#1012,#1014,#1016,.T.);
#1012 = VERTEX_POINT('',#1013);
#1013 = CARTESIAN_POINT('',(-26.55,19.985365853659,7.6));
#1014 = VERTEX_POINT('',#1015);
#1015 = CARTESIAN_POINT('',(-26.55,19.571428571429,7.3));
#1016 = B_SPLINE_CURVE_WITH_KNOTS('',7,(#1017,#1018,#1019,#1020,#1021,
    #1022,#1023,#1024,#1025,#1026,#1027,#1028,#1029,#1030,#1031,#1032,
    #1033,#1034,#1035,#1036,#1037,#1038,#1039,#1040,#1041,#1042),
  .UNSPECIFIED.,.F.,.F.,(8,6,6,6,8),(0.,0.233264199251,0.431152745139,
    0.553555959979,1.),.UNSPECIFIED.);
#1017 = CARTESIAN_POINT('',(-26.55,19.985365853659,7.6));
#1018 = CARTESIAN_POINT('',(-26.55,19.959493585855,7.594508676493));
#1019 = CARTESIAN_POINT('',(-26.55,19.934170299396,7.588567444282));
#1020 = CARTESIAN_POINT('',(-26.55,19.909524184715,7.582142167328));
#1021 = CARTESIAN_POINT('',(-26.55,19.885698170268,7.575203358597));
#1022 = CARTESIAN_POINT('',(-26.55,19.862834210496,7.567735301671));
#1023 = CARTESIAN_POINT('',(-26.55,19.841057573788,7.559745172351));
#1024 = CARTESIAN_POINT('',(-26.55,19.802988238182,7.544084121775));
#1025 = CARTESIAN_POINT('',(-26.55,19.786358397381,7.53654599841));
#1026 = CARTESIAN_POINT('',(-26.55,19.770629210463,7.528680516788));
#1027 = CARTESIAN_POINT('',(-26.55,19.755819025062,7.520517722692));
#1028 = CARTESIAN_POINT('',(-26.55,19.741916254235,7.512092154146));
#1029 = CARTESIAN_POINT('',(-26.55,19.728888696666,7.50344001451));
#1030 = CARTESIAN_POINT('',(-26.55,19.709149166095,7.489126127435));
#1031 = CARTESIAN_POINT('',(-26.55,19.701922615284,7.483581822558));
#1032 = CARTESIAN_POINT('',(-26.55,19.695001873051,7.477970884208));
#1033 = CARTESIAN_POINT('',(-26.55,19.688374067486,7.472300292839));
#1034 = CARTESIAN_POINT('',(-26.55,19.682025378936,7.466576433819));
#1035 = CARTESIAN_POINT('',(-26.55,19.675941632794,7.46080497518));
#1036 = CARTESIAN_POINT('',(-26.55,19.648835004615,7.433784372175));
#1037 = CARTESIAN_POINT('',(-26.55,19.630925075205,7.41203389255));
#1038 = CARTESIAN_POINT('',(-26.55,19.615638410367,7.389931754814));
#1039 = CARTESIAN_POINT('',(-26.55,19.602404029985,7.367616725493));
#1040 = CARTESIAN_POINT('',(-26.55,19.590820677428,7.34517214481));
#1041 = CARTESIAN_POINT('',(-26.55,19.580575222611,7.322635651916));
#1042 = CARTESIAN_POINT('',(-26.55,19.571428571429,7.3));
#1043 = ORIENTED_EDGE('',*,*,#1044,.F.);
#1044 = EDGE_CURVE('',#1045,#1012,#1047,.T.);
#1045 = VERTEX_POINT('',#1046);
#1046 = CARTESIAN_POINT('',(-26.55,20.014634146341,7.6));
#1047 = B_SPLINE_CURVE_WITH_KNOTS('',1,(#1048,#1049),.UNSPECIFIED.,.F.,
  .F.,(2,2),(3.560365853659,3.589634146341),.PIECEWISE_BEZIER_KNOTS.);
#1048 = CARTESIAN_POINT('',(-26.55,20.014634146341,7.6));
#1049 = CARTESIAN_POINT('',(-26.55,19.985365853659,7.6));
#1050 = ORIENTED_EDGE('',*,*,#1051,.T.);
#1051 = EDGE_CURVE('',#1045,#1052,#1054,.T.);
#1052 = VERTEX_POINT('',#1053);
#1053 = CARTESIAN_POINT('',(-26.55,20.428571428571,7.3));
#1054 = B_SPLINE_CURVE_WITH_KNOTS('',7,(#1055,#1056,#1057,#1058,#1059,
    #1060,#1061,#1062,#1063,#1064,#1065,#1066,#1067,#1068,#1069,#1070,
    #1071,#1072,#1073,#1074,#1075,#1076,#1077,#1078,#1079,#1080),
  .UNSPECIFIED.,.F.,.F.,(8,6,6,6,8),(0.,0.233264199251,0.431152745139,
    0.553555959979,1.),.UNSPECIFIED.);
#1055 = CARTESIAN_POINT('',(-26.55,20.014634146342,7.6));
#1056 = CARTESIAN_POINT('',(-26.55,20.040506414145,7.594508676493));
#1057 = CARTESIAN_POINT('',(-26.55,20.065829700604,7.588567444282));
#1058 = CARTESIAN_POINT('',(-26.55,20.090475815285,7.582142167328));
#1059 = CARTESIAN_POINT('',(-26.55,20.114301829732,7.575203358597));
#1060 = CARTESIAN_POINT('',(-26.55,20.137165789504,7.567735301671));
#1061 = CARTESIAN_POINT('',(-26.55,20.158942426212,7.559745172351));
#1062 = CARTESIAN_POINT('',(-26.55,20.197011761818,7.544084121775));
#1063 = CARTESIAN_POINT('',(-26.55,20.213641602619,7.53654599841));
#1064 = CARTESIAN_POINT('',(-26.55,20.229370789537,7.528680516788));
#1065 = CARTESIAN_POINT('',(-26.55,20.244180974938,7.520517722692));
#1066 = CARTESIAN_POINT('',(-26.55,20.258083745765,7.512092154146));
#1067 = CARTESIAN_POINT('',(-26.55,20.271111303334,7.50344001451));
#1068 = CARTESIAN_POINT('',(-26.55,20.290850833905,7.489126127435));
#1069 = CARTESIAN_POINT('',(-26.55,20.298077384716,7.483581822558));
#1070 = CARTESIAN_POINT('',(-26.55,20.304998126949,7.477970884208));
#1071 = CARTESIAN_POINT('',(-26.55,20.311625932514,7.472300292839));
#1072 = CARTESIAN_POINT('',(-26.55,20.317974621064,7.466576433819));
#1073 = CARTESIAN_POINT('',(-26.55,20.324058367206,7.46080497518));
#1074 = CARTESIAN_POINT('',(-26.55,20.351164995385,7.433784372175));
#1075 = CARTESIAN_POINT('',(-26.55,20.369074924795,7.41203389255));
#1076 = CARTESIAN_POINT('',(-26.55,20.384361589633,7.389931754814));
#1077 = CARTESIAN_POINT('',(-26.55,20.397595970015,7.367616725493));
#1078 = CARTESIAN_POINT('',(-26.55,20.409179322572,7.34517214481));
#1079 = CARTESIAN_POINT('',(-26.55,20.419424777389,7.322635651916));
#1080 = CARTESIAN_POINT('',(-26.55,20.428571428571,7.3));
#1081 = ORIENTED_EDGE('',*,*,#1082,.T.);
#1082 = EDGE_CURVE('',#1052,#1083,#1085,.T.);
#1083 = VERTEX_POINT('',#1084);
#1084 = CARTESIAN_POINT('',(-26.55,20.428571428571,3.1));
#1085 = B_SPLINE_CURVE_WITH_KNOTS('',1,(#1086,#1087),.UNSPECIFIED.,.F.,
  .F.,(2,2),(-0.8,3.4),.PIECEWISE_BEZIER_KNOTS.);
#1086 = CARTESIAN_POINT('',(-26.55,20.428571428571,7.3));
#1087 = CARTESIAN_POINT('',(-26.55,20.428571428571,3.1));
#1088 = ORIENTED_EDGE('',*,*,#1089,.T.);
#1089 = EDGE_CURVE('',#1083,#1090,#1092,.T.);
#1090 = VERTEX_POINT('',#1091);
#1091 = CARTESIAN_POINT('',(-26.55,20.014634146341,2.8));
#1092 = B_SPLINE_CURVE_WITH_KNOTS('',5,(#1093,#1094,#1095,#1096,#1097,
    #1098,#1099,#1100,#1101,#1102,#1103,#1104,#1105,#1106,#1107,#1108,
    #1109,#1110),.UNSPECIFIED.,.F.,.F.,(6,4,4,4,6),(0.,0.422478695324,
    0.558618913458,0.766110610513,1.),.UNSPECIFIED.);
#1093 = CARTESIAN_POINT('',(-26.55,20.428571428571,3.1));
#1094 = CARTESIAN_POINT('',(-26.55,20.416454416583,3.07001345518));
#1095 = CARTESIAN_POINT('',(-26.55,20.40226877829,3.040204147333));
#1096 = CARTESIAN_POINT('',(-26.55,20.385299684562,3.010567918214));
#1097 = CARTESIAN_POINT('',(-26.55,20.364478764744,2.981327822231));
#1098 = CARTESIAN_POINT('',(-26.55,20.329045573279,2.943878160675));
#1099 = CARTESIAN_POINT('',(-26.55,20.319793334732,2.934850597985));
#1100 = CARTESIAN_POINT('',(-26.55,20.309858233266,2.92594291623));
#1101 = CARTESIAN_POINT('',(-26.55,20.299169345452,2.917184659945));
#1102 = CARTESIAN_POINT('',(-26.55,20.270140947178,2.895543037647));
#1103 = CARTESIAN_POINT('',(-26.55,20.250721001499,2.882898231449));
#1104 = CARTESIAN_POINT('',(-26.55,20.229223765779,2.870814787168));
#1105 = CARTESIAN_POINT('',(-26.55,20.205546440839,2.859446240425));
#1106 = CARTESIAN_POINT('',(-26.55,20.151036075667,2.836980792044));
#1107 = CARTESIAN_POINT('',(-26.55,20.11965688247,2.826094716748));
#1108 = CARTESIAN_POINT('',(-26.55,20.086109842233,2.816366349067));
#1109 = CARTESIAN_POINT('',(-26.55,20.050951349867,2.807708234738));
#1110 = CARTESIAN_POINT('',(-26.55,20.014634146341,2.8));
#1111 = ORIENTED_EDGE('',*,*,#1112,.T.);
#1112 = EDGE_CURVE('',#1090,#1113,#1115,.T.);
#1113 = VERTEX_POINT('',#1114);
#1114 = CARTESIAN_POINT('',(-26.55,19.985365853659,2.8));
#1115 = B_SPLINE_CURVE_WITH_KNOTS('',1,(#1116,#1117),.UNSPECIFIED.,.F.,
  .F.,(2,2),(3.560365853659,3.589634146341),.PIECEWISE_BEZIER_KNOTS.);
#1116 = CARTESIAN_POINT('',(-26.55,20.014634146341,2.8));
#1117 = CARTESIAN_POINT('',(-26.55,19.985365853659,2.8));
#1118 = ORIENTED_EDGE('',*,*,#1119,.F.);
#1119 = EDGE_CURVE('',#1120,#1113,#1122,.T.);
#1120 = VERTEX_POINT('',#1121);
#1121 = CARTESIAN_POINT('',(-26.55,19.571428571429,3.1));
#1122 = B_SPLINE_CURVE_WITH_KNOTS('',5,(#1123,#1124,#1125,#1126,#1127,
    #1128,#1129,#1130,#1131,#1132,#1133,#1134,#1135,#1136,#1137,#1138,
    #1139,#1140),.UNSPECIFIED.,.F.,.F.,(6,4,4,4,6),(0.,0.422478695324,
    0.558618913458,0.766110610513,1.),.UNSPECIFIED.);
#1123 = CARTESIAN_POINT('',(-26.55,19.571428571429,3.1));
#1124 = CARTESIAN_POINT('',(-26.55,19.583545583417,3.07001345518));
#1125 = CARTESIAN_POINT('',(-26.55,19.59773122171,3.040204147333));
#1126 = CARTESIAN_POINT('',(-26.55,19.614700315438,3.010567918214));
#1127 = CARTESIAN_POINT('',(-26.55,19.635521235256,2.981327822231));
#1128 = CARTESIAN_POINT('',(-26.55,19.670954426721,2.943878160675));
#1129 = CARTESIAN_POINT('',(-26.55,19.680206665268,2.934850597985));
#1130 = CARTESIAN_POINT('',(-26.55,19.690141766734,2.92594291623));
#1131 = CARTESIAN_POINT('',(-26.55,19.700830654548,2.917184659945));
#1132 = CARTESIAN_POINT('',(-26.55,19.729859052822,2.895543037647));
#1133 = CARTESIAN_POINT('',(-26.55,19.749278998501,2.882898231449));
#1134 = CARTESIAN_POINT('',(-26.55,19.770776234221,2.870814787168));
#1135 = CARTESIAN_POINT('',(-26.55,19.794453559161,2.859446240425));
#1136 = CARTESIAN_POINT('',(-26.55,19.848963924333,2.836980792044));
#1137 = CARTESIAN_POINT('',(-26.55,19.88034311753,2.826094716748));
#1138 = CARTESIAN_POINT('',(-26.55,19.913890157767,2.816366349067));
#1139 = CARTESIAN_POINT('',(-26.55,19.949048650133,2.807708234738));
#1140 = CARTESIAN_POINT('',(-26.55,19.985365853659,2.8));
#1141 = ORIENTED_EDGE('',*,*,#1142,.T.);
#1142 = EDGE_CURVE('',#1120,#1014,#1143,.T.);
#1143 = B_SPLINE_CURVE_WITH_KNOTS('',1,(#1144,#1145),.UNSPECIFIED.,.F.,
  .F.,(2,2),(-3.4,0.8),.PIECEWISE_BEZIER_KNOTS.);
#1144 = CARTESIAN_POINT('',(-26.55,19.571428571429,3.1));
#1145 = CARTESIAN_POINT('',(-26.55,19.571428571429,7.3));
#1146 = B_SPLINE_SURFACE_WITH_KNOTS('',1,1,(
    (#1147,#1148)
    ,(#1149,#1150
    )),.UNSPECIFIED.,.F.,.F.,.F.,(2,2),(2,2),(0.4,8.5),(-10.95,-1.55),
  .PIECEWISE_BEZIER_KNOTS.);
#1147 = CARTESIAN_POINT('',(-26.55,15.6,9.5));
#1148 = CARTESIAN_POINT('',(-26.55,25.,9.5));
#1149 = CARTESIAN_POINT('',(-26.55,15.6,1.4));
#1150 = CARTESIAN_POINT('',(-26.55,25.,1.4));
#1151 = ADVANCED_FACE('',(#1152),#1189,.T.);
#1152 = FACE_BOUND('',#1153,.T.);
#1153 = EDGE_LOOP('',(#1154,#1161,#1162,#1163,#1170,#1177,#1184));
#1154 = ORIENTED_EDGE('',*,*,#1155,.F.);
#1155 = EDGE_CURVE('',#774,#1156,#1158,.T.);
#1156 = VERTEX_POINT('',#1157);
#1157 = CARTESIAN_POINT('',(-26.5,15.6,1.2));
#1158 = B_SPLINE_CURVE_WITH_KNOTS('',1,(#1159,#1160),.UNSPECIFIED.,.F.,
  .F.,(2,2),(8.45,8.65),.PIECEWISE_BEZIER_KNOTS.);
#1159 = CARTESIAN_POINT('',(-26.5,15.6,1.4));
#1160 = CARTESIAN_POINT('',(-26.5,15.6,1.2));
#1161 = ORIENTED_EDGE('',*,*,#780,.T.);
#1162 = ORIENTED_EDGE('',*,*,#1004,.F.);
#1163 = ORIENTED_EDGE('',*,*,#1164,.T.);
#1164 = EDGE_CURVE('',#998,#1165,#1167,.T.);
#1165 = VERTEX_POINT('',#1166);
#1166 = CARTESIAN_POINT('',(-26.84900332225,15.6,9.8));
#1167 = B_SPLINE_CURVE_WITH_KNOTS('',1,(#1168,#1169),.UNSPECIFIED.,.F.,
  .F.,(2,2),(-0.106301180105,0.317258717338),.PIECEWISE_BEZIER_KNOTS.);
#1168 = CARTESIAN_POINT('',(-26.55,15.6,9.5));
#1169 = CARTESIAN_POINT('',(-26.84900332225,15.6,9.8));
#1170 = ORIENTED_EDGE('',*,*,#1171,.T.);
#1171 = EDGE_CURVE('',#1165,#1172,#1174,.T.);
#1172 = VERTEX_POINT('',#1173);
#1173 = CARTESIAN_POINT('',(-28.15,15.6,9.8));
#1174 = B_SPLINE_CURVE_WITH_KNOTS('',1,(#1175,#1176),.UNSPECIFIED.,.F.,
  .F.,(2,2),(-0.900996677741,0.4),.PIECEWISE_BEZIER_KNOTS.);
#1175 = CARTESIAN_POINT('',(-26.84900332225,15.6,9.8));
#1176 = CARTESIAN_POINT('',(-28.15,15.6,9.8));
#1177 = ORIENTED_EDGE('',*,*,#1178,.T.);
#1178 = EDGE_CURVE('',#1172,#1179,#1181,.T.);
#1179 = VERTEX_POINT('',#1180);
#1180 = CARTESIAN_POINT('',(-28.15,15.6,1.2));
#1181 = B_SPLINE_CURVE_WITH_KNOTS('',1,(#1182,#1183),.UNSPECIFIED.,.F.,
  .F.,(2,2),(5.E-02,8.65),.PIECEWISE_BEZIER_KNOTS.);
#1182 = CARTESIAN_POINT('',(-28.15,15.6,9.8));
#1183 = CARTESIAN_POINT('',(-28.15,15.6,1.2));
#1184 = ORIENTED_EDGE('',*,*,#1185,.F.);
#1185 = EDGE_CURVE('',#1156,#1179,#1186,.T.);
#1186 = B_SPLINE_CURVE_WITH_KNOTS('',1,(#1187,#1188),.UNSPECIFIED.,.F.,
  .F.,(2,2),(0.,1.65),.PIECEWISE_BEZIER_KNOTS.);
#1187 = CARTESIAN_POINT('',(-26.5,15.6,1.2));
#1188 = CARTESIAN_POINT('',(-28.15,15.6,1.2));
#1189 = B_SPLINE_SURFACE_WITH_KNOTS('',1,1,(
    (#1190,#1191)
    ,(#1192,#1193
  )),.UNSPECIFIED.,.F.,.F.,.F.,(2,2),(2,2),(5.E-02,8.65),(-1.65,0.),
  .PIECEWISE_BEZIER_KNOTS.);
#1190 = CARTESIAN_POINT('',(-28.15,15.6,9.8));
#1191 = CARTESIAN_POINT('',(-26.5,15.6,9.8));
#1192 = CARTESIAN_POINT('',(-28.15,15.6,1.2));
#1193 = CARTESIAN_POINT('',(-26.5,15.6,1.2));
#1194 = ADVANCED_FACE('',(#1195),#1211,.T.);
#1195 = FACE_BOUND('',#1196,.T.);
#1196 = EDGE_LOOP('',(#1197,#1198,#1199,#1206));
#1197 = ORIENTED_EDGE('',*,*,#773,.T.);
#1198 = ORIENTED_EDGE('',*,*,#1155,.T.);
#1199 = ORIENTED_EDGE('',*,*,#1200,.T.);
#1200 = EDGE_CURVE('',#1156,#1201,#1203,.T.);
#1201 = VERTEX_POINT('',#1202);
#1202 = CARTESIAN_POINT('',(-26.5,15.,1.2));
#1203 = B_SPLINE_CURVE_WITH_KNOTS('',1,(#1204,#1205),.UNSPECIFIED.,.F.,
  .F.,(2,2),(0.,0.6),.PIECEWISE_BEZIER_KNOTS.);
#1204 = CARTESIAN_POINT('',(-26.5,15.6,1.2));
#1205 = CARTESIAN_POINT('',(-26.5,15.,1.2));
#1206 = ORIENTED_EDGE('',*,*,#1207,.F.);
#1207 = EDGE_CURVE('',#767,#1201,#1208,.T.);
#1208 = B_SPLINE_CURVE_WITH_KNOTS('',1,(#1209,#1210),.UNSPECIFIED.,.F.,
  .F.,(2,2),(8.45,8.65),.PIECEWISE_BEZIER_KNOTS.);
#1209 = CARTESIAN_POINT('',(-26.5,15.,1.4));
#1210 = CARTESIAN_POINT('',(-26.5,15.,1.2));
#1211 = B_SPLINE_SURFACE_WITH_KNOTS('',1,1,(
    (#1212,#1213)
    ,(#1214,#1215
    )),.UNSPECIFIED.,.F.,.F.,.F.,(2,2),(2,2),(8.45,8.65),(0.,0.6),
  .PIECEWISE_BEZIER_KNOTS.);
#1212 = CARTESIAN_POINT('',(-26.5,15.6,1.4));
#1213 = CARTESIAN_POINT('',(-26.5,15.,1.4));
#1214 = CARTESIAN_POINT('',(-26.5,15.6,1.2));
#1215 = CARTESIAN_POINT('',(-26.5,15.,1.2));
#1216 = ADVANCED_FACE('',(#1217),#1276,.T.);
#1217 = FACE_BOUND('',#1218,.T.);
#1218 = EDGE_LOOP('',(#1219,#1228,#1235,#1242,#1249,#1256,#1261,#1262,
    #1263,#1270));
#1219 = ORIENTED_EDGE('',*,*,#1220,.F.);
#1220 = EDGE_CURVE('',#1221,#1223,#1225,.T.);
#1221 = VERTEX_POINT('',#1222);
#1222 = CARTESIAN_POINT('',(-27.55,15.,9.4));
#1223 = VERTEX_POINT('',#1224);
#1224 = CARTESIAN_POINT('',(-27.55,15.,1.5));
#1225 = B_SPLINE_CURVE_WITH_KNOTS('',1,(#1226,#1227),.UNSPECIFIED.,.F.,
  .F.,(2,2),(0.,7.9),.PIECEWISE_BEZIER_KNOTS.);
#1226 = CARTESIAN_POINT('',(-27.55,15.,9.4));
#1227 = CARTESIAN_POINT('',(-27.55,15.,1.5));
#1228 = ORIENTED_EDGE('',*,*,#1229,.F.);
#1229 = EDGE_CURVE('',#1230,#1221,#1232,.T.);
#1230 = VERTEX_POINT('',#1231);
#1231 = CARTESIAN_POINT('',(-26.55,15.,9.4));
#1232 = B_SPLINE_CURVE_WITH_KNOTS('',1,(#1233,#1234),.UNSPECIFIED.,.F.,
  .F.,(2,2),(5.E-02,1.05),.PIECEWISE_BEZIER_KNOTS.);
#1233 = CARTESIAN_POINT('',(-26.55,15.,9.4));
#1234 = CARTESIAN_POINT('',(-27.55,15.,9.4));
#1235 = ORIENTED_EDGE('',*,*,#1236,.T.);
#1236 = EDGE_CURVE('',#1230,#1237,#1239,.T.);
#1237 = VERTEX_POINT('',#1238);
#1238 = CARTESIAN_POINT('',(-26.,15.,8.8));
#1239 = B_SPLINE_CURVE_WITH_KNOTS('',1,(#1240,#1241),.UNSPECIFIED.,.F.,
  .F.,(2,2),(0.,0.813941029805),.PIECEWISE_BEZIER_KNOTS.);
#1240 = CARTESIAN_POINT('',(-26.55,15.,9.4));
#1241 = CARTESIAN_POINT('',(-26.,15.,8.8));
#1242 = ORIENTED_EDGE('',*,*,#1243,.T.);
#1243 = EDGE_CURVE('',#1237,#1244,#1246,.T.);
#1244 = VERTEX_POINT('',#1245);
#1245 = CARTESIAN_POINT('',(-26.,15.,8.4));
#1246 = B_SPLINE_CURVE_WITH_KNOTS('',1,(#1247,#1248),.UNSPECIFIED.,.F.,
  .F.,(2,2),(0.,0.4),.PIECEWISE_BEZIER_KNOTS.);
#1247 = CARTESIAN_POINT('',(-26.,15.,8.8));
#1248 = CARTESIAN_POINT('',(-26.,15.,8.4));
#1249 = ORIENTED_EDGE('',*,*,#1250,.T.);
#1250 = EDGE_CURVE('',#1244,#1251,#1253,.T.);
#1251 = VERTEX_POINT('',#1252);
#1252 = CARTESIAN_POINT('',(-26.55,15.,8.4));
#1253 = B_SPLINE_CURVE_WITH_KNOTS('',1,(#1254,#1255),.UNSPECIFIED.,.F.,
  .F.,(2,2),(0.,0.55),.PIECEWISE_BEZIER_KNOTS.);
#1254 = CARTESIAN_POINT('',(-26.,15.,8.4));
#1255 = CARTESIAN_POINT('',(-26.55,15.,8.4));
#1256 = ORIENTED_EDGE('',*,*,#1257,.T.);
#1257 = EDGE_CURVE('',#1251,#760,#1258,.T.);
#1258 = B_SPLINE_CURVE_WITH_KNOTS('',1,(#1259,#1260),.UNSPECIFIED.,.F.,
  .F.,(2,2),(1.475,8.475),.PIECEWISE_BEZIER_KNOTS.);
#1259 = CARTESIAN_POINT('',(-26.55,15.,8.4));
#1260 = CARTESIAN_POINT('',(-26.55,15.,1.4));
#1261 = ORIENTED_EDGE('',*,*,#766,.F.);
#1262 = ORIENTED_EDGE('',*,*,#1207,.T.);
#1263 = ORIENTED_EDGE('',*,*,#1264,.T.);
#1264 = EDGE_CURVE('',#1201,#1265,#1267,.T.);
#1265 = VERTEX_POINT('',#1266);
#1266 = CARTESIAN_POINT('',(-27.85,15.,1.2));
#1267 = B_SPLINE_CURVE_WITH_KNOTS('',1,(#1268,#1269),.UNSPECIFIED.,.F.,
  .F.,(2,2),(-0.575735294118,0.774264705882),.PIECEWISE_BEZIER_KNOTS.);
#1268 = CARTESIAN_POINT('',(-26.5,15.,1.2));
#1269 = CARTESIAN_POINT('',(-27.85,15.,1.2));
#1270 = ORIENTED_EDGE('',*,*,#1271,.F.);
#1271 = EDGE_CURVE('',#1223,#1265,#1272,.T.);
#1272 = ( BOUNDED_CURVE() B_SPLINE_CURVE(2,(#1273,#1274,#1275),
.UNSPECIFIED.,.F.,.F.) B_SPLINE_CURVE_WITH_KNOTS((3,3),(3.14159265359,
4.712388980385),.PIECEWISE_BEZIER_KNOTS.) CURVE() 
GEOMETRIC_REPRESENTATION_ITEM() RATIONAL_B_SPLINE_CURVE((1.,
0.707106781187,1.)) REPRESENTATION_ITEM('') );
#1273 = CARTESIAN_POINT('',(-27.55,15.,1.5));
#1274 = CARTESIAN_POINT('',(-27.55,15.,1.2));
#1275 = CARTESIAN_POINT('',(-27.85,15.,1.2));
#1276 = B_SPLINE_SURFACE_WITH_KNOTS('',1,1,(
    (#1277,#1278)
    ,(#1279,#1280
    )),.UNSPECIFIED.,.F.,.F.,.F.,(2,2),(2,2),(-4.110933722237,
    4.089066277763),(-0.835924725414,1.014075274586),
  .PIECEWISE_BEZIER_KNOTS.);
#1277 = CARTESIAN_POINT('',(-27.85,15.,1.2));
#1278 = CARTESIAN_POINT('',(-26.,15.,1.2));
#1279 = CARTESIAN_POINT('',(-27.85,15.,9.4));
#1280 = CARTESIAN_POINT('',(-26.,15.,9.4));
#1281 = ADVANCED_FACE('',(#1282),#1298,.T.);
#1282 = FACE_BOUND('',#1283,.T.);
#1283 = EDGE_LOOP('',(#1284,#1285,#1286,#1293));
#1284 = ORIENTED_EDGE('',*,*,#759,.F.);
#1285 = ORIENTED_EDGE('',*,*,#1257,.F.);
#1286 = ORIENTED_EDGE('',*,*,#1287,.T.);
#1287 = EDGE_CURVE('',#1251,#1288,#1290,.T.);
#1288 = VERTEX_POINT('',#1289);
#1289 = CARTESIAN_POINT('',(-26.55,7.,8.4));
#1290 = B_SPLINE_CURVE_WITH_KNOTS('',1,(#1291,#1292),.UNSPECIFIED.,.F.,
  .F.,(2,2),(0.,8.),.PIECEWISE_BEZIER_KNOTS.);
#1291 = CARTESIAN_POINT('',(-26.55,15.,8.4));
#1292 = CARTESIAN_POINT('',(-26.55,7.,8.4));
#1293 = ORIENTED_EDGE('',*,*,#1294,.T.);
#1294 = EDGE_CURVE('',#1288,#753,#1295,.T.);
#1295 = B_SPLINE_CURVE_WITH_KNOTS('',1,(#1296,#1297),.UNSPECIFIED.,.F.,
  .F.,(2,2),(1.475,8.475),.PIECEWISE_BEZIER_KNOTS.);
#1296 = CARTESIAN_POINT('',(-26.55,7.,8.4));
#1297 = CARTESIAN_POINT('',(-26.55,7.,1.4));
#1298 = B_SPLINE_SURFACE_WITH_KNOTS('',1,1,(
    (#1299,#1300)
    ,(#1301,#1302
    )),.UNSPECIFIED.,.F.,.F.,.F.,(2,2),(2,2),(1.5,8.5),(-19.55,-11.55),
  .PIECEWISE_BEZIER_KNOTS.);
#1299 = CARTESIAN_POINT('',(-26.55,7.,8.4));
#1300 = CARTESIAN_POINT('',(-26.55,15.,8.4));
#1301 = CARTESIAN_POINT('',(-26.55,7.,1.4));
#1302 = CARTESIAN_POINT('',(-26.55,15.,1.4));
#1303 = ADVANCED_FACE('',(#1304),#1363,.T.);
#1304 = FACE_BOUND('',#1305,.T.);
#1305 = EDGE_LOOP('',(#1306,#1315,#1323,#1330,#1335,#1336,#1337,#1344,
    #1351,#1358));
#1306 = ORIENTED_EDGE('',*,*,#1307,.T.);
#1307 = EDGE_CURVE('',#1308,#1310,#1312,.T.);
#1308 = VERTEX_POINT('',#1309);
#1309 = CARTESIAN_POINT('',(-27.55,7.,9.4));
#1310 = VERTEX_POINT('',#1311);
#1311 = CARTESIAN_POINT('',(-27.55,7.,1.5));
#1312 = B_SPLINE_CURVE_WITH_KNOTS('',1,(#1313,#1314),.UNSPECIFIED.,.F.,
  .F.,(2,2),(0.,7.9),.PIECEWISE_BEZIER_KNOTS.);
#1313 = CARTESIAN_POINT('',(-27.55,7.,9.4));
#1314 = CARTESIAN_POINT('',(-27.55,7.,1.5));
#1315 = ORIENTED_EDGE('',*,*,#1316,.T.);
#1316 = EDGE_CURVE('',#1310,#1317,#1319,.T.);
#1317 = VERTEX_POINT('',#1318);
#1318 = CARTESIAN_POINT('',(-27.85,7.,1.2));
#1319 = ( BOUNDED_CURVE() B_SPLINE_CURVE(2,(#1320,#1321,#1322),
.UNSPECIFIED.,.F.,.F.) B_SPLINE_CURVE_WITH_KNOTS((3,3),(3.14159265359,
4.712388980385),.PIECEWISE_BEZIER_KNOTS.) CURVE() 
GEOMETRIC_REPRESENTATION_ITEM() RATIONAL_B_SPLINE_CURVE((1.,
0.707106781187,1.)) REPRESENTATION_ITEM('') );
#1320 = CARTESIAN_POINT('',(-27.55,7.,1.5));
#1321 = CARTESIAN_POINT('',(-27.55,7.,1.2));
#1322 = CARTESIAN_POINT('',(-27.85,7.,1.2));
#1323 = ORIENTED_EDGE('',*,*,#1324,.F.);
#1324 = EDGE_CURVE('',#1325,#1317,#1327,.T.);
#1325 = VERTEX_POINT('',#1326);
#1326 = CARTESIAN_POINT('',(-26.5,7.,1.2));
#1327 = B_SPLINE_CURVE_WITH_KNOTS('',1,(#1328,#1329),.UNSPECIFIED.,.F.,
  .F.,(2,2),(0.,1.35),.PIECEWISE_BEZIER_KNOTS.);
#1328 = CARTESIAN_POINT('',(-26.5,7.,1.2));
#1329 = CARTESIAN_POINT('',(-27.85,7.,1.2));
#1330 = ORIENTED_EDGE('',*,*,#1331,.F.);
#1331 = EDGE_CURVE('',#746,#1325,#1332,.T.);
#1332 = B_SPLINE_CURVE_WITH_KNOTS('',1,(#1333,#1334),.UNSPECIFIED.,.F.,
  .F.,(2,2),(8.45,8.65),.PIECEWISE_BEZIER_KNOTS.);
#1333 = CARTESIAN_POINT('',(-26.5,7.,1.4));
#1334 = CARTESIAN_POINT('',(-26.5,7.,1.2));
#1335 = ORIENTED_EDGE('',*,*,#752,.T.);
#1336 = ORIENTED_EDGE('',*,*,#1294,.F.);
#1337 = ORIENTED_EDGE('',*,*,#1338,.F.);
#1338 = EDGE_CURVE('',#1339,#1288,#1341,.T.);
#1339 = VERTEX_POINT('',#1340);
#1340 = CARTESIAN_POINT('',(-26.,7.,8.4));
#1341 = B_SPLINE_CURVE_WITH_KNOTS('',1,(#1342,#1343),.UNSPECIFIED.,.F.,
  .F.,(2,2),(0.,0.55),.PIECEWISE_BEZIER_KNOTS.);
#1342 = CARTESIAN_POINT('',(-26.,7.,8.4));
#1343 = CARTESIAN_POINT('',(-26.55,7.,8.4));
#1344 = ORIENTED_EDGE('',*,*,#1345,.F.);
#1345 = EDGE_CURVE('',#1346,#1339,#1348,.T.);
#1346 = VERTEX_POINT('',#1347);
#1347 = CARTESIAN_POINT('',(-26.,7.,8.8));
#1348 = B_SPLINE_CURVE_WITH_KNOTS('',1,(#1349,#1350),.UNSPECIFIED.,.F.,
  .F.,(2,2),(0.,0.4),.PIECEWISE_BEZIER_KNOTS.);
#1349 = CARTESIAN_POINT('',(-26.,7.,8.8));
#1350 = CARTESIAN_POINT('',(-26.,7.,8.4));
#1351 = ORIENTED_EDGE('',*,*,#1352,.F.);
#1352 = EDGE_CURVE('',#1353,#1346,#1355,.T.);
#1353 = VERTEX_POINT('',#1354);
#1354 = CARTESIAN_POINT('',(-26.55,7.,9.4));
#1355 = B_SPLINE_CURVE_WITH_KNOTS('',1,(#1356,#1357),.UNSPECIFIED.,.F.,
  .F.,(2,2),(0.,0.813941029805),.PIECEWISE_BEZIER_KNOTS.);
#1356 = CARTESIAN_POINT('',(-26.55,7.,9.4));
#1357 = CARTESIAN_POINT('',(-26.,7.,8.8));
#1358 = ORIENTED_EDGE('',*,*,#1359,.T.);
#1359 = EDGE_CURVE('',#1353,#1308,#1360,.T.);
#1360 = B_SPLINE_CURVE_WITH_KNOTS('',1,(#1361,#1362),.UNSPECIFIED.,.F.,
  .F.,(2,2),(5.E-02,1.05),.PIECEWISE_BEZIER_KNOTS.);
#1361 = CARTESIAN_POINT('',(-26.55,7.,9.4));
#1362 = CARTESIAN_POINT('',(-27.55,7.,9.4));
#1363 = B_SPLINE_SURFACE_WITH_KNOTS('',1,1,(
    (#1364,#1365)
    ,(#1366,#1367
    )),.UNSPECIFIED.,.F.,.F.,.F.,(2,2),(2,2),(-0.835924725414,
    1.014075274586),(-4.110933722237,4.089066277763),
  .PIECEWISE_BEZIER_KNOTS.);
#1364 = CARTESIAN_POINT('',(-27.85,7.,1.2));
#1365 = CARTESIAN_POINT('',(-27.85,7.,9.4));
#1366 = CARTESIAN_POINT('',(-26.,7.,1.2));
#1367 = CARTESIAN_POINT('',(-26.,7.,9.4));
#1368 = ADVANCED_FACE('',(#1369),#1385,.T.);
#1369 = FACE_BOUND('',#1370,.T.);
#1370 = EDGE_LOOP('',(#1371,#1378,#1379,#1380));
#1371 = ORIENTED_EDGE('',*,*,#1372,.F.);
#1372 = EDGE_CURVE('',#739,#1373,#1375,.T.);
#1373 = VERTEX_POINT('',#1374);
#1374 = CARTESIAN_POINT('',(-26.5,6.4,1.2));
#1375 = B_SPLINE_CURVE_WITH_KNOTS('',1,(#1376,#1377),.UNSPECIFIED.,.F.,
  .F.,(2,2),(8.45,8.65),.PIECEWISE_BEZIER_KNOTS.);
#1376 = CARTESIAN_POINT('',(-26.5,6.4,1.4));
#1377 = CARTESIAN_POINT('',(-26.5,6.4,1.2));
#1378 = ORIENTED_EDGE('',*,*,#745,.T.);
#1379 = ORIENTED_EDGE('',*,*,#1331,.T.);
#1380 = ORIENTED_EDGE('',*,*,#1381,.T.);
#1381 = EDGE_CURVE('',#1325,#1373,#1382,.T.);
#1382 = B_SPLINE_CURVE_WITH_KNOTS('',1,(#1383,#1384),.UNSPECIFIED.,.F.,
  .F.,(2,2),(0.,0.6),.PIECEWISE_BEZIER_KNOTS.);
#1383 = CARTESIAN_POINT('',(-26.5,7.,1.2));
#1384 = CARTESIAN_POINT('',(-26.5,6.4,1.2));
#1385 = B_SPLINE_SURFACE_WITH_KNOTS('',1,1,(
    (#1386,#1387)
    ,(#1388,#1389
    )),.UNSPECIFIED.,.F.,.F.,.F.,(2,2),(2,2),(8.45,8.65),(0.,0.6),
  .PIECEWISE_BEZIER_KNOTS.);
#1386 = CARTESIAN_POINT('',(-26.5,7.,1.4));
#1387 = CARTESIAN_POINT('',(-26.5,6.4,1.4));
#1388 = CARTESIAN_POINT('',(-26.5,7.,1.2));
#1389 = CARTESIAN_POINT('',(-26.5,6.4,1.2));
#1390 = ADVANCED_FACE('',(#1391),#1428,.F.);
#1391 = FACE_BOUND('',#1392,.F.);
#1392 = EDGE_LOOP('',(#1393,#1394,#1395,#1402,#1409,#1416,#1423));
#1393 = ORIENTED_EDGE('',*,*,#1372,.F.);
#1394 = ORIENTED_EDGE('',*,*,#738,.T.);
#1395 = ORIENTED_EDGE('',*,*,#1396,.F.);
#1396 = EDGE_CURVE('',#1397,#732,#1399,.T.);
#1397 = VERTEX_POINT('',#1398);
#1398 = CARTESIAN_POINT('',(-26.55,6.4,9.5));
#1399 = B_SPLINE_CURVE_WITH_KNOTS('',1,(#1400,#1401),.UNSPECIFIED.,.F.,
  .F.,(2,2),(0.375,8.475),.PIECEWISE_BEZIER_KNOTS.);
#1400 = CARTESIAN_POINT('',(-26.55,6.4,9.5));
#1401 = CARTESIAN_POINT('',(-26.55,6.4,1.4));
#1402 = ORIENTED_EDGE('',*,*,#1403,.T.);
#1403 = EDGE_CURVE('',#1397,#1404,#1406,.T.);
#1404 = VERTEX_POINT('',#1405);
#1405 = CARTESIAN_POINT('',(-26.84900332225,6.4,9.8));
#1406 = B_SPLINE_CURVE_WITH_KNOTS('',1,(#1407,#1408),.UNSPECIFIED.,.F.,
  .F.,(2,2),(-0.106301180105,0.317258717338),.PIECEWISE_BEZIER_KNOTS.);
#1407 = CARTESIAN_POINT('',(-26.55,6.4,9.5));
#1408 = CARTESIAN_POINT('',(-26.84900332225,6.4,9.8));
#1409 = ORIENTED_EDGE('',*,*,#1410,.T.);
#1410 = EDGE_CURVE('',#1404,#1411,#1413,.T.);
#1411 = VERTEX_POINT('',#1412);
#1412 = CARTESIAN_POINT('',(-28.15,6.4,9.8));
#1413 = B_SPLINE_CURVE_WITH_KNOTS('',1,(#1414,#1415),.UNSPECIFIED.,.F.,
  .F.,(2,2),(-0.900996677741,0.4),.PIECEWISE_BEZIER_KNOTS.);
#1414 = CARTESIAN_POINT('',(-26.84900332225,6.4,9.8));
#1415 = CARTESIAN_POINT('',(-28.15,6.4,9.8));
#1416 = ORIENTED_EDGE('',*,*,#1417,.T.);
#1417 = EDGE_CURVE('',#1411,#1418,#1420,.T.);
#1418 = VERTEX_POINT('',#1419);
#1419 = CARTESIAN_POINT('',(-28.15,6.4,1.2));
#1420 = B_SPLINE_CURVE_WITH_KNOTS('',1,(#1421,#1422),.UNSPECIFIED.,.F.,
  .F.,(2,2),(5.E-02,8.65),.PIECEWISE_BEZIER_KNOTS.);
#1421 = CARTESIAN_POINT('',(-28.15,6.4,9.8));
#1422 = CARTESIAN_POINT('',(-28.15,6.4,1.2));
#1423 = ORIENTED_EDGE('',*,*,#1424,.F.);
#1424 = EDGE_CURVE('',#1373,#1418,#1425,.T.);
#1425 = B_SPLINE_CURVE_WITH_KNOTS('',1,(#1426,#1427),.UNSPECIFIED.,.F.,
  .F.,(2,2),(0.,1.65),.PIECEWISE_BEZIER_KNOTS.);
#1426 = CARTESIAN_POINT('',(-26.5,6.4,1.2));
#1427 = CARTESIAN_POINT('',(-28.15,6.4,1.2));
#1428 = B_SPLINE_SURFACE_WITH_KNOTS('',1,1,(
    (#1429,#1430)
    ,(#1431,#1432
  )),.UNSPECIFIED.,.F.,.F.,.F.,(2,2),(2,2),(5.E-02,8.65),(-1.65,0.),
  .PIECEWISE_BEZIER_KNOTS.);
#1429 = CARTESIAN_POINT('',(-28.15,6.4,9.8));
#1430 = CARTESIAN_POINT('',(-26.5,6.4,9.8));
#1431 = CARTESIAN_POINT('',(-28.15,6.4,1.2));
#1432 = CARTESIAN_POINT('',(-26.5,6.4,1.2));
#1433 = ADVANCED_FACE('',(#1434,#1450),#1588,.T.);
#1434 = FACE_BOUND('',#1435,.T.);
#1435 = EDGE_LOOP('',(#1436,#1437,#1438,#1445));
#1436 = ORIENTED_EDGE('',*,*,#731,.F.);
#1437 = ORIENTED_EDGE('',*,*,#1396,.F.);
#1438 = ORIENTED_EDGE('',*,*,#1439,.T.);
#1439 = EDGE_CURVE('',#1397,#1440,#1442,.T.);
#1440 = VERTEX_POINT('',#1441);
#1441 = CARTESIAN_POINT('',(-26.55,-6.4,9.5));
#1442 = B_SPLINE_CURVE_WITH_KNOTS('',1,(#1443,#1444),.UNSPECIFIED.,.F.,
  .F.,(2,2),(20.15,32.95),.PIECEWISE_BEZIER_KNOTS.);
#1443 = CARTESIAN_POINT('',(-26.55,6.4,9.5));
#1444 = CARTESIAN_POINT('',(-26.55,-6.4,9.5));
#1445 = ORIENTED_EDGE('',*,*,#1446,.T.);
#1446 = EDGE_CURVE('',#1440,#725,#1447,.T.);
#1447 = B_SPLINE_CURVE_WITH_KNOTS('',1,(#1448,#1449),.UNSPECIFIED.,.F.,
  .F.,(2,2),(0.375,8.475),.PIECEWISE_BEZIER_KNOTS.);
#1448 = CARTESIAN_POINT('',(-26.55,-6.4,9.5));
#1449 = CARTESIAN_POINT('',(-26.55,-6.4,1.4));
#1450 = FACE_BOUND('',#1451,.T.);
#1451 = EDGE_LOOP('',(#1452,#1485,#1492,#1523,#1530,#1553,#1560,#1583));
#1452 = ORIENTED_EDGE('',*,*,#1453,.F.);
#1453 = EDGE_CURVE('',#1454,#1456,#1458,.T.);
#1454 = VERTEX_POINT('',#1455);
#1455 = CARTESIAN_POINT('',(-26.55,-1.463414634148E-02,7.6));
#1456 = VERTEX_POINT('',#1457);
#1457 = CARTESIAN_POINT('',(-26.55,-0.428571428571,7.3));
#1458 = B_SPLINE_CURVE_WITH_KNOTS('',7,(#1459,#1460,#1461,#1462,#1463,
    #1464,#1465,#1466,#1467,#1468,#1469,#1470,#1471,#1472,#1473,#1474,
    #1475,#1476,#1477,#1478,#1479,#1480,#1481,#1482,#1483,#1484),
  .UNSPECIFIED.,.F.,.F.,(8,6,6,6,8),(0.,0.233264199251,0.431152745139,
    0.553555959979,1.),.UNSPECIFIED.);
#1459 = CARTESIAN_POINT('',(-26.55,-1.463414634151E-02,7.6));
#1460 = CARTESIAN_POINT('',(-26.55,-4.050641414471E-02,7.594508676493));
#1461 = CARTESIAN_POINT('',(-26.55,-6.582970060447E-02,7.588567444282));
#1462 = CARTESIAN_POINT('',(-26.55,-9.047581528536E-02,7.582142167328));
#1463 = CARTESIAN_POINT('',(-26.55,-0.114301829732,7.575203358597));
#1464 = CARTESIAN_POINT('',(-26.55,-0.137165789504,7.567735301671));
#1465 = CARTESIAN_POINT('',(-26.55,-0.158942426212,7.559745172351));
#1466 = CARTESIAN_POINT('',(-26.55,-0.197011761818,7.544084121775));
#1467 = CARTESIAN_POINT('',(-26.55,-0.213641602619,7.53654599841));
#1468 = CARTESIAN_POINT('',(-26.55,-0.229370789537,7.528680516788));
#1469 = CARTESIAN_POINT('',(-26.55,-0.244180974938,7.520517722692));
#1470 = CARTESIAN_POINT('',(-26.55,-0.258083745765,7.512092154146));
#1471 = CARTESIAN_POINT('',(-26.55,-0.271111303334,7.50344001451));
#1472 = CARTESIAN_POINT('',(-26.55,-0.290850833905,7.489126127435));
#1473 = CARTESIAN_POINT('',(-26.55,-0.298077384716,7.483581822558));
#1474 = CARTESIAN_POINT('',(-26.55,-0.304998126949,7.477970884208));
#1475 = CARTESIAN_POINT('',(-26.55,-0.311625932514,7.472300292839));
#1476 = CARTESIAN_POINT('',(-26.55,-0.317974621064,7.466576433819));
#1477 = CARTESIAN_POINT('',(-26.55,-0.324058367206,7.46080497518));
#1478 = CARTESIAN_POINT('',(-26.55,-0.351164995385,7.433784372175));
#1479 = CARTESIAN_POINT('',(-26.55,-0.369074924795,7.41203389255));
#1480 = CARTESIAN_POINT('',(-26.55,-0.384361589633,7.389931754814));
#1481 = CARTESIAN_POINT('',(-26.55,-0.397595970015,7.367616725493));
#1482 = CARTESIAN_POINT('',(-26.55,-0.409179322572,7.34517214481));
#1483 = CARTESIAN_POINT('',(-26.55,-0.419424777389,7.322635651916));
#1484 = CARTESIAN_POINT('',(-26.55,-0.428571428571,7.3));
#1485 = ORIENTED_EDGE('',*,*,#1486,.F.);
#1486 = EDGE_CURVE('',#1487,#1454,#1489,.T.);
#1487 = VERTEX_POINT('',#1488);
#1488 = CARTESIAN_POINT('',(-26.55,1.463414634148E-02,7.6));
#1489 = B_SPLINE_CURVE_WITH_KNOTS('',1,(#1490,#1491),.UNSPECIFIED.,.F.,
  .F.,(2,2),(13.560365853659,13.589634146341),.PIECEWISE_BEZIER_KNOTS.);
#1490 = CARTESIAN_POINT('',(-26.55,1.463414634148E-02,7.6));
#1491 = CARTESIAN_POINT('',(-26.55,-1.463414634148E-02,7.6));
#1492 = ORIENTED_EDGE('',*,*,#1493,.T.);
#1493 = EDGE_CURVE('',#1487,#1494,#1496,.T.);
#1494 = VERTEX_POINT('',#1495);
#1495 = CARTESIAN_POINT('',(-26.55,0.428571428571,7.3));
#1496 = B_SPLINE_CURVE_WITH_KNOTS('',7,(#1497,#1498,#1499,#1500,#1501,
    #1502,#1503,#1504,#1505,#1506,#1507,#1508,#1509,#1510,#1511,#1512,
    #1513,#1514,#1515,#1516,#1517,#1518,#1519,#1520,#1521,#1522),
  .UNSPECIFIED.,.F.,.F.,(8,6,6,6,8),(0.,0.23326419925,0.431152745139,
    0.553555959978,1.),.UNSPECIFIED.);
#1497 = CARTESIAN_POINT('',(-26.55,1.46341463415E-02,7.6));
#1498 = CARTESIAN_POINT('',(-26.55,4.050641414471E-02,7.594508676493));
#1499 = CARTESIAN_POINT('',(-26.55,6.582970060446E-02,7.588567444282));
#1500 = CARTESIAN_POINT('',(-26.55,9.047581528535E-02,7.582142167328));
#1501 = CARTESIAN_POINT('',(-26.55,0.114301829732,7.575203358597));
#1502 = CARTESIAN_POINT('',(-26.55,0.137165789504,7.567735301671));
#1503 = CARTESIAN_POINT('',(-26.55,0.158942426212,7.559745172351));
#1504 = CARTESIAN_POINT('',(-26.55,0.197011761818,7.544084121775));
#1505 = CARTESIAN_POINT('',(-26.55,0.213641602619,7.53654599841));
#1506 = CARTESIAN_POINT('',(-26.55,0.229370789537,7.528680516788));
#1507 = CARTESIAN_POINT('',(-26.55,0.244180974938,7.520517722692));
#1508 = CARTESIAN_POINT('',(-26.55,0.258083745765,7.512092154146));
#1509 = CARTESIAN_POINT('',(-26.55,0.271111303334,7.50344001451));
#1510 = CARTESIAN_POINT('',(-26.55,0.290850833905,7.489126127435));
#1511 = CARTESIAN_POINT('',(-26.55,0.298077384716,7.483581822558));
#1512 = CARTESIAN_POINT('',(-26.55,0.304998126949,7.477970884208));
#1513 = CARTESIAN_POINT('',(-26.55,0.311625932514,7.472300292839));
#1514 = CARTESIAN_POINT('',(-26.55,0.317974621064,7.466576433819));
#1515 = CARTESIAN_POINT('',(-26.55,0.324058367206,7.46080497518));
#1516 = CARTESIAN_POINT('',(-26.55,0.351164995385,7.433784372175));
#1517 = CARTESIAN_POINT('',(-26.55,0.369074924795,7.41203389255));
#1518 = CARTESIAN_POINT('',(-26.55,0.384361589633,7.389931754814));
#1519 = CARTESIAN_POINT('',(-26.55,0.397595970015,7.367616725493));
#1520 = CARTESIAN_POINT('',(-26.55,0.409179322572,7.34517214481));
#1521 = CARTESIAN_POINT('',(-26.55,0.419424777389,7.322635651916));
#1522 = CARTESIAN_POINT('',(-26.55,0.428571428571,7.3));
#1523 = ORIENTED_EDGE('',*,*,#1524,.T.);
#1524 = EDGE_CURVE('',#1494,#1525,#1527,.T.);
#1525 = VERTEX_POINT('',#1526);
#1526 = CARTESIAN_POINT('',(-26.55,0.428571428571,3.1));
#1527 = B_SPLINE_CURVE_WITH_KNOTS('',1,(#1528,#1529),.UNSPECIFIED.,.F.,
  .F.,(2,2),(-0.8,3.4),.PIECEWISE_BEZIER_KNOTS.);
#1528 = CARTESIAN_POINT('',(-26.55,0.428571428571,7.3));
#1529 = CARTESIAN_POINT('',(-26.55,0.428571428571,3.1));
#1530 = ORIENTED_EDGE('',*,*,#1531,.T.);
#1531 = EDGE_CURVE('',#1525,#1532,#1534,.T.);
#1532 = VERTEX_POINT('',#1533);
#1533 = CARTESIAN_POINT('',(-26.55,1.463414634148E-02,2.8));
#1534 = B_SPLINE_CURVE_WITH_KNOTS('',5,(#1535,#1536,#1537,#1538,#1539,
    #1540,#1541,#1542,#1543,#1544,#1545,#1546,#1547,#1548,#1549,#1550,
    #1551,#1552),.UNSPECIFIED.,.F.,.F.,(6,4,4,4,6),(0.,0.422478695324,
    0.558618913458,0.766110610513,1.),.UNSPECIFIED.);
#1535 = CARTESIAN_POINT('',(-26.55,0.428571428571,3.1));
#1536 = CARTESIAN_POINT('',(-26.55,0.416454416583,3.07001345518));
#1537 = CARTESIAN_POINT('',(-26.55,0.40226877829,3.040204147333));
#1538 = CARTESIAN_POINT('',(-26.55,0.385299684562,3.010567918214));
#1539 = CARTESIAN_POINT('',(-26.55,0.364478764744,2.981327822231));
#1540 = CARTESIAN_POINT('',(-26.55,0.329045573279,2.943878160675));
#1541 = CARTESIAN_POINT('',(-26.55,0.319793334732,2.934850597985));
#1542 = CARTESIAN_POINT('',(-26.55,0.309858233266,2.92594291623));
#1543 = CARTESIAN_POINT('',(-26.55,0.299169345452,2.917184659945));
#1544 = CARTESIAN_POINT('',(-26.55,0.270140947178,2.895543037647));
#1545 = CARTESIAN_POINT('',(-26.55,0.250721001499,2.882898231449));
#1546 = CARTESIAN_POINT('',(-26.55,0.229223765779,2.870814787168));
#1547 = CARTESIAN_POINT('',(-26.55,0.205546440839,2.859446240425));
#1548 = CARTESIAN_POINT('',(-26.55,0.151036075667,2.836980792044));
#1549 = CARTESIAN_POINT('',(-26.55,0.11965688247,2.826094716748));
#1550 = CARTESIAN_POINT('',(-26.55,8.610984223335E-02,2.816366349067));
#1551 = CARTESIAN_POINT('',(-26.55,5.095134986688E-02,2.807708234738));
#1552 = CARTESIAN_POINT('',(-26.55,1.46341463415E-02,2.8));
#1553 = ORIENTED_EDGE('',*,*,#1554,.T.);
#1554 = EDGE_CURVE('',#1532,#1555,#1557,.T.);
#1555 = VERTEX_POINT('',#1556);
#1556 = CARTESIAN_POINT('',(-26.55,-1.463414634148E-02,2.8));
#1557 = B_SPLINE_CURVE_WITH_KNOTS('',1,(#1558,#1559),.UNSPECIFIED.,.F.,
  .F.,(2,2),(13.560365853659,13.589634146341),.PIECEWISE_BEZIER_KNOTS.);
#1558 = CARTESIAN_POINT('',(-26.55,1.463414634148E-02,2.8));
#1559 = CARTESIAN_POINT('',(-26.55,-1.463414634148E-02,2.8));
#1560 = ORIENTED_EDGE('',*,*,#1561,.F.);
#1561 = EDGE_CURVE('',#1562,#1555,#1564,.T.);
#1562 = VERTEX_POINT('',#1563);
#1563 = CARTESIAN_POINT('',(-26.55,-0.428571428571,3.1));
#1564 = B_SPLINE_CURVE_WITH_KNOTS('',5,(#1565,#1566,#1567,#1568,#1569,
    #1570,#1571,#1572,#1573,#1574,#1575,#1576,#1577,#1578,#1579,#1580,
    #1581,#1582),.UNSPECIFIED.,.F.,.F.,(6,4,4,4,6),(0.,0.422478695324,
    0.558618913458,0.766110610513,1.),.UNSPECIFIED.);
#1565 = CARTESIAN_POINT('',(-26.55,-0.428571428571,3.1));
#1566 = CARTESIAN_POINT('',(-26.55,-0.416454416583,3.07001345518));
#1567 = CARTESIAN_POINT('',(-26.55,-0.40226877829,3.040204147333));
#1568 = CARTESIAN_POINT('',(-26.55,-0.385299684562,3.010567918214));
#1569 = CARTESIAN_POINT('',(-26.55,-0.364478764744,2.981327822231));
#1570 = CARTESIAN_POINT('',(-26.55,-0.329045573279,2.943878160675));
#1571 = CARTESIAN_POINT('',(-26.55,-0.319793334732,2.934850597985));
#1572 = CARTESIAN_POINT('',(-26.55,-0.309858233266,2.92594291623));
#1573 = CARTESIAN_POINT('',(-26.55,-0.299169345452,2.917184659945));
#1574 = CARTESIAN_POINT('',(-26.55,-0.270140947178,2.895543037647));
#1575 = CARTESIAN_POINT('',(-26.55,-0.250721001499,2.882898231449));
#1576 = CARTESIAN_POINT('',(-26.55,-0.229223765779,2.870814787168));
#1577 = CARTESIAN_POINT('',(-26.55,-0.205546440839,2.859446240425));
#1578 = CARTESIAN_POINT('',(-26.55,-0.151036075667,2.836980792044));
#1579 = CARTESIAN_POINT('',(-26.55,-0.11965688247,2.826094716748));
#1580 = CARTESIAN_POINT('',(-26.55,-8.610984223338E-02,2.816366349067));
#1581 = CARTESIAN_POINT('',(-26.55,-5.095134986688E-02,2.807708234738));
#1582 = CARTESIAN_POINT('',(-26.55,-1.463414634151E-02,2.8));
#1583 = ORIENTED_EDGE('',*,*,#1584,.T.);
#1584 = EDGE_CURVE('',#1562,#1456,#1585,.T.);
#1585 = B_SPLINE_CURVE_WITH_KNOTS('',1,(#1586,#1587),.UNSPECIFIED.,.F.,
  .F.,(2,2),(-3.4,0.8),.PIECEWISE_BEZIER_KNOTS.);
#1586 = CARTESIAN_POINT('',(-26.55,-0.428571428571,3.1));
#1587 = CARTESIAN_POINT('',(-26.55,-0.428571428571,7.3));
#1588 = B_SPLINE_SURFACE_WITH_KNOTS('',1,1,(
    (#1589,#1590)
    ,(#1591,#1592
    )),.UNSPECIFIED.,.F.,.F.,.F.,(2,2),(2,2),(0.4,8.5),(-32.95,-20.15),
  .PIECEWISE_BEZIER_KNOTS.);
#1589 = CARTESIAN_POINT('',(-26.55,-6.4,9.5));
#1590 = CARTESIAN_POINT('',(-26.55,6.4,9.5));
#1591 = CARTESIAN_POINT('',(-26.55,-6.4,1.4));
#1592 = CARTESIAN_POINT('',(-26.55,6.4,1.4));
#1593 = ADVANCED_FACE('',(#1594),#1631,.T.);
#1594 = FACE_BOUND('',#1595,.T.);
#1595 = EDGE_LOOP('',(#1596,#1603,#1604,#1605,#1612,#1619,#1626));
#1596 = ORIENTED_EDGE('',*,*,#1597,.F.);
#1597 = EDGE_CURVE('',#718,#1598,#1600,.T.);
#1598 = VERTEX_POINT('',#1599);
#1599 = CARTESIAN_POINT('',(-26.5,-6.4,1.2));
#1600 = B_SPLINE_CURVE_WITH_KNOTS('',1,(#1601,#1602),.UNSPECIFIED.,.F.,
  .F.,(2,2),(8.45,8.65),.PIECEWISE_BEZIER_KNOTS.);
#1601 = CARTESIAN_POINT('',(-26.5,-6.4,1.4));
#1602 = CARTESIAN_POINT('',(-26.5,-6.4,1.2));
#1603 = ORIENTED_EDGE('',*,*,#724,.T.);
#1604 = ORIENTED_EDGE('',*,*,#1446,.F.);
#1605 = ORIENTED_EDGE('',*,*,#1606,.T.);
#1606 = EDGE_CURVE('',#1440,#1607,#1609,.T.);
#1607 = VERTEX_POINT('',#1608);
#1608 = CARTESIAN_POINT('',(-26.84900332225,-6.4,9.8));
#1609 = B_SPLINE_CURVE_WITH_KNOTS('',1,(#1610,#1611),.UNSPECIFIED.,.F.,
  .F.,(2,2),(-0.106301180105,0.317258717338),.PIECEWISE_BEZIER_KNOTS.);
#1610 = CARTESIAN_POINT('',(-26.55,-6.4,9.5));
#1611 = CARTESIAN_POINT('',(-26.84900332225,-6.4,9.8));
#1612 = ORIENTED_EDGE('',*,*,#1613,.T.);
#1613 = EDGE_CURVE('',#1607,#1614,#1616,.T.);
#1614 = VERTEX_POINT('',#1615);
#1615 = CARTESIAN_POINT('',(-28.15,-6.4,9.8));
#1616 = B_SPLINE_CURVE_WITH_KNOTS('',1,(#1617,#1618),.UNSPECIFIED.,.F.,
  .F.,(2,2),(-0.900996677741,0.4),.PIECEWISE_BEZIER_KNOTS.);
#1617 = CARTESIAN_POINT('',(-26.84900332225,-6.4,9.8));
#1618 = CARTESIAN_POINT('',(-28.15,-6.4,9.8));
#1619 = ORIENTED_EDGE('',*,*,#1620,.T.);
#1620 = EDGE_CURVE('',#1614,#1621,#1623,.T.);
#1621 = VERTEX_POINT('',#1622);
#1622 = CARTESIAN_POINT('',(-28.15,-6.4,1.2));
#1623 = B_SPLINE_CURVE_WITH_KNOTS('',1,(#1624,#1625),.UNSPECIFIED.,.F.,
  .F.,(2,2),(5.E-02,8.65),.PIECEWISE_BEZIER_KNOTS.);
#1624 = CARTESIAN_POINT('',(-28.15,-6.4,9.8));
#1625 = CARTESIAN_POINT('',(-28.15,-6.4,1.2));
#1626 = ORIENTED_EDGE('',*,*,#1627,.F.);
#1627 = EDGE_CURVE('',#1598,#1621,#1628,.T.);
#1628 = B_SPLINE_CURVE_WITH_KNOTS('',1,(#1629,#1630),.UNSPECIFIED.,.F.,
  .F.,(2,2),(0.,1.65),.PIECEWISE_BEZIER_KNOTS.);
#1629 = CARTESIAN_POINT('',(-26.5,-6.4,1.2));
#1630 = CARTESIAN_POINT('',(-28.15,-6.4,1.2));
#1631 = B_SPLINE_SURFACE_WITH_KNOTS('',1,1,(
    (#1632,#1633)
    ,(#1634,#1635
  )),.UNSPECIFIED.,.F.,.F.,.F.,(2,2),(2,2),(5.E-02,8.65),(-1.65,0.),
  .PIECEWISE_BEZIER_KNOTS.);
#1632 = CARTESIAN_POINT('',(-28.15,-6.4,9.8));
#1633 = CARTESIAN_POINT('',(-26.5,-6.4,9.8));
#1634 = CARTESIAN_POINT('',(-28.15,-6.4,1.2));
#1635 = CARTESIAN_POINT('',(-26.5,-6.4,1.2));
#1636 = ADVANCED_FACE('',(#1637),#1653,.T.);
#1637 = FACE_BOUND('',#1638,.T.);
#1638 = EDGE_LOOP('',(#1639,#1640,#1641,#1648));
#1639 = ORIENTED_EDGE('',*,*,#717,.T.);
#1640 = ORIENTED_EDGE('',*,*,#1597,.T.);
#1641 = ORIENTED_EDGE('',*,*,#1642,.T.);
#1642 = EDGE_CURVE('',#1598,#1643,#1645,.T.);
#1643 = VERTEX_POINT('',#1644);
#1644 = CARTESIAN_POINT('',(-26.5,-7.,1.2));
#1645 = B_SPLINE_CURVE_WITH_KNOTS('',1,(#1646,#1647),.UNSPECIFIED.,.F.,
  .F.,(2,2),(0.,0.6),.PIECEWISE_BEZIER_KNOTS.);
#1646 = CARTESIAN_POINT('',(-26.5,-6.4,1.2));
#1647 = CARTESIAN_POINT('',(-26.5,-7.,1.2));
#1648 = ORIENTED_EDGE('',*,*,#1649,.F.);
#1649 = EDGE_CURVE('',#711,#1643,#1650,.T.);
#1650 = B_SPLINE_CURVE_WITH_KNOTS('',1,(#1651,#1652),.UNSPECIFIED.,.F.,
  .F.,(2,2),(8.45,8.65),.PIECEWISE_BEZIER_KNOTS.);
#1651 = CARTESIAN_POINT('',(-26.5,-7.,1.4));
#1652 = CARTESIAN_POINT('',(-26.5,-7.,1.2));
#1653 = B_SPLINE_SURFACE_WITH_KNOTS('',1,1,(
    (#1654,#1655)
    ,(#1656,#1657
    )),.UNSPECIFIED.,.F.,.F.,.F.,(2,2),(2,2),(8.45,8.65),(0.,0.6),
  .PIECEWISE_BEZIER_KNOTS.);
#1654 = CARTESIAN_POINT('',(-26.5,-6.4,1.4));
#1655 = CARTESIAN_POINT('',(-26.5,-7.,1.4));
#1656 = CARTESIAN_POINT('',(-26.5,-6.4,1.2));
#1657 = CARTESIAN_POINT('',(-26.5,-7.,1.2));
#1658 = ADVANCED_FACE('',(#1659),#1718,.T.);
#1659 = FACE_BOUND('',#1660,.T.);
#1660 = EDGE_LOOP('',(#1661,#1670,#1677,#1684,#1691,#1698,#1703,#1704,
    #1705,#1712));
#1661 = ORIENTED_EDGE('',*,*,#1662,.F.);
#1662 = EDGE_CURVE('',#1663,#1665,#1667,.T.);
#1663 = VERTEX_POINT('',#1664);
#1664 = CARTESIAN_POINT('',(-27.55,-7.,9.4));
#1665 = VERTEX_POINT('',#1666);
#1666 = CARTESIAN_POINT('',(-27.55,-7.,1.5));
#1667 = B_SPLINE_CURVE_WITH_KNOTS('',1,(#1668,#1669),.UNSPECIFIED.,.F.,
  .F.,(2,2),(0.,7.9),.PIECEWISE_BEZIER_KNOTS.);
#1668 = CARTESIAN_POINT('',(-27.55,-7.,9.4));
#1669 = CARTESIAN_POINT('',(-27.55,-7.,1.5));
#1670 = ORIENTED_EDGE('',*,*,#1671,.F.);
#1671 = EDGE_CURVE('',#1672,#1663,#1674,.T.);
#1672 = VERTEX_POINT('',#1673);
#1673 = CARTESIAN_POINT('',(-26.55,-7.,9.4));
#1674 = B_SPLINE_CURVE_WITH_KNOTS('',1,(#1675,#1676),.UNSPECIFIED.,.F.,
  .F.,(2,2),(5.E-02,1.05),.PIECEWISE_BEZIER_KNOTS.);
#1675 = CARTESIAN_POINT('',(-26.55,-7.,9.4));
#1676 = CARTESIAN_POINT('',(-27.55,-7.,9.4));
#1677 = ORIENTED_EDGE('',*,*,#1678,.T.);
#1678 = EDGE_CURVE('',#1672,#1679,#1681,.T.);
#1679 = VERTEX_POINT('',#1680);
#1680 = CARTESIAN_POINT('',(-26.,-7.,8.8));
#1681 = B_SPLINE_CURVE_WITH_KNOTS('',1,(#1682,#1683),.UNSPECIFIED.,.F.,
  .F.,(2,2),(0.,0.813941029805),.PIECEWISE_BEZIER_KNOTS.);
#1682 = CARTESIAN_POINT('',(-26.55,-7.,9.4));
#1683 = CARTESIAN_POINT('',(-26.,-7.,8.8));
#1684 = ORIENTED_EDGE('',*,*,#1685,.T.);
#1685 = EDGE_CURVE('',#1679,#1686,#1688,.T.);
#1686 = VERTEX_POINT('',#1687);
#1687 = CARTESIAN_POINT('',(-26.,-7.,8.4));
#1688 = B_SPLINE_CURVE_WITH_KNOTS('',1,(#1689,#1690),.UNSPECIFIED.,.F.,
  .F.,(2,2),(0.,0.4),.PIECEWISE_BEZIER_KNOTS.);
#1689 = CARTESIAN_POINT('',(-26.,-7.,8.8));
#1690 = CARTESIAN_POINT('',(-26.,-7.,8.4));
#1691 = ORIENTED_EDGE('',*,*,#1692,.T.);
#1692 = EDGE_CURVE('',#1686,#1693,#1695,.T.);
#1693 = VERTEX_POINT('',#1694);
#1694 = CARTESIAN_POINT('',(-26.55,-7.,8.4));
#1695 = B_SPLINE_CURVE_WITH_KNOTS('',1,(#1696,#1697),.UNSPECIFIED.,.F.,
  .F.,(2,2),(0.,0.55),.PIECEWISE_BEZIER_KNOTS.);
#1696 = CARTESIAN_POINT('',(-26.,-7.,8.4));
#1697 = CARTESIAN_POINT('',(-26.55,-7.,8.4));
#1698 = ORIENTED_EDGE('',*,*,#1699,.T.);
#1699 = EDGE_CURVE('',#1693,#704,#1700,.T.);
#1700 = B_SPLINE_CURVE_WITH_KNOTS('',1,(#1701,#1702),.UNSPECIFIED.,.F.,
  .F.,(2,2),(1.475,8.475),.PIECEWISE_BEZIER_KNOTS.);
#1701 = CARTESIAN_POINT('',(-26.55,-7.,8.4));
#1702 = CARTESIAN_POINT('',(-26.55,-7.,1.4));
#1703 = ORIENTED_EDGE('',*,*,#710,.F.);
#1704 = ORIENTED_EDGE('',*,*,#1649,.T.);
#1705 = ORIENTED_EDGE('',*,*,#1706,.T.);
#1706 = EDGE_CURVE('',#1643,#1707,#1709,.T.);
#1707 = VERTEX_POINT('',#1708);
#1708 = CARTESIAN_POINT('',(-27.85,-7.,1.2));
#1709 = B_SPLINE_CURVE_WITH_KNOTS('',1,(#1710,#1711),.UNSPECIFIED.,.F.,
  .F.,(2,2),(-0.575735294118,0.774264705882),.PIECEWISE_BEZIER_KNOTS.);
#1710 = CARTESIAN_POINT('',(-26.5,-7.,1.2));
#1711 = CARTESIAN_POINT('',(-27.85,-7.,1.2));
#1712 = ORIENTED_EDGE('',*,*,#1713,.F.);
#1713 = EDGE_CURVE('',#1665,#1707,#1714,.T.);
#1714 = ( BOUNDED_CURVE() B_SPLINE_CURVE(2,(#1715,#1716,#1717),
.UNSPECIFIED.,.F.,.F.) B_SPLINE_CURVE_WITH_KNOTS((3,3),(3.14159265359,
4.712388980385),.PIECEWISE_BEZIER_KNOTS.) CURVE() 
GEOMETRIC_REPRESENTATION_ITEM() RATIONAL_B_SPLINE_CURVE((1.,
0.707106781187,1.)) REPRESENTATION_ITEM('') );
#1715 = CARTESIAN_POINT('',(-27.55,-7.,1.5));
#1716 = CARTESIAN_POINT('',(-27.55,-7.,1.2));
#1717 = CARTESIAN_POINT('',(-27.85,-7.,1.2));
#1718 = B_SPLINE_SURFACE_WITH_KNOTS('',1,1,(
    (#1719,#1720)
    ,(#1721,#1722
    )),.UNSPECIFIED.,.F.,.F.,.F.,(2,2),(2,2),(-4.110933722237,
    4.089066277763),(-0.835924725414,1.014075274586),
  .PIECEWISE_BEZIER_KNOTS.);
#1719 = CARTESIAN_POINT('',(-27.85,-7.,1.2));
#1720 = CARTESIAN_POINT('',(-26.,-7.,1.2));
#1721 = CARTESIAN_POINT('',(-27.85,-7.,9.4));
#1722 = CARTESIAN_POINT('',(-26.,-7.,9.4));
#1723 = ADVANCED_FACE('',(#1724),#1740,.T.);
#1724 = FACE_BOUND('',#1725,.T.);
#1725 = EDGE_LOOP('',(#1726,#1727,#1728,#1735));
#1726 = ORIENTED_EDGE('',*,*,#703,.F.);
#1727 = ORIENTED_EDGE('',*,*,#1699,.F.);
#1728 = ORIENTED_EDGE('',*,*,#1729,.T.);
#1729 = EDGE_CURVE('',#1693,#1730,#1732,.T.);
#1730 = VERTEX_POINT('',#1731);
#1731 = CARTESIAN_POINT('',(-26.55,-15.,8.4));
#1732 = B_SPLINE_CURVE_WITH_KNOTS('',1,(#1733,#1734),.UNSPECIFIED.,.F.,
  .F.,(2,2),(0.,8.),.PIECEWISE_BEZIER_KNOTS.);
#1733 = CARTESIAN_POINT('',(-26.55,-7.,8.4));
#1734 = CARTESIAN_POINT('',(-26.55,-15.,8.4));
#1735 = ORIENTED_EDGE('',*,*,#1736,.T.);
#1736 = EDGE_CURVE('',#1730,#697,#1737,.T.);
#1737 = B_SPLINE_CURVE_WITH_KNOTS('',1,(#1738,#1739),.UNSPECIFIED.,.F.,
  .F.,(2,2),(1.475,8.475),.PIECEWISE_BEZIER_KNOTS.);
#1738 = CARTESIAN_POINT('',(-26.55,-15.,8.4));
#1739 = CARTESIAN_POINT('',(-26.55,-15.,1.4));
#1740 = B_SPLINE_SURFACE_WITH_KNOTS('',1,1,(
    (#1741,#1742)
    ,(#1743,#1744
    )),.UNSPECIFIED.,.F.,.F.,.F.,(2,2),(2,2),(1.5,8.5),(-41.55,-33.55),
  .PIECEWISE_BEZIER_KNOTS.);
#1741 = CARTESIAN_POINT('',(-26.55,-15.,8.4));
#1742 = CARTESIAN_POINT('',(-26.55,-7.,8.4));
#1743 = CARTESIAN_POINT('',(-26.55,-15.,1.4));
#1744 = CARTESIAN_POINT('',(-26.55,-7.,1.4));
#1745 = ADVANCED_FACE('',(#1746),#1805,.T.);
#1746 = FACE_BOUND('',#1747,.T.);
#1747 = EDGE_LOOP('',(#1748,#1757,#1765,#1772,#1777,#1778,#1779,#1786,
    #1793,#1800));
#1748 = ORIENTED_EDGE('',*,*,#1749,.T.);
#1749 = EDGE_CURVE('',#1750,#1752,#1754,.T.);
#1750 = VERTEX_POINT('',#1751);
#1751 = CARTESIAN_POINT('',(-27.55,-15.,9.4));
#1752 = VERTEX_POINT('',#1753);
#1753 = CARTESIAN_POINT('',(-27.55,-15.,1.5));
#1754 = B_SPLINE_CURVE_WITH_KNOTS('',1,(#1755,#1756),.UNSPECIFIED.,.F.,
  .F.,(2,2),(0.,7.9),.PIECEWISE_BEZIER_KNOTS.);
#1755 = CARTESIAN_POINT('',(-27.55,-15.,9.4));
#1756 = CARTESIAN_POINT('',(-27.55,-15.,1.5));
#1757 = ORIENTED_EDGE('',*,*,#1758,.T.);
#1758 = EDGE_CURVE('',#1752,#1759,#1761,.T.);
#1759 = VERTEX_POINT('',#1760);
#1760 = CARTESIAN_POINT('',(-27.85,-15.,1.2));
#1761 = ( BOUNDED_CURVE() B_SPLINE_CURVE(2,(#1762,#1763,#1764),
.UNSPECIFIED.,.F.,.F.) B_SPLINE_CURVE_WITH_KNOTS((3,3),(3.14159265359,
4.712388980385),.PIECEWISE_BEZIER_KNOTS.) CURVE() 
GEOMETRIC_REPRESENTATION_ITEM() RATIONAL_B_SPLINE_CURVE((1.,
0.707106781187,1.)) REPRESENTATION_ITEM('') );
#1762 = CARTESIAN_POINT('',(-27.55,-15.,1.5));
#1763 = CARTESIAN_POINT('',(-27.55,-15.,1.2));
#1764 = CARTESIAN_POINT('',(-27.85,-15.,1.2));
#1765 = ORIENTED_EDGE('',*,*,#1766,.F.);
#1766 = EDGE_CURVE('',#1767,#1759,#1769,.T.);
#1767 = VERTEX_POINT('',#1768);
#1768 = CARTESIAN_POINT('',(-26.5,-15.,1.2));
#1769 = B_SPLINE_CURVE_WITH_KNOTS('',1,(#1770,#1771),.UNSPECIFIED.,.F.,
  .F.,(2,2),(0.,1.35),.PIECEWISE_BEZIER_KNOTS.);
#1770 = CARTESIAN_POINT('',(-26.5,-15.,1.2));
#1771 = CARTESIAN_POINT('',(-27.85,-15.,1.2));
#1772 = ORIENTED_EDGE('',*,*,#1773,.F.);
#1773 = EDGE_CURVE('',#690,#1767,#1774,.T.);
#1774 = B_SPLINE_CURVE_WITH_KNOTS('',1,(#1775,#1776),.UNSPECIFIED.,.F.,
  .F.,(2,2),(8.45,8.65),.PIECEWISE_BEZIER_KNOTS.);
#1775 = CARTESIAN_POINT('',(-26.5,-15.,1.4));
#1776 = CARTESIAN_POINT('',(-26.5,-15.,1.2));
#1777 = ORIENTED_EDGE('',*,*,#696,.T.);
#1778 = ORIENTED_EDGE('',*,*,#1736,.F.);
#1779 = ORIENTED_EDGE('',*,*,#1780,.F.);
#1780 = EDGE_CURVE('',#1781,#1730,#1783,.T.);
#1781 = VERTEX_POINT('',#1782);
#1782 = CARTESIAN_POINT('',(-26.,-15.,8.4));
#1783 = B_SPLINE_CURVE_WITH_KNOTS('',1,(#1784,#1785),.UNSPECIFIED.,.F.,
  .F.,(2,2),(0.,0.55),.PIECEWISE_BEZIER_KNOTS.);
#1784 = CARTESIAN_POINT('',(-26.,-15.,8.4));
#1785 = CARTESIAN_POINT('',(-26.55,-15.,8.4));
#1786 = ORIENTED_EDGE('',*,*,#1787,.F.);
#1787 = EDGE_CURVE('',#1788,#1781,#1790,.T.);
#1788 = VERTEX_POINT('',#1789);
#1789 = CARTESIAN_POINT('',(-26.,-15.,8.8));
#1790 = B_SPLINE_CURVE_WITH_KNOTS('',1,(#1791,#1792),.UNSPECIFIED.,.F.,
  .F.,(2,2),(0.,0.4),.PIECEWISE_BEZIER_KNOTS.);
#1791 = CARTESIAN_POINT('',(-26.,-15.,8.8));
#1792 = CARTESIAN_POINT('',(-26.,-15.,8.4));
#1793 = ORIENTED_EDGE('',*,*,#1794,.F.);
#1794 = EDGE_CURVE('',#1795,#1788,#1797,.T.);
#1795 = VERTEX_POINT('',#1796);
#1796 = CARTESIAN_POINT('',(-26.55,-15.,9.4));
#1797 = B_SPLINE_CURVE_WITH_KNOTS('',1,(#1798,#1799),.UNSPECIFIED.,.F.,
  .F.,(2,2),(0.,0.813941029805),.PIECEWISE_BEZIER_KNOTS.);
#1798 = CARTESIAN_POINT('',(-26.55,-15.,9.4));
#1799 = CARTESIAN_POINT('',(-26.,-15.,8.8));
#1800 = ORIENTED_EDGE('',*,*,#1801,.T.);
#1801 = EDGE_CURVE('',#1795,#1750,#1802,.T.);
#1802 = B_SPLINE_CURVE_WITH_KNOTS('',1,(#1803,#1804),.UNSPECIFIED.,.F.,
  .F.,(2,2),(5.E-02,1.05),.PIECEWISE_BEZIER_KNOTS.);
#1803 = CARTESIAN_POINT('',(-26.55,-15.,9.4));
#1804 = CARTESIAN_POINT('',(-27.55,-15.,9.4));
#1805 = B_SPLINE_SURFACE_WITH_KNOTS('',1,1,(
    (#1806,#1807)
    ,(#1808,#1809
    )),.UNSPECIFIED.,.F.,.F.,.F.,(2,2),(2,2),(-4.089066277763,
    4.110933722237),(-0.835924725414,1.014075274586),
  .PIECEWISE_BEZIER_KNOTS.);
#1806 = CARTESIAN_POINT('',(-27.85,-15.,9.4));
#1807 = CARTESIAN_POINT('',(-26.,-15.,9.4));
#1808 = CARTESIAN_POINT('',(-27.85,-15.,1.2));
#1809 = CARTESIAN_POINT('',(-26.,-15.,1.2));
#1810 = ADVANCED_FACE('',(#1811),#1827,.T.);
#1811 = FACE_BOUND('',#1812,.T.);
#1812 = EDGE_LOOP('',(#1813,#1820,#1821,#1822));
#1813 = ORIENTED_EDGE('',*,*,#1814,.F.);
#1814 = EDGE_CURVE('',#683,#1815,#1817,.T.);
#1815 = VERTEX_POINT('',#1816);
#1816 = CARTESIAN_POINT('',(-26.5,-15.6,1.2));
#1817 = B_SPLINE_CURVE_WITH_KNOTS('',1,(#1818,#1819),.UNSPECIFIED.,.F.,
  .F.,(2,2),(8.45,8.65),.PIECEWISE_BEZIER_KNOTS.);
#1818 = CARTESIAN_POINT('',(-26.5,-15.6,1.4));
#1819 = CARTESIAN_POINT('',(-26.5,-15.6,1.2));
#1820 = ORIENTED_EDGE('',*,*,#689,.T.);
#1821 = ORIENTED_EDGE('',*,*,#1773,.T.);
#1822 = ORIENTED_EDGE('',*,*,#1823,.T.);
#1823 = EDGE_CURVE('',#1767,#1815,#1824,.T.);
#1824 = B_SPLINE_CURVE_WITH_KNOTS('',1,(#1825,#1826),.UNSPECIFIED.,.F.,
  .F.,(2,2),(0.,0.6),.PIECEWISE_BEZIER_KNOTS.);
#1825 = CARTESIAN_POINT('',(-26.5,-15.,1.2));
#1826 = CARTESIAN_POINT('',(-26.5,-15.6,1.2));
#1827 = B_SPLINE_SURFACE_WITH_KNOTS('',1,1,(
    (#1828,#1829)
    ,(#1830,#1831
    )),.UNSPECIFIED.,.F.,.F.,.F.,(2,2),(2,2),(8.45,8.65),(0.,0.6),
  .PIECEWISE_BEZIER_KNOTS.);
#1828 = CARTESIAN_POINT('',(-26.5,-15.,1.4));
#1829 = CARTESIAN_POINT('',(-26.5,-15.6,1.4));
#1830 = CARTESIAN_POINT('',(-26.5,-15.,1.2));
#1831 = CARTESIAN_POINT('',(-26.5,-15.6,1.2));
#1832 = ADVANCED_FACE('',(#1833),#1870,.F.);
#1833 = FACE_BOUND('',#1834,.F.);
#1834 = EDGE_LOOP('',(#1835,#1836,#1837,#1844,#1851,#1858,#1865));
#1835 = ORIENTED_EDGE('',*,*,#1814,.F.);
#1836 = ORIENTED_EDGE('',*,*,#682,.T.);
#1837 = ORIENTED_EDGE('',*,*,#1838,.F.);
#1838 = EDGE_CURVE('',#1839,#676,#1841,.T.);
#1839 = VERTEX_POINT('',#1840);
#1840 = CARTESIAN_POINT('',(-26.55,-15.6,9.5));
#1841 = B_SPLINE_CURVE_WITH_KNOTS('',1,(#1842,#1843),.UNSPECIFIED.,.F.,
  .F.,(2,2),(0.375,8.475),.PIECEWISE_BEZIER_KNOTS.);
#1842 = CARTESIAN_POINT('',(-26.55,-15.6,9.5));
#1843 = CARTESIAN_POINT('',(-26.55,-15.6,1.4));
#1844 = ORIENTED_EDGE('',*,*,#1845,.T.);
#1845 = EDGE_CURVE('',#1839,#1846,#1848,.T.);
#1846 = VERTEX_POINT('',#1847);
#1847 = CARTESIAN_POINT('',(-26.84900332225,-15.6,9.8));
#1848 = B_SPLINE_CURVE_WITH_KNOTS('',1,(#1849,#1850),.UNSPECIFIED.,.F.,
  .F.,(2,2),(-0.106301180105,0.317258717338),.PIECEWISE_BEZIER_KNOTS.);
#1849 = CARTESIAN_POINT('',(-26.55,-15.6,9.5));
#1850 = CARTESIAN_POINT('',(-26.84900332225,-15.6,9.8));
#1851 = ORIENTED_EDGE('',*,*,#1852,.T.);
#1852 = EDGE_CURVE('',#1846,#1853,#1855,.T.);
#1853 = VERTEX_POINT('',#1854);
#1854 = CARTESIAN_POINT('',(-28.15,-15.6,9.8));
#1855 = B_SPLINE_CURVE_WITH_KNOTS('',1,(#1856,#1857),.UNSPECIFIED.,.F.,
  .F.,(2,2),(-0.900996677741,0.4),.PIECEWISE_BEZIER_KNOTS.);
#1856 = CARTESIAN_POINT('',(-26.84900332225,-15.6,9.8));
#1857 = CARTESIAN_POINT('',(-28.15,-15.6,9.8));
#1858 = ORIENTED_EDGE('',*,*,#1859,.T.);
#1859 = EDGE_CURVE('',#1853,#1860,#1862,.T.);
#1860 = VERTEX_POINT('',#1861);
#1861 = CARTESIAN_POINT('',(-28.15,-15.6,1.2));
#1862 = B_SPLINE_CURVE_WITH_KNOTS('',1,(#1863,#1864),.UNSPECIFIED.,.F.,
  .F.,(2,2),(5.E-02,8.65),.PIECEWISE_BEZIER_KNOTS.);
#1863 = CARTESIAN_POINT('',(-28.15,-15.6,9.8));
#1864 = CARTESIAN_POINT('',(-28.15,-15.6,1.2));
#1865 = ORIENTED_EDGE('',*,*,#1866,.F.);
#1866 = EDGE_CURVE('',#1815,#1860,#1867,.T.);
#1867 = B_SPLINE_CURVE_WITH_KNOTS('',1,(#1868,#1869),.UNSPECIFIED.,.F.,
  .F.,(2,2),(0.,1.65),.PIECEWISE_BEZIER_KNOTS.);
#1868 = CARTESIAN_POINT('',(-26.5,-15.6,1.2));
#1869 = CARTESIAN_POINT('',(-28.15,-15.6,1.2));
#1870 = B_SPLINE_SURFACE_WITH_KNOTS('',1,1,(
    (#1871,#1872)
    ,(#1873,#1874
  )),.UNSPECIFIED.,.F.,.F.,.F.,(2,2),(2,2),(5.E-02,8.65),(-1.65,0.),
  .PIECEWISE_BEZIER_KNOTS.);
#1871 = CARTESIAN_POINT('',(-28.15,-15.6,9.8));
#1872 = CARTESIAN_POINT('',(-26.5,-15.6,9.8));
#1873 = CARTESIAN_POINT('',(-28.15,-15.6,1.2));
#1874 = CARTESIAN_POINT('',(-26.5,-15.6,1.2));
#1875 = ADVANCED_FACE('',(#1876,#1892),#2030,.T.);
#1876 = FACE_BOUND('',#1877,.T.);
#1877 = EDGE_LOOP('',(#1878,#1879,#1880,#1887));
#1878 = ORIENTED_EDGE('',*,*,#675,.F.);
#1879 = ORIENTED_EDGE('',*,*,#1838,.F.);
#1880 = ORIENTED_EDGE('',*,*,#1881,.T.);
#1881 = EDGE_CURVE('',#1839,#1882,#1884,.T.);
#1882 = VERTEX_POINT('',#1883);
#1883 = CARTESIAN_POINT('',(-26.55,-25.,9.5));
#1884 = B_SPLINE_CURVE_WITH_KNOTS('',1,(#1885,#1886),.UNSPECIFIED.,.F.,
  .F.,(2,2),(42.15,51.55),.PIECEWISE_BEZIER_KNOTS.);
#1885 = CARTESIAN_POINT('',(-26.55,-15.6,9.5));
#1886 = CARTESIAN_POINT('',(-26.55,-25.,9.5));
#1887 = ORIENTED_EDGE('',*,*,#1888,.T.);
#1888 = EDGE_CURVE('',#1882,#668,#1889,.T.);
#1889 = B_SPLINE_CURVE_WITH_KNOTS('',1,(#1890,#1891),.UNSPECIFIED.,.F.,
  .F.,(2,2),(0.4,8.5),.PIECEWISE_BEZIER_KNOTS.);
#1890 = CARTESIAN_POINT('',(-26.55,-25.,9.5));
#1891 = CARTESIAN_POINT('',(-26.55,-25.,1.4));
#1892 = FACE_BOUND('',#1893,.T.);
#1893 = EDGE_LOOP('',(#1894,#1927,#1934,#1965,#1972,#1995,#2002,#2025));
#1894 = ORIENTED_EDGE('',*,*,#1895,.F.);
#1895 = EDGE_CURVE('',#1896,#1898,#1900,.T.);
#1896 = VERTEX_POINT('',#1897);
#1897 = CARTESIAN_POINT('',(-26.55,-20.01463414634,7.6));
#1898 = VERTEX_POINT('',#1899);
#1899 = CARTESIAN_POINT('',(-26.55,-20.42857142857,7.3));
#1900 = B_SPLINE_CURVE_WITH_KNOTS('',7,(#1901,#1902,#1903,#1904,#1905,
    #1906,#1907,#1908,#1909,#1910,#1911,#1912,#1913,#1914,#1915,#1916,
    #1917,#1918,#1919,#1920,#1921,#1922,#1923,#1924,#1925,#1926),
  .UNSPECIFIED.,.F.,.F.,(8,6,6,6,8),(0.,0.233264199251,0.431152745139,
    0.553555959978,1.),.UNSPECIFIED.);
#1901 = CARTESIAN_POINT('',(-26.55,-20.01463414634,7.6));
#1902 = CARTESIAN_POINT('',(-26.55,-20.04050641414,7.594508676493));
#1903 = CARTESIAN_POINT('',(-26.55,-20.0658297006,7.588567444282));
#1904 = CARTESIAN_POINT('',(-26.55,-20.09047581528,7.582142167328));
#1905 = CARTESIAN_POINT('',(-26.55,-20.11430182973,7.575203358597));
#1906 = CARTESIAN_POINT('',(-26.55,-20.1371657895,7.567735301671));
#1907 = CARTESIAN_POINT('',(-26.55,-20.15894242621,7.559745172351));
#1908 = CARTESIAN_POINT('',(-26.55,-20.19701176181,7.544084121775));
#1909 = CARTESIAN_POINT('',(-26.55,-20.21364160261,7.53654599841));
#1910 = CARTESIAN_POINT('',(-26.55,-20.22937078953,7.528680516788));
#1911 = CARTESIAN_POINT('',(-26.55,-20.24418097493,7.520517722692));
#1912 = CARTESIAN_POINT('',(-26.55,-20.25808374576,7.512092154146));
#1913 = CARTESIAN_POINT('',(-26.55,-20.27111130333,7.50344001451));
#1914 = CARTESIAN_POINT('',(-26.55,-20.2908508339,7.489126127435));
#1915 = CARTESIAN_POINT('',(-26.55,-20.29807738471,7.483581822558));
#1916 = CARTESIAN_POINT('',(-26.55,-20.30499812694,7.477970884208));
#1917 = CARTESIAN_POINT('',(-26.55,-20.31162593251,7.472300292839));
#1918 = CARTESIAN_POINT('',(-26.55,-20.31797462106,7.466576433819));
#1919 = CARTESIAN_POINT('',(-26.55,-20.3240583672,7.46080497518));
#1920 = CARTESIAN_POINT('',(-26.55,-20.35116499538,7.433784372175));
#1921 = CARTESIAN_POINT('',(-26.55,-20.36907492479,7.41203389255));
#1922 = CARTESIAN_POINT('',(-26.55,-20.38436158963,7.389931754814));
#1923 = CARTESIAN_POINT('',(-26.55,-20.39759597001,7.367616725493));
#1924 = CARTESIAN_POINT('',(-26.55,-20.40917932257,7.34517214481));
#1925 = CARTESIAN_POINT('',(-26.55,-20.41942477738,7.322635651916));
#1926 = CARTESIAN_POINT('',(-26.55,-20.42857142857,7.3));
#1927 = ORIENTED_EDGE('',*,*,#1928,.F.);
#1928 = EDGE_CURVE('',#1929,#1896,#1931,.T.);
#1929 = VERTEX_POINT('',#1930);
#1930 = CARTESIAN_POINT('',(-26.55,-19.98536585365,7.6));
#1931 = B_SPLINE_CURVE_WITH_KNOTS('',1,(#1932,#1933),.UNSPECIFIED.,.F.,
  .F.,(2,2),(23.560365853658,23.589634146342),.PIECEWISE_BEZIER_KNOTS.);
#1932 = CARTESIAN_POINT('',(-26.55,-19.98536585365,7.6));
#1933 = CARTESIAN_POINT('',(-26.55,-20.01463414634,7.6));
#1934 = ORIENTED_EDGE('',*,*,#1935,.T.);
#1935 = EDGE_CURVE('',#1929,#1936,#1938,.T.);
#1936 = VERTEX_POINT('',#1937);
#1937 = CARTESIAN_POINT('',(-26.55,-19.57142857142,7.3));
#1938 = B_SPLINE_CURVE_WITH_KNOTS('',7,(#1939,#1940,#1941,#1942,#1943,
    #1944,#1945,#1946,#1947,#1948,#1949,#1950,#1951,#1952,#1953,#1954,
    #1955,#1956,#1957,#1958,#1959,#1960,#1961,#1962,#1963,#1964),
  .UNSPECIFIED.,.F.,.F.,(8,6,6,6,8),(0.,0.233264199251,0.431152745139,
    0.553555959978,1.),.UNSPECIFIED.);
#1939 = CARTESIAN_POINT('',(-26.55,-19.98536585365,7.6));
#1940 = CARTESIAN_POINT('',(-26.55,-19.95949358585,7.594508676493));
#1941 = CARTESIAN_POINT('',(-26.55,-19.93417029939,7.588567444282));
#1942 = CARTESIAN_POINT('',(-26.55,-19.90952418471,7.582142167328));
#1943 = CARTESIAN_POINT('',(-26.55,-19.88569817026,7.575203358597));
#1944 = CARTESIAN_POINT('',(-26.55,-19.86283421049,7.567735301671));
#1945 = CARTESIAN_POINT('',(-26.55,-19.84105757378,7.559745172351));
#1946 = CARTESIAN_POINT('',(-26.55,-19.80298823818,7.544084121775));
#1947 = CARTESIAN_POINT('',(-26.55,-19.78635839738,7.53654599841));
#1948 = CARTESIAN_POINT('',(-26.55,-19.77062921046,7.528680516788));
#1949 = CARTESIAN_POINT('',(-26.55,-19.75581902506,7.520517722692));
#1950 = CARTESIAN_POINT('',(-26.55,-19.74191625423,7.512092154146));
#1951 = CARTESIAN_POINT('',(-26.55,-19.72888869666,7.50344001451));
#1952 = CARTESIAN_POINT('',(-26.55,-19.70914916609,7.489126127435));
#1953 = CARTESIAN_POINT('',(-26.55,-19.70192261528,7.483581822558));
#1954 = CARTESIAN_POINT('',(-26.55,-19.69500187305,7.477970884208));
#1955 = CARTESIAN_POINT('',(-26.55,-19.68837406748,7.472300292839));
#1956 = CARTESIAN_POINT('',(-26.55,-19.68202537893,7.466576433819));
#1957 = CARTESIAN_POINT('',(-26.55,-19.67594163279,7.46080497518));
#1958 = CARTESIAN_POINT('',(-26.55,-19.64883500461,7.433784372175));
#1959 = CARTESIAN_POINT('',(-26.55,-19.6309250752,7.41203389255));
#1960 = CARTESIAN_POINT('',(-26.55,-19.61563841036,7.389931754814));
#1961 = CARTESIAN_POINT('',(-26.55,-19.60240402998,7.367616725493));
#1962 = CARTESIAN_POINT('',(-26.55,-19.59082067742,7.34517214481));
#1963 = CARTESIAN_POINT('',(-26.55,-19.58057522261,7.322635651916));
#1964 = CARTESIAN_POINT('',(-26.55,-19.57142857142,7.3));
#1965 = ORIENTED_EDGE('',*,*,#1966,.T.);
#1966 = EDGE_CURVE('',#1936,#1967,#1969,.T.);
#1967 = VERTEX_POINT('',#1968);
#1968 = CARTESIAN_POINT('',(-26.55,-19.57142857142,3.1));
#1969 = B_SPLINE_CURVE_WITH_KNOTS('',1,(#1970,#1971),.UNSPECIFIED.,.F.,
  .F.,(2,2),(-0.8,3.4),.PIECEWISE_BEZIER_KNOTS.);
#1970 = CARTESIAN_POINT('',(-26.55,-19.57142857142,7.3));
#1971 = CARTESIAN_POINT('',(-26.55,-19.57142857142,3.1));
#1972 = ORIENTED_EDGE('',*,*,#1973,.T.);
#1973 = EDGE_CURVE('',#1967,#1974,#1976,.T.);
#1974 = VERTEX_POINT('',#1975);
#1975 = CARTESIAN_POINT('',(-26.55,-19.98536585365,2.8));
#1976 = B_SPLINE_CURVE_WITH_KNOTS('',5,(#1977,#1978,#1979,#1980,#1981,
    #1982,#1983,#1984,#1985,#1986,#1987,#1988,#1989,#1990,#1991,#1992,
    #1993,#1994),.UNSPECIFIED.,.F.,.F.,(6,4,4,4,6),(0.,0.422478695324,
    0.558618913458,0.766110610513,1.),.UNSPECIFIED.);
#1977 = CARTESIAN_POINT('',(-26.55,-19.57142857142,3.1));
#1978 = CARTESIAN_POINT('',(-26.55,-19.58354558341,3.07001345518));
#1979 = CARTESIAN_POINT('',(-26.55,-19.5977312217,3.040204147333));
#1980 = CARTESIAN_POINT('',(-26.55,-19.61470031543,3.010567918214));
#1981 = CARTESIAN_POINT('',(-26.55,-19.63552123525,2.981327822231));
#1982 = CARTESIAN_POINT('',(-26.55,-19.67095442672,2.943878160675));
#1983 = CARTESIAN_POINT('',(-26.55,-19.68020666526,2.934850597985));
#1984 = CARTESIAN_POINT('',(-26.55,-19.69014176673,2.92594291623));
#1985 = CARTESIAN_POINT('',(-26.55,-19.70083065454,2.917184659945));
#1986 = CARTESIAN_POINT('',(-26.55,-19.72985905282,2.895543037647));
#1987 = CARTESIAN_POINT('',(-26.55,-19.7492789985,2.882898231448));
#1988 = CARTESIAN_POINT('',(-26.55,-19.77077623422,2.870814787168));
#1989 = CARTESIAN_POINT('',(-26.55,-19.79445355916,2.859446240425));
#1990 = CARTESIAN_POINT('',(-26.55,-19.84896392433,2.836980792044));
#1991 = CARTESIAN_POINT('',(-26.55,-19.88034311753,2.826094716748));
#1992 = CARTESIAN_POINT('',(-26.55,-19.91389015776,2.816366349067));
#1993 = CARTESIAN_POINT('',(-26.55,-19.94904865013,2.807708234738));
#1994 = CARTESIAN_POINT('',(-26.55,-19.98536585365,2.8));
#1995 = ORIENTED_EDGE('',*,*,#1996,.T.);
#1996 = EDGE_CURVE('',#1974,#1997,#1999,.T.);
#1997 = VERTEX_POINT('',#1998);
#1998 = CARTESIAN_POINT('',(-26.55,-20.01463414634,2.8));
#1999 = B_SPLINE_CURVE_WITH_KNOTS('',1,(#2000,#2001),.UNSPECIFIED.,.F.,
  .F.,(2,2),(23.560365853658,23.589634146342),.PIECEWISE_BEZIER_KNOTS.);
#2000 = CARTESIAN_POINT('',(-26.55,-19.98536585365,2.8));
#2001 = CARTESIAN_POINT('',(-26.55,-20.01463414634,2.8));
#2002 = ORIENTED_EDGE('',*,*,#2003,.F.);
#2003 = EDGE_CURVE('',#2004,#1997,#2006,.T.);
#2004 = VERTEX_POINT('',#2005);
#2005 = CARTESIAN_POINT('',(-26.55,-20.42857142857,3.1));
#2006 = B_SPLINE_CURVE_WITH_KNOTS('',5,(#2007,#2008,#2009,#2010,#2011,
    #2012,#2013,#2014,#2015,#2016,#2017,#2018,#2019,#2020,#2021,#2022,
    #2023,#2024),.UNSPECIFIED.,.F.,.F.,(6,4,4,4,6),(0.,0.422478695324,
    0.558618913458,0.766110610513,1.),.UNSPECIFIED.);
#2007 = CARTESIAN_POINT('',(-26.55,-20.42857142857,3.1));
#2008 = CARTESIAN_POINT('',(-26.55,-20.41645441658,3.07001345518));
#2009 = CARTESIAN_POINT('',(-26.55,-20.40226877829,3.040204147333));
#2010 = CARTESIAN_POINT('',(-26.55,-20.38529968456,3.010567918214));
#2011 = CARTESIAN_POINT('',(-26.55,-20.36447876474,2.981327822231));
#2012 = CARTESIAN_POINT('',(-26.55,-20.32904557327,2.943878160675));
#2013 = CARTESIAN_POINT('',(-26.55,-20.31979333473,2.934850597985));
#2014 = CARTESIAN_POINT('',(-26.55,-20.30985823326,2.92594291623));
#2015 = CARTESIAN_POINT('',(-26.55,-20.29916934545,2.917184659945));
#2016 = CARTESIAN_POINT('',(-26.55,-20.27014094717,2.895543037647));
#2017 = CARTESIAN_POINT('',(-26.55,-20.25072100149,2.882898231449));
#2018 = CARTESIAN_POINT('',(-26.55,-20.22922376577,2.870814787168));
#2019 = CARTESIAN_POINT('',(-26.55,-20.20554644083,2.859446240425));
#2020 = CARTESIAN_POINT('',(-26.55,-20.15103607566,2.836980792044));
#2021 = CARTESIAN_POINT('',(-26.55,-20.11965688247,2.826094716748));
#2022 = CARTESIAN_POINT('',(-26.55,-20.08610984223,2.816366349067));
#2023 = CARTESIAN_POINT('',(-26.55,-20.05095134986,2.807708234738));
#2024 = CARTESIAN_POINT('',(-26.55,-20.01463414634,2.8));
#2025 = ORIENTED_EDGE('',*,*,#2026,.T.);
#2026 = EDGE_CURVE('',#2004,#1898,#2027,.T.);
#2027 = B_SPLINE_CURVE_WITH_KNOTS('',1,(#2028,#2029),.UNSPECIFIED.,.F.,
  .F.,(2,2),(-3.4,0.8),.PIECEWISE_BEZIER_KNOTS.);
#2028 = CARTESIAN_POINT('',(-26.55,-20.42857142857,3.1));
#2029 = CARTESIAN_POINT('',(-26.55,-20.42857142857,7.3));
#2030 = B_SPLINE_SURFACE_WITH_KNOTS('',1,1,(
    (#2031,#2032)
    ,(#2033,#2034
    )),.UNSPECIFIED.,.F.,.F.,.F.,(2,2),(2,2),(0.4,8.5),(-51.55,-42.15),
  .PIECEWISE_BEZIER_KNOTS.);
#2031 = CARTESIAN_POINT('',(-26.55,-25.,9.5));
#2032 = CARTESIAN_POINT('',(-26.55,-15.6,9.5));
#2033 = CARTESIAN_POINT('',(-26.55,-25.,1.4));
#2034 = CARTESIAN_POINT('',(-26.55,-15.6,1.4));
#2035 = ADVANCED_FACE('',(#2036),#2053,.T.);
#2036 = FACE_BOUND('',#2037,.T.);
#2037 = EDGE_LOOP('',(#2038,#2039,#2047,#2052));
#2038 = ORIENTED_EDGE('',*,*,#1888,.F.);
#2039 = ORIENTED_EDGE('',*,*,#2040,.T.);
#2040 = EDGE_CURVE('',#1882,#2041,#2043,.T.);
#2041 = VERTEX_POINT('',#2042);
#2042 = CARTESIAN_POINT('',(-25.,-26.55,9.5));
#2043 = ( BOUNDED_CURVE() B_SPLINE_CURVE(2,(#2044,#2045,#2046),
.UNSPECIFIED.,.F.,.F.) B_SPLINE_CURVE_WITH_KNOTS((3,3),(1.570796326795,
3.14159265359),.PIECEWISE_BEZIER_KNOTS.) CURVE() 
GEOMETRIC_REPRESENTATION_ITEM() RATIONAL_B_SPLINE_CURVE((1.,
0.707106781187,1.)) REPRESENTATION_ITEM('') );
#2044 = CARTESIAN_POINT('',(-26.55,-25.,9.5));
#2045 = CARTESIAN_POINT('',(-26.55,-26.55,9.5));
#2046 = CARTESIAN_POINT('',(-25.,-26.55,9.5));
#2047 = ORIENTED_EDGE('',*,*,#2048,.T.);
#2048 = EDGE_CURVE('',#2041,#661,#2049,.T.);
#2049 = B_SPLINE_CURVE_WITH_KNOTS('',1,(#2050,#2051),.UNSPECIFIED.,.F.,
  .F.,(2,2),(0.4,8.5),.PIECEWISE_BEZIER_KNOTS.);
#2050 = CARTESIAN_POINT('',(-25.,-26.55,9.5));
#2051 = CARTESIAN_POINT('',(-25.,-26.55,1.4));
#2052 = ORIENTED_EDGE('',*,*,#667,.F.);
#2053 = ( BOUNDED_SURFACE() B_SPLINE_SURFACE(2,1,(
    (#2054,#2055)
    ,(#2056,#2057)
    ,(#2058,#2059
)),.UNSPECIFIED.,.F.,.F.,.F.) B_SPLINE_SURFACE_WITH_KNOTS((3,3),(2,2),(
    0.,1.570796326795),(0.4,8.5),.PIECEWISE_BEZIER_KNOTS.) 
GEOMETRIC_REPRESENTATION_ITEM() RATIONAL_B_SPLINE_SURFACE((
    (1.,1.)
    ,(0.707106781187,0.707106781187)
,(1.,1.))) REPRESENTATION_ITEM('') SURFACE() );
#2054 = CARTESIAN_POINT('',(-26.55,-25.,9.5));
#2055 = CARTESIAN_POINT('',(-26.55,-25.,1.4));
#2056 = CARTESIAN_POINT('',(-26.55,-26.55,9.5));
#2057 = CARTESIAN_POINT('',(-26.55,-26.55,1.4));
#2058 = CARTESIAN_POINT('',(-25.,-26.55,9.5));
#2059 = CARTESIAN_POINT('',(-25.,-26.55,1.4));
#2060 = ADVANCED_FACE('',(#2061,#2077),#2215,.F.);
#2061 = FACE_BOUND('',#2062,.F.);
#2062 = EDGE_LOOP('',(#2063,#2070,#2075,#2076));
#2063 = ORIENTED_EDGE('',*,*,#2064,.T.);
#2064 = EDGE_CURVE('',#654,#2065,#2067,.T.);
#2065 = VERTEX_POINT('',#2066);
#2066 = CARTESIAN_POINT('',(-15.6,-26.55,9.5));
#2067 = B_SPLINE_CURVE_WITH_KNOTS('',1,(#2068,#2069),.UNSPECIFIED.,.F.,
  .F.,(2,2),(-8.475,-0.375),.PIECEWISE_BEZIER_KNOTS.);
#2068 = CARTESIAN_POINT('',(-15.6,-26.55,1.4));
#2069 = CARTESIAN_POINT('',(-15.6,-26.55,9.5));
#2070 = ORIENTED_EDGE('',*,*,#2071,.F.);
#2071 = EDGE_CURVE('',#2041,#2065,#2072,.T.);
#2072 = B_SPLINE_CURVE_WITH_KNOTS('',1,(#2073,#2074),.UNSPECIFIED.,.F.,
  .F.,(2,2),(1.55,10.95),.PIECEWISE_BEZIER_KNOTS.);
#2073 = CARTESIAN_POINT('',(-25.,-26.55,9.5));
#2074 = CARTESIAN_POINT('',(-15.6,-26.55,9.5));
#2075 = ORIENTED_EDGE('',*,*,#2048,.T.);
#2076 = ORIENTED_EDGE('',*,*,#660,.T.);
#2077 = FACE_BOUND('',#2078,.F.);
#2078 = EDGE_LOOP('',(#2079,#2088,#2119,#2126,#2149,#2156,#2179,#2186));
#2079 = ORIENTED_EDGE('',*,*,#2080,.F.);
#2080 = EDGE_CURVE('',#2081,#2083,#2085,.T.);
#2081 = VERTEX_POINT('',#2082);
#2082 = CARTESIAN_POINT('',(-19.98536585365,-26.55,7.6));
#2083 = VERTEX_POINT('',#2084);
#2084 = CARTESIAN_POINT('',(-20.01463414634,-26.55,7.6));
#2085 = B_SPLINE_CURVE_WITH_KNOTS('',1,(#2086,#2087),.UNSPECIFIED.,.F.,
  .F.,(2,2),(-3.589634146341,-3.560365853659),.PIECEWISE_BEZIER_KNOTS.);
#2086 = CARTESIAN_POINT('',(-19.98536585365,-26.55,7.6));
#2087 = CARTESIAN_POINT('',(-20.01463414634,-26.55,7.6));
#2088 = ORIENTED_EDGE('',*,*,#2089,.T.);
#2089 = EDGE_CURVE('',#2081,#2090,#2092,.T.);
#2090 = VERTEX_POINT('',#2091);
#2091 = CARTESIAN_POINT('',(-19.57142857142,-26.55,7.3));
#2092 = B_SPLINE_CURVE_WITH_KNOTS('',7,(#2093,#2094,#2095,#2096,#2097,
    #2098,#2099,#2100,#2101,#2102,#2103,#2104,#2105,#2106,#2107,#2108,
    #2109,#2110,#2111,#2112,#2113,#2114,#2115,#2116,#2117,#2118),
  .UNSPECIFIED.,.F.,.F.,(8,6,6,6,8),(0.,0.233264199251,0.431152745139,
    0.553555959979,1.),.UNSPECIFIED.);
#2093 = CARTESIAN_POINT('',(-19.98536585365,-26.55,7.6));
#2094 = CARTESIAN_POINT('',(-19.95949358585,-26.55,7.594508676493));
#2095 = CARTESIAN_POINT('',(-19.93417029939,-26.55,7.588567444282));
#2096 = CARTESIAN_POINT('',(-19.90952418471,-26.55,7.582142167328));
#2097 = CARTESIAN_POINT('',(-19.88569817026,-26.55,7.575203358597));
#2098 = CARTESIAN_POINT('',(-19.86283421049,-26.55,7.567735301671));
#2099 = CARTESIAN_POINT('',(-19.84105757378,-26.55,7.559745172351));
#2100 = CARTESIAN_POINT('',(-19.80298823818,-26.55,7.544084121775));
#2101 = CARTESIAN_POINT('',(-19.78635839738,-26.55,7.53654599841));
#2102 = CARTESIAN_POINT('',(-19.77062921046,-26.55,7.528680516788));
#2103 = CARTESIAN_POINT('',(-19.75581902506,-26.55,7.520517722692));
#2104 = CARTESIAN_POINT('',(-19.74191625423,-26.55,7.512092154146));
#2105 = CARTESIAN_POINT('',(-19.72888869666,-26.55,7.50344001451));
#2106 = CARTESIAN_POINT('',(-19.70914916609,-26.55,7.489126127435));
#2107 = CARTESIAN_POINT('',(-19.70192261528,-26.55,7.483581822558));
#2108 = CARTESIAN_POINT('',(-19.69500187305,-26.55,7.477970884208));
#2109 = CARTESIAN_POINT('',(-19.68837406748,-26.55,7.472300292839));
#2110 = CARTESIAN_POINT('',(-19.68202537893,-26.55,7.466576433819));
#2111 = CARTESIAN_POINT('',(-19.67594163279,-26.55,7.46080497518));
#2112 = CARTESIAN_POINT('',(-19.64883500461,-26.55,7.433784372175));
#2113 = CARTESIAN_POINT('',(-19.6309250752,-26.55,7.41203389255));
#2114 = CARTESIAN_POINT('',(-19.61563841036,-26.55,7.389931754814));
#2115 = CARTESIAN_POINT('',(-19.60240402998,-26.55,7.367616725493));
#2116 = CARTESIAN_POINT('',(-19.59082067742,-26.55,7.34517214481));
#2117 = CARTESIAN_POINT('',(-19.58057522261,-26.55,7.322635651916));
#2118 = CARTESIAN_POINT('',(-19.57142857142,-26.55,7.3));
#2119 = ORIENTED_EDGE('',*,*,#2120,.T.);
#2120 = EDGE_CURVE('',#2090,#2121,#2123,.T.);
#2121 = VERTEX_POINT('',#2122);
#2122 = CARTESIAN_POINT('',(-19.57142857142,-26.55,3.1));
#2123 = B_SPLINE_CURVE_WITH_KNOTS('',1,(#2124,#2125),.UNSPECIFIED.,.F.,
  .F.,(2,2),(-0.8,3.4),.PIECEWISE_BEZIER_KNOTS.);
#2124 = CARTESIAN_POINT('',(-19.57142857142,-26.55,7.3));
#2125 = CARTESIAN_POINT('',(-19.57142857142,-26.55,3.1));
#2126 = ORIENTED_EDGE('',*,*,#2127,.T.);
#2127 = EDGE_CURVE('',#2121,#2128,#2130,.T.);
#2128 = VERTEX_POINT('',#2129);
#2129 = CARTESIAN_POINT('',(-19.98536585365,-26.55,2.8));
#2130 = B_SPLINE_CURVE_WITH_KNOTS('',5,(#2131,#2132,#2133,#2134,#2135,
    #2136,#2137,#2138,#2139,#2140,#2141,#2142,#2143,#2144,#2145,#2146,
    #2147,#2148),.UNSPECIFIED.,.F.,.F.,(6,4,4,4,6),(0.,0.422478695324,
    0.558618913458,0.766110610513,1.),.UNSPECIFIED.);
#2131 = CARTESIAN_POINT('',(-19.57142857142,-26.55,3.1));
#2132 = CARTESIAN_POINT('',(-19.58354558341,-26.55,3.07001345518));
#2133 = CARTESIAN_POINT('',(-19.59773122171,-26.55,3.040204147333));
#2134 = CARTESIAN_POINT('',(-19.61470031543,-26.55,3.010567918214));
#2135 = CARTESIAN_POINT('',(-19.63552123525,-26.55,2.981327822231));
#2136 = CARTESIAN_POINT('',(-19.67095442672,-26.55,2.943878160675));
#2137 = CARTESIAN_POINT('',(-19.68020666526,-26.55,2.934850597985));
#2138 = CARTESIAN_POINT('',(-19.69014176673,-26.55,2.92594291623));
#2139 = CARTESIAN_POINT('',(-19.70083065454,-26.55,2.917184659945));
#2140 = CARTESIAN_POINT('',(-19.72985905282,-26.55,2.895543037647));
#2141 = CARTESIAN_POINT('',(-19.7492789985,-26.55,2.882898231449));
#2142 = CARTESIAN_POINT('',(-19.77077623422,-26.55,2.870814787168));
#2143 = CARTESIAN_POINT('',(-19.79445355916,-26.55,2.859446240425));
#2144 = CARTESIAN_POINT('',(-19.84896392433,-26.55,2.836980792044));
#2145 = CARTESIAN_POINT('',(-19.88034311753,-26.55,2.826094716748));
#2146 = CARTESIAN_POINT('',(-19.91389015776,-26.55,2.816366349067));
#2147 = CARTESIAN_POINT('',(-19.94904865013,-26.55,2.807708234738));
#2148 = CARTESIAN_POINT('',(-19.98536585365,-26.55,2.8));
#2149 = ORIENTED_EDGE('',*,*,#2150,.T.);
#2150 = EDGE_CURVE('',#2128,#2151,#2153,.T.);
#2151 = VERTEX_POINT('',#2152);
#2152 = CARTESIAN_POINT('',(-20.01463414634,-26.55,2.8));
#2153 = B_SPLINE_CURVE_WITH_KNOTS('',1,(#2154,#2155),.UNSPECIFIED.,.F.,
  .F.,(2,2),(-3.589634146341,-3.560365853659),.PIECEWISE_BEZIER_KNOTS.);
#2154 = CARTESIAN_POINT('',(-19.98536585365,-26.55,2.8));
#2155 = CARTESIAN_POINT('',(-20.01463414634,-26.55,2.8));
#2156 = ORIENTED_EDGE('',*,*,#2157,.F.);
#2157 = EDGE_CURVE('',#2158,#2151,#2160,.T.);
#2158 = VERTEX_POINT('',#2159);
#2159 = CARTESIAN_POINT('',(-20.42857142857,-26.55,3.1));
#2160 = B_SPLINE_CURVE_WITH_KNOTS('',5,(#2161,#2162,#2163,#2164,#2165,
    #2166,#2167,#2168,#2169,#2170,#2171,#2172,#2173,#2174,#2175,#2176,
    #2177,#2178),.UNSPECIFIED.,.F.,.F.,(6,4,4,4,6),(0.,0.422478695324,
    0.558618913458,0.766110610513,1.),.UNSPECIFIED.);
#2161 = CARTESIAN_POINT('',(-20.42857142857,-26.55,3.1));
#2162 = CARTESIAN_POINT('',(-20.41645441658,-26.55,3.07001345518));
#2163 = CARTESIAN_POINT('',(-20.40226877829,-26.55,3.040204147333));
#2164 = CARTESIAN_POINT('',(-20.38529968456,-26.55,3.010567918214));
#2165 = CARTESIAN_POINT('',(-20.36447876474,-26.55,2.981327822231));
#2166 = CARTESIAN_POINT('',(-20.32904557327,-26.55,2.943878160675));
#2167 = CARTESIAN_POINT('',(-20.31979333473,-26.55,2.934850597985));
#2168 = CARTESIAN_POINT('',(-20.30985823326,-26.55,2.92594291623));
#2169 = CARTESIAN_POINT('',(-20.29916934545,-26.55,2.917184659945));
#2170 = CARTESIAN_POINT('',(-20.27014094717,-26.55,2.895543037647));
#2171 = CARTESIAN_POINT('',(-20.25072100149,-26.55,2.882898231449));
#2172 = CARTESIAN_POINT('',(-20.22922376577,-26.55,2.870814787168));
#2173 = CARTESIAN_POINT('',(-20.20554644083,-26.55,2.859446240425));
#2174 = CARTESIAN_POINT('',(-20.15103607566,-26.55,2.836980792044));
#2175 = CARTESIAN_POINT('',(-20.11965688247,-26.55,2.826094716748));
#2176 = CARTESIAN_POINT('',(-20.08610984223,-26.55,2.816366349067));
#2177 = CARTESIAN_POINT('',(-20.05095134986,-26.55,2.807708234738));
#2178 = CARTESIAN_POINT('',(-20.01463414634,-26.55,2.8));
#2179 = ORIENTED_EDGE('',*,*,#2180,.T.);
#2180 = EDGE_CURVE('',#2158,#2181,#2183,.T.);
#2181 = VERTEX_POINT('',#2182);
#2182 = CARTESIAN_POINT('',(-20.42857142857,-26.55,7.3));
#2183 = B_SPLINE_CURVE_WITH_KNOTS('',1,(#2184,#2185),.UNSPECIFIED.,.F.,
  .F.,(2,2),(-3.4,0.8),.PIECEWISE_BEZIER_KNOTS.);
#2184 = CARTESIAN_POINT('',(-20.42857142857,-26.55,3.1));
#2185 = CARTESIAN_POINT('',(-20.42857142857,-26.55,7.3));
#2186 = ORIENTED_EDGE('',*,*,#2187,.F.);
#2187 = EDGE_CURVE('',#2083,#2181,#2188,.T.);
#2188 = B_SPLINE_CURVE_WITH_KNOTS('',7,(#2189,#2190,#2191,#2192,#2193,
    #2194,#2195,#2196,#2197,#2198,#2199,#2200,#2201,#2202,#2203,#2204,
    #2205,#2206,#2207,#2208,#2209,#2210,#2211,#2212,#2213,#2214),
  .UNSPECIFIED.,.F.,.F.,(8,6,6,6,8),(0.,0.23326419925,0.431152745139,
    0.553555959978,1.),.UNSPECIFIED.);
#2189 = CARTESIAN_POINT('',(-20.01463414634,-26.55,7.6));
#2190 = CARTESIAN_POINT('',(-20.04050641414,-26.55,7.594508676493));
#2191 = CARTESIAN_POINT('',(-20.0658297006,-26.55,7.588567444282));
#2192 = CARTESIAN_POINT('',(-20.09047581528,-26.55,7.582142167328));
#2193 = CARTESIAN_POINT('',(-20.11430182973,-26.55,7.575203358597));
#2194 = CARTESIAN_POINT('',(-20.1371657895,-26.55,7.567735301671));
#2195 = CARTESIAN_POINT('',(-20.15894242621,-26.55,7.559745172351));
#2196 = CARTESIAN_POINT('',(-20.19701176181,-26.55,7.544084121775));
#2197 = CARTESIAN_POINT('',(-20.21364160261,-26.55,7.53654599841));
#2198 = CARTESIAN_POINT('',(-20.22937078953,-26.55,7.528680516788));
#2199 = CARTESIAN_POINT('',(-20.24418097493,-26.55,7.520517722692));
#2200 = CARTESIAN_POINT('',(-20.25808374576,-26.55,7.512092154146));
#2201 = CARTESIAN_POINT('',(-20.27111130333,-26.55,7.50344001451));
#2202 = CARTESIAN_POINT('',(-20.2908508339,-26.55,7.489126127435));
#2203 = CARTESIAN_POINT('',(-20.29807738471,-26.55,7.483581822558));
#2204 = CARTESIAN_POINT('',(-20.30499812694,-26.55,7.477970884208));
#2205 = CARTESIAN_POINT('',(-20.31162593251,-26.55,7.472300292839));
#2206 = CARTESIAN_POINT('',(-20.31797462106,-26.55,7.466576433819));
#2207 = CARTESIAN_POINT('',(-20.3240583672,-26.55,7.46080497518));
#2208 = CARTESIAN_POINT('',(-20.35116499538,-26.55,7.433784372175));
#2209 = CARTESIAN_POINT('',(-20.36907492479,-26.55,7.41203389255));
#2210 = CARTESIAN_POINT('',(-20.38436158963,-26.55,7.389931754814));
#2211 = CARTESIAN_POINT('',(-20.39759597001,-26.55,7.367616725493));
#2212 = CARTESIAN_POINT('',(-20.40917932257,-26.55,7.34517214481));
#2213 = CARTESIAN_POINT('',(-20.41942477738,-26.55,7.322635651916));
#2214 = CARTESIAN_POINT('',(-20.42857142857,-26.55,7.3));
#2215 = B_SPLINE_SURFACE_WITH_KNOTS('',1,1,(
    (#2216,#2217)
    ,(#2218,#2219
    )),.UNSPECIFIED.,.F.,.F.,.F.,(2,2),(2,2),(0.4,8.5),(1.55,10.95),
  .PIECEWISE_BEZIER_KNOTS.);
#2216 = CARTESIAN_POINT('',(-25.,-26.55,9.5));
#2217 = CARTESIAN_POINT('',(-15.6,-26.55,9.5));
#2218 = CARTESIAN_POINT('',(-25.,-26.55,1.4));
#2219 = CARTESIAN_POINT('',(-15.6,-26.55,1.4));
#2220 = ADVANCED_FACE('',(#2221),#2258,.T.);
#2221 = FACE_BOUND('',#2222,.T.);
#2222 = EDGE_LOOP('',(#2223,#2230,#2231,#2232,#2239,#2246,#2253));
#2223 = ORIENTED_EDGE('',*,*,#2224,.F.);
#2224 = EDGE_CURVE('',#647,#2225,#2227,.T.);
#2225 = VERTEX_POINT('',#2226);
#2226 = CARTESIAN_POINT('',(-15.6,-26.5,1.2));
#2227 = B_SPLINE_CURVE_WITH_KNOTS('',1,(#2228,#2229),.UNSPECIFIED.,.F.,
  .F.,(2,2),(8.45,8.65),.PIECEWISE_BEZIER_KNOTS.);
#2228 = CARTESIAN_POINT('',(-15.6,-26.5,1.4));
#2229 = CARTESIAN_POINT('',(-15.6,-26.5,1.2));
#2230 = ORIENTED_EDGE('',*,*,#653,.T.);
#2231 = ORIENTED_EDGE('',*,*,#2064,.T.);
#2232 = ORIENTED_EDGE('',*,*,#2233,.T.);
#2233 = EDGE_CURVE('',#2065,#2234,#2236,.T.);
#2234 = VERTEX_POINT('',#2235);
#2235 = CARTESIAN_POINT('',(-15.6,-26.84900332225,9.8));
#2236 = B_SPLINE_CURVE_WITH_KNOTS('',1,(#2237,#2238),.UNSPECIFIED.,.F.,
  .F.,(2,2),(-0.106301180105,0.317258717338),.PIECEWISE_BEZIER_KNOTS.);
#2237 = CARTESIAN_POINT('',(-15.6,-26.55,9.5));
#2238 = CARTESIAN_POINT('',(-15.6,-26.84900332225,9.8));
#2239 = ORIENTED_EDGE('',*,*,#2240,.T.);
#2240 = EDGE_CURVE('',#2234,#2241,#2243,.T.);
#2241 = VERTEX_POINT('',#2242);
#2242 = CARTESIAN_POINT('',(-15.6,-28.15,9.8));
#2243 = B_SPLINE_CURVE_WITH_KNOTS('',1,(#2244,#2245),.UNSPECIFIED.,.F.,
  .F.,(2,2),(28.099003322259,29.4),.PIECEWISE_BEZIER_KNOTS.);
#2244 = CARTESIAN_POINT('',(-15.6,-26.84900332225,9.8));
#2245 = CARTESIAN_POINT('',(-15.6,-28.15,9.8));
#2246 = ORIENTED_EDGE('',*,*,#2247,.T.);
#2247 = EDGE_CURVE('',#2241,#2248,#2250,.T.);
#2248 = VERTEX_POINT('',#2249);
#2249 = CARTESIAN_POINT('',(-15.6,-28.15,1.2));
#2250 = B_SPLINE_CURVE_WITH_KNOTS('',1,(#2251,#2252),.UNSPECIFIED.,.F.,
  .F.,(2,2),(5.E-02,8.65),.PIECEWISE_BEZIER_KNOTS.);
#2251 = CARTESIAN_POINT('',(-15.6,-28.15,9.8));
#2252 = CARTESIAN_POINT('',(-15.6,-28.15,1.2));
#2253 = ORIENTED_EDGE('',*,*,#2254,.F.);
#2254 = EDGE_CURVE('',#2225,#2248,#2255,.T.);
#2255 = B_SPLINE_CURVE_WITH_KNOTS('',1,(#2256,#2257),.UNSPECIFIED.,.F.,
  .F.,(2,2),(0.,1.65),.PIECEWISE_BEZIER_KNOTS.);
#2256 = CARTESIAN_POINT('',(-15.6,-26.5,1.2));
#2257 = CARTESIAN_POINT('',(-15.6,-28.15,1.2));
#2258 = B_SPLINE_SURFACE_WITH_KNOTS('',1,1,(
    (#2259,#2260)
    ,(#2261,#2262
  )),.UNSPECIFIED.,.F.,.F.,.F.,(2,2),(2,2),(5.E-02,8.65),(-1.65,0.),
  .PIECEWISE_BEZIER_KNOTS.);
#2259 = CARTESIAN_POINT('',(-15.6,-28.15,9.8));
#2260 = CARTESIAN_POINT('',(-15.6,-26.5,9.8));
#2261 = CARTESIAN_POINT('',(-15.6,-28.15,1.2));
#2262 = CARTESIAN_POINT('',(-15.6,-26.5,1.2));
#2263 = ADVANCED_FACE('',(#2264),#2280,.T.);
#2264 = FACE_BOUND('',#2265,.T.);
#2265 = EDGE_LOOP('',(#2266,#2267,#2268,#2275));
#2266 = ORIENTED_EDGE('',*,*,#646,.T.);
#2267 = ORIENTED_EDGE('',*,*,#2224,.T.);
#2268 = ORIENTED_EDGE('',*,*,#2269,.T.);
#2269 = EDGE_CURVE('',#2225,#2270,#2272,.T.);
#2270 = VERTEX_POINT('',#2271);
#2271 = CARTESIAN_POINT('',(-15.,-26.5,1.2));
#2272 = B_SPLINE_CURVE_WITH_KNOTS('',1,(#2273,#2274),.UNSPECIFIED.,.F.,
  .F.,(2,2),(0.,0.6),.PIECEWISE_BEZIER_KNOTS.);
#2273 = CARTESIAN_POINT('',(-15.6,-26.5,1.2));
#2274 = CARTESIAN_POINT('',(-15.,-26.5,1.2));
#2275 = ORIENTED_EDGE('',*,*,#2276,.F.);
#2276 = EDGE_CURVE('',#640,#2270,#2277,.T.);
#2277 = B_SPLINE_CURVE_WITH_KNOTS('',1,(#2278,#2279),.UNSPECIFIED.,.F.,
  .F.,(2,2),(8.45,8.65),.PIECEWISE_BEZIER_KNOTS.);
#2278 = CARTESIAN_POINT('',(-15.,-26.5,1.4));
#2279 = CARTESIAN_POINT('',(-15.,-26.5,1.2));
#2280 = B_SPLINE_SURFACE_WITH_KNOTS('',1,1,(
    (#2281,#2282)
    ,(#2283,#2284
    )),.UNSPECIFIED.,.F.,.F.,.F.,(2,2),(2,2),(8.45,8.65),(0.,0.6),
  .PIECEWISE_BEZIER_KNOTS.);
#2281 = CARTESIAN_POINT('',(-15.6,-26.5,1.4));
#2282 = CARTESIAN_POINT('',(-15.,-26.5,1.4));
#2283 = CARTESIAN_POINT('',(-15.6,-26.5,1.2));
#2284 = CARTESIAN_POINT('',(-15.,-26.5,1.2));
#2285 = ADVANCED_FACE('',(#2286),#2345,.T.);
#2286 = FACE_BOUND('',#2287,.T.);
#2287 = EDGE_LOOP('',(#2288,#2297,#2304,#2311,#2318,#2325,#2330,#2331,
    #2332,#2339));
#2288 = ORIENTED_EDGE('',*,*,#2289,.F.);
#2289 = EDGE_CURVE('',#2290,#2292,#2294,.T.);
#2290 = VERTEX_POINT('',#2291);
#2291 = CARTESIAN_POINT('',(-15.,-27.55,9.4));
#2292 = VERTEX_POINT('',#2293);
#2293 = CARTESIAN_POINT('',(-15.,-27.55,1.5));
#2294 = B_SPLINE_CURVE_WITH_KNOTS('',1,(#2295,#2296),.UNSPECIFIED.,.F.,
  .F.,(2,2),(0.,7.9),.PIECEWISE_BEZIER_KNOTS.);
#2295 = CARTESIAN_POINT('',(-15.,-27.55,9.4));
#2296 = CARTESIAN_POINT('',(-15.,-27.55,1.5));
#2297 = ORIENTED_EDGE('',*,*,#2298,.F.);
#2298 = EDGE_CURVE('',#2299,#2290,#2301,.T.);
#2299 = VERTEX_POINT('',#2300);
#2300 = CARTESIAN_POINT('',(-15.,-26.55,9.4));
#2301 = B_SPLINE_CURVE_WITH_KNOTS('',1,(#2302,#2303),.UNSPECIFIED.,.F.,
  .F.,(2,2),(5.E-02,1.05),.PIECEWISE_BEZIER_KNOTS.);
#2302 = CARTESIAN_POINT('',(-15.,-26.55,9.4));
#2303 = CARTESIAN_POINT('',(-15.,-27.55,9.4));
#2304 = ORIENTED_EDGE('',*,*,#2305,.T.);
#2305 = EDGE_CURVE('',#2299,#2306,#2308,.T.);
#2306 = VERTEX_POINT('',#2307);
#2307 = CARTESIAN_POINT('',(-15.,-26.,8.8));
#2308 = B_SPLINE_CURVE_WITH_KNOTS('',1,(#2309,#2310),.UNSPECIFIED.,.F.,
  .F.,(2,2),(0.,0.813941029805),.PIECEWISE_BEZIER_KNOTS.);
#2309 = CARTESIAN_POINT('',(-15.,-26.55,9.4));
#2310 = CARTESIAN_POINT('',(-15.,-26.,8.8));
#2311 = ORIENTED_EDGE('',*,*,#2312,.T.);
#2312 = EDGE_CURVE('',#2306,#2313,#2315,.T.);
#2313 = VERTEX_POINT('',#2314);
#2314 = CARTESIAN_POINT('',(-15.,-26.,8.4));
#2315 = B_SPLINE_CURVE_WITH_KNOTS('',1,(#2316,#2317),.UNSPECIFIED.,.F.,
  .F.,(2,2),(0.,0.4),.PIECEWISE_BEZIER_KNOTS.);
#2316 = CARTESIAN_POINT('',(-15.,-26.,8.8));
#2317 = CARTESIAN_POINT('',(-15.,-26.,8.4));
#2318 = ORIENTED_EDGE('',*,*,#2319,.T.);
#2319 = EDGE_CURVE('',#2313,#2320,#2322,.T.);
#2320 = VERTEX_POINT('',#2321);
#2321 = CARTESIAN_POINT('',(-15.,-26.55,8.4));
#2322 = B_SPLINE_CURVE_WITH_KNOTS('',1,(#2323,#2324),.UNSPECIFIED.,.F.,
  .F.,(2,2),(0.,0.55),.PIECEWISE_BEZIER_KNOTS.);
#2323 = CARTESIAN_POINT('',(-15.,-26.,8.4));
#2324 = CARTESIAN_POINT('',(-15.,-26.55,8.4));
#2325 = ORIENTED_EDGE('',*,*,#2326,.F.);
#2326 = EDGE_CURVE('',#633,#2320,#2327,.T.);
#2327 = B_SPLINE_CURVE_WITH_KNOTS('',1,(#2328,#2329),.UNSPECIFIED.,.F.,
  .F.,(2,2),(-8.475,-1.475),.PIECEWISE_BEZIER_KNOTS.);
#2328 = CARTESIAN_POINT('',(-15.,-26.55,1.4));
#2329 = CARTESIAN_POINT('',(-15.,-26.55,8.4));
#2330 = ORIENTED_EDGE('',*,*,#639,.F.);
#2331 = ORIENTED_EDGE('',*,*,#2276,.T.);
#2332 = ORIENTED_EDGE('',*,*,#2333,.T.);
#2333 = EDGE_CURVE('',#2270,#2334,#2336,.T.);
#2334 = VERTEX_POINT('',#2335);
#2335 = CARTESIAN_POINT('',(-15.,-27.85,1.2));
#2336 = B_SPLINE_CURVE_WITH_KNOTS('',1,(#2337,#2338),.UNSPECIFIED.,.F.,
  .F.,(2,2),(-0.575735294118,0.774264705882),.PIECEWISE_BEZIER_KNOTS.);
#2337 = CARTESIAN_POINT('',(-15.,-26.5,1.2));
#2338 = CARTESIAN_POINT('',(-15.,-27.85,1.2));
#2339 = ORIENTED_EDGE('',*,*,#2340,.F.);
#2340 = EDGE_CURVE('',#2292,#2334,#2341,.T.);
#2341 = ( BOUNDED_CURVE() B_SPLINE_CURVE(2,(#2342,#2343,#2344),
.UNSPECIFIED.,.F.,.F.) B_SPLINE_CURVE_WITH_KNOTS((3,3),(4.712388980385,
6.28318530718),.PIECEWISE_BEZIER_KNOTS.) CURVE() 
GEOMETRIC_REPRESENTATION_ITEM() RATIONAL_B_SPLINE_CURVE((1.,
0.707106781187,1.)) REPRESENTATION_ITEM('') );
#2342 = CARTESIAN_POINT('',(-15.,-27.55,1.5));
#2343 = CARTESIAN_POINT('',(-15.,-27.55,1.2));
#2344 = CARTESIAN_POINT('',(-15.,-27.85,1.2));
#2345 = B_SPLINE_SURFACE_WITH_KNOTS('',1,1,(
    (#2346,#2347)
    ,(#2348,#2349
    )),.UNSPECIFIED.,.F.,.F.,.F.,(2,2),(2,2),(-4.110933722237,
    4.089066277763),(-0.835924725414,1.014075274586),
  .PIECEWISE_BEZIER_KNOTS.);
#2346 = CARTESIAN_POINT('',(-15.,-27.85,1.2));
#2347 = CARTESIAN_POINT('',(-15.,-26.,1.2));
#2348 = CARTESIAN_POINT('',(-15.,-27.85,9.4));
#2349 = CARTESIAN_POINT('',(-15.,-26.,9.4));
#2350 = ADVANCED_FACE('',(#2351),#2367,.F.);
#2351 = FACE_BOUND('',#2352,.F.);
#2352 = EDGE_LOOP('',(#2353,#2354,#2355,#2362));
#2353 = ORIENTED_EDGE('',*,*,#2326,.F.);
#2354 = ORIENTED_EDGE('',*,*,#632,.T.);
#2355 = ORIENTED_EDGE('',*,*,#2356,.T.);
#2356 = EDGE_CURVE('',#626,#2357,#2359,.T.);
#2357 = VERTEX_POINT('',#2358);
#2358 = CARTESIAN_POINT('',(-7.,-26.55,8.4));
#2359 = B_SPLINE_CURVE_WITH_KNOTS('',1,(#2360,#2361),.UNSPECIFIED.,.F.,
  .F.,(2,2),(-8.475,-1.475),.PIECEWISE_BEZIER_KNOTS.);
#2360 = CARTESIAN_POINT('',(-7.,-26.55,1.4));
#2361 = CARTESIAN_POINT('',(-7.,-26.55,8.4));
#2362 = ORIENTED_EDGE('',*,*,#2363,.F.);
#2363 = EDGE_CURVE('',#2320,#2357,#2364,.T.);
#2364 = B_SPLINE_CURVE_WITH_KNOTS('',1,(#2365,#2366),.UNSPECIFIED.,.F.,
  .F.,(2,2),(0.,8.),.PIECEWISE_BEZIER_KNOTS.);
#2365 = CARTESIAN_POINT('',(-15.,-26.55,8.4));
#2366 = CARTESIAN_POINT('',(-7.,-26.55,8.4));
#2367 = B_SPLINE_SURFACE_WITH_KNOTS('',1,1,(
    (#2368,#2369)
    ,(#2370,#2371
    )),.UNSPECIFIED.,.F.,.F.,.F.,(2,2),(2,2),(1.5,8.5),(11.55,19.55),
  .PIECEWISE_BEZIER_KNOTS.);
#2368 = CARTESIAN_POINT('',(-15.,-26.55,8.4));
#2369 = CARTESIAN_POINT('',(-7.,-26.55,8.4));
#2370 = CARTESIAN_POINT('',(-15.,-26.55,1.4));
#2371 = CARTESIAN_POINT('',(-7.,-26.55,1.4));
#2372 = ADVANCED_FACE('',(#2373),#2432,.T.);
#2373 = FACE_BOUND('',#2374,.T.);
#2374 = EDGE_LOOP('',(#2375,#2384,#2392,#2399,#2404,#2405,#2406,#2413,
    #2420,#2427));
#2375 = ORIENTED_EDGE('',*,*,#2376,.T.);
#2376 = EDGE_CURVE('',#2377,#2379,#2381,.T.);
#2377 = VERTEX_POINT('',#2378);
#2378 = CARTESIAN_POINT('',(-7.,-27.55,9.4));
#2379 = VERTEX_POINT('',#2380);
#2380 = CARTESIAN_POINT('',(-7.,-27.55,1.5));
#2381 = B_SPLINE_CURVE_WITH_KNOTS('',1,(#2382,#2383),.UNSPECIFIED.,.F.,
  .F.,(2,2),(0.,7.9),.PIECEWISE_BEZIER_KNOTS.);
#2382 = CARTESIAN_POINT('',(-7.,-27.55,9.4));
#2383 = CARTESIAN_POINT('',(-7.,-27.55,1.5));
#2384 = ORIENTED_EDGE('',*,*,#2385,.T.);
#2385 = EDGE_CURVE('',#2379,#2386,#2388,.T.);
#2386 = VERTEX_POINT('',#2387);
#2387 = CARTESIAN_POINT('',(-7.,-27.85,1.2));
#2388 = ( BOUNDED_CURVE() B_SPLINE_CURVE(2,(#2389,#2390,#2391),
.UNSPECIFIED.,.F.,.F.) B_SPLINE_CURVE_WITH_KNOTS((3,3),(4.712388980385,
6.28318530718),.PIECEWISE_BEZIER_KNOTS.) CURVE() 
GEOMETRIC_REPRESENTATION_ITEM() RATIONAL_B_SPLINE_CURVE((1.,
0.707106781187,1.)) REPRESENTATION_ITEM('') );
#2389 = CARTESIAN_POINT('',(-7.,-27.55,1.5));
#2390 = CARTESIAN_POINT('',(-7.,-27.55,1.2));
#2391 = CARTESIAN_POINT('',(-7.,-27.85,1.2));
#2392 = ORIENTED_EDGE('',*,*,#2393,.F.);
#2393 = EDGE_CURVE('',#2394,#2386,#2396,.T.);
#2394 = VERTEX_POINT('',#2395);
#2395 = CARTESIAN_POINT('',(-7.,-26.5,1.2));
#2396 = B_SPLINE_CURVE_WITH_KNOTS('',1,(#2397,#2398),.UNSPECIFIED.,.F.,
  .F.,(2,2),(0.,1.35),.PIECEWISE_BEZIER_KNOTS.);
#2397 = CARTESIAN_POINT('',(-7.,-26.5,1.2));
#2398 = CARTESIAN_POINT('',(-7.,-27.85,1.2));
#2399 = ORIENTED_EDGE('',*,*,#2400,.F.);
#2400 = EDGE_CURVE('',#619,#2394,#2401,.T.);
#2401 = B_SPLINE_CURVE_WITH_KNOTS('',1,(#2402,#2403),.UNSPECIFIED.,.F.,
  .F.,(2,2),(8.45,8.65),.PIECEWISE_BEZIER_KNOTS.);
#2402 = CARTESIAN_POINT('',(-7.,-26.5,1.4));
#2403 = CARTESIAN_POINT('',(-7.,-26.5,1.2));
#2404 = ORIENTED_EDGE('',*,*,#625,.T.);
#2405 = ORIENTED_EDGE('',*,*,#2356,.T.);
#2406 = ORIENTED_EDGE('',*,*,#2407,.F.);
#2407 = EDGE_CURVE('',#2408,#2357,#2410,.T.);
#2408 = VERTEX_POINT('',#2409);
#2409 = CARTESIAN_POINT('',(-7.,-26.,8.4));
#2410 = B_SPLINE_CURVE_WITH_KNOTS('',1,(#2411,#2412),.UNSPECIFIED.,.F.,
  .F.,(2,2),(0.,0.55),.PIECEWISE_BEZIER_KNOTS.);
#2411 = CARTESIAN_POINT('',(-7.,-26.,8.4));
#2412 = CARTESIAN_POINT('',(-7.,-26.55,8.4));
#2413 = ORIENTED_EDGE('',*,*,#2414,.F.);
#2414 = EDGE_CURVE('',#2415,#2408,#2417,.T.);
#2415 = VERTEX_POINT('',#2416);
#2416 = CARTESIAN_POINT('',(-7.,-26.,8.8));
#2417 = B_SPLINE_CURVE_WITH_KNOTS('',1,(#2418,#2419),.UNSPECIFIED.,.F.,
  .F.,(2,2),(0.,0.4),.PIECEWISE_BEZIER_KNOTS.);
#2418 = CARTESIAN_POINT('',(-7.,-26.,8.8));
#2419 = CARTESIAN_POINT('',(-7.,-26.,8.4));
#2420 = ORIENTED_EDGE('',*,*,#2421,.F.);
#2421 = EDGE_CURVE('',#2422,#2415,#2424,.T.);
#2422 = VERTEX_POINT('',#2423);
#2423 = CARTESIAN_POINT('',(-7.,-26.55,9.4));
#2424 = B_SPLINE_CURVE_WITH_KNOTS('',1,(#2425,#2426),.UNSPECIFIED.,.F.,
  .F.,(2,2),(0.,0.813941029805),.PIECEWISE_BEZIER_KNOTS.);
#2425 = CARTESIAN_POINT('',(-7.,-26.55,9.4));
#2426 = CARTESIAN_POINT('',(-7.,-26.,8.8));
#2427 = ORIENTED_EDGE('',*,*,#2428,.T.);
#2428 = EDGE_CURVE('',#2422,#2377,#2429,.T.);
#2429 = B_SPLINE_CURVE_WITH_KNOTS('',1,(#2430,#2431),.UNSPECIFIED.,.F.,
  .F.,(2,2),(5.E-02,1.05),.PIECEWISE_BEZIER_KNOTS.);
#2430 = CARTESIAN_POINT('',(-7.,-26.55,9.4));
#2431 = CARTESIAN_POINT('',(-7.,-27.55,9.4));
#2432 = B_SPLINE_SURFACE_WITH_KNOTS('',1,1,(
    (#2433,#2434)
    ,(#2435,#2436
    )),.UNSPECIFIED.,.F.,.F.,.F.,(2,2),(2,2),(-4.089066277763,
    4.110933722237),(-0.835924725414,1.014075274586),
  .PIECEWISE_BEZIER_KNOTS.);
#2433 = CARTESIAN_POINT('',(-7.,-27.85,9.4));
#2434 = CARTESIAN_POINT('',(-7.,-26.,9.4));
#2435 = CARTESIAN_POINT('',(-7.,-27.85,1.2));
#2436 = CARTESIAN_POINT('',(-7.,-26.,1.2));
#2437 = ADVANCED_FACE('',(#2438),#2454,.T.);
#2438 = FACE_BOUND('',#2439,.T.);
#2439 = EDGE_LOOP('',(#2440,#2447,#2448,#2449));
#2440 = ORIENTED_EDGE('',*,*,#2441,.F.);
#2441 = EDGE_CURVE('',#612,#2442,#2444,.T.);
#2442 = VERTEX_POINT('',#2443);
#2443 = CARTESIAN_POINT('',(-6.4,-26.5,1.2));
#2444 = B_SPLINE_CURVE_WITH_KNOTS('',1,(#2445,#2446),.UNSPECIFIED.,.F.,
  .F.,(2,2),(8.45,8.65),.PIECEWISE_BEZIER_KNOTS.);
#2445 = CARTESIAN_POINT('',(-6.4,-26.5,1.4));
#2446 = CARTESIAN_POINT('',(-6.4,-26.5,1.2));
#2447 = ORIENTED_EDGE('',*,*,#618,.T.);
#2448 = ORIENTED_EDGE('',*,*,#2400,.T.);
#2449 = ORIENTED_EDGE('',*,*,#2450,.T.);
#2450 = EDGE_CURVE('',#2394,#2442,#2451,.T.);
#2451 = B_SPLINE_CURVE_WITH_KNOTS('',1,(#2452,#2453),.UNSPECIFIED.,.F.,
  .F.,(2,2),(0.,0.6),.PIECEWISE_BEZIER_KNOTS.);
#2452 = CARTESIAN_POINT('',(-7.,-26.5,1.2));
#2453 = CARTESIAN_POINT('',(-6.4,-26.5,1.2));
#2454 = B_SPLINE_SURFACE_WITH_KNOTS('',1,1,(
    (#2455,#2456)
    ,(#2457,#2458
    )),.UNSPECIFIED.,.F.,.F.,.F.,(2,2),(2,2),(8.45,8.65),(0.,0.6),
  .PIECEWISE_BEZIER_KNOTS.);
#2455 = CARTESIAN_POINT('',(-7.,-26.5,1.4));
#2456 = CARTESIAN_POINT('',(-6.4,-26.5,1.4));
#2457 = CARTESIAN_POINT('',(-7.,-26.5,1.2));
#2458 = CARTESIAN_POINT('',(-6.4,-26.5,1.2));
#2459 = ADVANCED_FACE('',(#2460),#2497,.F.);
#2460 = FACE_BOUND('',#2461,.F.);
#2461 = EDGE_LOOP('',(#2462,#2463,#2464,#2471,#2478,#2485,#2492));
#2462 = ORIENTED_EDGE('',*,*,#2441,.F.);
#2463 = ORIENTED_EDGE('',*,*,#611,.T.);
#2464 = ORIENTED_EDGE('',*,*,#2465,.T.);
#2465 = EDGE_CURVE('',#605,#2466,#2468,.T.);
#2466 = VERTEX_POINT('',#2467);
#2467 = CARTESIAN_POINT('',(-6.4,-26.55,9.5));
#2468 = B_SPLINE_CURVE_WITH_KNOTS('',1,(#2469,#2470),.UNSPECIFIED.,.F.,
  .F.,(2,2),(-8.475,-0.375),.PIECEWISE_BEZIER_KNOTS.);
#2469 = CARTESIAN_POINT('',(-6.4,-26.55,1.4));
#2470 = CARTESIAN_POINT('',(-6.4,-26.55,9.5));
#2471 = ORIENTED_EDGE('',*,*,#2472,.T.);
#2472 = EDGE_CURVE('',#2466,#2473,#2475,.T.);
#2473 = VERTEX_POINT('',#2474);
#2474 = CARTESIAN_POINT('',(-6.4,-26.84900332225,9.8));
#2475 = B_SPLINE_CURVE_WITH_KNOTS('',1,(#2476,#2477),.UNSPECIFIED.,.F.,
  .F.,(2,2),(-0.106301180105,0.317258717338),.PIECEWISE_BEZIER_KNOTS.);
#2476 = CARTESIAN_POINT('',(-6.4,-26.55,9.5));
#2477 = CARTESIAN_POINT('',(-6.4,-26.84900332225,9.8));
#2478 = ORIENTED_EDGE('',*,*,#2479,.T.);
#2479 = EDGE_CURVE('',#2473,#2480,#2482,.T.);
#2480 = VERTEX_POINT('',#2481);
#2481 = CARTESIAN_POINT('',(-6.4,-28.15,9.8));
#2482 = B_SPLINE_CURVE_WITH_KNOTS('',1,(#2483,#2484),.UNSPECIFIED.,.F.,
  .F.,(2,2),(28.099003322259,29.4),.PIECEWISE_BEZIER_KNOTS.);
#2483 = CARTESIAN_POINT('',(-6.4,-26.84900332225,9.8));
#2484 = CARTESIAN_POINT('',(-6.4,-28.15,9.8));
#2485 = ORIENTED_EDGE('',*,*,#2486,.T.);
#2486 = EDGE_CURVE('',#2480,#2487,#2489,.T.);
#2487 = VERTEX_POINT('',#2488);
#2488 = CARTESIAN_POINT('',(-6.4,-28.15,1.2));
#2489 = B_SPLINE_CURVE_WITH_KNOTS('',1,(#2490,#2491),.UNSPECIFIED.,.F.,
  .F.,(2,2),(5.E-02,8.65),.PIECEWISE_BEZIER_KNOTS.);
#2490 = CARTESIAN_POINT('',(-6.4,-28.15,9.8));
#2491 = CARTESIAN_POINT('',(-6.4,-28.15,1.2));
#2492 = ORIENTED_EDGE('',*,*,#2493,.F.);
#2493 = EDGE_CURVE('',#2442,#2487,#2494,.T.);
#2494 = B_SPLINE_CURVE_WITH_KNOTS('',1,(#2495,#2496),.UNSPECIFIED.,.F.,
  .F.,(2,2),(0.,1.65),.PIECEWISE_BEZIER_KNOTS.);
#2495 = CARTESIAN_POINT('',(-6.4,-26.5,1.2));
#2496 = CARTESIAN_POINT('',(-6.4,-28.15,1.2));
#2497 = B_SPLINE_SURFACE_WITH_KNOTS('',1,1,(
    (#2498,#2499)
    ,(#2500,#2501
  )),.UNSPECIFIED.,.F.,.F.,.F.,(2,2),(2,2),(5.E-02,8.65),(-1.65,0.),
  .PIECEWISE_BEZIER_KNOTS.);
#2498 = CARTESIAN_POINT('',(-6.4,-28.15,9.8));
#2499 = CARTESIAN_POINT('',(-6.4,-26.5,9.8));
#2500 = CARTESIAN_POINT('',(-6.4,-28.15,1.2));
#2501 = CARTESIAN_POINT('',(-6.4,-26.5,1.2));
#2502 = ADVANCED_FACE('',(#2503,#2519),#2657,.F.);
#2503 = FACE_BOUND('',#2504,.F.);
#2504 = EDGE_LOOP('',(#2505,#2512,#2517,#2518));
#2505 = ORIENTED_EDGE('',*,*,#2506,.T.);
#2506 = EDGE_CURVE('',#598,#2507,#2509,.T.);
#2507 = VERTEX_POINT('',#2508);
#2508 = CARTESIAN_POINT('',(6.4,-26.55,9.5));
#2509 = B_SPLINE_CURVE_WITH_KNOTS('',1,(#2510,#2511),.UNSPECIFIED.,.F.,
  .F.,(2,2),(-8.475,-0.375),.PIECEWISE_BEZIER_KNOTS.);
#2510 = CARTESIAN_POINT('',(6.4,-26.55,1.4));
#2511 = CARTESIAN_POINT('',(6.4,-26.55,9.5));
#2512 = ORIENTED_EDGE('',*,*,#2513,.F.);
#2513 = EDGE_CURVE('',#2466,#2507,#2514,.T.);
#2514 = B_SPLINE_CURVE_WITH_KNOTS('',1,(#2515,#2516),.UNSPECIFIED.,.F.,
  .F.,(2,2),(20.15,32.95),.PIECEWISE_BEZIER_KNOTS.);
#2515 = CARTESIAN_POINT('',(-6.4,-26.55,9.5));
#2516 = CARTESIAN_POINT('',(6.4,-26.55,9.5));
#2517 = ORIENTED_EDGE('',*,*,#2465,.F.);
#2518 = ORIENTED_EDGE('',*,*,#604,.T.);
#2519 = FACE_BOUND('',#2520,.F.);
#2520 = EDGE_LOOP('',(#2521,#2530,#2561,#2568,#2591,#2598,#2621,#2628));
#2521 = ORIENTED_EDGE('',*,*,#2522,.F.);
#2522 = EDGE_CURVE('',#2523,#2525,#2527,.T.);
#2523 = VERTEX_POINT('',#2524);
#2524 = CARTESIAN_POINT('',(1.463414634148E-02,-26.55,7.6));
#2525 = VERTEX_POINT('',#2526);
#2526 = CARTESIAN_POINT('',(-1.463414634148E-02,-26.55,7.6));
#2527 = B_SPLINE_CURVE_WITH_KNOTS('',1,(#2528,#2529),.UNSPECIFIED.,.F.,
  .F.,(2,2),(-13.58963414634,-13.56036585365),.PIECEWISE_BEZIER_KNOTS.);
#2528 = CARTESIAN_POINT('',(1.463414634148E-02,-26.55,7.6));
#2529 = CARTESIAN_POINT('',(-1.463414634148E-02,-26.55,7.6));
#2530 = ORIENTED_EDGE('',*,*,#2531,.T.);
#2531 = EDGE_CURVE('',#2523,#2532,#2534,.T.);
#2532 = VERTEX_POINT('',#2533);
#2533 = CARTESIAN_POINT('',(0.428571428571,-26.55,7.3));
#2534 = B_SPLINE_CURVE_WITH_KNOTS('',7,(#2535,#2536,#2537,#2538,#2539,
    #2540,#2541,#2542,#2543,#2544,#2545,#2546,#2547,#2548,#2549,#2550,
    #2551,#2552,#2553,#2554,#2555,#2556,#2557,#2558,#2559,#2560),
  .UNSPECIFIED.,.F.,.F.,(8,6,6,6,8),(0.,0.233264199251,0.431152745139,
    0.553555959979,1.),.UNSPECIFIED.);
#2535 = CARTESIAN_POINT('',(1.463414634151E-02,-26.55,7.6));
#2536 = CARTESIAN_POINT('',(4.050641414471E-02,-26.55,7.594508676493));
#2537 = CARTESIAN_POINT('',(6.582970060445E-02,-26.55,7.588567444282));
#2538 = CARTESIAN_POINT('',(9.047581528536E-02,-26.55,7.582142167328));
#2539 = CARTESIAN_POINT('',(0.114301829732,-26.55,7.575203358597));
#2540 = CARTESIAN_POINT('',(0.137165789504,-26.55,7.567735301671));
#2541 = CARTESIAN_POINT('',(0.158942426212,-26.55,7.559745172351));
#2542 = CARTESIAN_POINT('',(0.197011761818,-26.55,7.544084121775));
#2543 = CARTESIAN_POINT('',(0.213641602619,-26.55,7.53654599841));
#2544 = CARTESIAN_POINT('',(0.229370789537,-26.55,7.528680516788));
#2545 = CARTESIAN_POINT('',(0.244180974938,-26.55,7.520517722692));
#2546 = CARTESIAN_POINT('',(0.258083745765,-26.55,7.512092154146));
#2547 = CARTESIAN_POINT('',(0.271111303334,-26.55,7.50344001451));
#2548 = CARTESIAN_POINT('',(0.290850833905,-26.55,7.489126127435));
#2549 = CARTESIAN_POINT('',(0.298077384716,-26.55,7.483581822558));
#2550 = CARTESIAN_POINT('',(0.304998126949,-26.55,7.477970884208));
#2551 = CARTESIAN_POINT('',(0.311625932514,-26.55,7.472300292839));
#2552 = CARTESIAN_POINT('',(0.317974621064,-26.55,7.466576433819));
#2553 = CARTESIAN_POINT('',(0.324058367206,-26.55,7.46080497518));
#2554 = CARTESIAN_POINT('',(0.351164995385,-26.55,7.433784372175));
#2555 = CARTESIAN_POINT('',(0.369074924795,-26.55,7.41203389255));
#2556 = CARTESIAN_POINT('',(0.384361589633,-26.55,7.389931754814));
#2557 = CARTESIAN_POINT('',(0.397595970015,-26.55,7.367616725493));
#2558 = CARTESIAN_POINT('',(0.409179322572,-26.55,7.34517214481));
#2559 = CARTESIAN_POINT('',(0.419424777389,-26.55,7.322635651916));
#2560 = CARTESIAN_POINT('',(0.428571428571,-26.55,7.3));
#2561 = ORIENTED_EDGE('',*,*,#2562,.T.);
#2562 = EDGE_CURVE('',#2532,#2563,#2565,.T.);
#2563 = VERTEX_POINT('',#2564);
#2564 = CARTESIAN_POINT('',(0.428571428571,-26.55,3.1));
#2565 = B_SPLINE_CURVE_WITH_KNOTS('',1,(#2566,#2567),.UNSPECIFIED.,.F.,
  .F.,(2,2),(-0.8,3.4),.PIECEWISE_BEZIER_KNOTS.);
#2566 = CARTESIAN_POINT('',(0.428571428571,-26.55,7.3));
#2567 = CARTESIAN_POINT('',(0.428571428571,-26.55,3.1));
#2568 = ORIENTED_EDGE('',*,*,#2569,.T.);
#2569 = EDGE_CURVE('',#2563,#2570,#2572,.T.);
#2570 = VERTEX_POINT('',#2571);
#2571 = CARTESIAN_POINT('',(1.463414634148E-02,-26.55,2.8));
#2572 = B_SPLINE_CURVE_WITH_KNOTS('',5,(#2573,#2574,#2575,#2576,#2577,
    #2578,#2579,#2580,#2581,#2582,#2583,#2584,#2585,#2586,#2587,#2588,
    #2589,#2590),.UNSPECIFIED.,.F.,.F.,(6,4,4,4,6),(0.,0.422478695324,
    0.558618913458,0.766110610513,1.),.UNSPECIFIED.);
#2573 = CARTESIAN_POINT('',(0.428571428571,-26.55,3.1));
#2574 = CARTESIAN_POINT('',(0.416454416583,-26.55,3.07001345518));
#2575 = CARTESIAN_POINT('',(0.40226877829,-26.55,3.040204147333));
#2576 = CARTESIAN_POINT('',(0.385299684562,-26.55,3.010567918214));
#2577 = CARTESIAN_POINT('',(0.364478764744,-26.55,2.981327822231));
#2578 = CARTESIAN_POINT('',(0.329045573279,-26.55,2.943878160675));
#2579 = CARTESIAN_POINT('',(0.319793334732,-26.55,2.934850597985));
#2580 = CARTESIAN_POINT('',(0.309858233266,-26.55,2.92594291623));
#2581 = CARTESIAN_POINT('',(0.299169345452,-26.55,2.917184659945));
#2582 = CARTESIAN_POINT('',(0.270140947178,-26.55,2.895543037647));
#2583 = CARTESIAN_POINT('',(0.250721001499,-26.55,2.882898231449));
#2584 = CARTESIAN_POINT('',(0.229223765779,-26.55,2.870814787168));
#2585 = CARTESIAN_POINT('',(0.205546440839,-26.55,2.859446240425));
#2586 = CARTESIAN_POINT('',(0.151036075667,-26.55,2.836980792044));
#2587 = CARTESIAN_POINT('',(0.11965688247,-26.55,2.826094716748));
#2588 = CARTESIAN_POINT('',(8.610984223338E-02,-26.55,2.816366349067));
#2589 = CARTESIAN_POINT('',(5.095134986687E-02,-26.55,2.807708234738));
#2590 = CARTESIAN_POINT('',(1.463414634151E-02,-26.55,2.8));
#2591 = ORIENTED_EDGE('',*,*,#2592,.T.);
#2592 = EDGE_CURVE('',#2570,#2593,#2595,.T.);
#2593 = VERTEX_POINT('',#2594);
#2594 = CARTESIAN_POINT('',(-1.463414634148E-02,-26.55,2.8));
#2595 = B_SPLINE_CURVE_WITH_KNOTS('',1,(#2596,#2597),.UNSPECIFIED.,.F.,
  .F.,(2,2),(-13.58963414634,-13.56036585365),.PIECEWISE_BEZIER_KNOTS.);
#2596 = CARTESIAN_POINT('',(1.463414634148E-02,-26.55,2.8));
#2597 = CARTESIAN_POINT('',(-1.463414634148E-02,-26.55,2.8));
#2598 = ORIENTED_EDGE('',*,*,#2599,.F.);
#2599 = EDGE_CURVE('',#2600,#2593,#2602,.T.);
#2600 = VERTEX_POINT('',#2601);
#2601 = CARTESIAN_POINT('',(-0.428571428571,-26.55,3.1));
#2602 = B_SPLINE_CURVE_WITH_KNOTS('',5,(#2603,#2604,#2605,#2606,#2607,
    #2608,#2609,#2610,#2611,#2612,#2613,#2614,#2615,#2616,#2617,#2618,
    #2619,#2620),.UNSPECIFIED.,.F.,.F.,(6,4,4,4,6),(0.,0.422478695324,
    0.558618913458,0.766110610513,1.),.UNSPECIFIED.);
#2603 = CARTESIAN_POINT('',(-0.428571428571,-26.55,3.1));
#2604 = CARTESIAN_POINT('',(-0.416454416583,-26.55,3.07001345518));
#2605 = CARTESIAN_POINT('',(-0.40226877829,-26.55,3.040204147333));
#2606 = CARTESIAN_POINT('',(-0.385299684562,-26.55,3.010567918214));
#2607 = CARTESIAN_POINT('',(-0.364478764744,-26.55,2.981327822231));
#2608 = CARTESIAN_POINT('',(-0.329045573279,-26.55,2.943878160675));
#2609 = CARTESIAN_POINT('',(-0.319793334732,-26.55,2.934850597985));
#2610 = CARTESIAN_POINT('',(-0.309858233266,-26.55,2.92594291623));
#2611 = CARTESIAN_POINT('',(-0.299169345452,-26.55,2.917184659945));
#2612 = CARTESIAN_POINT('',(-0.270140947178,-26.55,2.895543037647));
#2613 = CARTESIAN_POINT('',(-0.250721001499,-26.55,2.882898231449));
#2614 = CARTESIAN_POINT('',(-0.229223765779,-26.55,2.870814787168));
#2615 = CARTESIAN_POINT('',(-0.205546440839,-26.55,2.859446240425));
#2616 = CARTESIAN_POINT('',(-0.151036075667,-26.55,2.836980792044));
#2617 = CARTESIAN_POINT('',(-0.11965688247,-26.55,2.826094716748));
#2618 = CARTESIAN_POINT('',(-8.610984223336E-02,-26.55,2.816366349067));
#2619 = CARTESIAN_POINT('',(-5.095134986688E-02,-26.55,2.807708234738));
#2620 = CARTESIAN_POINT('',(-1.463414634151E-02,-26.55,2.8));
#2621 = ORIENTED_EDGE('',*,*,#2622,.T.);
#2622 = EDGE_CURVE('',#2600,#2623,#2625,.T.);
#2623 = VERTEX_POINT('',#2624);
#2624 = CARTESIAN_POINT('',(-0.428571428571,-26.55,7.3));
#2625 = B_SPLINE_CURVE_WITH_KNOTS('',1,(#2626,#2627),.UNSPECIFIED.,.F.,
  .F.,(2,2),(-3.4,0.8),.PIECEWISE_BEZIER_KNOTS.);
#2626 = CARTESIAN_POINT('',(-0.428571428571,-26.55,3.1));
#2627 = CARTESIAN_POINT('',(-0.428571428571,-26.55,7.3));
#2628 = ORIENTED_EDGE('',*,*,#2629,.F.);
#2629 = EDGE_CURVE('',#2525,#2623,#2630,.T.);
#2630 = B_SPLINE_CURVE_WITH_KNOTS('',7,(#2631,#2632,#2633,#2634,#2635,
    #2636,#2637,#2638,#2639,#2640,#2641,#2642,#2643,#2644,#2645,#2646,
    #2647,#2648,#2649,#2650,#2651,#2652,#2653,#2654,#2655,#2656),
  .UNSPECIFIED.,.F.,.F.,(8,6,6,6,8),(0.,0.233264199251,0.43115274514,
    0.553555959979,1.),.UNSPECIFIED.);
#2631 = CARTESIAN_POINT('',(-1.46341463415E-02,-26.55,7.6));
#2632 = CARTESIAN_POINT('',(-4.050641414471E-02,-26.55,7.594508676493));
#2633 = CARTESIAN_POINT('',(-6.582970060446E-02,-26.55,7.588567444282));
#2634 = CARTESIAN_POINT('',(-9.047581528536E-02,-26.55,7.582142167328));
#2635 = CARTESIAN_POINT('',(-0.114301829732,-26.55,7.575203358597));
#2636 = CARTESIAN_POINT('',(-0.137165789504,-26.55,7.567735301671));
#2637 = CARTESIAN_POINT('',(-0.158942426212,-26.55,7.559745172351));
#2638 = CARTESIAN_POINT('',(-0.197011761818,-26.55,7.544084121775));
#2639 = CARTESIAN_POINT('',(-0.213641602619,-26.55,7.53654599841));
#2640 = CARTESIAN_POINT('',(-0.229370789537,-26.55,7.528680516788));
#2641 = CARTESIAN_POINT('',(-0.244180974938,-26.55,7.520517722692));
#2642 = CARTESIAN_POINT('',(-0.258083745765,-26.55,7.512092154146));
#2643 = CARTESIAN_POINT('',(-0.271111303334,-26.55,7.50344001451));
#2644 = CARTESIAN_POINT('',(-0.290850833905,-26.55,7.489126127435));
#2645 = CARTESIAN_POINT('',(-0.298077384716,-26.55,7.483581822558));
#2646 = CARTESIAN_POINT('',(-0.304998126949,-26.55,7.477970884208));
#2647 = CARTESIAN_POINT('',(-0.311625932514,-26.55,7.472300292839));
#2648 = CARTESIAN_POINT('',(-0.317974621064,-26.55,7.466576433819));
#2649 = CARTESIAN_POINT('',(-0.324058367206,-26.55,7.46080497518));
#2650 = CARTESIAN_POINT('',(-0.351164995385,-26.55,7.433784372175));
#2651 = CARTESIAN_POINT('',(-0.369074924795,-26.55,7.41203389255));
#2652 = CARTESIAN_POINT('',(-0.384361589633,-26.55,7.389931754815));
#2653 = CARTESIAN_POINT('',(-0.397595970015,-26.55,7.367616725492));
#2654 = CARTESIAN_POINT('',(-0.409179322572,-26.55,7.345172144811));
#2655 = CARTESIAN_POINT('',(-0.419424777389,-26.55,7.322635651916));
#2656 = CARTESIAN_POINT('',(-0.428571428571,-26.55,7.3));
#2657 = B_SPLINE_SURFACE_WITH_KNOTS('',1,1,(
    (#2658,#2659)
    ,(#2660,#2661
    )),.UNSPECIFIED.,.F.,.F.,.F.,(2,2),(2,2),(0.4,8.5),(20.15,32.95),
  .PIECEWISE_BEZIER_KNOTS.);
#2658 = CARTESIAN_POINT('',(-6.4,-26.55,9.5));
#2659 = CARTESIAN_POINT('',(6.4,-26.55,9.5));
#2660 = CARTESIAN_POINT('',(-6.4,-26.55,1.4));
#2661 = CARTESIAN_POINT('',(6.4,-26.55,1.4));
#2662 = ADVANCED_FACE('',(#2663),#2700,.T.);
#2663 = FACE_BOUND('',#2664,.T.);
#2664 = EDGE_LOOP('',(#2665,#2672,#2673,#2674,#2681,#2688,#2695));
#2665 = ORIENTED_EDGE('',*,*,#2666,.F.);
#2666 = EDGE_CURVE('',#591,#2667,#2669,.T.);
#2667 = VERTEX_POINT('',#2668);
#2668 = CARTESIAN_POINT('',(6.4,-26.5,1.2));
#2669 = B_SPLINE_CURVE_WITH_KNOTS('',1,(#2670,#2671),.UNSPECIFIED.,.F.,
  .F.,(2,2),(8.45,8.65),.PIECEWISE_BEZIER_KNOTS.);
#2670 = CARTESIAN_POINT('',(6.4,-26.5,1.4));
#2671 = CARTESIAN_POINT('',(6.4,-26.5,1.2));
#2672 = ORIENTED_EDGE('',*,*,#597,.T.);
#2673 = ORIENTED_EDGE('',*,*,#2506,.T.);
#2674 = ORIENTED_EDGE('',*,*,#2675,.T.);
#2675 = EDGE_CURVE('',#2507,#2676,#2678,.T.);
#2676 = VERTEX_POINT('',#2677);
#2677 = CARTESIAN_POINT('',(6.4,-26.84900332225,9.8));
#2678 = B_SPLINE_CURVE_WITH_KNOTS('',1,(#2679,#2680),.UNSPECIFIED.,.F.,
  .F.,(2,2),(-0.106301180105,0.317258717338),.PIECEWISE_BEZIER_KNOTS.);
#2679 = CARTESIAN_POINT('',(6.4,-26.55,9.5));
#2680 = CARTESIAN_POINT('',(6.4,-26.84900332225,9.8));
#2681 = ORIENTED_EDGE('',*,*,#2682,.T.);
#2682 = EDGE_CURVE('',#2676,#2683,#2685,.T.);
#2683 = VERTEX_POINT('',#2684);
#2684 = CARTESIAN_POINT('',(6.4,-28.15,9.8));
#2685 = B_SPLINE_CURVE_WITH_KNOTS('',1,(#2686,#2687),.UNSPECIFIED.,.F.,
  .F.,(2,2),(28.099003322259,29.4),.PIECEWISE_BEZIER_KNOTS.);
#2686 = CARTESIAN_POINT('',(6.4,-26.84900332225,9.8));
#2687 = CARTESIAN_POINT('',(6.4,-28.15,9.8));
#2688 = ORIENTED_EDGE('',*,*,#2689,.T.);
#2689 = EDGE_CURVE('',#2683,#2690,#2692,.T.);
#2690 = VERTEX_POINT('',#2691);
#2691 = CARTESIAN_POINT('',(6.4,-28.15,1.2));
#2692 = B_SPLINE_CURVE_WITH_KNOTS('',1,(#2693,#2694),.UNSPECIFIED.,.F.,
  .F.,(2,2),(5.E-02,8.65),.PIECEWISE_BEZIER_KNOTS.);
#2693 = CARTESIAN_POINT('',(6.4,-28.15,9.8));
#2694 = CARTESIAN_POINT('',(6.4,-28.15,1.2));
#2695 = ORIENTED_EDGE('',*,*,#2696,.F.);
#2696 = EDGE_CURVE('',#2667,#2690,#2697,.T.);
#2697 = B_SPLINE_CURVE_WITH_KNOTS('',1,(#2698,#2699),.UNSPECIFIED.,.F.,
  .F.,(2,2),(0.,1.65),.PIECEWISE_BEZIER_KNOTS.);
#2698 = CARTESIAN_POINT('',(6.4,-26.5,1.2));
#2699 = CARTESIAN_POINT('',(6.4,-28.15,1.2));
#2700 = B_SPLINE_SURFACE_WITH_KNOTS('',1,1,(
    (#2701,#2702)
    ,(#2703,#2704
  )),.UNSPECIFIED.,.F.,.F.,.F.,(2,2),(2,2),(5.E-02,8.65),(-1.65,0.),
  .PIECEWISE_BEZIER_KNOTS.);
#2701 = CARTESIAN_POINT('',(6.4,-28.15,9.8));
#2702 = CARTESIAN_POINT('',(6.4,-26.5,9.8));
#2703 = CARTESIAN_POINT('',(6.4,-28.15,1.2));
#2704 = CARTESIAN_POINT('',(6.4,-26.5,1.2));
#2705 = ADVANCED_FACE('',(#2706),#2722,.T.);
#2706 = FACE_BOUND('',#2707,.T.);
#2707 = EDGE_LOOP('',(#2708,#2709,#2710,#2717));
#2708 = ORIENTED_EDGE('',*,*,#590,.T.);
#2709 = ORIENTED_EDGE('',*,*,#2666,.T.);
#2710 = ORIENTED_EDGE('',*,*,#2711,.T.);
#2711 = EDGE_CURVE('',#2667,#2712,#2714,.T.);
#2712 = VERTEX_POINT('',#2713);
#2713 = CARTESIAN_POINT('',(7.,-26.5,1.2));
#2714 = B_SPLINE_CURVE_WITH_KNOTS('',1,(#2715,#2716),.UNSPECIFIED.,.F.,
  .F.,(2,2),(0.,0.6),.PIECEWISE_BEZIER_KNOTS.);
#2715 = CARTESIAN_POINT('',(6.4,-26.5,1.2));
#2716 = CARTESIAN_POINT('',(7.,-26.5,1.2));
#2717 = ORIENTED_EDGE('',*,*,#2718,.F.);
#2718 = EDGE_CURVE('',#584,#2712,#2719,.T.);
#2719 = B_SPLINE_CURVE_WITH_KNOTS('',1,(#2720,#2721),.UNSPECIFIED.,.F.,
  .F.,(2,2),(8.45,8.65),.PIECEWISE_BEZIER_KNOTS.);
#2720 = CARTESIAN_POINT('',(7.,-26.5,1.4));
#2721 = CARTESIAN_POINT('',(7.,-26.5,1.2));
#2722 = B_SPLINE_SURFACE_WITH_KNOTS('',1,1,(
    (#2723,#2724)
    ,(#2725,#2726
    )),.UNSPECIFIED.,.F.,.F.,.F.,(2,2),(2,2),(8.45,8.65),(0.,0.6),
  .PIECEWISE_BEZIER_KNOTS.);
#2723 = CARTESIAN_POINT('',(6.4,-26.5,1.4));
#2724 = CARTESIAN_POINT('',(7.,-26.5,1.4));
#2725 = CARTESIAN_POINT('',(6.4,-26.5,1.2));
#2726 = CARTESIAN_POINT('',(7.,-26.5,1.2));
#2727 = ADVANCED_FACE('',(#2728),#2787,.T.);
#2728 = FACE_BOUND('',#2729,.T.);
#2729 = EDGE_LOOP('',(#2730,#2739,#2746,#2753,#2760,#2767,#2772,#2773,
    #2774,#2781));
#2730 = ORIENTED_EDGE('',*,*,#2731,.F.);
#2731 = EDGE_CURVE('',#2732,#2734,#2736,.T.);
#2732 = VERTEX_POINT('',#2733);
#2733 = CARTESIAN_POINT('',(7.,-27.55,9.4));
#2734 = VERTEX_POINT('',#2735);
#2735 = CARTESIAN_POINT('',(7.,-27.55,1.5));
#2736 = B_SPLINE_CURVE_WITH_KNOTS('',1,(#2737,#2738),.UNSPECIFIED.,.F.,
  .F.,(2,2),(0.,7.9),.PIECEWISE_BEZIER_KNOTS.);
#2737 = CARTESIAN_POINT('',(7.,-27.55,9.4));
#2738 = CARTESIAN_POINT('',(7.,-27.55,1.5));
#2739 = ORIENTED_EDGE('',*,*,#2740,.F.);
#2740 = EDGE_CURVE('',#2741,#2732,#2743,.T.);
#2741 = VERTEX_POINT('',#2742);
#2742 = CARTESIAN_POINT('',(7.,-26.55,9.4));
#2743 = B_SPLINE_CURVE_WITH_KNOTS('',1,(#2744,#2745),.UNSPECIFIED.,.F.,
  .F.,(2,2),(5.E-02,1.05),.PIECEWISE_BEZIER_KNOTS.);
#2744 = CARTESIAN_POINT('',(7.,-26.55,9.4));
#2745 = CARTESIAN_POINT('',(7.,-27.55,9.4));
#2746 = ORIENTED_EDGE('',*,*,#2747,.T.);
#2747 = EDGE_CURVE('',#2741,#2748,#2750,.T.);
#2748 = VERTEX_POINT('',#2749);
#2749 = CARTESIAN_POINT('',(7.,-26.,8.8));
#2750 = B_SPLINE_CURVE_WITH_KNOTS('',1,(#2751,#2752),.UNSPECIFIED.,.F.,
  .F.,(2,2),(0.,0.813941029805),.PIECEWISE_BEZIER_KNOTS.);
#2751 = CARTESIAN_POINT('',(7.,-26.55,9.4));
#2752 = CARTESIAN_POINT('',(7.,-26.,8.8));
#2753 = ORIENTED_EDGE('',*,*,#2754,.T.);
#2754 = EDGE_CURVE('',#2748,#2755,#2757,.T.);
#2755 = VERTEX_POINT('',#2756);
#2756 = CARTESIAN_POINT('',(7.,-26.,8.4));
#2757 = B_SPLINE_CURVE_WITH_KNOTS('',1,(#2758,#2759),.UNSPECIFIED.,.F.,
  .F.,(2,2),(0.,0.4),.PIECEWISE_BEZIER_KNOTS.);
#2758 = CARTESIAN_POINT('',(7.,-26.,8.8));
#2759 = CARTESIAN_POINT('',(7.,-26.,8.4));
#2760 = ORIENTED_EDGE('',*,*,#2761,.T.);
#2761 = EDGE_CURVE('',#2755,#2762,#2764,.T.);
#2762 = VERTEX_POINT('',#2763);
#2763 = CARTESIAN_POINT('',(7.,-26.55,8.4));
#2764 = B_SPLINE_CURVE_WITH_KNOTS('',1,(#2765,#2766),.UNSPECIFIED.,.F.,
  .F.,(2,2),(0.,0.55),.PIECEWISE_BEZIER_KNOTS.);
#2765 = CARTESIAN_POINT('',(7.,-26.,8.4));
#2766 = CARTESIAN_POINT('',(7.,-26.55,8.4));
#2767 = ORIENTED_EDGE('',*,*,#2768,.F.);
#2768 = EDGE_CURVE('',#577,#2762,#2769,.T.);
#2769 = B_SPLINE_CURVE_WITH_KNOTS('',1,(#2770,#2771),.UNSPECIFIED.,.F.,
  .F.,(2,2),(-8.475,-1.475),.PIECEWISE_BEZIER_KNOTS.);
#2770 = CARTESIAN_POINT('',(7.,-26.55,1.4));
#2771 = CARTESIAN_POINT('',(7.,-26.55,8.4));
#2772 = ORIENTED_EDGE('',*,*,#583,.F.);
#2773 = ORIENTED_EDGE('',*,*,#2718,.T.);
#2774 = ORIENTED_EDGE('',*,*,#2775,.T.);
#2775 = EDGE_CURVE('',#2712,#2776,#2778,.T.);
#2776 = VERTEX_POINT('',#2777);
#2777 = CARTESIAN_POINT('',(7.,-27.85,1.2));
#2778 = B_SPLINE_CURVE_WITH_KNOTS('',1,(#2779,#2780),.UNSPECIFIED.,.F.,
  .F.,(2,2),(-0.575735294118,0.774264705882),.PIECEWISE_BEZIER_KNOTS.);
#2779 = CARTESIAN_POINT('',(7.,-26.5,1.2));
#2780 = CARTESIAN_POINT('',(7.,-27.85,1.2));
#2781 = ORIENTED_EDGE('',*,*,#2782,.F.);
#2782 = EDGE_CURVE('',#2734,#2776,#2783,.T.);
#2783 = ( BOUNDED_CURVE() B_SPLINE_CURVE(2,(#2784,#2785,#2786),
.UNSPECIFIED.,.F.,.F.) B_SPLINE_CURVE_WITH_KNOTS((3,3),(4.712388980385,
6.28318530718),.PIECEWISE_BEZIER_KNOTS.) CURVE() 
GEOMETRIC_REPRESENTATION_ITEM() RATIONAL_B_SPLINE_CURVE((1.,
0.707106781187,1.)) REPRESENTATION_ITEM('') );
#2784 = CARTESIAN_POINT('',(7.,-27.55,1.5));
#2785 = CARTESIAN_POINT('',(7.,-27.55,1.2));
#2786 = CARTESIAN_POINT('',(7.,-27.85,1.2));
#2787 = B_SPLINE_SURFACE_WITH_KNOTS('',1,1,(
    (#2788,#2789)
    ,(#2790,#2791
    )),.UNSPECIFIED.,.F.,.F.,.F.,(2,2),(2,2),(-0.835924725414,
    1.014075274586),(-4.089066277763,4.110933722237),
  .PIECEWISE_BEZIER_KNOTS.);
#2788 = CARTESIAN_POINT('',(7.,-27.85,9.4));
#2789 = CARTESIAN_POINT('',(7.,-27.85,1.2));
#2790 = CARTESIAN_POINT('',(7.,-26.,9.4));
#2791 = CARTESIAN_POINT('',(7.,-26.,1.2));
#2792 = ADVANCED_FACE('',(#2793),#2809,.F.);
#2793 = FACE_BOUND('',#2794,.F.);
#2794 = EDGE_LOOP('',(#2795,#2796,#2797,#2804));
#2795 = ORIENTED_EDGE('',*,*,#2768,.F.);
#2796 = ORIENTED_EDGE('',*,*,#576,.T.);
#2797 = ORIENTED_EDGE('',*,*,#2798,.T.);
#2798 = EDGE_CURVE('',#570,#2799,#2801,.T.);
#2799 = VERTEX_POINT('',#2800);
#2800 = CARTESIAN_POINT('',(15.,-26.55,8.4));
#2801 = B_SPLINE_CURVE_WITH_KNOTS('',1,(#2802,#2803),.UNSPECIFIED.,.F.,
  .F.,(2,2),(-8.475,-1.475),.PIECEWISE_BEZIER_KNOTS.);
#2802 = CARTESIAN_POINT('',(15.,-26.55,1.4));
#2803 = CARTESIAN_POINT('',(15.,-26.55,8.4));
#2804 = ORIENTED_EDGE('',*,*,#2805,.F.);
#2805 = EDGE_CURVE('',#2762,#2799,#2806,.T.);
#2806 = B_SPLINE_CURVE_WITH_KNOTS('',1,(#2807,#2808),.UNSPECIFIED.,.F.,
  .F.,(2,2),(0.,8.),.PIECEWISE_BEZIER_KNOTS.);
#2807 = CARTESIAN_POINT('',(7.,-26.55,8.4));
#2808 = CARTESIAN_POINT('',(15.,-26.55,8.4));
#2809 = B_SPLINE_SURFACE_WITH_KNOTS('',1,1,(
    (#2810,#2811)
    ,(#2812,#2813
    )),.UNSPECIFIED.,.F.,.F.,.F.,(2,2),(2,2),(1.5,8.5),(33.55,41.55),
  .PIECEWISE_BEZIER_KNOTS.);
#2810 = CARTESIAN_POINT('',(7.,-26.55,8.4));
#2811 = CARTESIAN_POINT('',(15.,-26.55,8.4));
#2812 = CARTESIAN_POINT('',(7.,-26.55,1.4));
#2813 = CARTESIAN_POINT('',(15.,-26.55,1.4));
#2814 = ADVANCED_FACE('',(#2815),#2874,.T.);
#2815 = FACE_BOUND('',#2816,.T.);
#2816 = EDGE_LOOP('',(#2817,#2826,#2834,#2841,#2846,#2847,#2848,#2855,
    #2862,#2869));
#2817 = ORIENTED_EDGE('',*,*,#2818,.T.);
#2818 = EDGE_CURVE('',#2819,#2821,#2823,.T.);
#2819 = VERTEX_POINT('',#2820);
#2820 = CARTESIAN_POINT('',(15.,-27.55,9.4));
#2821 = VERTEX_POINT('',#2822);
#2822 = CARTESIAN_POINT('',(15.,-27.55,1.5));
#2823 = B_SPLINE_CURVE_WITH_KNOTS('',1,(#2824,#2825),.UNSPECIFIED.,.F.,
  .F.,(2,2),(0.,7.9),.PIECEWISE_BEZIER_KNOTS.);
#2824 = CARTESIAN_POINT('',(15.,-27.55,9.4));
#2825 = CARTESIAN_POINT('',(15.,-27.55,1.5));
#2826 = ORIENTED_EDGE('',*,*,#2827,.T.);
#2827 = EDGE_CURVE('',#2821,#2828,#2830,.T.);
#2828 = VERTEX_POINT('',#2829);
#2829 = CARTESIAN_POINT('',(15.,-27.85,1.2));
#2830 = ( BOUNDED_CURVE() B_SPLINE_CURVE(2,(#2831,#2832,#2833),
.UNSPECIFIED.,.F.,.F.) B_SPLINE_CURVE_WITH_KNOTS((3,3),(4.712388980385,
6.28318530718),.PIECEWISE_BEZIER_KNOTS.) CURVE() 
GEOMETRIC_REPRESENTATION_ITEM() RATIONAL_B_SPLINE_CURVE((1.,
0.707106781187,1.)) REPRESENTATION_ITEM('') );
#2831 = CARTESIAN_POINT('',(15.,-27.55,1.5));
#2832 = CARTESIAN_POINT('',(15.,-27.55,1.2));
#2833 = CARTESIAN_POINT('',(15.,-27.85,1.2));
#2834 = ORIENTED_EDGE('',*,*,#2835,.F.);
#2835 = EDGE_CURVE('',#2836,#2828,#2838,.T.);
#2836 = VERTEX_POINT('',#2837);
#2837 = CARTESIAN_POINT('',(15.,-26.5,1.2));
#2838 = B_SPLINE_CURVE_WITH_KNOTS('',1,(#2839,#2840),.UNSPECIFIED.,.F.,
  .F.,(2,2),(0.,1.35),.PIECEWISE_BEZIER_KNOTS.);
#2839 = CARTESIAN_POINT('',(15.,-26.5,1.2));
#2840 = CARTESIAN_POINT('',(15.,-27.85,1.2));
#2841 = ORIENTED_EDGE('',*,*,#2842,.F.);
#2842 = EDGE_CURVE('',#563,#2836,#2843,.T.);
#2843 = B_SPLINE_CURVE_WITH_KNOTS('',1,(#2844,#2845),.UNSPECIFIED.,.F.,
  .F.,(2,2),(8.45,8.65),.PIECEWISE_BEZIER_KNOTS.);
#2844 = CARTESIAN_POINT('',(15.,-26.5,1.4));
#2845 = CARTESIAN_POINT('',(15.,-26.5,1.2));
#2846 = ORIENTED_EDGE('',*,*,#569,.T.);
#2847 = ORIENTED_EDGE('',*,*,#2798,.T.);
#2848 = ORIENTED_EDGE('',*,*,#2849,.F.);
#2849 = EDGE_CURVE('',#2850,#2799,#2852,.T.);
#2850 = VERTEX_POINT('',#2851);
#2851 = CARTESIAN_POINT('',(15.,-26.,8.4));
#2852 = B_SPLINE_CURVE_WITH_KNOTS('',1,(#2853,#2854),.UNSPECIFIED.,.F.,
  .F.,(2,2),(0.,0.55),.PIECEWISE_BEZIER_KNOTS.);
#2853 = CARTESIAN_POINT('',(15.,-26.,8.4));
#2854 = CARTESIAN_POINT('',(15.,-26.55,8.4));
#2855 = ORIENTED_EDGE('',*,*,#2856,.F.);
#2856 = EDGE_CURVE('',#2857,#2850,#2859,.T.);
#2857 = VERTEX_POINT('',#2858);
#2858 = CARTESIAN_POINT('',(15.,-26.,8.8));
#2859 = B_SPLINE_CURVE_WITH_KNOTS('',1,(#2860,#2861),.UNSPECIFIED.,.F.,
  .F.,(2,2),(0.,0.4),.PIECEWISE_BEZIER_KNOTS.);
#2860 = CARTESIAN_POINT('',(15.,-26.,8.8));
#2861 = CARTESIAN_POINT('',(15.,-26.,8.4));
#2862 = ORIENTED_EDGE('',*,*,#2863,.F.);
#2863 = EDGE_CURVE('',#2864,#2857,#2866,.T.);
#2864 = VERTEX_POINT('',#2865);
#2865 = CARTESIAN_POINT('',(15.,-26.55,9.4));
#2866 = B_SPLINE_CURVE_WITH_KNOTS('',1,(#2867,#2868),.UNSPECIFIED.,.F.,
  .F.,(2,2),(0.,0.813941029805),.PIECEWISE_BEZIER_KNOTS.);
#2867 = CARTESIAN_POINT('',(15.,-26.55,9.4));
#2868 = CARTESIAN_POINT('',(15.,-26.,8.8));
#2869 = ORIENTED_EDGE('',*,*,#2870,.T.);
#2870 = EDGE_CURVE('',#2864,#2819,#2871,.T.);
#2871 = B_SPLINE_CURVE_WITH_KNOTS('',1,(#2872,#2873),.UNSPECIFIED.,.F.,
  .F.,(2,2),(5.E-02,1.05),.PIECEWISE_BEZIER_KNOTS.);
#2872 = CARTESIAN_POINT('',(15.,-26.55,9.4));
#2873 = CARTESIAN_POINT('',(15.,-27.55,9.4));
#2874 = B_SPLINE_SURFACE_WITH_KNOTS('',1,1,(
    (#2875,#2876)
    ,(#2877,#2878
    )),.UNSPECIFIED.,.F.,.F.,.F.,(2,2),(2,2),(-1.014075274586,
    0.835924725414),(-4.089066277763,4.110933722237),
  .PIECEWISE_BEZIER_KNOTS.);
#2875 = CARTESIAN_POINT('',(15.,-26.,9.4));
#2876 = CARTESIAN_POINT('',(15.,-26.,1.2));
#2877 = CARTESIAN_POINT('',(15.,-27.85,9.4));
#2878 = CARTESIAN_POINT('',(15.,-27.85,1.2));
#2879 = ADVANCED_FACE('',(#2880),#2896,.T.);
#2880 = FACE_BOUND('',#2881,.T.);
#2881 = EDGE_LOOP('',(#2882,#2889,#2890,#2891));
#2882 = ORIENTED_EDGE('',*,*,#2883,.F.);
#2883 = EDGE_CURVE('',#556,#2884,#2886,.T.);
#2884 = VERTEX_POINT('',#2885);
#2885 = CARTESIAN_POINT('',(15.6,-26.5,1.2));
#2886 = B_SPLINE_CURVE_WITH_KNOTS('',1,(#2887,#2888),.UNSPECIFIED.,.F.,
  .F.,(2,2),(8.45,8.65),.PIECEWISE_BEZIER_KNOTS.);
#2887 = CARTESIAN_POINT('',(15.6,-26.5,1.4));
#2888 = CARTESIAN_POINT('',(15.6,-26.5,1.2));
#2889 = ORIENTED_EDGE('',*,*,#562,.T.);
#2890 = ORIENTED_EDGE('',*,*,#2842,.T.);
#2891 = ORIENTED_EDGE('',*,*,#2892,.T.);
#2892 = EDGE_CURVE('',#2836,#2884,#2893,.T.);
#2893 = B_SPLINE_CURVE_WITH_KNOTS('',1,(#2894,#2895),.UNSPECIFIED.,.F.,
  .F.,(2,2),(0.,0.6),.PIECEWISE_BEZIER_KNOTS.);
#2894 = CARTESIAN_POINT('',(15.,-26.5,1.2));
#2895 = CARTESIAN_POINT('',(15.6,-26.5,1.2));
#2896 = B_SPLINE_SURFACE_WITH_KNOTS('',1,1,(
    (#2897,#2898)
    ,(#2899,#2900
    )),.UNSPECIFIED.,.F.,.F.,.F.,(2,2),(2,2),(8.45,8.65),(0.,0.6),
  .PIECEWISE_BEZIER_KNOTS.);
#2897 = CARTESIAN_POINT('',(15.,-26.5,1.4));
#2898 = CARTESIAN_POINT('',(15.6,-26.5,1.4));
#2899 = CARTESIAN_POINT('',(15.,-26.5,1.2));
#2900 = CARTESIAN_POINT('',(15.6,-26.5,1.2));
#2901 = ADVANCED_FACE('',(#2902),#2939,.F.);
#2902 = FACE_BOUND('',#2903,.F.);
#2903 = EDGE_LOOP('',(#2904,#2905,#2906,#2913,#2920,#2927,#2934));
#2904 = ORIENTED_EDGE('',*,*,#2883,.F.);
#2905 = ORIENTED_EDGE('',*,*,#555,.T.);
#2906 = ORIENTED_EDGE('',*,*,#2907,.T.);
#2907 = EDGE_CURVE('',#549,#2908,#2910,.T.);
#2908 = VERTEX_POINT('',#2909);
#2909 = CARTESIAN_POINT('',(15.6,-26.55,9.5));
#2910 = B_SPLINE_CURVE_WITH_KNOTS('',1,(#2911,#2912),.UNSPECIFIED.,.F.,
  .F.,(2,2),(-8.475,-0.375),.PIECEWISE_BEZIER_KNOTS.);
#2911 = CARTESIAN_POINT('',(15.6,-26.55,1.4));
#2912 = CARTESIAN_POINT('',(15.6,-26.55,9.5));
#2913 = ORIENTED_EDGE('',*,*,#2914,.T.);
#2914 = EDGE_CURVE('',#2908,#2915,#2917,.T.);
#2915 = VERTEX_POINT('',#2916);
#2916 = CARTESIAN_POINT('',(15.6,-26.84900332225,9.8));
#2917 = B_SPLINE_CURVE_WITH_KNOTS('',1,(#2918,#2919),.UNSPECIFIED.,.F.,
  .F.,(2,2),(-0.106301180105,0.317258717338),.PIECEWISE_BEZIER_KNOTS.);
#2918 = CARTESIAN_POINT('',(15.6,-26.55,9.5));
#2919 = CARTESIAN_POINT('',(15.6,-26.84900332225,9.8));
#2920 = ORIENTED_EDGE('',*,*,#2921,.T.);
#2921 = EDGE_CURVE('',#2915,#2922,#2924,.T.);
#2922 = VERTEX_POINT('',#2923);
#2923 = CARTESIAN_POINT('',(15.6,-28.15,9.8));
#2924 = B_SPLINE_CURVE_WITH_KNOTS('',1,(#2925,#2926),.UNSPECIFIED.,.F.,
  .F.,(2,2),(28.099003322259,29.4),.PIECEWISE_BEZIER_KNOTS.);
#2925 = CARTESIAN_POINT('',(15.6,-26.84900332225,9.8));
#2926 = CARTESIAN_POINT('',(15.6,-28.15,9.8));
#2927 = ORIENTED_EDGE('',*,*,#2928,.T.);
#2928 = EDGE_CURVE('',#2922,#2929,#2931,.T.);
#2929 = VERTEX_POINT('',#2930);
#2930 = CARTESIAN_POINT('',(15.6,-28.15,1.2));
#2931 = B_SPLINE_CURVE_WITH_KNOTS('',1,(#2932,#2933),.UNSPECIFIED.,.F.,
  .F.,(2,2),(5.E-02,8.65),.PIECEWISE_BEZIER_KNOTS.);
#2932 = CARTESIAN_POINT('',(15.6,-28.15,9.8));
#2933 = CARTESIAN_POINT('',(15.6,-28.15,1.2));
#2934 = ORIENTED_EDGE('',*,*,#2935,.F.);
#2935 = EDGE_CURVE('',#2884,#2929,#2936,.T.);
#2936 = B_SPLINE_CURVE_WITH_KNOTS('',1,(#2937,#2938),.UNSPECIFIED.,.F.,
  .F.,(2,2),(0.,1.65),.PIECEWISE_BEZIER_KNOTS.);
#2937 = CARTESIAN_POINT('',(15.6,-26.5,1.2));
#2938 = CARTESIAN_POINT('',(15.6,-28.15,1.2));
#2939 = B_SPLINE_SURFACE_WITH_KNOTS('',1,1,(
    (#2940,#2941)
    ,(#2942,#2943
  )),.UNSPECIFIED.,.F.,.F.,.F.,(2,2),(2,2),(5.E-02,8.65),(-1.65,0.),
  .PIECEWISE_BEZIER_KNOTS.);
#2940 = CARTESIAN_POINT('',(15.6,-28.15,9.8));
#2941 = CARTESIAN_POINT('',(15.6,-26.5,9.8));
#2942 = CARTESIAN_POINT('',(15.6,-28.15,1.2));
#2943 = CARTESIAN_POINT('',(15.6,-26.5,1.2));
#2944 = ADVANCED_FACE('',(#2945,#2961),#3099,.F.);
#2945 = FACE_BOUND('',#2946,.F.);
#2946 = EDGE_LOOP('',(#2947,#2954,#2959,#2960));
#2947 = ORIENTED_EDGE('',*,*,#2948,.F.);
#2948 = EDGE_CURVE('',#2949,#541,#2951,.T.);
#2949 = VERTEX_POINT('',#2950);
#2950 = CARTESIAN_POINT('',(25.,-26.55,9.5));
#2951 = B_SPLINE_CURVE_WITH_KNOTS('',1,(#2952,#2953),.UNSPECIFIED.,.F.,
  .F.,(2,2),(0.4,8.5),.PIECEWISE_BEZIER_KNOTS.);
#2952 = CARTESIAN_POINT('',(25.,-26.55,9.5));
#2953 = CARTESIAN_POINT('',(25.,-26.55,1.4));
#2954 = ORIENTED_EDGE('',*,*,#2955,.F.);
#2955 = EDGE_CURVE('',#2908,#2949,#2956,.T.);
#2956 = B_SPLINE_CURVE_WITH_KNOTS('',1,(#2957,#2958),.UNSPECIFIED.,.F.,
  .F.,(2,2),(42.15,51.55),.PIECEWISE_BEZIER_KNOTS.);
#2957 = CARTESIAN_POINT('',(15.6,-26.55,9.5));
#2958 = CARTESIAN_POINT('',(25.,-26.55,9.5));
#2959 = ORIENTED_EDGE('',*,*,#2907,.F.);
#2960 = ORIENTED_EDGE('',*,*,#548,.T.);
#2961 = FACE_BOUND('',#2962,.F.);
#2962 = EDGE_LOOP('',(#2963,#2972,#3003,#3010,#3033,#3040,#3063,#3070));
#2963 = ORIENTED_EDGE('',*,*,#2964,.F.);
#2964 = EDGE_CURVE('',#2965,#2967,#2969,.T.);
#2965 = VERTEX_POINT('',#2966);
#2966 = CARTESIAN_POINT('',(20.014634146341,-26.55,7.6));
#2967 = VERTEX_POINT('',#2968);
#2968 = CARTESIAN_POINT('',(19.985365853659,-26.55,7.6));
#2969 = B_SPLINE_CURVE_WITH_KNOTS('',1,(#2970,#2971),.UNSPECIFIED.,.F.,
  .F.,(2,2),(-23.58963414634,-23.56036585365),.PIECEWISE_BEZIER_KNOTS.);
#2970 = CARTESIAN_POINT('',(20.014634146341,-26.55,7.6));
#2971 = CARTESIAN_POINT('',(19.985365853659,-26.55,7.6));
#2972 = ORIENTED_EDGE('',*,*,#2973,.T.);
#2973 = EDGE_CURVE('',#2965,#2974,#2976,.T.);
#2974 = VERTEX_POINT('',#2975);
#2975 = CARTESIAN_POINT('',(20.428571428571,-26.55,7.3));
#2976 = B_SPLINE_CURVE_WITH_KNOTS('',7,(#2977,#2978,#2979,#2980,#2981,
    #2982,#2983,#2984,#2985,#2986,#2987,#2988,#2989,#2990,#2991,#2992,
    #2993,#2994,#2995,#2996,#2997,#2998,#2999,#3000,#3001,#3002),
  .UNSPECIFIED.,.F.,.F.,(8,6,6,6,8),(0.,0.233264199251,0.431152745139,
    0.553555959979,1.),.UNSPECIFIED.);
#2977 = CARTESIAN_POINT('',(20.014634146341,-26.55,7.6));
#2978 = CARTESIAN_POINT('',(20.040506414145,-26.55,7.594508676493));
#2979 = CARTESIAN_POINT('',(20.065829700604,-26.55,7.588567444282));
#2980 = CARTESIAN_POINT('',(20.090475815285,-26.55,7.582142167328));
#2981 = CARTESIAN_POINT('',(20.114301829732,-26.55,7.575203358597));
#2982 = CARTESIAN_POINT('',(20.137165789504,-26.55,7.567735301671));
#2983 = CARTESIAN_POINT('',(20.158942426212,-26.55,7.559745172351));
#2984 = CARTESIAN_POINT('',(20.197011761818,-26.55,7.544084121775));
#2985 = CARTESIAN_POINT('',(20.213641602619,-26.55,7.53654599841));
#2986 = CARTESIAN_POINT('',(20.229370789537,-26.55,7.528680516788));
#2987 = CARTESIAN_POINT('',(20.244180974938,-26.55,7.520517722692));
#2988 = CARTESIAN_POINT('',(20.258083745765,-26.55,7.512092154146));
#2989 = CARTESIAN_POINT('',(20.271111303334,-26.55,7.50344001451));
#2990 = CARTESIAN_POINT('',(20.290850833905,-26.55,7.489126127435));
#2991 = CARTESIAN_POINT('',(20.298077384716,-26.55,7.483581822558));
#2992 = CARTESIAN_POINT('',(20.304998126949,-26.55,7.477970884208));
#2993 = CARTESIAN_POINT('',(20.311625932514,-26.55,7.472300292839));
#2994 = CARTESIAN_POINT('',(20.317974621064,-26.55,7.466576433819));
#2995 = CARTESIAN_POINT('',(20.324058367206,-26.55,7.46080497518));
#2996 = CARTESIAN_POINT('',(20.351164995385,-26.55,7.433784372175));
#2997 = CARTESIAN_POINT('',(20.369074924795,-26.55,7.41203389255));
#2998 = CARTESIAN_POINT('',(20.384361589633,-26.55,7.389931754815));
#2999 = CARTESIAN_POINT('',(20.397595970015,-26.55,7.367616725493));
#3000 = CARTESIAN_POINT('',(20.409179322572,-26.55,7.345172144811));
#3001 = CARTESIAN_POINT('',(20.419424777389,-26.55,7.322635651916));
#3002 = CARTESIAN_POINT('',(20.428571428571,-26.55,7.3));
#3003 = ORIENTED_EDGE('',*,*,#3004,.T.);
#3004 = EDGE_CURVE('',#2974,#3005,#3007,.T.);
#3005 = VERTEX_POINT('',#3006);
#3006 = CARTESIAN_POINT('',(20.428571428571,-26.55,3.1));
#3007 = B_SPLINE_CURVE_WITH_KNOTS('',1,(#3008,#3009),.UNSPECIFIED.,.F.,
  .F.,(2,2),(-0.8,3.4),.PIECEWISE_BEZIER_KNOTS.);
#3008 = CARTESIAN_POINT('',(20.428571428571,-26.55,7.3));
#3009 = CARTESIAN_POINT('',(20.428571428571,-26.55,3.1));
#3010 = ORIENTED_EDGE('',*,*,#3011,.T.);
#3011 = EDGE_CURVE('',#3005,#3012,#3014,.T.);
#3012 = VERTEX_POINT('',#3013);
#3013 = CARTESIAN_POINT('',(20.014634146341,-26.55,2.8));
#3014 = B_SPLINE_CURVE_WITH_KNOTS('',5,(#3015,#3016,#3017,#3018,#3019,
    #3020,#3021,#3022,#3023,#3024,#3025,#3026,#3027,#3028,#3029,#3030,
    #3031,#3032),.UNSPECIFIED.,.F.,.F.,(6,4,4,4,6),(0.,0.422478695324,
    0.558618913458,0.766110610513,1.),.UNSPECIFIED.);
#3015 = CARTESIAN_POINT('',(20.428571428571,-26.55,3.1));
#3016 = CARTESIAN_POINT('',(20.416454416583,-26.55,3.07001345518));
#3017 = CARTESIAN_POINT('',(20.40226877829,-26.55,3.040204147333));
#3018 = CARTESIAN_POINT('',(20.385299684562,-26.55,3.010567918214));
#3019 = CARTESIAN_POINT('',(20.364478764744,-26.55,2.981327822231));
#3020 = CARTESIAN_POINT('',(20.329045573279,-26.55,2.943878160675));
#3021 = CARTESIAN_POINT('',(20.319793334732,-26.55,2.934850597985));
#3022 = CARTESIAN_POINT('',(20.309858233266,-26.55,2.92594291623));
#3023 = CARTESIAN_POINT('',(20.299169345452,-26.55,2.917184659945));
#3024 = CARTESIAN_POINT('',(20.270140947178,-26.55,2.895543037647));
#3025 = CARTESIAN_POINT('',(20.250721001499,-26.55,2.882898231449));
#3026 = CARTESIAN_POINT('',(20.229223765779,-26.55,2.870814787168));
#3027 = CARTESIAN_POINT('',(20.205546440839,-26.55,2.859446240425));
#3028 = CARTESIAN_POINT('',(20.151036075667,-26.55,2.836980792044));
#3029 = CARTESIAN_POINT('',(20.11965688247,-26.55,2.826094716748));
#3030 = CARTESIAN_POINT('',(20.086109842233,-26.55,2.816366349067));
#3031 = CARTESIAN_POINT('',(20.050951349867,-26.55,2.807708234738));
#3032 = CARTESIAN_POINT('',(20.014634146341,-26.55,2.8));
#3033 = ORIENTED_EDGE('',*,*,#3034,.T.);
#3034 = EDGE_CURVE('',#3012,#3035,#3037,.T.);
#3035 = VERTEX_POINT('',#3036);
#3036 = CARTESIAN_POINT('',(19.985365853659,-26.55,2.8));
#3037 = B_SPLINE_CURVE_WITH_KNOTS('',1,(#3038,#3039),.UNSPECIFIED.,.F.,
  .F.,(2,2),(-23.58963414634,-23.56036585365),.PIECEWISE_BEZIER_KNOTS.);
#3038 = CARTESIAN_POINT('',(20.014634146341,-26.55,2.8));
#3039 = CARTESIAN_POINT('',(19.985365853659,-26.55,2.8));
#3040 = ORIENTED_EDGE('',*,*,#3041,.F.);
#3041 = EDGE_CURVE('',#3042,#3035,#3044,.T.);
#3042 = VERTEX_POINT('',#3043);
#3043 = CARTESIAN_POINT('',(19.571428571429,-26.55,3.1));
#3044 = B_SPLINE_CURVE_WITH_KNOTS('',5,(#3045,#3046,#3047,#3048,#3049,
    #3050,#3051,#3052,#3053,#3054,#3055,#3056,#3057,#3058,#3059,#3060,
    #3061,#3062),.UNSPECIFIED.,.F.,.F.,(6,4,4,4,6),(0.,0.422478695324,
    0.558618913458,0.766110610513,1.),.UNSPECIFIED.);
#3045 = CARTESIAN_POINT('',(19.571428571429,-26.55,3.1));
#3046 = CARTESIAN_POINT('',(19.583545583417,-26.55,3.07001345518));
#3047 = CARTESIAN_POINT('',(19.59773122171,-26.55,3.040204147333));
#3048 = CARTESIAN_POINT('',(19.614700315438,-26.55,3.010567918214));
#3049 = CARTESIAN_POINT('',(19.635521235256,-26.55,2.981327822231));
#3050 = CARTESIAN_POINT('',(19.670954426721,-26.55,2.943878160675));
#3051 = CARTESIAN_POINT('',(19.680206665268,-26.55,2.934850597985));
#3052 = CARTESIAN_POINT('',(19.690141766734,-26.55,2.92594291623));
#3053 = CARTESIAN_POINT('',(19.700830654548,-26.55,2.917184659945));
#3054 = CARTESIAN_POINT('',(19.729859052822,-26.55,2.895543037647));
#3055 = CARTESIAN_POINT('',(19.749278998501,-26.55,2.882898231449));
#3056 = CARTESIAN_POINT('',(19.770776234221,-26.55,2.870814787168));
#3057 = CARTESIAN_POINT('',(19.794453559161,-26.55,2.859446240425));
#3058 = CARTESIAN_POINT('',(19.848963924333,-26.55,2.836980792044));
#3059 = CARTESIAN_POINT('',(19.88034311753,-26.55,2.826094716748));
#3060 = CARTESIAN_POINT('',(19.913890157767,-26.55,2.816366349067));
#3061 = CARTESIAN_POINT('',(19.949048650133,-26.55,2.807708234738));
#3062 = CARTESIAN_POINT('',(19.985365853658,-26.55,2.8));
#3063 = ORIENTED_EDGE('',*,*,#3064,.T.);
#3064 = EDGE_CURVE('',#3042,#3065,#3067,.T.);
#3065 = VERTEX_POINT('',#3066);
#3066 = CARTESIAN_POINT('',(19.571428571429,-26.55,7.3));
#3067 = B_SPLINE_CURVE_WITH_KNOTS('',1,(#3068,#3069),.UNSPECIFIED.,.F.,
  .F.,(2,2),(-3.4,0.8),.PIECEWISE_BEZIER_KNOTS.);
#3068 = CARTESIAN_POINT('',(19.571428571429,-26.55,3.1));
#3069 = CARTESIAN_POINT('',(19.571428571429,-26.55,7.3));
#3070 = ORIENTED_EDGE('',*,*,#3071,.F.);
#3071 = EDGE_CURVE('',#2967,#3065,#3072,.T.);
#3072 = B_SPLINE_CURVE_WITH_KNOTS('',7,(#3073,#3074,#3075,#3076,#3077,
    #3078,#3079,#3080,#3081,#3082,#3083,#3084,#3085,#3086,#3087,#3088,
    #3089,#3090,#3091,#3092,#3093,#3094,#3095,#3096,#3097,#3098),
  .UNSPECIFIED.,.F.,.F.,(8,6,6,6,8),(0.,0.233264199251,0.431152745139,
    0.553555959979,1.),.UNSPECIFIED.);
#3073 = CARTESIAN_POINT('',(19.985365853658,-26.55,7.6));
#3074 = CARTESIAN_POINT('',(19.959493585855,-26.55,7.594508676493));
#3075 = CARTESIAN_POINT('',(19.934170299396,-26.55,7.588567444282));
#3076 = CARTESIAN_POINT('',(19.909524184715,-26.55,7.582142167328));
#3077 = CARTESIAN_POINT('',(19.885698170268,-26.55,7.575203358597));
#3078 = CARTESIAN_POINT('',(19.862834210496,-26.55,7.567735301671));
#3079 = CARTESIAN_POINT('',(19.841057573788,-26.55,7.559745172351));
#3080 = CARTESIAN_POINT('',(19.802988238182,-26.55,7.544084121775));
#3081 = CARTESIAN_POINT('',(19.786358397381,-26.55,7.53654599841));
#3082 = CARTESIAN_POINT('',(19.770629210463,-26.55,7.528680516788));
#3083 = CARTESIAN_POINT('',(19.755819025062,-26.55,7.520517722692));
#3084 = CARTESIAN_POINT('',(19.741916254235,-26.55,7.512092154146));
#3085 = CARTESIAN_POINT('',(19.728888696666,-26.55,7.50344001451));
#3086 = CARTESIAN_POINT('',(19.709149166095,-26.55,7.489126127435));
#3087 = CARTESIAN_POINT('',(19.701922615284,-26.55,7.483581822558));
#3088 = CARTESIAN_POINT('',(19.695001873051,-26.55,7.477970884208));
#3089 = CARTESIAN_POINT('',(19.688374067486,-26.55,7.472300292839));
#3090 = CARTESIAN_POINT('',(19.682025378936,-26.55,7.466576433819));
#3091 = CARTESIAN_POINT('',(19.675941632794,-26.55,7.46080497518));
#3092 = CARTESIAN_POINT('',(19.648835004615,-26.55,7.433784372175));
#3093 = CARTESIAN_POINT('',(19.630925075205,-26.55,7.41203389255));
#3094 = CARTESIAN_POINT('',(19.615638410367,-26.55,7.389931754814));
#3095 = CARTESIAN_POINT('',(19.602404029985,-26.55,7.367616725493));
#3096 = CARTESIAN_POINT('',(19.590820677428,-26.55,7.34517214481));
#3097 = CARTESIAN_POINT('',(19.580575222611,-26.55,7.322635651916));
#3098 = CARTESIAN_POINT('',(19.571428571429,-26.55,7.3));
#3099 = B_SPLINE_SURFACE_WITH_KNOTS('',1,1,(
    (#3100,#3101)
    ,(#3102,#3103
    )),.UNSPECIFIED.,.F.,.F.,.F.,(2,2),(2,2),(0.4,8.5),(42.15,51.55),
  .PIECEWISE_BEZIER_KNOTS.);
#3100 = CARTESIAN_POINT('',(15.6,-26.55,9.5));
#3101 = CARTESIAN_POINT('',(25.,-26.55,9.5));
#3102 = CARTESIAN_POINT('',(15.6,-26.55,1.4));
#3103 = CARTESIAN_POINT('',(25.,-26.55,1.4));
#3104 = ADVANCED_FACE('',(#3105),#3122,.F.);
#3105 = FACE_BOUND('',#3106,.F.);
#3106 = EDGE_LOOP('',(#3107,#3114,#3120,#3121));
#3107 = ORIENTED_EDGE('',*,*,#3108,.F.);
#3108 = EDGE_CURVE('',#3109,#534,#3111,.T.);
#3109 = VERTEX_POINT('',#3110);
#3110 = CARTESIAN_POINT('',(26.55,-25.,9.5));
#3111 = B_SPLINE_CURVE_WITH_KNOTS('',1,(#3112,#3113),.UNSPECIFIED.,.F.,
  .F.,(2,2),(0.4,8.5),.PIECEWISE_BEZIER_KNOTS.);
#3112 = CARTESIAN_POINT('',(26.55,-25.,9.5));
#3113 = CARTESIAN_POINT('',(26.55,-25.,1.4));
#3114 = ORIENTED_EDGE('',*,*,#3115,.T.);
#3115 = EDGE_CURVE('',#3109,#2949,#3116,.T.);
#3116 = ( BOUNDED_CURVE() B_SPLINE_CURVE(2,(#3117,#3118,#3119),
.UNSPECIFIED.,.F.,.F.) B_SPLINE_CURVE_WITH_KNOTS((3,3),(1.570796326795,
3.14159265359),.PIECEWISE_BEZIER_KNOTS.) CURVE() 
GEOMETRIC_REPRESENTATION_ITEM() RATIONAL_B_SPLINE_CURVE((1.,
0.707106781187,1.)) REPRESENTATION_ITEM('') );
#3117 = CARTESIAN_POINT('',(26.55,-25.,9.5));
#3118 = CARTESIAN_POINT('',(26.55,-26.55,9.5));
#3119 = CARTESIAN_POINT('',(25.,-26.55,9.5));
#3120 = ORIENTED_EDGE('',*,*,#2948,.T.);
#3121 = ORIENTED_EDGE('',*,*,#540,.F.);
#3122 = ( BOUNDED_SURFACE() B_SPLINE_SURFACE(2,1,(
    (#3123,#3124)
    ,(#3125,#3126)
    ,(#3127,#3128
)),.UNSPECIFIED.,.F.,.F.,.F.) B_SPLINE_SURFACE_WITH_KNOTS((3,3),(2,2),(
    0.,1.570796326795),(0.4,8.5),.PIECEWISE_BEZIER_KNOTS.) 
GEOMETRIC_REPRESENTATION_ITEM() RATIONAL_B_SPLINE_SURFACE((
    (1.,1.)
    ,(0.707106781187,0.707106781187)
,(1.,1.))) REPRESENTATION_ITEM('') SURFACE() );
#3123 = CARTESIAN_POINT('',(26.55,-25.,9.5));
#3124 = CARTESIAN_POINT('',(26.55,-25.,1.4));
#3125 = CARTESIAN_POINT('',(26.55,-26.55,9.5));
#3126 = CARTESIAN_POINT('',(26.55,-26.55,1.4));
#3127 = CARTESIAN_POINT('',(25.,-26.55,9.5));
#3128 = CARTESIAN_POINT('',(25.,-26.55,1.4));
#3129 = ADVANCED_FACE('',(#3130,#3146),#3284,.F.);
#3130 = FACE_BOUND('',#3131,.F.);
#3131 = EDGE_LOOP('',(#3132,#3133,#3140,#3145));
#3132 = ORIENTED_EDGE('',*,*,#533,.F.);
#3133 = ORIENTED_EDGE('',*,*,#3134,.T.);
#3134 = EDGE_CURVE('',#527,#3135,#3137,.T.);
#3135 = VERTEX_POINT('',#3136);
#3136 = CARTESIAN_POINT('',(26.55,-15.6,9.5));
#3137 = B_SPLINE_CURVE_WITH_KNOTS('',1,(#3138,#3139),.UNSPECIFIED.,.F.,
  .F.,(2,2),(-8.475,-0.375),.PIECEWISE_BEZIER_KNOTS.);
#3138 = CARTESIAN_POINT('',(26.55,-15.6,1.4));
#3139 = CARTESIAN_POINT('',(26.55,-15.6,9.5));
#3140 = ORIENTED_EDGE('',*,*,#3141,.T.);
#3141 = EDGE_CURVE('',#3135,#3109,#3142,.T.);
#3142 = B_SPLINE_CURVE_WITH_KNOTS('',1,(#3143,#3144),.UNSPECIFIED.,.F.,
  .F.,(2,2),(42.15,51.55),.PIECEWISE_BEZIER_KNOTS.);
#3143 = CARTESIAN_POINT('',(26.55,-15.6,9.5));
#3144 = CARTESIAN_POINT('',(26.55,-25.,9.5));
#3145 = ORIENTED_EDGE('',*,*,#3108,.T.);
#3146 = FACE_BOUND('',#3147,.F.);
#3147 = EDGE_LOOP('',(#3148,#3157,#3188,#3195,#3218,#3225,#3248,#3255));
#3148 = ORIENTED_EDGE('',*,*,#3149,.F.);
#3149 = EDGE_CURVE('',#3150,#3152,#3154,.T.);
#3150 = VERTEX_POINT('',#3151);
#3151 = CARTESIAN_POINT('',(26.55,-19.98536585365,7.6));
#3152 = VERTEX_POINT('',#3153);
#3153 = CARTESIAN_POINT('',(26.55,-20.01463414634,7.6));
#3154 = B_SPLINE_CURVE_WITH_KNOTS('',1,(#3155,#3156),.UNSPECIFIED.,.F.,
  .F.,(2,2),(22.960365853659,22.989634146341),.PIECEWISE_BEZIER_KNOTS.);
#3155 = CARTESIAN_POINT('',(26.55,-19.98536585365,7.6));
#3156 = CARTESIAN_POINT('',(26.55,-20.01463414634,7.6));
#3157 = ORIENTED_EDGE('',*,*,#3158,.T.);
#3158 = EDGE_CURVE('',#3150,#3159,#3161,.T.);
#3159 = VERTEX_POINT('',#3160);
#3160 = CARTESIAN_POINT('',(26.55,-19.57142857142,7.3));
#3161 = B_SPLINE_CURVE_WITH_KNOTS('',7,(#3162,#3163,#3164,#3165,#3166,
    #3167,#3168,#3169,#3170,#3171,#3172,#3173,#3174,#3175,#3176,#3177,
    #3178,#3179,#3180,#3181,#3182,#3183,#3184,#3185,#3186,#3187),
  .UNSPECIFIED.,.F.,.F.,(8,6,6,6,8),(0.,0.233264199251,0.43115274514,
    0.553555959979,1.),.UNSPECIFIED.);
#3162 = CARTESIAN_POINT('',(26.55,-19.98536585365,7.6));
#3163 = CARTESIAN_POINT('',(26.55,-19.95949358585,7.594508676493));
#3164 = CARTESIAN_POINT('',(26.55,-19.93417029939,7.588567444282));
#3165 = CARTESIAN_POINT('',(26.55,-19.90952418471,7.582142167328));
#3166 = CARTESIAN_POINT('',(26.55,-19.88569817026,7.575203358597));
#3167 = CARTESIAN_POINT('',(26.55,-19.86283421049,7.567735301671));
#3168 = CARTESIAN_POINT('',(26.55,-19.84105757378,7.559745172351));
#3169 = CARTESIAN_POINT('',(26.55,-19.80298823818,7.544084121775));
#3170 = CARTESIAN_POINT('',(26.55,-19.78635839738,7.53654599841));
#3171 = CARTESIAN_POINT('',(26.55,-19.77062921046,7.528680516788));
#3172 = CARTESIAN_POINT('',(26.55,-19.75581902506,7.520517722692));
#3173 = CARTESIAN_POINT('',(26.55,-19.74191625423,7.512092154146));
#3174 = CARTESIAN_POINT('',(26.55,-19.72888869666,7.50344001451));
#3175 = CARTESIAN_POINT('',(26.55,-19.70914916609,7.489126127435));
#3176 = CARTESIAN_POINT('',(26.55,-19.70192261528,7.483581822558));
#3177 = CARTESIAN_POINT('',(26.55,-19.69500187305,7.477970884208));
#3178 = CARTESIAN_POINT('',(26.55,-19.68837406748,7.472300292839));
#3179 = CARTESIAN_POINT('',(26.55,-19.68202537893,7.466576433819));
#3180 = CARTESIAN_POINT('',(26.55,-19.67594163279,7.46080497518));
#3181 = CARTESIAN_POINT('',(26.55,-19.64883500461,7.433784372175));
#3182 = CARTESIAN_POINT('',(26.55,-19.6309250752,7.41203389255));
#3183 = CARTESIAN_POINT('',(26.55,-19.61563841036,7.389931754815));
#3184 = CARTESIAN_POINT('',(26.55,-19.60240402998,7.367616725492));
#3185 = CARTESIAN_POINT('',(26.55,-19.59082067742,7.345172144811));
#3186 = CARTESIAN_POINT('',(26.55,-19.58057522261,7.322635651916));
#3187 = CARTESIAN_POINT('',(26.55,-19.57142857142,7.3));
#3188 = ORIENTED_EDGE('',*,*,#3189,.T.);
#3189 = EDGE_CURVE('',#3159,#3190,#3192,.T.);
#3190 = VERTEX_POINT('',#3191);
#3191 = CARTESIAN_POINT('',(26.55,-19.57142857142,3.1));
#3192 = B_SPLINE_CURVE_WITH_KNOTS('',1,(#3193,#3194),.UNSPECIFIED.,.F.,
  .F.,(2,2),(-0.8,3.4),.PIECEWISE_BEZIER_KNOTS.);
#3193 = CARTESIAN_POINT('',(26.55,-19.57142857142,7.3));
#3194 = CARTESIAN_POINT('',(26.55,-19.57142857142,3.1));
#3195 = ORIENTED_EDGE('',*,*,#3196,.T.);
#3196 = EDGE_CURVE('',#3190,#3197,#3199,.T.);
#3197 = VERTEX_POINT('',#3198);
#3198 = CARTESIAN_POINT('',(26.55,-19.98536585365,2.8));
#3199 = B_SPLINE_CURVE_WITH_KNOTS('',5,(#3200,#3201,#3202,#3203,#3204,
    #3205,#3206,#3207,#3208,#3209,#3210,#3211,#3212,#3213,#3214,#3215,
    #3216,#3217),.UNSPECIFIED.,.F.,.F.,(6,4,4,4,6),(0.,0.422478695324,
    0.558618913458,0.766110610513,1.),.UNSPECIFIED.);
#3200 = CARTESIAN_POINT('',(26.55,-19.57142857142,3.1));
#3201 = CARTESIAN_POINT('',(26.55,-19.58354558341,3.07001345518));
#3202 = CARTESIAN_POINT('',(26.55,-19.59773122171,3.040204147333));
#3203 = CARTESIAN_POINT('',(26.55,-19.61470031543,3.010567918214));
#3204 = CARTESIAN_POINT('',(26.55,-19.63552123525,2.981327822231));
#3205 = CARTESIAN_POINT('',(26.55,-19.67095442672,2.943878160675));
#3206 = CARTESIAN_POINT('',(26.55,-19.68020666526,2.934850597985));
#3207 = CARTESIAN_POINT('',(26.55,-19.69014176673,2.92594291623));
#3208 = CARTESIAN_POINT('',(26.55,-19.70083065454,2.917184659945));
#3209 = CARTESIAN_POINT('',(26.55,-19.72985905282,2.895543037647));
#3210 = CARTESIAN_POINT('',(26.55,-19.7492789985,2.882898231449));
#3211 = CARTESIAN_POINT('',(26.55,-19.77077623422,2.870814787168));
#3212 = CARTESIAN_POINT('',(26.55,-19.79445355916,2.859446240425));
#3213 = CARTESIAN_POINT('',(26.55,-19.84896392433,2.836980792044));
#3214 = CARTESIAN_POINT('',(26.55,-19.88034311753,2.826094716748));
#3215 = CARTESIAN_POINT('',(26.55,-19.91389015776,2.816366349067));
#3216 = CARTESIAN_POINT('',(26.55,-19.94904865013,2.807708234738));
#3217 = CARTESIAN_POINT('',(26.55,-19.98536585365,2.8));
#3218 = ORIENTED_EDGE('',*,*,#3219,.T.);
#3219 = EDGE_CURVE('',#3197,#3220,#3222,.T.);
#3220 = VERTEX_POINT('',#3221);
#3221 = CARTESIAN_POINT('',(26.55,-20.01463414634,2.8));
#3222 = B_SPLINE_CURVE_WITH_KNOTS('',1,(#3223,#3224),.UNSPECIFIED.,.F.,
  .F.,(2,2),(22.960365853659,22.989634146341),.PIECEWISE_BEZIER_KNOTS.);
#3223 = CARTESIAN_POINT('',(26.55,-19.98536585365,2.8));
#3224 = CARTESIAN_POINT('',(26.55,-20.01463414634,2.8));
#3225 = ORIENTED_EDGE('',*,*,#3226,.F.);
#3226 = EDGE_CURVE('',#3227,#3220,#3229,.T.);
#3227 = VERTEX_POINT('',#3228);
#3228 = CARTESIAN_POINT('',(26.55,-20.42857142857,3.1));
#3229 = B_SPLINE_CURVE_WITH_KNOTS('',5,(#3230,#3231,#3232,#3233,#3234,
    #3235,#3236,#3237,#3238,#3239,#3240,#3241,#3242,#3243,#3244,#3245,
    #3246,#3247),.UNSPECIFIED.,.F.,.F.,(6,4,4,4,6),(0.,0.422478695324,
    0.558618913458,0.766110610513,1.),.UNSPECIFIED.);
#3230 = CARTESIAN_POINT('',(26.55,-20.42857142857,3.1));
#3231 = CARTESIAN_POINT('',(26.55,-20.41645441658,3.07001345518));
#3232 = CARTESIAN_POINT('',(26.55,-20.40226877829,3.040204147333));
#3233 = CARTESIAN_POINT('',(26.55,-20.38529968456,3.010567918214));
#3234 = CARTESIAN_POINT('',(26.55,-20.36447876474,2.981327822231));
#3235 = CARTESIAN_POINT('',(26.55,-20.32904557327,2.943878160675));
#3236 = CARTESIAN_POINT('',(26.55,-20.31979333473,2.934850597985));
#3237 = CARTESIAN_POINT('',(26.55,-20.30985823326,2.92594291623));
#3238 = CARTESIAN_POINT('',(26.55,-20.29916934545,2.917184659945));
#3239 = CARTESIAN_POINT('',(26.55,-20.27014094717,2.895543037647));
#3240 = CARTESIAN_POINT('',(26.55,-20.25072100149,2.882898231449));
#3241 = CARTESIAN_POINT('',(26.55,-20.22922376577,2.870814787168));
#3242 = CARTESIAN_POINT('',(26.55,-20.20554644083,2.859446240425));
#3243 = CARTESIAN_POINT('',(26.55,-20.15103607566,2.836980792044));
#3244 = CARTESIAN_POINT('',(26.55,-20.11965688247,2.826094716748));
#3245 = CARTESIAN_POINT('',(26.55,-20.08610984223,2.816366349067));
#3246 = CARTESIAN_POINT('',(26.55,-20.05095134986,2.807708234738));
#3247 = CARTESIAN_POINT('',(26.55,-20.01463414634,2.8));
#3248 = ORIENTED_EDGE('',*,*,#3249,.T.);
#3249 = EDGE_CURVE('',#3227,#3250,#3252,.T.);
#3250 = VERTEX_POINT('',#3251);
#3251 = CARTESIAN_POINT('',(26.55,-20.42857142857,7.3));
#3252 = B_SPLINE_CURVE_WITH_KNOTS('',1,(#3253,#3254),.UNSPECIFIED.,.F.,
  .F.,(2,2),(-3.4,0.8),.PIECEWISE_BEZIER_KNOTS.);
#3253 = CARTESIAN_POINT('',(26.55,-20.42857142857,3.1));
#3254 = CARTESIAN_POINT('',(26.55,-20.42857142857,7.3));
#3255 = ORIENTED_EDGE('',*,*,#3256,.F.);
#3256 = EDGE_CURVE('',#3152,#3250,#3257,.T.);
#3257 = B_SPLINE_CURVE_WITH_KNOTS('',7,(#3258,#3259,#3260,#3261,#3262,
    #3263,#3264,#3265,#3266,#3267,#3268,#3269,#3270,#3271,#3272,#3273,
    #3274,#3275,#3276,#3277,#3278,#3279,#3280,#3281,#3282,#3283),
  .UNSPECIFIED.,.F.,.F.,(8,6,6,6,8),(0.,0.233264199251,0.431152745139,
    0.553555959979,1.),.UNSPECIFIED.);
#3258 = CARTESIAN_POINT('',(26.55,-20.01463414634,7.6));
#3259 = CARTESIAN_POINT('',(26.55,-20.04050641414,7.594508676493));
#3260 = CARTESIAN_POINT('',(26.55,-20.0658297006,7.588567444282));
#3261 = CARTESIAN_POINT('',(26.55,-20.09047581528,7.582142167328));
#3262 = CARTESIAN_POINT('',(26.55,-20.11430182973,7.575203358597));
#3263 = CARTESIAN_POINT('',(26.55,-20.1371657895,7.567735301671));
#3264 = CARTESIAN_POINT('',(26.55,-20.15894242621,7.559745172351));
#3265 = CARTESIAN_POINT('',(26.55,-20.19701176181,7.544084121775));
#3266 = CARTESIAN_POINT('',(26.55,-20.21364160261,7.53654599841));
#3267 = CARTESIAN_POINT('',(26.55,-20.22937078953,7.528680516788));
#3268 = CARTESIAN_POINT('',(26.55,-20.24418097493,7.520517722692));
#3269 = CARTESIAN_POINT('',(26.55,-20.25808374576,7.512092154146));
#3270 = CARTESIAN_POINT('',(26.55,-20.27111130333,7.50344001451));
#3271 = CARTESIAN_POINT('',(26.55,-20.2908508339,7.489126127435));
#3272 = CARTESIAN_POINT('',(26.55,-20.29807738471,7.483581822558));
#3273 = CARTESIAN_POINT('',(26.55,-20.30499812694,7.477970884208));
#3274 = CARTESIAN_POINT('',(26.55,-20.31162593251,7.472300292839));
#3275 = CARTESIAN_POINT('',(26.55,-20.31797462106,7.466576433819));
#3276 = CARTESIAN_POINT('',(26.55,-20.3240583672,7.46080497518));
#3277 = CARTESIAN_POINT('',(26.55,-20.35116499538,7.433784372175));
#3278 = CARTESIAN_POINT('',(26.55,-20.36907492479,7.41203389255));
#3279 = CARTESIAN_POINT('',(26.55,-20.38436158963,7.389931754814));
#3280 = CARTESIAN_POINT('',(26.55,-20.39759597001,7.367616725493));
#3281 = CARTESIAN_POINT('',(26.55,-20.40917932257,7.34517214481));
#3282 = CARTESIAN_POINT('',(26.55,-20.41942477738,7.322635651916));
#3283 = CARTESIAN_POINT('',(26.55,-20.42857142857,7.3));
#3284 = B_SPLINE_SURFACE_WITH_KNOTS('',1,1,(
    (#3285,#3286)
    ,(#3287,#3288
    )),.UNSPECIFIED.,.F.,.F.,.F.,(2,2),(2,2),(0.4,8.5),(-51.55,-42.15),
  .PIECEWISE_BEZIER_KNOTS.);
#3285 = CARTESIAN_POINT('',(26.55,-25.,9.5));
#3286 = CARTESIAN_POINT('',(26.55,-15.6,9.5));
#3287 = CARTESIAN_POINT('',(26.55,-25.,1.4));
#3288 = CARTESIAN_POINT('',(26.55,-15.6,1.4));
#3289 = ADVANCED_FACE('',(#3290),#3327,.T.);
#3290 = FACE_BOUND('',#3291,.T.);
#3291 = EDGE_LOOP('',(#3292,#3299,#3300,#3301,#3308,#3315,#3322));
#3292 = ORIENTED_EDGE('',*,*,#3293,.F.);
#3293 = EDGE_CURVE('',#520,#3294,#3296,.T.);
#3294 = VERTEX_POINT('',#3295);
#3295 = CARTESIAN_POINT('',(26.5,-15.6,1.2));
#3296 = B_SPLINE_CURVE_WITH_KNOTS('',1,(#3297,#3298),.UNSPECIFIED.,.F.,
  .F.,(2,2),(8.45,8.65),.PIECEWISE_BEZIER_KNOTS.);
#3297 = CARTESIAN_POINT('',(26.5,-15.6,1.4));
#3298 = CARTESIAN_POINT('',(26.5,-15.6,1.2));
#3299 = ORIENTED_EDGE('',*,*,#526,.T.);
#3300 = ORIENTED_EDGE('',*,*,#3134,.T.);
#3301 = ORIENTED_EDGE('',*,*,#3302,.T.);
#3302 = EDGE_CURVE('',#3135,#3303,#3305,.T.);
#3303 = VERTEX_POINT('',#3304);
#3304 = CARTESIAN_POINT('',(26.849003322259,-15.6,9.8));
#3305 = B_SPLINE_CURVE_WITH_KNOTS('',1,(#3306,#3307),.UNSPECIFIED.,.F.,
  .F.,(2,2),(-0.106301180105,0.317258717338),.PIECEWISE_BEZIER_KNOTS.);
#3306 = CARTESIAN_POINT('',(26.55,-15.6,9.5));
#3307 = CARTESIAN_POINT('',(26.849003322259,-15.6,9.8));
#3308 = ORIENTED_EDGE('',*,*,#3309,.T.);
#3309 = EDGE_CURVE('',#3303,#3310,#3312,.T.);
#3310 = VERTEX_POINT('',#3311);
#3311 = CARTESIAN_POINT('',(28.15,-15.6,9.8));
#3312 = B_SPLINE_CURVE_WITH_KNOTS('',1,(#3313,#3314),.UNSPECIFIED.,.F.,
  .F.,(2,2),(28.099003322259,29.4),.PIECEWISE_BEZIER_KNOTS.);
#3313 = CARTESIAN_POINT('',(26.849003322259,-15.6,9.8));
#3314 = CARTESIAN_POINT('',(28.15,-15.6,9.8));
#3315 = ORIENTED_EDGE('',*,*,#3316,.T.);
#3316 = EDGE_CURVE('',#3310,#3317,#3319,.T.);
#3317 = VERTEX_POINT('',#3318);
#3318 = CARTESIAN_POINT('',(28.15,-15.6,1.2));
#3319 = B_SPLINE_CURVE_WITH_KNOTS('',1,(#3320,#3321),.UNSPECIFIED.,.F.,
  .F.,(2,2),(5.E-02,8.65),.PIECEWISE_BEZIER_KNOTS.);
#3320 = CARTESIAN_POINT('',(28.15,-15.6,9.8));
#3321 = CARTESIAN_POINT('',(28.15,-15.6,1.2));
#3322 = ORIENTED_EDGE('',*,*,#3323,.F.);
#3323 = EDGE_CURVE('',#3294,#3317,#3324,.T.);
#3324 = B_SPLINE_CURVE_WITH_KNOTS('',1,(#3325,#3326),.UNSPECIFIED.,.F.,
  .F.,(2,2),(0.,1.65),.PIECEWISE_BEZIER_KNOTS.);
#3325 = CARTESIAN_POINT('',(26.5,-15.6,1.2));
#3326 = CARTESIAN_POINT('',(28.15,-15.6,1.2));
#3327 = B_SPLINE_SURFACE_WITH_KNOTS('',1,1,(
    (#3328,#3329)
    ,(#3330,#3331
  )),.UNSPECIFIED.,.F.,.F.,.F.,(2,2),(2,2),(5.E-02,8.65),(-1.65,0.),
  .PIECEWISE_BEZIER_KNOTS.);
#3328 = CARTESIAN_POINT('',(28.15,-15.6,9.8));
#3329 = CARTESIAN_POINT('',(26.5,-15.6,9.8));
#3330 = CARTESIAN_POINT('',(28.15,-15.6,1.2));
#3331 = CARTESIAN_POINT('',(26.5,-15.6,1.2));
#3332 = ADVANCED_FACE('',(#3333),#3349,.T.);
#3333 = FACE_BOUND('',#3334,.T.);
#3334 = EDGE_LOOP('',(#3335,#3336,#3337,#3344));
#3335 = ORIENTED_EDGE('',*,*,#519,.T.);
#3336 = ORIENTED_EDGE('',*,*,#3293,.T.);
#3337 = ORIENTED_EDGE('',*,*,#3338,.T.);
#3338 = EDGE_CURVE('',#3294,#3339,#3341,.T.);
#3339 = VERTEX_POINT('',#3340);
#3340 = CARTESIAN_POINT('',(26.5,-15.,1.2));
#3341 = B_SPLINE_CURVE_WITH_KNOTS('',1,(#3342,#3343),.UNSPECIFIED.,.F.,
  .F.,(2,2),(0.,0.6),.PIECEWISE_BEZIER_KNOTS.);
#3342 = CARTESIAN_POINT('',(26.5,-15.6,1.2));
#3343 = CARTESIAN_POINT('',(26.5,-15.,1.2));
#3344 = ORIENTED_EDGE('',*,*,#3345,.F.);
#3345 = EDGE_CURVE('',#513,#3339,#3346,.T.);
#3346 = B_SPLINE_CURVE_WITH_KNOTS('',1,(#3347,#3348),.UNSPECIFIED.,.F.,
  .F.,(2,2),(8.45,8.65),.PIECEWISE_BEZIER_KNOTS.);
#3347 = CARTESIAN_POINT('',(26.5,-15.,1.4));
#3348 = CARTESIAN_POINT('',(26.5,-15.,1.2));
#3349 = B_SPLINE_SURFACE_WITH_KNOTS('',1,1,(
    (#3350,#3351)
    ,(#3352,#3353
    )),.UNSPECIFIED.,.F.,.F.,.F.,(2,2),(2,2),(8.45,8.65),(0.,0.6),
  .PIECEWISE_BEZIER_KNOTS.);
#3350 = CARTESIAN_POINT('',(26.5,-15.6,1.4));
#3351 = CARTESIAN_POINT('',(26.5,-15.,1.4));
#3352 = CARTESIAN_POINT('',(26.5,-15.6,1.2));
#3353 = CARTESIAN_POINT('',(26.5,-15.,1.2));
#3354 = ADVANCED_FACE('',(#3355),#3414,.T.);
#3355 = FACE_BOUND('',#3356,.T.);
#3356 = EDGE_LOOP('',(#3357,#3366,#3373,#3380,#3387,#3394,#3399,#3400,
    #3401,#3408));
#3357 = ORIENTED_EDGE('',*,*,#3358,.F.);
#3358 = EDGE_CURVE('',#3359,#3361,#3363,.T.);
#3359 = VERTEX_POINT('',#3360);
#3360 = CARTESIAN_POINT('',(27.55,-15.,9.4));
#3361 = VERTEX_POINT('',#3362);
#3362 = CARTESIAN_POINT('',(27.55,-15.,1.5));
#3363 = B_SPLINE_CURVE_WITH_KNOTS('',1,(#3364,#3365),.UNSPECIFIED.,.F.,
  .F.,(2,2),(0.,7.9),.PIECEWISE_BEZIER_KNOTS.);
#3364 = CARTESIAN_POINT('',(27.55,-15.,9.4));
#3365 = CARTESIAN_POINT('',(27.55,-15.,1.5));
#3366 = ORIENTED_EDGE('',*,*,#3367,.F.);
#3367 = EDGE_CURVE('',#3368,#3359,#3370,.T.);
#3368 = VERTEX_POINT('',#3369);
#3369 = CARTESIAN_POINT('',(26.55,-15.,9.4));
#3370 = B_SPLINE_CURVE_WITH_KNOTS('',1,(#3371,#3372),.UNSPECIFIED.,.F.,
  .F.,(2,2),(5.E-02,1.05),.PIECEWISE_BEZIER_KNOTS.);
#3371 = CARTESIAN_POINT('',(26.55,-15.,9.4));
#3372 = CARTESIAN_POINT('',(27.55,-15.,9.4));
#3373 = ORIENTED_EDGE('',*,*,#3374,.T.);
#3374 = EDGE_CURVE('',#3368,#3375,#3377,.T.);
#3375 = VERTEX_POINT('',#3376);
#3376 = CARTESIAN_POINT('',(26.,-15.,8.8));
#3377 = B_SPLINE_CURVE_WITH_KNOTS('',1,(#3378,#3379),.UNSPECIFIED.,.F.,
  .F.,(2,2),(0.,0.813941029805),.PIECEWISE_BEZIER_KNOTS.);
#3378 = CARTESIAN_POINT('',(26.55,-15.,9.4));
#3379 = CARTESIAN_POINT('',(26.,-15.,8.8));
#3380 = ORIENTED_EDGE('',*,*,#3381,.T.);
#3381 = EDGE_CURVE('',#3375,#3382,#3384,.T.);
#3382 = VERTEX_POINT('',#3383);
#3383 = CARTESIAN_POINT('',(26.,-15.,8.4));
#3384 = B_SPLINE_CURVE_WITH_KNOTS('',1,(#3385,#3386),.UNSPECIFIED.,.F.,
  .F.,(2,2),(0.,0.4),.PIECEWISE_BEZIER_KNOTS.);
#3385 = CARTESIAN_POINT('',(26.,-15.,8.8));
#3386 = CARTESIAN_POINT('',(26.,-15.,8.4));
#3387 = ORIENTED_EDGE('',*,*,#3388,.T.);
#3388 = EDGE_CURVE('',#3382,#3389,#3391,.T.);
#3389 = VERTEX_POINT('',#3390);
#3390 = CARTESIAN_POINT('',(26.55,-15.,8.4));
#3391 = B_SPLINE_CURVE_WITH_KNOTS('',1,(#3392,#3393),.UNSPECIFIED.,.F.,
  .F.,(2,2),(0.,0.55),.PIECEWISE_BEZIER_KNOTS.);
#3392 = CARTESIAN_POINT('',(26.,-15.,8.4));
#3393 = CARTESIAN_POINT('',(26.55,-15.,8.4));
#3394 = ORIENTED_EDGE('',*,*,#3395,.F.);
#3395 = EDGE_CURVE('',#506,#3389,#3396,.T.);
#3396 = B_SPLINE_CURVE_WITH_KNOTS('',1,(#3397,#3398),.UNSPECIFIED.,.F.,
  .F.,(2,2),(-8.475,-1.475),.PIECEWISE_BEZIER_KNOTS.);
#3397 = CARTESIAN_POINT('',(26.55,-15.,1.4));
#3398 = CARTESIAN_POINT('',(26.55,-15.,8.4));
#3399 = ORIENTED_EDGE('',*,*,#512,.F.);
#3400 = ORIENTED_EDGE('',*,*,#3345,.T.);
#3401 = ORIENTED_EDGE('',*,*,#3402,.T.);
#3402 = EDGE_CURVE('',#3339,#3403,#3405,.T.);
#3403 = VERTEX_POINT('',#3404);
#3404 = CARTESIAN_POINT('',(27.85,-15.,1.2));
#3405 = B_SPLINE_CURVE_WITH_KNOTS('',1,(#3406,#3407),.UNSPECIFIED.,.F.,
  .F.,(2,2),(-0.575735294118,0.774264705882),.PIECEWISE_BEZIER_KNOTS.);
#3406 = CARTESIAN_POINT('',(26.5,-15.,1.2));
#3407 = CARTESIAN_POINT('',(27.85,-15.,1.2));
#3408 = ORIENTED_EDGE('',*,*,#3409,.F.);
#3409 = EDGE_CURVE('',#3361,#3403,#3410,.T.);
#3410 = ( BOUNDED_CURVE() B_SPLINE_CURVE(2,(#3411,#3412,#3413),
.UNSPECIFIED.,.F.,.F.) B_SPLINE_CURVE_WITH_KNOTS((3,3),(3.14159265359,
4.712388980385),.PIECEWISE_BEZIER_KNOTS.) CURVE() 
GEOMETRIC_REPRESENTATION_ITEM() RATIONAL_B_SPLINE_CURVE((1.,
0.707106781187,1.)) REPRESENTATION_ITEM('') );
#3411 = CARTESIAN_POINT('',(27.55,-15.,1.5));
#3412 = CARTESIAN_POINT('',(27.55,-15.,1.2));
#3413 = CARTESIAN_POINT('',(27.85,-15.,1.2));
#3414 = B_SPLINE_SURFACE_WITH_KNOTS('',1,1,(
    (#3415,#3416)
    ,(#3417,#3418
    )),.UNSPECIFIED.,.F.,.F.,.F.,(2,2),(2,2),(-1.014075274586,
    0.835924725414),(-4.110933722237,4.089066277763),
  .PIECEWISE_BEZIER_KNOTS.);
#3415 = CARTESIAN_POINT('',(26.,-15.,1.2));
#3416 = CARTESIAN_POINT('',(26.,-15.,9.4));
#3417 = CARTESIAN_POINT('',(27.85,-15.,1.2));
#3418 = CARTESIAN_POINT('',(27.85,-15.,9.4));
#3419 = ADVANCED_FACE('',(#3420),#3436,.F.);
#3420 = FACE_BOUND('',#3421,.F.);
#3421 = EDGE_LOOP('',(#3422,#3423,#3430,#3435));
#3422 = ORIENTED_EDGE('',*,*,#505,.F.);
#3423 = ORIENTED_EDGE('',*,*,#3424,.T.);
#3424 = EDGE_CURVE('',#499,#3425,#3427,.T.);
#3425 = VERTEX_POINT('',#3426);
#3426 = CARTESIAN_POINT('',(26.55,-7.,8.4));
#3427 = B_SPLINE_CURVE_WITH_KNOTS('',1,(#3428,#3429),.UNSPECIFIED.,.F.,
  .F.,(2,2),(-8.475,-1.475),.PIECEWISE_BEZIER_KNOTS.);
#3428 = CARTESIAN_POINT('',(26.55,-7.,1.4));
#3429 = CARTESIAN_POINT('',(26.55,-7.,8.4));
#3430 = ORIENTED_EDGE('',*,*,#3431,.F.);
#3431 = EDGE_CURVE('',#3389,#3425,#3432,.T.);
#3432 = B_SPLINE_CURVE_WITH_KNOTS('',1,(#3433,#3434),.UNSPECIFIED.,.F.,
  .F.,(2,2),(0.,8.),.PIECEWISE_BEZIER_KNOTS.);
#3433 = CARTESIAN_POINT('',(26.55,-15.,8.4));
#3434 = CARTESIAN_POINT('',(26.55,-7.,8.4));
#3435 = ORIENTED_EDGE('',*,*,#3395,.F.);
#3436 = B_SPLINE_SURFACE_WITH_KNOTS('',1,1,(
    (#3437,#3438)
    ,(#3439,#3440
    )),.UNSPECIFIED.,.F.,.F.,.F.,(2,2),(2,2),(1.5,8.5),(-41.55,-33.55),
  .PIECEWISE_BEZIER_KNOTS.);
#3437 = CARTESIAN_POINT('',(26.55,-15.,8.4));
#3438 = CARTESIAN_POINT('',(26.55,-7.,8.4));
#3439 = CARTESIAN_POINT('',(26.55,-15.,1.4));
#3440 = CARTESIAN_POINT('',(26.55,-7.,1.4));
#3441 = ADVANCED_FACE('',(#3442),#3501,.T.);
#3442 = FACE_BOUND('',#3443,.T.);
#3443 = EDGE_LOOP('',(#3444,#3453,#3461,#3468,#3473,#3474,#3475,#3482,
    #3489,#3496));
#3444 = ORIENTED_EDGE('',*,*,#3445,.T.);
#3445 = EDGE_CURVE('',#3446,#3448,#3450,.T.);
#3446 = VERTEX_POINT('',#3447);
#3447 = CARTESIAN_POINT('',(27.55,-7.,9.4));
#3448 = VERTEX_POINT('',#3449);
#3449 = CARTESIAN_POINT('',(27.55,-7.,1.5));
#3450 = B_SPLINE_CURVE_WITH_KNOTS('',1,(#3451,#3452),.UNSPECIFIED.,.F.,
  .F.,(2,2),(0.,7.9),.PIECEWISE_BEZIER_KNOTS.);
#3451 = CARTESIAN_POINT('',(27.55,-7.,9.4));
#3452 = CARTESIAN_POINT('',(27.55,-7.,1.5));
#3453 = ORIENTED_EDGE('',*,*,#3454,.T.);
#3454 = EDGE_CURVE('',#3448,#3455,#3457,.T.);
#3455 = VERTEX_POINT('',#3456);
#3456 = CARTESIAN_POINT('',(27.85,-7.,1.2));
#3457 = ( BOUNDED_CURVE() B_SPLINE_CURVE(2,(#3458,#3459,#3460),
.UNSPECIFIED.,.F.,.F.) B_SPLINE_CURVE_WITH_KNOTS((3,3),(3.14159265359,
4.712388980385),.PIECEWISE_BEZIER_KNOTS.) CURVE() 
GEOMETRIC_REPRESENTATION_ITEM() RATIONAL_B_SPLINE_CURVE((1.,
0.707106781187,1.)) REPRESENTATION_ITEM('') );
#3458 = CARTESIAN_POINT('',(27.55,-7.,1.5));
#3459 = CARTESIAN_POINT('',(27.55,-7.,1.2));
#3460 = CARTESIAN_POINT('',(27.85,-7.,1.2));
#3461 = ORIENTED_EDGE('',*,*,#3462,.F.);
#3462 = EDGE_CURVE('',#3463,#3455,#3465,.T.);
#3463 = VERTEX_POINT('',#3464);
#3464 = CARTESIAN_POINT('',(26.5,-7.,1.2));
#3465 = B_SPLINE_CURVE_WITH_KNOTS('',1,(#3466,#3467),.UNSPECIFIED.,.F.,
  .F.,(2,2),(-3.552713678801E-15,1.35),.PIECEWISE_BEZIER_KNOTS.);
#3466 = CARTESIAN_POINT('',(26.5,-7.,1.2));
#3467 = CARTESIAN_POINT('',(27.85,-7.,1.2));
#3468 = ORIENTED_EDGE('',*,*,#3469,.F.);
#3469 = EDGE_CURVE('',#492,#3463,#3470,.T.);
#3470 = B_SPLINE_CURVE_WITH_KNOTS('',1,(#3471,#3472),.UNSPECIFIED.,.F.,
  .F.,(2,2),(8.45,8.65),.PIECEWISE_BEZIER_KNOTS.);
#3471 = CARTESIAN_POINT('',(26.5,-7.,1.4));
#3472 = CARTESIAN_POINT('',(26.5,-7.,1.2));
#3473 = ORIENTED_EDGE('',*,*,#498,.T.);
#3474 = ORIENTED_EDGE('',*,*,#3424,.T.);
#3475 = ORIENTED_EDGE('',*,*,#3476,.F.);
#3476 = EDGE_CURVE('',#3477,#3425,#3479,.T.);
#3477 = VERTEX_POINT('',#3478);
#3478 = CARTESIAN_POINT('',(26.,-7.,8.4));
#3479 = B_SPLINE_CURVE_WITH_KNOTS('',1,(#3480,#3481),.UNSPECIFIED.,.F.,
  .F.,(2,2),(0.,0.55),.PIECEWISE_BEZIER_KNOTS.);
#3480 = CARTESIAN_POINT('',(26.,-7.,8.4));
#3481 = CARTESIAN_POINT('',(26.55,-7.,8.4));
#3482 = ORIENTED_EDGE('',*,*,#3483,.F.);
#3483 = EDGE_CURVE('',#3484,#3477,#3486,.T.);
#3484 = VERTEX_POINT('',#3485);
#3485 = CARTESIAN_POINT('',(26.,-7.,8.8));
#3486 = B_SPLINE_CURVE_WITH_KNOTS('',1,(#3487,#3488),.UNSPECIFIED.,.F.,
  .F.,(2,2),(0.,0.4),.PIECEWISE_BEZIER_KNOTS.);
#3487 = CARTESIAN_POINT('',(26.,-7.,8.8));
#3488 = CARTESIAN_POINT('',(26.,-7.,8.4));
#3489 = ORIENTED_EDGE('',*,*,#3490,.F.);
#3490 = EDGE_CURVE('',#3491,#3484,#3493,.T.);
#3491 = VERTEX_POINT('',#3492);
#3492 = CARTESIAN_POINT('',(26.55,-7.,9.4));
#3493 = B_SPLINE_CURVE_WITH_KNOTS('',1,(#3494,#3495),.UNSPECIFIED.,.F.,
  .F.,(2,2),(0.,0.813941029805),.PIECEWISE_BEZIER_KNOTS.);
#3494 = CARTESIAN_POINT('',(26.55,-7.,9.4));
#3495 = CARTESIAN_POINT('',(26.,-7.,8.8));
#3496 = ORIENTED_EDGE('',*,*,#3497,.T.);
#3497 = EDGE_CURVE('',#3491,#3446,#3498,.T.);
#3498 = B_SPLINE_CURVE_WITH_KNOTS('',1,(#3499,#3500),.UNSPECIFIED.,.F.,
  .F.,(2,2),(5.E-02,1.05),.PIECEWISE_BEZIER_KNOTS.);
#3499 = CARTESIAN_POINT('',(26.55,-7.,9.4));
#3500 = CARTESIAN_POINT('',(27.55,-7.,9.4));
#3501 = B_SPLINE_SURFACE_WITH_KNOTS('',1,1,(
    (#3502,#3503)
    ,(#3504,#3505
    )),.UNSPECIFIED.,.F.,.F.,.F.,(2,2),(2,2),(-0.835924725414,
    1.014075274586),(-4.110933722237,4.089066277763),
  .PIECEWISE_BEZIER_KNOTS.);
#3502 = CARTESIAN_POINT('',(27.85,-7.,1.2));
#3503 = CARTESIAN_POINT('',(27.85,-7.,9.4));
#3504 = CARTESIAN_POINT('',(26.,-7.,1.2));
#3505 = CARTESIAN_POINT('',(26.,-7.,9.4));
#3506 = ADVANCED_FACE('',(#3507),#3523,.T.);
#3507 = FACE_BOUND('',#3508,.T.);
#3508 = EDGE_LOOP('',(#3509,#3516,#3517,#3518));
#3509 = ORIENTED_EDGE('',*,*,#3510,.F.);
#3510 = EDGE_CURVE('',#485,#3511,#3513,.T.);
#3511 = VERTEX_POINT('',#3512);
#3512 = CARTESIAN_POINT('',(26.5,-6.4,1.2));
#3513 = B_SPLINE_CURVE_WITH_KNOTS('',1,(#3514,#3515),.UNSPECIFIED.,.F.,
  .F.,(2,2),(8.45,8.65),.PIECEWISE_BEZIER_KNOTS.);
#3514 = CARTESIAN_POINT('',(26.5,-6.4,1.4));
#3515 = CARTESIAN_POINT('',(26.5,-6.4,1.2));
#3516 = ORIENTED_EDGE('',*,*,#491,.T.);
#3517 = ORIENTED_EDGE('',*,*,#3469,.T.);
#3518 = ORIENTED_EDGE('',*,*,#3519,.T.);
#3519 = EDGE_CURVE('',#3463,#3511,#3520,.T.);
#3520 = B_SPLINE_CURVE_WITH_KNOTS('',1,(#3521,#3522),.UNSPECIFIED.,.F.,
  .F.,(2,2),(0.,0.6),.PIECEWISE_BEZIER_KNOTS.);
#3521 = CARTESIAN_POINT('',(26.5,-7.,1.2));
#3522 = CARTESIAN_POINT('',(26.5,-6.4,1.2));
#3523 = B_SPLINE_SURFACE_WITH_KNOTS('',1,1,(
    (#3524,#3525)
    ,(#3526,#3527
    )),.UNSPECIFIED.,.F.,.F.,.F.,(2,2),(2,2),(8.45,8.65),(0.,0.6),
  .PIECEWISE_BEZIER_KNOTS.);
#3524 = CARTESIAN_POINT('',(26.5,-7.,1.4));
#3525 = CARTESIAN_POINT('',(26.5,-6.4,1.4));
#3526 = CARTESIAN_POINT('',(26.5,-7.,1.2));
#3527 = CARTESIAN_POINT('',(26.5,-6.4,1.2));
#3528 = ADVANCED_FACE('',(#3529),#3566,.F.);
#3529 = FACE_BOUND('',#3530,.F.);
#3530 = EDGE_LOOP('',(#3531,#3532,#3533,#3540,#3547,#3554,#3561));
#3531 = ORIENTED_EDGE('',*,*,#3510,.F.);
#3532 = ORIENTED_EDGE('',*,*,#484,.T.);
#3533 = ORIENTED_EDGE('',*,*,#3534,.T.);
#3534 = EDGE_CURVE('',#478,#3535,#3537,.T.);
#3535 = VERTEX_POINT('',#3536);
#3536 = CARTESIAN_POINT('',(26.55,-6.4,9.5));
#3537 = B_SPLINE_CURVE_WITH_KNOTS('',1,(#3538,#3539),.UNSPECIFIED.,.F.,
  .F.,(2,2),(-8.475,-0.375),.PIECEWISE_BEZIER_KNOTS.);
#3538 = CARTESIAN_POINT('',(26.55,-6.4,1.4));
#3539 = CARTESIAN_POINT('',(26.55,-6.4,9.5));
#3540 = ORIENTED_EDGE('',*,*,#3541,.T.);
#3541 = EDGE_CURVE('',#3535,#3542,#3544,.T.);
#3542 = VERTEX_POINT('',#3543);
#3543 = CARTESIAN_POINT('',(26.849003322259,-6.4,9.8));
#3544 = B_SPLINE_CURVE_WITH_KNOTS('',1,(#3545,#3546),.UNSPECIFIED.,.F.,
  .F.,(2,2),(-0.106301180105,0.317258717338),.PIECEWISE_BEZIER_KNOTS.);
#3545 = CARTESIAN_POINT('',(26.55,-6.4,9.5));
#3546 = CARTESIAN_POINT('',(26.849003322259,-6.4,9.8));
#3547 = ORIENTED_EDGE('',*,*,#3548,.T.);
#3548 = EDGE_CURVE('',#3542,#3549,#3551,.T.);
#3549 = VERTEX_POINT('',#3550);
#3550 = CARTESIAN_POINT('',(28.15,-6.4,9.8));
#3551 = B_SPLINE_CURVE_WITH_KNOTS('',1,(#3552,#3553),.UNSPECIFIED.,.F.,
  .F.,(2,2),(28.099003322259,29.4),.PIECEWISE_BEZIER_KNOTS.);
#3552 = CARTESIAN_POINT('',(26.849003322259,-6.4,9.8));
#3553 = CARTESIAN_POINT('',(28.15,-6.4,9.8));
#3554 = ORIENTED_EDGE('',*,*,#3555,.T.);
#3555 = EDGE_CURVE('',#3549,#3556,#3558,.T.);
#3556 = VERTEX_POINT('',#3557);
#3557 = CARTESIAN_POINT('',(28.15,-6.4,1.2));
#3558 = B_SPLINE_CURVE_WITH_KNOTS('',1,(#3559,#3560),.UNSPECIFIED.,.F.,
  .F.,(2,2),(5.E-02,8.65),.PIECEWISE_BEZIER_KNOTS.);
#3559 = CARTESIAN_POINT('',(28.15,-6.4,9.8));
#3560 = CARTESIAN_POINT('',(28.15,-6.4,1.2));
#3561 = ORIENTED_EDGE('',*,*,#3562,.F.);
#3562 = EDGE_CURVE('',#3511,#3556,#3563,.T.);
#3563 = B_SPLINE_CURVE_WITH_KNOTS('',1,(#3564,#3565),.UNSPECIFIED.,.F.,
  .F.,(2,2),(0.,1.65),.PIECEWISE_BEZIER_KNOTS.);
#3564 = CARTESIAN_POINT('',(26.5,-6.4,1.2));
#3565 = CARTESIAN_POINT('',(28.15,-6.4,1.2));
#3566 = B_SPLINE_SURFACE_WITH_KNOTS('',1,1,(
    (#3567,#3568)
    ,(#3569,#3570
  )),.UNSPECIFIED.,.F.,.F.,.F.,(2,2),(2,2),(5.E-02,8.65),(-1.65,0.),
  .PIECEWISE_BEZIER_KNOTS.);
#3567 = CARTESIAN_POINT('',(28.15,-6.4,9.8));
#3568 = CARTESIAN_POINT('',(26.5,-6.4,9.8));
#3569 = CARTESIAN_POINT('',(28.15,-6.4,1.2));
#3570 = CARTESIAN_POINT('',(26.5,-6.4,1.2));
#3571 = ADVANCED_FACE('',(#3572,#3588),#3726,.F.);
#3572 = FACE_BOUND('',#3573,.F.);
#3573 = EDGE_LOOP('',(#3574,#3575,#3582,#3587));
#3574 = ORIENTED_EDGE('',*,*,#477,.F.);
#3575 = ORIENTED_EDGE('',*,*,#3576,.T.);
#3576 = EDGE_CURVE('',#471,#3577,#3579,.T.);
#3577 = VERTEX_POINT('',#3578);
#3578 = CARTESIAN_POINT('',(26.55,6.4,9.5));
#3579 = B_SPLINE_CURVE_WITH_KNOTS('',1,(#3580,#3581),.UNSPECIFIED.,.F.,
  .F.,(2,2),(-8.475,-0.375),.PIECEWISE_BEZIER_KNOTS.);
#3580 = CARTESIAN_POINT('',(26.55,6.4,1.4));
#3581 = CARTESIAN_POINT('',(26.55,6.4,9.5));
#3582 = ORIENTED_EDGE('',*,*,#3583,.T.);
#3583 = EDGE_CURVE('',#3577,#3535,#3584,.T.);
#3584 = B_SPLINE_CURVE_WITH_KNOTS('',1,(#3585,#3586),.UNSPECIFIED.,.F.,
  .F.,(2,2),(20.15,32.95),.PIECEWISE_BEZIER_KNOTS.);
#3585 = CARTESIAN_POINT('',(26.55,6.4,9.5));
#3586 = CARTESIAN_POINT('',(26.55,-6.4,9.5));
#3587 = ORIENTED_EDGE('',*,*,#3534,.F.);
#3588 = FACE_BOUND('',#3589,.F.);
#3589 = EDGE_LOOP('',(#3590,#3599,#3630,#3637,#3660,#3667,#3690,#3697));
#3590 = ORIENTED_EDGE('',*,*,#3591,.F.);
#3591 = EDGE_CURVE('',#3592,#3594,#3596,.T.);
#3592 = VERTEX_POINT('',#3593);
#3593 = CARTESIAN_POINT('',(26.55,1.463414634149E-02,7.6));
#3594 = VERTEX_POINT('',#3595);
#3595 = CARTESIAN_POINT('',(26.55,-1.463414634148E-02,7.6));
#3596 = B_SPLINE_CURVE_WITH_KNOTS('',1,(#3597,#3598),.UNSPECIFIED.,.F.,
  .F.,(2,2),(12.960365853659,12.989634146341),.PIECEWISE_BEZIER_KNOTS.);
#3597 = CARTESIAN_POINT('',(26.55,1.463414634149E-02,7.6));
#3598 = CARTESIAN_POINT('',(26.55,-1.463414634147E-02,7.6));
#3599 = ORIENTED_EDGE('',*,*,#3600,.T.);
#3600 = EDGE_CURVE('',#3592,#3601,#3603,.T.);
#3601 = VERTEX_POINT('',#3602);
#3602 = CARTESIAN_POINT('',(26.55,0.428571428571,7.3));
#3603 = B_SPLINE_CURVE_WITH_KNOTS('',7,(#3604,#3605,#3606,#3607,#3608,
    #3609,#3610,#3611,#3612,#3613,#3614,#3615,#3616,#3617,#3618,#3619,
    #3620,#3621,#3622,#3623,#3624,#3625,#3626,#3627,#3628,#3629),
  .UNSPECIFIED.,.F.,.F.,(8,6,6,6,8),(0.,0.233264199251,0.431152745139,
    0.553555959979,1.),.UNSPECIFIED.);
#3604 = CARTESIAN_POINT('',(26.55,1.46341463415E-02,7.6));
#3605 = CARTESIAN_POINT('',(26.55,4.050641414471E-02,7.594508676493));
#3606 = CARTESIAN_POINT('',(26.55,6.582970060447E-02,7.588567444282));
#3607 = CARTESIAN_POINT('',(26.55,9.047581528536E-02,7.582142167328));
#3608 = CARTESIAN_POINT('',(26.55,0.114301829732,7.575203358597));
#3609 = CARTESIAN_POINT('',(26.55,0.137165789504,7.567735301671));
#3610 = CARTESIAN_POINT('',(26.55,0.158942426212,7.559745172351));
#3611 = CARTESIAN_POINT('',(26.55,0.197011761818,7.544084121775));
#3612 = CARTESIAN_POINT('',(26.55,0.213641602619,7.53654599841));
#3613 = CARTESIAN_POINT('',(26.55,0.229370789537,7.528680516788));
#3614 = CARTESIAN_POINT('',(26.55,0.244180974938,7.520517722692));
#3615 = CARTESIAN_POINT('',(26.55,0.258083745765,7.512092154146));
#3616 = CARTESIAN_POINT('',(26.55,0.271111303334,7.50344001451));
#3617 = CARTESIAN_POINT('',(26.55,0.290850833905,7.489126127435));
#3618 = CARTESIAN_POINT('',(26.55,0.298077384716,7.483581822558));
#3619 = CARTESIAN_POINT('',(26.55,0.304998126949,7.477970884208));
#3620 = CARTESIAN_POINT('',(26.55,0.311625932514,7.472300292839));
#3621 = CARTESIAN_POINT('',(26.55,0.317974621064,7.466576433819));
#3622 = CARTESIAN_POINT('',(26.55,0.324058367206,7.46080497518));
#3623 = CARTESIAN_POINT('',(26.55,0.351164995385,7.433784372175));
#3624 = CARTESIAN_POINT('',(26.55,0.369074924795,7.41203389255));
#3625 = CARTESIAN_POINT('',(26.55,0.384361589633,7.389931754814));
#3626 = CARTESIAN_POINT('',(26.55,0.397595970015,7.367616725493));
#3627 = CARTESIAN_POINT('',(26.55,0.409179322572,7.34517214481));
#3628 = CARTESIAN_POINT('',(26.55,0.419424777389,7.322635651916));
#3629 = CARTESIAN_POINT('',(26.55,0.428571428571,7.3));
#3630 = ORIENTED_EDGE('',*,*,#3631,.T.);
#3631 = EDGE_CURVE('',#3601,#3632,#3634,.T.);
#3632 = VERTEX_POINT('',#3633);
#3633 = CARTESIAN_POINT('',(26.55,0.428571428571,3.1));
#3634 = B_SPLINE_CURVE_WITH_KNOTS('',1,(#3635,#3636),.UNSPECIFIED.,.F.,
  .F.,(2,2),(-0.8,3.4),.PIECEWISE_BEZIER_KNOTS.);
#3635 = CARTESIAN_POINT('',(26.55,0.428571428571,7.3));
#3636 = CARTESIAN_POINT('',(26.55,0.428571428571,3.1));
#3637 = ORIENTED_EDGE('',*,*,#3638,.T.);
#3638 = EDGE_CURVE('',#3632,#3639,#3641,.T.);
#3639 = VERTEX_POINT('',#3640);
#3640 = CARTESIAN_POINT('',(26.55,1.463414634149E-02,2.8));
#3641 = B_SPLINE_CURVE_WITH_KNOTS('',5,(#3642,#3643,#3644,#3645,#3646,
    #3647,#3648,#3649,#3650,#3651,#3652,#3653,#3654,#3655,#3656,#3657,
    #3658,#3659),.UNSPECIFIED.,.F.,.F.,(6,4,4,4,6),(0.,0.422478695324,
    0.558618913458,0.766110610513,1.),.UNSPECIFIED.);
#3642 = CARTESIAN_POINT('',(26.55,0.428571428571,3.1));
#3643 = CARTESIAN_POINT('',(26.55,0.416454416583,3.07001345518));
#3644 = CARTESIAN_POINT('',(26.55,0.402268778291,3.040204147333));
#3645 = CARTESIAN_POINT('',(26.55,0.385299684562,3.010567918214));
#3646 = CARTESIAN_POINT('',(26.55,0.364478764744,2.981327822231));
#3647 = CARTESIAN_POINT('',(26.55,0.329045573279,2.943878160675));
#3648 = CARTESIAN_POINT('',(26.55,0.319793334732,2.934850597985));
#3649 = CARTESIAN_POINT('',(26.55,0.309858233266,2.92594291623));
#3650 = CARTESIAN_POINT('',(26.55,0.299169345452,2.917184659945));
#3651 = CARTESIAN_POINT('',(26.55,0.270140947178,2.895543037647));
#3652 = CARTESIAN_POINT('',(26.55,0.250721001499,2.882898231449));
#3653 = CARTESIAN_POINT('',(26.55,0.229223765779,2.870814787168));
#3654 = CARTESIAN_POINT('',(26.55,0.205546440839,2.859446240425));
#3655 = CARTESIAN_POINT('',(26.55,0.151036075667,2.836980792044));
#3656 = CARTESIAN_POINT('',(26.55,0.11965688247,2.826094716748));
#3657 = CARTESIAN_POINT('',(26.55,8.61098422334E-02,2.816366349067));
#3658 = CARTESIAN_POINT('',(26.55,5.095134986687E-02,2.807708234738));
#3659 = CARTESIAN_POINT('',(26.55,1.463414634151E-02,2.8));
#3660 = ORIENTED_EDGE('',*,*,#3661,.T.);
#3661 = EDGE_CURVE('',#3639,#3662,#3664,.T.);
#3662 = VERTEX_POINT('',#3663);
#3663 = CARTESIAN_POINT('',(26.55,-1.463414634148E-02,2.8));
#3664 = B_SPLINE_CURVE_WITH_KNOTS('',1,(#3665,#3666),.UNSPECIFIED.,.F.,
  .F.,(2,2),(12.960365853659,12.989634146341),.PIECEWISE_BEZIER_KNOTS.);
#3665 = CARTESIAN_POINT('',(26.55,1.463414634149E-02,2.8));
#3666 = CARTESIAN_POINT('',(26.55,-1.463414634147E-02,2.8));
#3667 = ORIENTED_EDGE('',*,*,#3668,.F.);
#3668 = EDGE_CURVE('',#3669,#3662,#3671,.T.);
#3669 = VERTEX_POINT('',#3670);
#3670 = CARTESIAN_POINT('',(26.55,-0.428571428571,3.1));
#3671 = B_SPLINE_CURVE_WITH_KNOTS('',5,(#3672,#3673,#3674,#3675,#3676,
    #3677,#3678,#3679,#3680,#3681,#3682,#3683,#3684,#3685,#3686,#3687,
    #3688,#3689),.UNSPECIFIED.,.F.,.F.,(6,4,4,4,6),(0.,0.422478695324,
    0.558618913458,0.766110610513,1.),.UNSPECIFIED.);
#3672 = CARTESIAN_POINT('',(26.55,-0.428571428571,3.1));
#3673 = CARTESIAN_POINT('',(26.55,-0.416454416583,3.07001345518));
#3674 = CARTESIAN_POINT('',(26.55,-0.40226877829,3.040204147333));
#3675 = CARTESIAN_POINT('',(26.55,-0.385299684562,3.010567918214));
#3676 = CARTESIAN_POINT('',(26.55,-0.364478764744,2.981327822231));
#3677 = CARTESIAN_POINT('',(26.55,-0.329045573279,2.943878160675));
#3678 = CARTESIAN_POINT('',(26.55,-0.319793334732,2.934850597985));
#3679 = CARTESIAN_POINT('',(26.55,-0.309858233266,2.92594291623));
#3680 = CARTESIAN_POINT('',(26.55,-0.299169345452,2.917184659945));
#3681 = CARTESIAN_POINT('',(26.55,-0.270140947178,2.895543037647));
#3682 = CARTESIAN_POINT('',(26.55,-0.250721001499,2.882898231449));
#3683 = CARTESIAN_POINT('',(26.55,-0.229223765779,2.870814787168));
#3684 = CARTESIAN_POINT('',(26.55,-0.205546440839,2.859446240425));
#3685 = CARTESIAN_POINT('',(26.55,-0.151036075667,2.836980792044));
#3686 = CARTESIAN_POINT('',(26.55,-0.11965688247,2.826094716748));
#3687 = CARTESIAN_POINT('',(26.55,-8.610984223335E-02,2.816366349067));
#3688 = CARTESIAN_POINT('',(26.55,-5.095134986688E-02,2.807708234738));
#3689 = CARTESIAN_POINT('',(26.55,-1.46341463415E-02,2.8));
#3690 = ORIENTED_EDGE('',*,*,#3691,.T.);
#3691 = EDGE_CURVE('',#3669,#3692,#3694,.T.);
#3692 = VERTEX_POINT('',#3693);
#3693 = CARTESIAN_POINT('',(26.55,-0.428571428571,7.3));
#3694 = B_SPLINE_CURVE_WITH_KNOTS('',1,(#3695,#3696),.UNSPECIFIED.,.F.,
  .F.,(2,2),(-3.4,0.8),.PIECEWISE_BEZIER_KNOTS.);
#3695 = CARTESIAN_POINT('',(26.55,-0.428571428571,3.1));
#3696 = CARTESIAN_POINT('',(26.55,-0.428571428571,7.3));
#3697 = ORIENTED_EDGE('',*,*,#3698,.F.);
#3698 = EDGE_CURVE('',#3594,#3692,#3699,.T.);
#3699 = B_SPLINE_CURVE_WITH_KNOTS('',7,(#3700,#3701,#3702,#3703,#3704,
    #3705,#3706,#3707,#3708,#3709,#3710,#3711,#3712,#3713,#3714,#3715,
    #3716,#3717,#3718,#3719,#3720,#3721,#3722,#3723,#3724,#3725),
  .UNSPECIFIED.,.F.,.F.,(8,6,6,6,8),(0.,0.233264199251,0.431152745139,
    0.553555959979,1.),.UNSPECIFIED.);
#3700 = CARTESIAN_POINT('',(26.55,-1.46341463415E-02,7.6));
#3701 = CARTESIAN_POINT('',(26.55,-4.05064141447E-02,7.594508676493));
#3702 = CARTESIAN_POINT('',(26.55,-6.582970060445E-02,7.588567444282));
#3703 = CARTESIAN_POINT('',(26.55,-9.047581528535E-02,7.582142167328));
#3704 = CARTESIAN_POINT('',(26.55,-0.114301829732,7.575203358597));
#3705 = CARTESIAN_POINT('',(26.55,-0.137165789504,7.567735301671));
#3706 = CARTESIAN_POINT('',(26.55,-0.158942426212,7.559745172351));
#3707 = CARTESIAN_POINT('',(26.55,-0.197011761818,7.544084121775));
#3708 = CARTESIAN_POINT('',(26.55,-0.213641602619,7.53654599841));
#3709 = CARTESIAN_POINT('',(26.55,-0.229370789537,7.528680516788));
#3710 = CARTESIAN_POINT('',(26.55,-0.244180974938,7.520517722692));
#3711 = CARTESIAN_POINT('',(26.55,-0.258083745765,7.512092154146));
#3712 = CARTESIAN_POINT('',(26.55,-0.271111303334,7.50344001451));
#3713 = CARTESIAN_POINT('',(26.55,-0.290850833905,7.489126127435));
#3714 = CARTESIAN_POINT('',(26.55,-0.298077384716,7.483581822558));
#3715 = CARTESIAN_POINT('',(26.55,-0.304998126949,7.477970884208));
#3716 = CARTESIAN_POINT('',(26.55,-0.311625932514,7.472300292839));
#3717 = CARTESIAN_POINT('',(26.55,-0.317974621064,7.466576433819));
#3718 = CARTESIAN_POINT('',(26.55,-0.324058367206,7.46080497518));
#3719 = CARTESIAN_POINT('',(26.55,-0.351164995385,7.433784372175));
#3720 = CARTESIAN_POINT('',(26.55,-0.369074924795,7.41203389255));
#3721 = CARTESIAN_POINT('',(26.55,-0.384361589633,7.389931754814));
#3722 = CARTESIAN_POINT('',(26.55,-0.397595970015,7.367616725493));
#3723 = CARTESIAN_POINT('',(26.55,-0.409179322572,7.34517214481));
#3724 = CARTESIAN_POINT('',(26.55,-0.419424777389,7.322635651916));
#3725 = CARTESIAN_POINT('',(26.55,-0.428571428571,7.3));
#3726 = B_SPLINE_SURFACE_WITH_KNOTS('',1,1,(
    (#3727,#3728)
    ,(#3729,#3730
    )),.UNSPECIFIED.,.F.,.F.,.F.,(2,2),(2,2),(0.4,8.5),(-32.95,-20.15),
  .PIECEWISE_BEZIER_KNOTS.);
#3727 = CARTESIAN_POINT('',(26.55,-6.4,9.5));
#3728 = CARTESIAN_POINT('',(26.55,6.4,9.5));
#3729 = CARTESIAN_POINT('',(26.55,-6.4,1.4));
#3730 = CARTESIAN_POINT('',(26.55,6.4,1.4));
#3731 = ADVANCED_FACE('',(#3732),#3769,.T.);
#3732 = FACE_BOUND('',#3733,.T.);
#3733 = EDGE_LOOP('',(#3734,#3741,#3742,#3743,#3750,#3757,#3764));
#3734 = ORIENTED_EDGE('',*,*,#3735,.F.);
#3735 = EDGE_CURVE('',#464,#3736,#3738,.T.);
#3736 = VERTEX_POINT('',#3737);
#3737 = CARTESIAN_POINT('',(26.5,6.4,1.2));
#3738 = B_SPLINE_CURVE_WITH_KNOTS('',1,(#3739,#3740),.UNSPECIFIED.,.F.,
  .F.,(2,2),(8.45,8.65),.PIECEWISE_BEZIER_KNOTS.);
#3739 = CARTESIAN_POINT('',(26.5,6.4,1.4));
#3740 = CARTESIAN_POINT('',(26.5,6.4,1.2));
#3741 = ORIENTED_EDGE('',*,*,#470,.T.);
#3742 = ORIENTED_EDGE('',*,*,#3576,.T.);
#3743 = ORIENTED_EDGE('',*,*,#3744,.T.);
#3744 = EDGE_CURVE('',#3577,#3745,#3747,.T.);
#3745 = VERTEX_POINT('',#3746);
#3746 = CARTESIAN_POINT('',(26.849003322259,6.4,9.8));
#3747 = B_SPLINE_CURVE_WITH_KNOTS('',1,(#3748,#3749),.UNSPECIFIED.,.F.,
  .F.,(2,2),(-0.106301180105,0.317258717338),.PIECEWISE_BEZIER_KNOTS.);
#3748 = CARTESIAN_POINT('',(26.55,6.4,9.5));
#3749 = CARTESIAN_POINT('',(26.849003322259,6.4,9.8));
#3750 = ORIENTED_EDGE('',*,*,#3751,.T.);
#3751 = EDGE_CURVE('',#3745,#3752,#3754,.T.);
#3752 = VERTEX_POINT('',#3753);
#3753 = CARTESIAN_POINT('',(28.15,6.4,9.8));
#3754 = B_SPLINE_CURVE_WITH_KNOTS('',1,(#3755,#3756),.UNSPECIFIED.,.F.,
  .F.,(2,2),(28.099003322259,29.4),.PIECEWISE_BEZIER_KNOTS.);
#3755 = CARTESIAN_POINT('',(26.849003322259,6.4,9.8));
#3756 = CARTESIAN_POINT('',(28.15,6.4,9.8));
#3757 = ORIENTED_EDGE('',*,*,#3758,.T.);
#3758 = EDGE_CURVE('',#3752,#3759,#3761,.T.);
#3759 = VERTEX_POINT('',#3760);
#3760 = CARTESIAN_POINT('',(28.15,6.4,1.2));
#3761 = B_SPLINE_CURVE_WITH_KNOTS('',1,(#3762,#3763),.UNSPECIFIED.,.F.,
  .F.,(2,2),(5.E-02,8.65),.PIECEWISE_BEZIER_KNOTS.);
#3762 = CARTESIAN_POINT('',(28.15,6.4,9.8));
#3763 = CARTESIAN_POINT('',(28.15,6.4,1.2));
#3764 = ORIENTED_EDGE('',*,*,#3765,.F.);
#3765 = EDGE_CURVE('',#3736,#3759,#3766,.T.);
#3766 = B_SPLINE_CURVE_WITH_KNOTS('',1,(#3767,#3768),.UNSPECIFIED.,.F.,
  .F.,(2,2),(0.,1.65),.PIECEWISE_BEZIER_KNOTS.);
#3767 = CARTESIAN_POINT('',(26.5,6.4,1.2));
#3768 = CARTESIAN_POINT('',(28.15,6.4,1.2));
#3769 = B_SPLINE_SURFACE_WITH_KNOTS('',1,1,(
    (#3770,#3771)
    ,(#3772,#3773
  )),.UNSPECIFIED.,.F.,.F.,.F.,(2,2),(2,2),(5.E-02,8.65),(-1.65,0.),
  .PIECEWISE_BEZIER_KNOTS.);
#3770 = CARTESIAN_POINT('',(28.15,6.4,9.8));
#3771 = CARTESIAN_POINT('',(26.5,6.4,9.8));
#3772 = CARTESIAN_POINT('',(28.15,6.4,1.2));
#3773 = CARTESIAN_POINT('',(26.5,6.4,1.2));
#3774 = ADVANCED_FACE('',(#3775),#3791,.T.);
#3775 = FACE_BOUND('',#3776,.T.);
#3776 = EDGE_LOOP('',(#3777,#3778,#3779,#3786));
#3777 = ORIENTED_EDGE('',*,*,#463,.T.);
#3778 = ORIENTED_EDGE('',*,*,#3735,.T.);
#3779 = ORIENTED_EDGE('',*,*,#3780,.T.);
#3780 = EDGE_CURVE('',#3736,#3781,#3783,.T.);
#3781 = VERTEX_POINT('',#3782);
#3782 = CARTESIAN_POINT('',(26.5,7.,1.2));
#3783 = B_SPLINE_CURVE_WITH_KNOTS('',1,(#3784,#3785),.UNSPECIFIED.,.F.,
  .F.,(2,2),(0.,0.6),.PIECEWISE_BEZIER_KNOTS.);
#3784 = CARTESIAN_POINT('',(26.5,6.4,1.2));
#3785 = CARTESIAN_POINT('',(26.5,7.,1.2));
#3786 = ORIENTED_EDGE('',*,*,#3787,.F.);
#3787 = EDGE_CURVE('',#457,#3781,#3788,.T.);
#3788 = B_SPLINE_CURVE_WITH_KNOTS('',1,(#3789,#3790),.UNSPECIFIED.,.F.,
  .F.,(2,2),(8.45,8.65),.PIECEWISE_BEZIER_KNOTS.);
#3789 = CARTESIAN_POINT('',(26.5,7.,1.4));
#3790 = CARTESIAN_POINT('',(26.5,7.,1.2));
#3791 = B_SPLINE_SURFACE_WITH_KNOTS('',1,1,(
    (#3792,#3793)
    ,(#3794,#3795
    )),.UNSPECIFIED.,.F.,.F.,.F.,(2,2),(2,2),(8.45,8.65),(0.,0.6),
  .PIECEWISE_BEZIER_KNOTS.);
#3792 = CARTESIAN_POINT('',(26.5,6.4,1.4));
#3793 = CARTESIAN_POINT('',(26.5,7.,1.4));
#3794 = CARTESIAN_POINT('',(26.5,6.4,1.2));
#3795 = CARTESIAN_POINT('',(26.5,7.,1.2));
#3796 = ADVANCED_FACE('',(#3797),#3856,.T.);
#3797 = FACE_BOUND('',#3798,.T.);
#3798 = EDGE_LOOP('',(#3799,#3808,#3815,#3822,#3829,#3836,#3841,#3842,
    #3843,#3850));
#3799 = ORIENTED_EDGE('',*,*,#3800,.F.);
#3800 = EDGE_CURVE('',#3801,#3803,#3805,.T.);
#3801 = VERTEX_POINT('',#3802);
#3802 = CARTESIAN_POINT('',(27.55,7.,9.4));
#3803 = VERTEX_POINT('',#3804);
#3804 = CARTESIAN_POINT('',(27.55,7.,1.5));
#3805 = B_SPLINE_CURVE_WITH_KNOTS('',1,(#3806,#3807),.UNSPECIFIED.,.F.,
  .F.,(2,2),(0.,7.9),.PIECEWISE_BEZIER_KNOTS.);
#3806 = CARTESIAN_POINT('',(27.55,7.,9.4));
#3807 = CARTESIAN_POINT('',(27.55,7.,1.5));
#3808 = ORIENTED_EDGE('',*,*,#3809,.F.);
#3809 = EDGE_CURVE('',#3810,#3801,#3812,.T.);
#3810 = VERTEX_POINT('',#3811);
#3811 = CARTESIAN_POINT('',(26.55,7.,9.4));
#3812 = B_SPLINE_CURVE_WITH_KNOTS('',1,(#3813,#3814),.UNSPECIFIED.,.F.,
  .F.,(2,2),(5.E-02,1.05),.PIECEWISE_BEZIER_KNOTS.);
#3813 = CARTESIAN_POINT('',(26.55,7.,9.4));
#3814 = CARTESIAN_POINT('',(27.55,7.,9.4));
#3815 = ORIENTED_EDGE('',*,*,#3816,.T.);
#3816 = EDGE_CURVE('',#3810,#3817,#3819,.T.);
#3817 = VERTEX_POINT('',#3818);
#3818 = CARTESIAN_POINT('',(26.,7.,8.8));
#3819 = B_SPLINE_CURVE_WITH_KNOTS('',1,(#3820,#3821),.UNSPECIFIED.,.F.,
  .F.,(2,2),(0.,0.813941029805),.PIECEWISE_BEZIER_KNOTS.);
#3820 = CARTESIAN_POINT('',(26.55,7.,9.4));
#3821 = CARTESIAN_POINT('',(26.,7.,8.8));
#3822 = ORIENTED_EDGE('',*,*,#3823,.T.);
#3823 = EDGE_CURVE('',#3817,#3824,#3826,.T.);
#3824 = VERTEX_POINT('',#3825);
#3825 = CARTESIAN_POINT('',(26.,7.,8.4));
#3826 = B_SPLINE_CURVE_WITH_KNOTS('',1,(#3827,#3828),.UNSPECIFIED.,.F.,
  .F.,(2,2),(0.,0.4),.PIECEWISE_BEZIER_KNOTS.);
#3827 = CARTESIAN_POINT('',(26.,7.,8.8));
#3828 = CARTESIAN_POINT('',(26.,7.,8.4));
#3829 = ORIENTED_EDGE('',*,*,#3830,.T.);
#3830 = EDGE_CURVE('',#3824,#3831,#3833,.T.);
#3831 = VERTEX_POINT('',#3832);
#3832 = CARTESIAN_POINT('',(26.55,7.,8.4));
#3833 = B_SPLINE_CURVE_WITH_KNOTS('',1,(#3834,#3835),.UNSPECIFIED.,.F.,
  .F.,(2,2),(0.,0.55),.PIECEWISE_BEZIER_KNOTS.);
#3834 = CARTESIAN_POINT('',(26.,7.,8.4));
#3835 = CARTESIAN_POINT('',(26.55,7.,8.4));
#3836 = ORIENTED_EDGE('',*,*,#3837,.F.);
#3837 = EDGE_CURVE('',#450,#3831,#3838,.T.);
#3838 = B_SPLINE_CURVE_WITH_KNOTS('',1,(#3839,#3840),.UNSPECIFIED.,.F.,
  .F.,(2,2),(-8.475,-1.475),.PIECEWISE_BEZIER_KNOTS.);
#3839 = CARTESIAN_POINT('',(26.55,7.,1.4));
#3840 = CARTESIAN_POINT('',(26.55,7.,8.4));
#3841 = ORIENTED_EDGE('',*,*,#456,.F.);
#3842 = ORIENTED_EDGE('',*,*,#3787,.T.);
#3843 = ORIENTED_EDGE('',*,*,#3844,.T.);
#3844 = EDGE_CURVE('',#3781,#3845,#3847,.T.);
#3845 = VERTEX_POINT('',#3846);
#3846 = CARTESIAN_POINT('',(27.85,7.,1.2));
#3847 = B_SPLINE_CURVE_WITH_KNOTS('',1,(#3848,#3849),.UNSPECIFIED.,.F.,
  .F.,(2,2),(-0.575735294118,0.774264705882),.PIECEWISE_BEZIER_KNOTS.);
#3848 = CARTESIAN_POINT('',(26.5,7.,1.2));
#3849 = CARTESIAN_POINT('',(27.85,7.,1.2));
#3850 = ORIENTED_EDGE('',*,*,#3851,.F.);
#3851 = EDGE_CURVE('',#3803,#3845,#3852,.T.);
#3852 = ( BOUNDED_CURVE() B_SPLINE_CURVE(2,(#3853,#3854,#3855),
.UNSPECIFIED.,.F.,.F.) B_SPLINE_CURVE_WITH_KNOTS((3,3),(3.14159265359,
4.712388980385),.PIECEWISE_BEZIER_KNOTS.) CURVE() 
GEOMETRIC_REPRESENTATION_ITEM() RATIONAL_B_SPLINE_CURVE((1.,
0.707106781187,1.)) REPRESENTATION_ITEM('') );
#3853 = CARTESIAN_POINT('',(27.55,7.,1.5));
#3854 = CARTESIAN_POINT('',(27.55,7.,1.2));
#3855 = CARTESIAN_POINT('',(27.85,7.,1.2));
#3856 = B_SPLINE_SURFACE_WITH_KNOTS('',1,1,(
    (#3857,#3858)
    ,(#3859,#3860
    )),.UNSPECIFIED.,.F.,.F.,.F.,(2,2),(2,2),(-1.014075274586,
    0.835924725414),(-4.110933722237,4.089066277763),
  .PIECEWISE_BEZIER_KNOTS.);
#3857 = CARTESIAN_POINT('',(26.,7.,1.2));
#3858 = CARTESIAN_POINT('',(26.,7.,9.4));
#3859 = CARTESIAN_POINT('',(27.85,7.,1.2));
#3860 = CARTESIAN_POINT('',(27.85,7.,9.4));
#3861 = ADVANCED_FACE('',(#3862),#3878,.F.);
#3862 = FACE_BOUND('',#3863,.F.);
#3863 = EDGE_LOOP('',(#3864,#3865,#3872,#3877));
#3864 = ORIENTED_EDGE('',*,*,#449,.F.);
#3865 = ORIENTED_EDGE('',*,*,#3866,.T.);
#3866 = EDGE_CURVE('',#443,#3867,#3869,.T.);
#3867 = VERTEX_POINT('',#3868);
#3868 = CARTESIAN_POINT('',(26.55,15.,8.4));
#3869 = B_SPLINE_CURVE_WITH_KNOTS('',1,(#3870,#3871),.UNSPECIFIED.,.F.,
  .F.,(2,2),(-8.475,-1.475),.PIECEWISE_BEZIER_KNOTS.);
#3870 = CARTESIAN_POINT('',(26.55,15.,1.4));
#3871 = CARTESIAN_POINT('',(26.55,15.,8.4));
#3872 = ORIENTED_EDGE('',*,*,#3873,.F.);
#3873 = EDGE_CURVE('',#3831,#3867,#3874,.T.);
#3874 = B_SPLINE_CURVE_WITH_KNOTS('',1,(#3875,#3876),.UNSPECIFIED.,.F.,
  .F.,(2,2),(0.,8.),.PIECEWISE_BEZIER_KNOTS.);
#3875 = CARTESIAN_POINT('',(26.55,7.,8.4));
#3876 = CARTESIAN_POINT('',(26.55,15.,8.4));
#3877 = ORIENTED_EDGE('',*,*,#3837,.F.);
#3878 = B_SPLINE_SURFACE_WITH_KNOTS('',1,1,(
    (#3879,#3880)
    ,(#3881,#3882
    )),.UNSPECIFIED.,.F.,.F.,.F.,(2,2),(2,2),(1.5,8.5),(-19.55,-11.55),
  .PIECEWISE_BEZIER_KNOTS.);
#3879 = CARTESIAN_POINT('',(26.55,7.,8.4));
#3880 = CARTESIAN_POINT('',(26.55,15.,8.4));
#3881 = CARTESIAN_POINT('',(26.55,7.,1.4));
#3882 = CARTESIAN_POINT('',(26.55,15.,1.4));
#3883 = ADVANCED_FACE('',(#3884),#3943,.T.);
#3884 = FACE_BOUND('',#3885,.T.);
#3885 = EDGE_LOOP('',(#3886,#3895,#3903,#3910,#3915,#3916,#3917,#3924,
    #3931,#3938));
#3886 = ORIENTED_EDGE('',*,*,#3887,.T.);
#3887 = EDGE_CURVE('',#3888,#3890,#3892,.T.);
#3888 = VERTEX_POINT('',#3889);
#3889 = CARTESIAN_POINT('',(27.55,15.,9.4));
#3890 = VERTEX_POINT('',#3891);
#3891 = CARTESIAN_POINT('',(27.55,15.,1.5));
#3892 = B_SPLINE_CURVE_WITH_KNOTS('',1,(#3893,#3894),.UNSPECIFIED.,.F.,
  .F.,(2,2),(0.,7.9),.PIECEWISE_BEZIER_KNOTS.);
#3893 = CARTESIAN_POINT('',(27.55,15.,9.4));
#3894 = CARTESIAN_POINT('',(27.55,15.,1.5));
#3895 = ORIENTED_EDGE('',*,*,#3896,.T.);
#3896 = EDGE_CURVE('',#3890,#3897,#3899,.T.);
#3897 = VERTEX_POINT('',#3898);
#3898 = CARTESIAN_POINT('',(27.85,15.,1.2));
#3899 = ( BOUNDED_CURVE() B_SPLINE_CURVE(2,(#3900,#3901,#3902),
.UNSPECIFIED.,.F.,.F.) B_SPLINE_CURVE_WITH_KNOTS((3,3),(3.14159265359,
4.712388980385),.PIECEWISE_BEZIER_KNOTS.) CURVE() 
GEOMETRIC_REPRESENTATION_ITEM() RATIONAL_B_SPLINE_CURVE((1.,
0.707106781187,1.)) REPRESENTATION_ITEM('') );
#3900 = CARTESIAN_POINT('',(27.55,15.,1.5));
#3901 = CARTESIAN_POINT('',(27.55,15.,1.2));
#3902 = CARTESIAN_POINT('',(27.85,15.,1.2));
#3903 = ORIENTED_EDGE('',*,*,#3904,.F.);
#3904 = EDGE_CURVE('',#3905,#3897,#3907,.T.);
#3905 = VERTEX_POINT('',#3906);
#3906 = CARTESIAN_POINT('',(26.5,15.,1.2));
#3907 = B_SPLINE_CURVE_WITH_KNOTS('',1,(#3908,#3909),.UNSPECIFIED.,.F.,
  .F.,(2,2),(-3.944304526105E-31,1.35),.PIECEWISE_BEZIER_KNOTS.);
#3908 = CARTESIAN_POINT('',(26.5,15.,1.2));
#3909 = CARTESIAN_POINT('',(27.85,15.,1.2));
#3910 = ORIENTED_EDGE('',*,*,#3911,.F.);
#3911 = EDGE_CURVE('',#436,#3905,#3912,.T.);
#3912 = B_SPLINE_CURVE_WITH_KNOTS('',1,(#3913,#3914),.UNSPECIFIED.,.F.,
  .F.,(2,2),(8.45,8.65),.PIECEWISE_BEZIER_KNOTS.);
#3913 = CARTESIAN_POINT('',(26.5,15.,1.4));
#3914 = CARTESIAN_POINT('',(26.5,15.,1.2));
#3915 = ORIENTED_EDGE('',*,*,#442,.T.);
#3916 = ORIENTED_EDGE('',*,*,#3866,.T.);
#3917 = ORIENTED_EDGE('',*,*,#3918,.F.);
#3918 = EDGE_CURVE('',#3919,#3867,#3921,.T.);
#3919 = VERTEX_POINT('',#3920);
#3920 = CARTESIAN_POINT('',(26.,15.,8.4));
#3921 = B_SPLINE_CURVE_WITH_KNOTS('',1,(#3922,#3923),.UNSPECIFIED.,.F.,
  .F.,(2,2),(0.,0.55),.PIECEWISE_BEZIER_KNOTS.);
#3922 = CARTESIAN_POINT('',(26.,15.,8.4));
#3923 = CARTESIAN_POINT('',(26.55,15.,8.4));
#3924 = ORIENTED_EDGE('',*,*,#3925,.F.);
#3925 = EDGE_CURVE('',#3926,#3919,#3928,.T.);
#3926 = VERTEX_POINT('',#3927);
#3927 = CARTESIAN_POINT('',(26.,15.,8.8));
#3928 = B_SPLINE_CURVE_WITH_KNOTS('',1,(#3929,#3930),.UNSPECIFIED.,.F.,
  .F.,(2,2),(0.,0.4),.PIECEWISE_BEZIER_KNOTS.);
#3929 = CARTESIAN_POINT('',(26.,15.,8.8));
#3930 = CARTESIAN_POINT('',(26.,15.,8.4));
#3931 = ORIENTED_EDGE('',*,*,#3932,.F.);
#3932 = EDGE_CURVE('',#3933,#3926,#3935,.T.);
#3933 = VERTEX_POINT('',#3934);
#3934 = CARTESIAN_POINT('',(26.55,15.,9.4));
#3935 = B_SPLINE_CURVE_WITH_KNOTS('',1,(#3936,#3937),.UNSPECIFIED.,.F.,
  .F.,(2,2),(0.,0.813941029805),.PIECEWISE_BEZIER_KNOTS.);
#3936 = CARTESIAN_POINT('',(26.55,15.,9.4));
#3937 = CARTESIAN_POINT('',(26.,15.,8.8));
#3938 = ORIENTED_EDGE('',*,*,#3939,.T.);
#3939 = EDGE_CURVE('',#3933,#3888,#3940,.T.);
#3940 = B_SPLINE_CURVE_WITH_KNOTS('',1,(#3941,#3942),.UNSPECIFIED.,.F.,
  .F.,(2,2),(5.E-02,1.05),.PIECEWISE_BEZIER_KNOTS.);
#3941 = CARTESIAN_POINT('',(26.55,15.,9.4));
#3942 = CARTESIAN_POINT('',(27.55,15.,9.4));
#3943 = B_SPLINE_SURFACE_WITH_KNOTS('',1,1,(
    (#3944,#3945)
    ,(#3946,#3947
    )),.UNSPECIFIED.,.F.,.F.,.F.,(2,2),(2,2),(-0.835924725414,
    1.014075274586),(-4.110933722237,4.089066277763),
  .PIECEWISE_BEZIER_KNOTS.);
#3944 = CARTESIAN_POINT('',(27.85,15.,1.2));
#3945 = CARTESIAN_POINT('',(27.85,15.,9.4));
#3946 = CARTESIAN_POINT('',(26.,15.,1.2));
#3947 = CARTESIAN_POINT('',(26.,15.,9.4));
#3948 = ADVANCED_FACE('',(#3949),#3965,.T.);
#3949 = FACE_BOUND('',#3950,.T.);
#3950 = EDGE_LOOP('',(#3951,#3958,#3959,#3960));
#3951 = ORIENTED_EDGE('',*,*,#3952,.F.);
#3952 = EDGE_CURVE('',#429,#3953,#3955,.T.);
#3953 = VERTEX_POINT('',#3954);
#3954 = CARTESIAN_POINT('',(26.5,15.6,1.2));
#3955 = B_SPLINE_CURVE_WITH_KNOTS('',1,(#3956,#3957),.UNSPECIFIED.,.F.,
  .F.,(2,2),(8.45,8.65),.PIECEWISE_BEZIER_KNOTS.);
#3956 = CARTESIAN_POINT('',(26.5,15.6,1.4));
#3957 = CARTESIAN_POINT('',(26.5,15.6,1.2));
#3958 = ORIENTED_EDGE('',*,*,#435,.T.);
#3959 = ORIENTED_EDGE('',*,*,#3911,.T.);
#3960 = ORIENTED_EDGE('',*,*,#3961,.T.);
#3961 = EDGE_CURVE('',#3905,#3953,#3962,.T.);
#3962 = B_SPLINE_CURVE_WITH_KNOTS('',1,(#3963,#3964),.UNSPECIFIED.,.F.,
  .F.,(2,2),(0.,0.6),.PIECEWISE_BEZIER_KNOTS.);
#3963 = CARTESIAN_POINT('',(26.5,15.,1.2));
#3964 = CARTESIAN_POINT('',(26.5,15.6,1.2));
#3965 = B_SPLINE_SURFACE_WITH_KNOTS('',1,1,(
    (#3966,#3967)
    ,(#3968,#3969
    )),.UNSPECIFIED.,.F.,.F.,.F.,(2,2),(2,2),(8.45,8.65),(0.,0.6),
  .PIECEWISE_BEZIER_KNOTS.);
#3966 = CARTESIAN_POINT('',(26.5,15.,1.4));
#3967 = CARTESIAN_POINT('',(26.5,15.6,1.4));
#3968 = CARTESIAN_POINT('',(26.5,15.,1.2));
#3969 = CARTESIAN_POINT('',(26.5,15.6,1.2));
#3970 = ADVANCED_FACE('',(#3971),#4008,.F.);
#3971 = FACE_BOUND('',#3972,.F.);
#3972 = EDGE_LOOP('',(#3973,#3974,#3975,#3982,#3989,#3996,#4003));
#3973 = ORIENTED_EDGE('',*,*,#3952,.F.);
#3974 = ORIENTED_EDGE('',*,*,#428,.T.);
#3975 = ORIENTED_EDGE('',*,*,#3976,.T.);
#3976 = EDGE_CURVE('',#422,#3977,#3979,.T.);
#3977 = VERTEX_POINT('',#3978);
#3978 = CARTESIAN_POINT('',(26.55,15.6,9.5));
#3979 = B_SPLINE_CURVE_WITH_KNOTS('',1,(#3980,#3981),.UNSPECIFIED.,.F.,
  .F.,(2,2),(-8.475,-0.375),.PIECEWISE_BEZIER_KNOTS.);
#3980 = CARTESIAN_POINT('',(26.55,15.6,1.4));
#3981 = CARTESIAN_POINT('',(26.55,15.6,9.5));
#3982 = ORIENTED_EDGE('',*,*,#3983,.T.);
#3983 = EDGE_CURVE('',#3977,#3984,#3986,.T.);
#3984 = VERTEX_POINT('',#3985);
#3985 = CARTESIAN_POINT('',(26.849003322259,15.6,9.8));
#3986 = B_SPLINE_CURVE_WITH_KNOTS('',1,(#3987,#3988),.UNSPECIFIED.,.F.,
  .F.,(2,2),(-0.106301180105,0.317258717338),.PIECEWISE_BEZIER_KNOTS.);
#3987 = CARTESIAN_POINT('',(26.55,15.6,9.5));
#3988 = CARTESIAN_POINT('',(26.849003322259,15.6,9.8));
#3989 = ORIENTED_EDGE('',*,*,#3990,.T.);
#3990 = EDGE_CURVE('',#3984,#3991,#3993,.T.);
#3991 = VERTEX_POINT('',#3992);
#3992 = CARTESIAN_POINT('',(28.15,15.6,9.8));
#3993 = B_SPLINE_CURVE_WITH_KNOTS('',1,(#3994,#3995),.UNSPECIFIED.,.F.,
  .F.,(2,2),(28.099003322259,29.4),.PIECEWISE_BEZIER_KNOTS.);
#3994 = CARTESIAN_POINT('',(26.849003322259,15.6,9.8));
#3995 = CARTESIAN_POINT('',(28.15,15.6,9.8));
#3996 = ORIENTED_EDGE('',*,*,#3997,.T.);
#3997 = EDGE_CURVE('',#3991,#3998,#4000,.T.);
#3998 = VERTEX_POINT('',#3999);
#3999 = CARTESIAN_POINT('',(28.15,15.6,1.2));
#4000 = B_SPLINE_CURVE_WITH_KNOTS('',1,(#4001,#4002),.UNSPECIFIED.,.F.,
  .F.,(2,2),(5.E-02,8.65),.PIECEWISE_BEZIER_KNOTS.);
#4001 = CARTESIAN_POINT('',(28.15,15.6,9.8));
#4002 = CARTESIAN_POINT('',(28.15,15.6,1.2));
#4003 = ORIENTED_EDGE('',*,*,#4004,.F.);
#4004 = EDGE_CURVE('',#3953,#3998,#4005,.T.);
#4005 = B_SPLINE_CURVE_WITH_KNOTS('',1,(#4006,#4007),.UNSPECIFIED.,.F.,
  .F.,(2,2),(0.,1.65),.PIECEWISE_BEZIER_KNOTS.);
#4006 = CARTESIAN_POINT('',(26.5,15.6,1.2));
#4007 = CARTESIAN_POINT('',(28.15,15.6,1.2));
#4008 = B_SPLINE_SURFACE_WITH_KNOTS('',1,1,(
    (#4009,#4010)
    ,(#4011,#4012
  )),.UNSPECIFIED.,.F.,.F.,.F.,(2,2),(2,2),(5.E-02,8.65),(-1.65,0.),
  .PIECEWISE_BEZIER_KNOTS.);
#4009 = CARTESIAN_POINT('',(28.15,15.6,9.8));
#4010 = CARTESIAN_POINT('',(26.5,15.6,9.8));
#4011 = CARTESIAN_POINT('',(28.15,15.6,1.2));
#4012 = CARTESIAN_POINT('',(26.5,15.6,1.2));
#4013 = ADVANCED_FACE('',(#4014,#4030),#4168,.F.);
#4014 = FACE_BOUND('',#4015,.F.);
#4015 = EDGE_LOOP('',(#4016,#4017,#4024,#4029));
#4016 = ORIENTED_EDGE('',*,*,#421,.F.);
#4017 = ORIENTED_EDGE('',*,*,#4018,.F.);
#4018 = EDGE_CURVE('',#4019,#414,#4021,.T.);
#4019 = VERTEX_POINT('',#4020);
#4020 = CARTESIAN_POINT('',(26.55,25.,9.5));
#4021 = B_SPLINE_CURVE_WITH_KNOTS('',1,(#4022,#4023),.UNSPECIFIED.,.F.,
  .F.,(2,2),(0.4,8.5),.PIECEWISE_BEZIER_KNOTS.);
#4022 = CARTESIAN_POINT('',(26.55,25.,9.5));
#4023 = CARTESIAN_POINT('',(26.55,25.,1.4));
#4024 = ORIENTED_EDGE('',*,*,#4025,.T.);
#4025 = EDGE_CURVE('',#4019,#3977,#4026,.T.);
#4026 = B_SPLINE_CURVE_WITH_KNOTS('',1,(#4027,#4028),.UNSPECIFIED.,.F.,
  .F.,(2,2),(1.55,10.95),.PIECEWISE_BEZIER_KNOTS.);
#4027 = CARTESIAN_POINT('',(26.55,25.,9.5));
#4028 = CARTESIAN_POINT('',(26.55,15.6,9.5));
#4029 = ORIENTED_EDGE('',*,*,#3976,.F.);
#4030 = FACE_BOUND('',#4031,.F.);
#4031 = EDGE_LOOP('',(#4032,#4041,#4072,#4079,#4102,#4109,#4132,#4139));
#4032 = ORIENTED_EDGE('',*,*,#4033,.F.);
#4033 = EDGE_CURVE('',#4034,#4036,#4038,.T.);
#4034 = VERTEX_POINT('',#4035);
#4035 = CARTESIAN_POINT('',(26.55,20.014634146342,7.6));
#4036 = VERTEX_POINT('',#4037);
#4037 = CARTESIAN_POINT('',(26.55,19.985365853658,7.6));
#4038 = B_SPLINE_CURVE_WITH_KNOTS('',1,(#4039,#4040),.UNSPECIFIED.,.F.,
  .F.,(2,2),(2.960365853658,2.989634146342),.PIECEWISE_BEZIER_KNOTS.);
#4039 = CARTESIAN_POINT('',(26.55,20.014634146342,7.6));
#4040 = CARTESIAN_POINT('',(26.55,19.985365853658,7.6));
#4041 = ORIENTED_EDGE('',*,*,#4042,.T.);
#4042 = EDGE_CURVE('',#4034,#4043,#4045,.T.);
#4043 = VERTEX_POINT('',#4044);
#4044 = CARTESIAN_POINT('',(26.55,20.428571428571,7.3));
#4045 = B_SPLINE_CURVE_WITH_KNOTS('',7,(#4046,#4047,#4048,#4049,#4050,
    #4051,#4052,#4053,#4054,#4055,#4056,#4057,#4058,#4059,#4060,#4061,
    #4062,#4063,#4064,#4065,#4066,#4067,#4068,#4069,#4070,#4071),
  .UNSPECIFIED.,.F.,.F.,(8,6,6,6,8),(0.,0.23326419925,0.431152745139,
    0.553555959978,1.),.UNSPECIFIED.);
#4046 = CARTESIAN_POINT('',(26.55,20.014634146342,7.6));
#4047 = CARTESIAN_POINT('',(26.55,20.040506414145,7.594508676493));
#4048 = CARTESIAN_POINT('',(26.55,20.065829700604,7.588567444282));
#4049 = CARTESIAN_POINT('',(26.55,20.090475815285,7.582142167328));
#4050 = CARTESIAN_POINT('',(26.55,20.114301829732,7.575203358597));
#4051 = CARTESIAN_POINT('',(26.55,20.137165789504,7.567735301671));
#4052 = CARTESIAN_POINT('',(26.55,20.158942426212,7.559745172351));
#4053 = CARTESIAN_POINT('',(26.55,20.197011761818,7.544084121775));
#4054 = CARTESIAN_POINT('',(26.55,20.213641602619,7.53654599841));
#4055 = CARTESIAN_POINT('',(26.55,20.229370789537,7.528680516788));
#4056 = CARTESIAN_POINT('',(26.55,20.244180974938,7.520517722692));
#4057 = CARTESIAN_POINT('',(26.55,20.258083745765,7.512092154146));
#4058 = CARTESIAN_POINT('',(26.55,20.271111303334,7.50344001451));
#4059 = CARTESIAN_POINT('',(26.55,20.290850833905,7.489126127435));
#4060 = CARTESIAN_POINT('',(26.55,20.298077384716,7.483581822558));
#4061 = CARTESIAN_POINT('',(26.55,20.304998126949,7.477970884208));
#4062 = CARTESIAN_POINT('',(26.55,20.311625932514,7.472300292839));
#4063 = CARTESIAN_POINT('',(26.55,20.317974621064,7.466576433819));
#4064 = CARTESIAN_POINT('',(26.55,20.324058367206,7.46080497518));
#4065 = CARTESIAN_POINT('',(26.55,20.351164995385,7.433784372175));
#4066 = CARTESIAN_POINT('',(26.55,20.369074924795,7.41203389255));
#4067 = CARTESIAN_POINT('',(26.55,20.384361589633,7.389931754814));
#4068 = CARTESIAN_POINT('',(26.55,20.397595970015,7.367616725493));
#4069 = CARTESIAN_POINT('',(26.55,20.409179322572,7.34517214481));
#4070 = CARTESIAN_POINT('',(26.55,20.419424777389,7.322635651916));
#4071 = CARTESIAN_POINT('',(26.55,20.428571428571,7.3));
#4072 = ORIENTED_EDGE('',*,*,#4073,.T.);
#4073 = EDGE_CURVE('',#4043,#4074,#4076,.T.);
#4074 = VERTEX_POINT('',#4075);
#4075 = CARTESIAN_POINT('',(26.55,20.428571428571,3.1));
#4076 = B_SPLINE_CURVE_WITH_KNOTS('',1,(#4077,#4078),.UNSPECIFIED.,.F.,
  .F.,(2,2),(-0.8,3.4),.PIECEWISE_BEZIER_KNOTS.);
#4077 = CARTESIAN_POINT('',(26.55,20.428571428571,7.3));
#4078 = CARTESIAN_POINT('',(26.55,20.428571428571,3.1));
#4079 = ORIENTED_EDGE('',*,*,#4080,.T.);
#4080 = EDGE_CURVE('',#4074,#4081,#4083,.T.);
#4081 = VERTEX_POINT('',#4082);
#4082 = CARTESIAN_POINT('',(26.55,20.014634146342,2.8));
#4083 = B_SPLINE_CURVE_WITH_KNOTS('',5,(#4084,#4085,#4086,#4087,#4088,
    #4089,#4090,#4091,#4092,#4093,#4094,#4095,#4096,#4097,#4098,#4099,
    #4100,#4101),.UNSPECIFIED.,.F.,.F.,(6,4,4,4,6),(0.,0.422478695324,
    0.558618913458,0.766110610513,1.),.UNSPECIFIED.);
#4084 = CARTESIAN_POINT('',(26.55,20.428571428571,3.1));
#4085 = CARTESIAN_POINT('',(26.55,20.416454416583,3.07001345518));
#4086 = CARTESIAN_POINT('',(26.55,20.402268778291,3.040204147333));
#4087 = CARTESIAN_POINT('',(26.55,20.385299684562,3.010567918214));
#4088 = CARTESIAN_POINT('',(26.55,20.364478764744,2.981327822231));
#4089 = CARTESIAN_POINT('',(26.55,20.329045573279,2.943878160675));
#4090 = CARTESIAN_POINT('',(26.55,20.319793334732,2.934850597985));
#4091 = CARTESIAN_POINT('',(26.55,20.309858233266,2.92594291623));
#4092 = CARTESIAN_POINT('',(26.55,20.299169345452,2.917184659945));
#4093 = CARTESIAN_POINT('',(26.55,20.270140947178,2.895543037647));
#4094 = CARTESIAN_POINT('',(26.55,20.250721001499,2.882898231449));
#4095 = CARTESIAN_POINT('',(26.55,20.229223765779,2.870814787168));
#4096 = CARTESIAN_POINT('',(26.55,20.205546440839,2.859446240425));
#4097 = CARTESIAN_POINT('',(26.55,20.151036075667,2.836980792044));
#4098 = CARTESIAN_POINT('',(26.55,20.11965688247,2.826094716748));
#4099 = CARTESIAN_POINT('',(26.55,20.086109842233,2.816366349067));
#4100 = CARTESIAN_POINT('',(26.55,20.050951349867,2.807708234738));
#4101 = CARTESIAN_POINT('',(26.55,20.014634146342,2.8));
#4102 = ORIENTED_EDGE('',*,*,#4103,.T.);
#4103 = EDGE_CURVE('',#4081,#4104,#4106,.T.);
#4104 = VERTEX_POINT('',#4105);
#4105 = CARTESIAN_POINT('',(26.55,19.985365853658,2.8));
#4106 = B_SPLINE_CURVE_WITH_KNOTS('',1,(#4107,#4108),.UNSPECIFIED.,.F.,
  .F.,(2,2),(2.960365853658,2.989634146342),.PIECEWISE_BEZIER_KNOTS.);
#4107 = CARTESIAN_POINT('',(26.55,20.014634146342,2.8));
#4108 = CARTESIAN_POINT('',(26.55,19.985365853658,2.8));
#4109 = ORIENTED_EDGE('',*,*,#4110,.F.);
#4110 = EDGE_CURVE('',#4111,#4104,#4113,.T.);
#4111 = VERTEX_POINT('',#4112);
#4112 = CARTESIAN_POINT('',(26.55,19.571428571429,3.1));
#4113 = B_SPLINE_CURVE_WITH_KNOTS('',5,(#4114,#4115,#4116,#4117,#4118,
    #4119,#4120,#4121,#4122,#4123,#4124,#4125,#4126,#4127,#4128,#4129,
    #4130,#4131),.UNSPECIFIED.,.F.,.F.,(6,4,4,4,6),(0.,0.422478695324,
    0.558618913458,0.766110610513,1.),.UNSPECIFIED.);
#4114 = CARTESIAN_POINT('',(26.55,19.571428571429,3.1));
#4115 = CARTESIAN_POINT('',(26.55,19.583545583417,3.07001345518));
#4116 = CARTESIAN_POINT('',(26.55,19.597731221709,3.040204147333));
#4117 = CARTESIAN_POINT('',(26.55,19.614700315438,3.010567918214));
#4118 = CARTESIAN_POINT('',(26.55,19.635521235256,2.981327822231));
#4119 = CARTESIAN_POINT('',(26.55,19.670954426721,2.943878160675));
#4120 = CARTESIAN_POINT('',(26.55,19.680206665268,2.934850597985));
#4121 = CARTESIAN_POINT('',(26.55,19.690141766734,2.92594291623));
#4122 = CARTESIAN_POINT('',(26.55,19.700830654548,2.917184659945));
#4123 = CARTESIAN_POINT('',(26.55,19.729859052822,2.895543037647));
#4124 = CARTESIAN_POINT('',(26.55,19.7492789985,2.882898231449));
#4125 = CARTESIAN_POINT('',(26.55,19.770776234221,2.870814787168));
#4126 = CARTESIAN_POINT('',(26.55,19.794453559161,2.859446240425));
#4127 = CARTESIAN_POINT('',(26.55,19.848963924333,2.836980792044));
#4128 = CARTESIAN_POINT('',(26.55,19.88034311753,2.826094716748));
#4129 = CARTESIAN_POINT('',(26.55,19.913890157766,2.816366349067));
#4130 = CARTESIAN_POINT('',(26.55,19.949048650133,2.807708234738));
#4131 = CARTESIAN_POINT('',(26.55,19.985365853658,2.8));
#4132 = ORIENTED_EDGE('',*,*,#4133,.T.);
#4133 = EDGE_CURVE('',#4111,#4134,#4136,.T.);
#4134 = VERTEX_POINT('',#4135);
#4135 = CARTESIAN_POINT('',(26.55,19.571428571429,7.3));
#4136 = B_SPLINE_CURVE_WITH_KNOTS('',1,(#4137,#4138),.UNSPECIFIED.,.F.,
  .F.,(2,2),(-3.4,0.8),.PIECEWISE_BEZIER_KNOTS.);
#4137 = CARTESIAN_POINT('',(26.55,19.571428571429,3.1));
#4138 = CARTESIAN_POINT('',(26.55,19.571428571429,7.3));
#4139 = ORIENTED_EDGE('',*,*,#4140,.F.);
#4140 = EDGE_CURVE('',#4036,#4134,#4141,.T.);
#4141 = B_SPLINE_CURVE_WITH_KNOTS('',7,(#4142,#4143,#4144,#4145,#4146,
    #4147,#4148,#4149,#4150,#4151,#4152,#4153,#4154,#4155,#4156,#4157,
    #4158,#4159,#4160,#4161,#4162,#4163,#4164,#4165,#4166,#4167),
  .UNSPECIFIED.,.F.,.F.,(8,6,6,6,8),(0.,0.233264199251,0.431152745139,
    0.553555959979,1.),.UNSPECIFIED.);
#4142 = CARTESIAN_POINT('',(26.55,19.985365853658,7.6));
#4143 = CARTESIAN_POINT('',(26.55,19.959493585855,7.594508676493));
#4144 = CARTESIAN_POINT('',(26.55,19.934170299395,7.588567444282));
#4145 = CARTESIAN_POINT('',(26.55,19.909524184715,7.582142167328));
#4146 = CARTESIAN_POINT('',(26.55,19.885698170268,7.575203358597));
#4147 = CARTESIAN_POINT('',(26.55,19.862834210496,7.567735301671));
#4148 = CARTESIAN_POINT('',(26.55,19.841057573788,7.559745172351));
#4149 = CARTESIAN_POINT('',(26.55,19.802988238182,7.544084121775));
#4150 = CARTESIAN_POINT('',(26.55,19.786358397381,7.53654599841));
#4151 = CARTESIAN_POINT('',(26.55,19.770629210463,7.528680516788));
#4152 = CARTESIAN_POINT('',(26.55,19.755819025062,7.520517722692));
#4153 = CARTESIAN_POINT('',(26.55,19.741916254235,7.512092154146));
#4154 = CARTESIAN_POINT('',(26.55,19.728888696666,7.50344001451));
#4155 = CARTESIAN_POINT('',(26.55,19.709149166095,7.489126127435));
#4156 = CARTESIAN_POINT('',(26.55,19.701922615284,7.483581822558));
#4157 = CARTESIAN_POINT('',(26.55,19.695001873051,7.477970884208));
#4158 = CARTESIAN_POINT('',(26.55,19.688374067486,7.472300292839));
#4159 = CARTESIAN_POINT('',(26.55,19.682025378936,7.466576433819));
#4160 = CARTESIAN_POINT('',(26.55,19.675941632794,7.46080497518));
#4161 = CARTESIAN_POINT('',(26.55,19.648835004615,7.433784372175));
#4162 = CARTESIAN_POINT('',(26.55,19.630925075205,7.41203389255));
#4163 = CARTESIAN_POINT('',(26.55,19.615638410367,7.389931754815));
#4164 = CARTESIAN_POINT('',(26.55,19.602404029985,7.367616725493));
#4165 = CARTESIAN_POINT('',(26.55,19.590820677428,7.345172144811));
#4166 = CARTESIAN_POINT('',(26.55,19.580575222611,7.322635651916));
#4167 = CARTESIAN_POINT('',(26.55,19.571428571429,7.3));
#4168 = B_SPLINE_SURFACE_WITH_KNOTS('',1,1,(
    (#4169,#4170)
    ,(#4171,#4172
    )),.UNSPECIFIED.,.F.,.F.,.F.,(2,2),(2,2),(0.4,8.5),(-10.95,-1.55),
  .PIECEWISE_BEZIER_KNOTS.);
#4169 = CARTESIAN_POINT('',(26.55,15.6,9.5));
#4170 = CARTESIAN_POINT('',(26.55,25.,9.5));
#4171 = CARTESIAN_POINT('',(26.55,15.6,1.4));
#4172 = CARTESIAN_POINT('',(26.55,25.,1.4));
#4173 = ADVANCED_FACE('',(#4174),#4191,.T.);
#4174 = FACE_BOUND('',#4175,.T.);
#4175 = EDGE_LOOP('',(#4176,#4177,#4185,#4190));
#4176 = ORIENTED_EDGE('',*,*,#4018,.F.);
#4177 = ORIENTED_EDGE('',*,*,#4178,.T.);
#4178 = EDGE_CURVE('',#4019,#4179,#4181,.T.);
#4179 = VERTEX_POINT('',#4180);
#4180 = CARTESIAN_POINT('',(25.,26.55,9.5));
#4181 = ( BOUNDED_CURVE() B_SPLINE_CURVE(2,(#4182,#4183,#4184),
.UNSPECIFIED.,.F.,.F.) B_SPLINE_CURVE_WITH_KNOTS((3,3),(4.712388980385,
6.28318530718),.PIECEWISE_BEZIER_KNOTS.) CURVE() 
GEOMETRIC_REPRESENTATION_ITEM() RATIONAL_B_SPLINE_CURVE((1.,
0.707106781187,1.)) REPRESENTATION_ITEM('') );
#4182 = CARTESIAN_POINT('',(26.55,25.,9.5));
#4183 = CARTESIAN_POINT('',(26.55,26.55,9.5));
#4184 = CARTESIAN_POINT('',(25.,26.55,9.5));
#4185 = ORIENTED_EDGE('',*,*,#4186,.T.);
#4186 = EDGE_CURVE('',#4179,#407,#4187,.T.);
#4187 = B_SPLINE_CURVE_WITH_KNOTS('',1,(#4188,#4189),.UNSPECIFIED.,.F.,
  .F.,(2,2),(0.4,8.5),.PIECEWISE_BEZIER_KNOTS.);
#4188 = CARTESIAN_POINT('',(25.,26.55,9.5));
#4189 = CARTESIAN_POINT('',(25.,26.55,1.4));
#4190 = ORIENTED_EDGE('',*,*,#413,.F.);
#4191 = ( BOUNDED_SURFACE() B_SPLINE_SURFACE(2,1,(
    (#4192,#4193)
    ,(#4194,#4195)
    ,(#4196,#4197
)),.UNSPECIFIED.,.F.,.F.,.F.) B_SPLINE_SURFACE_WITH_KNOTS((3,3),(2,2),(
    0.,1.570796326795),(0.4,8.5),.PIECEWISE_BEZIER_KNOTS.) 
GEOMETRIC_REPRESENTATION_ITEM() RATIONAL_B_SPLINE_SURFACE((
    (1.,1.)
    ,(0.707106781187,0.707106781187)
,(1.,1.))) REPRESENTATION_ITEM('') SURFACE() );
#4192 = CARTESIAN_POINT('',(26.55,25.,9.5));
#4193 = CARTESIAN_POINT('',(26.55,25.,1.4));
#4194 = CARTESIAN_POINT('',(26.55,26.55,9.5));
#4195 = CARTESIAN_POINT('',(26.55,26.55,1.4));
#4196 = CARTESIAN_POINT('',(25.,26.55,9.5));
#4197 = CARTESIAN_POINT('',(25.,26.55,1.4));
#4198 = ADVANCED_FACE('',(#4199,#4215),#4353,.T.);
#4199 = FACE_BOUND('',#4200,.T.);
#4200 = EDGE_LOOP('',(#4201,#4202,#4209,#4214));
#4201 = ORIENTED_EDGE('',*,*,#4186,.F.);
#4202 = ORIENTED_EDGE('',*,*,#4203,.F.);
#4203 = EDGE_CURVE('',#4204,#4179,#4206,.T.);
#4204 = VERTEX_POINT('',#4205);
#4205 = CARTESIAN_POINT('',(15.6,26.55,9.5));
#4206 = B_SPLINE_CURVE_WITH_KNOTS('',1,(#4207,#4208),.UNSPECIFIED.,.F.,
  .F.,(2,2),(42.15,51.55),.PIECEWISE_BEZIER_KNOTS.);
#4207 = CARTESIAN_POINT('',(15.6,26.55,9.5));
#4208 = CARTESIAN_POINT('',(25.,26.55,9.5));
#4209 = ORIENTED_EDGE('',*,*,#4210,.T.);
#4210 = EDGE_CURVE('',#4204,#400,#4211,.T.);
#4211 = B_SPLINE_CURVE_WITH_KNOTS('',1,(#4212,#4213),.UNSPECIFIED.,.F.,
  .F.,(2,2),(0.375,8.475),.PIECEWISE_BEZIER_KNOTS.);
#4212 = CARTESIAN_POINT('',(15.6,26.55,9.5));
#4213 = CARTESIAN_POINT('',(15.6,26.55,1.4));
#4214 = ORIENTED_EDGE('',*,*,#406,.T.);
#4215 = FACE_BOUND('',#4216,.T.);
#4216 = EDGE_LOOP('',(#4217,#4250,#4257,#4288,#4295,#4318,#4325,#4348));
#4217 = ORIENTED_EDGE('',*,*,#4218,.F.);
#4218 = EDGE_CURVE('',#4219,#4221,#4223,.T.);
#4219 = VERTEX_POINT('',#4220);
#4220 = CARTESIAN_POINT('',(19.985365853659,26.55,7.6));
#4221 = VERTEX_POINT('',#4222);
#4222 = CARTESIAN_POINT('',(19.571428571429,26.55,7.3));
#4223 = B_SPLINE_CURVE_WITH_KNOTS('',7,(#4224,#4225,#4226,#4227,#4228,
    #4229,#4230,#4231,#4232,#4233,#4234,#4235,#4236,#4237,#4238,#4239,
    #4240,#4241,#4242,#4243,#4244,#4245,#4246,#4247,#4248,#4249),
  .UNSPECIFIED.,.F.,.F.,(8,6,6,6,8),(0.,0.233264199251,0.43115274514,
    0.553555959979,1.),.UNSPECIFIED.);
#4224 = CARTESIAN_POINT('',(19.985365853659,26.55,7.6));
#4225 = CARTESIAN_POINT('',(19.959493585855,26.55,7.594508676493));
#4226 = CARTESIAN_POINT('',(19.934170299396,26.55,7.588567444282));
#4227 = CARTESIAN_POINT('',(19.909524184715,26.55,7.582142167328));
#4228 = CARTESIAN_POINT('',(19.885698170268,26.55,7.575203358597));
#4229 = CARTESIAN_POINT('',(19.862834210496,26.55,7.567735301671));
#4230 = CARTESIAN_POINT('',(19.841057573788,26.55,7.559745172351));
#4231 = CARTESIAN_POINT('',(19.802988238182,26.55,7.544084121775));
#4232 = CARTESIAN_POINT('',(19.786358397381,26.55,7.53654599841));
#4233 = CARTESIAN_POINT('',(19.770629210463,26.55,7.528680516788));
#4234 = CARTESIAN_POINT('',(19.755819025062,26.55,7.520517722692));
#4235 = CARTESIAN_POINT('',(19.741916254235,26.55,7.512092154146));
#4236 = CARTESIAN_POINT('',(19.728888696666,26.55,7.50344001451));
#4237 = CARTESIAN_POINT('',(19.709149166095,26.55,7.489126127435));
#4238 = CARTESIAN_POINT('',(19.701922615284,26.55,7.483581822558));
#4239 = CARTESIAN_POINT('',(19.695001873051,26.55,7.477970884208));
#4240 = CARTESIAN_POINT('',(19.688374067486,26.55,7.472300292839));
#4241 = CARTESIAN_POINT('',(19.682025378936,26.55,7.466576433819));
#4242 = CARTESIAN_POINT('',(19.675941632794,26.55,7.46080497518));
#4243 = CARTESIAN_POINT('',(19.648835004615,26.55,7.433784372175));
#4244 = CARTESIAN_POINT('',(19.630925075205,26.55,7.41203389255));
#4245 = CARTESIAN_POINT('',(19.615638410367,26.55,7.389931754815));
#4246 = CARTESIAN_POINT('',(19.602404029985,26.55,7.367616725493));
#4247 = CARTESIAN_POINT('',(19.590820677428,26.55,7.34517214481));
#4248 = CARTESIAN_POINT('',(19.580575222611,26.55,7.322635651916));
#4249 = CARTESIAN_POINT('',(19.571428571429,26.55,7.3));
#4250 = ORIENTED_EDGE('',*,*,#4251,.F.);
#4251 = EDGE_CURVE('',#4252,#4219,#4254,.T.);
#4252 = VERTEX_POINT('',#4253);
#4253 = CARTESIAN_POINT('',(20.014634146341,26.55,7.6));
#4254 = B_SPLINE_CURVE_WITH_KNOTS('',1,(#4255,#4256),.UNSPECIFIED.,.F.,
  .F.,(2,2),(-22.98963414634,-22.96036585365),.PIECEWISE_BEZIER_KNOTS.);
#4255 = CARTESIAN_POINT('',(20.014634146341,26.55,7.6));
#4256 = CARTESIAN_POINT('',(19.985365853659,26.55,7.6));
#4257 = ORIENTED_EDGE('',*,*,#4258,.T.);
#4258 = EDGE_CURVE('',#4252,#4259,#4261,.T.);
#4259 = VERTEX_POINT('',#4260);
#4260 = CARTESIAN_POINT('',(20.428571428571,26.55,7.3));
#4261 = B_SPLINE_CURVE_WITH_KNOTS('',7,(#4262,#4263,#4264,#4265,#4266,
    #4267,#4268,#4269,#4270,#4271,#4272,#4273,#4274,#4275,#4276,#4277,
    #4278,#4279,#4280,#4281,#4282,#4283,#4284,#4285,#4286,#4287),
  .UNSPECIFIED.,.F.,.F.,(8,6,6,6,8),(0.,0.233264199251,0.431152745139,
    0.553555959979,1.),.UNSPECIFIED.);
#4262 = CARTESIAN_POINT('',(20.014634146342,26.55,7.6));
#4263 = CARTESIAN_POINT('',(20.040506414145,26.55,7.594508676493));
#4264 = CARTESIAN_POINT('',(20.065829700604,26.55,7.588567444282));
#4265 = CARTESIAN_POINT('',(20.090475815285,26.55,7.582142167328));
#4266 = CARTESIAN_POINT('',(20.114301829732,26.55,7.575203358597));
#4267 = CARTESIAN_POINT('',(20.137165789504,26.55,7.567735301671));
#4268 = CARTESIAN_POINT('',(20.158942426212,26.55,7.559745172351));
#4269 = CARTESIAN_POINT('',(20.197011761818,26.55,7.544084121775));
#4270 = CARTESIAN_POINT('',(20.213641602619,26.55,7.53654599841));
#4271 = CARTESIAN_POINT('',(20.229370789537,26.55,7.528680516788));
#4272 = CARTESIAN_POINT('',(20.244180974938,26.55,7.520517722692));
#4273 = CARTESIAN_POINT('',(20.258083745765,26.55,7.512092154146));
#4274 = CARTESIAN_POINT('',(20.271111303334,26.55,7.50344001451));
#4275 = CARTESIAN_POINT('',(20.290850833905,26.55,7.489126127435));
#4276 = CARTESIAN_POINT('',(20.298077384716,26.55,7.483581822558));
#4277 = CARTESIAN_POINT('',(20.304998126949,26.55,7.477970884208));
#4278 = CARTESIAN_POINT('',(20.311625932514,26.55,7.472300292839));
#4279 = CARTESIAN_POINT('',(20.317974621064,26.55,7.466576433819));
#4280 = CARTESIAN_POINT('',(20.324058367206,26.55,7.46080497518));
#4281 = CARTESIAN_POINT('',(20.351164995385,26.55,7.433784372175));
#4282 = CARTESIAN_POINT('',(20.369074924795,26.55,7.41203389255));
#4283 = CARTESIAN_POINT('',(20.384361589633,26.55,7.389931754814));
#4284 = CARTESIAN_POINT('',(20.397595970015,26.55,7.367616725493));
#4285 = CARTESIAN_POINT('',(20.409179322572,26.55,7.34517214481));
#4286 = CARTESIAN_POINT('',(20.419424777389,26.55,7.322635651916));
#4287 = CARTESIAN_POINT('',(20.428571428571,26.55,7.3));
#4288 = ORIENTED_EDGE('',*,*,#4289,.T.);
#4289 = EDGE_CURVE('',#4259,#4290,#4292,.T.);
#4290 = VERTEX_POINT('',#4291);
#4291 = CARTESIAN_POINT('',(20.428571428571,26.55,3.1));
#4292 = B_SPLINE_CURVE_WITH_KNOTS('',1,(#4293,#4294),.UNSPECIFIED.,.F.,
  .F.,(2,2),(-0.8,3.4),.PIECEWISE_BEZIER_KNOTS.);
#4293 = CARTESIAN_POINT('',(20.428571428572,26.55,7.3));
#4294 = CARTESIAN_POINT('',(20.428571428572,26.55,3.1));
#4295 = ORIENTED_EDGE('',*,*,#4296,.T.);
#4296 = EDGE_CURVE('',#4290,#4297,#4299,.T.);
#4297 = VERTEX_POINT('',#4298);
#4298 = CARTESIAN_POINT('',(20.014634146341,26.55,2.8));
#4299 = B_SPLINE_CURVE_WITH_KNOTS('',5,(#4300,#4301,#4302,#4303,#4304,
    #4305,#4306,#4307,#4308,#4309,#4310,#4311,#4312,#4313,#4314,#4315,
    #4316,#4317),.UNSPECIFIED.,.F.,.F.,(6,4,4,4,6),(0.,0.422478695324,
    0.558618913458,0.766110610513,1.),.UNSPECIFIED.);
#4300 = CARTESIAN_POINT('',(20.428571428571,26.55,3.1));
#4301 = CARTESIAN_POINT('',(20.416454416583,26.55,3.07001345518));
#4302 = CARTESIAN_POINT('',(20.40226877829,26.55,3.040204147333));
#4303 = CARTESIAN_POINT('',(20.385299684562,26.55,3.010567918214));
#4304 = CARTESIAN_POINT('',(20.364478764744,26.55,2.981327822231));
#4305 = CARTESIAN_POINT('',(20.329045573279,26.55,2.943878160675));
#4306 = CARTESIAN_POINT('',(20.319793334732,26.55,2.934850597985));
#4307 = CARTESIAN_POINT('',(20.309858233266,26.55,2.92594291623));
#4308 = CARTESIAN_POINT('',(20.299169345452,26.55,2.917184659945));
#4309 = CARTESIAN_POINT('',(20.270140947178,26.55,2.895543037647));
#4310 = CARTESIAN_POINT('',(20.250721001499,26.55,2.882898231449));
#4311 = CARTESIAN_POINT('',(20.229223765779,26.55,2.870814787168));
#4312 = CARTESIAN_POINT('',(20.205546440839,26.55,2.859446240425));
#4313 = CARTESIAN_POINT('',(20.151036075667,26.55,2.836980792044));
#4314 = CARTESIAN_POINT('',(20.11965688247,26.55,2.826094716748));
#4315 = CARTESIAN_POINT('',(20.086109842233,26.55,2.816366349067));
#4316 = CARTESIAN_POINT('',(20.050951349867,26.55,2.807708234738));
#4317 = CARTESIAN_POINT('',(20.014634146342,26.55,2.8));
#4318 = ORIENTED_EDGE('',*,*,#4319,.T.);
#4319 = EDGE_CURVE('',#4297,#4320,#4322,.T.);
#4320 = VERTEX_POINT('',#4321);
#4321 = CARTESIAN_POINT('',(19.985365853659,26.55,2.8));
#4322 = B_SPLINE_CURVE_WITH_KNOTS('',1,(#4323,#4324),.UNSPECIFIED.,.F.,
  .F.,(2,2),(-22.98963414634,-22.96036585365),.PIECEWISE_BEZIER_KNOTS.);
#4323 = CARTESIAN_POINT('',(20.014634146341,26.55,2.8));
#4324 = CARTESIAN_POINT('',(19.985365853659,26.55,2.8));
#4325 = ORIENTED_EDGE('',*,*,#4326,.F.);
#4326 = EDGE_CURVE('',#4327,#4320,#4329,.T.);
#4327 = VERTEX_POINT('',#4328);
#4328 = CARTESIAN_POINT('',(19.571428571429,26.55,3.1));
#4329 = B_SPLINE_CURVE_WITH_KNOTS('',5,(#4330,#4331,#4332,#4333,#4334,
    #4335,#4336,#4337,#4338,#4339,#4340,#4341,#4342,#4343,#4344,#4345,
    #4346,#4347),.UNSPECIFIED.,.F.,.F.,(6,4,4,4,6),(0.,0.422478695324,
    0.558618913458,0.766110610513,1.),.UNSPECIFIED.);
#4330 = CARTESIAN_POINT('',(19.571428571429,26.55,3.1));
#4331 = CARTESIAN_POINT('',(19.583545583417,26.55,3.07001345518));
#4332 = CARTESIAN_POINT('',(19.59773122171,26.55,3.040204147333));
#4333 = CARTESIAN_POINT('',(19.614700315438,26.55,3.010567918214));
#4334 = CARTESIAN_POINT('',(19.635521235256,26.55,2.981327822231));
#4335 = CARTESIAN_POINT('',(19.670954426721,26.55,2.943878160675));
#4336 = CARTESIAN_POINT('',(19.680206665268,26.55,2.934850597985));
#4337 = CARTESIAN_POINT('',(19.690141766734,26.55,2.92594291623));
#4338 = CARTESIAN_POINT('',(19.700830654548,26.55,2.917184659945));
#4339 = CARTESIAN_POINT('',(19.729859052822,26.55,2.895543037647));
#4340 = CARTESIAN_POINT('',(19.749278998501,26.55,2.882898231449));
#4341 = CARTESIAN_POINT('',(19.770776234221,26.55,2.870814787168));
#4342 = CARTESIAN_POINT('',(19.794453559161,26.55,2.859446240425));
#4343 = CARTESIAN_POINT('',(19.848963924333,26.55,2.836980792044));
#4344 = CARTESIAN_POINT('',(19.88034311753,26.55,2.826094716748));
#4345 = CARTESIAN_POINT('',(19.913890157767,26.55,2.816366349067));
#4346 = CARTESIAN_POINT('',(19.949048650133,26.55,2.807708234738));
#4347 = CARTESIAN_POINT('',(19.985365853659,26.55,2.8));
#4348 = ORIENTED_EDGE('',*,*,#4349,.T.);
#4349 = EDGE_CURVE('',#4327,#4221,#4350,.T.);
#4350 = B_SPLINE_CURVE_WITH_KNOTS('',1,(#4351,#4352),.UNSPECIFIED.,.F.,
  .F.,(2,2),(-3.4,0.8),.PIECEWISE_BEZIER_KNOTS.);
#4351 = CARTESIAN_POINT('',(19.571428571429,26.55,3.1));
#4352 = CARTESIAN_POINT('',(19.571428571429,26.55,7.3));
#4353 = B_SPLINE_SURFACE_WITH_KNOTS('',1,1,(
    (#4354,#4355)
    ,(#4356,#4357
    )),.UNSPECIFIED.,.F.,.F.,.F.,(2,2),(2,2),(0.4,8.5),(42.15,51.55),
  .PIECEWISE_BEZIER_KNOTS.);
#4354 = CARTESIAN_POINT('',(15.6,26.55,9.5));
#4355 = CARTESIAN_POINT('',(25.,26.55,9.5));
#4356 = CARTESIAN_POINT('',(15.6,26.55,1.4));
#4357 = CARTESIAN_POINT('',(25.,26.55,1.4));
#4358 = ADVANCED_FACE('',(#4359),#4396,.T.);
#4359 = FACE_BOUND('',#4360,.T.);
#4360 = EDGE_LOOP('',(#4361,#4368,#4369,#4370,#4377,#4384,#4391));
#4361 = ORIENTED_EDGE('',*,*,#4362,.F.);
#4362 = EDGE_CURVE('',#393,#4363,#4365,.T.);
#4363 = VERTEX_POINT('',#4364);
#4364 = CARTESIAN_POINT('',(15.6,26.5,1.2));
#4365 = B_SPLINE_CURVE_WITH_KNOTS('',1,(#4366,#4367),.UNSPECIFIED.,.F.,
  .F.,(2,2),(8.45,8.65),.PIECEWISE_BEZIER_KNOTS.);
#4366 = CARTESIAN_POINT('',(15.6,26.5,1.4));
#4367 = CARTESIAN_POINT('',(15.6,26.5,1.2));
#4368 = ORIENTED_EDGE('',*,*,#399,.T.);
#4369 = ORIENTED_EDGE('',*,*,#4210,.F.);
#4370 = ORIENTED_EDGE('',*,*,#4371,.T.);
#4371 = EDGE_CURVE('',#4204,#4372,#4374,.T.);
#4372 = VERTEX_POINT('',#4373);
#4373 = CARTESIAN_POINT('',(15.6,26.849003322259,9.8));
#4374 = B_SPLINE_CURVE_WITH_KNOTS('',1,(#4375,#4376),.UNSPECIFIED.,.F.,
  .F.,(2,2),(-0.106301180105,0.317258717338),.PIECEWISE_BEZIER_KNOTS.);
#4375 = CARTESIAN_POINT('',(15.6,26.55,9.5));
#4376 = CARTESIAN_POINT('',(15.6,26.849003322259,9.8));
#4377 = ORIENTED_EDGE('',*,*,#4378,.T.);
#4378 = EDGE_CURVE('',#4372,#4379,#4381,.T.);
#4379 = VERTEX_POINT('',#4380);
#4380 = CARTESIAN_POINT('',(15.6,28.15,9.8));
#4381 = B_SPLINE_CURVE_WITH_KNOTS('',1,(#4382,#4383),.UNSPECIFIED.,.F.,
  .F.,(2,2),(-0.900996677741,0.4),.PIECEWISE_BEZIER_KNOTS.);
#4382 = CARTESIAN_POINT('',(15.6,26.849003322259,9.8));
#4383 = CARTESIAN_POINT('',(15.6,28.15,9.8));
#4384 = ORIENTED_EDGE('',*,*,#4385,.T.);
#4385 = EDGE_CURVE('',#4379,#4386,#4388,.T.);
#4386 = VERTEX_POINT('',#4387);
#4387 = CARTESIAN_POINT('',(15.6,28.15,1.2));
#4388 = B_SPLINE_CURVE_WITH_KNOTS('',1,(#4389,#4390),.UNSPECIFIED.,.F.,
  .F.,(2,2),(5.E-02,8.65),.PIECEWISE_BEZIER_KNOTS.);
#4389 = CARTESIAN_POINT('',(15.6,28.15,9.8));
#4390 = CARTESIAN_POINT('',(15.6,28.15,1.2));
#4391 = ORIENTED_EDGE('',*,*,#4392,.F.);
#4392 = EDGE_CURVE('',#4363,#4386,#4393,.T.);
#4393 = B_SPLINE_CURVE_WITH_KNOTS('',1,(#4394,#4395),.UNSPECIFIED.,.F.,
  .F.,(2,2),(0.,1.65),.PIECEWISE_BEZIER_KNOTS.);
#4394 = CARTESIAN_POINT('',(15.6,26.5,1.2));
#4395 = CARTESIAN_POINT('',(15.6,28.15,1.2));
#4396 = B_SPLINE_SURFACE_WITH_KNOTS('',1,1,(
    (#4397,#4398)
    ,(#4399,#4400
  )),.UNSPECIFIED.,.F.,.F.,.F.,(2,2),(2,2),(5.E-02,8.65),(-1.65,0.),
  .PIECEWISE_BEZIER_KNOTS.);
#4397 = CARTESIAN_POINT('',(15.6,28.15,9.8));
#4398 = CARTESIAN_POINT('',(15.6,26.5,9.8));
#4399 = CARTESIAN_POINT('',(15.6,28.15,1.2));
#4400 = CARTESIAN_POINT('',(15.6,26.5,1.2));
#4401 = ADVANCED_FACE('',(#4402),#4418,.T.);
#4402 = FACE_BOUND('',#4403,.T.);
#4403 = EDGE_LOOP('',(#4404,#4405,#4406,#4413));
#4404 = ORIENTED_EDGE('',*,*,#392,.T.);
#4405 = ORIENTED_EDGE('',*,*,#4362,.T.);
#4406 = ORIENTED_EDGE('',*,*,#4407,.T.);
#4407 = EDGE_CURVE('',#4363,#4408,#4410,.T.);
#4408 = VERTEX_POINT('',#4409);
#4409 = CARTESIAN_POINT('',(15.,26.5,1.2));
#4410 = B_SPLINE_CURVE_WITH_KNOTS('',1,(#4411,#4412),.UNSPECIFIED.,.F.,
  .F.,(2,2),(0.,0.6),.PIECEWISE_BEZIER_KNOTS.);
#4411 = CARTESIAN_POINT('',(15.6,26.5,1.2));
#4412 = CARTESIAN_POINT('',(15.,26.5,1.2));
#4413 = ORIENTED_EDGE('',*,*,#4414,.F.);
#4414 = EDGE_CURVE('',#386,#4408,#4415,.T.);
#4415 = B_SPLINE_CURVE_WITH_KNOTS('',1,(#4416,#4417),.UNSPECIFIED.,.F.,
  .F.,(2,2),(8.45,8.65),.PIECEWISE_BEZIER_KNOTS.);
#4416 = CARTESIAN_POINT('',(15.,26.5,1.4));
#4417 = CARTESIAN_POINT('',(15.,26.5,1.2));
#4418 = B_SPLINE_SURFACE_WITH_KNOTS('',1,1,(
    (#4419,#4420)
    ,(#4421,#4422
    )),.UNSPECIFIED.,.F.,.F.,.F.,(2,2),(2,2),(8.45,8.65),(0.,0.6),
  .PIECEWISE_BEZIER_KNOTS.);
#4419 = CARTESIAN_POINT('',(15.6,26.5,1.4));
#4420 = CARTESIAN_POINT('',(15.,26.5,1.4));
#4421 = CARTESIAN_POINT('',(15.6,26.5,1.2));
#4422 = CARTESIAN_POINT('',(15.,26.5,1.2));
#4423 = ADVANCED_FACE('',(#4424),#4483,.T.);
#4424 = FACE_BOUND('',#4425,.T.);
#4425 = EDGE_LOOP('',(#4426,#4435,#4442,#4449,#4456,#4463,#4468,#4469,
    #4470,#4477));
#4426 = ORIENTED_EDGE('',*,*,#4427,.F.);
#4427 = EDGE_CURVE('',#4428,#4430,#4432,.T.);
#4428 = VERTEX_POINT('',#4429);
#4429 = CARTESIAN_POINT('',(15.,27.55,9.4));
#4430 = VERTEX_POINT('',#4431);
#4431 = CARTESIAN_POINT('',(15.,27.55,1.5));
#4432 = B_SPLINE_CURVE_WITH_KNOTS('',1,(#4433,#4434),.UNSPECIFIED.,.F.,
  .F.,(2,2),(0.,7.9),.PIECEWISE_BEZIER_KNOTS.);
#4433 = CARTESIAN_POINT('',(15.,27.55,9.4));
#4434 = CARTESIAN_POINT('',(15.,27.55,1.5));
#4435 = ORIENTED_EDGE('',*,*,#4436,.F.);
#4436 = EDGE_CURVE('',#4437,#4428,#4439,.T.);
#4437 = VERTEX_POINT('',#4438);
#4438 = CARTESIAN_POINT('',(15.,26.55,9.4));
#4439 = B_SPLINE_CURVE_WITH_KNOTS('',1,(#4440,#4441),.UNSPECIFIED.,.F.,
  .F.,(2,2),(5.E-02,1.05),.PIECEWISE_BEZIER_KNOTS.);
#4440 = CARTESIAN_POINT('',(15.,26.55,9.4));
#4441 = CARTESIAN_POINT('',(15.,27.55,9.4));
#4442 = ORIENTED_EDGE('',*,*,#4443,.T.);
#4443 = EDGE_CURVE('',#4437,#4444,#4446,.T.);
#4444 = VERTEX_POINT('',#4445);
#4445 = CARTESIAN_POINT('',(15.,26.,8.8));
#4446 = B_SPLINE_CURVE_WITH_KNOTS('',1,(#4447,#4448),.UNSPECIFIED.,.F.,
  .F.,(2,2),(0.,0.813941029805),.PIECEWISE_BEZIER_KNOTS.);
#4447 = CARTESIAN_POINT('',(15.,26.55,9.4));
#4448 = CARTESIAN_POINT('',(15.,26.,8.8));
#4449 = ORIENTED_EDGE('',*,*,#4450,.T.);
#4450 = EDGE_CURVE('',#4444,#4451,#4453,.T.);
#4451 = VERTEX_POINT('',#4452);
#4452 = CARTESIAN_POINT('',(15.,26.,8.4));
#4453 = B_SPLINE_CURVE_WITH_KNOTS('',1,(#4454,#4455),.UNSPECIFIED.,.F.,
  .F.,(2,2),(0.,0.4),.PIECEWISE_BEZIER_KNOTS.);
#4454 = CARTESIAN_POINT('',(15.,26.,8.8));
#4455 = CARTESIAN_POINT('',(15.,26.,8.4));
#4456 = ORIENTED_EDGE('',*,*,#4457,.T.);
#4457 = EDGE_CURVE('',#4451,#4458,#4460,.T.);
#4458 = VERTEX_POINT('',#4459);
#4459 = CARTESIAN_POINT('',(15.,26.55,8.4));
#4460 = B_SPLINE_CURVE_WITH_KNOTS('',1,(#4461,#4462),.UNSPECIFIED.,.F.,
  .F.,(2,2),(0.,0.55),.PIECEWISE_BEZIER_KNOTS.);
#4461 = CARTESIAN_POINT('',(15.,26.,8.4));
#4462 = CARTESIAN_POINT('',(15.,26.55,8.4));
#4463 = ORIENTED_EDGE('',*,*,#4464,.T.);
#4464 = EDGE_CURVE('',#4458,#379,#4465,.T.);
#4465 = B_SPLINE_CURVE_WITH_KNOTS('',1,(#4466,#4467),.UNSPECIFIED.,.F.,
  .F.,(2,2),(1.475,8.475),.PIECEWISE_BEZIER_KNOTS.);
#4466 = CARTESIAN_POINT('',(15.,26.55,8.4));
#4467 = CARTESIAN_POINT('',(15.,26.55,1.4));
#4468 = ORIENTED_EDGE('',*,*,#385,.F.);
#4469 = ORIENTED_EDGE('',*,*,#4414,.T.);
#4470 = ORIENTED_EDGE('',*,*,#4471,.T.);
#4471 = EDGE_CURVE('',#4408,#4472,#4474,.T.);
#4472 = VERTEX_POINT('',#4473);
#4473 = CARTESIAN_POINT('',(15.,27.85,1.2));
#4474 = B_SPLINE_CURVE_WITH_KNOTS('',1,(#4475,#4476),.UNSPECIFIED.,.F.,
  .F.,(2,2),(-0.575735294118,0.774264705882),.PIECEWISE_BEZIER_KNOTS.);
#4475 = CARTESIAN_POINT('',(15.,26.5,1.2));
#4476 = CARTESIAN_POINT('',(15.,27.85,1.2));
#4477 = ORIENTED_EDGE('',*,*,#4478,.F.);
#4478 = EDGE_CURVE('',#4430,#4472,#4479,.T.);
#4479 = ( BOUNDED_CURVE() B_SPLINE_CURVE(2,(#4480,#4481,#4482),
.UNSPECIFIED.,.F.,.F.) B_SPLINE_CURVE_WITH_KNOTS((3,3),(3.14159265359,
4.712388980385),.PIECEWISE_BEZIER_KNOTS.) CURVE() 
GEOMETRIC_REPRESENTATION_ITEM() RATIONAL_B_SPLINE_CURVE((1.,
0.707106781187,1.)) REPRESENTATION_ITEM('') );
#4480 = CARTESIAN_POINT('',(15.,27.55,1.5));
#4481 = CARTESIAN_POINT('',(15.,27.55,1.2));
#4482 = CARTESIAN_POINT('',(15.,27.85,1.2));
#4483 = B_SPLINE_SURFACE_WITH_KNOTS('',1,1,(
    (#4484,#4485)
    ,(#4486,#4487
    )),.UNSPECIFIED.,.F.,.F.,.F.,(2,2),(2,2),(-4.089066277763,
    4.110933722237),(-1.014075274586,0.835924725414),
  .PIECEWISE_BEZIER_KNOTS.);
#4484 = CARTESIAN_POINT('',(15.,26.,9.4));
#4485 = CARTESIAN_POINT('',(15.,27.85,9.4));
#4486 = CARTESIAN_POINT('',(15.,26.,1.2));
#4487 = CARTESIAN_POINT('',(15.,27.85,1.2));
#4488 = ADVANCED_FACE('',(#4489),#4505,.T.);
#4489 = FACE_BOUND('',#4490,.T.);
#4490 = EDGE_LOOP('',(#4491,#4498,#4499,#4500));
#4491 = ORIENTED_EDGE('',*,*,#4492,.T.);
#4492 = EDGE_CURVE('',#4493,#372,#4495,.T.);
#4493 = VERTEX_POINT('',#4494);
#4494 = CARTESIAN_POINT('',(7.,26.55,8.4));
#4495 = B_SPLINE_CURVE_WITH_KNOTS('',1,(#4496,#4497),.UNSPECIFIED.,.F.,
  .F.,(2,2),(1.475,8.475),.PIECEWISE_BEZIER_KNOTS.);
#4496 = CARTESIAN_POINT('',(7.,26.55,8.4));
#4497 = CARTESIAN_POINT('',(7.,26.55,1.4));
#4498 = ORIENTED_EDGE('',*,*,#378,.T.);
#4499 = ORIENTED_EDGE('',*,*,#4464,.F.);
#4500 = ORIENTED_EDGE('',*,*,#4501,.T.);
#4501 = EDGE_CURVE('',#4458,#4493,#4502,.T.);
#4502 = B_SPLINE_CURVE_WITH_KNOTS('',1,(#4503,#4504),.UNSPECIFIED.,.F.,
  .F.,(2,2),(0.,8.),.PIECEWISE_BEZIER_KNOTS.);
#4503 = CARTESIAN_POINT('',(15.,26.55,8.4));
#4504 = CARTESIAN_POINT('',(7.,26.55,8.4));
#4505 = B_SPLINE_SURFACE_WITH_KNOTS('',1,1,(
    (#4506,#4507)
    ,(#4508,#4509
    )),.UNSPECIFIED.,.F.,.F.,.F.,(2,2),(2,2),(1.5,8.5),(33.55,41.55),
  .PIECEWISE_BEZIER_KNOTS.);
#4506 = CARTESIAN_POINT('',(7.,26.55,8.4));
#4507 = CARTESIAN_POINT('',(15.,26.55,8.4));
#4508 = CARTESIAN_POINT('',(7.,26.55,1.4));
#4509 = CARTESIAN_POINT('',(15.,26.55,1.4));
#4510 = ADVANCED_FACE('',(#4511),#4570,.T.);
#4511 = FACE_BOUND('',#4512,.T.);
#4512 = EDGE_LOOP('',(#4513,#4522,#4530,#4537,#4542,#4543,#4544,#4551,
    #4558,#4565));
#4513 = ORIENTED_EDGE('',*,*,#4514,.T.);
#4514 = EDGE_CURVE('',#4515,#4517,#4519,.T.);
#4515 = VERTEX_POINT('',#4516);
#4516 = CARTESIAN_POINT('',(7.,27.55,9.4));
#4517 = VERTEX_POINT('',#4518);
#4518 = CARTESIAN_POINT('',(7.,27.55,1.5));
#4519 = B_SPLINE_CURVE_WITH_KNOTS('',1,(#4520,#4521),.UNSPECIFIED.,.F.,
  .F.,(2,2),(0.,7.9),.PIECEWISE_BEZIER_KNOTS.);
#4520 = CARTESIAN_POINT('',(7.,27.55,9.4));
#4521 = CARTESIAN_POINT('',(7.,27.55,1.5));
#4522 = ORIENTED_EDGE('',*,*,#4523,.T.);
#4523 = EDGE_CURVE('',#4517,#4524,#4526,.T.);
#4524 = VERTEX_POINT('',#4525);
#4525 = CARTESIAN_POINT('',(7.,27.85,1.2));
#4526 = ( BOUNDED_CURVE() B_SPLINE_CURVE(2,(#4527,#4528,#4529),
.UNSPECIFIED.,.F.,.F.) B_SPLINE_CURVE_WITH_KNOTS((3,3),(3.14159265359,
4.712388980385),.PIECEWISE_BEZIER_KNOTS.) CURVE() 
GEOMETRIC_REPRESENTATION_ITEM() RATIONAL_B_SPLINE_CURVE((1.,
0.707106781187,1.)) REPRESENTATION_ITEM('') );
#4527 = CARTESIAN_POINT('',(7.,27.55,1.5));
#4528 = CARTESIAN_POINT('',(7.,27.55,1.2));
#4529 = CARTESIAN_POINT('',(7.,27.85,1.2));
#4530 = ORIENTED_EDGE('',*,*,#4531,.F.);
#4531 = EDGE_CURVE('',#4532,#4524,#4534,.T.);
#4532 = VERTEX_POINT('',#4533);
#4533 = CARTESIAN_POINT('',(7.,26.5,1.2));
#4534 = B_SPLINE_CURVE_WITH_KNOTS('',1,(#4535,#4536),.UNSPECIFIED.,.F.,
  .F.,(2,2),(0.,1.35),.PIECEWISE_BEZIER_KNOTS.);
#4535 = CARTESIAN_POINT('',(7.,26.5,1.2));
#4536 = CARTESIAN_POINT('',(7.,27.85,1.2));
#4537 = ORIENTED_EDGE('',*,*,#4538,.F.);
#4538 = EDGE_CURVE('',#365,#4532,#4539,.T.);
#4539 = B_SPLINE_CURVE_WITH_KNOTS('',1,(#4540,#4541),.UNSPECIFIED.,.F.,
  .F.,(2,2),(8.45,8.65),.PIECEWISE_BEZIER_KNOTS.);
#4540 = CARTESIAN_POINT('',(7.,26.5,1.4));
#4541 = CARTESIAN_POINT('',(7.,26.5,1.2));
#4542 = ORIENTED_EDGE('',*,*,#371,.T.);
#4543 = ORIENTED_EDGE('',*,*,#4492,.F.);
#4544 = ORIENTED_EDGE('',*,*,#4545,.F.);
#4545 = EDGE_CURVE('',#4546,#4493,#4548,.T.);
#4546 = VERTEX_POINT('',#4547);
#4547 = CARTESIAN_POINT('',(7.,26.,8.4));
#4548 = B_SPLINE_CURVE_WITH_KNOTS('',1,(#4549,#4550),.UNSPECIFIED.,.F.,
  .F.,(2,2),(0.,0.55),.PIECEWISE_BEZIER_KNOTS.);
#4549 = CARTESIAN_POINT('',(7.,26.,8.4));
#4550 = CARTESIAN_POINT('',(7.,26.55,8.4));
#4551 = ORIENTED_EDGE('',*,*,#4552,.F.);
#4552 = EDGE_CURVE('',#4553,#4546,#4555,.T.);
#4553 = VERTEX_POINT('',#4554);
#4554 = CARTESIAN_POINT('',(7.,26.,8.8));
#4555 = B_SPLINE_CURVE_WITH_KNOTS('',1,(#4556,#4557),.UNSPECIFIED.,.F.,
  .F.,(2,2),(0.,0.4),.PIECEWISE_BEZIER_KNOTS.);
#4556 = CARTESIAN_POINT('',(7.,26.,8.8));
#4557 = CARTESIAN_POINT('',(7.,26.,8.4));
#4558 = ORIENTED_EDGE('',*,*,#4559,.F.);
#4559 = EDGE_CURVE('',#4560,#4553,#4562,.T.);
#4560 = VERTEX_POINT('',#4561);
#4561 = CARTESIAN_POINT('',(7.,26.55,9.4));
#4562 = B_SPLINE_CURVE_WITH_KNOTS('',1,(#4563,#4564),.UNSPECIFIED.,.F.,
  .F.,(2,2),(0.,0.813941029805),.PIECEWISE_BEZIER_KNOTS.);
#4563 = CARTESIAN_POINT('',(7.,26.55,9.4));
#4564 = CARTESIAN_POINT('',(7.,26.,8.8));
#4565 = ORIENTED_EDGE('',*,*,#4566,.T.);
#4566 = EDGE_CURVE('',#4560,#4515,#4567,.T.);
#4567 = B_SPLINE_CURVE_WITH_KNOTS('',1,(#4568,#4569),.UNSPECIFIED.,.F.,
  .F.,(2,2),(5.E-02,1.05),.PIECEWISE_BEZIER_KNOTS.);
#4568 = CARTESIAN_POINT('',(7.,26.55,9.4));
#4569 = CARTESIAN_POINT('',(7.,27.55,9.4));
#4570 = B_SPLINE_SURFACE_WITH_KNOTS('',1,1,(
    (#4571,#4572)
    ,(#4573,#4574
    )),.UNSPECIFIED.,.F.,.F.,.F.,(2,2),(2,2),(-4.110933722237,
    4.089066277763),(-1.014075274586,0.835924725414),
  .PIECEWISE_BEZIER_KNOTS.);
#4571 = CARTESIAN_POINT('',(7.,26.,1.2));
#4572 = CARTESIAN_POINT('',(7.,27.85,1.2));
#4573 = CARTESIAN_POINT('',(7.,26.,9.4));
#4574 = CARTESIAN_POINT('',(7.,27.85,9.4));
#4575 = ADVANCED_FACE('',(#4576),#4592,.T.);
#4576 = FACE_BOUND('',#4577,.T.);
#4577 = EDGE_LOOP('',(#4578,#4585,#4586,#4587));
#4578 = ORIENTED_EDGE('',*,*,#4579,.F.);
#4579 = EDGE_CURVE('',#358,#4580,#4582,.T.);
#4580 = VERTEX_POINT('',#4581);
#4581 = CARTESIAN_POINT('',(6.4,26.5,1.2));
#4582 = B_SPLINE_CURVE_WITH_KNOTS('',1,(#4583,#4584),.UNSPECIFIED.,.F.,
  .F.,(2,2),(8.45,8.65),.PIECEWISE_BEZIER_KNOTS.);
#4583 = CARTESIAN_POINT('',(6.4,26.5,1.4));
#4584 = CARTESIAN_POINT('',(6.4,26.5,1.2));
#4585 = ORIENTED_EDGE('',*,*,#364,.T.);
#4586 = ORIENTED_EDGE('',*,*,#4538,.T.);
#4587 = ORIENTED_EDGE('',*,*,#4588,.T.);
#4588 = EDGE_CURVE('',#4532,#4580,#4589,.T.);
#4589 = B_SPLINE_CURVE_WITH_KNOTS('',1,(#4590,#4591),.UNSPECIFIED.,.F.,
  .F.,(2,2),(0.,0.6),.PIECEWISE_BEZIER_KNOTS.);
#4590 = CARTESIAN_POINT('',(7.,26.5,1.2));
#4591 = CARTESIAN_POINT('',(6.4,26.5,1.2));
#4592 = B_SPLINE_SURFACE_WITH_KNOTS('',1,1,(
    (#4593,#4594)
    ,(#4595,#4596
    )),.UNSPECIFIED.,.F.,.F.,.F.,(2,2),(2,2),(8.45,8.65),(0.,0.6),
  .PIECEWISE_BEZIER_KNOTS.);
#4593 = CARTESIAN_POINT('',(7.,26.5,1.4));
#4594 = CARTESIAN_POINT('',(6.4,26.5,1.4));
#4595 = CARTESIAN_POINT('',(7.,26.5,1.2));
#4596 = CARTESIAN_POINT('',(6.4,26.5,1.2));
#4597 = ADVANCED_FACE('',(#4598),#4635,.F.);
#4598 = FACE_BOUND('',#4599,.F.);
#4599 = EDGE_LOOP('',(#4600,#4601,#4602,#4609,#4616,#4623,#4630));
#4600 = ORIENTED_EDGE('',*,*,#4579,.F.);
#4601 = ORIENTED_EDGE('',*,*,#357,.T.);
#4602 = ORIENTED_EDGE('',*,*,#4603,.F.);
#4603 = EDGE_CURVE('',#4604,#351,#4606,.T.);
#4604 = VERTEX_POINT('',#4605);
#4605 = CARTESIAN_POINT('',(6.4,26.55,9.5));
#4606 = B_SPLINE_CURVE_WITH_KNOTS('',1,(#4607,#4608),.UNSPECIFIED.,.F.,
  .F.,(2,2),(0.375,8.475),.PIECEWISE_BEZIER_KNOTS.);
#4607 = CARTESIAN_POINT('',(6.4,26.55,9.5));
#4608 = CARTESIAN_POINT('',(6.4,26.55,1.4));
#4609 = ORIENTED_EDGE('',*,*,#4610,.T.);
#4610 = EDGE_CURVE('',#4604,#4611,#4613,.T.);
#4611 = VERTEX_POINT('',#4612);
#4612 = CARTESIAN_POINT('',(6.4,26.849003322259,9.8));
#4613 = B_SPLINE_CURVE_WITH_KNOTS('',1,(#4614,#4615),.UNSPECIFIED.,.F.,
  .F.,(2,2),(-0.106301180105,0.317258717338),.PIECEWISE_BEZIER_KNOTS.);
#4614 = CARTESIAN_POINT('',(6.4,26.55,9.5));
#4615 = CARTESIAN_POINT('',(6.4,26.849003322259,9.8));
#4616 = ORIENTED_EDGE('',*,*,#4617,.T.);
#4617 = EDGE_CURVE('',#4611,#4618,#4620,.T.);
#4618 = VERTEX_POINT('',#4619);
#4619 = CARTESIAN_POINT('',(6.4,28.15,9.8));
#4620 = B_SPLINE_CURVE_WITH_KNOTS('',1,(#4621,#4622),.UNSPECIFIED.,.F.,
  .F.,(2,2),(-0.900996677741,0.4),.PIECEWISE_BEZIER_KNOTS.);
#4621 = CARTESIAN_POINT('',(6.4,26.849003322259,9.8));
#4622 = CARTESIAN_POINT('',(6.4,28.15,9.8));
#4623 = ORIENTED_EDGE('',*,*,#4624,.T.);
#4624 = EDGE_CURVE('',#4618,#4625,#4627,.T.);
#4625 = VERTEX_POINT('',#4626);
#4626 = CARTESIAN_POINT('',(6.4,28.15,1.2));
#4627 = B_SPLINE_CURVE_WITH_KNOTS('',1,(#4628,#4629),.UNSPECIFIED.,.F.,
  .F.,(2,2),(5.E-02,8.65),.PIECEWISE_BEZIER_KNOTS.);
#4628 = CARTESIAN_POINT('',(6.4,28.15,9.8));
#4629 = CARTESIAN_POINT('',(6.4,28.15,1.2));
#4630 = ORIENTED_EDGE('',*,*,#4631,.F.);
#4631 = EDGE_CURVE('',#4580,#4625,#4632,.T.);
#4632 = B_SPLINE_CURVE_WITH_KNOTS('',1,(#4633,#4634),.UNSPECIFIED.,.F.,
  .F.,(2,2),(0.,1.65),.PIECEWISE_BEZIER_KNOTS.);
#4633 = CARTESIAN_POINT('',(6.4,26.5,1.2));
#4634 = CARTESIAN_POINT('',(6.4,28.15,1.2));
#4635 = B_SPLINE_SURFACE_WITH_KNOTS('',1,1,(
    (#4636,#4637)
    ,(#4638,#4639
  )),.UNSPECIFIED.,.F.,.F.,.F.,(2,2),(2,2),(5.E-02,8.65),(-1.65,0.),
  .PIECEWISE_BEZIER_KNOTS.);
#4636 = CARTESIAN_POINT('',(6.4,28.15,9.8));
#4637 = CARTESIAN_POINT('',(6.4,26.5,9.8));
#4638 = CARTESIAN_POINT('',(6.4,28.15,1.2));
#4639 = CARTESIAN_POINT('',(6.4,26.5,1.2));
#4640 = ADVANCED_FACE('',(#4641,#4651),#4789,.T.);
#4641 = FACE_BOUND('',#4642,.T.);
#4642 = EDGE_LOOP('',(#4643,#4644,#4649,#4650));
#4643 = ORIENTED_EDGE('',*,*,#4603,.F.);
#4644 = ORIENTED_EDGE('',*,*,#4645,.F.);
#4645 = EDGE_CURVE('',#902,#4604,#4646,.T.);
#4646 = B_SPLINE_CURVE_WITH_KNOTS('',1,(#4647,#4648),.UNSPECIFIED.,.F.,
  .F.,(2,2),(20.15,32.95),.PIECEWISE_BEZIER_KNOTS.);
#4647 = CARTESIAN_POINT('',(-6.4,26.55,9.5));
#4648 = CARTESIAN_POINT('',(6.4,26.55,9.5));
#4649 = ORIENTED_EDGE('',*,*,#901,.T.);
#4650 = ORIENTED_EDGE('',*,*,#350,.T.);
#4651 = FACE_BOUND('',#4652,.T.);
#4652 = EDGE_LOOP('',(#4653,#4686,#4693,#4724,#4731,#4754,#4761,#4784));
#4653 = ORIENTED_EDGE('',*,*,#4654,.F.);
#4654 = EDGE_CURVE('',#4655,#4657,#4659,.T.);
#4655 = VERTEX_POINT('',#4656);
#4656 = CARTESIAN_POINT('',(-1.463414634148E-02,26.55,7.6));
#4657 = VERTEX_POINT('',#4658);
#4658 = CARTESIAN_POINT('',(-0.428571428571,26.55,7.3));
#4659 = B_SPLINE_CURVE_WITH_KNOTS('',7,(#4660,#4661,#4662,#4663,#4664,
    #4665,#4666,#4667,#4668,#4669,#4670,#4671,#4672,#4673,#4674,#4675,
    #4676,#4677,#4678,#4679,#4680,#4681,#4682,#4683,#4684,#4685),
  .UNSPECIFIED.,.F.,.F.,(8,6,6,6,8),(0.,0.233264199251,0.431152745139,
    0.553555959979,1.),.UNSPECIFIED.);
#4660 = CARTESIAN_POINT('',(-1.46341463415E-02,26.55,7.6));
#4661 = CARTESIAN_POINT('',(-4.050641414471E-02,26.55,7.594508676493));
#4662 = CARTESIAN_POINT('',(-6.582970060446E-02,26.55,7.588567444282));
#4663 = CARTESIAN_POINT('',(-9.047581528536E-02,26.55,7.582142167328));
#4664 = CARTESIAN_POINT('',(-0.114301829732,26.55,7.575203358597));
#4665 = CARTESIAN_POINT('',(-0.137165789504,26.55,7.567735301671));
#4666 = CARTESIAN_POINT('',(-0.158942426212,26.55,7.559745172351));
#4667 = CARTESIAN_POINT('',(-0.197011761818,26.55,7.544084121775));
#4668 = CARTESIAN_POINT('',(-0.213641602619,26.55,7.53654599841));
#4669 = CARTESIAN_POINT('',(-0.229370789537,26.55,7.528680516788));
#4670 = CARTESIAN_POINT('',(-0.244180974938,26.55,7.520517722692));
#4671 = CARTESIAN_POINT('',(-0.258083745765,26.55,7.512092154146));
#4672 = CARTESIAN_POINT('',(-0.271111303334,26.55,7.50344001451));
#4673 = CARTESIAN_POINT('',(-0.290850833905,26.55,7.489126127435));
#4674 = CARTESIAN_POINT('',(-0.298077384716,26.55,7.483581822558));
#4675 = CARTESIAN_POINT('',(-0.304998126949,26.55,7.477970884208));
#4676 = CARTESIAN_POINT('',(-0.311625932514,26.55,7.472300292839));
#4677 = CARTESIAN_POINT('',(-0.317974621064,26.55,7.466576433819));
#4678 = CARTESIAN_POINT('',(-0.324058367206,26.55,7.46080497518));
#4679 = CARTESIAN_POINT('',(-0.351164995385,26.55,7.433784372175));
#4680 = CARTESIAN_POINT('',(-0.369074924795,26.55,7.41203389255));
#4681 = CARTESIAN_POINT('',(-0.384361589633,26.55,7.389931754814));
#4682 = CARTESIAN_POINT('',(-0.397595970015,26.55,7.367616725493));
#4683 = CARTESIAN_POINT('',(-0.409179322572,26.55,7.34517214481));
#4684 = CARTESIAN_POINT('',(-0.419424777389,26.55,7.322635651916));
#4685 = CARTESIAN_POINT('',(-0.428571428571,26.55,7.3));
#4686 = ORIENTED_EDGE('',*,*,#4687,.F.);
#4687 = EDGE_CURVE('',#4688,#4655,#4690,.T.);
#4688 = VERTEX_POINT('',#4689);
#4689 = CARTESIAN_POINT('',(1.463414634148E-02,26.55,7.6));
#4690 = B_SPLINE_CURVE_WITH_KNOTS('',1,(#4691,#4692),.UNSPECIFIED.,.F.,
  .F.,(2,2),(-12.98963414634,-12.96036585365),.PIECEWISE_BEZIER_KNOTS.);
#4691 = CARTESIAN_POINT('',(1.463414634148E-02,26.55,7.6));
#4692 = CARTESIAN_POINT('',(-1.463414634148E-02,26.55,7.6));
#4693 = ORIENTED_EDGE('',*,*,#4694,.T.);
#4694 = EDGE_CURVE('',#4688,#4695,#4697,.T.);
#4695 = VERTEX_POINT('',#4696);
#4696 = CARTESIAN_POINT('',(0.428571428571,26.55,7.3));
#4697 = B_SPLINE_CURVE_WITH_KNOTS('',7,(#4698,#4699,#4700,#4701,#4702,
    #4703,#4704,#4705,#4706,#4707,#4708,#4709,#4710,#4711,#4712,#4713,
    #4714,#4715,#4716,#4717,#4718,#4719,#4720,#4721,#4722,#4723),
  .UNSPECIFIED.,.F.,.F.,(8,6,6,6,8),(0.,0.233264199251,0.431152745139,
    0.553555959979,1.),.UNSPECIFIED.);
#4698 = CARTESIAN_POINT('',(1.463414634151E-02,26.55,7.6));
#4699 = CARTESIAN_POINT('',(4.050641414471E-02,26.55,7.594508676493));
#4700 = CARTESIAN_POINT('',(6.582970060445E-02,26.55,7.588567444282));
#4701 = CARTESIAN_POINT('',(9.047581528535E-02,26.55,7.582142167328));
#4702 = CARTESIAN_POINT('',(0.114301829732,26.55,7.575203358597));
#4703 = CARTESIAN_POINT('',(0.137165789504,26.55,7.567735301671));
#4704 = CARTESIAN_POINT('',(0.158942426212,26.55,7.559745172351));
#4705 = CARTESIAN_POINT('',(0.197011761818,26.55,7.544084121775));
#4706 = CARTESIAN_POINT('',(0.213641602619,26.55,7.53654599841));
#4707 = CARTESIAN_POINT('',(0.229370789537,26.55,7.528680516788));
#4708 = CARTESIAN_POINT('',(0.244180974938,26.55,7.520517722692));
#4709 = CARTESIAN_POINT('',(0.258083745765,26.55,7.512092154146));
#4710 = CARTESIAN_POINT('',(0.271111303334,26.55,7.50344001451));
#4711 = CARTESIAN_POINT('',(0.290850833905,26.55,7.489126127435));
#4712 = CARTESIAN_POINT('',(0.298077384716,26.55,7.483581822558));
#4713 = CARTESIAN_POINT('',(0.304998126949,26.55,7.477970884208));
#4714 = CARTESIAN_POINT('',(0.311625932514,26.55,7.472300292839));
#4715 = CARTESIAN_POINT('',(0.317974621064,26.55,7.466576433819));
#4716 = CARTESIAN_POINT('',(0.324058367206,26.55,7.46080497518));
#4717 = CARTESIAN_POINT('',(0.351164995385,26.55,7.433784372175));
#4718 = CARTESIAN_POINT('',(0.369074924795,26.55,7.41203389255));
#4719 = CARTESIAN_POINT('',(0.384361589633,26.55,7.389931754814));
#4720 = CARTESIAN_POINT('',(0.397595970015,26.55,7.367616725493));
#4721 = CARTESIAN_POINT('',(0.409179322572,26.55,7.34517214481));
#4722 = CARTESIAN_POINT('',(0.419424777389,26.55,7.322635651916));
#4723 = CARTESIAN_POINT('',(0.428571428571,26.55,7.3));
#4724 = ORIENTED_EDGE('',*,*,#4725,.T.);
#4725 = EDGE_CURVE('',#4695,#4726,#4728,.T.);
#4726 = VERTEX_POINT('',#4727);
#4727 = CARTESIAN_POINT('',(0.428571428571,26.55,3.1));
#4728 = B_SPLINE_CURVE_WITH_KNOTS('',1,(#4729,#4730),.UNSPECIFIED.,.F.,
  .F.,(2,2),(-0.8,3.4),.PIECEWISE_BEZIER_KNOTS.);
#4729 = CARTESIAN_POINT('',(0.428571428571,26.55,7.3));
#4730 = CARTESIAN_POINT('',(0.428571428571,26.55,3.1));
#4731 = ORIENTED_EDGE('',*,*,#4732,.T.);
#4732 = EDGE_CURVE('',#4726,#4733,#4735,.T.);
#4733 = VERTEX_POINT('',#4734);
#4734 = CARTESIAN_POINT('',(1.463414634148E-02,26.55,2.8));
#4735 = B_SPLINE_CURVE_WITH_KNOTS('',5,(#4736,#4737,#4738,#4739,#4740,
    #4741,#4742,#4743,#4744,#4745,#4746,#4747,#4748,#4749,#4750,#4751,
    #4752,#4753),.UNSPECIFIED.,.F.,.F.,(6,4,4,4,6),(0.,0.422478695324,
    0.558618913458,0.766110610513,1.),.UNSPECIFIED.);
#4736 = CARTESIAN_POINT('',(0.428571428571,26.55,3.1));
#4737 = CARTESIAN_POINT('',(0.416454416583,26.55,3.07001345518));
#4738 = CARTESIAN_POINT('',(0.40226877829,26.55,3.040204147333));
#4739 = CARTESIAN_POINT('',(0.385299684562,26.55,3.010567918214));
#4740 = CARTESIAN_POINT('',(0.364478764744,26.55,2.981327822231));
#4741 = CARTESIAN_POINT('',(0.329045573279,26.55,2.943878160675));
#4742 = CARTESIAN_POINT('',(0.319793334732,26.55,2.934850597985));
#4743 = CARTESIAN_POINT('',(0.309858233266,26.55,2.92594291623));
#4744 = CARTESIAN_POINT('',(0.299169345452,26.55,2.917184659945));
#4745 = CARTESIAN_POINT('',(0.270140947178,26.55,2.895543037647));
#4746 = CARTESIAN_POINT('',(0.250721001499,26.55,2.882898231449));
#4747 = CARTESIAN_POINT('',(0.229223765779,26.55,2.870814787168));
#4748 = CARTESIAN_POINT('',(0.205546440839,26.55,2.859446240425));
#4749 = CARTESIAN_POINT('',(0.151036075667,26.55,2.836980792044));
#4750 = CARTESIAN_POINT('',(0.11965688247,26.55,2.826094716748));
#4751 = CARTESIAN_POINT('',(8.610984223334E-02,26.55,2.816366349067));
#4752 = CARTESIAN_POINT('',(5.095134986688E-02,26.55,2.807708234738));
#4753 = CARTESIAN_POINT('',(1.46341463415E-02,26.55,2.8));
#4754 = ORIENTED_EDGE('',*,*,#4755,.T.);
#4755 = EDGE_CURVE('',#4733,#4756,#4758,.T.);
#4756 = VERTEX_POINT('',#4757);
#4757 = CARTESIAN_POINT('',(-1.463414634148E-02,26.55,2.8));
#4758 = B_SPLINE_CURVE_WITH_KNOTS('',1,(#4759,#4760),.UNSPECIFIED.,.F.,
  .F.,(2,2),(-12.98963414634,-12.96036585365),.PIECEWISE_BEZIER_KNOTS.);
#4759 = CARTESIAN_POINT('',(1.463414634148E-02,26.55,2.8));
#4760 = CARTESIAN_POINT('',(-1.463414634148E-02,26.55,2.8));
#4761 = ORIENTED_EDGE('',*,*,#4762,.F.);
#4762 = EDGE_CURVE('',#4763,#4756,#4765,.T.);
#4763 = VERTEX_POINT('',#4764);
#4764 = CARTESIAN_POINT('',(-0.428571428571,26.55,3.1));
#4765 = B_SPLINE_CURVE_WITH_KNOTS('',5,(#4766,#4767,#4768,#4769,#4770,
    #4771,#4772,#4773,#4774,#4775,#4776,#4777,#4778,#4779,#4780,#4781,
    #4782,#4783),.UNSPECIFIED.,.F.,.F.,(6,4,4,4,6),(0.,0.422478695324,
    0.558618913458,0.766110610513,1.),.UNSPECIFIED.);
#4766 = CARTESIAN_POINT('',(-0.428571428571,26.55,3.1));
#4767 = CARTESIAN_POINT('',(-0.416454416583,26.55,3.07001345518));
#4768 = CARTESIAN_POINT('',(-0.40226877829,26.55,3.040204147333));
#4769 = CARTESIAN_POINT('',(-0.385299684562,26.55,3.010567918214));
#4770 = CARTESIAN_POINT('',(-0.364478764744,26.55,2.981327822231));
#4771 = CARTESIAN_POINT('',(-0.329045573279,26.55,2.943878160675));
#4772 = CARTESIAN_POINT('',(-0.319793334732,26.55,2.934850597985));
#4773 = CARTESIAN_POINT('',(-0.309858233266,26.55,2.92594291623));
#4774 = CARTESIAN_POINT('',(-0.299169345452,26.55,2.917184659945));
#4775 = CARTESIAN_POINT('',(-0.270140947178,26.55,2.895543037647));
#4776 = CARTESIAN_POINT('',(-0.250721001499,26.55,2.882898231449));
#4777 = CARTESIAN_POINT('',(-0.229223765779,26.55,2.870814787168));
#4778 = CARTESIAN_POINT('',(-0.205546440839,26.55,2.859446240425));
#4779 = CARTESIAN_POINT('',(-0.151036075667,26.55,2.836980792044));
#4780 = CARTESIAN_POINT('',(-0.11965688247,26.55,2.826094716748));
#4781 = CARTESIAN_POINT('',(-8.610984223339E-02,26.55,2.816366349067));
#4782 = CARTESIAN_POINT('',(-5.095134986687E-02,26.55,2.807708234738));
#4783 = CARTESIAN_POINT('',(-1.463414634151E-02,26.55,2.8));
#4784 = ORIENTED_EDGE('',*,*,#4785,.T.);
#4785 = EDGE_CURVE('',#4763,#4657,#4786,.T.);
#4786 = B_SPLINE_CURVE_WITH_KNOTS('',1,(#4787,#4788),.UNSPECIFIED.,.F.,
  .F.,(2,2),(-3.4,0.8),.PIECEWISE_BEZIER_KNOTS.);
#4787 = CARTESIAN_POINT('',(-0.428571428571,26.55,3.1));
#4788 = CARTESIAN_POINT('',(-0.428571428571,26.55,7.3));
#4789 = B_SPLINE_SURFACE_WITH_KNOTS('',1,1,(
    (#4790,#4791)
    ,(#4792,#4793
    )),.UNSPECIFIED.,.F.,.F.,.F.,(2,2),(2,2),(0.4,8.5),(20.15,32.95),
  .PIECEWISE_BEZIER_KNOTS.);
#4790 = CARTESIAN_POINT('',(-6.4,26.55,9.5));
#4791 = CARTESIAN_POINT('',(6.4,26.55,9.5));
#4792 = CARTESIAN_POINT('',(-6.4,26.55,1.4));
#4793 = CARTESIAN_POINT('',(6.4,26.55,1.4));
#4794 = ADVANCED_FACE('',(#4795,#4811),#4949,.T.);
#4795 = FACE_BOUND('',#4796,.T.);
#4796 = EDGE_LOOP('',(#4797,#4798,#4805,#4810));
#4797 = ORIENTED_EDGE('',*,*,#960,.F.);
#4798 = ORIENTED_EDGE('',*,*,#4799,.F.);
#4799 = EDGE_CURVE('',#4800,#961,#4802,.T.);
#4800 = VERTEX_POINT('',#4801);
#4801 = CARTESIAN_POINT('',(-25.,26.55,9.5));
#4802 = B_SPLINE_CURVE_WITH_KNOTS('',1,(#4803,#4804),.UNSPECIFIED.,.F.,
  .F.,(2,2),(1.55,10.95),.PIECEWISE_BEZIER_KNOTS.);
#4803 = CARTESIAN_POINT('',(-25.,26.55,9.5));
#4804 = CARTESIAN_POINT('',(-15.6,26.55,9.5));
#4805 = ORIENTED_EDGE('',*,*,#4806,.T.);
#4806 = EDGE_CURVE('',#4800,#309,#4807,.T.);
#4807 = B_SPLINE_CURVE_WITH_KNOTS('',1,(#4808,#4809),.UNSPECIFIED.,.F.,
  .F.,(2,2),(0.4,8.5),.PIECEWISE_BEZIER_KNOTS.);
#4808 = CARTESIAN_POINT('',(-25.,26.55,9.5));
#4809 = CARTESIAN_POINT('',(-25.,26.55,1.4));
#4810 = ORIENTED_EDGE('',*,*,#316,.T.);
#4811 = FACE_BOUND('',#4812,.T.);
#4812 = EDGE_LOOP('',(#4813,#4846,#4853,#4884,#4891,#4914,#4921,#4944));
#4813 = ORIENTED_EDGE('',*,*,#4814,.F.);
#4814 = EDGE_CURVE('',#4815,#4817,#4819,.T.);
#4815 = VERTEX_POINT('',#4816);
#4816 = CARTESIAN_POINT('',(-20.01463414634,26.55,7.6));
#4817 = VERTEX_POINT('',#4818);
#4818 = CARTESIAN_POINT('',(-20.42857142857,26.55,7.3));
#4819 = B_SPLINE_CURVE_WITH_KNOTS('',7,(#4820,#4821,#4822,#4823,#4824,
    #4825,#4826,#4827,#4828,#4829,#4830,#4831,#4832,#4833,#4834,#4835,
    #4836,#4837,#4838,#4839,#4840,#4841,#4842,#4843,#4844,#4845),
  .UNSPECIFIED.,.F.,.F.,(8,6,6,6,8),(0.,0.233264199251,0.431152745139,
    0.553555959978,1.),.UNSPECIFIED.);
#4820 = CARTESIAN_POINT('',(-20.01463414634,26.55,7.6));
#4821 = CARTESIAN_POINT('',(-20.04050641414,26.55,7.594508676493));
#4822 = CARTESIAN_POINT('',(-20.0658297006,26.55,7.588567444282));
#4823 = CARTESIAN_POINT('',(-20.09047581528,26.55,7.582142167328));
#4824 = CARTESIAN_POINT('',(-20.11430182973,26.55,7.575203358597));
#4825 = CARTESIAN_POINT('',(-20.1371657895,26.55,7.567735301671));
#4826 = CARTESIAN_POINT('',(-20.15894242621,26.55,7.559745172351));
#4827 = CARTESIAN_POINT('',(-20.19701176181,26.55,7.544084121775));
#4828 = CARTESIAN_POINT('',(-20.21364160261,26.55,7.53654599841));
#4829 = CARTESIAN_POINT('',(-20.22937078953,26.55,7.528680516788));
#4830 = CARTESIAN_POINT('',(-20.24418097493,26.55,7.520517722692));
#4831 = CARTESIAN_POINT('',(-20.25808374576,26.55,7.512092154146));
#4832 = CARTESIAN_POINT('',(-20.27111130333,26.55,7.50344001451));
#4833 = CARTESIAN_POINT('',(-20.2908508339,26.55,7.489126127435));
#4834 = CARTESIAN_POINT('',(-20.29807738471,26.55,7.483581822558));
#4835 = CARTESIAN_POINT('',(-20.30499812694,26.55,7.477970884208));
#4836 = CARTESIAN_POINT('',(-20.31162593251,26.55,7.472300292839));
#4837 = CARTESIAN_POINT('',(-20.31797462106,26.55,7.466576433819));
#4838 = CARTESIAN_POINT('',(-20.3240583672,26.55,7.46080497518));
#4839 = CARTESIAN_POINT('',(-20.35116499538,26.55,7.433784372175));
#4840 = CARTESIAN_POINT('',(-20.36907492479,26.55,7.41203389255));
#4841 = CARTESIAN_POINT('',(-20.38436158963,26.55,7.389931754814));
#4842 = CARTESIAN_POINT('',(-20.39759597001,26.55,7.367616725493));
#4843 = CARTESIAN_POINT('',(-20.40917932257,26.55,7.34517214481));
#4844 = CARTESIAN_POINT('',(-20.41942477738,26.55,7.322635651916));
#4845 = CARTESIAN_POINT('',(-20.42857142857,26.55,7.3));
#4846 = ORIENTED_EDGE('',*,*,#4847,.F.);
#4847 = EDGE_CURVE('',#4848,#4815,#4850,.T.);
#4848 = VERTEX_POINT('',#4849);
#4849 = CARTESIAN_POINT('',(-19.98536585365,26.55,7.6));
#4850 = B_SPLINE_CURVE_WITH_KNOTS('',1,(#4851,#4852),.UNSPECIFIED.,.F.,
  .F.,(2,2),(-2.989634146342,-2.960365853658),.PIECEWISE_BEZIER_KNOTS.);
#4851 = CARTESIAN_POINT('',(-19.98536585365,26.55,7.6));
#4852 = CARTESIAN_POINT('',(-20.01463414634,26.55,7.6));
#4853 = ORIENTED_EDGE('',*,*,#4854,.T.);
#4854 = EDGE_CURVE('',#4848,#4855,#4857,.T.);
#4855 = VERTEX_POINT('',#4856);
#4856 = CARTESIAN_POINT('',(-19.57142857142,26.55,7.3));
#4857 = B_SPLINE_CURVE_WITH_KNOTS('',7,(#4858,#4859,#4860,#4861,#4862,
    #4863,#4864,#4865,#4866,#4867,#4868,#4869,#4870,#4871,#4872,#4873,
    #4874,#4875,#4876,#4877,#4878,#4879,#4880,#4881,#4882,#4883),
  .UNSPECIFIED.,.F.,.F.,(8,6,6,6,8),(0.,0.233264199251,0.431152745139,
    0.553555959979,1.),.UNSPECIFIED.);
#4858 = CARTESIAN_POINT('',(-19.98536585365,26.55,7.6));
#4859 = CARTESIAN_POINT('',(-19.95949358585,26.55,7.594508676493));
#4860 = CARTESIAN_POINT('',(-19.93417029939,26.55,7.588567444282));
#4861 = CARTESIAN_POINT('',(-19.90952418471,26.55,7.582142167328));
#4862 = CARTESIAN_POINT('',(-19.88569817026,26.55,7.575203358597));
#4863 = CARTESIAN_POINT('',(-19.86283421049,26.55,7.567735301671));
#4864 = CARTESIAN_POINT('',(-19.84105757378,26.55,7.559745172351));
#4865 = CARTESIAN_POINT('',(-19.80298823818,26.55,7.544084121775));
#4866 = CARTESIAN_POINT('',(-19.78635839738,26.55,7.53654599841));
#4867 = CARTESIAN_POINT('',(-19.77062921046,26.55,7.528680516788));
#4868 = CARTESIAN_POINT('',(-19.75581902506,26.55,7.520517722692));
#4869 = CARTESIAN_POINT('',(-19.74191625423,26.55,7.512092154146));
#4870 = CARTESIAN_POINT('',(-19.72888869666,26.55,7.50344001451));
#4871 = CARTESIAN_POINT('',(-19.70914916609,26.55,7.489126127435));
#4872 = CARTESIAN_POINT('',(-19.70192261528,26.55,7.483581822558));
#4873 = CARTESIAN_POINT('',(-19.69500187305,26.55,7.477970884208));
#4874 = CARTESIAN_POINT('',(-19.68837406748,26.55,7.472300292839));
#4875 = CARTESIAN_POINT('',(-19.68202537893,26.55,7.466576433819));
#4876 = CARTESIAN_POINT('',(-19.67594163279,26.55,7.46080497518));
#4877 = CARTESIAN_POINT('',(-19.64883500461,26.55,7.433784372175));
#4878 = CARTESIAN_POINT('',(-19.6309250752,26.55,7.41203389255));
#4879 = CARTESIAN_POINT('',(-19.61563841036,26.55,7.389931754814));
#4880 = CARTESIAN_POINT('',(-19.60240402998,26.55,7.367616725493));
#4881 = CARTESIAN_POINT('',(-19.59082067742,26.55,7.34517214481));
#4882 = CARTESIAN_POINT('',(-19.58057522261,26.55,7.322635651916));
#4883 = CARTESIAN_POINT('',(-19.57142857142,26.55,7.3));
#4884 = ORIENTED_EDGE('',*,*,#4885,.T.);
#4885 = EDGE_CURVE('',#4855,#4886,#4888,.T.);
#4886 = VERTEX_POINT('',#4887);
#4887 = CARTESIAN_POINT('',(-19.57142857142,26.55,3.1));
#4888 = B_SPLINE_CURVE_WITH_KNOTS('',1,(#4889,#4890),.UNSPECIFIED.,.F.,
  .F.,(2,2),(-0.8,3.4),.PIECEWISE_BEZIER_KNOTS.);
#4889 = CARTESIAN_POINT('',(-19.57142857142,26.55,7.3));
#4890 = CARTESIAN_POINT('',(-19.57142857142,26.55,3.1));
#4891 = ORIENTED_EDGE('',*,*,#4892,.T.);
#4892 = EDGE_CURVE('',#4886,#4893,#4895,.T.);
#4893 = VERTEX_POINT('',#4894);
#4894 = CARTESIAN_POINT('',(-19.98536585365,26.55,2.8));
#4895 = B_SPLINE_CURVE_WITH_KNOTS('',5,(#4896,#4897,#4898,#4899,#4900,
    #4901,#4902,#4903,#4904,#4905,#4906,#4907,#4908,#4909,#4910,#4911,
    #4912,#4913),.UNSPECIFIED.,.F.,.F.,(6,4,4,4,6),(0.,0.422478695324,
    0.558618913458,0.766110610513,1.),.UNSPECIFIED.);
#4896 = CARTESIAN_POINT('',(-19.57142857142,26.55,3.1));
#4897 = CARTESIAN_POINT('',(-19.58354558341,26.55,3.07001345518));
#4898 = CARTESIAN_POINT('',(-19.5977312217,26.55,3.040204147333));
#4899 = CARTESIAN_POINT('',(-19.61470031543,26.55,3.010567918214));
#4900 = CARTESIAN_POINT('',(-19.63552123525,26.55,2.981327822231));
#4901 = CARTESIAN_POINT('',(-19.67095442672,26.55,2.943878160675));
#4902 = CARTESIAN_POINT('',(-19.68020666526,26.55,2.934850597985));
#4903 = CARTESIAN_POINT('',(-19.69014176673,26.55,2.92594291623));
#4904 = CARTESIAN_POINT('',(-19.70083065454,26.55,2.917184659945));
#4905 = CARTESIAN_POINT('',(-19.72985905282,26.55,2.895543037647));
#4906 = CARTESIAN_POINT('',(-19.7492789985,26.55,2.882898231449));
#4907 = CARTESIAN_POINT('',(-19.77077623422,26.55,2.870814787168));
#4908 = CARTESIAN_POINT('',(-19.79445355916,26.55,2.859446240425));
#4909 = CARTESIAN_POINT('',(-19.84896392433,26.55,2.836980792044));
#4910 = CARTESIAN_POINT('',(-19.88034311753,26.55,2.826094716748));
#4911 = CARTESIAN_POINT('',(-19.91389015776,26.55,2.816366349067));
#4912 = CARTESIAN_POINT('',(-19.94904865013,26.55,2.807708234738));
#4913 = CARTESIAN_POINT('',(-19.98536585365,26.55,2.8));
#4914 = ORIENTED_EDGE('',*,*,#4915,.T.);
#4915 = EDGE_CURVE('',#4893,#4916,#4918,.T.);
#4916 = VERTEX_POINT('',#4917);
#4917 = CARTESIAN_POINT('',(-20.01463414634,26.55,2.8));
#4918 = B_SPLINE_CURVE_WITH_KNOTS('',1,(#4919,#4920),.UNSPECIFIED.,.F.,
  .F.,(2,2),(-2.989634146342,-2.960365853658),.PIECEWISE_BEZIER_KNOTS.);
#4919 = CARTESIAN_POINT('',(-19.98536585365,26.55,2.8));
#4920 = CARTESIAN_POINT('',(-20.01463414634,26.55,2.8));
#4921 = ORIENTED_EDGE('',*,*,#4922,.F.);
#4922 = EDGE_CURVE('',#4923,#4916,#4925,.T.);
#4923 = VERTEX_POINT('',#4924);
#4924 = CARTESIAN_POINT('',(-20.42857142857,26.55,3.1));
#4925 = B_SPLINE_CURVE_WITH_KNOTS('',5,(#4926,#4927,#4928,#4929,#4930,
    #4931,#4932,#4933,#4934,#4935,#4936,#4937,#4938,#4939,#4940,#4941,
    #4942,#4943),.UNSPECIFIED.,.F.,.F.,(6,4,4,4,6),(0.,0.422478695324,
    0.558618913458,0.766110610513,1.),.UNSPECIFIED.);
#4926 = CARTESIAN_POINT('',(-20.42857142857,26.55,3.1));
#4927 = CARTESIAN_POINT('',(-20.41645441658,26.55,3.07001345518));
#4928 = CARTESIAN_POINT('',(-20.40226877829,26.55,3.040204147333));
#4929 = CARTESIAN_POINT('',(-20.38529968456,26.55,3.010567918214));
#4930 = CARTESIAN_POINT('',(-20.36447876474,26.55,2.981327822231));
#4931 = CARTESIAN_POINT('',(-20.32904557327,26.55,2.943878160675));
#4932 = CARTESIAN_POINT('',(-20.31979333473,26.55,2.934850597985));
#4933 = CARTESIAN_POINT('',(-20.30985823326,26.55,2.92594291623));
#4934 = CARTESIAN_POINT('',(-20.29916934545,26.55,2.917184659945));
#4935 = CARTESIAN_POINT('',(-20.27014094717,26.55,2.895543037647));
#4936 = CARTESIAN_POINT('',(-20.25072100149,26.55,2.882898231449));
#4937 = CARTESIAN_POINT('',(-20.22922376577,26.55,2.870814787168));
#4938 = CARTESIAN_POINT('',(-20.20554644083,26.55,2.859446240425));
#4939 = CARTESIAN_POINT('',(-20.15103607566,26.55,2.836980792044));
#4940 = CARTESIAN_POINT('',(-20.11965688247,26.55,2.826094716748));
#4941 = CARTESIAN_POINT('',(-20.08610984223,26.55,2.816366349067));
#4942 = CARTESIAN_POINT('',(-20.05095134986,26.55,2.807708234738));
#4943 = CARTESIAN_POINT('',(-20.01463414634,26.55,2.8));
#4944 = ORIENTED_EDGE('',*,*,#4945,.T.);
#4945 = EDGE_CURVE('',#4923,#4817,#4946,.T.);
#4946 = B_SPLINE_CURVE_WITH_KNOTS('',1,(#4947,#4948),.UNSPECIFIED.,.F.,
  .F.,(2,2),(-3.4,0.8),.PIECEWISE_BEZIER_KNOTS.);
#4947 = CARTESIAN_POINT('',(-20.42857142857,26.55,3.1));
#4948 = CARTESIAN_POINT('',(-20.42857142857,26.55,7.3));
#4949 = B_SPLINE_SURFACE_WITH_KNOTS('',1,1,(
    (#4950,#4951)
    ,(#4952,#4953
    )),.UNSPECIFIED.,.F.,.F.,.F.,(2,2),(2,2),(0.4,8.5),(1.55,10.95),
  .PIECEWISE_BEZIER_KNOTS.);
#4950 = CARTESIAN_POINT('',(-25.,26.55,9.5));
#4951 = CARTESIAN_POINT('',(-15.6,26.55,9.5));
#4952 = CARTESIAN_POINT('',(-25.,26.55,1.4));
#4953 = CARTESIAN_POINT('',(-15.6,26.55,1.4));
#4954 = ADVANCED_FACE('',(#4955),#4966,.F.);
#4955 = FACE_BOUND('',#4956,.F.);
#4956 = EDGE_LOOP('',(#4957,#4958,#4964,#4965));
#4957 = ORIENTED_EDGE('',*,*,#990,.F.);
#4958 = ORIENTED_EDGE('',*,*,#4959,.T.);
#4959 = EDGE_CURVE('',#991,#4800,#4960,.T.);
#4960 = ( BOUNDED_CURVE() B_SPLINE_CURVE(2,(#4961,#4962,#4963),
.UNSPECIFIED.,.F.,.F.) B_SPLINE_CURVE_WITH_KNOTS((3,3),(4.712388980385,
6.28318530718),.PIECEWISE_BEZIER_KNOTS.) CURVE() 
GEOMETRIC_REPRESENTATION_ITEM() RATIONAL_B_SPLINE_CURVE((1.,
0.707106781187,1.)) REPRESENTATION_ITEM('') );
#4961 = CARTESIAN_POINT('',(-26.55,25.,9.5));
#4962 = CARTESIAN_POINT('',(-26.55,26.55,9.5));
#4963 = CARTESIAN_POINT('',(-25.,26.55,9.5));
#4964 = ORIENTED_EDGE('',*,*,#4806,.T.);
#4965 = ORIENTED_EDGE('',*,*,#308,.F.);
#4966 = ( BOUNDED_SURFACE() B_SPLINE_SURFACE(2,1,(
    (#4967,#4968)
    ,(#4969,#4970)
    ,(#4971,#4972
)),.UNSPECIFIED.,.F.,.F.,.F.) B_SPLINE_SURFACE_WITH_KNOTS((3,3),(2,2),(
    0.,1.570796326795),(0.4,8.5),.PIECEWISE_BEZIER_KNOTS.) 
GEOMETRIC_REPRESENTATION_ITEM() RATIONAL_B_SPLINE_SURFACE((
    (1.,1.)
    ,(0.707106781187,0.707106781187)
,(1.,1.))) REPRESENTATION_ITEM('') SURFACE() );
#4967 = CARTESIAN_POINT('',(-26.55,25.,9.5));
#4968 = CARTESIAN_POINT('',(-26.55,25.,1.4));
#4969 = CARTESIAN_POINT('',(-26.55,26.55,9.5));
#4970 = CARTESIAN_POINT('',(-26.55,26.55,1.4));
#4971 = CARTESIAN_POINT('',(-25.,26.55,9.5));
#4972 = CARTESIAN_POINT('',(-25.,26.55,1.4));
#4973 = ADVANCED_FACE('',(#4974),#4996,.T.);
#4974 = FACE_BOUND('',#4975,.T.);
#4975 = EDGE_LOOP('',(#4976,#4983,#4984,#4991));
#4976 = ORIENTED_EDGE('',*,*,#4977,.F.);
#4977 = EDGE_CURVE('',#788,#4978,#4980,.T.);
#4978 = VERTEX_POINT('',#4979);
#4979 = CARTESIAN_POINT('',(22.,22.,-1.7763568394E-15));
#4980 = B_SPLINE_CURVE_WITH_KNOTS('',1,(#4981,#4982),.UNSPECIFIED.,.F.,
  .F.,(2,2),(9.999999999994E-04,1.401),.PIECEWISE_BEZIER_KNOTS.);
#4981 = CARTESIAN_POINT('',(22.,22.,1.4));
#4982 = CARTESIAN_POINT('',(22.,22.,-1.7763568394E-15));
#4983 = ORIENTED_EDGE('',*,*,#787,.T.);
#4984 = ORIENTED_EDGE('',*,*,#4985,.T.);
#4985 = EDGE_CURVE('',#790,#4986,#4988,.T.);
#4986 = VERTEX_POINT('',#4987);
#4987 = CARTESIAN_POINT('',(-22.,22.,-1.7763568394E-15));
#4988 = B_SPLINE_CURVE_WITH_KNOTS('',1,(#4989,#4990),.UNSPECIFIED.,.F.,
  .F.,(2,2),(9.999999999994E-04,1.401),.PIECEWISE_BEZIER_KNOTS.);
#4989 = CARTESIAN_POINT('',(-22.,22.,1.4));
#4990 = CARTESIAN_POINT('',(-22.,22.,-1.7763568394E-15));
#4991 = ORIENTED_EDGE('',*,*,#4992,.F.);
#4992 = EDGE_CURVE('',#4978,#4986,#4993,.T.);
#4993 = B_SPLINE_CURVE_WITH_KNOTS('',1,(#4994,#4995),.UNSPECIFIED.,.F.,
  .F.,(2,2),(-47.5,-3.5),.PIECEWISE_BEZIER_KNOTS.);
#4994 = CARTESIAN_POINT('',(22.,22.,-1.7763568394E-15));
#4995 = CARTESIAN_POINT('',(-22.,22.,-1.7763568394E-15));
#4996 = B_SPLINE_SURFACE_WITH_KNOTS('',1,1,(
    (#4997,#4998)
    ,(#4999,#5000
    )),.UNSPECIFIED.,.F.,.F.,.F.,(2,2),(2,2),(9.999999999994E-04,1.401),
  (0.,44.),.PIECEWISE_BEZIER_KNOTS.);
#4997 = CARTESIAN_POINT('',(-22.,22.,1.4));
#4998 = CARTESIAN_POINT('',(22.,22.,1.4));
#4999 = CARTESIAN_POINT('',(-22.,22.,-1.7763568394E-15));
#5000 = CARTESIAN_POINT('',(22.,22.,-1.7763568394E-15));
#5001 = ADVANCED_FACE('',(#5002),#5018,.F.);
#5002 = FACE_BOUND('',#5003,.F.);
#5003 = EDGE_LOOP('',(#5004,#5005,#5006,#5013));
#5004 = ORIENTED_EDGE('',*,*,#4977,.F.);
#5005 = ORIENTED_EDGE('',*,*,#810,.T.);
#5006 = ORIENTED_EDGE('',*,*,#5007,.T.);
#5007 = EDGE_CURVE('',#804,#5008,#5010,.T.);
#5008 = VERTEX_POINT('',#5009);
#5009 = CARTESIAN_POINT('',(22.,-22.,-1.7763568394E-15));
#5010 = B_SPLINE_CURVE_WITH_KNOTS('',1,(#5011,#5012),.UNSPECIFIED.,.F.,
  .F.,(2,2),(9.999999999994E-04,1.401),.PIECEWISE_BEZIER_KNOTS.);
#5011 = CARTESIAN_POINT('',(22.,-22.,1.4));
#5012 = CARTESIAN_POINT('',(22.,-22.,-1.7763568394E-15));
#5013 = ORIENTED_EDGE('',*,*,#5014,.F.);
#5014 = EDGE_CURVE('',#4978,#5008,#5015,.T.);
#5015 = B_SPLINE_CURVE_WITH_KNOTS('',1,(#5016,#5017),.UNSPECIFIED.,.F.,
  .F.,(2,2),(3.5,47.5),.PIECEWISE_BEZIER_KNOTS.);
#5016 = CARTESIAN_POINT('',(22.,22.,-1.7763568394E-15));
#5017 = CARTESIAN_POINT('',(22.,-22.,-1.7763568394E-15));
#5018 = B_SPLINE_SURFACE_WITH_KNOTS('',1,1,(
    (#5019,#5020)
    ,(#5021,#5022
    )),.UNSPECIFIED.,.F.,.F.,.F.,(2,2),(2,2),(9.999999999994E-04,1.401),
  (-44.,0.),.PIECEWISE_BEZIER_KNOTS.);
#5019 = CARTESIAN_POINT('',(22.,-22.,1.4));
#5020 = CARTESIAN_POINT('',(22.,22.,1.4));
#5021 = CARTESIAN_POINT('',(22.,-22.,-1.7763568394E-15));
#5022 = CARTESIAN_POINT('',(22.,22.,-1.7763568394E-15));
#5023 = ADVANCED_FACE('',(#5024),#5040,.T.);
#5024 = FACE_BOUND('',#5025,.T.);
#5025 = EDGE_LOOP('',(#5026,#5027,#5028,#5035));
#5026 = ORIENTED_EDGE('',*,*,#4985,.F.);
#5027 = ORIENTED_EDGE('',*,*,#796,.T.);
#5028 = ORIENTED_EDGE('',*,*,#5029,.T.);
#5029 = EDGE_CURVE('',#797,#5030,#5032,.T.);
#5030 = VERTEX_POINT('',#5031);
#5031 = CARTESIAN_POINT('',(-22.,-22.,-1.7763568394E-15));
#5032 = B_SPLINE_CURVE_WITH_KNOTS('',1,(#5033,#5034),.UNSPECIFIED.,.F.,
  .F.,(2,2),(9.999999999994E-04,1.401),.PIECEWISE_BEZIER_KNOTS.);
#5033 = CARTESIAN_POINT('',(-22.,-22.,1.4));
#5034 = CARTESIAN_POINT('',(-22.,-22.,-1.7763568394E-15));
#5035 = ORIENTED_EDGE('',*,*,#5036,.F.);
#5036 = EDGE_CURVE('',#4986,#5030,#5037,.T.);
#5037 = B_SPLINE_CURVE_WITH_KNOTS('',1,(#5038,#5039),.UNSPECIFIED.,.F.,
  .F.,(2,2),(3.5,47.5),.PIECEWISE_BEZIER_KNOTS.);
#5038 = CARTESIAN_POINT('',(-22.,22.,-1.7763568394E-15));
#5039 = CARTESIAN_POINT('',(-22.,-22.,-1.7763568394E-15));
#5040 = B_SPLINE_SURFACE_WITH_KNOTS('',1,1,(
    (#5041,#5042)
    ,(#5043,#5044
    )),.UNSPECIFIED.,.F.,.F.,.F.,(2,2),(2,2),(9.999999999994E-04,1.401),
  (-44.,0.),.PIECEWISE_BEZIER_KNOTS.);
#5041 = CARTESIAN_POINT('',(-22.,-22.,1.4));
#5042 = CARTESIAN_POINT('',(-22.,22.,1.4));
#5043 = CARTESIAN_POINT('',(-22.,-22.,-1.7763568394E-15));
#5044 = CARTESIAN_POINT('',(-22.,22.,-1.7763568394E-15));
#5045 = ADVANCED_FACE('',(#5046),#5056,.F.);
#5046 = FACE_BOUND('',#5047,.F.);
#5047 = EDGE_LOOP('',(#5048,#5049,#5050,#5051));
#5048 = ORIENTED_EDGE('',*,*,#5007,.F.);
#5049 = ORIENTED_EDGE('',*,*,#803,.T.);
#5050 = ORIENTED_EDGE('',*,*,#5029,.T.);
#5051 = ORIENTED_EDGE('',*,*,#5052,.F.);
#5052 = EDGE_CURVE('',#5008,#5030,#5053,.T.);
#5053 = B_SPLINE_CURVE_WITH_KNOTS('',1,(#5054,#5055),.UNSPECIFIED.,.F.,
  .F.,(2,2),(-47.5,-3.5),.PIECEWISE_BEZIER_KNOTS.);
#5054 = CARTESIAN_POINT('',(22.,-22.,-1.7763568394E-15));
#5055 = CARTESIAN_POINT('',(-22.,-22.,-1.7763568394E-15));
#5056 = B_SPLINE_SURFACE_WITH_KNOTS('',1,1,(
    (#5057,#5058)
    ,(#5059,#5060
    )),.UNSPECIFIED.,.F.,.F.,.F.,(2,2),(2,2),(9.999999999994E-04,1.401),
  (0.,44.),.PIECEWISE_BEZIER_KNOTS.);
#5057 = CARTESIAN_POINT('',(-22.,-22.,1.4));
#5058 = CARTESIAN_POINT('',(22.,-22.,1.4));
#5059 = CARTESIAN_POINT('',(-22.,-22.,-1.7763568394E-15));
#5060 = CARTESIAN_POINT('',(22.,-22.,-1.7763568394E-15));
#5061 = ADVANCED_FACE('',(#5062,#5124),#5278,.F.);
#5062 = FACE_BOUND('',#5063,.F.);
#5063 = EDGE_LOOP('',(#5064,#5073,#5081,#5088,#5096,#5103,#5111,#5118));
#5064 = ORIENTED_EDGE('',*,*,#5065,.F.);
#5065 = EDGE_CURVE('',#5066,#5068,#5070,.T.);
#5066 = VERTEX_POINT('',#5067);
#5067 = CARTESIAN_POINT('',(-29.,25.,9.8));
#5068 = VERTEX_POINT('',#5069);
#5069 = CARTESIAN_POINT('',(-29.,-25.,9.8));
#5070 = B_SPLINE_CURVE_WITH_KNOTS('',1,(#5071,#5072),.UNSPECIFIED.,.F.,
  .F.,(2,2),(4.,54.),.PIECEWISE_BEZIER_KNOTS.);
#5071 = CARTESIAN_POINT('',(-29.,25.,9.8));
#5072 = CARTESIAN_POINT('',(-29.,-25.,9.8));
#5073 = ORIENTED_EDGE('',*,*,#5074,.T.);
#5074 = EDGE_CURVE('',#5066,#5075,#5077,.T.);
#5075 = VERTEX_POINT('',#5076);
#5076 = CARTESIAN_POINT('',(-25.,29.,9.8));
#5077 = ( BOUNDED_CURVE() B_SPLINE_CURVE(2,(#5078,#5079,#5080),
.UNSPECIFIED.,.F.,.F.) B_SPLINE_CURVE_WITH_KNOTS((3,3),(4.712388980385,
6.28318530718),.PIECEWISE_BEZIER_KNOTS.) CURVE() 
GEOMETRIC_REPRESENTATION_ITEM() RATIONAL_B_SPLINE_CURVE((1.,
0.707106781187,1.)) REPRESENTATION_ITEM('') );
#5078 = CARTESIAN_POINT('',(-29.,25.,9.8));
#5079 = CARTESIAN_POINT('',(-29.,29.,9.8));
#5080 = CARTESIAN_POINT('',(-25.,29.,9.8));
#5081 = ORIENTED_EDGE('',*,*,#5082,.T.);
#5082 = EDGE_CURVE('',#5075,#5083,#5085,.T.);
#5083 = VERTEX_POINT('',#5084);
#5084 = CARTESIAN_POINT('',(25.,29.,9.8));
#5085 = B_SPLINE_CURVE_WITH_KNOTS('',1,(#5086,#5087),.UNSPECIFIED.,.F.,
  .F.,(2,2),(4.,54.),.PIECEWISE_BEZIER_KNOTS.);
#5086 = CARTESIAN_POINT('',(-25.,29.,9.8));
#5087 = CARTESIAN_POINT('',(25.,29.,9.8));
#5088 = ORIENTED_EDGE('',*,*,#5089,.F.);
#5089 = EDGE_CURVE('',#5090,#5083,#5092,.T.);
#5090 = VERTEX_POINT('',#5091);
#5091 = CARTESIAN_POINT('',(29.,25.,9.8));
#5092 = ( BOUNDED_CURVE() B_SPLINE_CURVE(2,(#5093,#5094,#5095),
.UNSPECIFIED.,.F.,.F.) B_SPLINE_CURVE_WITH_KNOTS((3,3),(4.712388980385,
6.28318530718),.PIECEWISE_BEZIER_KNOTS.) CURVE() 
GEOMETRIC_REPRESENTATION_ITEM() RATIONAL_B_SPLINE_CURVE((1.,
0.707106781187,1.)) REPRESENTATION_ITEM('') );
#5093 = CARTESIAN_POINT('',(29.,25.,9.8));
#5094 = CARTESIAN_POINT('',(29.,29.,9.8));
#5095 = CARTESIAN_POINT('',(25.,29.,9.8));
#5096 = ORIENTED_EDGE('',*,*,#5097,.T.);
#5097 = EDGE_CURVE('',#5090,#5098,#5100,.T.);
#5098 = VERTEX_POINT('',#5099);
#5099 = CARTESIAN_POINT('',(29.,-25.,9.8));
#5100 = B_SPLINE_CURVE_WITH_KNOTS('',1,(#5101,#5102),.UNSPECIFIED.,.F.,
  .F.,(2,2),(4.,54.),.PIECEWISE_BEZIER_KNOTS.);
#5101 = CARTESIAN_POINT('',(29.,25.,9.8));
#5102 = CARTESIAN_POINT('',(29.,-25.,9.8));
#5103 = ORIENTED_EDGE('',*,*,#5104,.T.);
#5104 = EDGE_CURVE('',#5098,#5105,#5107,.T.);
#5105 = VERTEX_POINT('',#5106);
#5106 = CARTESIAN_POINT('',(25.,-29.,9.8));
#5107 = ( BOUNDED_CURVE() B_SPLINE_CURVE(2,(#5108,#5109,#5110),
.UNSPECIFIED.,.F.,.F.) B_SPLINE_CURVE_WITH_KNOTS((3,3),(1.570796326795,
3.14159265359),.PIECEWISE_BEZIER_KNOTS.) CURVE() 
GEOMETRIC_REPRESENTATION_ITEM() RATIONAL_B_SPLINE_CURVE((1.,
0.707106781187,1.)) REPRESENTATION_ITEM('') );
#5108 = CARTESIAN_POINT('',(29.,-25.,9.8));
#5109 = CARTESIAN_POINT('',(29.,-29.,9.8));
#5110 = CARTESIAN_POINT('',(25.,-29.,9.8));
#5111 = ORIENTED_EDGE('',*,*,#5112,.F.);
#5112 = EDGE_CURVE('',#5113,#5105,#5115,.T.);
#5113 = VERTEX_POINT('',#5114);
#5114 = CARTESIAN_POINT('',(-25.,-29.,9.8));
#5115 = B_SPLINE_CURVE_WITH_KNOTS('',1,(#5116,#5117),.UNSPECIFIED.,.F.,
  .F.,(2,2),(4.,54.),.PIECEWISE_BEZIER_KNOTS.);
#5116 = CARTESIAN_POINT('',(-25.,-29.,9.8));
#5117 = CARTESIAN_POINT('',(25.,-29.,9.8));
#5118 = ORIENTED_EDGE('',*,*,#5119,.F.);
#5119 = EDGE_CURVE('',#5068,#5113,#5120,.T.);
#5120 = ( BOUNDED_CURVE() B_SPLINE_CURVE(2,(#5121,#5122,#5123),
.UNSPECIFIED.,.F.,.F.) B_SPLINE_CURVE_WITH_KNOTS((3,3),(1.570796326795,
3.14159265359),.PIECEWISE_BEZIER_KNOTS.) CURVE() 
GEOMETRIC_REPRESENTATION_ITEM() RATIONAL_B_SPLINE_CURVE((1.,
0.707106781187,1.)) REPRESENTATION_ITEM('') );
#5121 = CARTESIAN_POINT('',(-29.,-25.,9.8));
#5122 = CARTESIAN_POINT('',(-29.,-29.,9.8));
#5123 = CARTESIAN_POINT('',(-25.,-29.,9.8));
#5124 = FACE_BOUND('',#5125,.F.);
#5125 = EDGE_LOOP('',(#5126,#5133,#5141,#5146,#5147,#5152,#5153,#5158,
    #5159,#5164,#5165,#5172,#5180,#5185,#5186,#5191,#5192,#5197,#5198,
    #5203,#5204,#5211,#5219,#5224,#5225,#5230,#5231,#5236,#5237,#5238,
    #5239,#5246,#5254,#5259,#5260,#5265,#5266,#5271,#5272,#5277));
#5126 = ORIENTED_EDGE('',*,*,#5127,.F.);
#5127 = EDGE_CURVE('',#5128,#1846,#5130,.T.);
#5128 = VERTEX_POINT('',#5129);
#5129 = CARTESIAN_POINT('',(-26.84900332225,-25.,9.8));
#5130 = B_SPLINE_CURVE_WITH_KNOTS('',1,(#5131,#5132),.UNSPECIFIED.,.F.,
  .F.,(2,2),(-52.775,-43.375),.PIECEWISE_BEZIER_KNOTS.);
#5131 = CARTESIAN_POINT('',(-26.84900332225,-25.,9.8));
#5132 = CARTESIAN_POINT('',(-26.84900332225,-15.6,9.8));
#5133 = ORIENTED_EDGE('',*,*,#5134,.F.);
#5134 = EDGE_CURVE('',#5135,#5128,#5137,.T.);
#5135 = VERTEX_POINT('',#5136);
#5136 = CARTESIAN_POINT('',(-25.,-26.84900332225,9.8));
#5137 = ( BOUNDED_CURVE() B_SPLINE_CURVE(2,(#5138,#5139,#5140),
.UNSPECIFIED.,.F.,.F.) B_SPLINE_CURVE_WITH_KNOTS((3,3),(3.14159265359,
4.712388980385),.PIECEWISE_BEZIER_KNOTS.) CURVE() 
GEOMETRIC_REPRESENTATION_ITEM() RATIONAL_B_SPLINE_CURVE((1.,
0.707106781187,1.)) REPRESENTATION_ITEM('') );
#5138 = CARTESIAN_POINT('',(-25.,-26.84900332225,9.8));
#5139 = CARTESIAN_POINT('',(-26.84900332225,-26.84900332225,9.8));
#5140 = CARTESIAN_POINT('',(-26.84900332225,-25.,9.8));
#5141 = ORIENTED_EDGE('',*,*,#5142,.F.);
#5142 = EDGE_CURVE('',#2234,#5135,#5143,.T.);
#5143 = B_SPLINE_CURVE_WITH_KNOTS('',1,(#5144,#5145),.UNSPECIFIED.,.F.,
  .F.,(2,2),(-12.175,-2.775),.PIECEWISE_BEZIER_KNOTS.);
#5144 = CARTESIAN_POINT('',(-15.6,-26.84900332225,9.8));
#5145 = CARTESIAN_POINT('',(-25.,-26.84900332225,9.8));
#5146 = ORIENTED_EDGE('',*,*,#2240,.T.);
#5147 = ORIENTED_EDGE('',*,*,#5148,.F.);
#5148 = EDGE_CURVE('',#2480,#2241,#5149,.T.);
#5149 = B_SPLINE_CURVE_WITH_KNOTS('',1,(#5150,#5151),.UNSPECIFIED.,.F.,
  .F.,(2,2),(-11.6,-2.4),.PIECEWISE_BEZIER_KNOTS.);
#5150 = CARTESIAN_POINT('',(-6.4,-28.15,9.8));
#5151 = CARTESIAN_POINT('',(-15.6,-28.15,9.8));
#5152 = ORIENTED_EDGE('',*,*,#2479,.F.);
#5153 = ORIENTED_EDGE('',*,*,#5154,.F.);
#5154 = EDGE_CURVE('',#2676,#2473,#5155,.T.);
#5155 = B_SPLINE_CURVE_WITH_KNOTS('',1,(#5156,#5157),.UNSPECIFIED.,.F.,
  .F.,(2,2),(-34.175,-21.375),.PIECEWISE_BEZIER_KNOTS.);
#5156 = CARTESIAN_POINT('',(6.4,-26.84900332225,9.8));
#5157 = CARTESIAN_POINT('',(-6.4,-26.84900332225,9.8));
#5158 = ORIENTED_EDGE('',*,*,#2682,.T.);
#5159 = ORIENTED_EDGE('',*,*,#5160,.F.);
#5160 = EDGE_CURVE('',#2922,#2683,#5161,.T.);
#5161 = B_SPLINE_CURVE_WITH_KNOTS('',1,(#5162,#5163),.UNSPECIFIED.,.F.,
  .F.,(2,2),(-22.6,-13.4),.PIECEWISE_BEZIER_KNOTS.);
#5162 = CARTESIAN_POINT('',(15.6,-28.15,9.8));
#5163 = CARTESIAN_POINT('',(6.4,-28.15,9.8));
#5164 = ORIENTED_EDGE('',*,*,#2921,.F.);
#5165 = ORIENTED_EDGE('',*,*,#5166,.F.);
#5166 = EDGE_CURVE('',#5167,#2915,#5169,.T.);
#5167 = VERTEX_POINT('',#5168);
#5168 = CARTESIAN_POINT('',(25.,-26.84900332225,9.8));
#5169 = B_SPLINE_CURVE_WITH_KNOTS('',1,(#5170,#5171),.UNSPECIFIED.,.F.,
  .F.,(2,2),(-52.775,-43.375),.PIECEWISE_BEZIER_KNOTS.);
#5170 = CARTESIAN_POINT('',(25.,-26.84900332225,9.8));
#5171 = CARTESIAN_POINT('',(15.6,-26.84900332225,9.8));
#5172 = ORIENTED_EDGE('',*,*,#5173,.F.);
#5173 = EDGE_CURVE('',#5174,#5167,#5176,.T.);
#5174 = VERTEX_POINT('',#5175);
#5175 = CARTESIAN_POINT('',(26.849003322259,-25.,9.8));
#5176 = ( BOUNDED_CURVE() B_SPLINE_CURVE(2,(#5177,#5178,#5179),
.UNSPECIFIED.,.F.,.F.) B_SPLINE_CURVE_WITH_KNOTS((3,3),(1.570796326795,
3.14159265359),.PIECEWISE_BEZIER_KNOTS.) CURVE() 
GEOMETRIC_REPRESENTATION_ITEM() RATIONAL_B_SPLINE_CURVE((1.,
0.707106781187,1.)) REPRESENTATION_ITEM('') );
#5177 = CARTESIAN_POINT('',(26.849003322259,-25.,9.8));
#5178 = CARTESIAN_POINT('',(26.849003322259,-26.84900332225,9.8));
#5179 = CARTESIAN_POINT('',(25.,-26.84900332225,9.8));
#5180 = ORIENTED_EDGE('',*,*,#5181,.F.);
#5181 = EDGE_CURVE('',#3303,#5174,#5182,.T.);
#5182 = B_SPLINE_CURVE_WITH_KNOTS('',1,(#5183,#5184),.UNSPECIFIED.,.F.,
  .F.,(2,2),(43.375,52.775),.PIECEWISE_BEZIER_KNOTS.);
#5183 = CARTESIAN_POINT('',(26.849003322259,-15.6,9.8));
#5184 = CARTESIAN_POINT('',(26.849003322259,-25.,9.8));
#5185 = ORIENTED_EDGE('',*,*,#3309,.T.);
#5186 = ORIENTED_EDGE('',*,*,#5187,.F.);
#5187 = EDGE_CURVE('',#3549,#3310,#5188,.T.);
#5188 = B_SPLINE_CURVE_WITH_KNOTS('',1,(#5189,#5190),.UNSPECIFIED.,.F.,
  .F.,(2,2),(17.4,26.6),.PIECEWISE_BEZIER_KNOTS.);
#5189 = CARTESIAN_POINT('',(28.15,-6.4,9.8));
#5190 = CARTESIAN_POINT('',(28.15,-15.6,9.8));
#5191 = ORIENTED_EDGE('',*,*,#3548,.F.);
#5192 = ORIENTED_EDGE('',*,*,#5193,.F.);
#5193 = EDGE_CURVE('',#3745,#3542,#5194,.T.);
#5194 = B_SPLINE_CURVE_WITH_KNOTS('',1,(#5195,#5196),.UNSPECIFIED.,.F.,
  .F.,(2,2),(21.375,34.175),.PIECEWISE_BEZIER_KNOTS.);
#5195 = CARTESIAN_POINT('',(26.849003322259,6.4,9.8));
#5196 = CARTESIAN_POINT('',(26.849003322259,-6.4,9.8));
#5197 = ORIENTED_EDGE('',*,*,#3751,.T.);
#5198 = ORIENTED_EDGE('',*,*,#5199,.F.);
#5199 = EDGE_CURVE('',#3991,#3752,#5200,.T.);
#5200 = B_SPLINE_CURVE_WITH_KNOTS('',1,(#5201,#5202),.UNSPECIFIED.,.F.,
  .F.,(2,2),(6.4,15.6),.PIECEWISE_BEZIER_KNOTS.);
#5201 = CARTESIAN_POINT('',(28.15,15.6,9.8));
#5202 = CARTESIAN_POINT('',(28.15,6.4,9.8));
#5203 = ORIENTED_EDGE('',*,*,#3990,.F.);
#5204 = ORIENTED_EDGE('',*,*,#5205,.F.);
#5205 = EDGE_CURVE('',#5206,#3984,#5208,.T.);
#5206 = VERTEX_POINT('',#5207);
#5207 = CARTESIAN_POINT('',(26.849003322259,25.,9.8));
#5208 = B_SPLINE_CURVE_WITH_KNOTS('',1,(#5209,#5210),.UNSPECIFIED.,.F.,
  .F.,(2,2),(2.775,12.175),.PIECEWISE_BEZIER_KNOTS.);
#5209 = CARTESIAN_POINT('',(26.849003322259,25.,9.8));
#5210 = CARTESIAN_POINT('',(26.849003322259,15.6,9.8));
#5211 = ORIENTED_EDGE('',*,*,#5212,.F.);
#5212 = EDGE_CURVE('',#5213,#5206,#5215,.T.);
#5213 = VERTEX_POINT('',#5214);
#5214 = CARTESIAN_POINT('',(25.,26.849003322259,9.8));
#5215 = ( BOUNDED_CURVE() B_SPLINE_CURVE(2,(#5216,#5217,#5218),
.UNSPECIFIED.,.F.,.F.) B_SPLINE_CURVE_WITH_KNOTS((3,3),(0.,
1.570796326795),.PIECEWISE_BEZIER_KNOTS.) CURVE() 
GEOMETRIC_REPRESENTATION_ITEM() RATIONAL_B_SPLINE_CURVE((1.,
0.707106781187,1.)) REPRESENTATION_ITEM('') );
#5216 = CARTESIAN_POINT('',(25.,26.849003322259,9.8));
#5217 = CARTESIAN_POINT('',(26.849003322259,26.849003322259,9.8));
#5218 = CARTESIAN_POINT('',(26.849003322259,25.,9.8));
#5219 = ORIENTED_EDGE('',*,*,#5220,.F.);
#5220 = EDGE_CURVE('',#4372,#5213,#5221,.T.);
#5221 = B_SPLINE_CURVE_WITH_KNOTS('',1,(#5222,#5223),.UNSPECIFIED.,.F.,
  .F.,(2,2),(43.375,52.775),.PIECEWISE_BEZIER_KNOTS.);
#5222 = CARTESIAN_POINT('',(15.6,26.849003322259,9.8));
#5223 = CARTESIAN_POINT('',(25.,26.849003322259,9.8));
#5224 = ORIENTED_EDGE('',*,*,#4378,.T.);
#5225 = ORIENTED_EDGE('',*,*,#5226,.F.);
#5226 = EDGE_CURVE('',#4618,#4379,#5227,.T.);
#5227 = B_SPLINE_CURVE_WITH_KNOTS('',1,(#5228,#5229),.UNSPECIFIED.,.F.,
  .F.,(2,2),(17.4,26.6),.PIECEWISE_BEZIER_KNOTS.);
#5228 = CARTESIAN_POINT('',(6.4,28.15,9.8));
#5229 = CARTESIAN_POINT('',(15.6,28.15,9.8));
#5230 = ORIENTED_EDGE('',*,*,#4617,.F.);
#5231 = ORIENTED_EDGE('',*,*,#5232,.F.);
#5232 = EDGE_CURVE('',#909,#4611,#5233,.T.);
#5233 = B_SPLINE_CURVE_WITH_KNOTS('',1,(#5234,#5235),.UNSPECIFIED.,.F.,
  .F.,(2,2),(21.375,34.175),.PIECEWISE_BEZIER_KNOTS.);
#5234 = CARTESIAN_POINT('',(-6.4,26.849003322259,9.8));
#5235 = CARTESIAN_POINT('',(6.4,26.849003322259,9.8));
#5236 = ORIENTED_EDGE('',*,*,#915,.T.);
#5237 = ORIENTED_EDGE('',*,*,#936,.F.);
#5238 = ORIENTED_EDGE('',*,*,#974,.F.);
#5239 = ORIENTED_EDGE('',*,*,#5240,.F.);
#5240 = EDGE_CURVE('',#5241,#968,#5243,.T.);
#5241 = VERTEX_POINT('',#5242);
#5242 = CARTESIAN_POINT('',(-25.,26.849003322259,9.8));
#5243 = B_SPLINE_CURVE_WITH_KNOTS('',1,(#5244,#5245),.UNSPECIFIED.,.F.,
  .F.,(2,2),(2.775,12.175),.PIECEWISE_BEZIER_KNOTS.);
#5244 = CARTESIAN_POINT('',(-25.,26.849003322259,9.8));
#5245 = CARTESIAN_POINT('',(-15.6,26.849003322259,9.8));
#5246 = ORIENTED_EDGE('',*,*,#5247,.F.);
#5247 = EDGE_CURVE('',#5248,#5241,#5250,.T.);
#5248 = VERTEX_POINT('',#5249);
#5249 = CARTESIAN_POINT('',(-26.84900332225,25.,9.8));
#5250 = ( BOUNDED_CURVE() B_SPLINE_CURVE(2,(#5251,#5252,#5253),
.UNSPECIFIED.,.F.,.F.) B_SPLINE_CURVE_WITH_KNOTS((3,3),(4.712388980385,
6.28318530718),.PIECEWISE_BEZIER_KNOTS.) CURVE() 
GEOMETRIC_REPRESENTATION_ITEM() RATIONAL_B_SPLINE_CURVE((1.,
0.707106781187,1.)) REPRESENTATION_ITEM('') );
#5251 = CARTESIAN_POINT('',(-26.84900332225,25.,9.8));
#5252 = CARTESIAN_POINT('',(-26.84900332225,26.849003322259,9.8));
#5253 = CARTESIAN_POINT('',(-25.,26.849003322259,9.8));
#5254 = ORIENTED_EDGE('',*,*,#5255,.F.);
#5255 = EDGE_CURVE('',#1165,#5248,#5256,.T.);
#5256 = B_SPLINE_CURVE_WITH_KNOTS('',1,(#5257,#5258),.UNSPECIFIED.,.F.,
  .F.,(2,2),(-12.175,-2.775),.PIECEWISE_BEZIER_KNOTS.);
#5257 = CARTESIAN_POINT('',(-26.84900332225,15.6,9.8));
#5258 = CARTESIAN_POINT('',(-26.84900332225,25.,9.8));
#5259 = ORIENTED_EDGE('',*,*,#1171,.T.);
#5260 = ORIENTED_EDGE('',*,*,#5261,.F.);
#5261 = EDGE_CURVE('',#1411,#1172,#5262,.T.);
#5262 = B_SPLINE_CURVE_WITH_KNOTS('',1,(#5263,#5264),.UNSPECIFIED.,.F.,
  .F.,(2,2),(-11.6,-2.4),.PIECEWISE_BEZIER_KNOTS.);
#5263 = CARTESIAN_POINT('',(-28.15,6.4,9.8));
#5264 = CARTESIAN_POINT('',(-28.15,15.6,9.8));
#5265 = ORIENTED_EDGE('',*,*,#1410,.F.);
#5266 = ORIENTED_EDGE('',*,*,#5267,.F.);
#5267 = EDGE_CURVE('',#1607,#1404,#5268,.T.);
#5268 = B_SPLINE_CURVE_WITH_KNOTS('',1,(#5269,#5270),.UNSPECIFIED.,.F.,
  .F.,(2,2),(-34.175,-21.375),.PIECEWISE_BEZIER_KNOTS.);
#5269 = CARTESIAN_POINT('',(-26.84900332225,-6.4,9.8));
#5270 = CARTESIAN_POINT('',(-26.84900332225,6.4,9.8));
#5271 = ORIENTED_EDGE('',*,*,#1613,.T.);
#5272 = ORIENTED_EDGE('',*,*,#5273,.F.);
#5273 = EDGE_CURVE('',#1853,#1614,#5274,.T.);
#5274 = B_SPLINE_CURVE_WITH_KNOTS('',1,(#5275,#5276),.UNSPECIFIED.,.F.,
  .F.,(2,2),(-22.6,-13.4),.PIECEWISE_BEZIER_KNOTS.);
#5275 = CARTESIAN_POINT('',(-28.15,-15.6,9.8));
#5276 = CARTESIAN_POINT('',(-28.15,-6.4,9.8));
#5277 = ORIENTED_EDGE('',*,*,#1852,.F.);
#5278 = B_SPLINE_SURFACE_WITH_KNOTS('',1,1,(
    (#5279,#5280)
    ,(#5281,#5282
    )),.UNSPECIFIED.,.F.,.F.,.F.,(2,2),(2,2),(0.,58.),(0.,58.),
  .PIECEWISE_BEZIER_KNOTS.);
#5279 = CARTESIAN_POINT('',(-29.,29.,9.8));
#5280 = CARTESIAN_POINT('',(-29.,-29.,9.8));
#5281 = CARTESIAN_POINT('',(29.,29.,9.8));
#5282 = CARTESIAN_POINT('',(29.,-29.,9.8));
#5283 = ADVANCED_FACE('',(#5284),#5290,.F.);
#5284 = FACE_BOUND('',#5285,.F.);
#5285 = EDGE_LOOP('',(#5286,#5287,#5288,#5289));
#5286 = ORIENTED_EDGE('',*,*,#908,.T.);
#5287 = ORIENTED_EDGE('',*,*,#5232,.T.);
#5288 = ORIENTED_EDGE('',*,*,#4610,.F.);
#5289 = ORIENTED_EDGE('',*,*,#4645,.F.);
#5290 = B_SPLINE_SURFACE_WITH_KNOTS('',1,1,(
    (#5291,#5292)
    ,(#5293,#5294
  )),.UNSPECIFIED.,.F.,.F.,.F.,(2,2),(2,2),(20.15,32.95),(
    -0.423559897443,0.),.PIECEWISE_BEZIER_KNOTS.);
#5291 = CARTESIAN_POINT('',(-6.4,26.849003322259,9.8));
#5292 = CARTESIAN_POINT('',(-6.4,26.55,9.5));
#5293 = CARTESIAN_POINT('',(6.4,26.849003322259,9.8));
#5294 = CARTESIAN_POINT('',(6.4,26.55,9.5));
#5295 = ADVANCED_FACE('',(#5296),#5306,.F.);
#5296 = FACE_BOUND('',#5297,.F.);
#5297 = EDGE_LOOP('',(#5298,#5303,#5304,#5305));
#5298 = ORIENTED_EDGE('',*,*,#5299,.F.);
#5299 = EDGE_CURVE('',#5241,#4800,#5300,.T.);
#5300 = B_SPLINE_CURVE_WITH_KNOTS('',1,(#5301,#5302),.UNSPECIFIED.,.F.,
  .F.,(2,2),(0.,1.),.PIECEWISE_BEZIER_KNOTS.);
#5301 = CARTESIAN_POINT('',(-25.,26.85,9.801));
#5302 = CARTESIAN_POINT('',(-25.,26.55,9.5));
#5303 = ORIENTED_EDGE('',*,*,#5240,.T.);
#5304 = ORIENTED_EDGE('',*,*,#967,.F.);
#5305 = ORIENTED_EDGE('',*,*,#4799,.F.);
#5306 = B_SPLINE_SURFACE_WITH_KNOTS('',1,1,(
    (#5307,#5308)
    ,(#5309,#5310
    )),.UNSPECIFIED.,.F.,.F.,.F.,(2,2),(2,2),(1.55,10.95),(
    -0.423559897443,0.),.PIECEWISE_BEZIER_KNOTS.);
#5307 = CARTESIAN_POINT('',(-25.,26.849003322259,9.8));
#5308 = CARTESIAN_POINT('',(-25.,26.55,9.5));
#5309 = CARTESIAN_POINT('',(-15.6,26.849003322259,9.8));
#5310 = CARTESIAN_POINT('',(-15.6,26.55,9.5));
#5311 = ADVANCED_FACE('',(#5312),#5322,.F.);
#5312 = FACE_BOUND('',#5313,.F.);
#5313 = EDGE_LOOP('',(#5314,#5315,#5316,#5321));
#5314 = ORIENTED_EDGE('',*,*,#1164,.T.);
#5315 = ORIENTED_EDGE('',*,*,#5255,.T.);
#5316 = ORIENTED_EDGE('',*,*,#5317,.T.);
#5317 = EDGE_CURVE('',#5248,#991,#5318,.T.);
#5318 = B_SPLINE_CURVE_WITH_KNOTS('',1,(#5319,#5320),.UNSPECIFIED.,.F.,
  .F.,(2,2),(0.,1.),.PIECEWISE_BEZIER_KNOTS.);
#5319 = CARTESIAN_POINT('',(-26.85,25.,9.801));
#5320 = CARTESIAN_POINT('',(-26.55,25.,9.5));
#5321 = ORIENTED_EDGE('',*,*,#997,.T.);
#5322 = B_SPLINE_SURFACE_WITH_KNOTS('',1,1,(
    (#5323,#5324)
    ,(#5325,#5326
  )),.UNSPECIFIED.,.F.,.F.,.F.,(2,2),(2,2),(-10.95,-1.55),(
    -0.423559897443,0.),.PIECEWISE_BEZIER_KNOTS.);
#5323 = CARTESIAN_POINT('',(-26.84900332225,15.6,9.8));
#5324 = CARTESIAN_POINT('',(-26.55,15.6,9.5));
#5325 = CARTESIAN_POINT('',(-26.84900332225,25.,9.8));
#5326 = CARTESIAN_POINT('',(-26.55,25.,9.5));
#5327 = ADVANCED_FACE('',(#5328),#5350,.F.);
#5328 = FACE_BOUND('',#5329,.F.);
#5329 = EDGE_LOOP('',(#5330,#5331,#5338,#5345));
#5330 = ORIENTED_EDGE('',*,*,#1011,.F.);
#5331 = ORIENTED_EDGE('',*,*,#5332,.T.);
#5332 = EDGE_CURVE('',#1012,#5333,#5335,.T.);
#5333 = VERTEX_POINT('',#5334);
#5334 = CARTESIAN_POINT('',(-26.549,20.,7.6));
#5335 = B_SPLINE_CURVE_WITH_KNOTS('',1,(#5336,#5337),.UNSPECIFIED.,.F.,
  .F.,(2,2),(0.586730928646,0.601399201862),.PIECEWISE_BEZIER_KNOTS.);
#5336 = CARTESIAN_POINT('',(-26.55,19.985365853659,7.6));
#5337 = CARTESIAN_POINT('',(-26.549,20.,7.6));
#5338 = ORIENTED_EDGE('',*,*,#5339,.T.);
#5339 = EDGE_CURVE('',#5333,#5340,#5342,.T.);
#5340 = VERTEX_POINT('',#5341);
#5341 = CARTESIAN_POINT('',(-26.45,20.,7.3));
#5342 = B_SPLINE_CURVE_WITH_KNOTS('',1,(#5343,#5344),.UNSPECIFIED.,.F.,
  .F.,(2,2),(0.,1.),.PIECEWISE_BEZIER_KNOTS.);
#5343 = CARTESIAN_POINT('',(-26.549,20.,7.6));
#5344 = CARTESIAN_POINT('',(-26.45,20.,7.3));
#5345 = ORIENTED_EDGE('',*,*,#5346,.F.);
#5346 = EDGE_CURVE('',#1014,#5340,#5347,.T.);
#5347 = B_SPLINE_CURVE_WITH_KNOTS('',1,(#5348,#5349),.UNSPECIFIED.,.F.,
  .F.,(2,2),(0.176033392009,0.61611687203),.PIECEWISE_BEZIER_KNOTS.);
#5348 = CARTESIAN_POINT('',(-26.55,19.571428571429,7.3));
#5349 = CARTESIAN_POINT('',(-26.45,20.,7.3));
#5350 = B_SPLINE_SURFACE_WITH_KNOTS('',1,1,(
    (#5351,#5352)
    ,(#5353,#5354
    )),.UNSPECIFIED.,.F.,.F.,.F.,(2,2),(2,2),(0.,0.61611687203),(0.,1.),
  .PIECEWISE_BEZIER_KNOTS.);
#5351 = CARTESIAN_POINT('',(-26.59,19.4,7.6));
#5352 = CARTESIAN_POINT('',(-26.59,19.4,7.3));
#5353 = CARTESIAN_POINT('',(-26.549,20.,7.6));
#5354 = CARTESIAN_POINT('',(-26.45,20.,7.3));
#5355 = ADVANCED_FACE('',(#5356),#5372,.F.);
#5356 = FACE_BOUND('',#5357,.F.);
#5357 = EDGE_LOOP('',(#5358,#5359,#5360,#5367));
#5358 = ORIENTED_EDGE('',*,*,#1142,.T.);
#5359 = ORIENTED_EDGE('',*,*,#5346,.T.);
#5360 = ORIENTED_EDGE('',*,*,#5361,.T.);
#5361 = EDGE_CURVE('',#5340,#5362,#5364,.T.);
#5362 = VERTEX_POINT('',#5363);
#5363 = CARTESIAN_POINT('',(-26.45,20.,3.1));
#5364 = B_SPLINE_CURVE_WITH_KNOTS('',1,(#5365,#5366),.UNSPECIFIED.,.F.,
  .F.,(2,2),(0.,1.),.PIECEWISE_BEZIER_KNOTS.);
#5365 = CARTESIAN_POINT('',(-26.45,20.,7.3));
#5366 = CARTESIAN_POINT('',(-26.45,20.,3.1));
#5367 = ORIENTED_EDGE('',*,*,#5368,.F.);
#5368 = EDGE_CURVE('',#1120,#5362,#5369,.T.);
#5369 = B_SPLINE_CURVE_WITH_KNOTS('',1,(#5370,#5371),.UNSPECIFIED.,.F.,
  .F.,(2,2),(0.176033392009,0.61611687203),.PIECEWISE_BEZIER_KNOTS.);
#5370 = CARTESIAN_POINT('',(-26.55,19.571428571429,3.1));
#5371 = CARTESIAN_POINT('',(-26.45,20.,3.1));
#5372 = B_SPLINE_SURFACE_WITH_KNOTS('',1,1,(
    (#5373,#5374)
    ,(#5375,#5376
    )),.UNSPECIFIED.,.F.,.F.,.F.,(2,2),(2,2),(0.176033392009,
    0.61611687203),(-4.2,0.),.PIECEWISE_BEZIER_KNOTS.);
#5373 = CARTESIAN_POINT('',(-26.55,19.571428571429,7.3));
#5374 = CARTESIAN_POINT('',(-26.55,19.571428571429,3.1));
#5375 = CARTESIAN_POINT('',(-26.45,20.,7.3));
#5376 = CARTESIAN_POINT('',(-26.45,20.,3.1));
#5377 = ADVANCED_FACE('',(#5378),#5394,.F.);
#5378 = FACE_BOUND('',#5379,.F.);
#5379 = EDGE_LOOP('',(#5380,#5381,#5382,#5389));
#5380 = ORIENTED_EDGE('',*,*,#1119,.F.);
#5381 = ORIENTED_EDGE('',*,*,#5368,.T.);
#5382 = ORIENTED_EDGE('',*,*,#5383,.T.);
#5383 = EDGE_CURVE('',#5362,#5384,#5386,.T.);
#5384 = VERTEX_POINT('',#5385);
#5385 = CARTESIAN_POINT('',(-26.549,20.,2.8));
#5386 = B_SPLINE_CURVE_WITH_KNOTS('',1,(#5387,#5388),.UNSPECIFIED.,.F.,
  .F.,(2,2),(0.,1.),.PIECEWISE_BEZIER_KNOTS.);
#5387 = CARTESIAN_POINT('',(-26.45,20.,3.1));
#5388 = CARTESIAN_POINT('',(-26.549,20.,2.8));
#5389 = ORIENTED_EDGE('',*,*,#5390,.F.);
#5390 = EDGE_CURVE('',#1113,#5384,#5391,.T.);
#5391 = B_SPLINE_CURVE_WITH_KNOTS('',1,(#5392,#5393),.UNSPECIFIED.,.F.,
  .F.,(2,2),(0.586730928646,0.601399201862),.PIECEWISE_BEZIER_KNOTS.);
#5392 = CARTESIAN_POINT('',(-26.55,19.985365853659,2.8));
#5393 = CARTESIAN_POINT('',(-26.549,20.,2.8));
#5394 = B_SPLINE_SURFACE_WITH_KNOTS('',1,1,(
    (#5395,#5396)
    ,(#5397,#5398
    )),.UNSPECIFIED.,.F.,.F.,.F.,(2,2),(2,2),(0.,0.61611687203),(0.,1.),
  .PIECEWISE_BEZIER_KNOTS.);
#5395 = CARTESIAN_POINT('',(-26.59,19.4,3.1));
#5396 = CARTESIAN_POINT('',(-26.59,19.4,2.8));
#5397 = CARTESIAN_POINT('',(-26.45,20.,3.1));
#5398 = CARTESIAN_POINT('',(-26.549,20.,2.8));
#5399 = ADVANCED_FACE('',(#5400),#5409,.F.);
#5400 = FACE_BOUND('',#5401,.F.);
#5401 = EDGE_LOOP('',(#5402,#5407,#5408));
#5402 = ORIENTED_EDGE('',*,*,#5403,.T.);
#5403 = EDGE_CURVE('',#5384,#1090,#5404,.T.);
#5404 = B_SPLINE_CURVE_WITH_KNOTS('',1,(#5405,#5406),.UNSPECIFIED.,.F.,
  .F.,(2,2),(0.,1.466827321612E-02),.PIECEWISE_BEZIER_KNOTS.);
#5405 = CARTESIAN_POINT('',(-26.549,20.,2.8));
#5406 = CARTESIAN_POINT('',(-26.55,20.014634146341,2.8));
#5407 = ORIENTED_EDGE('',*,*,#1112,.T.);
#5408 = ORIENTED_EDGE('',*,*,#5390,.T.);
#5409 = B_SPLINE_SURFACE_WITH_KNOTS('',1,1,(
    (#5410,#5411)
    ,(#5412,#5413
    )),.UNSPECIFIED.,.F.,.F.,.F.,(2,2),(2,2),(0.585365853659,
    0.614634146341),(4.E-02,4.1E-02),.PIECEWISE_BEZIER_KNOTS.);
#5410 = CARTESIAN_POINT('',(-26.55,20.014634146341,2.8));
#5411 = CARTESIAN_POINT('',(-26.549,20.014634146341,2.8));
#5412 = CARTESIAN_POINT('',(-26.55,19.985365853659,2.8));
#5413 = CARTESIAN_POINT('',(-26.549,19.985365853659,2.8));
#5414 = ADVANCED_FACE('',(#5415),#5425,.F.);
#5415 = FACE_BOUND('',#5416,.F.);
#5416 = EDGE_LOOP('',(#5417,#5418,#5423,#5424));
#5417 = ORIENTED_EDGE('',*,*,#5383,.F.);
#5418 = ORIENTED_EDGE('',*,*,#5419,.T.);
#5419 = EDGE_CURVE('',#5362,#1083,#5420,.T.);
#5420 = B_SPLINE_CURVE_WITH_KNOTS('',1,(#5421,#5422),.UNSPECIFIED.,.F.,
  .F.,(2,2),(0.,0.440083480021),.PIECEWISE_BEZIER_KNOTS.);
#5421 = CARTESIAN_POINT('',(-26.45,20.,3.1));
#5422 = CARTESIAN_POINT('',(-26.55,20.428571428571,3.1));
#5423 = ORIENTED_EDGE('',*,*,#1089,.T.);
#5424 = ORIENTED_EDGE('',*,*,#5403,.F.);
#5425 = B_SPLINE_SURFACE_WITH_KNOTS('',1,1,(
    (#5426,#5427)
    ,(#5428,#5429
    )),.UNSPECIFIED.,.F.,.F.,.F.,(2,2),(2,2),(0.,0.61611687203),(0.,1.),
  .PIECEWISE_BEZIER_KNOTS.);
#5426 = CARTESIAN_POINT('',(-26.45,20.,3.1));
#5427 = CARTESIAN_POINT('',(-26.549,20.,2.8));
#5428 = CARTESIAN_POINT('',(-26.59,20.6,3.1));
#5429 = CARTESIAN_POINT('',(-26.59,20.6,2.8));
#5430 = ADVANCED_FACE('',(#5431),#5441,.F.);
#5431 = FACE_BOUND('',#5432,.F.);
#5432 = EDGE_LOOP('',(#5433,#5434,#5439,#5440));
#5433 = ORIENTED_EDGE('',*,*,#5361,.F.);
#5434 = ORIENTED_EDGE('',*,*,#5435,.T.);
#5435 = EDGE_CURVE('',#5340,#1052,#5436,.T.);
#5436 = B_SPLINE_CURVE_WITH_KNOTS('',1,(#5437,#5438),.UNSPECIFIED.,.F.,
  .F.,(2,2),(0.,0.440083480021),.PIECEWISE_BEZIER_KNOTS.);
#5437 = CARTESIAN_POINT('',(-26.45,20.,7.3));
#5438 = CARTESIAN_POINT('',(-26.55,20.428571428571,7.3));
#5439 = ORIENTED_EDGE('',*,*,#1082,.T.);
#5440 = ORIENTED_EDGE('',*,*,#5419,.F.);
#5441 = B_SPLINE_SURFACE_WITH_KNOTS('',1,1,(
    (#5442,#5443)
    ,(#5444,#5445
    )),.UNSPECIFIED.,.F.,.F.,.F.,(2,2),(2,2),(0.,0.440083480021),(-4.2,
    0.),.PIECEWISE_BEZIER_KNOTS.);
#5442 = CARTESIAN_POINT('',(-26.45,20.,7.3));
#5443 = CARTESIAN_POINT('',(-26.45,20.,3.1));
#5444 = CARTESIAN_POINT('',(-26.55,20.428571428571,7.3));
#5445 = CARTESIAN_POINT('',(-26.55,20.428571428571,3.1));
#5446 = ADVANCED_FACE('',(#5447),#5457,.F.);
#5447 = FACE_BOUND('',#5448,.F.);
#5448 = EDGE_LOOP('',(#5449,#5450,#5455,#5456));
#5449 = ORIENTED_EDGE('',*,*,#5339,.F.);
#5450 = ORIENTED_EDGE('',*,*,#5451,.T.);
#5451 = EDGE_CURVE('',#5333,#1045,#5452,.T.);
#5452 = B_SPLINE_CURVE_WITH_KNOTS('',1,(#5453,#5454),.UNSPECIFIED.,.F.,
  .F.,(2,2),(0.,1.466827321612E-02),.PIECEWISE_BEZIER_KNOTS.);
#5453 = CARTESIAN_POINT('',(-26.549,20.,7.6));
#5454 = CARTESIAN_POINT('',(-26.55,20.014634146341,7.6));
#5455 = ORIENTED_EDGE('',*,*,#1051,.T.);
#5456 = ORIENTED_EDGE('',*,*,#5435,.F.);
#5457 = B_SPLINE_SURFACE_WITH_KNOTS('',1,1,(
    (#5458,#5459)
    ,(#5460,#5461
    )),.UNSPECIFIED.,.F.,.F.,.F.,(2,2),(2,2),(0.,0.61611687203),(0.,1.),
  .PIECEWISE_BEZIER_KNOTS.);
#5458 = CARTESIAN_POINT('',(-26.549,20.,7.6));
#5459 = CARTESIAN_POINT('',(-26.45,20.,7.3));
#5460 = CARTESIAN_POINT('',(-26.59,20.6,7.6));
#5461 = CARTESIAN_POINT('',(-26.59,20.6,7.3));
#5462 = ADVANCED_FACE('',(#5463),#5468,.T.);
#5463 = FACE_BOUND('',#5464,.T.);
#5464 = EDGE_LOOP('',(#5465,#5466,#5467));
#5465 = ORIENTED_EDGE('',*,*,#5451,.T.);
#5466 = ORIENTED_EDGE('',*,*,#1044,.T.);
#5467 = ORIENTED_EDGE('',*,*,#5332,.T.);
#5468 = B_SPLINE_SURFACE_WITH_KNOTS('',1,1,(
    (#5469,#5470)
    ,(#5471,#5472
    )),.UNSPECIFIED.,.F.,.F.,.F.,(2,2),(2,2),(0.585365853659,
    0.614634146341),(4.E-02,4.1E-02),.PIECEWISE_BEZIER_KNOTS.);
#5469 = CARTESIAN_POINT('',(-26.55,20.014634146341,7.6));
#5470 = CARTESIAN_POINT('',(-26.549,20.014634146341,7.6));
#5471 = CARTESIAN_POINT('',(-26.55,19.985365853659,7.6));
#5472 = CARTESIAN_POINT('',(-26.549,19.985365853659,7.6));
#5473 = ADVANCED_FACE('',(#5474),#5492,.T.);
#5474 = FACE_BOUND('',#5475,.T.);
#5475 = EDGE_LOOP('',(#5476,#5477,#5478,#5479,#5484,#5485,#5486,#5487));
#5476 = ORIENTED_EDGE('',*,*,#1264,.F.);
#5477 = ORIENTED_EDGE('',*,*,#1200,.F.);
#5478 = ORIENTED_EDGE('',*,*,#1185,.T.);
#5479 = ORIENTED_EDGE('',*,*,#5480,.T.);
#5480 = EDGE_CURVE('',#1179,#1418,#5481,.T.);
#5481 = B_SPLINE_CURVE_WITH_KNOTS('',1,(#5482,#5483),.UNSPECIFIED.,.F.,
  .F.,(2,2),(-8.6,0.6),.PIECEWISE_BEZIER_KNOTS.);
#5482 = CARTESIAN_POINT('',(-28.15,15.6,1.2));
#5483 = CARTESIAN_POINT('',(-28.15,6.4,1.2));
#5484 = ORIENTED_EDGE('',*,*,#1424,.F.);
#5485 = ORIENTED_EDGE('',*,*,#1381,.F.);
#5486 = ORIENTED_EDGE('',*,*,#1324,.T.);
#5487 = ORIENTED_EDGE('',*,*,#5488,.F.);
#5488 = EDGE_CURVE('',#1265,#1317,#5489,.T.);
#5489 = B_SPLINE_CURVE_WITH_KNOTS('',1,(#5490,#5491),.UNSPECIFIED.,.F.,
  .F.,(2,2),(-0.,8.),.PIECEWISE_BEZIER_KNOTS.);
#5490 = CARTESIAN_POINT('',(-27.85,15.,1.2));
#5491 = CARTESIAN_POINT('',(-27.85,7.,1.2));
#5492 = B_SPLINE_SURFACE_WITH_KNOTS('',1,1,(
    (#5493,#5494)
    ,(#5495,#5496
    )),.UNSPECIFIED.,.F.,.F.,.F.,(2,2),(2,2),(-1.151470588235,
    0.498529411765),(-4.6,4.6),.PIECEWISE_BEZIER_KNOTS.);
#5493 = CARTESIAN_POINT('',(-26.5,15.6,1.2));
#5494 = CARTESIAN_POINT('',(-26.5,6.4,1.2));
#5495 = CARTESIAN_POINT('',(-28.15,15.6,1.2));
#5496 = CARTESIAN_POINT('',(-28.15,6.4,1.2));
#5497 = ADVANCED_FACE('',(#5498),#5504,.T.);
#5498 = FACE_BOUND('',#5499,.T.);
#5499 = EDGE_LOOP('',(#5500,#5501,#5502,#5503));
#5500 = ORIENTED_EDGE('',*,*,#5261,.F.);
#5501 = ORIENTED_EDGE('',*,*,#1417,.T.);
#5502 = ORIENTED_EDGE('',*,*,#5480,.F.);
#5503 = ORIENTED_EDGE('',*,*,#1178,.F.);
#5504 = B_SPLINE_SURFACE_WITH_KNOTS('',1,1,(
    (#5505,#5506)
    ,(#5507,#5508
    )),.UNSPECIFIED.,.F.,.F.,.F.,(2,2),(2,2),(-4.3,4.3),(-4.6,4.6),
  .PIECEWISE_BEZIER_KNOTS.);
#5505 = CARTESIAN_POINT('',(-28.15,6.4,9.8));
#5506 = CARTESIAN_POINT('',(-28.15,15.6,9.8));
#5507 = CARTESIAN_POINT('',(-28.15,6.4,1.2));
#5508 = CARTESIAN_POINT('',(-28.15,15.6,1.2));
#5509 = ADVANCED_FACE('',(#5510),#5524,.T.);
#5510 = FACE_BOUND('',#5511,.T.);
#5511 = EDGE_LOOP('',(#5512,#5513,#5518,#5519));
#5512 = ORIENTED_EDGE('',*,*,#1307,.F.);
#5513 = ORIENTED_EDGE('',*,*,#5514,.F.);
#5514 = EDGE_CURVE('',#1221,#1308,#5515,.T.);
#5515 = B_SPLINE_CURVE_WITH_KNOTS('',1,(#5516,#5517),.UNSPECIFIED.,.F.,
  .F.,(2,2),(0.,8.),.PIECEWISE_BEZIER_KNOTS.);
#5516 = CARTESIAN_POINT('',(-27.55,15.,9.4));
#5517 = CARTESIAN_POINT('',(-27.55,7.,9.4));
#5518 = ORIENTED_EDGE('',*,*,#1220,.T.);
#5519 = ORIENTED_EDGE('',*,*,#5520,.T.);
#5520 = EDGE_CURVE('',#1223,#1310,#5521,.T.);
#5521 = B_SPLINE_CURVE_WITH_KNOTS('',1,(#5522,#5523),.UNSPECIFIED.,.F.,
  .F.,(2,2),(0.,8.),.PIECEWISE_BEZIER_KNOTS.);
#5522 = CARTESIAN_POINT('',(-27.55,15.,1.5));
#5523 = CARTESIAN_POINT('',(-27.55,7.,1.5));
#5524 = B_SPLINE_SURFACE_WITH_KNOTS('',1,1,(
    (#5525,#5526)
    ,(#5527,#5528
    )),.UNSPECIFIED.,.F.,.F.,.F.,(2,2),(2,2),(0.,7.9),(0.,8.),
  .PIECEWISE_BEZIER_KNOTS.);
#5525 = CARTESIAN_POINT('',(-27.55,15.,9.4));
#5526 = CARTESIAN_POINT('',(-27.55,7.,9.4));
#5527 = CARTESIAN_POINT('',(-27.55,15.,1.5));
#5528 = CARTESIAN_POINT('',(-27.55,7.,1.5));
#5529 = ADVANCED_FACE('',(#5530),#5540,.T.);
#5530 = FACE_BOUND('',#5531,.T.);
#5531 = EDGE_LOOP('',(#5532,#5533,#5534,#5539));
#5532 = ORIENTED_EDGE('',*,*,#5514,.T.);
#5533 = ORIENTED_EDGE('',*,*,#1359,.F.);
#5534 = ORIENTED_EDGE('',*,*,#5535,.T.);
#5535 = EDGE_CURVE('',#1353,#1230,#5536,.T.);
#5536 = B_SPLINE_CURVE_WITH_KNOTS('',1,(#5537,#5538),.UNSPECIFIED.,.F.,
  .F.,(2,2),(-13.775,-5.775),.PIECEWISE_BEZIER_KNOTS.);
#5537 = CARTESIAN_POINT('',(-26.55,7.,9.4));
#5538 = CARTESIAN_POINT('',(-26.55,15.,9.4));
#5539 = ORIENTED_EDGE('',*,*,#1229,.T.);
#5540 = B_SPLINE_SURFACE_WITH_KNOTS('',1,1,(
    (#5541,#5542)
    ,(#5543,#5544
    )),.UNSPECIFIED.,.F.,.F.,.F.,(2,2),(2,2),(-0.5,0.5),(-4.,4.),
  .PIECEWISE_BEZIER_KNOTS.);
#5541 = CARTESIAN_POINT('',(-26.55,15.,9.4));
#5542 = CARTESIAN_POINT('',(-26.55,7.,9.4));
#5543 = CARTESIAN_POINT('',(-27.55,15.,9.4));
#5544 = CARTESIAN_POINT('',(-27.55,7.,9.4));
#5545 = ADVANCED_FACE('',(#5546),#5556,.T.);
#5546 = FACE_BOUND('',#5547,.T.);
#5547 = EDGE_LOOP('',(#5548,#5549,#5550,#5555));
#5548 = ORIENTED_EDGE('',*,*,#5535,.F.);
#5549 = ORIENTED_EDGE('',*,*,#1352,.T.);
#5550 = ORIENTED_EDGE('',*,*,#5551,.F.);
#5551 = EDGE_CURVE('',#1237,#1346,#5552,.T.);
#5552 = B_SPLINE_CURVE_WITH_KNOTS('',1,(#5553,#5554),.UNSPECIFIED.,.F.,
  .F.,(2,2),(0.,8.),.PIECEWISE_BEZIER_KNOTS.);
#5553 = CARTESIAN_POINT('',(-26.,15.,8.8));
#5554 = CARTESIAN_POINT('',(-26.,7.,8.8));
#5555 = ORIENTED_EDGE('',*,*,#1236,.F.);
#5556 = B_SPLINE_SURFACE_WITH_KNOTS('',1,1,(
    (#5557,#5558)
    ,(#5559,#5560
    )),.UNSPECIFIED.,.F.,.F.,.F.,(2,2),(2,2),(0.,0.813941029805),(-8.,0.
    ),.PIECEWISE_BEZIER_KNOTS.);
#5557 = CARTESIAN_POINT('',(-26.55,7.,9.4));
#5558 = CARTESIAN_POINT('',(-26.55,15.,9.4));
#5559 = CARTESIAN_POINT('',(-26.,7.,8.8));
#5560 = CARTESIAN_POINT('',(-26.,15.,8.8));
#5561 = ADVANCED_FACE('',(#5562),#5572,.T.);
#5562 = FACE_BOUND('',#5563,.T.);
#5563 = EDGE_LOOP('',(#5564,#5565,#5566,#5571));
#5564 = ORIENTED_EDGE('',*,*,#5551,.T.);
#5565 = ORIENTED_EDGE('',*,*,#1345,.T.);
#5566 = ORIENTED_EDGE('',*,*,#5567,.F.);
#5567 = EDGE_CURVE('',#1244,#1339,#5568,.T.);
#5568 = B_SPLINE_CURVE_WITH_KNOTS('',1,(#5569,#5570),.UNSPECIFIED.,.F.,
  .F.,(2,2),(0.,8.),.PIECEWISE_BEZIER_KNOTS.);
#5569 = CARTESIAN_POINT('',(-26.,15.,8.4));
#5570 = CARTESIAN_POINT('',(-26.,7.,8.4));
#5571 = ORIENTED_EDGE('',*,*,#1243,.F.);
#5572 = B_SPLINE_SURFACE_WITH_KNOTS('',1,1,(
    (#5573,#5574)
    ,(#5575,#5576
    )),.UNSPECIFIED.,.F.,.F.,.F.,(2,2),(2,2),(0.,0.4),(-8.,0.),
  .PIECEWISE_BEZIER_KNOTS.);
#5573 = CARTESIAN_POINT('',(-26.,7.,8.8));
#5574 = CARTESIAN_POINT('',(-26.,15.,8.8));
#5575 = CARTESIAN_POINT('',(-26.,7.,8.4));
#5576 = CARTESIAN_POINT('',(-26.,15.,8.4));
#5577 = ADVANCED_FACE('',(#5578),#5584,.T.);
#5578 = FACE_BOUND('',#5579,.T.);
#5579 = EDGE_LOOP('',(#5580,#5581,#5582,#5583));
#5580 = ORIENTED_EDGE('',*,*,#5567,.T.);
#5581 = ORIENTED_EDGE('',*,*,#1338,.T.);
#5582 = ORIENTED_EDGE('',*,*,#1287,.F.);
#5583 = ORIENTED_EDGE('',*,*,#1250,.F.);
#5584 = B_SPLINE_SURFACE_WITH_KNOTS('',1,1,(
    (#5585,#5586)
    ,(#5587,#5588
    )),.UNSPECIFIED.,.F.,.F.,.F.,(2,2),(2,2),(0.,0.55),(-8.,0.),
  .PIECEWISE_BEZIER_KNOTS.);
#5585 = CARTESIAN_POINT('',(-26.,7.,8.4));
#5586 = CARTESIAN_POINT('',(-26.,15.,8.4));
#5587 = CARTESIAN_POINT('',(-26.55,7.,8.4));
#5588 = CARTESIAN_POINT('',(-26.55,15.,8.4));
#5589 = ADVANCED_FACE('',(#5590),#5596,.T.);
#5590 = FACE_BOUND('',#5591,.T.);
#5591 = EDGE_LOOP('',(#5592,#5593,#5594,#5595));
#5592 = ORIENTED_EDGE('',*,*,#1271,.T.);
#5593 = ORIENTED_EDGE('',*,*,#5488,.T.);
#5594 = ORIENTED_EDGE('',*,*,#1316,.F.);
#5595 = ORIENTED_EDGE('',*,*,#5520,.F.);
#5596 = ( BOUNDED_SURFACE() B_SPLINE_SURFACE(2,1,(
    (#5597,#5598)
    ,(#5599,#5600)
    ,(#5601,#5602
)),.UNSPECIFIED.,.F.,.F.,.F.) B_SPLINE_SURFACE_WITH_KNOTS((3,3),(2,2),(
    0.,1.570796326795),(0.,8.),.PIECEWISE_BEZIER_KNOTS.) 
GEOMETRIC_REPRESENTATION_ITEM() RATIONAL_B_SPLINE_SURFACE((
    (1.,1.)
    ,(0.707106781187,0.707106781187)
,(1.,1.))) REPRESENTATION_ITEM('') SURFACE() );
#5597 = CARTESIAN_POINT('',(-27.55,15.,1.5));
#5598 = CARTESIAN_POINT('',(-27.55,7.,1.5));
#5599 = CARTESIAN_POINT('',(-27.55,15.,1.2));
#5600 = CARTESIAN_POINT('',(-27.55,7.,1.2));
#5601 = CARTESIAN_POINT('',(-27.85,15.,1.2));
#5602 = CARTESIAN_POINT('',(-27.85,7.,1.2));
#5603 = ADVANCED_FACE('',(#5604),#5610,.F.);
#5604 = FACE_BOUND('',#5605,.F.);
#5605 = EDGE_LOOP('',(#5606,#5607,#5608,#5609));
#5606 = ORIENTED_EDGE('',*,*,#1606,.T.);
#5607 = ORIENTED_EDGE('',*,*,#5267,.T.);
#5608 = ORIENTED_EDGE('',*,*,#1403,.F.);
#5609 = ORIENTED_EDGE('',*,*,#1439,.T.);
#5610 = B_SPLINE_SURFACE_WITH_KNOTS('',1,1,(
    (#5611,#5612)
    ,(#5613,#5614
    )),.UNSPECIFIED.,.F.,.F.,.F.,(2,2),(2,2),(-32.95,-20.15),(
    -0.423559897443,0.),.PIECEWISE_BEZIER_KNOTS.);
#5611 = CARTESIAN_POINT('',(-26.84900332225,-6.4,9.8));
#5612 = CARTESIAN_POINT('',(-26.55,-6.4,9.5));
#5613 = CARTESIAN_POINT('',(-26.84900332225,6.4,9.8));
#5614 = CARTESIAN_POINT('',(-26.55,6.4,9.5));
#5615 = ADVANCED_FACE('',(#5616),#5638,.F.);
#5616 = FACE_BOUND('',#5617,.F.);
#5617 = EDGE_LOOP('',(#5618,#5619,#5626,#5633));
#5618 = ORIENTED_EDGE('',*,*,#1453,.F.);
#5619 = ORIENTED_EDGE('',*,*,#5620,.T.);
#5620 = EDGE_CURVE('',#1454,#5621,#5623,.T.);
#5621 = VERTEX_POINT('',#5622);
#5622 = CARTESIAN_POINT('',(-26.549,-2.947531108077E-15,7.6));
#5623 = B_SPLINE_CURVE_WITH_KNOTS('',1,(#5624,#5625),.UNSPECIFIED.,.F.,
  .F.,(2,2),(0.586730928646,0.601399201862),.PIECEWISE_BEZIER_KNOTS.);
#5624 = CARTESIAN_POINT('',(-26.55,-1.463414634148E-02,7.6));
#5625 = CARTESIAN_POINT('',(-26.549,-2.947531108077E-15,7.6));
#5626 = ORIENTED_EDGE('',*,*,#5627,.T.);
#5627 = EDGE_CURVE('',#5621,#5628,#5630,.T.);
#5628 = VERTEX_POINT('',#5629);
#5629 = CARTESIAN_POINT('',(-26.45,-2.936539900134E-15,7.3));
#5630 = B_SPLINE_CURVE_WITH_KNOTS('',1,(#5631,#5632),.UNSPECIFIED.,.F.,
  .F.,(2,2),(0.,1.),.PIECEWISE_BEZIER_KNOTS.);
#5631 = CARTESIAN_POINT('',(-26.549,-2.947531108077E-15,7.6));
#5632 = CARTESIAN_POINT('',(-26.45,-2.936539900134E-15,7.3));
#5633 = ORIENTED_EDGE('',*,*,#5634,.F.);
#5634 = EDGE_CURVE('',#1456,#5628,#5635,.T.);
#5635 = B_SPLINE_CURVE_WITH_KNOTS('',1,(#5636,#5637),.UNSPECIFIED.,.F.,
  .F.,(2,2),(0.176033392009,0.61611687203),.PIECEWISE_BEZIER_KNOTS.);
#5636 = CARTESIAN_POINT('',(-26.55,-0.428571428571,7.3));
#5637 = CARTESIAN_POINT('',(-26.45,-2.936539900134E-15,7.3));
#5638 = B_SPLINE_SURFACE_WITH_KNOTS('',1,1,(
    (#5639,#5640)
    ,(#5641,#5642
    )),.UNSPECIFIED.,.F.,.F.,.F.,(2,2),(2,2),(0.,0.61611687203),(0.,1.),
  .PIECEWISE_BEZIER_KNOTS.);
#5639 = CARTESIAN_POINT('',(-26.59,-0.6,7.6));
#5640 = CARTESIAN_POINT('',(-26.59,-0.6,7.3));
#5641 = CARTESIAN_POINT('',(-26.549,-2.947531108077E-15,7.6));
#5642 = CARTESIAN_POINT('',(-26.45,-2.936539900134E-15,7.3));
#5643 = ADVANCED_FACE('',(#5644),#5660,.F.);
#5644 = FACE_BOUND('',#5645,.F.);
#5645 = EDGE_LOOP('',(#5646,#5647,#5648,#5655));
#5646 = ORIENTED_EDGE('',*,*,#1584,.T.);
#5647 = ORIENTED_EDGE('',*,*,#5634,.T.);
#5648 = ORIENTED_EDGE('',*,*,#5649,.T.);
#5649 = EDGE_CURVE('',#5628,#5650,#5652,.T.);
#5650 = VERTEX_POINT('',#5651);
#5651 = CARTESIAN_POINT('',(-26.45,-2.936539900134E-15,3.1));
#5652 = B_SPLINE_CURVE_WITH_KNOTS('',1,(#5653,#5654),.UNSPECIFIED.,.F.,
  .F.,(2,2),(0.,1.),.PIECEWISE_BEZIER_KNOTS.);
#5653 = CARTESIAN_POINT('',(-26.45,-2.936539900134E-15,7.3));
#5654 = CARTESIAN_POINT('',(-26.45,-2.936539900134E-15,3.1));
#5655 = ORIENTED_EDGE('',*,*,#5656,.F.);
#5656 = EDGE_CURVE('',#1562,#5650,#5657,.T.);
#5657 = B_SPLINE_CURVE_WITH_KNOTS('',1,(#5658,#5659),.UNSPECIFIED.,.F.,
  .F.,(2,2),(0.176033392009,0.61611687203),.PIECEWISE_BEZIER_KNOTS.);
#5658 = CARTESIAN_POINT('',(-26.55,-0.428571428571,3.1));
#5659 = CARTESIAN_POINT('',(-26.45,-2.936539900134E-15,3.1));
#5660 = B_SPLINE_SURFACE_WITH_KNOTS('',1,1,(
    (#5661,#5662)
    ,(#5663,#5664
    )),.UNSPECIFIED.,.F.,.F.,.F.,(2,2),(2,2),(0.176033392009,
    0.61611687203),(-4.2,0.),.PIECEWISE_BEZIER_KNOTS.);
#5661 = CARTESIAN_POINT('',(-26.55,-0.428571428571,7.3));
#5662 = CARTESIAN_POINT('',(-26.55,-0.428571428571,3.1));
#5663 = CARTESIAN_POINT('',(-26.45,-2.825517597671E-15,7.3));
#5664 = CARTESIAN_POINT('',(-26.45,-2.825517597671E-15,3.1));
#5665 = ADVANCED_FACE('',(#5666),#5682,.F.);
#5666 = FACE_BOUND('',#5667,.F.);
#5667 = EDGE_LOOP('',(#5668,#5669,#5670,#5677));
#5668 = ORIENTED_EDGE('',*,*,#1561,.F.);
#5669 = ORIENTED_EDGE('',*,*,#5656,.T.);
#5670 = ORIENTED_EDGE('',*,*,#5671,.T.);
#5671 = EDGE_CURVE('',#5650,#5672,#5674,.T.);
#5672 = VERTEX_POINT('',#5673);
#5673 = CARTESIAN_POINT('',(-26.549,-2.947531108077E-15,2.8));
#5674 = B_SPLINE_CURVE_WITH_KNOTS('',1,(#5675,#5676),.UNSPECIFIED.,.F.,
  .F.,(2,2),(0.,1.),.PIECEWISE_BEZIER_KNOTS.);
#5675 = CARTESIAN_POINT('',(-26.45,-2.936539900134E-15,3.1));
#5676 = CARTESIAN_POINT('',(-26.549,-2.947531108077E-15,2.8));
#5677 = ORIENTED_EDGE('',*,*,#5678,.F.);
#5678 = EDGE_CURVE('',#1555,#5672,#5679,.T.);
#5679 = B_SPLINE_CURVE_WITH_KNOTS('',1,(#5680,#5681),.UNSPECIFIED.,.F.,
  .F.,(2,2),(0.586730928646,0.601399201862),.PIECEWISE_BEZIER_KNOTS.);
#5680 = CARTESIAN_POINT('',(-26.55,-1.463414634148E-02,2.8));
#5681 = CARTESIAN_POINT('',(-26.549,-2.947531108077E-15,2.8));
#5682 = B_SPLINE_SURFACE_WITH_KNOTS('',1,1,(
    (#5683,#5684)
    ,(#5685,#5686
    )),.UNSPECIFIED.,.F.,.F.,.F.,(2,2),(2,2),(0.,0.61611687203),(0.,1.),
  .PIECEWISE_BEZIER_KNOTS.);
#5683 = CARTESIAN_POINT('',(-26.59,-0.6,3.1));
#5684 = CARTESIAN_POINT('',(-26.59,-0.6,2.8));
#5685 = CARTESIAN_POINT('',(-26.45,-2.936539900134E-15,3.1));
#5686 = CARTESIAN_POINT('',(-26.549,-2.947531108077E-15,2.8));
#5687 = ADVANCED_FACE('',(#5688),#5697,.F.);
#5688 = FACE_BOUND('',#5689,.F.);
#5689 = EDGE_LOOP('',(#5690,#5695,#5696));
#5690 = ORIENTED_EDGE('',*,*,#5691,.T.);
#5691 = EDGE_CURVE('',#5672,#1532,#5692,.T.);
#5692 = B_SPLINE_CURVE_WITH_KNOTS('',1,(#5693,#5694),.UNSPECIFIED.,.F.,
  .F.,(2,2),(0.,1.466827321616E-02),.PIECEWISE_BEZIER_KNOTS.);
#5693 = CARTESIAN_POINT('',(-26.549,-2.947531108077E-15,2.8));
#5694 = CARTESIAN_POINT('',(-26.55,1.463414634148E-02,2.8));
#5695 = ORIENTED_EDGE('',*,*,#1554,.T.);
#5696 = ORIENTED_EDGE('',*,*,#5678,.T.);
#5697 = B_SPLINE_SURFACE_WITH_KNOTS('',1,1,(
    (#5698,#5699)
    ,(#5700,#5701
    )),.UNSPECIFIED.,.F.,.F.,.F.,(2,2),(2,2),(0.585365853659,
    0.614634146341),(4.E-02,4.1E-02),.PIECEWISE_BEZIER_KNOTS.);
#5698 = CARTESIAN_POINT('',(-26.55,1.463414634148E-02,2.8));
#5699 = CARTESIAN_POINT('',(-26.549,1.463414634148E-02,2.8));
#5700 = CARTESIAN_POINT('',(-26.55,-1.463414634148E-02,2.8));
#5701 = CARTESIAN_POINT('',(-26.549,-1.463414634148E-02,2.8));
#5702 = ADVANCED_FACE('',(#5703),#5713,.F.);
#5703 = FACE_BOUND('',#5704,.F.);
#5704 = EDGE_LOOP('',(#5705,#5706,#5711,#5712));
#5705 = ORIENTED_EDGE('',*,*,#5671,.F.);
#5706 = ORIENTED_EDGE('',*,*,#5707,.T.);
#5707 = EDGE_CURVE('',#5650,#1525,#5708,.T.);
#5708 = B_SPLINE_CURVE_WITH_KNOTS('',1,(#5709,#5710),.UNSPECIFIED.,.F.,
  .F.,(2,2),(0.,0.440083480021),.PIECEWISE_BEZIER_KNOTS.);
#5709 = CARTESIAN_POINT('',(-26.45,-2.936539900134E-15,3.1));
#5710 = CARTESIAN_POINT('',(-26.55,0.428571428571,3.1));
#5711 = ORIENTED_EDGE('',*,*,#1531,.T.);
#5712 = ORIENTED_EDGE('',*,*,#5691,.F.);
#5713 = B_SPLINE_SURFACE_WITH_KNOTS('',1,1,(
    (#5714,#5715)
    ,(#5716,#5717
    )),.UNSPECIFIED.,.F.,.F.,.F.,(2,2),(2,2),(0.,0.61611687203),(0.,1.),
  .PIECEWISE_BEZIER_KNOTS.);
#5714 = CARTESIAN_POINT('',(-26.45,-2.936539900134E-15,3.1));
#5715 = CARTESIAN_POINT('',(-26.549,-2.947531108077E-15,2.8));
#5716 = CARTESIAN_POINT('',(-26.59,0.6,3.1));
#5717 = CARTESIAN_POINT('',(-26.59,0.6,2.8));
#5718 = ADVANCED_FACE('',(#5719),#5729,.F.);
#5719 = FACE_BOUND('',#5720,.F.);
#5720 = EDGE_LOOP('',(#5721,#5722,#5727,#5728));
#5721 = ORIENTED_EDGE('',*,*,#5649,.F.);
#5722 = ORIENTED_EDGE('',*,*,#5723,.T.);
#5723 = EDGE_CURVE('',#5628,#1494,#5724,.T.);
#5724 = B_SPLINE_CURVE_WITH_KNOTS('',1,(#5725,#5726),.UNSPECIFIED.,.F.,
  .F.,(2,2),(0.,0.440083480021),.PIECEWISE_BEZIER_KNOTS.);
#5725 = CARTESIAN_POINT('',(-26.45,-2.936539900134E-15,7.3));
#5726 = CARTESIAN_POINT('',(-26.55,0.428571428571,7.3));
#5727 = ORIENTED_EDGE('',*,*,#1524,.T.);
#5728 = ORIENTED_EDGE('',*,*,#5707,.F.);
#5729 = B_SPLINE_SURFACE_WITH_KNOTS('',1,1,(
    (#5730,#5731)
    ,(#5732,#5733
    )),.UNSPECIFIED.,.F.,.F.,.F.,(2,2),(2,2),(0.,0.440083480021),(-4.2,
    0.),.PIECEWISE_BEZIER_KNOTS.);
#5730 = CARTESIAN_POINT('',(-26.45,-2.936539900134E-15,7.3));
#5731 = CARTESIAN_POINT('',(-26.45,-2.936539900134E-15,3.1));
#5732 = CARTESIAN_POINT('',(-26.55,0.428571428571,7.3));
#5733 = CARTESIAN_POINT('',(-26.55,0.428571428571,3.1));
#5734 = ADVANCED_FACE('',(#5735),#5745,.F.);
#5735 = FACE_BOUND('',#5736,.F.);
#5736 = EDGE_LOOP('',(#5737,#5738,#5743,#5744));
#5737 = ORIENTED_EDGE('',*,*,#5627,.F.);
#5738 = ORIENTED_EDGE('',*,*,#5739,.T.);
#5739 = EDGE_CURVE('',#5621,#1487,#5740,.T.);
#5740 = B_SPLINE_CURVE_WITH_KNOTS('',1,(#5741,#5742),.UNSPECIFIED.,.F.,
  .F.,(2,2),(0.,1.466827321616E-02),.PIECEWISE_BEZIER_KNOTS.);
#5741 = CARTESIAN_POINT('',(-26.549,-2.947531108077E-15,7.6));
#5742 = CARTESIAN_POINT('',(-26.55,1.463414634148E-02,7.6));
#5743 = ORIENTED_EDGE('',*,*,#1493,.T.);
#5744 = ORIENTED_EDGE('',*,*,#5723,.F.);
#5745 = B_SPLINE_SURFACE_WITH_KNOTS('',1,1,(
    (#5746,#5747)
    ,(#5748,#5749
    )),.UNSPECIFIED.,.F.,.F.,.F.,(2,2),(2,2),(0.,0.61611687203),(0.,1.),
  .PIECEWISE_BEZIER_KNOTS.);
#5746 = CARTESIAN_POINT('',(-26.549,-2.947531108077E-15,7.6));
#5747 = CARTESIAN_POINT('',(-26.45,-2.936539900134E-15,7.3));
#5748 = CARTESIAN_POINT('',(-26.59,0.6,7.6));
#5749 = CARTESIAN_POINT('',(-26.59,0.6,7.3));
#5750 = ADVANCED_FACE('',(#5751),#5756,.T.);
#5751 = FACE_BOUND('',#5752,.T.);
#5752 = EDGE_LOOP('',(#5753,#5754,#5755));
#5753 = ORIENTED_EDGE('',*,*,#5739,.T.);
#5754 = ORIENTED_EDGE('',*,*,#1486,.T.);
#5755 = ORIENTED_EDGE('',*,*,#5620,.T.);
#5756 = B_SPLINE_SURFACE_WITH_KNOTS('',1,1,(
    (#5757,#5758)
    ,(#5759,#5760
    )),.UNSPECIFIED.,.F.,.F.,.F.,(2,2),(2,2),(0.585365853659,
    0.614634146341),(4.E-02,4.1E-02),.PIECEWISE_BEZIER_KNOTS.);
#5757 = CARTESIAN_POINT('',(-26.55,1.463414634148E-02,7.6));
#5758 = CARTESIAN_POINT('',(-26.549,1.463414634148E-02,7.6));
#5759 = CARTESIAN_POINT('',(-26.55,-1.463414634148E-02,7.6));
#5760 = CARTESIAN_POINT('',(-26.549,-1.463414634148E-02,7.6));
#5761 = ADVANCED_FACE('',(#5762),#5780,.T.);
#5762 = FACE_BOUND('',#5763,.T.);
#5763 = EDGE_LOOP('',(#5764,#5765,#5766,#5767,#5772,#5773,#5774,#5775));
#5764 = ORIENTED_EDGE('',*,*,#1706,.F.);
#5765 = ORIENTED_EDGE('',*,*,#1642,.F.);
#5766 = ORIENTED_EDGE('',*,*,#1627,.T.);
#5767 = ORIENTED_EDGE('',*,*,#5768,.T.);
#5768 = EDGE_CURVE('',#1621,#1860,#5769,.T.);
#5769 = B_SPLINE_CURVE_WITH_KNOTS('',1,(#5770,#5771),.UNSPECIFIED.,.F.,
  .F.,(2,2),(-8.6,0.6),.PIECEWISE_BEZIER_KNOTS.);
#5770 = CARTESIAN_POINT('',(-28.15,-6.4,1.2));
#5771 = CARTESIAN_POINT('',(-28.15,-15.6,1.2));
#5772 = ORIENTED_EDGE('',*,*,#1866,.F.);
#5773 = ORIENTED_EDGE('',*,*,#1823,.F.);
#5774 = ORIENTED_EDGE('',*,*,#1766,.T.);
#5775 = ORIENTED_EDGE('',*,*,#5776,.F.);
#5776 = EDGE_CURVE('',#1707,#1759,#5777,.T.);
#5777 = B_SPLINE_CURVE_WITH_KNOTS('',1,(#5778,#5779),.UNSPECIFIED.,.F.,
  .F.,(2,2),(-0.,8.),.PIECEWISE_BEZIER_KNOTS.);
#5778 = CARTESIAN_POINT('',(-27.85,-7.,1.2));
#5779 = CARTESIAN_POINT('',(-27.85,-15.,1.2));
#5780 = B_SPLINE_SURFACE_WITH_KNOTS('',1,1,(
    (#5781,#5782)
    ,(#5783,#5784
    )),.UNSPECIFIED.,.F.,.F.,.F.,(2,2),(2,2),(-1.151470588235,
    0.498529411765),(-4.6,4.6),.PIECEWISE_BEZIER_KNOTS.);
#5781 = CARTESIAN_POINT('',(-26.5,-6.4,1.2));
#5782 = CARTESIAN_POINT('',(-26.5,-15.6,1.2));
#5783 = CARTESIAN_POINT('',(-28.15,-6.4,1.2));
#5784 = CARTESIAN_POINT('',(-28.15,-15.6,1.2));
#5785 = ADVANCED_FACE('',(#5786),#5792,.T.);
#5786 = FACE_BOUND('',#5787,.T.);
#5787 = EDGE_LOOP('',(#5788,#5789,#5790,#5791));
#5788 = ORIENTED_EDGE('',*,*,#5273,.F.);
#5789 = ORIENTED_EDGE('',*,*,#1859,.T.);
#5790 = ORIENTED_EDGE('',*,*,#5768,.F.);
#5791 = ORIENTED_EDGE('',*,*,#1620,.F.);
#5792 = B_SPLINE_SURFACE_WITH_KNOTS('',1,1,(
    (#5793,#5794)
    ,(#5795,#5796
    )),.UNSPECIFIED.,.F.,.F.,.F.,(2,2),(2,2),(-4.3,4.3),(-4.6,4.6),
  .PIECEWISE_BEZIER_KNOTS.);
#5793 = CARTESIAN_POINT('',(-28.15,-15.6,9.8));
#5794 = CARTESIAN_POINT('',(-28.15,-6.4,9.8));
#5795 = CARTESIAN_POINT('',(-28.15,-15.6,1.2));
#5796 = CARTESIAN_POINT('',(-28.15,-6.4,1.2));
#5797 = ADVANCED_FACE('',(#5798),#5812,.T.);
#5798 = FACE_BOUND('',#5799,.T.);
#5799 = EDGE_LOOP('',(#5800,#5801,#5806,#5807));
#5800 = ORIENTED_EDGE('',*,*,#1749,.F.);
#5801 = ORIENTED_EDGE('',*,*,#5802,.F.);
#5802 = EDGE_CURVE('',#1663,#1750,#5803,.T.);
#5803 = B_SPLINE_CURVE_WITH_KNOTS('',1,(#5804,#5805),.UNSPECIFIED.,.F.,
  .F.,(2,2),(0.,8.),.PIECEWISE_BEZIER_KNOTS.);
#5804 = CARTESIAN_POINT('',(-27.55,-7.,9.4));
#5805 = CARTESIAN_POINT('',(-27.55,-15.,9.4));
#5806 = ORIENTED_EDGE('',*,*,#1662,.T.);
#5807 = ORIENTED_EDGE('',*,*,#5808,.T.);
#5808 = EDGE_CURVE('',#1665,#1752,#5809,.T.);
#5809 = B_SPLINE_CURVE_WITH_KNOTS('',1,(#5810,#5811),.UNSPECIFIED.,.F.,
  .F.,(2,2),(0.,8.),.PIECEWISE_BEZIER_KNOTS.);
#5810 = CARTESIAN_POINT('',(-27.55,-7.,1.5));
#5811 = CARTESIAN_POINT('',(-27.55,-15.,1.5));
#5812 = B_SPLINE_SURFACE_WITH_KNOTS('',1,1,(
    (#5813,#5814)
    ,(#5815,#5816
    )),.UNSPECIFIED.,.F.,.F.,.F.,(2,2),(2,2),(0.,7.9),(0.,8.),
  .PIECEWISE_BEZIER_KNOTS.);
#5813 = CARTESIAN_POINT('',(-27.55,-7.,9.4));
#5814 = CARTESIAN_POINT('',(-27.55,-15.,9.4));
#5815 = CARTESIAN_POINT('',(-27.55,-7.,1.5));
#5816 = CARTESIAN_POINT('',(-27.55,-15.,1.5));
#5817 = ADVANCED_FACE('',(#5818),#5828,.T.);
#5818 = FACE_BOUND('',#5819,.T.);
#5819 = EDGE_LOOP('',(#5820,#5821,#5822,#5827));
#5820 = ORIENTED_EDGE('',*,*,#5802,.T.);
#5821 = ORIENTED_EDGE('',*,*,#1801,.F.);
#5822 = ORIENTED_EDGE('',*,*,#5823,.T.);
#5823 = EDGE_CURVE('',#1795,#1672,#5824,.T.);
#5824 = B_SPLINE_CURVE_WITH_KNOTS('',1,(#5825,#5826),.UNSPECIFIED.,.F.,
  .F.,(2,2),(-24.775,-16.775),.PIECEWISE_BEZIER_KNOTS.);
#5825 = CARTESIAN_POINT('',(-26.55,-15.,9.4));
#5826 = CARTESIAN_POINT('',(-26.55,-7.,9.4));
#5827 = ORIENTED_EDGE('',*,*,#1671,.T.);
#5828 = B_SPLINE_SURFACE_WITH_KNOTS('',1,1,(
    (#5829,#5830)
    ,(#5831,#5832
    )),.UNSPECIFIED.,.F.,.F.,.F.,(2,2),(2,2),(-0.5,0.5),(-4.,4.),
  .PIECEWISE_BEZIER_KNOTS.);
#5829 = CARTESIAN_POINT('',(-26.55,-7.,9.4));
#5830 = CARTESIAN_POINT('',(-26.55,-15.,9.4));
#5831 = CARTESIAN_POINT('',(-27.55,-7.,9.4));
#5832 = CARTESIAN_POINT('',(-27.55,-15.,9.4));
#5833 = ADVANCED_FACE('',(#5834),#5844,.T.);
#5834 = FACE_BOUND('',#5835,.T.);
#5835 = EDGE_LOOP('',(#5836,#5837,#5838,#5843));
#5836 = ORIENTED_EDGE('',*,*,#5823,.F.);
#5837 = ORIENTED_EDGE('',*,*,#1794,.T.);
#5838 = ORIENTED_EDGE('',*,*,#5839,.F.);
#5839 = EDGE_CURVE('',#1679,#1788,#5840,.T.);
#5840 = B_SPLINE_CURVE_WITH_KNOTS('',1,(#5841,#5842),.UNSPECIFIED.,.F.,
  .F.,(2,2),(0.,8.),.PIECEWISE_BEZIER_KNOTS.);
#5841 = CARTESIAN_POINT('',(-26.,-7.,8.8));
#5842 = CARTESIAN_POINT('',(-26.,-15.,8.8));
#5843 = ORIENTED_EDGE('',*,*,#1678,.F.);
#5844 = B_SPLINE_SURFACE_WITH_KNOTS('',1,1,(
    (#5845,#5846)
    ,(#5847,#5848
    )),.UNSPECIFIED.,.F.,.F.,.F.,(2,2),(2,2),(-1.858632988796E-15,
    0.813941029805),(-8.,0.),.PIECEWISE_BEZIER_KNOTS.);
#5845 = CARTESIAN_POINT('',(-26.55,-15.,9.4));
#5846 = CARTESIAN_POINT('',(-26.55,-7.,9.4));
#5847 = CARTESIAN_POINT('',(-26.,-15.,8.8));
#5848 = CARTESIAN_POINT('',(-26.,-7.,8.8));
#5849 = ADVANCED_FACE('',(#5850),#5860,.T.);
#5850 = FACE_BOUND('',#5851,.T.);
#5851 = EDGE_LOOP('',(#5852,#5853,#5854,#5859));
#5852 = ORIENTED_EDGE('',*,*,#5839,.T.);
#5853 = ORIENTED_EDGE('',*,*,#1787,.T.);
#5854 = ORIENTED_EDGE('',*,*,#5855,.F.);
#5855 = EDGE_CURVE('',#1686,#1781,#5856,.T.);
#5856 = B_SPLINE_CURVE_WITH_KNOTS('',1,(#5857,#5858),.UNSPECIFIED.,.F.,
  .F.,(2,2),(0.,8.),.PIECEWISE_BEZIER_KNOTS.);
#5857 = CARTESIAN_POINT('',(-26.,-7.,8.4));
#5858 = CARTESIAN_POINT('',(-26.,-15.,8.4));
#5859 = ORIENTED_EDGE('',*,*,#1685,.F.);
#5860 = B_SPLINE_SURFACE_WITH_KNOTS('',1,1,(
    (#5861,#5862)
    ,(#5863,#5864
    )),.UNSPECIFIED.,.F.,.F.,.F.,(2,2),(2,2),(0.,0.4),(-8.,0.),
  .PIECEWISE_BEZIER_KNOTS.);
#5861 = CARTESIAN_POINT('',(-26.,-15.,8.8));
#5862 = CARTESIAN_POINT('',(-26.,-7.,8.8));
#5863 = CARTESIAN_POINT('',(-26.,-15.,8.4));
#5864 = CARTESIAN_POINT('',(-26.,-7.,8.4));
#5865 = ADVANCED_FACE('',(#5866),#5872,.T.);
#5866 = FACE_BOUND('',#5867,.T.);
#5867 = EDGE_LOOP('',(#5868,#5869,#5870,#5871));
#5868 = ORIENTED_EDGE('',*,*,#5855,.T.);
#5869 = ORIENTED_EDGE('',*,*,#1780,.T.);
#5870 = ORIENTED_EDGE('',*,*,#1729,.F.);
#5871 = ORIENTED_EDGE('',*,*,#1692,.F.);
#5872 = B_SPLINE_SURFACE_WITH_KNOTS('',1,1,(
    (#5873,#5874)
    ,(#5875,#5876
    )),.UNSPECIFIED.,.F.,.F.,.F.,(2,2),(2,2),(0.,0.55),(-8.,0.),
  .PIECEWISE_BEZIER_KNOTS.);
#5873 = CARTESIAN_POINT('',(-26.,-15.,8.4));
#5874 = CARTESIAN_POINT('',(-26.,-7.,8.4));
#5875 = CARTESIAN_POINT('',(-26.55,-15.,8.4));
#5876 = CARTESIAN_POINT('',(-26.55,-7.,8.4));
#5877 = ADVANCED_FACE('',(#5878),#5884,.T.);
#5878 = FACE_BOUND('',#5879,.T.);
#5879 = EDGE_LOOP('',(#5880,#5881,#5882,#5883));
#5880 = ORIENTED_EDGE('',*,*,#1713,.T.);
#5881 = ORIENTED_EDGE('',*,*,#5776,.T.);
#5882 = ORIENTED_EDGE('',*,*,#1758,.F.);
#5883 = ORIENTED_EDGE('',*,*,#5808,.F.);
#5884 = ( BOUNDED_SURFACE() B_SPLINE_SURFACE(2,1,(
    (#5885,#5886)
    ,(#5887,#5888)
    ,(#5889,#5890
)),.UNSPECIFIED.,.F.,.F.,.F.) B_SPLINE_SURFACE_WITH_KNOTS((3,3),(2,2),(
    0.,1.570796326795),(0.,8.),.PIECEWISE_BEZIER_KNOTS.) 
GEOMETRIC_REPRESENTATION_ITEM() RATIONAL_B_SPLINE_SURFACE((
    (1.,1.)
    ,(0.707106781187,0.707106781187)
,(1.,1.))) REPRESENTATION_ITEM('') SURFACE() );
#5885 = CARTESIAN_POINT('',(-27.55,-7.,1.5));
#5886 = CARTESIAN_POINT('',(-27.55,-15.,1.5));
#5887 = CARTESIAN_POINT('',(-27.55,-7.,1.2));
#5888 = CARTESIAN_POINT('',(-27.55,-15.,1.2));
#5889 = CARTESIAN_POINT('',(-27.85,-7.,1.2));
#5890 = CARTESIAN_POINT('',(-27.85,-15.,1.2));
#5891 = ADVANCED_FACE('',(#5892),#5902,.F.);
#5892 = FACE_BOUND('',#5893,.F.);
#5893 = EDGE_LOOP('',(#5894,#5899,#5900,#5901));
#5894 = ORIENTED_EDGE('',*,*,#5895,.F.);
#5895 = EDGE_CURVE('',#5128,#1882,#5896,.T.);
#5896 = B_SPLINE_CURVE_WITH_KNOTS('',1,(#5897,#5898),.UNSPECIFIED.,.F.,
  .F.,(2,2),(0.,1.),.PIECEWISE_BEZIER_KNOTS.);
#5897 = CARTESIAN_POINT('',(-26.85,-25.,9.801));
#5898 = CARTESIAN_POINT('',(-26.55,-25.,9.5));
#5899 = ORIENTED_EDGE('',*,*,#5127,.T.);
#5900 = ORIENTED_EDGE('',*,*,#1845,.F.);
#5901 = ORIENTED_EDGE('',*,*,#1881,.T.);
#5902 = B_SPLINE_SURFACE_WITH_KNOTS('',1,1,(
    (#5903,#5904)
    ,(#5905,#5906
    )),.UNSPECIFIED.,.F.,.F.,.F.,(2,2),(2,2),(-51.55,-42.15),(
    -0.423559897443,0.),.PIECEWISE_BEZIER_KNOTS.);
#5903 = CARTESIAN_POINT('',(-26.84900332225,-25.,9.8));
#5904 = CARTESIAN_POINT('',(-26.55,-25.,9.5));
#5905 = CARTESIAN_POINT('',(-26.84900332225,-15.6,9.8));
#5906 = CARTESIAN_POINT('',(-26.55,-15.6,9.5));
#5907 = ADVANCED_FACE('',(#5908),#5930,.F.);
#5908 = FACE_BOUND('',#5909,.F.);
#5909 = EDGE_LOOP('',(#5910,#5911,#5918,#5925));
#5910 = ORIENTED_EDGE('',*,*,#1895,.F.);
#5911 = ORIENTED_EDGE('',*,*,#5912,.T.);
#5912 = EDGE_CURVE('',#1896,#5913,#5915,.T.);
#5913 = VERTEX_POINT('',#5914);
#5914 = CARTESIAN_POINT('',(-26.549,-20.,7.6));
#5915 = B_SPLINE_CURVE_WITH_KNOTS('',1,(#5916,#5917),.UNSPECIFIED.,.F.,
  .F.,(2,2),(0.586730928646,0.601399201862),.PIECEWISE_BEZIER_KNOTS.);
#5916 = CARTESIAN_POINT('',(-26.55,-20.01463414634,7.6));
#5917 = CARTESIAN_POINT('',(-26.549,-20.,7.6));
#5918 = ORIENTED_EDGE('',*,*,#5919,.T.);
#5919 = EDGE_CURVE('',#5913,#5920,#5922,.T.);
#5920 = VERTEX_POINT('',#5921);
#5921 = CARTESIAN_POINT('',(-26.45,-20.,7.3));
#5922 = B_SPLINE_CURVE_WITH_KNOTS('',1,(#5923,#5924),.UNSPECIFIED.,.F.,
  .F.,(2,2),(0.,1.),.PIECEWISE_BEZIER_KNOTS.);
#5923 = CARTESIAN_POINT('',(-26.549,-20.,7.6));
#5924 = CARTESIAN_POINT('',(-26.45,-20.,7.3));
#5925 = ORIENTED_EDGE('',*,*,#5926,.F.);
#5926 = EDGE_CURVE('',#1898,#5920,#5927,.T.);
#5927 = B_SPLINE_CURVE_WITH_KNOTS('',1,(#5928,#5929),.UNSPECIFIED.,.F.,
  .F.,(2,2),(0.176033392009,0.61611687203),.PIECEWISE_BEZIER_KNOTS.);
#5928 = CARTESIAN_POINT('',(-26.55,-20.42857142857,7.3));
#5929 = CARTESIAN_POINT('',(-26.45,-20.,7.3));
#5930 = B_SPLINE_SURFACE_WITH_KNOTS('',1,1,(
    (#5931,#5932)
    ,(#5933,#5934
    )),.UNSPECIFIED.,.F.,.F.,.F.,(2,2),(2,2),(0.,0.61611687203),(0.,1.),
  .PIECEWISE_BEZIER_KNOTS.);
#5931 = CARTESIAN_POINT('',(-26.59,-20.6,7.6));
#5932 = CARTESIAN_POINT('',(-26.59,-20.6,7.3));
#5933 = CARTESIAN_POINT('',(-26.549,-20.,7.6));
#5934 = CARTESIAN_POINT('',(-26.45,-20.,7.3));
#5935 = ADVANCED_FACE('',(#5936),#5952,.F.);
#5936 = FACE_BOUND('',#5937,.F.);
#5937 = EDGE_LOOP('',(#5938,#5939,#5940,#5947));
#5938 = ORIENTED_EDGE('',*,*,#2026,.T.);
#5939 = ORIENTED_EDGE('',*,*,#5926,.T.);
#5940 = ORIENTED_EDGE('',*,*,#5941,.T.);
#5941 = EDGE_CURVE('',#5920,#5942,#5944,.T.);
#5942 = VERTEX_POINT('',#5943);
#5943 = CARTESIAN_POINT('',(-26.45,-20.,3.1));
#5944 = B_SPLINE_CURVE_WITH_KNOTS('',1,(#5945,#5946),.UNSPECIFIED.,.F.,
  .F.,(2,2),(0.,1.),.PIECEWISE_BEZIER_KNOTS.);
#5945 = CARTESIAN_POINT('',(-26.45,-20.,7.3));
#5946 = CARTESIAN_POINT('',(-26.45,-20.,3.1));
#5947 = ORIENTED_EDGE('',*,*,#5948,.F.);
#5948 = EDGE_CURVE('',#2004,#5942,#5949,.T.);
#5949 = B_SPLINE_CURVE_WITH_KNOTS('',1,(#5950,#5951),.UNSPECIFIED.,.F.,
  .F.,(2,2),(0.176033392009,0.61611687203),.PIECEWISE_BEZIER_KNOTS.);
#5950 = CARTESIAN_POINT('',(-26.55,-20.42857142857,3.1));
#5951 = CARTESIAN_POINT('',(-26.45,-20.,3.1));
#5952 = B_SPLINE_SURFACE_WITH_KNOTS('',1,1,(
    (#5953,#5954)
    ,(#5955,#5956
    )),.UNSPECIFIED.,.F.,.F.,.F.,(2,2),(2,2),(0.176033392009,
    0.61611687203),(-4.2,0.),.PIECEWISE_BEZIER_KNOTS.);
#5953 = CARTESIAN_POINT('',(-26.55,-20.42857142857,7.3));
#5954 = CARTESIAN_POINT('',(-26.55,-20.42857142857,3.1));
#5955 = CARTESIAN_POINT('',(-26.45,-20.,7.3));
#5956 = CARTESIAN_POINT('',(-26.45,-20.,3.1));
#5957 = ADVANCED_FACE('',(#5958),#5974,.F.);
#5958 = FACE_BOUND('',#5959,.F.);
#5959 = EDGE_LOOP('',(#5960,#5961,#5962,#5969));
#5960 = ORIENTED_EDGE('',*,*,#2003,.F.);
#5961 = ORIENTED_EDGE('',*,*,#5948,.T.);
#5962 = ORIENTED_EDGE('',*,*,#5963,.T.);
#5963 = EDGE_CURVE('',#5942,#5964,#5966,.T.);
#5964 = VERTEX_POINT('',#5965);
#5965 = CARTESIAN_POINT('',(-26.549,-20.,2.8));
#5966 = B_SPLINE_CURVE_WITH_KNOTS('',1,(#5967,#5968),.UNSPECIFIED.,.F.,
  .F.,(2,2),(0.,1.),.PIECEWISE_BEZIER_KNOTS.);
#5967 = CARTESIAN_POINT('',(-26.45,-20.,3.1));
#5968 = CARTESIAN_POINT('',(-26.549,-20.,2.8));
#5969 = ORIENTED_EDGE('',*,*,#5970,.F.);
#5970 = EDGE_CURVE('',#1997,#5964,#5971,.T.);
#5971 = B_SPLINE_CURVE_WITH_KNOTS('',1,(#5972,#5973),.UNSPECIFIED.,.F.,
  .F.,(2,2),(0.586730928646,0.601399201862),.PIECEWISE_BEZIER_KNOTS.);
#5972 = CARTESIAN_POINT('',(-26.55,-20.01463414634,2.8));
#5973 = CARTESIAN_POINT('',(-26.549,-20.,2.8));
#5974 = B_SPLINE_SURFACE_WITH_KNOTS('',1,1,(
    (#5975,#5976)
    ,(#5977,#5978
    )),.UNSPECIFIED.,.F.,.F.,.F.,(2,2),(2,2),(0.,0.61611687203),(0.,1.),
  .PIECEWISE_BEZIER_KNOTS.);
#5975 = CARTESIAN_POINT('',(-26.59,-20.6,3.1));
#5976 = CARTESIAN_POINT('',(-26.59,-20.6,2.8));
#5977 = CARTESIAN_POINT('',(-26.45,-20.,3.1));
#5978 = CARTESIAN_POINT('',(-26.549,-20.,2.8));
#5979 = ADVANCED_FACE('',(#5980),#5989,.F.);
#5980 = FACE_BOUND('',#5981,.F.);
#5981 = EDGE_LOOP('',(#5982,#5987,#5988));
#5982 = ORIENTED_EDGE('',*,*,#5983,.T.);
#5983 = EDGE_CURVE('',#5964,#1974,#5984,.T.);
#5984 = B_SPLINE_CURVE_WITH_KNOTS('',1,(#5985,#5986),.UNSPECIFIED.,.F.,
  .F.,(2,2),(0.,1.466827321621E-02),.PIECEWISE_BEZIER_KNOTS.);
#5985 = CARTESIAN_POINT('',(-26.549,-20.,2.8));
#5986 = CARTESIAN_POINT('',(-26.55,-19.98536585365,2.8));
#5987 = ORIENTED_EDGE('',*,*,#1996,.T.);
#5988 = ORIENTED_EDGE('',*,*,#5970,.T.);
#5989 = B_SPLINE_SURFACE_WITH_KNOTS('',1,1,(
    (#5990,#5991)
    ,(#5992,#5993
    )),.UNSPECIFIED.,.F.,.F.,.F.,(2,2),(2,2),(0.585365853658,
    0.614634146342),(4.E-02,4.1E-02),.PIECEWISE_BEZIER_KNOTS.);
#5990 = CARTESIAN_POINT('',(-26.55,-19.98536585365,2.8));
#5991 = CARTESIAN_POINT('',(-26.549,-19.98536585365,2.8));
#5992 = CARTESIAN_POINT('',(-26.55,-20.01463414634,2.8));
#5993 = CARTESIAN_POINT('',(-26.549,-20.01463414634,2.8));
#5994 = ADVANCED_FACE('',(#5995),#6005,.F.);
#5995 = FACE_BOUND('',#5996,.F.);
#5996 = EDGE_LOOP('',(#5997,#5998,#6003,#6004));
#5997 = ORIENTED_EDGE('',*,*,#5963,.F.);
#5998 = ORIENTED_EDGE('',*,*,#5999,.T.);
#5999 = EDGE_CURVE('',#5942,#1967,#6000,.T.);
#6000 = B_SPLINE_CURVE_WITH_KNOTS('',1,(#6001,#6002),.UNSPECIFIED.,.F.,
  .F.,(2,2),(0.,0.440083480021),.PIECEWISE_BEZIER_KNOTS.);
#6001 = CARTESIAN_POINT('',(-26.45,-20.,3.1));
#6002 = CARTESIAN_POINT('',(-26.55,-19.57142857142,3.1));
#6003 = ORIENTED_EDGE('',*,*,#1973,.T.);
#6004 = ORIENTED_EDGE('',*,*,#5983,.F.);
#6005 = B_SPLINE_SURFACE_WITH_KNOTS('',1,1,(
    (#6006,#6007)
    ,(#6008,#6009
    )),.UNSPECIFIED.,.F.,.F.,.F.,(2,2),(2,2),(0.,0.61611687203),(0.,1.),
  .PIECEWISE_BEZIER_KNOTS.);
#6006 = CARTESIAN_POINT('',(-26.45,-20.,3.1));
#6007 = CARTESIAN_POINT('',(-26.549,-20.,2.8));
#6008 = CARTESIAN_POINT('',(-26.59,-19.4,3.1));
#6009 = CARTESIAN_POINT('',(-26.59,-19.4,2.8));
#6010 = ADVANCED_FACE('',(#6011),#6021,.F.);
#6011 = FACE_BOUND('',#6012,.F.);
#6012 = EDGE_LOOP('',(#6013,#6014,#6019,#6020));
#6013 = ORIENTED_EDGE('',*,*,#5941,.F.);
#6014 = ORIENTED_EDGE('',*,*,#6015,.T.);
#6015 = EDGE_CURVE('',#5920,#1936,#6016,.T.);
#6016 = B_SPLINE_CURVE_WITH_KNOTS('',1,(#6017,#6018),.UNSPECIFIED.,.F.,
  .F.,(2,2),(0.,0.440083480021),.PIECEWISE_BEZIER_KNOTS.);
#6017 = CARTESIAN_POINT('',(-26.45,-20.,7.3));
#6018 = CARTESIAN_POINT('',(-26.55,-19.57142857142,7.3));
#6019 = ORIENTED_EDGE('',*,*,#1966,.T.);
#6020 = ORIENTED_EDGE('',*,*,#5999,.F.);
#6021 = B_SPLINE_SURFACE_WITH_KNOTS('',1,1,(
    (#6022,#6023)
    ,(#6024,#6025
    )),.UNSPECIFIED.,.F.,.F.,.F.,(2,2),(2,2),(0.,0.440083480021),(-4.2,
    0.),.PIECEWISE_BEZIER_KNOTS.);
#6022 = CARTESIAN_POINT('',(-26.45,-20.,7.3));
#6023 = CARTESIAN_POINT('',(-26.45,-20.,3.1));
#6024 = CARTESIAN_POINT('',(-26.55,-19.57142857142,7.3));
#6025 = CARTESIAN_POINT('',(-26.55,-19.57142857142,3.1));
#6026 = ADVANCED_FACE('',(#6027),#6037,.F.);
#6027 = FACE_BOUND('',#6028,.F.);
#6028 = EDGE_LOOP('',(#6029,#6030,#6035,#6036));
#6029 = ORIENTED_EDGE('',*,*,#5919,.F.);
#6030 = ORIENTED_EDGE('',*,*,#6031,.T.);
#6031 = EDGE_CURVE('',#5913,#1929,#6032,.T.);
#6032 = B_SPLINE_CURVE_WITH_KNOTS('',1,(#6033,#6034),.UNSPECIFIED.,.F.,
  .F.,(2,2),(0.,1.466827321621E-02),.PIECEWISE_BEZIER_KNOTS.);
#6033 = CARTESIAN_POINT('',(-26.549,-20.,7.6));
#6034 = CARTESIAN_POINT('',(-26.55,-19.98536585365,7.6));
#6035 = ORIENTED_EDGE('',*,*,#1935,.T.);
#6036 = ORIENTED_EDGE('',*,*,#6015,.F.);
#6037 = B_SPLINE_SURFACE_WITH_KNOTS('',1,1,(
    (#6038,#6039)
    ,(#6040,#6041
    )),.UNSPECIFIED.,.F.,.F.,.F.,(2,2),(2,2),(0.,0.61611687203),(0.,1.),
  .PIECEWISE_BEZIER_KNOTS.);
#6038 = CARTESIAN_POINT('',(-26.549,-20.,7.6));
#6039 = CARTESIAN_POINT('',(-26.45,-20.,7.3));
#6040 = CARTESIAN_POINT('',(-26.59,-19.4,7.6));
#6041 = CARTESIAN_POINT('',(-26.59,-19.4,7.3));
#6042 = ADVANCED_FACE('',(#6043),#6048,.T.);
#6043 = FACE_BOUND('',#6044,.T.);
#6044 = EDGE_LOOP('',(#6045,#6046,#6047));
#6045 = ORIENTED_EDGE('',*,*,#6031,.T.);
#6046 = ORIENTED_EDGE('',*,*,#1928,.T.);
#6047 = ORIENTED_EDGE('',*,*,#5912,.T.);
#6048 = B_SPLINE_SURFACE_WITH_KNOTS('',1,1,(
    (#6049,#6050)
    ,(#6051,#6052
    )),.UNSPECIFIED.,.F.,.F.,.F.,(2,2),(2,2),(0.585365853658,
    0.614634146342),(4.E-02,4.1E-02),.PIECEWISE_BEZIER_KNOTS.);
#6049 = CARTESIAN_POINT('',(-26.55,-19.98536585365,7.6));
#6050 = CARTESIAN_POINT('',(-26.549,-19.98536585365,7.6));
#6051 = CARTESIAN_POINT('',(-26.55,-20.01463414634,7.6));
#6052 = CARTESIAN_POINT('',(-26.549,-20.01463414634,7.6));
#6053 = ADVANCED_FACE('',(#6054),#6064,.F.);
#6054 = FACE_BOUND('',#6055,.F.);
#6055 = EDGE_LOOP('',(#6056,#6057,#6058,#6059));
#6056 = ORIENTED_EDGE('',*,*,#5134,.T.);
#6057 = ORIENTED_EDGE('',*,*,#5895,.T.);
#6058 = ORIENTED_EDGE('',*,*,#2040,.T.);
#6059 = ORIENTED_EDGE('',*,*,#6060,.F.);
#6060 = EDGE_CURVE('',#5135,#2041,#6061,.T.);
#6061 = B_SPLINE_CURVE_WITH_KNOTS('',1,(#6062,#6063),.UNSPECIFIED.,.F.,
  .F.,(2,2),(0.,1.),.PIECEWISE_BEZIER_KNOTS.);
#6062 = CARTESIAN_POINT('',(-25.,-26.85,9.801));
#6063 = CARTESIAN_POINT('',(-25.,-26.55,9.5));
#6064 = ( BOUNDED_SURFACE() B_SPLINE_SURFACE(2,1,(
    (#6065,#6066)
    ,(#6067,#6068)
    ,(#6069,#6070
)),.UNSPECIFIED.,.F.,.F.,.F.) B_SPLINE_SURFACE_WITH_KNOTS((3,3),(2,2),(
    3.14159265359,4.712388980385),(1.411866324809E-03,0.424971763768),
.PIECEWISE_BEZIER_KNOTS.) GEOMETRIC_REPRESENTATION_ITEM() 
RATIONAL_B_SPLINE_SURFACE((
    (1.,1.)
    ,(0.707106781187,0.707106781187)
,(1.,1.))) REPRESENTATION_ITEM('') SURFACE() );
#6065 = CARTESIAN_POINT('',(-25.,-26.84900332225,9.8));
#6066 = CARTESIAN_POINT('',(-25.,-26.55,9.5));
#6067 = CARTESIAN_POINT('',(-26.84900332225,-26.84900332225,9.8));
#6068 = CARTESIAN_POINT('',(-26.55,-26.55,9.5));
#6069 = CARTESIAN_POINT('',(-26.84900332225,-25.,9.8));
#6070 = CARTESIAN_POINT('',(-26.55,-25.,9.5));
#6071 = ADVANCED_FACE('',(#6072),#6078,.F.);
#6072 = FACE_BOUND('',#6073,.F.);
#6073 = EDGE_LOOP('',(#6074,#6075,#6076,#6077));
#6074 = ORIENTED_EDGE('',*,*,#2233,.T.);
#6075 = ORIENTED_EDGE('',*,*,#5142,.T.);
#6076 = ORIENTED_EDGE('',*,*,#6060,.T.);
#6077 = ORIENTED_EDGE('',*,*,#2071,.T.);
#6078 = B_SPLINE_SURFACE_WITH_KNOTS('',1,1,(
    (#6079,#6080)
    ,(#6081,#6082
  )),.UNSPECIFIED.,.F.,.F.,.F.,(2,2),(2,2),(-10.95,-1.55),(
    -0.423559897443,0.),.PIECEWISE_BEZIER_KNOTS.);
#6079 = CARTESIAN_POINT('',(-15.6,-26.84900332225,9.8));
#6080 = CARTESIAN_POINT('',(-15.6,-26.55,9.5));
#6081 = CARTESIAN_POINT('',(-25.,-26.84900332225,9.8));
#6082 = CARTESIAN_POINT('',(-25.,-26.55,9.5));
#6083 = ADVANCED_FACE('',(#6084),#6099,.T.);
#6084 = FACE_BOUND('',#6085,.T.);
#6085 = EDGE_LOOP('',(#6086,#6093,#6094));
#6086 = ORIENTED_EDGE('',*,*,#6087,.T.);
#6087 = EDGE_CURVE('',#6088,#2083,#6090,.T.);
#6088 = VERTEX_POINT('',#6089);
#6089 = CARTESIAN_POINT('',(-20.,-26.549,7.6));
#6090 = B_SPLINE_CURVE_WITH_KNOTS('',1,(#6091,#6092),.UNSPECIFIED.,.F.,
  .F.,(2,2),(0.,1.466827321617E-02),.PIECEWISE_BEZIER_KNOTS.);
#6091 = CARTESIAN_POINT('',(-20.,-26.549,7.6));
#6092 = CARTESIAN_POINT('',(-20.01463414634,-26.55,7.6));
#6093 = ORIENTED_EDGE('',*,*,#2080,.F.);
#6094 = ORIENTED_EDGE('',*,*,#6095,.T.);
#6095 = EDGE_CURVE('',#2081,#6088,#6096,.T.);
#6096 = B_SPLINE_CURVE_WITH_KNOTS('',1,(#6097,#6098),.UNSPECIFIED.,.F.,
  .F.,(2,2),(0.586730928646,0.601399201862),.PIECEWISE_BEZIER_KNOTS.);
#6097 = CARTESIAN_POINT('',(-19.98536585365,-26.55,7.6));
#6098 = CARTESIAN_POINT('',(-20.,-26.549,7.6));
#6099 = B_SPLINE_SURFACE_WITH_KNOTS('',1,1,(
    (#6100,#6101)
    ,(#6102,#6103
    )),.UNSPECIFIED.,.F.,.F.,.F.,(2,2),(2,2),(0.585365853659,
    0.614634146341),(4.E-02,4.1E-02),.PIECEWISE_BEZIER_KNOTS.);
#6100 = CARTESIAN_POINT('',(-20.01463414634,-26.55,7.6));
#6101 = CARTESIAN_POINT('',(-20.01463414634,-26.549,7.6));
#6102 = CARTESIAN_POINT('',(-19.98536585365,-26.55,7.6));
#6103 = CARTESIAN_POINT('',(-19.98536585365,-26.549,7.6));
#6104 = ADVANCED_FACE('',(#6105),#6121,.F.);
#6105 = FACE_BOUND('',#6106,.F.);
#6106 = EDGE_LOOP('',(#6107,#6114,#6115,#6116));
#6107 = ORIENTED_EDGE('',*,*,#6108,.F.);
#6108 = EDGE_CURVE('',#6088,#6109,#6111,.T.);
#6109 = VERTEX_POINT('',#6110);
#6110 = CARTESIAN_POINT('',(-20.,-26.45,7.3));
#6111 = B_SPLINE_CURVE_WITH_KNOTS('',1,(#6112,#6113),.UNSPECIFIED.,.F.,
  .F.,(2,2),(0.,1.),.PIECEWISE_BEZIER_KNOTS.);
#6112 = CARTESIAN_POINT('',(-20.,-26.549,7.6));
#6113 = CARTESIAN_POINT('',(-20.,-26.45,7.3));
#6114 = ORIENTED_EDGE('',*,*,#6087,.T.);
#6115 = ORIENTED_EDGE('',*,*,#2187,.T.);
#6116 = ORIENTED_EDGE('',*,*,#6117,.F.);
#6117 = EDGE_CURVE('',#6109,#2181,#6118,.T.);
#6118 = B_SPLINE_CURVE_WITH_KNOTS('',1,(#6119,#6120),.UNSPECIFIED.,.F.,
  .F.,(2,2),(0.,0.440083480021),.PIECEWISE_BEZIER_KNOTS.);
#6119 = CARTESIAN_POINT('',(-20.,-26.45,7.3));
#6120 = CARTESIAN_POINT('',(-20.42857142857,-26.55,7.3));
#6121 = B_SPLINE_SURFACE_WITH_KNOTS('',1,1,(
    (#6122,#6123)
    ,(#6124,#6125
    )),.UNSPECIFIED.,.F.,.F.,.F.,(2,2),(2,2),(0.,0.61611687203),(0.,1.),
  .PIECEWISE_BEZIER_KNOTS.);
#6122 = CARTESIAN_POINT('',(-20.,-26.549,7.6));
#6123 = CARTESIAN_POINT('',(-20.,-26.45,7.3));
#6124 = CARTESIAN_POINT('',(-20.6,-26.59,7.6));
#6125 = CARTESIAN_POINT('',(-20.6,-26.59,7.3));
#6126 = ADVANCED_FACE('',(#6127),#6143,.F.);
#6127 = FACE_BOUND('',#6128,.F.);
#6128 = EDGE_LOOP('',(#6129,#6136,#6137,#6138));
#6129 = ORIENTED_EDGE('',*,*,#6130,.F.);
#6130 = EDGE_CURVE('',#6109,#6131,#6133,.T.);
#6131 = VERTEX_POINT('',#6132);
#6132 = CARTESIAN_POINT('',(-20.,-26.45,3.1));
#6133 = B_SPLINE_CURVE_WITH_KNOTS('',1,(#6134,#6135),.UNSPECIFIED.,.F.,
  .F.,(2,2),(0.,1.),.PIECEWISE_BEZIER_KNOTS.);
#6134 = CARTESIAN_POINT('',(-20.,-26.45,7.3));
#6135 = CARTESIAN_POINT('',(-20.,-26.45,3.1));
#6136 = ORIENTED_EDGE('',*,*,#6117,.T.);
#6137 = ORIENTED_EDGE('',*,*,#2180,.F.);
#6138 = ORIENTED_EDGE('',*,*,#6139,.F.);
#6139 = EDGE_CURVE('',#6131,#2158,#6140,.T.);
#6140 = B_SPLINE_CURVE_WITH_KNOTS('',1,(#6141,#6142),.UNSPECIFIED.,.F.,
  .F.,(2,2),(0.,0.440083480021),.PIECEWISE_BEZIER_KNOTS.);
#6141 = CARTESIAN_POINT('',(-20.,-26.45,3.1));
#6142 = CARTESIAN_POINT('',(-20.42857142857,-26.55,3.1));
#6143 = B_SPLINE_SURFACE_WITH_KNOTS('',1,1,(
    (#6144,#6145)
    ,(#6146,#6147
    )),.UNSPECIFIED.,.F.,.F.,.F.,(2,2),(2,2),(0.,0.440083480021),(-4.2,
    0.),.PIECEWISE_BEZIER_KNOTS.);
#6144 = CARTESIAN_POINT('',(-20.,-26.45,7.3));
#6145 = CARTESIAN_POINT('',(-20.,-26.45,3.1));
#6146 = CARTESIAN_POINT('',(-20.42857142857,-26.55,7.3));
#6147 = CARTESIAN_POINT('',(-20.42857142857,-26.55,3.1));
#6148 = ADVANCED_FACE('',(#6149),#6165,.F.);
#6149 = FACE_BOUND('',#6150,.F.);
#6150 = EDGE_LOOP('',(#6151,#6158,#6159,#6160));
#6151 = ORIENTED_EDGE('',*,*,#6152,.F.);
#6152 = EDGE_CURVE('',#6131,#6153,#6155,.T.);
#6153 = VERTEX_POINT('',#6154);
#6154 = CARTESIAN_POINT('',(-20.,-26.549,2.8));
#6155 = B_SPLINE_CURVE_WITH_KNOTS('',1,(#6156,#6157),.UNSPECIFIED.,.F.,
  .F.,(2,2),(0.,1.),.PIECEWISE_BEZIER_KNOTS.);
#6156 = CARTESIAN_POINT('',(-20.,-26.45,3.1));
#6157 = CARTESIAN_POINT('',(-20.,-26.549,2.8));
#6158 = ORIENTED_EDGE('',*,*,#6139,.T.);
#6159 = ORIENTED_EDGE('',*,*,#2157,.T.);
#6160 = ORIENTED_EDGE('',*,*,#6161,.F.);
#6161 = EDGE_CURVE('',#6153,#2151,#6162,.T.);
#6162 = B_SPLINE_CURVE_WITH_KNOTS('',1,(#6163,#6164),.UNSPECIFIED.,.F.,
  .F.,(2,2),(0.,1.466827321617E-02),.PIECEWISE_BEZIER_KNOTS.);
#6163 = CARTESIAN_POINT('',(-20.,-26.549,2.8));
#6164 = CARTESIAN_POINT('',(-20.01463414634,-26.55,2.8));
#6165 = B_SPLINE_SURFACE_WITH_KNOTS('',1,1,(
    (#6166,#6167)
    ,(#6168,#6169
    )),.UNSPECIFIED.,.F.,.F.,.F.,(2,2),(2,2),(0.,0.61611687203),(0.,1.),
  .PIECEWISE_BEZIER_KNOTS.);
#6166 = CARTESIAN_POINT('',(-20.,-26.45,3.1));
#6167 = CARTESIAN_POINT('',(-20.,-26.549,2.8));
#6168 = CARTESIAN_POINT('',(-20.6,-26.59,3.1));
#6169 = CARTESIAN_POINT('',(-20.6,-26.59,2.8));
#6170 = ADVANCED_FACE('',(#6171),#6180,.F.);
#6171 = FACE_BOUND('',#6172,.F.);
#6172 = EDGE_LOOP('',(#6173,#6174,#6175));
#6173 = ORIENTED_EDGE('',*,*,#6161,.T.);
#6174 = ORIENTED_EDGE('',*,*,#2150,.F.);
#6175 = ORIENTED_EDGE('',*,*,#6176,.T.);
#6176 = EDGE_CURVE('',#2128,#6153,#6177,.T.);
#6177 = B_SPLINE_CURVE_WITH_KNOTS('',1,(#6178,#6179),.UNSPECIFIED.,.F.,
  .F.,(2,2),(0.586730928646,0.601399201862),.PIECEWISE_BEZIER_KNOTS.);
#6178 = CARTESIAN_POINT('',(-19.98536585365,-26.55,2.8));
#6179 = CARTESIAN_POINT('',(-20.,-26.549,2.8));
#6180 = B_SPLINE_SURFACE_WITH_KNOTS('',1,1,(
    (#6181,#6182)
    ,(#6183,#6184
    )),.UNSPECIFIED.,.F.,.F.,.F.,(2,2),(2,2),(0.585365853659,
    0.614634146341),(4.E-02,4.1E-02),.PIECEWISE_BEZIER_KNOTS.);
#6181 = CARTESIAN_POINT('',(-20.01463414634,-26.55,2.8));
#6182 = CARTESIAN_POINT('',(-20.01463414634,-26.549,2.8));
#6183 = CARTESIAN_POINT('',(-19.98536585365,-26.55,2.8));
#6184 = CARTESIAN_POINT('',(-19.98536585365,-26.549,2.8));
#6185 = ADVANCED_FACE('',(#6186),#6196,.F.);
#6186 = FACE_BOUND('',#6187,.F.);
#6187 = EDGE_LOOP('',(#6188,#6189,#6194,#6195));
#6188 = ORIENTED_EDGE('',*,*,#2127,.F.);
#6189 = ORIENTED_EDGE('',*,*,#6190,.T.);
#6190 = EDGE_CURVE('',#2121,#6131,#6191,.T.);
#6191 = B_SPLINE_CURVE_WITH_KNOTS('',1,(#6192,#6193),.UNSPECIFIED.,.F.,
  .F.,(2,2),(0.176033392009,0.61611687203),.PIECEWISE_BEZIER_KNOTS.);
#6192 = CARTESIAN_POINT('',(-19.57142857142,-26.55,3.1));
#6193 = CARTESIAN_POINT('',(-20.,-26.45,3.1));
#6194 = ORIENTED_EDGE('',*,*,#6152,.T.);
#6195 = ORIENTED_EDGE('',*,*,#6176,.F.);
#6196 = B_SPLINE_SURFACE_WITH_KNOTS('',1,1,(
    (#6197,#6198)
    ,(#6199,#6200
    )),.UNSPECIFIED.,.F.,.F.,.F.,(2,2),(2,2),(0.,0.61611687203),(0.,1.),
  .PIECEWISE_BEZIER_KNOTS.);
#6197 = CARTESIAN_POINT('',(-19.4,-26.59,3.1));
#6198 = CARTESIAN_POINT('',(-19.4,-26.59,2.8));
#6199 = CARTESIAN_POINT('',(-20.,-26.45,3.1));
#6200 = CARTESIAN_POINT('',(-20.,-26.549,2.8));
#6201 = ADVANCED_FACE('',(#6202),#6212,.F.);
#6202 = FACE_BOUND('',#6203,.F.);
#6203 = EDGE_LOOP('',(#6204,#6205,#6210,#6211));
#6204 = ORIENTED_EDGE('',*,*,#2120,.F.);
#6205 = ORIENTED_EDGE('',*,*,#6206,.T.);
#6206 = EDGE_CURVE('',#2090,#6109,#6207,.T.);
#6207 = B_SPLINE_CURVE_WITH_KNOTS('',1,(#6208,#6209),.UNSPECIFIED.,.F.,
  .F.,(2,2),(0.176033392009,0.61611687203),.PIECEWISE_BEZIER_KNOTS.);
#6208 = CARTESIAN_POINT('',(-19.57142857142,-26.55,7.3));
#6209 = CARTESIAN_POINT('',(-20.,-26.45,7.3));
#6210 = ORIENTED_EDGE('',*,*,#6130,.T.);
#6211 = ORIENTED_EDGE('',*,*,#6190,.F.);
#6212 = B_SPLINE_SURFACE_WITH_KNOTS('',1,1,(
    (#6213,#6214)
    ,(#6215,#6216
    )),.UNSPECIFIED.,.F.,.F.,.F.,(2,2),(2,2),(0.176033392009,
    0.61611687203),(-4.2,0.),.PIECEWISE_BEZIER_KNOTS.);
#6213 = CARTESIAN_POINT('',(-19.57142857142,-26.55,7.3));
#6214 = CARTESIAN_POINT('',(-19.57142857142,-26.55,3.1));
#6215 = CARTESIAN_POINT('',(-20.,-26.45,7.3));
#6216 = CARTESIAN_POINT('',(-20.,-26.45,3.1));
#6217 = ADVANCED_FACE('',(#6218),#6224,.F.);
#6218 = FACE_BOUND('',#6219,.F.);
#6219 = EDGE_LOOP('',(#6220,#6221,#6222,#6223));
#6220 = ORIENTED_EDGE('',*,*,#2089,.F.);
#6221 = ORIENTED_EDGE('',*,*,#6095,.T.);
#6222 = ORIENTED_EDGE('',*,*,#6108,.T.);
#6223 = ORIENTED_EDGE('',*,*,#6206,.F.);
#6224 = B_SPLINE_SURFACE_WITH_KNOTS('',1,1,(
    (#6225,#6226)
    ,(#6227,#6228
    )),.UNSPECIFIED.,.F.,.F.,.F.,(2,2),(2,2),(0.,0.61611687203),(0.,1.),
  .PIECEWISE_BEZIER_KNOTS.);
#6225 = CARTESIAN_POINT('',(-19.4,-26.59,7.6));
#6226 = CARTESIAN_POINT('',(-19.4,-26.59,7.3));
#6227 = CARTESIAN_POINT('',(-20.,-26.549,7.6));
#6228 = CARTESIAN_POINT('',(-20.,-26.45,7.3));
#6229 = ADVANCED_FACE('',(#6230),#6248,.T.);
#6230 = FACE_BOUND('',#6231,.T.);
#6231 = EDGE_LOOP('',(#6232,#6233,#6234,#6235,#6240,#6241,#6242,#6243));
#6232 = ORIENTED_EDGE('',*,*,#2333,.F.);
#6233 = ORIENTED_EDGE('',*,*,#2269,.F.);
#6234 = ORIENTED_EDGE('',*,*,#2254,.T.);
#6235 = ORIENTED_EDGE('',*,*,#6236,.T.);
#6236 = EDGE_CURVE('',#2248,#2487,#6237,.T.);
#6237 = B_SPLINE_CURVE_WITH_KNOTS('',1,(#6238,#6239),.UNSPECIFIED.,.F.,
  .F.,(2,2),(-8.6,0.6),.PIECEWISE_BEZIER_KNOTS.);
#6238 = CARTESIAN_POINT('',(-15.6,-28.15,1.2));
#6239 = CARTESIAN_POINT('',(-6.4,-28.15,1.2));
#6240 = ORIENTED_EDGE('',*,*,#2493,.F.);
#6241 = ORIENTED_EDGE('',*,*,#2450,.F.);
#6242 = ORIENTED_EDGE('',*,*,#2393,.T.);
#6243 = ORIENTED_EDGE('',*,*,#6244,.F.);
#6244 = EDGE_CURVE('',#2334,#2386,#6245,.T.);
#6245 = B_SPLINE_CURVE_WITH_KNOTS('',1,(#6246,#6247),.UNSPECIFIED.,.F.,
  .F.,(2,2),(-0.,8.),.PIECEWISE_BEZIER_KNOTS.);
#6246 = CARTESIAN_POINT('',(-15.,-27.85,1.2));
#6247 = CARTESIAN_POINT('',(-7.,-27.85,1.2));
#6248 = B_SPLINE_SURFACE_WITH_KNOTS('',1,1,(
    (#6249,#6250)
    ,(#6251,#6252
    )),.UNSPECIFIED.,.F.,.F.,.F.,(2,2),(2,2),(-0.498529411765,
    1.151470588235),(-4.6,4.6),.PIECEWISE_BEZIER_KNOTS.);
#6249 = CARTESIAN_POINT('',(-6.4,-28.15,1.2));
#6250 = CARTESIAN_POINT('',(-15.6,-28.15,1.2));
#6251 = CARTESIAN_POINT('',(-6.4,-26.5,1.2));
#6252 = CARTESIAN_POINT('',(-15.6,-26.5,1.2));
#6253 = ADVANCED_FACE('',(#6254),#6260,.T.);
#6254 = FACE_BOUND('',#6255,.T.);
#6255 = EDGE_LOOP('',(#6256,#6257,#6258,#6259));
#6256 = ORIENTED_EDGE('',*,*,#5148,.F.);
#6257 = ORIENTED_EDGE('',*,*,#2486,.T.);
#6258 = ORIENTED_EDGE('',*,*,#6236,.F.);
#6259 = ORIENTED_EDGE('',*,*,#2247,.F.);
#6260 = B_SPLINE_SURFACE_WITH_KNOTS('',1,1,(
    (#6261,#6262)
    ,(#6263,#6264
    )),.UNSPECIFIED.,.F.,.F.,.F.,(2,2),(2,2),(-4.3,4.3),(-4.6,4.6),
  .PIECEWISE_BEZIER_KNOTS.);
#6261 = CARTESIAN_POINT('',(-15.6,-28.15,1.2));
#6262 = CARTESIAN_POINT('',(-6.4,-28.15,1.2));
#6263 = CARTESIAN_POINT('',(-15.6,-28.15,9.8));
#6264 = CARTESIAN_POINT('',(-6.4,-28.15,9.8));
#6265 = ADVANCED_FACE('',(#6266),#6280,.T.);
#6266 = FACE_BOUND('',#6267,.T.);
#6267 = EDGE_LOOP('',(#6268,#6269,#6274,#6275));
#6268 = ORIENTED_EDGE('',*,*,#2376,.F.);
#6269 = ORIENTED_EDGE('',*,*,#6270,.F.);
#6270 = EDGE_CURVE('',#2290,#2377,#6271,.T.);
#6271 = B_SPLINE_CURVE_WITH_KNOTS('',1,(#6272,#6273),.UNSPECIFIED.,.F.,
  .F.,(2,2),(0.,8.),.PIECEWISE_BEZIER_KNOTS.);
#6272 = CARTESIAN_POINT('',(-15.,-27.55,9.4));
#6273 = CARTESIAN_POINT('',(-7.,-27.55,9.4));
#6274 = ORIENTED_EDGE('',*,*,#2289,.T.);
#6275 = ORIENTED_EDGE('',*,*,#6276,.T.);
#6276 = EDGE_CURVE('',#2292,#2379,#6277,.T.);
#6277 = B_SPLINE_CURVE_WITH_KNOTS('',1,(#6278,#6279),.UNSPECIFIED.,.F.,
  .F.,(2,2),(0.,8.),.PIECEWISE_BEZIER_KNOTS.);
#6278 = CARTESIAN_POINT('',(-15.,-27.55,1.5));
#6279 = CARTESIAN_POINT('',(-7.,-27.55,1.5));
#6280 = B_SPLINE_SURFACE_WITH_KNOTS('',1,1,(
    (#6281,#6282)
    ,(#6283,#6284
    )),.UNSPECIFIED.,.F.,.F.,.F.,(2,2),(2,2),(0.,7.9),(0.,8.),
  .PIECEWISE_BEZIER_KNOTS.);
#6281 = CARTESIAN_POINT('',(-15.,-27.55,9.4));
#6282 = CARTESIAN_POINT('',(-7.,-27.55,9.4));
#6283 = CARTESIAN_POINT('',(-15.,-27.55,1.5));
#6284 = CARTESIAN_POINT('',(-7.,-27.55,1.5));
#6285 = ADVANCED_FACE('',(#6286),#6296,.T.);
#6286 = FACE_BOUND('',#6287,.T.);
#6287 = EDGE_LOOP('',(#6288,#6289,#6290,#6295));
#6288 = ORIENTED_EDGE('',*,*,#6270,.T.);
#6289 = ORIENTED_EDGE('',*,*,#2428,.F.);
#6290 = ORIENTED_EDGE('',*,*,#6291,.F.);
#6291 = EDGE_CURVE('',#2299,#2422,#6292,.T.);
#6292 = B_SPLINE_CURVE_WITH_KNOTS('',1,(#6293,#6294),.UNSPECIFIED.,.F.,
  .F.,(2,2),(5.775,13.775),.PIECEWISE_BEZIER_KNOTS.);
#6293 = CARTESIAN_POINT('',(-15.,-26.55,9.4));
#6294 = CARTESIAN_POINT('',(-7.,-26.55,9.4));
#6295 = ORIENTED_EDGE('',*,*,#2298,.T.);
#6296 = B_SPLINE_SURFACE_WITH_KNOTS('',1,1,(
    (#6297,#6298)
    ,(#6299,#6300
    )),.UNSPECIFIED.,.F.,.F.,.F.,(2,2),(2,2),(-4.,4.),(-0.5,0.5),
  .PIECEWISE_BEZIER_KNOTS.);
#6297 = CARTESIAN_POINT('',(-7.,-26.55,9.4));
#6298 = CARTESIAN_POINT('',(-7.,-27.55,9.4));
#6299 = CARTESIAN_POINT('',(-15.,-26.55,9.4));
#6300 = CARTESIAN_POINT('',(-15.,-27.55,9.4));
#6301 = ADVANCED_FACE('',(#6302),#6312,.T.);
#6302 = FACE_BOUND('',#6303,.T.);
#6303 = EDGE_LOOP('',(#6304,#6305,#6306,#6311));
#6304 = ORIENTED_EDGE('',*,*,#6291,.T.);
#6305 = ORIENTED_EDGE('',*,*,#2421,.T.);
#6306 = ORIENTED_EDGE('',*,*,#6307,.F.);
#6307 = EDGE_CURVE('',#2306,#2415,#6308,.T.);
#6308 = B_SPLINE_CURVE_WITH_KNOTS('',1,(#6309,#6310),.UNSPECIFIED.,.F.,
  .F.,(2,2),(0.,8.),.PIECEWISE_BEZIER_KNOTS.);
#6309 = CARTESIAN_POINT('',(-15.,-26.,8.8));
#6310 = CARTESIAN_POINT('',(-7.,-26.,8.8));
#6311 = ORIENTED_EDGE('',*,*,#2305,.F.);
#6312 = B_SPLINE_SURFACE_WITH_KNOTS('',1,1,(
    (#6313,#6314)
    ,(#6315,#6316
    )),.UNSPECIFIED.,.F.,.F.,.F.,(2,2),(2,2),(0.,0.813941029805),(-8.,0.
    ),.PIECEWISE_BEZIER_KNOTS.);
#6313 = CARTESIAN_POINT('',(-7.,-26.55,9.4));
#6314 = CARTESIAN_POINT('',(-15.,-26.55,9.4));
#6315 = CARTESIAN_POINT('',(-7.,-26.,8.8));
#6316 = CARTESIAN_POINT('',(-15.,-26.,8.8));
#6317 = ADVANCED_FACE('',(#6318),#6328,.T.);
#6318 = FACE_BOUND('',#6319,.T.);
#6319 = EDGE_LOOP('',(#6320,#6321,#6322,#6327));
#6320 = ORIENTED_EDGE('',*,*,#6307,.T.);
#6321 = ORIENTED_EDGE('',*,*,#2414,.T.);
#6322 = ORIENTED_EDGE('',*,*,#6323,.F.);
#6323 = EDGE_CURVE('',#2313,#2408,#6324,.T.);
#6324 = B_SPLINE_CURVE_WITH_KNOTS('',1,(#6325,#6326),.UNSPECIFIED.,.F.,
  .F.,(2,2),(0.,8.),.PIECEWISE_BEZIER_KNOTS.);
#6325 = CARTESIAN_POINT('',(-15.,-26.,8.4));
#6326 = CARTESIAN_POINT('',(-7.,-26.,8.4));
#6327 = ORIENTED_EDGE('',*,*,#2312,.F.);
#6328 = B_SPLINE_SURFACE_WITH_KNOTS('',1,1,(
    (#6329,#6330)
    ,(#6331,#6332
    )),.UNSPECIFIED.,.F.,.F.,.F.,(2,2),(2,2),(0.,0.4),(-8.,0.),
  .PIECEWISE_BEZIER_KNOTS.);
#6329 = CARTESIAN_POINT('',(-7.,-26.,8.8));
#6330 = CARTESIAN_POINT('',(-15.,-26.,8.8));
#6331 = CARTESIAN_POINT('',(-7.,-26.,8.4));
#6332 = CARTESIAN_POINT('',(-15.,-26.,8.4));
#6333 = ADVANCED_FACE('',(#6334),#6340,.T.);
#6334 = FACE_BOUND('',#6335,.T.);
#6335 = EDGE_LOOP('',(#6336,#6337,#6338,#6339));
#6336 = ORIENTED_EDGE('',*,*,#6323,.T.);
#6337 = ORIENTED_EDGE('',*,*,#2407,.T.);
#6338 = ORIENTED_EDGE('',*,*,#2363,.F.);
#6339 = ORIENTED_EDGE('',*,*,#2319,.F.);
#6340 = B_SPLINE_SURFACE_WITH_KNOTS('',1,1,(
    (#6341,#6342)
    ,(#6343,#6344
    )),.UNSPECIFIED.,.F.,.F.,.F.,(2,2),(2,2),(0.,0.55),(-8.,0.),
  .PIECEWISE_BEZIER_KNOTS.);
#6341 = CARTESIAN_POINT('',(-7.,-26.,8.4));
#6342 = CARTESIAN_POINT('',(-15.,-26.,8.4));
#6343 = CARTESIAN_POINT('',(-7.,-26.55,8.4));
#6344 = CARTESIAN_POINT('',(-15.,-26.55,8.4));
#6345 = ADVANCED_FACE('',(#6346),#6352,.T.);
#6346 = FACE_BOUND('',#6347,.T.);
#6347 = EDGE_LOOP('',(#6348,#6349,#6350,#6351));
#6348 = ORIENTED_EDGE('',*,*,#2340,.T.);
#6349 = ORIENTED_EDGE('',*,*,#6244,.T.);
#6350 = ORIENTED_EDGE('',*,*,#2385,.F.);
#6351 = ORIENTED_EDGE('',*,*,#6276,.F.);
#6352 = ( BOUNDED_SURFACE() B_SPLINE_SURFACE(2,1,(
    (#6353,#6354)
    ,(#6355,#6356)
    ,(#6357,#6358
)),.UNSPECIFIED.,.F.,.F.,.F.) B_SPLINE_SURFACE_WITH_KNOTS((3,3),(2,2),(
    0.,1.570796326795),(0.,8.),.PIECEWISE_BEZIER_KNOTS.) 
GEOMETRIC_REPRESENTATION_ITEM() RATIONAL_B_SPLINE_SURFACE((
    (1.,1.)
    ,(0.707106781187,0.707106781187)
,(1.,1.))) REPRESENTATION_ITEM('') SURFACE() );
#6353 = CARTESIAN_POINT('',(-15.,-27.55,1.5));
#6354 = CARTESIAN_POINT('',(-7.,-27.55,1.5));
#6355 = CARTESIAN_POINT('',(-15.,-27.55,1.2));
#6356 = CARTESIAN_POINT('',(-7.,-27.55,1.2));
#6357 = CARTESIAN_POINT('',(-15.,-27.85,1.2));
#6358 = CARTESIAN_POINT('',(-7.,-27.85,1.2));
#6359 = ADVANCED_FACE('',(#6360),#6366,.F.);
#6360 = FACE_BOUND('',#6361,.F.);
#6361 = EDGE_LOOP('',(#6362,#6363,#6364,#6365));
#6362 = ORIENTED_EDGE('',*,*,#2675,.T.);
#6363 = ORIENTED_EDGE('',*,*,#5154,.T.);
#6364 = ORIENTED_EDGE('',*,*,#2472,.F.);
#6365 = ORIENTED_EDGE('',*,*,#2513,.T.);
#6366 = B_SPLINE_SURFACE_WITH_KNOTS('',1,1,(
    (#6367,#6368)
    ,(#6369,#6370
    )),.UNSPECIFIED.,.F.,.F.,.F.,(2,2),(2,2),(-32.95,-20.15),(
    -0.423559897443,0.),.PIECEWISE_BEZIER_KNOTS.);
#6367 = CARTESIAN_POINT('',(6.4,-26.84900332225,9.8));
#6368 = CARTESIAN_POINT('',(6.4,-26.55,9.5));
#6369 = CARTESIAN_POINT('',(-6.4,-26.84900332225,9.8));
#6370 = CARTESIAN_POINT('',(-6.4,-26.55,9.5));
#6371 = ADVANCED_FACE('',(#6372),#6387,.T.);
#6372 = FACE_BOUND('',#6373,.T.);
#6373 = EDGE_LOOP('',(#6374,#6381,#6382));
#6374 = ORIENTED_EDGE('',*,*,#6375,.T.);
#6375 = EDGE_CURVE('',#6376,#2525,#6378,.T.);
#6376 = VERTEX_POINT('',#6377);
#6377 = CARTESIAN_POINT('',(0.,-26.549,7.6));
#6378 = B_SPLINE_CURVE_WITH_KNOTS('',1,(#6379,#6380),.UNSPECIFIED.,.F.,
  .F.,(2,2),(0.,1.466827321616E-02),.PIECEWISE_BEZIER_KNOTS.);
#6379 = CARTESIAN_POINT('',(0.,-26.549,7.6));
#6380 = CARTESIAN_POINT('',(-1.463414634148E-02,-26.55,7.6));
#6381 = ORIENTED_EDGE('',*,*,#2522,.F.);
#6382 = ORIENTED_EDGE('',*,*,#6383,.T.);
#6383 = EDGE_CURVE('',#2523,#6376,#6384,.T.);
#6384 = B_SPLINE_CURVE_WITH_KNOTS('',1,(#6385,#6386),.UNSPECIFIED.,.F.,
  .F.,(2,2),(0.586730928646,0.601399201862),.PIECEWISE_BEZIER_KNOTS.);
#6385 = CARTESIAN_POINT('',(1.463414634148E-02,-26.55,7.6));
#6386 = CARTESIAN_POINT('',(0.,-26.549,7.6));
#6387 = B_SPLINE_SURFACE_WITH_KNOTS('',1,1,(
    (#6388,#6389)
    ,(#6390,#6391
    )),.UNSPECIFIED.,.F.,.F.,.F.,(2,2),(2,2),(0.585365853659,
    0.614634146341),(4.E-02,4.1E-02),.PIECEWISE_BEZIER_KNOTS.);
#6388 = CARTESIAN_POINT('',(-1.463414634148E-02,-26.55,7.6));
#6389 = CARTESIAN_POINT('',(-1.463414634148E-02,-26.549,7.6));
#6390 = CARTESIAN_POINT('',(1.463414634148E-02,-26.55,7.6));
#6391 = CARTESIAN_POINT('',(1.463414634148E-02,-26.549,7.6));
#6392 = ADVANCED_FACE('',(#6393),#6409,.F.);
#6393 = FACE_BOUND('',#6394,.F.);
#6394 = EDGE_LOOP('',(#6395,#6402,#6403,#6404));
#6395 = ORIENTED_EDGE('',*,*,#6396,.F.);
#6396 = EDGE_CURVE('',#6376,#6397,#6399,.T.);
#6397 = VERTEX_POINT('',#6398);
#6398 = CARTESIAN_POINT('',(0.,-26.45,7.3));
#6399 = B_SPLINE_CURVE_WITH_KNOTS('',1,(#6400,#6401),.UNSPECIFIED.,.F.,
  .F.,(2,2),(0.,1.),.PIECEWISE_BEZIER_KNOTS.);
#6400 = CARTESIAN_POINT('',(0.,-26.549,7.6));
#6401 = CARTESIAN_POINT('',(0.,-26.45,7.3));
#6402 = ORIENTED_EDGE('',*,*,#6375,.T.);
#6403 = ORIENTED_EDGE('',*,*,#2629,.T.);
#6404 = ORIENTED_EDGE('',*,*,#6405,.F.);
#6405 = EDGE_CURVE('',#6397,#2623,#6406,.T.);
#6406 = B_SPLINE_CURVE_WITH_KNOTS('',1,(#6407,#6408),.UNSPECIFIED.,.F.,
  .F.,(2,2),(0.,0.440083480021),.PIECEWISE_BEZIER_KNOTS.);
#6407 = CARTESIAN_POINT('',(0.,-26.45,7.3));
#6408 = CARTESIAN_POINT('',(-0.428571428571,-26.55,7.3));
#6409 = B_SPLINE_SURFACE_WITH_KNOTS('',1,1,(
    (#6410,#6411)
    ,(#6412,#6413
    )),.UNSPECIFIED.,.F.,.F.,.F.,(2,2),(2,2),(0.,0.61611687203),(0.,1.),
  .PIECEWISE_BEZIER_KNOTS.);
#6410 = CARTESIAN_POINT('',(0.,-26.549,7.6));
#6411 = CARTESIAN_POINT('',(0.,-26.45,7.3));
#6412 = CARTESIAN_POINT('',(-0.6,-26.59,7.6));
#6413 = CARTESIAN_POINT('',(-0.6,-26.59,7.3));
#6414 = ADVANCED_FACE('',(#6415),#6431,.F.);
#6415 = FACE_BOUND('',#6416,.F.);
#6416 = EDGE_LOOP('',(#6417,#6424,#6425,#6426));
#6417 = ORIENTED_EDGE('',*,*,#6418,.F.);
#6418 = EDGE_CURVE('',#6397,#6419,#6421,.T.);
#6419 = VERTEX_POINT('',#6420);
#6420 = CARTESIAN_POINT('',(0.,-26.45,3.1));
#6421 = B_SPLINE_CURVE_WITH_KNOTS('',1,(#6422,#6423),.UNSPECIFIED.,.F.,
  .F.,(2,2),(0.,1.),.PIECEWISE_BEZIER_KNOTS.);
#6422 = CARTESIAN_POINT('',(0.,-26.45,7.3));
#6423 = CARTESIAN_POINT('',(0.,-26.45,3.1));
#6424 = ORIENTED_EDGE('',*,*,#6405,.T.);
#6425 = ORIENTED_EDGE('',*,*,#2622,.F.);
#6426 = ORIENTED_EDGE('',*,*,#6427,.F.);
#6427 = EDGE_CURVE('',#6419,#2600,#6428,.T.);
#6428 = B_SPLINE_CURVE_WITH_KNOTS('',1,(#6429,#6430),.UNSPECIFIED.,.F.,
  .F.,(2,2),(0.,0.440083480021),.PIECEWISE_BEZIER_KNOTS.);
#6429 = CARTESIAN_POINT('',(0.,-26.45,3.1));
#6430 = CARTESIAN_POINT('',(-0.428571428571,-26.55,3.1));
#6431 = B_SPLINE_SURFACE_WITH_KNOTS('',1,1,(
    (#6432,#6433)
    ,(#6434,#6435
    )),.UNSPECIFIED.,.F.,.F.,.F.,(2,2),(2,2),(0.,0.440083480021),(-4.2,
    0.),.PIECEWISE_BEZIER_KNOTS.);
#6432 = CARTESIAN_POINT('',(0.,-26.45,7.3));
#6433 = CARTESIAN_POINT('',(0.,-26.45,3.1));
#6434 = CARTESIAN_POINT('',(-0.428571428571,-26.55,7.3));
#6435 = CARTESIAN_POINT('',(-0.428571428571,-26.55,3.1));
#6436 = ADVANCED_FACE('',(#6437),#6453,.F.);
#6437 = FACE_BOUND('',#6438,.F.);
#6438 = EDGE_LOOP('',(#6439,#6446,#6447,#6448));
#6439 = ORIENTED_EDGE('',*,*,#6440,.F.);
#6440 = EDGE_CURVE('',#6419,#6441,#6443,.T.);
#6441 = VERTEX_POINT('',#6442);
#6442 = CARTESIAN_POINT('',(0.,-26.549,2.8));
#6443 = B_SPLINE_CURVE_WITH_KNOTS('',1,(#6444,#6445),.UNSPECIFIED.,.F.,
  .F.,(2,2),(0.,1.),.PIECEWISE_BEZIER_KNOTS.);
#6444 = CARTESIAN_POINT('',(0.,-26.45,3.1));
#6445 = CARTESIAN_POINT('',(0.,-26.549,2.8));
#6446 = ORIENTED_EDGE('',*,*,#6427,.T.);
#6447 = ORIENTED_EDGE('',*,*,#2599,.T.);
#6448 = ORIENTED_EDGE('',*,*,#6449,.F.);
#6449 = EDGE_CURVE('',#6441,#2593,#6450,.T.);
#6450 = B_SPLINE_CURVE_WITH_KNOTS('',1,(#6451,#6452),.UNSPECIFIED.,.F.,
  .F.,(2,2),(0.,1.466827321616E-02),.PIECEWISE_BEZIER_KNOTS.);
#6451 = CARTESIAN_POINT('',(0.,-26.549,2.8));
#6452 = CARTESIAN_POINT('',(-1.463414634148E-02,-26.55,2.8));
#6453 = B_SPLINE_SURFACE_WITH_KNOTS('',1,1,(
    (#6454,#6455)
    ,(#6456,#6457
    )),.UNSPECIFIED.,.F.,.F.,.F.,(2,2),(2,2),(0.,0.61611687203),(0.,1.),
  .PIECEWISE_BEZIER_KNOTS.);
#6454 = CARTESIAN_POINT('',(0.,-26.45,3.1));
#6455 = CARTESIAN_POINT('',(0.,-26.549,2.8));
#6456 = CARTESIAN_POINT('',(-0.6,-26.59,3.1));
#6457 = CARTESIAN_POINT('',(-0.6,-26.59,2.8));
#6458 = ADVANCED_FACE('',(#6459),#6468,.F.);
#6459 = FACE_BOUND('',#6460,.F.);
#6460 = EDGE_LOOP('',(#6461,#6462,#6463));
#6461 = ORIENTED_EDGE('',*,*,#6449,.T.);
#6462 = ORIENTED_EDGE('',*,*,#2592,.F.);
#6463 = ORIENTED_EDGE('',*,*,#6464,.T.);
#6464 = EDGE_CURVE('',#2570,#6441,#6465,.T.);
#6465 = B_SPLINE_CURVE_WITH_KNOTS('',1,(#6466,#6467),.UNSPECIFIED.,.F.,
  .F.,(2,2),(0.586730928646,0.601399201862),.PIECEWISE_BEZIER_KNOTS.);
#6466 = CARTESIAN_POINT('',(1.463414634148E-02,-26.55,2.8));
#6467 = CARTESIAN_POINT('',(0.,-26.549,2.8));
#6468 = B_SPLINE_SURFACE_WITH_KNOTS('',1,1,(
    (#6469,#6470)
    ,(#6471,#6472
    )),.UNSPECIFIED.,.F.,.F.,.F.,(2,2),(2,2),(0.585365853659,
    0.614634146341),(4.E-02,4.1E-02),.PIECEWISE_BEZIER_KNOTS.);
#6469 = CARTESIAN_POINT('',(-1.463414634148E-02,-26.55,2.8));
#6470 = CARTESIAN_POINT('',(-1.463414634148E-02,-26.549,2.8));
#6471 = CARTESIAN_POINT('',(1.463414634148E-02,-26.55,2.8));
#6472 = CARTESIAN_POINT('',(1.463414634148E-02,-26.549,2.8));
#6473 = ADVANCED_FACE('',(#6474),#6484,.F.);
#6474 = FACE_BOUND('',#6475,.F.);
#6475 = EDGE_LOOP('',(#6476,#6477,#6482,#6483));
#6476 = ORIENTED_EDGE('',*,*,#2569,.F.);
#6477 = ORIENTED_EDGE('',*,*,#6478,.T.);
#6478 = EDGE_CURVE('',#2563,#6419,#6479,.T.);
#6479 = B_SPLINE_CURVE_WITH_KNOTS('',1,(#6480,#6481),.UNSPECIFIED.,.F.,
  .F.,(2,2),(0.176033392009,0.61611687203),.PIECEWISE_BEZIER_KNOTS.);
#6480 = CARTESIAN_POINT('',(0.428571428571,-26.55,3.1));
#6481 = CARTESIAN_POINT('',(0.,-26.45,3.1));
#6482 = ORIENTED_EDGE('',*,*,#6440,.T.);
#6483 = ORIENTED_EDGE('',*,*,#6464,.F.);
#6484 = B_SPLINE_SURFACE_WITH_KNOTS('',1,1,(
    (#6485,#6486)
    ,(#6487,#6488
    )),.UNSPECIFIED.,.F.,.F.,.F.,(2,2),(2,2),(0.,0.61611687203),(0.,1.),
  .PIECEWISE_BEZIER_KNOTS.);
#6485 = CARTESIAN_POINT('',(0.6,-26.59,3.1));
#6486 = CARTESIAN_POINT('',(0.6,-26.59,2.8));
#6487 = CARTESIAN_POINT('',(0.,-26.45,3.1));
#6488 = CARTESIAN_POINT('',(0.,-26.549,2.8));
#6489 = ADVANCED_FACE('',(#6490),#6500,.F.);
#6490 = FACE_BOUND('',#6491,.F.);
#6491 = EDGE_LOOP('',(#6492,#6493,#6498,#6499));
#6492 = ORIENTED_EDGE('',*,*,#2562,.F.);
#6493 = ORIENTED_EDGE('',*,*,#6494,.T.);
#6494 = EDGE_CURVE('',#2532,#6397,#6495,.T.);
#6495 = B_SPLINE_CURVE_WITH_KNOTS('',1,(#6496,#6497),.UNSPECIFIED.,.F.,
  .F.,(2,2),(0.176033392009,0.61611687203),.PIECEWISE_BEZIER_KNOTS.);
#6496 = CARTESIAN_POINT('',(0.428571428571,-26.55,7.3));
#6497 = CARTESIAN_POINT('',(0.,-26.45,7.3));
#6498 = ORIENTED_EDGE('',*,*,#6418,.T.);
#6499 = ORIENTED_EDGE('',*,*,#6478,.F.);
#6500 = B_SPLINE_SURFACE_WITH_KNOTS('',1,1,(
    (#6501,#6502)
    ,(#6503,#6504
    )),.UNSPECIFIED.,.F.,.F.,.F.,(2,2),(2,2),(0.176033392009,
    0.61611687203),(-4.2,0.),.PIECEWISE_BEZIER_KNOTS.);
#6501 = CARTESIAN_POINT('',(0.428571428571,-26.55,7.3));
#6502 = CARTESIAN_POINT('',(0.428571428571,-26.55,3.1));
#6503 = CARTESIAN_POINT('',(-1.110223024625E-16,-26.45,7.3));
#6504 = CARTESIAN_POINT('',(-1.110223024625E-16,-26.45,3.1));
#6505 = ADVANCED_FACE('',(#6506),#6512,.F.);
#6506 = FACE_BOUND('',#6507,.F.);
#6507 = EDGE_LOOP('',(#6508,#6509,#6510,#6511));
#6508 = ORIENTED_EDGE('',*,*,#2531,.F.);
#6509 = ORIENTED_EDGE('',*,*,#6383,.T.);
#6510 = ORIENTED_EDGE('',*,*,#6396,.T.);
#6511 = ORIENTED_EDGE('',*,*,#6494,.F.);
#6512 = B_SPLINE_SURFACE_WITH_KNOTS('',1,1,(
    (#6513,#6514)
    ,(#6515,#6516
    )),.UNSPECIFIED.,.F.,.F.,.F.,(2,2),(2,2),(0.,0.61611687203),(0.,1.),
  .PIECEWISE_BEZIER_KNOTS.);
#6513 = CARTESIAN_POINT('',(0.6,-26.59,7.6));
#6514 = CARTESIAN_POINT('',(0.6,-26.59,7.3));
#6515 = CARTESIAN_POINT('',(0.,-26.549,7.6));
#6516 = CARTESIAN_POINT('',(0.,-26.45,7.3));
#6517 = ADVANCED_FACE('',(#6518),#6536,.T.);
#6518 = FACE_BOUND('',#6519,.T.);
#6519 = EDGE_LOOP('',(#6520,#6521,#6522,#6523,#6528,#6529,#6530,#6531));
#6520 = ORIENTED_EDGE('',*,*,#2775,.F.);
#6521 = ORIENTED_EDGE('',*,*,#2711,.F.);
#6522 = ORIENTED_EDGE('',*,*,#2696,.T.);
#6523 = ORIENTED_EDGE('',*,*,#6524,.T.);
#6524 = EDGE_CURVE('',#2690,#2929,#6525,.T.);
#6525 = B_SPLINE_CURVE_WITH_KNOTS('',1,(#6526,#6527),.UNSPECIFIED.,.F.,
  .F.,(2,2),(-8.6,0.6),.PIECEWISE_BEZIER_KNOTS.);
#6526 = CARTESIAN_POINT('',(6.4,-28.15,1.2));
#6527 = CARTESIAN_POINT('',(15.6,-28.15,1.2));
#6528 = ORIENTED_EDGE('',*,*,#2935,.F.);
#6529 = ORIENTED_EDGE('',*,*,#2892,.F.);
#6530 = ORIENTED_EDGE('',*,*,#2835,.T.);
#6531 = ORIENTED_EDGE('',*,*,#6532,.F.);
#6532 = EDGE_CURVE('',#2776,#2828,#6533,.T.);
#6533 = B_SPLINE_CURVE_WITH_KNOTS('',1,(#6534,#6535),.UNSPECIFIED.,.F.,
  .F.,(2,2),(-0.,8.),.PIECEWISE_BEZIER_KNOTS.);
#6534 = CARTESIAN_POINT('',(7.,-27.85,1.2));
#6535 = CARTESIAN_POINT('',(15.,-27.85,1.2));
#6536 = B_SPLINE_SURFACE_WITH_KNOTS('',1,1,(
    (#6537,#6538)
    ,(#6539,#6540
    )),.UNSPECIFIED.,.F.,.F.,.F.,(2,2),(2,2),(-0.498529411765,
    1.151470588235),(-4.6,4.6),.PIECEWISE_BEZIER_KNOTS.);
#6537 = CARTESIAN_POINT('',(15.6,-28.15,1.2));
#6538 = CARTESIAN_POINT('',(6.4,-28.15,1.2));
#6539 = CARTESIAN_POINT('',(15.6,-26.5,1.2));
#6540 = CARTESIAN_POINT('',(6.4,-26.5,1.2));
#6541 = ADVANCED_FACE('',(#6542),#6548,.T.);
#6542 = FACE_BOUND('',#6543,.T.);
#6543 = EDGE_LOOP('',(#6544,#6545,#6546,#6547));
#6544 = ORIENTED_EDGE('',*,*,#5160,.F.);
#6545 = ORIENTED_EDGE('',*,*,#2928,.T.);
#6546 = ORIENTED_EDGE('',*,*,#6524,.F.);
#6547 = ORIENTED_EDGE('',*,*,#2689,.F.);
#6548 = B_SPLINE_SURFACE_WITH_KNOTS('',1,1,(
    (#6549,#6550)
    ,(#6551,#6552
    )),.UNSPECIFIED.,.F.,.F.,.F.,(2,2),(2,2),(-4.3,4.3),(-4.6,4.6),
  .PIECEWISE_BEZIER_KNOTS.);
#6549 = CARTESIAN_POINT('',(6.4,-28.15,1.2));
#6550 = CARTESIAN_POINT('',(15.6,-28.15,1.2));
#6551 = CARTESIAN_POINT('',(6.4,-28.15,9.8));
#6552 = CARTESIAN_POINT('',(15.6,-28.15,9.8));
#6553 = ADVANCED_FACE('',(#6554),#6568,.T.);
#6554 = FACE_BOUND('',#6555,.T.);
#6555 = EDGE_LOOP('',(#6556,#6557,#6562,#6563));
#6556 = ORIENTED_EDGE('',*,*,#2818,.F.);
#6557 = ORIENTED_EDGE('',*,*,#6558,.F.);
#6558 = EDGE_CURVE('',#2732,#2819,#6559,.T.);
#6559 = B_SPLINE_CURVE_WITH_KNOTS('',1,(#6560,#6561),.UNSPECIFIED.,.F.,
  .F.,(2,2),(0.,8.),.PIECEWISE_BEZIER_KNOTS.);
#6560 = CARTESIAN_POINT('',(7.,-27.55,9.4));
#6561 = CARTESIAN_POINT('',(15.,-27.55,9.4));
#6562 = ORIENTED_EDGE('',*,*,#2731,.T.);
#6563 = ORIENTED_EDGE('',*,*,#6564,.T.);
#6564 = EDGE_CURVE('',#2734,#2821,#6565,.T.);
#6565 = B_SPLINE_CURVE_WITH_KNOTS('',1,(#6566,#6567),.UNSPECIFIED.,.F.,
  .F.,(2,2),(0.,8.),.PIECEWISE_BEZIER_KNOTS.);
#6566 = CARTESIAN_POINT('',(7.,-27.55,1.5));
#6567 = CARTESIAN_POINT('',(15.,-27.55,1.5));
#6568 = B_SPLINE_SURFACE_WITH_KNOTS('',1,1,(
    (#6569,#6570)
    ,(#6571,#6572
    )),.UNSPECIFIED.,.F.,.F.,.F.,(2,2),(2,2),(0.,7.9),(0.,8.),
  .PIECEWISE_BEZIER_KNOTS.);
#6569 = CARTESIAN_POINT('',(7.,-27.55,9.4));
#6570 = CARTESIAN_POINT('',(15.,-27.55,9.4));
#6571 = CARTESIAN_POINT('',(7.,-27.55,1.5));
#6572 = CARTESIAN_POINT('',(15.,-27.55,1.5));
#6573 = ADVANCED_FACE('',(#6574),#6584,.T.);
#6574 = FACE_BOUND('',#6575,.T.);
#6575 = EDGE_LOOP('',(#6576,#6577,#6578,#6583));
#6576 = ORIENTED_EDGE('',*,*,#6558,.T.);
#6577 = ORIENTED_EDGE('',*,*,#2870,.F.);
#6578 = ORIENTED_EDGE('',*,*,#6579,.F.);
#6579 = EDGE_CURVE('',#2741,#2864,#6580,.T.);
#6580 = B_SPLINE_CURVE_WITH_KNOTS('',1,(#6581,#6582),.UNSPECIFIED.,.F.,
  .F.,(2,2),(16.775,24.775),.PIECEWISE_BEZIER_KNOTS.);
#6581 = CARTESIAN_POINT('',(7.,-26.55,9.4));
#6582 = CARTESIAN_POINT('',(15.,-26.55,9.4));
#6583 = ORIENTED_EDGE('',*,*,#2740,.T.);
#6584 = B_SPLINE_SURFACE_WITH_KNOTS('',1,1,(
    (#6585,#6586)
    ,(#6587,#6588
    )),.UNSPECIFIED.,.F.,.F.,.F.,(2,2),(2,2),(-4.,4.),(-0.5,0.5),
  .PIECEWISE_BEZIER_KNOTS.);
#6585 = CARTESIAN_POINT('',(15.,-26.55,9.4));
#6586 = CARTESIAN_POINT('',(15.,-27.55,9.4));
#6587 = CARTESIAN_POINT('',(7.,-26.55,9.4));
#6588 = CARTESIAN_POINT('',(7.,-27.55,9.4));
#6589 = ADVANCED_FACE('',(#6590),#6600,.T.);
#6590 = FACE_BOUND('',#6591,.T.);
#6591 = EDGE_LOOP('',(#6592,#6593,#6594,#6599));
#6592 = ORIENTED_EDGE('',*,*,#6579,.T.);
#6593 = ORIENTED_EDGE('',*,*,#2863,.T.);
#6594 = ORIENTED_EDGE('',*,*,#6595,.F.);
#6595 = EDGE_CURVE('',#2748,#2857,#6596,.T.);
#6596 = B_SPLINE_CURVE_WITH_KNOTS('',1,(#6597,#6598),.UNSPECIFIED.,.F.,
  .F.,(2,2),(0.,8.),.PIECEWISE_BEZIER_KNOTS.);
#6597 = CARTESIAN_POINT('',(7.,-26.,8.8));
#6598 = CARTESIAN_POINT('',(15.,-26.,8.8));
#6599 = ORIENTED_EDGE('',*,*,#2747,.F.);
#6600 = B_SPLINE_SURFACE_WITH_KNOTS('',1,1,(
    (#6601,#6602)
    ,(#6603,#6604
    )),.UNSPECIFIED.,.F.,.F.,.F.,(2,2),(2,2),(0.,0.813941029805),(-8.,0.
    ),.PIECEWISE_BEZIER_KNOTS.);
#6601 = CARTESIAN_POINT('',(15.,-26.55,9.4));
#6602 = CARTESIAN_POINT('',(7.,-26.55,9.4));
#6603 = CARTESIAN_POINT('',(15.,-26.,8.8));
#6604 = CARTESIAN_POINT('',(7.,-26.,8.8));
#6605 = ADVANCED_FACE('',(#6606),#6616,.T.);
#6606 = FACE_BOUND('',#6607,.T.);
#6607 = EDGE_LOOP('',(#6608,#6609,#6610,#6615));
#6608 = ORIENTED_EDGE('',*,*,#6595,.T.);
#6609 = ORIENTED_EDGE('',*,*,#2856,.T.);
#6610 = ORIENTED_EDGE('',*,*,#6611,.F.);
#6611 = EDGE_CURVE('',#2755,#2850,#6612,.T.);
#6612 = B_SPLINE_CURVE_WITH_KNOTS('',1,(#6613,#6614),.UNSPECIFIED.,.F.,
  .F.,(2,2),(0.,8.),.PIECEWISE_BEZIER_KNOTS.);
#6613 = CARTESIAN_POINT('',(7.,-26.,8.4));
#6614 = CARTESIAN_POINT('',(15.,-26.,8.4));
#6615 = ORIENTED_EDGE('',*,*,#2754,.F.);
#6616 = B_SPLINE_SURFACE_WITH_KNOTS('',1,1,(
    (#6617,#6618)
    ,(#6619,#6620
    )),.UNSPECIFIED.,.F.,.F.,.F.,(2,2),(2,2),(0.,0.4),(-8.,0.),
  .PIECEWISE_BEZIER_KNOTS.);
#6617 = CARTESIAN_POINT('',(15.,-26.,8.8));
#6618 = CARTESIAN_POINT('',(7.,-26.,8.8));
#6619 = CARTESIAN_POINT('',(15.,-26.,8.4));
#6620 = CARTESIAN_POINT('',(7.,-26.,8.4));
#6621 = ADVANCED_FACE('',(#6622),#6628,.T.);
#6622 = FACE_BOUND('',#6623,.T.);
#6623 = EDGE_LOOP('',(#6624,#6625,#6626,#6627));
#6624 = ORIENTED_EDGE('',*,*,#6611,.T.);
#6625 = ORIENTED_EDGE('',*,*,#2849,.T.);
#6626 = ORIENTED_EDGE('',*,*,#2805,.F.);
#6627 = ORIENTED_EDGE('',*,*,#2761,.F.);
#6628 = B_SPLINE_SURFACE_WITH_KNOTS('',1,1,(
    (#6629,#6630)
    ,(#6631,#6632
    )),.UNSPECIFIED.,.F.,.F.,.F.,(2,2),(2,2),(0.,0.55),(-8.,0.),
  .PIECEWISE_BEZIER_KNOTS.);
#6629 = CARTESIAN_POINT('',(15.,-26.,8.4));
#6630 = CARTESIAN_POINT('',(7.,-26.,8.4));
#6631 = CARTESIAN_POINT('',(15.,-26.55,8.4));
#6632 = CARTESIAN_POINT('',(7.,-26.55,8.4));
#6633 = ADVANCED_FACE('',(#6634),#6640,.T.);
#6634 = FACE_BOUND('',#6635,.T.);
#6635 = EDGE_LOOP('',(#6636,#6637,#6638,#6639));
#6636 = ORIENTED_EDGE('',*,*,#2782,.T.);
#6637 = ORIENTED_EDGE('',*,*,#6532,.T.);
#6638 = ORIENTED_EDGE('',*,*,#2827,.F.);
#6639 = ORIENTED_EDGE('',*,*,#6564,.F.);
#6640 = ( BOUNDED_SURFACE() B_SPLINE_SURFACE(2,1,(
    (#6641,#6642)
    ,(#6643,#6644)
    ,(#6645,#6646
)),.UNSPECIFIED.,.F.,.F.,.F.) B_SPLINE_SURFACE_WITH_KNOTS((3,3),(2,2),(
    0.,1.570796326795),(0.,8.),.PIECEWISE_BEZIER_KNOTS.) 
GEOMETRIC_REPRESENTATION_ITEM() RATIONAL_B_SPLINE_SURFACE((
    (1.,1.)
    ,(0.707106781187,0.707106781187)
,(1.,1.))) REPRESENTATION_ITEM('') SURFACE() );
#6641 = CARTESIAN_POINT('',(7.,-27.55,1.5));
#6642 = CARTESIAN_POINT('',(15.,-27.55,1.5));
#6643 = CARTESIAN_POINT('',(7.,-27.55,1.2));
#6644 = CARTESIAN_POINT('',(15.,-27.55,1.2));
#6645 = CARTESIAN_POINT('',(7.,-27.85,1.2));
#6646 = CARTESIAN_POINT('',(15.,-27.85,1.2));
#6647 = ADVANCED_FACE('',(#6648),#6658,.F.);
#6648 = FACE_BOUND('',#6649,.F.);
#6649 = EDGE_LOOP('',(#6650,#6655,#6656,#6657));
#6650 = ORIENTED_EDGE('',*,*,#6651,.F.);
#6651 = EDGE_CURVE('',#5167,#2949,#6652,.T.);
#6652 = B_SPLINE_CURVE_WITH_KNOTS('',1,(#6653,#6654),.UNSPECIFIED.,.F.,
  .F.,(2,2),(0.,1.),.PIECEWISE_BEZIER_KNOTS.);
#6653 = CARTESIAN_POINT('',(25.,-26.85,9.801));
#6654 = CARTESIAN_POINT('',(25.,-26.55,9.5));
#6655 = ORIENTED_EDGE('',*,*,#5166,.T.);
#6656 = ORIENTED_EDGE('',*,*,#2914,.F.);
#6657 = ORIENTED_EDGE('',*,*,#2955,.T.);
#6658 = B_SPLINE_SURFACE_WITH_KNOTS('',1,1,(
    (#6659,#6660)
    ,(#6661,#6662
    )),.UNSPECIFIED.,.F.,.F.,.F.,(2,2),(2,2),(-51.55,-42.15),(
    -0.423559897443,0.),.PIECEWISE_BEZIER_KNOTS.);
#6659 = CARTESIAN_POINT('',(25.,-26.84900332225,9.8));
#6660 = CARTESIAN_POINT('',(25.,-26.55,9.5));
#6661 = CARTESIAN_POINT('',(15.6,-26.84900332225,9.8));
#6662 = CARTESIAN_POINT('',(15.6,-26.55,9.5));
#6663 = ADVANCED_FACE('',(#6664),#6679,.T.);
#6664 = FACE_BOUND('',#6665,.T.);
#6665 = EDGE_LOOP('',(#6666,#6673,#6674));
#6666 = ORIENTED_EDGE('',*,*,#6667,.T.);
#6667 = EDGE_CURVE('',#6668,#2967,#6670,.T.);
#6668 = VERTEX_POINT('',#6669);
#6669 = CARTESIAN_POINT('',(20.,-26.549,7.6));
#6670 = B_SPLINE_CURVE_WITH_KNOTS('',1,(#6671,#6672),.UNSPECIFIED.,.F.,
  .F.,(2,2),(0.,1.466827321616E-02),.PIECEWISE_BEZIER_KNOTS.);
#6671 = CARTESIAN_POINT('',(20.,-26.549,7.6));
#6672 = CARTESIAN_POINT('',(19.985365853659,-26.55,7.6));
#6673 = ORIENTED_EDGE('',*,*,#2964,.F.);
#6674 = ORIENTED_EDGE('',*,*,#6675,.T.);
#6675 = EDGE_CURVE('',#2965,#6668,#6676,.T.);
#6676 = B_SPLINE_CURVE_WITH_KNOTS('',1,(#6677,#6678),.UNSPECIFIED.,.F.,
  .F.,(2,2),(0.586730928646,0.601399201862),.PIECEWISE_BEZIER_KNOTS.);
#6677 = CARTESIAN_POINT('',(20.014634146341,-26.55,7.6));
#6678 = CARTESIAN_POINT('',(20.,-26.549,7.6));
#6679 = B_SPLINE_SURFACE_WITH_KNOTS('',1,1,(
    (#6680,#6681)
    ,(#6682,#6683
    )),.UNSPECIFIED.,.F.,.F.,.F.,(2,2),(2,2),(0.585365853659,
    0.614634146341),(4.E-02,4.1E-02),.PIECEWISE_BEZIER_KNOTS.);
#6680 = CARTESIAN_POINT('',(19.985365853659,-26.55,7.6));
#6681 = CARTESIAN_POINT('',(19.985365853659,-26.549,7.6));
#6682 = CARTESIAN_POINT('',(20.014634146341,-26.55,7.6));
#6683 = CARTESIAN_POINT('',(20.014634146341,-26.549,7.6));
#6684 = ADVANCED_FACE('',(#6685),#6701,.F.);
#6685 = FACE_BOUND('',#6686,.F.);
#6686 = EDGE_LOOP('',(#6687,#6694,#6695,#6696));
#6687 = ORIENTED_EDGE('',*,*,#6688,.F.);
#6688 = EDGE_CURVE('',#6668,#6689,#6691,.T.);
#6689 = VERTEX_POINT('',#6690);
#6690 = CARTESIAN_POINT('',(20.,-26.45,7.3));
#6691 = B_SPLINE_CURVE_WITH_KNOTS('',1,(#6692,#6693),.UNSPECIFIED.,.F.,
  .F.,(2,2),(0.,1.),.PIECEWISE_BEZIER_KNOTS.);
#6692 = CARTESIAN_POINT('',(20.,-26.549,7.6));
#6693 = CARTESIAN_POINT('',(20.,-26.45,7.3));
#6694 = ORIENTED_EDGE('',*,*,#6667,.T.);
#6695 = ORIENTED_EDGE('',*,*,#3071,.T.);
#6696 = ORIENTED_EDGE('',*,*,#6697,.F.);
#6697 = EDGE_CURVE('',#6689,#3065,#6698,.T.);
#6698 = B_SPLINE_CURVE_WITH_KNOTS('',1,(#6699,#6700),.UNSPECIFIED.,.F.,
  .F.,(2,2),(0.,0.440083480021),.PIECEWISE_BEZIER_KNOTS.);
#6699 = CARTESIAN_POINT('',(20.,-26.45,7.3));
#6700 = CARTESIAN_POINT('',(19.571428571429,-26.55,7.3));
#6701 = B_SPLINE_SURFACE_WITH_KNOTS('',1,1,(
    (#6702,#6703)
    ,(#6704,#6705
    )),.UNSPECIFIED.,.F.,.F.,.F.,(2,2),(2,2),(0.,0.61611687203),(0.,1.),
  .PIECEWISE_BEZIER_KNOTS.);
#6702 = CARTESIAN_POINT('',(20.,-26.549,7.6));
#6703 = CARTESIAN_POINT('',(20.,-26.45,7.3));
#6704 = CARTESIAN_POINT('',(19.4,-26.59,7.6));
#6705 = CARTESIAN_POINT('',(19.4,-26.59,7.3));
#6706 = ADVANCED_FACE('',(#6707),#6723,.F.);
#6707 = FACE_BOUND('',#6708,.F.);
#6708 = EDGE_LOOP('',(#6709,#6716,#6717,#6718));
#6709 = ORIENTED_EDGE('',*,*,#6710,.F.);
#6710 = EDGE_CURVE('',#6689,#6711,#6713,.T.);
#6711 = VERTEX_POINT('',#6712);
#6712 = CARTESIAN_POINT('',(20.,-26.45,3.1));
#6713 = B_SPLINE_CURVE_WITH_KNOTS('',1,(#6714,#6715),.UNSPECIFIED.,.F.,
  .F.,(2,2),(0.,1.),.PIECEWISE_BEZIER_KNOTS.);
#6714 = CARTESIAN_POINT('',(20.,-26.45,7.3));
#6715 = CARTESIAN_POINT('',(20.,-26.45,3.1));
#6716 = ORIENTED_EDGE('',*,*,#6697,.T.);
#6717 = ORIENTED_EDGE('',*,*,#3064,.F.);
#6718 = ORIENTED_EDGE('',*,*,#6719,.F.);
#6719 = EDGE_CURVE('',#6711,#3042,#6720,.T.);
#6720 = B_SPLINE_CURVE_WITH_KNOTS('',1,(#6721,#6722),.UNSPECIFIED.,.F.,
  .F.,(2,2),(0.,0.440083480021),.PIECEWISE_BEZIER_KNOTS.);
#6721 = CARTESIAN_POINT('',(20.,-26.45,3.1));
#6722 = CARTESIAN_POINT('',(19.571428571429,-26.55,3.1));
#6723 = B_SPLINE_SURFACE_WITH_KNOTS('',1,1,(
    (#6724,#6725)
    ,(#6726,#6727
    )),.UNSPECIFIED.,.F.,.F.,.F.,(2,2),(2,2),(0.,0.440083480021),(-4.2,
    0.),.PIECEWISE_BEZIER_KNOTS.);
#6724 = CARTESIAN_POINT('',(20.,-26.45,7.3));
#6725 = CARTESIAN_POINT('',(20.,-26.45,3.1));
#6726 = CARTESIAN_POINT('',(19.571428571429,-26.55,7.3));
#6727 = CARTESIAN_POINT('',(19.571428571429,-26.55,3.1));
#6728 = ADVANCED_FACE('',(#6729),#6745,.F.);
#6729 = FACE_BOUND('',#6730,.F.);
#6730 = EDGE_LOOP('',(#6731,#6738,#6739,#6740));
#6731 = ORIENTED_EDGE('',*,*,#6732,.F.);
#6732 = EDGE_CURVE('',#6711,#6733,#6735,.T.);
#6733 = VERTEX_POINT('',#6734);
#6734 = CARTESIAN_POINT('',(20.,-26.549,2.8));
#6735 = B_SPLINE_CURVE_WITH_KNOTS('',1,(#6736,#6737),.UNSPECIFIED.,.F.,
  .F.,(2,2),(0.,1.),.PIECEWISE_BEZIER_KNOTS.);
#6736 = CARTESIAN_POINT('',(20.,-26.45,3.1));
#6737 = CARTESIAN_POINT('',(20.,-26.549,2.8));
#6738 = ORIENTED_EDGE('',*,*,#6719,.T.);
#6739 = ORIENTED_EDGE('',*,*,#3041,.T.);
#6740 = ORIENTED_EDGE('',*,*,#6741,.F.);
#6741 = EDGE_CURVE('',#6733,#3035,#6742,.T.);
#6742 = B_SPLINE_CURVE_WITH_KNOTS('',1,(#6743,#6744),.UNSPECIFIED.,.F.,
  .F.,(2,2),(0.,1.466827321616E-02),.PIECEWISE_BEZIER_KNOTS.);
#6743 = CARTESIAN_POINT('',(20.,-26.549,2.8));
#6744 = CARTESIAN_POINT('',(19.985365853659,-26.55,2.8));
#6745 = B_SPLINE_SURFACE_WITH_KNOTS('',1,1,(
    (#6746,#6747)
    ,(#6748,#6749
    )),.UNSPECIFIED.,.F.,.F.,.F.,(2,2),(2,2),(0.,0.61611687203),(0.,1.),
  .PIECEWISE_BEZIER_KNOTS.);
#6746 = CARTESIAN_POINT('',(20.,-26.45,3.1));
#6747 = CARTESIAN_POINT('',(20.,-26.549,2.8));
#6748 = CARTESIAN_POINT('',(19.4,-26.59,3.1));
#6749 = CARTESIAN_POINT('',(19.4,-26.59,2.8));
#6750 = ADVANCED_FACE('',(#6751),#6760,.F.);
#6751 = FACE_BOUND('',#6752,.F.);
#6752 = EDGE_LOOP('',(#6753,#6754,#6755));
#6753 = ORIENTED_EDGE('',*,*,#6741,.T.);
#6754 = ORIENTED_EDGE('',*,*,#3034,.F.);
#6755 = ORIENTED_EDGE('',*,*,#6756,.T.);
#6756 = EDGE_CURVE('',#3012,#6733,#6757,.T.);
#6757 = B_SPLINE_CURVE_WITH_KNOTS('',1,(#6758,#6759),.UNSPECIFIED.,.F.,
  .F.,(2,2),(0.586730928646,0.601399201862),.PIECEWISE_BEZIER_KNOTS.);
#6758 = CARTESIAN_POINT('',(20.014634146341,-26.55,2.8));
#6759 = CARTESIAN_POINT('',(20.,-26.549,2.8));
#6760 = B_SPLINE_SURFACE_WITH_KNOTS('',1,1,(
    (#6761,#6762)
    ,(#6763,#6764
    )),.UNSPECIFIED.,.F.,.F.,.F.,(2,2),(2,2),(0.585365853659,
    0.614634146341),(4.E-02,4.1E-02),.PIECEWISE_BEZIER_KNOTS.);
#6761 = CARTESIAN_POINT('',(19.985365853659,-26.55,2.8));
#6762 = CARTESIAN_POINT('',(19.985365853659,-26.549,2.8));
#6763 = CARTESIAN_POINT('',(20.014634146341,-26.55,2.8));
#6764 = CARTESIAN_POINT('',(20.014634146341,-26.549,2.8));
#6765 = ADVANCED_FACE('',(#6766),#6776,.F.);
#6766 = FACE_BOUND('',#6767,.F.);
#6767 = EDGE_LOOP('',(#6768,#6769,#6774,#6775));
#6768 = ORIENTED_EDGE('',*,*,#3011,.F.);
#6769 = ORIENTED_EDGE('',*,*,#6770,.T.);
#6770 = EDGE_CURVE('',#3005,#6711,#6771,.T.);
#6771 = B_SPLINE_CURVE_WITH_KNOTS('',1,(#6772,#6773),.UNSPECIFIED.,.F.,
  .F.,(2,2),(0.176033392009,0.61611687203),.PIECEWISE_BEZIER_KNOTS.);
#6772 = CARTESIAN_POINT('',(20.428571428571,-26.55,3.1));
#6773 = CARTESIAN_POINT('',(20.,-26.45,3.1));
#6774 = ORIENTED_EDGE('',*,*,#6732,.T.);
#6775 = ORIENTED_EDGE('',*,*,#6756,.F.);
#6776 = B_SPLINE_SURFACE_WITH_KNOTS('',1,1,(
    (#6777,#6778)
    ,(#6779,#6780
    )),.UNSPECIFIED.,.F.,.F.,.F.,(2,2),(2,2),(0.,0.61611687203),(0.,1.),
  .PIECEWISE_BEZIER_KNOTS.);
#6777 = CARTESIAN_POINT('',(20.6,-26.59,3.1));
#6778 = CARTESIAN_POINT('',(20.6,-26.59,2.8));
#6779 = CARTESIAN_POINT('',(20.,-26.45,3.1));
#6780 = CARTESIAN_POINT('',(20.,-26.549,2.8));
#6781 = ADVANCED_FACE('',(#6782),#6792,.F.);
#6782 = FACE_BOUND('',#6783,.F.);
#6783 = EDGE_LOOP('',(#6784,#6785,#6790,#6791));
#6784 = ORIENTED_EDGE('',*,*,#3004,.F.);
#6785 = ORIENTED_EDGE('',*,*,#6786,.T.);
#6786 = EDGE_CURVE('',#2974,#6689,#6787,.T.);
#6787 = B_SPLINE_CURVE_WITH_KNOTS('',1,(#6788,#6789),.UNSPECIFIED.,.F.,
  .F.,(2,2),(0.176033392009,0.61611687203),.PIECEWISE_BEZIER_KNOTS.);
#6788 = CARTESIAN_POINT('',(20.428571428571,-26.55,7.3));
#6789 = CARTESIAN_POINT('',(20.,-26.45,7.3));
#6790 = ORIENTED_EDGE('',*,*,#6710,.T.);
#6791 = ORIENTED_EDGE('',*,*,#6770,.F.);
#6792 = B_SPLINE_SURFACE_WITH_KNOTS('',1,1,(
    (#6793,#6794)
    ,(#6795,#6796
    )),.UNSPECIFIED.,.F.,.F.,.F.,(2,2),(2,2),(0.176033392008,
    0.61611687203),(-4.2,0.),.PIECEWISE_BEZIER_KNOTS.);
#6793 = CARTESIAN_POINT('',(20.428571428571,-26.55,7.3));
#6794 = CARTESIAN_POINT('',(20.428571428571,-26.55,3.1));
#6795 = CARTESIAN_POINT('',(20.,-26.45,7.3));
#6796 = CARTESIAN_POINT('',(20.,-26.45,3.1));
#6797 = ADVANCED_FACE('',(#6798),#6804,.F.);
#6798 = FACE_BOUND('',#6799,.F.);
#6799 = EDGE_LOOP('',(#6800,#6801,#6802,#6803));
#6800 = ORIENTED_EDGE('',*,*,#2973,.F.);
#6801 = ORIENTED_EDGE('',*,*,#6675,.T.);
#6802 = ORIENTED_EDGE('',*,*,#6688,.T.);
#6803 = ORIENTED_EDGE('',*,*,#6786,.F.);
#6804 = B_SPLINE_SURFACE_WITH_KNOTS('',1,1,(
    (#6805,#6806)
    ,(#6807,#6808
    )),.UNSPECIFIED.,.F.,.F.,.F.,(2,2),(2,2),(0.,0.61611687203),(0.,1.),
  .PIECEWISE_BEZIER_KNOTS.);
#6805 = CARTESIAN_POINT('',(20.6,-26.59,7.6));
#6806 = CARTESIAN_POINT('',(20.6,-26.59,7.3));
#6807 = CARTESIAN_POINT('',(20.,-26.549,7.6));
#6808 = CARTESIAN_POINT('',(20.,-26.45,7.3));
#6809 = ADVANCED_FACE('',(#6810),#6820,.F.);
#6810 = FACE_BOUND('',#6811,.F.);
#6811 = EDGE_LOOP('',(#6812,#6817,#6818,#6819));
#6812 = ORIENTED_EDGE('',*,*,#6813,.F.);
#6813 = EDGE_CURVE('',#5174,#3109,#6814,.T.);
#6814 = B_SPLINE_CURVE_WITH_KNOTS('',1,(#6815,#6816),.UNSPECIFIED.,.F.,
  .F.,(2,2),(0.,1.),.PIECEWISE_BEZIER_KNOTS.);
#6815 = CARTESIAN_POINT('',(26.85,-25.,9.801));
#6816 = CARTESIAN_POINT('',(26.55,-25.,9.5));
#6817 = ORIENTED_EDGE('',*,*,#5173,.T.);
#6818 = ORIENTED_EDGE('',*,*,#6651,.T.);
#6819 = ORIENTED_EDGE('',*,*,#3115,.F.);
#6820 = ( BOUNDED_SURFACE() B_SPLINE_SURFACE(2,1,(
    (#6821,#6822)
    ,(#6823,#6824)
    ,(#6825,#6826
)),.UNSPECIFIED.,.F.,.F.,.F.) B_SPLINE_SURFACE_WITH_KNOTS((3,3),(2,2),(
    1.570796326795,3.14159265359),(1.411866324809E-03,0.424971763768),
.PIECEWISE_BEZIER_KNOTS.) GEOMETRIC_REPRESENTATION_ITEM() 
RATIONAL_B_SPLINE_SURFACE((
    (1.,1.)
    ,(0.707106781187,0.707106781187)
,(1.,1.))) REPRESENTATION_ITEM('') SURFACE() );
#6821 = CARTESIAN_POINT('',(26.849003322259,-25.,9.8));
#6822 = CARTESIAN_POINT('',(26.55,-25.,9.5));
#6823 = CARTESIAN_POINT('',(26.849003322259,-26.84900332225,9.8));
#6824 = CARTESIAN_POINT('',(26.55,-26.55,9.5));
#6825 = CARTESIAN_POINT('',(25.,-26.84900332225,9.8));
#6826 = CARTESIAN_POINT('',(25.,-26.55,9.5));
#6827 = ADVANCED_FACE('',(#6828),#6834,.F.);
#6828 = FACE_BOUND('',#6829,.F.);
#6829 = EDGE_LOOP('',(#6830,#6831,#6832,#6833));
#6830 = ORIENTED_EDGE('',*,*,#3302,.T.);
#6831 = ORIENTED_EDGE('',*,*,#5181,.T.);
#6832 = ORIENTED_EDGE('',*,*,#6813,.T.);
#6833 = ORIENTED_EDGE('',*,*,#3141,.F.);
#6834 = B_SPLINE_SURFACE_WITH_KNOTS('',1,1,(
    (#6835,#6836)
    ,(#6837,#6838
  )),.UNSPECIFIED.,.F.,.F.,.F.,(2,2),(2,2),(42.15,51.55),(
    -0.423559897443,0.),.PIECEWISE_BEZIER_KNOTS.);
#6835 = CARTESIAN_POINT('',(26.849003322259,-15.6,9.8));
#6836 = CARTESIAN_POINT('',(26.55,-15.6,9.5));
#6837 = CARTESIAN_POINT('',(26.849003322259,-25.,9.8));
#6838 = CARTESIAN_POINT('',(26.55,-25.,9.5));
#6839 = ADVANCED_FACE('',(#6840),#6855,.T.);
#6840 = FACE_BOUND('',#6841,.T.);
#6841 = EDGE_LOOP('',(#6842,#6849,#6850));
#6842 = ORIENTED_EDGE('',*,*,#6843,.T.);
#6843 = EDGE_CURVE('',#6844,#3152,#6846,.T.);
#6844 = VERTEX_POINT('',#6845);
#6845 = CARTESIAN_POINT('',(26.549,-20.,7.6));
#6846 = B_SPLINE_CURVE_WITH_KNOTS('',1,(#6847,#6848),.UNSPECIFIED.,.F.,
  .F.,(2,2),(0.,1.466827321612E-02),.PIECEWISE_BEZIER_KNOTS.);
#6847 = CARTESIAN_POINT('',(26.549,-20.,7.6));
#6848 = CARTESIAN_POINT('',(26.55,-20.01463414634,7.6));
#6849 = ORIENTED_EDGE('',*,*,#3149,.F.);
#6850 = ORIENTED_EDGE('',*,*,#6851,.T.);
#6851 = EDGE_CURVE('',#3150,#6844,#6852,.T.);
#6852 = B_SPLINE_CURVE_WITH_KNOTS('',1,(#6853,#6854),.UNSPECIFIED.,.F.,
  .F.,(2,2),(0.586730928646,0.601399201862),.PIECEWISE_BEZIER_KNOTS.);
#6853 = CARTESIAN_POINT('',(26.55,-19.98536585365,7.6));
#6854 = CARTESIAN_POINT('',(26.549,-20.,7.6));
#6855 = B_SPLINE_SURFACE_WITH_KNOTS('',1,1,(
    (#6856,#6857)
    ,(#6858,#6859
    )),.UNSPECIFIED.,.F.,.F.,.F.,(2,2),(2,2),(0.585365853659,
    0.614634146341),(4.E-02,4.1E-02),.PIECEWISE_BEZIER_KNOTS.);
#6856 = CARTESIAN_POINT('',(26.55,-20.01463414634,7.6));
#6857 = CARTESIAN_POINT('',(26.549,-20.01463414634,7.6));
#6858 = CARTESIAN_POINT('',(26.55,-19.98536585365,7.6));
#6859 = CARTESIAN_POINT('',(26.549,-19.98536585365,7.6));
#6860 = ADVANCED_FACE('',(#6861),#6877,.F.);
#6861 = FACE_BOUND('',#6862,.F.);
#6862 = EDGE_LOOP('',(#6863,#6870,#6871,#6872));
#6863 = ORIENTED_EDGE('',*,*,#6864,.F.);
#6864 = EDGE_CURVE('',#6844,#6865,#6867,.T.);
#6865 = VERTEX_POINT('',#6866);
#6866 = CARTESIAN_POINT('',(26.45,-20.,7.3));
#6867 = B_SPLINE_CURVE_WITH_KNOTS('',1,(#6868,#6869),.UNSPECIFIED.,.F.,
  .F.,(2,2),(0.,1.),.PIECEWISE_BEZIER_KNOTS.);
#6868 = CARTESIAN_POINT('',(26.549,-20.,7.6));
#6869 = CARTESIAN_POINT('',(26.45,-20.,7.3));
#6870 = ORIENTED_EDGE('',*,*,#6843,.T.);
#6871 = ORIENTED_EDGE('',*,*,#3256,.T.);
#6872 = ORIENTED_EDGE('',*,*,#6873,.F.);
#6873 = EDGE_CURVE('',#6865,#3250,#6874,.T.);
#6874 = B_SPLINE_CURVE_WITH_KNOTS('',1,(#6875,#6876),.UNSPECIFIED.,.F.,
  .F.,(2,2),(0.,0.440083480021),.PIECEWISE_BEZIER_KNOTS.);
#6875 = CARTESIAN_POINT('',(26.45,-20.,7.3));
#6876 = CARTESIAN_POINT('',(26.55,-20.42857142857,7.3));
#6877 = B_SPLINE_SURFACE_WITH_KNOTS('',1,1,(
    (#6878,#6879)
    ,(#6880,#6881
    )),.UNSPECIFIED.,.F.,.F.,.F.,(2,2),(2,2),(0.,0.61611687203),(0.,1.),
  .PIECEWISE_BEZIER_KNOTS.);
#6878 = CARTESIAN_POINT('',(26.549,-20.,7.6));
#6879 = CARTESIAN_POINT('',(26.45,-20.,7.3));
#6880 = CARTESIAN_POINT('',(26.59,-20.6,7.6));
#6881 = CARTESIAN_POINT('',(26.59,-20.6,7.3));
#6882 = ADVANCED_FACE('',(#6883),#6899,.F.);
#6883 = FACE_BOUND('',#6884,.F.);
#6884 = EDGE_LOOP('',(#6885,#6892,#6893,#6894));
#6885 = ORIENTED_EDGE('',*,*,#6886,.F.);
#6886 = EDGE_CURVE('',#6865,#6887,#6889,.T.);
#6887 = VERTEX_POINT('',#6888);
#6888 = CARTESIAN_POINT('',(26.45,-20.,3.1));
#6889 = B_SPLINE_CURVE_WITH_KNOTS('',1,(#6890,#6891),.UNSPECIFIED.,.F.,
  .F.,(2,2),(0.,1.),.PIECEWISE_BEZIER_KNOTS.);
#6890 = CARTESIAN_POINT('',(26.45,-20.,7.3));
#6891 = CARTESIAN_POINT('',(26.45,-20.,3.1));
#6892 = ORIENTED_EDGE('',*,*,#6873,.T.);
#6893 = ORIENTED_EDGE('',*,*,#3249,.F.);
#6894 = ORIENTED_EDGE('',*,*,#6895,.F.);
#6895 = EDGE_CURVE('',#6887,#3227,#6896,.T.);
#6896 = B_SPLINE_CURVE_WITH_KNOTS('',1,(#6897,#6898),.UNSPECIFIED.,.F.,
  .F.,(2,2),(0.,0.440083480021),.PIECEWISE_BEZIER_KNOTS.);
#6897 = CARTESIAN_POINT('',(26.45,-20.,3.1));
#6898 = CARTESIAN_POINT('',(26.55,-20.42857142857,3.1));
#6899 = B_SPLINE_SURFACE_WITH_KNOTS('',1,1,(
    (#6900,#6901)
    ,(#6902,#6903
    )),.UNSPECIFIED.,.F.,.F.,.F.,(2,2),(2,2),(0.,0.440083480022),(-4.2,
    0.),.PIECEWISE_BEZIER_KNOTS.);
#6900 = CARTESIAN_POINT('',(26.45,-20.,7.3));
#6901 = CARTESIAN_POINT('',(26.45,-20.,3.1));
#6902 = CARTESIAN_POINT('',(26.55,-20.42857142857,7.3));
#6903 = CARTESIAN_POINT('',(26.55,-20.42857142857,3.1));
#6904 = ADVANCED_FACE('',(#6905),#6921,.F.);
#6905 = FACE_BOUND('',#6906,.F.);
#6906 = EDGE_LOOP('',(#6907,#6914,#6915,#6916));
#6907 = ORIENTED_EDGE('',*,*,#6908,.F.);
#6908 = EDGE_CURVE('',#6887,#6909,#6911,.T.);
#6909 = VERTEX_POINT('',#6910);
#6910 = CARTESIAN_POINT('',(26.549,-20.,2.8));
#6911 = B_SPLINE_CURVE_WITH_KNOTS('',1,(#6912,#6913),.UNSPECIFIED.,.F.,
  .F.,(2,2),(0.,1.),.PIECEWISE_BEZIER_KNOTS.);
#6912 = CARTESIAN_POINT('',(26.45,-20.,3.1));
#6913 = CARTESIAN_POINT('',(26.549,-20.,2.8));
#6914 = ORIENTED_EDGE('',*,*,#6895,.T.);
#6915 = ORIENTED_EDGE('',*,*,#3226,.T.);
#6916 = ORIENTED_EDGE('',*,*,#6917,.F.);
#6917 = EDGE_CURVE('',#6909,#3220,#6918,.T.);
#6918 = B_SPLINE_CURVE_WITH_KNOTS('',1,(#6919,#6920),.UNSPECIFIED.,.F.,
  .F.,(2,2),(0.,1.466827321612E-02),.PIECEWISE_BEZIER_KNOTS.);
#6919 = CARTESIAN_POINT('',(26.549,-20.,2.8));
#6920 = CARTESIAN_POINT('',(26.55,-20.01463414634,2.8));
#6921 = B_SPLINE_SURFACE_WITH_KNOTS('',1,1,(
    (#6922,#6923)
    ,(#6924,#6925
    )),.UNSPECIFIED.,.F.,.F.,.F.,(2,2),(2,2),(0.,0.61611687203),(0.,1.),
  .PIECEWISE_BEZIER_KNOTS.);
#6922 = CARTESIAN_POINT('',(26.45,-20.,3.1));
#6923 = CARTESIAN_POINT('',(26.549,-20.,2.8));
#6924 = CARTESIAN_POINT('',(26.59,-20.6,3.1));
#6925 = CARTESIAN_POINT('',(26.59,-20.6,2.8));
#6926 = ADVANCED_FACE('',(#6927),#6936,.F.);
#6927 = FACE_BOUND('',#6928,.F.);
#6928 = EDGE_LOOP('',(#6929,#6930,#6931));
#6929 = ORIENTED_EDGE('',*,*,#6917,.T.);
#6930 = ORIENTED_EDGE('',*,*,#3219,.F.);
#6931 = ORIENTED_EDGE('',*,*,#6932,.T.);
#6932 = EDGE_CURVE('',#3197,#6909,#6933,.T.);
#6933 = B_SPLINE_CURVE_WITH_KNOTS('',1,(#6934,#6935),.UNSPECIFIED.,.F.,
  .F.,(2,2),(0.586730928646,0.601399201862),.PIECEWISE_BEZIER_KNOTS.);
#6934 = CARTESIAN_POINT('',(26.55,-19.98536585365,2.8));
#6935 = CARTESIAN_POINT('',(26.549,-20.,2.8));
#6936 = B_SPLINE_SURFACE_WITH_KNOTS('',1,1,(
    (#6937,#6938)
    ,(#6939,#6940
    )),.UNSPECIFIED.,.F.,.F.,.F.,(2,2),(2,2),(0.585365853659,
    0.614634146341),(4.E-02,4.1E-02),.PIECEWISE_BEZIER_KNOTS.);
#6937 = CARTESIAN_POINT('',(26.55,-20.01463414634,2.8));
#6938 = CARTESIAN_POINT('',(26.549,-20.01463414634,2.8));
#6939 = CARTESIAN_POINT('',(26.55,-19.98536585365,2.8));
#6940 = CARTESIAN_POINT('',(26.549,-19.98536585365,2.8));
#6941 = ADVANCED_FACE('',(#6942),#6952,.F.);
#6942 = FACE_BOUND('',#6943,.F.);
#6943 = EDGE_LOOP('',(#6944,#6945,#6950,#6951));
#6944 = ORIENTED_EDGE('',*,*,#3196,.F.);
#6945 = ORIENTED_EDGE('',*,*,#6946,.T.);
#6946 = EDGE_CURVE('',#3190,#6887,#6947,.T.);
#6947 = B_SPLINE_CURVE_WITH_KNOTS('',1,(#6948,#6949),.UNSPECIFIED.,.F.,
  .F.,(2,2),(0.176033392009,0.61611687203),.PIECEWISE_BEZIER_KNOTS.);
#6948 = CARTESIAN_POINT('',(26.55,-19.57142857142,3.1));
#6949 = CARTESIAN_POINT('',(26.45,-20.,3.1));
#6950 = ORIENTED_EDGE('',*,*,#6908,.T.);
#6951 = ORIENTED_EDGE('',*,*,#6932,.F.);
#6952 = B_SPLINE_SURFACE_WITH_KNOTS('',1,1,(
    (#6953,#6954)
    ,(#6955,#6956
    )),.UNSPECIFIED.,.F.,.F.,.F.,(2,2),(2,2),(0.,0.61611687203),(0.,1.),
  .PIECEWISE_BEZIER_KNOTS.);
#6953 = CARTESIAN_POINT('',(26.59,-19.4,3.1));
#6954 = CARTESIAN_POINT('',(26.59,-19.4,2.8));
#6955 = CARTESIAN_POINT('',(26.45,-20.,3.1));
#6956 = CARTESIAN_POINT('',(26.549,-20.,2.8));
#6957 = ADVANCED_FACE('',(#6958),#6968,.F.);
#6958 = FACE_BOUND('',#6959,.F.);
#6959 = EDGE_LOOP('',(#6960,#6961,#6966,#6967));
#6960 = ORIENTED_EDGE('',*,*,#3189,.F.);
#6961 = ORIENTED_EDGE('',*,*,#6962,.T.);
#6962 = EDGE_CURVE('',#3159,#6865,#6963,.T.);
#6963 = B_SPLINE_CURVE_WITH_KNOTS('',1,(#6964,#6965),.UNSPECIFIED.,.F.,
  .F.,(2,2),(0.176033392009,0.61611687203),.PIECEWISE_BEZIER_KNOTS.);
#6964 = CARTESIAN_POINT('',(26.55,-19.57142857142,7.3));
#6965 = CARTESIAN_POINT('',(26.45,-20.,7.3));
#6966 = ORIENTED_EDGE('',*,*,#6886,.T.);
#6967 = ORIENTED_EDGE('',*,*,#6946,.F.);
#6968 = B_SPLINE_SURFACE_WITH_KNOTS('',1,1,(
    (#6969,#6970)
    ,(#6971,#6972
    )),.UNSPECIFIED.,.F.,.F.,.F.,(2,2),(2,2),(0.176033392009,
    0.61611687203),(-4.2,0.),.PIECEWISE_BEZIER_KNOTS.);
#6969 = CARTESIAN_POINT('',(26.55,-19.57142857142,7.3));
#6970 = CARTESIAN_POINT('',(26.55,-19.57142857142,3.1));
#6971 = CARTESIAN_POINT('',(26.45,-20.,7.3));
#6972 = CARTESIAN_POINT('',(26.45,-20.,3.1));
#6973 = ADVANCED_FACE('',(#6974),#6980,.F.);
#6974 = FACE_BOUND('',#6975,.F.);
#6975 = EDGE_LOOP('',(#6976,#6977,#6978,#6979));
#6976 = ORIENTED_EDGE('',*,*,#3158,.F.);
#6977 = ORIENTED_EDGE('',*,*,#6851,.T.);
#6978 = ORIENTED_EDGE('',*,*,#6864,.T.);
#6979 = ORIENTED_EDGE('',*,*,#6962,.F.);
#6980 = B_SPLINE_SURFACE_WITH_KNOTS('',1,1,(
    (#6981,#6982)
    ,(#6983,#6984
    )),.UNSPECIFIED.,.F.,.F.,.F.,(2,2),(2,2),(0.,0.61611687203),(0.,1.),
  .PIECEWISE_BEZIER_KNOTS.);
#6981 = CARTESIAN_POINT('',(26.59,-19.4,7.6));
#6982 = CARTESIAN_POINT('',(26.59,-19.4,7.3));
#6983 = CARTESIAN_POINT('',(26.549,-20.,7.6));
#6984 = CARTESIAN_POINT('',(26.45,-20.,7.3));
#6985 = ADVANCED_FACE('',(#6986),#7004,.T.);
#6986 = FACE_BOUND('',#6987,.T.);
#6987 = EDGE_LOOP('',(#6988,#6989,#6990,#6991,#6996,#6997,#6998,#6999));
#6988 = ORIENTED_EDGE('',*,*,#3402,.F.);
#6989 = ORIENTED_EDGE('',*,*,#3338,.F.);
#6990 = ORIENTED_EDGE('',*,*,#3323,.T.);
#6991 = ORIENTED_EDGE('',*,*,#6992,.T.);
#6992 = EDGE_CURVE('',#3317,#3556,#6993,.T.);
#6993 = B_SPLINE_CURVE_WITH_KNOTS('',1,(#6994,#6995),.UNSPECIFIED.,.F.,
  .F.,(2,2),(-8.6,0.6),.PIECEWISE_BEZIER_KNOTS.);
#6994 = CARTESIAN_POINT('',(28.15,-15.6,1.2));
#6995 = CARTESIAN_POINT('',(28.15,-6.4,1.2));
#6996 = ORIENTED_EDGE('',*,*,#3562,.F.);
#6997 = ORIENTED_EDGE('',*,*,#3519,.F.);
#6998 = ORIENTED_EDGE('',*,*,#3462,.T.);
#6999 = ORIENTED_EDGE('',*,*,#7000,.F.);
#7000 = EDGE_CURVE('',#3403,#3455,#7001,.T.);
#7001 = B_SPLINE_CURVE_WITH_KNOTS('',1,(#7002,#7003),.UNSPECIFIED.,.F.,
  .F.,(2,2),(-0.,8.),.PIECEWISE_BEZIER_KNOTS.);
#7002 = CARTESIAN_POINT('',(27.85,-15.,1.2));
#7003 = CARTESIAN_POINT('',(27.85,-7.,1.2));
#7004 = B_SPLINE_SURFACE_WITH_KNOTS('',1,1,(
    (#7005,#7006)
    ,(#7007,#7008
    )),.UNSPECIFIED.,.F.,.F.,.F.,(2,2),(2,2),(-0.498529411765,
    1.151470588235),(-4.6,4.6),.PIECEWISE_BEZIER_KNOTS.);
#7005 = CARTESIAN_POINT('',(28.15,-6.4,1.2));
#7006 = CARTESIAN_POINT('',(28.15,-15.6,1.2));
#7007 = CARTESIAN_POINT('',(26.5,-6.4,1.2));
#7008 = CARTESIAN_POINT('',(26.5,-15.6,1.2));
#7009 = ADVANCED_FACE('',(#7010),#7016,.T.);
#7010 = FACE_BOUND('',#7011,.T.);
#7011 = EDGE_LOOP('',(#7012,#7013,#7014,#7015));
#7012 = ORIENTED_EDGE('',*,*,#5187,.F.);
#7013 = ORIENTED_EDGE('',*,*,#3555,.T.);
#7014 = ORIENTED_EDGE('',*,*,#6992,.F.);
#7015 = ORIENTED_EDGE('',*,*,#3316,.F.);
#7016 = B_SPLINE_SURFACE_WITH_KNOTS('',1,1,(
    (#7017,#7018)
    ,(#7019,#7020
    )),.UNSPECIFIED.,.F.,.F.,.F.,(2,2),(2,2),(-4.3,4.3),(-4.6,4.6),
  .PIECEWISE_BEZIER_KNOTS.);
#7017 = CARTESIAN_POINT('',(28.15,-15.6,1.2));
#7018 = CARTESIAN_POINT('',(28.15,-6.4,1.2));
#7019 = CARTESIAN_POINT('',(28.15,-15.6,9.8));
#7020 = CARTESIAN_POINT('',(28.15,-6.4,9.8));
#7021 = ADVANCED_FACE('',(#7022),#7036,.T.);
#7022 = FACE_BOUND('',#7023,.T.);
#7023 = EDGE_LOOP('',(#7024,#7025,#7030,#7031));
#7024 = ORIENTED_EDGE('',*,*,#3445,.F.);
#7025 = ORIENTED_EDGE('',*,*,#7026,.F.);
#7026 = EDGE_CURVE('',#3359,#3446,#7027,.T.);
#7027 = B_SPLINE_CURVE_WITH_KNOTS('',1,(#7028,#7029),.UNSPECIFIED.,.F.,
  .F.,(2,2),(0.,8.),.PIECEWISE_BEZIER_KNOTS.);
#7028 = CARTESIAN_POINT('',(27.55,-15.,9.4));
#7029 = CARTESIAN_POINT('',(27.55,-7.,9.4));
#7030 = ORIENTED_EDGE('',*,*,#3358,.T.);
#7031 = ORIENTED_EDGE('',*,*,#7032,.T.);
#7032 = EDGE_CURVE('',#3361,#3448,#7033,.T.);
#7033 = B_SPLINE_CURVE_WITH_KNOTS('',1,(#7034,#7035),.UNSPECIFIED.,.F.,
  .F.,(2,2),(0.,8.),.PIECEWISE_BEZIER_KNOTS.);
#7034 = CARTESIAN_POINT('',(27.55,-15.,1.5));
#7035 = CARTESIAN_POINT('',(27.55,-7.,1.5));
#7036 = B_SPLINE_SURFACE_WITH_KNOTS('',1,1,(
    (#7037,#7038)
    ,(#7039,#7040
    )),.UNSPECIFIED.,.F.,.F.,.F.,(2,2),(2,2),(0.,7.9),(0.,8.),
  .PIECEWISE_BEZIER_KNOTS.);
#7037 = CARTESIAN_POINT('',(27.55,-15.,9.4));
#7038 = CARTESIAN_POINT('',(27.55,-7.,9.4));
#7039 = CARTESIAN_POINT('',(27.55,-15.,1.5));
#7040 = CARTESIAN_POINT('',(27.55,-7.,1.5));
#7041 = ADVANCED_FACE('',(#7042),#7052,.T.);
#7042 = FACE_BOUND('',#7043,.T.);
#7043 = EDGE_LOOP('',(#7044,#7045,#7046,#7051));
#7044 = ORIENTED_EDGE('',*,*,#7026,.T.);
#7045 = ORIENTED_EDGE('',*,*,#3497,.F.);
#7046 = ORIENTED_EDGE('',*,*,#7047,.F.);
#7047 = EDGE_CURVE('',#3368,#3491,#7048,.T.);
#7048 = B_SPLINE_CURVE_WITH_KNOTS('',1,(#7049,#7050),.UNSPECIFIED.,.F.,
  .F.,(2,2),(-20.775,-12.775),.PIECEWISE_BEZIER_KNOTS.);
#7049 = CARTESIAN_POINT('',(26.55,-15.,9.4));
#7050 = CARTESIAN_POINT('',(26.55,-7.,9.4));
#7051 = ORIENTED_EDGE('',*,*,#3367,.T.);
#7052 = B_SPLINE_SURFACE_WITH_KNOTS('',1,1,(
    (#7053,#7054)
    ,(#7055,#7056
    )),.UNSPECIFIED.,.F.,.F.,.F.,(2,2),(2,2),(-0.5,0.5),(-4.,4.),
  .PIECEWISE_BEZIER_KNOTS.);
#7053 = CARTESIAN_POINT('',(27.55,-7.,9.4));
#7054 = CARTESIAN_POINT('',(27.55,-15.,9.4));
#7055 = CARTESIAN_POINT('',(26.55,-7.,9.4));
#7056 = CARTESIAN_POINT('',(26.55,-15.,9.4));
#7057 = ADVANCED_FACE('',(#7058),#7068,.T.);
#7058 = FACE_BOUND('',#7059,.T.);
#7059 = EDGE_LOOP('',(#7060,#7061,#7062,#7067));
#7060 = ORIENTED_EDGE('',*,*,#7047,.T.);
#7061 = ORIENTED_EDGE('',*,*,#3490,.T.);
#7062 = ORIENTED_EDGE('',*,*,#7063,.F.);
#7063 = EDGE_CURVE('',#3375,#3484,#7064,.T.);
#7064 = B_SPLINE_CURVE_WITH_KNOTS('',1,(#7065,#7066),.UNSPECIFIED.,.F.,
  .F.,(2,2),(0.,8.),.PIECEWISE_BEZIER_KNOTS.);
#7065 = CARTESIAN_POINT('',(26.,-15.,8.8));
#7066 = CARTESIAN_POINT('',(26.,-7.,8.8));
#7067 = ORIENTED_EDGE('',*,*,#3374,.F.);
#7068 = B_SPLINE_SURFACE_WITH_KNOTS('',1,1,(
    (#7069,#7070)
    ,(#7071,#7072
    )),.UNSPECIFIED.,.F.,.F.,.F.,(2,2),(2,2),(0.,0.813941029805),(-8.,0.
    ),.PIECEWISE_BEZIER_KNOTS.);
#7069 = CARTESIAN_POINT('',(26.55,-7.,9.4));
#7070 = CARTESIAN_POINT('',(26.55,-15.,9.4));
#7071 = CARTESIAN_POINT('',(26.,-7.,8.8));
#7072 = CARTESIAN_POINT('',(26.,-15.,8.8));
#7073 = ADVANCED_FACE('',(#7074),#7084,.T.);
#7074 = FACE_BOUND('',#7075,.T.);
#7075 = EDGE_LOOP('',(#7076,#7077,#7078,#7083));
#7076 = ORIENTED_EDGE('',*,*,#7063,.T.);
#7077 = ORIENTED_EDGE('',*,*,#3483,.T.);
#7078 = ORIENTED_EDGE('',*,*,#7079,.F.);
#7079 = EDGE_CURVE('',#3382,#3477,#7080,.T.);
#7080 = B_SPLINE_CURVE_WITH_KNOTS('',1,(#7081,#7082),.UNSPECIFIED.,.F.,
  .F.,(2,2),(0.,8.),.PIECEWISE_BEZIER_KNOTS.);
#7081 = CARTESIAN_POINT('',(26.,-15.,8.4));
#7082 = CARTESIAN_POINT('',(26.,-7.,8.4));
#7083 = ORIENTED_EDGE('',*,*,#3381,.F.);
#7084 = B_SPLINE_SURFACE_WITH_KNOTS('',1,1,(
    (#7085,#7086)
    ,(#7087,#7088
    )),.UNSPECIFIED.,.F.,.F.,.F.,(2,2),(2,2),(0.,0.4),(-8.,0.),
  .PIECEWISE_BEZIER_KNOTS.);
#7085 = CARTESIAN_POINT('',(26.,-7.,8.8));
#7086 = CARTESIAN_POINT('',(26.,-15.,8.8));
#7087 = CARTESIAN_POINT('',(26.,-7.,8.4));
#7088 = CARTESIAN_POINT('',(26.,-15.,8.4));
#7089 = ADVANCED_FACE('',(#7090),#7096,.T.);
#7090 = FACE_BOUND('',#7091,.T.);
#7091 = EDGE_LOOP('',(#7092,#7093,#7094,#7095));
#7092 = ORIENTED_EDGE('',*,*,#7079,.T.);
#7093 = ORIENTED_EDGE('',*,*,#3476,.T.);
#7094 = ORIENTED_EDGE('',*,*,#3431,.F.);
#7095 = ORIENTED_EDGE('',*,*,#3388,.F.);
#7096 = B_SPLINE_SURFACE_WITH_KNOTS('',1,1,(
    (#7097,#7098)
    ,(#7099,#7100
    )),.UNSPECIFIED.,.F.,.F.,.F.,(2,2),(2,2),(0.,0.55),(-8.,0.),
  .PIECEWISE_BEZIER_KNOTS.);
#7097 = CARTESIAN_POINT('',(26.,-7.,8.4));
#7098 = CARTESIAN_POINT('',(26.,-15.,8.4));
#7099 = CARTESIAN_POINT('',(26.55,-7.,8.4));
#7100 = CARTESIAN_POINT('',(26.55,-15.,8.4));
#7101 = ADVANCED_FACE('',(#7102),#7108,.T.);
#7102 = FACE_BOUND('',#7103,.T.);
#7103 = EDGE_LOOP('',(#7104,#7105,#7106,#7107));
#7104 = ORIENTED_EDGE('',*,*,#3409,.T.);
#7105 = ORIENTED_EDGE('',*,*,#7000,.T.);
#7106 = ORIENTED_EDGE('',*,*,#3454,.F.);
#7107 = ORIENTED_EDGE('',*,*,#7032,.F.);
#7108 = ( BOUNDED_SURFACE() B_SPLINE_SURFACE(2,1,(
    (#7109,#7110)
    ,(#7111,#7112)
    ,(#7113,#7114
)),.UNSPECIFIED.,.F.,.F.,.F.) B_SPLINE_SURFACE_WITH_KNOTS((3,3),(2,2),(
    0.,1.570796326795),(0.,8.),.PIECEWISE_BEZIER_KNOTS.) 
GEOMETRIC_REPRESENTATION_ITEM() RATIONAL_B_SPLINE_SURFACE((
    (1.,1.)
    ,(0.707106781187,0.707106781187)
,(1.,1.))) REPRESENTATION_ITEM('') SURFACE() );
#7109 = CARTESIAN_POINT('',(27.55,-15.,1.5));
#7110 = CARTESIAN_POINT('',(27.55,-7.,1.5));
#7111 = CARTESIAN_POINT('',(27.55,-15.,1.2));
#7112 = CARTESIAN_POINT('',(27.55,-7.,1.2));
#7113 = CARTESIAN_POINT('',(27.85,-15.,1.2));
#7114 = CARTESIAN_POINT('',(27.85,-7.,1.2));
#7115 = ADVANCED_FACE('',(#7116),#7122,.F.);
#7116 = FACE_BOUND('',#7117,.F.);
#7117 = EDGE_LOOP('',(#7118,#7119,#7120,#7121));
#7118 = ORIENTED_EDGE('',*,*,#3744,.T.);
#7119 = ORIENTED_EDGE('',*,*,#5193,.T.);
#7120 = ORIENTED_EDGE('',*,*,#3541,.F.);
#7121 = ORIENTED_EDGE('',*,*,#3583,.F.);
#7122 = B_SPLINE_SURFACE_WITH_KNOTS('',1,1,(
    (#7123,#7124)
    ,(#7125,#7126
  )),.UNSPECIFIED.,.F.,.F.,.F.,(2,2),(2,2),(20.15,32.95),(
    -0.423559897443,0.),.PIECEWISE_BEZIER_KNOTS.);
#7123 = CARTESIAN_POINT('',(26.849003322259,6.4,9.8));
#7124 = CARTESIAN_POINT('',(26.55,6.4,9.5));
#7125 = CARTESIAN_POINT('',(26.849003322259,-6.4,9.8));
#7126 = CARTESIAN_POINT('',(26.55,-6.4,9.5));
#7127 = ADVANCED_FACE('',(#7128),#7143,.T.);
#7128 = FACE_BOUND('',#7129,.T.);
#7129 = EDGE_LOOP('',(#7130,#7137,#7138));
#7130 = ORIENTED_EDGE('',*,*,#7131,.T.);
#7131 = EDGE_CURVE('',#7132,#3594,#7134,.T.);
#7132 = VERTEX_POINT('',#7133);
#7133 = CARTESIAN_POINT('',(26.549,5.895062216155E-15,7.6));
#7134 = B_SPLINE_CURVE_WITH_KNOTS('',1,(#7135,#7136),.UNSPECIFIED.,.F.,
  .F.,(2,2),(0.,1.466827321616E-02),.PIECEWISE_BEZIER_KNOTS.);
#7135 = CARTESIAN_POINT('',(26.549,5.895062216155E-15,7.6));
#7136 = CARTESIAN_POINT('',(26.55,-1.463414634148E-02,7.6));
#7137 = ORIENTED_EDGE('',*,*,#3591,.F.);
#7138 = ORIENTED_EDGE('',*,*,#7139,.T.);
#7139 = EDGE_CURVE('',#3592,#7132,#7140,.T.);
#7140 = B_SPLINE_CURVE_WITH_KNOTS('',1,(#7141,#7142),.UNSPECIFIED.,.F.,
  .F.,(2,2),(0.586730928646,0.601399201862),.PIECEWISE_BEZIER_KNOTS.);
#7141 = CARTESIAN_POINT('',(26.55,1.463414634149E-02,7.6));
#7142 = CARTESIAN_POINT('',(26.549,5.895062216155E-15,7.6));
#7143 = B_SPLINE_SURFACE_WITH_KNOTS('',1,1,(
    (#7144,#7145)
    ,(#7146,#7147
    )),.UNSPECIFIED.,.F.,.F.,.F.,(2,2),(2,2),(0.585365853659,
    0.614634146341),(4.E-02,4.1E-02),.PIECEWISE_BEZIER_KNOTS.);
#7144 = CARTESIAN_POINT('',(26.55,-1.463414634148E-02,7.6));
#7145 = CARTESIAN_POINT('',(26.549,-1.463414634148E-02,7.6));
#7146 = CARTESIAN_POINT('',(26.55,1.463414634149E-02,7.6));
#7147 = CARTESIAN_POINT('',(26.549,1.463414634149E-02,7.6));
#7148 = ADVANCED_FACE('',(#7149),#7165,.F.);
#7149 = FACE_BOUND('',#7150,.F.);
#7150 = EDGE_LOOP('',(#7151,#7158,#7159,#7160));
#7151 = ORIENTED_EDGE('',*,*,#7152,.F.);
#7152 = EDGE_CURVE('',#7132,#7153,#7155,.T.);
#7153 = VERTEX_POINT('',#7154);
#7154 = CARTESIAN_POINT('',(26.45,5.873079800267E-15,7.3));
#7155 = B_SPLINE_CURVE_WITH_KNOTS('',1,(#7156,#7157),.UNSPECIFIED.,.F.,
  .F.,(2,2),(0.,1.),.PIECEWISE_BEZIER_KNOTS.);
#7156 = CARTESIAN_POINT('',(26.549,5.895062216155E-15,7.6));
#7157 = CARTESIAN_POINT('',(26.45,5.873079800267E-15,7.3));
#7158 = ORIENTED_EDGE('',*,*,#7131,.T.);
#7159 = ORIENTED_EDGE('',*,*,#3698,.T.);
#7160 = ORIENTED_EDGE('',*,*,#7161,.F.);
#7161 = EDGE_CURVE('',#7153,#3692,#7162,.T.);
#7162 = B_SPLINE_CURVE_WITH_KNOTS('',1,(#7163,#7164),.UNSPECIFIED.,.F.,
  .F.,(2,2),(0.,0.440083480021),.PIECEWISE_BEZIER_KNOTS.);
#7163 = CARTESIAN_POINT('',(26.45,5.873079800267E-15,7.3));
#7164 = CARTESIAN_POINT('',(26.55,-0.428571428571,7.3));
#7165 = B_SPLINE_SURFACE_WITH_KNOTS('',1,1,(
    (#7166,#7167)
    ,(#7168,#7169
    )),.UNSPECIFIED.,.F.,.F.,.F.,(2,2),(2,2),(0.,0.61611687203),(0.,1.),
  .PIECEWISE_BEZIER_KNOTS.);
#7166 = CARTESIAN_POINT('',(26.549,5.895062216155E-15,7.6));
#7167 = CARTESIAN_POINT('',(26.45,5.873079800267E-15,7.3));
#7168 = CARTESIAN_POINT('',(26.59,-0.6,7.6));
#7169 = CARTESIAN_POINT('',(26.59,-0.6,7.3));
#7170 = ADVANCED_FACE('',(#7171),#7187,.F.);
#7171 = FACE_BOUND('',#7172,.F.);
#7172 = EDGE_LOOP('',(#7173,#7180,#7181,#7182));
#7173 = ORIENTED_EDGE('',*,*,#7174,.F.);
#7174 = EDGE_CURVE('',#7153,#7175,#7177,.T.);
#7175 = VERTEX_POINT('',#7176);
#7176 = CARTESIAN_POINT('',(26.45,5.873079800267E-15,3.1));
#7177 = B_SPLINE_CURVE_WITH_KNOTS('',1,(#7178,#7179),.UNSPECIFIED.,.F.,
  .F.,(2,2),(0.,1.),.PIECEWISE_BEZIER_KNOTS.);
#7178 = CARTESIAN_POINT('',(26.45,5.873079800267E-15,7.3));
#7179 = CARTESIAN_POINT('',(26.45,5.873079800267E-15,3.1));
#7180 = ORIENTED_EDGE('',*,*,#7161,.T.);
#7181 = ORIENTED_EDGE('',*,*,#3691,.F.);
#7182 = ORIENTED_EDGE('',*,*,#7183,.F.);
#7183 = EDGE_CURVE('',#7175,#3669,#7184,.T.);
#7184 = B_SPLINE_CURVE_WITH_KNOTS('',1,(#7185,#7186),.UNSPECIFIED.,.F.,
  .F.,(2,2),(0.,0.440083480021),.PIECEWISE_BEZIER_KNOTS.);
#7185 = CARTESIAN_POINT('',(26.45,5.873079800267E-15,3.1));
#7186 = CARTESIAN_POINT('',(26.55,-0.428571428571,3.1));
#7187 = B_SPLINE_SURFACE_WITH_KNOTS('',1,1,(
    (#7188,#7189)
    ,(#7190,#7191
    )),.UNSPECIFIED.,.F.,.F.,.F.,(2,2),(2,2),(0.,0.440083480021),(-4.2,
    0.),.PIECEWISE_BEZIER_KNOTS.);
#7188 = CARTESIAN_POINT('',(26.45,5.873079800267E-15,7.3));
#7189 = CARTESIAN_POINT('',(26.45,5.873079800267E-15,3.1));
#7190 = CARTESIAN_POINT('',(26.55,-0.428571428571,7.3));
#7191 = CARTESIAN_POINT('',(26.55,-0.428571428571,3.1));
#7192 = ADVANCED_FACE('',(#7193),#7209,.F.);
#7193 = FACE_BOUND('',#7194,.F.);
#7194 = EDGE_LOOP('',(#7195,#7202,#7203,#7204));
#7195 = ORIENTED_EDGE('',*,*,#7196,.F.);
#7196 = EDGE_CURVE('',#7175,#7197,#7199,.T.);
#7197 = VERTEX_POINT('',#7198);
#7198 = CARTESIAN_POINT('',(26.549,5.895062216155E-15,2.8));
#7199 = B_SPLINE_CURVE_WITH_KNOTS('',1,(#7200,#7201),.UNSPECIFIED.,.F.,
  .F.,(2,2),(0.,1.),.PIECEWISE_BEZIER_KNOTS.);
#7200 = CARTESIAN_POINT('',(26.45,5.873079800267E-15,3.1));
#7201 = CARTESIAN_POINT('',(26.549,5.895062216155E-15,2.8));
#7202 = ORIENTED_EDGE('',*,*,#7183,.T.);
#7203 = ORIENTED_EDGE('',*,*,#3668,.T.);
#7204 = ORIENTED_EDGE('',*,*,#7205,.F.);
#7205 = EDGE_CURVE('',#7197,#3662,#7206,.T.);
#7206 = B_SPLINE_CURVE_WITH_KNOTS('',1,(#7207,#7208),.UNSPECIFIED.,.F.,
  .F.,(2,2),(0.,1.466827321616E-02),.PIECEWISE_BEZIER_KNOTS.);
#7207 = CARTESIAN_POINT('',(26.549,5.895062216155E-15,2.8));
#7208 = CARTESIAN_POINT('',(26.55,-1.463414634148E-02,2.8));
#7209 = B_SPLINE_SURFACE_WITH_KNOTS('',1,1,(
    (#7210,#7211)
    ,(#7212,#7213
    )),.UNSPECIFIED.,.F.,.F.,.F.,(2,2),(2,2),(0.,0.61611687203),(0.,1.),
  .PIECEWISE_BEZIER_KNOTS.);
#7210 = CARTESIAN_POINT('',(26.45,5.873079800267E-15,3.1));
#7211 = CARTESIAN_POINT('',(26.549,5.895062216155E-15,2.8));
#7212 = CARTESIAN_POINT('',(26.59,-0.6,3.1));
#7213 = CARTESIAN_POINT('',(26.59,-0.6,2.8));
#7214 = ADVANCED_FACE('',(#7215),#7224,.F.);
#7215 = FACE_BOUND('',#7216,.F.);
#7216 = EDGE_LOOP('',(#7217,#7218,#7219));
#7217 = ORIENTED_EDGE('',*,*,#7205,.T.);
#7218 = ORIENTED_EDGE('',*,*,#3661,.F.);
#7219 = ORIENTED_EDGE('',*,*,#7220,.T.);
#7220 = EDGE_CURVE('',#3639,#7197,#7221,.T.);
#7221 = B_SPLINE_CURVE_WITH_KNOTS('',1,(#7222,#7223),.UNSPECIFIED.,.F.,
  .F.,(2,2),(0.586730928646,0.601399201862),.PIECEWISE_BEZIER_KNOTS.);
#7222 = CARTESIAN_POINT('',(26.55,1.463414634149E-02,2.8));
#7223 = CARTESIAN_POINT('',(26.549,5.895062216155E-15,2.8));
#7224 = B_SPLINE_SURFACE_WITH_KNOTS('',1,1,(
    (#7225,#7226)
    ,(#7227,#7228
    )),.UNSPECIFIED.,.F.,.F.,.F.,(2,2),(2,2),(0.585365853659,
    0.614634146341),(4.E-02,4.1E-02),.PIECEWISE_BEZIER_KNOTS.);
#7225 = CARTESIAN_POINT('',(26.55,-1.463414634148E-02,2.8));
#7226 = CARTESIAN_POINT('',(26.549,-1.463414634148E-02,2.8));
#7227 = CARTESIAN_POINT('',(26.55,1.463414634149E-02,2.8));
#7228 = CARTESIAN_POINT('',(26.549,1.463414634149E-02,2.8));
#7229 = ADVANCED_FACE('',(#7230),#7240,.F.);
#7230 = FACE_BOUND('',#7231,.F.);
#7231 = EDGE_LOOP('',(#7232,#7233,#7238,#7239));
#7232 = ORIENTED_EDGE('',*,*,#3638,.F.);
#7233 = ORIENTED_EDGE('',*,*,#7234,.T.);
#7234 = EDGE_CURVE('',#3632,#7175,#7235,.T.);
#7235 = B_SPLINE_CURVE_WITH_KNOTS('',1,(#7236,#7237),.UNSPECIFIED.,.F.,
  .F.,(2,2),(0.176033392009,0.61611687203),.PIECEWISE_BEZIER_KNOTS.);
#7236 = CARTESIAN_POINT('',(26.55,0.428571428571,3.1));
#7237 = CARTESIAN_POINT('',(26.45,5.873079800267E-15,3.1));
#7238 = ORIENTED_EDGE('',*,*,#7196,.T.);
#7239 = ORIENTED_EDGE('',*,*,#7220,.F.);
#7240 = B_SPLINE_SURFACE_WITH_KNOTS('',1,1,(
    (#7241,#7242)
    ,(#7243,#7244
    )),.UNSPECIFIED.,.F.,.F.,.F.,(2,2),(2,2),(0.,0.61611687203),(0.,1.),
  .PIECEWISE_BEZIER_KNOTS.);
#7241 = CARTESIAN_POINT('',(26.59,0.6,3.1));
#7242 = CARTESIAN_POINT('',(26.59,0.6,2.8));
#7243 = CARTESIAN_POINT('',(26.45,5.873079800267E-15,3.1));
#7244 = CARTESIAN_POINT('',(26.549,5.895062216155E-15,2.8));
#7245 = ADVANCED_FACE('',(#7246),#7256,.F.);
#7246 = FACE_BOUND('',#7247,.F.);
#7247 = EDGE_LOOP('',(#7248,#7249,#7254,#7255));
#7248 = ORIENTED_EDGE('',*,*,#3631,.F.);
#7249 = ORIENTED_EDGE('',*,*,#7250,.T.);
#7250 = EDGE_CURVE('',#3601,#7153,#7251,.T.);
#7251 = B_SPLINE_CURVE_WITH_KNOTS('',1,(#7252,#7253),.UNSPECIFIED.,.F.,
  .F.,(2,2),(0.176033392009,0.61611687203),.PIECEWISE_BEZIER_KNOTS.);
#7252 = CARTESIAN_POINT('',(26.55,0.428571428571,7.3));
#7253 = CARTESIAN_POINT('',(26.45,5.873079800267E-15,7.3));
#7254 = ORIENTED_EDGE('',*,*,#7174,.T.);
#7255 = ORIENTED_EDGE('',*,*,#7234,.F.);
#7256 = B_SPLINE_SURFACE_WITH_KNOTS('',1,1,(
    (#7257,#7258)
    ,(#7259,#7260
    )),.UNSPECIFIED.,.F.,.F.,.F.,(2,2),(2,2),(0.176033392009,
    0.61611687203),(-4.2,0.),.PIECEWISE_BEZIER_KNOTS.);
#7257 = CARTESIAN_POINT('',(26.55,0.428571428571,7.3));
#7258 = CARTESIAN_POINT('',(26.55,0.428571428571,3.1));
#7259 = CARTESIAN_POINT('',(26.45,5.762057497805E-15,7.3));
#7260 = CARTESIAN_POINT('',(26.45,5.762057497805E-15,3.1));
#7261 = ADVANCED_FACE('',(#7262),#7268,.F.);
#7262 = FACE_BOUND('',#7263,.F.);
#7263 = EDGE_LOOP('',(#7264,#7265,#7266,#7267));
#7264 = ORIENTED_EDGE('',*,*,#3600,.F.);
#7265 = ORIENTED_EDGE('',*,*,#7139,.T.);
#7266 = ORIENTED_EDGE('',*,*,#7152,.T.);
#7267 = ORIENTED_EDGE('',*,*,#7250,.F.);
#7268 = B_SPLINE_SURFACE_WITH_KNOTS('',1,1,(
    (#7269,#7270)
    ,(#7271,#7272
    )),.UNSPECIFIED.,.F.,.F.,.F.,(2,2),(2,2),(0.,0.61611687203),(0.,1.),
  .PIECEWISE_BEZIER_KNOTS.);
#7269 = CARTESIAN_POINT('',(26.59,0.6,7.6));
#7270 = CARTESIAN_POINT('',(26.59,0.6,7.3));
#7271 = CARTESIAN_POINT('',(26.549,5.895062216155E-15,7.6));
#7272 = CARTESIAN_POINT('',(26.45,5.873079800267E-15,7.3));
#7273 = ADVANCED_FACE('',(#7274),#7292,.T.);
#7274 = FACE_BOUND('',#7275,.T.);
#7275 = EDGE_LOOP('',(#7276,#7277,#7278,#7279,#7284,#7285,#7286,#7287));
#7276 = ORIENTED_EDGE('',*,*,#3844,.F.);
#7277 = ORIENTED_EDGE('',*,*,#3780,.F.);
#7278 = ORIENTED_EDGE('',*,*,#3765,.T.);
#7279 = ORIENTED_EDGE('',*,*,#7280,.T.);
#7280 = EDGE_CURVE('',#3759,#3998,#7281,.T.);
#7281 = B_SPLINE_CURVE_WITH_KNOTS('',1,(#7282,#7283),.UNSPECIFIED.,.F.,
  .F.,(2,2),(-8.6,0.6),.PIECEWISE_BEZIER_KNOTS.);
#7282 = CARTESIAN_POINT('',(28.15,6.4,1.2));
#7283 = CARTESIAN_POINT('',(28.15,15.6,1.2));
#7284 = ORIENTED_EDGE('',*,*,#4004,.F.);
#7285 = ORIENTED_EDGE('',*,*,#3961,.F.);
#7286 = ORIENTED_EDGE('',*,*,#3904,.T.);
#7287 = ORIENTED_EDGE('',*,*,#7288,.F.);
#7288 = EDGE_CURVE('',#3845,#3897,#7289,.T.);
#7289 = B_SPLINE_CURVE_WITH_KNOTS('',1,(#7290,#7291),.UNSPECIFIED.,.F.,
  .F.,(2,2),(-0.,8.),.PIECEWISE_BEZIER_KNOTS.);
#7290 = CARTESIAN_POINT('',(27.85,7.,1.2));
#7291 = CARTESIAN_POINT('',(27.85,15.,1.2));
#7292 = B_SPLINE_SURFACE_WITH_KNOTS('',1,1,(
    (#7293,#7294)
    ,(#7295,#7296
    )),.UNSPECIFIED.,.F.,.F.,.F.,(2,2),(2,2),(-0.498529411765,
    1.151470588235),(-4.6,4.6),.PIECEWISE_BEZIER_KNOTS.);
#7293 = CARTESIAN_POINT('',(28.15,15.6,1.2));
#7294 = CARTESIAN_POINT('',(28.15,6.4,1.2));
#7295 = CARTESIAN_POINT('',(26.5,15.6,1.2));
#7296 = CARTESIAN_POINT('',(26.5,6.4,1.2));
#7297 = ADVANCED_FACE('',(#7298),#7304,.T.);
#7298 = FACE_BOUND('',#7299,.T.);
#7299 = EDGE_LOOP('',(#7300,#7301,#7302,#7303));
#7300 = ORIENTED_EDGE('',*,*,#5199,.F.);
#7301 = ORIENTED_EDGE('',*,*,#3997,.T.);
#7302 = ORIENTED_EDGE('',*,*,#7280,.F.);
#7303 = ORIENTED_EDGE('',*,*,#3758,.F.);
#7304 = B_SPLINE_SURFACE_WITH_KNOTS('',1,1,(
    (#7305,#7306)
    ,(#7307,#7308
    )),.UNSPECIFIED.,.F.,.F.,.F.,(2,2),(2,2),(-4.3,4.3),(-4.6,4.6),
  .PIECEWISE_BEZIER_KNOTS.);
#7305 = CARTESIAN_POINT('',(28.15,6.4,1.2));
#7306 = CARTESIAN_POINT('',(28.15,15.6,1.2));
#7307 = CARTESIAN_POINT('',(28.15,6.4,9.8));
#7308 = CARTESIAN_POINT('',(28.15,15.6,9.8));
#7309 = ADVANCED_FACE('',(#7310),#7324,.T.);
#7310 = FACE_BOUND('',#7311,.T.);
#7311 = EDGE_LOOP('',(#7312,#7313,#7318,#7319));
#7312 = ORIENTED_EDGE('',*,*,#3887,.F.);
#7313 = ORIENTED_EDGE('',*,*,#7314,.F.);
#7314 = EDGE_CURVE('',#3801,#3888,#7315,.T.);
#7315 = B_SPLINE_CURVE_WITH_KNOTS('',1,(#7316,#7317),.UNSPECIFIED.,.F.,
  .F.,(2,2),(0.,8.),.PIECEWISE_BEZIER_KNOTS.);
#7316 = CARTESIAN_POINT('',(27.55,7.,9.4));
#7317 = CARTESIAN_POINT('',(27.55,15.,9.4));
#7318 = ORIENTED_EDGE('',*,*,#3800,.T.);
#7319 = ORIENTED_EDGE('',*,*,#7320,.T.);
#7320 = EDGE_CURVE('',#3803,#3890,#7321,.T.);
#7321 = B_SPLINE_CURVE_WITH_KNOTS('',1,(#7322,#7323),.UNSPECIFIED.,.F.,
  .F.,(2,2),(8.881784197001E-16,8.),.PIECEWISE_BEZIER_KNOTS.);
#7322 = CARTESIAN_POINT('',(27.55,7.,1.5));
#7323 = CARTESIAN_POINT('',(27.55,15.,1.5));
#7324 = B_SPLINE_SURFACE_WITH_KNOTS('',1,1,(
    (#7325,#7326)
    ,(#7327,#7328
    )),.UNSPECIFIED.,.F.,.F.,.F.,(2,2),(2,2),(0.,7.9),(0.,8.),
  .PIECEWISE_BEZIER_KNOTS.);
#7325 = CARTESIAN_POINT('',(27.55,7.,9.4));
#7326 = CARTESIAN_POINT('',(27.55,15.,9.4));
#7327 = CARTESIAN_POINT('',(27.55,7.,1.5));
#7328 = CARTESIAN_POINT('',(27.55,15.,1.5));
#7329 = ADVANCED_FACE('',(#7330),#7340,.T.);
#7330 = FACE_BOUND('',#7331,.T.);
#7331 = EDGE_LOOP('',(#7332,#7333,#7334,#7339));
#7332 = ORIENTED_EDGE('',*,*,#7314,.T.);
#7333 = ORIENTED_EDGE('',*,*,#3939,.F.);
#7334 = ORIENTED_EDGE('',*,*,#7335,.F.);
#7335 = EDGE_CURVE('',#3810,#3933,#7336,.T.);
#7336 = B_SPLINE_CURVE_WITH_KNOTS('',1,(#7337,#7338),.UNSPECIFIED.,.F.,
  .F.,(2,2),(-9.775,-1.775),.PIECEWISE_BEZIER_KNOTS.);
#7337 = CARTESIAN_POINT('',(26.55,7.,9.4));
#7338 = CARTESIAN_POINT('',(26.55,15.,9.4));
#7339 = ORIENTED_EDGE('',*,*,#3809,.T.);
#7340 = B_SPLINE_SURFACE_WITH_KNOTS('',1,1,(
    (#7341,#7342)
    ,(#7343,#7344
    )),.UNSPECIFIED.,.F.,.F.,.F.,(2,2),(2,2),(-0.5,0.5),(-4.,4.),
  .PIECEWISE_BEZIER_KNOTS.);
#7341 = CARTESIAN_POINT('',(27.55,15.,9.4));
#7342 = CARTESIAN_POINT('',(27.55,7.,9.4));
#7343 = CARTESIAN_POINT('',(26.55,15.,9.4));
#7344 = CARTESIAN_POINT('',(26.55,7.,9.4));
#7345 = ADVANCED_FACE('',(#7346),#7356,.T.);
#7346 = FACE_BOUND('',#7347,.T.);
#7347 = EDGE_LOOP('',(#7348,#7349,#7350,#7355));
#7348 = ORIENTED_EDGE('',*,*,#7335,.T.);
#7349 = ORIENTED_EDGE('',*,*,#3932,.T.);
#7350 = ORIENTED_EDGE('',*,*,#7351,.F.);
#7351 = EDGE_CURVE('',#3817,#3926,#7352,.T.);
#7352 = B_SPLINE_CURVE_WITH_KNOTS('',1,(#7353,#7354),.UNSPECIFIED.,.F.,
  .F.,(2,2),(0.,8.),.PIECEWISE_BEZIER_KNOTS.);
#7353 = CARTESIAN_POINT('',(26.,7.,8.8));
#7354 = CARTESIAN_POINT('',(26.,15.,8.8));
#7355 = ORIENTED_EDGE('',*,*,#3816,.F.);
#7356 = B_SPLINE_SURFACE_WITH_KNOTS('',1,1,(
    (#7357,#7358)
    ,(#7359,#7360
    )),.UNSPECIFIED.,.F.,.F.,.F.,(2,2),(2,2),(-1.043126009123E-15,
    0.813941029805),(-8.,1.7763568394E-15),.PIECEWISE_BEZIER_KNOTS.);
#7357 = CARTESIAN_POINT('',(26.55,15.,9.4));
#7358 = CARTESIAN_POINT('',(26.55,7.,9.4));
#7359 = CARTESIAN_POINT('',(26.,15.,8.8));
#7360 = CARTESIAN_POINT('',(26.,7.,8.8));
#7361 = ADVANCED_FACE('',(#7362),#7372,.T.);
#7362 = FACE_BOUND('',#7363,.T.);
#7363 = EDGE_LOOP('',(#7364,#7365,#7366,#7371));
#7364 = ORIENTED_EDGE('',*,*,#7351,.T.);
#7365 = ORIENTED_EDGE('',*,*,#3925,.T.);
#7366 = ORIENTED_EDGE('',*,*,#7367,.F.);
#7367 = EDGE_CURVE('',#3824,#3919,#7368,.T.);
#7368 = B_SPLINE_CURVE_WITH_KNOTS('',1,(#7369,#7370),.UNSPECIFIED.,.F.,
  .F.,(2,2),(0.,8.),.PIECEWISE_BEZIER_KNOTS.);
#7369 = CARTESIAN_POINT('',(26.,7.,8.4));
#7370 = CARTESIAN_POINT('',(26.,15.,8.4));
#7371 = ORIENTED_EDGE('',*,*,#3823,.F.);
#7372 = B_SPLINE_SURFACE_WITH_KNOTS('',1,1,(
    (#7373,#7374)
    ,(#7375,#7376
    )),.UNSPECIFIED.,.F.,.F.,.F.,(2,2),(2,2),(0.,0.4),(-8.,0.),
  .PIECEWISE_BEZIER_KNOTS.);
#7373 = CARTESIAN_POINT('',(26.,15.,8.8));
#7374 = CARTESIAN_POINT('',(26.,7.,8.8));
#7375 = CARTESIAN_POINT('',(26.,15.,8.4));
#7376 = CARTESIAN_POINT('',(26.,7.,8.4));
#7377 = ADVANCED_FACE('',(#7378),#7384,.T.);
#7378 = FACE_BOUND('',#7379,.T.);
#7379 = EDGE_LOOP('',(#7380,#7381,#7382,#7383));
#7380 = ORIENTED_EDGE('',*,*,#7367,.T.);
#7381 = ORIENTED_EDGE('',*,*,#3918,.T.);
#7382 = ORIENTED_EDGE('',*,*,#3873,.F.);
#7383 = ORIENTED_EDGE('',*,*,#3830,.F.);
#7384 = B_SPLINE_SURFACE_WITH_KNOTS('',1,1,(
    (#7385,#7386)
    ,(#7387,#7388
    )),.UNSPECIFIED.,.F.,.F.,.F.,(2,2),(2,2),(0.,0.55),(-8.,0.),
  .PIECEWISE_BEZIER_KNOTS.);
#7385 = CARTESIAN_POINT('',(26.,15.,8.4));
#7386 = CARTESIAN_POINT('',(26.,7.,8.4));
#7387 = CARTESIAN_POINT('',(26.55,15.,8.4));
#7388 = CARTESIAN_POINT('',(26.55,7.,8.4));
#7389 = ADVANCED_FACE('',(#7390),#7396,.T.);
#7390 = FACE_BOUND('',#7391,.T.);
#7391 = EDGE_LOOP('',(#7392,#7393,#7394,#7395));
#7392 = ORIENTED_EDGE('',*,*,#3851,.T.);
#7393 = ORIENTED_EDGE('',*,*,#7288,.T.);
#7394 = ORIENTED_EDGE('',*,*,#3896,.F.);
#7395 = ORIENTED_EDGE('',*,*,#7320,.F.);
#7396 = ( BOUNDED_SURFACE() B_SPLINE_SURFACE(2,1,(
    (#7397,#7398)
    ,(#7399,#7400)
    ,(#7401,#7402
)),.UNSPECIFIED.,.F.,.F.,.F.) B_SPLINE_SURFACE_WITH_KNOTS((3,3),(2,2),(
    0.,1.570796326795),(0.,8.),.PIECEWISE_BEZIER_KNOTS.) 
GEOMETRIC_REPRESENTATION_ITEM() RATIONAL_B_SPLINE_SURFACE((
    (1.,1.)
    ,(0.707106781187,0.707106781187)
,(1.,1.))) REPRESENTATION_ITEM('') SURFACE() );
#7397 = CARTESIAN_POINT('',(27.55,7.,1.5));
#7398 = CARTESIAN_POINT('',(27.55,15.,1.5));
#7399 = CARTESIAN_POINT('',(27.55,7.,1.2));
#7400 = CARTESIAN_POINT('',(27.55,15.,1.2));
#7401 = CARTESIAN_POINT('',(27.85,7.,1.2));
#7402 = CARTESIAN_POINT('',(27.85,15.,1.2));
#7403 = ADVANCED_FACE('',(#7404),#7414,.F.);
#7404 = FACE_BOUND('',#7405,.F.);
#7405 = EDGE_LOOP('',(#7406,#7411,#7412,#7413));
#7406 = ORIENTED_EDGE('',*,*,#7407,.F.);
#7407 = EDGE_CURVE('',#5206,#4019,#7408,.T.);
#7408 = B_SPLINE_CURVE_WITH_KNOTS('',1,(#7409,#7410),.UNSPECIFIED.,.F.,
  .F.,(2,2),(0.,1.),.PIECEWISE_BEZIER_KNOTS.);
#7409 = CARTESIAN_POINT('',(26.85,25.,9.801));
#7410 = CARTESIAN_POINT('',(26.55,25.,9.5));
#7411 = ORIENTED_EDGE('',*,*,#5205,.T.);
#7412 = ORIENTED_EDGE('',*,*,#3983,.F.);
#7413 = ORIENTED_EDGE('',*,*,#4025,.F.);
#7414 = B_SPLINE_SURFACE_WITH_KNOTS('',1,1,(
    (#7415,#7416)
    ,(#7417,#7418
    )),.UNSPECIFIED.,.F.,.F.,.F.,(2,2),(2,2),(1.55,10.95),(
    -0.423559897443,0.),.PIECEWISE_BEZIER_KNOTS.);
#7415 = CARTESIAN_POINT('',(26.849003322259,25.,9.8));
#7416 = CARTESIAN_POINT('',(26.55,25.,9.5));
#7417 = CARTESIAN_POINT('',(26.849003322259,15.6,9.8));
#7418 = CARTESIAN_POINT('',(26.55,15.6,9.5));
#7419 = ADVANCED_FACE('',(#7420),#7435,.T.);
#7420 = FACE_BOUND('',#7421,.T.);
#7421 = EDGE_LOOP('',(#7422,#7429,#7430));
#7422 = ORIENTED_EDGE('',*,*,#7423,.T.);
#7423 = EDGE_CURVE('',#7424,#4036,#7426,.T.);
#7424 = VERTEX_POINT('',#7425);
#7425 = CARTESIAN_POINT('',(26.549,20.,7.6));
#7426 = B_SPLINE_CURVE_WITH_KNOTS('',1,(#7427,#7428),.UNSPECIFIED.,.F.,
  .F.,(2,2),(0.,1.466827321621E-02),.PIECEWISE_BEZIER_KNOTS.);
#7427 = CARTESIAN_POINT('',(26.549,20.,7.6));
#7428 = CARTESIAN_POINT('',(26.55,19.985365853658,7.6));
#7429 = ORIENTED_EDGE('',*,*,#4033,.F.);
#7430 = ORIENTED_EDGE('',*,*,#7431,.T.);
#7431 = EDGE_CURVE('',#4034,#7424,#7432,.T.);
#7432 = B_SPLINE_CURVE_WITH_KNOTS('',1,(#7433,#7434),.UNSPECIFIED.,.F.,
  .F.,(2,2),(0.586730928646,0.601399201862),.PIECEWISE_BEZIER_KNOTS.);
#7433 = CARTESIAN_POINT('',(26.55,20.014634146342,7.6));
#7434 = CARTESIAN_POINT('',(26.549,20.,7.6));
#7435 = B_SPLINE_SURFACE_WITH_KNOTS('',1,1,(
    (#7436,#7437)
    ,(#7438,#7439
    )),.UNSPECIFIED.,.F.,.F.,.F.,(2,2),(2,2),(0.585365853658,
    0.614634146342),(4.E-02,4.1E-02),.PIECEWISE_BEZIER_KNOTS.);
#7436 = CARTESIAN_POINT('',(26.55,19.985365853658,7.6));
#7437 = CARTESIAN_POINT('',(26.549,19.985365853658,7.6));
#7438 = CARTESIAN_POINT('',(26.55,20.014634146342,7.6));
#7439 = CARTESIAN_POINT('',(26.549,20.014634146342,7.6));
#7440 = ADVANCED_FACE('',(#7441),#7457,.F.);
#7441 = FACE_BOUND('',#7442,.F.);
#7442 = EDGE_LOOP('',(#7443,#7450,#7451,#7452));
#7443 = ORIENTED_EDGE('',*,*,#7444,.F.);
#7444 = EDGE_CURVE('',#7424,#7445,#7447,.T.);
#7445 = VERTEX_POINT('',#7446);
#7446 = CARTESIAN_POINT('',(26.45,20.,7.3));
#7447 = B_SPLINE_CURVE_WITH_KNOTS('',1,(#7448,#7449),.UNSPECIFIED.,.F.,
  .F.,(2,2),(0.,1.),.PIECEWISE_BEZIER_KNOTS.);
#7448 = CARTESIAN_POINT('',(26.549,20.,7.6));
#7449 = CARTESIAN_POINT('',(26.45,20.,7.3));
#7450 = ORIENTED_EDGE('',*,*,#7423,.T.);
#7451 = ORIENTED_EDGE('',*,*,#4140,.T.);
#7452 = ORIENTED_EDGE('',*,*,#7453,.F.);
#7453 = EDGE_CURVE('',#7445,#4134,#7454,.T.);
#7454 = B_SPLINE_CURVE_WITH_KNOTS('',1,(#7455,#7456),.UNSPECIFIED.,.F.,
  .F.,(2,2),(0.,0.440083480021),.PIECEWISE_BEZIER_KNOTS.);
#7455 = CARTESIAN_POINT('',(26.45,20.,7.3));
#7456 = CARTESIAN_POINT('',(26.55,19.571428571429,7.3));
#7457 = B_SPLINE_SURFACE_WITH_KNOTS('',1,1,(
    (#7458,#7459)
    ,(#7460,#7461
    )),.UNSPECIFIED.,.F.,.F.,.F.,(2,2),(2,2),(0.,0.61611687203),(0.,1.),
  .PIECEWISE_BEZIER_KNOTS.);
#7458 = CARTESIAN_POINT('',(26.549,20.,7.6));
#7459 = CARTESIAN_POINT('',(26.45,20.,7.3));
#7460 = CARTESIAN_POINT('',(26.59,19.4,7.6));
#7461 = CARTESIAN_POINT('',(26.59,19.4,7.3));
#7462 = ADVANCED_FACE('',(#7463),#7479,.F.);
#7463 = FACE_BOUND('',#7464,.F.);
#7464 = EDGE_LOOP('',(#7465,#7472,#7473,#7474));
#7465 = ORIENTED_EDGE('',*,*,#7466,.F.);
#7466 = EDGE_CURVE('',#7445,#7467,#7469,.T.);
#7467 = VERTEX_POINT('',#7468);
#7468 = CARTESIAN_POINT('',(26.45,20.,3.1));
#7469 = B_SPLINE_CURVE_WITH_KNOTS('',1,(#7470,#7471),.UNSPECIFIED.,.F.,
  .F.,(2,2),(0.,1.),.PIECEWISE_BEZIER_KNOTS.);
#7470 = CARTESIAN_POINT('',(26.45,20.,7.3));
#7471 = CARTESIAN_POINT('',(26.45,20.,3.1));
#7472 = ORIENTED_EDGE('',*,*,#7453,.T.);
#7473 = ORIENTED_EDGE('',*,*,#4133,.F.);
#7474 = ORIENTED_EDGE('',*,*,#7475,.F.);
#7475 = EDGE_CURVE('',#7467,#4111,#7476,.T.);
#7476 = B_SPLINE_CURVE_WITH_KNOTS('',1,(#7477,#7478),.UNSPECIFIED.,.F.,
  .F.,(2,2),(0.,0.440083480021),.PIECEWISE_BEZIER_KNOTS.);
#7477 = CARTESIAN_POINT('',(26.45,20.,3.1));
#7478 = CARTESIAN_POINT('',(26.55,19.571428571429,3.1));
#7479 = B_SPLINE_SURFACE_WITH_KNOTS('',1,1,(
    (#7480,#7481)
    ,(#7482,#7483
    )),.UNSPECIFIED.,.F.,.F.,.F.,(2,2),(2,2),(0.,0.440083480021),(-4.2,
    0.),.PIECEWISE_BEZIER_KNOTS.);
#7480 = CARTESIAN_POINT('',(26.45,20.,7.3));
#7481 = CARTESIAN_POINT('',(26.45,20.,3.1));
#7482 = CARTESIAN_POINT('',(26.55,19.571428571429,7.3));
#7483 = CARTESIAN_POINT('',(26.55,19.571428571429,3.1));
#7484 = ADVANCED_FACE('',(#7485),#7501,.F.);
#7485 = FACE_BOUND('',#7486,.F.);
#7486 = EDGE_LOOP('',(#7487,#7494,#7495,#7496));
#7487 = ORIENTED_EDGE('',*,*,#7488,.F.);
#7488 = EDGE_CURVE('',#7467,#7489,#7491,.T.);
#7489 = VERTEX_POINT('',#7490);
#7490 = CARTESIAN_POINT('',(26.549,20.,2.8));
#7491 = B_SPLINE_CURVE_WITH_KNOTS('',1,(#7492,#7493),.UNSPECIFIED.,.F.,
  .F.,(2,2),(0.,1.),.PIECEWISE_BEZIER_KNOTS.);
#7492 = CARTESIAN_POINT('',(26.45,20.,3.1));
#7493 = CARTESIAN_POINT('',(26.549,20.,2.8));
#7494 = ORIENTED_EDGE('',*,*,#7475,.T.);
#7495 = ORIENTED_EDGE('',*,*,#4110,.T.);
#7496 = ORIENTED_EDGE('',*,*,#7497,.F.);
#7497 = EDGE_CURVE('',#7489,#4104,#7498,.T.);
#7498 = B_SPLINE_CURVE_WITH_KNOTS('',1,(#7499,#7500),.UNSPECIFIED.,.F.,
  .F.,(2,2),(0.,1.466827321621E-02),.PIECEWISE_BEZIER_KNOTS.);
#7499 = CARTESIAN_POINT('',(26.549,20.,2.8));
#7500 = CARTESIAN_POINT('',(26.55,19.985365853658,2.8));
#7501 = B_SPLINE_SURFACE_WITH_KNOTS('',1,1,(
    (#7502,#7503)
    ,(#7504,#7505
    )),.UNSPECIFIED.,.F.,.F.,.F.,(2,2),(2,2),(0.,0.61611687203),(0.,1.),
  .PIECEWISE_BEZIER_KNOTS.);
#7502 = CARTESIAN_POINT('',(26.45,20.,3.1));
#7503 = CARTESIAN_POINT('',(26.549,20.,2.8));
#7504 = CARTESIAN_POINT('',(26.59,19.4,3.1));
#7505 = CARTESIAN_POINT('',(26.59,19.4,2.8));
#7506 = ADVANCED_FACE('',(#7507),#7516,.F.);
#7507 = FACE_BOUND('',#7508,.F.);
#7508 = EDGE_LOOP('',(#7509,#7510,#7511));
#7509 = ORIENTED_EDGE('',*,*,#7497,.T.);
#7510 = ORIENTED_EDGE('',*,*,#4103,.F.);
#7511 = ORIENTED_EDGE('',*,*,#7512,.T.);
#7512 = EDGE_CURVE('',#4081,#7489,#7513,.T.);
#7513 = B_SPLINE_CURVE_WITH_KNOTS('',1,(#7514,#7515),.UNSPECIFIED.,.F.,
  .F.,(2,2),(0.586730928646,0.601399201862),.PIECEWISE_BEZIER_KNOTS.);
#7514 = CARTESIAN_POINT('',(26.55,20.014634146342,2.8));
#7515 = CARTESIAN_POINT('',(26.549,20.,2.8));
#7516 = B_SPLINE_SURFACE_WITH_KNOTS('',1,1,(
    (#7517,#7518)
    ,(#7519,#7520
    )),.UNSPECIFIED.,.F.,.F.,.F.,(2,2),(2,2),(0.585365853658,
    0.614634146342),(4.E-02,4.1E-02),.PIECEWISE_BEZIER_KNOTS.);
#7517 = CARTESIAN_POINT('',(26.55,19.985365853658,2.8));
#7518 = CARTESIAN_POINT('',(26.549,19.985365853658,2.8));
#7519 = CARTESIAN_POINT('',(26.55,20.014634146342,2.8));
#7520 = CARTESIAN_POINT('',(26.549,20.014634146342,2.8));
#7521 = ADVANCED_FACE('',(#7522),#7532,.F.);
#7522 = FACE_BOUND('',#7523,.F.);
#7523 = EDGE_LOOP('',(#7524,#7525,#7530,#7531));
#7524 = ORIENTED_EDGE('',*,*,#4080,.F.);
#7525 = ORIENTED_EDGE('',*,*,#7526,.T.);
#7526 = EDGE_CURVE('',#4074,#7467,#7527,.T.);
#7527 = B_SPLINE_CURVE_WITH_KNOTS('',1,(#7528,#7529),.UNSPECIFIED.,.F.,
  .F.,(2,2),(0.176033392009,0.61611687203),.PIECEWISE_BEZIER_KNOTS.);
#7528 = CARTESIAN_POINT('',(26.55,20.428571428571,3.1));
#7529 = CARTESIAN_POINT('',(26.45,20.,3.1));
#7530 = ORIENTED_EDGE('',*,*,#7488,.T.);
#7531 = ORIENTED_EDGE('',*,*,#7512,.F.);
#7532 = B_SPLINE_SURFACE_WITH_KNOTS('',1,1,(
    (#7533,#7534)
    ,(#7535,#7536
    )),.UNSPECIFIED.,.F.,.F.,.F.,(2,2),(2,2),(0.,0.61611687203),(0.,1.),
  .PIECEWISE_BEZIER_KNOTS.);
#7533 = CARTESIAN_POINT('',(26.59,20.6,3.1));
#7534 = CARTESIAN_POINT('',(26.59,20.6,2.8));
#7535 = CARTESIAN_POINT('',(26.45,20.,3.1));
#7536 = CARTESIAN_POINT('',(26.549,20.,2.8));
#7537 = ADVANCED_FACE('',(#7538),#7548,.F.);
#7538 = FACE_BOUND('',#7539,.F.);
#7539 = EDGE_LOOP('',(#7540,#7541,#7546,#7547));
#7540 = ORIENTED_EDGE('',*,*,#4073,.F.);
#7541 = ORIENTED_EDGE('',*,*,#7542,.T.);
#7542 = EDGE_CURVE('',#4043,#7445,#7543,.T.);
#7543 = B_SPLINE_CURVE_WITH_KNOTS('',1,(#7544,#7545),.UNSPECIFIED.,.F.,
  .F.,(2,2),(0.176033392009,0.61611687203),.PIECEWISE_BEZIER_KNOTS.);
#7544 = CARTESIAN_POINT('',(26.55,20.428571428571,7.3));
#7545 = CARTESIAN_POINT('',(26.45,20.,7.3));
#7546 = ORIENTED_EDGE('',*,*,#7466,.T.);
#7547 = ORIENTED_EDGE('',*,*,#7526,.F.);
#7548 = B_SPLINE_SURFACE_WITH_KNOTS('',1,1,(
    (#7549,#7550)
    ,(#7551,#7552
    )),.UNSPECIFIED.,.F.,.F.,.F.,(2,2),(2,2),(0.176033392009,
    0.61611687203),(-4.2,0.),.PIECEWISE_BEZIER_KNOTS.);
#7549 = CARTESIAN_POINT('',(26.55,20.428571428571,7.3));
#7550 = CARTESIAN_POINT('',(26.55,20.428571428571,3.1));
#7551 = CARTESIAN_POINT('',(26.45,20.,7.3));
#7552 = CARTESIAN_POINT('',(26.45,20.,3.1));
#7553 = ADVANCED_FACE('',(#7554),#7560,.F.);
#7554 = FACE_BOUND('',#7555,.F.);
#7555 = EDGE_LOOP('',(#7556,#7557,#7558,#7559));
#7556 = ORIENTED_EDGE('',*,*,#4042,.F.);
#7557 = ORIENTED_EDGE('',*,*,#7431,.T.);
#7558 = ORIENTED_EDGE('',*,*,#7444,.T.);
#7559 = ORIENTED_EDGE('',*,*,#7542,.F.);
#7560 = B_SPLINE_SURFACE_WITH_KNOTS('',1,1,(
    (#7561,#7562)
    ,(#7563,#7564
    )),.UNSPECIFIED.,.F.,.F.,.F.,(2,2),(2,2),(0.,0.61611687203),(0.,1.),
  .PIECEWISE_BEZIER_KNOTS.);
#7561 = CARTESIAN_POINT('',(26.59,20.6,7.6));
#7562 = CARTESIAN_POINT('',(26.59,20.6,7.3));
#7563 = CARTESIAN_POINT('',(26.549,20.,7.6));
#7564 = CARTESIAN_POINT('',(26.45,20.,7.3));
#7565 = ADVANCED_FACE('',(#7566),#7576,.F.);
#7566 = FACE_BOUND('',#7567,.F.);
#7567 = EDGE_LOOP('',(#7568,#7569,#7570,#7571));
#7568 = ORIENTED_EDGE('',*,*,#5212,.T.);
#7569 = ORIENTED_EDGE('',*,*,#7407,.T.);
#7570 = ORIENTED_EDGE('',*,*,#4178,.T.);
#7571 = ORIENTED_EDGE('',*,*,#7572,.F.);
#7572 = EDGE_CURVE('',#5213,#4179,#7573,.T.);
#7573 = B_SPLINE_CURVE_WITH_KNOTS('',1,(#7574,#7575),.UNSPECIFIED.,.F.,
  .F.,(2,2),(0.,1.),.PIECEWISE_BEZIER_KNOTS.);
#7574 = CARTESIAN_POINT('',(25.,26.85,9.801));
#7575 = CARTESIAN_POINT('',(25.,26.55,9.5));
#7576 = ( BOUNDED_SURFACE() B_SPLINE_SURFACE(2,1,(
    (#7577,#7578)
    ,(#7579,#7580)
    ,(#7581,#7582
)),.UNSPECIFIED.,.F.,.F.,.F.) B_SPLINE_SURFACE_WITH_KNOTS((3,3),(2,2),(
    0.,1.570796326795),(1.411866324809E-03,0.424971763768),
.PIECEWISE_BEZIER_KNOTS.) GEOMETRIC_REPRESENTATION_ITEM() 
RATIONAL_B_SPLINE_SURFACE((
    (1.,1.)
    ,(0.707106781187,0.707106781187)
,(1.,1.))) REPRESENTATION_ITEM('') SURFACE() );
#7577 = CARTESIAN_POINT('',(25.,26.849003322259,9.8));
#7578 = CARTESIAN_POINT('',(25.,26.55,9.5));
#7579 = CARTESIAN_POINT('',(26.849003322259,26.849003322259,9.8));
#7580 = CARTESIAN_POINT('',(26.55,26.55,9.5));
#7581 = CARTESIAN_POINT('',(26.849003322259,25.,9.8));
#7582 = CARTESIAN_POINT('',(26.55,25.,9.5));
#7583 = ADVANCED_FACE('',(#7584),#7590,.F.);
#7584 = FACE_BOUND('',#7585,.F.);
#7585 = EDGE_LOOP('',(#7586,#7587,#7588,#7589));
#7586 = ORIENTED_EDGE('',*,*,#4371,.T.);
#7587 = ORIENTED_EDGE('',*,*,#5220,.T.);
#7588 = ORIENTED_EDGE('',*,*,#7572,.T.);
#7589 = ORIENTED_EDGE('',*,*,#4203,.F.);
#7590 = B_SPLINE_SURFACE_WITH_KNOTS('',1,1,(
    (#7591,#7592)
    ,(#7593,#7594
  )),.UNSPECIFIED.,.F.,.F.,.F.,(2,2),(2,2),(42.15,51.55),(
    -0.423559897443,0.),.PIECEWISE_BEZIER_KNOTS.);
#7591 = CARTESIAN_POINT('',(15.6,26.849003322259,9.8));
#7592 = CARTESIAN_POINT('',(15.6,26.55,9.5));
#7593 = CARTESIAN_POINT('',(25.,26.849003322259,9.8));
#7594 = CARTESIAN_POINT('',(25.,26.55,9.5));
#7595 = ADVANCED_FACE('',(#7596),#7618,.F.);
#7596 = FACE_BOUND('',#7597,.F.);
#7597 = EDGE_LOOP('',(#7598,#7599,#7606,#7613));
#7598 = ORIENTED_EDGE('',*,*,#4218,.F.);
#7599 = ORIENTED_EDGE('',*,*,#7600,.T.);
#7600 = EDGE_CURVE('',#4219,#7601,#7603,.T.);
#7601 = VERTEX_POINT('',#7602);
#7602 = CARTESIAN_POINT('',(20.,26.549,7.6));
#7603 = B_SPLINE_CURVE_WITH_KNOTS('',1,(#7604,#7605),.UNSPECIFIED.,.F.,
  .F.,(2,2),(0.586730928646,0.601399201862),.PIECEWISE_BEZIER_KNOTS.);
#7604 = CARTESIAN_POINT('',(19.985365853659,26.55,7.6));
#7605 = CARTESIAN_POINT('',(20.,26.549,7.6));
#7606 = ORIENTED_EDGE('',*,*,#7607,.T.);
#7607 = EDGE_CURVE('',#7601,#7608,#7610,.T.);
#7608 = VERTEX_POINT('',#7609);
#7609 = CARTESIAN_POINT('',(20.,26.45,7.3));
#7610 = B_SPLINE_CURVE_WITH_KNOTS('',1,(#7611,#7612),.UNSPECIFIED.,.F.,
  .F.,(2,2),(0.,1.),.PIECEWISE_BEZIER_KNOTS.);
#7611 = CARTESIAN_POINT('',(20.,26.549,7.6));
#7612 = CARTESIAN_POINT('',(20.,26.45,7.3));
#7613 = ORIENTED_EDGE('',*,*,#7614,.F.);
#7614 = EDGE_CURVE('',#4221,#7608,#7615,.T.);
#7615 = B_SPLINE_CURVE_WITH_KNOTS('',1,(#7616,#7617),.UNSPECIFIED.,.F.,
  .F.,(2,2),(0.176033392009,0.61611687203),.PIECEWISE_BEZIER_KNOTS.);
#7616 = CARTESIAN_POINT('',(19.571428571429,26.55,7.3));
#7617 = CARTESIAN_POINT('',(20.,26.45,7.3));
#7618 = B_SPLINE_SURFACE_WITH_KNOTS('',1,1,(
    (#7619,#7620)
    ,(#7621,#7622
    )),.UNSPECIFIED.,.F.,.F.,.F.,(2,2),(2,2),(0.,0.61611687203),(0.,1.),
  .PIECEWISE_BEZIER_KNOTS.);
#7619 = CARTESIAN_POINT('',(19.4,26.59,7.6));
#7620 = CARTESIAN_POINT('',(19.4,26.59,7.3));
#7621 = CARTESIAN_POINT('',(20.,26.549,7.6));
#7622 = CARTESIAN_POINT('',(20.,26.45,7.3));
#7623 = ADVANCED_FACE('',(#7624),#7640,.F.);
#7624 = FACE_BOUND('',#7625,.F.);
#7625 = EDGE_LOOP('',(#7626,#7627,#7628,#7635));
#7626 = ORIENTED_EDGE('',*,*,#4349,.T.);
#7627 = ORIENTED_EDGE('',*,*,#7614,.T.);
#7628 = ORIENTED_EDGE('',*,*,#7629,.T.);
#7629 = EDGE_CURVE('',#7608,#7630,#7632,.T.);
#7630 = VERTEX_POINT('',#7631);
#7631 = CARTESIAN_POINT('',(20.,26.45,3.1));
#7632 = B_SPLINE_CURVE_WITH_KNOTS('',1,(#7633,#7634),.UNSPECIFIED.,.F.,
  .F.,(2,2),(0.,1.),.PIECEWISE_BEZIER_KNOTS.);
#7633 = CARTESIAN_POINT('',(20.,26.45,7.3));
#7634 = CARTESIAN_POINT('',(20.,26.45,3.1));
#7635 = ORIENTED_EDGE('',*,*,#7636,.F.);
#7636 = EDGE_CURVE('',#4327,#7630,#7637,.T.);
#7637 = B_SPLINE_CURVE_WITH_KNOTS('',1,(#7638,#7639),.UNSPECIFIED.,.F.,
  .F.,(2,2),(0.176033392009,0.61611687203),.PIECEWISE_BEZIER_KNOTS.);
#7638 = CARTESIAN_POINT('',(19.571428571429,26.55,3.1));
#7639 = CARTESIAN_POINT('',(20.,26.45,3.1));
#7640 = B_SPLINE_SURFACE_WITH_KNOTS('',1,1,(
    (#7641,#7642)
    ,(#7643,#7644
    )),.UNSPECIFIED.,.F.,.F.,.F.,(2,2),(2,2),(0.176033392009,
    0.61611687203),(-4.2,0.),.PIECEWISE_BEZIER_KNOTS.);
#7641 = CARTESIAN_POINT('',(19.571428571429,26.55,7.3));
#7642 = CARTESIAN_POINT('',(19.571428571429,26.55,3.1));
#7643 = CARTESIAN_POINT('',(20.,26.45,7.3));
#7644 = CARTESIAN_POINT('',(20.,26.45,3.1));
#7645 = ADVANCED_FACE('',(#7646),#7662,.F.);
#7646 = FACE_BOUND('',#7647,.F.);
#7647 = EDGE_LOOP('',(#7648,#7649,#7650,#7657));
#7648 = ORIENTED_EDGE('',*,*,#4326,.F.);
#7649 = ORIENTED_EDGE('',*,*,#7636,.T.);
#7650 = ORIENTED_EDGE('',*,*,#7651,.T.);
#7651 = EDGE_CURVE('',#7630,#7652,#7654,.T.);
#7652 = VERTEX_POINT('',#7653);
#7653 = CARTESIAN_POINT('',(20.,26.549,2.8));
#7654 = B_SPLINE_CURVE_WITH_KNOTS('',1,(#7655,#7656),.UNSPECIFIED.,.F.,
  .F.,(2,2),(0.,1.),.PIECEWISE_BEZIER_KNOTS.);
#7655 = CARTESIAN_POINT('',(20.,26.45,3.1));
#7656 = CARTESIAN_POINT('',(20.,26.549,2.8));
#7657 = ORIENTED_EDGE('',*,*,#7658,.F.);
#7658 = EDGE_CURVE('',#4320,#7652,#7659,.T.);
#7659 = B_SPLINE_CURVE_WITH_KNOTS('',1,(#7660,#7661),.UNSPECIFIED.,.F.,
  .F.,(2,2),(0.586730928646,0.601399201862),.PIECEWISE_BEZIER_KNOTS.);
#7660 = CARTESIAN_POINT('',(19.985365853659,26.55,2.8));
#7661 = CARTESIAN_POINT('',(20.,26.549,2.8));
#7662 = B_SPLINE_SURFACE_WITH_KNOTS('',1,1,(
    (#7663,#7664)
    ,(#7665,#7666
    )),.UNSPECIFIED.,.F.,.F.,.F.,(2,2),(2,2),(0.,0.61611687203),(0.,1.),
  .PIECEWISE_BEZIER_KNOTS.);
#7663 = CARTESIAN_POINT('',(19.4,26.59,3.1));
#7664 = CARTESIAN_POINT('',(19.4,26.59,2.8));
#7665 = CARTESIAN_POINT('',(20.,26.45,3.1));
#7666 = CARTESIAN_POINT('',(20.,26.549,2.8));
#7667 = ADVANCED_FACE('',(#7668),#7677,.F.);
#7668 = FACE_BOUND('',#7669,.F.);
#7669 = EDGE_LOOP('',(#7670,#7675,#7676));
#7670 = ORIENTED_EDGE('',*,*,#7671,.T.);
#7671 = EDGE_CURVE('',#7652,#4297,#7672,.T.);
#7672 = B_SPLINE_CURVE_WITH_KNOTS('',1,(#7673,#7674),.UNSPECIFIED.,.F.,
  .F.,(2,2),(0.,1.466827321611E-02),.PIECEWISE_BEZIER_KNOTS.);
#7673 = CARTESIAN_POINT('',(20.,26.549,2.8));
#7674 = CARTESIAN_POINT('',(20.014634146341,26.55,2.8));
#7675 = ORIENTED_EDGE('',*,*,#4319,.T.);
#7676 = ORIENTED_EDGE('',*,*,#7658,.T.);
#7677 = B_SPLINE_SURFACE_WITH_KNOTS('',1,1,(
    (#7678,#7679)
    ,(#7680,#7681
    )),.UNSPECIFIED.,.F.,.F.,.F.,(2,2),(2,2),(0.585365853659,
    0.614634146341),(4.E-02,4.1E-02),.PIECEWISE_BEZIER_KNOTS.);
#7678 = CARTESIAN_POINT('',(20.014634146341,26.55,2.8));
#7679 = CARTESIAN_POINT('',(20.014634146341,26.549,2.8));
#7680 = CARTESIAN_POINT('',(19.985365853659,26.55,2.8));
#7681 = CARTESIAN_POINT('',(19.985365853659,26.549,2.8));
#7682 = ADVANCED_FACE('',(#7683),#7693,.F.);
#7683 = FACE_BOUND('',#7684,.F.);
#7684 = EDGE_LOOP('',(#7685,#7686,#7691,#7692));
#7685 = ORIENTED_EDGE('',*,*,#7651,.F.);
#7686 = ORIENTED_EDGE('',*,*,#7687,.T.);
#7687 = EDGE_CURVE('',#7630,#4290,#7688,.T.);
#7688 = B_SPLINE_CURVE_WITH_KNOTS('',1,(#7689,#7690),.UNSPECIFIED.,.F.,
  .F.,(2,2),(0.,0.440083480021),.PIECEWISE_BEZIER_KNOTS.);
#7689 = CARTESIAN_POINT('',(20.,26.45,3.1));
#7690 = CARTESIAN_POINT('',(20.428571428571,26.55,3.1));
#7691 = ORIENTED_EDGE('',*,*,#4296,.T.);
#7692 = ORIENTED_EDGE('',*,*,#7671,.F.);
#7693 = B_SPLINE_SURFACE_WITH_KNOTS('',1,1,(
    (#7694,#7695)
    ,(#7696,#7697
    )),.UNSPECIFIED.,.F.,.F.,.F.,(2,2),(2,2),(0.,0.61611687203),(0.,1.),
  .PIECEWISE_BEZIER_KNOTS.);
#7694 = CARTESIAN_POINT('',(20.,26.45,3.1));
#7695 = CARTESIAN_POINT('',(20.,26.549,2.8));
#7696 = CARTESIAN_POINT('',(20.6,26.59,3.1));
#7697 = CARTESIAN_POINT('',(20.6,26.59,2.8));
#7698 = ADVANCED_FACE('',(#7699),#7709,.F.);
#7699 = FACE_BOUND('',#7700,.F.);
#7700 = EDGE_LOOP('',(#7701,#7702,#7707,#7708));
#7701 = ORIENTED_EDGE('',*,*,#7629,.F.);
#7702 = ORIENTED_EDGE('',*,*,#7703,.T.);
#7703 = EDGE_CURVE('',#7608,#4259,#7704,.T.);
#7704 = B_SPLINE_CURVE_WITH_KNOTS('',1,(#7705,#7706),.UNSPECIFIED.,.F.,
  .F.,(2,2),(0.,0.440083480021),.PIECEWISE_BEZIER_KNOTS.);
#7705 = CARTESIAN_POINT('',(20.,26.45,7.3));
#7706 = CARTESIAN_POINT('',(20.428571428571,26.55,7.3));
#7707 = ORIENTED_EDGE('',*,*,#4289,.T.);
#7708 = ORIENTED_EDGE('',*,*,#7687,.F.);
#7709 = B_SPLINE_SURFACE_WITH_KNOTS('',1,1,(
    (#7710,#7711)
    ,(#7712,#7713
    )),.UNSPECIFIED.,.F.,.F.,.F.,(2,2),(2,2),(0.,0.440083480021),(-4.2,
    0.),.PIECEWISE_BEZIER_KNOTS.);
#7710 = CARTESIAN_POINT('',(20.,26.45,7.3));
#7711 = CARTESIAN_POINT('',(20.,26.45,3.1));
#7712 = CARTESIAN_POINT('',(20.428571428571,26.55,7.3));
#7713 = CARTESIAN_POINT('',(20.428571428571,26.55,3.1));
#7714 = ADVANCED_FACE('',(#7715),#7725,.F.);
#7715 = FACE_BOUND('',#7716,.F.);
#7716 = EDGE_LOOP('',(#7717,#7718,#7723,#7724));
#7717 = ORIENTED_EDGE('',*,*,#7607,.F.);
#7718 = ORIENTED_EDGE('',*,*,#7719,.T.);
#7719 = EDGE_CURVE('',#7601,#4252,#7720,.T.);
#7720 = B_SPLINE_CURVE_WITH_KNOTS('',1,(#7721,#7722),.UNSPECIFIED.,.F.,
  .F.,(2,2),(0.,1.466827321611E-02),.PIECEWISE_BEZIER_KNOTS.);
#7721 = CARTESIAN_POINT('',(20.,26.549,7.6));
#7722 = CARTESIAN_POINT('',(20.014634146341,26.55,7.6));
#7723 = ORIENTED_EDGE('',*,*,#4258,.T.);
#7724 = ORIENTED_EDGE('',*,*,#7703,.F.);
#7725 = B_SPLINE_SURFACE_WITH_KNOTS('',1,1,(
    (#7726,#7727)
    ,(#7728,#7729
    )),.UNSPECIFIED.,.F.,.F.,.F.,(2,2),(2,2),(0.,0.61611687203),(0.,1.),
  .PIECEWISE_BEZIER_KNOTS.);
#7726 = CARTESIAN_POINT('',(20.,26.549,7.6));
#7727 = CARTESIAN_POINT('',(20.,26.45,7.3));
#7728 = CARTESIAN_POINT('',(20.6,26.59,7.6));
#7729 = CARTESIAN_POINT('',(20.6,26.59,7.3));
#7730 = ADVANCED_FACE('',(#7731),#7736,.T.);
#7731 = FACE_BOUND('',#7732,.T.);
#7732 = EDGE_LOOP('',(#7733,#7734,#7735));
#7733 = ORIENTED_EDGE('',*,*,#7719,.T.);
#7734 = ORIENTED_EDGE('',*,*,#4251,.T.);
#7735 = ORIENTED_EDGE('',*,*,#7600,.T.);
#7736 = B_SPLINE_SURFACE_WITH_KNOTS('',1,1,(
    (#7737,#7738)
    ,(#7739,#7740
    )),.UNSPECIFIED.,.F.,.F.,.F.,(2,2),(2,2),(0.585365853659,
    0.614634146341),(4.E-02,4.1E-02),.PIECEWISE_BEZIER_KNOTS.);
#7737 = CARTESIAN_POINT('',(20.014634146341,26.55,7.6));
#7738 = CARTESIAN_POINT('',(20.014634146341,26.549,7.6));
#7739 = CARTESIAN_POINT('',(19.985365853659,26.55,7.6));
#7740 = CARTESIAN_POINT('',(19.985365853659,26.549,7.6));
#7741 = ADVANCED_FACE('',(#7742),#7760,.T.);
#7742 = FACE_BOUND('',#7743,.T.);
#7743 = EDGE_LOOP('',(#7744,#7745,#7746,#7747,#7752,#7753,#7754,#7755));
#7744 = ORIENTED_EDGE('',*,*,#4471,.F.);
#7745 = ORIENTED_EDGE('',*,*,#4407,.F.);
#7746 = ORIENTED_EDGE('',*,*,#4392,.T.);
#7747 = ORIENTED_EDGE('',*,*,#7748,.T.);
#7748 = EDGE_CURVE('',#4386,#4625,#7749,.T.);
#7749 = B_SPLINE_CURVE_WITH_KNOTS('',1,(#7750,#7751),.UNSPECIFIED.,.F.,
  .F.,(2,2),(-8.6,0.6),.PIECEWISE_BEZIER_KNOTS.);
#7750 = CARTESIAN_POINT('',(15.6,28.15,1.2));
#7751 = CARTESIAN_POINT('',(6.4,28.15,1.2));
#7752 = ORIENTED_EDGE('',*,*,#4631,.F.);
#7753 = ORIENTED_EDGE('',*,*,#4588,.F.);
#7754 = ORIENTED_EDGE('',*,*,#4531,.T.);
#7755 = ORIENTED_EDGE('',*,*,#7756,.F.);
#7756 = EDGE_CURVE('',#4472,#4524,#7757,.T.);
#7757 = B_SPLINE_CURVE_WITH_KNOTS('',1,(#7758,#7759),.UNSPECIFIED.,.F.,
  .F.,(2,2),(-0.,8.),.PIECEWISE_BEZIER_KNOTS.);
#7758 = CARTESIAN_POINT('',(15.,27.85,1.2));
#7759 = CARTESIAN_POINT('',(7.,27.85,1.2));
#7760 = B_SPLINE_SURFACE_WITH_KNOTS('',1,1,(
    (#7761,#7762)
    ,(#7763,#7764
    )),.UNSPECIFIED.,.F.,.F.,.F.,(2,2),(2,2),(-1.151470588235,
    0.498529411765),(-4.6,4.6),.PIECEWISE_BEZIER_KNOTS.);
#7761 = CARTESIAN_POINT('',(15.6,26.5,1.2));
#7762 = CARTESIAN_POINT('',(6.4,26.5,1.2));
#7763 = CARTESIAN_POINT('',(15.6,28.15,1.2));
#7764 = CARTESIAN_POINT('',(6.4,28.15,1.2));
#7765 = ADVANCED_FACE('',(#7766),#7772,.T.);
#7766 = FACE_BOUND('',#7767,.T.);
#7767 = EDGE_LOOP('',(#7768,#7769,#7770,#7771));
#7768 = ORIENTED_EDGE('',*,*,#5226,.F.);
#7769 = ORIENTED_EDGE('',*,*,#4624,.T.);
#7770 = ORIENTED_EDGE('',*,*,#7748,.F.);
#7771 = ORIENTED_EDGE('',*,*,#4385,.F.);
#7772 = B_SPLINE_SURFACE_WITH_KNOTS('',1,1,(
    (#7773,#7774)
    ,(#7775,#7776
    )),.UNSPECIFIED.,.F.,.F.,.F.,(2,2),(2,2),(-4.3,4.3),(-4.6,4.6),
  .PIECEWISE_BEZIER_KNOTS.);
#7773 = CARTESIAN_POINT('',(6.4,28.15,9.8));
#7774 = CARTESIAN_POINT('',(15.6,28.15,9.8));
#7775 = CARTESIAN_POINT('',(6.4,28.15,1.2));
#7776 = CARTESIAN_POINT('',(15.6,28.15,1.2));
#7777 = ADVANCED_FACE('',(#7778),#7792,.T.);
#7778 = FACE_BOUND('',#7779,.T.);
#7779 = EDGE_LOOP('',(#7780,#7781,#7786,#7787));
#7780 = ORIENTED_EDGE('',*,*,#4514,.F.);
#7781 = ORIENTED_EDGE('',*,*,#7782,.F.);
#7782 = EDGE_CURVE('',#4428,#4515,#7783,.T.);
#7783 = B_SPLINE_CURVE_WITH_KNOTS('',1,(#7784,#7785),.UNSPECIFIED.,.F.,
  .F.,(2,2),(0.,8.),.PIECEWISE_BEZIER_KNOTS.);
#7784 = CARTESIAN_POINT('',(15.,27.55,9.4));
#7785 = CARTESIAN_POINT('',(7.,27.55,9.4));
#7786 = ORIENTED_EDGE('',*,*,#4427,.T.);
#7787 = ORIENTED_EDGE('',*,*,#7788,.T.);
#7788 = EDGE_CURVE('',#4430,#4517,#7789,.T.);
#7789 = B_SPLINE_CURVE_WITH_KNOTS('',1,(#7790,#7791),.UNSPECIFIED.,.F.,
  .F.,(2,2),(0.,8.),.PIECEWISE_BEZIER_KNOTS.);
#7790 = CARTESIAN_POINT('',(15.,27.55,1.5));
#7791 = CARTESIAN_POINT('',(7.,27.55,1.5));
#7792 = B_SPLINE_SURFACE_WITH_KNOTS('',1,1,(
    (#7793,#7794)
    ,(#7795,#7796
    )),.UNSPECIFIED.,.F.,.F.,.F.,(2,2),(2,2),(0.,7.9),(0.,8.),
  .PIECEWISE_BEZIER_KNOTS.);
#7793 = CARTESIAN_POINT('',(15.,27.55,9.4));
#7794 = CARTESIAN_POINT('',(7.,27.55,9.4));
#7795 = CARTESIAN_POINT('',(15.,27.55,1.5));
#7796 = CARTESIAN_POINT('',(7.,27.55,1.5));
#7797 = ADVANCED_FACE('',(#7798),#7808,.T.);
#7798 = FACE_BOUND('',#7799,.T.);
#7799 = EDGE_LOOP('',(#7800,#7801,#7802,#7807));
#7800 = ORIENTED_EDGE('',*,*,#7782,.T.);
#7801 = ORIENTED_EDGE('',*,*,#4566,.F.);
#7802 = ORIENTED_EDGE('',*,*,#7803,.T.);
#7803 = EDGE_CURVE('',#4560,#4437,#7804,.T.);
#7804 = B_SPLINE_CURVE_WITH_KNOTS('',1,(#7805,#7806),.UNSPECIFIED.,.F.,
  .F.,(2,2),(12.775,20.775),.PIECEWISE_BEZIER_KNOTS.);
#7805 = CARTESIAN_POINT('',(7.,26.55,9.4));
#7806 = CARTESIAN_POINT('',(15.,26.55,9.4));
#7807 = ORIENTED_EDGE('',*,*,#4436,.T.);
#7808 = B_SPLINE_SURFACE_WITH_KNOTS('',1,1,(
    (#7809,#7810)
    ,(#7811,#7812
    )),.UNSPECIFIED.,.F.,.F.,.F.,(2,2),(2,2),(-4.,4.),(-0.5,0.5),
  .PIECEWISE_BEZIER_KNOTS.);
#7809 = CARTESIAN_POINT('',(15.,27.55,9.4));
#7810 = CARTESIAN_POINT('',(15.,26.55,9.4));
#7811 = CARTESIAN_POINT('',(7.,27.55,9.4));
#7812 = CARTESIAN_POINT('',(7.,26.55,9.4));
#7813 = ADVANCED_FACE('',(#7814),#7824,.T.);
#7814 = FACE_BOUND('',#7815,.T.);
#7815 = EDGE_LOOP('',(#7816,#7817,#7818,#7823));
#7816 = ORIENTED_EDGE('',*,*,#7803,.F.);
#7817 = ORIENTED_EDGE('',*,*,#4559,.T.);
#7818 = ORIENTED_EDGE('',*,*,#7819,.F.);
#7819 = EDGE_CURVE('',#4444,#4553,#7820,.T.);
#7820 = B_SPLINE_CURVE_WITH_KNOTS('',1,(#7821,#7822),.UNSPECIFIED.,.F.,
  .F.,(2,2),(0.,8.),.PIECEWISE_BEZIER_KNOTS.);
#7821 = CARTESIAN_POINT('',(15.,26.,8.8));
#7822 = CARTESIAN_POINT('',(7.,26.,8.8));
#7823 = ORIENTED_EDGE('',*,*,#4443,.F.);
#7824 = B_SPLINE_SURFACE_WITH_KNOTS('',1,1,(
    (#7825,#7826)
    ,(#7827,#7828
    )),.UNSPECIFIED.,.F.,.F.,.F.,(2,2),(2,2),(0.,0.813941029805),(-8.,0.
    ),.PIECEWISE_BEZIER_KNOTS.);
#7825 = CARTESIAN_POINT('',(7.,26.55,9.4));
#7826 = CARTESIAN_POINT('',(15.,26.55,9.4));
#7827 = CARTESIAN_POINT('',(7.,26.,8.8));
#7828 = CARTESIAN_POINT('',(15.,26.,8.8));
#7829 = ADVANCED_FACE('',(#7830),#7840,.T.);
#7830 = FACE_BOUND('',#7831,.T.);
#7831 = EDGE_LOOP('',(#7832,#7833,#7834,#7839));
#7832 = ORIENTED_EDGE('',*,*,#7819,.T.);
#7833 = ORIENTED_EDGE('',*,*,#4552,.T.);
#7834 = ORIENTED_EDGE('',*,*,#7835,.F.);
#7835 = EDGE_CURVE('',#4451,#4546,#7836,.T.);
#7836 = B_SPLINE_CURVE_WITH_KNOTS('',1,(#7837,#7838),.UNSPECIFIED.,.F.,
  .F.,(2,2),(0.,8.),.PIECEWISE_BEZIER_KNOTS.);
#7837 = CARTESIAN_POINT('',(15.,26.,8.4));
#7838 = CARTESIAN_POINT('',(7.,26.,8.4));
#7839 = ORIENTED_EDGE('',*,*,#4450,.F.);
#7840 = B_SPLINE_SURFACE_WITH_KNOTS('',1,1,(
    (#7841,#7842)
    ,(#7843,#7844
    )),.UNSPECIFIED.,.F.,.F.,.F.,(2,2),(2,2),(0.,0.4),(-8.,0.),
  .PIECEWISE_BEZIER_KNOTS.);
#7841 = CARTESIAN_POINT('',(7.,26.,8.8));
#7842 = CARTESIAN_POINT('',(15.,26.,8.8));
#7843 = CARTESIAN_POINT('',(7.,26.,8.4));
#7844 = CARTESIAN_POINT('',(15.,26.,8.4));
#7845 = ADVANCED_FACE('',(#7846),#7852,.T.);
#7846 = FACE_BOUND('',#7847,.T.);
#7847 = EDGE_LOOP('',(#7848,#7849,#7850,#7851));
#7848 = ORIENTED_EDGE('',*,*,#7835,.T.);
#7849 = ORIENTED_EDGE('',*,*,#4545,.T.);
#7850 = ORIENTED_EDGE('',*,*,#4501,.F.);
#7851 = ORIENTED_EDGE('',*,*,#4457,.F.);
#7852 = B_SPLINE_SURFACE_WITH_KNOTS('',1,1,(
    (#7853,#7854)
    ,(#7855,#7856
    )),.UNSPECIFIED.,.F.,.F.,.F.,(2,2),(2,2),(0.,0.55),(-8.,0.),
  .PIECEWISE_BEZIER_KNOTS.);
#7853 = CARTESIAN_POINT('',(7.,26.,8.4));
#7854 = CARTESIAN_POINT('',(15.,26.,8.4));
#7855 = CARTESIAN_POINT('',(7.,26.55,8.4));
#7856 = CARTESIAN_POINT('',(15.,26.55,8.4));
#7857 = ADVANCED_FACE('',(#7858),#7864,.T.);
#7858 = FACE_BOUND('',#7859,.T.);
#7859 = EDGE_LOOP('',(#7860,#7861,#7862,#7863));
#7860 = ORIENTED_EDGE('',*,*,#4478,.T.);
#7861 = ORIENTED_EDGE('',*,*,#7756,.T.);
#7862 = ORIENTED_EDGE('',*,*,#4523,.F.);
#7863 = ORIENTED_EDGE('',*,*,#7788,.F.);
#7864 = ( BOUNDED_SURFACE() B_SPLINE_SURFACE(2,1,(
    (#7865,#7866)
    ,(#7867,#7868)
    ,(#7869,#7870
)),.UNSPECIFIED.,.F.,.F.,.F.) B_SPLINE_SURFACE_WITH_KNOTS((3,3),(2,2),(
    0.,1.570796326795),(0.,8.),.PIECEWISE_BEZIER_KNOTS.) 
GEOMETRIC_REPRESENTATION_ITEM() RATIONAL_B_SPLINE_SURFACE((
    (1.,1.)
    ,(0.707106781187,0.707106781187)
,(1.,1.))) REPRESENTATION_ITEM('') SURFACE() );
#7865 = CARTESIAN_POINT('',(15.,27.55,1.5));
#7866 = CARTESIAN_POINT('',(7.,27.55,1.5));
#7867 = CARTESIAN_POINT('',(15.,27.55,1.2));
#7868 = CARTESIAN_POINT('',(7.,27.55,1.2));
#7869 = CARTESIAN_POINT('',(15.,27.85,1.2));
#7870 = CARTESIAN_POINT('',(7.,27.85,1.2));
#7871 = ADVANCED_FACE('',(#7872),#7894,.F.);
#7872 = FACE_BOUND('',#7873,.F.);
#7873 = EDGE_LOOP('',(#7874,#7875,#7882,#7889));
#7874 = ORIENTED_EDGE('',*,*,#4654,.F.);
#7875 = ORIENTED_EDGE('',*,*,#7876,.T.);
#7876 = EDGE_CURVE('',#4655,#7877,#7879,.T.);
#7877 = VERTEX_POINT('',#7878);
#7878 = CARTESIAN_POINT('',(-3.251314787056E-15,26.549,7.6));
#7879 = B_SPLINE_CURVE_WITH_KNOTS('',1,(#7880,#7881),.UNSPECIFIED.,.F.,
  .F.,(2,2),(0.586730928646,0.601399201862),.PIECEWISE_BEZIER_KNOTS.);
#7880 = CARTESIAN_POINT('',(-1.463414634148E-02,26.55,7.6));
#7881 = CARTESIAN_POINT('',(-3.251314787056E-15,26.549,7.6));
#7882 = ORIENTED_EDGE('',*,*,#7883,.T.);
#7883 = EDGE_CURVE('',#7877,#7884,#7886,.T.);
#7884 = VERTEX_POINT('',#7885);
#7885 = CARTESIAN_POINT('',(-3.239190783745E-15,26.45,7.3));
#7886 = B_SPLINE_CURVE_WITH_KNOTS('',1,(#7887,#7888),.UNSPECIFIED.,.F.,
  .F.,(2,2),(0.,1.),.PIECEWISE_BEZIER_KNOTS.);
#7887 = CARTESIAN_POINT('',(-3.251314787056E-15,26.549,7.6));
#7888 = CARTESIAN_POINT('',(-3.239190783745E-15,26.45,7.3));
#7889 = ORIENTED_EDGE('',*,*,#7890,.F.);
#7890 = EDGE_CURVE('',#4657,#7884,#7891,.T.);
#7891 = B_SPLINE_CURVE_WITH_KNOTS('',1,(#7892,#7893),.UNSPECIFIED.,.F.,
  .F.,(2,2),(0.176033392009,0.61611687203),.PIECEWISE_BEZIER_KNOTS.);
#7892 = CARTESIAN_POINT('',(-0.428571428571,26.55,7.3));
#7893 = CARTESIAN_POINT('',(-3.239190783745E-15,26.45,7.3));
#7894 = B_SPLINE_SURFACE_WITH_KNOTS('',1,1,(
    (#7895,#7896)
    ,(#7897,#7898
    )),.UNSPECIFIED.,.F.,.F.,.F.,(2,2),(2,2),(0.,0.61611687203),(0.,1.),
  .PIECEWISE_BEZIER_KNOTS.);
#7895 = CARTESIAN_POINT('',(-0.6,26.59,7.6));
#7896 = CARTESIAN_POINT('',(-0.6,26.59,7.3));
#7897 = CARTESIAN_POINT('',(-3.251314787056E-15,26.549,7.6));
#7898 = CARTESIAN_POINT('',(-3.239190783745E-15,26.45,7.3));
#7899 = ADVANCED_FACE('',(#7900),#7916,.F.);
#7900 = FACE_BOUND('',#7901,.F.);
#7901 = EDGE_LOOP('',(#7902,#7903,#7904,#7911));
#7902 = ORIENTED_EDGE('',*,*,#4785,.T.);
#7903 = ORIENTED_EDGE('',*,*,#7890,.T.);
#7904 = ORIENTED_EDGE('',*,*,#7905,.T.);
#7905 = EDGE_CURVE('',#7884,#7906,#7908,.T.);
#7906 = VERTEX_POINT('',#7907);
#7907 = CARTESIAN_POINT('',(-3.239190783745E-15,26.45,3.1));
#7908 = B_SPLINE_CURVE_WITH_KNOTS('',1,(#7909,#7910),.UNSPECIFIED.,.F.,
  .F.,(2,2),(0.,1.),.PIECEWISE_BEZIER_KNOTS.);
#7909 = CARTESIAN_POINT('',(-3.239190783745E-15,26.45,7.3));
#7910 = CARTESIAN_POINT('',(-3.239190783745E-15,26.45,3.1));
#7911 = ORIENTED_EDGE('',*,*,#7912,.F.);
#7912 = EDGE_CURVE('',#4763,#7906,#7913,.T.);
#7913 = B_SPLINE_CURVE_WITH_KNOTS('',1,(#7914,#7915),.UNSPECIFIED.,.F.,
  .F.,(2,2),(0.176033392009,0.61611687203),.PIECEWISE_BEZIER_KNOTS.);
#7914 = CARTESIAN_POINT('',(-0.428571428571,26.55,3.1));
#7915 = CARTESIAN_POINT('',(-3.239190783745E-15,26.45,3.1));
#7916 = B_SPLINE_SURFACE_WITH_KNOTS('',1,1,(
    (#7917,#7918)
    ,(#7919,#7920
    )),.UNSPECIFIED.,.F.,.F.,.F.,(2,2),(2,2),(0.176033392009,
    0.61611687203),(-4.2,0.),.PIECEWISE_BEZIER_KNOTS.);
#7917 = CARTESIAN_POINT('',(-0.428571428571,26.55,7.3));
#7918 = CARTESIAN_POINT('',(-0.428571428571,26.55,3.1));
#7919 = CARTESIAN_POINT('',(-3.128168481282E-15,26.45,7.3));
#7920 = CARTESIAN_POINT('',(-3.128168481282E-15,26.45,3.1));
#7921 = ADVANCED_FACE('',(#7922),#7938,.F.);
#7922 = FACE_BOUND('',#7923,.F.);
#7923 = EDGE_LOOP('',(#7924,#7925,#7926,#7933));
#7924 = ORIENTED_EDGE('',*,*,#4762,.F.);
#7925 = ORIENTED_EDGE('',*,*,#7912,.T.);
#7926 = ORIENTED_EDGE('',*,*,#7927,.T.);
#7927 = EDGE_CURVE('',#7906,#7928,#7930,.T.);
#7928 = VERTEX_POINT('',#7929);
#7929 = CARTESIAN_POINT('',(-3.251314787056E-15,26.549,2.8));
#7930 = B_SPLINE_CURVE_WITH_KNOTS('',1,(#7931,#7932),.UNSPECIFIED.,.F.,
  .F.,(2,2),(0.,1.),.PIECEWISE_BEZIER_KNOTS.);
#7931 = CARTESIAN_POINT('',(-3.239190783745E-15,26.45,3.1));
#7932 = CARTESIAN_POINT('',(-3.251314787056E-15,26.549,2.8));
#7933 = ORIENTED_EDGE('',*,*,#7934,.F.);
#7934 = EDGE_CURVE('',#4756,#7928,#7935,.T.);
#7935 = B_SPLINE_CURVE_WITH_KNOTS('',1,(#7936,#7937),.UNSPECIFIED.,.F.,
  .F.,(2,2),(0.586730928646,0.601399201862),.PIECEWISE_BEZIER_KNOTS.);
#7936 = CARTESIAN_POINT('',(-1.463414634148E-02,26.55,2.8));
#7937 = CARTESIAN_POINT('',(-3.251314787056E-15,26.549,2.8));
#7938 = B_SPLINE_SURFACE_WITH_KNOTS('',1,1,(
    (#7939,#7940)
    ,(#7941,#7942
    )),.UNSPECIFIED.,.F.,.F.,.F.,(2,2),(2,2),(0.,0.61611687203),(0.,1.),
  .PIECEWISE_BEZIER_KNOTS.);
#7939 = CARTESIAN_POINT('',(-0.6,26.59,3.1));
#7940 = CARTESIAN_POINT('',(-0.6,26.59,2.8));
#7941 = CARTESIAN_POINT('',(-3.239190783745E-15,26.45,3.1));
#7942 = CARTESIAN_POINT('',(-3.251314787056E-15,26.549,2.8));
#7943 = ADVANCED_FACE('',(#7944),#7953,.F.);
#7944 = FACE_BOUND('',#7945,.F.);
#7945 = EDGE_LOOP('',(#7946,#7951,#7952));
#7946 = ORIENTED_EDGE('',*,*,#7947,.T.);
#7947 = EDGE_CURVE('',#7928,#4733,#7948,.T.);
#7948 = B_SPLINE_CURVE_WITH_KNOTS('',1,(#7949,#7950),.UNSPECIFIED.,.F.,
  .F.,(2,2),(0.,1.466827321616E-02),.PIECEWISE_BEZIER_KNOTS.);
#7949 = CARTESIAN_POINT('',(-3.251314787056E-15,26.549,2.8));
#7950 = CARTESIAN_POINT('',(1.463414634148E-02,26.55,2.8));
#7951 = ORIENTED_EDGE('',*,*,#4755,.T.);
#7952 = ORIENTED_EDGE('',*,*,#7934,.T.);
#7953 = B_SPLINE_SURFACE_WITH_KNOTS('',1,1,(
    (#7954,#7955)
    ,(#7956,#7957
    )),.UNSPECIFIED.,.F.,.F.,.F.,(2,2),(2,2),(0.585365853659,
    0.614634146341),(4.E-02,4.1E-02),.PIECEWISE_BEZIER_KNOTS.);
#7954 = CARTESIAN_POINT('',(1.463414634148E-02,26.55,2.8));
#7955 = CARTESIAN_POINT('',(1.463414634148E-02,26.549,2.8));
#7956 = CARTESIAN_POINT('',(-1.463414634148E-02,26.55,2.8));
#7957 = CARTESIAN_POINT('',(-1.463414634148E-02,26.549,2.8));
#7958 = ADVANCED_FACE('',(#7959),#7969,.F.);
#7959 = FACE_BOUND('',#7960,.F.);
#7960 = EDGE_LOOP('',(#7961,#7962,#7967,#7968));
#7961 = ORIENTED_EDGE('',*,*,#7927,.F.);
#7962 = ORIENTED_EDGE('',*,*,#7963,.T.);
#7963 = EDGE_CURVE('',#7906,#4726,#7964,.T.);
#7964 = B_SPLINE_CURVE_WITH_KNOTS('',1,(#7965,#7966),.UNSPECIFIED.,.F.,
  .F.,(2,2),(0.,0.440083480021),.PIECEWISE_BEZIER_KNOTS.);
#7965 = CARTESIAN_POINT('',(-3.239190783745E-15,26.45,3.1));
#7966 = CARTESIAN_POINT('',(0.428571428571,26.55,3.1));
#7967 = ORIENTED_EDGE('',*,*,#4732,.T.);
#7968 = ORIENTED_EDGE('',*,*,#7947,.F.);
#7969 = B_SPLINE_SURFACE_WITH_KNOTS('',1,1,(
    (#7970,#7971)
    ,(#7972,#7973
    )),.UNSPECIFIED.,.F.,.F.,.F.,(2,2),(2,2),(0.,0.61611687203),(0.,1.),
  .PIECEWISE_BEZIER_KNOTS.);
#7970 = CARTESIAN_POINT('',(-3.239190783745E-15,26.45,3.1));
#7971 = CARTESIAN_POINT('',(-3.251314787056E-15,26.549,2.8));
#7972 = CARTESIAN_POINT('',(0.6,26.59,3.1));
#7973 = CARTESIAN_POINT('',(0.6,26.59,2.8));
#7974 = ADVANCED_FACE('',(#7975),#7985,.F.);
#7975 = FACE_BOUND('',#7976,.F.);
#7976 = EDGE_LOOP('',(#7977,#7978,#7983,#7984));
#7977 = ORIENTED_EDGE('',*,*,#7905,.F.);
#7978 = ORIENTED_EDGE('',*,*,#7979,.T.);
#7979 = EDGE_CURVE('',#7884,#4695,#7980,.T.);
#7980 = B_SPLINE_CURVE_WITH_KNOTS('',1,(#7981,#7982),.UNSPECIFIED.,.F.,
  .F.,(2,2),(0.,0.440083480021),.PIECEWISE_BEZIER_KNOTS.);
#7981 = CARTESIAN_POINT('',(-3.239190783745E-15,26.45,7.3));
#7982 = CARTESIAN_POINT('',(0.428571428571,26.55,7.3));
#7983 = ORIENTED_EDGE('',*,*,#4725,.T.);
#7984 = ORIENTED_EDGE('',*,*,#7963,.F.);
#7985 = B_SPLINE_SURFACE_WITH_KNOTS('',1,1,(
    (#7986,#7987)
    ,(#7988,#7989
    )),.UNSPECIFIED.,.F.,.F.,.F.,(2,2),(2,2),(0.,0.440083480021),(-4.2,
    0.),.PIECEWISE_BEZIER_KNOTS.);
#7986 = CARTESIAN_POINT('',(-3.239190783745E-15,26.45,7.3));
#7987 = CARTESIAN_POINT('',(-3.239190783745E-15,26.45,3.1));
#7988 = CARTESIAN_POINT('',(0.428571428571,26.55,7.3));
#7989 = CARTESIAN_POINT('',(0.428571428571,26.55,3.1));
#7990 = ADVANCED_FACE('',(#7991),#8001,.F.);
#7991 = FACE_BOUND('',#7992,.F.);
#7992 = EDGE_LOOP('',(#7993,#7994,#7999,#8000));
#7993 = ORIENTED_EDGE('',*,*,#7883,.F.);
#7994 = ORIENTED_EDGE('',*,*,#7995,.T.);
#7995 = EDGE_CURVE('',#7877,#4688,#7996,.T.);
#7996 = B_SPLINE_CURVE_WITH_KNOTS('',1,(#7997,#7998),.UNSPECIFIED.,.F.,
  .F.,(2,2),(0.,1.466827321616E-02),.PIECEWISE_BEZIER_KNOTS.);
#7997 = CARTESIAN_POINT('',(-3.251314787056E-15,26.549,7.6));
#7998 = CARTESIAN_POINT('',(1.463414634148E-02,26.55,7.6));
#7999 = ORIENTED_EDGE('',*,*,#4694,.T.);
#8000 = ORIENTED_EDGE('',*,*,#7979,.F.);
#8001 = B_SPLINE_SURFACE_WITH_KNOTS('',1,1,(
    (#8002,#8003)
    ,(#8004,#8005
    )),.UNSPECIFIED.,.F.,.F.,.F.,(2,2),(2,2),(0.,0.61611687203),(0.,1.),
  .PIECEWISE_BEZIER_KNOTS.);
#8002 = CARTESIAN_POINT('',(-3.251314787056E-15,26.549,7.6));
#8003 = CARTESIAN_POINT('',(-3.239190783745E-15,26.45,7.3));
#8004 = CARTESIAN_POINT('',(0.6,26.59,7.6));
#8005 = CARTESIAN_POINT('',(0.6,26.59,7.3));
#8006 = ADVANCED_FACE('',(#8007),#8012,.T.);
#8007 = FACE_BOUND('',#8008,.T.);
#8008 = EDGE_LOOP('',(#8009,#8010,#8011));
#8009 = ORIENTED_EDGE('',*,*,#7995,.T.);
#8010 = ORIENTED_EDGE('',*,*,#4687,.T.);
#8011 = ORIENTED_EDGE('',*,*,#7876,.T.);
#8012 = B_SPLINE_SURFACE_WITH_KNOTS('',1,1,(
    (#8013,#8014)
    ,(#8015,#8016
    )),.UNSPECIFIED.,.F.,.F.,.F.,(2,2),(2,2),(0.585365853659,
    0.614634146341),(4.E-02,4.1E-02),.PIECEWISE_BEZIER_KNOTS.);
#8013 = CARTESIAN_POINT('',(1.463414634148E-02,26.55,7.6));
#8014 = CARTESIAN_POINT('',(1.463414634148E-02,26.549,7.6));
#8015 = CARTESIAN_POINT('',(-1.463414634148E-02,26.55,7.6));
#8016 = CARTESIAN_POINT('',(-1.463414634148E-02,26.549,7.6));
#8017 = ADVANCED_FACE('',(#8018),#8040,.F.);
#8018 = FACE_BOUND('',#8019,.F.);
#8019 = EDGE_LOOP('',(#8020,#8021,#8028,#8035));
#8020 = ORIENTED_EDGE('',*,*,#4814,.F.);
#8021 = ORIENTED_EDGE('',*,*,#8022,.T.);
#8022 = EDGE_CURVE('',#4815,#8023,#8025,.T.);
#8023 = VERTEX_POINT('',#8024);
#8024 = CARTESIAN_POINT('',(-20.,26.549,7.6));
#8025 = B_SPLINE_CURVE_WITH_KNOTS('',1,(#8026,#8027),.UNSPECIFIED.,.F.,
  .F.,(2,2),(0.586730928646,0.601399201862),.PIECEWISE_BEZIER_KNOTS.);
#8026 = CARTESIAN_POINT('',(-20.01463414634,26.55,7.6));
#8027 = CARTESIAN_POINT('',(-20.,26.549,7.6));
#8028 = ORIENTED_EDGE('',*,*,#8029,.T.);
#8029 = EDGE_CURVE('',#8023,#8030,#8032,.T.);
#8030 = VERTEX_POINT('',#8031);
#8031 = CARTESIAN_POINT('',(-20.,26.45,7.3));
#8032 = B_SPLINE_CURVE_WITH_KNOTS('',1,(#8033,#8034),.UNSPECIFIED.,.F.,
  .F.,(2,2),(0.,1.),.PIECEWISE_BEZIER_KNOTS.);
#8033 = CARTESIAN_POINT('',(-20.,26.549,7.6));
#8034 = CARTESIAN_POINT('',(-20.,26.45,7.3));
#8035 = ORIENTED_EDGE('',*,*,#8036,.F.);
#8036 = EDGE_CURVE('',#4817,#8030,#8037,.T.);
#8037 = B_SPLINE_CURVE_WITH_KNOTS('',1,(#8038,#8039),.UNSPECIFIED.,.F.,
  .F.,(2,2),(0.176033392009,0.61611687203),.PIECEWISE_BEZIER_KNOTS.);
#8038 = CARTESIAN_POINT('',(-20.42857142857,26.55,7.3));
#8039 = CARTESIAN_POINT('',(-20.,26.45,7.3));
#8040 = B_SPLINE_SURFACE_WITH_KNOTS('',1,1,(
    (#8041,#8042)
    ,(#8043,#8044
    )),.UNSPECIFIED.,.F.,.F.,.F.,(2,2),(2,2),(0.,0.61611687203),(0.,1.),
  .PIECEWISE_BEZIER_KNOTS.);
#8041 = CARTESIAN_POINT('',(-20.6,26.59,7.6));
#8042 = CARTESIAN_POINT('',(-20.6,26.59,7.3));
#8043 = CARTESIAN_POINT('',(-20.,26.549,7.6));
#8044 = CARTESIAN_POINT('',(-20.,26.45,7.3));
#8045 = ADVANCED_FACE('',(#8046),#8062,.F.);
#8046 = FACE_BOUND('',#8047,.F.);
#8047 = EDGE_LOOP('',(#8048,#8049,#8050,#8057));
#8048 = ORIENTED_EDGE('',*,*,#4945,.T.);
#8049 = ORIENTED_EDGE('',*,*,#8036,.T.);
#8050 = ORIENTED_EDGE('',*,*,#8051,.T.);
#8051 = EDGE_CURVE('',#8030,#8052,#8054,.T.);
#8052 = VERTEX_POINT('',#8053);
#8053 = CARTESIAN_POINT('',(-20.,26.45,3.1));
#8054 = B_SPLINE_CURVE_WITH_KNOTS('',1,(#8055,#8056),.UNSPECIFIED.,.F.,
  .F.,(2,2),(0.,1.),.PIECEWISE_BEZIER_KNOTS.);
#8055 = CARTESIAN_POINT('',(-20.,26.45,7.3));
#8056 = CARTESIAN_POINT('',(-20.,26.45,3.1));
#8057 = ORIENTED_EDGE('',*,*,#8058,.F.);
#8058 = EDGE_CURVE('',#4923,#8052,#8059,.T.);
#8059 = B_SPLINE_CURVE_WITH_KNOTS('',1,(#8060,#8061),.UNSPECIFIED.,.F.,
  .F.,(2,2),(0.176033392009,0.61611687203),.PIECEWISE_BEZIER_KNOTS.);
#8060 = CARTESIAN_POINT('',(-20.42857142857,26.55,3.1));
#8061 = CARTESIAN_POINT('',(-20.,26.45,3.1));
#8062 = B_SPLINE_SURFACE_WITH_KNOTS('',1,1,(
    (#8063,#8064)
    ,(#8065,#8066
    )),.UNSPECIFIED.,.F.,.F.,.F.,(2,2),(2,2),(0.176033392009,
    0.61611687203),(-4.2,0.),.PIECEWISE_BEZIER_KNOTS.);
#8063 = CARTESIAN_POINT('',(-20.42857142857,26.55,7.3));
#8064 = CARTESIAN_POINT('',(-20.42857142857,26.55,3.1));
#8065 = CARTESIAN_POINT('',(-20.,26.45,7.3));
#8066 = CARTESIAN_POINT('',(-20.,26.45,3.1));
#8067 = ADVANCED_FACE('',(#8068),#8084,.F.);
#8068 = FACE_BOUND('',#8069,.F.);
#8069 = EDGE_LOOP('',(#8070,#8071,#8072,#8079));
#8070 = ORIENTED_EDGE('',*,*,#4922,.F.);
#8071 = ORIENTED_EDGE('',*,*,#8058,.T.);
#8072 = ORIENTED_EDGE('',*,*,#8073,.T.);
#8073 = EDGE_CURVE('',#8052,#8074,#8076,.T.);
#8074 = VERTEX_POINT('',#8075);
#8075 = CARTESIAN_POINT('',(-20.,26.549,2.8));
#8076 = B_SPLINE_CURVE_WITH_KNOTS('',1,(#8077,#8078),.UNSPECIFIED.,.F.,
  .F.,(2,2),(0.,1.),.PIECEWISE_BEZIER_KNOTS.);
#8077 = CARTESIAN_POINT('',(-20.,26.45,3.1));
#8078 = CARTESIAN_POINT('',(-20.,26.549,2.8));
#8079 = ORIENTED_EDGE('',*,*,#8080,.F.);
#8080 = EDGE_CURVE('',#4916,#8074,#8081,.T.);
#8081 = B_SPLINE_CURVE_WITH_KNOTS('',1,(#8082,#8083),.UNSPECIFIED.,.F.,
  .F.,(2,2),(0.586730928646,0.601399201862),.PIECEWISE_BEZIER_KNOTS.);
#8082 = CARTESIAN_POINT('',(-20.01463414634,26.55,2.8));
#8083 = CARTESIAN_POINT('',(-20.,26.549,2.8));
#8084 = B_SPLINE_SURFACE_WITH_KNOTS('',1,1,(
    (#8085,#8086)
    ,(#8087,#8088
    )),.UNSPECIFIED.,.F.,.F.,.F.,(2,2),(2,2),(0.,0.61611687203),(0.,1.),
  .PIECEWISE_BEZIER_KNOTS.);
#8085 = CARTESIAN_POINT('',(-20.6,26.59,3.1));
#8086 = CARTESIAN_POINT('',(-20.6,26.59,2.8));
#8087 = CARTESIAN_POINT('',(-20.,26.45,3.1));
#8088 = CARTESIAN_POINT('',(-20.,26.549,2.8));
#8089 = ADVANCED_FACE('',(#8090),#8099,.F.);
#8090 = FACE_BOUND('',#8091,.F.);
#8091 = EDGE_LOOP('',(#8092,#8097,#8098));
#8092 = ORIENTED_EDGE('',*,*,#8093,.T.);
#8093 = EDGE_CURVE('',#8074,#4893,#8094,.T.);
#8094 = B_SPLINE_CURVE_WITH_KNOTS('',1,(#8095,#8096),.UNSPECIFIED.,.F.,
  .F.,(2,2),(0.,1.466827321621E-02),.PIECEWISE_BEZIER_KNOTS.);
#8095 = CARTESIAN_POINT('',(-20.,26.549,2.8));
#8096 = CARTESIAN_POINT('',(-19.98536585365,26.55,2.8));
#8097 = ORIENTED_EDGE('',*,*,#4915,.T.);
#8098 = ORIENTED_EDGE('',*,*,#8080,.T.);
#8099 = B_SPLINE_SURFACE_WITH_KNOTS('',1,1,(
    (#8100,#8101)
    ,(#8102,#8103
    )),.UNSPECIFIED.,.F.,.F.,.F.,(2,2),(2,2),(0.585365853658,
    0.614634146342),(4.E-02,4.1E-02),.PIECEWISE_BEZIER_KNOTS.);
#8100 = CARTESIAN_POINT('',(-19.98536585365,26.55,2.8));
#8101 = CARTESIAN_POINT('',(-19.98536585365,26.549,2.8));
#8102 = CARTESIAN_POINT('',(-20.01463414634,26.55,2.8));
#8103 = CARTESIAN_POINT('',(-20.01463414634,26.549,2.8));
#8104 = ADVANCED_FACE('',(#8105),#8115,.F.);
#8105 = FACE_BOUND('',#8106,.F.);
#8106 = EDGE_LOOP('',(#8107,#8108,#8113,#8114));
#8107 = ORIENTED_EDGE('',*,*,#8073,.F.);
#8108 = ORIENTED_EDGE('',*,*,#8109,.T.);
#8109 = EDGE_CURVE('',#8052,#4886,#8110,.T.);
#8110 = B_SPLINE_CURVE_WITH_KNOTS('',1,(#8111,#8112),.UNSPECIFIED.,.F.,
  .F.,(2,2),(0.,0.440083480021),.PIECEWISE_BEZIER_KNOTS.);
#8111 = CARTESIAN_POINT('',(-20.,26.45,3.1));
#8112 = CARTESIAN_POINT('',(-19.57142857142,26.55,3.1));
#8113 = ORIENTED_EDGE('',*,*,#4892,.T.);
#8114 = ORIENTED_EDGE('',*,*,#8093,.F.);
#8115 = B_SPLINE_SURFACE_WITH_KNOTS('',1,1,(
    (#8116,#8117)
    ,(#8118,#8119
    )),.UNSPECIFIED.,.F.,.F.,.F.,(2,2),(2,2),(0.,0.61611687203),(0.,1.),
  .PIECEWISE_BEZIER_KNOTS.);
#8116 = CARTESIAN_POINT('',(-20.,26.45,3.1));
#8117 = CARTESIAN_POINT('',(-20.,26.549,2.8));
#8118 = CARTESIAN_POINT('',(-19.4,26.59,3.1));
#8119 = CARTESIAN_POINT('',(-19.4,26.59,2.8));
#8120 = ADVANCED_FACE('',(#8121),#8131,.F.);
#8121 = FACE_BOUND('',#8122,.F.);
#8122 = EDGE_LOOP('',(#8123,#8124,#8129,#8130));
#8123 = ORIENTED_EDGE('',*,*,#8051,.F.);
#8124 = ORIENTED_EDGE('',*,*,#8125,.T.);
#8125 = EDGE_CURVE('',#8030,#4855,#8126,.T.);
#8126 = B_SPLINE_CURVE_WITH_KNOTS('',1,(#8127,#8128),.UNSPECIFIED.,.F.,
  .F.,(2,2),(0.,0.440083480021),.PIECEWISE_BEZIER_KNOTS.);
#8127 = CARTESIAN_POINT('',(-20.,26.45,7.3));
#8128 = CARTESIAN_POINT('',(-19.57142857142,26.55,7.3));
#8129 = ORIENTED_EDGE('',*,*,#4885,.T.);
#8130 = ORIENTED_EDGE('',*,*,#8109,.F.);
#8131 = B_SPLINE_SURFACE_WITH_KNOTS('',1,1,(
    (#8132,#8133)
    ,(#8134,#8135
    )),.UNSPECIFIED.,.F.,.F.,.F.,(2,2),(2,2),(0.,0.440083480021),(-4.2,
    0.),.PIECEWISE_BEZIER_KNOTS.);
#8132 = CARTESIAN_POINT('',(-20.,26.45,7.3));
#8133 = CARTESIAN_POINT('',(-20.,26.45,3.1));
#8134 = CARTESIAN_POINT('',(-19.57142857142,26.55,7.3));
#8135 = CARTESIAN_POINT('',(-19.57142857142,26.55,3.1));
#8136 = ADVANCED_FACE('',(#8137),#8147,.F.);
#8137 = FACE_BOUND('',#8138,.F.);
#8138 = EDGE_LOOP('',(#8139,#8140,#8145,#8146));
#8139 = ORIENTED_EDGE('',*,*,#8029,.F.);
#8140 = ORIENTED_EDGE('',*,*,#8141,.T.);
#8141 = EDGE_CURVE('',#8023,#4848,#8142,.T.);
#8142 = B_SPLINE_CURVE_WITH_KNOTS('',1,(#8143,#8144),.UNSPECIFIED.,.F.,
  .F.,(2,2),(0.,1.466827321621E-02),.PIECEWISE_BEZIER_KNOTS.);
#8143 = CARTESIAN_POINT('',(-20.,26.549,7.6));
#8144 = CARTESIAN_POINT('',(-19.98536585365,26.55,7.6));
#8145 = ORIENTED_EDGE('',*,*,#4854,.T.);
#8146 = ORIENTED_EDGE('',*,*,#8125,.F.);
#8147 = B_SPLINE_SURFACE_WITH_KNOTS('',1,1,(
    (#8148,#8149)
    ,(#8150,#8151
    )),.UNSPECIFIED.,.F.,.F.,.F.,(2,2),(2,2),(0.,0.61611687203),(0.,1.),
  .PIECEWISE_BEZIER_KNOTS.);
#8148 = CARTESIAN_POINT('',(-20.,26.549,7.6));
#8149 = CARTESIAN_POINT('',(-20.,26.45,7.3));
#8150 = CARTESIAN_POINT('',(-19.4,26.59,7.6));
#8151 = CARTESIAN_POINT('',(-19.4,26.59,7.3));
#8152 = ADVANCED_FACE('',(#8153),#8158,.T.);
#8153 = FACE_BOUND('',#8154,.T.);
#8154 = EDGE_LOOP('',(#8155,#8156,#8157));
#8155 = ORIENTED_EDGE('',*,*,#8141,.T.);
#8156 = ORIENTED_EDGE('',*,*,#4847,.T.);
#8157 = ORIENTED_EDGE('',*,*,#8022,.T.);
#8158 = B_SPLINE_SURFACE_WITH_KNOTS('',1,1,(
    (#8159,#8160)
    ,(#8161,#8162
    )),.UNSPECIFIED.,.F.,.F.,.F.,(2,2),(2,2),(0.585365853658,
    0.614634146342),(4.E-02,4.1E-02),.PIECEWISE_BEZIER_KNOTS.);
#8159 = CARTESIAN_POINT('',(-19.98536585365,26.55,7.6));
#8160 = CARTESIAN_POINT('',(-19.98536585365,26.549,7.6));
#8161 = CARTESIAN_POINT('',(-20.01463414634,26.55,7.6));
#8162 = CARTESIAN_POINT('',(-20.01463414634,26.549,7.6));
#8163 = ADVANCED_FACE('',(#8164),#8170,.F.);
#8164 = FACE_BOUND('',#8165,.F.);
#8165 = EDGE_LOOP('',(#8166,#8167,#8168,#8169));
#8166 = ORIENTED_EDGE('',*,*,#5317,.F.);
#8167 = ORIENTED_EDGE('',*,*,#5247,.T.);
#8168 = ORIENTED_EDGE('',*,*,#5299,.T.);
#8169 = ORIENTED_EDGE('',*,*,#4959,.F.);
#8170 = ( BOUNDED_SURFACE() B_SPLINE_SURFACE(2,1,(
    (#8171,#8172)
    ,(#8173,#8174)
    ,(#8175,#8176
)),.UNSPECIFIED.,.F.,.F.,.F.) B_SPLINE_SURFACE_WITH_KNOTS((3,3),(2,2),(
    4.712388980385,6.28318530718),(1.411866324809E-03,0.424971763768),
.PIECEWISE_BEZIER_KNOTS.) GEOMETRIC_REPRESENTATION_ITEM() 
RATIONAL_B_SPLINE_SURFACE((
    (1.,1.)
    ,(0.707106781187,0.707106781187)
,(1.,1.))) REPRESENTATION_ITEM('') SURFACE() );
#8171 = CARTESIAN_POINT('',(-26.84900332225,25.,9.8));
#8172 = CARTESIAN_POINT('',(-26.55,25.,9.5));
#8173 = CARTESIAN_POINT('',(-26.84900332225,26.849003322259,9.8));
#8174 = CARTESIAN_POINT('',(-26.55,26.55,9.5));
#8175 = CARTESIAN_POINT('',(-25.,26.849003322259,9.8));
#8176 = CARTESIAN_POINT('',(-25.,26.55,9.5));
#8177 = ADVANCED_FACE('',(#8178,#8240),#8246,.T.);
#8178 = FACE_BOUND('',#8179,.T.);
#8179 = EDGE_LOOP('',(#8180,#8189,#8197,#8204,#8212,#8219,#8227,#8234));
#8180 = ORIENTED_EDGE('',*,*,#8181,.F.);
#8181 = EDGE_CURVE('',#8182,#8184,#8186,.T.);
#8182 = VERTEX_POINT('',#8183);
#8183 = CARTESIAN_POINT('',(-29.,25.,-1.7763568394E-15));
#8184 = VERTEX_POINT('',#8185);
#8185 = CARTESIAN_POINT('',(-29.,-25.,-1.7763568394E-15));
#8186 = B_SPLINE_CURVE_WITH_KNOTS('',1,(#8187,#8188),.UNSPECIFIED.,.F.,
  .F.,(2,2),(4.,54.),.PIECEWISE_BEZIER_KNOTS.);
#8187 = CARTESIAN_POINT('',(-29.,25.,-1.7763568394E-15));
#8188 = CARTESIAN_POINT('',(-29.,-25.,-1.7763568394E-15));
#8189 = ORIENTED_EDGE('',*,*,#8190,.T.);
#8190 = EDGE_CURVE('',#8182,#8191,#8193,.T.);
#8191 = VERTEX_POINT('',#8192);
#8192 = CARTESIAN_POINT('',(-25.,29.,-1.7763568394E-15));
#8193 = ( BOUNDED_CURVE() B_SPLINE_CURVE(2,(#8194,#8195,#8196),
.UNSPECIFIED.,.F.,.F.) B_SPLINE_CURVE_WITH_KNOTS((3,3),(4.712388980385,
6.28318530718),.PIECEWISE_BEZIER_KNOTS.) CURVE() 
GEOMETRIC_REPRESENTATION_ITEM() RATIONAL_B_SPLINE_CURVE((1.,
0.707106781187,1.)) REPRESENTATION_ITEM('') );
#8194 = CARTESIAN_POINT('',(-29.,25.,-1.7763568394E-15));
#8195 = CARTESIAN_POINT('',(-29.,29.,-1.7763568394E-15));
#8196 = CARTESIAN_POINT('',(-25.,29.,-1.7763568394E-15));
#8197 = ORIENTED_EDGE('',*,*,#8198,.T.);
#8198 = EDGE_CURVE('',#8191,#8199,#8201,.T.);
#8199 = VERTEX_POINT('',#8200);
#8200 = CARTESIAN_POINT('',(25.,29.,-1.7763568394E-15));
#8201 = B_SPLINE_CURVE_WITH_KNOTS('',1,(#8202,#8203),.UNSPECIFIED.,.F.,
  .F.,(2,2),(4.,54.),.PIECEWISE_BEZIER_KNOTS.);
#8202 = CARTESIAN_POINT('',(-25.,29.,-1.7763568394E-15));
#8203 = CARTESIAN_POINT('',(25.,29.,-1.7763568394E-15));
#8204 = ORIENTED_EDGE('',*,*,#8205,.F.);
#8205 = EDGE_CURVE('',#8206,#8199,#8208,.T.);
#8206 = VERTEX_POINT('',#8207);
#8207 = CARTESIAN_POINT('',(29.,25.,-1.7763568394E-15));
#8208 = ( BOUNDED_CURVE() B_SPLINE_CURVE(2,(#8209,#8210,#8211),
.UNSPECIFIED.,.F.,.F.) B_SPLINE_CURVE_WITH_KNOTS((3,3),(4.712388980385,
6.28318530718),.PIECEWISE_BEZIER_KNOTS.) CURVE() 
GEOMETRIC_REPRESENTATION_ITEM() RATIONAL_B_SPLINE_CURVE((1.,
0.707106781187,1.)) REPRESENTATION_ITEM('') );
#8209 = CARTESIAN_POINT('',(29.,25.,-1.7763568394E-15));
#8210 = CARTESIAN_POINT('',(29.,29.,-1.7763568394E-15));
#8211 = CARTESIAN_POINT('',(25.,29.,-1.7763568394E-15));
#8212 = ORIENTED_EDGE('',*,*,#8213,.T.);
#8213 = EDGE_CURVE('',#8206,#8214,#8216,.T.);
#8214 = VERTEX_POINT('',#8215);
#8215 = CARTESIAN_POINT('',(29.,-25.,-1.7763568394E-15));
#8216 = B_SPLINE_CURVE_WITH_KNOTS('',1,(#8217,#8218),.UNSPECIFIED.,.F.,
  .F.,(2,2),(4.,54.),.PIECEWISE_BEZIER_KNOTS.);
#8217 = CARTESIAN_POINT('',(29.,25.,-1.7763568394E-15));
#8218 = CARTESIAN_POINT('',(29.,-25.,-1.7763568394E-15));
#8219 = ORIENTED_EDGE('',*,*,#8220,.T.);
#8220 = EDGE_CURVE('',#8214,#8221,#8223,.T.);
#8221 = VERTEX_POINT('',#8222);
#8222 = CARTESIAN_POINT('',(25.,-29.,-1.7763568394E-15));
#8223 = ( BOUNDED_CURVE() B_SPLINE_CURVE(2,(#8224,#8225,#8226),
.UNSPECIFIED.,.F.,.F.) B_SPLINE_CURVE_WITH_KNOTS((3,3),(1.570796326795,
3.14159265359),.PIECEWISE_BEZIER_KNOTS.) CURVE() 
GEOMETRIC_REPRESENTATION_ITEM() RATIONAL_B_SPLINE_CURVE((1.,
0.707106781187,1.)) REPRESENTATION_ITEM('') );
#8224 = CARTESIAN_POINT('',(29.,-25.,-1.7763568394E-15));
#8225 = CARTESIAN_POINT('',(29.,-29.,-1.7763568394E-15));
#8226 = CARTESIAN_POINT('',(25.,-29.,-1.7763568394E-15));
#8227 = ORIENTED_EDGE('',*,*,#8228,.F.);
#8228 = EDGE_CURVE('',#8229,#8221,#8231,.T.);
#8229 = VERTEX_POINT('',#8230);
#8230 = CARTESIAN_POINT('',(-25.,-29.,-1.7763568394E-15));
#8231 = B_SPLINE_CURVE_WITH_KNOTS('',1,(#8232,#8233),.UNSPECIFIED.,.F.,
  .F.,(2,2),(4.,54.),.PIECEWISE_BEZIER_KNOTS.);
#8232 = CARTESIAN_POINT('',(-25.,-29.,-1.7763568394E-15));
#8233 = CARTESIAN_POINT('',(25.,-29.,-1.7763568394E-15));
#8234 = ORIENTED_EDGE('',*,*,#8235,.F.);
#8235 = EDGE_CURVE('',#8184,#8229,#8236,.T.);
#8236 = ( BOUNDED_CURVE() B_SPLINE_CURVE(2,(#8237,#8238,#8239),
.UNSPECIFIED.,.F.,.F.) B_SPLINE_CURVE_WITH_KNOTS((3,3),(1.570796326795,
3.14159265359),.PIECEWISE_BEZIER_KNOTS.) CURVE() 
GEOMETRIC_REPRESENTATION_ITEM() RATIONAL_B_SPLINE_CURVE((1.,
0.707106781187,1.)) REPRESENTATION_ITEM('') );
#8237 = CARTESIAN_POINT('',(-29.,-25.,-1.7763568394E-15));
#8238 = CARTESIAN_POINT('',(-29.,-29.,-1.7763568394E-15));
#8239 = CARTESIAN_POINT('',(-25.,-29.,-1.7763568394E-15));
#8240 = FACE_BOUND('',#8241,.T.);
#8241 = EDGE_LOOP('',(#8242,#8243,#8244,#8245));
#8242 = ORIENTED_EDGE('',*,*,#4992,.T.);
#8243 = ORIENTED_EDGE('',*,*,#5036,.T.);
#8244 = ORIENTED_EDGE('',*,*,#5052,.F.);
#8245 = ORIENTED_EDGE('',*,*,#5014,.F.);
#8246 = B_SPLINE_SURFACE_WITH_KNOTS('',1,1,(
    (#8247,#8248)
    ,(#8249,#8250
    )),.UNSPECIFIED.,.F.,.F.,.F.,(2,2),(2,2),(0.,58.),(0.,58.),
  .PIECEWISE_BEZIER_KNOTS.);
#8247 = CARTESIAN_POINT('',(-29.,29.,-1.7763568394E-15));
#8248 = CARTESIAN_POINT('',(-29.,-29.,-1.7763568394E-15));
#8249 = CARTESIAN_POINT('',(29.,29.,-1.7763568394E-15));
#8250 = CARTESIAN_POINT('',(29.,-29.,-1.7763568394E-15));
#8251 = ADVANCED_FACE('',(#8252),#8266,.F.);
#8252 = FACE_BOUND('',#8253,.F.);
#8253 = EDGE_LOOP('',(#8254,#8255,#8260,#8261));
#8254 = ORIENTED_EDGE('',*,*,#8181,.F.);
#8255 = ORIENTED_EDGE('',*,*,#8256,.F.);
#8256 = EDGE_CURVE('',#5066,#8182,#8257,.T.);
#8257 = B_SPLINE_CURVE_WITH_KNOTS('',1,(#8258,#8259),.UNSPECIFIED.,.F.,
  .F.,(2,2),(0.,9.8),.PIECEWISE_BEZIER_KNOTS.);
#8258 = CARTESIAN_POINT('',(-29.,25.,9.8));
#8259 = CARTESIAN_POINT('',(-29.,25.,-1.7763568394E-15));
#8260 = ORIENTED_EDGE('',*,*,#5065,.T.);
#8261 = ORIENTED_EDGE('',*,*,#8262,.T.);
#8262 = EDGE_CURVE('',#5068,#8184,#8263,.T.);
#8263 = B_SPLINE_CURVE_WITH_KNOTS('',1,(#8264,#8265),.UNSPECIFIED.,.F.,
  .F.,(2,2),(0.,9.8),.PIECEWISE_BEZIER_KNOTS.);
#8264 = CARTESIAN_POINT('',(-29.,-25.,9.8));
#8265 = CARTESIAN_POINT('',(-29.,-25.,-1.7763568394E-15));
#8266 = B_SPLINE_SURFACE_WITH_KNOTS('',1,1,(
    (#8267,#8268)
    ,(#8269,#8270
    )),.UNSPECIFIED.,.F.,.F.,.F.,(2,2),(2,2),(0.,9.8),(-54.,-4.),
  .PIECEWISE_BEZIER_KNOTS.);
#8267 = CARTESIAN_POINT('',(-29.,-25.,9.8));
#8268 = CARTESIAN_POINT('',(-29.,25.,9.8));
#8269 = CARTESIAN_POINT('',(-29.,-25.,-1.7763568394E-15));
#8270 = CARTESIAN_POINT('',(-29.,25.,-1.7763568394E-15));
#8271 = ADVANCED_FACE('',(#8272),#8282,.T.);
#8272 = FACE_BOUND('',#8273,.T.);
#8273 = EDGE_LOOP('',(#8274,#8275,#8280,#8281));
#8274 = ORIENTED_EDGE('',*,*,#5074,.T.);
#8275 = ORIENTED_EDGE('',*,*,#8276,.T.);
#8276 = EDGE_CURVE('',#5075,#8191,#8277,.T.);
#8277 = B_SPLINE_CURVE_WITH_KNOTS('',1,(#8278,#8279),.UNSPECIFIED.,.F.,
  .F.,(2,2),(0.,9.8),.PIECEWISE_BEZIER_KNOTS.);
#8278 = CARTESIAN_POINT('',(-25.,29.,9.8));
#8279 = CARTESIAN_POINT('',(-25.,29.,-1.7763568394E-15));
#8280 = ORIENTED_EDGE('',*,*,#8190,.F.);
#8281 = ORIENTED_EDGE('',*,*,#8256,.F.);
#8282 = ( BOUNDED_SURFACE() B_SPLINE_SURFACE(2,1,(
    (#8283,#8284)
    ,(#8285,#8286)
    ,(#8287,#8288
)),.UNSPECIFIED.,.F.,.F.,.F.) B_SPLINE_SURFACE_WITH_KNOTS((3,3),(2,2),(
    0.,1.570796326795),(0.,9.8),.PIECEWISE_BEZIER_KNOTS.) 
GEOMETRIC_REPRESENTATION_ITEM() RATIONAL_B_SPLINE_SURFACE((
    (1.,1.)
    ,(0.707106781187,0.707106781187)
,(1.,1.))) REPRESENTATION_ITEM('') SURFACE() );
#8283 = CARTESIAN_POINT('',(-29.,25.,9.8));
#8284 = CARTESIAN_POINT('',(-29.,25.,-1.7763568394E-15));
#8285 = CARTESIAN_POINT('',(-29.,29.,9.8));
#8286 = CARTESIAN_POINT('',(-29.,29.,-1.7763568394E-15));
#8287 = CARTESIAN_POINT('',(-25.,29.,9.8));
#8288 = CARTESIAN_POINT('',(-25.,29.,-1.7763568394E-15));
#8289 = ADVANCED_FACE('',(#8290),#8300,.F.);
#8290 = FACE_BOUND('',#8291,.F.);
#8291 = EDGE_LOOP('',(#8292,#8293,#8298,#8299));
#8292 = ORIENTED_EDGE('',*,*,#5119,.T.);
#8293 = ORIENTED_EDGE('',*,*,#8294,.T.);
#8294 = EDGE_CURVE('',#5113,#8229,#8295,.T.);
#8295 = B_SPLINE_CURVE_WITH_KNOTS('',1,(#8296,#8297),.UNSPECIFIED.,.F.,
  .F.,(2,2),(0.,9.8),.PIECEWISE_BEZIER_KNOTS.);
#8296 = CARTESIAN_POINT('',(-25.,-29.,9.8));
#8297 = CARTESIAN_POINT('',(-25.,-29.,-1.7763568394E-15));
#8298 = ORIENTED_EDGE('',*,*,#8235,.F.);
#8299 = ORIENTED_EDGE('',*,*,#8262,.F.);
#8300 = ( BOUNDED_SURFACE() B_SPLINE_SURFACE(2,1,(
    (#8301,#8302)
    ,(#8303,#8304)
    ,(#8305,#8306
)),.UNSPECIFIED.,.F.,.F.,.F.) B_SPLINE_SURFACE_WITH_KNOTS((3,3),(2,2),(
    0.,1.570796326795),(0.,9.8),.PIECEWISE_BEZIER_KNOTS.) 
GEOMETRIC_REPRESENTATION_ITEM() RATIONAL_B_SPLINE_SURFACE((
    (1.,1.)
    ,(0.707106781187,0.707106781187)
,(1.,1.))) REPRESENTATION_ITEM('') SURFACE() );
#8301 = CARTESIAN_POINT('',(-29.,-25.,9.8));
#8302 = CARTESIAN_POINT('',(-29.,-25.,-1.7763568394E-15));
#8303 = CARTESIAN_POINT('',(-29.,-29.,9.8));
#8304 = CARTESIAN_POINT('',(-29.,-29.,-1.7763568394E-15));
#8305 = CARTESIAN_POINT('',(-25.,-29.,9.8));
#8306 = CARTESIAN_POINT('',(-25.,-29.,-1.7763568394E-15));
#8307 = ADVANCED_FACE('',(#8308),#8318,.F.);
#8308 = FACE_BOUND('',#8309,.F.);
#8309 = EDGE_LOOP('',(#8310,#8311,#8312,#8313));
#8310 = ORIENTED_EDGE('',*,*,#5082,.F.);
#8311 = ORIENTED_EDGE('',*,*,#8276,.T.);
#8312 = ORIENTED_EDGE('',*,*,#8198,.T.);
#8313 = ORIENTED_EDGE('',*,*,#8314,.F.);
#8314 = EDGE_CURVE('',#5083,#8199,#8315,.T.);
#8315 = B_SPLINE_CURVE_WITH_KNOTS('',1,(#8316,#8317),.UNSPECIFIED.,.F.,
  .F.,(2,2),(0.,9.8),.PIECEWISE_BEZIER_KNOTS.);
#8316 = CARTESIAN_POINT('',(25.,29.,9.8));
#8317 = CARTESIAN_POINT('',(25.,29.,-1.7763568394E-15));
#8318 = B_SPLINE_SURFACE_WITH_KNOTS('',1,1,(
    (#8319,#8320)
    ,(#8321,#8322
    )),.UNSPECIFIED.,.F.,.F.,.F.,(2,2),(2,2),(0.,9.8),(4.,54.),
  .PIECEWISE_BEZIER_KNOTS.);
#8319 = CARTESIAN_POINT('',(-25.,29.,9.8));
#8320 = CARTESIAN_POINT('',(25.,29.,9.8));
#8321 = CARTESIAN_POINT('',(-25.,29.,-1.7763568394E-15));
#8322 = CARTESIAN_POINT('',(25.,29.,-1.7763568394E-15));
#8323 = ADVANCED_FACE('',(#8324),#8334,.T.);
#8324 = FACE_BOUND('',#8325,.T.);
#8325 = EDGE_LOOP('',(#8326,#8327,#8328,#8329));
#8326 = ORIENTED_EDGE('',*,*,#5112,.F.);
#8327 = ORIENTED_EDGE('',*,*,#8294,.T.);
#8328 = ORIENTED_EDGE('',*,*,#8228,.T.);
#8329 = ORIENTED_EDGE('',*,*,#8330,.F.);
#8330 = EDGE_CURVE('',#5105,#8221,#8331,.T.);
#8331 = B_SPLINE_CURVE_WITH_KNOTS('',1,(#8332,#8333),.UNSPECIFIED.,.F.,
  .F.,(2,2),(0.,9.8),.PIECEWISE_BEZIER_KNOTS.);
#8332 = CARTESIAN_POINT('',(25.,-29.,9.8));
#8333 = CARTESIAN_POINT('',(25.,-29.,-1.7763568394E-15));
#8334 = B_SPLINE_SURFACE_WITH_KNOTS('',1,1,(
    (#8335,#8336)
    ,(#8337,#8338
    )),.UNSPECIFIED.,.F.,.F.,.F.,(2,2),(2,2),(0.,9.8),(4.,54.),
  .PIECEWISE_BEZIER_KNOTS.);
#8335 = CARTESIAN_POINT('',(-25.,-29.,9.8));
#8336 = CARTESIAN_POINT('',(25.,-29.,9.8));
#8337 = CARTESIAN_POINT('',(-25.,-29.,-1.7763568394E-15));
#8338 = CARTESIAN_POINT('',(25.,-29.,-1.7763568394E-15));
#8339 = ADVANCED_FACE('',(#8340),#8350,.F.);
#8340 = FACE_BOUND('',#8341,.F.);
#8341 = EDGE_LOOP('',(#8342,#8343,#8344,#8345));
#8342 = ORIENTED_EDGE('',*,*,#5089,.T.);
#8343 = ORIENTED_EDGE('',*,*,#8314,.T.);
#8344 = ORIENTED_EDGE('',*,*,#8205,.F.);
#8345 = ORIENTED_EDGE('',*,*,#8346,.F.);
#8346 = EDGE_CURVE('',#5090,#8206,#8347,.T.);
#8347 = B_SPLINE_CURVE_WITH_KNOTS('',1,(#8348,#8349),.UNSPECIFIED.,.F.,
  .F.,(2,2),(0.,9.8),.PIECEWISE_BEZIER_KNOTS.);
#8348 = CARTESIAN_POINT('',(29.,25.,9.8));
#8349 = CARTESIAN_POINT('',(29.,25.,-1.7763568394E-15));
#8350 = ( BOUNDED_SURFACE() B_SPLINE_SURFACE(2,1,(
    (#8351,#8352)
    ,(#8353,#8354)
    ,(#8355,#8356
)),.UNSPECIFIED.,.F.,.F.,.F.) B_SPLINE_SURFACE_WITH_KNOTS((3,3),(2,2),(
    0.,1.570796326795),(0.,9.8),.PIECEWISE_BEZIER_KNOTS.) 
GEOMETRIC_REPRESENTATION_ITEM() RATIONAL_B_SPLINE_SURFACE((
    (1.,1.)
    ,(0.707106781187,0.707106781187)
,(1.,1.))) REPRESENTATION_ITEM('') SURFACE() );
#8351 = CARTESIAN_POINT('',(29.,25.,9.8));
#8352 = CARTESIAN_POINT('',(29.,25.,-1.7763568394E-15));
#8353 = CARTESIAN_POINT('',(29.,29.,9.8));
#8354 = CARTESIAN_POINT('',(29.,29.,-1.7763568394E-15));
#8355 = CARTESIAN_POINT('',(25.,29.,9.8));
#8356 = CARTESIAN_POINT('',(25.,29.,-1.7763568394E-15));
#8357 = ADVANCED_FACE('',(#8358),#8368,.T.);
#8358 = FACE_BOUND('',#8359,.T.);
#8359 = EDGE_LOOP('',(#8360,#8361,#8362,#8363));
#8360 = ORIENTED_EDGE('',*,*,#5104,.T.);
#8361 = ORIENTED_EDGE('',*,*,#8330,.T.);
#8362 = ORIENTED_EDGE('',*,*,#8220,.F.);
#8363 = ORIENTED_EDGE('',*,*,#8364,.F.);
#8364 = EDGE_CURVE('',#5098,#8214,#8365,.T.);
#8365 = B_SPLINE_CURVE_WITH_KNOTS('',1,(#8366,#8367),.UNSPECIFIED.,.F.,
  .F.,(2,2),(0.,9.8),.PIECEWISE_BEZIER_KNOTS.);
#8366 = CARTESIAN_POINT('',(29.,-25.,9.8));
#8367 = CARTESIAN_POINT('',(29.,-25.,-1.7763568394E-15));
#8368 = ( BOUNDED_SURFACE() B_SPLINE_SURFACE(2,1,(
    (#8369,#8370)
    ,(#8371,#8372)
    ,(#8373,#8374
)),.UNSPECIFIED.,.F.,.F.,.F.) B_SPLINE_SURFACE_WITH_KNOTS((3,3),(2,2),(
    0.,1.570796326795),(0.,9.8),.PIECEWISE_BEZIER_KNOTS.) 
GEOMETRIC_REPRESENTATION_ITEM() RATIONAL_B_SPLINE_SURFACE((
    (1.,1.)
    ,(0.707106781187,0.707106781187)
,(1.,1.))) REPRESENTATION_ITEM('') SURFACE() );
#8369 = CARTESIAN_POINT('',(29.,-25.,9.8));
#8370 = CARTESIAN_POINT('',(29.,-25.,-1.7763568394E-15));
#8371 = CARTESIAN_POINT('',(29.,-29.,9.8));
#8372 = CARTESIAN_POINT('',(29.,-29.,-1.7763568394E-15));
#8373 = CARTESIAN_POINT('',(25.,-29.,9.8));
#8374 = CARTESIAN_POINT('',(25.,-29.,-1.7763568394E-15));
#8375 = ADVANCED_FACE('',(#8376),#8382,.T.);
#8376 = FACE_BOUND('',#8377,.T.);
#8377 = EDGE_LOOP('',(#8378,#8379,#8380,#8381));
#8378 = ORIENTED_EDGE('',*,*,#8213,.F.);
#8379 = ORIENTED_EDGE('',*,*,#8346,.F.);
#8380 = ORIENTED_EDGE('',*,*,#5097,.T.);
#8381 = ORIENTED_EDGE('',*,*,#8364,.T.);
#8382 = B_SPLINE_SURFACE_WITH_KNOTS('',1,1,(
    (#8383,#8384)
    ,(#8385,#8386
    )),.UNSPECIFIED.,.F.,.F.,.F.,(2,2),(2,2),(0.,9.8),(-54.,-4.),
  .PIECEWISE_BEZIER_KNOTS.);
#8383 = CARTESIAN_POINT('',(29.,-25.,9.8));
#8384 = CARTESIAN_POINT('',(29.,25.,9.8));
#8385 = CARTESIAN_POINT('',(29.,-25.,-1.7763568394E-15));
#8386 = CARTESIAN_POINT('',(29.,25.,-1.7763568394E-15));
#8387 = ( GEOMETRIC_REPRESENTATION_CONTEXT(3) 
GLOBAL_UNCERTAINTY_ASSIGNED_CONTEXT((#8391)) 
GLOBAL_UNIT_ASSIGNED_CONTEXT((#8388,#8389,#8390)) REPRESENTATION_CONTEXT
('Context #1','3D Context with UNIT and UNCERTAINTY') );
#8388 = ( LENGTH_UNIT() NAMED_UNIT(*) SI_UNIT(.MILLI.,.METRE.) );
#8389 = ( NAMED_UNIT(*) PLANE_ANGLE_UNIT() SI_UNIT($,.RADIAN.) );
#8390 = ( NAMED_UNIT(*) SI_UNIT($,.STERADIAN.) SOLID_ANGLE_UNIT() );
#8391 = UNCERTAINTY_MEASURE_WITH_UNIT(LENGTH_MEASURE(1.E-06),#8388,
  'distance_accuracy_value','confusion accuracy');
#8392 = PRODUCT_RELATED_PRODUCT_CATEGORY('part',$,(#7));
ENDSEC;
END-ISO-10303-21;
