ISO-10303-21;
HEADER;
FILE_DESCRIPTION(('FreeCAD Model'),'2;1');
FILE_NAME('Open CASCADE Shape Model','2026-10-03T15:52:20',('Author'),(
    ''),'Open CASCADE STEP processor 7.8','FreeCAD','Unknown');
FILE_SCHEMA(('AUTOMOTIVE_DESIGN { 1 0 10303 214 1 1 1 1 }'));
ENDSEC;
DATA;
#1 = APPLICATION_PROTOCOL_DEFINITION('international standard',
  'automotive_design',2000,#2);
#2 = APPLICATION_CONTEXT(
  'core data for automotive mechanical design processes');
#3 = SHAPE_DEFINITION_REPRESENTATION(#4,#10);
#4 = PRODUCT_DEFINITION_SHAPE('','',#5);
#5 = PRODUCT_DEFINITION('design','',#6,#9);
#6 = PRODUCT_DEFINITION_FORMATION('','',#7);
#7 = PRODUCT('DiceBox_HiddenLock_Lid','DiceBox_HiddenLock_Lid','',(#8));
#8 = PRODUCT_CONTEXT('',#2,'mechanical');
#9 = PRODUCT_DEFINITION_CONTEXT('part definition',#2,'design');
#10 = ADVANCED_BREP_SHAPE_REPRESENTATION('',(#11,#15),#5075);
#11 = AXIS2_PLACEMENT_3D('',#12,#13,#14);
#12 = CARTESIAN_POINT('',(0.,0.,0.));
#13 = DIRECTION('',(0.,0.,1.));
#14 = DIRECTION('',(1.,0.,-0.));
#15 = MANIFOLD_SOLID_BREP('',#16);
#16 = CLOSED_SHELL('',(#17,#53,#117,#142,#164,#215,#259,#659,#675,#691,
    #707,#719,#748,#770,#793,#883,#908,#933,#955,#977,#1005,#1027,#1049,
    #1064,#1080,#1096,#1112,#1123,#1151,#1173,#1195,#1210,#1226,#1242,
    #1258,#1269,#1479,#1893,#2307,#2332,#2357,#2765,#2793,#2815,#2837,
    #2853,#2871,#2889,#2917,#2942,#2967,#2989,#3011,#3036,#3061,#3077,
    #3093,#3116,#3138,#3159,#3175,#3193,#3209,#3232,#3254,#3275,#3291,
    #3309,#3325,#3348,#3370,#3391,#3403,#3435,#3493,#3515,#3567,#3595,
    #3617,#3639,#3654,#3670,#3686,#3702,#3713,#3741,#3763,#3785,#3800,
    #3816,#3832,#3848,#3859,#3891,#3949,#3971,#4023,#4044,#4066,#4088,
    #4110,#4125,#4141,#4157,#4169,#4190,#4212,#4234,#4256,#4271,#4287,
    #4303,#4315,#4347,#4405,#4463,#4479,#4500,#4522,#4544,#4566,#4581,
    #4597,#4613,#4625,#4646,#4668,#4690,#4712,#4727,#4743,#4759,#4771,
    #4793,#4811,#4827,#4843,#4859,#4875,#4887,#4905,#4921,#4937,#4953,
    #4969,#4981,#4999,#5015,#5031,#5047,#5063));
#17 = ADVANCED_FACE('',(#18),#48,.T.);
#18 = FACE_BOUND('',#19,.T.);
#19 = EDGE_LOOP('',(#20,#29,#36,#43));
#20 = ORIENTED_EDGE('',*,*,#21,.F.);
#21 = EDGE_CURVE('',#22,#24,#26,.T.);
#22 = VERTEX_POINT('',#23);
#23 = CARTESIAN_POINT('',(-27.4,-4.,9.4));
#24 = VERTEX_POINT('',#25);
#25 = CARTESIAN_POINT('',(-27.4,-4.,2.05));
#26 = B_SPLINE_CURVE_WITH_KNOTS('',1,(#27,#28),.UNSPECIFIED.,.F.,.F.,(2,
    2),(0.,7.35),.PIECEWISE_BEZIER_KNOTS.);
#27 = CARTESIAN_POINT('',(-27.4,-4.,9.4));
#28 = CARTESIAN_POINT('',(-27.4,-4.,2.05));
#29 = ORIENTED_EDGE('',*,*,#30,.F.);
#30 = EDGE_CURVE('',#31,#22,#33,.T.);
#31 = VERTEX_POINT('',#32);
#32 = CARTESIAN_POINT('',(-27.4,4.,9.4));
#33 = B_SPLINE_CURVE_WITH_KNOTS('',1,(#34,#35),.UNSPECIFIED.,.F.,.F.,(2,
    2),(0.,8.),.PIECEWISE_BEZIER_KNOTS.);
#34 = CARTESIAN_POINT('',(-27.4,4.,9.4));
#35 = CARTESIAN_POINT('',(-27.4,-4.,9.4));
#36 = ORIENTED_EDGE('',*,*,#37,.T.);
#37 = EDGE_CURVE('',#31,#38,#40,.T.);
#38 = VERTEX_POINT('',#39);
#39 = CARTESIAN_POINT('',(-27.4,4.,2.05));
#40 = B_SPLINE_CURVE_WITH_KNOTS('',1,(#41,#42),.UNSPECIFIED.,.F.,.F.,(2,
    2),(0.,7.35),.PIECEWISE_BEZIER_KNOTS.);
#41 = CARTESIAN_POINT('',(-27.4,4.,9.4));
#42 = CARTESIAN_POINT('',(-27.4,4.,2.05));
#43 = ORIENTED_EDGE('',*,*,#44,.T.);
#44 = EDGE_CURVE('',#38,#24,#45,.T.);
#45 = B_SPLINE_CURVE_WITH_KNOTS('',1,(#46,#47),.UNSPECIFIED.,.F.,.F.,(2,
    2),(4.440892098501E-16,8.),.PIECEWISE_BEZIER_KNOTS.);
#46 = CARTESIAN_POINT('',(-27.4,4.,2.05));
#47 = CARTESIAN_POINT('',(-27.4,-4.,2.05));
#48 = B_SPLINE_SURFACE_WITH_KNOTS('',1,1,(
    (#49,#50)
    ,(#51,#52)),.UNSPECIFIED.,.F.,.F.,.F.,(2,2),(2,2),(0.,7.35),(0.,8.),
  .PIECEWISE_BEZIER_KNOTS.);
#49 = CARTESIAN_POINT('',(-27.4,4.,9.4));
#50 = CARTESIAN_POINT('',(-27.4,-4.,9.4));
#51 = CARTESIAN_POINT('',(-27.4,4.,2.05));
#52 = CARTESIAN_POINT('',(-27.4,-4.,2.05));
#53 = ADVANCED_FACE('',(#54),#112,.T.);
#54 = FACE_BOUND('',#55,.T.);
#55 = EDGE_LOOP('',(#56,#57,#65,#72,#79,#86,#93,#100,#107));
#56 = ORIENTED_EDGE('',*,*,#21,.T.);
#57 = ORIENTED_EDGE('',*,*,#58,.T.);
#58 = EDGE_CURVE('',#24,#59,#61,.T.);
#59 = VERTEX_POINT('',#60);
#60 = CARTESIAN_POINT('',(-27.65,-4.,1.8));
#61 = ( BOUNDED_CURVE() B_SPLINE_CURVE(2,(#62,#63,#64),.UNSPECIFIED.,.F.
,.F.) B_SPLINE_CURVE_WITH_KNOTS((3,3),(3.14159265359,4.712388980385),
.PIECEWISE_BEZIER_KNOTS.) CURVE() GEOMETRIC_REPRESENTATION_ITEM() 
RATIONAL_B_SPLINE_CURVE((1.,0.707106781187,1.)) REPRESENTATION_ITEM('') 
  );
#62 = CARTESIAN_POINT('',(-27.4,-4.,2.05));
#63 = CARTESIAN_POINT('',(-27.4,-4.,1.8));
#64 = CARTESIAN_POINT('',(-27.65,-4.,1.8));
#65 = ORIENTED_EDGE('',*,*,#66,.F.);
#66 = EDGE_CURVE('',#67,#59,#69,.T.);
#67 = VERTEX_POINT('',#68);
#68 = CARTESIAN_POINT('',(-26.6,-4.,1.8));
#69 = B_SPLINE_CURVE_WITH_KNOTS('',1,(#70,#71),.UNSPECIFIED.,.F.,.F.,(2,
    2),(5.E-02,1.1),.PIECEWISE_BEZIER_KNOTS.);
#70 = CARTESIAN_POINT('',(-26.6,-4.,1.8));
#71 = CARTESIAN_POINT('',(-27.65,-4.,1.8));
#72 = ORIENTED_EDGE('',*,*,#73,.F.);
#73 = EDGE_CURVE('',#74,#67,#76,.T.);
#74 = VERTEX_POINT('',#75);
#75 = CARTESIAN_POINT('',(-26.6,-4.,8.2));
#76 = B_SPLINE_CURVE_WITH_KNOTS('',1,(#77,#78),.UNSPECIFIED.,.F.,.F.,(2,
    2),(1.675,8.075),.PIECEWISE_BEZIER_KNOTS.);
#77 = CARTESIAN_POINT('',(-26.6,-4.,8.2));
#78 = CARTESIAN_POINT('',(-26.6,-4.,1.8));
#79 = ORIENTED_EDGE('',*,*,#80,.F.);
#80 = EDGE_CURVE('',#81,#74,#83,.T.);
#81 = VERTEX_POINT('',#82);
#82 = CARTESIAN_POINT('',(-26.2,-4.,8.2));
#83 = B_SPLINE_CURVE_WITH_KNOTS('',1,(#84,#85),.UNSPECIFIED.,.F.,.F.,(2,
    2),(0.,0.4),.PIECEWISE_BEZIER_KNOTS.);
#84 = CARTESIAN_POINT('',(-26.2,-4.,8.2));
#85 = CARTESIAN_POINT('',(-26.6,-4.,8.2));
#86 = ORIENTED_EDGE('',*,*,#87,.F.);
#87 = EDGE_CURVE('',#88,#81,#90,.T.);
#88 = VERTEX_POINT('',#89);
#89 = CARTESIAN_POINT('',(-26.2,-4.,8.7));
#90 = B_SPLINE_CURVE_WITH_KNOTS('',1,(#91,#92),.UNSPECIFIED.,.F.,.F.,(2,
    2),(0.,0.5),.PIECEWISE_BEZIER_KNOTS.);
#91 = CARTESIAN_POINT('',(-26.2,-4.,8.7));
#92 = CARTESIAN_POINT('',(-26.2,-4.,8.2));
#93 = ORIENTED_EDGE('',*,*,#94,.F.);
#94 = EDGE_CURVE('',#95,#88,#97,.T.);
#95 = VERTEX_POINT('',#96);
#96 = CARTESIAN_POINT('',(-26.6,-4.,9.1));
#97 = B_SPLINE_CURVE_WITH_KNOTS('',1,(#98,#99),.UNSPECIFIED.,.F.,.F.,(2,
    2),(0.,0.565685424949),.PIECEWISE_BEZIER_KNOTS.);
#98 = CARTESIAN_POINT('',(-26.6,-4.,9.1));
#99 = CARTESIAN_POINT('',(-26.2,-4.,8.7));
#100 = ORIENTED_EDGE('',*,*,#101,.F.);
#101 = EDGE_CURVE('',#102,#95,#104,.T.);
#102 = VERTEX_POINT('',#103);
#103 = CARTESIAN_POINT('',(-26.6,-4.,9.4));
#104 = B_SPLINE_CURVE_WITH_KNOTS('',1,(#105,#106),.UNSPECIFIED.,.F.,.F.,
  (2,2),(0.475,0.775),.PIECEWISE_BEZIER_KNOTS.);
#105 = CARTESIAN_POINT('',(-26.6,-4.,9.4));
#106 = CARTESIAN_POINT('',(-26.6,-4.,9.1));
#107 = ORIENTED_EDGE('',*,*,#108,.T.);
#108 = EDGE_CURVE('',#102,#22,#109,.T.);
#109 = B_SPLINE_CURVE_WITH_KNOTS('',1,(#110,#111),.UNSPECIFIED.,.F.,.F.,
  (2,2),(5.E-02,0.85),.PIECEWISE_BEZIER_KNOTS.);
#110 = CARTESIAN_POINT('',(-26.6,-4.,9.4));
#111 = CARTESIAN_POINT('',(-27.4,-4.,9.4));
#112 = B_SPLINE_SURFACE_WITH_KNOTS('',1,1,(
    (#113,#114)
    ,(#115,#116
    )),.UNSPECIFIED.,.F.,.F.,.F.,(2,2),(2,2),(-0.672315251178,
    0.777684748822),(-3.806586160272,3.793413839728),
  .PIECEWISE_BEZIER_KNOTS.);
#113 = CARTESIAN_POINT('',(-27.65,-4.,1.8));
#114 = CARTESIAN_POINT('',(-27.65,-4.,9.4));
#115 = CARTESIAN_POINT('',(-26.2,-4.,1.8));
#116 = CARTESIAN_POINT('',(-26.2,-4.,9.4));
#117 = ADVANCED_FACE('',(#118),#135,.T.);
#118 = FACE_BOUND('',#119,.T.);
#119 = EDGE_LOOP('',(#120,#128,#133,#134));
#120 = ORIENTED_EDGE('',*,*,#121,.T.);
#121 = EDGE_CURVE('',#38,#122,#124,.T.);
#122 = VERTEX_POINT('',#123);
#123 = CARTESIAN_POINT('',(-27.65,4.,1.8));
#124 = ( BOUNDED_CURVE() B_SPLINE_CURVE(2,(#125,#126,#127),
.UNSPECIFIED.,.F.,.F.) B_SPLINE_CURVE_WITH_KNOTS((3,3),(3.14159265359,
4.712388980385),.PIECEWISE_BEZIER_KNOTS.) CURVE() 
GEOMETRIC_REPRESENTATION_ITEM() RATIONAL_B_SPLINE_CURVE((1.,
0.707106781187,1.)) REPRESENTATION_ITEM('') );
#125 = CARTESIAN_POINT('',(-27.4,4.,2.05));
#126 = CARTESIAN_POINT('',(-27.4,4.,1.8));
#127 = CARTESIAN_POINT('',(-27.65,4.,1.8));
#128 = ORIENTED_EDGE('',*,*,#129,.T.);
#129 = EDGE_CURVE('',#122,#59,#130,.T.);
#130 = B_SPLINE_CURVE_WITH_KNOTS('',1,(#131,#132),.UNSPECIFIED.,.F.,.F.,
  (2,2),(4.440892098501E-16,8.),.PIECEWISE_BEZIER_KNOTS.);
#131 = CARTESIAN_POINT('',(-27.65,4.,1.8));
#132 = CARTESIAN_POINT('',(-27.65,-4.,1.8));
#133 = ORIENTED_EDGE('',*,*,#58,.F.);
#134 = ORIENTED_EDGE('',*,*,#44,.F.);
#135 = ( BOUNDED_SURFACE() B_SPLINE_SURFACE(2,1,(
    (#136,#137)
    ,(#138,#139)
,(#140,#141
    )),.UNSPECIFIED.,.F.,.F.,.F.) B_SPLINE_SURFACE_WITH_KNOTS((3,3),(2,2
    ),(0.,1.570796326795),(4.440892098501E-16,8.),
.PIECEWISE_BEZIER_KNOTS.) GEOMETRIC_REPRESENTATION_ITEM() 
RATIONAL_B_SPLINE_SURFACE((
    (1.,1.)
    ,(0.707106781187,0.707106781187)
,(1.,1.))) REPRESENTATION_ITEM('') SURFACE() );
#136 = CARTESIAN_POINT('',(-27.4,4.,2.05));
#137 = CARTESIAN_POINT('',(-27.4,-4.,2.05));
#138 = CARTESIAN_POINT('',(-27.4,4.,1.8));
#139 = CARTESIAN_POINT('',(-27.4,-4.,1.8));
#140 = CARTESIAN_POINT('',(-27.65,4.,1.8));
#141 = CARTESIAN_POINT('',(-27.65,-4.,1.8));
#142 = ADVANCED_FACE('',(#143),#159,.F.);
#143 = FACE_BOUND('',#144,.F.);
#144 = EDGE_LOOP('',(#145,#146,#153,#158));
#145 = ORIENTED_EDGE('',*,*,#30,.F.);
#146 = ORIENTED_EDGE('',*,*,#147,.F.);
#147 = EDGE_CURVE('',#148,#31,#150,.T.);
#148 = VERTEX_POINT('',#149);
#149 = CARTESIAN_POINT('',(-26.6,4.,9.4));
#150 = B_SPLINE_CURVE_WITH_KNOTS('',1,(#151,#152),.UNSPECIFIED.,.F.,.F.,
  (2,2),(5.E-02,0.85),.PIECEWISE_BEZIER_KNOTS.);
#151 = CARTESIAN_POINT('',(-26.6,4.,9.4));
#152 = CARTESIAN_POINT('',(-27.4,4.,9.4));
#153 = ORIENTED_EDGE('',*,*,#154,.F.);
#154 = EDGE_CURVE('',#102,#148,#155,.T.);
#155 = B_SPLINE_CURVE_WITH_KNOTS('',1,(#156,#157),.UNSPECIFIED.,.F.,.F.,
  (2,2),(-19.3,-11.3),.PIECEWISE_BEZIER_KNOTS.);
#156 = CARTESIAN_POINT('',(-26.6,-4.,9.4));
#157 = CARTESIAN_POINT('',(-26.6,4.,9.4));
#158 = ORIENTED_EDGE('',*,*,#108,.T.);
#159 = B_SPLINE_SURFACE_WITH_KNOTS('',1,1,(
    (#160,#161)
    ,(#162,#163
    )),.UNSPECIFIED.,.F.,.F.,.F.,(2,2),(2,2),(0.,8.),(5.E-02,0.85),
  .PIECEWISE_BEZIER_KNOTS.);
#160 = CARTESIAN_POINT('',(-26.6,4.,9.4));
#161 = CARTESIAN_POINT('',(-27.4,4.,9.4));
#162 = CARTESIAN_POINT('',(-26.6,-4.,9.4));
#163 = CARTESIAN_POINT('',(-27.4,-4.,9.4));
#164 = ADVANCED_FACE('',(#165),#210,.T.);
#165 = FACE_BOUND('',#166,.T.);
#166 = EDGE_LOOP('',(#167,#168,#169,#176,#183,#190,#197,#204,#209));
#167 = ORIENTED_EDGE('',*,*,#37,.F.);
#168 = ORIENTED_EDGE('',*,*,#147,.F.);
#169 = ORIENTED_EDGE('',*,*,#170,.T.);
#170 = EDGE_CURVE('',#148,#171,#173,.T.);
#171 = VERTEX_POINT('',#172);
#172 = CARTESIAN_POINT('',(-26.6,4.,9.1));
#173 = B_SPLINE_CURVE_WITH_KNOTS('',1,(#174,#175),.UNSPECIFIED.,.F.,.F.,
  (2,2),(0.475,0.775),.PIECEWISE_BEZIER_KNOTS.);
#174 = CARTESIAN_POINT('',(-26.6,4.,9.4));
#175 = CARTESIAN_POINT('',(-26.6,4.,9.1));
#176 = ORIENTED_EDGE('',*,*,#177,.T.);
#177 = EDGE_CURVE('',#171,#178,#180,.T.);
#178 = VERTEX_POINT('',#179);
#179 = CARTESIAN_POINT('',(-26.2,4.,8.7));
#180 = B_SPLINE_CURVE_WITH_KNOTS('',1,(#181,#182),.UNSPECIFIED.,.F.,.F.,
  (2,2),(0.,0.565685424949),.PIECEWISE_BEZIER_KNOTS.);
#181 = CARTESIAN_POINT('',(-26.6,4.,9.1));
#182 = CARTESIAN_POINT('',(-26.2,4.,8.7));
#183 = ORIENTED_EDGE('',*,*,#184,.T.);
#184 = EDGE_CURVE('',#178,#185,#187,.T.);
#185 = VERTEX_POINT('',#186);
#186 = CARTESIAN_POINT('',(-26.2,4.,8.2));
#187 = B_SPLINE_CURVE_WITH_KNOTS('',1,(#188,#189),.UNSPECIFIED.,.F.,.F.,
  (2,2),(0.,0.5),.PIECEWISE_BEZIER_KNOTS.);
#188 = CARTESIAN_POINT('',(-26.2,4.,8.7));
#189 = CARTESIAN_POINT('',(-26.2,4.,8.2));
#190 = ORIENTED_EDGE('',*,*,#191,.T.);
#191 = EDGE_CURVE('',#185,#192,#194,.T.);
#192 = VERTEX_POINT('',#193);
#193 = CARTESIAN_POINT('',(-26.6,4.,8.2));
#194 = B_SPLINE_CURVE_WITH_KNOTS('',1,(#195,#196),.UNSPECIFIED.,.F.,.F.,
  (2,2),(0.,0.4),.PIECEWISE_BEZIER_KNOTS.);
#195 = CARTESIAN_POINT('',(-26.2,4.,8.2));
#196 = CARTESIAN_POINT('',(-26.6,4.,8.2));
#197 = ORIENTED_EDGE('',*,*,#198,.T.);
#198 = EDGE_CURVE('',#192,#199,#201,.T.);
#199 = VERTEX_POINT('',#200);
#200 = CARTESIAN_POINT('',(-26.6,4.,1.8));
#201 = B_SPLINE_CURVE_WITH_KNOTS('',1,(#202,#203),.UNSPECIFIED.,.F.,.F.,
  (2,2),(1.675,8.075),.PIECEWISE_BEZIER_KNOTS.);
#202 = CARTESIAN_POINT('',(-26.6,4.,8.2));
#203 = CARTESIAN_POINT('',(-26.6,4.,1.8));
#204 = ORIENTED_EDGE('',*,*,#205,.T.);
#205 = EDGE_CURVE('',#199,#122,#206,.T.);
#206 = B_SPLINE_CURVE_WITH_KNOTS('',1,(#207,#208),.UNSPECIFIED.,.F.,.F.,
  (2,2),(-0.432743362832,0.617256637168),.PIECEWISE_BEZIER_KNOTS.);
#207 = CARTESIAN_POINT('',(-26.6,4.,1.8));
#208 = CARTESIAN_POINT('',(-27.65,4.,1.8));
#209 = ORIENTED_EDGE('',*,*,#121,.F.);
#210 = B_SPLINE_SURFACE_WITH_KNOTS('',1,1,(
    (#211,#212)
    ,(#213,#214
    )),.UNSPECIFIED.,.F.,.F.,.F.,(2,2),(2,2),(-0.777684748822,
    0.672315251178),(-3.806586160272,3.793413839728),
  .PIECEWISE_BEZIER_KNOTS.);
#211 = CARTESIAN_POINT('',(-26.2,4.,1.8));
#212 = CARTESIAN_POINT('',(-26.2,4.,9.4));
#213 = CARTESIAN_POINT('',(-27.65,4.,1.8));
#214 = CARTESIAN_POINT('',(-27.65,4.,9.4));
#215 = ADVANCED_FACE('',(#216),#254,.T.);
#216 = FACE_BOUND('',#217,.T.);
#217 = EDGE_LOOP('',(#218,#219,#226,#233,#240,#247,#252,#253));
#218 = ORIENTED_EDGE('',*,*,#205,.F.);
#219 = ORIENTED_EDGE('',*,*,#220,.T.);
#220 = EDGE_CURVE('',#199,#221,#223,.T.);
#221 = VERTEX_POINT('',#222);
#222 = CARTESIAN_POINT('',(-26.6,4.6,1.8));
#223 = B_SPLINE_CURVE_WITH_KNOTS('',1,(#224,#225),.UNSPECIFIED.,.F.,.F.,
  (2,2),(-11.6,-11.),.PIECEWISE_BEZIER_KNOTS.);
#224 = CARTESIAN_POINT('',(-26.6,4.,1.8));
#225 = CARTESIAN_POINT('',(-26.6,4.6,1.8));
#226 = ORIENTED_EDGE('',*,*,#227,.T.);
#227 = EDGE_CURVE('',#221,#228,#230,.T.);
#228 = VERTEX_POINT('',#229);
#229 = CARTESIAN_POINT('',(-27.9,4.6,1.8));
#230 = B_SPLINE_CURVE_WITH_KNOTS('',1,(#231,#232),.UNSPECIFIED.,.F.,.F.,
  (2,2),(5.E-02,1.35),.PIECEWISE_BEZIER_KNOTS.);
#231 = CARTESIAN_POINT('',(-26.6,4.6,1.8));
#232 = CARTESIAN_POINT('',(-27.9,4.6,1.8));
#233 = ORIENTED_EDGE('',*,*,#234,.T.);
#234 = EDGE_CURVE('',#228,#235,#237,.T.);
#235 = VERTEX_POINT('',#236);
#236 = CARTESIAN_POINT('',(-27.9,-4.6,1.8));
#237 = B_SPLINE_CURVE_WITH_KNOTS('',1,(#238,#239),.UNSPECIFIED.,.F.,.F.,
  (2,2),(-8.6,0.6),.PIECEWISE_BEZIER_KNOTS.);
#238 = CARTESIAN_POINT('',(-27.9,4.6,1.8));
#239 = CARTESIAN_POINT('',(-27.9,-4.6,1.8));
#240 = ORIENTED_EDGE('',*,*,#241,.F.);
#241 = EDGE_CURVE('',#242,#235,#244,.T.);
#242 = VERTEX_POINT('',#243);
#243 = CARTESIAN_POINT('',(-26.6,-4.6,1.8));
#244 = B_SPLINE_CURVE_WITH_KNOTS('',1,(#245,#246),.UNSPECIFIED.,.F.,.F.,
  (2,2),(5.E-02,1.35),.PIECEWISE_BEZIER_KNOTS.);
#245 = CARTESIAN_POINT('',(-26.6,-4.6,1.8));
#246 = CARTESIAN_POINT('',(-27.9,-4.6,1.8));
#247 = ORIENTED_EDGE('',*,*,#248,.T.);
#248 = EDGE_CURVE('',#242,#67,#249,.T.);
#249 = B_SPLINE_CURVE_WITH_KNOTS('',1,(#250,#251),.UNSPECIFIED.,.F.,.F.,
  (2,2),(-15.9,-15.3),.PIECEWISE_BEZIER_KNOTS.);
#250 = CARTESIAN_POINT('',(-26.6,-4.6,1.8));
#251 = CARTESIAN_POINT('',(-26.6,-4.,1.8));
#252 = ORIENTED_EDGE('',*,*,#66,.T.);
#253 = ORIENTED_EDGE('',*,*,#129,.F.);
#254 = B_SPLINE_SURFACE_WITH_KNOTS('',1,1,(
    (#255,#256)
    ,(#257,#258
    )),.UNSPECIFIED.,.F.,.F.,.F.,(2,2),(2,2),(-0.915486725664,
    0.384513274336),(-4.6,4.6),.PIECEWISE_BEZIER_KNOTS.);
#255 = CARTESIAN_POINT('',(-26.6,4.6,1.8));
#256 = CARTESIAN_POINT('',(-26.6,-4.6,1.8));
#257 = CARTESIAN_POINT('',(-27.9,4.6,1.8));
#258 = CARTESIAN_POINT('',(-27.9,-4.6,1.8));
#259 = ADVANCED_FACE('',(#260,#318,#486),#654,.T.);
#260 = FACE_BOUND('',#261,.T.);
#261 = EDGE_LOOP('',(#262,#271,#278,#285,#290,#291,#292,#297,#298,#299,
    #306,#313));
#262 = ORIENTED_EDGE('',*,*,#263,.F.);
#263 = EDGE_CURVE('',#264,#266,#268,.T.);
#264 = VERTEX_POINT('',#265);
#265 = CARTESIAN_POINT('',(-26.6,25.,1.4));
#266 = VERTEX_POINT('',#267);
#267 = CARTESIAN_POINT('',(-26.6,-25.,1.4));
#268 = B_SPLINE_CURVE_WITH_KNOTS('',1,(#269,#270),.UNSPECIFIED.,.F.,.F.,
  (2,2),(1.6,51.6),.PIECEWISE_BEZIER_KNOTS.);
#269 = CARTESIAN_POINT('',(-26.6,25.,1.4));
#270 = CARTESIAN_POINT('',(-26.6,-25.,1.4));
#271 = ORIENTED_EDGE('',*,*,#272,.F.);
#272 = EDGE_CURVE('',#273,#264,#275,.T.);
#273 = VERTEX_POINT('',#274);
#274 = CARTESIAN_POINT('',(-26.6,25.,9.5));
#275 = B_SPLINE_CURVE_WITH_KNOTS('',1,(#276,#277),.UNSPECIFIED.,.F.,.F.,
  (2,2),(0.4,8.5),.PIECEWISE_BEZIER_KNOTS.);
#276 = CARTESIAN_POINT('',(-26.6,25.,9.5));
#277 = CARTESIAN_POINT('',(-26.6,25.,1.4));
#278 = ORIENTED_EDGE('',*,*,#279,.T.);
#279 = EDGE_CURVE('',#273,#280,#282,.T.);
#280 = VERTEX_POINT('',#281);
#281 = CARTESIAN_POINT('',(-26.6,4.6,9.5));
#282 = B_SPLINE_CURVE_WITH_KNOTS('',1,(#283,#284),.UNSPECIFIED.,.F.,.F.,
  (2,2),(1.6,22.),.PIECEWISE_BEZIER_KNOTS.);
#283 = CARTESIAN_POINT('',(-26.6,25.,9.5));
#284 = CARTESIAN_POINT('',(-26.6,4.6,9.5));
#285 = ORIENTED_EDGE('',*,*,#286,.T.);
#286 = EDGE_CURVE('',#280,#221,#287,.T.);
#287 = B_SPLINE_CURVE_WITH_KNOTS('',1,(#288,#289),.UNSPECIFIED.,.F.,.F.,
  (2,2),(0.375,8.075),.PIECEWISE_BEZIER_KNOTS.);
#288 = CARTESIAN_POINT('',(-26.6,4.6,9.5));
#289 = CARTESIAN_POINT('',(-26.6,4.6,1.8));
#290 = ORIENTED_EDGE('',*,*,#220,.F.);
#291 = ORIENTED_EDGE('',*,*,#198,.F.);
#292 = ORIENTED_EDGE('',*,*,#293,.T.);
#293 = EDGE_CURVE('',#192,#74,#294,.T.);
#294 = B_SPLINE_CURVE_WITH_KNOTS('',1,(#295,#296),.UNSPECIFIED.,.F.,.F.,
  (2,2),(0.,8.),.PIECEWISE_BEZIER_KNOTS.);
#295 = CARTESIAN_POINT('',(-26.6,4.,8.2));
#296 = CARTESIAN_POINT('',(-26.6,-4.,8.2));
#297 = ORIENTED_EDGE('',*,*,#73,.T.);
#298 = ORIENTED_EDGE('',*,*,#248,.F.);
#299 = ORIENTED_EDGE('',*,*,#300,.F.);
#300 = EDGE_CURVE('',#301,#242,#303,.T.);
#301 = VERTEX_POINT('',#302);
#302 = CARTESIAN_POINT('',(-26.6,-4.6,9.5));
#303 = B_SPLINE_CURVE_WITH_KNOTS('',1,(#304,#305),.UNSPECIFIED.,.F.,.F.,
  (2,2),(0.375,8.075),.PIECEWISE_BEZIER_KNOTS.);
#304 = CARTESIAN_POINT('',(-26.6,-4.6,9.5));
#305 = CARTESIAN_POINT('',(-26.6,-4.6,1.8));
#306 = ORIENTED_EDGE('',*,*,#307,.T.);
#307 = EDGE_CURVE('',#301,#308,#310,.T.);
#308 = VERTEX_POINT('',#309);
#309 = CARTESIAN_POINT('',(-26.6,-25.,9.5));
#310 = B_SPLINE_CURVE_WITH_KNOTS('',1,(#311,#312),.UNSPECIFIED.,.F.,.F.,
  (2,2),(31.2,51.6),.PIECEWISE_BEZIER_KNOTS.);
#311 = CARTESIAN_POINT('',(-26.6,-4.6,9.5));
#312 = CARTESIAN_POINT('',(-26.6,-25.,9.5));
#313 = ORIENTED_EDGE('',*,*,#314,.T.);
#314 = EDGE_CURVE('',#308,#266,#315,.T.);
#315 = B_SPLINE_CURVE_WITH_KNOTS('',1,(#316,#317),.UNSPECIFIED.,.F.,.F.,
  (2,2),(0.4,8.5),.PIECEWISE_BEZIER_KNOTS.);
#316 = CARTESIAN_POINT('',(-26.6,-25.,9.5));
#317 = CARTESIAN_POINT('',(-26.6,-25.,1.4));
#318 = FACE_BOUND('',#319,.T.);
#319 = EDGE_LOOP('',(#320,#359,#366,#403,#410,#442,#449,#481));
#320 = ORIENTED_EDGE('',*,*,#321,.F.);
#321 = EDGE_CURVE('',#322,#324,#326,.T.);
#322 = VERTEX_POINT('',#323);
#323 = CARTESIAN_POINT('',(-26.6,-11.01463414634,7.6));
#324 = VERTEX_POINT('',#325);
#325 = CARTESIAN_POINT('',(-26.6,-11.45,7.3));
#326 = B_SPLINE_CURVE_WITH_KNOTS('',7,(#327,#328,#329,#330,#331,#332,
    #333,#334,#335,#336,#337,#338,#339,#340,#341,#342,#343,#344,#345,
    #346,#347,#348,#349,#350,#351,#352,#353,#354,#355,#356,#357,#358),
  .UNSPECIFIED.,.F.,.F.,(8,6,6,6,6,8),(0.,0.103761180507,0.27324283497,
    0.451633770223,0.564528848458,1.),.UNSPECIFIED.);
#327 = CARTESIAN_POINT('',(-26.6,-11.01463414634,7.6));
#328 = CARTESIAN_POINT('',(-26.6,-11.02678688328,7.597854122815));
#329 = CARTESIAN_POINT('',(-26.6,-11.03884875966,7.595620331455));
#330 = CARTESIAN_POINT('',(-26.6,-11.05081003102,7.593294106851));
#331 = CARTESIAN_POINT('',(-26.6,-11.06265944006,7.59087090149));
#332 = CARTESIAN_POINT('',(-26.6,-11.07438445008,7.588346328104));
#333 = CARTESIAN_POINT('',(-26.6,-11.0859714784,7.585716348349));
#334 = CARTESIAN_POINT('',(-26.6,-11.11608328485,7.578503812739));
#335 = CARTESIAN_POINT('',(-26.6,-11.1343578266,7.573738705157));
#336 = CARTESIAN_POINT('',(-26.6,-11.15216047505,7.568668261339));
#337 = CARTESIAN_POINT('',(-26.6,-11.16942052989,7.563282554862));
#338 = CARTESIAN_POINT('',(-26.6,-11.18607094114,7.55757844845));
#339 = CARTESIAN_POINT('',(-26.6,-11.20205337973,7.551562432137));
#340 = CARTESIAN_POINT('',(-26.6,-11.23339594316,7.538612841896));
#341 = CARTESIAN_POINT('',(-26.6,-11.24868461334,7.531645420039));
#342 = CARTESIAN_POINT('',(-26.6,-11.26313516015,7.524372686758));
#343 = CARTESIAN_POINT('',(-26.6,-11.27673079105,7.516823087548));
#344 = CARTESIAN_POINT('',(-26.6,-11.28948309393,7.509029292603));
#345 = CARTESIAN_POINT('',(-26.6,-11.30142305168,7.501025466927));
#346 = CARTESIAN_POINT('',(-26.6,-11.31966038511,7.487667223915));
#347 = CARTESIAN_POINT('',(-26.6,-11.32642099894,7.482418178622));
#348 = CARTESIAN_POINT('',(-26.6,-11.33288546261,7.477104888641));
#349 = CARTESIAN_POINT('',(-26.6,-11.33906686528,7.47173433867));
#350 = CARTESIAN_POINT('',(-26.6,-11.34497920731,7.466312887933));
#351 = CARTESIAN_POINT('',(-26.6,-11.35063678646,7.460846144095));
#352 = CARTESIAN_POINT('',(-26.6,-11.376947845,7.434095455055));
#353 = CARTESIAN_POINT('',(-26.6,-11.39422977459,7.412278949232));
#354 = CARTESIAN_POINT('',(-26.6,-11.40878360379,7.39010746559));
#355 = CARTESIAN_POINT('',(-26.6,-11.42125210581,7.367732985561));
#356 = CARTESIAN_POINT('',(-26.6,-11.43206965329,7.345242445753));
#357 = CARTESIAN_POINT('',(-26.6,-11.44156942531,7.322670452928));
#358 = CARTESIAN_POINT('',(-26.6,-11.45,7.3));
#359 = ORIENTED_EDGE('',*,*,#360,.F.);
#360 = EDGE_CURVE('',#361,#322,#363,.T.);
#361 = VERTEX_POINT('',#362);
#362 = CARTESIAN_POINT('',(-26.6,-10.98536585365,7.6));
#363 = B_SPLINE_CURVE_WITH_KNOTS('',1,(#364,#365),.UNSPECIFIED.,.F.,.F.,
  (2,2),(19.085365853659,19.114634146341),.PIECEWISE_BEZIER_KNOTS.);
#364 = CARTESIAN_POINT('',(-26.6,-10.98536585365,7.6));
#365 = CARTESIAN_POINT('',(-26.6,-11.01463414634,7.6));
#366 = ORIENTED_EDGE('',*,*,#367,.T.);
#367 = EDGE_CURVE('',#361,#368,#370,.T.);
#368 = VERTEX_POINT('',#369);
#369 = CARTESIAN_POINT('',(-26.6,-10.55,7.3));
#370 = B_SPLINE_CURVE_WITH_KNOTS('',7,(#371,#372,#373,#374,#375,#376,
    #377,#378,#379,#380,#381,#382,#383,#384,#385,#386,#387,#388,#389,
    #390,#391,#392,#393,#394,#395,#396,#397,#398,#399,#400,#401,#402),
  .UNSPECIFIED.,.F.,.F.,(8,6,6,6,6,8),(0.,0.103761180507,0.27324283497,
    0.451633770223,0.564528848457,1.),.UNSPECIFIED.);
#371 = CARTESIAN_POINT('',(-26.6,-10.98536585365,7.6));
#372 = CARTESIAN_POINT('',(-26.6,-10.97321311671,7.597854122815));
#373 = CARTESIAN_POINT('',(-26.6,-10.96115124034,7.595620331455));
#374 = CARTESIAN_POINT('',(-26.6,-10.94918996898,7.593294106851));
#375 = CARTESIAN_POINT('',(-26.6,-10.93734055993,7.59087090149));
#376 = CARTESIAN_POINT('',(-26.6,-10.92561554992,7.588346328104));
#377 = CARTESIAN_POINT('',(-26.6,-10.91402852159,7.585716348349));
#378 = CARTESIAN_POINT('',(-26.6,-10.88391671514,7.578503812739));
#379 = CARTESIAN_POINT('',(-26.6,-10.86564217339,7.573738705157));
#380 = CARTESIAN_POINT('',(-26.6,-10.84783952494,7.568668261339));
#381 = CARTESIAN_POINT('',(-26.6,-10.8305794701,7.563282554862));
#382 = CARTESIAN_POINT('',(-26.6,-10.81392905885,7.55757844845));
#383 = CARTESIAN_POINT('',(-26.6,-10.79794662026,7.551562432137));
#384 = CARTESIAN_POINT('',(-26.6,-10.76660405683,7.538612841896));
#385 = CARTESIAN_POINT('',(-26.6,-10.75131538665,7.531645420039));
#386 = CARTESIAN_POINT('',(-26.6,-10.73686483984,7.524372686758));
#387 = CARTESIAN_POINT('',(-26.6,-10.72326920895,7.516823087548));
#388 = CARTESIAN_POINT('',(-26.6,-10.71051690606,7.509029292603));
#389 = CARTESIAN_POINT('',(-26.6,-10.69857694831,7.501025466927));
#390 = CARTESIAN_POINT('',(-26.6,-10.68033961488,7.487667223915));
#391 = CARTESIAN_POINT('',(-26.6,-10.67357900105,7.482418178622));
#392 = CARTESIAN_POINT('',(-26.6,-10.66711453738,7.477104888641));
#393 = CARTESIAN_POINT('',(-26.6,-10.66093313471,7.47173433867));
#394 = CARTESIAN_POINT('',(-26.6,-10.65502079268,7.466312887933));
#395 = CARTESIAN_POINT('',(-26.6,-10.64936321353,7.460846144095));
#396 = CARTESIAN_POINT('',(-26.6,-10.62305215499,7.434095455055));
#397 = CARTESIAN_POINT('',(-26.6,-10.6057702254,7.412278949232));
#398 = CARTESIAN_POINT('',(-26.6,-10.5912163962,7.39010746559));
#399 = CARTESIAN_POINT('',(-26.6,-10.57874789418,7.367732985561));
#400 = CARTESIAN_POINT('',(-26.6,-10.5679303467,7.345242445753));
#401 = CARTESIAN_POINT('',(-26.6,-10.55843057468,7.322670452928));
#402 = CARTESIAN_POINT('',(-26.6,-10.55,7.3));
#403 = ORIENTED_EDGE('',*,*,#404,.T.);
#404 = EDGE_CURVE('',#368,#405,#407,.T.);
#405 = VERTEX_POINT('',#406);
#406 = CARTESIAN_POINT('',(-26.6,-10.55,3.1));
#407 = B_SPLINE_CURVE_WITH_KNOTS('',1,(#408,#409),.UNSPECIFIED.,.F.,.F.,
  (2,2),(-0.8,3.4),.PIECEWISE_BEZIER_KNOTS.);
#408 = CARTESIAN_POINT('',(-26.6,-10.55,7.3));
#409 = CARTESIAN_POINT('',(-26.6,-10.55,3.1));
#410 = ORIENTED_EDGE('',*,*,#411,.T.);
#411 = EDGE_CURVE('',#405,#412,#414,.T.);
#412 = VERTEX_POINT('',#413);
#413 = CARTESIAN_POINT('',(-26.6,-10.98536585365,2.8));
#414 = B_SPLINE_CURVE_WITH_KNOTS('',6,(#415,#416,#417,#418,#419,#420,
    #421,#422,#423,#424,#425,#426,#427,#428,#429,#430,#431,#432,#433,
    #434,#435,#436,#437,#438,#439,#440,#441),.UNSPECIFIED.,.F.,.F.,(7,5,
    5,5,5,7),(0.,0.383372518045,0.525313433881,0.726931843114,
    0.896601693527,1.),.UNSPECIFIED.);
#415 = CARTESIAN_POINT('',(-26.6,-10.55,3.1));
#416 = CARTESIAN_POINT('',(-26.6,-10.55865717132,3.076720211567));
#417 = CARTESIAN_POINT('',(-26.6,-10.56847883426,3.053533373098));
#418 = CARTESIAN_POINT('',(-26.6,-10.5797598715,3.030437056024));
#419 = CARTESIAN_POINT('',(-26.6,-10.59290405446,3.007487620233));
#420 = CARTESIAN_POINT('',(-26.6,-10.60849726842,2.984807963476));
#421 = CARTESIAN_POINT('',(-26.6,-10.63452047032,2.954383306508));
#422 = CARTESIAN_POINT('',(-26.6,-10.64201544158,2.946230631645));
#423 = CARTESIAN_POINT('',(-26.6,-10.65001935939,2.93815818101));
#424 = CARTESIAN_POINT('',(-26.6,-10.65858206169,2.930182830152));
#425 = CARTESIAN_POINT('',(-26.6,-10.66775338275,2.922325415515));
#426 = CARTESIAN_POINT('',(-26.6,-10.69153524615,2.903650494437));
#427 = CARTESIAN_POINT('',(-26.6,-10.7068168578,2.89297309875));
#428 = CARTESIAN_POINT('',(-26.6,-10.72354075815,2.882656347986));
#429 = CARTESIAN_POINT('',(-26.6,-10.741798452,2.872788737704));
#430 = CARTESIAN_POINT('',(-26.6,-10.76159606837,2.863450894987));
#431 = CARTESIAN_POINT('',(-26.6,-10.80063397624,2.847331805912));
#432 = CARTESIAN_POINT('',(-26.6,-10.81947269582,2.840376908289));
#433 = CARTESIAN_POINT('',(-26.6,-10.83923240381,2.833866360046));
#434 = CARTESIAN_POINT('',(-26.6,-10.85980250612,2.827804152686));
#435 = CARTESIAN_POINT('',(-26.6,-10.88105801729,2.822175063528));
#436 = CARTESIAN_POINT('',(-26.6,-10.91617435989,2.813773298372));
#437 = CARTESIAN_POINT('',(-26.6,-10.929682761,2.81074324424));
#438 = CARTESIAN_POINT('',(-26.6,-10.9433777209,2.807858420713));
#439 = CARTESIAN_POINT('',(-26.6,-10.95723621116,2.805111521128));
#440 = CARTESIAN_POINT('',(-26.6,-10.97123788007,2.802494655839));
#441 = CARTESIAN_POINT('',(-26.6,-10.98536585365,2.8));
#442 = ORIENTED_EDGE('',*,*,#443,.T.);
#443 = EDGE_CURVE('',#412,#444,#446,.T.);
#444 = VERTEX_POINT('',#445);
#445 = CARTESIAN_POINT('',(-26.6,-11.01463414634,2.8));
#446 = B_SPLINE_CURVE_WITH_KNOTS('',1,(#447,#448),.UNSPECIFIED.,.F.,.F.,
  (2,2),(19.085365853659,19.114634146341),.PIECEWISE_BEZIER_KNOTS.);
#447 = CARTESIAN_POINT('',(-26.6,-10.98536585365,2.8));
#448 = CARTESIAN_POINT('',(-26.6,-11.01463414634,2.8));
#449 = ORIENTED_EDGE('',*,*,#450,.F.);
#450 = EDGE_CURVE('',#451,#444,#453,.T.);
#451 = VERTEX_POINT('',#452);
#452 = CARTESIAN_POINT('',(-26.6,-11.45,3.1));
#453 = B_SPLINE_CURVE_WITH_KNOTS('',6,(#454,#455,#456,#457,#458,#459,
    #460,#461,#462,#463,#464,#465,#466,#467,#468,#469,#470,#471,#472,
    #473,#474,#475,#476,#477,#478,#479,#480),.UNSPECIFIED.,.F.,.F.,(7,5,
    5,5,5,7),(0.,0.383372518045,0.525313433881,0.726931843114,
    0.896601693527,1.),.UNSPECIFIED.);
#454 = CARTESIAN_POINT('',(-26.6,-11.45,3.1));
#455 = CARTESIAN_POINT('',(-26.6,-11.44134282867,3.076720211567));
#456 = CARTESIAN_POINT('',(-26.6,-11.43152116573,3.053533373098));
#457 = CARTESIAN_POINT('',(-26.6,-11.42024012849,3.030437056024));
#458 = CARTESIAN_POINT('',(-26.6,-11.40709594553,3.007487620233));
#459 = CARTESIAN_POINT('',(-26.6,-11.39150273157,2.984807963476));
#460 = CARTESIAN_POINT('',(-26.6,-11.36547952967,2.954383306508));
#461 = CARTESIAN_POINT('',(-26.6,-11.35798455841,2.946230631645));
#462 = CARTESIAN_POINT('',(-26.6,-11.3499806406,2.93815818101));
#463 = CARTESIAN_POINT('',(-26.6,-11.3414179383,2.930182830152));
#464 = CARTESIAN_POINT('',(-26.6,-11.33224661724,2.922325415515));
#465 = CARTESIAN_POINT('',(-26.6,-11.30846475384,2.903650494437));
#466 = CARTESIAN_POINT('',(-26.6,-11.29318314219,2.89297309875));
#467 = CARTESIAN_POINT('',(-26.6,-11.27645924184,2.882656347986));
#468 = CARTESIAN_POINT('',(-26.6,-11.25820154799,2.872788737704));
#469 = CARTESIAN_POINT('',(-26.6,-11.23840393162,2.863450894987));
#470 = CARTESIAN_POINT('',(-26.6,-11.19936602375,2.847331805912));
#471 = CARTESIAN_POINT('',(-26.6,-11.18052730417,2.840376908289));
#472 = CARTESIAN_POINT('',(-26.6,-11.16076759618,2.833866360046));
#473 = CARTESIAN_POINT('',(-26.6,-11.14019749388,2.827804152686));
#474 = CARTESIAN_POINT('',(-26.6,-11.1189419827,2.822175063528));
#475 = CARTESIAN_POINT('',(-26.6,-11.0838256401,2.813773298372));
#476 = CARTESIAN_POINT('',(-26.6,-11.07031723899,2.81074324424));
#477 = CARTESIAN_POINT('',(-26.6,-11.05662227909,2.807858420713));
#478 = CARTESIAN_POINT('',(-26.6,-11.04276378884,2.805111521128));
#479 = CARTESIAN_POINT('',(-26.6,-11.02876211992,2.802494655839));
#480 = CARTESIAN_POINT('',(-26.6,-11.01463414634,2.8));
#481 = ORIENTED_EDGE('',*,*,#482,.T.);
#482 = EDGE_CURVE('',#451,#324,#483,.T.);
#483 = B_SPLINE_CURVE_WITH_KNOTS('',1,(#484,#485),.UNSPECIFIED.,.F.,.F.,
  (2,2),(-3.4,0.8),.PIECEWISE_BEZIER_KNOTS.);
#484 = CARTESIAN_POINT('',(-26.6,-11.45,3.1));
#485 = CARTESIAN_POINT('',(-26.6,-11.45,7.3));
#486 = FACE_BOUND('',#487,.T.);
#487 = EDGE_LOOP('',(#488,#527,#534,#571,#578,#610,#617,#649));
#488 = ORIENTED_EDGE('',*,*,#489,.F.);
#489 = EDGE_CURVE('',#490,#492,#494,.T.);
#490 = VERTEX_POINT('',#491);
#491 = CARTESIAN_POINT('',(-26.6,10.985365853659,7.6));
#492 = VERTEX_POINT('',#493);
#493 = CARTESIAN_POINT('',(-26.6,10.55,7.3));
#494 = B_SPLINE_CURVE_WITH_KNOTS('',7,(#495,#496,#497,#498,#499,#500,
    #501,#502,#503,#504,#505,#506,#507,#508,#509,#510,#511,#512,#513,
    #514,#515,#516,#517,#518,#519,#520,#521,#522,#523,#524,#525,#526),
  .UNSPECIFIED.,.F.,.F.,(8,6,6,6,6,8),(0.,0.103761180507,0.27324283497,
    0.451633770223,0.564528848458,1.),.UNSPECIFIED.);
#495 = CARTESIAN_POINT('',(-26.6,10.985365853659,7.6));
#496 = CARTESIAN_POINT('',(-26.6,10.973213116713,7.597854122815));
#497 = CARTESIAN_POINT('',(-26.6,10.96115124034,7.595620331455));
#498 = CARTESIAN_POINT('',(-26.6,10.94918996898,7.593294106851));
#499 = CARTESIAN_POINT('',(-26.6,10.937340559936,7.59087090149));
#500 = CARTESIAN_POINT('',(-26.6,10.92561554992,7.588346328104));
#501 = CARTESIAN_POINT('',(-26.6,10.914028521595,7.585716348349));
#502 = CARTESIAN_POINT('',(-26.6,10.883916715148,7.578503812739));
#503 = CARTESIAN_POINT('',(-26.6,10.865642173396,7.573738705157));
#504 = CARTESIAN_POINT('',(-26.6,10.847839524945,7.568668261339));
#505 = CARTESIAN_POINT('',(-26.6,10.830579470106,7.563282554862));
#506 = CARTESIAN_POINT('',(-26.6,10.813929058855,7.55757844845));
#507 = CARTESIAN_POINT('',(-26.6,10.797946620269,7.551562432137));
#508 = CARTESIAN_POINT('',(-26.6,10.766604056835,7.538612841896));
#509 = CARTESIAN_POINT('',(-26.6,10.751315386659,7.531645420039));
#510 = CARTESIAN_POINT('',(-26.6,10.736864839849,7.524372686758));
#511 = CARTESIAN_POINT('',(-26.6,10.72326920895,7.516823087548));
#512 = CARTESIAN_POINT('',(-26.6,10.710516906068,7.509029292603));
#513 = CARTESIAN_POINT('',(-26.6,10.698576948312,7.501025466927));
#514 = CARTESIAN_POINT('',(-26.6,10.680339614881,7.487667223915));
#515 = CARTESIAN_POINT('',(-26.6,10.673579001051,7.482418178622));
#516 = CARTESIAN_POINT('',(-26.6,10.667114537389,7.477104888641));
#517 = CARTESIAN_POINT('',(-26.6,10.660933134712,7.47173433867));
#518 = CARTESIAN_POINT('',(-26.6,10.655020792688,7.466312887933));
#519 = CARTESIAN_POINT('',(-26.6,10.649363213531,7.460846144095));
#520 = CARTESIAN_POINT('',(-26.6,10.623052154999,7.434095455055));
#521 = CARTESIAN_POINT('',(-26.6,10.605770225402,7.412278949232));
#522 = CARTESIAN_POINT('',(-26.6,10.591216396206,7.39010746559));
#523 = CARTESIAN_POINT('',(-26.6,10.578747894181,7.367732985561));
#524 = CARTESIAN_POINT('',(-26.6,10.567930346709,7.345242445753));
#525 = CARTESIAN_POINT('',(-26.6,10.558430574683,7.322670452928));
#526 = CARTESIAN_POINT('',(-26.6,10.55,7.3));
#527 = ORIENTED_EDGE('',*,*,#528,.F.);
#528 = EDGE_CURVE('',#529,#490,#531,.T.);
#529 = VERTEX_POINT('',#530);
#530 = CARTESIAN_POINT('',(-26.6,11.014634146341,7.6));
#531 = B_SPLINE_CURVE_WITH_KNOTS('',1,(#532,#533),.UNSPECIFIED.,.F.,.F.,
  (2,2),(8.085365853659,8.114634146341),.PIECEWISE_BEZIER_KNOTS.);
#532 = CARTESIAN_POINT('',(-26.6,11.014634146341,7.6));
#533 = CARTESIAN_POINT('',(-26.6,10.985365853659,7.6));
#534 = ORIENTED_EDGE('',*,*,#535,.T.);
#535 = EDGE_CURVE('',#529,#536,#538,.T.);
#536 = VERTEX_POINT('',#537);
#537 = CARTESIAN_POINT('',(-26.6,11.45,7.3));
#538 = B_SPLINE_CURVE_WITH_KNOTS('',7,(#539,#540,#541,#542,#543,#544,
    #545,#546,#547,#548,#549,#550,#551,#552,#553,#554,#555,#556,#557,
    #558,#559,#560,#561,#562,#563,#564,#565,#566,#567,#568,#569,#570),
  .UNSPECIFIED.,.F.,.F.,(8,6,6,6,6,8),(0.,0.103761180507,0.27324283497,
    0.451633770223,0.564528848458,1.),.UNSPECIFIED.);
#539 = CARTESIAN_POINT('',(-26.6,11.014634146341,7.6));
#540 = CARTESIAN_POINT('',(-26.6,11.026786883287,7.597854122815));
#541 = CARTESIAN_POINT('',(-26.6,11.03884875966,7.595620331455));
#542 = CARTESIAN_POINT('',(-26.6,11.05081003102,7.593294106851));
#543 = CARTESIAN_POINT('',(-26.6,11.062659440064,7.59087090149));
#544 = CARTESIAN_POINT('',(-26.6,11.07438445008,7.588346328104));
#545 = CARTESIAN_POINT('',(-26.6,11.085971478405,7.585716348349));
#546 = CARTESIAN_POINT('',(-26.6,11.116083284852,7.578503812739));
#547 = CARTESIAN_POINT('',(-26.6,11.134357826604,7.573738705157));
#548 = CARTESIAN_POINT('',(-26.6,11.152160475055,7.568668261339));
#549 = CARTESIAN_POINT('',(-26.6,11.169420529894,7.563282554862));
#550 = CARTESIAN_POINT('',(-26.6,11.186070941145,7.55757844845));
#551 = CARTESIAN_POINT('',(-26.6,11.202053379731,7.551562432137));
#552 = CARTESIAN_POINT('',(-26.6,11.233395943165,7.538612841896));
#553 = CARTESIAN_POINT('',(-26.6,11.248684613341,7.531645420039));
#554 = CARTESIAN_POINT('',(-26.6,11.263135160151,7.524372686758));
#555 = CARTESIAN_POINT('',(-26.6,11.27673079105,7.516823087548));
#556 = CARTESIAN_POINT('',(-26.6,11.289483093932,7.509029292603));
#557 = CARTESIAN_POINT('',(-26.6,11.301423051688,7.501025466927));
#558 = CARTESIAN_POINT('',(-26.6,11.319660385119,7.487667223915));
#559 = CARTESIAN_POINT('',(-26.6,11.326420998949,7.482418178622));
#560 = CARTESIAN_POINT('',(-26.6,11.332885462611,7.477104888641));
#561 = CARTESIAN_POINT('',(-26.6,11.339066865288,7.47173433867));
#562 = CARTESIAN_POINT('',(-26.6,11.344979207312,7.466312887933));
#563 = CARTESIAN_POINT('',(-26.6,11.350636786469,7.460846144095));
#564 = CARTESIAN_POINT('',(-26.6,11.376947845001,7.434095455055));
#565 = CARTESIAN_POINT('',(-26.6,11.394229774598,7.412278949232));
#566 = CARTESIAN_POINT('',(-26.6,11.408783603794,7.39010746559));
#567 = CARTESIAN_POINT('',(-26.6,11.421252105819,7.367732985561));
#568 = CARTESIAN_POINT('',(-26.6,11.432069653291,7.345242445753));
#569 = CARTESIAN_POINT('',(-26.6,11.441569425317,7.322670452928));
#570 = CARTESIAN_POINT('',(-26.6,11.45,7.3));
#571 = ORIENTED_EDGE('',*,*,#572,.T.);
#572 = EDGE_CURVE('',#536,#573,#575,.T.);
#573 = VERTEX_POINT('',#574);
#574 = CARTESIAN_POINT('',(-26.6,11.45,3.1));
#575 = B_SPLINE_CURVE_WITH_KNOTS('',1,(#576,#577),.UNSPECIFIED.,.F.,.F.,
  (2,2),(-0.8,3.4),.PIECEWISE_BEZIER_KNOTS.);
#576 = CARTESIAN_POINT('',(-26.6,11.45,7.3));
#577 = CARTESIAN_POINT('',(-26.6,11.45,3.1));
#578 = ORIENTED_EDGE('',*,*,#579,.T.);
#579 = EDGE_CURVE('',#573,#580,#582,.T.);
#580 = VERTEX_POINT('',#581);
#581 = CARTESIAN_POINT('',(-26.6,11.014634146341,2.8));
#582 = B_SPLINE_CURVE_WITH_KNOTS('',6,(#583,#584,#585,#586,#587,#588,
    #589,#590,#591,#592,#593,#594,#595,#596,#597,#598,#599,#600,#601,
    #602,#603,#604,#605,#606,#607,#608,#609),.UNSPECIFIED.,.F.,.F.,(7,5,
    5,5,5,7),(0.,0.383372518045,0.525313433881,0.726931843114,
    0.896601693527,1.),.UNSPECIFIED.);
#583 = CARTESIAN_POINT('',(-26.6,11.45,3.1));
#584 = CARTESIAN_POINT('',(-26.6,11.441342828677,3.076720211567));
#585 = CARTESIAN_POINT('',(-26.6,11.431521165738,3.053533373098));
#586 = CARTESIAN_POINT('',(-26.6,11.420240128495,3.030437056024));
#587 = CARTESIAN_POINT('',(-26.6,11.407095945533,3.007487620233));
#588 = CARTESIAN_POINT('',(-26.6,11.391502731576,2.984807963476));
#589 = CARTESIAN_POINT('',(-26.6,11.365479529678,2.954383306508));
#590 = CARTESIAN_POINT('',(-26.6,11.357984558419,2.946230631645));
#591 = CARTESIAN_POINT('',(-26.6,11.349980640609,2.93815818101));
#592 = CARTESIAN_POINT('',(-26.6,11.341417938309,2.930182830152));
#593 = CARTESIAN_POINT('',(-26.6,11.332246617247,2.922325415515));
#594 = CARTESIAN_POINT('',(-26.6,11.308464753841,2.903650494437));
#595 = CARTESIAN_POINT('',(-26.6,11.293183142193,2.89297309875));
#596 = CARTESIAN_POINT('',(-26.6,11.276459241843,2.882656347986));
#597 = CARTESIAN_POINT('',(-26.6,11.258201547997,2.872788737704));
#598 = CARTESIAN_POINT('',(-26.6,11.238403931622,2.863450894987));
#599 = CARTESIAN_POINT('',(-26.6,11.199366023757,2.847331805912));
#600 = CARTESIAN_POINT('',(-26.6,11.180527304177,2.840376908289));
#601 = CARTESIAN_POINT('',(-26.6,11.160767596188,2.833866360046));
#602 = CARTESIAN_POINT('',(-26.6,11.14019749388,2.827804152686));
#603 = CARTESIAN_POINT('',(-26.6,11.118941982702,2.822175063528));
#604 = CARTESIAN_POINT('',(-26.6,11.083825640108,2.813773298372));
#605 = CARTESIAN_POINT('',(-26.6,11.070317238998,2.81074324424));
#606 = CARTESIAN_POINT('',(-26.6,11.056622279092,2.807858420713));
#607 = CARTESIAN_POINT('',(-26.6,11.04276378884,2.805111521128));
#608 = CARTESIAN_POINT('',(-26.6,11.028762119924,2.802494655839));
#609 = CARTESIAN_POINT('',(-26.6,11.014634146341,2.8));
#610 = ORIENTED_EDGE('',*,*,#611,.T.);
#611 = EDGE_CURVE('',#580,#612,#614,.T.);
#612 = VERTEX_POINT('',#613);
#613 = CARTESIAN_POINT('',(-26.6,10.985365853659,2.8));
#614 = B_SPLINE_CURVE_WITH_KNOTS('',1,(#615,#616),.UNSPECIFIED.,.F.,.F.,
  (2,2),(8.085365853659,8.114634146341),.PIECEWISE_BEZIER_KNOTS.);
#615 = CARTESIAN_POINT('',(-26.6,11.014634146341,2.8));
#616 = CARTESIAN_POINT('',(-26.6,10.985365853659,2.8));
#617 = ORIENTED_EDGE('',*,*,#618,.F.);
#618 = EDGE_CURVE('',#619,#612,#621,.T.);
#619 = VERTEX_POINT('',#620);
#620 = CARTESIAN_POINT('',(-26.6,10.55,3.1));
#621 = B_SPLINE_CURVE_WITH_KNOTS('',6,(#622,#623,#624,#625,#626,#627,
    #628,#629,#630,#631,#632,#633,#634,#635,#636,#637,#638,#639,#640,
    #641,#642,#643,#644,#645,#646,#647,#648),.UNSPECIFIED.,.F.,.F.,(7,5,
    5,5,5,7),(0.,0.383372518045,0.525313433881,0.726931843114,
    0.896601693527,1.),.UNSPECIFIED.);
#622 = CARTESIAN_POINT('',(-26.6,10.55,3.1));
#623 = CARTESIAN_POINT('',(-26.6,10.558657171323,3.076720211567));
#624 = CARTESIAN_POINT('',(-26.6,10.568478834262,3.053533373098));
#625 = CARTESIAN_POINT('',(-26.6,10.579759871505,3.030437056024));
#626 = CARTESIAN_POINT('',(-26.6,10.592904054467,3.007487620233));
#627 = CARTESIAN_POINT('',(-26.6,10.608497268424,2.984807963476));
#628 = CARTESIAN_POINT('',(-26.6,10.634520470322,2.954383306508));
#629 = CARTESIAN_POINT('',(-26.6,10.642015441581,2.946230631645));
#630 = CARTESIAN_POINT('',(-26.6,10.650019359391,2.93815818101));
#631 = CARTESIAN_POINT('',(-26.6,10.658582061691,2.930182830152));
#632 = CARTESIAN_POINT('',(-26.6,10.667753382753,2.922325415515));
#633 = CARTESIAN_POINT('',(-26.6,10.691535246159,2.903650494437));
#634 = CARTESIAN_POINT('',(-26.6,10.706816857807,2.89297309875));
#635 = CARTESIAN_POINT('',(-26.6,10.723540758157,2.882656347986));
#636 = CARTESIAN_POINT('',(-26.6,10.741798452003,2.872788737704));
#637 = CARTESIAN_POINT('',(-26.6,10.761596068378,2.863450894987));
#638 = CARTESIAN_POINT('',(-26.6,10.800633976243,2.847331805912));
#639 = CARTESIAN_POINT('',(-26.6,10.819472695823,2.840376908289));
#640 = CARTESIAN_POINT('',(-26.6,10.839232403812,2.833866360046));
#641 = CARTESIAN_POINT('',(-26.6,10.85980250612,2.827804152686));
#642 = CARTESIAN_POINT('',(-26.6,10.881058017298,2.822175063528));
#643 = CARTESIAN_POINT('',(-26.6,10.916174359892,2.813773298372));
#644 = CARTESIAN_POINT('',(-26.6,10.929682761002,2.81074324424));
#645 = CARTESIAN_POINT('',(-26.6,10.943377720908,2.807858420713));
#646 = CARTESIAN_POINT('',(-26.6,10.957236211159,2.805111521128));
#647 = CARTESIAN_POINT('',(-26.6,10.971237880076,2.802494655839));
#648 = CARTESIAN_POINT('',(-26.6,10.985365853659,2.8));
#649 = ORIENTED_EDGE('',*,*,#650,.T.);
#650 = EDGE_CURVE('',#619,#492,#651,.T.);
#651 = B_SPLINE_CURVE_WITH_KNOTS('',1,(#652,#653),.UNSPECIFIED.,.F.,.F.,
  (2,2),(-3.4,0.8),.PIECEWISE_BEZIER_KNOTS.);
#652 = CARTESIAN_POINT('',(-26.6,10.55,3.1));
#653 = CARTESIAN_POINT('',(-26.6,10.55,7.3));
#654 = B_SPLINE_SURFACE_WITH_KNOTS('',1,1,(
    (#655,#656)
    ,(#657,#658
    )),.UNSPECIFIED.,.F.,.F.,.F.,(2,2),(2,2),(0.4,8.5),(-51.6,-1.6),
  .PIECEWISE_BEZIER_KNOTS.);
#655 = CARTESIAN_POINT('',(-26.6,-25.,9.5));
#656 = CARTESIAN_POINT('',(-26.6,25.,9.5));
#657 = CARTESIAN_POINT('',(-26.6,-25.,1.4));
#658 = CARTESIAN_POINT('',(-26.6,25.,1.4));
#659 = ADVANCED_FACE('',(#660),#670,.T.);
#660 = FACE_BOUND('',#661,.T.);
#661 = EDGE_LOOP('',(#662,#667,#668,#669));
#662 = ORIENTED_EDGE('',*,*,#663,.T.);
#663 = EDGE_CURVE('',#185,#81,#664,.T.);
#664 = B_SPLINE_CURVE_WITH_KNOTS('',1,(#665,#666),.UNSPECIFIED.,.F.,.F.,
  (2,2),(0.,8.),.PIECEWISE_BEZIER_KNOTS.);
#665 = CARTESIAN_POINT('',(-26.2,4.,8.2));
#666 = CARTESIAN_POINT('',(-26.2,-4.,8.2));
#667 = ORIENTED_EDGE('',*,*,#80,.T.);
#668 = ORIENTED_EDGE('',*,*,#293,.F.);
#669 = ORIENTED_EDGE('',*,*,#191,.F.);
#670 = B_SPLINE_SURFACE_WITH_KNOTS('',1,1,(
    (#671,#672)
    ,(#673,#674
    )),.UNSPECIFIED.,.F.,.F.,.F.,(2,2),(2,2),(0.,0.4),(-8.,0.),
  .PIECEWISE_BEZIER_KNOTS.);
#671 = CARTESIAN_POINT('',(-26.2,-4.,8.2));
#672 = CARTESIAN_POINT('',(-26.2,4.,8.2));
#673 = CARTESIAN_POINT('',(-26.6,-4.,8.2));
#674 = CARTESIAN_POINT('',(-26.6,4.,8.2));
#675 = ADVANCED_FACE('',(#676),#686,.T.);
#676 = FACE_BOUND('',#677,.T.);
#677 = EDGE_LOOP('',(#678,#683,#684,#685));
#678 = ORIENTED_EDGE('',*,*,#679,.T.);
#679 = EDGE_CURVE('',#178,#88,#680,.T.);
#680 = B_SPLINE_CURVE_WITH_KNOTS('',1,(#681,#682),.UNSPECIFIED.,.F.,.F.,
  (2,2),(0.,8.),.PIECEWISE_BEZIER_KNOTS.);
#681 = CARTESIAN_POINT('',(-26.2,4.,8.7));
#682 = CARTESIAN_POINT('',(-26.2,-4.,8.7));
#683 = ORIENTED_EDGE('',*,*,#87,.T.);
#684 = ORIENTED_EDGE('',*,*,#663,.F.);
#685 = ORIENTED_EDGE('',*,*,#184,.F.);
#686 = B_SPLINE_SURFACE_WITH_KNOTS('',1,1,(
    (#687,#688)
    ,(#689,#690
    )),.UNSPECIFIED.,.F.,.F.,.F.,(2,2),(2,2),(0.,0.5),(-8.,0.),
  .PIECEWISE_BEZIER_KNOTS.);
#687 = CARTESIAN_POINT('',(-26.2,-4.,8.7));
#688 = CARTESIAN_POINT('',(-26.2,4.,8.7));
#689 = CARTESIAN_POINT('',(-26.2,-4.,8.2));
#690 = CARTESIAN_POINT('',(-26.2,4.,8.2));
#691 = ADVANCED_FACE('',(#692),#702,.T.);
#692 = FACE_BOUND('',#693,.T.);
#693 = EDGE_LOOP('',(#694,#699,#700,#701));
#694 = ORIENTED_EDGE('',*,*,#695,.T.);
#695 = EDGE_CURVE('',#171,#95,#696,.T.);
#696 = B_SPLINE_CURVE_WITH_KNOTS('',1,(#697,#698),.UNSPECIFIED.,.F.,.F.,
  (2,2),(0.,8.),.PIECEWISE_BEZIER_KNOTS.);
#697 = CARTESIAN_POINT('',(-26.6,4.,9.1));
#698 = CARTESIAN_POINT('',(-26.6,-4.,9.1));
#699 = ORIENTED_EDGE('',*,*,#94,.T.);
#700 = ORIENTED_EDGE('',*,*,#679,.F.);
#701 = ORIENTED_EDGE('',*,*,#177,.F.);
#702 = B_SPLINE_SURFACE_WITH_KNOTS('',1,1,(
    (#703,#704)
    ,(#705,#706
    )),.UNSPECIFIED.,.F.,.F.,.F.,(2,2),(2,2),(0.,0.565685424949),(-8.,0.
    ),.PIECEWISE_BEZIER_KNOTS.);
#703 = CARTESIAN_POINT('',(-26.6,-4.,9.1));
#704 = CARTESIAN_POINT('',(-26.6,4.,9.1));
#705 = CARTESIAN_POINT('',(-26.2,-4.,8.7));
#706 = CARTESIAN_POINT('',(-26.2,4.,8.7));
#707 = ADVANCED_FACE('',(#708),#714,.T.);
#708 = FACE_BOUND('',#709,.T.);
#709 = EDGE_LOOP('',(#710,#711,#712,#713));
#710 = ORIENTED_EDGE('',*,*,#695,.F.);
#711 = ORIENTED_EDGE('',*,*,#170,.F.);
#712 = ORIENTED_EDGE('',*,*,#154,.F.);
#713 = ORIENTED_EDGE('',*,*,#101,.T.);
#714 = B_SPLINE_SURFACE_WITH_KNOTS('',1,1,(
    (#715,#716)
    ,(#717,#718
    )),.UNSPECIFIED.,.F.,.F.,.F.,(2,2),(2,2),(0.5,0.8),(-30.6,-22.6),
  .PIECEWISE_BEZIER_KNOTS.);
#715 = CARTESIAN_POINT('',(-26.6,-4.,9.4));
#716 = CARTESIAN_POINT('',(-26.6,4.,9.4));
#717 = CARTESIAN_POINT('',(-26.6,-4.,9.1));
#718 = CARTESIAN_POINT('',(-26.6,4.,9.1));
#719 = ADVANCED_FACE('',(#720),#743,.T.);
#720 = FACE_BOUND('',#721,.T.);
#721 = EDGE_LOOP('',(#722,#723,#724,#731,#738));
#722 = ORIENTED_EDGE('',*,*,#227,.F.);
#723 = ORIENTED_EDGE('',*,*,#286,.F.);
#724 = ORIENTED_EDGE('',*,*,#725,.T.);
#725 = EDGE_CURVE('',#280,#726,#728,.T.);
#726 = VERTEX_POINT('',#727);
#727 = CARTESIAN_POINT('',(-26.89900332225,4.6,9.8));
#728 = B_SPLINE_CURVE_WITH_KNOTS('',1,(#729,#730),.UNSPECIFIED.,.F.,.F.,
  (2,2),(-0.106301180105,0.317258717338),.PIECEWISE_BEZIER_KNOTS.);
#729 = CARTESIAN_POINT('',(-26.6,4.6,9.5));
#730 = CARTESIAN_POINT('',(-26.89900332225,4.6,9.8));
#731 = ORIENTED_EDGE('',*,*,#732,.T.);
#732 = EDGE_CURVE('',#726,#733,#735,.T.);
#733 = VERTEX_POINT('',#734);
#734 = CARTESIAN_POINT('',(-27.9,4.6,9.8));
#735 = B_SPLINE_CURVE_WITH_KNOTS('',1,(#736,#737),.UNSPECIFIED.,.F.,.F.,
  (2,2),(-0.875996677741,0.125),.PIECEWISE_BEZIER_KNOTS.);
#736 = CARTESIAN_POINT('',(-26.89900332225,4.6,9.8));
#737 = CARTESIAN_POINT('',(-27.9,4.6,9.8));
#738 = ORIENTED_EDGE('',*,*,#739,.T.);
#739 = EDGE_CURVE('',#733,#228,#740,.T.);
#740 = B_SPLINE_CURVE_WITH_KNOTS('',1,(#741,#742),.UNSPECIFIED.,.F.,.F.,
  (2,2),(5.E-02,8.05),.PIECEWISE_BEZIER_KNOTS.);
#741 = CARTESIAN_POINT('',(-27.9,4.6,9.8));
#742 = CARTESIAN_POINT('',(-27.9,4.6,1.8));
#743 = B_SPLINE_SURFACE_WITH_KNOTS('',1,1,(
    (#744,#745)
    ,(#746,#747
    )),.UNSPECIFIED.,.F.,.F.,.F.,(2,2),(2,2),(5.E-02,8.05),(-1.35,
    -5.E-02),.PIECEWISE_BEZIER_KNOTS.);
#744 = CARTESIAN_POINT('',(-27.9,4.6,9.8));
#745 = CARTESIAN_POINT('',(-26.6,4.6,9.8));
#746 = CARTESIAN_POINT('',(-27.9,4.6,1.8));
#747 = CARTESIAN_POINT('',(-26.6,4.6,1.8));
#748 = ADVANCED_FACE('',(#749),#765,.T.);
#749 = FACE_BOUND('',#750,.T.);
#750 = EDGE_LOOP('',(#751,#758,#763,#764));
#751 = ORIENTED_EDGE('',*,*,#752,.F.);
#752 = EDGE_CURVE('',#753,#733,#755,.T.);
#753 = VERTEX_POINT('',#754);
#754 = CARTESIAN_POINT('',(-27.9,-4.6,9.8));
#755 = B_SPLINE_CURVE_WITH_KNOTS('',1,(#756,#757),.UNSPECIFIED.,.F.,.F.,
  (2,2),(-17.1,-7.9),.PIECEWISE_BEZIER_KNOTS.);
#756 = CARTESIAN_POINT('',(-27.9,-4.6,9.8));
#757 = CARTESIAN_POINT('',(-27.9,4.6,9.8));
#758 = ORIENTED_EDGE('',*,*,#759,.T.);
#759 = EDGE_CURVE('',#753,#235,#760,.T.);
#760 = B_SPLINE_CURVE_WITH_KNOTS('',1,(#761,#762),.UNSPECIFIED.,.F.,.F.,
  (2,2),(5.E-02,8.05),.PIECEWISE_BEZIER_KNOTS.);
#761 = CARTESIAN_POINT('',(-27.9,-4.6,9.8));
#762 = CARTESIAN_POINT('',(-27.9,-4.6,1.8));
#763 = ORIENTED_EDGE('',*,*,#234,.F.);
#764 = ORIENTED_EDGE('',*,*,#739,.F.);
#765 = B_SPLINE_SURFACE_WITH_KNOTS('',1,1,(
    (#766,#767)
    ,(#768,#769
    )),.UNSPECIFIED.,.F.,.F.,.F.,(2,2),(2,2),(-4.,4.),(-4.6,4.6),
  .PIECEWISE_BEZIER_KNOTS.);
#766 = CARTESIAN_POINT('',(-27.9,-4.6,9.8));
#767 = CARTESIAN_POINT('',(-27.9,4.6,9.8));
#768 = CARTESIAN_POINT('',(-27.9,-4.6,1.8));
#769 = CARTESIAN_POINT('',(-27.9,4.6,1.8));
#770 = ADVANCED_FACE('',(#771),#788,.F.);
#771 = FACE_BOUND('',#772,.F.);
#772 = EDGE_LOOP('',(#773,#774,#775,#782,#787));
#773 = ORIENTED_EDGE('',*,*,#241,.F.);
#774 = ORIENTED_EDGE('',*,*,#300,.F.);
#775 = ORIENTED_EDGE('',*,*,#776,.T.);
#776 = EDGE_CURVE('',#301,#777,#779,.T.);
#777 = VERTEX_POINT('',#778);
#778 = CARTESIAN_POINT('',(-26.89900332225,-4.6,9.8));
#779 = B_SPLINE_CURVE_WITH_KNOTS('',1,(#780,#781),.UNSPECIFIED.,.F.,.F.,
  (2,2),(-0.106301180105,0.317258717338),.PIECEWISE_BEZIER_KNOTS.);
#780 = CARTESIAN_POINT('',(-26.6,-4.6,9.5));
#781 = CARTESIAN_POINT('',(-26.89900332225,-4.6,9.8));
#782 = ORIENTED_EDGE('',*,*,#783,.T.);
#783 = EDGE_CURVE('',#777,#753,#784,.T.);
#784 = B_SPLINE_CURVE_WITH_KNOTS('',1,(#785,#786),.UNSPECIFIED.,.F.,.F.,
  (2,2),(-0.875996677741,0.125),.PIECEWISE_BEZIER_KNOTS.);
#785 = CARTESIAN_POINT('',(-26.89900332225,-4.6,9.8));
#786 = CARTESIAN_POINT('',(-27.9,-4.6,9.8));
#787 = ORIENTED_EDGE('',*,*,#759,.T.);
#788 = B_SPLINE_SURFACE_WITH_KNOTS('',1,1,(
    (#789,#790)
    ,(#791,#792
    )),.UNSPECIFIED.,.F.,.F.,.F.,(2,2),(2,2),(5.E-02,8.05),(-1.35,
    -5.E-02),.PIECEWISE_BEZIER_KNOTS.);
#789 = CARTESIAN_POINT('',(-27.9,-4.6,9.8));
#790 = CARTESIAN_POINT('',(-26.6,-4.6,9.8));
#791 = CARTESIAN_POINT('',(-27.9,-4.6,1.8));
#792 = CARTESIAN_POINT('',(-26.6,-4.6,1.8));
#793 = ADVANCED_FACE('',(#794,#848),#878,.F.);
#794 = FACE_BOUND('',#795,.F.);
#795 = EDGE_LOOP('',(#796,#797,#805,#812,#820,#827,#835,#842));
#796 = ORIENTED_EDGE('',*,*,#263,.F.);
#797 = ORIENTED_EDGE('',*,*,#798,.T.);
#798 = EDGE_CURVE('',#264,#799,#801,.T.);
#799 = VERTEX_POINT('',#800);
#800 = CARTESIAN_POINT('',(-25.,26.6,1.4));
#801 = ( BOUNDED_CURVE() B_SPLINE_CURVE(2,(#802,#803,#804),
.UNSPECIFIED.,.F.,.F.) B_SPLINE_CURVE_WITH_KNOTS((3,3),(4.712388980385,
6.28318530718),.PIECEWISE_BEZIER_KNOTS.) CURVE() 
GEOMETRIC_REPRESENTATION_ITEM() RATIONAL_B_SPLINE_CURVE((1.,
0.707106781187,1.)) REPRESENTATION_ITEM('') );
#802 = CARTESIAN_POINT('',(-26.6,25.,1.4));
#803 = CARTESIAN_POINT('',(-26.6,26.6,1.4));
#804 = CARTESIAN_POINT('',(-25.,26.6,1.4));
#805 = ORIENTED_EDGE('',*,*,#806,.T.);
#806 = EDGE_CURVE('',#799,#807,#809,.T.);
#807 = VERTEX_POINT('',#808);
#808 = CARTESIAN_POINT('',(25.,26.6,1.4));
#809 = B_SPLINE_CURVE_WITH_KNOTS('',1,(#810,#811),.UNSPECIFIED.,.F.,.F.,
  (2,2),(1.6,51.6),.PIECEWISE_BEZIER_KNOTS.);
#810 = CARTESIAN_POINT('',(-25.,26.6,1.4));
#811 = CARTESIAN_POINT('',(25.,26.6,1.4));
#812 = ORIENTED_EDGE('',*,*,#813,.F.);
#813 = EDGE_CURVE('',#814,#807,#816,.T.);
#814 = VERTEX_POINT('',#815);
#815 = CARTESIAN_POINT('',(26.6,25.,1.4));
#816 = ( BOUNDED_CURVE() B_SPLINE_CURVE(2,(#817,#818,#819),
.UNSPECIFIED.,.F.,.F.) B_SPLINE_CURVE_WITH_KNOTS((3,3),(4.712388980385,
6.28318530718),.PIECEWISE_BEZIER_KNOTS.) CURVE() 
GEOMETRIC_REPRESENTATION_ITEM() RATIONAL_B_SPLINE_CURVE((1.,
0.707106781187,1.)) REPRESENTATION_ITEM('') );
#817 = CARTESIAN_POINT('',(26.6,25.,1.4));
#818 = CARTESIAN_POINT('',(26.6,26.6,1.4));
#819 = CARTESIAN_POINT('',(25.,26.6,1.4));
#820 = ORIENTED_EDGE('',*,*,#821,.T.);
#821 = EDGE_CURVE('',#814,#822,#824,.T.);
#822 = VERTEX_POINT('',#823);
#823 = CARTESIAN_POINT('',(26.6,-25.,1.4));
#824 = B_SPLINE_CURVE_WITH_KNOTS('',1,(#825,#826),.UNSPECIFIED.,.F.,.F.,
  (2,2),(1.6,51.6),.PIECEWISE_BEZIER_KNOTS.);
#825 = CARTESIAN_POINT('',(26.6,25.,1.4));
#826 = CARTESIAN_POINT('',(26.6,-25.,1.4));
#827 = ORIENTED_EDGE('',*,*,#828,.T.);
#828 = EDGE_CURVE('',#822,#829,#831,.T.);
#829 = VERTEX_POINT('',#830);
#830 = CARTESIAN_POINT('',(25.,-26.6,1.4));
#831 = ( BOUNDED_CURVE() B_SPLINE_CURVE(2,(#832,#833,#834),
.UNSPECIFIED.,.F.,.F.) B_SPLINE_CURVE_WITH_KNOTS((3,3),(1.570796326795,
3.14159265359),.PIECEWISE_BEZIER_KNOTS.) CURVE() 
GEOMETRIC_REPRESENTATION_ITEM() RATIONAL_B_SPLINE_CURVE((1.,
0.707106781187,1.)) REPRESENTATION_ITEM('') );
#832 = CARTESIAN_POINT('',(26.6,-25.,1.4));
#833 = CARTESIAN_POINT('',(26.6,-26.6,1.4));
#834 = CARTESIAN_POINT('',(25.,-26.6,1.4));
#835 = ORIENTED_EDGE('',*,*,#836,.F.);
#836 = EDGE_CURVE('',#837,#829,#839,.T.);
#837 = VERTEX_POINT('',#838);
#838 = CARTESIAN_POINT('',(-25.,-26.6,1.4));
#839 = B_SPLINE_CURVE_WITH_KNOTS('',1,(#840,#841),.UNSPECIFIED.,.F.,.F.,
  (2,2),(1.6,51.6),.PIECEWISE_BEZIER_KNOTS.);
#840 = CARTESIAN_POINT('',(-25.,-26.6,1.4));
#841 = CARTESIAN_POINT('',(25.,-26.6,1.4));
#842 = ORIENTED_EDGE('',*,*,#843,.F.);
#843 = EDGE_CURVE('',#266,#837,#844,.T.);
#844 = ( BOUNDED_CURVE() B_SPLINE_CURVE(2,(#845,#846,#847),
.UNSPECIFIED.,.F.,.F.) B_SPLINE_CURVE_WITH_KNOTS((3,3),(1.570796326795,
3.14159265359),.PIECEWISE_BEZIER_KNOTS.) CURVE() 
GEOMETRIC_REPRESENTATION_ITEM() RATIONAL_B_SPLINE_CURVE((1.,
0.707106781187,1.)) REPRESENTATION_ITEM('') );
#845 = CARTESIAN_POINT('',(-26.6,-25.,1.4));
#846 = CARTESIAN_POINT('',(-26.6,-26.6,1.4));
#847 = CARTESIAN_POINT('',(-25.,-26.6,1.4));
#848 = FACE_BOUND('',#849,.F.);
#849 = EDGE_LOOP('',(#850,#859,#866,#873));
#850 = ORIENTED_EDGE('',*,*,#851,.T.);
#851 = EDGE_CURVE('',#852,#854,#856,.T.);
#852 = VERTEX_POINT('',#853);
#853 = CARTESIAN_POINT('',(22.,22.,1.4));
#854 = VERTEX_POINT('',#855);
#855 = CARTESIAN_POINT('',(-22.,22.,1.4));
#856 = B_SPLINE_CURVE_WITH_KNOTS('',1,(#857,#858),.UNSPECIFIED.,.F.,.F.,
  (2,2),(-46.3,-2.3),.PIECEWISE_BEZIER_KNOTS.);
#857 = CARTESIAN_POINT('',(22.,22.,1.4));
#858 = CARTESIAN_POINT('',(-22.,22.,1.4));
#859 = ORIENTED_EDGE('',*,*,#860,.T.);
#860 = EDGE_CURVE('',#854,#861,#863,.T.);
#861 = VERTEX_POINT('',#862);
#862 = CARTESIAN_POINT('',(-22.,-22.,1.4));
#863 = B_SPLINE_CURVE_WITH_KNOTS('',1,(#864,#865),.UNSPECIFIED.,.F.,.F.,
  (2,2),(2.3,46.3),.PIECEWISE_BEZIER_KNOTS.);
#864 = CARTESIAN_POINT('',(-22.,22.,1.4));
#865 = CARTESIAN_POINT('',(-22.,-22.,1.4));
#866 = ORIENTED_EDGE('',*,*,#867,.F.);
#867 = EDGE_CURVE('',#868,#861,#870,.T.);
#868 = VERTEX_POINT('',#869);
#869 = CARTESIAN_POINT('',(22.,-22.,1.4));
#870 = B_SPLINE_CURVE_WITH_KNOTS('',1,(#871,#872),.UNSPECIFIED.,.F.,.F.,
  (2,2),(-46.3,-2.3),.PIECEWISE_BEZIER_KNOTS.);
#871 = CARTESIAN_POINT('',(22.,-22.,1.4));
#872 = CARTESIAN_POINT('',(-22.,-22.,1.4));
#873 = ORIENTED_EDGE('',*,*,#874,.F.);
#874 = EDGE_CURVE('',#852,#868,#875,.T.);
#875 = B_SPLINE_CURVE_WITH_KNOTS('',1,(#876,#877),.UNSPECIFIED.,.F.,.F.,
  (2,2),(2.3,46.3),.PIECEWISE_BEZIER_KNOTS.);
#876 = CARTESIAN_POINT('',(22.,22.,1.4));
#877 = CARTESIAN_POINT('',(22.,-22.,1.4));
#878 = B_SPLINE_SURFACE_WITH_KNOTS('',1,1,(
    (#879,#880)
    ,(#881,#882
    )),.UNSPECIFIED.,.F.,.F.,.F.,(2,2),(2,2),(0.,53.2),(0.,53.2),
  .PIECEWISE_BEZIER_KNOTS.);
#879 = CARTESIAN_POINT('',(-26.6,26.6,1.4));
#880 = CARTESIAN_POINT('',(-26.6,-26.6,1.4));
#881 = CARTESIAN_POINT('',(26.6,26.6,1.4));
#882 = CARTESIAN_POINT('',(26.6,-26.6,1.4));
#883 = ADVANCED_FACE('',(#884),#901,.F.);
#884 = FACE_BOUND('',#885,.F.);
#885 = EDGE_LOOP('',(#886,#887,#895,#900));
#886 = ORIENTED_EDGE('',*,*,#272,.F.);
#887 = ORIENTED_EDGE('',*,*,#888,.T.);
#888 = EDGE_CURVE('',#273,#889,#891,.T.);
#889 = VERTEX_POINT('',#890);
#890 = CARTESIAN_POINT('',(-25.,26.6,9.5));
#891 = ( BOUNDED_CURVE() B_SPLINE_CURVE(2,(#892,#893,#894),
.UNSPECIFIED.,.F.,.F.) B_SPLINE_CURVE_WITH_KNOTS((3,3),(4.712388980385,
6.28318530718),.PIECEWISE_BEZIER_KNOTS.) CURVE() 
GEOMETRIC_REPRESENTATION_ITEM() RATIONAL_B_SPLINE_CURVE((1.,
0.707106781187,1.)) REPRESENTATION_ITEM('') );
#892 = CARTESIAN_POINT('',(-26.6,25.,9.5));
#893 = CARTESIAN_POINT('',(-26.6,26.6,9.5));
#894 = CARTESIAN_POINT('',(-25.,26.6,9.5));
#895 = ORIENTED_EDGE('',*,*,#896,.T.);
#896 = EDGE_CURVE('',#889,#799,#897,.T.);
#897 = B_SPLINE_CURVE_WITH_KNOTS('',1,(#898,#899),.UNSPECIFIED.,.F.,.F.,
  (2,2),(0.4,8.5),.PIECEWISE_BEZIER_KNOTS.);
#898 = CARTESIAN_POINT('',(-25.,26.6,9.5));
#899 = CARTESIAN_POINT('',(-25.,26.6,1.4));
#900 = ORIENTED_EDGE('',*,*,#798,.F.);
#901 = ( BOUNDED_SURFACE() B_SPLINE_SURFACE(2,1,(
    (#902,#903)
    ,(#904,#905)
,(#906,#907
    )),.UNSPECIFIED.,.F.,.F.,.F.) B_SPLINE_SURFACE_WITH_KNOTS((3,3),(2,2
    ),(0.,1.570796326795),(0.4,8.5),.PIECEWISE_BEZIER_KNOTS.) 
GEOMETRIC_REPRESENTATION_ITEM() RATIONAL_B_SPLINE_SURFACE((
    (1.,1.)
    ,(0.707106781187,0.707106781187)
,(1.,1.))) REPRESENTATION_ITEM('') SURFACE() );
#902 = CARTESIAN_POINT('',(-26.6,25.,9.5));
#903 = CARTESIAN_POINT('',(-26.6,25.,1.4));
#904 = CARTESIAN_POINT('',(-26.6,26.6,9.5));
#905 = CARTESIAN_POINT('',(-26.6,26.6,1.4));
#906 = CARTESIAN_POINT('',(-25.,26.6,9.5));
#907 = CARTESIAN_POINT('',(-25.,26.6,1.4));
#908 = ADVANCED_FACE('',(#909),#926,.T.);
#909 = FACE_BOUND('',#910,.T.);
#910 = EDGE_LOOP('',(#911,#912,#920,#925));
#911 = ORIENTED_EDGE('',*,*,#314,.F.);
#912 = ORIENTED_EDGE('',*,*,#913,.T.);
#913 = EDGE_CURVE('',#308,#914,#916,.T.);
#914 = VERTEX_POINT('',#915);
#915 = CARTESIAN_POINT('',(-25.,-26.6,9.5));
#916 = ( BOUNDED_CURVE() B_SPLINE_CURVE(2,(#917,#918,#919),
.UNSPECIFIED.,.F.,.F.) B_SPLINE_CURVE_WITH_KNOTS((3,3),(1.570796326795,
3.14159265359),.PIECEWISE_BEZIER_KNOTS.) CURVE() 
GEOMETRIC_REPRESENTATION_ITEM() RATIONAL_B_SPLINE_CURVE((1.,
0.707106781187,1.)) REPRESENTATION_ITEM('') );
#917 = CARTESIAN_POINT('',(-26.6,-25.,9.5));
#918 = CARTESIAN_POINT('',(-26.6,-26.6,9.5));
#919 = CARTESIAN_POINT('',(-25.,-26.6,9.5));
#920 = ORIENTED_EDGE('',*,*,#921,.T.);
#921 = EDGE_CURVE('',#914,#837,#922,.T.);
#922 = B_SPLINE_CURVE_WITH_KNOTS('',1,(#923,#924),.UNSPECIFIED.,.F.,.F.,
  (2,2),(0.4,8.5),.PIECEWISE_BEZIER_KNOTS.);
#923 = CARTESIAN_POINT('',(-25.,-26.6,9.5));
#924 = CARTESIAN_POINT('',(-25.,-26.6,1.4));
#925 = ORIENTED_EDGE('',*,*,#843,.F.);
#926 = ( BOUNDED_SURFACE() B_SPLINE_SURFACE(2,1,(
    (#927,#928)
    ,(#929,#930)
,(#931,#932
    )),.UNSPECIFIED.,.F.,.F.,.F.) B_SPLINE_SURFACE_WITH_KNOTS((3,3),(2,2
    ),(0.,1.570796326795),(0.4,8.5),.PIECEWISE_BEZIER_KNOTS.) 
GEOMETRIC_REPRESENTATION_ITEM() RATIONAL_B_SPLINE_SURFACE((
    (1.,1.)
    ,(0.707106781187,0.707106781187)
,(1.,1.))) REPRESENTATION_ITEM('') SURFACE() );
#927 = CARTESIAN_POINT('',(-26.6,-25.,9.5));
#928 = CARTESIAN_POINT('',(-26.6,-25.,1.4));
#929 = CARTESIAN_POINT('',(-26.6,-26.6,9.5));
#930 = CARTESIAN_POINT('',(-26.6,-26.6,1.4));
#931 = CARTESIAN_POINT('',(-25.,-26.6,9.5));
#932 = CARTESIAN_POINT('',(-25.,-26.6,1.4));
#933 = ADVANCED_FACE('',(#934),#950,.F.);
#934 = FACE_BOUND('',#935,.F.);
#935 = EDGE_LOOP('',(#936,#937,#944,#949));
#936 = ORIENTED_EDGE('',*,*,#725,.T.);
#937 = ORIENTED_EDGE('',*,*,#938,.T.);
#938 = EDGE_CURVE('',#726,#939,#941,.T.);
#939 = VERTEX_POINT('',#940);
#940 = CARTESIAN_POINT('',(-26.89900332225,25.,9.8));
#941 = B_SPLINE_CURVE_WITH_KNOTS('',1,(#942,#943),.UNSPECIFIED.,.F.,.F.,
  (2,2),(-23.2,-2.8),.PIECEWISE_BEZIER_KNOTS.);
#942 = CARTESIAN_POINT('',(-26.89900332225,4.6,9.8));
#943 = CARTESIAN_POINT('',(-26.89900332225,25.,9.8));
#944 = ORIENTED_EDGE('',*,*,#945,.T.);
#945 = EDGE_CURVE('',#939,#273,#946,.T.);
#946 = B_SPLINE_CURVE_WITH_KNOTS('',1,(#947,#948),.UNSPECIFIED.,.F.,.F.,
  (2,2),(0.,1.),.PIECEWISE_BEZIER_KNOTS.);
#947 = CARTESIAN_POINT('',(-26.9,25.,9.801));
#948 = CARTESIAN_POINT('',(-26.6,25.,9.5));
#949 = ORIENTED_EDGE('',*,*,#279,.T.);
#950 = B_SPLINE_SURFACE_WITH_KNOTS('',1,1,(
    (#951,#952)
    ,(#953,#954
    )),.UNSPECIFIED.,.F.,.F.,.F.,(2,2),(2,2),(-22.,-1.6),(
    -0.423559897443,0.),.PIECEWISE_BEZIER_KNOTS.);
#951 = CARTESIAN_POINT('',(-26.89900332225,4.6,9.8));
#952 = CARTESIAN_POINT('',(-26.6,4.6,9.5));
#953 = CARTESIAN_POINT('',(-26.89900332225,25.,9.8));
#954 = CARTESIAN_POINT('',(-26.6,25.,9.5));
#955 = ADVANCED_FACE('',(#956),#972,.F.);
#956 = FACE_BOUND('',#957,.F.);
#957 = EDGE_LOOP('',(#958,#965,#970,#971));
#958 = ORIENTED_EDGE('',*,*,#959,.F.);
#959 = EDGE_CURVE('',#960,#308,#962,.T.);
#960 = VERTEX_POINT('',#961);
#961 = CARTESIAN_POINT('',(-26.89900332225,-25.,9.8));
#962 = B_SPLINE_CURVE_WITH_KNOTS('',1,(#963,#964),.UNSPECIFIED.,.F.,.F.,
  (2,2),(0.,1.),.PIECEWISE_BEZIER_KNOTS.);
#963 = CARTESIAN_POINT('',(-26.9,-25.,9.801));
#964 = CARTESIAN_POINT('',(-26.6,-25.,9.5));
#965 = ORIENTED_EDGE('',*,*,#966,.T.);
#966 = EDGE_CURVE('',#960,#777,#967,.T.);
#967 = B_SPLINE_CURVE_WITH_KNOTS('',1,(#968,#969),.UNSPECIFIED.,.F.,.F.,
  (2,2),(-52.8,-32.4),.PIECEWISE_BEZIER_KNOTS.);
#968 = CARTESIAN_POINT('',(-26.89900332225,-25.,9.8));
#969 = CARTESIAN_POINT('',(-26.89900332225,-4.6,9.8));
#970 = ORIENTED_EDGE('',*,*,#776,.F.);
#971 = ORIENTED_EDGE('',*,*,#307,.T.);
#972 = B_SPLINE_SURFACE_WITH_KNOTS('',1,1,(
    (#973,#974)
    ,(#975,#976
    )),.UNSPECIFIED.,.F.,.F.,.F.,(2,2),(2,2),(-51.6,-31.2),(
    -0.423559897443,0.),.PIECEWISE_BEZIER_KNOTS.);
#973 = CARTESIAN_POINT('',(-26.89900332225,-25.,9.8));
#974 = CARTESIAN_POINT('',(-26.6,-25.,9.5));
#975 = CARTESIAN_POINT('',(-26.89900332225,-4.6,9.8));
#976 = CARTESIAN_POINT('',(-26.6,-4.6,9.5));
#977 = ADVANCED_FACE('',(#978),#1000,.F.);
#978 = FACE_BOUND('',#979,.F.);
#979 = EDGE_LOOP('',(#980,#981,#988,#995));
#980 = ORIENTED_EDGE('',*,*,#321,.F.);
#981 = ORIENTED_EDGE('',*,*,#982,.T.);
#982 = EDGE_CURVE('',#322,#983,#985,.T.);
#983 = VERTEX_POINT('',#984);
#984 = CARTESIAN_POINT('',(-26.599,-11.,7.6));
#985 = B_SPLINE_CURVE_WITH_KNOTS('',1,(#986,#987),.UNSPECIFIED.,.F.,.F.,
  (2,2),(0.586730928646,0.601399201862),.PIECEWISE_BEZIER_KNOTS.);
#986 = CARTESIAN_POINT('',(-26.6,-11.01463414634,7.6));
#987 = CARTESIAN_POINT('',(-26.599,-11.,7.6));
#988 = ORIENTED_EDGE('',*,*,#989,.T.);
#989 = EDGE_CURVE('',#983,#990,#992,.T.);
#990 = VERTEX_POINT('',#991);
#991 = CARTESIAN_POINT('',(-26.48,-11.,7.3));
#992 = B_SPLINE_CURVE_WITH_KNOTS('',1,(#993,#994),.UNSPECIFIED.,.F.,.F.,
  (2,2),(0.,1.),.PIECEWISE_BEZIER_KNOTS.);
#993 = CARTESIAN_POINT('',(-26.599,-11.,7.6));
#994 = CARTESIAN_POINT('',(-26.48,-11.,7.3));
#995 = ORIENTED_EDGE('',*,*,#996,.F.);
#996 = EDGE_CURVE('',#324,#990,#997,.T.);
#997 = B_SPLINE_CURVE_WITH_KNOTS('',1,(#998,#999),.UNSPECIFIED.,.F.,.F.,
  (2,2),(0.155241746963,0.62096698785),.PIECEWISE_BEZIER_KNOTS.);
#998 = CARTESIAN_POINT('',(-26.6,-11.45,7.3));
#999 = CARTESIAN_POINT('',(-26.48,-11.,7.3));
#1000 = B_SPLINE_SURFACE_WITH_KNOTS('',1,1,(
    (#1001,#1002)
    ,(#1003,#1004
    )),.UNSPECIFIED.,.F.,.F.,.F.,(2,2),(2,2),(0.,0.62096698785),(0.,1.),
  .PIECEWISE_BEZIER_KNOTS.);
#1001 = CARTESIAN_POINT('',(-26.64,-11.6,7.6));
#1002 = CARTESIAN_POINT('',(-26.64,-11.6,7.3));
#1003 = CARTESIAN_POINT('',(-26.599,-11.,7.6));
#1004 = CARTESIAN_POINT('',(-26.48,-11.,7.3));
#1005 = ADVANCED_FACE('',(#1006),#1022,.F.);
#1006 = FACE_BOUND('',#1007,.F.);
#1007 = EDGE_LOOP('',(#1008,#1009,#1010,#1017));
#1008 = ORIENTED_EDGE('',*,*,#482,.T.);
#1009 = ORIENTED_EDGE('',*,*,#996,.T.);
#1010 = ORIENTED_EDGE('',*,*,#1011,.T.);
#1011 = EDGE_CURVE('',#990,#1012,#1014,.T.);
#1012 = VERTEX_POINT('',#1013);
#1013 = CARTESIAN_POINT('',(-26.48,-11.,3.1));
#1014 = B_SPLINE_CURVE_WITH_KNOTS('',1,(#1015,#1016),.UNSPECIFIED.,.F.,
  .F.,(2,2),(0.,1.),.PIECEWISE_BEZIER_KNOTS.);
#1015 = CARTESIAN_POINT('',(-26.48,-11.,7.3));
#1016 = CARTESIAN_POINT('',(-26.48,-11.,3.1));
#1017 = ORIENTED_EDGE('',*,*,#1018,.F.);
#1018 = EDGE_CURVE('',#451,#1012,#1019,.T.);
#1019 = B_SPLINE_CURVE_WITH_KNOTS('',1,(#1020,#1021),.UNSPECIFIED.,.F.,
  .F.,(2,2),(0.155241746963,0.62096698785),.PIECEWISE_BEZIER_KNOTS.);
#1020 = CARTESIAN_POINT('',(-26.6,-11.45,3.1));
#1021 = CARTESIAN_POINT('',(-26.48,-11.,3.1));
#1022 = B_SPLINE_SURFACE_WITH_KNOTS('',1,1,(
    (#1023,#1024)
    ,(#1025,#1026
    )),.UNSPECIFIED.,.F.,.F.,.F.,(2,2),(2,2),(0.155241746963,
    0.62096698785),(-4.2,0.),.PIECEWISE_BEZIER_KNOTS.);
#1023 = CARTESIAN_POINT('',(-26.6,-11.45,7.3));
#1024 = CARTESIAN_POINT('',(-26.6,-11.45,3.1));
#1025 = CARTESIAN_POINT('',(-26.48,-11.,7.3));
#1026 = CARTESIAN_POINT('',(-26.48,-11.,3.1));
#1027 = ADVANCED_FACE('',(#1028),#1044,.F.);
#1028 = FACE_BOUND('',#1029,.F.);
#1029 = EDGE_LOOP('',(#1030,#1031,#1032,#1039));
#1030 = ORIENTED_EDGE('',*,*,#450,.F.);
#1031 = ORIENTED_EDGE('',*,*,#1018,.T.);
#1032 = ORIENTED_EDGE('',*,*,#1033,.T.);
#1033 = EDGE_CURVE('',#1012,#1034,#1036,.T.);
#1034 = VERTEX_POINT('',#1035);
#1035 = CARTESIAN_POINT('',(-26.599,-11.,2.8));
#1036 = B_SPLINE_CURVE_WITH_KNOTS('',1,(#1037,#1038),.UNSPECIFIED.,.F.,
  .F.,(2,2),(0.,1.),.PIECEWISE_BEZIER_KNOTS.);
#1037 = CARTESIAN_POINT('',(-26.48,-11.,3.1));
#1038 = CARTESIAN_POINT('',(-26.599,-11.,2.8));
#1039 = ORIENTED_EDGE('',*,*,#1040,.F.);
#1040 = EDGE_CURVE('',#444,#1034,#1041,.T.);
#1041 = B_SPLINE_CURVE_WITH_KNOTS('',1,(#1042,#1043),.UNSPECIFIED.,.F.,
  .F.,(2,2),(0.586730928646,0.601399201862),.PIECEWISE_BEZIER_KNOTS.);
#1042 = CARTESIAN_POINT('',(-26.6,-11.01463414634,2.8));
#1043 = CARTESIAN_POINT('',(-26.599,-11.,2.8));
#1044 = B_SPLINE_SURFACE_WITH_KNOTS('',1,1,(
    (#1045,#1046)
    ,(#1047,#1048
    )),.UNSPECIFIED.,.F.,.F.,.F.,(2,2),(2,2),(0.,0.62096698785),(0.,1.),
  .PIECEWISE_BEZIER_KNOTS.);
#1045 = CARTESIAN_POINT('',(-26.64,-11.6,3.1));
#1046 = CARTESIAN_POINT('',(-26.64,-11.6,2.8));
#1047 = CARTESIAN_POINT('',(-26.48,-11.,3.1));
#1048 = CARTESIAN_POINT('',(-26.599,-11.,2.8));
#1049 = ADVANCED_FACE('',(#1050),#1059,.F.);
#1050 = FACE_BOUND('',#1051,.F.);
#1051 = EDGE_LOOP('',(#1052,#1057,#1058));
#1052 = ORIENTED_EDGE('',*,*,#1053,.T.);
#1053 = EDGE_CURVE('',#1034,#412,#1054,.T.);
#1054 = B_SPLINE_CURVE_WITH_KNOTS('',1,(#1055,#1056),.UNSPECIFIED.,.F.,
  .F.,(2,2),(0.,1.466827321616E-02),.PIECEWISE_BEZIER_KNOTS.);
#1055 = CARTESIAN_POINT('',(-26.599,-11.,2.8));
#1056 = CARTESIAN_POINT('',(-26.6,-10.98536585365,2.8));
#1057 = ORIENTED_EDGE('',*,*,#443,.T.);
#1058 = ORIENTED_EDGE('',*,*,#1040,.T.);
#1059 = B_SPLINE_SURFACE_WITH_KNOTS('',1,1,(
    (#1060,#1061)
    ,(#1062,#1063
    )),.UNSPECIFIED.,.F.,.F.,.F.,(2,2),(2,2),(0.585365853659,
    0.614634146341),(4.E-02,4.1E-02),.PIECEWISE_BEZIER_KNOTS.);
#1060 = CARTESIAN_POINT('',(-26.6,-10.98536585365,2.8));
#1061 = CARTESIAN_POINT('',(-26.599,-10.98536585365,2.8));
#1062 = CARTESIAN_POINT('',(-26.6,-11.01463414634,2.8));
#1063 = CARTESIAN_POINT('',(-26.599,-11.01463414634,2.8));
#1064 = ADVANCED_FACE('',(#1065),#1075,.F.);
#1065 = FACE_BOUND('',#1066,.F.);
#1066 = EDGE_LOOP('',(#1067,#1068,#1073,#1074));
#1067 = ORIENTED_EDGE('',*,*,#1033,.F.);
#1068 = ORIENTED_EDGE('',*,*,#1069,.T.);
#1069 = EDGE_CURVE('',#1012,#405,#1070,.T.);
#1070 = B_SPLINE_CURVE_WITH_KNOTS('',1,(#1071,#1072),.UNSPECIFIED.,.F.,
  .F.,(2,2),(0.,0.465725240888),.PIECEWISE_BEZIER_KNOTS.);
#1071 = CARTESIAN_POINT('',(-26.48,-11.,3.1));
#1072 = CARTESIAN_POINT('',(-26.6,-10.55,3.1));
#1073 = ORIENTED_EDGE('',*,*,#411,.T.);
#1074 = ORIENTED_EDGE('',*,*,#1053,.F.);
#1075 = B_SPLINE_SURFACE_WITH_KNOTS('',1,1,(
    (#1076,#1077)
    ,(#1078,#1079
    )),.UNSPECIFIED.,.F.,.F.,.F.,(2,2),(2,2),(0.,0.62096698785),(0.,1.),
  .PIECEWISE_BEZIER_KNOTS.);
#1076 = CARTESIAN_POINT('',(-26.48,-11.,3.1));
#1077 = CARTESIAN_POINT('',(-26.599,-11.,2.8));
#1078 = CARTESIAN_POINT('',(-26.64,-10.4,3.1));
#1079 = CARTESIAN_POINT('',(-26.64,-10.4,2.8));
#1080 = ADVANCED_FACE('',(#1081),#1091,.F.);
#1081 = FACE_BOUND('',#1082,.F.);
#1082 = EDGE_LOOP('',(#1083,#1084,#1089,#1090));
#1083 = ORIENTED_EDGE('',*,*,#1011,.F.);
#1084 = ORIENTED_EDGE('',*,*,#1085,.T.);
#1085 = EDGE_CURVE('',#990,#368,#1086,.T.);
#1086 = B_SPLINE_CURVE_WITH_KNOTS('',1,(#1087,#1088),.UNSPECIFIED.,.F.,
  .F.,(2,2),(0.,0.465725240888),.PIECEWISE_BEZIER_KNOTS.);
#1087 = CARTESIAN_POINT('',(-26.48,-11.,7.3));
#1088 = CARTESIAN_POINT('',(-26.6,-10.55,7.3));
#1089 = ORIENTED_EDGE('',*,*,#404,.T.);
#1090 = ORIENTED_EDGE('',*,*,#1069,.F.);
#1091 = B_SPLINE_SURFACE_WITH_KNOTS('',1,1,(
    (#1092,#1093)
    ,(#1094,#1095
    )),.UNSPECIFIED.,.F.,.F.,.F.,(2,2),(2,2),(0.,0.465725240888),(-4.2,
    0.),.PIECEWISE_BEZIER_KNOTS.);
#1092 = CARTESIAN_POINT('',(-26.48,-11.,7.3));
#1093 = CARTESIAN_POINT('',(-26.48,-11.,3.1));
#1094 = CARTESIAN_POINT('',(-26.6,-10.55,7.3));
#1095 = CARTESIAN_POINT('',(-26.6,-10.55,3.1));
#1096 = ADVANCED_FACE('',(#1097),#1107,.F.);
#1097 = FACE_BOUND('',#1098,.F.);
#1098 = EDGE_LOOP('',(#1099,#1100,#1105,#1106));
#1099 = ORIENTED_EDGE('',*,*,#989,.F.);
#1100 = ORIENTED_EDGE('',*,*,#1101,.T.);
#1101 = EDGE_CURVE('',#983,#361,#1102,.T.);
#1102 = B_SPLINE_CURVE_WITH_KNOTS('',1,(#1103,#1104),.UNSPECIFIED.,.F.,
  .F.,(2,2),(0.,1.466827321616E-02),.PIECEWISE_BEZIER_KNOTS.);
#1103 = CARTESIAN_POINT('',(-26.599,-11.,7.6));
#1104 = CARTESIAN_POINT('',(-26.6,-10.98536585365,7.6));
#1105 = ORIENTED_EDGE('',*,*,#367,.T.);
#1106 = ORIENTED_EDGE('',*,*,#1085,.F.);
#1107 = B_SPLINE_SURFACE_WITH_KNOTS('',1,1,(
    (#1108,#1109)
    ,(#1110,#1111
    )),.UNSPECIFIED.,.F.,.F.,.F.,(2,2),(2,2),(0.,0.62096698785),(0.,1.),
  .PIECEWISE_BEZIER_KNOTS.);
#1108 = CARTESIAN_POINT('',(-26.599,-11.,7.6));
#1109 = CARTESIAN_POINT('',(-26.48,-11.,7.3));
#1110 = CARTESIAN_POINT('',(-26.64,-10.4,7.6));
#1111 = CARTESIAN_POINT('',(-26.64,-10.4,7.3));
#1112 = ADVANCED_FACE('',(#1113),#1118,.T.);
#1113 = FACE_BOUND('',#1114,.T.);
#1114 = EDGE_LOOP('',(#1115,#1116,#1117));
#1115 = ORIENTED_EDGE('',*,*,#1101,.T.);
#1116 = ORIENTED_EDGE('',*,*,#360,.T.);
#1117 = ORIENTED_EDGE('',*,*,#982,.T.);
#1118 = B_SPLINE_SURFACE_WITH_KNOTS('',1,1,(
    (#1119,#1120)
    ,(#1121,#1122
    )),.UNSPECIFIED.,.F.,.F.,.F.,(2,2),(2,2),(0.585365853659,
    0.614634146341),(4.E-02,4.1E-02),.PIECEWISE_BEZIER_KNOTS.);
#1119 = CARTESIAN_POINT('',(-26.6,-10.98536585365,7.6));
#1120 = CARTESIAN_POINT('',(-26.599,-10.98536585365,7.6));
#1121 = CARTESIAN_POINT('',(-26.6,-11.01463414634,7.6));
#1122 = CARTESIAN_POINT('',(-26.599,-11.01463414634,7.6));
#1123 = ADVANCED_FACE('',(#1124),#1146,.F.);
#1124 = FACE_BOUND('',#1125,.F.);
#1125 = EDGE_LOOP('',(#1126,#1127,#1134,#1141));
#1126 = ORIENTED_EDGE('',*,*,#489,.F.);
#1127 = ORIENTED_EDGE('',*,*,#1128,.T.);
#1128 = EDGE_CURVE('',#490,#1129,#1131,.T.);
#1129 = VERTEX_POINT('',#1130);
#1130 = CARTESIAN_POINT('',(-26.599,11.,7.6));
#1131 = B_SPLINE_CURVE_WITH_KNOTS('',1,(#1132,#1133),.UNSPECIFIED.,.F.,
  .F.,(2,2),(0.586730928646,0.601399201862),.PIECEWISE_BEZIER_KNOTS.);
#1132 = CARTESIAN_POINT('',(-26.6,10.985365853659,7.6));
#1133 = CARTESIAN_POINT('',(-26.599,11.,7.6));
#1134 = ORIENTED_EDGE('',*,*,#1135,.T.);
#1135 = EDGE_CURVE('',#1129,#1136,#1138,.T.);
#1136 = VERTEX_POINT('',#1137);
#1137 = CARTESIAN_POINT('',(-26.48,11.,7.3));
#1138 = B_SPLINE_CURVE_WITH_KNOTS('',1,(#1139,#1140),.UNSPECIFIED.,.F.,
  .F.,(2,2),(0.,1.),.PIECEWISE_BEZIER_KNOTS.);
#1139 = CARTESIAN_POINT('',(-26.599,11.,7.6));
#1140 = CARTESIAN_POINT('',(-26.48,11.,7.3));
#1141 = ORIENTED_EDGE('',*,*,#1142,.F.);
#1142 = EDGE_CURVE('',#492,#1136,#1143,.T.);
#1143 = B_SPLINE_CURVE_WITH_KNOTS('',1,(#1144,#1145),.UNSPECIFIED.,.F.,
  .F.,(2,2),(0.155241746963,0.62096698785),.PIECEWISE_BEZIER_KNOTS.);
#1144 = CARTESIAN_POINT('',(-26.6,10.55,7.3));
#1145 = CARTESIAN_POINT('',(-26.48,11.,7.3));
#1146 = B_SPLINE_SURFACE_WITH_KNOTS('',1,1,(
    (#1147,#1148)
    ,(#1149,#1150
    )),.UNSPECIFIED.,.F.,.F.,.F.,(2,2),(2,2),(0.,0.62096698785),(0.,1.),
  .PIECEWISE_BEZIER_KNOTS.);
#1147 = CARTESIAN_POINT('',(-26.64,10.4,7.6));
#1148 = CARTESIAN_POINT('',(-26.64,10.4,7.3));
#1149 = CARTESIAN_POINT('',(-26.599,11.,7.6));
#1150 = CARTESIAN_POINT('',(-26.48,11.,7.3));
#1151 = ADVANCED_FACE('',(#1152),#1168,.F.);
#1152 = FACE_BOUND('',#1153,.F.);
#1153 = EDGE_LOOP('',(#1154,#1155,#1156,#1163));
#1154 = ORIENTED_EDGE('',*,*,#650,.T.);
#1155 = ORIENTED_EDGE('',*,*,#1142,.T.);
#1156 = ORIENTED_EDGE('',*,*,#1157,.T.);
#1157 = EDGE_CURVE('',#1136,#1158,#1160,.T.);
#1158 = VERTEX_POINT('',#1159);
#1159 = CARTESIAN_POINT('',(-26.48,11.,3.1));
#1160 = B_SPLINE_CURVE_WITH_KNOTS('',1,(#1161,#1162),.UNSPECIFIED.,.F.,
  .F.,(2,2),(0.,1.),.PIECEWISE_BEZIER_KNOTS.);
#1161 = CARTESIAN_POINT('',(-26.48,11.,7.3));
#1162 = CARTESIAN_POINT('',(-26.48,11.,3.1));
#1163 = ORIENTED_EDGE('',*,*,#1164,.F.);
#1164 = EDGE_CURVE('',#619,#1158,#1165,.T.);
#1165 = B_SPLINE_CURVE_WITH_KNOTS('',1,(#1166,#1167),.UNSPECIFIED.,.F.,
  .F.,(2,2),(0.155241746963,0.62096698785),.PIECEWISE_BEZIER_KNOTS.);
#1166 = CARTESIAN_POINT('',(-26.6,10.55,3.1));
#1167 = CARTESIAN_POINT('',(-26.48,11.,3.1));
#1168 = B_SPLINE_SURFACE_WITH_KNOTS('',1,1,(
    (#1169,#1170)
    ,(#1171,#1172
    )),.UNSPECIFIED.,.F.,.F.,.F.,(2,2),(2,2),(0.155241746963,
    0.62096698785),(-4.2,0.),.PIECEWISE_BEZIER_KNOTS.);
#1169 = CARTESIAN_POINT('',(-26.6,10.55,7.3));
#1170 = CARTESIAN_POINT('',(-26.6,10.55,3.1));
#1171 = CARTESIAN_POINT('',(-26.48,11.,7.3));
#1172 = CARTESIAN_POINT('',(-26.48,11.,3.1));
#1173 = ADVANCED_FACE('',(#1174),#1190,.F.);
#1174 = FACE_BOUND('',#1175,.F.);
#1175 = EDGE_LOOP('',(#1176,#1177,#1178,#1185));
#1176 = ORIENTED_EDGE('',*,*,#618,.F.);
#1177 = ORIENTED_EDGE('',*,*,#1164,.T.);
#1178 = ORIENTED_EDGE('',*,*,#1179,.T.);
#1179 = EDGE_CURVE('',#1158,#1180,#1182,.T.);
#1180 = VERTEX_POINT('',#1181);
#1181 = CARTESIAN_POINT('',(-26.599,11.,2.8));
#1182 = B_SPLINE_CURVE_WITH_KNOTS('',1,(#1183,#1184),.UNSPECIFIED.,.F.,
  .F.,(2,2),(0.,1.),.PIECEWISE_BEZIER_KNOTS.);
#1183 = CARTESIAN_POINT('',(-26.48,11.,3.1));
#1184 = CARTESIAN_POINT('',(-26.599,11.,2.8));
#1185 = ORIENTED_EDGE('',*,*,#1186,.F.);
#1186 = EDGE_CURVE('',#612,#1180,#1187,.T.);
#1187 = B_SPLINE_CURVE_WITH_KNOTS('',1,(#1188,#1189),.UNSPECIFIED.,.F.,
  .F.,(2,2),(0.586730928646,0.601399201862),.PIECEWISE_BEZIER_KNOTS.);
#1188 = CARTESIAN_POINT('',(-26.6,10.985365853659,2.8));
#1189 = CARTESIAN_POINT('',(-26.599,11.,2.8));
#1190 = B_SPLINE_SURFACE_WITH_KNOTS('',1,1,(
    (#1191,#1192)
    ,(#1193,#1194
    )),.UNSPECIFIED.,.F.,.F.,.F.,(2,2),(2,2),(0.,0.62096698785),(0.,1.),
  .PIECEWISE_BEZIER_KNOTS.);
#1191 = CARTESIAN_POINT('',(-26.64,10.4,3.1));
#1192 = CARTESIAN_POINT('',(-26.64,10.4,2.8));
#1193 = CARTESIAN_POINT('',(-26.48,11.,3.1));
#1194 = CARTESIAN_POINT('',(-26.599,11.,2.8));
#1195 = ADVANCED_FACE('',(#1196),#1205,.F.);
#1196 = FACE_BOUND('',#1197,.F.);
#1197 = EDGE_LOOP('',(#1198,#1203,#1204));
#1198 = ORIENTED_EDGE('',*,*,#1199,.T.);
#1199 = EDGE_CURVE('',#1180,#580,#1200,.T.);
#1200 = B_SPLINE_CURVE_WITH_KNOTS('',1,(#1201,#1202),.UNSPECIFIED.,.F.,
  .F.,(2,2),(0.,1.466827321616E-02),.PIECEWISE_BEZIER_KNOTS.);
#1201 = CARTESIAN_POINT('',(-26.599,11.,2.8));
#1202 = CARTESIAN_POINT('',(-26.6,11.014634146341,2.8));
#1203 = ORIENTED_EDGE('',*,*,#611,.T.);
#1204 = ORIENTED_EDGE('',*,*,#1186,.T.);
#1205 = B_SPLINE_SURFACE_WITH_KNOTS('',1,1,(
    (#1206,#1207)
    ,(#1208,#1209
    )),.UNSPECIFIED.,.F.,.F.,.F.,(2,2),(2,2),(0.585365853659,
    0.614634146341),(4.E-02,4.1E-02),.PIECEWISE_BEZIER_KNOTS.);
#1206 = CARTESIAN_POINT('',(-26.6,11.014634146341,2.8));
#1207 = CARTESIAN_POINT('',(-26.599,11.014634146341,2.8));
#1208 = CARTESIAN_POINT('',(-26.6,10.985365853659,2.8));
#1209 = CARTESIAN_POINT('',(-26.599,10.985365853659,2.8));
#1210 = ADVANCED_FACE('',(#1211),#1221,.F.);
#1211 = FACE_BOUND('',#1212,.F.);
#1212 = EDGE_LOOP('',(#1213,#1214,#1219,#1220));
#1213 = ORIENTED_EDGE('',*,*,#1179,.F.);
#1214 = ORIENTED_EDGE('',*,*,#1215,.T.);
#1215 = EDGE_CURVE('',#1158,#573,#1216,.T.);
#1216 = B_SPLINE_CURVE_WITH_KNOTS('',1,(#1217,#1218),.UNSPECIFIED.,.F.,
  .F.,(2,2),(0.,0.465725240888),.PIECEWISE_BEZIER_KNOTS.);
#1217 = CARTESIAN_POINT('',(-26.48,11.,3.1));
#1218 = CARTESIAN_POINT('',(-26.6,11.45,3.1));
#1219 = ORIENTED_EDGE('',*,*,#579,.T.);
#1220 = ORIENTED_EDGE('',*,*,#1199,.F.);
#1221 = B_SPLINE_SURFACE_WITH_KNOTS('',1,1,(
    (#1222,#1223)
    ,(#1224,#1225
    )),.UNSPECIFIED.,.F.,.F.,.F.,(2,2),(2,2),(0.,0.62096698785),(0.,1.),
  .PIECEWISE_BEZIER_KNOTS.);
#1222 = CARTESIAN_POINT('',(-26.48,11.,3.1));
#1223 = CARTESIAN_POINT('',(-26.599,11.,2.8));
#1224 = CARTESIAN_POINT('',(-26.64,11.6,3.1));
#1225 = CARTESIAN_POINT('',(-26.64,11.6,2.8));
#1226 = ADVANCED_FACE('',(#1227),#1237,.F.);
#1227 = FACE_BOUND('',#1228,.F.);
#1228 = EDGE_LOOP('',(#1229,#1230,#1235,#1236));
#1229 = ORIENTED_EDGE('',*,*,#1157,.F.);
#1230 = ORIENTED_EDGE('',*,*,#1231,.T.);
#1231 = EDGE_CURVE('',#1136,#536,#1232,.T.);
#1232 = B_SPLINE_CURVE_WITH_KNOTS('',1,(#1233,#1234),.UNSPECIFIED.,.F.,
  .F.,(2,2),(0.,0.465725240888),.PIECEWISE_BEZIER_KNOTS.);
#1233 = CARTESIAN_POINT('',(-26.48,11.,7.3));
#1234 = CARTESIAN_POINT('',(-26.6,11.45,7.3));
#1235 = ORIENTED_EDGE('',*,*,#572,.T.);
#1236 = ORIENTED_EDGE('',*,*,#1215,.F.);
#1237 = B_SPLINE_SURFACE_WITH_KNOTS('',1,1,(
    (#1238,#1239)
    ,(#1240,#1241
    )),.UNSPECIFIED.,.F.,.F.,.F.,(2,2),(2,2),(0.,0.465725240888),(-4.2,
    0.),.PIECEWISE_BEZIER_KNOTS.);
#1238 = CARTESIAN_POINT('',(-26.48,11.,7.3));
#1239 = CARTESIAN_POINT('',(-26.48,11.,3.1));
#1240 = CARTESIAN_POINT('',(-26.6,11.45,7.3));
#1241 = CARTESIAN_POINT('',(-26.6,11.45,3.1));
#1242 = ADVANCED_FACE('',(#1243),#1253,.F.);
#1243 = FACE_BOUND('',#1244,.F.);
#1244 = EDGE_LOOP('',(#1245,#1246,#1251,#1252));
#1245 = ORIENTED_EDGE('',*,*,#1135,.F.);
#1246 = ORIENTED_EDGE('',*,*,#1247,.T.);
#1247 = EDGE_CURVE('',#1129,#529,#1248,.T.);
#1248 = B_SPLINE_CURVE_WITH_KNOTS('',1,(#1249,#1250),.UNSPECIFIED.,.F.,
  .F.,(2,2),(0.,1.466827321616E-02),.PIECEWISE_BEZIER_KNOTS.);
#1249 = CARTESIAN_POINT('',(-26.599,11.,7.6));
#1250 = CARTESIAN_POINT('',(-26.6,11.014634146341,7.6));
#1251 = ORIENTED_EDGE('',*,*,#535,.T.);
#1252 = ORIENTED_EDGE('',*,*,#1231,.F.);
#1253 = B_SPLINE_SURFACE_WITH_KNOTS('',1,1,(
    (#1254,#1255)
    ,(#1256,#1257
    )),.UNSPECIFIED.,.F.,.F.,.F.,(2,2),(2,2),(0.,0.62096698785),(0.,1.),
  .PIECEWISE_BEZIER_KNOTS.);
#1254 = CARTESIAN_POINT('',(-26.599,11.,7.6));
#1255 = CARTESIAN_POINT('',(-26.48,11.,7.3));
#1256 = CARTESIAN_POINT('',(-26.64,11.6,7.6));
#1257 = CARTESIAN_POINT('',(-26.64,11.6,7.3));
#1258 = ADVANCED_FACE('',(#1259),#1264,.T.);
#1259 = FACE_BOUND('',#1260,.T.);
#1260 = EDGE_LOOP('',(#1261,#1262,#1263));
#1261 = ORIENTED_EDGE('',*,*,#1247,.T.);
#1262 = ORIENTED_EDGE('',*,*,#528,.T.);
#1263 = ORIENTED_EDGE('',*,*,#1128,.T.);
#1264 = B_SPLINE_SURFACE_WITH_KNOTS('',1,1,(
    (#1265,#1266)
    ,(#1267,#1268
    )),.UNSPECIFIED.,.F.,.F.,.F.,(2,2),(2,2),(0.585365853659,
    0.614634146341),(4.E-02,4.1E-02),.PIECEWISE_BEZIER_KNOTS.);
#1265 = CARTESIAN_POINT('',(-26.6,11.014634146341,7.6));
#1266 = CARTESIAN_POINT('',(-26.599,11.014634146341,7.6));
#1267 = CARTESIAN_POINT('',(-26.6,10.985365853659,7.6));
#1268 = CARTESIAN_POINT('',(-26.599,10.985365853659,7.6));
#1269 = ADVANCED_FACE('',(#1270,#1332),#1474,.F.);
#1270 = FACE_BOUND('',#1271,.F.);
#1271 = EDGE_LOOP('',(#1272,#1281,#1289,#1296,#1304,#1311,#1319,#1326));
#1272 = ORIENTED_EDGE('',*,*,#1273,.F.);
#1273 = EDGE_CURVE('',#1274,#1276,#1278,.T.);
#1274 = VERTEX_POINT('',#1275);
#1275 = CARTESIAN_POINT('',(-29.,25.,9.8));
#1276 = VERTEX_POINT('',#1277);
#1277 = CARTESIAN_POINT('',(-29.,-25.,9.8));
#1278 = B_SPLINE_CURVE_WITH_KNOTS('',1,(#1279,#1280),.UNSPECIFIED.,.F.,
  .F.,(2,2),(4.,54.),.PIECEWISE_BEZIER_KNOTS.);
#1279 = CARTESIAN_POINT('',(-29.,25.,9.8));
#1280 = CARTESIAN_POINT('',(-29.,-25.,9.8));
#1281 = ORIENTED_EDGE('',*,*,#1282,.T.);
#1282 = EDGE_CURVE('',#1274,#1283,#1285,.T.);
#1283 = VERTEX_POINT('',#1284);
#1284 = CARTESIAN_POINT('',(-25.,29.,9.8));
#1285 = ( BOUNDED_CURVE() B_SPLINE_CURVE(2,(#1286,#1287,#1288),
.UNSPECIFIED.,.F.,.F.) B_SPLINE_CURVE_WITH_KNOTS((3,3),(4.712388980385,
6.28318530718),.PIECEWISE_BEZIER_KNOTS.) CURVE() 
GEOMETRIC_REPRESENTATION_ITEM() RATIONAL_B_SPLINE_CURVE((1.,
0.707106781187,1.)) REPRESENTATION_ITEM('') );
#1286 = CARTESIAN_POINT('',(-29.,25.,9.8));
#1287 = CARTESIAN_POINT('',(-29.,29.,9.8));
#1288 = CARTESIAN_POINT('',(-25.,29.,9.8));
#1289 = ORIENTED_EDGE('',*,*,#1290,.T.);
#1290 = EDGE_CURVE('',#1283,#1291,#1293,.T.);
#1291 = VERTEX_POINT('',#1292);
#1292 = CARTESIAN_POINT('',(25.,29.,9.8));
#1293 = B_SPLINE_CURVE_WITH_KNOTS('',1,(#1294,#1295),.UNSPECIFIED.,.F.,
  .F.,(2,2),(4.,54.),.PIECEWISE_BEZIER_KNOTS.);
#1294 = CARTESIAN_POINT('',(-25.,29.,9.8));
#1295 = CARTESIAN_POINT('',(25.,29.,9.8));
#1296 = ORIENTED_EDGE('',*,*,#1297,.F.);
#1297 = EDGE_CURVE('',#1298,#1291,#1300,.T.);
#1298 = VERTEX_POINT('',#1299);
#1299 = CARTESIAN_POINT('',(29.,25.,9.8));
#1300 = ( BOUNDED_CURVE() B_SPLINE_CURVE(2,(#1301,#1302,#1303),
.UNSPECIFIED.,.F.,.F.) B_SPLINE_CURVE_WITH_KNOTS((3,3),(4.712388980385,
6.28318530718),.PIECEWISE_BEZIER_KNOTS.) CURVE() 
GEOMETRIC_REPRESENTATION_ITEM() RATIONAL_B_SPLINE_CURVE((1.,
0.707106781187,1.)) REPRESENTATION_ITEM('') );
#1301 = CARTESIAN_POINT('',(29.,25.,9.8));
#1302 = CARTESIAN_POINT('',(29.,29.,9.8));
#1303 = CARTESIAN_POINT('',(25.,29.,9.8));
#1304 = ORIENTED_EDGE('',*,*,#1305,.T.);
#1305 = EDGE_CURVE('',#1298,#1306,#1308,.T.);
#1306 = VERTEX_POINT('',#1307);
#1307 = CARTESIAN_POINT('',(29.,-25.,9.8));
#1308 = B_SPLINE_CURVE_WITH_KNOTS('',1,(#1309,#1310),.UNSPECIFIED.,.F.,
  .F.,(2,2),(4.,54.),.PIECEWISE_BEZIER_KNOTS.);
#1309 = CARTESIAN_POINT('',(29.,25.,9.8));
#1310 = CARTESIAN_POINT('',(29.,-25.,9.8));
#1311 = ORIENTED_EDGE('',*,*,#1312,.T.);
#1312 = EDGE_CURVE('',#1306,#1313,#1315,.T.);
#1313 = VERTEX_POINT('',#1314);
#1314 = CARTESIAN_POINT('',(25.,-29.,9.8));
#1315 = ( BOUNDED_CURVE() B_SPLINE_CURVE(2,(#1316,#1317,#1318),
.UNSPECIFIED.,.F.,.F.) B_SPLINE_CURVE_WITH_KNOTS((3,3),(1.570796326795,
3.14159265359),.PIECEWISE_BEZIER_KNOTS.) CURVE() 
GEOMETRIC_REPRESENTATION_ITEM() RATIONAL_B_SPLINE_CURVE((1.,
0.707106781187,1.)) REPRESENTATION_ITEM('') );
#1316 = CARTESIAN_POINT('',(29.,-25.,9.8));
#1317 = CARTESIAN_POINT('',(29.,-29.,9.8));
#1318 = CARTESIAN_POINT('',(25.,-29.,9.8));
#1319 = ORIENTED_EDGE('',*,*,#1320,.F.);
#1320 = EDGE_CURVE('',#1321,#1313,#1323,.T.);
#1321 = VERTEX_POINT('',#1322);
#1322 = CARTESIAN_POINT('',(-25.,-29.,9.8));
#1323 = B_SPLINE_CURVE_WITH_KNOTS('',1,(#1324,#1325),.UNSPECIFIED.,.F.,
  .F.,(2,2),(4.,54.),.PIECEWISE_BEZIER_KNOTS.);
#1324 = CARTESIAN_POINT('',(-25.,-29.,9.8));
#1325 = CARTESIAN_POINT('',(25.,-29.,9.8));
#1326 = ORIENTED_EDGE('',*,*,#1327,.F.);
#1327 = EDGE_CURVE('',#1276,#1321,#1328,.T.);
#1328 = ( BOUNDED_CURVE() B_SPLINE_CURVE(2,(#1329,#1330,#1331),
.UNSPECIFIED.,.F.,.F.) B_SPLINE_CURVE_WITH_KNOTS((3,3),(1.570796326795,
3.14159265359),.PIECEWISE_BEZIER_KNOTS.) CURVE() 
GEOMETRIC_REPRESENTATION_ITEM() RATIONAL_B_SPLINE_CURVE((1.,
0.707106781187,1.)) REPRESENTATION_ITEM('') );
#1329 = CARTESIAN_POINT('',(-29.,-25.,9.8));
#1330 = CARTESIAN_POINT('',(-29.,-29.,9.8));
#1331 = CARTESIAN_POINT('',(-25.,-29.,9.8));
#1332 = FACE_BOUND('',#1333,.F.);
#1333 = EDGE_LOOP('',(#1334,#1335,#1343,#1350,#1357,#1364,#1371,#1378,
    #1386,#1393,#1400,#1407,#1414,#1421,#1429,#1436,#1443,#1450,#1457,
    #1464,#1470,#1471,#1472,#1473));
#1334 = ORIENTED_EDGE('',*,*,#966,.F.);
#1335 = ORIENTED_EDGE('',*,*,#1336,.F.);
#1336 = EDGE_CURVE('',#1337,#960,#1339,.T.);
#1337 = VERTEX_POINT('',#1338);
#1338 = CARTESIAN_POINT('',(-25.,-26.89900332225,9.8));
#1339 = ( BOUNDED_CURVE() B_SPLINE_CURVE(2,(#1340,#1341,#1342),
.UNSPECIFIED.,.F.,.F.) B_SPLINE_CURVE_WITH_KNOTS((3,3),(3.14159265359,
4.712388980385),.PIECEWISE_BEZIER_KNOTS.) CURVE() 
GEOMETRIC_REPRESENTATION_ITEM() RATIONAL_B_SPLINE_CURVE((1.,
0.707106781187,1.)) REPRESENTATION_ITEM('') );
#1340 = CARTESIAN_POINT('',(-25.,-26.89900332225,9.8));
#1341 = CARTESIAN_POINT('',(-26.89900332225,-26.89900332225,9.8));
#1342 = CARTESIAN_POINT('',(-26.89900332225,-25.,9.8));
#1343 = ORIENTED_EDGE('',*,*,#1344,.F.);
#1344 = EDGE_CURVE('',#1345,#1337,#1347,.T.);
#1345 = VERTEX_POINT('',#1346);
#1346 = CARTESIAN_POINT('',(-4.6,-26.89900332225,9.8));
#1347 = B_SPLINE_CURVE_WITH_KNOTS('',1,(#1348,#1349),.UNSPECIFIED.,.F.,
  .F.,(2,2),(-23.2,-2.8),.PIECEWISE_BEZIER_KNOTS.);
#1348 = CARTESIAN_POINT('',(-4.6,-26.89900332225,9.8));
#1349 = CARTESIAN_POINT('',(-25.,-26.89900332225,9.8));
#1350 = ORIENTED_EDGE('',*,*,#1351,.T.);
#1351 = EDGE_CURVE('',#1345,#1352,#1354,.T.);
#1352 = VERTEX_POINT('',#1353);
#1353 = CARTESIAN_POINT('',(-4.6,-27.9,9.8));
#1354 = B_SPLINE_CURVE_WITH_KNOTS('',1,(#1355,#1356),.UNSPECIFIED.,.F.,
  .F.,(2,2),(28.124003322259,29.125),.PIECEWISE_BEZIER_KNOTS.);
#1355 = CARTESIAN_POINT('',(-4.6,-26.89900332225,9.8));
#1356 = CARTESIAN_POINT('',(-4.6,-27.9,9.8));
#1357 = ORIENTED_EDGE('',*,*,#1358,.F.);
#1358 = EDGE_CURVE('',#1359,#1352,#1361,.T.);
#1359 = VERTEX_POINT('',#1360);
#1360 = CARTESIAN_POINT('',(4.6,-27.9,9.8));
#1361 = B_SPLINE_CURVE_WITH_KNOTS('',1,(#1362,#1363),.UNSPECIFIED.,.F.,
  .F.,(2,2),(-17.1,-7.9),.PIECEWISE_BEZIER_KNOTS.);
#1362 = CARTESIAN_POINT('',(4.6,-27.9,9.8));
#1363 = CARTESIAN_POINT('',(-4.6,-27.9,9.8));
#1364 = ORIENTED_EDGE('',*,*,#1365,.F.);
#1365 = EDGE_CURVE('',#1366,#1359,#1368,.T.);
#1366 = VERTEX_POINT('',#1367);
#1367 = CARTESIAN_POINT('',(4.6,-26.89900332225,9.8));
#1368 = B_SPLINE_CURVE_WITH_KNOTS('',1,(#1369,#1370),.UNSPECIFIED.,.F.,
  .F.,(2,2),(28.124003322259,29.125),.PIECEWISE_BEZIER_KNOTS.);
#1369 = CARTESIAN_POINT('',(4.6,-26.89900332225,9.8));
#1370 = CARTESIAN_POINT('',(4.6,-27.9,9.8));
#1371 = ORIENTED_EDGE('',*,*,#1372,.F.);
#1372 = EDGE_CURVE('',#1373,#1366,#1375,.T.);
#1373 = VERTEX_POINT('',#1374);
#1374 = CARTESIAN_POINT('',(25.,-26.89900332225,9.8));
#1375 = B_SPLINE_CURVE_WITH_KNOTS('',1,(#1376,#1377),.UNSPECIFIED.,.F.,
  .F.,(2,2),(-52.8,-32.4),.PIECEWISE_BEZIER_KNOTS.);
#1376 = CARTESIAN_POINT('',(25.,-26.89900332225,9.8));
#1377 = CARTESIAN_POINT('',(4.6,-26.89900332225,9.8));
#1378 = ORIENTED_EDGE('',*,*,#1379,.F.);
#1379 = EDGE_CURVE('',#1380,#1373,#1382,.T.);
#1380 = VERTEX_POINT('',#1381);
#1381 = CARTESIAN_POINT('',(26.899003322259,-25.,9.8));
#1382 = ( BOUNDED_CURVE() B_SPLINE_CURVE(2,(#1383,#1384,#1385),
.UNSPECIFIED.,.F.,.F.) B_SPLINE_CURVE_WITH_KNOTS((3,3),(1.570796326795,
3.14159265359),.PIECEWISE_BEZIER_KNOTS.) CURVE() 
GEOMETRIC_REPRESENTATION_ITEM() RATIONAL_B_SPLINE_CURVE((1.,
0.707106781187,1.)) REPRESENTATION_ITEM('') );
#1383 = CARTESIAN_POINT('',(26.899003322259,-25.,9.8));
#1384 = CARTESIAN_POINT('',(26.899003322259,-26.89900332225,9.8));
#1385 = CARTESIAN_POINT('',(25.,-26.89900332225,9.8));
#1386 = ORIENTED_EDGE('',*,*,#1387,.F.);
#1387 = EDGE_CURVE('',#1388,#1380,#1390,.T.);
#1388 = VERTEX_POINT('',#1389);
#1389 = CARTESIAN_POINT('',(26.899003322259,-4.6,9.8));
#1390 = B_SPLINE_CURVE_WITH_KNOTS('',1,(#1391,#1392),.UNSPECIFIED.,.F.,
  .F.,(2,2),(32.4,52.8),.PIECEWISE_BEZIER_KNOTS.);
#1391 = CARTESIAN_POINT('',(26.899003322259,-4.6,9.8));
#1392 = CARTESIAN_POINT('',(26.899003322259,-25.,9.8));
#1393 = ORIENTED_EDGE('',*,*,#1394,.T.);
#1394 = EDGE_CURVE('',#1388,#1395,#1397,.T.);
#1395 = VERTEX_POINT('',#1396);
#1396 = CARTESIAN_POINT('',(27.9,-4.6,9.8));
#1397 = B_SPLINE_CURVE_WITH_KNOTS('',1,(#1398,#1399),.UNSPECIFIED.,.F.,
  .F.,(2,2),(28.124003322259,29.125),.PIECEWISE_BEZIER_KNOTS.);
#1398 = CARTESIAN_POINT('',(26.899003322259,-4.6,9.8));
#1399 = CARTESIAN_POINT('',(27.9,-4.6,9.8));
#1400 = ORIENTED_EDGE('',*,*,#1401,.F.);
#1401 = EDGE_CURVE('',#1402,#1395,#1404,.T.);
#1402 = VERTEX_POINT('',#1403);
#1403 = CARTESIAN_POINT('',(27.9,4.6,9.8));
#1404 = B_SPLINE_CURVE_WITH_KNOTS('',1,(#1405,#1406),.UNSPECIFIED.,.F.,
  .F.,(2,2),(11.9,21.1),.PIECEWISE_BEZIER_KNOTS.);
#1405 = CARTESIAN_POINT('',(27.9,4.6,9.8));
#1406 = CARTESIAN_POINT('',(27.9,-4.6,9.8));
#1407 = ORIENTED_EDGE('',*,*,#1408,.F.);
#1408 = EDGE_CURVE('',#1409,#1402,#1411,.T.);
#1409 = VERTEX_POINT('',#1410);
#1410 = CARTESIAN_POINT('',(26.899003322259,4.6,9.8));
#1411 = B_SPLINE_CURVE_WITH_KNOTS('',1,(#1412,#1413),.UNSPECIFIED.,.F.,
  .F.,(2,2),(28.124003322259,29.125),.PIECEWISE_BEZIER_KNOTS.);
#1412 = CARTESIAN_POINT('',(26.899003322259,4.6,9.8));
#1413 = CARTESIAN_POINT('',(27.9,4.6,9.8));
#1414 = ORIENTED_EDGE('',*,*,#1415,.F.);
#1415 = EDGE_CURVE('',#1416,#1409,#1418,.T.);
#1416 = VERTEX_POINT('',#1417);
#1417 = CARTESIAN_POINT('',(26.899003322259,25.,9.8));
#1418 = B_SPLINE_CURVE_WITH_KNOTS('',1,(#1419,#1420),.UNSPECIFIED.,.F.,
  .F.,(2,2),(2.8,23.2),.PIECEWISE_BEZIER_KNOTS.);
#1419 = CARTESIAN_POINT('',(26.899003322259,25.,9.8));
#1420 = CARTESIAN_POINT('',(26.899003322259,4.6,9.8));
#1421 = ORIENTED_EDGE('',*,*,#1422,.F.);
#1422 = EDGE_CURVE('',#1423,#1416,#1425,.T.);
#1423 = VERTEX_POINT('',#1424);
#1424 = CARTESIAN_POINT('',(25.,26.899003322259,9.8));
#1425 = ( BOUNDED_CURVE() B_SPLINE_CURVE(2,(#1426,#1427,#1428),
.UNSPECIFIED.,.F.,.F.) B_SPLINE_CURVE_WITH_KNOTS((3,3),(0.,
1.570796326795),.PIECEWISE_BEZIER_KNOTS.) CURVE() 
GEOMETRIC_REPRESENTATION_ITEM() RATIONAL_B_SPLINE_CURVE((1.,
0.707106781187,1.)) REPRESENTATION_ITEM('') );
#1426 = CARTESIAN_POINT('',(25.,26.899003322259,9.8));
#1427 = CARTESIAN_POINT('',(26.899003322259,26.899003322259,9.8));
#1428 = CARTESIAN_POINT('',(26.899003322259,25.,9.8));
#1429 = ORIENTED_EDGE('',*,*,#1430,.F.);
#1430 = EDGE_CURVE('',#1431,#1423,#1433,.T.);
#1431 = VERTEX_POINT('',#1432);
#1432 = CARTESIAN_POINT('',(4.6,26.899003322259,9.8));
#1433 = B_SPLINE_CURVE_WITH_KNOTS('',1,(#1434,#1435),.UNSPECIFIED.,.F.,
  .F.,(2,2),(32.4,52.8),.PIECEWISE_BEZIER_KNOTS.);
#1434 = CARTESIAN_POINT('',(4.6,26.899003322259,9.8));
#1435 = CARTESIAN_POINT('',(25.,26.899003322259,9.8));
#1436 = ORIENTED_EDGE('',*,*,#1437,.T.);
#1437 = EDGE_CURVE('',#1431,#1438,#1440,.T.);
#1438 = VERTEX_POINT('',#1439);
#1439 = CARTESIAN_POINT('',(4.6,27.9,9.8));
#1440 = B_SPLINE_CURVE_WITH_KNOTS('',1,(#1441,#1442),.UNSPECIFIED.,.F.,
  .F.,(2,2),(-0.875996677741,0.125),.PIECEWISE_BEZIER_KNOTS.);
#1441 = CARTESIAN_POINT('',(4.6,26.899003322259,9.8));
#1442 = CARTESIAN_POINT('',(4.6,27.9,9.8));
#1443 = ORIENTED_EDGE('',*,*,#1444,.F.);
#1444 = EDGE_CURVE('',#1445,#1438,#1447,.T.);
#1445 = VERTEX_POINT('',#1446);
#1446 = CARTESIAN_POINT('',(-4.6,27.9,9.8));
#1447 = B_SPLINE_CURVE_WITH_KNOTS('',1,(#1448,#1449),.UNSPECIFIED.,.F.,
  .F.,(2,2),(11.9,21.1),.PIECEWISE_BEZIER_KNOTS.);
#1448 = CARTESIAN_POINT('',(-4.6,27.9,9.8));
#1449 = CARTESIAN_POINT('',(4.6,27.9,9.8));
#1450 = ORIENTED_EDGE('',*,*,#1451,.F.);
#1451 = EDGE_CURVE('',#1452,#1445,#1454,.T.);
#1452 = VERTEX_POINT('',#1453);
#1453 = CARTESIAN_POINT('',(-4.6,26.899003322259,9.8));
#1454 = B_SPLINE_CURVE_WITH_KNOTS('',1,(#1455,#1456),.UNSPECIFIED.,.F.,
  .F.,(2,2),(-0.875996677741,0.125),.PIECEWISE_BEZIER_KNOTS.);
#1455 = CARTESIAN_POINT('',(-4.6,26.899003322259,9.8));
#1456 = CARTESIAN_POINT('',(-4.6,27.9,9.8));
#1457 = ORIENTED_EDGE('',*,*,#1458,.F.);
#1458 = EDGE_CURVE('',#1459,#1452,#1461,.T.);
#1459 = VERTEX_POINT('',#1460);
#1460 = CARTESIAN_POINT('',(-25.,26.899003322259,9.8));
#1461 = B_SPLINE_CURVE_WITH_KNOTS('',1,(#1462,#1463),.UNSPECIFIED.,.F.,
  .F.,(2,2),(2.8,23.2),.PIECEWISE_BEZIER_KNOTS.);
#1462 = CARTESIAN_POINT('',(-25.,26.899003322259,9.8));
#1463 = CARTESIAN_POINT('',(-4.6,26.899003322259,9.8));
#1464 = ORIENTED_EDGE('',*,*,#1465,.F.);
#1465 = EDGE_CURVE('',#939,#1459,#1466,.T.);
#1466 = ( BOUNDED_CURVE() B_SPLINE_CURVE(2,(#1467,#1468,#1469),
.UNSPECIFIED.,.F.,.F.) B_SPLINE_CURVE_WITH_KNOTS((3,3),(4.712388980385,
6.28318530718),.PIECEWISE_BEZIER_KNOTS.) CURVE() 
GEOMETRIC_REPRESENTATION_ITEM() RATIONAL_B_SPLINE_CURVE((1.,
0.707106781187,1.)) REPRESENTATION_ITEM('') );
#1467 = CARTESIAN_POINT('',(-26.89900332225,25.,9.8));
#1468 = CARTESIAN_POINT('',(-26.89900332225,26.899003322259,9.8));
#1469 = CARTESIAN_POINT('',(-25.,26.899003322259,9.8));
#1470 = ORIENTED_EDGE('',*,*,#938,.F.);
#1471 = ORIENTED_EDGE('',*,*,#732,.T.);
#1472 = ORIENTED_EDGE('',*,*,#752,.F.);
#1473 = ORIENTED_EDGE('',*,*,#783,.F.);
#1474 = B_SPLINE_SURFACE_WITH_KNOTS('',1,1,(
    (#1475,#1476)
    ,(#1477,#1478
    )),.UNSPECIFIED.,.F.,.F.,.F.,(2,2),(2,2),(0.,58.),(0.,58.),
  .PIECEWISE_BEZIER_KNOTS.);
#1475 = CARTESIAN_POINT('',(-29.,29.,9.8));
#1476 = CARTESIAN_POINT('',(-29.,-29.,9.8));
#1477 = CARTESIAN_POINT('',(29.,29.,9.8));
#1478 = CARTESIAN_POINT('',(29.,-29.,9.8));
#1479 = ADVANCED_FACE('',(#1480,#1552,#1720),#1888,.T.);
#1480 = FACE_BOUND('',#1481,.T.);
#1481 = EDGE_LOOP('',(#1482,#1489,#1496,#1503,#1510,#1517,#1524,#1531,
    #1538,#1545,#1550,#1551));
#1482 = ORIENTED_EDGE('',*,*,#1483,.F.);
#1483 = EDGE_CURVE('',#1484,#807,#1486,.T.);
#1484 = VERTEX_POINT('',#1485);
#1485 = CARTESIAN_POINT('',(25.,26.6,9.5));
#1486 = B_SPLINE_CURVE_WITH_KNOTS('',1,(#1487,#1488),.UNSPECIFIED.,.F.,
  .F.,(2,2),(0.4,8.5),.PIECEWISE_BEZIER_KNOTS.);
#1487 = CARTESIAN_POINT('',(25.,26.6,9.5));
#1488 = CARTESIAN_POINT('',(25.,26.6,1.4));
#1489 = ORIENTED_EDGE('',*,*,#1490,.F.);
#1490 = EDGE_CURVE('',#1491,#1484,#1493,.T.);
#1491 = VERTEX_POINT('',#1492);
#1492 = CARTESIAN_POINT('',(4.6,26.6,9.5));
#1493 = B_SPLINE_CURVE_WITH_KNOTS('',1,(#1494,#1495),.UNSPECIFIED.,.F.,
  .F.,(2,2),(31.2,51.6),.PIECEWISE_BEZIER_KNOTS.);
#1494 = CARTESIAN_POINT('',(4.6,26.6,9.5));
#1495 = CARTESIAN_POINT('',(25.,26.6,9.5));
#1496 = ORIENTED_EDGE('',*,*,#1497,.T.);
#1497 = EDGE_CURVE('',#1491,#1498,#1500,.T.);
#1498 = VERTEX_POINT('',#1499);
#1499 = CARTESIAN_POINT('',(4.6,26.6,1.8));
#1500 = B_SPLINE_CURVE_WITH_KNOTS('',1,(#1501,#1502),.UNSPECIFIED.,.F.,
  .F.,(2,2),(0.375,8.075),.PIECEWISE_BEZIER_KNOTS.);
#1501 = CARTESIAN_POINT('',(4.6,26.6,9.5));
#1502 = CARTESIAN_POINT('',(4.6,26.6,1.8));
#1503 = ORIENTED_EDGE('',*,*,#1504,.F.);
#1504 = EDGE_CURVE('',#1505,#1498,#1507,.T.);
#1505 = VERTEX_POINT('',#1506);
#1506 = CARTESIAN_POINT('',(4.,26.6,1.8));
#1507 = B_SPLINE_CURVE_WITH_KNOTS('',1,(#1508,#1509),.UNSPECIFIED.,.F.,
  .F.,(2,2),(15.,15.6),.PIECEWISE_BEZIER_KNOTS.);
#1508 = CARTESIAN_POINT('',(4.,26.6,1.8));
#1509 = CARTESIAN_POINT('',(4.6,26.6,1.8));
#1510 = ORIENTED_EDGE('',*,*,#1511,.F.);
#1511 = EDGE_CURVE('',#1512,#1505,#1514,.T.);
#1512 = VERTEX_POINT('',#1513);
#1513 = CARTESIAN_POINT('',(4.,26.6,8.2));
#1514 = B_SPLINE_CURVE_WITH_KNOTS('',1,(#1515,#1516),.UNSPECIFIED.,.F.,
  .F.,(2,2),(1.675,8.075),.PIECEWISE_BEZIER_KNOTS.);
#1515 = CARTESIAN_POINT('',(4.,26.6,8.2));
#1516 = CARTESIAN_POINT('',(4.,26.6,1.8));
#1517 = ORIENTED_EDGE('',*,*,#1518,.T.);
#1518 = EDGE_CURVE('',#1512,#1519,#1521,.T.);
#1519 = VERTEX_POINT('',#1520);
#1520 = CARTESIAN_POINT('',(-4.,26.6,8.2));
#1521 = B_SPLINE_CURVE_WITH_KNOTS('',1,(#1522,#1523),.UNSPECIFIED.,.F.,
  .F.,(2,2),(0.,8.),.PIECEWISE_BEZIER_KNOTS.);
#1522 = CARTESIAN_POINT('',(4.,26.6,8.2));
#1523 = CARTESIAN_POINT('',(-4.,26.6,8.2));
#1524 = ORIENTED_EDGE('',*,*,#1525,.T.);
#1525 = EDGE_CURVE('',#1519,#1526,#1528,.T.);
#1526 = VERTEX_POINT('',#1527);
#1527 = CARTESIAN_POINT('',(-4.,26.6,1.8));
#1528 = B_SPLINE_CURVE_WITH_KNOTS('',1,(#1529,#1530),.UNSPECIFIED.,.F.,
  .F.,(2,2),(1.675,8.075),.PIECEWISE_BEZIER_KNOTS.);
#1529 = CARTESIAN_POINT('',(-4.,26.6,8.2));
#1530 = CARTESIAN_POINT('',(-4.,26.6,1.8));
#1531 = ORIENTED_EDGE('',*,*,#1532,.F.);
#1532 = EDGE_CURVE('',#1533,#1526,#1535,.T.);
#1533 = VERTEX_POINT('',#1534);
#1534 = CARTESIAN_POINT('',(-4.6,26.6,1.8));
#1535 = B_SPLINE_CURVE_WITH_KNOTS('',1,(#1536,#1537),.UNSPECIFIED.,.F.,
  .F.,(2,2),(10.7,11.3),.PIECEWISE_BEZIER_KNOTS.);
#1536 = CARTESIAN_POINT('',(-4.6,26.6,1.8));
#1537 = CARTESIAN_POINT('',(-4.,26.6,1.8));
#1538 = ORIENTED_EDGE('',*,*,#1539,.F.);
#1539 = EDGE_CURVE('',#1540,#1533,#1542,.T.);
#1540 = VERTEX_POINT('',#1541);
#1541 = CARTESIAN_POINT('',(-4.6,26.6,9.5));
#1542 = B_SPLINE_CURVE_WITH_KNOTS('',1,(#1543,#1544),.UNSPECIFIED.,.F.,
  .F.,(2,2),(0.375,8.075),.PIECEWISE_BEZIER_KNOTS.);
#1543 = CARTESIAN_POINT('',(-4.6,26.6,9.5));
#1544 = CARTESIAN_POINT('',(-4.6,26.6,1.8));
#1545 = ORIENTED_EDGE('',*,*,#1546,.F.);
#1546 = EDGE_CURVE('',#889,#1540,#1547,.T.);
#1547 = B_SPLINE_CURVE_WITH_KNOTS('',1,(#1548,#1549),.UNSPECIFIED.,.F.,
  .F.,(2,2),(1.6,22.),.PIECEWISE_BEZIER_KNOTS.);
#1548 = CARTESIAN_POINT('',(-25.,26.6,9.5));
#1549 = CARTESIAN_POINT('',(-4.6,26.6,9.5));
#1550 = ORIENTED_EDGE('',*,*,#896,.T.);
#1551 = ORIENTED_EDGE('',*,*,#806,.T.);
#1552 = FACE_BOUND('',#1553,.T.);
#1553 = EDGE_LOOP('',(#1554,#1593,#1600,#1637,#1644,#1676,#1683,#1715));
#1554 = ORIENTED_EDGE('',*,*,#1555,.F.);
#1555 = EDGE_CURVE('',#1556,#1558,#1560,.T.);
#1556 = VERTEX_POINT('',#1557);
#1557 = CARTESIAN_POINT('',(-11.01463414634,26.6,7.6));
#1558 = VERTEX_POINT('',#1559);
#1559 = CARTESIAN_POINT('',(-11.45,26.6,7.3));
#1560 = B_SPLINE_CURVE_WITH_KNOTS('',7,(#1561,#1562,#1563,#1564,#1565,
    #1566,#1567,#1568,#1569,#1570,#1571,#1572,#1573,#1574,#1575,#1576,
    #1577,#1578,#1579,#1580,#1581,#1582,#1583,#1584,#1585,#1586,#1587,
    #1588,#1589,#1590,#1591,#1592),.UNSPECIFIED.,.F.,.F.,(8,6,6,6,6,8),(
    0.,0.103761180508,0.27324283497,0.451633770223,0.564528848458,1.),
  .UNSPECIFIED.);
#1561 = CARTESIAN_POINT('',(-11.01463414634,26.6,7.6));
#1562 = CARTESIAN_POINT('',(-11.02678688328,26.6,7.597854122815));
#1563 = CARTESIAN_POINT('',(-11.03884875966,26.6,7.595620331455));
#1564 = CARTESIAN_POINT('',(-11.05081003102,26.6,7.593294106851));
#1565 = CARTESIAN_POINT('',(-11.06265944006,26.6,7.59087090149));
#1566 = CARTESIAN_POINT('',(-11.07438445008,26.6,7.588346328104));
#1567 = CARTESIAN_POINT('',(-11.0859714784,26.6,7.585716348349));
#1568 = CARTESIAN_POINT('',(-11.11608328485,26.6,7.578503812739));
#1569 = CARTESIAN_POINT('',(-11.1343578266,26.6,7.573738705157));
#1570 = CARTESIAN_POINT('',(-11.15216047505,26.6,7.568668261339));
#1571 = CARTESIAN_POINT('',(-11.16942052989,26.6,7.563282554862));
#1572 = CARTESIAN_POINT('',(-11.18607094114,26.6,7.55757844845));
#1573 = CARTESIAN_POINT('',(-11.20205337973,26.6,7.551562432137));
#1574 = CARTESIAN_POINT('',(-11.23339594316,26.6,7.538612841896));
#1575 = CARTESIAN_POINT('',(-11.24868461334,26.6,7.531645420039));
#1576 = CARTESIAN_POINT('',(-11.26313516015,26.6,7.524372686758));
#1577 = CARTESIAN_POINT('',(-11.27673079105,26.6,7.516823087548));
#1578 = CARTESIAN_POINT('',(-11.28948309393,26.6,7.509029292603));
#1579 = CARTESIAN_POINT('',(-11.30142305168,26.6,7.501025466927));
#1580 = CARTESIAN_POINT('',(-11.31966038511,26.6,7.487667223915));
#1581 = CARTESIAN_POINT('',(-11.32642099894,26.6,7.482418178622));
#1582 = CARTESIAN_POINT('',(-11.33288546261,26.6,7.477104888641));
#1583 = CARTESIAN_POINT('',(-11.33906686528,26.6,7.47173433867));
#1584 = CARTESIAN_POINT('',(-11.34497920731,26.6,7.466312887933));
#1585 = CARTESIAN_POINT('',(-11.35063678646,26.6,7.460846144095));
#1586 = CARTESIAN_POINT('',(-11.376947845,26.6,7.434095455055));
#1587 = CARTESIAN_POINT('',(-11.39422977459,26.6,7.412278949231));
#1588 = CARTESIAN_POINT('',(-11.40878360379,26.6,7.39010746559));
#1589 = CARTESIAN_POINT('',(-11.42125210581,26.6,7.367732985561));
#1590 = CARTESIAN_POINT('',(-11.43206965329,26.6,7.345242445753));
#1591 = CARTESIAN_POINT('',(-11.44156942531,26.6,7.322670452928));
#1592 = CARTESIAN_POINT('',(-11.45,26.6,7.3));
#1593 = ORIENTED_EDGE('',*,*,#1594,.F.);
#1594 = EDGE_CURVE('',#1595,#1556,#1597,.T.);
#1595 = VERTEX_POINT('',#1596);
#1596 = CARTESIAN_POINT('',(-10.98536585365,26.6,7.6));
#1597 = B_SPLINE_CURVE_WITH_KNOTS('',1,(#1598,#1599),.UNSPECIFIED.,.F.,
  .F.,(2,2),(-7.514634146341,-7.485365853659),.PIECEWISE_BEZIER_KNOTS.);
#1598 = CARTESIAN_POINT('',(-10.98536585365,26.6,7.6));
#1599 = CARTESIAN_POINT('',(-11.01463414634,26.6,7.6));
#1600 = ORIENTED_EDGE('',*,*,#1601,.T.);
#1601 = EDGE_CURVE('',#1595,#1602,#1604,.T.);
#1602 = VERTEX_POINT('',#1603);
#1603 = CARTESIAN_POINT('',(-10.55,26.6,7.3));
#1604 = B_SPLINE_CURVE_WITH_KNOTS('',7,(#1605,#1606,#1607,#1608,#1609,
    #1610,#1611,#1612,#1613,#1614,#1615,#1616,#1617,#1618,#1619,#1620,
    #1621,#1622,#1623,#1624,#1625,#1626,#1627,#1628,#1629,#1630,#1631,
    #1632,#1633,#1634,#1635,#1636),.UNSPECIFIED.,.F.,.F.,(8,6,6,6,6,8),(
    0.,0.103761180507,0.27324283497,0.451633770223,0.564528848458,1.),
  .UNSPECIFIED.);
#1605 = CARTESIAN_POINT('',(-10.98536585365,26.6,7.6));
#1606 = CARTESIAN_POINT('',(-10.97321311671,26.6,7.597854122815));
#1607 = CARTESIAN_POINT('',(-10.96115124034,26.6,7.595620331455));
#1608 = CARTESIAN_POINT('',(-10.94918996898,26.6,7.593294106851));
#1609 = CARTESIAN_POINT('',(-10.93734055993,26.6,7.59087090149));
#1610 = CARTESIAN_POINT('',(-10.92561554992,26.6,7.588346328104));
#1611 = CARTESIAN_POINT('',(-10.91402852159,26.6,7.585716348349));
#1612 = CARTESIAN_POINT('',(-10.88391671514,26.6,7.578503812739));
#1613 = CARTESIAN_POINT('',(-10.86564217339,26.6,7.573738705157));
#1614 = CARTESIAN_POINT('',(-10.84783952494,26.6,7.568668261339));
#1615 = CARTESIAN_POINT('',(-10.8305794701,26.6,7.563282554862));
#1616 = CARTESIAN_POINT('',(-10.81392905885,26.6,7.55757844845));
#1617 = CARTESIAN_POINT('',(-10.79794662026,26.6,7.551562432137));
#1618 = CARTESIAN_POINT('',(-10.76660405683,26.6,7.538612841896));
#1619 = CARTESIAN_POINT('',(-10.75131538665,26.6,7.531645420039));
#1620 = CARTESIAN_POINT('',(-10.73686483984,26.6,7.524372686758));
#1621 = CARTESIAN_POINT('',(-10.72326920895,26.6,7.516823087548));
#1622 = CARTESIAN_POINT('',(-10.71051690606,26.6,7.509029292603));
#1623 = CARTESIAN_POINT('',(-10.69857694831,26.6,7.501025466927));
#1624 = CARTESIAN_POINT('',(-10.68033961488,26.6,7.487667223915));
#1625 = CARTESIAN_POINT('',(-10.67357900105,26.6,7.482418178622));
#1626 = CARTESIAN_POINT('',(-10.66711453738,26.6,7.477104888641));
#1627 = CARTESIAN_POINT('',(-10.66093313471,26.6,7.47173433867));
#1628 = CARTESIAN_POINT('',(-10.65502079268,26.6,7.466312887933));
#1629 = CARTESIAN_POINT('',(-10.64936321353,26.6,7.460846144095));
#1630 = CARTESIAN_POINT('',(-10.62305215499,26.6,7.434095455055));
#1631 = CARTESIAN_POINT('',(-10.6057702254,26.6,7.412278949232));
#1632 = CARTESIAN_POINT('',(-10.5912163962,26.6,7.39010746559));
#1633 = CARTESIAN_POINT('',(-10.57874789418,26.6,7.367732985561));
#1634 = CARTESIAN_POINT('',(-10.5679303467,26.6,7.345242445753));
#1635 = CARTESIAN_POINT('',(-10.55843057468,26.6,7.322670452928));
#1636 = CARTESIAN_POINT('',(-10.55,26.6,7.3));
#1637 = ORIENTED_EDGE('',*,*,#1638,.T.);
#1638 = EDGE_CURVE('',#1602,#1639,#1641,.T.);
#1639 = VERTEX_POINT('',#1640);
#1640 = CARTESIAN_POINT('',(-10.55,26.6,3.1));
#1641 = B_SPLINE_CURVE_WITH_KNOTS('',1,(#1642,#1643),.UNSPECIFIED.,.F.,
  .F.,(2,2),(-0.8,3.4),.PIECEWISE_BEZIER_KNOTS.);
#1642 = CARTESIAN_POINT('',(-10.55,26.6,7.3));
#1643 = CARTESIAN_POINT('',(-10.55,26.6,3.1));
#1644 = ORIENTED_EDGE('',*,*,#1645,.T.);
#1645 = EDGE_CURVE('',#1639,#1646,#1648,.T.);
#1646 = VERTEX_POINT('',#1647);
#1647 = CARTESIAN_POINT('',(-10.98536585365,26.6,2.8));
#1648 = B_SPLINE_CURVE_WITH_KNOTS('',6,(#1649,#1650,#1651,#1652,#1653,
    #1654,#1655,#1656,#1657,#1658,#1659,#1660,#1661,#1662,#1663,#1664,
    #1665,#1666,#1667,#1668,#1669,#1670,#1671,#1672,#1673,#1674,#1675),
  .UNSPECIFIED.,.F.,.F.,(7,5,5,5,5,7),(0.,0.383372518045,0.525313433881,
    0.726931843114,0.896601693527,1.),.UNSPECIFIED.);
#1649 = CARTESIAN_POINT('',(-10.55,26.6,3.1));
#1650 = CARTESIAN_POINT('',(-10.55865717132,26.6,3.076720211567));
#1651 = CARTESIAN_POINT('',(-10.56847883426,26.6,3.053533373098));
#1652 = CARTESIAN_POINT('',(-10.5797598715,26.6,3.030437056024));
#1653 = CARTESIAN_POINT('',(-10.59290405446,26.6,3.007487620233));
#1654 = CARTESIAN_POINT('',(-10.60849726842,26.6,2.984807963476));
#1655 = CARTESIAN_POINT('',(-10.63452047032,26.6,2.954383306508));
#1656 = CARTESIAN_POINT('',(-10.64201544158,26.6,2.946230631645));
#1657 = CARTESIAN_POINT('',(-10.65001935939,26.6,2.93815818101));
#1658 = CARTESIAN_POINT('',(-10.65858206169,26.6,2.930182830152));
#1659 = CARTESIAN_POINT('',(-10.66775338275,26.6,2.922325415515));
#1660 = CARTESIAN_POINT('',(-10.69153524615,26.6,2.903650494437));
#1661 = CARTESIAN_POINT('',(-10.7068168578,26.6,2.89297309875));
#1662 = CARTESIAN_POINT('',(-10.72354075815,26.6,2.882656347986));
#1663 = CARTESIAN_POINT('',(-10.741798452,26.6,2.872788737704));
#1664 = CARTESIAN_POINT('',(-10.76159606837,26.6,2.863450894987));
#1665 = CARTESIAN_POINT('',(-10.80063397624,26.6,2.847331805912));
#1666 = CARTESIAN_POINT('',(-10.81947269582,26.6,2.840376908289));
#1667 = CARTESIAN_POINT('',(-10.83923240381,26.6,2.833866360046));
#1668 = CARTESIAN_POINT('',(-10.85980250612,26.6,2.827804152686));
#1669 = CARTESIAN_POINT('',(-10.88105801729,26.6,2.822175063528));
#1670 = CARTESIAN_POINT('',(-10.91617435989,26.6,2.813773298372));
#1671 = CARTESIAN_POINT('',(-10.929682761,26.6,2.81074324424));
#1672 = CARTESIAN_POINT('',(-10.9433777209,26.6,2.807858420713));
#1673 = CARTESIAN_POINT('',(-10.95723621116,26.6,2.805111521128));
#1674 = CARTESIAN_POINT('',(-10.97123788007,26.6,2.802494655839));
#1675 = CARTESIAN_POINT('',(-10.98536585365,26.6,2.8));
#1676 = ORIENTED_EDGE('',*,*,#1677,.T.);
#1677 = EDGE_CURVE('',#1646,#1678,#1680,.T.);
#1678 = VERTEX_POINT('',#1679);
#1679 = CARTESIAN_POINT('',(-11.01463414634,26.6,2.8));
#1680 = B_SPLINE_CURVE_WITH_KNOTS('',1,(#1681,#1682),.UNSPECIFIED.,.F.,
  .F.,(2,2),(-7.514634146341,-7.485365853659),.PIECEWISE_BEZIER_KNOTS.);
#1681 = CARTESIAN_POINT('',(-10.98536585365,26.6,2.8));
#1682 = CARTESIAN_POINT('',(-11.01463414634,26.6,2.8));
#1683 = ORIENTED_EDGE('',*,*,#1684,.F.);
#1684 = EDGE_CURVE('',#1685,#1678,#1687,.T.);
#1685 = VERTEX_POINT('',#1686);
#1686 = CARTESIAN_POINT('',(-11.45,26.6,3.1));
#1687 = B_SPLINE_CURVE_WITH_KNOTS('',6,(#1688,#1689,#1690,#1691,#1692,
    #1693,#1694,#1695,#1696,#1697,#1698,#1699,#1700,#1701,#1702,#1703,
    #1704,#1705,#1706,#1707,#1708,#1709,#1710,#1711,#1712,#1713,#1714),
  .UNSPECIFIED.,.F.,.F.,(7,5,5,5,5,7),(0.,0.383372518045,0.525313433881,
    0.726931843114,0.896601693527,1.),.UNSPECIFIED.);
#1688 = CARTESIAN_POINT('',(-11.45,26.6,3.1));
#1689 = CARTESIAN_POINT('',(-11.44134282867,26.6,3.076720211567));
#1690 = CARTESIAN_POINT('',(-11.43152116573,26.6,3.053533373098));
#1691 = CARTESIAN_POINT('',(-11.42024012849,26.6,3.030437056024));
#1692 = CARTESIAN_POINT('',(-11.40709594553,26.6,3.007487620233));
#1693 = CARTESIAN_POINT('',(-11.39150273157,26.6,2.984807963476));
#1694 = CARTESIAN_POINT('',(-11.36547952967,26.6,2.954383306508));
#1695 = CARTESIAN_POINT('',(-11.35798455841,26.6,2.946230631645));
#1696 = CARTESIAN_POINT('',(-11.3499806406,26.6,2.93815818101));
#1697 = CARTESIAN_POINT('',(-11.3414179383,26.6,2.930182830152));
#1698 = CARTESIAN_POINT('',(-11.33224661724,26.6,2.922325415515));
#1699 = CARTESIAN_POINT('',(-11.30846475384,26.6,2.903650494437));
#1700 = CARTESIAN_POINT('',(-11.29318314219,26.6,2.89297309875));
#1701 = CARTESIAN_POINT('',(-11.27645924184,26.6,2.882656347986));
#1702 = CARTESIAN_POINT('',(-11.25820154799,26.6,2.872788737704));
#1703 = CARTESIAN_POINT('',(-11.23840393162,26.6,2.863450894987));
#1704 = CARTESIAN_POINT('',(-11.19936602375,26.6,2.847331805912));
#1705 = CARTESIAN_POINT('',(-11.18052730417,26.6,2.840376908289));
#1706 = CARTESIAN_POINT('',(-11.16076759618,26.6,2.833866360046));
#1707 = CARTESIAN_POINT('',(-11.14019749388,26.6,2.827804152686));
#1708 = CARTESIAN_POINT('',(-11.1189419827,26.6,2.822175063528));
#1709 = CARTESIAN_POINT('',(-11.0838256401,26.6,2.813773298372));
#1710 = CARTESIAN_POINT('',(-11.07031723899,26.6,2.81074324424));
#1711 = CARTESIAN_POINT('',(-11.05662227909,26.6,2.807858420713));
#1712 = CARTESIAN_POINT('',(-11.04276378884,26.6,2.805111521128));
#1713 = CARTESIAN_POINT('',(-11.02876211992,26.6,2.802494655839));
#1714 = CARTESIAN_POINT('',(-11.01463414634,26.6,2.8));
#1715 = ORIENTED_EDGE('',*,*,#1716,.T.);
#1716 = EDGE_CURVE('',#1685,#1558,#1717,.T.);
#1717 = B_SPLINE_CURVE_WITH_KNOTS('',1,(#1718,#1719),.UNSPECIFIED.,.F.,
  .F.,(2,2),(-3.4,0.8),.PIECEWISE_BEZIER_KNOTS.);
#1718 = CARTESIAN_POINT('',(-11.45,26.6,3.1));
#1719 = CARTESIAN_POINT('',(-11.45,26.6,7.3));
#1720 = FACE_BOUND('',#1721,.T.);
#1721 = EDGE_LOOP('',(#1722,#1761,#1768,#1805,#1812,#1844,#1851,#1883));
#1722 = ORIENTED_EDGE('',*,*,#1723,.F.);
#1723 = EDGE_CURVE('',#1724,#1726,#1728,.T.);
#1724 = VERTEX_POINT('',#1725);
#1725 = CARTESIAN_POINT('',(10.985365853659,26.6,7.6));
#1726 = VERTEX_POINT('',#1727);
#1727 = CARTESIAN_POINT('',(10.55,26.6,7.3));
#1728 = B_SPLINE_CURVE_WITH_KNOTS('',7,(#1729,#1730,#1731,#1732,#1733,
    #1734,#1735,#1736,#1737,#1738,#1739,#1740,#1741,#1742,#1743,#1744,
    #1745,#1746,#1747,#1748,#1749,#1750,#1751,#1752,#1753,#1754,#1755,
    #1756,#1757,#1758,#1759,#1760),.UNSPECIFIED.,.F.,.F.,(8,6,6,6,6,8),(
    0.,0.103761180507,0.27324283497,0.451633770223,0.564528848458,1.),
  .UNSPECIFIED.);
#1729 = CARTESIAN_POINT('',(10.985365853659,26.6,7.6));
#1730 = CARTESIAN_POINT('',(10.973213116713,26.6,7.597854122815));
#1731 = CARTESIAN_POINT('',(10.96115124034,26.6,7.595620331455));
#1732 = CARTESIAN_POINT('',(10.94918996898,26.6,7.593294106851));
#1733 = CARTESIAN_POINT('',(10.937340559936,26.6,7.59087090149));
#1734 = CARTESIAN_POINT('',(10.92561554992,26.6,7.588346328104));
#1735 = CARTESIAN_POINT('',(10.914028521595,26.6,7.585716348349));
#1736 = CARTESIAN_POINT('',(10.883916715148,26.6,7.578503812739));
#1737 = CARTESIAN_POINT('',(10.865642173396,26.6,7.573738705157));
#1738 = CARTESIAN_POINT('',(10.847839524945,26.6,7.568668261339));
#1739 = CARTESIAN_POINT('',(10.830579470106,26.6,7.563282554862));
#1740 = CARTESIAN_POINT('',(10.813929058855,26.6,7.55757844845));
#1741 = CARTESIAN_POINT('',(10.797946620269,26.6,7.551562432137));
#1742 = CARTESIAN_POINT('',(10.766604056835,26.6,7.538612841896));
#1743 = CARTESIAN_POINT('',(10.751315386659,26.6,7.531645420039));
#1744 = CARTESIAN_POINT('',(10.736864839849,26.6,7.524372686758));
#1745 = CARTESIAN_POINT('',(10.72326920895,26.6,7.516823087548));
#1746 = CARTESIAN_POINT('',(10.710516906068,26.6,7.509029292603));
#1747 = CARTESIAN_POINT('',(10.698576948312,26.6,7.501025466927));
#1748 = CARTESIAN_POINT('',(10.680339614881,26.6,7.487667223915));
#1749 = CARTESIAN_POINT('',(10.673579001051,26.6,7.482418178622));
#1750 = CARTESIAN_POINT('',(10.667114537389,26.6,7.477104888641));
#1751 = CARTESIAN_POINT('',(10.660933134712,26.6,7.47173433867));
#1752 = CARTESIAN_POINT('',(10.655020792688,26.6,7.466312887933));
#1753 = CARTESIAN_POINT('',(10.649363213531,26.6,7.460846144095));
#1754 = CARTESIAN_POINT('',(10.623052154999,26.6,7.434095455055));
#1755 = CARTESIAN_POINT('',(10.605770225402,26.6,7.412278949232));
#1756 = CARTESIAN_POINT('',(10.591216396206,26.6,7.39010746559));
#1757 = CARTESIAN_POINT('',(10.578747894181,26.6,7.367732985561));
#1758 = CARTESIAN_POINT('',(10.567930346709,26.6,7.345242445753));
#1759 = CARTESIAN_POINT('',(10.558430574683,26.6,7.322670452928));
#1760 = CARTESIAN_POINT('',(10.55,26.6,7.3));
#1761 = ORIENTED_EDGE('',*,*,#1762,.F.);
#1762 = EDGE_CURVE('',#1763,#1724,#1765,.T.);
#1763 = VERTEX_POINT('',#1764);
#1764 = CARTESIAN_POINT('',(11.014634146341,26.6,7.6));
#1765 = B_SPLINE_CURVE_WITH_KNOTS('',1,(#1766,#1767),.UNSPECIFIED.,.F.,
  .F.,(2,2),(-18.51463414634,-18.48536585365),.PIECEWISE_BEZIER_KNOTS.);
#1766 = CARTESIAN_POINT('',(11.014634146341,26.6,7.6));
#1767 = CARTESIAN_POINT('',(10.985365853659,26.6,7.6));
#1768 = ORIENTED_EDGE('',*,*,#1769,.T.);
#1769 = EDGE_CURVE('',#1763,#1770,#1772,.T.);
#1770 = VERTEX_POINT('',#1771);
#1771 = CARTESIAN_POINT('',(11.45,26.6,7.3));
#1772 = B_SPLINE_CURVE_WITH_KNOTS('',7,(#1773,#1774,#1775,#1776,#1777,
    #1778,#1779,#1780,#1781,#1782,#1783,#1784,#1785,#1786,#1787,#1788,
    #1789,#1790,#1791,#1792,#1793,#1794,#1795,#1796,#1797,#1798,#1799,
    #1800,#1801,#1802,#1803,#1804),.UNSPECIFIED.,.F.,.F.,(8,6,6,6,6,8),(
    0.,0.103761180507,0.27324283497,0.451633770223,0.564528848457,1.),
  .UNSPECIFIED.);
#1773 = CARTESIAN_POINT('',(11.014634146341,26.6,7.6));
#1774 = CARTESIAN_POINT('',(11.026786883287,26.6,7.597854122815));
#1775 = CARTESIAN_POINT('',(11.03884875966,26.6,7.595620331455));
#1776 = CARTESIAN_POINT('',(11.05081003102,26.6,7.593294106851));
#1777 = CARTESIAN_POINT('',(11.062659440064,26.6,7.59087090149));
#1778 = CARTESIAN_POINT('',(11.07438445008,26.6,7.588346328104));
#1779 = CARTESIAN_POINT('',(11.085971478405,26.6,7.585716348349));
#1780 = CARTESIAN_POINT('',(11.116083284852,26.6,7.578503812739));
#1781 = CARTESIAN_POINT('',(11.134357826604,26.6,7.573738705157));
#1782 = CARTESIAN_POINT('',(11.152160475055,26.6,7.568668261339));
#1783 = CARTESIAN_POINT('',(11.169420529894,26.6,7.563282554862));
#1784 = CARTESIAN_POINT('',(11.186070941145,26.6,7.55757844845));
#1785 = CARTESIAN_POINT('',(11.202053379731,26.6,7.551562432137));
#1786 = CARTESIAN_POINT('',(11.233395943165,26.6,7.538612841896));
#1787 = CARTESIAN_POINT('',(11.248684613341,26.6,7.531645420039));
#1788 = CARTESIAN_POINT('',(11.263135160151,26.6,7.524372686758));
#1789 = CARTESIAN_POINT('',(11.27673079105,26.6,7.516823087548));
#1790 = CARTESIAN_POINT('',(11.289483093932,26.6,7.509029292603));
#1791 = CARTESIAN_POINT('',(11.301423051688,26.6,7.501025466927));
#1792 = CARTESIAN_POINT('',(11.319660385119,26.6,7.487667223915));
#1793 = CARTESIAN_POINT('',(11.326420998949,26.6,7.482418178622));
#1794 = CARTESIAN_POINT('',(11.332885462611,26.6,7.477104888641));
#1795 = CARTESIAN_POINT('',(11.339066865288,26.6,7.47173433867));
#1796 = CARTESIAN_POINT('',(11.344979207312,26.6,7.466312887933));
#1797 = CARTESIAN_POINT('',(11.350636786469,26.6,7.460846144095));
#1798 = CARTESIAN_POINT('',(11.376947845001,26.6,7.434095455055));
#1799 = CARTESIAN_POINT('',(11.394229774598,26.6,7.412278949232));
#1800 = CARTESIAN_POINT('',(11.408783603794,26.6,7.39010746559));
#1801 = CARTESIAN_POINT('',(11.421252105819,26.6,7.367732985561));
#1802 = CARTESIAN_POINT('',(11.432069653291,26.6,7.345242445753));
#1803 = CARTESIAN_POINT('',(11.441569425317,26.6,7.322670452928));
#1804 = CARTESIAN_POINT('',(11.45,26.6,7.3));
#1805 = ORIENTED_EDGE('',*,*,#1806,.T.);
#1806 = EDGE_CURVE('',#1770,#1807,#1809,.T.);
#1807 = VERTEX_POINT('',#1808);
#1808 = CARTESIAN_POINT('',(11.45,26.6,3.1));
#1809 = B_SPLINE_CURVE_WITH_KNOTS('',1,(#1810,#1811),.UNSPECIFIED.,.F.,
  .F.,(2,2),(-0.8,3.4),.PIECEWISE_BEZIER_KNOTS.);
#1810 = CARTESIAN_POINT('',(11.45,26.6,7.3));
#1811 = CARTESIAN_POINT('',(11.45,26.6,3.1));
#1812 = ORIENTED_EDGE('',*,*,#1813,.T.);
#1813 = EDGE_CURVE('',#1807,#1814,#1816,.T.);
#1814 = VERTEX_POINT('',#1815);
#1815 = CARTESIAN_POINT('',(11.014634146341,26.6,2.8));
#1816 = B_SPLINE_CURVE_WITH_KNOTS('',6,(#1817,#1818,#1819,#1820,#1821,
    #1822,#1823,#1824,#1825,#1826,#1827,#1828,#1829,#1830,#1831,#1832,
    #1833,#1834,#1835,#1836,#1837,#1838,#1839,#1840,#1841,#1842,#1843),
  .UNSPECIFIED.,.F.,.F.,(7,5,5,5,5,7),(0.,0.383372518045,0.525313433881,
    0.726931843114,0.896601693527,1.),.UNSPECIFIED.);
#1817 = CARTESIAN_POINT('',(11.45,26.6,3.1));
#1818 = CARTESIAN_POINT('',(11.441342828677,26.6,3.076720211567));
#1819 = CARTESIAN_POINT('',(11.431521165738,26.6,3.053533373098));
#1820 = CARTESIAN_POINT('',(11.420240128495,26.6,3.030437056024));
#1821 = CARTESIAN_POINT('',(11.407095945533,26.6,3.007487620233));
#1822 = CARTESIAN_POINT('',(11.391502731576,26.6,2.984807963476));
#1823 = CARTESIAN_POINT('',(11.365479529678,26.6,2.954383306508));
#1824 = CARTESIAN_POINT('',(11.357984558419,26.6,2.946230631645));
#1825 = CARTESIAN_POINT('',(11.349980640609,26.6,2.93815818101));
#1826 = CARTESIAN_POINT('',(11.341417938309,26.6,2.930182830152));
#1827 = CARTESIAN_POINT('',(11.332246617247,26.6,2.922325415515));
#1828 = CARTESIAN_POINT('',(11.308464753841,26.6,2.903650494437));
#1829 = CARTESIAN_POINT('',(11.293183142193,26.6,2.89297309875));
#1830 = CARTESIAN_POINT('',(11.276459241843,26.6,2.882656347986));
#1831 = CARTESIAN_POINT('',(11.258201547997,26.6,2.872788737704));
#1832 = CARTESIAN_POINT('',(11.238403931622,26.6,2.863450894987));
#1833 = CARTESIAN_POINT('',(11.199366023757,26.6,2.847331805912));
#1834 = CARTESIAN_POINT('',(11.180527304177,26.6,2.840376908289));
#1835 = CARTESIAN_POINT('',(11.160767596188,26.6,2.833866360046));
#1836 = CARTESIAN_POINT('',(11.14019749388,26.6,2.827804152686));
#1837 = CARTESIAN_POINT('',(11.118941982702,26.6,2.822175063528));
#1838 = CARTESIAN_POINT('',(11.083825640108,26.6,2.813773298372));
#1839 = CARTESIAN_POINT('',(11.070317238998,26.6,2.81074324424));
#1840 = CARTESIAN_POINT('',(11.056622279092,26.6,2.807858420713));
#1841 = CARTESIAN_POINT('',(11.04276378884,26.6,2.805111521128));
#1842 = CARTESIAN_POINT('',(11.028762119924,26.6,2.802494655839));
#1843 = CARTESIAN_POINT('',(11.014634146341,26.6,2.8));
#1844 = ORIENTED_EDGE('',*,*,#1845,.T.);
#1845 = EDGE_CURVE('',#1814,#1846,#1848,.T.);
#1846 = VERTEX_POINT('',#1847);
#1847 = CARTESIAN_POINT('',(10.985365853659,26.6,2.8));
#1848 = B_SPLINE_CURVE_WITH_KNOTS('',1,(#1849,#1850),.UNSPECIFIED.,.F.,
  .F.,(2,2),(-18.51463414634,-18.48536585365),.PIECEWISE_BEZIER_KNOTS.);
#1849 = CARTESIAN_POINT('',(11.014634146341,26.6,2.8));
#1850 = CARTESIAN_POINT('',(10.985365853659,26.6,2.8));
#1851 = ORIENTED_EDGE('',*,*,#1852,.F.);
#1852 = EDGE_CURVE('',#1853,#1846,#1855,.T.);
#1853 = VERTEX_POINT('',#1854);
#1854 = CARTESIAN_POINT('',(10.55,26.6,3.1));
#1855 = B_SPLINE_CURVE_WITH_KNOTS('',6,(#1856,#1857,#1858,#1859,#1860,
    #1861,#1862,#1863,#1864,#1865,#1866,#1867,#1868,#1869,#1870,#1871,
    #1872,#1873,#1874,#1875,#1876,#1877,#1878,#1879,#1880,#1881,#1882),
  .UNSPECIFIED.,.F.,.F.,(7,5,5,5,5,7),(0.,0.383372518045,0.525313433881,
    0.726931843114,0.896601693527,1.),.UNSPECIFIED.);
#1856 = CARTESIAN_POINT('',(10.55,26.6,3.1));
#1857 = CARTESIAN_POINT('',(10.558657171323,26.6,3.076720211567));
#1858 = CARTESIAN_POINT('',(10.568478834262,26.6,3.053533373098));
#1859 = CARTESIAN_POINT('',(10.579759871505,26.6,3.030437056024));
#1860 = CARTESIAN_POINT('',(10.592904054467,26.6,3.007487620233));
#1861 = CARTESIAN_POINT('',(10.608497268424,26.6,2.984807963476));
#1862 = CARTESIAN_POINT('',(10.634520470322,26.6,2.954383306508));
#1863 = CARTESIAN_POINT('',(10.642015441581,26.6,2.946230631645));
#1864 = CARTESIAN_POINT('',(10.650019359391,26.6,2.93815818101));
#1865 = CARTESIAN_POINT('',(10.658582061691,26.6,2.930182830152));
#1866 = CARTESIAN_POINT('',(10.667753382753,26.6,2.922325415515));
#1867 = CARTESIAN_POINT('',(10.691535246159,26.6,2.903650494437));
#1868 = CARTESIAN_POINT('',(10.706816857807,26.6,2.89297309875));
#1869 = CARTESIAN_POINT('',(10.723540758157,26.6,2.882656347986));
#1870 = CARTESIAN_POINT('',(10.741798452003,26.6,2.872788737704));
#1871 = CARTESIAN_POINT('',(10.761596068378,26.6,2.863450894987));
#1872 = CARTESIAN_POINT('',(10.800633976243,26.6,2.847331805912));
#1873 = CARTESIAN_POINT('',(10.819472695823,26.6,2.840376908289));
#1874 = CARTESIAN_POINT('',(10.839232403812,26.6,2.833866360046));
#1875 = CARTESIAN_POINT('',(10.85980250612,26.6,2.827804152686));
#1876 = CARTESIAN_POINT('',(10.881058017298,26.6,2.822175063528));
#1877 = CARTESIAN_POINT('',(10.916174359892,26.6,2.813773298372));
#1878 = CARTESIAN_POINT('',(10.929682761002,26.6,2.81074324424));
#1879 = CARTESIAN_POINT('',(10.943377720908,26.6,2.807858420713));
#1880 = CARTESIAN_POINT('',(10.957236211159,26.6,2.805111521128));
#1881 = CARTESIAN_POINT('',(10.971237880076,26.6,2.802494655839));
#1882 = CARTESIAN_POINT('',(10.985365853659,26.6,2.8));
#1883 = ORIENTED_EDGE('',*,*,#1884,.T.);
#1884 = EDGE_CURVE('',#1853,#1726,#1885,.T.);
#1885 = B_SPLINE_CURVE_WITH_KNOTS('',1,(#1886,#1887),.UNSPECIFIED.,.F.,
  .F.,(2,2),(-3.4,0.8),.PIECEWISE_BEZIER_KNOTS.);
#1886 = CARTESIAN_POINT('',(10.55,26.6,3.1));
#1887 = CARTESIAN_POINT('',(10.55,26.6,7.3));
#1888 = B_SPLINE_SURFACE_WITH_KNOTS('',1,1,(
    (#1889,#1890)
    ,(#1891,#1892
    )),.UNSPECIFIED.,.F.,.F.,.F.,(2,2),(2,2),(0.4,8.5),(1.6,51.6),
  .PIECEWISE_BEZIER_KNOTS.);
#1889 = CARTESIAN_POINT('',(-25.,26.6,9.5));
#1890 = CARTESIAN_POINT('',(25.,26.6,9.5));
#1891 = CARTESIAN_POINT('',(-25.,26.6,1.4));
#1892 = CARTESIAN_POINT('',(25.,26.6,1.4));
#1893 = ADVANCED_FACE('',(#1894,#1966,#2134),#2302,.F.);
#1894 = FACE_BOUND('',#1895,.F.);
#1895 = EDGE_LOOP('',(#1896,#1903,#1910,#1917,#1924,#1931,#1938,#1945,
    #1952,#1959,#1964,#1965));
#1896 = ORIENTED_EDGE('',*,*,#1897,.F.);
#1897 = EDGE_CURVE('',#1898,#829,#1900,.T.);
#1898 = VERTEX_POINT('',#1899);
#1899 = CARTESIAN_POINT('',(25.,-26.6,9.5));
#1900 = B_SPLINE_CURVE_WITH_KNOTS('',1,(#1901,#1902),.UNSPECIFIED.,.F.,
  .F.,(2,2),(0.4,8.5),.PIECEWISE_BEZIER_KNOTS.);
#1901 = CARTESIAN_POINT('',(25.,-26.6,9.5));
#1902 = CARTESIAN_POINT('',(25.,-26.6,1.4));
#1903 = ORIENTED_EDGE('',*,*,#1904,.F.);
#1904 = EDGE_CURVE('',#1905,#1898,#1907,.T.);
#1905 = VERTEX_POINT('',#1906);
#1906 = CARTESIAN_POINT('',(4.6,-26.6,9.5));
#1907 = B_SPLINE_CURVE_WITH_KNOTS('',1,(#1908,#1909),.UNSPECIFIED.,.F.,
  .F.,(2,2),(31.2,51.6),.PIECEWISE_BEZIER_KNOTS.);
#1908 = CARTESIAN_POINT('',(4.6,-26.6,9.5));
#1909 = CARTESIAN_POINT('',(25.,-26.6,9.5));
#1910 = ORIENTED_EDGE('',*,*,#1911,.F.);
#1911 = EDGE_CURVE('',#1912,#1905,#1914,.T.);
#1912 = VERTEX_POINT('',#1913);
#1913 = CARTESIAN_POINT('',(4.6,-26.6,1.8));
#1914 = B_SPLINE_CURVE_WITH_KNOTS('',1,(#1915,#1916),.UNSPECIFIED.,.F.,
  .F.,(2,2),(-8.075,-0.375),.PIECEWISE_BEZIER_KNOTS.);
#1915 = CARTESIAN_POINT('',(4.6,-26.6,1.8));
#1916 = CARTESIAN_POINT('',(4.6,-26.6,9.5));
#1917 = ORIENTED_EDGE('',*,*,#1918,.F.);
#1918 = EDGE_CURVE('',#1919,#1912,#1921,.T.);
#1919 = VERTEX_POINT('',#1920);
#1920 = CARTESIAN_POINT('',(4.,-26.6,1.8));
#1921 = B_SPLINE_CURVE_WITH_KNOTS('',1,(#1922,#1923),.UNSPECIFIED.,.F.,
  .F.,(2,2),(15.3,15.9),.PIECEWISE_BEZIER_KNOTS.);
#1922 = CARTESIAN_POINT('',(4.,-26.6,1.8));
#1923 = CARTESIAN_POINT('',(4.6,-26.6,1.8));
#1924 = ORIENTED_EDGE('',*,*,#1925,.T.);
#1925 = EDGE_CURVE('',#1919,#1926,#1928,.T.);
#1926 = VERTEX_POINT('',#1927);
#1927 = CARTESIAN_POINT('',(4.,-26.6,8.2));
#1928 = B_SPLINE_CURVE_WITH_KNOTS('',1,(#1929,#1930),.UNSPECIFIED.,.F.,
  .F.,(2,2),(-8.075,-1.675),.PIECEWISE_BEZIER_KNOTS.);
#1929 = CARTESIAN_POINT('',(4.,-26.6,1.8));
#1930 = CARTESIAN_POINT('',(4.,-26.6,8.2));
#1931 = ORIENTED_EDGE('',*,*,#1932,.F.);
#1932 = EDGE_CURVE('',#1933,#1926,#1935,.T.);
#1933 = VERTEX_POINT('',#1934);
#1934 = CARTESIAN_POINT('',(-4.,-26.6,8.2));
#1935 = B_SPLINE_CURVE_WITH_KNOTS('',1,(#1936,#1937),.UNSPECIFIED.,.F.,
  .F.,(2,2),(0.,8.),.PIECEWISE_BEZIER_KNOTS.);
#1936 = CARTESIAN_POINT('',(-4.,-26.6,8.2));
#1937 = CARTESIAN_POINT('',(4.,-26.6,8.2));
#1938 = ORIENTED_EDGE('',*,*,#1939,.F.);
#1939 = EDGE_CURVE('',#1940,#1933,#1942,.T.);
#1940 = VERTEX_POINT('',#1941);
#1941 = CARTESIAN_POINT('',(-4.,-26.6,1.8));
#1942 = B_SPLINE_CURVE_WITH_KNOTS('',1,(#1943,#1944),.UNSPECIFIED.,.F.,
  .F.,(2,2),(-8.075,-1.675),.PIECEWISE_BEZIER_KNOTS.);
#1943 = CARTESIAN_POINT('',(-4.,-26.6,1.8));
#1944 = CARTESIAN_POINT('',(-4.,-26.6,8.2));
#1945 = ORIENTED_EDGE('',*,*,#1946,.F.);
#1946 = EDGE_CURVE('',#1947,#1940,#1949,.T.);
#1947 = VERTEX_POINT('',#1948);
#1948 = CARTESIAN_POINT('',(-4.6,-26.6,1.8));
#1949 = B_SPLINE_CURVE_WITH_KNOTS('',1,(#1950,#1951),.UNSPECIFIED.,.F.,
  .F.,(2,2),(11.,11.6),.PIECEWISE_BEZIER_KNOTS.);
#1950 = CARTESIAN_POINT('',(-4.6,-26.6,1.8));
#1951 = CARTESIAN_POINT('',(-4.,-26.6,1.8));
#1952 = ORIENTED_EDGE('',*,*,#1953,.T.);
#1953 = EDGE_CURVE('',#1947,#1954,#1956,.T.);
#1954 = VERTEX_POINT('',#1955);
#1955 = CARTESIAN_POINT('',(-4.6,-26.6,9.5));
#1956 = B_SPLINE_CURVE_WITH_KNOTS('',1,(#1957,#1958),.UNSPECIFIED.,.F.,
  .F.,(2,2),(-8.075,-0.375),.PIECEWISE_BEZIER_KNOTS.);
#1957 = CARTESIAN_POINT('',(-4.6,-26.6,1.8));
#1958 = CARTESIAN_POINT('',(-4.6,-26.6,9.5));
#1959 = ORIENTED_EDGE('',*,*,#1960,.F.);
#1960 = EDGE_CURVE('',#914,#1954,#1961,.T.);
#1961 = B_SPLINE_CURVE_WITH_KNOTS('',1,(#1962,#1963),.UNSPECIFIED.,.F.,
  .F.,(2,2),(1.6,22.),.PIECEWISE_BEZIER_KNOTS.);
#1962 = CARTESIAN_POINT('',(-25.,-26.6,9.5));
#1963 = CARTESIAN_POINT('',(-4.6,-26.6,9.5));
#1964 = ORIENTED_EDGE('',*,*,#921,.T.);
#1965 = ORIENTED_EDGE('',*,*,#836,.T.);
#1966 = FACE_BOUND('',#1967,.F.);
#1967 = EDGE_LOOP('',(#1968,#1977,#2014,#2021,#2053,#2060,#2092,#2099));
#1968 = ORIENTED_EDGE('',*,*,#1969,.F.);
#1969 = EDGE_CURVE('',#1970,#1972,#1974,.T.);
#1970 = VERTEX_POINT('',#1971);
#1971 = CARTESIAN_POINT('',(-10.98536585365,-26.6,7.6));
#1972 = VERTEX_POINT('',#1973);
#1973 = CARTESIAN_POINT('',(-11.01463414634,-26.6,7.6));
#1974 = B_SPLINE_CURVE_WITH_KNOTS('',1,(#1975,#1976),.UNSPECIFIED.,.F.,
  .F.,(2,2),(-8.114634146341,-8.085365853659),.PIECEWISE_BEZIER_KNOTS.);
#1975 = CARTESIAN_POINT('',(-10.98536585365,-26.6,7.6));
#1976 = CARTESIAN_POINT('',(-11.01463414634,-26.6,7.6));
#1977 = ORIENTED_EDGE('',*,*,#1978,.T.);
#1978 = EDGE_CURVE('',#1970,#1979,#1981,.T.);
#1979 = VERTEX_POINT('',#1980);
#1980 = CARTESIAN_POINT('',(-10.55,-26.6,7.3));
#1981 = B_SPLINE_CURVE_WITH_KNOTS('',7,(#1982,#1983,#1984,#1985,#1986,
    #1987,#1988,#1989,#1990,#1991,#1992,#1993,#1994,#1995,#1996,#1997,
    #1998,#1999,#2000,#2001,#2002,#2003,#2004,#2005,#2006,#2007,#2008,
    #2009,#2010,#2011,#2012,#2013),.UNSPECIFIED.,.F.,.F.,(8,6,6,6,6,8),(
    0.,0.103761180507,0.27324283497,0.451633770223,0.564528848458,1.),
  .UNSPECIFIED.);
#1982 = CARTESIAN_POINT('',(-10.98536585365,-26.6,7.6));
#1983 = CARTESIAN_POINT('',(-10.97321311671,-26.6,7.597854122815));
#1984 = CARTESIAN_POINT('',(-10.96115124034,-26.6,7.595620331455));
#1985 = CARTESIAN_POINT('',(-10.94918996898,-26.6,7.593294106851));
#1986 = CARTESIAN_POINT('',(-10.93734055993,-26.6,7.59087090149));
#1987 = CARTESIAN_POINT('',(-10.92561554992,-26.6,7.588346328104));
#1988 = CARTESIAN_POINT('',(-10.91402852159,-26.6,7.585716348349));
#1989 = CARTESIAN_POINT('',(-10.88391671514,-26.6,7.578503812739));
#1990 = CARTESIAN_POINT('',(-10.86564217339,-26.6,7.573738705157));
#1991 = CARTESIAN_POINT('',(-10.84783952494,-26.6,7.568668261339));
#1992 = CARTESIAN_POINT('',(-10.8305794701,-26.6,7.563282554862));
#1993 = CARTESIAN_POINT('',(-10.81392905885,-26.6,7.55757844845));
#1994 = CARTESIAN_POINT('',(-10.79794662026,-26.6,7.551562432137));
#1995 = CARTESIAN_POINT('',(-10.76660405683,-26.6,7.538612841896));
#1996 = CARTESIAN_POINT('',(-10.75131538665,-26.6,7.531645420039));
#1997 = CARTESIAN_POINT('',(-10.73686483984,-26.6,7.524372686758));
#1998 = CARTESIAN_POINT('',(-10.72326920895,-26.6,7.516823087548));
#1999 = CARTESIAN_POINT('',(-10.71051690606,-26.6,7.509029292603));
#2000 = CARTESIAN_POINT('',(-10.69857694831,-26.6,7.501025466927));
#2001 = CARTESIAN_POINT('',(-10.68033961488,-26.6,7.487667223915));
#2002 = CARTESIAN_POINT('',(-10.67357900105,-26.6,7.482418178622));
#2003 = CARTESIAN_POINT('',(-10.66711453738,-26.6,7.477104888641));
#2004 = CARTESIAN_POINT('',(-10.66093313471,-26.6,7.47173433867));
#2005 = CARTESIAN_POINT('',(-10.65502079268,-26.6,7.466312887933));
#2006 = CARTESIAN_POINT('',(-10.64936321353,-26.6,7.460846144095));
#2007 = CARTESIAN_POINT('',(-10.62305215499,-26.6,7.434095455055));
#2008 = CARTESIAN_POINT('',(-10.6057702254,-26.6,7.412278949232));
#2009 = CARTESIAN_POINT('',(-10.5912163962,-26.6,7.39010746559));
#2010 = CARTESIAN_POINT('',(-10.57874789418,-26.6,7.367732985561));
#2011 = CARTESIAN_POINT('',(-10.5679303467,-26.6,7.345242445753));
#2012 = CARTESIAN_POINT('',(-10.55843057468,-26.6,7.322670452928));
#2013 = CARTESIAN_POINT('',(-10.55,-26.6,7.3));
#2014 = ORIENTED_EDGE('',*,*,#2015,.T.);
#2015 = EDGE_CURVE('',#1979,#2016,#2018,.T.);
#2016 = VERTEX_POINT('',#2017);
#2017 = CARTESIAN_POINT('',(-10.55,-26.6,3.1));
#2018 = B_SPLINE_CURVE_WITH_KNOTS('',1,(#2019,#2020),.UNSPECIFIED.,.F.,
  .F.,(2,2),(-0.8,3.4),.PIECEWISE_BEZIER_KNOTS.);
#2019 = CARTESIAN_POINT('',(-10.55,-26.6,7.3));
#2020 = CARTESIAN_POINT('',(-10.55,-26.6,3.1));
#2021 = ORIENTED_EDGE('',*,*,#2022,.T.);
#2022 = EDGE_CURVE('',#2016,#2023,#2025,.T.);
#2023 = VERTEX_POINT('',#2024);
#2024 = CARTESIAN_POINT('',(-10.98536585365,-26.6,2.8));
#2025 = B_SPLINE_CURVE_WITH_KNOTS('',6,(#2026,#2027,#2028,#2029,#2030,
    #2031,#2032,#2033,#2034,#2035,#2036,#2037,#2038,#2039,#2040,#2041,
    #2042,#2043,#2044,#2045,#2046,#2047,#2048,#2049,#2050,#2051,#2052),
  .UNSPECIFIED.,.F.,.F.,(7,5,5,5,5,7),(0.,0.383372518045,0.525313433881,
    0.726931843114,0.896601693527,1.),.UNSPECIFIED.);
#2026 = CARTESIAN_POINT('',(-10.55,-26.6,3.1));
#2027 = CARTESIAN_POINT('',(-10.55865717132,-26.6,3.076720211567));
#2028 = CARTESIAN_POINT('',(-10.56847883426,-26.6,3.053533373098));
#2029 = CARTESIAN_POINT('',(-10.5797598715,-26.6,3.030437056024));
#2030 = CARTESIAN_POINT('',(-10.59290405446,-26.6,3.007487620233));
#2031 = CARTESIAN_POINT('',(-10.60849726842,-26.6,2.984807963476));
#2032 = CARTESIAN_POINT('',(-10.63452047032,-26.6,2.954383306508));
#2033 = CARTESIAN_POINT('',(-10.64201544158,-26.6,2.946230631645));
#2034 = CARTESIAN_POINT('',(-10.65001935939,-26.6,2.93815818101));
#2035 = CARTESIAN_POINT('',(-10.65858206169,-26.6,2.930182830152));
#2036 = CARTESIAN_POINT('',(-10.66775338275,-26.6,2.922325415515));
#2037 = CARTESIAN_POINT('',(-10.69153524615,-26.6,2.903650494437));
#2038 = CARTESIAN_POINT('',(-10.7068168578,-26.6,2.89297309875));
#2039 = CARTESIAN_POINT('',(-10.72354075815,-26.6,2.882656347986));
#2040 = CARTESIAN_POINT('',(-10.741798452,-26.6,2.872788737704));
#2041 = CARTESIAN_POINT('',(-10.76159606837,-26.6,2.863450894987));
#2042 = CARTESIAN_POINT('',(-10.80063397624,-26.6,2.847331805912));
#2043 = CARTESIAN_POINT('',(-10.81947269582,-26.6,2.840376908289));
#2044 = CARTESIAN_POINT('',(-10.83923240381,-26.6,2.833866360046));
#2045 = CARTESIAN_POINT('',(-10.85980250612,-26.6,2.827804152686));
#2046 = CARTESIAN_POINT('',(-10.88105801729,-26.6,2.822175063528));
#2047 = CARTESIAN_POINT('',(-10.91617435989,-26.6,2.813773298372));
#2048 = CARTESIAN_POINT('',(-10.929682761,-26.6,2.81074324424));
#2049 = CARTESIAN_POINT('',(-10.9433777209,-26.6,2.807858420713));
#2050 = CARTESIAN_POINT('',(-10.95723621116,-26.6,2.805111521128));
#2051 = CARTESIAN_POINT('',(-10.97123788007,-26.6,2.802494655839));
#2052 = CARTESIAN_POINT('',(-10.98536585365,-26.6,2.8));
#2053 = ORIENTED_EDGE('',*,*,#2054,.T.);
#2054 = EDGE_CURVE('',#2023,#2055,#2057,.T.);
#2055 = VERTEX_POINT('',#2056);
#2056 = CARTESIAN_POINT('',(-11.01463414634,-26.6,2.8));
#2057 = B_SPLINE_CURVE_WITH_KNOTS('',1,(#2058,#2059),.UNSPECIFIED.,.F.,
  .F.,(2,2),(-8.114634146341,-8.085365853659),.PIECEWISE_BEZIER_KNOTS.);
#2058 = CARTESIAN_POINT('',(-10.98536585365,-26.6,2.8));
#2059 = CARTESIAN_POINT('',(-11.01463414634,-26.6,2.8));
#2060 = ORIENTED_EDGE('',*,*,#2061,.F.);
#2061 = EDGE_CURVE('',#2062,#2055,#2064,.T.);
#2062 = VERTEX_POINT('',#2063);
#2063 = CARTESIAN_POINT('',(-11.45,-26.6,3.1));
#2064 = B_SPLINE_CURVE_WITH_KNOTS('',6,(#2065,#2066,#2067,#2068,#2069,
    #2070,#2071,#2072,#2073,#2074,#2075,#2076,#2077,#2078,#2079,#2080,
    #2081,#2082,#2083,#2084,#2085,#2086,#2087,#2088,#2089,#2090,#2091),
  .UNSPECIFIED.,.F.,.F.,(7,5,5,5,5,7),(0.,0.383372518045,0.525313433881,
    0.726931843114,0.896601693527,1.),.UNSPECIFIED.);
#2065 = CARTESIAN_POINT('',(-11.45,-26.6,3.1));
#2066 = CARTESIAN_POINT('',(-11.44134282867,-26.6,3.076720211567));
#2067 = CARTESIAN_POINT('',(-11.43152116573,-26.6,3.053533373098));
#2068 = CARTESIAN_POINT('',(-11.42024012849,-26.6,3.030437056024));
#2069 = CARTESIAN_POINT('',(-11.40709594553,-26.6,3.007487620233));
#2070 = CARTESIAN_POINT('',(-11.39150273157,-26.6,2.984807963476));
#2071 = CARTESIAN_POINT('',(-11.36547952967,-26.6,2.954383306508));
#2072 = CARTESIAN_POINT('',(-11.35798455841,-26.6,2.946230631645));
#2073 = CARTESIAN_POINT('',(-11.3499806406,-26.6,2.93815818101));
#2074 = CARTESIAN_POINT('',(-11.3414179383,-26.6,2.930182830152));
#2075 = CARTESIAN_POINT('',(-11.33224661724,-26.6,2.922325415515));
#2076 = CARTESIAN_POINT('',(-11.30846475384,-26.6,2.903650494437));
#2077 = CARTESIAN_POINT('',(-11.29318314219,-26.6,2.89297309875));
#2078 = CARTESIAN_POINT('',(-11.27645924184,-26.6,2.882656347986));
#2079 = CARTESIAN_POINT('',(-11.25820154799,-26.6,2.872788737704));
#2080 = CARTESIAN_POINT('',(-11.23840393162,-26.6,2.863450894987));
#2081 = CARTESIAN_POINT('',(-11.19936602375,-26.6,2.847331805912));
#2082 = CARTESIAN_POINT('',(-11.18052730417,-26.6,2.840376908289));
#2083 = CARTESIAN_POINT('',(-11.16076759618,-26.6,2.833866360046));
#2084 = CARTESIAN_POINT('',(-11.14019749388,-26.6,2.827804152686));
#2085 = CARTESIAN_POINT('',(-11.1189419827,-26.6,2.822175063528));
#2086 = CARTESIAN_POINT('',(-11.0838256401,-26.6,2.813773298372));
#2087 = CARTESIAN_POINT('',(-11.07031723899,-26.6,2.81074324424));
#2088 = CARTESIAN_POINT('',(-11.05662227909,-26.6,2.807858420713));
#2089 = CARTESIAN_POINT('',(-11.04276378884,-26.6,2.805111521128));
#2090 = CARTESIAN_POINT('',(-11.02876211992,-26.6,2.802494655839));
#2091 = CARTESIAN_POINT('',(-11.01463414634,-26.6,2.8));
#2092 = ORIENTED_EDGE('',*,*,#2093,.T.);
#2093 = EDGE_CURVE('',#2062,#2094,#2096,.T.);
#2094 = VERTEX_POINT('',#2095);
#2095 = CARTESIAN_POINT('',(-11.45,-26.6,7.3));
#2096 = B_SPLINE_CURVE_WITH_KNOTS('',1,(#2097,#2098),.UNSPECIFIED.,.F.,
  .F.,(2,2),(-3.4,0.8),.PIECEWISE_BEZIER_KNOTS.);
#2097 = CARTESIAN_POINT('',(-11.45,-26.6,3.1));
#2098 = CARTESIAN_POINT('',(-11.45,-26.6,7.3));
#2099 = ORIENTED_EDGE('',*,*,#2100,.F.);
#2100 = EDGE_CURVE('',#1972,#2094,#2101,.T.);
#2101 = B_SPLINE_CURVE_WITH_KNOTS('',7,(#2102,#2103,#2104,#2105,#2106,
    #2107,#2108,#2109,#2110,#2111,#2112,#2113,#2114,#2115,#2116,#2117,
    #2118,#2119,#2120,#2121,#2122,#2123,#2124,#2125,#2126,#2127,#2128,
    #2129,#2130,#2131,#2132,#2133),.UNSPECIFIED.,.F.,.F.,(8,6,6,6,6,8),(
    0.,0.103761180507,0.27324283497,0.451633770222,0.564528848457,1.),
  .UNSPECIFIED.);
#2102 = CARTESIAN_POINT('',(-11.01463414634,-26.6,7.6));
#2103 = CARTESIAN_POINT('',(-11.02678688328,-26.6,7.597854122815));
#2104 = CARTESIAN_POINT('',(-11.03884875966,-26.6,7.595620331455));
#2105 = CARTESIAN_POINT('',(-11.05081003102,-26.6,7.593294106851));
#2106 = CARTESIAN_POINT('',(-11.06265944006,-26.6,7.59087090149));
#2107 = CARTESIAN_POINT('',(-11.07438445008,-26.6,7.588346328104));
#2108 = CARTESIAN_POINT('',(-11.0859714784,-26.6,7.585716348349));
#2109 = CARTESIAN_POINT('',(-11.11608328485,-26.6,7.578503812739));
#2110 = CARTESIAN_POINT('',(-11.1343578266,-26.6,7.573738705157));
#2111 = CARTESIAN_POINT('',(-11.15216047505,-26.6,7.568668261339));
#2112 = CARTESIAN_POINT('',(-11.16942052989,-26.6,7.563282554862));
#2113 = CARTESIAN_POINT('',(-11.18607094114,-26.6,7.55757844845));
#2114 = CARTESIAN_POINT('',(-11.20205337973,-26.6,7.551562432137));
#2115 = CARTESIAN_POINT('',(-11.23339594316,-26.6,7.538612841896));
#2116 = CARTESIAN_POINT('',(-11.24868461334,-26.6,7.531645420039));
#2117 = CARTESIAN_POINT('',(-11.26313516015,-26.6,7.524372686758));
#2118 = CARTESIAN_POINT('',(-11.27673079105,-26.6,7.516823087548));
#2119 = CARTESIAN_POINT('',(-11.28948309393,-26.6,7.509029292603));
#2120 = CARTESIAN_POINT('',(-11.30142305168,-26.6,7.501025466927));
#2121 = CARTESIAN_POINT('',(-11.31966038511,-26.6,7.487667223915));
#2122 = CARTESIAN_POINT('',(-11.32642099894,-26.6,7.482418178622));
#2123 = CARTESIAN_POINT('',(-11.33288546261,-26.6,7.477104888641));
#2124 = CARTESIAN_POINT('',(-11.33906686528,-26.6,7.47173433867));
#2125 = CARTESIAN_POINT('',(-11.34497920731,-26.6,7.466312887933));
#2126 = CARTESIAN_POINT('',(-11.35063678646,-26.6,7.460846144095));
#2127 = CARTESIAN_POINT('',(-11.376947845,-26.6,7.434095455055));
#2128 = CARTESIAN_POINT('',(-11.39422977459,-26.6,7.412278949232));
#2129 = CARTESIAN_POINT('',(-11.40878360379,-26.6,7.39010746559));
#2130 = CARTESIAN_POINT('',(-11.42125210581,-26.6,7.367732985561));
#2131 = CARTESIAN_POINT('',(-11.43206965329,-26.6,7.345242445753));
#2132 = CARTESIAN_POINT('',(-11.44156942531,-26.6,7.322670452928));
#2133 = CARTESIAN_POINT('',(-11.45,-26.6,7.3));
#2134 = FACE_BOUND('',#2135,.F.);
#2135 = EDGE_LOOP('',(#2136,#2145,#2182,#2189,#2221,#2228,#2260,#2267));
#2136 = ORIENTED_EDGE('',*,*,#2137,.F.);
#2137 = EDGE_CURVE('',#2138,#2140,#2142,.T.);
#2138 = VERTEX_POINT('',#2139);
#2139 = CARTESIAN_POINT('',(11.014634146341,-26.6,7.6));
#2140 = VERTEX_POINT('',#2141);
#2141 = CARTESIAN_POINT('',(10.985365853659,-26.6,7.6));
#2142 = B_SPLINE_CURVE_WITH_KNOTS('',1,(#2143,#2144),.UNSPECIFIED.,.F.,
  .F.,(2,2),(-19.11463414634,-19.08536585365),.PIECEWISE_BEZIER_KNOTS.);
#2143 = CARTESIAN_POINT('',(11.014634146341,-26.6,7.6));
#2144 = CARTESIAN_POINT('',(10.985365853659,-26.6,7.6));
#2145 = ORIENTED_EDGE('',*,*,#2146,.T.);
#2146 = EDGE_CURVE('',#2138,#2147,#2149,.T.);
#2147 = VERTEX_POINT('',#2148);
#2148 = CARTESIAN_POINT('',(11.45,-26.6,7.3));
#2149 = B_SPLINE_CURVE_WITH_KNOTS('',7,(#2150,#2151,#2152,#2153,#2154,
    #2155,#2156,#2157,#2158,#2159,#2160,#2161,#2162,#2163,#2164,#2165,
    #2166,#2167,#2168,#2169,#2170,#2171,#2172,#2173,#2174,#2175,#2176,
    #2177,#2178,#2179,#2180,#2181),.UNSPECIFIED.,.F.,.F.,(8,6,6,6,6,8),(
    0.,0.103761180507,0.27324283497,0.451633770223,0.564528848458,1.),
  .UNSPECIFIED.);
#2150 = CARTESIAN_POINT('',(11.014634146341,-26.6,7.6));
#2151 = CARTESIAN_POINT('',(11.026786883287,-26.6,7.597854122815));
#2152 = CARTESIAN_POINT('',(11.03884875966,-26.6,7.595620331455));
#2153 = CARTESIAN_POINT('',(11.05081003102,-26.6,7.593294106851));
#2154 = CARTESIAN_POINT('',(11.062659440064,-26.6,7.59087090149));
#2155 = CARTESIAN_POINT('',(11.07438445008,-26.6,7.588346328104));
#2156 = CARTESIAN_POINT('',(11.085971478405,-26.6,7.585716348349));
#2157 = CARTESIAN_POINT('',(11.116083284852,-26.6,7.578503812739));
#2158 = CARTESIAN_POINT('',(11.134357826604,-26.6,7.573738705157));
#2159 = CARTESIAN_POINT('',(11.152160475055,-26.6,7.568668261339));
#2160 = CARTESIAN_POINT('',(11.169420529894,-26.6,7.563282554862));
#2161 = CARTESIAN_POINT('',(11.186070941145,-26.6,7.55757844845));
#2162 = CARTESIAN_POINT('',(11.202053379731,-26.6,7.551562432137));
#2163 = CARTESIAN_POINT('',(11.233395943165,-26.6,7.538612841896));
#2164 = CARTESIAN_POINT('',(11.248684613341,-26.6,7.531645420039));
#2165 = CARTESIAN_POINT('',(11.263135160151,-26.6,7.524372686758));
#2166 = CARTESIAN_POINT('',(11.27673079105,-26.6,7.516823087548));
#2167 = CARTESIAN_POINT('',(11.289483093932,-26.6,7.509029292603));
#2168 = CARTESIAN_POINT('',(11.301423051688,-26.6,7.501025466927));
#2169 = CARTESIAN_POINT('',(11.319660385119,-26.6,7.487667223915));
#2170 = CARTESIAN_POINT('',(11.326420998949,-26.6,7.482418178622));
#2171 = CARTESIAN_POINT('',(11.332885462611,-26.6,7.477104888641));
#2172 = CARTESIAN_POINT('',(11.339066865288,-26.6,7.47173433867));
#2173 = CARTESIAN_POINT('',(11.344979207312,-26.6,7.466312887933));
#2174 = CARTESIAN_POINT('',(11.350636786469,-26.6,7.460846144095));
#2175 = CARTESIAN_POINT('',(11.376947845001,-26.6,7.434095455055));
#2176 = CARTESIAN_POINT('',(11.394229774598,-26.6,7.412278949232));
#2177 = CARTESIAN_POINT('',(11.408783603794,-26.6,7.39010746559));
#2178 = CARTESIAN_POINT('',(11.421252105819,-26.6,7.367732985561));
#2179 = CARTESIAN_POINT('',(11.432069653291,-26.6,7.345242445753));
#2180 = CARTESIAN_POINT('',(11.441569425317,-26.6,7.322670452928));
#2181 = CARTESIAN_POINT('',(11.45,-26.6,7.3));
#2182 = ORIENTED_EDGE('',*,*,#2183,.T.);
#2183 = EDGE_CURVE('',#2147,#2184,#2186,.T.);
#2184 = VERTEX_POINT('',#2185);
#2185 = CARTESIAN_POINT('',(11.45,-26.6,3.1));
#2186 = B_SPLINE_CURVE_WITH_KNOTS('',1,(#2187,#2188),.UNSPECIFIED.,.F.,
  .F.,(2,2),(-0.8,3.4),.PIECEWISE_BEZIER_KNOTS.);
#2187 = CARTESIAN_POINT('',(11.45,-26.6,7.3));
#2188 = CARTESIAN_POINT('',(11.45,-26.6,3.1));
#2189 = ORIENTED_EDGE('',*,*,#2190,.T.);
#2190 = EDGE_CURVE('',#2184,#2191,#2193,.T.);
#2191 = VERTEX_POINT('',#2192);
#2192 = CARTESIAN_POINT('',(11.014634146341,-26.6,2.8));
#2193 = B_SPLINE_CURVE_WITH_KNOTS('',6,(#2194,#2195,#2196,#2197,#2198,
    #2199,#2200,#2201,#2202,#2203,#2204,#2205,#2206,#2207,#2208,#2209,
    #2210,#2211,#2212,#2213,#2214,#2215,#2216,#2217,#2218,#2219,#2220),
  .UNSPECIFIED.,.F.,.F.,(7,5,5,5,5,7),(0.,0.383372518045,0.525313433881,
    0.726931843114,0.896601693527,1.),.UNSPECIFIED.);
#2194 = CARTESIAN_POINT('',(11.45,-26.6,3.1));
#2195 = CARTESIAN_POINT('',(11.441342828677,-26.6,3.076720211567));
#2196 = CARTESIAN_POINT('',(11.431521165738,-26.6,3.053533373098));
#2197 = CARTESIAN_POINT('',(11.420240128495,-26.6,3.030437056024));
#2198 = CARTESIAN_POINT('',(11.407095945533,-26.6,3.007487620233));
#2199 = CARTESIAN_POINT('',(11.391502731576,-26.6,2.984807963476));
#2200 = CARTESIAN_POINT('',(11.365479529678,-26.6,2.954383306508));
#2201 = CARTESIAN_POINT('',(11.357984558419,-26.6,2.946230631645));
#2202 = CARTESIAN_POINT('',(11.349980640609,-26.6,2.93815818101));
#2203 = CARTESIAN_POINT('',(11.341417938309,-26.6,2.930182830152));
#2204 = CARTESIAN_POINT('',(11.332246617247,-26.6,2.922325415515));
#2205 = CARTESIAN_POINT('',(11.308464753841,-26.6,2.903650494437));
#2206 = CARTESIAN_POINT('',(11.293183142193,-26.6,2.89297309875));
#2207 = CARTESIAN_POINT('',(11.276459241843,-26.6,2.882656347986));
#2208 = CARTESIAN_POINT('',(11.258201547997,-26.6,2.872788737704));
#2209 = CARTESIAN_POINT('',(11.238403931622,-26.6,2.863450894987));
#2210 = CARTESIAN_POINT('',(11.199366023757,-26.6,2.847331805912));
#2211 = CARTESIAN_POINT('',(11.180527304177,-26.6,2.840376908289));
#2212 = CARTESIAN_POINT('',(11.160767596188,-26.6,2.833866360046));
#2213 = CARTESIAN_POINT('',(11.14019749388,-26.6,2.827804152686));
#2214 = CARTESIAN_POINT('',(11.118941982702,-26.6,2.822175063528));
#2215 = CARTESIAN_POINT('',(11.083825640108,-26.6,2.813773298372));
#2216 = CARTESIAN_POINT('',(11.070317238998,-26.6,2.81074324424));
#2217 = CARTESIAN_POINT('',(11.056622279092,-26.6,2.807858420713));
#2218 = CARTESIAN_POINT('',(11.04276378884,-26.6,2.805111521128));
#2219 = CARTESIAN_POINT('',(11.028762119924,-26.6,2.802494655839));
#2220 = CARTESIAN_POINT('',(11.014634146341,-26.6,2.8));
#2221 = ORIENTED_EDGE('',*,*,#2222,.T.);
#2222 = EDGE_CURVE('',#2191,#2223,#2225,.T.);
#2223 = VERTEX_POINT('',#2224);
#2224 = CARTESIAN_POINT('',(10.985365853659,-26.6,2.8));
#2225 = B_SPLINE_CURVE_WITH_KNOTS('',1,(#2226,#2227),.UNSPECIFIED.,.F.,
  .F.,(2,2),(-19.11463414634,-19.08536585365),.PIECEWISE_BEZIER_KNOTS.);
#2226 = CARTESIAN_POINT('',(11.014634146341,-26.6,2.8));
#2227 = CARTESIAN_POINT('',(10.985365853659,-26.6,2.8));
#2228 = ORIENTED_EDGE('',*,*,#2229,.F.);
#2229 = EDGE_CURVE('',#2230,#2223,#2232,.T.);
#2230 = VERTEX_POINT('',#2231);
#2231 = CARTESIAN_POINT('',(10.55,-26.6,3.1));
#2232 = B_SPLINE_CURVE_WITH_KNOTS('',6,(#2233,#2234,#2235,#2236,#2237,
    #2238,#2239,#2240,#2241,#2242,#2243,#2244,#2245,#2246,#2247,#2248,
    #2249,#2250,#2251,#2252,#2253,#2254,#2255,#2256,#2257,#2258,#2259),
  .UNSPECIFIED.,.F.,.F.,(7,5,5,5,5,7),(0.,0.383372518045,0.525313433881,
    0.726931843114,0.896601693527,1.),.UNSPECIFIED.);
#2233 = CARTESIAN_POINT('',(10.55,-26.6,3.1));
#2234 = CARTESIAN_POINT('',(10.558657171323,-26.6,3.076720211567));
#2235 = CARTESIAN_POINT('',(10.568478834262,-26.6,3.053533373098));
#2236 = CARTESIAN_POINT('',(10.579759871505,-26.6,3.030437056024));
#2237 = CARTESIAN_POINT('',(10.592904054467,-26.6,3.007487620233));
#2238 = CARTESIAN_POINT('',(10.608497268424,-26.6,2.984807963476));
#2239 = CARTESIAN_POINT('',(10.634520470322,-26.6,2.954383306508));
#2240 = CARTESIAN_POINT('',(10.642015441581,-26.6,2.946230631645));
#2241 = CARTESIAN_POINT('',(10.650019359391,-26.6,2.93815818101));
#2242 = CARTESIAN_POINT('',(10.658582061691,-26.6,2.930182830152));
#2243 = CARTESIAN_POINT('',(10.667753382753,-26.6,2.922325415515));
#2244 = CARTESIAN_POINT('',(10.691535246159,-26.6,2.903650494437));
#2245 = CARTESIAN_POINT('',(10.706816857807,-26.6,2.89297309875));
#2246 = CARTESIAN_POINT('',(10.723540758157,-26.6,2.882656347986));
#2247 = CARTESIAN_POINT('',(10.741798452003,-26.6,2.872788737704));
#2248 = CARTESIAN_POINT('',(10.761596068378,-26.6,2.863450894987));
#2249 = CARTESIAN_POINT('',(10.800633976243,-26.6,2.847331805912));
#2250 = CARTESIAN_POINT('',(10.819472695823,-26.6,2.840376908289));
#2251 = CARTESIAN_POINT('',(10.839232403812,-26.6,2.833866360046));
#2252 = CARTESIAN_POINT('',(10.85980250612,-26.6,2.827804152686));
#2253 = CARTESIAN_POINT('',(10.881058017298,-26.6,2.822175063528));
#2254 = CARTESIAN_POINT('',(10.916174359892,-26.6,2.813773298372));
#2255 = CARTESIAN_POINT('',(10.929682761002,-26.6,2.81074324424));
#2256 = CARTESIAN_POINT('',(10.943377720908,-26.6,2.807858420713));
#2257 = CARTESIAN_POINT('',(10.95723621116,-26.6,2.805111521128));
#2258 = CARTESIAN_POINT('',(10.971237880076,-26.6,2.802494655839));
#2259 = CARTESIAN_POINT('',(10.985365853659,-26.6,2.8));
#2260 = ORIENTED_EDGE('',*,*,#2261,.T.);
#2261 = EDGE_CURVE('',#2230,#2262,#2264,.T.);
#2262 = VERTEX_POINT('',#2263);
#2263 = CARTESIAN_POINT('',(10.55,-26.6,7.3));
#2264 = B_SPLINE_CURVE_WITH_KNOTS('',1,(#2265,#2266),.UNSPECIFIED.,.F.,
  .F.,(2,2),(-3.4,0.8),.PIECEWISE_BEZIER_KNOTS.);
#2265 = CARTESIAN_POINT('',(10.55,-26.6,3.1));
#2266 = CARTESIAN_POINT('',(10.55,-26.6,7.3));
#2267 = ORIENTED_EDGE('',*,*,#2268,.F.);
#2268 = EDGE_CURVE('',#2140,#2262,#2269,.T.);
#2269 = B_SPLINE_CURVE_WITH_KNOTS('',7,(#2270,#2271,#2272,#2273,#2274,
    #2275,#2276,#2277,#2278,#2279,#2280,#2281,#2282,#2283,#2284,#2285,
    #2286,#2287,#2288,#2289,#2290,#2291,#2292,#2293,#2294,#2295,#2296,
    #2297,#2298,#2299,#2300,#2301),.UNSPECIFIED.,.F.,.F.,(8,6,6,6,6,8),(
    0.,0.103761180508,0.273242834971,0.451633770224,0.564528848459,1.),
  .UNSPECIFIED.);
#2270 = CARTESIAN_POINT('',(10.985365853659,-26.6,7.6));
#2271 = CARTESIAN_POINT('',(10.973213116713,-26.6,7.597854122815));
#2272 = CARTESIAN_POINT('',(10.96115124034,-26.6,7.595620331455));
#2273 = CARTESIAN_POINT('',(10.94918996898,-26.6,7.593294106851));
#2274 = CARTESIAN_POINT('',(10.937340559936,-26.6,7.59087090149));
#2275 = CARTESIAN_POINT('',(10.92561554992,-26.6,7.588346328104));
#2276 = CARTESIAN_POINT('',(10.914028521595,-26.6,7.585716348349));
#2277 = CARTESIAN_POINT('',(10.883916715148,-26.6,7.578503812739));
#2278 = CARTESIAN_POINT('',(10.865642173396,-26.6,7.573738705157));
#2279 = CARTESIAN_POINT('',(10.847839524945,-26.6,7.568668261339));
#2280 = CARTESIAN_POINT('',(10.830579470106,-26.6,7.563282554862));
#2281 = CARTESIAN_POINT('',(10.813929058855,-26.6,7.55757844845));
#2282 = CARTESIAN_POINT('',(10.797946620269,-26.6,7.551562432137));
#2283 = CARTESIAN_POINT('',(10.766604056835,-26.6,7.538612841896));
#2284 = CARTESIAN_POINT('',(10.751315386659,-26.6,7.531645420039));
#2285 = CARTESIAN_POINT('',(10.736864839849,-26.6,7.524372686758));
#2286 = CARTESIAN_POINT('',(10.72326920895,-26.6,7.516823087548));
#2287 = CARTESIAN_POINT('',(10.710516906068,-26.6,7.509029292603));
#2288 = CARTESIAN_POINT('',(10.698576948312,-26.6,7.501025466927));
#2289 = CARTESIAN_POINT('',(10.680339614881,-26.6,7.487667223915));
#2290 = CARTESIAN_POINT('',(10.673579001051,-26.6,7.482418178622));
#2291 = CARTESIAN_POINT('',(10.667114537389,-26.6,7.477104888641));
#2292 = CARTESIAN_POINT('',(10.660933134712,-26.6,7.47173433867));
#2293 = CARTESIAN_POINT('',(10.655020792688,-26.6,7.466312887933));
#2294 = CARTESIAN_POINT('',(10.649363213531,-26.6,7.460846144095));
#2295 = CARTESIAN_POINT('',(10.623052154999,-26.6,7.434095455056));
#2296 = CARTESIAN_POINT('',(10.605770225402,-26.6,7.412278949231));
#2297 = CARTESIAN_POINT('',(10.591216396207,-26.6,7.390107465591));
#2298 = CARTESIAN_POINT('',(10.57874789418,-26.6,7.36773298556));
#2299 = CARTESIAN_POINT('',(10.567930346709,-26.6,7.345242445754));
#2300 = CARTESIAN_POINT('',(10.558430574683,-26.6,7.322670452928));
#2301 = CARTESIAN_POINT('',(10.55,-26.6,7.3));
#2302 = B_SPLINE_SURFACE_WITH_KNOTS('',1,1,(
    (#2303,#2304)
    ,(#2305,#2306
    )),.UNSPECIFIED.,.F.,.F.,.F.,(2,2),(2,2),(0.4,8.5),(1.6,51.6),
  .PIECEWISE_BEZIER_KNOTS.);
#2303 = CARTESIAN_POINT('',(-25.,-26.6,9.5));
#2304 = CARTESIAN_POINT('',(25.,-26.6,9.5));
#2305 = CARTESIAN_POINT('',(-25.,-26.6,1.4));
#2306 = CARTESIAN_POINT('',(25.,-26.6,1.4));
#2307 = ADVANCED_FACE('',(#2308),#2325,.T.);
#2308 = FACE_BOUND('',#2309,.T.);
#2309 = EDGE_LOOP('',(#2310,#2317,#2323,#2324));
#2310 = ORIENTED_EDGE('',*,*,#2311,.F.);
#2311 = EDGE_CURVE('',#2312,#814,#2314,.T.);
#2312 = VERTEX_POINT('',#2313);
#2313 = CARTESIAN_POINT('',(26.6,25.,9.5));
#2314 = B_SPLINE_CURVE_WITH_KNOTS('',1,(#2315,#2316),.UNSPECIFIED.,.F.,
  .F.,(2,2),(0.4,8.5),.PIECEWISE_BEZIER_KNOTS.);
#2315 = CARTESIAN_POINT('',(26.6,25.,9.5));
#2316 = CARTESIAN_POINT('',(26.6,25.,1.4));
#2317 = ORIENTED_EDGE('',*,*,#2318,.T.);
#2318 = EDGE_CURVE('',#2312,#1484,#2319,.T.);
#2319 = ( BOUNDED_CURVE() B_SPLINE_CURVE(2,(#2320,#2321,#2322),
.UNSPECIFIED.,.F.,.F.) B_SPLINE_CURVE_WITH_KNOTS((3,3),(4.712388980385,
6.28318530718),.PIECEWISE_BEZIER_KNOTS.) CURVE() 
GEOMETRIC_REPRESENTATION_ITEM() RATIONAL_B_SPLINE_CURVE((1.,
0.707106781187,1.)) REPRESENTATION_ITEM('') );
#2320 = CARTESIAN_POINT('',(26.6,25.,9.5));
#2321 = CARTESIAN_POINT('',(26.6,26.6,9.5));
#2322 = CARTESIAN_POINT('',(25.,26.6,9.5));
#2323 = ORIENTED_EDGE('',*,*,#1483,.T.);
#2324 = ORIENTED_EDGE('',*,*,#813,.F.);
#2325 = ( BOUNDED_SURFACE() B_SPLINE_SURFACE(2,1,(
    (#2326,#2327)
    ,(#2328,#2329)
    ,(#2330,#2331
)),.UNSPECIFIED.,.F.,.F.,.F.) B_SPLINE_SURFACE_WITH_KNOTS((3,3),(2,2),(
    0.,1.570796326795),(0.4,8.5),.PIECEWISE_BEZIER_KNOTS.) 
GEOMETRIC_REPRESENTATION_ITEM() RATIONAL_B_SPLINE_SURFACE((
    (1.,1.)
    ,(0.707106781187,0.707106781187)
,(1.,1.))) REPRESENTATION_ITEM('') SURFACE() );
#2326 = CARTESIAN_POINT('',(26.6,25.,9.5));
#2327 = CARTESIAN_POINT('',(26.6,25.,1.4));
#2328 = CARTESIAN_POINT('',(26.6,26.6,9.5));
#2329 = CARTESIAN_POINT('',(26.6,26.6,1.4));
#2330 = CARTESIAN_POINT('',(25.,26.6,9.5));
#2331 = CARTESIAN_POINT('',(25.,26.6,1.4));
#2332 = ADVANCED_FACE('',(#2333),#2350,.F.);
#2333 = FACE_BOUND('',#2334,.F.);
#2334 = EDGE_LOOP('',(#2335,#2342,#2348,#2349));
#2335 = ORIENTED_EDGE('',*,*,#2336,.F.);
#2336 = EDGE_CURVE('',#2337,#822,#2339,.T.);
#2337 = VERTEX_POINT('',#2338);
#2338 = CARTESIAN_POINT('',(26.6,-25.,9.5));
#2339 = B_SPLINE_CURVE_WITH_KNOTS('',1,(#2340,#2341),.UNSPECIFIED.,.F.,
  .F.,(2,2),(0.4,8.5),.PIECEWISE_BEZIER_KNOTS.);
#2340 = CARTESIAN_POINT('',(26.6,-25.,9.5));
#2341 = CARTESIAN_POINT('',(26.6,-25.,1.4));
#2342 = ORIENTED_EDGE('',*,*,#2343,.T.);
#2343 = EDGE_CURVE('',#2337,#1898,#2344,.T.);
#2344 = ( BOUNDED_CURVE() B_SPLINE_CURVE(2,(#2345,#2346,#2347),
.UNSPECIFIED.,.F.,.F.) B_SPLINE_CURVE_WITH_KNOTS((3,3),(1.570796326795,
3.14159265359),.PIECEWISE_BEZIER_KNOTS.) CURVE() 
GEOMETRIC_REPRESENTATION_ITEM() RATIONAL_B_SPLINE_CURVE((1.,
0.707106781187,1.)) REPRESENTATION_ITEM('') );
#2345 = CARTESIAN_POINT('',(26.6,-25.,9.5));
#2346 = CARTESIAN_POINT('',(26.6,-26.6,9.5));
#2347 = CARTESIAN_POINT('',(25.,-26.6,9.5));
#2348 = ORIENTED_EDGE('',*,*,#1897,.T.);
#2349 = ORIENTED_EDGE('',*,*,#828,.F.);
#2350 = ( BOUNDED_SURFACE() B_SPLINE_SURFACE(2,1,(
    (#2351,#2352)
    ,(#2353,#2354)
    ,(#2355,#2356
)),.UNSPECIFIED.,.F.,.F.,.F.) B_SPLINE_SURFACE_WITH_KNOTS((3,3),(2,2),(
    0.,1.570796326795),(0.4,8.5),.PIECEWISE_BEZIER_KNOTS.) 
GEOMETRIC_REPRESENTATION_ITEM() RATIONAL_B_SPLINE_SURFACE((
    (1.,1.)
    ,(0.707106781187,0.707106781187)
,(1.,1.))) REPRESENTATION_ITEM('') SURFACE() );
#2351 = CARTESIAN_POINT('',(26.6,-25.,9.5));
#2352 = CARTESIAN_POINT('',(26.6,-25.,1.4));
#2353 = CARTESIAN_POINT('',(26.6,-26.6,9.5));
#2354 = CARTESIAN_POINT('',(26.6,-26.6,1.4));
#2355 = CARTESIAN_POINT('',(25.,-26.6,9.5));
#2356 = CARTESIAN_POINT('',(25.,-26.6,1.4));
#2357 = ADVANCED_FACE('',(#2358,#2424,#2592),#2760,.F.);
#2358 = FACE_BOUND('',#2359,.F.);
#2359 = EDGE_LOOP('',(#2360,#2361,#2362,#2369,#2376,#2383,#2390,#2397,
    #2404,#2411,#2418,#2423));
#2360 = ORIENTED_EDGE('',*,*,#821,.F.);
#2361 = ORIENTED_EDGE('',*,*,#2311,.F.);
#2362 = ORIENTED_EDGE('',*,*,#2363,.T.);
#2363 = EDGE_CURVE('',#2312,#2364,#2366,.T.);
#2364 = VERTEX_POINT('',#2365);
#2365 = CARTESIAN_POINT('',(26.6,4.6,9.5));
#2366 = B_SPLINE_CURVE_WITH_KNOTS('',1,(#2367,#2368),.UNSPECIFIED.,.F.,
  .F.,(2,2),(1.6,22.),.PIECEWISE_BEZIER_KNOTS.);
#2367 = CARTESIAN_POINT('',(26.6,25.,9.5));
#2368 = CARTESIAN_POINT('',(26.6,4.6,9.5));
#2369 = ORIENTED_EDGE('',*,*,#2370,.F.);
#2370 = EDGE_CURVE('',#2371,#2364,#2373,.T.);
#2371 = VERTEX_POINT('',#2372);
#2372 = CARTESIAN_POINT('',(26.6,4.6,1.8));
#2373 = B_SPLINE_CURVE_WITH_KNOTS('',1,(#2374,#2375),.UNSPECIFIED.,.F.,
  .F.,(2,2),(-8.075,-0.375),.PIECEWISE_BEZIER_KNOTS.);
#2374 = CARTESIAN_POINT('',(26.6,4.6,1.8));
#2375 = CARTESIAN_POINT('',(26.6,4.6,9.5));
#2376 = ORIENTED_EDGE('',*,*,#2377,.F.);
#2377 = EDGE_CURVE('',#2378,#2371,#2380,.T.);
#2378 = VERTEX_POINT('',#2379);
#2379 = CARTESIAN_POINT('',(26.6,4.,1.8));
#2380 = B_SPLINE_CURVE_WITH_KNOTS('',1,(#2381,#2382),.UNSPECIFIED.,.F.,
  .F.,(2,2),(-11.3,-10.7),.PIECEWISE_BEZIER_KNOTS.);
#2381 = CARTESIAN_POINT('',(26.6,4.,1.8));
#2382 = CARTESIAN_POINT('',(26.6,4.6,1.8));
#2383 = ORIENTED_EDGE('',*,*,#2384,.T.);
#2384 = EDGE_CURVE('',#2378,#2385,#2387,.T.);
#2385 = VERTEX_POINT('',#2386);
#2386 = CARTESIAN_POINT('',(26.6,4.,8.2));
#2387 = B_SPLINE_CURVE_WITH_KNOTS('',1,(#2388,#2389),.UNSPECIFIED.,.F.,
  .F.,(2,2),(-8.075,-1.675),.PIECEWISE_BEZIER_KNOTS.);
#2388 = CARTESIAN_POINT('',(26.6,4.,1.8));
#2389 = CARTESIAN_POINT('',(26.6,4.,8.2));
#2390 = ORIENTED_EDGE('',*,*,#2391,.F.);
#2391 = EDGE_CURVE('',#2392,#2385,#2394,.T.);
#2392 = VERTEX_POINT('',#2393);
#2393 = CARTESIAN_POINT('',(26.6,-4.,8.2));
#2394 = B_SPLINE_CURVE_WITH_KNOTS('',1,(#2395,#2396),.UNSPECIFIED.,.F.,
  .F.,(2,2),(0.,8.),.PIECEWISE_BEZIER_KNOTS.);
#2395 = CARTESIAN_POINT('',(26.6,-4.,8.2));
#2396 = CARTESIAN_POINT('',(26.6,4.,8.2));
#2397 = ORIENTED_EDGE('',*,*,#2398,.F.);
#2398 = EDGE_CURVE('',#2399,#2392,#2401,.T.);
#2399 = VERTEX_POINT('',#2400);
#2400 = CARTESIAN_POINT('',(26.6,-4.,1.8));
#2401 = B_SPLINE_CURVE_WITH_KNOTS('',1,(#2402,#2403),.UNSPECIFIED.,.F.,
  .F.,(2,2),(-8.075,-1.675),.PIECEWISE_BEZIER_KNOTS.);
#2402 = CARTESIAN_POINT('',(26.6,-4.,1.8));
#2403 = CARTESIAN_POINT('',(26.6,-4.,8.2));
#2404 = ORIENTED_EDGE('',*,*,#2405,.F.);
#2405 = EDGE_CURVE('',#2406,#2399,#2408,.T.);
#2406 = VERTEX_POINT('',#2407);
#2407 = CARTESIAN_POINT('',(26.6,-4.6,1.8));
#2408 = B_SPLINE_CURVE_WITH_KNOTS('',1,(#2409,#2410),.UNSPECIFIED.,.F.,
  .F.,(2,2),(-15.6,-15.),.PIECEWISE_BEZIER_KNOTS.);
#2409 = CARTESIAN_POINT('',(26.6,-4.6,1.8));
#2410 = CARTESIAN_POINT('',(26.6,-4.,1.8));
#2411 = ORIENTED_EDGE('',*,*,#2412,.T.);
#2412 = EDGE_CURVE('',#2406,#2413,#2415,.T.);
#2413 = VERTEX_POINT('',#2414);
#2414 = CARTESIAN_POINT('',(26.6,-4.6,9.5));
#2415 = B_SPLINE_CURVE_WITH_KNOTS('',1,(#2416,#2417),.UNSPECIFIED.,.F.,
  .F.,(2,2),(-8.075,-0.375),.PIECEWISE_BEZIER_KNOTS.);
#2416 = CARTESIAN_POINT('',(26.6,-4.6,1.8));
#2417 = CARTESIAN_POINT('',(26.6,-4.6,9.5));
#2418 = ORIENTED_EDGE('',*,*,#2419,.T.);
#2419 = EDGE_CURVE('',#2413,#2337,#2420,.T.);
#2420 = B_SPLINE_CURVE_WITH_KNOTS('',1,(#2421,#2422),.UNSPECIFIED.,.F.,
  .F.,(2,2),(31.2,51.6),.PIECEWISE_BEZIER_KNOTS.);
#2421 = CARTESIAN_POINT('',(26.6,-4.6,9.5));
#2422 = CARTESIAN_POINT('',(26.6,-25.,9.5));
#2423 = ORIENTED_EDGE('',*,*,#2336,.T.);
#2424 = FACE_BOUND('',#2425,.F.);
#2425 = EDGE_LOOP('',(#2426,#2435,#2472,#2479,#2511,#2518,#2550,#2557));
#2426 = ORIENTED_EDGE('',*,*,#2427,.F.);
#2427 = EDGE_CURVE('',#2428,#2430,#2432,.T.);
#2428 = VERTEX_POINT('',#2429);
#2429 = CARTESIAN_POINT('',(26.6,-10.98536585365,7.6));
#2430 = VERTEX_POINT('',#2431);
#2431 = CARTESIAN_POINT('',(26.6,-11.01463414634,7.6));
#2432 = B_SPLINE_CURVE_WITH_KNOTS('',1,(#2433,#2434),.UNSPECIFIED.,.F.,
  .F.,(2,2),(18.485365853659,18.514634146341),.PIECEWISE_BEZIER_KNOTS.);
#2433 = CARTESIAN_POINT('',(26.6,-10.98536585365,7.6));
#2434 = CARTESIAN_POINT('',(26.6,-11.01463414634,7.6));
#2435 = ORIENTED_EDGE('',*,*,#2436,.T.);
#2436 = EDGE_CURVE('',#2428,#2437,#2439,.T.);
#2437 = VERTEX_POINT('',#2438);
#2438 = CARTESIAN_POINT('',(26.6,-10.55,7.3));
#2439 = B_SPLINE_CURVE_WITH_KNOTS('',7,(#2440,#2441,#2442,#2443,#2444,
    #2445,#2446,#2447,#2448,#2449,#2450,#2451,#2452,#2453,#2454,#2455,
    #2456,#2457,#2458,#2459,#2460,#2461,#2462,#2463,#2464,#2465,#2466,
    #2467,#2468,#2469,#2470,#2471),.UNSPECIFIED.,.F.,.F.,(8,6,6,6,6,8),(
    0.,0.103761180507,0.27324283497,0.451633770223,0.564528848458,1.),
  .UNSPECIFIED.);
#2440 = CARTESIAN_POINT('',(26.6,-10.98536585365,7.6));
#2441 = CARTESIAN_POINT('',(26.6,-10.97321311671,7.597854122815));
#2442 = CARTESIAN_POINT('',(26.6,-10.96115124034,7.595620331455));
#2443 = CARTESIAN_POINT('',(26.6,-10.94918996898,7.593294106851));
#2444 = CARTESIAN_POINT('',(26.6,-10.93734055993,7.59087090149));
#2445 = CARTESIAN_POINT('',(26.6,-10.92561554992,7.588346328104));
#2446 = CARTESIAN_POINT('',(26.6,-10.91402852159,7.585716348349));
#2447 = CARTESIAN_POINT('',(26.6,-10.88391671514,7.578503812739));
#2448 = CARTESIAN_POINT('',(26.6,-10.86564217339,7.573738705157));
#2449 = CARTESIAN_POINT('',(26.6,-10.84783952494,7.568668261339));
#2450 = CARTESIAN_POINT('',(26.6,-10.8305794701,7.563282554862));
#2451 = CARTESIAN_POINT('',(26.6,-10.81392905885,7.55757844845));
#2452 = CARTESIAN_POINT('',(26.6,-10.79794662026,7.551562432137));
#2453 = CARTESIAN_POINT('',(26.6,-10.76660405683,7.538612841896));
#2454 = CARTESIAN_POINT('',(26.6,-10.75131538665,7.531645420039));
#2455 = CARTESIAN_POINT('',(26.6,-10.73686483984,7.524372686758));
#2456 = CARTESIAN_POINT('',(26.6,-10.72326920895,7.516823087548));
#2457 = CARTESIAN_POINT('',(26.6,-10.71051690606,7.509029292603));
#2458 = CARTESIAN_POINT('',(26.6,-10.69857694831,7.501025466927));
#2459 = CARTESIAN_POINT('',(26.6,-10.68033961488,7.487667223915));
#2460 = CARTESIAN_POINT('',(26.6,-10.67357900105,7.482418178622));
#2461 = CARTESIAN_POINT('',(26.6,-10.66711453738,7.477104888641));
#2462 = CARTESIAN_POINT('',(26.6,-10.66093313471,7.47173433867));
#2463 = CARTESIAN_POINT('',(26.6,-10.65502079268,7.466312887933));
#2464 = CARTESIAN_POINT('',(26.6,-10.64936321353,7.460846144095));
#2465 = CARTESIAN_POINT('',(26.6,-10.62305215499,7.434095455055));
#2466 = CARTESIAN_POINT('',(26.6,-10.6057702254,7.412278949232));
#2467 = CARTESIAN_POINT('',(26.6,-10.5912163962,7.39010746559));
#2468 = CARTESIAN_POINT('',(26.6,-10.57874789418,7.367732985561));
#2469 = CARTESIAN_POINT('',(26.6,-10.5679303467,7.345242445753));
#2470 = CARTESIAN_POINT('',(26.6,-10.55843057468,7.322670452928));
#2471 = CARTESIAN_POINT('',(26.6,-10.55,7.3));
#2472 = ORIENTED_EDGE('',*,*,#2473,.T.);
#2473 = EDGE_CURVE('',#2437,#2474,#2476,.T.);
#2474 = VERTEX_POINT('',#2475);
#2475 = CARTESIAN_POINT('',(26.6,-10.55,3.1));
#2476 = B_SPLINE_CURVE_WITH_KNOTS('',1,(#2477,#2478),.UNSPECIFIED.,.F.,
  .F.,(2,2),(-0.8,3.4),.PIECEWISE_BEZIER_KNOTS.);
#2477 = CARTESIAN_POINT('',(26.6,-10.55,7.3));
#2478 = CARTESIAN_POINT('',(26.6,-10.55,3.1));
#2479 = ORIENTED_EDGE('',*,*,#2480,.T.);
#2480 = EDGE_CURVE('',#2474,#2481,#2483,.T.);
#2481 = VERTEX_POINT('',#2482);
#2482 = CARTESIAN_POINT('',(26.6,-10.98536585365,2.8));
#2483 = B_SPLINE_CURVE_WITH_KNOTS('',6,(#2484,#2485,#2486,#2487,#2488,
    #2489,#2490,#2491,#2492,#2493,#2494,#2495,#2496,#2497,#2498,#2499,
    #2500,#2501,#2502,#2503,#2504,#2505,#2506,#2507,#2508,#2509,#2510),
  .UNSPECIFIED.,.F.,.F.,(7,5,5,5,5,7),(0.,0.383372518045,0.525313433881,
    0.726931843114,0.896601693527,1.),.UNSPECIFIED.);
#2484 = CARTESIAN_POINT('',(26.6,-10.55,3.1));
#2485 = CARTESIAN_POINT('',(26.6,-10.55865717132,3.076720211567));
#2486 = CARTESIAN_POINT('',(26.6,-10.56847883426,3.053533373098));
#2487 = CARTESIAN_POINT('',(26.6,-10.5797598715,3.030437056024));
#2488 = CARTESIAN_POINT('',(26.6,-10.59290405446,3.007487620233));
#2489 = CARTESIAN_POINT('',(26.6,-10.60849726842,2.984807963476));
#2490 = CARTESIAN_POINT('',(26.6,-10.63452047032,2.954383306508));
#2491 = CARTESIAN_POINT('',(26.6,-10.64201544158,2.946230631645));
#2492 = CARTESIAN_POINT('',(26.6,-10.65001935939,2.93815818101));
#2493 = CARTESIAN_POINT('',(26.6,-10.65858206169,2.930182830152));
#2494 = CARTESIAN_POINT('',(26.6,-10.66775338275,2.922325415515));
#2495 = CARTESIAN_POINT('',(26.6,-10.69153524615,2.903650494437));
#2496 = CARTESIAN_POINT('',(26.6,-10.7068168578,2.89297309875));
#2497 = CARTESIAN_POINT('',(26.6,-10.72354075815,2.882656347986));
#2498 = CARTESIAN_POINT('',(26.6,-10.741798452,2.872788737704));
#2499 = CARTESIAN_POINT('',(26.6,-10.76159606837,2.863450894987));
#2500 = CARTESIAN_POINT('',(26.6,-10.80063397624,2.847331805912));
#2501 = CARTESIAN_POINT('',(26.6,-10.81947269582,2.840376908289));
#2502 = CARTESIAN_POINT('',(26.6,-10.83923240381,2.833866360046));
#2503 = CARTESIAN_POINT('',(26.6,-10.85980250612,2.827804152686));
#2504 = CARTESIAN_POINT('',(26.6,-10.88105801729,2.822175063528));
#2505 = CARTESIAN_POINT('',(26.6,-10.91617435989,2.813773298372));
#2506 = CARTESIAN_POINT('',(26.6,-10.929682761,2.81074324424));
#2507 = CARTESIAN_POINT('',(26.6,-10.9433777209,2.807858420713));
#2508 = CARTESIAN_POINT('',(26.6,-10.95723621115,2.805111521128));
#2509 = CARTESIAN_POINT('',(26.6,-10.97123788007,2.802494655839));
#2510 = CARTESIAN_POINT('',(26.6,-10.98536585365,2.8));
#2511 = ORIENTED_EDGE('',*,*,#2512,.T.);
#2512 = EDGE_CURVE('',#2481,#2513,#2515,.T.);
#2513 = VERTEX_POINT('',#2514);
#2514 = CARTESIAN_POINT('',(26.6,-11.01463414634,2.8));
#2515 = B_SPLINE_CURVE_WITH_KNOTS('',1,(#2516,#2517),.UNSPECIFIED.,.F.,
  .F.,(2,2),(18.485365853659,18.514634146341),.PIECEWISE_BEZIER_KNOTS.);
#2516 = CARTESIAN_POINT('',(26.6,-10.98536585365,2.8));
#2517 = CARTESIAN_POINT('',(26.6,-11.01463414634,2.8));
#2518 = ORIENTED_EDGE('',*,*,#2519,.F.);
#2519 = EDGE_CURVE('',#2520,#2513,#2522,.T.);
#2520 = VERTEX_POINT('',#2521);
#2521 = CARTESIAN_POINT('',(26.6,-11.45,3.1));
#2522 = B_SPLINE_CURVE_WITH_KNOTS('',6,(#2523,#2524,#2525,#2526,#2527,
    #2528,#2529,#2530,#2531,#2532,#2533,#2534,#2535,#2536,#2537,#2538,
    #2539,#2540,#2541,#2542,#2543,#2544,#2545,#2546,#2547,#2548,#2549),
  .UNSPECIFIED.,.F.,.F.,(7,5,5,5,5,7),(0.,0.383372518045,0.525313433881,
    0.726931843114,0.896601693527,1.),.UNSPECIFIED.);
#2523 = CARTESIAN_POINT('',(26.6,-11.45,3.1));
#2524 = CARTESIAN_POINT('',(26.6,-11.44134282867,3.076720211567));
#2525 = CARTESIAN_POINT('',(26.6,-11.43152116573,3.053533373098));
#2526 = CARTESIAN_POINT('',(26.6,-11.42024012849,3.030437056024));
#2527 = CARTESIAN_POINT('',(26.6,-11.40709594553,3.007487620233));
#2528 = CARTESIAN_POINT('',(26.6,-11.39150273157,2.984807963476));
#2529 = CARTESIAN_POINT('',(26.6,-11.36547952967,2.954383306508));
#2530 = CARTESIAN_POINT('',(26.6,-11.35798455841,2.946230631645));
#2531 = CARTESIAN_POINT('',(26.6,-11.3499806406,2.93815818101));
#2532 = CARTESIAN_POINT('',(26.6,-11.3414179383,2.930182830152));
#2533 = CARTESIAN_POINT('',(26.6,-11.33224661724,2.922325415515));
#2534 = CARTESIAN_POINT('',(26.6,-11.30846475384,2.903650494437));
#2535 = CARTESIAN_POINT('',(26.6,-11.29318314219,2.89297309875));
#2536 = CARTESIAN_POINT('',(26.6,-11.27645924184,2.882656347986));
#2537 = CARTESIAN_POINT('',(26.6,-11.25820154799,2.872788737704));
#2538 = CARTESIAN_POINT('',(26.6,-11.23840393162,2.863450894987));
#2539 = CARTESIAN_POINT('',(26.6,-11.19936602375,2.847331805912));
#2540 = CARTESIAN_POINT('',(26.6,-11.18052730417,2.840376908289));
#2541 = CARTESIAN_POINT('',(26.6,-11.16076759618,2.833866360046));
#2542 = CARTESIAN_POINT('',(26.6,-11.14019749388,2.827804152686));
#2543 = CARTESIAN_POINT('',(26.6,-11.1189419827,2.822175063528));
#2544 = CARTESIAN_POINT('',(26.6,-11.0838256401,2.813773298372));
#2545 = CARTESIAN_POINT('',(26.6,-11.07031723899,2.81074324424));
#2546 = CARTESIAN_POINT('',(26.6,-11.05662227909,2.807858420713));
#2547 = CARTESIAN_POINT('',(26.6,-11.04276378884,2.805111521128));
#2548 = CARTESIAN_POINT('',(26.6,-11.02876211992,2.802494655839));
#2549 = CARTESIAN_POINT('',(26.6,-11.01463414634,2.8));
#2550 = ORIENTED_EDGE('',*,*,#2551,.T.);
#2551 = EDGE_CURVE('',#2520,#2552,#2554,.T.);
#2552 = VERTEX_POINT('',#2553);
#2553 = CARTESIAN_POINT('',(26.6,-11.45,7.3));
#2554 = B_SPLINE_CURVE_WITH_KNOTS('',1,(#2555,#2556),.UNSPECIFIED.,.F.,
  .F.,(2,2),(-3.4,0.8),.PIECEWISE_BEZIER_KNOTS.);
#2555 = CARTESIAN_POINT('',(26.6,-11.45,3.1));
#2556 = CARTESIAN_POINT('',(26.6,-11.45,7.3));
#2557 = ORIENTED_EDGE('',*,*,#2558,.F.);
#2558 = EDGE_CURVE('',#2430,#2552,#2559,.T.);
#2559 = B_SPLINE_CURVE_WITH_KNOTS('',7,(#2560,#2561,#2562,#2563,#2564,
    #2565,#2566,#2567,#2568,#2569,#2570,#2571,#2572,#2573,#2574,#2575,
    #2576,#2577,#2578,#2579,#2580,#2581,#2582,#2583,#2584,#2585,#2586,
    #2587,#2588,#2589,#2590,#2591),.UNSPECIFIED.,.F.,.F.,(8,6,6,6,6,8),(
    0.,0.103761180507,0.27324283497,0.451633770222,0.564528848457,1.),
  .UNSPECIFIED.);
#2560 = CARTESIAN_POINT('',(26.6,-11.01463414634,7.6));
#2561 = CARTESIAN_POINT('',(26.6,-11.02678688328,7.597854122815));
#2562 = CARTESIAN_POINT('',(26.6,-11.03884875966,7.595620331455));
#2563 = CARTESIAN_POINT('',(26.6,-11.05081003102,7.593294106851));
#2564 = CARTESIAN_POINT('',(26.6,-11.06265944006,7.59087090149));
#2565 = CARTESIAN_POINT('',(26.6,-11.07438445008,7.588346328104));
#2566 = CARTESIAN_POINT('',(26.6,-11.0859714784,7.585716348349));
#2567 = CARTESIAN_POINT('',(26.6,-11.11608328485,7.578503812739));
#2568 = CARTESIAN_POINT('',(26.6,-11.1343578266,7.573738705157));
#2569 = CARTESIAN_POINT('',(26.6,-11.15216047505,7.568668261339));
#2570 = CARTESIAN_POINT('',(26.6,-11.16942052989,7.563282554862));
#2571 = CARTESIAN_POINT('',(26.6,-11.18607094114,7.55757844845));
#2572 = CARTESIAN_POINT('',(26.6,-11.20205337973,7.551562432137));
#2573 = CARTESIAN_POINT('',(26.6,-11.23339594316,7.538612841896));
#2574 = CARTESIAN_POINT('',(26.6,-11.24868461334,7.531645420039));
#2575 = CARTESIAN_POINT('',(26.6,-11.26313516015,7.524372686758));
#2576 = CARTESIAN_POINT('',(26.6,-11.27673079105,7.516823087548));
#2577 = CARTESIAN_POINT('',(26.6,-11.28948309393,7.509029292603));
#2578 = CARTESIAN_POINT('',(26.6,-11.30142305168,7.501025466927));
#2579 = CARTESIAN_POINT('',(26.6,-11.31966038511,7.487667223915));
#2580 = CARTESIAN_POINT('',(26.6,-11.32642099894,7.482418178622));
#2581 = CARTESIAN_POINT('',(26.6,-11.33288546261,7.477104888641));
#2582 = CARTESIAN_POINT('',(26.6,-11.33906686528,7.47173433867));
#2583 = CARTESIAN_POINT('',(26.6,-11.34497920731,7.466312887933));
#2584 = CARTESIAN_POINT('',(26.6,-11.35063678646,7.460846144095));
#2585 = CARTESIAN_POINT('',(26.6,-11.376947845,7.434095455055));
#2586 = CARTESIAN_POINT('',(26.6,-11.39422977459,7.412278949232));
#2587 = CARTESIAN_POINT('',(26.6,-11.40878360379,7.39010746559));
#2588 = CARTESIAN_POINT('',(26.6,-11.42125210581,7.367732985561));
#2589 = CARTESIAN_POINT('',(26.6,-11.43206965329,7.345242445753));
#2590 = CARTESIAN_POINT('',(26.6,-11.44156942531,7.322670452928));
#2591 = CARTESIAN_POINT('',(26.6,-11.45,7.3));
#2592 = FACE_BOUND('',#2593,.F.);
#2593 = EDGE_LOOP('',(#2594,#2603,#2640,#2647,#2679,#2686,#2718,#2725));
#2594 = ORIENTED_EDGE('',*,*,#2595,.F.);
#2595 = EDGE_CURVE('',#2596,#2598,#2600,.T.);
#2596 = VERTEX_POINT('',#2597);
#2597 = CARTESIAN_POINT('',(26.6,11.014634146342,7.6));
#2598 = VERTEX_POINT('',#2599);
#2599 = CARTESIAN_POINT('',(26.6,10.985365853658,7.6));
#2600 = B_SPLINE_CURVE_WITH_KNOTS('',1,(#2601,#2602),.UNSPECIFIED.,.F.,
  .F.,(2,2),(7.485365853658,7.514634146342),.PIECEWISE_BEZIER_KNOTS.);
#2601 = CARTESIAN_POINT('',(26.6,11.014634146342,7.6));
#2602 = CARTESIAN_POINT('',(26.6,10.985365853658,7.6));
#2603 = ORIENTED_EDGE('',*,*,#2604,.T.);
#2604 = EDGE_CURVE('',#2596,#2605,#2607,.T.);
#2605 = VERTEX_POINT('',#2606);
#2606 = CARTESIAN_POINT('',(26.6,11.45,7.3));
#2607 = B_SPLINE_CURVE_WITH_KNOTS('',7,(#2608,#2609,#2610,#2611,#2612,
    #2613,#2614,#2615,#2616,#2617,#2618,#2619,#2620,#2621,#2622,#2623,
    #2624,#2625,#2626,#2627,#2628,#2629,#2630,#2631,#2632,#2633,#2634,
    #2635,#2636,#2637,#2638,#2639),.UNSPECIFIED.,.F.,.F.,(8,6,6,6,6,8),(
    0.,0.103761180508,0.273242834971,0.451633770224,0.564528848459,1.),
  .UNSPECIFIED.);
#2608 = CARTESIAN_POINT('',(26.6,11.014634146342,7.6));
#2609 = CARTESIAN_POINT('',(26.6,11.026786883287,7.597854122815));
#2610 = CARTESIAN_POINT('',(26.6,11.03884875966,7.595620331455));
#2611 = CARTESIAN_POINT('',(26.6,11.05081003102,7.593294106851));
#2612 = CARTESIAN_POINT('',(26.6,11.062659440064,7.59087090149));
#2613 = CARTESIAN_POINT('',(26.6,11.07438445008,7.588346328104));
#2614 = CARTESIAN_POINT('',(26.6,11.085971478405,7.585716348349));
#2615 = CARTESIAN_POINT('',(26.6,11.116083284852,7.578503812739));
#2616 = CARTESIAN_POINT('',(26.6,11.134357826604,7.573738705157));
#2617 = CARTESIAN_POINT('',(26.6,11.152160475055,7.568668261339));
#2618 = CARTESIAN_POINT('',(26.6,11.169420529894,7.563282554862));
#2619 = CARTESIAN_POINT('',(26.6,11.186070941145,7.55757844845));
#2620 = CARTESIAN_POINT('',(26.6,11.202053379731,7.551562432137));
#2621 = CARTESIAN_POINT('',(26.6,11.233395943166,7.538612841896));
#2622 = CARTESIAN_POINT('',(26.6,11.248684613341,7.531645420039));
#2623 = CARTESIAN_POINT('',(26.6,11.263135160151,7.524372686758));
#2624 = CARTESIAN_POINT('',(26.6,11.276730791051,7.516823087548));
#2625 = CARTESIAN_POINT('',(26.6,11.289483093932,7.509029292603));
#2626 = CARTESIAN_POINT('',(26.6,11.301423051689,7.501025466927));
#2627 = CARTESIAN_POINT('',(26.6,11.319660385119,7.487667223915));
#2628 = CARTESIAN_POINT('',(26.6,11.326420998949,7.482418178622));
#2629 = CARTESIAN_POINT('',(26.6,11.332885462611,7.477104888641));
#2630 = CARTESIAN_POINT('',(26.6,11.339066865289,7.47173433867));
#2631 = CARTESIAN_POINT('',(26.6,11.344979207312,7.466312887933));
#2632 = CARTESIAN_POINT('',(26.6,11.350636786469,7.460846144095));
#2633 = CARTESIAN_POINT('',(26.6,11.376947845001,7.434095455056));
#2634 = CARTESIAN_POINT('',(26.6,11.394229774598,7.412278949231));
#2635 = CARTESIAN_POINT('',(26.6,11.408783603793,7.390107465591));
#2636 = CARTESIAN_POINT('',(26.6,11.421252105819,7.36773298556));
#2637 = CARTESIAN_POINT('',(26.6,11.432069653291,7.345242445754));
#2638 = CARTESIAN_POINT('',(26.6,11.441569425317,7.322670452928));
#2639 = CARTESIAN_POINT('',(26.6,11.45,7.3));
#2640 = ORIENTED_EDGE('',*,*,#2641,.T.);
#2641 = EDGE_CURVE('',#2605,#2642,#2644,.T.);
#2642 = VERTEX_POINT('',#2643);
#2643 = CARTESIAN_POINT('',(26.6,11.45,3.1));
#2644 = B_SPLINE_CURVE_WITH_KNOTS('',1,(#2645,#2646),.UNSPECIFIED.,.F.,
  .F.,(2,2),(-0.8,3.4),.PIECEWISE_BEZIER_KNOTS.);
#2645 = CARTESIAN_POINT('',(26.6,11.45,7.3));
#2646 = CARTESIAN_POINT('',(26.6,11.45,3.1));
#2647 = ORIENTED_EDGE('',*,*,#2648,.T.);
#2648 = EDGE_CURVE('',#2642,#2649,#2651,.T.);
#2649 = VERTEX_POINT('',#2650);
#2650 = CARTESIAN_POINT('',(26.6,11.014634146342,2.8));
#2651 = B_SPLINE_CURVE_WITH_KNOTS('',6,(#2652,#2653,#2654,#2655,#2656,
    #2657,#2658,#2659,#2660,#2661,#2662,#2663,#2664,#2665,#2666,#2667,
    #2668,#2669,#2670,#2671,#2672,#2673,#2674,#2675,#2676,#2677,#2678),
  .UNSPECIFIED.,.F.,.F.,(7,5,5,5,5,7),(0.,0.383372518045,0.525313433881,
    0.726931843114,0.896601693527,1.),.UNSPECIFIED.);
#2652 = CARTESIAN_POINT('',(26.6,11.45,3.1));
#2653 = CARTESIAN_POINT('',(26.6,11.441342828677,3.076720211567));
#2654 = CARTESIAN_POINT('',(26.6,11.431521165738,3.053533373098));
#2655 = CARTESIAN_POINT('',(26.6,11.420240128495,3.030437056024));
#2656 = CARTESIAN_POINT('',(26.6,11.407095945533,3.007487620233));
#2657 = CARTESIAN_POINT('',(26.6,11.391502731576,2.984807963476));
#2658 = CARTESIAN_POINT('',(26.6,11.365479529678,2.954383306508));
#2659 = CARTESIAN_POINT('',(26.6,11.357984558419,2.946230631645));
#2660 = CARTESIAN_POINT('',(26.6,11.349980640609,2.93815818101));
#2661 = CARTESIAN_POINT('',(26.6,11.341417938309,2.930182830152));
#2662 = CARTESIAN_POINT('',(26.6,11.332246617247,2.922325415515));
#2663 = CARTESIAN_POINT('',(26.6,11.308464753841,2.903650494437));
#2664 = CARTESIAN_POINT('',(26.6,11.293183142193,2.89297309875));
#2665 = CARTESIAN_POINT('',(26.6,11.276459241843,2.882656347986));
#2666 = CARTESIAN_POINT('',(26.6,11.258201547997,2.872788737704));
#2667 = CARTESIAN_POINT('',(26.6,11.238403931622,2.863450894987));
#2668 = CARTESIAN_POINT('',(26.6,11.199366023757,2.847331805912));
#2669 = CARTESIAN_POINT('',(26.6,11.180527304177,2.840376908289));
#2670 = CARTESIAN_POINT('',(26.6,11.160767596188,2.833866360046));
#2671 = CARTESIAN_POINT('',(26.6,11.14019749388,2.827804152686));
#2672 = CARTESIAN_POINT('',(26.6,11.118941982702,2.822175063528));
#2673 = CARTESIAN_POINT('',(26.6,11.083825640108,2.813773298372));
#2674 = CARTESIAN_POINT('',(26.6,11.070317238998,2.81074324424));
#2675 = CARTESIAN_POINT('',(26.6,11.056622279092,2.807858420713));
#2676 = CARTESIAN_POINT('',(26.6,11.042763788841,2.805111521128));
#2677 = CARTESIAN_POINT('',(26.6,11.028762119924,2.802494655839));
#2678 = CARTESIAN_POINT('',(26.6,11.014634146342,2.8));
#2679 = ORIENTED_EDGE('',*,*,#2680,.T.);
#2680 = EDGE_CURVE('',#2649,#2681,#2683,.T.);
#2681 = VERTEX_POINT('',#2682);
#2682 = CARTESIAN_POINT('',(26.6,10.985365853658,2.8));
#2683 = B_SPLINE_CURVE_WITH_KNOTS('',1,(#2684,#2685),.UNSPECIFIED.,.F.,
  .F.,(2,2),(7.485365853658,7.514634146342),.PIECEWISE_BEZIER_KNOTS.);
#2684 = CARTESIAN_POINT('',(26.6,11.014634146342,2.8));
#2685 = CARTESIAN_POINT('',(26.6,10.985365853658,2.8));
#2686 = ORIENTED_EDGE('',*,*,#2687,.F.);
#2687 = EDGE_CURVE('',#2688,#2681,#2690,.T.);
#2688 = VERTEX_POINT('',#2689);
#2689 = CARTESIAN_POINT('',(26.6,10.55,3.1));
#2690 = B_SPLINE_CURVE_WITH_KNOTS('',6,(#2691,#2692,#2693,#2694,#2695,
    #2696,#2697,#2698,#2699,#2700,#2701,#2702,#2703,#2704,#2705,#2706,
    #2707,#2708,#2709,#2710,#2711,#2712,#2713,#2714,#2715,#2716,#2717),
  .UNSPECIFIED.,.F.,.F.,(7,5,5,5,5,7),(0.,0.383372518045,0.525313433881,
    0.726931843114,0.896601693527,1.),.UNSPECIFIED.);
#2691 = CARTESIAN_POINT('',(26.6,10.55,3.1));
#2692 = CARTESIAN_POINT('',(26.6,10.558657171323,3.076720211567));
#2693 = CARTESIAN_POINT('',(26.6,10.568478834262,3.053533373098));
#2694 = CARTESIAN_POINT('',(26.6,10.579759871505,3.030437056024));
#2695 = CARTESIAN_POINT('',(26.6,10.592904054467,3.007487620233));
#2696 = CARTESIAN_POINT('',(26.6,10.608497268424,2.984807963476));
#2697 = CARTESIAN_POINT('',(26.6,10.634520470322,2.954383306508));
#2698 = CARTESIAN_POINT('',(26.6,10.642015441581,2.946230631645));
#2699 = CARTESIAN_POINT('',(26.6,10.650019359391,2.93815818101));
#2700 = CARTESIAN_POINT('',(26.6,10.658582061691,2.930182830152));
#2701 = CARTESIAN_POINT('',(26.6,10.667753382753,2.922325415515));
#2702 = CARTESIAN_POINT('',(26.6,10.691535246159,2.903650494437));
#2703 = CARTESIAN_POINT('',(26.6,10.706816857807,2.89297309875));
#2704 = CARTESIAN_POINT('',(26.6,10.723540758157,2.882656347986));
#2705 = CARTESIAN_POINT('',(26.6,10.741798452003,2.872788737704));
#2706 = CARTESIAN_POINT('',(26.6,10.761596068378,2.863450894987));
#2707 = CARTESIAN_POINT('',(26.6,10.800633976243,2.847331805912));
#2708 = CARTESIAN_POINT('',(26.6,10.819472695823,2.840376908289));
#2709 = CARTESIAN_POINT('',(26.6,10.839232403812,2.833866360046));
#2710 = CARTESIAN_POINT('',(26.6,10.85980250612,2.827804152686));
#2711 = CARTESIAN_POINT('',(26.6,10.881058017298,2.822175063528));
#2712 = CARTESIAN_POINT('',(26.6,10.916174359892,2.813773298372));
#2713 = CARTESIAN_POINT('',(26.6,10.929682761002,2.81074324424));
#2714 = CARTESIAN_POINT('',(26.6,10.943377720908,2.807858420713));
#2715 = CARTESIAN_POINT('',(26.6,10.957236211159,2.805111521128));
#2716 = CARTESIAN_POINT('',(26.6,10.971237880076,2.802494655839));
#2717 = CARTESIAN_POINT('',(26.6,10.985365853658,2.8));
#2718 = ORIENTED_EDGE('',*,*,#2719,.T.);
#2719 = EDGE_CURVE('',#2688,#2720,#2722,.T.);
#2720 = VERTEX_POINT('',#2721);
#2721 = CARTESIAN_POINT('',(26.6,10.55,7.3));
#2722 = B_SPLINE_CURVE_WITH_KNOTS('',1,(#2723,#2724),.UNSPECIFIED.,.F.,
  .F.,(2,2),(-3.4,0.8),.PIECEWISE_BEZIER_KNOTS.);
#2723 = CARTESIAN_POINT('',(26.6,10.55,3.1));
#2724 = CARTESIAN_POINT('',(26.6,10.55,7.3));
#2725 = ORIENTED_EDGE('',*,*,#2726,.F.);
#2726 = EDGE_CURVE('',#2598,#2720,#2727,.T.);
#2727 = B_SPLINE_CURVE_WITH_KNOTS('',7,(#2728,#2729,#2730,#2731,#2732,
    #2733,#2734,#2735,#2736,#2737,#2738,#2739,#2740,#2741,#2742,#2743,
    #2744,#2745,#2746,#2747,#2748,#2749,#2750,#2751,#2752,#2753,#2754,
    #2755,#2756,#2757,#2758,#2759),.UNSPECIFIED.,.F.,.F.,(8,6,6,6,6,8),(
    0.,0.103761180507,0.27324283497,0.451633770222,0.564528848457,1.),
  .UNSPECIFIED.);
#2728 = CARTESIAN_POINT('',(26.6,10.985365853658,7.6));
#2729 = CARTESIAN_POINT('',(26.6,10.973213116713,7.597854122815));
#2730 = CARTESIAN_POINT('',(26.6,10.96115124034,7.595620331455));
#2731 = CARTESIAN_POINT('',(26.6,10.94918996898,7.593294106851));
#2732 = CARTESIAN_POINT('',(26.6,10.937340559936,7.59087090149));
#2733 = CARTESIAN_POINT('',(26.6,10.92561554992,7.588346328104));
#2734 = CARTESIAN_POINT('',(26.6,10.914028521595,7.585716348349));
#2735 = CARTESIAN_POINT('',(26.6,10.883916715148,7.578503812739));
#2736 = CARTESIAN_POINT('',(26.6,10.865642173396,7.573738705157));
#2737 = CARTESIAN_POINT('',(26.6,10.847839524945,7.568668261339));
#2738 = CARTESIAN_POINT('',(26.6,10.830579470106,7.563282554862));
#2739 = CARTESIAN_POINT('',(26.6,10.813929058855,7.55757844845));
#2740 = CARTESIAN_POINT('',(26.6,10.797946620269,7.551562432137));
#2741 = CARTESIAN_POINT('',(26.6,10.766604056835,7.538612841896));
#2742 = CARTESIAN_POINT('',(26.6,10.751315386659,7.531645420039));
#2743 = CARTESIAN_POINT('',(26.6,10.736864839849,7.524372686758));
#2744 = CARTESIAN_POINT('',(26.6,10.723269208949,7.516823087548));
#2745 = CARTESIAN_POINT('',(26.6,10.710516906068,7.509029292603));
#2746 = CARTESIAN_POINT('',(26.6,10.698576948311,7.501025466927));
#2747 = CARTESIAN_POINT('',(26.6,10.680339614881,7.487667223915));
#2748 = CARTESIAN_POINT('',(26.6,10.673579001051,7.482418178622));
#2749 = CARTESIAN_POINT('',(26.6,10.667114537389,7.477104888641));
#2750 = CARTESIAN_POINT('',(26.6,10.660933134711,7.47173433867));
#2751 = CARTESIAN_POINT('',(26.6,10.655020792688,7.466312887933));
#2752 = CARTESIAN_POINT('',(26.6,10.649363213531,7.460846144095));
#2753 = CARTESIAN_POINT('',(26.6,10.623052154999,7.434095455055));
#2754 = CARTESIAN_POINT('',(26.6,10.605770225402,7.412278949232));
#2755 = CARTESIAN_POINT('',(26.6,10.591216396206,7.39010746559));
#2756 = CARTESIAN_POINT('',(26.6,10.578747894181,7.367732985561));
#2757 = CARTESIAN_POINT('',(26.6,10.567930346708,7.345242445753));
#2758 = CARTESIAN_POINT('',(26.6,10.558430574683,7.322670452928));
#2759 = CARTESIAN_POINT('',(26.6,10.55,7.3));
#2760 = B_SPLINE_SURFACE_WITH_KNOTS('',1,1,(
    (#2761,#2762)
    ,(#2763,#2764
    )),.UNSPECIFIED.,.F.,.F.,.F.,(2,2),(2,2),(0.4,8.5),(-51.6,-1.6),
  .PIECEWISE_BEZIER_KNOTS.);
#2761 = CARTESIAN_POINT('',(26.6,-25.,9.5));
#2762 = CARTESIAN_POINT('',(26.6,25.,9.5));
#2763 = CARTESIAN_POINT('',(26.6,-25.,1.4));
#2764 = CARTESIAN_POINT('',(26.6,25.,1.4));
#2765 = ADVANCED_FACE('',(#2766),#2788,.T.);
#2766 = FACE_BOUND('',#2767,.T.);
#2767 = EDGE_LOOP('',(#2768,#2775,#2776,#2783));
#2768 = ORIENTED_EDGE('',*,*,#2769,.F.);
#2769 = EDGE_CURVE('',#852,#2770,#2772,.T.);
#2770 = VERTEX_POINT('',#2771);
#2771 = CARTESIAN_POINT('',(22.,22.,-1.7763568394E-15));
#2772 = B_SPLINE_CURVE_WITH_KNOTS('',1,(#2773,#2774),.UNSPECIFIED.,.F.,
  .F.,(2,2),(9.999999999994E-04,1.401),.PIECEWISE_BEZIER_KNOTS.);
#2773 = CARTESIAN_POINT('',(22.,22.,1.4));
#2774 = CARTESIAN_POINT('',(22.,22.,-1.7763568394E-15));
#2775 = ORIENTED_EDGE('',*,*,#851,.T.);
#2776 = ORIENTED_EDGE('',*,*,#2777,.T.);
#2777 = EDGE_CURVE('',#854,#2778,#2780,.T.);
#2778 = VERTEX_POINT('',#2779);
#2779 = CARTESIAN_POINT('',(-22.,22.,-1.7763568394E-15));
#2780 = B_SPLINE_CURVE_WITH_KNOTS('',1,(#2781,#2782),.UNSPECIFIED.,.F.,
  .F.,(2,2),(9.999999999994E-04,1.401),.PIECEWISE_BEZIER_KNOTS.);
#2781 = CARTESIAN_POINT('',(-22.,22.,1.4));
#2782 = CARTESIAN_POINT('',(-22.,22.,-1.7763568394E-15));
#2783 = ORIENTED_EDGE('',*,*,#2784,.F.);
#2784 = EDGE_CURVE('',#2770,#2778,#2785,.T.);
#2785 = B_SPLINE_CURVE_WITH_KNOTS('',1,(#2786,#2787),.UNSPECIFIED.,.F.,
  .F.,(2,2),(-47.5,-3.5),.PIECEWISE_BEZIER_KNOTS.);
#2786 = CARTESIAN_POINT('',(22.,22.,-1.7763568394E-15));
#2787 = CARTESIAN_POINT('',(-22.,22.,-1.7763568394E-15));
#2788 = B_SPLINE_SURFACE_WITH_KNOTS('',1,1,(
    (#2789,#2790)
    ,(#2791,#2792
    )),.UNSPECIFIED.,.F.,.F.,.F.,(2,2),(2,2),(9.999999999994E-04,1.401),
  (0.,44.),.PIECEWISE_BEZIER_KNOTS.);
#2789 = CARTESIAN_POINT('',(-22.,22.,1.4));
#2790 = CARTESIAN_POINT('',(22.,22.,1.4));
#2791 = CARTESIAN_POINT('',(-22.,22.,-1.7763568394E-15));
#2792 = CARTESIAN_POINT('',(22.,22.,-1.7763568394E-15));
#2793 = ADVANCED_FACE('',(#2794),#2810,.F.);
#2794 = FACE_BOUND('',#2795,.F.);
#2795 = EDGE_LOOP('',(#2796,#2797,#2798,#2805));
#2796 = ORIENTED_EDGE('',*,*,#2769,.F.);
#2797 = ORIENTED_EDGE('',*,*,#874,.T.);
#2798 = ORIENTED_EDGE('',*,*,#2799,.T.);
#2799 = EDGE_CURVE('',#868,#2800,#2802,.T.);
#2800 = VERTEX_POINT('',#2801);
#2801 = CARTESIAN_POINT('',(22.,-22.,-1.7763568394E-15));
#2802 = B_SPLINE_CURVE_WITH_KNOTS('',1,(#2803,#2804),.UNSPECIFIED.,.F.,
  .F.,(2,2),(9.999999999994E-04,1.401),.PIECEWISE_BEZIER_KNOTS.);
#2803 = CARTESIAN_POINT('',(22.,-22.,1.4));
#2804 = CARTESIAN_POINT('',(22.,-22.,-1.7763568394E-15));
#2805 = ORIENTED_EDGE('',*,*,#2806,.F.);
#2806 = EDGE_CURVE('',#2770,#2800,#2807,.T.);
#2807 = B_SPLINE_CURVE_WITH_KNOTS('',1,(#2808,#2809),.UNSPECIFIED.,.F.,
  .F.,(2,2),(3.5,47.5),.PIECEWISE_BEZIER_KNOTS.);
#2808 = CARTESIAN_POINT('',(22.,22.,-1.7763568394E-15));
#2809 = CARTESIAN_POINT('',(22.,-22.,-1.7763568394E-15));
#2810 = B_SPLINE_SURFACE_WITH_KNOTS('',1,1,(
    (#2811,#2812)
    ,(#2813,#2814
    )),.UNSPECIFIED.,.F.,.F.,.F.,(2,2),(2,2),(9.999999999994E-04,1.401),
  (-44.,0.),.PIECEWISE_BEZIER_KNOTS.);
#2811 = CARTESIAN_POINT('',(22.,-22.,1.4));
#2812 = CARTESIAN_POINT('',(22.,22.,1.4));
#2813 = CARTESIAN_POINT('',(22.,-22.,-1.7763568394E-15));
#2814 = CARTESIAN_POINT('',(22.,22.,-1.7763568394E-15));
#2815 = ADVANCED_FACE('',(#2816),#2832,.F.);
#2816 = FACE_BOUND('',#2817,.F.);
#2817 = EDGE_LOOP('',(#2818,#2819,#2820,#2827));
#2818 = ORIENTED_EDGE('',*,*,#2799,.F.);
#2819 = ORIENTED_EDGE('',*,*,#867,.T.);
#2820 = ORIENTED_EDGE('',*,*,#2821,.T.);
#2821 = EDGE_CURVE('',#861,#2822,#2824,.T.);
#2822 = VERTEX_POINT('',#2823);
#2823 = CARTESIAN_POINT('',(-22.,-22.,-1.7763568394E-15));
#2824 = B_SPLINE_CURVE_WITH_KNOTS('',1,(#2825,#2826),.UNSPECIFIED.,.F.,
  .F.,(2,2),(9.999999999994E-04,1.401),.PIECEWISE_BEZIER_KNOTS.);
#2825 = CARTESIAN_POINT('',(-22.,-22.,1.4));
#2826 = CARTESIAN_POINT('',(-22.,-22.,-1.7763568394E-15));
#2827 = ORIENTED_EDGE('',*,*,#2828,.F.);
#2828 = EDGE_CURVE('',#2800,#2822,#2829,.T.);
#2829 = B_SPLINE_CURVE_WITH_KNOTS('',1,(#2830,#2831),.UNSPECIFIED.,.F.,
  .F.,(2,2),(-47.5,-3.5),.PIECEWISE_BEZIER_KNOTS.);
#2830 = CARTESIAN_POINT('',(22.,-22.,-1.7763568394E-15));
#2831 = CARTESIAN_POINT('',(-22.,-22.,-1.7763568394E-15));
#2832 = B_SPLINE_SURFACE_WITH_KNOTS('',1,1,(
    (#2833,#2834)
    ,(#2835,#2836
    )),.UNSPECIFIED.,.F.,.F.,.F.,(2,2),(2,2),(9.999999999994E-04,1.401),
  (0.,44.),.PIECEWISE_BEZIER_KNOTS.);
#2833 = CARTESIAN_POINT('',(-22.,-22.,1.4));
#2834 = CARTESIAN_POINT('',(22.,-22.,1.4));
#2835 = CARTESIAN_POINT('',(-22.,-22.,-1.7763568394E-15));
#2836 = CARTESIAN_POINT('',(22.,-22.,-1.7763568394E-15));
#2837 = ADVANCED_FACE('',(#2838),#2848,.T.);
#2838 = FACE_BOUND('',#2839,.T.);
#2839 = EDGE_LOOP('',(#2840,#2841,#2842,#2843));
#2840 = ORIENTED_EDGE('',*,*,#2777,.F.);
#2841 = ORIENTED_EDGE('',*,*,#860,.T.);
#2842 = ORIENTED_EDGE('',*,*,#2821,.T.);
#2843 = ORIENTED_EDGE('',*,*,#2844,.F.);
#2844 = EDGE_CURVE('',#2778,#2822,#2845,.T.);
#2845 = B_SPLINE_CURVE_WITH_KNOTS('',1,(#2846,#2847),.UNSPECIFIED.,.F.,
  .F.,(2,2),(3.5,47.5),.PIECEWISE_BEZIER_KNOTS.);
#2846 = CARTESIAN_POINT('',(-22.,22.,-1.7763568394E-15));
#2847 = CARTESIAN_POINT('',(-22.,-22.,-1.7763568394E-15));
#2848 = B_SPLINE_SURFACE_WITH_KNOTS('',1,1,(
    (#2849,#2850)
    ,(#2851,#2852
    )),.UNSPECIFIED.,.F.,.F.,.F.,(2,2),(2,2),(9.999999999994E-04,1.401),
  (-44.,0.),.PIECEWISE_BEZIER_KNOTS.);
#2849 = CARTESIAN_POINT('',(-22.,-22.,1.4));
#2850 = CARTESIAN_POINT('',(-22.,22.,1.4));
#2851 = CARTESIAN_POINT('',(-22.,-22.,-1.7763568394E-15));
#2852 = CARTESIAN_POINT('',(-22.,22.,-1.7763568394E-15));
#2853 = ADVANCED_FACE('',(#2854),#2864,.F.);
#2854 = FACE_BOUND('',#2855,.F.);
#2855 = EDGE_LOOP('',(#2856,#2857,#2858,#2863));
#2856 = ORIENTED_EDGE('',*,*,#945,.F.);
#2857 = ORIENTED_EDGE('',*,*,#1465,.T.);
#2858 = ORIENTED_EDGE('',*,*,#2859,.T.);
#2859 = EDGE_CURVE('',#1459,#889,#2860,.T.);
#2860 = B_SPLINE_CURVE_WITH_KNOTS('',1,(#2861,#2862),.UNSPECIFIED.,.F.,
  .F.,(2,2),(0.,1.),.PIECEWISE_BEZIER_KNOTS.);
#2861 = CARTESIAN_POINT('',(-25.,26.9,9.801));
#2862 = CARTESIAN_POINT('',(-25.,26.6,9.5));
#2863 = ORIENTED_EDGE('',*,*,#888,.F.);
#2864 = ( BOUNDED_SURFACE() B_SPLINE_SURFACE(2,1,(
    (#2865,#2866)
    ,(#2867,#2868)
    ,(#2869,#2870
)),.UNSPECIFIED.,.F.,.F.,.F.) B_SPLINE_SURFACE_WITH_KNOTS((3,3),(2,2),(
    4.712388980385,6.28318530718),(1.411866324811E-03,0.424971763768),
.PIECEWISE_BEZIER_KNOTS.) GEOMETRIC_REPRESENTATION_ITEM() 
RATIONAL_B_SPLINE_SURFACE((
    (1.,1.)
    ,(0.707106781187,0.707106781187)
,(1.,1.))) REPRESENTATION_ITEM('') SURFACE() );
#2865 = CARTESIAN_POINT('',(-26.89900332225,25.,9.8));
#2866 = CARTESIAN_POINT('',(-26.6,25.,9.5));
#2867 = CARTESIAN_POINT('',(-26.89900332225,26.899003322259,9.8));
#2868 = CARTESIAN_POINT('',(-26.6,26.6,9.5));
#2869 = CARTESIAN_POINT('',(-25.,26.899003322259,9.8));
#2870 = CARTESIAN_POINT('',(-25.,26.6,9.5));
#2871 = ADVANCED_FACE('',(#2872),#2882,.F.);
#2872 = FACE_BOUND('',#2873,.F.);
#2873 = EDGE_LOOP('',(#2874,#2875,#2876,#2877));
#2874 = ORIENTED_EDGE('',*,*,#1336,.T.);
#2875 = ORIENTED_EDGE('',*,*,#959,.T.);
#2876 = ORIENTED_EDGE('',*,*,#913,.T.);
#2877 = ORIENTED_EDGE('',*,*,#2878,.F.);
#2878 = EDGE_CURVE('',#1337,#914,#2879,.T.);
#2879 = B_SPLINE_CURVE_WITH_KNOTS('',1,(#2880,#2881),.UNSPECIFIED.,.F.,
  .F.,(2,2),(0.,1.),.PIECEWISE_BEZIER_KNOTS.);
#2880 = CARTESIAN_POINT('',(-25.,-26.9,9.801));
#2881 = CARTESIAN_POINT('',(-25.,-26.6,9.5));
#2882 = ( BOUNDED_SURFACE() B_SPLINE_SURFACE(2,1,(
    (#2883,#2884)
    ,(#2885,#2886)
    ,(#2887,#2888
)),.UNSPECIFIED.,.F.,.F.,.F.) B_SPLINE_SURFACE_WITH_KNOTS((3,3),(2,2),(
    3.14159265359,4.712388980385),(1.411866324809E-03,0.424971763768),
.PIECEWISE_BEZIER_KNOTS.) GEOMETRIC_REPRESENTATION_ITEM() 
RATIONAL_B_SPLINE_SURFACE((
    (1.,1.)
    ,(0.707106781187,0.707106781187)
,(1.,1.))) REPRESENTATION_ITEM('') SURFACE() );
#2883 = CARTESIAN_POINT('',(-25.,-26.89900332225,9.8));
#2884 = CARTESIAN_POINT('',(-25.,-26.6,9.5));
#2885 = CARTESIAN_POINT('',(-26.89900332225,-26.89900332225,9.8));
#2886 = CARTESIAN_POINT('',(-26.6,-26.6,9.5));
#2887 = CARTESIAN_POINT('',(-26.89900332225,-25.,9.8));
#2888 = CARTESIAN_POINT('',(-26.6,-25.,9.5));
#2889 = ADVANCED_FACE('',(#2890),#2912,.F.);
#2890 = FACE_BOUND('',#2891,.F.);
#2891 = EDGE_LOOP('',(#2892,#2901,#2906,#2907));
#2892 = ORIENTED_EDGE('',*,*,#2893,.F.);
#2893 = EDGE_CURVE('',#2894,#2896,#2898,.T.);
#2894 = VERTEX_POINT('',#2895);
#2895 = CARTESIAN_POINT('',(-29.,25.,-1.7763568394E-15));
#2896 = VERTEX_POINT('',#2897);
#2897 = CARTESIAN_POINT('',(-29.,-25.,-1.7763568394E-15));
#2898 = B_SPLINE_CURVE_WITH_KNOTS('',1,(#2899,#2900),.UNSPECIFIED.,.F.,
  .F.,(2,2),(4.,54.),.PIECEWISE_BEZIER_KNOTS.);
#2899 = CARTESIAN_POINT('',(-29.,25.,-1.7763568394E-15));
#2900 = CARTESIAN_POINT('',(-29.,-25.,-1.7763568394E-15));
#2901 = ORIENTED_EDGE('',*,*,#2902,.F.);
#2902 = EDGE_CURVE('',#1274,#2894,#2903,.T.);
#2903 = B_SPLINE_CURVE_WITH_KNOTS('',1,(#2904,#2905),.UNSPECIFIED.,.F.,
  .F.,(2,2),(0.,9.8),.PIECEWISE_BEZIER_KNOTS.);
#2904 = CARTESIAN_POINT('',(-29.,25.,9.8));
#2905 = CARTESIAN_POINT('',(-29.,25.,-1.7763568394E-15));
#2906 = ORIENTED_EDGE('',*,*,#1273,.T.);
#2907 = ORIENTED_EDGE('',*,*,#2908,.T.);
#2908 = EDGE_CURVE('',#1276,#2896,#2909,.T.);
#2909 = B_SPLINE_CURVE_WITH_KNOTS('',1,(#2910,#2911),.UNSPECIFIED.,.F.,
  .F.,(2,2),(0.,9.8),.PIECEWISE_BEZIER_KNOTS.);
#2910 = CARTESIAN_POINT('',(-29.,-25.,9.8));
#2911 = CARTESIAN_POINT('',(-29.,-25.,-1.7763568394E-15));
#2912 = B_SPLINE_SURFACE_WITH_KNOTS('',1,1,(
    (#2913,#2914)
    ,(#2915,#2916
    )),.UNSPECIFIED.,.F.,.F.,.F.,(2,2),(2,2),(0.,9.8),(-54.,-4.),
  .PIECEWISE_BEZIER_KNOTS.);
#2913 = CARTESIAN_POINT('',(-29.,-25.,9.8));
#2914 = CARTESIAN_POINT('',(-29.,25.,9.8));
#2915 = CARTESIAN_POINT('',(-29.,-25.,-1.7763568394E-15));
#2916 = CARTESIAN_POINT('',(-29.,25.,-1.7763568394E-15));
#2917 = ADVANCED_FACE('',(#2918),#2935,.T.);
#2918 = FACE_BOUND('',#2919,.T.);
#2919 = EDGE_LOOP('',(#2920,#2921,#2928,#2934));
#2920 = ORIENTED_EDGE('',*,*,#1282,.T.);
#2921 = ORIENTED_EDGE('',*,*,#2922,.T.);
#2922 = EDGE_CURVE('',#1283,#2923,#2925,.T.);
#2923 = VERTEX_POINT('',#2924);
#2924 = CARTESIAN_POINT('',(-25.,29.,-1.7763568394E-15));
#2925 = B_SPLINE_CURVE_WITH_KNOTS('',1,(#2926,#2927),.UNSPECIFIED.,.F.,
  .F.,(2,2),(0.,9.8),.PIECEWISE_BEZIER_KNOTS.);
#2926 = CARTESIAN_POINT('',(-25.,29.,9.8));
#2927 = CARTESIAN_POINT('',(-25.,29.,-1.7763568394E-15));
#2928 = ORIENTED_EDGE('',*,*,#2929,.F.);
#2929 = EDGE_CURVE('',#2894,#2923,#2930,.T.);
#2930 = ( BOUNDED_CURVE() B_SPLINE_CURVE(2,(#2931,#2932,#2933),
.UNSPECIFIED.,.F.,.F.) B_SPLINE_CURVE_WITH_KNOTS((3,3),(4.712388980385,
6.28318530718),.PIECEWISE_BEZIER_KNOTS.) CURVE() 
GEOMETRIC_REPRESENTATION_ITEM() RATIONAL_B_SPLINE_CURVE((1.,
0.707106781187,1.)) REPRESENTATION_ITEM('') );
#2931 = CARTESIAN_POINT('',(-29.,25.,-1.7763568394E-15));
#2932 = CARTESIAN_POINT('',(-29.,29.,-1.7763568394E-15));
#2933 = CARTESIAN_POINT('',(-25.,29.,-1.7763568394E-15));
#2934 = ORIENTED_EDGE('',*,*,#2902,.F.);
#2935 = ( BOUNDED_SURFACE() B_SPLINE_SURFACE(2,1,(
    (#2936,#2937)
    ,(#2938,#2939)
    ,(#2940,#2941
)),.UNSPECIFIED.,.F.,.F.,.F.) B_SPLINE_SURFACE_WITH_KNOTS((3,3),(2,2),(
    0.,1.570796326795),(0.,9.8),.PIECEWISE_BEZIER_KNOTS.) 
GEOMETRIC_REPRESENTATION_ITEM() RATIONAL_B_SPLINE_SURFACE((
    (1.,1.)
    ,(0.707106781187,0.707106781187)
,(1.,1.))) REPRESENTATION_ITEM('') SURFACE() );
#2936 = CARTESIAN_POINT('',(-29.,25.,9.8));
#2937 = CARTESIAN_POINT('',(-29.,25.,-1.7763568394E-15));
#2938 = CARTESIAN_POINT('',(-29.,29.,9.8));
#2939 = CARTESIAN_POINT('',(-29.,29.,-1.7763568394E-15));
#2940 = CARTESIAN_POINT('',(-25.,29.,9.8));
#2941 = CARTESIAN_POINT('',(-25.,29.,-1.7763568394E-15));
#2942 = ADVANCED_FACE('',(#2943),#2960,.F.);
#2943 = FACE_BOUND('',#2944,.F.);
#2944 = EDGE_LOOP('',(#2945,#2946,#2953,#2959));
#2945 = ORIENTED_EDGE('',*,*,#1327,.T.);
#2946 = ORIENTED_EDGE('',*,*,#2947,.T.);
#2947 = EDGE_CURVE('',#1321,#2948,#2950,.T.);
#2948 = VERTEX_POINT('',#2949);
#2949 = CARTESIAN_POINT('',(-25.,-29.,-1.7763568394E-15));
#2950 = B_SPLINE_CURVE_WITH_KNOTS('',1,(#2951,#2952),.UNSPECIFIED.,.F.,
  .F.,(2,2),(0.,9.8),.PIECEWISE_BEZIER_KNOTS.);
#2951 = CARTESIAN_POINT('',(-25.,-29.,9.8));
#2952 = CARTESIAN_POINT('',(-25.,-29.,-1.7763568394E-15));
#2953 = ORIENTED_EDGE('',*,*,#2954,.F.);
#2954 = EDGE_CURVE('',#2896,#2948,#2955,.T.);
#2955 = ( BOUNDED_CURVE() B_SPLINE_CURVE(2,(#2956,#2957,#2958),
.UNSPECIFIED.,.F.,.F.) B_SPLINE_CURVE_WITH_KNOTS((3,3),(1.570796326795,
3.14159265359),.PIECEWISE_BEZIER_KNOTS.) CURVE() 
GEOMETRIC_REPRESENTATION_ITEM() RATIONAL_B_SPLINE_CURVE((1.,
0.707106781187,1.)) REPRESENTATION_ITEM('') );
#2956 = CARTESIAN_POINT('',(-29.,-25.,-1.7763568394E-15));
#2957 = CARTESIAN_POINT('',(-29.,-29.,-1.7763568394E-15));
#2958 = CARTESIAN_POINT('',(-25.,-29.,-1.7763568394E-15));
#2959 = ORIENTED_EDGE('',*,*,#2908,.F.);
#2960 = ( BOUNDED_SURFACE() B_SPLINE_SURFACE(2,1,(
    (#2961,#2962)
    ,(#2963,#2964)
    ,(#2965,#2966
)),.UNSPECIFIED.,.F.,.F.,.F.) B_SPLINE_SURFACE_WITH_KNOTS((3,3),(2,2),(
    0.,1.570796326795),(0.,9.8),.PIECEWISE_BEZIER_KNOTS.) 
GEOMETRIC_REPRESENTATION_ITEM() RATIONAL_B_SPLINE_SURFACE((
    (1.,1.)
    ,(0.707106781187,0.707106781187)
,(1.,1.))) REPRESENTATION_ITEM('') SURFACE() );
#2961 = CARTESIAN_POINT('',(-29.,-25.,9.8));
#2962 = CARTESIAN_POINT('',(-29.,-25.,-1.7763568394E-15));
#2963 = CARTESIAN_POINT('',(-29.,-29.,9.8));
#2964 = CARTESIAN_POINT('',(-29.,-29.,-1.7763568394E-15));
#2965 = CARTESIAN_POINT('',(-25.,-29.,9.8));
#2966 = CARTESIAN_POINT('',(-25.,-29.,-1.7763568394E-15));
#2967 = ADVANCED_FACE('',(#2968),#2984,.F.);
#2968 = FACE_BOUND('',#2969,.F.);
#2969 = EDGE_LOOP('',(#2970,#2971,#2972,#2979));
#2970 = ORIENTED_EDGE('',*,*,#1290,.F.);
#2971 = ORIENTED_EDGE('',*,*,#2922,.T.);
#2972 = ORIENTED_EDGE('',*,*,#2973,.T.);
#2973 = EDGE_CURVE('',#2923,#2974,#2976,.T.);
#2974 = VERTEX_POINT('',#2975);
#2975 = CARTESIAN_POINT('',(25.,29.,-1.7763568394E-15));
#2976 = B_SPLINE_CURVE_WITH_KNOTS('',1,(#2977,#2978),.UNSPECIFIED.,.F.,
  .F.,(2,2),(4.,54.),.PIECEWISE_BEZIER_KNOTS.);
#2977 = CARTESIAN_POINT('',(-25.,29.,-1.7763568394E-15));
#2978 = CARTESIAN_POINT('',(25.,29.,-1.7763568394E-15));
#2979 = ORIENTED_EDGE('',*,*,#2980,.F.);
#2980 = EDGE_CURVE('',#1291,#2974,#2981,.T.);
#2981 = B_SPLINE_CURVE_WITH_KNOTS('',1,(#2982,#2983),.UNSPECIFIED.,.F.,
  .F.,(2,2),(0.,9.8),.PIECEWISE_BEZIER_KNOTS.);
#2982 = CARTESIAN_POINT('',(25.,29.,9.8));
#2983 = CARTESIAN_POINT('',(25.,29.,-1.7763568394E-15));
#2984 = B_SPLINE_SURFACE_WITH_KNOTS('',1,1,(
    (#2985,#2986)
    ,(#2987,#2988
    )),.UNSPECIFIED.,.F.,.F.,.F.,(2,2),(2,2),(0.,9.8),(4.,54.),
  .PIECEWISE_BEZIER_KNOTS.);
#2985 = CARTESIAN_POINT('',(-25.,29.,9.8));
#2986 = CARTESIAN_POINT('',(25.,29.,9.8));
#2987 = CARTESIAN_POINT('',(-25.,29.,-1.7763568394E-15));
#2988 = CARTESIAN_POINT('',(25.,29.,-1.7763568394E-15));
#2989 = ADVANCED_FACE('',(#2990),#3006,.T.);
#2990 = FACE_BOUND('',#2991,.T.);
#2991 = EDGE_LOOP('',(#2992,#2993,#2994,#3001));
#2992 = ORIENTED_EDGE('',*,*,#1320,.F.);
#2993 = ORIENTED_EDGE('',*,*,#2947,.T.);
#2994 = ORIENTED_EDGE('',*,*,#2995,.T.);
#2995 = EDGE_CURVE('',#2948,#2996,#2998,.T.);
#2996 = VERTEX_POINT('',#2997);
#2997 = CARTESIAN_POINT('',(25.,-29.,-1.7763568394E-15));
#2998 = B_SPLINE_CURVE_WITH_KNOTS('',1,(#2999,#3000),.UNSPECIFIED.,.F.,
  .F.,(2,2),(4.,54.),.PIECEWISE_BEZIER_KNOTS.);
#2999 = CARTESIAN_POINT('',(-25.,-29.,-1.7763568394E-15));
#3000 = CARTESIAN_POINT('',(25.,-29.,-1.7763568394E-15));
#3001 = ORIENTED_EDGE('',*,*,#3002,.F.);
#3002 = EDGE_CURVE('',#1313,#2996,#3003,.T.);
#3003 = B_SPLINE_CURVE_WITH_KNOTS('',1,(#3004,#3005),.UNSPECIFIED.,.F.,
  .F.,(2,2),(0.,9.8),.PIECEWISE_BEZIER_KNOTS.);
#3004 = CARTESIAN_POINT('',(25.,-29.,9.8));
#3005 = CARTESIAN_POINT('',(25.,-29.,-1.7763568394E-15));
#3006 = B_SPLINE_SURFACE_WITH_KNOTS('',1,1,(
    (#3007,#3008)
    ,(#3009,#3010
    )),.UNSPECIFIED.,.F.,.F.,.F.,(2,2),(2,2),(0.,9.8),(4.,54.),
  .PIECEWISE_BEZIER_KNOTS.);
#3007 = CARTESIAN_POINT('',(-25.,-29.,9.8));
#3008 = CARTESIAN_POINT('',(25.,-29.,9.8));
#3009 = CARTESIAN_POINT('',(-25.,-29.,-1.7763568394E-15));
#3010 = CARTESIAN_POINT('',(25.,-29.,-1.7763568394E-15));
#3011 = ADVANCED_FACE('',(#3012),#3029,.F.);
#3012 = FACE_BOUND('',#3013,.F.);
#3013 = EDGE_LOOP('',(#3014,#3015,#3016,#3024));
#3014 = ORIENTED_EDGE('',*,*,#1297,.T.);
#3015 = ORIENTED_EDGE('',*,*,#2980,.T.);
#3016 = ORIENTED_EDGE('',*,*,#3017,.F.);
#3017 = EDGE_CURVE('',#3018,#2974,#3020,.T.);
#3018 = VERTEX_POINT('',#3019);
#3019 = CARTESIAN_POINT('',(29.,25.,-1.7763568394E-15));
#3020 = ( BOUNDED_CURVE() B_SPLINE_CURVE(2,(#3021,#3022,#3023),
.UNSPECIFIED.,.F.,.F.) B_SPLINE_CURVE_WITH_KNOTS((3,3),(4.712388980385,
6.28318530718),.PIECEWISE_BEZIER_KNOTS.) CURVE() 
GEOMETRIC_REPRESENTATION_ITEM() RATIONAL_B_SPLINE_CURVE((1.,
0.707106781187,1.)) REPRESENTATION_ITEM('') );
#3021 = CARTESIAN_POINT('',(29.,25.,-1.7763568394E-15));
#3022 = CARTESIAN_POINT('',(29.,29.,-1.7763568394E-15));
#3023 = CARTESIAN_POINT('',(25.,29.,-1.7763568394E-15));
#3024 = ORIENTED_EDGE('',*,*,#3025,.F.);
#3025 = EDGE_CURVE('',#1298,#3018,#3026,.T.);
#3026 = B_SPLINE_CURVE_WITH_KNOTS('',1,(#3027,#3028),.UNSPECIFIED.,.F.,
  .F.,(2,2),(0.,9.8),.PIECEWISE_BEZIER_KNOTS.);
#3027 = CARTESIAN_POINT('',(29.,25.,9.8));
#3028 = CARTESIAN_POINT('',(29.,25.,-1.7763568394E-15));
#3029 = ( BOUNDED_SURFACE() B_SPLINE_SURFACE(2,1,(
    (#3030,#3031)
    ,(#3032,#3033)
    ,(#3034,#3035
)),.UNSPECIFIED.,.F.,.F.,.F.) B_SPLINE_SURFACE_WITH_KNOTS((3,3),(2,2),(
    0.,1.570796326795),(0.,9.8),.PIECEWISE_BEZIER_KNOTS.) 
GEOMETRIC_REPRESENTATION_ITEM() RATIONAL_B_SPLINE_SURFACE((
    (1.,1.)
    ,(0.707106781187,0.707106781187)
,(1.,1.))) REPRESENTATION_ITEM('') SURFACE() );
#3030 = CARTESIAN_POINT('',(29.,25.,9.8));
#3031 = CARTESIAN_POINT('',(29.,25.,-1.7763568394E-15));
#3032 = CARTESIAN_POINT('',(29.,29.,9.8));
#3033 = CARTESIAN_POINT('',(29.,29.,-1.7763568394E-15));
#3034 = CARTESIAN_POINT('',(25.,29.,9.8));
#3035 = CARTESIAN_POINT('',(25.,29.,-1.7763568394E-15));
#3036 = ADVANCED_FACE('',(#3037),#3054,.T.);
#3037 = FACE_BOUND('',#3038,.T.);
#3038 = EDGE_LOOP('',(#3039,#3040,#3041,#3049));
#3039 = ORIENTED_EDGE('',*,*,#1312,.T.);
#3040 = ORIENTED_EDGE('',*,*,#3002,.T.);
#3041 = ORIENTED_EDGE('',*,*,#3042,.F.);
#3042 = EDGE_CURVE('',#3043,#2996,#3045,.T.);
#3043 = VERTEX_POINT('',#3044);
#3044 = CARTESIAN_POINT('',(29.,-25.,-1.7763568394E-15));
#3045 = ( BOUNDED_CURVE() B_SPLINE_CURVE(2,(#3046,#3047,#3048),
.UNSPECIFIED.,.F.,.F.) B_SPLINE_CURVE_WITH_KNOTS((3,3),(1.570796326795,
3.14159265359),.PIECEWISE_BEZIER_KNOTS.) CURVE() 
GEOMETRIC_REPRESENTATION_ITEM() RATIONAL_B_SPLINE_CURVE((1.,
0.707106781187,1.)) REPRESENTATION_ITEM('') );
#3046 = CARTESIAN_POINT('',(29.,-25.,-1.7763568394E-15));
#3047 = CARTESIAN_POINT('',(29.,-29.,-1.7763568394E-15));
#3048 = CARTESIAN_POINT('',(25.,-29.,-1.7763568394E-15));
#3049 = ORIENTED_EDGE('',*,*,#3050,.F.);
#3050 = EDGE_CURVE('',#1306,#3043,#3051,.T.);
#3051 = B_SPLINE_CURVE_WITH_KNOTS('',1,(#3052,#3053),.UNSPECIFIED.,.F.,
  .F.,(2,2),(0.,9.8),.PIECEWISE_BEZIER_KNOTS.);
#3052 = CARTESIAN_POINT('',(29.,-25.,9.8));
#3053 = CARTESIAN_POINT('',(29.,-25.,-1.7763568394E-15));
#3054 = ( BOUNDED_SURFACE() B_SPLINE_SURFACE(2,1,(
    (#3055,#3056)
    ,(#3057,#3058)
    ,(#3059,#3060
)),.UNSPECIFIED.,.F.,.F.,.F.) B_SPLINE_SURFACE_WITH_KNOTS((3,3),(2,2),(
    0.,1.570796326795),(0.,9.8),.PIECEWISE_BEZIER_KNOTS.) 
GEOMETRIC_REPRESENTATION_ITEM() RATIONAL_B_SPLINE_SURFACE((
    (1.,1.)
    ,(0.707106781187,0.707106781187)
,(1.,1.))) REPRESENTATION_ITEM('') SURFACE() );
#3055 = CARTESIAN_POINT('',(29.,-25.,9.8));
#3056 = CARTESIAN_POINT('',(29.,-25.,-1.7763568394E-15));
#3057 = CARTESIAN_POINT('',(29.,-29.,9.8));
#3058 = CARTESIAN_POINT('',(29.,-29.,-1.7763568394E-15));
#3059 = CARTESIAN_POINT('',(25.,-29.,9.8));
#3060 = CARTESIAN_POINT('',(25.,-29.,-1.7763568394E-15));
#3061 = ADVANCED_FACE('',(#3062),#3072,.T.);
#3062 = FACE_BOUND('',#3063,.T.);
#3063 = EDGE_LOOP('',(#3064,#3069,#3070,#3071));
#3064 = ORIENTED_EDGE('',*,*,#3065,.F.);
#3065 = EDGE_CURVE('',#3018,#3043,#3066,.T.);
#3066 = B_SPLINE_CURVE_WITH_KNOTS('',1,(#3067,#3068),.UNSPECIFIED.,.F.,
  .F.,(2,2),(4.,54.),.PIECEWISE_BEZIER_KNOTS.);
#3067 = CARTESIAN_POINT('',(29.,25.,-1.7763568394E-15));
#3068 = CARTESIAN_POINT('',(29.,-25.,-1.7763568394E-15));
#3069 = ORIENTED_EDGE('',*,*,#3025,.F.);
#3070 = ORIENTED_EDGE('',*,*,#1305,.T.);
#3071 = ORIENTED_EDGE('',*,*,#3050,.T.);
#3072 = B_SPLINE_SURFACE_WITH_KNOTS('',1,1,(
    (#3073,#3074)
    ,(#3075,#3076
    )),.UNSPECIFIED.,.F.,.F.,.F.,(2,2),(2,2),(0.,9.8),(-54.,-4.),
  .PIECEWISE_BEZIER_KNOTS.);
#3073 = CARTESIAN_POINT('',(29.,-25.,9.8));
#3074 = CARTESIAN_POINT('',(29.,25.,9.8));
#3075 = CARTESIAN_POINT('',(29.,-25.,-1.7763568394E-15));
#3076 = CARTESIAN_POINT('',(29.,25.,-1.7763568394E-15));
#3077 = ADVANCED_FACE('',(#3078),#3088,.F.);
#3078 = FACE_BOUND('',#3079,.F.);
#3079 = EDGE_LOOP('',(#3080,#3081,#3082,#3087));
#3080 = ORIENTED_EDGE('',*,*,#2859,.F.);
#3081 = ORIENTED_EDGE('',*,*,#1458,.T.);
#3082 = ORIENTED_EDGE('',*,*,#3083,.F.);
#3083 = EDGE_CURVE('',#1540,#1452,#3084,.T.);
#3084 = B_SPLINE_CURVE_WITH_KNOTS('',1,(#3085,#3086),.UNSPECIFIED.,.F.,
  .F.,(2,2),(-0.106301180105,0.317258717338),.PIECEWISE_BEZIER_KNOTS.);
#3085 = CARTESIAN_POINT('',(-4.6,26.6,9.5));
#3086 = CARTESIAN_POINT('',(-4.6,26.899003322259,9.8));
#3087 = ORIENTED_EDGE('',*,*,#1546,.F.);
#3088 = B_SPLINE_SURFACE_WITH_KNOTS('',1,1,(
    (#3089,#3090)
    ,(#3091,#3092
    )),.UNSPECIFIED.,.F.,.F.,.F.,(2,2),(2,2),(1.6,22.),(-0.423559897443,
    0.),.PIECEWISE_BEZIER_KNOTS.);
#3089 = CARTESIAN_POINT('',(-25.,26.899003322259,9.8));
#3090 = CARTESIAN_POINT('',(-25.,26.6,9.5));
#3091 = CARTESIAN_POINT('',(-4.6,26.899003322259,9.8));
#3092 = CARTESIAN_POINT('',(-4.6,26.6,9.5));
#3093 = ADVANCED_FACE('',(#3094),#3111,.F.);
#3094 = FACE_BOUND('',#3095,.F.);
#3095 = EDGE_LOOP('',(#3096,#3103,#3104,#3105,#3106));
#3096 = ORIENTED_EDGE('',*,*,#3097,.F.);
#3097 = EDGE_CURVE('',#1533,#3098,#3100,.T.);
#3098 = VERTEX_POINT('',#3099);
#3099 = CARTESIAN_POINT('',(-4.6,27.9,1.8));
#3100 = B_SPLINE_CURVE_WITH_KNOTS('',1,(#3101,#3102),.UNSPECIFIED.,.F.,
  .F.,(2,2),(5.E-02,1.35),.PIECEWISE_BEZIER_KNOTS.);
#3101 = CARTESIAN_POINT('',(-4.6,26.6,1.8));
#3102 = CARTESIAN_POINT('',(-4.6,27.9,1.8));
#3103 = ORIENTED_EDGE('',*,*,#1539,.F.);
#3104 = ORIENTED_EDGE('',*,*,#3083,.T.);
#3105 = ORIENTED_EDGE('',*,*,#1451,.T.);
#3106 = ORIENTED_EDGE('',*,*,#3107,.T.);
#3107 = EDGE_CURVE('',#1445,#3098,#3108,.T.);
#3108 = B_SPLINE_CURVE_WITH_KNOTS('',1,(#3109,#3110),.UNSPECIFIED.,.F.,
  .F.,(2,2),(5.E-02,8.05),.PIECEWISE_BEZIER_KNOTS.);
#3109 = CARTESIAN_POINT('',(-4.6,27.9,9.8));
#3110 = CARTESIAN_POINT('',(-4.6,27.9,1.8));
#3111 = B_SPLINE_SURFACE_WITH_KNOTS('',1,1,(
    (#3112,#3113)
    ,(#3114,#3115
  )),.UNSPECIFIED.,.F.,.F.,.F.,(2,2),(2,2),(5.E-02,8.05),(-1.35,-5.E-02)
  ,.PIECEWISE_BEZIER_KNOTS.);
#3112 = CARTESIAN_POINT('',(-4.6,27.9,9.8));
#3113 = CARTESIAN_POINT('',(-4.6,26.6,9.8));
#3114 = CARTESIAN_POINT('',(-4.6,27.9,1.8));
#3115 = CARTESIAN_POINT('',(-4.6,26.6,1.8));
#3116 = ADVANCED_FACE('',(#3117),#3133,.T.);
#3117 = FACE_BOUND('',#3118,.T.);
#3118 = EDGE_LOOP('',(#3119,#3120,#3121,#3128));
#3119 = ORIENTED_EDGE('',*,*,#1444,.F.);
#3120 = ORIENTED_EDGE('',*,*,#3107,.T.);
#3121 = ORIENTED_EDGE('',*,*,#3122,.F.);
#3122 = EDGE_CURVE('',#3123,#3098,#3125,.T.);
#3123 = VERTEX_POINT('',#3124);
#3124 = CARTESIAN_POINT('',(4.6,27.9,1.8));
#3125 = B_SPLINE_CURVE_WITH_KNOTS('',1,(#3126,#3127),.UNSPECIFIED.,.F.,
  .F.,(2,2),(-8.6,0.6),.PIECEWISE_BEZIER_KNOTS.);
#3126 = CARTESIAN_POINT('',(4.6,27.9,1.8));
#3127 = CARTESIAN_POINT('',(-4.6,27.9,1.8));
#3128 = ORIENTED_EDGE('',*,*,#3129,.F.);
#3129 = EDGE_CURVE('',#1438,#3123,#3130,.T.);
#3130 = B_SPLINE_CURVE_WITH_KNOTS('',1,(#3131,#3132),.UNSPECIFIED.,.F.,
  .F.,(2,2),(5.E-02,8.05),.PIECEWISE_BEZIER_KNOTS.);
#3131 = CARTESIAN_POINT('',(4.6,27.9,9.8));
#3132 = CARTESIAN_POINT('',(4.6,27.9,1.8));
#3133 = B_SPLINE_SURFACE_WITH_KNOTS('',1,1,(
    (#3134,#3135)
    ,(#3136,#3137
    )),.UNSPECIFIED.,.F.,.F.,.F.,(2,2),(2,2),(-4.,4.),(-4.6,4.6),
  .PIECEWISE_BEZIER_KNOTS.);
#3134 = CARTESIAN_POINT('',(-4.6,27.9,9.8));
#3135 = CARTESIAN_POINT('',(4.6,27.9,9.8));
#3136 = CARTESIAN_POINT('',(-4.6,27.9,1.8));
#3137 = CARTESIAN_POINT('',(4.6,27.9,1.8));
#3138 = ADVANCED_FACE('',(#3139),#3154,.T.);
#3139 = FACE_BOUND('',#3140,.T.);
#3140 = EDGE_LOOP('',(#3141,#3146,#3147,#3152,#3153));
#3141 = ORIENTED_EDGE('',*,*,#3142,.F.);
#3142 = EDGE_CURVE('',#1498,#3123,#3143,.T.);
#3143 = B_SPLINE_CURVE_WITH_KNOTS('',1,(#3144,#3145),.UNSPECIFIED.,.F.,
  .F.,(2,2),(5.E-02,1.35),.PIECEWISE_BEZIER_KNOTS.);
#3144 = CARTESIAN_POINT('',(4.6,26.6,1.8));
#3145 = CARTESIAN_POINT('',(4.6,27.9,1.8));
#3146 = ORIENTED_EDGE('',*,*,#1497,.F.);
#3147 = ORIENTED_EDGE('',*,*,#3148,.T.);
#3148 = EDGE_CURVE('',#1491,#1431,#3149,.T.);
#3149 = B_SPLINE_CURVE_WITH_KNOTS('',1,(#3150,#3151),.UNSPECIFIED.,.F.,
  .F.,(2,2),(-0.106301180105,0.317258717338),.PIECEWISE_BEZIER_KNOTS.);
#3150 = CARTESIAN_POINT('',(4.6,26.6,9.5));
#3151 = CARTESIAN_POINT('',(4.6,26.899003322259,9.8));
#3152 = ORIENTED_EDGE('',*,*,#1437,.T.);
#3153 = ORIENTED_EDGE('',*,*,#3129,.T.);
#3154 = B_SPLINE_SURFACE_WITH_KNOTS('',1,1,(
    (#3155,#3156)
    ,(#3157,#3158
  )),.UNSPECIFIED.,.F.,.F.,.F.,(2,2),(2,2),(5.E-02,8.05),(-1.35,-5.E-02)
  ,.PIECEWISE_BEZIER_KNOTS.);
#3155 = CARTESIAN_POINT('',(4.6,27.9,9.8));
#3156 = CARTESIAN_POINT('',(4.6,26.6,9.8));
#3157 = CARTESIAN_POINT('',(4.6,27.9,1.8));
#3158 = CARTESIAN_POINT('',(4.6,26.6,1.8));
#3159 = ADVANCED_FACE('',(#3160),#3170,.F.);
#3160 = FACE_BOUND('',#3161,.F.);
#3161 = EDGE_LOOP('',(#3162,#3163,#3164,#3169));
#3162 = ORIENTED_EDGE('',*,*,#3148,.T.);
#3163 = ORIENTED_EDGE('',*,*,#1430,.T.);
#3164 = ORIENTED_EDGE('',*,*,#3165,.T.);
#3165 = EDGE_CURVE('',#1423,#1484,#3166,.T.);
#3166 = B_SPLINE_CURVE_WITH_KNOTS('',1,(#3167,#3168),.UNSPECIFIED.,.F.,
  .F.,(2,2),(0.,1.),.PIECEWISE_BEZIER_KNOTS.);
#3167 = CARTESIAN_POINT('',(25.,26.9,9.801));
#3168 = CARTESIAN_POINT('',(25.,26.6,9.5));
#3169 = ORIENTED_EDGE('',*,*,#1490,.F.);
#3170 = B_SPLINE_SURFACE_WITH_KNOTS('',1,1,(
    (#3171,#3172)
    ,(#3173,#3174
    )),.UNSPECIFIED.,.F.,.F.,.F.,(2,2),(2,2),(31.2,51.6),(
    -0.423559897443,0.),.PIECEWISE_BEZIER_KNOTS.);
#3171 = CARTESIAN_POINT('',(4.6,26.899003322259,9.8));
#3172 = CARTESIAN_POINT('',(4.6,26.6,9.5));
#3173 = CARTESIAN_POINT('',(25.,26.899003322259,9.8));
#3174 = CARTESIAN_POINT('',(25.,26.6,9.5));
#3175 = ADVANCED_FACE('',(#3176),#3186,.F.);
#3176 = FACE_BOUND('',#3177,.F.);
#3177 = EDGE_LOOP('',(#3178,#3179,#3184,#3185));
#3178 = ORIENTED_EDGE('',*,*,#1422,.T.);
#3179 = ORIENTED_EDGE('',*,*,#3180,.T.);
#3180 = EDGE_CURVE('',#1416,#2312,#3181,.T.);
#3181 = B_SPLINE_CURVE_WITH_KNOTS('',1,(#3182,#3183),.UNSPECIFIED.,.F.,
  .F.,(2,2),(0.,1.),.PIECEWISE_BEZIER_KNOTS.);
#3182 = CARTESIAN_POINT('',(26.9,25.,9.801));
#3183 = CARTESIAN_POINT('',(26.6,25.,9.5));
#3184 = ORIENTED_EDGE('',*,*,#2318,.T.);
#3185 = ORIENTED_EDGE('',*,*,#3165,.F.);
#3186 = ( BOUNDED_SURFACE() B_SPLINE_SURFACE(2,1,(
    (#3187,#3188)
    ,(#3189,#3190)
    ,(#3191,#3192
)),.UNSPECIFIED.,.F.,.F.,.F.) B_SPLINE_SURFACE_WITH_KNOTS((3,3),(2,2),(
    0.,1.570796326795),(1.411866324809E-03,0.424971763768),
.PIECEWISE_BEZIER_KNOTS.) GEOMETRIC_REPRESENTATION_ITEM() 
RATIONAL_B_SPLINE_SURFACE((
    (1.,1.)
    ,(0.707106781187,0.707106781187)
,(1.,1.))) REPRESENTATION_ITEM('') SURFACE() );
#3187 = CARTESIAN_POINT('',(25.,26.899003322259,9.8));
#3188 = CARTESIAN_POINT('',(25.,26.6,9.5));
#3189 = CARTESIAN_POINT('',(26.899003322259,26.899003322259,9.8));
#3190 = CARTESIAN_POINT('',(26.6,26.6,9.5));
#3191 = CARTESIAN_POINT('',(26.899003322259,25.,9.8));
#3192 = CARTESIAN_POINT('',(26.6,25.,9.5));
#3193 = ADVANCED_FACE('',(#3194),#3204,.F.);
#3194 = FACE_BOUND('',#3195,.F.);
#3195 = EDGE_LOOP('',(#3196,#3197,#3198,#3203));
#3196 = ORIENTED_EDGE('',*,*,#3180,.F.);
#3197 = ORIENTED_EDGE('',*,*,#1415,.T.);
#3198 = ORIENTED_EDGE('',*,*,#3199,.F.);
#3199 = EDGE_CURVE('',#2364,#1409,#3200,.T.);
#3200 = B_SPLINE_CURVE_WITH_KNOTS('',1,(#3201,#3202),.UNSPECIFIED.,.F.,
  .F.,(2,2),(-0.106301180105,0.317258717338),.PIECEWISE_BEZIER_KNOTS.);
#3201 = CARTESIAN_POINT('',(26.6,4.6,9.5));
#3202 = CARTESIAN_POINT('',(26.899003322259,4.6,9.8));
#3203 = ORIENTED_EDGE('',*,*,#2363,.F.);
#3204 = B_SPLINE_SURFACE_WITH_KNOTS('',1,1,(
    (#3205,#3206)
    ,(#3207,#3208
    )),.UNSPECIFIED.,.F.,.F.,.F.,(2,2),(2,2),(1.6,22.),(-0.423559897443,
    0.),.PIECEWISE_BEZIER_KNOTS.);
#3205 = CARTESIAN_POINT('',(26.899003322259,25.,9.8));
#3206 = CARTESIAN_POINT('',(26.6,25.,9.5));
#3207 = CARTESIAN_POINT('',(26.899003322259,4.6,9.8));
#3208 = CARTESIAN_POINT('',(26.6,4.6,9.5));
#3209 = ADVANCED_FACE('',(#3210),#3227,.F.);
#3210 = FACE_BOUND('',#3211,.F.);
#3211 = EDGE_LOOP('',(#3212,#3219,#3220,#3221,#3222));
#3212 = ORIENTED_EDGE('',*,*,#3213,.F.);
#3213 = EDGE_CURVE('',#2371,#3214,#3216,.T.);
#3214 = VERTEX_POINT('',#3215);
#3215 = CARTESIAN_POINT('',(27.9,4.6,1.8));
#3216 = B_SPLINE_CURVE_WITH_KNOTS('',1,(#3217,#3218),.UNSPECIFIED.,.F.,
  .F.,(2,2),(5.E-02,1.35),.PIECEWISE_BEZIER_KNOTS.);
#3217 = CARTESIAN_POINT('',(26.6,4.6,1.8));
#3218 = CARTESIAN_POINT('',(27.9,4.6,1.8));
#3219 = ORIENTED_EDGE('',*,*,#2370,.T.);
#3220 = ORIENTED_EDGE('',*,*,#3199,.T.);
#3221 = ORIENTED_EDGE('',*,*,#1408,.T.);
#3222 = ORIENTED_EDGE('',*,*,#3223,.T.);
#3223 = EDGE_CURVE('',#1402,#3214,#3224,.T.);
#3224 = B_SPLINE_CURVE_WITH_KNOTS('',1,(#3225,#3226),.UNSPECIFIED.,.F.,
  .F.,(2,2),(5.E-02,8.05),.PIECEWISE_BEZIER_KNOTS.);
#3225 = CARTESIAN_POINT('',(27.9,4.6,9.8));
#3226 = CARTESIAN_POINT('',(27.9,4.6,1.8));
#3227 = B_SPLINE_SURFACE_WITH_KNOTS('',1,1,(
    (#3228,#3229)
    ,(#3230,#3231
  )),.UNSPECIFIED.,.F.,.F.,.F.,(2,2),(2,2),(5.E-02,8.05),(-1.35,-5.E-02)
  ,.PIECEWISE_BEZIER_KNOTS.);
#3228 = CARTESIAN_POINT('',(27.9,4.6,9.8));
#3229 = CARTESIAN_POINT('',(26.6,4.6,9.8));
#3230 = CARTESIAN_POINT('',(27.9,4.6,1.8));
#3231 = CARTESIAN_POINT('',(26.6,4.6,1.8));
#3232 = ADVANCED_FACE('',(#3233),#3249,.T.);
#3233 = FACE_BOUND('',#3234,.T.);
#3234 = EDGE_LOOP('',(#3235,#3236,#3237,#3244));
#3235 = ORIENTED_EDGE('',*,*,#1401,.F.);
#3236 = ORIENTED_EDGE('',*,*,#3223,.T.);
#3237 = ORIENTED_EDGE('',*,*,#3238,.F.);
#3238 = EDGE_CURVE('',#3239,#3214,#3241,.T.);
#3239 = VERTEX_POINT('',#3240);
#3240 = CARTESIAN_POINT('',(27.9,-4.6,1.8));
#3241 = B_SPLINE_CURVE_WITH_KNOTS('',1,(#3242,#3243),.UNSPECIFIED.,.F.,
  .F.,(2,2),(-8.6,0.6),.PIECEWISE_BEZIER_KNOTS.);
#3242 = CARTESIAN_POINT('',(27.9,-4.6,1.8));
#3243 = CARTESIAN_POINT('',(27.9,4.6,1.8));
#3244 = ORIENTED_EDGE('',*,*,#3245,.F.);
#3245 = EDGE_CURVE('',#1395,#3239,#3246,.T.);
#3246 = B_SPLINE_CURVE_WITH_KNOTS('',1,(#3247,#3248),.UNSPECIFIED.,.F.,
  .F.,(2,2),(5.E-02,8.05),.PIECEWISE_BEZIER_KNOTS.);
#3247 = CARTESIAN_POINT('',(27.9,-4.6,9.8));
#3248 = CARTESIAN_POINT('',(27.9,-4.6,1.8));
#3249 = B_SPLINE_SURFACE_WITH_KNOTS('',1,1,(
    (#3250,#3251)
    ,(#3252,#3253
    )),.UNSPECIFIED.,.F.,.F.,.F.,(2,2),(2,2),(-4.,4.),(-4.6,4.6),
  .PIECEWISE_BEZIER_KNOTS.);
#3250 = CARTESIAN_POINT('',(27.9,-4.6,1.8));
#3251 = CARTESIAN_POINT('',(27.9,4.6,1.8));
#3252 = CARTESIAN_POINT('',(27.9,-4.6,9.8));
#3253 = CARTESIAN_POINT('',(27.9,4.6,9.8));
#3254 = ADVANCED_FACE('',(#3255),#3270,.T.);
#3255 = FACE_BOUND('',#3256,.T.);
#3256 = EDGE_LOOP('',(#3257,#3262,#3263,#3268,#3269));
#3257 = ORIENTED_EDGE('',*,*,#3258,.F.);
#3258 = EDGE_CURVE('',#2406,#3239,#3259,.T.);
#3259 = B_SPLINE_CURVE_WITH_KNOTS('',1,(#3260,#3261),.UNSPECIFIED.,.F.,
  .F.,(2,2),(5.E-02,1.35),.PIECEWISE_BEZIER_KNOTS.);
#3260 = CARTESIAN_POINT('',(26.6,-4.6,1.8));
#3261 = CARTESIAN_POINT('',(27.9,-4.6,1.8));
#3262 = ORIENTED_EDGE('',*,*,#2412,.T.);
#3263 = ORIENTED_EDGE('',*,*,#3264,.T.);
#3264 = EDGE_CURVE('',#2413,#1388,#3265,.T.);
#3265 = B_SPLINE_CURVE_WITH_KNOTS('',1,(#3266,#3267),.UNSPECIFIED.,.F.,
  .F.,(2,2),(-0.106301180105,0.317258717338),.PIECEWISE_BEZIER_KNOTS.);
#3266 = CARTESIAN_POINT('',(26.6,-4.6,9.5));
#3267 = CARTESIAN_POINT('',(26.899003322259,-4.6,9.8));
#3268 = ORIENTED_EDGE('',*,*,#1394,.T.);
#3269 = ORIENTED_EDGE('',*,*,#3245,.T.);
#3270 = B_SPLINE_SURFACE_WITH_KNOTS('',1,1,(
    (#3271,#3272)
    ,(#3273,#3274
  )),.UNSPECIFIED.,.F.,.F.,.F.,(2,2),(2,2),(5.E-02,8.05),(-1.35,-5.E-02)
  ,.PIECEWISE_BEZIER_KNOTS.);
#3271 = CARTESIAN_POINT('',(27.9,-4.6,9.8));
#3272 = CARTESIAN_POINT('',(26.6,-4.6,9.8));
#3273 = CARTESIAN_POINT('',(27.9,-4.6,1.8));
#3274 = CARTESIAN_POINT('',(26.6,-4.6,1.8));
#3275 = ADVANCED_FACE('',(#3276),#3286,.F.);
#3276 = FACE_BOUND('',#3277,.F.);
#3277 = EDGE_LOOP('',(#3278,#3279,#3280,#3285));
#3278 = ORIENTED_EDGE('',*,*,#3264,.T.);
#3279 = ORIENTED_EDGE('',*,*,#1387,.T.);
#3280 = ORIENTED_EDGE('',*,*,#3281,.T.);
#3281 = EDGE_CURVE('',#1380,#2337,#3282,.T.);
#3282 = B_SPLINE_CURVE_WITH_KNOTS('',1,(#3283,#3284),.UNSPECIFIED.,.F.,
  .F.,(2,2),(0.,1.),.PIECEWISE_BEZIER_KNOTS.);
#3283 = CARTESIAN_POINT('',(26.9,-25.,9.801));
#3284 = CARTESIAN_POINT('',(26.6,-25.,9.5));
#3285 = ORIENTED_EDGE('',*,*,#2419,.F.);
#3286 = B_SPLINE_SURFACE_WITH_KNOTS('',1,1,(
    (#3287,#3288)
    ,(#3289,#3290
    )),.UNSPECIFIED.,.F.,.F.,.F.,(2,2),(2,2),(31.2,51.6),(
    -0.423559897443,0.),.PIECEWISE_BEZIER_KNOTS.);
#3287 = CARTESIAN_POINT('',(26.899003322259,-4.6,9.8));
#3288 = CARTESIAN_POINT('',(26.6,-4.6,9.5));
#3289 = CARTESIAN_POINT('',(26.899003322259,-25.,9.8));
#3290 = CARTESIAN_POINT('',(26.6,-25.,9.5));
#3291 = ADVANCED_FACE('',(#3292),#3302,.F.);
#3292 = FACE_BOUND('',#3293,.F.);
#3293 = EDGE_LOOP('',(#3294,#3295,#3296,#3301));
#3294 = ORIENTED_EDGE('',*,*,#3281,.F.);
#3295 = ORIENTED_EDGE('',*,*,#1379,.T.);
#3296 = ORIENTED_EDGE('',*,*,#3297,.T.);
#3297 = EDGE_CURVE('',#1373,#1898,#3298,.T.);
#3298 = B_SPLINE_CURVE_WITH_KNOTS('',1,(#3299,#3300),.UNSPECIFIED.,.F.,
  .F.,(2,2),(0.,1.),.PIECEWISE_BEZIER_KNOTS.);
#3299 = CARTESIAN_POINT('',(25.,-26.9,9.801));
#3300 = CARTESIAN_POINT('',(25.,-26.6,9.5));
#3301 = ORIENTED_EDGE('',*,*,#2343,.F.);
#3302 = ( BOUNDED_SURFACE() B_SPLINE_SURFACE(2,1,(
    (#3303,#3304)
    ,(#3305,#3306)
    ,(#3307,#3308
)),.UNSPECIFIED.,.F.,.F.,.F.) B_SPLINE_SURFACE_WITH_KNOTS((3,3),(2,2),(
    1.570796326795,3.14159265359),(1.411866324809E-03,0.424971763768),
.PIECEWISE_BEZIER_KNOTS.) GEOMETRIC_REPRESENTATION_ITEM() 
RATIONAL_B_SPLINE_SURFACE((
    (1.,1.)
    ,(0.707106781187,0.707106781187)
,(1.,1.))) REPRESENTATION_ITEM('') SURFACE() );
#3303 = CARTESIAN_POINT('',(26.899003322259,-25.,9.8));
#3304 = CARTESIAN_POINT('',(26.6,-25.,9.5));
#3305 = CARTESIAN_POINT('',(26.899003322259,-26.89900332225,9.8));
#3306 = CARTESIAN_POINT('',(26.6,-26.6,9.5));
#3307 = CARTESIAN_POINT('',(25.,-26.89900332225,9.8));
#3308 = CARTESIAN_POINT('',(25.,-26.6,9.5));
#3309 = ADVANCED_FACE('',(#3310),#3320,.F.);
#3310 = FACE_BOUND('',#3311,.F.);
#3311 = EDGE_LOOP('',(#3312,#3313,#3314,#3319));
#3312 = ORIENTED_EDGE('',*,*,#3297,.F.);
#3313 = ORIENTED_EDGE('',*,*,#1372,.T.);
#3314 = ORIENTED_EDGE('',*,*,#3315,.F.);
#3315 = EDGE_CURVE('',#1905,#1366,#3316,.T.);
#3316 = B_SPLINE_CURVE_WITH_KNOTS('',1,(#3317,#3318),.UNSPECIFIED.,.F.,
  .F.,(2,2),(-0.106301180105,0.317258717338),.PIECEWISE_BEZIER_KNOTS.);
#3317 = CARTESIAN_POINT('',(4.6,-26.6,9.5));
#3318 = CARTESIAN_POINT('',(4.6,-26.89900332225,9.8));
#3319 = ORIENTED_EDGE('',*,*,#1904,.T.);
#3320 = B_SPLINE_SURFACE_WITH_KNOTS('',1,1,(
    (#3321,#3322)
    ,(#3323,#3324
  )),.UNSPECIFIED.,.F.,.F.,.F.,(2,2),(2,2),(-51.6,-31.2),(
    -0.423559897443,0.),.PIECEWISE_BEZIER_KNOTS.);
#3321 = CARTESIAN_POINT('',(25.,-26.89900332225,9.8));
#3322 = CARTESIAN_POINT('',(25.,-26.6,9.5));
#3323 = CARTESIAN_POINT('',(4.6,-26.89900332225,9.8));
#3324 = CARTESIAN_POINT('',(4.6,-26.6,9.5));
#3325 = ADVANCED_FACE('',(#3326),#3343,.F.);
#3326 = FACE_BOUND('',#3327,.F.);
#3327 = EDGE_LOOP('',(#3328,#3335,#3336,#3337,#3338));
#3328 = ORIENTED_EDGE('',*,*,#3329,.F.);
#3329 = EDGE_CURVE('',#1912,#3330,#3332,.T.);
#3330 = VERTEX_POINT('',#3331);
#3331 = CARTESIAN_POINT('',(4.6,-27.9,1.8));
#3332 = B_SPLINE_CURVE_WITH_KNOTS('',1,(#3333,#3334),.UNSPECIFIED.,.F.,
  .F.,(2,2),(5.E-02,1.35),.PIECEWISE_BEZIER_KNOTS.);
#3333 = CARTESIAN_POINT('',(4.6,-26.6,1.8));
#3334 = CARTESIAN_POINT('',(4.6,-27.9,1.8));
#3335 = ORIENTED_EDGE('',*,*,#1911,.T.);
#3336 = ORIENTED_EDGE('',*,*,#3315,.T.);
#3337 = ORIENTED_EDGE('',*,*,#1365,.T.);
#3338 = ORIENTED_EDGE('',*,*,#3339,.T.);
#3339 = EDGE_CURVE('',#1359,#3330,#3340,.T.);
#3340 = B_SPLINE_CURVE_WITH_KNOTS('',1,(#3341,#3342),.UNSPECIFIED.,.F.,
  .F.,(2,2),(5.E-02,8.05),.PIECEWISE_BEZIER_KNOTS.);
#3341 = CARTESIAN_POINT('',(4.6,-27.9,9.8));
#3342 = CARTESIAN_POINT('',(4.6,-27.9,1.8));
#3343 = B_SPLINE_SURFACE_WITH_KNOTS('',1,1,(
    (#3344,#3345)
    ,(#3346,#3347
  )),.UNSPECIFIED.,.F.,.F.,.F.,(2,2),(2,2),(5.E-02,8.05),(-1.35,-5.E-02)
  ,.PIECEWISE_BEZIER_KNOTS.);
#3344 = CARTESIAN_POINT('',(4.6,-27.9,9.8));
#3345 = CARTESIAN_POINT('',(4.6,-26.6,9.8));
#3346 = CARTESIAN_POINT('',(4.6,-27.9,1.8));
#3347 = CARTESIAN_POINT('',(4.6,-26.6,1.8));
#3348 = ADVANCED_FACE('',(#3349),#3365,.T.);
#3349 = FACE_BOUND('',#3350,.T.);
#3350 = EDGE_LOOP('',(#3351,#3352,#3353,#3360));
#3351 = ORIENTED_EDGE('',*,*,#1358,.F.);
#3352 = ORIENTED_EDGE('',*,*,#3339,.T.);
#3353 = ORIENTED_EDGE('',*,*,#3354,.F.);
#3354 = EDGE_CURVE('',#3355,#3330,#3357,.T.);
#3355 = VERTEX_POINT('',#3356);
#3356 = CARTESIAN_POINT('',(-4.6,-27.9,1.8));
#3357 = B_SPLINE_CURVE_WITH_KNOTS('',1,(#3358,#3359),.UNSPECIFIED.,.F.,
  .F.,(2,2),(-8.6,0.6),.PIECEWISE_BEZIER_KNOTS.);
#3358 = CARTESIAN_POINT('',(-4.6,-27.9,1.8));
#3359 = CARTESIAN_POINT('',(4.6,-27.9,1.8));
#3360 = ORIENTED_EDGE('',*,*,#3361,.F.);
#3361 = EDGE_CURVE('',#1352,#3355,#3362,.T.);
#3362 = B_SPLINE_CURVE_WITH_KNOTS('',1,(#3363,#3364),.UNSPECIFIED.,.F.,
  .F.,(2,2),(5.E-02,8.05),.PIECEWISE_BEZIER_KNOTS.);
#3363 = CARTESIAN_POINT('',(-4.6,-27.9,9.8));
#3364 = CARTESIAN_POINT('',(-4.6,-27.9,1.8));
#3365 = B_SPLINE_SURFACE_WITH_KNOTS('',1,1,(
    (#3366,#3367)
    ,(#3368,#3369
    )),.UNSPECIFIED.,.F.,.F.,.F.,(2,2),(2,2),(-4.,4.),(-4.6,4.6),
  .PIECEWISE_BEZIER_KNOTS.);
#3366 = CARTESIAN_POINT('',(-4.6,-27.9,1.8));
#3367 = CARTESIAN_POINT('',(4.6,-27.9,1.8));
#3368 = CARTESIAN_POINT('',(-4.6,-27.9,9.8));
#3369 = CARTESIAN_POINT('',(4.6,-27.9,9.8));
#3370 = ADVANCED_FACE('',(#3371),#3386,.T.);
#3371 = FACE_BOUND('',#3372,.T.);
#3372 = EDGE_LOOP('',(#3373,#3378,#3379,#3384,#3385));
#3373 = ORIENTED_EDGE('',*,*,#3374,.F.);
#3374 = EDGE_CURVE('',#1947,#3355,#3375,.T.);
#3375 = B_SPLINE_CURVE_WITH_KNOTS('',1,(#3376,#3377),.UNSPECIFIED.,.F.,
  .F.,(2,2),(5.E-02,1.35),.PIECEWISE_BEZIER_KNOTS.);
#3376 = CARTESIAN_POINT('',(-4.6,-26.6,1.8));
#3377 = CARTESIAN_POINT('',(-4.6,-27.9,1.8));
#3378 = ORIENTED_EDGE('',*,*,#1953,.T.);
#3379 = ORIENTED_EDGE('',*,*,#3380,.T.);
#3380 = EDGE_CURVE('',#1954,#1345,#3381,.T.);
#3381 = B_SPLINE_CURVE_WITH_KNOTS('',1,(#3382,#3383),.UNSPECIFIED.,.F.,
  .F.,(2,2),(-0.106301180105,0.317258717338),.PIECEWISE_BEZIER_KNOTS.);
#3382 = CARTESIAN_POINT('',(-4.6,-26.6,9.5));
#3383 = CARTESIAN_POINT('',(-4.6,-26.89900332225,9.8));
#3384 = ORIENTED_EDGE('',*,*,#1351,.T.);
#3385 = ORIENTED_EDGE('',*,*,#3361,.T.);
#3386 = B_SPLINE_SURFACE_WITH_KNOTS('',1,1,(
    (#3387,#3388)
    ,(#3389,#3390
  )),.UNSPECIFIED.,.F.,.F.,.F.,(2,2),(2,2),(5.E-02,8.05),(-1.35,-5.E-02)
  ,.PIECEWISE_BEZIER_KNOTS.);
#3387 = CARTESIAN_POINT('',(-4.6,-27.9,9.8));
#3388 = CARTESIAN_POINT('',(-4.6,-26.6,9.8));
#3389 = CARTESIAN_POINT('',(-4.6,-27.9,1.8));
#3390 = CARTESIAN_POINT('',(-4.6,-26.6,1.8));
#3391 = ADVANCED_FACE('',(#3392),#3398,.F.);
#3392 = FACE_BOUND('',#3393,.F.);
#3393 = EDGE_LOOP('',(#3394,#3395,#3396,#3397));
#3394 = ORIENTED_EDGE('',*,*,#3380,.T.);
#3395 = ORIENTED_EDGE('',*,*,#1344,.T.);
#3396 = ORIENTED_EDGE('',*,*,#2878,.T.);
#3397 = ORIENTED_EDGE('',*,*,#1960,.T.);
#3398 = B_SPLINE_SURFACE_WITH_KNOTS('',1,1,(
    (#3399,#3400)
    ,(#3401,#3402
    )),.UNSPECIFIED.,.F.,.F.,.F.,(2,2),(2,2),(-22.,-1.6),(
    -0.423559897443,0.),.PIECEWISE_BEZIER_KNOTS.);
#3399 = CARTESIAN_POINT('',(-4.6,-26.89900332225,9.8));
#3400 = CARTESIAN_POINT('',(-4.6,-26.6,9.5));
#3401 = CARTESIAN_POINT('',(-25.,-26.89900332225,9.8));
#3402 = CARTESIAN_POINT('',(-25.,-26.6,9.5));
#3403 = ADVANCED_FACE('',(#3404),#3430,.T.);
#3404 = FACE_BOUND('',#3405,.T.);
#3405 = EDGE_LOOP('',(#3406,#3413,#3414,#3415,#3416,#3417,#3418,#3425));
#3406 = ORIENTED_EDGE('',*,*,#3407,.F.);
#3407 = EDGE_CURVE('',#1505,#3408,#3410,.T.);
#3408 = VERTEX_POINT('',#3409);
#3409 = CARTESIAN_POINT('',(4.,27.65,1.8));
#3410 = B_SPLINE_CURVE_WITH_KNOTS('',1,(#3411,#3412),.UNSPECIFIED.,.F.,
  .F.,(2,2),(-0.432743362832,0.617256637168),.PIECEWISE_BEZIER_KNOTS.);
#3411 = CARTESIAN_POINT('',(4.,26.6,1.8));
#3412 = CARTESIAN_POINT('',(4.,27.65,1.8));
#3413 = ORIENTED_EDGE('',*,*,#1504,.T.);
#3414 = ORIENTED_EDGE('',*,*,#3142,.T.);
#3415 = ORIENTED_EDGE('',*,*,#3122,.T.);
#3416 = ORIENTED_EDGE('',*,*,#3097,.F.);
#3417 = ORIENTED_EDGE('',*,*,#1532,.T.);
#3418 = ORIENTED_EDGE('',*,*,#3419,.T.);
#3419 = EDGE_CURVE('',#1526,#3420,#3422,.T.);
#3420 = VERTEX_POINT('',#3421);
#3421 = CARTESIAN_POINT('',(-4.,27.65,1.8));
#3422 = B_SPLINE_CURVE_WITH_KNOTS('',1,(#3423,#3424),.UNSPECIFIED.,.F.,
  .F.,(2,2),(5.E-02,1.1),.PIECEWISE_BEZIER_KNOTS.);
#3423 = CARTESIAN_POINT('',(-4.,26.6,1.8));
#3424 = CARTESIAN_POINT('',(-4.,27.65,1.8));
#3425 = ORIENTED_EDGE('',*,*,#3426,.F.);
#3426 = EDGE_CURVE('',#3408,#3420,#3427,.T.);
#3427 = B_SPLINE_CURVE_WITH_KNOTS('',1,(#3428,#3429),.UNSPECIFIED.,.F.,
  .F.,(2,2),(4.440892098501E-16,8.),.PIECEWISE_BEZIER_KNOTS.);
#3428 = CARTESIAN_POINT('',(4.,27.65,1.8));
#3429 = CARTESIAN_POINT('',(-4.,27.65,1.8));
#3430 = B_SPLINE_SURFACE_WITH_KNOTS('',1,1,(
    (#3431,#3432)
    ,(#3433,#3434
    )),.UNSPECIFIED.,.F.,.F.,.F.,(2,2),(2,2),(-4.6,4.6),(-0.384513274336
    ,0.915486725664),.PIECEWISE_BEZIER_KNOTS.);
#3431 = CARTESIAN_POINT('',(4.6,27.9,1.8));
#3432 = CARTESIAN_POINT('',(4.6,26.6,1.8));
#3433 = CARTESIAN_POINT('',(-4.6,27.9,1.8));
#3434 = CARTESIAN_POINT('',(-4.6,26.6,1.8));
#3435 = ADVANCED_FACE('',(#3436),#3488,.T.);
#3436 = FACE_BOUND('',#3437,.T.);
#3437 = EDGE_LOOP('',(#3438,#3447,#3454,#3461,#3468,#3475,#3480,#3481,
    #3482));
#3438 = ORIENTED_EDGE('',*,*,#3439,.F.);
#3439 = EDGE_CURVE('',#3440,#3442,#3444,.T.);
#3440 = VERTEX_POINT('',#3441);
#3441 = CARTESIAN_POINT('',(4.,27.4,9.4));
#3442 = VERTEX_POINT('',#3443);
#3443 = CARTESIAN_POINT('',(4.,27.4,2.05));
#3444 = B_SPLINE_CURVE_WITH_KNOTS('',1,(#3445,#3446),.UNSPECIFIED.,.F.,
  .F.,(2,2),(0.,7.35),.PIECEWISE_BEZIER_KNOTS.);
#3445 = CARTESIAN_POINT('',(4.,27.4,9.4));
#3446 = CARTESIAN_POINT('',(4.,27.4,2.05));
#3447 = ORIENTED_EDGE('',*,*,#3448,.F.);
#3448 = EDGE_CURVE('',#3449,#3440,#3451,.T.);
#3449 = VERTEX_POINT('',#3450);
#3450 = CARTESIAN_POINT('',(4.,26.6,9.4));
#3451 = B_SPLINE_CURVE_WITH_KNOTS('',1,(#3452,#3453),.UNSPECIFIED.,.F.,
  .F.,(2,2),(5.E-02,0.85),.PIECEWISE_BEZIER_KNOTS.);
#3452 = CARTESIAN_POINT('',(4.,26.6,9.4));
#3453 = CARTESIAN_POINT('',(4.,27.4,9.4));
#3454 = ORIENTED_EDGE('',*,*,#3455,.T.);
#3455 = EDGE_CURVE('',#3449,#3456,#3458,.T.);
#3456 = VERTEX_POINT('',#3457);
#3457 = CARTESIAN_POINT('',(4.,26.6,9.1));
#3458 = B_SPLINE_CURVE_WITH_KNOTS('',1,(#3459,#3460),.UNSPECIFIED.,.F.,
  .F.,(2,2),(0.475,0.775),.PIECEWISE_BEZIER_KNOTS.);
#3459 = CARTESIAN_POINT('',(4.,26.6,9.4));
#3460 = CARTESIAN_POINT('',(4.,26.6,9.1));
#3461 = ORIENTED_EDGE('',*,*,#3462,.T.);
#3462 = EDGE_CURVE('',#3456,#3463,#3465,.T.);
#3463 = VERTEX_POINT('',#3464);
#3464 = CARTESIAN_POINT('',(4.,26.2,8.7));
#3465 = B_SPLINE_CURVE_WITH_KNOTS('',1,(#3466,#3467),.UNSPECIFIED.,.F.,
  .F.,(2,2),(0.,0.565685424949),.PIECEWISE_BEZIER_KNOTS.);
#3466 = CARTESIAN_POINT('',(4.,26.6,9.1));
#3467 = CARTESIAN_POINT('',(4.,26.2,8.7));
#3468 = ORIENTED_EDGE('',*,*,#3469,.T.);
#3469 = EDGE_CURVE('',#3463,#3470,#3472,.T.);
#3470 = VERTEX_POINT('',#3471);
#3471 = CARTESIAN_POINT('',(4.,26.2,8.2));
#3472 = B_SPLINE_CURVE_WITH_KNOTS('',1,(#3473,#3474),.UNSPECIFIED.,.F.,
  .F.,(2,2),(0.,0.5),.PIECEWISE_BEZIER_KNOTS.);
#3473 = CARTESIAN_POINT('',(4.,26.2,8.7));
#3474 = CARTESIAN_POINT('',(4.,26.2,8.2));
#3475 = ORIENTED_EDGE('',*,*,#3476,.T.);
#3476 = EDGE_CURVE('',#3470,#1512,#3477,.T.);
#3477 = B_SPLINE_CURVE_WITH_KNOTS('',1,(#3478,#3479),.UNSPECIFIED.,.F.,
  .F.,(2,2),(0.,0.4),.PIECEWISE_BEZIER_KNOTS.);
#3478 = CARTESIAN_POINT('',(4.,26.2,8.2));
#3479 = CARTESIAN_POINT('',(4.,26.6,8.2));
#3480 = ORIENTED_EDGE('',*,*,#1511,.T.);
#3481 = ORIENTED_EDGE('',*,*,#3407,.T.);
#3482 = ORIENTED_EDGE('',*,*,#3483,.F.);
#3483 = EDGE_CURVE('',#3442,#3408,#3484,.T.);
#3484 = ( BOUNDED_CURVE() B_SPLINE_CURVE(2,(#3485,#3486,#3487),
.UNSPECIFIED.,.F.,.F.) B_SPLINE_CURVE_WITH_KNOTS((3,3),(3.14159265359,
4.712388980385),.PIECEWISE_BEZIER_KNOTS.) CURVE() 
GEOMETRIC_REPRESENTATION_ITEM() RATIONAL_B_SPLINE_CURVE((1.,
0.707106781187,1.)) REPRESENTATION_ITEM('') );
#3485 = CARTESIAN_POINT('',(4.,27.4,2.05));
#3486 = CARTESIAN_POINT('',(4.,27.4,1.8));
#3487 = CARTESIAN_POINT('',(4.,27.65,1.8));
#3488 = B_SPLINE_SURFACE_WITH_KNOTS('',1,1,(
    (#3489,#3490)
    ,(#3491,#3492
    )),.UNSPECIFIED.,.F.,.F.,.F.,(2,2),(2,2),(-3.793413839728,
    3.806586160272),(-0.777684748822,0.672315251178),
  .PIECEWISE_BEZIER_KNOTS.);
#3489 = CARTESIAN_POINT('',(4.,26.2,9.4));
#3490 = CARTESIAN_POINT('',(4.,27.65,9.4));
#3491 = CARTESIAN_POINT('',(4.,26.2,1.8));
#3492 = CARTESIAN_POINT('',(4.,27.65,1.8));
#3493 = ADVANCED_FACE('',(#3494),#3510,.T.);
#3494 = FACE_BOUND('',#3495,.T.);
#3495 = EDGE_LOOP('',(#3496,#3503,#3508,#3509));
#3496 = ORIENTED_EDGE('',*,*,#3497,.T.);
#3497 = EDGE_CURVE('',#3470,#3498,#3500,.T.);
#3498 = VERTEX_POINT('',#3499);
#3499 = CARTESIAN_POINT('',(-4.,26.2,8.2));
#3500 = B_SPLINE_CURVE_WITH_KNOTS('',1,(#3501,#3502),.UNSPECIFIED.,.F.,
  .F.,(2,2),(0.,8.),.PIECEWISE_BEZIER_KNOTS.);
#3501 = CARTESIAN_POINT('',(4.,26.2,8.2));
#3502 = CARTESIAN_POINT('',(-4.,26.2,8.2));
#3503 = ORIENTED_EDGE('',*,*,#3504,.T.);
#3504 = EDGE_CURVE('',#3498,#1519,#3505,.T.);
#3505 = B_SPLINE_CURVE_WITH_KNOTS('',1,(#3506,#3507),.UNSPECIFIED.,.F.,
  .F.,(2,2),(0.,0.4),.PIECEWISE_BEZIER_KNOTS.);
#3506 = CARTESIAN_POINT('',(-4.,26.2,8.2));
#3507 = CARTESIAN_POINT('',(-4.,26.6,8.2));
#3508 = ORIENTED_EDGE('',*,*,#1518,.F.);
#3509 = ORIENTED_EDGE('',*,*,#3476,.F.);
#3510 = B_SPLINE_SURFACE_WITH_KNOTS('',1,1,(
    (#3511,#3512)
    ,(#3513,#3514
    )),.UNSPECIFIED.,.F.,.F.,.F.,(2,2),(2,2),(0.,0.4),(-8.,0.),
  .PIECEWISE_BEZIER_KNOTS.);
#3511 = CARTESIAN_POINT('',(-4.,26.2,8.2));
#3512 = CARTESIAN_POINT('',(4.,26.2,8.2));
#3513 = CARTESIAN_POINT('',(-4.,26.6,8.2));
#3514 = CARTESIAN_POINT('',(4.,26.6,8.2));
#3515 = ADVANCED_FACE('',(#3516),#3562,.T.);
#3516 = FACE_BOUND('',#3517,.T.);
#3517 = EDGE_LOOP('',(#3518,#3527,#3533,#3534,#3535,#3536,#3543,#3550,
    #3557));
#3518 = ORIENTED_EDGE('',*,*,#3519,.T.);
#3519 = EDGE_CURVE('',#3520,#3522,#3524,.T.);
#3520 = VERTEX_POINT('',#3521);
#3521 = CARTESIAN_POINT('',(-4.,27.4,9.4));
#3522 = VERTEX_POINT('',#3523);
#3523 = CARTESIAN_POINT('',(-4.,27.4,2.05));
#3524 = B_SPLINE_CURVE_WITH_KNOTS('',1,(#3525,#3526),.UNSPECIFIED.,.F.,
  .F.,(2,2),(0.,7.35),.PIECEWISE_BEZIER_KNOTS.);
#3525 = CARTESIAN_POINT('',(-4.,27.4,9.4));
#3526 = CARTESIAN_POINT('',(-4.,27.4,2.05));
#3527 = ORIENTED_EDGE('',*,*,#3528,.T.);
#3528 = EDGE_CURVE('',#3522,#3420,#3529,.T.);
#3529 = ( BOUNDED_CURVE() B_SPLINE_CURVE(2,(#3530,#3531,#3532),
.UNSPECIFIED.,.F.,.F.) B_SPLINE_CURVE_WITH_KNOTS((3,3),(3.14159265359,
4.712388980385),.PIECEWISE_BEZIER_KNOTS.) CURVE() 
GEOMETRIC_REPRESENTATION_ITEM() RATIONAL_B_SPLINE_CURVE((1.,
0.707106781187,1.)) REPRESENTATION_ITEM('') );
#3530 = CARTESIAN_POINT('',(-4.,27.4,2.05));
#3531 = CARTESIAN_POINT('',(-4.,27.4,1.8));
#3532 = CARTESIAN_POINT('',(-4.,27.65,1.8));
#3533 = ORIENTED_EDGE('',*,*,#3419,.F.);
#3534 = ORIENTED_EDGE('',*,*,#1525,.F.);
#3535 = ORIENTED_EDGE('',*,*,#3504,.F.);
#3536 = ORIENTED_EDGE('',*,*,#3537,.F.);
#3537 = EDGE_CURVE('',#3538,#3498,#3540,.T.);
#3538 = VERTEX_POINT('',#3539);
#3539 = CARTESIAN_POINT('',(-4.,26.2,8.7));
#3540 = B_SPLINE_CURVE_WITH_KNOTS('',1,(#3541,#3542),.UNSPECIFIED.,.F.,
  .F.,(2,2),(0.,0.5),.PIECEWISE_BEZIER_KNOTS.);
#3541 = CARTESIAN_POINT('',(-4.,26.2,8.7));
#3542 = CARTESIAN_POINT('',(-4.,26.2,8.2));
#3543 = ORIENTED_EDGE('',*,*,#3544,.F.);
#3544 = EDGE_CURVE('',#3545,#3538,#3547,.T.);
#3545 = VERTEX_POINT('',#3546);
#3546 = CARTESIAN_POINT('',(-4.,26.6,9.1));
#3547 = B_SPLINE_CURVE_WITH_KNOTS('',1,(#3548,#3549),.UNSPECIFIED.,.F.,
  .F.,(2,2),(0.,0.565685424949),.PIECEWISE_BEZIER_KNOTS.);
#3548 = CARTESIAN_POINT('',(-4.,26.6,9.1));
#3549 = CARTESIAN_POINT('',(-4.,26.2,8.7));
#3550 = ORIENTED_EDGE('',*,*,#3551,.F.);
#3551 = EDGE_CURVE('',#3552,#3545,#3554,.T.);
#3552 = VERTEX_POINT('',#3553);
#3553 = CARTESIAN_POINT('',(-4.,26.6,9.4));
#3554 = B_SPLINE_CURVE_WITH_KNOTS('',1,(#3555,#3556),.UNSPECIFIED.,.F.,
  .F.,(2,2),(0.475,0.775),.PIECEWISE_BEZIER_KNOTS.);
#3555 = CARTESIAN_POINT('',(-4.,26.6,9.4));
#3556 = CARTESIAN_POINT('',(-4.,26.6,9.1));
#3557 = ORIENTED_EDGE('',*,*,#3558,.T.);
#3558 = EDGE_CURVE('',#3552,#3520,#3559,.T.);
#3559 = B_SPLINE_CURVE_WITH_KNOTS('',1,(#3560,#3561),.UNSPECIFIED.,.F.,
  .F.,(2,2),(5.E-02,0.85),.PIECEWISE_BEZIER_KNOTS.);
#3560 = CARTESIAN_POINT('',(-4.,26.6,9.4));
#3561 = CARTESIAN_POINT('',(-4.,27.4,9.4));
#3562 = B_SPLINE_SURFACE_WITH_KNOTS('',1,1,(
    (#3563,#3564)
    ,(#3565,#3566
    )),.UNSPECIFIED.,.F.,.F.,.F.,(2,2),(2,2),(-3.806586160272,
    3.793413839728),(-0.777684748822,0.672315251178),
  .PIECEWISE_BEZIER_KNOTS.);
#3563 = CARTESIAN_POINT('',(-4.,26.2,1.8));
#3564 = CARTESIAN_POINT('',(-4.,27.65,1.8));
#3565 = CARTESIAN_POINT('',(-4.,26.2,9.4));
#3566 = CARTESIAN_POINT('',(-4.,27.65,9.4));
#3567 = ADVANCED_FACE('',(#3568),#3590,.F.);
#3568 = FACE_BOUND('',#3569,.F.);
#3569 = EDGE_LOOP('',(#3570,#3571,#3578,#3585));
#3570 = ORIENTED_EDGE('',*,*,#1555,.F.);
#3571 = ORIENTED_EDGE('',*,*,#3572,.T.);
#3572 = EDGE_CURVE('',#1556,#3573,#3575,.T.);
#3573 = VERTEX_POINT('',#3574);
#3574 = CARTESIAN_POINT('',(-11.,26.599,7.6));
#3575 = B_SPLINE_CURVE_WITH_KNOTS('',1,(#3576,#3577),.UNSPECIFIED.,.F.,
  .F.,(2,2),(0.586730928646,0.601399201862),.PIECEWISE_BEZIER_KNOTS.);
#3576 = CARTESIAN_POINT('',(-11.01463414634,26.6,7.6));
#3577 = CARTESIAN_POINT('',(-11.,26.599,7.6));
#3578 = ORIENTED_EDGE('',*,*,#3579,.T.);
#3579 = EDGE_CURVE('',#3573,#3580,#3582,.T.);
#3580 = VERTEX_POINT('',#3581);
#3581 = CARTESIAN_POINT('',(-11.,26.48,7.3));
#3582 = B_SPLINE_CURVE_WITH_KNOTS('',1,(#3583,#3584),.UNSPECIFIED.,.F.,
  .F.,(2,2),(0.,1.),.PIECEWISE_BEZIER_KNOTS.);
#3583 = CARTESIAN_POINT('',(-11.,26.599,7.6));
#3584 = CARTESIAN_POINT('',(-11.,26.48,7.3));
#3585 = ORIENTED_EDGE('',*,*,#3586,.F.);
#3586 = EDGE_CURVE('',#1558,#3580,#3587,.T.);
#3587 = B_SPLINE_CURVE_WITH_KNOTS('',1,(#3588,#3589),.UNSPECIFIED.,.F.,
  .F.,(2,2),(0.155241746963,0.62096698785),.PIECEWISE_BEZIER_KNOTS.);
#3588 = CARTESIAN_POINT('',(-11.45,26.6,7.3));
#3589 = CARTESIAN_POINT('',(-11.,26.48,7.3));
#3590 = B_SPLINE_SURFACE_WITH_KNOTS('',1,1,(
    (#3591,#3592)
    ,(#3593,#3594
    )),.UNSPECIFIED.,.F.,.F.,.F.,(2,2),(2,2),(0.,0.62096698785),(0.,1.),
  .PIECEWISE_BEZIER_KNOTS.);
#3591 = CARTESIAN_POINT('',(-11.6,26.64,7.6));
#3592 = CARTESIAN_POINT('',(-11.6,26.64,7.3));
#3593 = CARTESIAN_POINT('',(-11.,26.599,7.6));
#3594 = CARTESIAN_POINT('',(-11.,26.48,7.3));
#3595 = ADVANCED_FACE('',(#3596),#3612,.F.);
#3596 = FACE_BOUND('',#3597,.F.);
#3597 = EDGE_LOOP('',(#3598,#3599,#3600,#3607));
#3598 = ORIENTED_EDGE('',*,*,#1716,.T.);
#3599 = ORIENTED_EDGE('',*,*,#3586,.T.);
#3600 = ORIENTED_EDGE('',*,*,#3601,.T.);
#3601 = EDGE_CURVE('',#3580,#3602,#3604,.T.);
#3602 = VERTEX_POINT('',#3603);
#3603 = CARTESIAN_POINT('',(-11.,26.48,3.1));
#3604 = B_SPLINE_CURVE_WITH_KNOTS('',1,(#3605,#3606),.UNSPECIFIED.,.F.,
  .F.,(2,2),(0.,1.),.PIECEWISE_BEZIER_KNOTS.);
#3605 = CARTESIAN_POINT('',(-11.,26.48,7.3));
#3606 = CARTESIAN_POINT('',(-11.,26.48,3.1));
#3607 = ORIENTED_EDGE('',*,*,#3608,.F.);
#3608 = EDGE_CURVE('',#1685,#3602,#3609,.T.);
#3609 = B_SPLINE_CURVE_WITH_KNOTS('',1,(#3610,#3611),.UNSPECIFIED.,.F.,
  .F.,(2,2),(0.155241746963,0.62096698785),.PIECEWISE_BEZIER_KNOTS.);
#3610 = CARTESIAN_POINT('',(-11.45,26.6,3.1));
#3611 = CARTESIAN_POINT('',(-11.,26.48,3.1));
#3612 = B_SPLINE_SURFACE_WITH_KNOTS('',1,1,(
    (#3613,#3614)
    ,(#3615,#3616
    )),.UNSPECIFIED.,.F.,.F.,.F.,(2,2),(2,2),(0.155241746963,
    0.62096698785),(-4.2,0.),.PIECEWISE_BEZIER_KNOTS.);
#3613 = CARTESIAN_POINT('',(-11.45,26.6,7.3));
#3614 = CARTESIAN_POINT('',(-11.45,26.6,3.1));
#3615 = CARTESIAN_POINT('',(-11.,26.48,7.3));
#3616 = CARTESIAN_POINT('',(-11.,26.48,3.1));
#3617 = ADVANCED_FACE('',(#3618),#3634,.F.);
#3618 = FACE_BOUND('',#3619,.F.);
#3619 = EDGE_LOOP('',(#3620,#3621,#3622,#3629));
#3620 = ORIENTED_EDGE('',*,*,#1684,.F.);
#3621 = ORIENTED_EDGE('',*,*,#3608,.T.);
#3622 = ORIENTED_EDGE('',*,*,#3623,.T.);
#3623 = EDGE_CURVE('',#3602,#3624,#3626,.T.);
#3624 = VERTEX_POINT('',#3625);
#3625 = CARTESIAN_POINT('',(-11.,26.599,2.8));
#3626 = B_SPLINE_CURVE_WITH_KNOTS('',1,(#3627,#3628),.UNSPECIFIED.,.F.,
  .F.,(2,2),(0.,1.),.PIECEWISE_BEZIER_KNOTS.);
#3627 = CARTESIAN_POINT('',(-11.,26.48,3.1));
#3628 = CARTESIAN_POINT('',(-11.,26.599,2.8));
#3629 = ORIENTED_EDGE('',*,*,#3630,.F.);
#3630 = EDGE_CURVE('',#1678,#3624,#3631,.T.);
#3631 = B_SPLINE_CURVE_WITH_KNOTS('',1,(#3632,#3633),.UNSPECIFIED.,.F.,
  .F.,(2,2),(0.586730928646,0.601399201862),.PIECEWISE_BEZIER_KNOTS.);
#3632 = CARTESIAN_POINT('',(-11.01463414634,26.6,2.8));
#3633 = CARTESIAN_POINT('',(-11.,26.599,2.8));
#3634 = B_SPLINE_SURFACE_WITH_KNOTS('',1,1,(
    (#3635,#3636)
    ,(#3637,#3638
    )),.UNSPECIFIED.,.F.,.F.,.F.,(2,2),(2,2),(0.,0.62096698785),(0.,1.),
  .PIECEWISE_BEZIER_KNOTS.);
#3635 = CARTESIAN_POINT('',(-11.6,26.64,3.1));
#3636 = CARTESIAN_POINT('',(-11.6,26.64,2.8));
#3637 = CARTESIAN_POINT('',(-11.,26.48,3.1));
#3638 = CARTESIAN_POINT('',(-11.,26.599,2.8));
#3639 = ADVANCED_FACE('',(#3640),#3649,.F.);
#3640 = FACE_BOUND('',#3641,.F.);
#3641 = EDGE_LOOP('',(#3642,#3647,#3648));
#3642 = ORIENTED_EDGE('',*,*,#3643,.T.);
#3643 = EDGE_CURVE('',#3624,#1646,#3644,.T.);
#3644 = B_SPLINE_CURVE_WITH_KNOTS('',1,(#3645,#3646),.UNSPECIFIED.,.F.,
  .F.,(2,2),(0.,1.466827321616E-02),.PIECEWISE_BEZIER_KNOTS.);
#3645 = CARTESIAN_POINT('',(-11.,26.599,2.8));
#3646 = CARTESIAN_POINT('',(-10.98536585365,26.6,2.8));
#3647 = ORIENTED_EDGE('',*,*,#1677,.T.);
#3648 = ORIENTED_EDGE('',*,*,#3630,.T.);
#3649 = B_SPLINE_SURFACE_WITH_KNOTS('',1,1,(
    (#3650,#3651)
    ,(#3652,#3653
    )),.UNSPECIFIED.,.F.,.F.,.F.,(2,2),(2,2),(0.585365853659,
    0.614634146341),(4.E-02,4.1E-02),.PIECEWISE_BEZIER_KNOTS.);
#3650 = CARTESIAN_POINT('',(-10.98536585365,26.6,2.8));
#3651 = CARTESIAN_POINT('',(-10.98536585365,26.599,2.8));
#3652 = CARTESIAN_POINT('',(-11.01463414634,26.6,2.8));
#3653 = CARTESIAN_POINT('',(-11.01463414634,26.599,2.8));
#3654 = ADVANCED_FACE('',(#3655),#3665,.F.);
#3655 = FACE_BOUND('',#3656,.F.);
#3656 = EDGE_LOOP('',(#3657,#3658,#3663,#3664));
#3657 = ORIENTED_EDGE('',*,*,#3623,.F.);
#3658 = ORIENTED_EDGE('',*,*,#3659,.T.);
#3659 = EDGE_CURVE('',#3602,#1639,#3660,.T.);
#3660 = B_SPLINE_CURVE_WITH_KNOTS('',1,(#3661,#3662),.UNSPECIFIED.,.F.,
  .F.,(2,2),(0.,0.465725240888),.PIECEWISE_BEZIER_KNOTS.);
#3661 = CARTESIAN_POINT('',(-11.,26.48,3.1));
#3662 = CARTESIAN_POINT('',(-10.55,26.6,3.1));
#3663 = ORIENTED_EDGE('',*,*,#1645,.T.);
#3664 = ORIENTED_EDGE('',*,*,#3643,.F.);
#3665 = B_SPLINE_SURFACE_WITH_KNOTS('',1,1,(
    (#3666,#3667)
    ,(#3668,#3669
    )),.UNSPECIFIED.,.F.,.F.,.F.,(2,2),(2,2),(0.,0.62096698785),(0.,1.),
  .PIECEWISE_BEZIER_KNOTS.);
#3666 = CARTESIAN_POINT('',(-11.,26.48,3.1));
#3667 = CARTESIAN_POINT('',(-11.,26.599,2.8));
#3668 = CARTESIAN_POINT('',(-10.4,26.64,3.1));
#3669 = CARTESIAN_POINT('',(-10.4,26.64,2.8));
#3670 = ADVANCED_FACE('',(#3671),#3681,.F.);
#3671 = FACE_BOUND('',#3672,.F.);
#3672 = EDGE_LOOP('',(#3673,#3674,#3679,#3680));
#3673 = ORIENTED_EDGE('',*,*,#3601,.F.);
#3674 = ORIENTED_EDGE('',*,*,#3675,.T.);
#3675 = EDGE_CURVE('',#3580,#1602,#3676,.T.);
#3676 = B_SPLINE_CURVE_WITH_KNOTS('',1,(#3677,#3678),.UNSPECIFIED.,.F.,
  .F.,(2,2),(0.,0.465725240888),.PIECEWISE_BEZIER_KNOTS.);
#3677 = CARTESIAN_POINT('',(-11.,26.48,7.3));
#3678 = CARTESIAN_POINT('',(-10.55,26.6,7.3));
#3679 = ORIENTED_EDGE('',*,*,#1638,.T.);
#3680 = ORIENTED_EDGE('',*,*,#3659,.F.);
#3681 = B_SPLINE_SURFACE_WITH_KNOTS('',1,1,(
    (#3682,#3683)
    ,(#3684,#3685
    )),.UNSPECIFIED.,.F.,.F.,.F.,(2,2),(2,2),(0.,0.465725240888),(-4.2,
    0.),.PIECEWISE_BEZIER_KNOTS.);
#3682 = CARTESIAN_POINT('',(-11.,26.48,7.3));
#3683 = CARTESIAN_POINT('',(-11.,26.48,3.1));
#3684 = CARTESIAN_POINT('',(-10.55,26.6,7.3));
#3685 = CARTESIAN_POINT('',(-10.55,26.6,3.1));
#3686 = ADVANCED_FACE('',(#3687),#3697,.F.);
#3687 = FACE_BOUND('',#3688,.F.);
#3688 = EDGE_LOOP('',(#3689,#3690,#3695,#3696));
#3689 = ORIENTED_EDGE('',*,*,#3579,.F.);
#3690 = ORIENTED_EDGE('',*,*,#3691,.T.);
#3691 = EDGE_CURVE('',#3573,#1595,#3692,.T.);
#3692 = B_SPLINE_CURVE_WITH_KNOTS('',1,(#3693,#3694),.UNSPECIFIED.,.F.,
  .F.,(2,2),(0.,1.466827321616E-02),.PIECEWISE_BEZIER_KNOTS.);
#3693 = CARTESIAN_POINT('',(-11.,26.599,7.6));
#3694 = CARTESIAN_POINT('',(-10.98536585365,26.6,7.6));
#3695 = ORIENTED_EDGE('',*,*,#1601,.T.);
#3696 = ORIENTED_EDGE('',*,*,#3675,.F.);
#3697 = B_SPLINE_SURFACE_WITH_KNOTS('',1,1,(
    (#3698,#3699)
    ,(#3700,#3701
    )),.UNSPECIFIED.,.F.,.F.,.F.,(2,2),(2,2),(0.,0.62096698785),(0.,1.),
  .PIECEWISE_BEZIER_KNOTS.);
#3698 = CARTESIAN_POINT('',(-11.,26.599,7.6));
#3699 = CARTESIAN_POINT('',(-11.,26.48,7.3));
#3700 = CARTESIAN_POINT('',(-10.4,26.64,7.6));
#3701 = CARTESIAN_POINT('',(-10.4,26.64,7.3));
#3702 = ADVANCED_FACE('',(#3703),#3708,.T.);
#3703 = FACE_BOUND('',#3704,.T.);
#3704 = EDGE_LOOP('',(#3705,#3706,#3707));
#3705 = ORIENTED_EDGE('',*,*,#3691,.T.);
#3706 = ORIENTED_EDGE('',*,*,#1594,.T.);
#3707 = ORIENTED_EDGE('',*,*,#3572,.T.);
#3708 = B_SPLINE_SURFACE_WITH_KNOTS('',1,1,(
    (#3709,#3710)
    ,(#3711,#3712
    )),.UNSPECIFIED.,.F.,.F.,.F.,(2,2),(2,2),(0.585365853659,
    0.614634146341),(4.E-02,4.1E-02),.PIECEWISE_BEZIER_KNOTS.);
#3709 = CARTESIAN_POINT('',(-10.98536585365,26.6,7.6));
#3710 = CARTESIAN_POINT('',(-10.98536585365,26.599,7.6));
#3711 = CARTESIAN_POINT('',(-11.01463414634,26.6,7.6));
#3712 = CARTESIAN_POINT('',(-11.01463414634,26.599,7.6));
#3713 = ADVANCED_FACE('',(#3714),#3736,.F.);
#3714 = FACE_BOUND('',#3715,.F.);
#3715 = EDGE_LOOP('',(#3716,#3717,#3724,#3731));
#3716 = ORIENTED_EDGE('',*,*,#1723,.F.);
#3717 = ORIENTED_EDGE('',*,*,#3718,.T.);
#3718 = EDGE_CURVE('',#1724,#3719,#3721,.T.);
#3719 = VERTEX_POINT('',#3720);
#3720 = CARTESIAN_POINT('',(11.,26.599,7.6));
#3721 = B_SPLINE_CURVE_WITH_KNOTS('',1,(#3722,#3723),.UNSPECIFIED.,.F.,
  .F.,(2,2),(0.586730928646,0.601399201862),.PIECEWISE_BEZIER_KNOTS.);
#3722 = CARTESIAN_POINT('',(10.985365853659,26.6,7.6));
#3723 = CARTESIAN_POINT('',(11.,26.599,7.6));
#3724 = ORIENTED_EDGE('',*,*,#3725,.T.);
#3725 = EDGE_CURVE('',#3719,#3726,#3728,.T.);
#3726 = VERTEX_POINT('',#3727);
#3727 = CARTESIAN_POINT('',(11.,26.48,7.3));
#3728 = B_SPLINE_CURVE_WITH_KNOTS('',1,(#3729,#3730),.UNSPECIFIED.,.F.,
  .F.,(2,2),(0.,1.),.PIECEWISE_BEZIER_KNOTS.);
#3729 = CARTESIAN_POINT('',(11.,26.599,7.6));
#3730 = CARTESIAN_POINT('',(11.,26.48,7.3));
#3731 = ORIENTED_EDGE('',*,*,#3732,.F.);
#3732 = EDGE_CURVE('',#1726,#3726,#3733,.T.);
#3733 = B_SPLINE_CURVE_WITH_KNOTS('',1,(#3734,#3735),.UNSPECIFIED.,.F.,
  .F.,(2,2),(0.155241746963,0.62096698785),.PIECEWISE_BEZIER_KNOTS.);
#3734 = CARTESIAN_POINT('',(10.55,26.6,7.3));
#3735 = CARTESIAN_POINT('',(11.,26.48,7.3));
#3736 = B_SPLINE_SURFACE_WITH_KNOTS('',1,1,(
    (#3737,#3738)
    ,(#3739,#3740
    )),.UNSPECIFIED.,.F.,.F.,.F.,(2,2),(2,2),(0.,0.62096698785),(0.,1.),
  .PIECEWISE_BEZIER_KNOTS.);
#3737 = CARTESIAN_POINT('',(10.4,26.64,7.6));
#3738 = CARTESIAN_POINT('',(10.4,26.64,7.3));
#3739 = CARTESIAN_POINT('',(11.,26.599,7.6));
#3740 = CARTESIAN_POINT('',(11.,26.48,7.3));
#3741 = ADVANCED_FACE('',(#3742),#3758,.F.);
#3742 = FACE_BOUND('',#3743,.F.);
#3743 = EDGE_LOOP('',(#3744,#3745,#3746,#3753));
#3744 = ORIENTED_EDGE('',*,*,#1884,.T.);
#3745 = ORIENTED_EDGE('',*,*,#3732,.T.);
#3746 = ORIENTED_EDGE('',*,*,#3747,.T.);
#3747 = EDGE_CURVE('',#3726,#3748,#3750,.T.);
#3748 = VERTEX_POINT('',#3749);
#3749 = CARTESIAN_POINT('',(11.,26.48,3.1));
#3750 = B_SPLINE_CURVE_WITH_KNOTS('',1,(#3751,#3752),.UNSPECIFIED.,.F.,
  .F.,(2,2),(0.,1.),.PIECEWISE_BEZIER_KNOTS.);
#3751 = CARTESIAN_POINT('',(11.,26.48,7.3));
#3752 = CARTESIAN_POINT('',(11.,26.48,3.1));
#3753 = ORIENTED_EDGE('',*,*,#3754,.F.);
#3754 = EDGE_CURVE('',#1853,#3748,#3755,.T.);
#3755 = B_SPLINE_CURVE_WITH_KNOTS('',1,(#3756,#3757),.UNSPECIFIED.,.F.,
  .F.,(2,2),(0.155241746963,0.62096698785),.PIECEWISE_BEZIER_KNOTS.);
#3756 = CARTESIAN_POINT('',(10.55,26.6,3.1));
#3757 = CARTESIAN_POINT('',(11.,26.48,3.1));
#3758 = B_SPLINE_SURFACE_WITH_KNOTS('',1,1,(
    (#3759,#3760)
    ,(#3761,#3762
    )),.UNSPECIFIED.,.F.,.F.,.F.,(2,2),(2,2),(0.155241746963,
    0.62096698785),(-4.2,0.),.PIECEWISE_BEZIER_KNOTS.);
#3759 = CARTESIAN_POINT('',(10.55,26.6,7.3));
#3760 = CARTESIAN_POINT('',(10.55,26.6,3.1));
#3761 = CARTESIAN_POINT('',(11.,26.48,7.3));
#3762 = CARTESIAN_POINT('',(11.,26.48,3.1));
#3763 = ADVANCED_FACE('',(#3764),#3780,.F.);
#3764 = FACE_BOUND('',#3765,.F.);
#3765 = EDGE_LOOP('',(#3766,#3767,#3768,#3775));
#3766 = ORIENTED_EDGE('',*,*,#1852,.F.);
#3767 = ORIENTED_EDGE('',*,*,#3754,.T.);
#3768 = ORIENTED_EDGE('',*,*,#3769,.T.);
#3769 = EDGE_CURVE('',#3748,#3770,#3772,.T.);
#3770 = VERTEX_POINT('',#3771);
#3771 = CARTESIAN_POINT('',(11.,26.599,2.8));
#3772 = B_SPLINE_CURVE_WITH_KNOTS('',1,(#3773,#3774),.UNSPECIFIED.,.F.,
  .F.,(2,2),(0.,1.),.PIECEWISE_BEZIER_KNOTS.);
#3773 = CARTESIAN_POINT('',(11.,26.48,3.1));
#3774 = CARTESIAN_POINT('',(11.,26.599,2.8));
#3775 = ORIENTED_EDGE('',*,*,#3776,.F.);
#3776 = EDGE_CURVE('',#1846,#3770,#3777,.T.);
#3777 = B_SPLINE_CURVE_WITH_KNOTS('',1,(#3778,#3779),.UNSPECIFIED.,.F.,
  .F.,(2,2),(0.586730928646,0.601399201862),.PIECEWISE_BEZIER_KNOTS.);
#3778 = CARTESIAN_POINT('',(10.985365853659,26.6,2.8));
#3779 = CARTESIAN_POINT('',(11.,26.599,2.8));
#3780 = B_SPLINE_SURFACE_WITH_KNOTS('',1,1,(
    (#3781,#3782)
    ,(#3783,#3784
    )),.UNSPECIFIED.,.F.,.F.,.F.,(2,2),(2,2),(0.,0.62096698785),(0.,1.),
  .PIECEWISE_BEZIER_KNOTS.);
#3781 = CARTESIAN_POINT('',(10.4,26.64,3.1));
#3782 = CARTESIAN_POINT('',(10.4,26.64,2.8));
#3783 = CARTESIAN_POINT('',(11.,26.48,3.1));
#3784 = CARTESIAN_POINT('',(11.,26.599,2.8));
#3785 = ADVANCED_FACE('',(#3786),#3795,.F.);
#3786 = FACE_BOUND('',#3787,.F.);
#3787 = EDGE_LOOP('',(#3788,#3793,#3794));
#3788 = ORIENTED_EDGE('',*,*,#3789,.T.);
#3789 = EDGE_CURVE('',#3770,#1814,#3790,.T.);
#3790 = B_SPLINE_CURVE_WITH_KNOTS('',1,(#3791,#3792),.UNSPECIFIED.,.F.,
  .F.,(2,2),(0.,1.466827321616E-02),.PIECEWISE_BEZIER_KNOTS.);
#3791 = CARTESIAN_POINT('',(11.,26.599,2.8));
#3792 = CARTESIAN_POINT('',(11.014634146341,26.6,2.8));
#3793 = ORIENTED_EDGE('',*,*,#1845,.T.);
#3794 = ORIENTED_EDGE('',*,*,#3776,.T.);
#3795 = B_SPLINE_SURFACE_WITH_KNOTS('',1,1,(
    (#3796,#3797)
    ,(#3798,#3799
    )),.UNSPECIFIED.,.F.,.F.,.F.,(2,2),(2,2),(0.585365853659,
    0.614634146341),(4.E-02,4.1E-02),.PIECEWISE_BEZIER_KNOTS.);
#3796 = CARTESIAN_POINT('',(11.014634146341,26.6,2.8));
#3797 = CARTESIAN_POINT('',(11.014634146341,26.599,2.8));
#3798 = CARTESIAN_POINT('',(10.985365853659,26.6,2.8));
#3799 = CARTESIAN_POINT('',(10.985365853659,26.599,2.8));
#3800 = ADVANCED_FACE('',(#3801),#3811,.F.);
#3801 = FACE_BOUND('',#3802,.F.);
#3802 = EDGE_LOOP('',(#3803,#3804,#3809,#3810));
#3803 = ORIENTED_EDGE('',*,*,#3769,.F.);
#3804 = ORIENTED_EDGE('',*,*,#3805,.T.);
#3805 = EDGE_CURVE('',#3748,#1807,#3806,.T.);
#3806 = B_SPLINE_CURVE_WITH_KNOTS('',1,(#3807,#3808),.UNSPECIFIED.,.F.,
  .F.,(2,2),(0.,0.465725240888),.PIECEWISE_BEZIER_KNOTS.);
#3807 = CARTESIAN_POINT('',(11.,26.48,3.1));
#3808 = CARTESIAN_POINT('',(11.45,26.6,3.1));
#3809 = ORIENTED_EDGE('',*,*,#1813,.T.);
#3810 = ORIENTED_EDGE('',*,*,#3789,.F.);
#3811 = B_SPLINE_SURFACE_WITH_KNOTS('',1,1,(
    (#3812,#3813)
    ,(#3814,#3815
    )),.UNSPECIFIED.,.F.,.F.,.F.,(2,2),(2,2),(0.,0.62096698785),(0.,1.),
  .PIECEWISE_BEZIER_KNOTS.);
#3812 = CARTESIAN_POINT('',(11.,26.48,3.1));
#3813 = CARTESIAN_POINT('',(11.,26.599,2.8));
#3814 = CARTESIAN_POINT('',(11.6,26.64,3.1));
#3815 = CARTESIAN_POINT('',(11.6,26.64,2.8));
#3816 = ADVANCED_FACE('',(#3817),#3827,.F.);
#3817 = FACE_BOUND('',#3818,.F.);
#3818 = EDGE_LOOP('',(#3819,#3820,#3825,#3826));
#3819 = ORIENTED_EDGE('',*,*,#3747,.F.);
#3820 = ORIENTED_EDGE('',*,*,#3821,.T.);
#3821 = EDGE_CURVE('',#3726,#1770,#3822,.T.);
#3822 = B_SPLINE_CURVE_WITH_KNOTS('',1,(#3823,#3824),.UNSPECIFIED.,.F.,
  .F.,(2,2),(0.,0.465725240888),.PIECEWISE_BEZIER_KNOTS.);
#3823 = CARTESIAN_POINT('',(11.,26.48,7.3));
#3824 = CARTESIAN_POINT('',(11.45,26.6,7.3));
#3825 = ORIENTED_EDGE('',*,*,#1806,.T.);
#3826 = ORIENTED_EDGE('',*,*,#3805,.F.);
#3827 = B_SPLINE_SURFACE_WITH_KNOTS('',1,1,(
    (#3828,#3829)
    ,(#3830,#3831
    )),.UNSPECIFIED.,.F.,.F.,.F.,(2,2),(2,2),(0.,0.465725240888),(-4.2,
    0.),.PIECEWISE_BEZIER_KNOTS.);
#3828 = CARTESIAN_POINT('',(11.,26.48,7.3));
#3829 = CARTESIAN_POINT('',(11.,26.48,3.1));
#3830 = CARTESIAN_POINT('',(11.45,26.6,7.3));
#3831 = CARTESIAN_POINT('',(11.45,26.6,3.1));
#3832 = ADVANCED_FACE('',(#3833),#3843,.F.);
#3833 = FACE_BOUND('',#3834,.F.);
#3834 = EDGE_LOOP('',(#3835,#3836,#3841,#3842));
#3835 = ORIENTED_EDGE('',*,*,#3725,.F.);
#3836 = ORIENTED_EDGE('',*,*,#3837,.T.);
#3837 = EDGE_CURVE('',#3719,#1763,#3838,.T.);
#3838 = B_SPLINE_CURVE_WITH_KNOTS('',1,(#3839,#3840),.UNSPECIFIED.,.F.,
  .F.,(2,2),(0.,1.466827321616E-02),.PIECEWISE_BEZIER_KNOTS.);
#3839 = CARTESIAN_POINT('',(11.,26.599,7.6));
#3840 = CARTESIAN_POINT('',(11.014634146341,26.6,7.6));
#3841 = ORIENTED_EDGE('',*,*,#1769,.T.);
#3842 = ORIENTED_EDGE('',*,*,#3821,.F.);
#3843 = B_SPLINE_SURFACE_WITH_KNOTS('',1,1,(
    (#3844,#3845)
    ,(#3846,#3847
    )),.UNSPECIFIED.,.F.,.F.,.F.,(2,2),(2,2),(0.,0.62096698785),(0.,1.),
  .PIECEWISE_BEZIER_KNOTS.);
#3844 = CARTESIAN_POINT('',(11.,26.599,7.6));
#3845 = CARTESIAN_POINT('',(11.,26.48,7.3));
#3846 = CARTESIAN_POINT('',(11.6,26.64,7.6));
#3847 = CARTESIAN_POINT('',(11.6,26.64,7.3));
#3848 = ADVANCED_FACE('',(#3849),#3854,.T.);
#3849 = FACE_BOUND('',#3850,.T.);
#3850 = EDGE_LOOP('',(#3851,#3852,#3853));
#3851 = ORIENTED_EDGE('',*,*,#3837,.T.);
#3852 = ORIENTED_EDGE('',*,*,#1762,.T.);
#3853 = ORIENTED_EDGE('',*,*,#3718,.T.);
#3854 = B_SPLINE_SURFACE_WITH_KNOTS('',1,1,(
    (#3855,#3856)
    ,(#3857,#3858
    )),.UNSPECIFIED.,.F.,.F.,.F.,(2,2),(2,2),(0.585365853659,
    0.614634146341),(4.E-02,4.1E-02),.PIECEWISE_BEZIER_KNOTS.);
#3855 = CARTESIAN_POINT('',(11.014634146341,26.6,7.6));
#3856 = CARTESIAN_POINT('',(11.014634146341,26.599,7.6));
#3857 = CARTESIAN_POINT('',(10.985365853659,26.6,7.6));
#3858 = CARTESIAN_POINT('',(10.985365853659,26.599,7.6));
#3859 = ADVANCED_FACE('',(#3860),#3886,.T.);
#3860 = FACE_BOUND('',#3861,.T.);
#3861 = EDGE_LOOP('',(#3862,#3869,#3870,#3871,#3872,#3873,#3874,#3881));
#3862 = ORIENTED_EDGE('',*,*,#3863,.F.);
#3863 = EDGE_CURVE('',#1940,#3864,#3866,.T.);
#3864 = VERTEX_POINT('',#3865);
#3865 = CARTESIAN_POINT('',(-4.,-27.65,1.8));
#3866 = B_SPLINE_CURVE_WITH_KNOTS('',1,(#3867,#3868),.UNSPECIFIED.,.F.,
  .F.,(2,2),(-0.432743362832,0.617256637168),.PIECEWISE_BEZIER_KNOTS.);
#3867 = CARTESIAN_POINT('',(-4.,-26.6,1.8));
#3868 = CARTESIAN_POINT('',(-4.,-27.65,1.8));
#3869 = ORIENTED_EDGE('',*,*,#1946,.F.);
#3870 = ORIENTED_EDGE('',*,*,#3374,.T.);
#3871 = ORIENTED_EDGE('',*,*,#3354,.T.);
#3872 = ORIENTED_EDGE('',*,*,#3329,.F.);
#3873 = ORIENTED_EDGE('',*,*,#1918,.F.);
#3874 = ORIENTED_EDGE('',*,*,#3875,.T.);
#3875 = EDGE_CURVE('',#1919,#3876,#3878,.T.);
#3876 = VERTEX_POINT('',#3877);
#3877 = CARTESIAN_POINT('',(4.,-27.65,1.8));
#3878 = B_SPLINE_CURVE_WITH_KNOTS('',1,(#3879,#3880),.UNSPECIFIED.,.F.,
  .F.,(2,2),(5.E-02,1.1),.PIECEWISE_BEZIER_KNOTS.);
#3879 = CARTESIAN_POINT('',(4.,-26.6,1.8));
#3880 = CARTESIAN_POINT('',(4.,-27.65,1.8));
#3881 = ORIENTED_EDGE('',*,*,#3882,.F.);
#3882 = EDGE_CURVE('',#3864,#3876,#3883,.T.);
#3883 = B_SPLINE_CURVE_WITH_KNOTS('',1,(#3884,#3885),.UNSPECIFIED.,.F.,
  .F.,(2,2),(4.440892098501E-16,8.),.PIECEWISE_BEZIER_KNOTS.);
#3884 = CARTESIAN_POINT('',(-4.,-27.65,1.8));
#3885 = CARTESIAN_POINT('',(4.,-27.65,1.8));
#3886 = B_SPLINE_SURFACE_WITH_KNOTS('',1,1,(
    (#3887,#3888)
    ,(#3889,#3890
    )),.UNSPECIFIED.,.F.,.F.,.F.,(2,2),(2,2),(-4.6,4.6),(-0.915486725664
    ,0.384513274336),.PIECEWISE_BEZIER_KNOTS.);
#3887 = CARTESIAN_POINT('',(4.6,-26.6,1.8));
#3888 = CARTESIAN_POINT('',(4.6,-27.9,1.8));
#3889 = CARTESIAN_POINT('',(-4.6,-26.6,1.8));
#3890 = CARTESIAN_POINT('',(-4.6,-27.9,1.8));
#3891 = ADVANCED_FACE('',(#3892),#3944,.T.);
#3892 = FACE_BOUND('',#3893,.T.);
#3893 = EDGE_LOOP('',(#3894,#3903,#3909,#3910,#3911,#3918,#3925,#3932,
    #3939));
#3894 = ORIENTED_EDGE('',*,*,#3895,.T.);
#3895 = EDGE_CURVE('',#3896,#3898,#3900,.T.);
#3896 = VERTEX_POINT('',#3897);
#3897 = CARTESIAN_POINT('',(4.,-27.4,9.4));
#3898 = VERTEX_POINT('',#3899);
#3899 = CARTESIAN_POINT('',(4.,-27.4,2.05));
#3900 = B_SPLINE_CURVE_WITH_KNOTS('',1,(#3901,#3902),.UNSPECIFIED.,.F.,
  .F.,(2,2),(0.,7.35),.PIECEWISE_BEZIER_KNOTS.);
#3901 = CARTESIAN_POINT('',(4.,-27.4,9.4));
#3902 = CARTESIAN_POINT('',(4.,-27.4,2.05));
#3903 = ORIENTED_EDGE('',*,*,#3904,.T.);
#3904 = EDGE_CURVE('',#3898,#3876,#3905,.T.);
#3905 = ( BOUNDED_CURVE() B_SPLINE_CURVE(2,(#3906,#3907,#3908),
.UNSPECIFIED.,.F.,.F.) B_SPLINE_CURVE_WITH_KNOTS((3,3),(4.712388980385,
6.28318530718),.PIECEWISE_BEZIER_KNOTS.) CURVE() 
GEOMETRIC_REPRESENTATION_ITEM() RATIONAL_B_SPLINE_CURVE((1.,
0.707106781187,1.)) REPRESENTATION_ITEM('') );
#3906 = CARTESIAN_POINT('',(4.,-27.4,2.05));
#3907 = CARTESIAN_POINT('',(4.,-27.4,1.8));
#3908 = CARTESIAN_POINT('',(4.,-27.65,1.8));
#3909 = ORIENTED_EDGE('',*,*,#3875,.F.);
#3910 = ORIENTED_EDGE('',*,*,#1925,.T.);
#3911 = ORIENTED_EDGE('',*,*,#3912,.F.);
#3912 = EDGE_CURVE('',#3913,#1926,#3915,.T.);
#3913 = VERTEX_POINT('',#3914);
#3914 = CARTESIAN_POINT('',(4.,-26.2,8.2));
#3915 = B_SPLINE_CURVE_WITH_KNOTS('',1,(#3916,#3917),.UNSPECIFIED.,.F.,
  .F.,(2,2),(0.,0.4),.PIECEWISE_BEZIER_KNOTS.);
#3916 = CARTESIAN_POINT('',(4.,-26.2,8.2));
#3917 = CARTESIAN_POINT('',(4.,-26.6,8.2));
#3918 = ORIENTED_EDGE('',*,*,#3919,.F.);
#3919 = EDGE_CURVE('',#3920,#3913,#3922,.T.);
#3920 = VERTEX_POINT('',#3921);
#3921 = CARTESIAN_POINT('',(4.,-26.2,8.7));
#3922 = B_SPLINE_CURVE_WITH_KNOTS('',1,(#3923,#3924),.UNSPECIFIED.,.F.,
  .F.,(2,2),(0.,0.5),.PIECEWISE_BEZIER_KNOTS.);
#3923 = CARTESIAN_POINT('',(4.,-26.2,8.7));
#3924 = CARTESIAN_POINT('',(4.,-26.2,8.2));
#3925 = ORIENTED_EDGE('',*,*,#3926,.F.);
#3926 = EDGE_CURVE('',#3927,#3920,#3929,.T.);
#3927 = VERTEX_POINT('',#3928);
#3928 = CARTESIAN_POINT('',(4.,-26.6,9.1));
#3929 = B_SPLINE_CURVE_WITH_KNOTS('',1,(#3930,#3931),.UNSPECIFIED.,.F.,
  .F.,(2,2),(0.,0.565685424949),.PIECEWISE_BEZIER_KNOTS.);
#3930 = CARTESIAN_POINT('',(4.,-26.6,9.1));
#3931 = CARTESIAN_POINT('',(4.,-26.2,8.7));
#3932 = ORIENTED_EDGE('',*,*,#3933,.T.);
#3933 = EDGE_CURVE('',#3927,#3934,#3936,.T.);
#3934 = VERTEX_POINT('',#3935);
#3935 = CARTESIAN_POINT('',(4.,-26.6,9.4));
#3936 = B_SPLINE_CURVE_WITH_KNOTS('',1,(#3937,#3938),.UNSPECIFIED.,.F.,
  .F.,(2,2),(-0.775,-0.475),.PIECEWISE_BEZIER_KNOTS.);
#3937 = CARTESIAN_POINT('',(4.,-26.6,9.1));
#3938 = CARTESIAN_POINT('',(4.,-26.6,9.4));
#3939 = ORIENTED_EDGE('',*,*,#3940,.T.);
#3940 = EDGE_CURVE('',#3934,#3896,#3941,.T.);
#3941 = B_SPLINE_CURVE_WITH_KNOTS('',1,(#3942,#3943),.UNSPECIFIED.,.F.,
  .F.,(2,2),(5.E-02,0.85),.PIECEWISE_BEZIER_KNOTS.);
#3942 = CARTESIAN_POINT('',(4.,-26.6,9.4));
#3943 = CARTESIAN_POINT('',(4.,-27.4,9.4));
#3944 = B_SPLINE_SURFACE_WITH_KNOTS('',1,1,(
    (#3945,#3946)
    ,(#3947,#3948
    )),.UNSPECIFIED.,.F.,.F.,.F.,(2,2),(2,2),(-3.793413839728,
    3.806586160272),(-0.672315251178,0.777684748822),
  .PIECEWISE_BEZIER_KNOTS.);
#3945 = CARTESIAN_POINT('',(4.,-27.65,9.4));
#3946 = CARTESIAN_POINT('',(4.,-26.2,9.4));
#3947 = CARTESIAN_POINT('',(4.,-27.65,1.8));
#3948 = CARTESIAN_POINT('',(4.,-26.2,1.8));
#3949 = ADVANCED_FACE('',(#3950),#3966,.T.);
#3950 = FACE_BOUND('',#3951,.T.);
#3951 = EDGE_LOOP('',(#3952,#3959,#3960,#3961));
#3952 = ORIENTED_EDGE('',*,*,#3953,.T.);
#3953 = EDGE_CURVE('',#3954,#3913,#3956,.T.);
#3954 = VERTEX_POINT('',#3955);
#3955 = CARTESIAN_POINT('',(-4.,-26.2,8.2));
#3956 = B_SPLINE_CURVE_WITH_KNOTS('',1,(#3957,#3958),.UNSPECIFIED.,.F.,
  .F.,(2,2),(0.,8.),.PIECEWISE_BEZIER_KNOTS.);
#3957 = CARTESIAN_POINT('',(-4.,-26.2,8.2));
#3958 = CARTESIAN_POINT('',(4.,-26.2,8.2));
#3959 = ORIENTED_EDGE('',*,*,#3912,.T.);
#3960 = ORIENTED_EDGE('',*,*,#1932,.F.);
#3961 = ORIENTED_EDGE('',*,*,#3962,.F.);
#3962 = EDGE_CURVE('',#3954,#1933,#3963,.T.);
#3963 = B_SPLINE_CURVE_WITH_KNOTS('',1,(#3964,#3965),.UNSPECIFIED.,.F.,
  .F.,(2,2),(0.,0.4),.PIECEWISE_BEZIER_KNOTS.);
#3964 = CARTESIAN_POINT('',(-4.,-26.2,8.2));
#3965 = CARTESIAN_POINT('',(-4.,-26.6,8.2));
#3966 = B_SPLINE_SURFACE_WITH_KNOTS('',1,1,(
    (#3967,#3968)
    ,(#3969,#3970
    )),.UNSPECIFIED.,.F.,.F.,.F.,(2,2),(2,2),(0.,0.4),(-8.,0.),
  .PIECEWISE_BEZIER_KNOTS.);
#3967 = CARTESIAN_POINT('',(4.,-26.2,8.2));
#3968 = CARTESIAN_POINT('',(-4.,-26.2,8.2));
#3969 = CARTESIAN_POINT('',(4.,-26.6,8.2));
#3970 = CARTESIAN_POINT('',(-4.,-26.6,8.2));
#3971 = ADVANCED_FACE('',(#3972),#4018,.T.);
#3972 = FACE_BOUND('',#3973,.T.);
#3973 = EDGE_LOOP('',(#3974,#3983,#3990,#3997,#4004,#4009,#4010,#4011,
    #4012));
#3974 = ORIENTED_EDGE('',*,*,#3975,.F.);
#3975 = EDGE_CURVE('',#3976,#3978,#3980,.T.);
#3976 = VERTEX_POINT('',#3977);
#3977 = CARTESIAN_POINT('',(-4.,-27.4,9.4));
#3978 = VERTEX_POINT('',#3979);
#3979 = CARTESIAN_POINT('',(-4.,-27.4,2.05));
#3980 = B_SPLINE_CURVE_WITH_KNOTS('',1,(#3981,#3982),.UNSPECIFIED.,.F.,
  .F.,(2,2),(0.,7.35),.PIECEWISE_BEZIER_KNOTS.);
#3981 = CARTESIAN_POINT('',(-4.,-27.4,9.4));
#3982 = CARTESIAN_POINT('',(-4.,-27.4,2.05));
#3983 = ORIENTED_EDGE('',*,*,#3984,.F.);
#3984 = EDGE_CURVE('',#3985,#3976,#3987,.T.);
#3985 = VERTEX_POINT('',#3986);
#3986 = CARTESIAN_POINT('',(-4.,-26.6,9.4));
#3987 = B_SPLINE_CURVE_WITH_KNOTS('',1,(#3988,#3989),.UNSPECIFIED.,.F.,
  .F.,(2,2),(5.E-02,0.85),.PIECEWISE_BEZIER_KNOTS.);
#3988 = CARTESIAN_POINT('',(-4.,-26.6,9.4));
#3989 = CARTESIAN_POINT('',(-4.,-27.4,9.4));
#3990 = ORIENTED_EDGE('',*,*,#3991,.F.);
#3991 = EDGE_CURVE('',#3992,#3985,#3994,.T.);
#3992 = VERTEX_POINT('',#3993);
#3993 = CARTESIAN_POINT('',(-4.,-26.6,9.1));
#3994 = B_SPLINE_CURVE_WITH_KNOTS('',1,(#3995,#3996),.UNSPECIFIED.,.F.,
  .F.,(2,2),(-0.775,-0.475),.PIECEWISE_BEZIER_KNOTS.);
#3995 = CARTESIAN_POINT('',(-4.,-26.6,9.1));
#3996 = CARTESIAN_POINT('',(-4.,-26.6,9.4));
#3997 = ORIENTED_EDGE('',*,*,#3998,.T.);
#3998 = EDGE_CURVE('',#3992,#3999,#4001,.T.);
#3999 = VERTEX_POINT('',#4000);
#4000 = CARTESIAN_POINT('',(-4.,-26.2,8.7));
#4001 = B_SPLINE_CURVE_WITH_KNOTS('',1,(#4002,#4003),.UNSPECIFIED.,.F.,
  .F.,(2,2),(0.,0.565685424949),.PIECEWISE_BEZIER_KNOTS.);
#4002 = CARTESIAN_POINT('',(-4.,-26.6,9.1));
#4003 = CARTESIAN_POINT('',(-4.,-26.2,8.7));
#4004 = ORIENTED_EDGE('',*,*,#4005,.T.);
#4005 = EDGE_CURVE('',#3999,#3954,#4006,.T.);
#4006 = B_SPLINE_CURVE_WITH_KNOTS('',1,(#4007,#4008),.UNSPECIFIED.,.F.,
  .F.,(2,2),(0.,0.5),.PIECEWISE_BEZIER_KNOTS.);
#4007 = CARTESIAN_POINT('',(-4.,-26.2,8.7));
#4008 = CARTESIAN_POINT('',(-4.,-26.2,8.2));
#4009 = ORIENTED_EDGE('',*,*,#3962,.T.);
#4010 = ORIENTED_EDGE('',*,*,#1939,.F.);
#4011 = ORIENTED_EDGE('',*,*,#3863,.T.);
#4012 = ORIENTED_EDGE('',*,*,#4013,.F.);
#4013 = EDGE_CURVE('',#3978,#3864,#4014,.T.);
#4014 = ( BOUNDED_CURVE() B_SPLINE_CURVE(2,(#4015,#4016,#4017),
.UNSPECIFIED.,.F.,.F.) B_SPLINE_CURVE_WITH_KNOTS((3,3),(4.712388980385,
6.28318530718),.PIECEWISE_BEZIER_KNOTS.) CURVE() 
GEOMETRIC_REPRESENTATION_ITEM() RATIONAL_B_SPLINE_CURVE((1.,
0.707106781187,1.)) REPRESENTATION_ITEM('') );
#4015 = CARTESIAN_POINT('',(-4.,-27.4,2.05));
#4016 = CARTESIAN_POINT('',(-4.,-27.4,1.8));
#4017 = CARTESIAN_POINT('',(-4.,-27.65,1.8));
#4018 = B_SPLINE_SURFACE_WITH_KNOTS('',1,1,(
    (#4019,#4020)
    ,(#4021,#4022
    )),.UNSPECIFIED.,.F.,.F.,.F.,(2,2),(2,2),(-3.806586160272,
    3.793413839728),(-0.672315251178,0.777684748822),
  .PIECEWISE_BEZIER_KNOTS.);
#4019 = CARTESIAN_POINT('',(-4.,-27.65,1.8));
#4020 = CARTESIAN_POINT('',(-4.,-26.2,1.8));
#4021 = CARTESIAN_POINT('',(-4.,-27.65,9.4));
#4022 = CARTESIAN_POINT('',(-4.,-26.2,9.4));
#4023 = ADVANCED_FACE('',(#4024),#4039,.T.);
#4024 = FACE_BOUND('',#4025,.T.);
#4025 = EDGE_LOOP('',(#4026,#4033,#4034));
#4026 = ORIENTED_EDGE('',*,*,#4027,.T.);
#4027 = EDGE_CURVE('',#4028,#1972,#4030,.T.);
#4028 = VERTEX_POINT('',#4029);
#4029 = CARTESIAN_POINT('',(-11.,-26.599,7.6));
#4030 = B_SPLINE_CURVE_WITH_KNOTS('',1,(#4031,#4032),.UNSPECIFIED.,.F.,
  .F.,(2,2),(0.,1.466827321616E-02),.PIECEWISE_BEZIER_KNOTS.);
#4031 = CARTESIAN_POINT('',(-11.,-26.599,7.6));
#4032 = CARTESIAN_POINT('',(-11.01463414634,-26.6,7.6));
#4033 = ORIENTED_EDGE('',*,*,#1969,.F.);
#4034 = ORIENTED_EDGE('',*,*,#4035,.T.);
#4035 = EDGE_CURVE('',#1970,#4028,#4036,.T.);
#4036 = B_SPLINE_CURVE_WITH_KNOTS('',1,(#4037,#4038),.UNSPECIFIED.,.F.,
  .F.,(2,2),(0.586730928646,0.601399201862),.PIECEWISE_BEZIER_KNOTS.);
#4037 = CARTESIAN_POINT('',(-10.98536585365,-26.6,7.6));
#4038 = CARTESIAN_POINT('',(-11.,-26.599,7.6));
#4039 = B_SPLINE_SURFACE_WITH_KNOTS('',1,1,(
    (#4040,#4041)
    ,(#4042,#4043
    )),.UNSPECIFIED.,.F.,.F.,.F.,(2,2),(2,2),(0.585365853659,
    0.614634146341),(4.E-02,4.1E-02),.PIECEWISE_BEZIER_KNOTS.);
#4040 = CARTESIAN_POINT('',(-11.01463414634,-26.6,7.6));
#4041 = CARTESIAN_POINT('',(-11.01463414634,-26.599,7.6));
#4042 = CARTESIAN_POINT('',(-10.98536585365,-26.6,7.6));
#4043 = CARTESIAN_POINT('',(-10.98536585365,-26.599,7.6));
#4044 = ADVANCED_FACE('',(#4045),#4061,.F.);
#4045 = FACE_BOUND('',#4046,.F.);
#4046 = EDGE_LOOP('',(#4047,#4054,#4055,#4056));
#4047 = ORIENTED_EDGE('',*,*,#4048,.F.);
#4048 = EDGE_CURVE('',#4028,#4049,#4051,.T.);
#4049 = VERTEX_POINT('',#4050);
#4050 = CARTESIAN_POINT('',(-11.,-26.48,7.3));
#4051 = B_SPLINE_CURVE_WITH_KNOTS('',1,(#4052,#4053),.UNSPECIFIED.,.F.,
  .F.,(2,2),(0.,1.),.PIECEWISE_BEZIER_KNOTS.);
#4052 = CARTESIAN_POINT('',(-11.,-26.599,7.6));
#4053 = CARTESIAN_POINT('',(-11.,-26.48,7.3));
#4054 = ORIENTED_EDGE('',*,*,#4027,.T.);
#4055 = ORIENTED_EDGE('',*,*,#2100,.T.);
#4056 = ORIENTED_EDGE('',*,*,#4057,.F.);
#4057 = EDGE_CURVE('',#4049,#2094,#4058,.T.);
#4058 = B_SPLINE_CURVE_WITH_KNOTS('',1,(#4059,#4060),.UNSPECIFIED.,.F.,
  .F.,(2,2),(0.,0.465725240888),.PIECEWISE_BEZIER_KNOTS.);
#4059 = CARTESIAN_POINT('',(-11.,-26.48,7.3));
#4060 = CARTESIAN_POINT('',(-11.45,-26.6,7.3));
#4061 = B_SPLINE_SURFACE_WITH_KNOTS('',1,1,(
    (#4062,#4063)
    ,(#4064,#4065
    )),.UNSPECIFIED.,.F.,.F.,.F.,(2,2),(2,2),(0.,0.62096698785),(0.,1.),
  .PIECEWISE_BEZIER_KNOTS.);
#4062 = CARTESIAN_POINT('',(-11.,-26.599,7.6));
#4063 = CARTESIAN_POINT('',(-11.,-26.48,7.3));
#4064 = CARTESIAN_POINT('',(-11.6,-26.64,7.6));
#4065 = CARTESIAN_POINT('',(-11.6,-26.64,7.3));
#4066 = ADVANCED_FACE('',(#4067),#4083,.F.);
#4067 = FACE_BOUND('',#4068,.F.);
#4068 = EDGE_LOOP('',(#4069,#4076,#4077,#4078));
#4069 = ORIENTED_EDGE('',*,*,#4070,.F.);
#4070 = EDGE_CURVE('',#4049,#4071,#4073,.T.);
#4071 = VERTEX_POINT('',#4072);
#4072 = CARTESIAN_POINT('',(-11.,-26.48,3.1));
#4073 = B_SPLINE_CURVE_WITH_KNOTS('',1,(#4074,#4075),.UNSPECIFIED.,.F.,
  .F.,(2,2),(0.,1.),.PIECEWISE_BEZIER_KNOTS.);
#4074 = CARTESIAN_POINT('',(-11.,-26.48,7.3));
#4075 = CARTESIAN_POINT('',(-11.,-26.48,3.1));
#4076 = ORIENTED_EDGE('',*,*,#4057,.T.);
#4077 = ORIENTED_EDGE('',*,*,#2093,.F.);
#4078 = ORIENTED_EDGE('',*,*,#4079,.F.);
#4079 = EDGE_CURVE('',#4071,#2062,#4080,.T.);
#4080 = B_SPLINE_CURVE_WITH_KNOTS('',1,(#4081,#4082),.UNSPECIFIED.,.F.,
  .F.,(2,2),(0.,0.465725240888),.PIECEWISE_BEZIER_KNOTS.);
#4081 = CARTESIAN_POINT('',(-11.,-26.48,3.1));
#4082 = CARTESIAN_POINT('',(-11.45,-26.6,3.1));
#4083 = B_SPLINE_SURFACE_WITH_KNOTS('',1,1,(
    (#4084,#4085)
    ,(#4086,#4087
    )),.UNSPECIFIED.,.F.,.F.,.F.,(2,2),(2,2),(0.,0.465725240888),(-4.2,
    0.),.PIECEWISE_BEZIER_KNOTS.);
#4084 = CARTESIAN_POINT('',(-11.,-26.48,7.3));
#4085 = CARTESIAN_POINT('',(-11.,-26.48,3.1));
#4086 = CARTESIAN_POINT('',(-11.45,-26.6,7.3));
#4087 = CARTESIAN_POINT('',(-11.45,-26.6,3.1));
#4088 = ADVANCED_FACE('',(#4089),#4105,.F.);
#4089 = FACE_BOUND('',#4090,.F.);
#4090 = EDGE_LOOP('',(#4091,#4098,#4099,#4100));
#4091 = ORIENTED_EDGE('',*,*,#4092,.F.);
#4092 = EDGE_CURVE('',#4071,#4093,#4095,.T.);
#4093 = VERTEX_POINT('',#4094);
#4094 = CARTESIAN_POINT('',(-11.,-26.599,2.8));
#4095 = B_SPLINE_CURVE_WITH_KNOTS('',1,(#4096,#4097),.UNSPECIFIED.,.F.,
  .F.,(2,2),(0.,1.),.PIECEWISE_BEZIER_KNOTS.);
#4096 = CARTESIAN_POINT('',(-11.,-26.48,3.1));
#4097 = CARTESIAN_POINT('',(-11.,-26.599,2.8));
#4098 = ORIENTED_EDGE('',*,*,#4079,.T.);
#4099 = ORIENTED_EDGE('',*,*,#2061,.T.);
#4100 = ORIENTED_EDGE('',*,*,#4101,.F.);
#4101 = EDGE_CURVE('',#4093,#2055,#4102,.T.);
#4102 = B_SPLINE_CURVE_WITH_KNOTS('',1,(#4103,#4104),.UNSPECIFIED.,.F.,
  .F.,(2,2),(0.,1.466827321616E-02),.PIECEWISE_BEZIER_KNOTS.);
#4103 = CARTESIAN_POINT('',(-11.,-26.599,2.8));
#4104 = CARTESIAN_POINT('',(-11.01463414634,-26.6,2.8));
#4105 = B_SPLINE_SURFACE_WITH_KNOTS('',1,1,(
    (#4106,#4107)
    ,(#4108,#4109
    )),.UNSPECIFIED.,.F.,.F.,.F.,(2,2),(2,2),(0.,0.62096698785),(0.,1.),
  .PIECEWISE_BEZIER_KNOTS.);
#4106 = CARTESIAN_POINT('',(-11.,-26.48,3.1));
#4107 = CARTESIAN_POINT('',(-11.,-26.599,2.8));
#4108 = CARTESIAN_POINT('',(-11.6,-26.64,3.1));
#4109 = CARTESIAN_POINT('',(-11.6,-26.64,2.8));
#4110 = ADVANCED_FACE('',(#4111),#4120,.F.);
#4111 = FACE_BOUND('',#4112,.F.);
#4112 = EDGE_LOOP('',(#4113,#4114,#4115));
#4113 = ORIENTED_EDGE('',*,*,#4101,.T.);
#4114 = ORIENTED_EDGE('',*,*,#2054,.F.);
#4115 = ORIENTED_EDGE('',*,*,#4116,.T.);
#4116 = EDGE_CURVE('',#2023,#4093,#4117,.T.);
#4117 = B_SPLINE_CURVE_WITH_KNOTS('',1,(#4118,#4119),.UNSPECIFIED.,.F.,
  .F.,(2,2),(0.586730928646,0.601399201862),.PIECEWISE_BEZIER_KNOTS.);
#4118 = CARTESIAN_POINT('',(-10.98536585365,-26.6,2.8));
#4119 = CARTESIAN_POINT('',(-11.,-26.599,2.8));
#4120 = B_SPLINE_SURFACE_WITH_KNOTS('',1,1,(
    (#4121,#4122)
    ,(#4123,#4124
    )),.UNSPECIFIED.,.F.,.F.,.F.,(2,2),(2,2),(0.585365853659,
    0.614634146341),(4.E-02,4.1E-02),.PIECEWISE_BEZIER_KNOTS.);
#4121 = CARTESIAN_POINT('',(-11.01463414634,-26.6,2.8));
#4122 = CARTESIAN_POINT('',(-11.01463414634,-26.599,2.8));
#4123 = CARTESIAN_POINT('',(-10.98536585365,-26.6,2.8));
#4124 = CARTESIAN_POINT('',(-10.98536585365,-26.599,2.8));
#4125 = ADVANCED_FACE('',(#4126),#4136,.F.);
#4126 = FACE_BOUND('',#4127,.F.);
#4127 = EDGE_LOOP('',(#4128,#4129,#4134,#4135));
#4128 = ORIENTED_EDGE('',*,*,#2022,.F.);
#4129 = ORIENTED_EDGE('',*,*,#4130,.T.);
#4130 = EDGE_CURVE('',#2016,#4071,#4131,.T.);
#4131 = B_SPLINE_CURVE_WITH_KNOTS('',1,(#4132,#4133),.UNSPECIFIED.,.F.,
  .F.,(2,2),(0.155241746963,0.62096698785),.PIECEWISE_BEZIER_KNOTS.);
#4132 = CARTESIAN_POINT('',(-10.55,-26.6,3.1));
#4133 = CARTESIAN_POINT('',(-11.,-26.48,3.1));
#4134 = ORIENTED_EDGE('',*,*,#4092,.T.);
#4135 = ORIENTED_EDGE('',*,*,#4116,.F.);
#4136 = B_SPLINE_SURFACE_WITH_KNOTS('',1,1,(
    (#4137,#4138)
    ,(#4139,#4140
    )),.UNSPECIFIED.,.F.,.F.,.F.,(2,2),(2,2),(0.,0.62096698785),(0.,1.),
  .PIECEWISE_BEZIER_KNOTS.);
#4137 = CARTESIAN_POINT('',(-10.4,-26.64,3.1));
#4138 = CARTESIAN_POINT('',(-10.4,-26.64,2.8));
#4139 = CARTESIAN_POINT('',(-11.,-26.48,3.1));
#4140 = CARTESIAN_POINT('',(-11.,-26.599,2.8));
#4141 = ADVANCED_FACE('',(#4142),#4152,.F.);
#4142 = FACE_BOUND('',#4143,.F.);
#4143 = EDGE_LOOP('',(#4144,#4145,#4150,#4151));
#4144 = ORIENTED_EDGE('',*,*,#2015,.F.);
#4145 = ORIENTED_EDGE('',*,*,#4146,.T.);
#4146 = EDGE_CURVE('',#1979,#4049,#4147,.T.);
#4147 = B_SPLINE_CURVE_WITH_KNOTS('',1,(#4148,#4149),.UNSPECIFIED.,.F.,
  .F.,(2,2),(0.155241746963,0.62096698785),.PIECEWISE_BEZIER_KNOTS.);
#4148 = CARTESIAN_POINT('',(-10.55,-26.6,7.3));
#4149 = CARTESIAN_POINT('',(-11.,-26.48,7.3));
#4150 = ORIENTED_EDGE('',*,*,#4070,.T.);
#4151 = ORIENTED_EDGE('',*,*,#4130,.F.);
#4152 = B_SPLINE_SURFACE_WITH_KNOTS('',1,1,(
    (#4153,#4154)
    ,(#4155,#4156
    )),.UNSPECIFIED.,.F.,.F.,.F.,(2,2),(2,2),(0.155241746963,
    0.62096698785),(-4.2,0.),.PIECEWISE_BEZIER_KNOTS.);
#4153 = CARTESIAN_POINT('',(-10.55,-26.6,7.3));
#4154 = CARTESIAN_POINT('',(-10.55,-26.6,3.1));
#4155 = CARTESIAN_POINT('',(-11.,-26.48,7.3));
#4156 = CARTESIAN_POINT('',(-11.,-26.48,3.1));
#4157 = ADVANCED_FACE('',(#4158),#4164,.F.);
#4158 = FACE_BOUND('',#4159,.F.);
#4159 = EDGE_LOOP('',(#4160,#4161,#4162,#4163));
#4160 = ORIENTED_EDGE('',*,*,#1978,.F.);
#4161 = ORIENTED_EDGE('',*,*,#4035,.T.);
#4162 = ORIENTED_EDGE('',*,*,#4048,.T.);
#4163 = ORIENTED_EDGE('',*,*,#4146,.F.);
#4164 = B_SPLINE_SURFACE_WITH_KNOTS('',1,1,(
    (#4165,#4166)
    ,(#4167,#4168
    )),.UNSPECIFIED.,.F.,.F.,.F.,(2,2),(2,2),(0.,0.62096698785),(0.,1.),
  .PIECEWISE_BEZIER_KNOTS.);
#4165 = CARTESIAN_POINT('',(-10.4,-26.64,7.6));
#4166 = CARTESIAN_POINT('',(-10.4,-26.64,7.3));
#4167 = CARTESIAN_POINT('',(-11.,-26.599,7.6));
#4168 = CARTESIAN_POINT('',(-11.,-26.48,7.3));
#4169 = ADVANCED_FACE('',(#4170),#4185,.T.);
#4170 = FACE_BOUND('',#4171,.T.);
#4171 = EDGE_LOOP('',(#4172,#4179,#4180));
#4172 = ORIENTED_EDGE('',*,*,#4173,.T.);
#4173 = EDGE_CURVE('',#4174,#2140,#4176,.T.);
#4174 = VERTEX_POINT('',#4175);
#4175 = CARTESIAN_POINT('',(11.,-26.599,7.6));
#4176 = B_SPLINE_CURVE_WITH_KNOTS('',1,(#4177,#4178),.UNSPECIFIED.,.F.,
  .F.,(2,2),(0.,1.466827321617E-02),.PIECEWISE_BEZIER_KNOTS.);
#4177 = CARTESIAN_POINT('',(11.,-26.599,7.6));
#4178 = CARTESIAN_POINT('',(10.985365853659,-26.6,7.6));
#4179 = ORIENTED_EDGE('',*,*,#2137,.F.);
#4180 = ORIENTED_EDGE('',*,*,#4181,.T.);
#4181 = EDGE_CURVE('',#2138,#4174,#4182,.T.);
#4182 = B_SPLINE_CURVE_WITH_KNOTS('',1,(#4183,#4184),.UNSPECIFIED.,.F.,
  .F.,(2,2),(0.586730928646,0.601399201862),.PIECEWISE_BEZIER_KNOTS.);
#4183 = CARTESIAN_POINT('',(11.014634146341,-26.6,7.6));
#4184 = CARTESIAN_POINT('',(11.,-26.599,7.6));
#4185 = B_SPLINE_SURFACE_WITH_KNOTS('',1,1,(
    (#4186,#4187)
    ,(#4188,#4189
    )),.UNSPECIFIED.,.F.,.F.,.F.,(2,2),(2,2),(0.585365853659,
    0.614634146341),(4.E-02,4.1E-02),.PIECEWISE_BEZIER_KNOTS.);
#4186 = CARTESIAN_POINT('',(10.985365853659,-26.6,7.6));
#4187 = CARTESIAN_POINT('',(10.985365853659,-26.599,7.6));
#4188 = CARTESIAN_POINT('',(11.014634146341,-26.6,7.6));
#4189 = CARTESIAN_POINT('',(11.014634146341,-26.599,7.6));
#4190 = ADVANCED_FACE('',(#4191),#4207,.F.);
#4191 = FACE_BOUND('',#4192,.F.);
#4192 = EDGE_LOOP('',(#4193,#4200,#4201,#4202));
#4193 = ORIENTED_EDGE('',*,*,#4194,.F.);
#4194 = EDGE_CURVE('',#4174,#4195,#4197,.T.);
#4195 = VERTEX_POINT('',#4196);
#4196 = CARTESIAN_POINT('',(11.,-26.48,7.3));
#4197 = B_SPLINE_CURVE_WITH_KNOTS('',1,(#4198,#4199),.UNSPECIFIED.,.F.,
  .F.,(2,2),(0.,1.),.PIECEWISE_BEZIER_KNOTS.);
#4198 = CARTESIAN_POINT('',(11.,-26.599,7.6));
#4199 = CARTESIAN_POINT('',(11.,-26.48,7.3));
#4200 = ORIENTED_EDGE('',*,*,#4173,.T.);
#4201 = ORIENTED_EDGE('',*,*,#2268,.T.);
#4202 = ORIENTED_EDGE('',*,*,#4203,.F.);
#4203 = EDGE_CURVE('',#4195,#2262,#4204,.T.);
#4204 = B_SPLINE_CURVE_WITH_KNOTS('',1,(#4205,#4206),.UNSPECIFIED.,.F.,
  .F.,(2,2),(0.,0.465725240888),.PIECEWISE_BEZIER_KNOTS.);
#4205 = CARTESIAN_POINT('',(11.,-26.48,7.3));
#4206 = CARTESIAN_POINT('',(10.55,-26.6,7.3));
#4207 = B_SPLINE_SURFACE_WITH_KNOTS('',1,1,(
    (#4208,#4209)
    ,(#4210,#4211
    )),.UNSPECIFIED.,.F.,.F.,.F.,(2,2),(2,2),(0.,0.62096698785),(0.,1.),
  .PIECEWISE_BEZIER_KNOTS.);
#4208 = CARTESIAN_POINT('',(11.,-26.599,7.6));
#4209 = CARTESIAN_POINT('',(11.,-26.48,7.3));
#4210 = CARTESIAN_POINT('',(10.4,-26.64,7.6));
#4211 = CARTESIAN_POINT('',(10.4,-26.64,7.3));
#4212 = ADVANCED_FACE('',(#4213),#4229,.F.);
#4213 = FACE_BOUND('',#4214,.F.);
#4214 = EDGE_LOOP('',(#4215,#4222,#4223,#4224));
#4215 = ORIENTED_EDGE('',*,*,#4216,.F.);
#4216 = EDGE_CURVE('',#4195,#4217,#4219,.T.);
#4217 = VERTEX_POINT('',#4218);
#4218 = CARTESIAN_POINT('',(11.,-26.48,3.1));
#4219 = B_SPLINE_CURVE_WITH_KNOTS('',1,(#4220,#4221),.UNSPECIFIED.,.F.,
  .F.,(2,2),(0.,1.),.PIECEWISE_BEZIER_KNOTS.);
#4220 = CARTESIAN_POINT('',(11.,-26.48,7.3));
#4221 = CARTESIAN_POINT('',(11.,-26.48,3.1));
#4222 = ORIENTED_EDGE('',*,*,#4203,.T.);
#4223 = ORIENTED_EDGE('',*,*,#2261,.F.);
#4224 = ORIENTED_EDGE('',*,*,#4225,.F.);
#4225 = EDGE_CURVE('',#4217,#2230,#4226,.T.);
#4226 = B_SPLINE_CURVE_WITH_KNOTS('',1,(#4227,#4228),.UNSPECIFIED.,.F.,
  .F.,(2,2),(0.,0.465725240888),.PIECEWISE_BEZIER_KNOTS.);
#4227 = CARTESIAN_POINT('',(11.,-26.48,3.1));
#4228 = CARTESIAN_POINT('',(10.55,-26.6,3.1));
#4229 = B_SPLINE_SURFACE_WITH_KNOTS('',1,1,(
    (#4230,#4231)
    ,(#4232,#4233
    )),.UNSPECIFIED.,.F.,.F.,.F.,(2,2),(2,2),(0.,0.465725240888),(-4.2,
    0.),.PIECEWISE_BEZIER_KNOTS.);
#4230 = CARTESIAN_POINT('',(11.,-26.48,7.3));
#4231 = CARTESIAN_POINT('',(11.,-26.48,3.1));
#4232 = CARTESIAN_POINT('',(10.55,-26.6,7.3));
#4233 = CARTESIAN_POINT('',(10.55,-26.6,3.1));
#4234 = ADVANCED_FACE('',(#4235),#4251,.F.);
#4235 = FACE_BOUND('',#4236,.F.);
#4236 = EDGE_LOOP('',(#4237,#4244,#4245,#4246));
#4237 = ORIENTED_EDGE('',*,*,#4238,.F.);
#4238 = EDGE_CURVE('',#4217,#4239,#4241,.T.);
#4239 = VERTEX_POINT('',#4240);
#4240 = CARTESIAN_POINT('',(11.,-26.599,2.8));
#4241 = B_SPLINE_CURVE_WITH_KNOTS('',1,(#4242,#4243),.UNSPECIFIED.,.F.,
  .F.,(2,2),(0.,1.),.PIECEWISE_BEZIER_KNOTS.);
#4242 = CARTESIAN_POINT('',(11.,-26.48,3.1));
#4243 = CARTESIAN_POINT('',(11.,-26.599,2.8));
#4244 = ORIENTED_EDGE('',*,*,#4225,.T.);
#4245 = ORIENTED_EDGE('',*,*,#2229,.T.);
#4246 = ORIENTED_EDGE('',*,*,#4247,.F.);
#4247 = EDGE_CURVE('',#4239,#2223,#4248,.T.);
#4248 = B_SPLINE_CURVE_WITH_KNOTS('',1,(#4249,#4250),.UNSPECIFIED.,.F.,
  .F.,(2,2),(0.,1.466827321617E-02),.PIECEWISE_BEZIER_KNOTS.);
#4249 = CARTESIAN_POINT('',(11.,-26.599,2.8));
#4250 = CARTESIAN_POINT('',(10.985365853659,-26.6,2.8));
#4251 = B_SPLINE_SURFACE_WITH_KNOTS('',1,1,(
    (#4252,#4253)
    ,(#4254,#4255
    )),.UNSPECIFIED.,.F.,.F.,.F.,(2,2),(2,2),(0.,0.62096698785),(0.,1.),
  .PIECEWISE_BEZIER_KNOTS.);
#4252 = CARTESIAN_POINT('',(11.,-26.48,3.1));
#4253 = CARTESIAN_POINT('',(11.,-26.599,2.8));
#4254 = CARTESIAN_POINT('',(10.4,-26.64,3.1));
#4255 = CARTESIAN_POINT('',(10.4,-26.64,2.8));
#4256 = ADVANCED_FACE('',(#4257),#4266,.F.);
#4257 = FACE_BOUND('',#4258,.F.);
#4258 = EDGE_LOOP('',(#4259,#4260,#4261));
#4259 = ORIENTED_EDGE('',*,*,#4247,.T.);
#4260 = ORIENTED_EDGE('',*,*,#2222,.F.);
#4261 = ORIENTED_EDGE('',*,*,#4262,.T.);
#4262 = EDGE_CURVE('',#2191,#4239,#4263,.T.);
#4263 = B_SPLINE_CURVE_WITH_KNOTS('',1,(#4264,#4265),.UNSPECIFIED.,.F.,
  .F.,(2,2),(0.586730928646,0.601399201862),.PIECEWISE_BEZIER_KNOTS.);
#4264 = CARTESIAN_POINT('',(11.014634146341,-26.6,2.8));
#4265 = CARTESIAN_POINT('',(11.,-26.599,2.8));
#4266 = B_SPLINE_SURFACE_WITH_KNOTS('',1,1,(
    (#4267,#4268)
    ,(#4269,#4270
    )),.UNSPECIFIED.,.F.,.F.,.F.,(2,2),(2,2),(0.585365853659,
    0.614634146341),(4.E-02,4.1E-02),.PIECEWISE_BEZIER_KNOTS.);
#4267 = CARTESIAN_POINT('',(10.985365853659,-26.6,2.8));
#4268 = CARTESIAN_POINT('',(10.985365853659,-26.599,2.8));
#4269 = CARTESIAN_POINT('',(11.014634146341,-26.6,2.8));
#4270 = CARTESIAN_POINT('',(11.014634146341,-26.599,2.8));
#4271 = ADVANCED_FACE('',(#4272),#4282,.F.);
#4272 = FACE_BOUND('',#4273,.F.);
#4273 = EDGE_LOOP('',(#4274,#4275,#4280,#4281));
#4274 = ORIENTED_EDGE('',*,*,#2190,.F.);
#4275 = ORIENTED_EDGE('',*,*,#4276,.T.);
#4276 = EDGE_CURVE('',#2184,#4217,#4277,.T.);
#4277 = B_SPLINE_CURVE_WITH_KNOTS('',1,(#4278,#4279),.UNSPECIFIED.,.F.,
  .F.,(2,2),(0.155241746963,0.62096698785),.PIECEWISE_BEZIER_KNOTS.);
#4278 = CARTESIAN_POINT('',(11.45,-26.6,3.1));
#4279 = CARTESIAN_POINT('',(11.,-26.48,3.1));
#4280 = ORIENTED_EDGE('',*,*,#4238,.T.);
#4281 = ORIENTED_EDGE('',*,*,#4262,.F.);
#4282 = B_SPLINE_SURFACE_WITH_KNOTS('',1,1,(
    (#4283,#4284)
    ,(#4285,#4286
    )),.UNSPECIFIED.,.F.,.F.,.F.,(2,2),(2,2),(0.,0.62096698785),(0.,1.),
  .PIECEWISE_BEZIER_KNOTS.);
#4283 = CARTESIAN_POINT('',(11.6,-26.64,3.1));
#4284 = CARTESIAN_POINT('',(11.6,-26.64,2.8));
#4285 = CARTESIAN_POINT('',(11.,-26.48,3.1));
#4286 = CARTESIAN_POINT('',(11.,-26.599,2.8));
#4287 = ADVANCED_FACE('',(#4288),#4298,.F.);
#4288 = FACE_BOUND('',#4289,.F.);
#4289 = EDGE_LOOP('',(#4290,#4291,#4296,#4297));
#4290 = ORIENTED_EDGE('',*,*,#2183,.F.);
#4291 = ORIENTED_EDGE('',*,*,#4292,.T.);
#4292 = EDGE_CURVE('',#2147,#4195,#4293,.T.);
#4293 = B_SPLINE_CURVE_WITH_KNOTS('',1,(#4294,#4295),.UNSPECIFIED.,.F.,
  .F.,(2,2),(0.155241746963,0.62096698785),.PIECEWISE_BEZIER_KNOTS.);
#4294 = CARTESIAN_POINT('',(11.45,-26.6,7.3));
#4295 = CARTESIAN_POINT('',(11.,-26.48,7.3));
#4296 = ORIENTED_EDGE('',*,*,#4216,.T.);
#4297 = ORIENTED_EDGE('',*,*,#4276,.F.);
#4298 = B_SPLINE_SURFACE_WITH_KNOTS('',1,1,(
    (#4299,#4300)
    ,(#4301,#4302
    )),.UNSPECIFIED.,.F.,.F.,.F.,(2,2),(2,2),(0.155241746963,
    0.62096698785),(-4.2,0.),.PIECEWISE_BEZIER_KNOTS.);
#4299 = CARTESIAN_POINT('',(11.45,-26.6,7.3));
#4300 = CARTESIAN_POINT('',(11.45,-26.6,3.1));
#4301 = CARTESIAN_POINT('',(11.,-26.48,7.3));
#4302 = CARTESIAN_POINT('',(11.,-26.48,3.1));
#4303 = ADVANCED_FACE('',(#4304),#4310,.F.);
#4304 = FACE_BOUND('',#4305,.F.);
#4305 = EDGE_LOOP('',(#4306,#4307,#4308,#4309));
#4306 = ORIENTED_EDGE('',*,*,#2146,.F.);
#4307 = ORIENTED_EDGE('',*,*,#4181,.T.);
#4308 = ORIENTED_EDGE('',*,*,#4194,.T.);
#4309 = ORIENTED_EDGE('',*,*,#4292,.F.);
#4310 = B_SPLINE_SURFACE_WITH_KNOTS('',1,1,(
    (#4311,#4312)
    ,(#4313,#4314
    )),.UNSPECIFIED.,.F.,.F.,.F.,(2,2),(2,2),(0.,0.62096698785),(0.,1.),
  .PIECEWISE_BEZIER_KNOTS.);
#4311 = CARTESIAN_POINT('',(11.6,-26.64,7.6));
#4312 = CARTESIAN_POINT('',(11.6,-26.64,7.3));
#4313 = CARTESIAN_POINT('',(11.,-26.599,7.6));
#4314 = CARTESIAN_POINT('',(11.,-26.48,7.3));
#4315 = ADVANCED_FACE('',(#4316),#4342,.T.);
#4316 = FACE_BOUND('',#4317,.T.);
#4317 = EDGE_LOOP('',(#4318,#4325,#4326,#4327,#4328,#4329,#4330,#4337));
#4318 = ORIENTED_EDGE('',*,*,#4319,.F.);
#4319 = EDGE_CURVE('',#2399,#4320,#4322,.T.);
#4320 = VERTEX_POINT('',#4321);
#4321 = CARTESIAN_POINT('',(27.65,-4.,1.8));
#4322 = B_SPLINE_CURVE_WITH_KNOTS('',1,(#4323,#4324),.UNSPECIFIED.,.F.,
  .F.,(2,2),(-0.432743362832,0.617256637168),.PIECEWISE_BEZIER_KNOTS.);
#4323 = CARTESIAN_POINT('',(26.6,-4.,1.8));
#4324 = CARTESIAN_POINT('',(27.65,-4.,1.8));
#4325 = ORIENTED_EDGE('',*,*,#2405,.F.);
#4326 = ORIENTED_EDGE('',*,*,#3258,.T.);
#4327 = ORIENTED_EDGE('',*,*,#3238,.T.);
#4328 = ORIENTED_EDGE('',*,*,#3213,.F.);
#4329 = ORIENTED_EDGE('',*,*,#2377,.F.);
#4330 = ORIENTED_EDGE('',*,*,#4331,.T.);
#4331 = EDGE_CURVE('',#2378,#4332,#4334,.T.);
#4332 = VERTEX_POINT('',#4333);
#4333 = CARTESIAN_POINT('',(27.65,4.,1.8));
#4334 = B_SPLINE_CURVE_WITH_KNOTS('',1,(#4335,#4336),.UNSPECIFIED.,.F.,
  .F.,(2,2),(5.E-02,1.1),.PIECEWISE_BEZIER_KNOTS.);
#4335 = CARTESIAN_POINT('',(26.6,4.,1.8));
#4336 = CARTESIAN_POINT('',(27.65,4.,1.8));
#4337 = ORIENTED_EDGE('',*,*,#4338,.F.);
#4338 = EDGE_CURVE('',#4320,#4332,#4339,.T.);
#4339 = B_SPLINE_CURVE_WITH_KNOTS('',1,(#4340,#4341),.UNSPECIFIED.,.F.,
  .F.,(2,2),(4.440892098501E-16,8.),.PIECEWISE_BEZIER_KNOTS.);
#4340 = CARTESIAN_POINT('',(27.65,-4.,1.8));
#4341 = CARTESIAN_POINT('',(27.65,4.,1.8));
#4342 = B_SPLINE_SURFACE_WITH_KNOTS('',1,1,(
    (#4343,#4344)
    ,(#4345,#4346
    )),.UNSPECIFIED.,.F.,.F.,.F.,(2,2),(2,2),(-0.384513274336,
    0.915486725664),(-4.6,4.6),.PIECEWISE_BEZIER_KNOTS.);
#4343 = CARTESIAN_POINT('',(27.9,4.6,1.8));
#4344 = CARTESIAN_POINT('',(27.9,-4.6,1.8));
#4345 = CARTESIAN_POINT('',(26.6,4.6,1.8));
#4346 = CARTESIAN_POINT('',(26.6,-4.6,1.8));
#4347 = ADVANCED_FACE('',(#4348),#4400,.T.);
#4348 = FACE_BOUND('',#4349,.T.);
#4349 = EDGE_LOOP('',(#4350,#4359,#4365,#4366,#4367,#4374,#4381,#4388,
    #4395));
#4350 = ORIENTED_EDGE('',*,*,#4351,.T.);
#4351 = EDGE_CURVE('',#4352,#4354,#4356,.T.);
#4352 = VERTEX_POINT('',#4353);
#4353 = CARTESIAN_POINT('',(27.4,4.,9.4));
#4354 = VERTEX_POINT('',#4355);
#4355 = CARTESIAN_POINT('',(27.4,4.,2.05));
#4356 = B_SPLINE_CURVE_WITH_KNOTS('',1,(#4357,#4358),.UNSPECIFIED.,.F.,
  .F.,(2,2),(0.,7.35),.PIECEWISE_BEZIER_KNOTS.);
#4357 = CARTESIAN_POINT('',(27.4,4.,9.4));
#4358 = CARTESIAN_POINT('',(27.4,4.,2.05));
#4359 = ORIENTED_EDGE('',*,*,#4360,.T.);
#4360 = EDGE_CURVE('',#4354,#4332,#4361,.T.);
#4361 = ( BOUNDED_CURVE() B_SPLINE_CURVE(2,(#4362,#4363,#4364),
.UNSPECIFIED.,.F.,.F.) B_SPLINE_CURVE_WITH_KNOTS((3,3),(3.14159265359,
4.712388980385),.PIECEWISE_BEZIER_KNOTS.) CURVE() 
GEOMETRIC_REPRESENTATION_ITEM() RATIONAL_B_SPLINE_CURVE((1.,
0.707106781187,1.)) REPRESENTATION_ITEM('') );
#4362 = CARTESIAN_POINT('',(27.4,4.,2.05));
#4363 = CARTESIAN_POINT('',(27.4,4.,1.8));
#4364 = CARTESIAN_POINT('',(27.65,4.,1.8));
#4365 = ORIENTED_EDGE('',*,*,#4331,.F.);
#4366 = ORIENTED_EDGE('',*,*,#2384,.T.);
#4367 = ORIENTED_EDGE('',*,*,#4368,.F.);
#4368 = EDGE_CURVE('',#4369,#2385,#4371,.T.);
#4369 = VERTEX_POINT('',#4370);
#4370 = CARTESIAN_POINT('',(26.2,4.,8.2));
#4371 = B_SPLINE_CURVE_WITH_KNOTS('',1,(#4372,#4373),.UNSPECIFIED.,.F.,
  .F.,(2,2),(0.,0.4),.PIECEWISE_BEZIER_KNOTS.);
#4372 = CARTESIAN_POINT('',(26.2,4.,8.2));
#4373 = CARTESIAN_POINT('',(26.6,4.,8.2));
#4374 = ORIENTED_EDGE('',*,*,#4375,.F.);
#4375 = EDGE_CURVE('',#4376,#4369,#4378,.T.);
#4376 = VERTEX_POINT('',#4377);
#4377 = CARTESIAN_POINT('',(26.2,4.,8.7));
#4378 = B_SPLINE_CURVE_WITH_KNOTS('',1,(#4379,#4380),.UNSPECIFIED.,.F.,
  .F.,(2,2),(0.,0.5),.PIECEWISE_BEZIER_KNOTS.);
#4379 = CARTESIAN_POINT('',(26.2,4.,8.7));
#4380 = CARTESIAN_POINT('',(26.2,4.,8.2));
#4381 = ORIENTED_EDGE('',*,*,#4382,.F.);
#4382 = EDGE_CURVE('',#4383,#4376,#4385,.T.);
#4383 = VERTEX_POINT('',#4384);
#4384 = CARTESIAN_POINT('',(26.6,4.,9.1));
#4385 = B_SPLINE_CURVE_WITH_KNOTS('',1,(#4386,#4387),.UNSPECIFIED.,.F.,
  .F.,(2,2),(0.,0.565685424949),.PIECEWISE_BEZIER_KNOTS.);
#4386 = CARTESIAN_POINT('',(26.6,4.,9.1));
#4387 = CARTESIAN_POINT('',(26.2,4.,8.7));
#4388 = ORIENTED_EDGE('',*,*,#4389,.T.);
#4389 = EDGE_CURVE('',#4383,#4390,#4392,.T.);
#4390 = VERTEX_POINT('',#4391);
#4391 = CARTESIAN_POINT('',(26.6,4.,9.4));
#4392 = B_SPLINE_CURVE_WITH_KNOTS('',1,(#4393,#4394),.UNSPECIFIED.,.F.,
  .F.,(2,2),(-0.775,-0.475),.PIECEWISE_BEZIER_KNOTS.);
#4393 = CARTESIAN_POINT('',(26.6,4.,9.1));
#4394 = CARTESIAN_POINT('',(26.6,4.,9.4));
#4395 = ORIENTED_EDGE('',*,*,#4396,.T.);
#4396 = EDGE_CURVE('',#4390,#4352,#4397,.T.);
#4397 = B_SPLINE_CURVE_WITH_KNOTS('',1,(#4398,#4399),.UNSPECIFIED.,.F.,
  .F.,(2,2),(5.E-02,0.85),.PIECEWISE_BEZIER_KNOTS.);
#4398 = CARTESIAN_POINT('',(26.6,4.,9.4));
#4399 = CARTESIAN_POINT('',(27.4,4.,9.4));
#4400 = B_SPLINE_SURFACE_WITH_KNOTS('',1,1,(
    (#4401,#4402)
    ,(#4403,#4404
    )),.UNSPECIFIED.,.F.,.F.,.F.,(2,2),(2,2),(-0.672315251178,
    0.777684748822),(-3.806586160272,3.793413839728),
  .PIECEWISE_BEZIER_KNOTS.);
#4401 = CARTESIAN_POINT('',(27.65,4.,1.8));
#4402 = CARTESIAN_POINT('',(27.65,4.,9.4));
#4403 = CARTESIAN_POINT('',(26.2,4.,1.8));
#4404 = CARTESIAN_POINT('',(26.2,4.,9.4));
#4405 = ADVANCED_FACE('',(#4406),#4458,.T.);
#4406 = FACE_BOUND('',#4407,.T.);
#4407 = EDGE_LOOP('',(#4408,#4417,#4424,#4431,#4438,#4445,#4450,#4451,
    #4452));
#4408 = ORIENTED_EDGE('',*,*,#4409,.F.);
#4409 = EDGE_CURVE('',#4410,#4412,#4414,.T.);
#4410 = VERTEX_POINT('',#4411);
#4411 = CARTESIAN_POINT('',(27.4,-4.,9.4));
#4412 = VERTEX_POINT('',#4413);
#4413 = CARTESIAN_POINT('',(27.4,-4.,2.05));
#4414 = B_SPLINE_CURVE_WITH_KNOTS('',1,(#4415,#4416),.UNSPECIFIED.,.F.,
  .F.,(2,2),(0.,7.35),.PIECEWISE_BEZIER_KNOTS.);
#4415 = CARTESIAN_POINT('',(27.4,-4.,9.4));
#4416 = CARTESIAN_POINT('',(27.4,-4.,2.05));
#4417 = ORIENTED_EDGE('',*,*,#4418,.F.);
#4418 = EDGE_CURVE('',#4419,#4410,#4421,.T.);
#4419 = VERTEX_POINT('',#4420);
#4420 = CARTESIAN_POINT('',(26.6,-4.,9.4));
#4421 = B_SPLINE_CURVE_WITH_KNOTS('',1,(#4422,#4423),.UNSPECIFIED.,.F.,
  .F.,(2,2),(5.E-02,0.85),.PIECEWISE_BEZIER_KNOTS.);
#4422 = CARTESIAN_POINT('',(26.6,-4.,9.4));
#4423 = CARTESIAN_POINT('',(27.4,-4.,9.4));
#4424 = ORIENTED_EDGE('',*,*,#4425,.F.);
#4425 = EDGE_CURVE('',#4426,#4419,#4428,.T.);
#4426 = VERTEX_POINT('',#4427);
#4427 = CARTESIAN_POINT('',(26.6,-4.,9.1));
#4428 = B_SPLINE_CURVE_WITH_KNOTS('',1,(#4429,#4430),.UNSPECIFIED.,.F.,
  .F.,(2,2),(-0.775,-0.475),.PIECEWISE_BEZIER_KNOTS.);
#4429 = CARTESIAN_POINT('',(26.6,-4.,9.1));
#4430 = CARTESIAN_POINT('',(26.6,-4.,9.4));
#4431 = ORIENTED_EDGE('',*,*,#4432,.T.);
#4432 = EDGE_CURVE('',#4426,#4433,#4435,.T.);
#4433 = VERTEX_POINT('',#4434);
#4434 = CARTESIAN_POINT('',(26.2,-4.,8.7));
#4435 = B_SPLINE_CURVE_WITH_KNOTS('',1,(#4436,#4437),.UNSPECIFIED.,.F.,
  .F.,(2,2),(0.,0.565685424949),.PIECEWISE_BEZIER_KNOTS.);
#4436 = CARTESIAN_POINT('',(26.6,-4.,9.1));
#4437 = CARTESIAN_POINT('',(26.2,-4.,8.7));
#4438 = ORIENTED_EDGE('',*,*,#4439,.T.);
#4439 = EDGE_CURVE('',#4433,#4440,#4442,.T.);
#4440 = VERTEX_POINT('',#4441);
#4441 = CARTESIAN_POINT('',(26.2,-4.,8.2));
#4442 = B_SPLINE_CURVE_WITH_KNOTS('',1,(#4443,#4444),.UNSPECIFIED.,.F.,
  .F.,(2,2),(0.,0.5),.PIECEWISE_BEZIER_KNOTS.);
#4443 = CARTESIAN_POINT('',(26.2,-4.,8.7));
#4444 = CARTESIAN_POINT('',(26.2,-4.,8.2));
#4445 = ORIENTED_EDGE('',*,*,#4446,.T.);
#4446 = EDGE_CURVE('',#4440,#2392,#4447,.T.);
#4447 = B_SPLINE_CURVE_WITH_KNOTS('',1,(#4448,#4449),.UNSPECIFIED.,.F.,
  .F.,(2,2),(0.,0.4),.PIECEWISE_BEZIER_KNOTS.);
#4448 = CARTESIAN_POINT('',(26.2,-4.,8.2));
#4449 = CARTESIAN_POINT('',(26.6,-4.,8.2));
#4450 = ORIENTED_EDGE('',*,*,#2398,.F.);
#4451 = ORIENTED_EDGE('',*,*,#4319,.T.);
#4452 = ORIENTED_EDGE('',*,*,#4453,.F.);
#4453 = EDGE_CURVE('',#4412,#4320,#4454,.T.);
#4454 = ( BOUNDED_CURVE() B_SPLINE_CURVE(2,(#4455,#4456,#4457),
.UNSPECIFIED.,.F.,.F.) B_SPLINE_CURVE_WITH_KNOTS((3,3),(3.14159265359,
4.712388980385),.PIECEWISE_BEZIER_KNOTS.) CURVE() 
GEOMETRIC_REPRESENTATION_ITEM() RATIONAL_B_SPLINE_CURVE((1.,
0.707106781187,1.)) REPRESENTATION_ITEM('') );
#4455 = CARTESIAN_POINT('',(27.4,-4.,2.05));
#4456 = CARTESIAN_POINT('',(27.4,-4.,1.8));
#4457 = CARTESIAN_POINT('',(27.65,-4.,1.8));
#4458 = B_SPLINE_SURFACE_WITH_KNOTS('',1,1,(
    (#4459,#4460)
    ,(#4461,#4462
    )),.UNSPECIFIED.,.F.,.F.,.F.,(2,2),(2,2),(-3.793413839728,
    3.806586160272),(-0.777684748822,0.672315251178),
  .PIECEWISE_BEZIER_KNOTS.);
#4459 = CARTESIAN_POINT('',(26.2,-4.,9.4));
#4460 = CARTESIAN_POINT('',(27.65,-4.,9.4));
#4461 = CARTESIAN_POINT('',(26.2,-4.,1.8));
#4462 = CARTESIAN_POINT('',(27.65,-4.,1.8));
#4463 = ADVANCED_FACE('',(#4464),#4474,.T.);
#4464 = FACE_BOUND('',#4465,.T.);
#4465 = EDGE_LOOP('',(#4466,#4471,#4472,#4473));
#4466 = ORIENTED_EDGE('',*,*,#4467,.T.);
#4467 = EDGE_CURVE('',#4440,#4369,#4468,.T.);
#4468 = B_SPLINE_CURVE_WITH_KNOTS('',1,(#4469,#4470),.UNSPECIFIED.,.F.,
  .F.,(2,2),(0.,8.),.PIECEWISE_BEZIER_KNOTS.);
#4469 = CARTESIAN_POINT('',(26.2,-4.,8.2));
#4470 = CARTESIAN_POINT('',(26.2,4.,8.2));
#4471 = ORIENTED_EDGE('',*,*,#4368,.T.);
#4472 = ORIENTED_EDGE('',*,*,#2391,.F.);
#4473 = ORIENTED_EDGE('',*,*,#4446,.F.);
#4474 = B_SPLINE_SURFACE_WITH_KNOTS('',1,1,(
    (#4475,#4476)
    ,(#4477,#4478
    )),.UNSPECIFIED.,.F.,.F.,.F.,(2,2),(2,2),(0.,0.4),(-8.,0.),
  .PIECEWISE_BEZIER_KNOTS.);
#4475 = CARTESIAN_POINT('',(26.2,4.,8.2));
#4476 = CARTESIAN_POINT('',(26.2,-4.,8.2));
#4477 = CARTESIAN_POINT('',(26.6,4.,8.2));
#4478 = CARTESIAN_POINT('',(26.6,-4.,8.2));
#4479 = ADVANCED_FACE('',(#4480),#4495,.T.);
#4480 = FACE_BOUND('',#4481,.T.);
#4481 = EDGE_LOOP('',(#4482,#4489,#4490));
#4482 = ORIENTED_EDGE('',*,*,#4483,.T.);
#4483 = EDGE_CURVE('',#4484,#2430,#4486,.T.);
#4484 = VERTEX_POINT('',#4485);
#4485 = CARTESIAN_POINT('',(26.599,-11.,7.6));
#4486 = B_SPLINE_CURVE_WITH_KNOTS('',1,(#4487,#4488),.UNSPECIFIED.,.F.,
  .F.,(2,2),(0.,1.466827321611E-02),.PIECEWISE_BEZIER_KNOTS.);
#4487 = CARTESIAN_POINT('',(26.599,-11.,7.6));
#4488 = CARTESIAN_POINT('',(26.6,-11.01463414634,7.6));
#4489 = ORIENTED_EDGE('',*,*,#2427,.F.);
#4490 = ORIENTED_EDGE('',*,*,#4491,.T.);
#4491 = EDGE_CURVE('',#2428,#4484,#4492,.T.);
#4492 = B_SPLINE_CURVE_WITH_KNOTS('',1,(#4493,#4494),.UNSPECIFIED.,.F.,
  .F.,(2,2),(0.586730928646,0.601399201862),.PIECEWISE_BEZIER_KNOTS.);
#4493 = CARTESIAN_POINT('',(26.6,-10.98536585365,7.6));
#4494 = CARTESIAN_POINT('',(26.599,-11.,7.6));
#4495 = B_SPLINE_SURFACE_WITH_KNOTS('',1,1,(
    (#4496,#4497)
    ,(#4498,#4499
    )),.UNSPECIFIED.,.F.,.F.,.F.,(2,2),(2,2),(0.585365853659,
    0.614634146341),(4.E-02,4.1E-02),.PIECEWISE_BEZIER_KNOTS.);
#4496 = CARTESIAN_POINT('',(26.6,-11.01463414634,7.6));
#4497 = CARTESIAN_POINT('',(26.599,-11.01463414634,7.6));
#4498 = CARTESIAN_POINT('',(26.6,-10.98536585365,7.6));
#4499 = CARTESIAN_POINT('',(26.599,-10.98536585365,7.6));
#4500 = ADVANCED_FACE('',(#4501),#4517,.F.);
#4501 = FACE_BOUND('',#4502,.F.);
#4502 = EDGE_LOOP('',(#4503,#4510,#4511,#4512));
#4503 = ORIENTED_EDGE('',*,*,#4504,.F.);
#4504 = EDGE_CURVE('',#4484,#4505,#4507,.T.);
#4505 = VERTEX_POINT('',#4506);
#4506 = CARTESIAN_POINT('',(26.48,-11.,7.3));
#4507 = B_SPLINE_CURVE_WITH_KNOTS('',1,(#4508,#4509),.UNSPECIFIED.,.F.,
  .F.,(2,2),(0.,1.),.PIECEWISE_BEZIER_KNOTS.);
#4508 = CARTESIAN_POINT('',(26.599,-11.,7.6));
#4509 = CARTESIAN_POINT('',(26.48,-11.,7.3));
#4510 = ORIENTED_EDGE('',*,*,#4483,.T.);
#4511 = ORIENTED_EDGE('',*,*,#2558,.T.);
#4512 = ORIENTED_EDGE('',*,*,#4513,.F.);
#4513 = EDGE_CURVE('',#4505,#2552,#4514,.T.);
#4514 = B_SPLINE_CURVE_WITH_KNOTS('',1,(#4515,#4516),.UNSPECIFIED.,.F.,
  .F.,(2,2),(0.,0.465725240888),.PIECEWISE_BEZIER_KNOTS.);
#4515 = CARTESIAN_POINT('',(26.48,-11.,7.3));
#4516 = CARTESIAN_POINT('',(26.6,-11.45,7.3));
#4517 = B_SPLINE_SURFACE_WITH_KNOTS('',1,1,(
    (#4518,#4519)
    ,(#4520,#4521
    )),.UNSPECIFIED.,.F.,.F.,.F.,(2,2),(2,2),(0.,0.62096698785),(0.,1.),
  .PIECEWISE_BEZIER_KNOTS.);
#4518 = CARTESIAN_POINT('',(26.599,-11.,7.6));
#4519 = CARTESIAN_POINT('',(26.48,-11.,7.3));
#4520 = CARTESIAN_POINT('',(26.64,-11.6,7.6));
#4521 = CARTESIAN_POINT('',(26.64,-11.6,7.3));
#4522 = ADVANCED_FACE('',(#4523),#4539,.F.);
#4523 = FACE_BOUND('',#4524,.F.);
#4524 = EDGE_LOOP('',(#4525,#4532,#4533,#4534));
#4525 = ORIENTED_EDGE('',*,*,#4526,.F.);
#4526 = EDGE_CURVE('',#4505,#4527,#4529,.T.);
#4527 = VERTEX_POINT('',#4528);
#4528 = CARTESIAN_POINT('',(26.48,-11.,3.1));
#4529 = B_SPLINE_CURVE_WITH_KNOTS('',1,(#4530,#4531),.UNSPECIFIED.,.F.,
  .F.,(2,2),(0.,1.),.PIECEWISE_BEZIER_KNOTS.);
#4530 = CARTESIAN_POINT('',(26.48,-11.,7.3));
#4531 = CARTESIAN_POINT('',(26.48,-11.,3.1));
#4532 = ORIENTED_EDGE('',*,*,#4513,.T.);
#4533 = ORIENTED_EDGE('',*,*,#2551,.F.);
#4534 = ORIENTED_EDGE('',*,*,#4535,.F.);
#4535 = EDGE_CURVE('',#4527,#2520,#4536,.T.);
#4536 = B_SPLINE_CURVE_WITH_KNOTS('',1,(#4537,#4538),.UNSPECIFIED.,.F.,
  .F.,(2,2),(0.,0.465725240888),.PIECEWISE_BEZIER_KNOTS.);
#4537 = CARTESIAN_POINT('',(26.48,-11.,3.1));
#4538 = CARTESIAN_POINT('',(26.6,-11.45,3.1));
#4539 = B_SPLINE_SURFACE_WITH_KNOTS('',1,1,(
    (#4540,#4541)
    ,(#4542,#4543
    )),.UNSPECIFIED.,.F.,.F.,.F.,(2,2),(2,2),(0.,0.465725240888),(-4.2,
    0.),.PIECEWISE_BEZIER_KNOTS.);
#4540 = CARTESIAN_POINT('',(26.48,-11.,7.3));
#4541 = CARTESIAN_POINT('',(26.48,-11.,3.1));
#4542 = CARTESIAN_POINT('',(26.6,-11.45,7.3));
#4543 = CARTESIAN_POINT('',(26.6,-11.45,3.1));
#4544 = ADVANCED_FACE('',(#4545),#4561,.F.);
#4545 = FACE_BOUND('',#4546,.F.);
#4546 = EDGE_LOOP('',(#4547,#4554,#4555,#4556));
#4547 = ORIENTED_EDGE('',*,*,#4548,.F.);
#4548 = EDGE_CURVE('',#4527,#4549,#4551,.T.);
#4549 = VERTEX_POINT('',#4550);
#4550 = CARTESIAN_POINT('',(26.599,-11.,2.8));
#4551 = B_SPLINE_CURVE_WITH_KNOTS('',1,(#4552,#4553),.UNSPECIFIED.,.F.,
  .F.,(2,2),(0.,1.),.PIECEWISE_BEZIER_KNOTS.);
#4552 = CARTESIAN_POINT('',(26.48,-11.,3.1));
#4553 = CARTESIAN_POINT('',(26.599,-11.,2.8));
#4554 = ORIENTED_EDGE('',*,*,#4535,.T.);
#4555 = ORIENTED_EDGE('',*,*,#2519,.T.);
#4556 = ORIENTED_EDGE('',*,*,#4557,.F.);
#4557 = EDGE_CURVE('',#4549,#2513,#4558,.T.);
#4558 = B_SPLINE_CURVE_WITH_KNOTS('',1,(#4559,#4560),.UNSPECIFIED.,.F.,
  .F.,(2,2),(0.,1.466827321611E-02),.PIECEWISE_BEZIER_KNOTS.);
#4559 = CARTESIAN_POINT('',(26.599,-11.,2.8));
#4560 = CARTESIAN_POINT('',(26.6,-11.01463414634,2.8));
#4561 = B_SPLINE_SURFACE_WITH_KNOTS('',1,1,(
    (#4562,#4563)
    ,(#4564,#4565
    )),.UNSPECIFIED.,.F.,.F.,.F.,(2,2),(2,2),(0.,0.62096698785),(0.,1.),
  .PIECEWISE_BEZIER_KNOTS.);
#4562 = CARTESIAN_POINT('',(26.48,-11.,3.1));
#4563 = CARTESIAN_POINT('',(26.599,-11.,2.8));
#4564 = CARTESIAN_POINT('',(26.64,-11.6,3.1));
#4565 = CARTESIAN_POINT('',(26.64,-11.6,2.8));
#4566 = ADVANCED_FACE('',(#4567),#4576,.F.);
#4567 = FACE_BOUND('',#4568,.F.);
#4568 = EDGE_LOOP('',(#4569,#4570,#4571));
#4569 = ORIENTED_EDGE('',*,*,#4557,.T.);
#4570 = ORIENTED_EDGE('',*,*,#2512,.F.);
#4571 = ORIENTED_EDGE('',*,*,#4572,.T.);
#4572 = EDGE_CURVE('',#2481,#4549,#4573,.T.);
#4573 = B_SPLINE_CURVE_WITH_KNOTS('',1,(#4574,#4575),.UNSPECIFIED.,.F.,
  .F.,(2,2),(0.586730928646,0.601399201862),.PIECEWISE_BEZIER_KNOTS.);
#4574 = CARTESIAN_POINT('',(26.6,-10.98536585365,2.8));
#4575 = CARTESIAN_POINT('',(26.599,-11.,2.8));
#4576 = B_SPLINE_SURFACE_WITH_KNOTS('',1,1,(
    (#4577,#4578)
    ,(#4579,#4580
    )),.UNSPECIFIED.,.F.,.F.,.F.,(2,2),(2,2),(0.585365853659,
    0.614634146341),(4.E-02,4.1E-02),.PIECEWISE_BEZIER_KNOTS.);
#4577 = CARTESIAN_POINT('',(26.6,-11.01463414634,2.8));
#4578 = CARTESIAN_POINT('',(26.599,-11.01463414634,2.8));
#4579 = CARTESIAN_POINT('',(26.6,-10.98536585365,2.8));
#4580 = CARTESIAN_POINT('',(26.599,-10.98536585365,2.8));
#4581 = ADVANCED_FACE('',(#4582),#4592,.F.);
#4582 = FACE_BOUND('',#4583,.F.);
#4583 = EDGE_LOOP('',(#4584,#4585,#4590,#4591));
#4584 = ORIENTED_EDGE('',*,*,#2480,.F.);
#4585 = ORIENTED_EDGE('',*,*,#4586,.T.);
#4586 = EDGE_CURVE('',#2474,#4527,#4587,.T.);
#4587 = B_SPLINE_CURVE_WITH_KNOTS('',1,(#4588,#4589),.UNSPECIFIED.,.F.,
  .F.,(2,2),(0.155241746963,0.62096698785),.PIECEWISE_BEZIER_KNOTS.);
#4588 = CARTESIAN_POINT('',(26.6,-10.55,3.1));
#4589 = CARTESIAN_POINT('',(26.48,-11.,3.1));
#4590 = ORIENTED_EDGE('',*,*,#4548,.T.);
#4591 = ORIENTED_EDGE('',*,*,#4572,.F.);
#4592 = B_SPLINE_SURFACE_WITH_KNOTS('',1,1,(
    (#4593,#4594)
    ,(#4595,#4596
    )),.UNSPECIFIED.,.F.,.F.,.F.,(2,2),(2,2),(0.,0.62096698785),(0.,1.),
  .PIECEWISE_BEZIER_KNOTS.);
#4593 = CARTESIAN_POINT('',(26.64,-10.4,3.1));
#4594 = CARTESIAN_POINT('',(26.64,-10.4,2.8));
#4595 = CARTESIAN_POINT('',(26.48,-11.,3.1));
#4596 = CARTESIAN_POINT('',(26.599,-11.,2.8));
#4597 = ADVANCED_FACE('',(#4598),#4608,.F.);
#4598 = FACE_BOUND('',#4599,.F.);
#4599 = EDGE_LOOP('',(#4600,#4601,#4606,#4607));
#4600 = ORIENTED_EDGE('',*,*,#2473,.F.);
#4601 = ORIENTED_EDGE('',*,*,#4602,.T.);
#4602 = EDGE_CURVE('',#2437,#4505,#4603,.T.);
#4603 = B_SPLINE_CURVE_WITH_KNOTS('',1,(#4604,#4605),.UNSPECIFIED.,.F.,
  .F.,(2,2),(0.155241746963,0.62096698785),.PIECEWISE_BEZIER_KNOTS.);
#4604 = CARTESIAN_POINT('',(26.6,-10.55,7.3));
#4605 = CARTESIAN_POINT('',(26.48,-11.,7.3));
#4606 = ORIENTED_EDGE('',*,*,#4526,.T.);
#4607 = ORIENTED_EDGE('',*,*,#4586,.F.);
#4608 = B_SPLINE_SURFACE_WITH_KNOTS('',1,1,(
    (#4609,#4610)
    ,(#4611,#4612
    )),.UNSPECIFIED.,.F.,.F.,.F.,(2,2),(2,2),(0.155241746963,
    0.62096698785),(-4.2,0.),.PIECEWISE_BEZIER_KNOTS.);
#4609 = CARTESIAN_POINT('',(26.6,-10.55,7.3));
#4610 = CARTESIAN_POINT('',(26.6,-10.55,3.1));
#4611 = CARTESIAN_POINT('',(26.48,-11.,7.3));
#4612 = CARTESIAN_POINT('',(26.48,-11.,3.1));
#4613 = ADVANCED_FACE('',(#4614),#4620,.F.);
#4614 = FACE_BOUND('',#4615,.F.);
#4615 = EDGE_LOOP('',(#4616,#4617,#4618,#4619));
#4616 = ORIENTED_EDGE('',*,*,#2436,.F.);
#4617 = ORIENTED_EDGE('',*,*,#4491,.T.);
#4618 = ORIENTED_EDGE('',*,*,#4504,.T.);
#4619 = ORIENTED_EDGE('',*,*,#4602,.F.);
#4620 = B_SPLINE_SURFACE_WITH_KNOTS('',1,1,(
    (#4621,#4622)
    ,(#4623,#4624
    )),.UNSPECIFIED.,.F.,.F.,.F.,(2,2),(2,2),(0.,0.62096698785),(0.,1.),
  .PIECEWISE_BEZIER_KNOTS.);
#4621 = CARTESIAN_POINT('',(26.64,-10.4,7.6));
#4622 = CARTESIAN_POINT('',(26.64,-10.4,7.3));
#4623 = CARTESIAN_POINT('',(26.599,-11.,7.6));
#4624 = CARTESIAN_POINT('',(26.48,-11.,7.3));
#4625 = ADVANCED_FACE('',(#4626),#4641,.T.);
#4626 = FACE_BOUND('',#4627,.T.);
#4627 = EDGE_LOOP('',(#4628,#4635,#4636));
#4628 = ORIENTED_EDGE('',*,*,#4629,.T.);
#4629 = EDGE_CURVE('',#4630,#2598,#4632,.T.);
#4630 = VERTEX_POINT('',#4631);
#4631 = CARTESIAN_POINT('',(26.599,11.,7.6));
#4632 = B_SPLINE_CURVE_WITH_KNOTS('',1,(#4633,#4634),.UNSPECIFIED.,.F.,
  .F.,(2,2),(0.,1.466827321621E-02),.PIECEWISE_BEZIER_KNOTS.);
#4633 = CARTESIAN_POINT('',(26.599,11.,7.6));
#4634 = CARTESIAN_POINT('',(26.6,10.985365853658,7.6));
#4635 = ORIENTED_EDGE('',*,*,#2595,.F.);
#4636 = ORIENTED_EDGE('',*,*,#4637,.T.);
#4637 = EDGE_CURVE('',#2596,#4630,#4638,.T.);
#4638 = B_SPLINE_CURVE_WITH_KNOTS('',1,(#4639,#4640),.UNSPECIFIED.,.F.,
  .F.,(2,2),(0.586730928646,0.601399201862),.PIECEWISE_BEZIER_KNOTS.);
#4639 = CARTESIAN_POINT('',(26.6,11.014634146342,7.6));
#4640 = CARTESIAN_POINT('',(26.599,11.,7.6));
#4641 = B_SPLINE_SURFACE_WITH_KNOTS('',1,1,(
    (#4642,#4643)
    ,(#4644,#4645
    )),.UNSPECIFIED.,.F.,.F.,.F.,(2,2),(2,2),(0.585365853658,
    0.614634146342),(4.E-02,4.1E-02),.PIECEWISE_BEZIER_KNOTS.);
#4642 = CARTESIAN_POINT('',(26.6,10.985365853658,7.6));
#4643 = CARTESIAN_POINT('',(26.599,10.985365853658,7.6));
#4644 = CARTESIAN_POINT('',(26.6,11.014634146342,7.6));
#4645 = CARTESIAN_POINT('',(26.599,11.014634146342,7.6));
#4646 = ADVANCED_FACE('',(#4647),#4663,.F.);
#4647 = FACE_BOUND('',#4648,.F.);
#4648 = EDGE_LOOP('',(#4649,#4656,#4657,#4658));
#4649 = ORIENTED_EDGE('',*,*,#4650,.F.);
#4650 = EDGE_CURVE('',#4630,#4651,#4653,.T.);
#4651 = VERTEX_POINT('',#4652);
#4652 = CARTESIAN_POINT('',(26.48,11.,7.3));
#4653 = B_SPLINE_CURVE_WITH_KNOTS('',1,(#4654,#4655),.UNSPECIFIED.,.F.,
  .F.,(2,2),(0.,1.),.PIECEWISE_BEZIER_KNOTS.);
#4654 = CARTESIAN_POINT('',(26.599,11.,7.6));
#4655 = CARTESIAN_POINT('',(26.48,11.,7.3));
#4656 = ORIENTED_EDGE('',*,*,#4629,.T.);
#4657 = ORIENTED_EDGE('',*,*,#2726,.T.);
#4658 = ORIENTED_EDGE('',*,*,#4659,.F.);
#4659 = EDGE_CURVE('',#4651,#2720,#4660,.T.);
#4660 = B_SPLINE_CURVE_WITH_KNOTS('',1,(#4661,#4662),.UNSPECIFIED.,.F.,
  .F.,(2,2),(0.,0.465725240888),.PIECEWISE_BEZIER_KNOTS.);
#4661 = CARTESIAN_POINT('',(26.48,11.,7.3));
#4662 = CARTESIAN_POINT('',(26.6,10.55,7.3));
#4663 = B_SPLINE_SURFACE_WITH_KNOTS('',1,1,(
    (#4664,#4665)
    ,(#4666,#4667
    )),.UNSPECIFIED.,.F.,.F.,.F.,(2,2),(2,2),(0.,0.62096698785),(0.,1.),
  .PIECEWISE_BEZIER_KNOTS.);
#4664 = CARTESIAN_POINT('',(26.599,11.,7.6));
#4665 = CARTESIAN_POINT('',(26.48,11.,7.3));
#4666 = CARTESIAN_POINT('',(26.64,10.4,7.6));
#4667 = CARTESIAN_POINT('',(26.64,10.4,7.3));
#4668 = ADVANCED_FACE('',(#4669),#4685,.F.);
#4669 = FACE_BOUND('',#4670,.F.);
#4670 = EDGE_LOOP('',(#4671,#4678,#4679,#4680));
#4671 = ORIENTED_EDGE('',*,*,#4672,.F.);
#4672 = EDGE_CURVE('',#4651,#4673,#4675,.T.);
#4673 = VERTEX_POINT('',#4674);
#4674 = CARTESIAN_POINT('',(26.48,11.,3.1));
#4675 = B_SPLINE_CURVE_WITH_KNOTS('',1,(#4676,#4677),.UNSPECIFIED.,.F.,
  .F.,(2,2),(0.,1.),.PIECEWISE_BEZIER_KNOTS.);
#4676 = CARTESIAN_POINT('',(26.48,11.,7.3));
#4677 = CARTESIAN_POINT('',(26.48,11.,3.1));
#4678 = ORIENTED_EDGE('',*,*,#4659,.T.);
#4679 = ORIENTED_EDGE('',*,*,#2719,.F.);
#4680 = ORIENTED_EDGE('',*,*,#4681,.F.);
#4681 = EDGE_CURVE('',#4673,#2688,#4682,.T.);
#4682 = B_SPLINE_CURVE_WITH_KNOTS('',1,(#4683,#4684),.UNSPECIFIED.,.F.,
  .F.,(2,2),(0.,0.465725240888),.PIECEWISE_BEZIER_KNOTS.);
#4683 = CARTESIAN_POINT('',(26.48,11.,3.1));
#4684 = CARTESIAN_POINT('',(26.6,10.55,3.1));
#4685 = B_SPLINE_SURFACE_WITH_KNOTS('',1,1,(
    (#4686,#4687)
    ,(#4688,#4689
    )),.UNSPECIFIED.,.F.,.F.,.F.,(2,2),(2,2),(0.,0.465725240888),(-4.2,
    0.),.PIECEWISE_BEZIER_KNOTS.);
#4686 = CARTESIAN_POINT('',(26.48,11.,7.3));
#4687 = CARTESIAN_POINT('',(26.48,11.,3.1));
#4688 = CARTESIAN_POINT('',(26.6,10.55,7.3));
#4689 = CARTESIAN_POINT('',(26.6,10.55,3.1));
#4690 = ADVANCED_FACE('',(#4691),#4707,.F.);
#4691 = FACE_BOUND('',#4692,.F.);
#4692 = EDGE_LOOP('',(#4693,#4700,#4701,#4702));
#4693 = ORIENTED_EDGE('',*,*,#4694,.F.);
#4694 = EDGE_CURVE('',#4673,#4695,#4697,.T.);
#4695 = VERTEX_POINT('',#4696);
#4696 = CARTESIAN_POINT('',(26.599,11.,2.8));
#4697 = B_SPLINE_CURVE_WITH_KNOTS('',1,(#4698,#4699),.UNSPECIFIED.,.F.,
  .F.,(2,2),(0.,1.),.PIECEWISE_BEZIER_KNOTS.);
#4698 = CARTESIAN_POINT('',(26.48,11.,3.1));
#4699 = CARTESIAN_POINT('',(26.599,11.,2.8));
#4700 = ORIENTED_EDGE('',*,*,#4681,.T.);
#4701 = ORIENTED_EDGE('',*,*,#2687,.T.);
#4702 = ORIENTED_EDGE('',*,*,#4703,.F.);
#4703 = EDGE_CURVE('',#4695,#2681,#4704,.T.);
#4704 = B_SPLINE_CURVE_WITH_KNOTS('',1,(#4705,#4706),.UNSPECIFIED.,.F.,
  .F.,(2,2),(0.,1.466827321621E-02),.PIECEWISE_BEZIER_KNOTS.);
#4705 = CARTESIAN_POINT('',(26.599,11.,2.8));
#4706 = CARTESIAN_POINT('',(26.6,10.985365853658,2.8));
#4707 = B_SPLINE_SURFACE_WITH_KNOTS('',1,1,(
    (#4708,#4709)
    ,(#4710,#4711
    )),.UNSPECIFIED.,.F.,.F.,.F.,(2,2),(2,2),(0.,0.62096698785),(0.,1.),
  .PIECEWISE_BEZIER_KNOTS.);
#4708 = CARTESIAN_POINT('',(26.48,11.,3.1));
#4709 = CARTESIAN_POINT('',(26.599,11.,2.8));
#4710 = CARTESIAN_POINT('',(26.64,10.4,3.1));
#4711 = CARTESIAN_POINT('',(26.64,10.4,2.8));
#4712 = ADVANCED_FACE('',(#4713),#4722,.F.);
#4713 = FACE_BOUND('',#4714,.F.);
#4714 = EDGE_LOOP('',(#4715,#4716,#4717));
#4715 = ORIENTED_EDGE('',*,*,#4703,.T.);
#4716 = ORIENTED_EDGE('',*,*,#2680,.F.);
#4717 = ORIENTED_EDGE('',*,*,#4718,.T.);
#4718 = EDGE_CURVE('',#2649,#4695,#4719,.T.);
#4719 = B_SPLINE_CURVE_WITH_KNOTS('',1,(#4720,#4721),.UNSPECIFIED.,.F.,
  .F.,(2,2),(0.586730928646,0.601399201862),.PIECEWISE_BEZIER_KNOTS.);
#4720 = CARTESIAN_POINT('',(26.6,11.014634146342,2.8));
#4721 = CARTESIAN_POINT('',(26.599,11.,2.8));
#4722 = B_SPLINE_SURFACE_WITH_KNOTS('',1,1,(
    (#4723,#4724)
    ,(#4725,#4726
    )),.UNSPECIFIED.,.F.,.F.,.F.,(2,2),(2,2),(0.585365853658,
    0.614634146342),(4.E-02,4.1E-02),.PIECEWISE_BEZIER_KNOTS.);
#4723 = CARTESIAN_POINT('',(26.6,10.985365853658,2.8));
#4724 = CARTESIAN_POINT('',(26.599,10.985365853658,2.8));
#4725 = CARTESIAN_POINT('',(26.6,11.014634146342,2.8));
#4726 = CARTESIAN_POINT('',(26.599,11.014634146342,2.8));
#4727 = ADVANCED_FACE('',(#4728),#4738,.F.);
#4728 = FACE_BOUND('',#4729,.F.);
#4729 = EDGE_LOOP('',(#4730,#4731,#4736,#4737));
#4730 = ORIENTED_EDGE('',*,*,#2648,.F.);
#4731 = ORIENTED_EDGE('',*,*,#4732,.T.);
#4732 = EDGE_CURVE('',#2642,#4673,#4733,.T.);
#4733 = B_SPLINE_CURVE_WITH_KNOTS('',1,(#4734,#4735),.UNSPECIFIED.,.F.,
  .F.,(2,2),(0.155241746963,0.62096698785),.PIECEWISE_BEZIER_KNOTS.);
#4734 = CARTESIAN_POINT('',(26.6,11.45,3.1));
#4735 = CARTESIAN_POINT('',(26.48,11.,3.1));
#4736 = ORIENTED_EDGE('',*,*,#4694,.T.);
#4737 = ORIENTED_EDGE('',*,*,#4718,.F.);
#4738 = B_SPLINE_SURFACE_WITH_KNOTS('',1,1,(
    (#4739,#4740)
    ,(#4741,#4742
    )),.UNSPECIFIED.,.F.,.F.,.F.,(2,2),(2,2),(0.,0.62096698785),(0.,1.),
  .PIECEWISE_BEZIER_KNOTS.);
#4739 = CARTESIAN_POINT('',(26.64,11.6,3.1));
#4740 = CARTESIAN_POINT('',(26.64,11.6,2.8));
#4741 = CARTESIAN_POINT('',(26.48,11.,3.1));
#4742 = CARTESIAN_POINT('',(26.599,11.,2.8));
#4743 = ADVANCED_FACE('',(#4744),#4754,.F.);
#4744 = FACE_BOUND('',#4745,.F.);
#4745 = EDGE_LOOP('',(#4746,#4747,#4752,#4753));
#4746 = ORIENTED_EDGE('',*,*,#2641,.F.);
#4747 = ORIENTED_EDGE('',*,*,#4748,.T.);
#4748 = EDGE_CURVE('',#2605,#4651,#4749,.T.);
#4749 = B_SPLINE_CURVE_WITH_KNOTS('',1,(#4750,#4751),.UNSPECIFIED.,.F.,
  .F.,(2,2),(0.155241746963,0.62096698785),.PIECEWISE_BEZIER_KNOTS.);
#4750 = CARTESIAN_POINT('',(26.6,11.45,7.3));
#4751 = CARTESIAN_POINT('',(26.48,11.,7.3));
#4752 = ORIENTED_EDGE('',*,*,#4672,.T.);
#4753 = ORIENTED_EDGE('',*,*,#4732,.F.);
#4754 = B_SPLINE_SURFACE_WITH_KNOTS('',1,1,(
    (#4755,#4756)
    ,(#4757,#4758
    )),.UNSPECIFIED.,.F.,.F.,.F.,(2,2),(2,2),(0.155241746963,
    0.62096698785),(-4.2,0.),.PIECEWISE_BEZIER_KNOTS.);
#4755 = CARTESIAN_POINT('',(26.6,11.45,7.3));
#4756 = CARTESIAN_POINT('',(26.6,11.45,3.1));
#4757 = CARTESIAN_POINT('',(26.48,11.,7.3));
#4758 = CARTESIAN_POINT('',(26.48,11.,3.1));
#4759 = ADVANCED_FACE('',(#4760),#4766,.F.);
#4760 = FACE_BOUND('',#4761,.F.);
#4761 = EDGE_LOOP('',(#4762,#4763,#4764,#4765));
#4762 = ORIENTED_EDGE('',*,*,#2604,.F.);
#4763 = ORIENTED_EDGE('',*,*,#4637,.T.);
#4764 = ORIENTED_EDGE('',*,*,#4650,.T.);
#4765 = ORIENTED_EDGE('',*,*,#4748,.F.);
#4766 = B_SPLINE_SURFACE_WITH_KNOTS('',1,1,(
    (#4767,#4768)
    ,(#4769,#4770
    )),.UNSPECIFIED.,.F.,.F.,.F.,(2,2),(2,2),(0.,0.62096698785),(0.,1.),
  .PIECEWISE_BEZIER_KNOTS.);
#4767 = CARTESIAN_POINT('',(26.64,11.6,7.6));
#4768 = CARTESIAN_POINT('',(26.64,11.6,7.3));
#4769 = CARTESIAN_POINT('',(26.599,11.,7.6));
#4770 = CARTESIAN_POINT('',(26.48,11.,7.3));
#4771 = ADVANCED_FACE('',(#4772,#4782),#4788,.T.);
#4772 = FACE_BOUND('',#4773,.T.);
#4773 = EDGE_LOOP('',(#4774,#4775,#4776,#4777,#4778,#4779,#4780,#4781));
#4774 = ORIENTED_EDGE('',*,*,#2893,.F.);
#4775 = ORIENTED_EDGE('',*,*,#2929,.T.);
#4776 = ORIENTED_EDGE('',*,*,#2973,.T.);
#4777 = ORIENTED_EDGE('',*,*,#3017,.F.);
#4778 = ORIENTED_EDGE('',*,*,#3065,.T.);
#4779 = ORIENTED_EDGE('',*,*,#3042,.T.);
#4780 = ORIENTED_EDGE('',*,*,#2995,.F.);
#4781 = ORIENTED_EDGE('',*,*,#2954,.F.);
#4782 = FACE_BOUND('',#4783,.T.);
#4783 = EDGE_LOOP('',(#4784,#4785,#4786,#4787));
#4784 = ORIENTED_EDGE('',*,*,#2784,.T.);
#4785 = ORIENTED_EDGE('',*,*,#2844,.T.);
#4786 = ORIENTED_EDGE('',*,*,#2828,.F.);
#4787 = ORIENTED_EDGE('',*,*,#2806,.F.);
#4788 = B_SPLINE_SURFACE_WITH_KNOTS('',1,1,(
    (#4789,#4790)
    ,(#4791,#4792
    )),.UNSPECIFIED.,.F.,.F.,.F.,(2,2),(2,2),(0.,58.),(0.,58.),
  .PIECEWISE_BEZIER_KNOTS.);
#4789 = CARTESIAN_POINT('',(-29.,29.,-1.7763568394E-15));
#4790 = CARTESIAN_POINT('',(-29.,-29.,-1.7763568394E-15));
#4791 = CARTESIAN_POINT('',(29.,29.,-1.7763568394E-15));
#4792 = CARTESIAN_POINT('',(29.,-29.,-1.7763568394E-15));
#4793 = ADVANCED_FACE('',(#4794),#4804,.T.);
#4794 = FACE_BOUND('',#4795,.T.);
#4795 = EDGE_LOOP('',(#4796,#4797,#4798,#4799));
#4796 = ORIENTED_EDGE('',*,*,#3483,.T.);
#4797 = ORIENTED_EDGE('',*,*,#3426,.T.);
#4798 = ORIENTED_EDGE('',*,*,#3528,.F.);
#4799 = ORIENTED_EDGE('',*,*,#4800,.F.);
#4800 = EDGE_CURVE('',#3442,#3522,#4801,.T.);
#4801 = B_SPLINE_CURVE_WITH_KNOTS('',1,(#4802,#4803),.UNSPECIFIED.,.F.,
  .F.,(2,2),(4.440892098501E-16,8.),.PIECEWISE_BEZIER_KNOTS.);
#4802 = CARTESIAN_POINT('',(4.,27.4,2.05));
#4803 = CARTESIAN_POINT('',(-4.,27.4,2.05));
#4804 = ( BOUNDED_SURFACE() B_SPLINE_SURFACE(2,1,(
    (#4805,#4806)
    ,(#4807,#4808)
    ,(#4809,#4810
)),.UNSPECIFIED.,.F.,.F.,.F.) B_SPLINE_SURFACE_WITH_KNOTS((3,3),(2,2),(
    0.,1.570796326795),(4.440892098501E-16,8.),
.PIECEWISE_BEZIER_KNOTS.) GEOMETRIC_REPRESENTATION_ITEM() 
RATIONAL_B_SPLINE_SURFACE((
    (1.,1.)
    ,(0.707106781187,0.707106781187)
,(1.,1.))) REPRESENTATION_ITEM('') SURFACE() );
#4805 = CARTESIAN_POINT('',(4.,27.4,2.05));
#4806 = CARTESIAN_POINT('',(-4.,27.4,2.05));
#4807 = CARTESIAN_POINT('',(4.,27.4,1.8));
#4808 = CARTESIAN_POINT('',(-4.,27.4,1.8));
#4809 = CARTESIAN_POINT('',(4.,27.65,1.8));
#4810 = CARTESIAN_POINT('',(-4.,27.65,1.8));
#4811 = ADVANCED_FACE('',(#4812),#4822,.T.);
#4812 = FACE_BOUND('',#4813,.T.);
#4813 = EDGE_LOOP('',(#4814,#4815,#4820,#4821));
#4814 = ORIENTED_EDGE('',*,*,#3519,.F.);
#4815 = ORIENTED_EDGE('',*,*,#4816,.F.);
#4816 = EDGE_CURVE('',#3440,#3520,#4817,.T.);
#4817 = B_SPLINE_CURVE_WITH_KNOTS('',1,(#4818,#4819),.UNSPECIFIED.,.F.,
  .F.,(2,2),(0.,8.),.PIECEWISE_BEZIER_KNOTS.);
#4818 = CARTESIAN_POINT('',(4.,27.4,9.4));
#4819 = CARTESIAN_POINT('',(-4.,27.4,9.4));
#4820 = ORIENTED_EDGE('',*,*,#3439,.T.);
#4821 = ORIENTED_EDGE('',*,*,#4800,.T.);
#4822 = B_SPLINE_SURFACE_WITH_KNOTS('',1,1,(
    (#4823,#4824)
    ,(#4825,#4826
    )),.UNSPECIFIED.,.F.,.F.,.F.,(2,2),(2,2),(0.,7.35),(0.,8.),
  .PIECEWISE_BEZIER_KNOTS.);
#4823 = CARTESIAN_POINT('',(4.,27.4,9.4));
#4824 = CARTESIAN_POINT('',(-4.,27.4,9.4));
#4825 = CARTESIAN_POINT('',(4.,27.4,2.05));
#4826 = CARTESIAN_POINT('',(-4.,27.4,2.05));
#4827 = ADVANCED_FACE('',(#4828),#4838,.F.);
#4828 = FACE_BOUND('',#4829,.F.);
#4829 = EDGE_LOOP('',(#4830,#4831,#4832,#4837));
#4830 = ORIENTED_EDGE('',*,*,#4816,.F.);
#4831 = ORIENTED_EDGE('',*,*,#3448,.F.);
#4832 = ORIENTED_EDGE('',*,*,#4833,.F.);
#4833 = EDGE_CURVE('',#3552,#3449,#4834,.T.);
#4834 = B_SPLINE_CURVE_WITH_KNOTS('',1,(#4835,#4836),.UNSPECIFIED.,.F.,
  .F.,(2,2),(7.3,15.3),.PIECEWISE_BEZIER_KNOTS.);
#4835 = CARTESIAN_POINT('',(-4.,26.6,9.4));
#4836 = CARTESIAN_POINT('',(4.,26.6,9.4));
#4837 = ORIENTED_EDGE('',*,*,#3558,.T.);
#4838 = B_SPLINE_SURFACE_WITH_KNOTS('',1,1,(
    (#4839,#4840)
    ,(#4841,#4842
    )),.UNSPECIFIED.,.F.,.F.,.F.,(2,2),(2,2),(0.,8.),(5.E-02,0.85),
  .PIECEWISE_BEZIER_KNOTS.);
#4839 = CARTESIAN_POINT('',(4.,26.6,9.4));
#4840 = CARTESIAN_POINT('',(4.,27.4,9.4));
#4841 = CARTESIAN_POINT('',(-4.,26.6,9.4));
#4842 = CARTESIAN_POINT('',(-4.,27.4,9.4));
#4843 = ADVANCED_FACE('',(#4844),#4854,.T.);
#4844 = FACE_BOUND('',#4845,.T.);
#4845 = EDGE_LOOP('',(#4846,#4851,#4852,#4853));
#4846 = ORIENTED_EDGE('',*,*,#4847,.F.);
#4847 = EDGE_CURVE('',#3456,#3545,#4848,.T.);
#4848 = B_SPLINE_CURVE_WITH_KNOTS('',1,(#4849,#4850),.UNSPECIFIED.,.F.,
  .F.,(2,2),(0.,8.),.PIECEWISE_BEZIER_KNOTS.);
#4849 = CARTESIAN_POINT('',(4.,26.6,9.1));
#4850 = CARTESIAN_POINT('',(-4.,26.6,9.1));
#4851 = ORIENTED_EDGE('',*,*,#3455,.F.);
#4852 = ORIENTED_EDGE('',*,*,#4833,.F.);
#4853 = ORIENTED_EDGE('',*,*,#3551,.T.);
#4854 = B_SPLINE_SURFACE_WITH_KNOTS('',1,1,(
    (#4855,#4856)
    ,(#4857,#4858
    )),.UNSPECIFIED.,.F.,.F.,.F.,(2,2),(2,2),(0.5,0.8),(22.6,30.6),
  .PIECEWISE_BEZIER_KNOTS.);
#4855 = CARTESIAN_POINT('',(-4.,26.6,9.4));
#4856 = CARTESIAN_POINT('',(4.,26.6,9.4));
#4857 = CARTESIAN_POINT('',(-4.,26.6,9.1));
#4858 = CARTESIAN_POINT('',(4.,26.6,9.1));
#4859 = ADVANCED_FACE('',(#4860),#4870,.T.);
#4860 = FACE_BOUND('',#4861,.T.);
#4861 = EDGE_LOOP('',(#4862,#4863,#4864,#4869));
#4862 = ORIENTED_EDGE('',*,*,#4847,.T.);
#4863 = ORIENTED_EDGE('',*,*,#3544,.T.);
#4864 = ORIENTED_EDGE('',*,*,#4865,.F.);
#4865 = EDGE_CURVE('',#3463,#3538,#4866,.T.);
#4866 = B_SPLINE_CURVE_WITH_KNOTS('',1,(#4867,#4868),.UNSPECIFIED.,.F.,
  .F.,(2,2),(0.,8.),.PIECEWISE_BEZIER_KNOTS.);
#4867 = CARTESIAN_POINT('',(4.,26.2,8.7));
#4868 = CARTESIAN_POINT('',(-4.,26.2,8.7));
#4869 = ORIENTED_EDGE('',*,*,#3462,.F.);
#4870 = B_SPLINE_SURFACE_WITH_KNOTS('',1,1,(
    (#4871,#4872)
    ,(#4873,#4874
    )),.UNSPECIFIED.,.F.,.F.,.F.,(2,2),(2,2),(0.,0.565685424949),(-8.,0.
    ),.PIECEWISE_BEZIER_KNOTS.);
#4871 = CARTESIAN_POINT('',(-4.,26.6,9.1));
#4872 = CARTESIAN_POINT('',(4.,26.6,9.1));
#4873 = CARTESIAN_POINT('',(-4.,26.2,8.7));
#4874 = CARTESIAN_POINT('',(4.,26.2,8.7));
#4875 = ADVANCED_FACE('',(#4876),#4882,.T.);
#4876 = FACE_BOUND('',#4877,.T.);
#4877 = EDGE_LOOP('',(#4878,#4879,#4880,#4881));
#4878 = ORIENTED_EDGE('',*,*,#4865,.T.);
#4879 = ORIENTED_EDGE('',*,*,#3537,.T.);
#4880 = ORIENTED_EDGE('',*,*,#3497,.F.);
#4881 = ORIENTED_EDGE('',*,*,#3469,.F.);
#4882 = B_SPLINE_SURFACE_WITH_KNOTS('',1,1,(
    (#4883,#4884)
    ,(#4885,#4886
    )),.UNSPECIFIED.,.F.,.F.,.F.,(2,2),(2,2),(0.,0.5),(-8.,0.),
  .PIECEWISE_BEZIER_KNOTS.);
#4883 = CARTESIAN_POINT('',(-4.,26.2,8.7));
#4884 = CARTESIAN_POINT('',(4.,26.2,8.7));
#4885 = CARTESIAN_POINT('',(-4.,26.2,8.2));
#4886 = CARTESIAN_POINT('',(4.,26.2,8.2));
#4887 = ADVANCED_FACE('',(#4888),#4898,.T.);
#4888 = FACE_BOUND('',#4889,.T.);
#4889 = EDGE_LOOP('',(#4890,#4891,#4892,#4893));
#4890 = ORIENTED_EDGE('',*,*,#4013,.T.);
#4891 = ORIENTED_EDGE('',*,*,#3882,.T.);
#4892 = ORIENTED_EDGE('',*,*,#3904,.F.);
#4893 = ORIENTED_EDGE('',*,*,#4894,.F.);
#4894 = EDGE_CURVE('',#3978,#3898,#4895,.T.);
#4895 = B_SPLINE_CURVE_WITH_KNOTS('',1,(#4896,#4897),.UNSPECIFIED.,.F.,
  .F.,(2,2),(4.440892098501E-16,8.),.PIECEWISE_BEZIER_KNOTS.);
#4896 = CARTESIAN_POINT('',(-4.,-27.4,2.05));
#4897 = CARTESIAN_POINT('',(4.,-27.4,2.05));
#4898 = ( BOUNDED_SURFACE() B_SPLINE_SURFACE(2,1,(
    (#4899,#4900)
    ,(#4901,#4902)
    ,(#4903,#4904
)),.UNSPECIFIED.,.F.,.F.,.F.) B_SPLINE_SURFACE_WITH_KNOTS((3,3),(2,2),(
    0.,1.570796326795),(4.440892098501E-16,8.),
.PIECEWISE_BEZIER_KNOTS.) GEOMETRIC_REPRESENTATION_ITEM() 
RATIONAL_B_SPLINE_SURFACE((
    (1.,1.)
    ,(0.707106781187,0.707106781187)
,(1.,1.))) REPRESENTATION_ITEM('') SURFACE() );
#4899 = CARTESIAN_POINT('',(-4.,-27.4,2.05));
#4900 = CARTESIAN_POINT('',(4.,-27.4,2.05));
#4901 = CARTESIAN_POINT('',(-4.,-27.4,1.8));
#4902 = CARTESIAN_POINT('',(4.,-27.4,1.8));
#4903 = CARTESIAN_POINT('',(-4.,-27.65,1.8));
#4904 = CARTESIAN_POINT('',(4.,-27.65,1.8));
#4905 = ADVANCED_FACE('',(#4906),#4916,.T.);
#4906 = FACE_BOUND('',#4907,.T.);
#4907 = EDGE_LOOP('',(#4908,#4909,#4914,#4915));
#4908 = ORIENTED_EDGE('',*,*,#3895,.F.);
#4909 = ORIENTED_EDGE('',*,*,#4910,.F.);
#4910 = EDGE_CURVE('',#3976,#3896,#4911,.T.);
#4911 = B_SPLINE_CURVE_WITH_KNOTS('',1,(#4912,#4913),.UNSPECIFIED.,.F.,
  .F.,(2,2),(0.,8.),.PIECEWISE_BEZIER_KNOTS.);
#4912 = CARTESIAN_POINT('',(-4.,-27.4,9.4));
#4913 = CARTESIAN_POINT('',(4.,-27.4,9.4));
#4914 = ORIENTED_EDGE('',*,*,#3975,.T.);
#4915 = ORIENTED_EDGE('',*,*,#4894,.T.);
#4916 = B_SPLINE_SURFACE_WITH_KNOTS('',1,1,(
    (#4917,#4918)
    ,(#4919,#4920
    )),.UNSPECIFIED.,.F.,.F.,.F.,(2,2),(2,2),(0.,7.35),(0.,8.),
  .PIECEWISE_BEZIER_KNOTS.);
#4917 = CARTESIAN_POINT('',(-4.,-27.4,9.4));
#4918 = CARTESIAN_POINT('',(4.,-27.4,9.4));
#4919 = CARTESIAN_POINT('',(-4.,-27.4,2.05));
#4920 = CARTESIAN_POINT('',(4.,-27.4,2.05));
#4921 = ADVANCED_FACE('',(#4922),#4932,.T.);
#4922 = FACE_BOUND('',#4923,.T.);
#4923 = EDGE_LOOP('',(#4924,#4929,#4930,#4931));
#4924 = ORIENTED_EDGE('',*,*,#4925,.T.);
#4925 = EDGE_CURVE('',#3999,#3920,#4926,.T.);
#4926 = B_SPLINE_CURVE_WITH_KNOTS('',1,(#4927,#4928),.UNSPECIFIED.,.F.,
  .F.,(2,2),(0.,8.),.PIECEWISE_BEZIER_KNOTS.);
#4927 = CARTESIAN_POINT('',(-4.,-26.2,8.7));
#4928 = CARTESIAN_POINT('',(4.,-26.2,8.7));
#4929 = ORIENTED_EDGE('',*,*,#3919,.T.);
#4930 = ORIENTED_EDGE('',*,*,#3953,.F.);
#4931 = ORIENTED_EDGE('',*,*,#4005,.F.);
#4932 = B_SPLINE_SURFACE_WITH_KNOTS('',1,1,(
    (#4933,#4934)
    ,(#4935,#4936
    )),.UNSPECIFIED.,.F.,.F.,.F.,(2,2),(2,2),(0.,0.5),(-8.,0.),
  .PIECEWISE_BEZIER_KNOTS.);
#4933 = CARTESIAN_POINT('',(4.,-26.2,8.7));
#4934 = CARTESIAN_POINT('',(-4.,-26.2,8.7));
#4935 = CARTESIAN_POINT('',(4.,-26.2,8.2));
#4936 = CARTESIAN_POINT('',(-4.,-26.2,8.2));
#4937 = ADVANCED_FACE('',(#4938),#4948,.T.);
#4938 = FACE_BOUND('',#4939,.T.);
#4939 = EDGE_LOOP('',(#4940,#4945,#4946,#4947));
#4940 = ORIENTED_EDGE('',*,*,#4941,.T.);
#4941 = EDGE_CURVE('',#3992,#3927,#4942,.T.);
#4942 = B_SPLINE_CURVE_WITH_KNOTS('',1,(#4943,#4944),.UNSPECIFIED.,.F.,
  .F.,(2,2),(0.,8.),.PIECEWISE_BEZIER_KNOTS.);
#4943 = CARTESIAN_POINT('',(-4.,-26.6,9.1));
#4944 = CARTESIAN_POINT('',(4.,-26.6,9.1));
#4945 = ORIENTED_EDGE('',*,*,#3926,.T.);
#4946 = ORIENTED_EDGE('',*,*,#4925,.F.);
#4947 = ORIENTED_EDGE('',*,*,#3998,.F.);
#4948 = B_SPLINE_SURFACE_WITH_KNOTS('',1,1,(
    (#4949,#4950)
    ,(#4951,#4952
    )),.UNSPECIFIED.,.F.,.F.,.F.,(2,2),(2,2),(0.,0.565685424949),(-8.,0.
    ),.PIECEWISE_BEZIER_KNOTS.);
#4949 = CARTESIAN_POINT('',(4.,-26.6,9.1));
#4950 = CARTESIAN_POINT('',(-4.,-26.6,9.1));
#4951 = CARTESIAN_POINT('',(4.,-26.2,8.7));
#4952 = CARTESIAN_POINT('',(-4.,-26.2,8.7));
#4953 = ADVANCED_FACE('',(#4954),#4964,.F.);
#4954 = FACE_BOUND('',#4955,.F.);
#4955 = EDGE_LOOP('',(#4956,#4957,#4958,#4963));
#4956 = ORIENTED_EDGE('',*,*,#4941,.T.);
#4957 = ORIENTED_EDGE('',*,*,#3933,.T.);
#4958 = ORIENTED_EDGE('',*,*,#4959,.F.);
#4959 = EDGE_CURVE('',#3985,#3934,#4960,.T.);
#4960 = B_SPLINE_CURVE_WITH_KNOTS('',1,(#4961,#4962),.UNSPECIFIED.,.F.,
  .F.,(2,2),(11.3,19.3),.PIECEWISE_BEZIER_KNOTS.);
#4961 = CARTESIAN_POINT('',(-4.,-26.6,9.4));
#4962 = CARTESIAN_POINT('',(4.,-26.6,9.4));
#4963 = ORIENTED_EDGE('',*,*,#3991,.F.);
#4964 = B_SPLINE_SURFACE_WITH_KNOTS('',1,1,(
    (#4965,#4966)
    ,(#4967,#4968
    )),.UNSPECIFIED.,.F.,.F.,.F.,(2,2),(2,2),(0.5,0.8),(22.6,30.6),
  .PIECEWISE_BEZIER_KNOTS.);
#4965 = CARTESIAN_POINT('',(-4.,-26.6,9.4));
#4966 = CARTESIAN_POINT('',(4.,-26.6,9.4));
#4967 = CARTESIAN_POINT('',(-4.,-26.6,9.1));
#4968 = CARTESIAN_POINT('',(4.,-26.6,9.1));
#4969 = ADVANCED_FACE('',(#4970),#4976,.F.);
#4970 = FACE_BOUND('',#4971,.F.);
#4971 = EDGE_LOOP('',(#4972,#4973,#4974,#4975));
#4972 = ORIENTED_EDGE('',*,*,#4910,.F.);
#4973 = ORIENTED_EDGE('',*,*,#3984,.F.);
#4974 = ORIENTED_EDGE('',*,*,#4959,.T.);
#4975 = ORIENTED_EDGE('',*,*,#3940,.T.);
#4976 = B_SPLINE_SURFACE_WITH_KNOTS('',1,1,(
    (#4977,#4978)
    ,(#4979,#4980
    )),.UNSPECIFIED.,.F.,.F.,.F.,(2,2),(2,2),(0.,8.),(5.E-02,0.85),
  .PIECEWISE_BEZIER_KNOTS.);
#4977 = CARTESIAN_POINT('',(-4.,-26.6,9.4));
#4978 = CARTESIAN_POINT('',(-4.,-27.4,9.4));
#4979 = CARTESIAN_POINT('',(4.,-26.6,9.4));
#4980 = CARTESIAN_POINT('',(4.,-27.4,9.4));
#4981 = ADVANCED_FACE('',(#4982),#4992,.T.);
#4982 = FACE_BOUND('',#4983,.T.);
#4983 = EDGE_LOOP('',(#4984,#4985,#4986,#4987));
#4984 = ORIENTED_EDGE('',*,*,#4453,.T.);
#4985 = ORIENTED_EDGE('',*,*,#4338,.T.);
#4986 = ORIENTED_EDGE('',*,*,#4360,.F.);
#4987 = ORIENTED_EDGE('',*,*,#4988,.F.);
#4988 = EDGE_CURVE('',#4412,#4354,#4989,.T.);
#4989 = B_SPLINE_CURVE_WITH_KNOTS('',1,(#4990,#4991),.UNSPECIFIED.,.F.,
  .F.,(2,2),(4.440892098501E-16,8.),.PIECEWISE_BEZIER_KNOTS.);
#4990 = CARTESIAN_POINT('',(27.4,-4.,2.05));
#4991 = CARTESIAN_POINT('',(27.4,4.,2.05));
#4992 = ( BOUNDED_SURFACE() B_SPLINE_SURFACE(2,1,(
    (#4993,#4994)
    ,(#4995,#4996)
    ,(#4997,#4998
)),.UNSPECIFIED.,.F.,.F.,.F.) B_SPLINE_SURFACE_WITH_KNOTS((3,3),(2,2),(
    0.,1.570796326795),(4.440892098501E-16,8.),
.PIECEWISE_BEZIER_KNOTS.) GEOMETRIC_REPRESENTATION_ITEM() 
RATIONAL_B_SPLINE_SURFACE((
    (1.,1.)
    ,(0.707106781187,0.707106781187)
,(1.,1.))) REPRESENTATION_ITEM('') SURFACE() );
#4993 = CARTESIAN_POINT('',(27.4,-4.,2.05));
#4994 = CARTESIAN_POINT('',(27.4,4.,2.05));
#4995 = CARTESIAN_POINT('',(27.4,-4.,1.8));
#4996 = CARTESIAN_POINT('',(27.4,4.,1.8));
#4997 = CARTESIAN_POINT('',(27.65,-4.,1.8));
#4998 = CARTESIAN_POINT('',(27.65,4.,1.8));
#4999 = ADVANCED_FACE('',(#5000),#5010,.T.);
#5000 = FACE_BOUND('',#5001,.T.);
#5001 = EDGE_LOOP('',(#5002,#5003,#5008,#5009));
#5002 = ORIENTED_EDGE('',*,*,#4351,.F.);
#5003 = ORIENTED_EDGE('',*,*,#5004,.F.);
#5004 = EDGE_CURVE('',#4410,#4352,#5005,.T.);
#5005 = B_SPLINE_CURVE_WITH_KNOTS('',1,(#5006,#5007),.UNSPECIFIED.,.F.,
  .F.,(2,2),(0.,8.),.PIECEWISE_BEZIER_KNOTS.);
#5006 = CARTESIAN_POINT('',(27.4,-4.,9.4));
#5007 = CARTESIAN_POINT('',(27.4,4.,9.4));
#5008 = ORIENTED_EDGE('',*,*,#4409,.T.);
#5009 = ORIENTED_EDGE('',*,*,#4988,.T.);
#5010 = B_SPLINE_SURFACE_WITH_KNOTS('',1,1,(
    (#5011,#5012)
    ,(#5013,#5014
    )),.UNSPECIFIED.,.F.,.F.,.F.,(2,2),(2,2),(0.,7.35),(0.,8.),
  .PIECEWISE_BEZIER_KNOTS.);
#5011 = CARTESIAN_POINT('',(27.4,-4.,9.4));
#5012 = CARTESIAN_POINT('',(27.4,4.,9.4));
#5013 = CARTESIAN_POINT('',(27.4,-4.,2.05));
#5014 = CARTESIAN_POINT('',(27.4,4.,2.05));
#5015 = ADVANCED_FACE('',(#5016),#5026,.T.);
#5016 = FACE_BOUND('',#5017,.T.);
#5017 = EDGE_LOOP('',(#5018,#5023,#5024,#5025));
#5018 = ORIENTED_EDGE('',*,*,#5019,.T.);
#5019 = EDGE_CURVE('',#4433,#4376,#5020,.T.);
#5020 = B_SPLINE_CURVE_WITH_KNOTS('',1,(#5021,#5022),.UNSPECIFIED.,.F.,
  .F.,(2,2),(0.,8.),.PIECEWISE_BEZIER_KNOTS.);
#5021 = CARTESIAN_POINT('',(26.2,-4.,8.7));
#5022 = CARTESIAN_POINT('',(26.2,4.,8.7));
#5023 = ORIENTED_EDGE('',*,*,#4375,.T.);
#5024 = ORIENTED_EDGE('',*,*,#4467,.F.);
#5025 = ORIENTED_EDGE('',*,*,#4439,.F.);
#5026 = B_SPLINE_SURFACE_WITH_KNOTS('',1,1,(
    (#5027,#5028)
    ,(#5029,#5030
    )),.UNSPECIFIED.,.F.,.F.,.F.,(2,2),(2,2),(0.,0.5),(-8.,0.),
  .PIECEWISE_BEZIER_KNOTS.);
#5027 = CARTESIAN_POINT('',(26.2,4.,8.7));
#5028 = CARTESIAN_POINT('',(26.2,-4.,8.7));
#5029 = CARTESIAN_POINT('',(26.2,4.,8.2));
#5030 = CARTESIAN_POINT('',(26.2,-4.,8.2));
#5031 = ADVANCED_FACE('',(#5032),#5042,.T.);
#5032 = FACE_BOUND('',#5033,.T.);
#5033 = EDGE_LOOP('',(#5034,#5039,#5040,#5041));
#5034 = ORIENTED_EDGE('',*,*,#5035,.T.);
#5035 = EDGE_CURVE('',#4426,#4383,#5036,.T.);
#5036 = B_SPLINE_CURVE_WITH_KNOTS('',1,(#5037,#5038),.UNSPECIFIED.,.F.,
  .F.,(2,2),(0.,8.),.PIECEWISE_BEZIER_KNOTS.);
#5037 = CARTESIAN_POINT('',(26.6,-4.,9.1));
#5038 = CARTESIAN_POINT('',(26.6,4.,9.1));
#5039 = ORIENTED_EDGE('',*,*,#4382,.T.);
#5040 = ORIENTED_EDGE('',*,*,#5019,.F.);
#5041 = ORIENTED_EDGE('',*,*,#4432,.F.);
#5042 = B_SPLINE_SURFACE_WITH_KNOTS('',1,1,(
    (#5043,#5044)
    ,(#5045,#5046
    )),.UNSPECIFIED.,.F.,.F.,.F.,(2,2),(2,2),(0.,0.565685424949),(-8.,0.
    ),.PIECEWISE_BEZIER_KNOTS.);
#5043 = CARTESIAN_POINT('',(26.6,4.,9.1));
#5044 = CARTESIAN_POINT('',(26.6,-4.,9.1));
#5045 = CARTESIAN_POINT('',(26.2,4.,8.7));
#5046 = CARTESIAN_POINT('',(26.2,-4.,8.7));
#5047 = ADVANCED_FACE('',(#5048),#5058,.F.);
#5048 = FACE_BOUND('',#5049,.F.);
#5049 = EDGE_LOOP('',(#5050,#5051,#5052,#5057));
#5050 = ORIENTED_EDGE('',*,*,#5035,.T.);
#5051 = ORIENTED_EDGE('',*,*,#4389,.T.);
#5052 = ORIENTED_EDGE('',*,*,#5053,.F.);
#5053 = EDGE_CURVE('',#4419,#4390,#5054,.T.);
#5054 = B_SPLINE_CURVE_WITH_KNOTS('',1,(#5055,#5056),.UNSPECIFIED.,.F.,
  .F.,(2,2),(-15.3,-7.3),.PIECEWISE_BEZIER_KNOTS.);
#5055 = CARTESIAN_POINT('',(26.6,-4.,9.4));
#5056 = CARTESIAN_POINT('',(26.6,4.,9.4));
#5057 = ORIENTED_EDGE('',*,*,#4425,.F.);
#5058 = B_SPLINE_SURFACE_WITH_KNOTS('',1,1,(
    (#5059,#5060)
    ,(#5061,#5062
    )),.UNSPECIFIED.,.F.,.F.,.F.,(2,2),(2,2),(0.5,0.8),(-30.6,-22.6),
  .PIECEWISE_BEZIER_KNOTS.);
#5059 = CARTESIAN_POINT('',(26.6,-4.,9.4));
#5060 = CARTESIAN_POINT('',(26.6,4.,9.4));
#5061 = CARTESIAN_POINT('',(26.6,-4.,9.1));
#5062 = CARTESIAN_POINT('',(26.6,4.,9.1));
#5063 = ADVANCED_FACE('',(#5064),#5070,.F.);
#5064 = FACE_BOUND('',#5065,.F.);
#5065 = EDGE_LOOP('',(#5066,#5067,#5068,#5069));
#5066 = ORIENTED_EDGE('',*,*,#5004,.F.);
#5067 = ORIENTED_EDGE('',*,*,#4418,.F.);
#5068 = ORIENTED_EDGE('',*,*,#5053,.T.);
#5069 = ORIENTED_EDGE('',*,*,#4396,.T.);
#5070 = B_SPLINE_SURFACE_WITH_KNOTS('',1,1,(
    (#5071,#5072)
    ,(#5073,#5074
    )),.UNSPECIFIED.,.F.,.F.,.F.,(2,2),(2,2),(0.,8.),(5.E-02,0.85),
  .PIECEWISE_BEZIER_KNOTS.);
#5071 = CARTESIAN_POINT('',(26.6,-4.,9.4));
#5072 = CARTESIAN_POINT('',(27.4,-4.,9.4));
#5073 = CARTESIAN_POINT('',(26.6,4.,9.4));
#5074 = CARTESIAN_POINT('',(27.4,4.,9.4));
#5075 = ( GEOMETRIC_REPRESENTATION_CONTEXT(3) 
GLOBAL_UNCERTAINTY_ASSIGNED_CONTEXT((#5079)) 
GLOBAL_UNIT_ASSIGNED_CONTEXT((#5076,#5077,#5078)) REPRESENTATION_CONTEXT
('Context #1','3D Context with UNIT and UNCERTAINTY') );
#5076 = ( LENGTH_UNIT() NAMED_UNIT(*) SI_UNIT(.MILLI.,.METRE.) );
#5077 = ( NAMED_UNIT(*) PLANE_ANGLE_UNIT() SI_UNIT($,.RADIAN.) );
#5078 = ( NAMED_UNIT(*) SI_UNIT($,.STERADIAN.) SOLID_ANGLE_UNIT() );
#5079 = UNCERTAINTY_MEASURE_WITH_UNIT(LENGTH_MEASURE(1.E-06),#5076,
  'distance_accuracy_value','confusion accuracy');
#5080 = PRODUCT_RELATED_PRODUCT_CATEGORY('part',$,(#7));
ENDSEC;
END-ISO-10303-21;
